"id","id_competition","competition_name","competition_official_name","competition_initial_date","competition_final_date","competition_url_image","competition_url_image_negative","id_edition","edition_year","id_phase","id_subphase","id_round","id_matchweek","id_match","period","id_edition_license_team","is_local","id_team","id_local_team","local_team_id_team_denomination","local_team_team_actual_name","local_team_team_actual_short_name","local_team_team_abbrev_name","id_visitor_team","visitor_team_id_team_denomination","visitor_team_team_actual_name","visitor_team_team_actual_short_name","visitor_team_team_abbrev_name","id_license","license_id","license_id_person","license_licenseStr","license_licenseStr15","license_licenseAbbrev","license_licenseNick","license_id_type","license_active","id_license_type","id_license_subtype","matches","pno","points","time_played","3pt_success","3pt_tried","3pt_percentage","2pt_success","2pt_tried","2pt_percentage","1pt_success","1pt_tried","1pt_percentage","defensive_rebound","offensive_rebound","total_rebound","asis","steals","turnovers","counter_attack","blocks","received_blocks","dunks","personal_fouls","received_fouls","val","starting","playing","differential","disqualified","...71"
2228375,3,"Supercopa","Supercopa Endesa",477108000,NA,"https://static.acb.com/img/14/39/3/27868634006.png","https://static.acb.com/img/1c/1a/3d/27940034120.png",91,2026,103,291,361,6050,105683,NA,94188,TRUE,4482,4482,3417,"Asisa Joventut","Asisa Joventut","JOV",4481,3420,"Barça","Barça","BAR",30000927,30000927,21100827,"Kwan Treill Cheatham Jr","Kwan Cheatham","K. Cheatham","Cheatham",202,FALSE,202,NA,1,"55",2,1034,0,0,0,1,3,33,0,0,0,5,0,5,2,0,0,0,0,0,1,3,0,4,0,0,9,0,NA
2228374,3,"Supercopa","Supercopa Endesa",477108000,NA,"https://static.acb.com/img/14/39/3/27868634006.png","https://static.acb.com/img/1c/1a/3d/27940034120.png",91,2026,103,291,361,6050,105683,NA,94189,TRUE,4482,4482,3417,"Asisa Joventut","Asisa Joventut","JOV",4481,3420,"Barça","Barça","BAR",20211947,20211947,20211947,"Nicolas  Laprovittola","Nico Laprovittola","N. Laprovittola","Laprovittola",202,FALSE,202,NA,1,"10",31,1341,9,13,69,1,3,33,2,2,100,1,1,2,7,0,3,3,0,1,0,4,2,28,0,0,28,0,NA
2228388,3,"Supercopa","Supercopa Endesa",477108000,NA,"https://static.acb.com/img/14/39/3/27868634006.png","https://static.acb.com/img/1c/1a/3d/27940034120.png",91,2026,103,291,361,6050,105683,NA,94183,TRUE,4482,4482,3417,"Asisa Joventut","Asisa Joventut","JOV",4481,3420,"Barça","Barça","BAR",30004053,30004053,21103564,"Isaac  Nogués Gonzalez","Isaac Nogués","I. Nogués","Nogués",202,FALSE,202,NA,1,"32",0,286,0,0,0,0,0,0,0,2,0,1,0,1,0,0,0,0,0,0,0,1,1,-1,0,0,-3,0,NA
2228392,3,"Supercopa","Supercopa Endesa",477108000,NA,"https://static.acb.com/img/14/39/3/27868634006.png","https://static.acb.com/img/1c/1a/3d/27940034120.png",91,2026,103,291,361,6050,105683,NA,NA,TRUE,4482,4482,3417,"Asisa Joventut","Asisa Joventut","JOV",4481,3420,"Barça","Barça","BAR",NA,NA,NA,NA,NA,NA,NA,NA,NA,NA,NA,0,NA,0,0,0,0,0,0,0,0,0,0,0,2,2,4,0,0,0,0,0,0,0,0,0,4,0,0,0,0,NA
2228391,3,"Supercopa","Supercopa Endesa",477108000,NA,"https://static.acb.com/img/14/39/3/27868634006.png","https://static.acb.com/img/1c/1a/3d/27940034120.png",91,2026,103,291,361,6050,105683,NA,94180,TRUE,4482,4482,3417,"Asisa Joventut","Asisa Joventut","JOV",4481,3420,"Barça","Barça","BAR",20210498,20210498,20210498,"Ludvig Erik Hakanson","Ludde Hakanson","L. Hakanson","Hakanson",202,FALSE,202,NA,1,"12",0,573,0,1,0,0,0,0,0,0,0,0,0,0,0,0,2,0,0,0,0,1,0,-4,0,1,-7,0,NA
2228387,3,"Supercopa","Supercopa Endesa",477108000,NA,"https://static.acb.com/img/14/39/3/27868634006.png","https://static.acb.com/img/1c/1a/3d/27940034120.png",91,2026,103,291,361,6050,105683,NA,94184,TRUE,4482,4482,3417,"Asisa Joventut","Asisa Joventut","JOV",4481,3420,"Barça","Barça","BAR",20204133,20204133,20204133,"Alejandro  Reyes Abad","Álex Reyes","A. Reyes","Reyes",202,FALSE,202,NA,1,"18",11,1478,3,5,60,1,1,100,0,0,0,3,1,4,1,1,0,0,1,0,1,4,0,12,1,1,16,0,NA
2228377,3,"Supercopa","Supercopa Endesa",477108000,NA,"https://static.acb.com/img/14/39/3/27868634006.png","https://static.acb.com/img/1c/1a/3d/27940034120.png",91,2026,103,291,361,6050,105683,NA,94331,FALSE,4481,4482,3417,"Asisa Joventut","Asisa Joventut","JOV",4481,3420,"Barça","Barça","BAR",30005356,30005356,21104833,"Joshua Okechukwu Nebo","Josh Nebo","J. Nebo","Nebo",202,FALSE,202,NA,1,"32",3,1444,0,0,0,1,3,33,1,2,50,1,1,2,1,0,3,2,0,0,1,2,2,0,1,1,-8,0,NA
2228376,3,"Supercopa","Supercopa Endesa",477108000,NA,"https://static.acb.com/img/14/39/3/27868634006.png","https://static.acb.com/img/1c/1a/3d/27940034120.png",91,2026,103,291,361,6050,105683,NA,94187,TRUE,4482,4482,3417,"Asisa Joventut","Asisa Joventut","JOV",4481,3420,"Barça","Barça","BAR",20212423,20212423,20212423,"Simon Fredrik Stefan Birgander","Simon Birgander","S. Birgander","Birgander",202,FALSE,202,NA,1,"35",2,852,0,0,0,1,1,100,0,0,0,4,0,4,0,0,2,0,0,0,0,3,1,2,0,0,-5,0,NA
2228389,3,"Supercopa","Supercopa Endesa",477108000,NA,"https://static.acb.com/img/14/39/3/27868634006.png","https://static.acb.com/img/1c/1a/3d/27940034120.png",91,2026,103,291,361,6050,105683,NA,94182,TRUE,4482,4482,3417,"Asisa Joventut","Asisa Joventut","JOV",4481,3420,"Barça","Barça","BAR",30001229,30001229,21101034,"Eli John Ndiaye Faye","Eli Ndiaye","E. Ndiaye","Ndiaye",202,FALSE,202,NA,1,"4",14,1366,2,3,66,3,5,60,2,2,100,2,1,3,2,0,0,0,1,0,0,2,4,19,1,1,5,0,NA
2228383,3,"Supercopa","Supercopa Endesa",477108000,NA,"https://static.acb.com/img/14/39/3/27868634006.png","https://static.acb.com/img/1c/1a/3d/27940034120.png",91,2026,103,291,361,6050,105683,NA,94323,FALSE,4481,4482,3417,"Asisa Joventut","Asisa Joventut","JOV",4481,3420,"Barça","Barça","BAR",20209919,20209919,20209919,"Darío  Brizuela Arrieta","Darío Brizuela","D. Brizuela","Brizuela",202,FALSE,202,NA,1,"8",6,740,1,4,25,0,1,0,3,4,75,0,1,1,1,0,0,0,1,0,0,2,2,4,0,1,-3,0,NA
2228385,3,"Supercopa","Supercopa Endesa",477108000,NA,"https://static.acb.com/img/14/39/3/27868634006.png","https://static.acb.com/img/1c/1a/3d/27940034120.png",91,2026,103,291,361,6050,105683,NA,94186,TRUE,4482,4482,3417,"Asisa Joventut","Asisa Joventut","JOV",4481,3420,"Barça","Barça","BAR",30005413,30005413,21104890,"Rejean Amor Ellis","Boogie Ellis","B. Ellis","Ellis",202,FALSE,202,NA,1,"3",8,1206,2,7,28,1,2,50,0,0,0,1,0,1,0,0,1,0,0,0,0,2,2,2,1,0,2,0,NA
2228380,3,"Supercopa","Supercopa Endesa",477108000,NA,"https://static.acb.com/img/14/39/3/27868634006.png","https://static.acb.com/img/1c/1a/3d/27940034120.png",91,2026,103,291,361,6050,105683,NA,94327,FALSE,4481,4482,3417,"Asisa Joventut","Asisa Joventut","JOV",4481,3420,"Barça","Barça","BAR",30005378,30005378,21104855,"Tyrese Jeffrey Martin","Tyrese Martin","T. Martin","Martin",202,FALSE,202,NA,1,"2",16,1436,3,7,42,2,5,40,3,3,100,4,1,5,0,1,0,3,0,1,0,1,2,15,0,1,-5,0,NA
2228379,3,"Supercopa","Supercopa Endesa",477108000,NA,"https://static.acb.com/img/14/39/3/27868634006.png","https://static.acb.com/img/1c/1a/3d/27940034120.png",91,2026,103,291,361,6050,105683,NA,94328,FALSE,4481,4482,3417,"Asisa Joventut","Asisa Joventut","JOV",4481,3420,"Barça","Barça","BAR",30003340,30003340,21102903,"Justin Maurice Robinson","Justin Robinson","J. Robinson","Robinson",202,FALSE,202,NA,1,"5",8,1550,0,3,0,4,7,57,0,0,0,1,0,1,3,2,2,4,0,1,0,2,2,5,1,1,-16,0,NA
2228373,3,"Supercopa","Supercopa Endesa",477108000,NA,"https://static.acb.com/img/14/39/3/27868634006.png","https://static.acb.com/img/1c/1a/3d/27940034120.png",91,2026,103,291,361,6050,105683,NA,94190,TRUE,4482,4482,3417,"Asisa Joventut","Asisa Joventut","JOV",4481,3420,"Barça","Barça","BAR",20210828,20210828,20210828,"Emir  Sulejmanovic","Emir Sulejmanovic","E. Sulejmanovic","Sulejmanovic",202,FALSE,202,NA,1,"19",19,1389,1,2,50,8,9,88,0,0,0,4,5,9,1,0,0,0,1,0,0,1,0,27,1,0,21,0,NA
2228378,3,"Supercopa","Supercopa Endesa",477108000,NA,"https://static.acb.com/img/14/39/3/27868634006.png","https://static.acb.com/img/1c/1a/3d/27940034120.png",91,2026,103,291,361,6050,105683,NA,94329,FALSE,4481,4482,3417,"Asisa Joventut","Asisa Joventut","JOV",4481,3420,"Barça","Barça","BAR",30005355,30005355,21104832,"Umoja Adeyemi Gibson","Umoja Gibson","U. Gibson","Gibson",202,FALSE,202,NA,1,"1",0,563,0,3,0,0,0,0,0,0,0,0,0,0,1,0,1,0,0,0,0,5,1,-7,0,0,-2,0,NA
2228369,3,"Supercopa","Supercopa Endesa",477108000,NA,"https://static.acb.com/img/14/39/3/27868634006.png","https://static.acb.com/img/1c/1a/3d/27940034120.png",91,2026,103,291,361,6050,105683,NA,94335,FALSE,4481,4482,3417,"Asisa Joventut","Asisa Joventut","JOV",4481,3420,"Barça","Barça","BAR",30005476,30005476,21104944,"Justin Alexander Minaya Albright","Justin Minaya","J. Minaya","Minaya",202,FALSE,202,NA,1,"24",0,190,0,0,0,0,0,0,0,0,0,0,0,0,0,1,0,0,0,0,0,0,0,1,0,0,-3,0,NA
2228386,3,"Supercopa","Supercopa Endesa",477108000,NA,"https://static.acb.com/img/14/39/3/27868634006.png","https://static.acb.com/img/1c/1a/3d/27940034120.png",91,2026,103,291,361,6050,105683,NA,94185,TRUE,4482,4482,3417,"Asisa Joventut","Asisa Joventut","JOV",4481,3420,"Barça","Barça","BAR",20201871,20201871,20201871,"Ricard  Rubio Vives","Ricky Rubio","R. Rubio","Rubio",202,FALSE,202,NA,1,"9",10,1620,0,2,0,3,5,60,4,5,80,2,0,2,8,1,5,0,0,0,0,3,6,14,1,0,2,0,NA
2228382,3,"Supercopa","Supercopa Endesa",477108000,NA,"https://static.acb.com/img/14/39/3/27868634006.png","https://static.acb.com/img/1c/1a/3d/27940034120.png",91,2026,103,291,361,6050,105683,NA,94324,FALSE,4481,4482,3417,"Asisa Joventut","Asisa Joventut","JOV",4481,3420,"Barça","Barça","BAR",30000093,30000093,21100092,"Juan  Núñez García","Juan Núñez","J. Núñez","Núñez",202,FALSE,202,NA,1,"17",0,287,0,0,0,0,2,0,0,0,0,2,0,2,2,0,1,0,0,0,0,0,0,1,0,0,4,0,NA
2228384,3,"Supercopa","Supercopa Endesa",477108000,NA,"https://static.acb.com/img/14/39/3/27868634006.png","https://static.acb.com/img/1c/1a/3d/27940034120.png",91,2026,103,291,361,6050,105683,NA,94322,FALSE,4481,4482,3417,"Asisa Joventut","Asisa Joventut","JOV",4481,3420,"Barça","Barça","BAR",20212243,20212243,20212243,"Aleksander Roman Balcerowski","Olek Balcerowski","O. Balcerowski","Balcerowski",202,FALSE,202,NA,1,"22",3,291,0,0,0,1,1,100,1,1,100,0,0,0,0,0,0,0,0,0,0,0,1,4,0,0,-4,0,NA
2228393,3,"Supercopa","Supercopa Endesa",477108000,NA,"https://static.acb.com/img/14/39/3/27868634006.png","https://static.acb.com/img/1c/1a/3d/27940034120.png",91,2026,103,291,361,6050,105683,NA,NA,FALSE,4481,4482,3417,"Asisa Joventut","Asisa Joventut","JOV",4481,3420,"Barça","Barça","BAR",NA,NA,NA,NA,NA,NA,NA,NA,NA,NA,NA,0,NA,0,0,0,0,0,0,0,0,0,0,0,0,2,2,0,0,0,0,0,0,0,0,0,2,0,0,0,0,NA
2228372,3,"Supercopa","Supercopa Endesa",477108000,NA,"https://static.acb.com/img/14/39/3/27868634006.png","https://static.acb.com/img/1c/1a/3d/27940034120.png",91,2026,103,291,361,6050,105683,NA,94197,TRUE,4482,4482,3417,"Asisa Joventut","Asisa Joventut","JOV",4481,3420,"Barça","Barça","BAR",30003447,30003447,21102999,"Adrian  Torres De la torre","Adrián Torres","A. Torres","Torres",202,FALSE,202,NA,1,"20",0,12,0,0,0,0,0,0,0,0,0,0,0,0,0,0,0,0,0,0,0,0,0,0,0,1,0,0,NA
2228371,3,"Supercopa","Supercopa Endesa",477108000,NA,"https://static.acb.com/img/14/39/3/27868634006.png","https://static.acb.com/img/1c/1a/3d/27940034120.png",91,2026,103,291,361,6050,105683,NA,94332,FALSE,4481,4482,3417,"Asisa Joventut","Asisa Joventut","JOV",4481,3420,"Barça","Barça","BAR",30005357,30005357,21104834,"Olivier Robinson Nkamhoua","Olivier Nkamhoua","O. Nkamhoua","Nkamhoua",202,FALSE,202,NA,1,"13",5,1054,0,1,0,2,2,100,1,4,25,2,1,3,0,1,0,2,0,0,0,0,4,9,0,0,-8,0,NA
2228368,3,"Supercopa","Supercopa Endesa",477108000,NA,"https://static.acb.com/img/14/39/3/27868634006.png","https://static.acb.com/img/1c/1a/3d/27940034120.png",91,2026,103,291,361,6050,105683,NA,94336,FALSE,4481,4482,3417,"Asisa Joventut","Asisa Joventut","JOV",4481,3420,"Barça","Barça","BAR",30005361,30005361,21104838,"Stanley Ayobami Umude","Stanley Umude","S. Umude","Umude",202,FALSE,202,NA,1,"3",2,1307,0,1,0,1,4,25,0,2,0,4,1,5,1,0,0,2,0,1,0,2,1,0,1,0,-5,0,NA
2228381,3,"Supercopa","Supercopa Endesa",477108000,NA,"https://static.acb.com/img/14/39/3/27868634006.png","https://static.acb.com/img/1c/1a/3d/27940034120.png",91,2026,103,291,361,6050,105683,NA,94325,FALSE,4481,4482,3417,"Asisa Joventut","Asisa Joventut","JOV",4481,3420,"Barça","Barça","BAR",20212265,20212265,20212265,"Joel  Parra i López","Joel Parra","J. Parra","Parra",202,FALSE,202,NA,1,"44",24,1565,4,6,66,5,5,100,2,4,50,2,0,2,3,1,0,0,0,0,0,2,3,27,1,1,-15,0,NA
2228390,3,"Supercopa","Supercopa Endesa",477108000,NA,"https://static.acb.com/img/14/39/3/27868634006.png","https://static.acb.com/img/1c/1a/3d/27940034120.png",91,2026,103,291,361,6050,105683,NA,94181,TRUE,4482,4482,3417,"Asisa Joventut","Asisa Joventut","JOV",4481,3420,"Barça","Barça","BAR",30000095,30000095,21100094,"Yannick Story Kraag","Yannick Kraag","Y. Kraag","Kraag",202,FALSE,202,NA,1,"1",4,843,0,0,0,2,2,100,0,0,0,1,0,1,0,0,0,0,0,0,0,0,0,5,0,1,2,0,NA
2228370,3,"Supercopa","Supercopa Endesa",477108000,NA,"https://static.acb.com/img/14/39/3/27868634006.png","https://static.acb.com/img/1c/1a/3d/27940034120.png",91,2026,103,291,361,6050,105683,NA,94334,FALSE,4481,4482,3417,"Asisa Joventut","Asisa Joventut","JOV",4481,3420,"Barça","Barça","BAR",30003361,30003361,21102914,"Kevin Xavier Punter","Kevin Punter","K. Punter","Punter",202,FALSE,202,NA,1,"0",20,1573,4,4,100,1,3,33,6,6,100,2,0,2,2,1,1,0,0,0,0,1,5,26,1,0,-5,0,NA
2228239,3,"Supercopa","Supercopa Endesa",477108000,NA,"https://static.acb.com/img/14/39/3/27868634006.png","https://static.acb.com/img/1c/1a/3d/27940034120.png",91,2026,103,292,352,6049,105682,NA,94362,TRUE,4483,4483,3419,"Valencia Basket","Valencia Basket","VBC",4481,3420,"Barça","Barça","BAR",30005406,30005406,21104883,"Armoni Daetrell Nikee Brooks","Armoni Brooks","A. Brooks","Brooks",202,FALSE,202,NA,1,"12",5,1198,1,7,14,0,2,0,2,2,100,4,0,4,2,3,2,0,0,0,0,4,2,2,0,1,5,0,NA
2228243,3,"Supercopa","Supercopa Endesa",477108000,NA,"https://static.acb.com/img/14/39/3/27868634006.png","https://static.acb.com/img/1c/1a/3d/27940034120.png",91,2026,103,292,352,6049,105682,NA,94357,TRUE,4483,4483,3419,"Valencia Basket","Valencia Basket","VBC",4481,3420,"Barça","Barça","BAR",30005335,30005335,21104810,"Álvaro  Cárdenas Torre","Álvaro Cárdenas","A. Cárdenas","Cárdenas",202,FALSE,202,NA,1,"7",0,690,0,1,0,0,2,0,0,0,0,0,0,0,2,1,1,0,0,0,0,1,1,-1,0,0,-5,0,NA
2228240,3,"Supercopa","Supercopa Endesa",477108000,NA,"https://static.acb.com/img/14/39/3/27868634006.png","https://static.acb.com/img/1c/1a/3d/27940034120.png",91,2026,103,292,352,6049,105682,NA,94361,TRUE,4483,4483,3419,"Valencia Basket","Valencia Basket","VBC",4481,3420,"Barça","Barça","BAR",20213230,20213230,20213230,"Yankuba  Sima Fatty","Yankuba Sima","Y. Sima","Sima",202,FALSE,202,NA,1,"77",4,676,0,0,0,2,2,100,0,0,0,0,2,2,0,0,0,0,1,0,0,2,0,5,0,0,-1,0,NA
2228233,3,"Supercopa","Supercopa Endesa",477108000,NA,"https://static.acb.com/img/14/39/3/27868634006.png","https://static.acb.com/img/1c/1a/3d/27940034120.png",91,2026,103,292,352,6049,105682,NA,94371,TRUE,4483,4483,3419,"Valencia Basket","Valencia Basket","VBC",4481,3420,"Barça","Barça","BAR",30005376,30005376,21104853,"Timoti Neokarte Shorts Vtori","TJ Shorts","TJ Shorts","Shorts",202,FALSE,202,NA,1,"0",17,1339,1,1,100,5,10,50,4,6,66,6,0,6,7,1,0,0,0,0,0,2,7,29,1,1,3,0,NA
2228232,3,"Supercopa","Supercopa Endesa",477108000,NA,"https://static.acb.com/img/14/39/3/27868634006.png","https://static.acb.com/img/1c/1a/3d/27940034120.png",91,2026,103,292,352,6049,105682,NA,94372,TRUE,4483,4483,3419,"Valencia Basket","Valencia Basket","VBC",4481,3420,"Barça","Barça","BAR",30005374,30005374,21104851,"Mouhamadou Gueye","Mo Gueye","M. Gueye","Gueye",202,FALSE,202,NA,1,"16",4,498,0,1,0,1,1,100,2,6,33,0,1,1,0,0,0,0,0,0,1,4,3,-1,0,0,0,0,NA
2228235,3,"Supercopa","Supercopa Endesa",477108000,NA,"https://static.acb.com/img/14/39/3/27868634006.png","https://static.acb.com/img/1c/1a/3d/27940034120.png",91,2026,103,292,352,6049,105682,NA,94366,TRUE,4483,4483,3419,"Valencia Basket","Valencia Basket","VBC",4481,3420,"Barça","Barça","BAR",30002724,30002724,21102352,"Nathan Donald Reuvers","Nate Reuvers","N. Reuvers","Reuvers",202,FALSE,202,NA,1,"3",15,1235,2,4,50,4,6,66,1,2,50,1,2,3,1,0,2,0,0,0,3,4,2,10,1,1,0,0,NA
2228247,3,"Supercopa","Supercopa Endesa",477108000,NA,"https://static.acb.com/img/14/39/3/27868634006.png","https://static.acb.com/img/1c/1a/3d/27940034120.png",91,2026,103,292,352,6049,105682,NA,94327,FALSE,4481,4483,3419,"Valencia Basket","Valencia Basket","VBC",4481,3420,"Barça","Barça","BAR",30005378,30005378,21104855,"Tyrese Jeffrey Martin","Tyrese Martin","T. Martin","Martin",202,FALSE,202,NA,1,"2",10,1458,2,5,40,1,5,20,2,2,100,8,3,11,0,0,0,0,0,0,0,2,1,13,0,1,0,0,NA
2228241,3,"Supercopa","Supercopa Endesa",477108000,NA,"https://static.acb.com/img/14/39/3/27868634006.png","https://static.acb.com/img/1c/1a/3d/27940034120.png",91,2026,103,292,352,6049,105682,NA,94360,TRUE,4483,4483,3419,"Valencia Basket","Valencia Basket","VBC",4481,3420,"Barça","Barça","BAR",20213210,20213210,20213210,"Mario  Saint-Supery Fernández","Mario Saint-Supery","M. Saint-Supery","Saint-Supery",202,FALSE,202,NA,1,"5",6,1088,0,3,0,2,4,50,2,2,100,1,1,2,4,1,0,2,0,0,1,1,3,10,1,0,-11,0,NA
2228238,3,"Supercopa","Supercopa Endesa",477108000,NA,"https://static.acb.com/img/14/39/3/27868634006.png","https://static.acb.com/img/1c/1a/3d/27940034120.png",91,2026,103,292,352,6049,105682,NA,94363,TRUE,4483,4483,3419,"Valencia Basket","Valencia Basket","VBC",4481,3420,"Barça","Barça","BAR",30001981,30001981,21101650,"Kameron Milton Allante Taylor","Kameron Taylor","K. Taylor","Taylor",202,FALSE,202,NA,1,"1",23,1497,2,6,33,3,4,75,11,12,91,2,0,2,1,4,2,5,1,0,0,1,5,27,1,1,9,0,NA
2228237,3,"Supercopa","Supercopa Endesa",477108000,NA,"https://static.acb.com/img/14/39/3/27868634006.png","https://static.acb.com/img/1c/1a/3d/27940034120.png",91,2026,103,292,352,6049,105682,NA,94364,TRUE,4483,4483,3419,"Valencia Basket","Valencia Basket","VBC",4481,3420,"Barça","Barça","BAR",30001331,30001331,21101116,"Gonzalo  Corbalán Gutierrez","Gonzalo Corbalán","G. Corbalán","Corbalán",202,FALSE,202,NA,1,"20",1,441,0,1,0,0,1,0,1,2,50,1,2,3,0,0,1,0,0,0,0,0,1,1,0,0,-5,0,NA
2228236,3,"Supercopa","Supercopa Endesa",477108000,NA,"https://static.acb.com/img/14/39/3/27868634006.png","https://static.acb.com/img/1c/1a/3d/27940034120.png",91,2026,103,292,352,6049,105682,NA,94365,TRUE,4483,4483,3419,"Valencia Basket","Valencia Basket","VBC",4481,3420,"Barça","Barça","BAR",30001979,30001979,21101648,"Dylan  Osetkowski","Dylan Osetkowski","D. Osetkowski","Osetkowski",202,FALSE,202,NA,1,"8",5,1596,1,6,16,1,1,100,0,0,0,3,1,4,0,1,1,3,0,0,0,4,1,1,1,1,2,0,NA
2228234,3,"Supercopa","Supercopa Endesa",477108000,NA,"https://static.acb.com/img/14/39/3/27868634006.png","https://static.acb.com/img/1c/1a/3d/27940034120.png",91,2026,103,292,352,6049,105682,NA,94370,TRUE,4483,4483,3419,"Valencia Basket","Valencia Basket","VBC",4481,3420,"Barça","Barça","BAR",30003991,30003991,21103510,"Omari Kamau Moore","Omari Moore","O. Moore","Moore",202,FALSE,202,NA,1,"10",0,780,0,3,0,0,2,0,0,0,0,4,1,5,2,0,0,0,0,1,0,1,0,0,0,0,0,0,NA
2228244,3,"Supercopa","Supercopa Endesa",477108000,NA,"https://static.acb.com/img/14/39/3/27868634006.png","https://static.acb.com/img/1c/1a/3d/27940034120.png",91,2026,103,292,352,6049,105682,NA,94331,FALSE,4481,4483,3419,"Valencia Basket","Valencia Basket","VBC",4481,3420,"Barça","Barça","BAR",30005356,30005356,21104833,"Joshua Okechukwu Nebo","Josh Nebo","J. Nebo","Nebo",202,FALSE,202,NA,1,"32",11,972,0,0,0,5,5,100,1,1,100,6,2,8,1,0,4,0,0,0,3,4,2,14,1,0,-2,1,NA
2228242,3,"Supercopa","Supercopa Endesa",477108000,NA,"https://static.acb.com/img/14/39/3/27868634006.png","https://static.acb.com/img/1c/1a/3d/27940034120.png",91,2026,103,292,352,6049,105682,NA,94359,TRUE,4483,4483,3419,"Valencia Basket","Valencia Basket","VBC",4481,3420,"Barça","Barça","BAR",20210392,20210392,20210392,"Josep  Puerto Guaita","Josep Puerto","J. Puerto","Puerto",202,FALSE,202,NA,1,"2",6,962,2,4,50,0,1,0,0,0,0,4,0,4,0,0,1,0,0,0,0,1,0,5,0,0,-2,0,NA
2228231,3,"Supercopa","Supercopa Endesa",477108000,NA,"https://static.acb.com/img/14/39/3/27868634006.png","https://static.acb.com/img/1c/1a/3d/27940034120.png",91,2026,103,292,352,6049,105682,NA,94332,FALSE,4481,4483,3419,"Valencia Basket","Valencia Basket","VBC",4481,3420,"Barça","Barça","BAR",30005357,30005357,21104834,"Olivier Robinson Nkamhoua","Olivier Nkamhoua","O. Nkamhoua","Nkamhoua",202,FALSE,202,NA,1,"13",10,1469,0,1,0,3,5,60,4,5,80,8,4,12,1,1,2,2,1,0,0,1,4,22,0,1,3,0,NA
2228246,3,"Supercopa","Supercopa Endesa",477108000,NA,"https://static.acb.com/img/14/39/3/27868634006.png","https://static.acb.com/img/1c/1a/3d/27940034120.png",91,2026,103,292,352,6049,105682,NA,94328,FALSE,4481,4483,3419,"Valencia Basket","Valencia Basket","VBC",4481,3420,"Barça","Barça","BAR",30003340,30003340,21102903,"Justin Maurice Robinson","Justin Robinson","J. Robinson","Robinson",202,FALSE,202,NA,1,"5",17,1196,3,4,75,3,7,42,2,2,100,0,1,1,0,0,2,0,0,0,0,4,3,10,1,1,8,0,NA
2228245,3,"Supercopa","Supercopa Endesa",477108000,NA,"https://static.acb.com/img/14/39/3/27868634006.png","https://static.acb.com/img/1c/1a/3d/27940034120.png",91,2026,103,292,352,6049,105682,NA,94329,FALSE,4481,4483,3419,"Valencia Basket","Valencia Basket","VBC",4481,3420,"Barça","Barça","BAR",30005355,30005355,21104832,"Umoja Adeyemi Gibson","Umoja Gibson","U. Gibson","Gibson",202,FALSE,202,NA,1,"1",2,1037,0,1,0,0,4,0,2,2,100,0,0,0,5,1,1,0,0,0,0,2,4,4,0,0,-4,0,NA
2228249,3,"Supercopa","Supercopa Endesa",477108000,NA,"https://static.acb.com/img/14/39/3/27868634006.png","https://static.acb.com/img/1c/1a/3d/27940034120.png",91,2026,103,292,352,6049,105682,NA,94324,FALSE,4481,4483,3419,"Valencia Basket","Valencia Basket","VBC",4481,3420,"Barça","Barça","BAR",30000093,30000093,21100092,"Juan  Núñez García","Juan Núñez","J. Núñez","Núñez",202,FALSE,202,NA,1,"17",0,167,0,0,0,0,0,0,0,0,0,0,0,0,0,0,1,0,0,0,0,0,1,0,0,0,-3,0,NA
2228229,3,"Supercopa","Supercopa Endesa",477108000,NA,"https://static.acb.com/img/14/39/3/27868634006.png","https://static.acb.com/img/1c/1a/3d/27940034120.png",91,2026,103,292,352,6049,105682,NA,94335,FALSE,4481,4483,3419,"Valencia Basket","Valencia Basket","VBC",4481,3420,"Barça","Barça","BAR",30005476,30005476,21104944,"Justin Alexander Minaya Albright","Justin Minaya","J. Minaya","Minaya",202,FALSE,202,NA,1,"24",5,232,0,0,0,2,2,100,1,1,100,0,2,2,1,0,0,0,0,0,0,1,2,9,0,0,3,0,NA
2228248,3,"Supercopa","Supercopa Endesa",477108000,NA,"https://static.acb.com/img/14/39/3/27868634006.png","https://static.acb.com/img/1c/1a/3d/27940034120.png",91,2026,103,292,352,6049,105682,NA,94325,FALSE,4481,4483,3419,"Valencia Basket","Valencia Basket","VBC",4481,3420,"Barça","Barça","BAR",20212265,20212265,20212265,"Joel  Parra i López","Joel Parra","J. Parra","Parra",202,FALSE,202,NA,1,"44",12,1313,1,4,25,4,9,44,1,2,50,2,1,3,2,0,0,0,0,1,0,1,2,8,1,1,0,0,NA
2228250,3,"Supercopa","Supercopa Endesa",477108000,NA,"https://static.acb.com/img/14/39/3/27868634006.png","https://static.acb.com/img/1c/1a/3d/27940034120.png",91,2026,103,292,352,6049,105682,NA,94323,FALSE,4481,4483,3419,"Valencia Basket","Valencia Basket","VBC",4481,3420,"Barça","Barça","BAR",20209919,20209919,20209919,"Darío  Brizuela Arrieta","Darío Brizuela","D. Brizuela","Brizuela",202,FALSE,202,NA,1,"8",6,1167,2,7,28,0,2,0,0,0,0,2,0,2,0,0,1,0,0,1,0,2,0,-3,0,0,3,0,NA
2228253,3,"Supercopa","Supercopa Endesa",477108000,NA,"https://static.acb.com/img/14/39/3/27868634006.png","https://static.acb.com/img/1c/1a/3d/27940034120.png",91,2026,103,292,352,6049,105682,NA,NA,FALSE,4481,4483,3419,"Valencia Basket","Valencia Basket","VBC",4481,3420,"Barça","Barça","BAR",NA,NA,NA,NA,NA,NA,NA,NA,NA,NA,NA,0,NA,0,0,0,0,0,0,0,0,0,0,0,4,1,5,0,0,1,0,0,0,0,0,0,4,0,0,0,0,NA
2228252,3,"Supercopa","Supercopa Endesa",477108000,NA,"https://static.acb.com/img/14/39/3/27868634006.png","https://static.acb.com/img/1c/1a/3d/27940034120.png",91,2026,103,292,352,6049,105682,NA,NA,TRUE,4483,4483,3419,"Valencia Basket","Valencia Basket","VBC",4481,3420,"Barça","Barça","BAR",NA,NA,NA,NA,NA,NA,NA,NA,NA,NA,NA,0,NA,0,0,0,0,0,0,0,0,0,0,0,1,0,1,0,1,1,0,0,0,0,0,0,1,0,0,0,0,NA
2228251,3,"Supercopa","Supercopa Endesa",477108000,NA,"https://static.acb.com/img/14/39/3/27868634006.png","https://static.acb.com/img/1c/1a/3d/27940034120.png",91,2026,103,292,352,6049,105682,NA,94322,FALSE,4481,4483,3419,"Valencia Basket","Valencia Basket","VBC",4481,3420,"Barça","Barça","BAR",20212243,20212243,20212243,"Aleksander Roman Balcerowski","Olek Balcerowski","O. Balcerowski","Balcerowski",202,FALSE,202,NA,1,"22",4,721,0,0,0,1,2,50,2,2,100,1,2,3,0,0,2,0,0,0,1,2,1,3,0,0,1,0,NA
2228230,3,"Supercopa","Supercopa Endesa",477108000,NA,"https://static.acb.com/img/14/39/3/27868634006.png","https://static.acb.com/img/1c/1a/3d/27940034120.png",91,2026,103,292,352,6049,105682,NA,94334,FALSE,4481,4483,3419,"Valencia Basket","Valencia Basket","VBC",4481,3420,"Barça","Barça","BAR",30003361,30003361,21102914,"Kevin Xavier Punter","Kevin Punter","K. Punter","Punter",202,FALSE,202,NA,1,"0",7,1208,1,2,50,0,1,0,4,5,80,2,0,2,2,1,7,0,0,0,0,2,3,3,1,1,1,0,NA
2228228,3,"Supercopa","Supercopa Endesa",477108000,NA,"https://static.acb.com/img/14/39/3/27868634006.png","https://static.acb.com/img/1c/1a/3d/27940034120.png",91,2026,103,292,352,6049,105682,NA,94336,FALSE,4481,4483,3419,"Valencia Basket","Valencia Basket","VBC",4481,3420,"Barça","Barça","BAR",30005361,30005361,21104838,"Stanley Ayobami Umude","Stanley Umude","S. Umude","Umude",202,FALSE,202,NA,1,"3",3,1060,1,2,50,0,2,0,0,0,0,2,0,2,1,0,0,0,0,0,0,4,1,0,1,0,-5,0,NA
2228057,3,"Supercopa","Supercopa Endesa",477108000,NA,"https://static.acb.com/img/14/39/3/27868634006.png","https://static.acb.com/img/1c/1a/3d/27940034120.png",91,2026,103,292,351,6049,105681,NA,94297,FALSE,4484,4482,3417,"Asisa Joventut","Asisa Joventut","JOV",4484,3418,"Kosner Baskonia","Kosner Baskonia","BKN",20210830,20210830,20210830,"Tadas Sedekerskis","Tadas Sedekerskis","T. Sedekerskis","Sedekerskis",202,FALSE,202,NA,1,"8",6,1035,0,0,0,3,5,60,0,1,0,3,2,5,4,0,0,2,0,0,0,1,2,13,1,0,5,0,NA
2228052,3,"Supercopa","Supercopa Endesa",477108000,NA,"https://static.acb.com/img/14/39/3/27868634006.png","https://static.acb.com/img/1c/1a/3d/27940034120.png",91,2026,103,292,351,6049,105681,NA,94180,TRUE,4482,4482,3417,"Asisa Joventut","Asisa Joventut","JOV",4484,3418,"Kosner Baskonia","Kosner Baskonia","BKN",20210498,20210498,20210498,"Ludvig Erik Hakanson","Ludde Hakanson","L. Hakanson","Hakanson",202,FALSE,202,NA,1,"12",2,972,0,3,0,1,2,50,0,0,0,0,0,0,1,0,0,2,0,0,0,1,0,-2,0,0,6,0,NA
2228049,3,"Supercopa","Supercopa Endesa",477108000,NA,"https://static.acb.com/img/14/39/3/27868634006.png","https://static.acb.com/img/1c/1a/3d/27940034120.png",91,2026,103,292,351,6049,105681,NA,94183,TRUE,4482,4482,3417,"Asisa Joventut","Asisa Joventut","JOV",4484,3418,"Kosner Baskonia","Kosner Baskonia","BKN",30004053,30004053,21103564,"Isaac  Nogués Gonzalez","Isaac Nogués","I. Nogués","Nogués",202,FALSE,202,NA,1,"32",0,462,0,0,0,0,0,0,0,0,0,2,0,2,1,0,1,0,0,0,0,1,0,1,0,1,7,0,NA
2228061,3,"Supercopa","Supercopa Endesa",477108000,NA,"https://static.acb.com/img/14/39/3/27868634006.png","https://static.acb.com/img/1c/1a/3d/27940034120.png",91,2026,103,292,351,6049,105681,NA,NA,FALSE,4484,4482,3417,"Asisa Joventut","Asisa Joventut","JOV",4484,3418,"Kosner Baskonia","Kosner Baskonia","BKN",NA,NA,NA,NA,NA,NA,NA,NA,NA,NA,NA,0,NA,0,0,0,0,0,0,0,0,0,0,0,2,2,4,0,0,1,0,0,0,0,0,0,3,0,0,0,0,NA
2228047,3,"Supercopa","Supercopa Endesa",477108000,NA,"https://static.acb.com/img/14/39/3/27868634006.png","https://static.acb.com/img/1c/1a/3d/27940034120.png",91,2026,103,292,351,6049,105681,NA,94185,TRUE,4482,4482,3417,"Asisa Joventut","Asisa Joventut","JOV",4484,3418,"Kosner Baskonia","Kosner Baskonia","BKN",20201871,20201871,20201871,"Ricard  Rubio Vives","Ricky Rubio","R. Rubio","Rubio",202,FALSE,202,NA,1,"9",13,1311,0,3,0,4,6,66,5,7,71,6,0,6,3,0,4,0,0,0,0,3,6,14,1,1,4,0,NA
2228046,3,"Supercopa","Supercopa Endesa",477108000,NA,"https://static.acb.com/img/14/39/3/27868634006.png","https://static.acb.com/img/1c/1a/3d/27940034120.png",91,2026,103,292,351,6049,105681,NA,94186,TRUE,4482,4482,3417,"Asisa Joventut","Asisa Joventut","JOV",4484,3418,"Kosner Baskonia","Kosner Baskonia","BKN",30005413,30005413,21104890,"Rejean Amor Ellis","Boogie Ellis","B. Ellis","Ellis",202,FALSE,202,NA,1,"3",10,803,2,3,66,2,7,28,0,0,0,1,0,1,0,0,1,2,0,2,0,2,3,3,1,0,1,0,NA
2228053,3,"Supercopa","Supercopa Endesa",477108000,NA,"https://static.acb.com/img/14/39/3/27868634006.png","https://static.acb.com/img/1c/1a/3d/27940034120.png",91,2026,103,292,351,6049,105681,NA,94301,FALSE,4484,4482,3417,"Asisa Joventut","Asisa Joventut","JOV",4484,3418,"Kosner Baskonia","Kosner Baskonia","BKN",30003941,30003941,21103465,"Clement  Frisch","Clement Frisch","C. Frisch","Frisch",202,FALSE,202,NA,1,"25",3,566,1,4,25,0,2,0,0,0,0,1,0,1,0,0,0,0,0,1,0,0,0,-2,0,0,-9,0,NA
2228058,3,"Supercopa","Supercopa Endesa",477108000,NA,"https://static.acb.com/img/14/39/3/27868634006.png","https://static.acb.com/img/1c/1a/3d/27940034120.png",91,2026,103,292,351,6049,105681,NA,94296,FALSE,4484,4482,3417,"Asisa Joventut","Asisa Joventut","JOV",4484,3418,"Kosner Baskonia","Kosner Baskonia","BKN",20211797,20211797,20211797,"Rodions  Kurucs","Rodions Kurucs","R. Kurucs","Kurucs",202,FALSE,202,NA,1,"7",7,1090,0,1,0,2,3,66,3,7,42,2,2,4,0,1,1,0,0,0,0,5,5,5,1,0,1,0,NA
2228043,3,"Supercopa","Supercopa Endesa",477108000,NA,"https://static.acb.com/img/14/39/3/27868634006.png","https://static.acb.com/img/1c/1a/3d/27940034120.png",91,2026,103,292,351,6049,105681,NA,94189,TRUE,4482,4482,3417,"Asisa Joventut","Asisa Joventut","JOV",4484,3418,"Kosner Baskonia","Kosner Baskonia","BKN",20211947,20211947,20211947,"Nicolas  Laprovittola","Nico Laprovittola","N. Laprovittola","Laprovittola",202,FALSE,202,NA,1,"10",27,1618,5,10,50,3,7,42,6,9,66,0,0,0,10,1,3,5,0,0,0,3,8,28,0,1,15,0,NA
2228041,3,"Supercopa","Supercopa Endesa",477108000,NA,"https://static.acb.com/img/14/39/3/27868634006.png","https://static.acb.com/img/1c/1a/3d/27940034120.png",91,2026,103,292,351,6049,105681,NA,94197,TRUE,4482,4482,3417,"Asisa Joventut","Asisa Joventut","JOV",4484,3418,"Kosner Baskonia","Kosner Baskonia","BKN",30003447,30003447,21102999,"Adrian  Torres De la torre","Adrián Torres","A. Torres","Torres",202,FALSE,202,NA,0,"20",0,0,0,0,0,0,0,0,0,0,0,0,0,0,0,0,0,0,0,0,0,0,0,0,0,0,0,0,NA
2228040,3,"Supercopa","Supercopa Endesa",477108000,NA,"https://static.acb.com/img/14/39/3/27868634006.png","https://static.acb.com/img/1c/1a/3d/27940034120.png",91,2026,103,292,351,6049,105681,NA,94306,FALSE,4484,4482,3417,"Asisa Joventut","Asisa Joventut","JOV",4484,3418,"Kosner Baskonia","Kosner Baskonia","BKN",30004878,30004878,21104384,"Kobi Jordan Simmons","Kobi Simmons","K. Simmons","Simmons",202,FALSE,202,NA,1,"2",19,1393,2,8,25,3,3,100,7,8,87,2,0,2,6,2,0,2,0,0,1,3,6,25,1,1,-8,0,NA
2228048,3,"Supercopa","Supercopa Endesa",477108000,NA,"https://static.acb.com/img/14/39/3/27868634006.png","https://static.acb.com/img/1c/1a/3d/27940034120.png",91,2026,103,292,351,6049,105681,NA,94184,TRUE,4482,4482,3417,"Asisa Joventut","Asisa Joventut","JOV",4484,3418,"Kosner Baskonia","Kosner Baskonia","BKN",20204133,20204133,20204133,"Alejandro  Reyes Abad","Álex Reyes","A. Reyes","Reyes",202,FALSE,202,NA,1,"18",10,1452,2,5,40,2,2,100,0,0,0,5,0,5,1,1,0,2,0,0,1,3,2,13,1,1,5,0,NA
2228042,3,"Supercopa","Supercopa Endesa",477108000,NA,"https://static.acb.com/img/14/39/3/27868634006.png","https://static.acb.com/img/1c/1a/3d/27940034120.png",91,2026,103,292,351,6049,105681,NA,94190,TRUE,4482,4482,3417,"Asisa Joventut","Asisa Joventut","JOV",4484,3418,"Kosner Baskonia","Kosner Baskonia","BKN",20210828,20210828,20210828,"Emir  Sulejmanovic","Emir Sulejmanovic","E. Sulejmanovic","Sulejmanovic",202,FALSE,202,NA,1,"19",12,758,0,3,0,6,7,85,0,2,0,4,2,6,1,0,0,2,0,0,2,5,3,11,1,0,10,0,NA
2228044,3,"Supercopa","Supercopa Endesa",477108000,NA,"https://static.acb.com/img/14/39/3/27868634006.png","https://static.acb.com/img/1c/1a/3d/27940034120.png",91,2026,103,292,351,6049,105681,NA,94188,TRUE,4482,4482,3417,"Asisa Joventut","Asisa Joventut","JOV",4484,3418,"Kosner Baskonia","Kosner Baskonia","BKN",30000927,30000927,21100827,"Kwan Treill Cheatham Jr","Kwan Cheatham","K. Cheatham","Cheatham",202,FALSE,202,NA,1,"55",5,1340,1,4,25,1,1,100,0,0,0,3,1,4,1,0,0,0,1,0,0,0,0,8,0,0,10,0,NA
2228045,3,"Supercopa","Supercopa Endesa",477108000,NA,"https://static.acb.com/img/14/39/3/27868634006.png","https://static.acb.com/img/1c/1a/3d/27940034120.png",91,2026,103,292,351,6049,105681,NA,94187,TRUE,4482,4482,3417,"Asisa Joventut","Asisa Joventut","JOV",4484,3418,"Kosner Baskonia","Kosner Baskonia","BKN",20212423,20212423,20212423,"Simon Fredrik Stefan Birgander","Simon Birgander","S. Birgander","Birgander",202,FALSE,202,NA,1,"35",6,1117,0,0,0,3,3,100,0,0,0,9,3,12,1,1,1,2,1,0,2,4,1,17,0,1,-5,0,NA
2228056,3,"Supercopa","Supercopa Endesa",477108000,NA,"https://static.acb.com/img/14/39/3/27868634006.png","https://static.acb.com/img/1c/1a/3d/27940034120.png",91,2026,103,292,351,6049,105681,NA,94298,FALSE,4484,4482,3417,"Asisa Joventut","Asisa Joventut","JOV",4484,3418,"Kosner Baskonia","Kosner Baskonia","BKN",30000202,30000202,21100193,"Matteo  Spagnolo","Matteo Spagnolo","M. Spagnolo","Spagnolo",202,FALSE,202,NA,1,"10",10,1292,1,1,100,2,5,40,3,3,100,5,3,8,4,0,1,0,0,2,0,1,4,19,0,1,-15,0,NA
2228051,3,"Supercopa","Supercopa Endesa",477108000,NA,"https://static.acb.com/img/14/39/3/27868634006.png","https://static.acb.com/img/1c/1a/3d/27940034120.png",91,2026,103,292,351,6049,105681,NA,94181,TRUE,4482,4482,3417,"Asisa Joventut","Asisa Joventut","JOV",4484,3418,"Kosner Baskonia","Kosner Baskonia","BKN",30000095,30000095,21100094,"Yannick Story Kraag","Yannick Kraag","Y. Kraag","Kraag",202,FALSE,202,NA,1,"1",4,993,0,2,0,2,4,50,0,0,0,2,1,3,0,1,0,0,1,0,0,1,0,4,0,0,5,0,NA
2228050,3,"Supercopa","Supercopa Endesa",477108000,NA,"https://static.acb.com/img/14/39/3/27868634006.png","https://static.acb.com/img/1c/1a/3d/27940034120.png",91,2026,103,292,351,6049,105681,NA,94182,TRUE,4482,4482,3417,"Asisa Joventut","Asisa Joventut","JOV",4484,3418,"Kosner Baskonia","Kosner Baskonia","BKN",30001229,30001229,21101034,"Eli John Ndiaye Faye","Eli Ndiaye","E. Ndiaye","Ndiaye",202,FALSE,202,NA,1,"4",7,1174,1,2,50,2,3,66,0,0,0,2,2,4,0,0,0,2,1,0,1,3,0,7,1,0,2,0,NA
2228039,3,"Supercopa","Supercopa Endesa",477108000,NA,"https://static.acb.com/img/14/39/3/27868634006.png","https://static.acb.com/img/1c/1a/3d/27940034120.png",91,2026,103,292,351,6049,105681,NA,94307,FALSE,4484,4482,3417,"Asisa Joventut","Asisa Joventut","JOV",4484,3418,"Kosner Baskonia","Kosner Baskonia","BKN",30003966,30003966,21103485,"Christopher  Theoret Duarte","Chris Duarte","C. Duarte","Duarte",202,FALSE,202,NA,1,"5",10,1268,1,5,20,3,5,60,1,1,100,2,1,3,0,0,1,3,1,0,0,2,1,6,1,1,-11,0,NA
2228060,3,"Supercopa","Supercopa Endesa",477108000,NA,"https://static.acb.com/img/14/39/3/27868634006.png","https://static.acb.com/img/1c/1a/3d/27940034120.png",91,2026,103,292,351,6049,105681,NA,NA,TRUE,4482,4482,3417,"Asisa Joventut","Asisa Joventut","JOV",4484,3418,"Kosner Baskonia","Kosner Baskonia","BKN",NA,NA,NA,NA,NA,NA,NA,NA,NA,NA,NA,0,NA,0,0,0,0,0,0,0,0,0,0,0,4,3,7,0,1,1,0,0,0,0,1,0,6,0,0,0,0,NA
2228059,3,"Supercopa","Supercopa Endesa",477108000,NA,"https://static.acb.com/img/14/39/3/27868634006.png","https://static.acb.com/img/1c/1a/3d/27940034120.png",91,2026,103,292,351,6049,105681,NA,94295,FALSE,4484,4482,3417,"Asisa Joventut","Asisa Joventut","JOV",4484,3418,"Kosner Baskonia","Kosner Baskonia","BKN",30004071,30004071,21103581,"Stefan  Joksimovic","Stefan Joksimovic","S. Joksimovic","Joksimovic",202,FALSE,202,NA,1,"6",0,408,0,0,0,0,0,0,0,0,0,1,0,1,0,0,0,0,0,0,0,1,0,0,0,0,-3,0,NA
2228038,3,"Supercopa","Supercopa Endesa",477108000,NA,"https://static.acb.com/img/14/39/3/27868634006.png","https://static.acb.com/img/1c/1a/3d/27940034120.png",91,2026,103,292,351,6049,105681,NA,94303,FALSE,4484,4482,3417,"Asisa Joventut","Asisa Joventut","JOV",4484,3418,"Kosner Baskonia","Kosner Baskonia","BKN",30005346,30005346,21104824,"Devvajne Stevvart Jr","DJ Stewart Jr","DJ Stewart","Stewart",202,FALSE,202,NA,1,"3",11,1186,2,4,50,2,4,50,1,5,20,4,0,4,2,1,1,2,0,0,0,2,3,10,1,1,-5,0,NA
2228055,3,"Supercopa","Supercopa Endesa",477108000,NA,"https://static.acb.com/img/14/39/3/27868634006.png","https://static.acb.com/img/1c/1a/3d/27940034120.png",91,2026,103,292,351,6049,105681,NA,94299,FALSE,4484,4482,3417,"Asisa Joventut","Asisa Joventut","JOV",4484,3418,"Kosner Baskonia","Kosner Baskonia","BKN",30005464,30005464,21104932,"Kenneth Bernard Faried Lewis","Kenneth Faried","K. Faried","Faried",202,FALSE,202,NA,1,"35",2,1310,0,0,0,0,4,0,2,4,50,5,2,7,1,0,2,0,0,1,0,0,2,3,0,1,-13,0,NA
2228054,3,"Supercopa","Supercopa Endesa",477108000,NA,"https://static.acb.com/img/14/39/3/27868634006.png","https://static.acb.com/img/1c/1a/3d/27940034120.png",91,2026,103,292,351,6049,105681,NA,94300,FALSE,4484,4482,3417,"Asisa Joventut","Asisa Joventut","JOV",4484,3418,"Kosner Baskonia","Kosner Baskonia","BKN",30001957,30001957,21101631,"Markus Anthony Howard","Markus Howard","M. Howard","Howard",202,FALSE,202,NA,1,"0",0,1026,0,2,0,0,1,0,0,2,0,2,0,2,1,0,1,0,0,0,0,2,2,-3,0,0,1,0,NA
2228037,3,"Supercopa","Supercopa Endesa",477108000,NA,"https://static.acb.com/img/14/39/3/27868634006.png","https://static.acb.com/img/1c/1a/3d/27940034120.png",91,2026,103,292,351,6049,105681,NA,94304,FALSE,4484,4482,3417,"Asisa Joventut","Asisa Joventut","JOV",4484,3418,"Kosner Baskonia","Kosner Baskonia","BKN",30005384,30005384,21104861,"Damion Devon Baugh","Damion Baugh","D. Baugh","Baugh",202,FALSE,202,NA,1,"12",0,401,0,2,0,0,1,0,0,0,0,0,0,0,0,0,0,0,0,0,0,1,0,-4,0,0,-3,0,NA
2228036,3,"Supercopa","Supercopa Endesa",477108000,NA,"https://static.acb.com/img/14/39/3/27868634006.png","https://static.acb.com/img/1c/1a/3d/27940034120.png",91,2026,103,292,351,6049,105681,NA,94305,FALSE,4484,4482,3417,"Asisa Joventut","Asisa Joventut","JOV",4484,3418,"Kosner Baskonia","Kosner Baskonia","BKN",30005375,30005375,21104852,"Anthony Randolph Lawson","AJ Lawson","AJ Lawson","Lawson",202,FALSE,202,NA,1,"1",16,1025,2,4,50,5,5,100,0,0,0,3,0,3,0,1,2,6,1,0,1,5,1,13,0,0,0,0,NA
2229805,1,"Liga Nacional","Liga Endesa",-402534000,NA,"https://www.acb.com/Documentos/Cabeceras/logo-competicion-1b.png","https://www.acb.com/Documentos/Cabeceras/logo-competicion-4a.png",91,2026,107,NA,NA,6015,105375,NA,93770,FALSE,4471,4475,3396,"Surne Bilbao","Surne Bilbao","SBB",4471,3392,"Kids&Us Manresa","Kids&Us Manresa","K&U",20211456,20211456,20211456,"Eric  Vila Martínez","Eric Vila","E. Vila","Vila",202,FALSE,202,NA,0,"4",1,508,0,3,0,0,0,0,1,2,50,1,1,2,0,0,1,0,0,0,0,0,0,-2,0,0,1,0,NA
2229803,1,"Liga Nacional","Liga Endesa",-402534000,NA,"https://www.acb.com/Documentos/Cabeceras/logo-competicion-1b.png","https://www.acb.com/Documentos/Cabeceras/logo-competicion-4a.png",91,2026,107,NA,NA,6015,105375,NA,93756,FALSE,4471,4475,3396,"Surne Bilbao","Surne Bilbao","SBB",4471,3392,"Kids&Us Manresa","Kids&Us Manresa","K&U",30005444,30005444,21104916,"Janaud Nikel Notae","JD Notae","JD Notae","Notae",202,FALSE,202,NA,0,"13",2,613,0,3,0,1,2,50,0,0,0,1,0,1,0,1,1,0,0,0,0,1,0,-2,1,0,-7,0,NA
2229802,1,"Liga Nacional","Liga Endesa",-402534000,NA,"https://www.acb.com/Documentos/Cabeceras/logo-competicion-1b.png","https://www.acb.com/Documentos/Cabeceras/logo-competicion-4a.png",91,2026,107,NA,NA,6015,105375,NA,93762,FALSE,4471,4475,3396,"Surne Bilbao","Surne Bilbao","SBB",4471,3392,"Kids&Us Manresa","Kids&Us Manresa","K&U",30005341,30005341,21104818,"Lucas Bonsombe Beaufort","Lucas Beaufort","L. Beaufort","Beaufort",202,FALSE,202,NA,0,"5",0,102,0,0,0,0,0,0,0,0,0,0,0,0,0,0,0,0,0,0,0,0,0,0,0,0,0,0,NA
2229800,1,"Liga Nacional","Liga Endesa",-402534000,NA,"https://www.acb.com/Documentos/Cabeceras/logo-competicion-1b.png","https://www.acb.com/Documentos/Cabeceras/logo-competicion-4a.png",91,2026,107,NA,NA,6015,105375,NA,93763,FALSE,4471,4475,3396,"Surne Bilbao","Surne Bilbao","SBB",4471,3392,"Kids&Us Manresa","Kids&Us Manresa","K&U",30005342,30005342,21104819,"Lukasz  Kolenda","Lukasz Kolenda","L. Kolenda","Kolenda",202,FALSE,202,NA,0,"1",8,778,1,3,33,2,3,66,1,1,100,1,0,1,1,0,0,2,0,0,0,0,1,8,0,1,-6,0,NA
2229795,1,"Liga Nacional","Liga Endesa",-402534000,NA,"https://www.acb.com/Documentos/Cabeceras/logo-competicion-1b.png","https://www.acb.com/Documentos/Cabeceras/logo-competicion-4a.png",91,2026,107,NA,NA,6015,105375,NA,93701,TRUE,4475,4475,3396,"Surne Bilbao","Surne Bilbao","SBB",4471,3392,"Kids&Us Manresa","Kids&Us Manresa","K&U",30000094,30000094,21100093,"Dan  Duscak","Dan Duscak","D. Duscak","Duscak",202,FALSE,202,NA,0,"7",0,0,0,0,0,0,0,0,0,0,0,0,0,0,0,0,0,0,0,0,0,0,0,0,0,0,0,0,NA
2229790,1,"Liga Nacional","Liga Endesa",-402534000,NA,"https://www.acb.com/Documentos/Cabeceras/logo-competicion-1b.png","https://www.acb.com/Documentos/Cabeceras/logo-competicion-4a.png",91,2026,107,NA,NA,6015,105375,NA,93725,TRUE,4475,4475,3396,"Surne Bilbao","Surne Bilbao","SBB",4471,3392,"Kids&Us Manresa","Kids&Us Manresa","K&U",20212461,20212461,20212461,"Tryggvi Snaer Hlinason","Tryggvi Hlinason","T. Hlinason","Hlinason",202,FALSE,202,NA,0,"32",3,782,0,0,0,1,2,50,1,2,50,3,3,6,2,1,1,0,0,0,0,1,3,11,0,1,8,0,NA
2229787,1,"Liga Nacional","Liga Endesa",-402534000,NA,"https://www.acb.com/Documentos/Cabeceras/logo-competicion-1b.png","https://www.acb.com/Documentos/Cabeceras/logo-competicion-4a.png",91,2026,107,NA,NA,6015,105375,NA,93722,TRUE,4475,4475,3396,"Surne Bilbao","Surne Bilbao","SBB",4471,3392,"Kids&Us Manresa","Kids&Us Manresa","K&U",30003947,30003947,21103471,"Luke Joseph Petrasek","Luke Petrasek","L. Petrasek","Petrasek",202,FALSE,202,NA,0,"18",2,522,0,2,0,1,1,100,0,0,0,2,0,2,0,0,0,2,0,0,0,2,0,0,0,0,-1,0,NA
2229804,1,"Liga Nacional","Liga Endesa",-402534000,NA,"https://www.acb.com/Documentos/Cabeceras/logo-competicion-1b.png","https://www.acb.com/Documentos/Cabeceras/logo-competicion-4a.png",91,2026,107,NA,NA,6015,105375,NA,93748,FALSE,4471,4475,3396,"Surne Bilbao","Surne Bilbao","SBB",4471,3392,"Kids&Us Manresa","Kids&Us Manresa","K&U",30001243,30001243,21101045,"Rafael  Villar Cornago","Rafael Villar","R. Villar","Villar",202,FALSE,202,NA,0,"44",6,662,0,2,0,3,3,100,0,0,0,2,1,3,3,0,1,2,0,0,0,0,3,12,0,0,-1,0,NA
2229794,1,"Liga Nacional","Liga Endesa",-402534000,NA,"https://www.acb.com/Documentos/Cabeceras/logo-competicion-1b.png","https://www.acb.com/Documentos/Cabeceras/logo-competicion-4a.png",91,2026,107,NA,NA,6015,105375,NA,93713,TRUE,4475,4475,3396,"Surne Bilbao","Surne Bilbao","SBB",4471,3392,"Kids&Us Manresa","Kids&Us Manresa","K&U",20210147,20210147,20210147,"Aleix  Font Rodríguez","Aleix Font","A. Font","Font",202,FALSE,202,NA,0,"22",6,451,2,2,100,0,1,0,0,0,0,0,0,0,0,0,0,0,0,0,0,1,0,4,0,0,-1,0,NA
2229786,1,"Liga Nacional","Liga Endesa",-402534000,NA,"https://www.acb.com/Documentos/Cabeceras/logo-competicion-1b.png","https://www.acb.com/Documentos/Cabeceras/logo-competicion-4a.png",91,2026,107,NA,NA,6015,105375,NA,93727,TRUE,4475,4475,3396,"Surne Bilbao","Surne Bilbao","SBB",4471,3392,"Kids&Us Manresa","Kids&Us Manresa","K&U",30005348,30005348,21104826,"Bastien  Vautier","Bastien  Vautier","B. Vautier","Vautier",202,FALSE,202,NA,0,"34",8,344,0,0,0,4,4,100,0,0,0,1,1,2,0,0,0,0,0,0,1,3,0,7,1,0,0,0,NA
2229788,1,"Liga Nacional","Liga Endesa",-402534000,NA,"https://www.acb.com/Documentos/Cabeceras/logo-competicion-1b.png","https://www.acb.com/Documentos/Cabeceras/logo-competicion-4a.png",91,2026,107,NA,NA,6015,105375,NA,93707,TRUE,4475,4475,3396,"Surne Bilbao","Surne Bilbao","SBB",4471,3392,"Kids&Us Manresa","Kids&Us Manresa","K&U",30004013,30004013,21103530,"Margiris  Normantas","Margiris Normantas","M. Normantas","Normantas",202,FALSE,202,NA,0,"2",4,512,0,0,0,0,3,0,4,5,80,0,1,1,0,0,0,0,0,0,0,0,3,4,1,1,7,0,NA
2229793,1,"Liga Nacional","Liga Endesa",-402534000,NA,"https://www.acb.com/Documentos/Cabeceras/logo-competicion-1b.png","https://www.acb.com/Documentos/Cabeceras/logo-competicion-4a.png",91,2026,107,NA,NA,6015,105375,NA,93692,TRUE,4475,4475,3396,"Surne Bilbao","Surne Bilbao","SBB",4471,3392,"Kids&Us Manresa","Kids&Us Manresa","K&U",30001091,30001091,21100933,"Adam  Somogyi","Adam Somogyi","A. Somogyi","Somogyi",202,FALSE,202,NA,0,"30",2,469,0,1,0,1,3,33,0,0,0,0,0,0,2,0,1,0,0,0,0,1,0,-1,0,0,3,0,NA
2229792,1,"Liga Nacional","Liga Endesa",-402534000,NA,"https://www.acb.com/Documentos/Cabeceras/logo-competicion-1b.png","https://www.acb.com/Documentos/Cabeceras/logo-competicion-4a.png",91,2026,107,NA,NA,6015,105375,NA,93703,TRUE,4475,4475,3396,"Surne Bilbao","Surne Bilbao","SBB",4471,3392,"Kids&Us Manresa","Kids&Us Manresa","K&U",30005347,30005347,21104825,"Nathan Joseph Darling","Nate Darling","N. Darling","Darling",202,FALSE,202,NA,0,"8",0,688,0,1,0,0,2,0,0,0,0,1,0,1,1,1,0,0,0,0,0,0,0,0,0,0,-1,0,NA
2229791,1,"Liga Nacional","Liga Endesa",-402534000,NA,"https://www.acb.com/Documentos/Cabeceras/logo-competicion-1b.png","https://www.acb.com/Documentos/Cabeceras/logo-competicion-4a.png",91,2026,107,NA,NA,6015,105375,NA,93702,TRUE,4475,4475,3396,"Surne Bilbao","Surne Bilbao","SBB",4471,3392,"Kids&Us Manresa","Kids&Us Manresa","K&U",20212984,20212984,20212984,"Darrun Cordell Hilliard II","Darrun Hilliard","D. Hilliard","Hilliard",202,FALSE,202,NA,0,"11",10,749,2,6,33,0,1,0,4,4,100,3,0,3,4,1,1,0,0,0,0,1,2,13,1,1,7,0,NA
2229806,1,"Liga Nacional","Liga Endesa",-402534000,NA,"https://www.acb.com/Documentos/Cabeceras/logo-competicion-1b.png","https://www.acb.com/Documentos/Cabeceras/logo-competicion-4a.png",91,2026,107,NA,NA,6015,105375,NA,93768,FALSE,4471,4475,3396,"Surne Bilbao","Surne Bilbao","SBB",4471,3392,"Kids&Us Manresa","Kids&Us Manresa","K&U",30001001,30001001,21100873,"Pablo  Tamba Villen","Pablo Tamba","P. Tamba","Tamba",202,FALSE,202,NA,0,"8",2,529,0,0,0,1,1,100,0,0,0,2,0,2,2,1,0,0,0,0,1,2,0,5,1,1,1,0,NA
2229799,1,"Liga Nacional","Liga Endesa",-402534000,NA,"https://www.acb.com/Documentos/Cabeceras/logo-competicion-1b.png","https://www.acb.com/Documentos/Cabeceras/logo-competicion-4a.png",91,2026,107,NA,NA,6015,105375,NA,93776,FALSE,4471,4475,3396,"Surne Bilbao","Surne Bilbao","SBB",4471,3392,"Kids&Us Manresa","Kids&Us Manresa","K&U",30005354,30005354,21104831,"Yordan Dinkov Minchev","Yordan Minchev","Y. Minchev","Minchev",202,FALSE,202,NA,0,"91",0,413,0,0,0,0,0,0,0,0,0,1,1,2,0,0,0,0,0,0,0,3,1,0,0,0,4,0,NA
2229798,1,"Liga Nacional","Liga Endesa",-402534000,NA,"https://www.acb.com/Documentos/Cabeceras/logo-competicion-1b.png","https://www.acb.com/Documentos/Cabeceras/logo-competicion-4a.png",91,2026,107,NA,NA,6015,105375,NA,93765,FALSE,4471,4475,3396,"Surne Bilbao","Surne Bilbao","SBB",4471,3392,"Kids&Us Manresa","Kids&Us Manresa","K&U",30005344,30005344,21104822,"Chibuzo Anthony Agbo","Chibuzo Agbo","C. Agbo","Agbo",202,FALSE,202,NA,0,"11",4,618,1,1,100,0,0,0,1,3,33,0,0,0,0,0,0,0,0,0,0,2,1,1,1,1,-9,0,NA
2229797,1,"Liga Nacional","Liga Endesa",-402534000,NA,"https://www.acb.com/Documentos/Cabeceras/logo-competicion-1b.png","https://www.acb.com/Documentos/Cabeceras/logo-competicion-4a.png",91,2026,107,NA,NA,6015,105375,NA,93777,FALSE,4471,4475,3396,"Surne Bilbao","Surne Bilbao","SBB",4471,3392,"Kids&Us Manresa","Kids&Us Manresa","K&U",30005343,30005343,21104820,"Lononga mangwangi Nickolas Albert Ongendangenda","Nick Ongenda","N. Ongenda","Ongenda",202,FALSE,202,NA,0,"14",13,787,0,0,0,6,7,85,1,2,50,0,0,0,0,1,1,0,0,0,3,1,5,15,1,1,-10,0,NA
2229796,1,"Liga Nacional","Liga Endesa",-402534000,NA,"https://www.acb.com/Documentos/Cabeceras/logo-competicion-1b.png","https://www.acb.com/Documentos/Cabeceras/logo-competicion-4a.png",91,2026,107,NA,NA,6015,105375,NA,93717,TRUE,4475,4475,3396,"Surne Bilbao","Surne Bilbao","SBB",4471,3392,"Kids&Us Manresa","Kids&Us Manresa","K&U",20212056,20212056,20212056,"Manex  Ansorregi Deba","Manex Ansorregi","M. Ansorregi","Ansorregi",202,FALSE,202,NA,0,"9",0,150,0,0,0,0,0,0,0,0,0,0,0,0,0,0,0,0,0,0,0,1,0,-1,0,1,3,0,NA
2229789,1,"Liga Nacional","Liga Endesa",-402534000,NA,"https://www.acb.com/Documentos/Cabeceras/logo-competicion-1b.png","https://www.acb.com/Documentos/Cabeceras/logo-competicion-4a.png",91,2026,107,NA,NA,6015,105375,NA,93723,TRUE,4475,4475,3396,"Surne Bilbao","Surne Bilbao","SBB",4471,3392,"Kids&Us Manresa","Kids&Us Manresa","K&U",30000192,30000192,21100183,"Martin  Krampelj","Martin Krampelj","M. Krampelj","Krampelj",202,FALSE,202,NA,0,"10",5,602,1,1,100,0,0,0,2,2,100,1,1,2,0,0,4,0,0,0,0,2,2,3,1,0,2,0,NA
2229807,1,"Liga Nacional","Liga Endesa",-402534000,NA,"https://www.acb.com/Documentos/Cabeceras/logo-competicion-1b.png","https://www.acb.com/Documentos/Cabeceras/logo-competicion-4a.png",91,2026,107,NA,NA,6015,105375,NA,93742,FALSE,4471,4475,3396,"Surne Bilbao","Surne Bilbao","SBB",4471,3392,"Kids&Us Manresa","Kids&Us Manresa","K&U",20200243,20200243,20200243,"Ferran  Bassas Navarra","Ferran Bassas","F. Bassas","Bassas",202,FALSE,202,NA,0,"6",0,663,0,3,0,0,1,0,0,0,0,0,0,0,5,1,0,0,0,0,0,0,1,3,0,1,-1,0,NA
2229801,1,"Liga Nacional","Liga Endesa",-402534000,NA,"https://www.acb.com/Documentos/Cabeceras/logo-competicion-1b.png","https://www.acb.com/Documentos/Cabeceras/logo-competicion-4a.png",91,2026,107,NA,NA,6015,105375,NA,93744,FALSE,4471,4475,3396,"Surne Bilbao","Surne Bilbao","SBB",4471,3392,"Kids&Us Manresa","Kids&Us Manresa","K&U",30003943,30003943,21103467,"Hugo  Benitez","Hugo Benitez","H. Benitez","Benitez",202,FALSE,202,NA,0,"2",2,327,0,1,0,1,2,50,0,0,0,0,1,1,0,0,0,2,0,0,0,2,0,-1,1,0,-2,0,NA
2229809,1,"Liga Nacional","Liga Endesa",-402534000,NA,"https://www.acb.com/Documentos/Cabeceras/logo-competicion-1b.png","https://www.acb.com/Documentos/Cabeceras/logo-competicion-4a.png",91,2026,107,NA,NA,6015,105375,NA,NA,FALSE,4471,4475,3396,"Surne Bilbao","Surne Bilbao","SBB",4471,3392,"Kids&Us Manresa","Kids&Us Manresa","K&U",NA,NA,NA,NA,NA,NA,NA,NA,NA,NA,NA,0,NA,0,0,0,0,0,0,0,0,0,0,0,1,0,1,0,0,0,0,0,0,0,0,0,1,0,0,0,0,NA
2229785,1,"Liga Nacional","Liga Endesa",-402534000,NA,"https://www.acb.com/Documentos/Cabeceras/logo-competicion-1b.png","https://www.acb.com/Documentos/Cabeceras/logo-competicion-4a.png",91,2026,107,NA,NA,6015,105375,NA,93860,TRUE,4475,4475,3396,"Surne Bilbao","Surne Bilbao","SBB",4471,3392,"Kids&Us Manresa","Kids&Us Manresa","K&U",30003398,30003398,21102955,"Harald Eika Frey","Harald Frey","H. Frey","Frey",202,FALSE,202,NA,0,"3",4,731,1,1,100,0,1,0,1,2,50,0,0,0,2,0,0,0,0,0,0,0,1,5,1,1,3,0,NA
2229784,1,"Liga Nacional","Liga Endesa",-402534000,NA,"https://www.acb.com/Documentos/Cabeceras/logo-competicion-1b.png","https://www.acb.com/Documentos/Cabeceras/logo-competicion-4a.png",91,2026,107,NA,NA,6015,105375,NA,94577,FALSE,4471,4475,3396,"Surne Bilbao","Surne Bilbao","SBB",4471,3392,"Kids&Us Manresa","Kids&Us Manresa","K&U",30005441,30005441,21104913,"Michael  Enabulele Ogunsuyi","Michael Enabulele","M. Enabulele","Enabulele",202,FALSE,202,NA,0,"20",0,0,0,0,0,0,0,0,0,0,0,0,0,0,0,0,0,0,0,0,0,0,0,0,0,0,0,0,NA
2229808,1,"Liga Nacional","Liga Endesa",-402534000,NA,"https://www.acb.com/Documentos/Cabeceras/logo-competicion-1b.png","https://www.acb.com/Documentos/Cabeceras/logo-competicion-4a.png",91,2026,107,NA,NA,6015,105375,NA,NA,TRUE,4475,4475,3396,"Surne Bilbao","Surne Bilbao","SBB",4471,3392,"Kids&Us Manresa","Kids&Us Manresa","K&U",NA,NA,NA,NA,NA,NA,NA,NA,NA,NA,NA,0,NA,0,0,0,0,0,0,0,0,0,0,0,3,1,4,0,0,0,0,0,0,0,0,0,4,0,0,0,0,NA
2229960,1,"Liga Nacional","Liga Endesa",-402534000,NA,"https://www.acb.com/Documentos/Cabeceras/logo-competicion-1b.png","https://www.acb.com/Documentos/Cabeceras/logo-competicion-4a.png",91,2026,107,NA,NA,6015,105376,NA,93889,FALSE,4479,4466,3387,"MoraBanc Andorra","MoraBanc And","MBA",4479,3400,"Monbus Obradoiro","Monbus Obra","MOB",30003936,30003936,21103460,"Joel Manuel Soriano","Joel Soriano","J. Soriano","Soriano",202,FALSE,202,NA,0,"12",15,1616,0,0,0,5,8,62,5,6,83,5,0,5,1,1,1,0,0,0,1,3,4,18,1,1,-3,0,NA
2229969,1,"Liga Nacional","Liga Endesa",-402534000,NA,"https://www.acb.com/Documentos/Cabeceras/logo-competicion-1b.png","https://www.acb.com/Documentos/Cabeceras/logo-competicion-4a.png",91,2026,107,NA,NA,6015,105376,NA,93887,FALSE,4479,4466,3387,"MoraBanc Andorra","MoraBanc And","MBA",4479,3400,"Monbus Obradoiro","Monbus Obra","MOB",20211756,20211756,20211756,"Alejandro  Galan Pozo","Álex Galán","A. Galán","Galán",202,FALSE,202,NA,0,"57",2,728,0,4,0,0,1,0,2,2,100,2,0,2,0,1,0,0,0,1,0,2,1,-2,1,0,-15,0,NA
2229964,1,"Liga Nacional","Liga Endesa",-402534000,NA,"https://www.acb.com/Documentos/Cabeceras/logo-competicion-1b.png","https://www.acb.com/Documentos/Cabeceras/logo-competicion-4a.png",91,2026,107,NA,NA,6015,105376,NA,93885,FALSE,4479,4466,3387,"MoraBanc Andorra","MoraBanc And","MBA",4479,3400,"Monbus Obradoiro","Monbus Obra","MOB",30005426,30005426,21104902,"Diogo Emanuel De Sousa Anjo Brito","Diogo Brito","D. Brito","Brito",202,FALSE,202,NA,0,"24",0,760,0,1,0,0,1,0,0,0,0,1,0,1,1,1,0,0,1,0,0,2,0,0,0,0,11,0,NA
2229959,1,"Liga Nacional","Liga Endesa",-402534000,NA,"https://www.acb.com/Documentos/Cabeceras/logo-competicion-1b.png","https://www.acb.com/Documentos/Cabeceras/logo-competicion-4a.png",91,2026,107,NA,NA,6015,105376,NA,93749,TRUE,4466,4466,3387,"MoraBanc Andorra","MoraBanc And","MBA",4479,3400,"Monbus Obradoiro","Monbus Obra","MOB",30005350,30005350,21104828,"Owen  Aquino Silva Brito","Owen  Aquino","O. Aquino","Aquino",202,FALSE,202,NA,0,"8",2,135,0,0,0,1,1,100,0,0,0,0,0,0,0,0,0,0,0,0,0,1,0,1,0,0,-4,0,NA
2229963,1,"Liga Nacional","Liga Endesa",-402534000,NA,"https://www.acb.com/Documentos/Cabeceras/logo-competicion-1b.png","https://www.acb.com/Documentos/Cabeceras/logo-competicion-4a.png",91,2026,107,NA,NA,6015,105376,NA,93883,FALSE,4479,4466,3387,"MoraBanc Andorra","MoraBanc And","MBA",4479,3400,"Monbus Obradoiro","Monbus Obra","MOB",30000294,30000294,21100268,"Leonardo Simoes Meindl","Leo Meindl","L. Meindl","Meindl",202,FALSE,202,NA,0,"8",12,1427,2,5,40,2,6,33,2,4,50,2,2,4,1,0,3,0,0,1,0,3,6,7,1,1,1,0,NA
2229971,1,"Liga Nacional","Liga Endesa",-402534000,NA,"https://www.acb.com/Documentos/Cabeceras/logo-competicion-1b.png","https://www.acb.com/Documentos/Cabeceras/logo-competicion-4a.png",91,2026,107,NA,NA,6015,105376,NA,93890,FALSE,4479,4466,3387,"MoraBanc Andorra","MoraBanc And","MBA",4479,3400,"Monbus Obradoiro","Monbus Obra","MOB",20210122,20210122,20210122,"Felipe  Dos Anjos de Paula Gama","Felipe Dos Anjos","F. Dos Anjos","Dos Anjos",202,FALSE,202,NA,0,"7",12,777,0,0,0,6,7,85,0,2,0,5,3,8,0,0,1,2,0,0,2,1,3,18,0,0,8,0,NA
2229954,1,"Liga Nacional","Liga Endesa",-402534000,NA,"https://www.acb.com/Documentos/Cabeceras/logo-competicion-1b.png","https://www.acb.com/Documentos/Cabeceras/logo-competicion-4a.png",91,2026,107,NA,NA,6015,105376,NA,93737,TRUE,4466,4466,3387,"MoraBanc Andorra","MoraBanc And","MBA",4479,3400,"Monbus Obradoiro","Monbus Obra","MOB",20210232,20210232,20210232,"Kyle Matthew Kuric","Kyle Kuric","K. Kuric","Kuric",202,FALSE,202,NA,0,"24",5,1021,1,3,33,0,0,0,2,2,100,1,0,1,1,0,2,0,0,0,0,3,3,3,0,0,-16,0,NA
2229952,1,"Liga Nacional","Liga Endesa",-402534000,NA,"https://www.acb.com/Documentos/Cabeceras/logo-competicion-1b.png","https://www.acb.com/Documentos/Cabeceras/logo-competicion-4a.png",91,2026,107,NA,NA,6015,105376,NA,93750,TRUE,4466,4466,3387,"MoraBanc Andorra","MoraBanc And","MBA",4479,3400,"Monbus Obradoiro","Monbus Obra","MOB",20211643,20211643,20211643,"Artem  Pustovyi","Artem Pustovyi","A. Pustovyi","Pustovyi",202,FALSE,202,NA,0,"13",10,1167,0,0,0,2,5,40,6,8,75,3,3,6,0,0,0,0,1,0,0,4,5,13,1,0,-7,0,NA
2229950,1,"Liga Nacional","Liga Endesa",-402534000,NA,"https://www.acb.com/Documentos/Cabeceras/logo-competicion-1b.png","https://www.acb.com/Documentos/Cabeceras/logo-competicion-4a.png",91,2026,107,NA,NA,6015,105376,NA,93745,TRUE,4466,4466,3387,"MoraBanc Andorra","MoraBanc And","MBA",4479,3400,"Monbus Obradoiro","Monbus Obra","MOB",30005358,30005358,21104835,"Wesley De-Shaun  Iwundu","Wes Iwundu","W. Iwundu","Iwundu",202,FALSE,202,NA,0,"25",12,1409,1,6,16,3,3,100,3,3,100,3,1,4,0,0,0,0,0,0,0,2,3,12,1,1,1,0,NA
2229958,1,"Liga Nacional","Liga Endesa",-402534000,NA,"https://www.acb.com/Documentos/Cabeceras/logo-competicion-1b.png","https://www.acb.com/Documentos/Cabeceras/logo-competicion-4a.png",91,2026,107,NA,NA,6015,105376,NA,93733,TRUE,4466,4466,3387,"MoraBanc Andorra","MoraBanc And","MBA",4479,3400,"Monbus Obradoiro","Monbus Obra","MOB",20200274,20200274,20200274,"Rafael  Luz Freire","Rafa Luz","R. Luz","Luz",202,FALSE,202,NA,0,"5",0,687,0,1,0,0,0,0,0,0,0,0,0,0,3,0,3,0,0,0,0,0,1,0,0,0,-16,0,NA
2229970,1,"Liga Nacional","Liga Endesa",-402534000,NA,"https://www.acb.com/Documentos/Cabeceras/logo-competicion-1b.png","https://www.acb.com/Documentos/Cabeceras/logo-competicion-4a.png",91,2026,107,NA,NA,6015,105376,NA,93886,FALSE,4479,4466,3387,"MoraBanc Andorra","MoraBanc And","MBA",4479,3400,"Monbus Obradoiro","Monbus Obra","MOB",30000170,30000170,21100165,"Alonso  Faure Ribes",NA,"A. Faure","Faure",202,FALSE,202,NA,0,"44",0,0,0,0,0,0,0,0,0,0,0,0,0,0,0,0,0,0,0,0,0,0,0,0,0,0,0,0,NA
2229965,1,"Liga Nacional","Liga Endesa",-402534000,NA,"https://www.acb.com/Documentos/Cabeceras/logo-competicion-1b.png","https://www.acb.com/Documentos/Cabeceras/logo-competicion-4a.png",91,2026,107,NA,NA,6015,105376,NA,93884,FALSE,4479,4466,3387,"MoraBanc Andorra","MoraBanc And","MBA",4479,3400,"Monbus Obradoiro","Monbus Obra","MOB",30003435,30003435,21102988,"Yunio Rafael Barrueta","Yunio Barrueta","Y. Barrueta","Barrueta",202,FALSE,202,NA,0,"23",11,1437,3,6,50,1,1,100,0,0,0,3,0,3,3,0,0,3,0,0,0,2,1,13,0,1,12,0,NA
2229962,1,"Liga Nacional","Liga Endesa",-402534000,NA,"https://www.acb.com/Documentos/Cabeceras/logo-competicion-1b.png","https://www.acb.com/Documentos/Cabeceras/logo-competicion-4a.png",91,2026,107,NA,NA,6015,105376,NA,93888,FALSE,4479,4466,3387,"MoraBanc Andorra","MoraBanc And","MBA",4479,3400,"Monbus Obradoiro","Monbus Obra","MOB",30005429,30005429,21104905,"Efemena Tennyson Abogidi","Efe Abogidi","E. Abogidi","Abogidi",202,FALSE,202,NA,0,"1",5,1146,1,3,33,1,1,100,0,0,0,4,2,6,1,0,1,0,0,0,1,2,0,7,0,0,8,0,NA
2229961,1,"Liga Nacional","Liga Endesa",-402534000,NA,"https://www.acb.com/Documentos/Cabeceras/logo-competicion-1b.png","https://www.acb.com/Documentos/Cabeceras/logo-competicion-4a.png",91,2026,107,NA,NA,6015,105376,NA,93882,FALSE,4479,4466,3387,"MoraBanc Andorra","MoraBanc And","MBA",4479,3400,"Monbus Obradoiro","Monbus Obra","MOB",30003988,30003988,21103507,"Caleb Apochi  Agada","Caleb Agada","C. Agada","Agada",202,FALSE,202,NA,0,"3",7,931,1,3,33,2,5,40,0,0,0,4,1,5,7,0,1,0,0,0,0,3,1,11,0,1,9,0,NA
2229949,1,"Liga Nacional","Liga Endesa",-402534000,NA,"https://www.acb.com/Documentos/Cabeceras/logo-competicion-1b.png","https://www.acb.com/Documentos/Cabeceras/logo-competicion-4a.png",91,2026,107,NA,NA,6015,105376,NA,93736,TRUE,4466,4466,3387,"MoraBanc Andorra","MoraBanc And","MBA",4479,3400,"Monbus Obradoiro","Monbus Obra","MOB",30000287,30000287,21100262,"Kassius Macdonald Robertson","Kassius Robertson","K. Robertson","Robertson",202,FALSE,202,NA,0,"30",15,1834,1,4,25,5,9,55,2,3,66,3,1,4,1,1,1,0,0,1,0,2,3,12,1,1,-1,0,NA
2229953,1,"Liga Nacional","Liga Endesa",-402534000,NA,"https://www.acb.com/Documentos/Cabeceras/logo-competicion-1b.png","https://www.acb.com/Documentos/Cabeceras/logo-competicion-4a.png",91,2026,107,NA,NA,6015,105376,NA,93752,TRUE,4466,4466,3387,"MoraBanc Andorra","MoraBanc And","MBA",4479,3400,"Monbus Obradoiro","Monbus Obra","MOB",30005367,30005367,21104844,"Leon Radosevic","Leon Radosevic","L. Radosevic","Radosevic",202,FALSE,202,NA,0,"43",10,1091,0,1,0,4,4,100,2,2,100,3,2,5,1,2,0,6,0,0,2,2,2,17,0,1,6,0,NA
2229973,1,"Liga Nacional","Liga Endesa",-402534000,NA,"https://www.acb.com/Documentos/Cabeceras/logo-competicion-1b.png","https://www.acb.com/Documentos/Cabeceras/logo-competicion-4a.png",91,2026,107,NA,NA,6015,105376,NA,NA,FALSE,4479,4466,3387,"MoraBanc Andorra","MoraBanc And","MBA",4479,3400,"Monbus Obradoiro","Monbus Obra","MOB",NA,NA,NA,NA,NA,NA,NA,NA,NA,NA,NA,0,NA,0,0,0,0,0,0,0,0,0,0,0,1,2,3,0,1,1,0,0,0,0,0,0,3,0,0,0,0,NA
2229955,1,"Liga Nacional","Liga Endesa",-402534000,NA,"https://www.acb.com/Documentos/Cabeceras/logo-competicion-1b.png","https://www.acb.com/Documentos/Cabeceras/logo-competicion-4a.png",91,2026,107,NA,NA,6015,105376,NA,93731,TRUE,4466,4466,3387,"MoraBanc Andorra","MoraBanc And","MBA",4479,3400,"Monbus Obradoiro","Monbus Obra","MOB",30005359,30005359,21104836,"James Olusiji  Akinjo","James Akinjo","J. Akinjo","Akinjo",202,FALSE,202,NA,0,"11",11,1706,1,3,33,3,9,33,2,2,100,5,2,7,12,2,2,0,0,0,0,4,2,20,1,0,9,0,NA
2229972,1,"Liga Nacional","Liga Endesa",-402534000,NA,"https://www.acb.com/Documentos/Cabeceras/logo-competicion-1b.png","https://www.acb.com/Documentos/Cabeceras/logo-competicion-4a.png",91,2026,107,NA,NA,6015,105376,NA,NA,TRUE,4466,4466,3387,"MoraBanc Andorra","MoraBanc And","MBA",4479,3400,"Monbus Obradoiro","Monbus Obra","MOB",NA,NA,NA,NA,NA,NA,NA,NA,NA,NA,NA,0,NA,0,0,0,0,0,0,0,0,0,0,0,5,1,6,0,1,2,0,0,0,0,0,0,5,0,0,0,0,NA
2229967,1,"Liga Nacional","Liga Endesa",-402534000,NA,"https://www.acb.com/Documentos/Cabeceras/logo-competicion-1b.png","https://www.acb.com/Documentos/Cabeceras/logo-competicion-4a.png",91,2026,107,NA,NA,6015,105376,NA,93880,FALSE,4479,4466,3387,"MoraBanc Andorra","MoraBanc And","MBA",4479,3400,"Monbus Obradoiro","Monbus Obra","MOB",30005425,30005425,21104901,"Alexander Michael Barcello","Alex Barcello","A. Barcello","Barcello",202,FALSE,202,NA,0,"28",6,1249,0,1,0,2,2,100,2,2,100,0,0,0,4,0,0,0,0,0,0,0,1,10,1,0,-10,0,NA
2229951,1,"Liga Nacional","Liga Endesa",-402534000,NA,"https://www.acb.com/Documentos/Cabeceras/logo-competicion-1b.png","https://www.acb.com/Documentos/Cabeceras/logo-competicion-4a.png",91,2026,107,NA,NA,6015,105376,NA,93734,TRUE,4466,4466,3387,"MoraBanc Andorra","MoraBanc And","MBA",4479,3400,"Monbus Obradoiro","Monbus Obra","MOB",30003968,30003968,21103487,"Aaron Matthew Best","Aaron Best","A. Best","Best",202,FALSE,202,NA,0,"3",9,1378,3,7,42,0,1,0,0,0,0,3,0,3,1,0,0,9,0,0,0,2,3,9,0,1,-3,0,NA
2229968,1,"Liga Nacional","Liga Endesa",-402534000,NA,"https://www.acb.com/Documentos/Cabeceras/logo-competicion-1b.png","https://www.acb.com/Documentos/Cabeceras/logo-competicion-4a.png",91,2026,107,NA,NA,6015,105376,NA,93881,FALSE,4479,4466,3387,"MoraBanc Andorra","MoraBanc And","MBA",4479,3400,"Monbus Obradoiro","Monbus Obra","MOB",30000013,30000013,21100012,"Sergio  Quintela Salvador","Sergi Quintela","S. Quintela","Quintela",202,FALSE,202,NA,0,"25",2,561,0,0,0,1,4,25,0,0,0,1,0,1,1,1,1,0,0,0,0,4,0,-3,0,0,11,0,NA
2229948,1,"Liga Nacional","Liga Endesa",-402534000,NA,"https://www.acb.com/Documentos/Cabeceras/logo-competicion-1b.png","https://www.acb.com/Documentos/Cabeceras/logo-competicion-4a.png",91,2026,107,NA,NA,6015,105376,NA,93732,TRUE,4466,4466,3387,"MoraBanc Andorra","MoraBanc And","MBA",4479,3400,"Monbus Obradoiro","Monbus Obra","MOB",30001559,30001559,21101316,"Luka  Bottiroli Roura","Luka Bottiroli","L. Bottiroli","Bottiroli",202,FALSE,202,NA,0,"40",0,0,0,0,0,0,0,0,0,0,0,0,0,0,0,0,0,0,0,0,0,0,0,0,0,0,0,0,NA
2229966,1,"Liga Nacional","Liga Endesa",-402534000,NA,"https://www.acb.com/Documentos/Cabeceras/logo-competicion-1b.png","https://www.acb.com/Documentos/Cabeceras/logo-competicion-4a.png",91,2026,107,NA,NA,6015,105376,NA,93878,FALSE,4479,4466,3387,"MoraBanc Andorra","MoraBanc And","MBA",4479,3400,"Monbus Obradoiro","Monbus Obra","MOB",30005407,30005407,21104884,"Brandon Reginald Childress","Brandon Childress","B. Childress","Childress",202,FALSE,202,NA,0,"0",18,1333,2,4,50,3,5,60,6,7,85,1,0,1,4,1,2,0,0,0,0,2,5,20,1,1,-7,0,NA
2229957,1,"Liga Nacional","Liga Endesa",-402534000,NA,"https://www.acb.com/Documentos/Cabeceras/logo-competicion-1b.png","https://www.acb.com/Documentos/Cabeceras/logo-competicion-4a.png",91,2026,107,NA,NA,6015,105376,NA,93740,TRUE,4466,4466,3387,"MoraBanc Andorra","MoraBanc And","MBA",4479,3400,"Monbus Obradoiro","Monbus Obra","MOB",20212454,20212454,20212454,"Lazar  Mutic","Lazar Mutic","L. Mutic","Mutic",202,FALSE,202,NA,0,"1",5,984,1,3,33,1,3,33,0,0,0,1,1,2,1,0,2,2,1,0,0,2,1,2,0,0,-6,0,NA
2229956,1,"Liga Nacional","Liga Endesa",-402534000,NA,"https://www.acb.com/Documentos/Cabeceras/logo-competicion-1b.png","https://www.acb.com/Documentos/Cabeceras/logo-competicion-4a.png",91,2026,107,NA,NA,6015,105376,NA,93735,TRUE,4466,4466,3387,"MoraBanc Andorra","MoraBanc And","MBA",4479,3400,"Monbus Obradoiro","Monbus Obra","MOB",20210959,20210959,20210959,"José Francisco Ortega Soriano","Chumi Ortega","C. Ortega","Ortega",202,FALSE,202,NA,0,"7",6,553,2,3,66,0,2,0,0,0,0,1,1,2,0,0,0,0,0,0,0,1,1,5,1,1,12,0,NA
2230162,1,"Liga Nacional","Liga Endesa",-402534000,NA,"https://www.acb.com/Documentos/Cabeceras/logo-competicion-1b.png","https://www.acb.com/Documentos/Cabeceras/logo-competicion-4a.png",91,2026,107,NA,NA,6015,105377,NA,93769,TRUE,4467,4467,3388,"Barça","Barça","BAR",4480,3401,"Leyma Coruña","Leyma Coruña","COR",20209919,20209919,20209919,"Darío  Brizuela Arrieta","Darío Brizuela","D. Brizuela","Brizuela",202,FALSE,202,NA,0,"8",7,428,1,2,50,2,2,100,0,0,0,1,0,1,0,0,0,3,0,0,0,1,1,7,0,0,-2,0,NA
2230159,1,"Liga Nacional","Liga Endesa",-402534000,NA,"https://www.acb.com/Documentos/Cabeceras/logo-competicion-1b.png","https://www.acb.com/Documentos/Cabeceras/logo-competicion-4a.png",91,2026,107,NA,NA,6015,105377,NA,93772,TRUE,4467,4467,3388,"Barça","Barça","BAR",4480,3401,"Leyma Coruña","Leyma Coruña","COR",30001332,30001332,21101117,"Agustín  Ubal Agostini","Agustín Ubal","A. Ubal","Ubal",202,FALSE,202,NA,0,"10",2,161,0,0,0,1,1,100,0,0,0,1,0,1,0,0,1,0,0,0,0,0,0,2,0,1,-1,0,NA
2230156,1,"Liga Nacional","Liga Endesa",-402534000,NA,"https://www.acb.com/Documentos/Cabeceras/logo-competicion-1b.png","https://www.acb.com/Documentos/Cabeceras/logo-competicion-4a.png",91,2026,107,NA,NA,6015,105377,NA,93764,TRUE,4467,4467,3388,"Barça","Barça","BAR",4480,3401,"Leyma Coruña","Leyma Coruña","COR",30005355,30005355,21104832,"Umoja Adeyemi Gibson","Umoja Gibson","U. Gibson","Gibson",202,FALSE,202,NA,0,"1",0,293,0,0,0,0,1,0,0,0,0,1,0,1,0,0,1,0,0,0,0,1,1,-1,0,1,-7,0,NA
2230153,1,"Liga Nacional","Liga Endesa",-402534000,NA,"https://www.acb.com/Documentos/Cabeceras/logo-competicion-1b.png","https://www.acb.com/Documentos/Cabeceras/logo-competicion-4a.png",91,2026,107,NA,NA,6015,105377,NA,93891,TRUE,4467,4467,3388,"Barça","Barça","BAR",4480,3401,"Leyma Coruña","Leyma Coruña","COR",30005476,30005476,21104944,"Justin Alexander Minaya Albright","Justin Minaya","J. Minaya","Minaya",202,FALSE,202,NA,0,"24",2,290,0,0,0,1,1,100,0,0,0,0,0,0,0,1,0,2,0,0,0,1,0,2,1,0,2,0,NA
2230152,1,"Liga Nacional","Liga Endesa",-402534000,NA,"https://www.acb.com/Documentos/Cabeceras/logo-competicion-1b.png","https://www.acb.com/Documentos/Cabeceras/logo-competicion-4a.png",91,2026,107,NA,NA,6015,105377,NA,93836,FALSE,4480,4467,3388,"Barça","Barça","BAR",4480,3401,"Leyma Coruña","Leyma Coruña","COR",20212266,20212266,20212266,"Dídac  Cuevas Simarro","Dídac Cuevas","D. Cuevas","Cuevas",202,FALSE,202,NA,0,"0",4,230,0,1,0,1,2,50,2,2,100,0,1,1,0,1,0,0,0,0,0,0,1,5,0,0,2,0,NA
2230155,1,"Liga Nacional","Liga Endesa",-402534000,NA,"https://www.acb.com/Documentos/Cabeceras/logo-competicion-1b.png","https://www.acb.com/Documentos/Cabeceras/logo-competicion-4a.png",91,2026,107,NA,NA,6015,105377,NA,93780,TRUE,4467,4467,3388,"Barça","Barça","BAR",4480,3401,"Leyma Coruña","Leyma Coruña","COR",30005357,30005357,21104834,"Olivier Robinson Nkamhoua","Olivier Nkamhoua","O. Nkamhoua","Nkamhoua",202,FALSE,202,NA,0,"13",0,311,0,0,0,0,0,0,0,0,0,0,0,0,1,0,1,0,0,0,0,1,0,-1,0,1,-6,0,NA
2230157,1,"Liga Nacional","Liga Endesa",-402534000,NA,"https://www.acb.com/Documentos/Cabeceras/logo-competicion-1b.png","https://www.acb.com/Documentos/Cabeceras/logo-competicion-4a.png",91,2026,107,NA,NA,6015,105377,NA,93759,TRUE,4467,4467,3388,"Barça","Barça","BAR",4480,3401,"Leyma Coruña","Leyma Coruña","COR",30003340,30003340,21102903,"Justin Maurice Robinson","Justin Robinson","J. Robinson","Robinson",202,FALSE,202,NA,0,"5",2,299,0,0,0,1,1,100,0,0,0,0,0,0,0,0,1,0,0,0,0,3,0,-2,1,0,5,0,NA
2230151,1,"Liga Nacional","Liga Endesa",-402534000,NA,"https://www.acb.com/Documentos/Cabeceras/logo-competicion-1b.png","https://www.acb.com/Documentos/Cabeceras/logo-competicion-4a.png",91,2026,107,NA,NA,6015,105377,NA,93840,FALSE,4480,4467,3388,"Barça","Barça","BAR",4480,3401,"Leyma Coruña","Leyma Coruña","COR",20210493,20210493,20210493,"Jacobo  Díaz Alejano","Jacobo Diaz","J. Diaz","Diaz",202,FALSE,202,NA,0,"50",0,0,0,0,0,0,0,0,0,0,0,0,0,0,0,0,0,0,0,0,0,0,0,0,0,0,0,0,NA
2230150,1,"Liga Nacional","Liga Endesa",-402534000,NA,"https://www.acb.com/Documentos/Cabeceras/logo-competicion-1b.png","https://www.acb.com/Documentos/Cabeceras/logo-competicion-4a.png",91,2026,107,NA,NA,6015,105377,NA,93839,FALSE,4480,4467,3388,"Barça","Barça","BAR",4480,3401,"Leyma Coruña","Leyma Coruña","COR",20210815,20210815,20210815,"Guillem  Jou i Coll","Guillem Jou","G. Jou","Jou",202,FALSE,202,NA,0,"5",0,271,0,0,0,0,0,0,0,0,0,0,0,0,0,0,0,0,0,0,0,1,0,-1,0,0,0,0,NA
2230147,1,"Liga Nacional","Liga Endesa",-402534000,NA,"https://www.acb.com/Documentos/Cabeceras/logo-competicion-1b.png","https://www.acb.com/Documentos/Cabeceras/logo-competicion-4a.png",91,2026,107,NA,NA,6015,105377,NA,93833,FALSE,4480,4467,3388,"Barça","Barça","BAR",4480,3401,"Leyma Coruña","Leyma Coruña","COR",30003935,30003935,21103459,"Alonzo  Verge Jr","Alonzo Verge Jr.","A. Verge","Verge",202,FALSE,202,NA,0,"1",6,531,0,1,0,1,2,50,4,4,100,1,0,1,5,0,2,0,0,0,0,1,4,11,1,1,-5,0,NA
2230160,1,"Liga Nacional","Liga Endesa",-402534000,NA,"https://www.acb.com/Documentos/Cabeceras/logo-competicion-1b.png","https://www.acb.com/Documentos/Cabeceras/logo-competicion-4a.png",91,2026,107,NA,NA,6015,105377,NA,93774,TRUE,4467,4467,3388,"Barça","Barça","BAR",4480,3401,"Leyma Coruña","Leyma Coruña","COR",20212265,20212265,20212265,"Joel  Parra i López","Joel Parra","J. Parra","Parra",202,FALSE,202,NA,0,"44",4,531,0,0,0,2,5,40,0,0,0,0,1,1,2,1,0,0,0,0,0,0,0,5,1,1,7,0,NA
2230149,1,"Liga Nacional","Liga Endesa",-402534000,NA,"https://www.acb.com/Documentos/Cabeceras/logo-competicion-1b.png","https://www.acb.com/Documentos/Cabeceras/logo-competicion-4a.png",91,2026,107,NA,NA,6015,105377,NA,93842,FALSE,4480,4467,3388,"Barça","Barça","BAR",4480,3401,"Leyma Coruña","Leyma Coruña","COR",20211609,20211609,20211609,"Dino  Radoncic","Dino Radoncic","D. Radoncic","Radoncic",202,FALSE,202,NA,0,"8",2,329,0,1,0,1,2,50,0,0,0,2,0,2,0,0,1,0,0,0,0,1,0,0,0,0,-6,0,NA
2230158,1,"Liga Nacional","Liga Endesa",-402534000,NA,"https://www.acb.com/Documentos/Cabeceras/logo-competicion-1b.png","https://www.acb.com/Documentos/Cabeceras/logo-competicion-4a.png",91,2026,107,NA,NA,6015,105377,NA,93778,TRUE,4467,4467,3388,"Barça","Barça","BAR",4480,3401,"Leyma Coruña","Leyma Coruña","COR",30005378,30005378,21104855,"Tyrese Jeffrey Martin","Tyrese Martin","T. Martin","Martin",202,FALSE,202,NA,0,"2",5,334,1,3,33,1,2,50,0,0,0,0,0,0,1,1,0,0,0,0,1,0,0,4,0,0,-1,0,NA
2230161,1,"Liga Nacional","Liga Endesa",-402534000,NA,"https://www.acb.com/Documentos/Cabeceras/logo-competicion-1b.png","https://www.acb.com/Documentos/Cabeceras/logo-competicion-4a.png",91,2026,107,NA,NA,6015,105377,NA,93761,TRUE,4467,4467,3388,"Barça","Barça","BAR",4480,3401,"Leyma Coruña","Leyma Coruña","COR",30000093,30000093,21100092,"Juan  Núñez García","Juan Núñez","J. Núñez","Núñez",202,FALSE,202,NA,0,"17",0,145,0,0,0,0,0,0,0,0,0,0,0,0,0,0,0,0,0,0,0,0,2,2,0,0,8,0,NA
2230145,1,"Liga Nacional","Liga Endesa",-402534000,NA,"https://www.acb.com/Documentos/Cabeceras/logo-competicion-1b.png","https://www.acb.com/Documentos/Cabeceras/logo-competicion-4a.png",91,2026,107,NA,NA,6015,105377,NA,93838,FALSE,4480,4467,3388,"Barça","Barça","BAR",4480,3401,"Leyma Coruña","Leyma Coruña","COR",30000748,30000748,21100693,"Tomas  Dimsa","Tomas Dimsa","T. Dimsa","Dimsa",202,FALSE,202,NA,0,"33",0,0,0,0,0,0,0,0,0,0,0,0,0,0,0,0,0,0,0,0,0,0,0,0,0,0,0,0,NA
2230143,1,"Liga Nacional","Liga Endesa",-402534000,NA,"https://www.acb.com/Documentos/Cabeceras/logo-competicion-1b.png","https://www.acb.com/Documentos/Cabeceras/logo-competicion-4a.png",91,2026,107,NA,NA,6015,105377,NA,93845,FALSE,4480,4467,3388,"Barça","Barça","BAR",4480,3401,"Leyma Coruña","Leyma Coruña","COR",30003918,30003918,21103443,"Karlis  Silins","Karlis Silins","K. Silins","Silins",202,FALSE,202,NA,0,"25",0,432,0,1,0,0,0,0,0,0,0,0,0,0,0,0,0,0,0,0,0,0,0,-1,1,1,3,0,NA
2230146,1,"Liga Nacional","Liga Endesa",-402534000,NA,"https://www.acb.com/Documentos/Cabeceras/logo-competicion-1b.png","https://www.acb.com/Documentos/Cabeceras/logo-competicion-4a.png",91,2026,107,NA,NA,6015,105377,NA,93835,FALSE,4480,4467,3388,"Barça","Barça","BAR",4480,3401,"Leyma Coruña","Leyma Coruña","COR",30000967,30000967,21100843,"Caio  De Souza Pacheco","Caio Pacheco","C. Pacheco","Pacheco",202,FALSE,202,NA,0,"9",0,248,0,0,0,0,0,0,0,0,0,0,0,0,1,1,0,0,0,0,0,0,0,2,0,1,6,0,NA
2230148,1,"Liga Nacional","Liga Endesa",-402534000,NA,"https://www.acb.com/Documentos/Cabeceras/logo-competicion-1b.png","https://www.acb.com/Documentos/Cabeceras/logo-competicion-4a.png",91,2026,107,NA,NA,6015,105377,NA,93844,FALSE,4480,4467,3388,"Barça","Barça","BAR",4480,3401,"Leyma Coruña","Leyma Coruña","COR",30003388,30003388,21102945,"George  Conditt IV","George Conditt","G. Conditt","Conditt",202,FALSE,202,NA,0,"24",2,452,0,0,0,1,1,100,0,0,0,2,2,4,0,0,2,0,0,0,0,1,0,3,1,1,-2,0,NA
2230154,1,"Liga Nacional","Liga Endesa",-402534000,NA,"https://www.acb.com/Documentos/Cabeceras/logo-competicion-1b.png","https://www.acb.com/Documentos/Cabeceras/logo-competicion-4a.png",91,2026,107,NA,NA,6015,105377,NA,93766,TRUE,4467,4467,3388,"Barça","Barça","BAR",4480,3401,"Leyma Coruña","Leyma Coruña","COR",30003361,30003361,21102914,"Kevin Xavier Punter","Kevin Punter","K. Punter","Punter",202,FALSE,202,NA,0,"0",3,333,1,1,100,0,1,0,0,0,0,1,0,1,1,0,0,0,0,0,0,0,0,4,1,1,5,0,NA
2230142,1,"Liga Nacional","Liga Endesa",-402534000,NA,"https://www.acb.com/Documentos/Cabeceras/logo-competicion-1b.png","https://www.acb.com/Documentos/Cabeceras/logo-competicion-4a.png",91,2026,107,NA,NA,6015,105377,NA,93841,FALSE,4480,4467,3388,"Barça","Barça","BAR",4480,3401,"Leyma Coruña","Leyma Coruña","COR",30005395,30005395,21104872,"Lukas  Uleckas","Lukas Uleckas","L. Uleckas","Uleckas",202,FALSE,202,NA,0,"10",3,490,1,1,100,0,0,0,0,0,0,0,0,0,0,0,0,0,0,0,0,1,0,2,1,1,-3,0,NA
2230165,1,"Liga Nacional","Liga Endesa",-402534000,NA,"https://www.acb.com/Documentos/Cabeceras/logo-competicion-1b.png","https://www.acb.com/Documentos/Cabeceras/logo-competicion-4a.png",91,2026,107,NA,NA,6015,105377,NA,NA,FALSE,4480,4467,3388,"Barça","Barça","BAR",4480,3401,"Leyma Coruña","Leyma Coruña","COR",NA,NA,NA,NA,NA,NA,NA,NA,NA,NA,NA,0,NA,0,0,0,0,0,0,0,0,0,0,0,0,0,0,0,0,0,0,0,0,0,0,0,0,0,0,0,0,NA
2230144,1,"Liga Nacional","Liga Endesa",-402534000,NA,"https://www.acb.com/Documentos/Cabeceras/logo-competicion-1b.png","https://www.acb.com/Documentos/Cabeceras/logo-competicion-4a.png",91,2026,107,NA,NA,6015,105377,NA,93837,FALSE,4480,4467,3388,"Barça","Barça","BAR",4480,3401,"Leyma Coruña","Leyma Coruña","COR",30005396,30005396,21104873,"Paul Anders Jorgensen","Paul Jorgensen","P. Jorgensen","Jorgensen",202,FALSE,202,NA,0,"4",5,513,1,3,33,1,2,50,0,0,0,0,0,0,0,0,1,0,0,0,0,0,1,2,1,0,-9,0,NA
2230141,1,"Liga Nacional","Liga Endesa",-402534000,NA,"https://www.acb.com/Documentos/Cabeceras/logo-competicion-1b.png","https://www.acb.com/Documentos/Cabeceras/logo-competicion-4a.png",91,2026,107,NA,NA,6015,105377,NA,93843,FALSE,4480,4467,3388,"Barça","Barça","BAR",4480,3401,"Leyma Coruña","Leyma Coruña","COR",30005393,30005393,21104870,"Dmytro Skapintsev","Dmytro Skapintsev","D. Skapintsev","Skapintsev",202,FALSE,202,NA,0,"44",4,309,0,0,0,1,4,25,2,4,50,2,3,5,0,1,0,0,0,0,0,0,2,7,0,0,-1,0,NA
2230163,1,"Liga Nacional","Liga Endesa",-402534000,NA,"https://www.acb.com/Documentos/Cabeceras/logo-competicion-1b.png","https://www.acb.com/Documentos/Cabeceras/logo-competicion-4a.png",91,2026,107,NA,NA,6015,105377,NA,93784,TRUE,4467,4467,3388,"Barça","Barça","BAR",4480,3401,"Leyma Coruña","Leyma Coruña","COR",20212243,20212243,20212243,"Aleksander Roman Balcerowski","Olek Balcerowski","O. Balcerowski","Balcerowski",202,FALSE,202,NA,0,"22",4,450,0,0,0,1,1,100,2,2,100,1,1,2,0,1,0,0,0,0,0,1,1,7,1,0,9,0,NA
2230140,1,"Liga Nacional","Liga Endesa",-402534000,NA,"https://www.acb.com/Documentos/Cabeceras/logo-competicion-1b.png","https://www.acb.com/Documentos/Cabeceras/logo-competicion-4a.png",91,2026,107,NA,NA,6015,105377,NA,93775,TRUE,4467,4467,3388,"Barça","Barça","BAR",4480,3401,"Leyma Coruña","Leyma Coruña","COR",30005361,30005361,21104838,"Stanley Ayobami Umude","Stanley Umude","S. Umude","Umude",202,FALSE,202,NA,0,"3",0,230,0,0,0,0,1,0,0,0,0,1,1,2,0,0,1,0,0,0,0,0,0,0,0,0,-4,0,NA
2230164,1,"Liga Nacional","Liga Endesa",-402534000,NA,"https://www.acb.com/Documentos/Cabeceras/logo-competicion-1b.png","https://www.acb.com/Documentos/Cabeceras/logo-competicion-4a.png",91,2026,107,NA,NA,6015,105377,NA,NA,TRUE,4467,4467,3388,"Barça","Barça","BAR",4480,3401,"Leyma Coruña","Leyma Coruña","COR",NA,NA,NA,NA,NA,NA,NA,NA,NA,NA,NA,0,NA,0,0,0,0,0,0,0,0,0,0,0,2,0,2,0,0,0,0,0,0,0,0,0,2,0,0,0,0,NA
2230379,1,"Liga Nacional","Liga Endesa",-402534000,NA,"https://www.acb.com/Documentos/Cabeceras/logo-competicion-1b.png","https://www.acb.com/Documentos/Cabeceras/logo-competicion-4a.png",91,2026,107,NA,NA,6015,105378,NA,93829,FALSE,4473,4464,3385,"Río Breogán","Río Breogán","BRE",4473,3394,"Asisa Joventut","Asisa Joventut","JOV",30001229,30001229,21101034,"Eli John Ndiaye Faye","Eli Ndiaye","E. Ndiaye","Ndiaye",202,FALSE,202,NA,1,"4",10,1312,0,2,0,4,5,80,2,2,100,4,1,5,1,1,1,0,2,0,1,4,1,12,0,1,-3,0,NA
2230380,1,"Liga Nacional","Liga Endesa",-402534000,NA,"https://www.acb.com/Documentos/Cabeceras/logo-competicion-1b.png","https://www.acb.com/Documentos/Cabeceras/logo-competicion-4a.png",91,2026,107,NA,NA,6015,105378,NA,93653,FALSE,4473,4464,3385,"Río Breogán","Río Breogán","BRE",4473,3394,"Asisa Joventut","Asisa Joventut","JOV",20210498,20210498,20210498,"Ludvig Erik Hakanson","Ludde Hakanson","L. Hakanson","Hakanson",202,FALSE,202,NA,1,"12",9,891,3,5,60,0,1,0,0,0,0,3,0,3,1,0,1,0,0,0,0,1,1,9,0,0,-4,0,NA
2230372,1,"Liga Nacional","Liga Endesa",-402534000,NA,"https://www.acb.com/Documentos/Cabeceras/logo-competicion-1b.png","https://www.acb.com/Documentos/Cabeceras/logo-competicion-4a.png",91,2026,107,NA,NA,6015,105378,NA,93654,FALSE,4473,4464,3385,"Río Breogán","Río Breogán","BRE",4473,3394,"Asisa Joventut","Asisa Joventut","JOV",20211947,20211947,20211947,"Nicolas  Laprovittola","Nico Laprovittola","N. Laprovittola","Laprovittola",202,FALSE,202,NA,1,"10",22,1415,2,9,22,7,9,77,2,2,100,3,3,6,4,0,3,0,0,0,0,2,4,22,0,1,-3,0,NA
2230368,1,"Liga Nacional","Liga Endesa",-402534000,NA,"https://www.acb.com/Documentos/Cabeceras/logo-competicion-1b.png","https://www.acb.com/Documentos/Cabeceras/logo-competicion-4a.png",91,2026,107,NA,NA,6015,105378,NA,93661,TRUE,4464,4464,3385,"Río Breogán","Río Breogán","BRE",4473,3394,"Asisa Joventut","Asisa Joventut","JOV",30001182,30001182,21101002,"Erik  Quintela Salvador","Erik Quintela","E. Quintela","Quintela",202,FALSE,202,NA,1,"23",0,106,0,0,0,0,0,0,0,0,0,0,0,0,1,0,0,0,0,0,0,0,0,1,0,0,-2,0,NA
2230367,1,"Liga Nacional","Liga Endesa",-402534000,NA,"https://www.acb.com/Documentos/Cabeceras/logo-competicion-1b.png","https://www.acb.com/Documentos/Cabeceras/logo-competicion-4a.png",91,2026,107,NA,NA,6015,105378,NA,93664,TRUE,4464,4464,3385,"Río Breogán","Río Breogán","BRE",4473,3394,"Asisa Joventut","Asisa Joventut","JOV",30005412,30005412,21104889,"Rasir Zias Bolton","Rasier Bolton","R. Bolton","Bolton",202,FALSE,202,NA,1,"45",17,1309,0,0,0,4,8,50,9,10,90,0,0,0,7,0,2,0,0,0,0,2,6,21,1,1,0,0,NA
2230378,1,"Liga Nacional","Liga Endesa",-402534000,NA,"https://www.acb.com/Documentos/Cabeceras/logo-competicion-1b.png","https://www.acb.com/Documentos/Cabeceras/logo-competicion-4a.png",91,2026,107,NA,NA,6015,105378,NA,93656,FALSE,4473,4464,3385,"Río Breogán","Río Breogán","BRE",4473,3394,"Asisa Joventut","Asisa Joventut","JOV",30004053,30004053,21103564,"Isaac  Nogués Gonzalez","Isaac Nogués","I. Nogués","Nogués",202,FALSE,202,NA,1,"32",0,548,0,0,0,0,0,0,0,0,0,2,0,2,0,2,0,0,0,0,0,1,2,5,0,0,-3,0,NA
2230366,1,"Liga Nacional","Liga Endesa",-402534000,NA,"https://www.acb.com/Documentos/Cabeceras/logo-competicion-1b.png","https://www.acb.com/Documentos/Cabeceras/logo-competicion-4a.png",91,2026,107,NA,NA,6015,105378,NA,93673,TRUE,4464,4464,3385,"Río Breogán","Río Breogán","BRE",4473,3394,"Asisa Joventut","Asisa Joventut","JOV",30005411,30005411,21104888,"Tevin Dejuan Brown","Tevin Brown","T. Brown","Brown",202,FALSE,202,NA,1,"5",14,1583,3,10,30,2,4,50,1,2,50,7,0,7,5,0,1,0,0,1,0,3,2,13,1,1,2,0,NA
2230363,1,"Liga Nacional","Liga Endesa",-402534000,NA,"https://www.acb.com/Documentos/Cabeceras/logo-competicion-1b.png","https://www.acb.com/Documentos/Cabeceras/logo-competicion-4a.png",91,2026,107,NA,NA,6015,105378,NA,93659,TRUE,4464,4464,3385,"Río Breogán","Río Breogán","BRE",4473,3394,"Asisa Joventut","Asisa Joventut","JOV",20212431,20212431,20212431,"Dominik  Mavra","Dominik Mavra","D. Mavra","Mavra",202,FALSE,202,NA,1,"19",16,1091,3,3,100,2,4,50,3,6,50,1,0,1,2,0,2,3,0,0,0,2,3,13,0,0,6,0,NA
2230371,1,"Liga Nacional","Liga Endesa",-402534000,NA,"https://www.acb.com/Documentos/Cabeceras/logo-competicion-1b.png","https://www.acb.com/Documentos/Cabeceras/logo-competicion-4a.png",91,2026,107,NA,NA,6015,105378,NA,93668,TRUE,4464,4464,3385,"Río Breogán","Río Breogán","BRE",4473,3394,"Asisa Joventut","Asisa Joventut","JOV",20210585,20210585,20210585,"Francisco Fernando Alonso Martínez","Francis Alonso","F. Alonso","Alonso",202,FALSE,202,NA,1,"10",14,1603,2,3,66,2,5,40,4,4,100,2,1,3,5,1,0,0,0,1,0,0,3,21,0,1,4,0,NA
2230361,1,"Liga Nacional","Liga Endesa",-402534000,NA,"https://www.acb.com/Documentos/Cabeceras/logo-competicion-1b.png","https://www.acb.com/Documentos/Cabeceras/logo-competicion-4a.png",91,2026,107,NA,NA,6015,105378,NA,93686,TRUE,4464,4464,3385,"Río Breogán","Río Breogán","BRE",4473,3394,"Asisa Joventut","Asisa Joventut","JOV",30005410,30005410,21104887,"Aleksa  Ilic","Aleksa  Ilić","A. Ilić","Ilić",202,FALSE,202,NA,1,"2",11,1089,0,0,0,5,7,71,1,1,100,1,2,3,0,2,2,0,0,0,2,2,1,11,0,1,0,0,NA
2230375,1,"Liga Nacional","Liga Endesa",-402534000,NA,"https://www.acb.com/Documentos/Cabeceras/logo-competicion-1b.png","https://www.acb.com/Documentos/Cabeceras/logo-competicion-4a.png",91,2026,107,NA,NA,6015,105378,NA,93652,FALSE,4473,4464,3385,"Río Breogán","Río Breogán","BRE",4473,3394,"Asisa Joventut","Asisa Joventut","JOV",30005413,30005413,21104890,"Rejean Amor Ellis","Boogie Ellis","B. Ellis","Ellis",202,FALSE,202,NA,1,"3",11,1215,1,5,20,2,4,50,4,4,100,3,0,3,0,0,1,2,0,0,0,3,2,6,1,0,1,0,NA
2230373,1,"Liga Nacional","Liga Endesa",-402534000,NA,"https://www.acb.com/Documentos/Cabeceras/logo-competicion-1b.png","https://www.acb.com/Documentos/Cabeceras/logo-competicion-4a.png",91,2026,107,NA,NA,6015,105378,NA,93660,FALSE,4473,4464,3385,"Río Breogán","Río Breogán","BRE",4473,3394,"Asisa Joventut","Asisa Joventut","JOV",30000927,30000927,21100827,"Kwan Treill Cheatham Jr","Kwan Cheatham","K. Cheatham","Cheatham",202,FALSE,202,NA,1,"55",9,1610,2,4,50,1,3,33,1,2,50,4,3,7,1,0,1,0,0,0,0,1,1,11,1,1,-13,0,NA
2230376,1,"Liga Nacional","Liga Endesa",-402534000,NA,"https://www.acb.com/Documentos/Cabeceras/logo-competicion-1b.png","https://www.acb.com/Documentos/Cabeceras/logo-competicion-4a.png",91,2026,107,NA,NA,6015,105378,NA,93655,FALSE,4473,4464,3385,"Río Breogán","Río Breogán","BRE",4473,3394,"Asisa Joventut","Asisa Joventut","JOV",20201871,20201871,20201871,"Ricard  Rubio Vives","Ricky Rubio","R. Rubio","Rubio",202,FALSE,202,NA,1,"9",18,1609,1,3,33,6,10,60,3,3,100,2,0,2,10,1,1,4,1,0,0,3,4,26,1,1,0,0,NA
2230369,1,"Liga Nacional","Liga Endesa",-402534000,NA,"https://www.acb.com/Documentos/Cabeceras/logo-competicion-1b.png","https://www.acb.com/Documentos/Cabeceras/logo-competicion-4a.png",91,2026,107,NA,NA,6015,105378,NA,93669,TRUE,4464,4464,3385,"Río Breogán","Río Breogán","BRE",4473,3394,"Asisa Joventut","Asisa Joventut","JOV",20212312,20212312,20212312,"Josep  Peris Crespo","Josep Peris","J. Peris","Peris",202,FALSE,202,NA,1,"9",2,709,0,1,0,1,4,25,0,0,0,1,0,1,0,1,1,2,0,1,0,2,1,-3,1,0,5,0,NA
2230370,1,"Liga Nacional","Liga Endesa",-402534000,NA,"https://www.acb.com/Documentos/Cabeceras/logo-competicion-1b.png","https://www.acb.com/Documentos/Cabeceras/logo-competicion-4a.png",91,2026,107,NA,NA,6015,105378,NA,93688,TRUE,4464,4464,3385,"Río Breogán","Río Breogán","BRE",4473,3394,"Asisa Joventut","Asisa Joventut","JOV",20210571,20210571,20210571,"Jonathan Kasibabu  Martín Barber","Jonathan Kasibabu","J. Kasibabu","Kasibabu",202,FALSE,202,NA,0,"88",0,0,0,0,0,0,0,0,0,0,0,0,0,0,0,0,0,0,0,0,0,0,0,0,0,0,0,0,NA
2230365,1,"Liga Nacional","Liga Endesa",-402534000,NA,"https://www.acb.com/Documentos/Cabeceras/logo-competicion-1b.png","https://www.acb.com/Documentos/Cabeceras/logo-competicion-4a.png",91,2026,107,NA,NA,6015,105378,NA,93671,TRUE,4464,4464,3385,"Río Breogán","Río Breogán","BRE",4473,3394,"Asisa Joventut","Asisa Joventut","JOV",30003394,30003394,21102951,"Aleksandar  Aranitovic","Aleksandar Aranitovic","A. Aranitovic","Aranitovic",202,FALSE,202,NA,1,"17",4,814,1,6,16,0,1,0,1,2,50,4,0,4,0,2,0,0,0,0,0,0,2,5,0,0,0,0,NA
2230364,1,"Liga Nacional","Liga Endesa",-402534000,NA,"https://www.acb.com/Documentos/Cabeceras/logo-competicion-1b.png","https://www.acb.com/Documentos/Cabeceras/logo-competicion-4a.png",91,2026,107,NA,NA,6015,105378,NA,93687,TRUE,4464,4464,3385,"Río Breogán","Río Breogán","BRE",4473,3394,"Asisa Joventut","Asisa Joventut","JOV",30004004,30004004,21103523,"Danko  Brankovic","Danko Brankovic","D. Brankovic","Brankovic",202,FALSE,202,NA,1,"22",14,1296,0,0,0,4,5,80,6,6,100,7,2,9,2,1,0,2,1,0,0,1,4,29,1,0,9,0,NA
2230362,1,"Liga Nacional","Liga Endesa",-402534000,NA,"https://www.acb.com/Documentos/Cabeceras/logo-competicion-1b.png","https://www.acb.com/Documentos/Cabeceras/logo-competicion-4a.png",91,2026,107,NA,NA,6015,105378,NA,93680,TRUE,4464,4464,3385,"Río Breogán","Río Breogán","BRE",4473,3394,"Asisa Joventut","Asisa Joventut","JOV",30002695,30002695,21102324,"Mihajlo  Andrić","Mihajlo Andric","M. Andric","Andric",202,FALSE,202,NA,1,"37",8,1189,2,3,66,1,1,100,0,0,0,0,0,0,0,0,0,3,0,0,0,3,1,5,1,1,2,0,NA
2230360,1,"Liga Nacional","Liga Endesa",-402534000,NA,"https://www.acb.com/Documentos/Cabeceras/logo-competicion-1b.png","https://www.acb.com/Documentos/Cabeceras/logo-competicion-4a.png",91,2026,107,NA,NA,6015,105378,NA,93676,TRUE,4464,4464,3385,"Río Breogán","Río Breogán","BRE",4473,3394,"Asisa Joventut","Asisa Joventut","JOV",30005394,30005394,21104871,"Andersson Mejia Garcia","Andersson García","A. García","García",202,FALSE,202,NA,1,"11",10,1211,1,2,50,3,3,100,1,2,50,3,3,6,1,0,1,2,0,0,0,3,2,13,0,0,4,0,NA
2230377,1,"Liga Nacional","Liga Endesa",-402534000,NA,"https://www.acb.com/Documentos/Cabeceras/logo-competicion-1b.png","https://www.acb.com/Documentos/Cabeceras/logo-competicion-4a.png",91,2026,107,NA,NA,6015,105378,NA,93657,FALSE,4473,4464,3385,"Río Breogán","Río Breogán","BRE",4473,3394,"Asisa Joventut","Asisa Joventut","JOV",20204133,20204133,20204133,"Alejandro  Reyes Abad","Álex Reyes","A. Reyes","Reyes",202,FALSE,202,NA,1,"18",13,1400,3,8,37,0,1,0,4,4,100,2,0,2,2,0,0,0,0,0,0,4,1,8,1,1,6,0,NA
2230381,1,"Liga Nacional","Liga Endesa",-402534000,NA,"https://www.acb.com/Documentos/Cabeceras/logo-competicion-1b.png","https://www.acb.com/Documentos/Cabeceras/logo-competicion-4a.png",91,2026,107,NA,NA,6015,105378,NA,NA,TRUE,4464,4464,3385,"Río Breogán","Río Breogán","BRE",4473,3394,"Asisa Joventut","Asisa Joventut","JOV",NA,NA,NA,NA,NA,NA,NA,NA,NA,NA,NA,0,NA,0,0,0,0,0,0,0,0,0,0,0,2,1,3,0,0,0,0,0,0,0,0,0,3,0,0,0,0,NA
2230358,1,"Liga Nacional","Liga Endesa",-402534000,NA,"https://www.acb.com/Documentos/Cabeceras/logo-competicion-1b.png","https://www.acb.com/Documentos/Cabeceras/logo-competicion-4a.png",91,2026,107,NA,NA,6015,105378,NA,93973,FALSE,4473,4464,3385,"Río Breogán","Río Breogán","BRE",4473,3394,"Asisa Joventut","Asisa Joventut","JOV",30003447,30003447,21102999,"Adrian  Torres De la torre","Adrián Torres","A. Torres","Torres",202,FALSE,202,NA,1,"20",4,729,0,0,0,2,2,100,0,0,0,0,0,0,0,0,0,0,0,0,0,1,0,3,0,0,-12,0,NA
2230359,1,"Liga Nacional","Liga Endesa",-402534000,NA,"https://www.acb.com/Documentos/Cabeceras/logo-competicion-1b.png","https://www.acb.com/Documentos/Cabeceras/logo-competicion-4a.png",91,2026,107,NA,NA,6015,105378,NA,93974,FALSE,4473,4464,3385,"Río Breogán","Río Breogán","BRE",4473,3394,"Asisa Joventut","Asisa Joventut","JOV",30004809,30004809,21104315,"Daniel Osayi James","Dani Osayi","D. Osayi",NA,202,FALSE,202,NA,0,"33",0,0,0,0,0,0,0,0,0,0,0,0,0,0,0,0,0,0,0,0,0,0,0,0,0,0,0,0,NA
2230374,1,"Liga Nacional","Liga Endesa",-402534000,NA,"https://www.acb.com/Documentos/Cabeceras/logo-competicion-1b.png","https://www.acb.com/Documentos/Cabeceras/logo-competicion-4a.png",91,2026,107,NA,NA,6015,105378,NA,93666,FALSE,4473,4464,3385,"Río Breogán","Río Breogán","BRE",4473,3394,"Asisa Joventut","Asisa Joventut","JOV",20212423,20212423,20212423,"Simon Fredrik Stefan Birgander","Simon Birgander","S. Birgander","Birgander",202,FALSE,202,NA,1,"35",8,1271,0,0,0,3,4,75,2,2,100,2,1,3,1,0,1,0,0,1,0,5,2,6,1,0,1,0,NA
2230382,1,"Liga Nacional","Liga Endesa",-402534000,NA,"https://www.acb.com/Documentos/Cabeceras/logo-competicion-1b.png","https://www.acb.com/Documentos/Cabeceras/logo-competicion-4a.png",91,2026,107,NA,NA,6015,105378,NA,NA,FALSE,4473,4464,3385,"Río Breogán","Río Breogán","BRE",4473,3394,"Asisa Joventut","Asisa Joventut","JOV",NA,NA,NA,NA,NA,NA,NA,NA,NA,NA,NA,0,NA,0,0,0,0,0,0,0,0,0,0,0,0,0,0,0,0,0,0,0,0,0,0,0,0,0,0,0,0,NA
2230489,1,"Liga Nacional","Liga Endesa",-402534000,NA,"https://www.acb.com/Documentos/Cabeceras/logo-competicion-1b.png","https://www.acb.com/Documentos/Cabeceras/logo-competicion-4a.png",91,2026,107,NA,NA,6015,105379,NA,NA,FALSE,4463,4469,3390,"Recoletas Salud San Pablo Burgos","Recoletas Salud","BUR",4463,2729,"Kosner Baskonia","Kosner Baskonia","BKN",NA,NA,NA,NA,NA,NA,NA,NA,NA,NA,NA,0,NA,0,0,0,0,0,0,0,0,0,0,0,1,1,2,0,0,0,0,0,0,0,0,0,2,0,0,0,0,NA
2230487,1,"Liga Nacional","Liga Endesa",-402534000,NA,"https://www.acb.com/Documentos/Cabeceras/logo-competicion-1b.png","https://www.acb.com/Documentos/Cabeceras/logo-competicion-4a.png",91,2026,107,NA,NA,6015,105379,NA,93639,FALSE,4463,4469,3390,"Recoletas Salud San Pablo Burgos","Recoletas Salud","BUR",4463,2729,"Kosner Baskonia","Kosner Baskonia","BKN",30004071,30004071,21103581,"Stefan  Joksimovic","Stefan Joksimovic","S. Joksimovic","Joksimovic",202,FALSE,202,NA,0,"6",0,106,0,1,0,0,0,0,0,0,0,0,0,0,0,0,0,0,0,0,0,1,0,-2,0,0,-5,0,NA
2230482,1,"Liga Nacional","Liga Endesa",-402534000,NA,"https://www.acb.com/Documentos/Cabeceras/logo-competicion-1b.png","https://www.acb.com/Documentos/Cabeceras/logo-competicion-4a.png",91,2026,107,NA,NA,6015,105379,NA,93635,FALSE,4463,4469,3390,"Recoletas Salud San Pablo Burgos","Recoletas Salud","BUR",4463,2729,"Kosner Baskonia","Kosner Baskonia","BKN",30001957,30001957,21101631,"Markus Anthony Howard","Markus Howard","M. Howard","Howard",202,FALSE,202,NA,0,"0",8,805,1,3,33,1,1,100,3,3,100,1,0,1,0,0,1,0,0,1,0,1,3,7,0,0,5,0,NA
2230474,1,"Liga Nacional","Liga Endesa",-402534000,NA,"https://www.acb.com/Documentos/Cabeceras/logo-competicion-1b.png","https://www.acb.com/Documentos/Cabeceras/logo-competicion-4a.png",91,2026,107,NA,NA,6015,105379,NA,93773,TRUE,4469,4469,3390,"Recoletas Salud San Pablo Burgos","Recoletas Salud","BUR",4463,2729,"Kosner Baskonia","Kosner Baskonia","BKN",20204156,20204156,20204156,"Daniel  Díez De La Faya","Dani Díez","D. Díez","Díez",202,FALSE,202,NA,0,"11",4,1132,0,0,0,1,3,33,2,2,100,9,0,9,2,0,0,0,0,0,0,0,1,14,0,1,10,0,NA
2230479,1,"Liga Nacional","Liga Endesa",-402534000,NA,"https://www.acb.com/Documentos/Cabeceras/logo-competicion-1b.png","https://www.acb.com/Documentos/Cabeceras/logo-competicion-4a.png",91,2026,107,NA,NA,6015,105379,NA,93633,FALSE,4463,4469,3390,"Recoletas Salud San Pablo Burgos","Recoletas Salud","BUR",4463,2729,"Kosner Baskonia","Kosner Baskonia","BKN",30005384,30005384,21104861,"Damion Devon Baugh","Damion Baugh","D. Baugh","Baugh",202,FALSE,202,NA,0,"12",8,1198,0,4,0,4,4,100,0,0,0,3,0,3,8,6,3,6,0,0,1,2,1,17,1,1,1,0,NA
2230477,1,"Liga Nacional","Liga Endesa",-402534000,NA,"https://www.acb.com/Documentos/Cabeceras/logo-competicion-1b.png","https://www.acb.com/Documentos/Cabeceras/logo-competicion-4a.png",91,2026,107,NA,NA,6015,105379,NA,93634,FALSE,4463,4469,3390,"Recoletas Salud San Pablo Burgos","Recoletas Salud","BUR",4463,2729,"Kosner Baskonia","Kosner Baskonia","BKN",30004878,30004878,21104384,"Kobi Jordan Simmons","Kobi Simmons","K. Simmons","Simmons",202,FALSE,202,NA,0,"2",10,1033,0,1,0,3,6,50,4,5,80,1,1,2,2,1,2,0,0,1,0,2,2,7,0,0,-2,0,NA
2230476,1,"Liga Nacional","Liga Endesa",-402534000,NA,"https://www.acb.com/Documentos/Cabeceras/logo-competicion-1b.png","https://www.acb.com/Documentos/Cabeceras/logo-competicion-4a.png",91,2026,107,NA,NA,6015,105379,NA,93637,FALSE,4463,4469,3390,"Recoletas Salud San Pablo Burgos","Recoletas Salud","BUR",4463,2729,"Kosner Baskonia","Kosner Baskonia","BKN",30003966,30003966,21103485,"Christopher  Theoret Duarte","Chris Duarte","C. Duarte","Duarte",202,FALSE,202,NA,0,"5",13,1423,2,5,40,1,2,50,5,5,100,1,0,1,2,0,0,0,1,0,0,2,3,14,1,1,-5,0,NA
2230471,1,"Liga Nacional","Liga Endesa",-402534000,NA,"https://www.acb.com/Documentos/Cabeceras/logo-competicion-1b.png","https://www.acb.com/Documentos/Cabeceras/logo-competicion-4a.png",91,2026,107,NA,NA,6015,105379,NA,93741,TRUE,4469,4469,3390,"Recoletas Salud San Pablo Burgos","Recoletas Salud","BUR",4463,2729,"Kosner Baskonia","Kosner Baskonia","BKN",30000291,30000291,20212742,"Ziga  Samar","Ziga Samar","Z. Samar","Samar",202,FALSE,202,NA,0,"5",17,1297,0,1,0,7,10,70,3,3,100,3,3,6,3,2,4,4,0,0,0,4,3,19,0,1,1,0,NA
2230481,1,"Liga Nacional","Liga Endesa",-402534000,NA,"https://www.acb.com/Documentos/Cabeceras/logo-competicion-1b.png","https://www.acb.com/Documentos/Cabeceras/logo-competicion-4a.png",91,2026,107,NA,NA,6015,105379,NA,93643,FALSE,4463,4469,3390,"Recoletas Salud San Pablo Burgos","Recoletas Salud","BUR",4463,2729,"Kosner Baskonia","Kosner Baskonia","BKN",30003941,30003941,21103465,"Clement  Frisch","Clement Frisch","C. Frisch","Frisch",202,FALSE,202,NA,0,"25",11,867,2,2,100,2,2,100,1,1,100,2,0,2,1,0,0,5,0,0,0,1,2,15,0,0,-2,0,NA
2230470,1,"Liga Nacional","Liga Endesa",-402534000,NA,"https://www.acb.com/Documentos/Cabeceras/logo-competicion-1b.png","https://www.acb.com/Documentos/Cabeceras/logo-competicion-4a.png",91,2026,107,NA,NA,6015,105379,NA,93747,TRUE,4469,4469,3390,"Recoletas Salud San Pablo Burgos","Recoletas Salud","BUR",4463,2729,"Kosner Baskonia","Kosner Baskonia","BKN",30005424,30005424,21104900,"Danny Boy Steward","DJ Steward","DJ Steward","Steward",202,FALSE,202,NA,0,"4",15,1364,1,6,16,6,10,60,0,0,0,0,1,1,1,1,3,2,1,0,0,1,1,7,1,1,-5,0,NA
2230466,1,"Liga Nacional","Liga Endesa",-402534000,NA,"https://www.acb.com/Documentos/Cabeceras/logo-competicion-1b.png","https://www.acb.com/Documentos/Cabeceras/logo-competicion-4a.png",91,2026,107,NA,NA,6015,105379,NA,93757,TRUE,4469,4469,3390,"Recoletas Salud San Pablo Burgos","Recoletas Salud","BUR",4463,2729,"Kosner Baskonia","Kosner Baskonia","BKN",30005371,30005371,21104848,"Dusan  Radosavljevic","Dusan  Radosavljevic","D.Radosavljevic","Radosav.",202,FALSE,202,NA,0,"15",2,1194,0,1,0,0,2,0,2,2,100,2,1,3,1,1,2,0,0,0,0,4,2,0,1,0,-3,0,NA
2230464,1,"Liga Nacional","Liga Endesa",-402534000,NA,"https://www.acb.com/Documentos/Cabeceras/logo-competicion-1b.png","https://www.acb.com/Documentos/Cabeceras/logo-competicion-4a.png",91,2026,107,NA,NA,6015,105379,NA,94709,TRUE,4469,4469,3390,"Recoletas Salud San Pablo Burgos","Recoletas Salud","BUR",4463,2729,"Kosner Baskonia","Kosner Baskonia","BKN",30004052,30004052,21103563,"Joaquín  Taboada Lühers","Joaquín Taboada","J. Taboada","Taboada",202,FALSE,202,NA,0,"59",4,703,0,1,0,2,4,50,0,0,0,0,3,3,2,1,0,0,0,0,0,1,0,6,0,0,7,0,NA
2230475,1,"Liga Nacional","Liga Endesa",-402534000,NA,"https://www.acb.com/Documentos/Cabeceras/logo-competicion-1b.png","https://www.acb.com/Documentos/Cabeceras/logo-competicion-4a.png",91,2026,107,NA,NA,6015,105379,NA,93760,TRUE,4469,4469,3390,"Recoletas Salud San Pablo Burgos","Recoletas Salud","BUR",4463,2729,"Kosner Baskonia","Kosner Baskonia","BKN",20204078,20204078,20204078,"Pablo  Almazán Sierra","Pablo Almazán","P. Almazán","Almazán",202,FALSE,202,NA,0,"8",0,80,0,0,0,0,0,0,0,0,0,0,0,0,0,0,0,0,0,0,0,0,0,0,0,0,4,0,NA
2230469,1,"Liga Nacional","Liga Endesa",-402534000,NA,"https://www.acb.com/Documentos/Cabeceras/logo-competicion-1b.png","https://www.acb.com/Documentos/Cabeceras/logo-competicion-4a.png",91,2026,107,NA,NA,6015,105379,NA,94428,TRUE,4469,4469,3390,"Recoletas Salud San Pablo Burgos","Recoletas Salud","BUR",4463,2729,"Kosner Baskonia","Kosner Baskonia","BKN",30003411,30003411,21102953,"Sekou Oumar Doumbouya","Sekou Doumbouya","S. Doumbouya","Doumbouya",202,FALSE,202,NA,0,"45",10,981,0,3,0,4,7,57,2,4,50,2,0,2,1,1,2,0,0,0,1,5,3,2,1,0,-10,0,NA
2230468,1,"Liga Nacional","Liga Endesa",-402534000,NA,"https://www.acb.com/Documentos/Cabeceras/logo-competicion-1b.png","https://www.acb.com/Documentos/Cabeceras/logo-competicion-4a.png",91,2026,107,NA,NA,6015,105379,NA,93767,TRUE,4469,4469,3390,"Recoletas Salud San Pablo Burgos","Recoletas Salud","BUR",4463,2729,"Kosner Baskonia","Kosner Baskonia","BKN",30005370,30005370,21104847,"Christian  Sengfelder","Christian  Sengfelder","C. Sengfelder","Sengfelder",202,FALSE,202,NA,0,"43",13,1438,0,1,0,5,6,83,3,5,60,4,1,5,1,0,0,4,0,1,0,1,3,16,0,1,-8,0,NA
2230473,1,"Liga Nacional","Liga Endesa",-402534000,NA,"https://www.acb.com/Documentos/Cabeceras/logo-competicion-1b.png","https://www.acb.com/Documentos/Cabeceras/logo-competicion-4a.png",91,2026,107,NA,NA,6015,105379,NA,93781,TRUE,4469,4469,3390,"Recoletas Salud San Pablo Burgos","Recoletas Salud","BUR",4463,2729,"Kosner Baskonia","Kosner Baskonia","BKN",20210707,20210707,20210707,"Rubén  Guerrero Pino","Rubén Guerrero","R. Guerrero","Guerrero",202,FALSE,202,NA,0,"12",4,442,0,0,0,2,3,66,0,0,0,1,1,2,0,0,0,0,0,1,0,0,1,5,0,0,-2,0,NA
2230486,1,"Liga Nacional","Liga Endesa",-402534000,NA,"https://www.acb.com/Documentos/Cabeceras/logo-competicion-1b.png","https://www.acb.com/Documentos/Cabeceras/logo-competicion-4a.png",91,2026,107,NA,NA,6015,105379,NA,93641,FALSE,4463,4469,3390,"Recoletas Salud San Pablo Burgos","Recoletas Salud","BUR",4463,2729,"Kosner Baskonia","Kosner Baskonia","BKN",20211797,20211797,20211797,"Rodions  Kurucs","Rodions Kurucs","R. Kurucs","Kurucs",202,FALSE,202,NA,0,"7",4,1200,0,0,0,2,5,40,0,0,0,1,1,2,2,1,2,2,0,0,0,5,0,-1,0,0,5,0,NA
2230485,1,"Liga Nacional","Liga Endesa",-402534000,NA,"https://www.acb.com/Documentos/Cabeceras/logo-competicion-1b.png","https://www.acb.com/Documentos/Cabeceras/logo-competicion-4a.png",91,2026,107,NA,NA,6015,105379,NA,93642,FALSE,4463,4469,3390,"Recoletas Salud San Pablo Burgos","Recoletas Salud","BUR",4463,2729,"Kosner Baskonia","Kosner Baskonia","BKN",20210830,20210830,20210830,"Tadas  Sedekerskis","Tadas Sedekerskis","T. Sedekerskis","Sedekerskis",202,FALSE,202,NA,0,"8",8,996,1,1,100,1,1,100,3,3,100,3,0,3,2,0,0,2,0,0,0,0,3,16,1,0,2,0,NA
2230478,1,"Liga Nacional","Liga Endesa",-402534000,NA,"https://www.acb.com/Documentos/Cabeceras/logo-competicion-1b.png","https://www.acb.com/Documentos/Cabeceras/logo-competicion-4a.png",91,2026,107,NA,NA,6015,105379,NA,93636,FALSE,4463,4469,3390,"Recoletas Salud San Pablo Burgos","Recoletas Salud","BUR",4463,2729,"Kosner Baskonia","Kosner Baskonia","BKN",30005375,30005375,21104852,"Anthony Randolph Lawson","AJ Lawson","AJ Lawson","Lawson",202,FALSE,202,NA,0,"1",13,1364,2,7,28,2,4,50,3,4,75,1,0,1,2,1,1,2,1,0,0,1,4,12,0,1,-9,0,NA
2230488,1,"Liga Nacional","Liga Endesa",-402534000,NA,"https://www.acb.com/Documentos/Cabeceras/logo-competicion-1b.png","https://www.acb.com/Documentos/Cabeceras/logo-competicion-4a.png",91,2026,107,NA,NA,6015,105379,NA,NA,TRUE,4469,4469,3390,"Recoletas Salud San Pablo Burgos","Recoletas Salud","BUR",4463,2729,"Kosner Baskonia","Kosner Baskonia","BKN",NA,NA,NA,NA,NA,NA,NA,NA,NA,NA,NA,0,NA,0,0,0,0,0,0,0,0,0,0,0,5,4,9,0,0,2,0,0,0,0,1,0,6,0,0,0,0,NA
2230484,1,"Liga Nacional","Liga Endesa",-402534000,NA,"https://www.acb.com/Documentos/Cabeceras/logo-competicion-1b.png","https://www.acb.com/Documentos/Cabeceras/logo-competicion-4a.png",91,2026,107,NA,NA,6015,105379,NA,93638,FALSE,4463,4469,3390,"Recoletas Salud San Pablo Burgos","Recoletas Salud","BUR",4463,2729,"Kosner Baskonia","Kosner Baskonia","BKN",30000202,30000202,21100193,"Matteo  Spagnolo","Matteo Spagnolo","M. Spagnolo","Spagnolo",202,FALSE,202,NA,0,"10",2,446,0,0,0,1,1,100,0,0,0,0,0,0,1,0,2,0,0,0,0,0,1,2,0,0,2,0,NA
2230483,1,"Liga Nacional","Liga Endesa",-402534000,NA,"https://www.acb.com/Documentos/Cabeceras/logo-competicion-1b.png","https://www.acb.com/Documentos/Cabeceras/logo-competicion-4a.png",91,2026,107,NA,NA,6015,105379,NA,93894,FALSE,4463,4469,3390,"Recoletas Salud San Pablo Burgos","Recoletas Salud","BUR",4463,2729,"Kosner Baskonia","Kosner Baskonia","BKN",30005464,30005464,21104932,"Kenneth Bernard Faried Lewis","Kenneth Faried","K. Faried","Faried",202,FALSE,202,NA,0,"35",13,1311,0,0,0,5,7,71,3,4,75,4,0,4,0,0,0,0,1,0,2,3,2,14,1,1,1,0,NA
2230480,1,"Liga Nacional","Liga Endesa",-402534000,NA,"https://www.acb.com/Documentos/Cabeceras/logo-competicion-1b.png","https://www.acb.com/Documentos/Cabeceras/logo-competicion-4a.png",91,2026,107,NA,NA,6015,105379,NA,93640,FALSE,4463,4469,3390,"Recoletas Salud San Pablo Burgos","Recoletas Salud","BUR",4463,2729,"Kosner Baskonia","Kosner Baskonia","BKN",30005346,30005346,21104824,"Devvajne Stevvart Jr","DJ Stewart Jr","DJ Stewart","Stewart",202,FALSE,202,NA,0,"3",7,1186,1,3,33,2,2,100,0,0,0,4,0,4,3,0,0,0,0,0,0,3,0,9,1,1,7,0,NA
2230472,1,"Liga Nacional","Liga Endesa",-402534000,NA,"https://www.acb.com/Documentos/Cabeceras/logo-competicion-1b.png","https://www.acb.com/Documentos/Cabeceras/logo-competicion-4a.png",91,2026,107,NA,NA,6015,105379,NA,93755,TRUE,4469,4469,3390,"Recoletas Salud San Pablo Burgos","Recoletas Salud","BUR",4463,2729,"Kosner Baskonia","Kosner Baskonia","BKN",20211125,20211125,20211125,"Raúl  Lobaco Muñoz","Raúl Lobaco","R. Lobaco","Lobaco",202,FALSE,202,NA,0,"55",6,1515,0,2,0,1,2,50,4,4,100,0,4,4,1,0,0,2,0,0,0,0,2,10,1,0,-5,0,NA
2230465,1,"Liga Nacional","Liga Endesa",-402534000,NA,"https://www.acb.com/Documentos/Cabeceras/logo-competicion-1b.png","https://www.acb.com/Documentos/Cabeceras/logo-competicion-4a.png",91,2026,107,NA,NA,6015,105379,NA,93753,TRUE,4469,4469,3390,"Recoletas Salud San Pablo Burgos","Recoletas Salud","BUR",4463,2729,"Kosner Baskonia","Kosner Baskonia","BKN",30005183,30005183,21104682,"Chase Brad Audige","Chase Audige","C. Audige","Audige",202,FALSE,202,NA,0,"1",12,1008,3,6,50,1,4,25,1,3,33,0,1,1,2,0,1,0,0,0,0,2,3,7,0,1,1,0,NA
2230467,1,"Liga Nacional","Liga Endesa",-402534000,NA,"https://www.acb.com/Documentos/Cabeceras/logo-competicion-1b.png","https://www.acb.com/Documentos/Cabeceras/logo-competicion-4a.png",91,2026,107,NA,NA,6015,105379,NA,93779,TRUE,4469,4469,3390,"Recoletas Salud San Pablo Burgos","Recoletas Salud","BUR",4463,2729,"Kosner Baskonia","Kosner Baskonia","BKN",30005369,30005369,21104846,"Balsa  Koprivica","Balsa  Koprivica","B. Koprivica","Koprivica",202,FALSE,202,NA,0,"7",10,781,0,0,0,4,5,80,2,3,66,2,3,5,1,0,1,4,1,1,2,4,2,11,1,0,10,0,NA
2230641,1,"Liga Nacional","Liga Endesa",-402534000,NA,"https://www.acb.com/Documentos/Cabeceras/logo-competicion-1b.png","https://www.acb.com/Documentos/Cabeceras/logo-competicion-4a.png",91,2026,107,NA,NA,6015,105380,NA,93684,FALSE,4474,4478,3399,"La Laguna Tenerife","La Laguna TFE","LLT",4474,3395,"Casademont Zaragoza","Casademont Zgz","CAZ",20212451,20212451,20212451,"Abodunrin Gabriel Olaseni","Gabriel Olaseni","A. Olaseni","Olaseni",202,FALSE,202,NA,0,"0",2,874,0,0,0,1,2,50,0,0,0,7,0,7,1,0,3,0,1,0,0,3,1,5,1,0,4,0,NA
2230638,1,"Liga Nacional","Liga Endesa",-402534000,NA,"https://www.acb.com/Documentos/Cabeceras/logo-competicion-1b.png","https://www.acb.com/Documentos/Cabeceras/logo-competicion-4a.png",91,2026,107,NA,NA,6015,105380,NA,93813,TRUE,4478,4478,3399,"La Laguna Tenerife","La Laguna TFE","LLT",4474,3395,"Casademont Zaragoza","Casademont Zgz","CAZ",20212488,20212488,20212488,"Héctor  Alderete Díaz","Héctor Alderete","H. Alderete","Alderete",202,FALSE,202,NA,0,"33",0,0,0,0,0,0,0,0,0,0,0,0,0,0,0,0,0,0,0,0,0,0,0,0,0,0,0,0,NA
2230636,1,"Liga Nacional","Liga Endesa",-402534000,NA,"https://www.acb.com/Documentos/Cabeceras/logo-competicion-1b.png","https://www.acb.com/Documentos/Cabeceras/logo-competicion-4a.png",91,2026,107,NA,NA,6015,105380,NA,93818,TRUE,4478,4478,3399,"La Laguna Tenerife","La Laguna TFE","LLT",4474,3395,"Casademont Zaragoza","Casademont Zgz","CAZ",20211887,20211887,20211887,"Arturs  Kurucs","Arturs Kurucs","A. Kurucs","Kurucs",202,FALSE,202,NA,0,"47",0,44,0,0,0,0,0,0,0,0,0,0,0,0,0,0,0,0,0,0,0,0,0,0,0,0,-3,0,NA
2230633,1,"Liga Nacional","Liga Endesa",-402534000,NA,"https://www.acb.com/Documentos/Cabeceras/logo-competicion-1b.png","https://www.acb.com/Documentos/Cabeceras/logo-competicion-4a.png",91,2026,107,NA,NA,6015,105380,NA,93822,TRUE,4478,4478,3399,"La Laguna Tenerife","La Laguna TFE","LLT",4474,3395,"Casademont Zaragoza","Casademont Zgz","CAZ",30002027,30002027,21101691,"Kyle Joseph  Guy","Kyle Guy","K. Guy","Guy",202,FALSE,202,NA,0,"2",11,1186,3,6,50,1,4,25,0,0,0,2,0,2,3,0,0,0,0,0,0,1,3,12,1,1,-8,0,NA
2230648,1,"Liga Nacional","Liga Endesa",-402534000,NA,"https://www.acb.com/Documentos/Cabeceras/logo-competicion-1b.png","https://www.acb.com/Documentos/Cabeceras/logo-competicion-4a.png",91,2026,107,NA,NA,6015,105380,NA,93677,FALSE,4474,4478,3399,"La Laguna Tenerife","La Laguna TFE","LLT",4474,3395,"Casademont Zaragoza","Casademont Zgz","CAZ",20212476,20212476,20212476,"Miguel  González Burgos","Miguel González","M. González","González",202,FALSE,202,NA,0,"7",0,514,0,1,0,0,0,0,0,0,0,3,1,4,2,0,0,0,0,0,0,2,0,3,1,1,5,0,NA
2230647,1,"Liga Nacional","Liga Endesa",-402534000,NA,"https://www.acb.com/Documentos/Cabeceras/logo-competicion-1b.png","https://www.acb.com/Documentos/Cabeceras/logo-competicion-4a.png",91,2026,107,NA,NA,6015,105380,NA,93670,FALSE,4474,4478,3399,"La Laguna Tenerife","La Laguna TFE","LLT",4474,3395,"Casademont Zaragoza","Casademont Zgz","CAZ",20204158,20204158,20204158,"Guillem  Vives Torrent","Guillem Vives","G. Vives","Vives",202,FALSE,202,NA,0,"16",5,853,1,3,33,1,1,100,0,0,0,2,0,2,3,0,3,0,0,0,0,3,0,2,0,0,5,0,NA
2230645,1,"Liga Nacional","Liga Endesa",-402534000,NA,"https://www.acb.com/Documentos/Cabeceras/logo-competicion-1b.png","https://www.acb.com/Documentos/Cabeceras/logo-competicion-4a.png",91,2026,107,NA,NA,6015,105380,NA,93675,FALSE,4474,4478,3399,"La Laguna Tenerife","La Laguna TFE","LLT",4474,3395,"Casademont Zaragoza","Casademont Zgz","CAZ",30003944,30003944,21103468,"Justin Kyle Jaworski","Justin Jaworski","J. Jaworski","Jaworski",202,FALSE,202,NA,0,"11",7,1235,1,2,50,2,3,66,0,0,0,0,0,0,1,0,0,0,0,0,0,1,0,5,1,1,6,0,NA
2230629,1,"Liga Nacional","Liga Endesa",-402534000,NA,"https://www.acb.com/Documentos/Cabeceras/logo-competicion-1b.png","https://www.acb.com/Documentos/Cabeceras/logo-competicion-4a.png",91,2026,107,NA,NA,6015,105380,NA,93808,TRUE,4478,4478,3399,"La Laguna Tenerife","La Laguna TFE","LLT",4474,3395,"Casademont Zaragoza","Casademont Zgz","CAZ",20201760,20201760,20201760,"Marcelo  Tieppo Huertas","Marcelinho Huertas","M. Huertas","Huertas",202,FALSE,202,NA,0,"9",8,859,0,2,0,3,7,42,2,2,100,1,1,2,3,1,1,0,0,0,0,0,3,10,0,0,1,0,NA
2230628,1,"Liga Nacional","Liga Endesa",-402534000,NA,"https://www.acb.com/Documentos/Cabeceras/logo-competicion-1b.png","https://www.acb.com/Documentos/Cabeceras/logo-competicion-4a.png",91,2026,107,NA,NA,6015,105380,NA,93819,TRUE,4478,4478,3399,"La Laguna Tenerife","La Laguna TFE","LLT",4474,3395,"Casademont Zaragoza","Casademont Zgz","CAZ",30001954,30001954,21101628,"Itan Majkl Hap","Ethan Happ","E. Happ","Happ",202,FALSE,202,NA,0,"22",12,1105,0,0,0,5,9,55,2,3,66,2,2,4,2,1,0,0,0,2,0,2,3,13,1,1,2,0,NA
2230646,1,"Liga Nacional","Liga Endesa",-402534000,NA,"https://www.acb.com/Documentos/Cabeceras/logo-competicion-1b.png","https://www.acb.com/Documentos/Cabeceras/logo-competicion-4a.png",91,2026,107,NA,NA,6015,105380,NA,93679,FALSE,4474,4478,3399,"La Laguna Tenerife","La Laguna TFE","LLT",4474,3395,"Casademont Zaragoza","Casademont Zgz","CAZ",30003377,30003377,21102935,"Caleb Allen Homesley","Caleb Homesley","C. Homesley","Homesley",202,FALSE,202,NA,0,"5",13,1135,3,5,60,1,5,20,2,2,100,1,0,1,1,1,3,2,0,0,0,1,2,8,0,0,-2,0,NA
2230627,1,"Liga Nacional","Liga Endesa",-402534000,NA,"https://www.acb.com/Documentos/Cabeceras/logo-competicion-1b.png","https://www.acb.com/Documentos/Cabeceras/logo-competicion-4a.png",91,2026,107,NA,NA,6015,105380,NA,93816,TRUE,4478,4478,3399,"La Laguna Tenerife","La Laguna TFE","LLT",4474,3395,"Casademont Zaragoza","Casademont Zgz","CAZ",20210659,20210659,20210659,"Giorgi  Shermadini","Giorgi Shermadini","G. Shermadini","Shermadini",202,FALSE,202,NA,0,"19",5,894,0,0,0,2,4,50,1,1,100,2,1,3,0,0,1,0,0,0,0,1,1,5,0,0,3,0,NA
2230631,1,"Liga Nacional","Liga Endesa",-402534000,NA,"https://www.acb.com/Documentos/Cabeceras/logo-competicion-1b.png","https://www.acb.com/Documentos/Cabeceras/logo-competicion-4a.png",91,2026,107,NA,NA,6015,105380,NA,93814,TRUE,4478,4478,3399,"La Laguna Tenerife","La Laguna TFE","LLT",4474,3395,"Casademont Zaragoza","Casademont Zgz","CAZ",20212189,20212189,20212189,"Aaron René Doornekamp","Aaron Doornekamp","A. Doornekamp","Doornekamp",202,FALSE,202,NA,0,"42",0,1135,0,2,0,0,0,0,0,0,0,1,0,1,3,2,0,0,0,0,0,2,0,2,1,0,-15,0,NA
2230630,1,"Liga Nacional","Liga Endesa",-402534000,NA,"https://www.acb.com/Documentos/Cabeceras/logo-competicion-1b.png","https://www.acb.com/Documentos/Cabeceras/logo-competicion-4a.png",91,2026,107,NA,NA,6015,105380,NA,93806,TRUE,4478,4478,3399,"La Laguna Tenerife","La Laguna TFE","LLT",4474,3395,"Casademont Zaragoza","Casademont Zgz","CAZ",20212972,20212972,20212972,"Bruno  Fitipaldo Rodríguez","Bruno Fitipaldo","B. Fitipaldo","Fitipaldo",202,FALSE,202,NA,0,"6",8,1097,2,6,33,0,0,0,2,2,100,0,0,0,2,1,0,0,0,0,0,1,3,9,1,1,4,0,NA
2230637,1,"Liga Nacional","Liga Endesa",-402534000,NA,"https://www.acb.com/Documentos/Cabeceras/logo-competicion-1b.png","https://www.acb.com/Documentos/Cabeceras/logo-competicion-4a.png",91,2026,107,NA,NA,6015,105380,NA,93811,TRUE,4478,4478,3399,"La Laguna Tenerife","La Laguna TFE","LLT",4474,3395,"Casademont Zaragoza","Casademont Zgz","CAZ",20204124,20204124,20204124,"Jaime  Fernández Bernabé","Jaime Fernández","J. Fernández","Fernández",202,FALSE,202,NA,0,"3",10,814,2,3,66,0,2,0,4,4,100,2,0,2,2,0,1,0,0,1,0,2,2,9,0,0,10,0,NA
2230635,1,"Liga Nacional","Liga Endesa",-402534000,NA,"https://www.acb.com/Documentos/Cabeceras/logo-competicion-1b.png","https://www.acb.com/Documentos/Cabeceras/logo-competicion-4a.png",91,2026,107,NA,NA,6015,105380,NA,93820,TRUE,4478,4478,3399,"La Laguna Tenerife","La Laguna TFE","LLT",4474,3395,"Casademont Zaragoza","Casademont Zgz","CAZ",20211660,20211660,20211660,"Xabier  López-Arostegui Eskauriaza","Xabi López-Arostegui","López-Arostegui","López-A.",202,FALSE,202,NA,0,"7",8,1251,1,2,50,2,5,40,1,2,50,3,1,4,0,2,0,2,0,0,0,0,4,13,1,1,-1,0,NA
2230650,1,"Liga Nacional","Liga Endesa",-402534000,NA,"https://www.acb.com/Documentos/Cabeceras/logo-competicion-1b.png","https://www.acb.com/Documentos/Cabeceras/logo-competicion-4a.png",91,2026,107,NA,NA,6015,105380,NA,93682,FALSE,4474,4478,3399,"La Laguna Tenerife","La Laguna TFE","LLT",4474,3395,"Casademont Zaragoza","Casademont Zgz","CAZ",20212348,20212348,20212348,"Jaime  Fernández Manzanares","Jaime Fernández","J. Fernández","Fernández",202,FALSE,202,NA,0,"10",0,329,0,0,0,0,0,0,0,0,0,0,1,1,0,0,0,0,1,0,0,0,0,2,0,0,-7,0,NA
2230642,1,"Liga Nacional","Liga Endesa",-402534000,NA,"https://www.acb.com/Documentos/Cabeceras/logo-competicion-1b.png","https://www.acb.com/Documentos/Cabeceras/logo-competicion-4a.png",91,2026,107,NA,NA,6015,105380,NA,93681,FALSE,4474,4478,3399,"La Laguna Tenerife","La Laguna TFE","LLT",4474,3395,"Casademont Zaragoza","Casademont Zgz","CAZ",20212648,20212648,20212648,"Nicolás José Brussino","Nico Brussino","N. Brussino","Brussino",202,FALSE,202,NA,0,"9",2,1083,0,1,0,1,1,100,0,0,0,1,0,1,0,1,1,0,0,0,1,4,2,0,0,1,-5,0,NA
2230644,1,"Liga Nacional","Liga Endesa",-402534000,NA,"https://www.acb.com/Documentos/Cabeceras/logo-competicion-1b.png","https://www.acb.com/Documentos/Cabeceras/logo-competicion-4a.png",91,2026,107,NA,NA,6015,105380,NA,93685,FALSE,4474,4478,3399,"La Laguna Tenerife","La Laguna TFE","LLT",4474,3395,"Casademont Zaragoza","Casademont Zgz","CAZ",30000289,30000289,21100264,"Laurynas  Birutis","Laurynas Birutis","L. Birutis","Birutis",202,FALSE,202,NA,0,"15",6,1126,0,0,0,3,4,75,0,5,0,1,0,1,3,0,1,0,0,1,0,3,5,4,0,1,-6,0,NA
2230651,1,"Liga Nacional","Liga Endesa",-402534000,NA,"https://www.acb.com/Documentos/Cabeceras/logo-competicion-1b.png","https://www.acb.com/Documentos/Cabeceras/logo-competicion-4a.png",91,2026,107,NA,NA,6015,105380,NA,NA,TRUE,4478,4478,3399,"La Laguna Tenerife","La Laguna TFE","LLT",4474,3395,"Casademont Zaragoza","Casademont Zgz","CAZ",NA,NA,NA,NA,NA,NA,NA,NA,NA,NA,NA,0,NA,0,0,0,0,0,0,0,0,0,0,0,0,3,3,0,0,1,0,0,0,0,0,0,2,0,0,0,0,NA
2230639,1,"Liga Nacional","Liga Endesa",-402534000,NA,"https://www.acb.com/Documentos/Cabeceras/logo-competicion-1b.png","https://www.acb.com/Documentos/Cabeceras/logo-competicion-4a.png",91,2026,107,NA,NA,6015,105380,NA,94549,FALSE,4474,4478,3399,"La Laguna Tenerife","La Laguna TFE","LLT",4474,3395,"Casademont Zaragoza","Casademont Zgz","CAZ",30004678,30004678,21104184,"Matija  Lukic","Matija Lukic","M. Lukic",NA,202,FALSE,202,NA,0,"8",0,0,0,0,0,0,0,0,0,0,0,0,0,0,0,0,0,0,0,0,0,0,0,0,0,0,0,0,NA
2230649,1,"Liga Nacional","Liga Endesa",-402534000,NA,"https://www.acb.com/Documentos/Cabeceras/logo-competicion-1b.png","https://www.acb.com/Documentos/Cabeceras/logo-competicion-4a.png",91,2026,107,NA,NA,6015,105380,NA,93672,FALSE,4474,4478,3399,"La Laguna Tenerife","La Laguna TFE","LLT",4474,3395,"Casademont Zaragoza","Casademont Zgz","CAZ",20210685,20210685,20210685,"Sergi  García Calvo","Sergi García","S. García","García",202,FALSE,202,NA,0,"17",0,233,0,0,0,0,0,0,0,0,0,0,0,0,0,0,0,0,0,0,0,0,0,0,0,0,-4,0,NA
2230643,1,"Liga Nacional","Liga Endesa",-402534000,NA,"https://www.acb.com/Documentos/Cabeceras/logo-competicion-1b.png","https://www.acb.com/Documentos/Cabeceras/logo-competicion-4a.png",91,2026,107,NA,NA,6015,105380,NA,93683,FALSE,4474,4478,3399,"La Laguna Tenerife","La Laguna TFE","LLT",4474,3395,"Casademont Zaragoza","Casademont Zgz","CAZ",30005373,30005373,21104850,"Roberts  Blumbergs","Roberts  Blumbergs","R. Blumbergs","Blumbergs",202,FALSE,202,NA,0,"3",16,1471,2,6,33,3,4,75,4,4,100,6,2,8,1,0,1,0,1,0,1,2,2,20,1,0,1,0,NA
2230640,1,"Liga Nacional","Liga Endesa",-402534000,NA,"https://www.acb.com/Documentos/Cabeceras/logo-competicion-1b.png","https://www.acb.com/Documentos/Cabeceras/logo-competicion-4a.png",91,2026,107,NA,NA,6015,105380,NA,93674,FALSE,4474,4478,3399,"La Laguna Tenerife","La Laguna TFE","LLT",4474,3395,"Casademont Zaragoza","Casademont Zgz","CAZ",30001171,30001171,21100998,"Trae Anthoney Bell-Haynes","Trae Bell-Haynes","T. Bell-Haynes","Bell-Haynes",202,FALSE,202,NA,0,"2",18,1147,5,8,62,1,4,25,1,2,50,4,2,6,4,1,2,0,0,0,0,2,1,19,1,1,-7,0,NA
2230634,1,"Liga Nacional","Liga Endesa",-402534000,NA,"https://www.acb.com/Documentos/Cabeceras/logo-competicion-1b.png","https://www.acb.com/Documentos/Cabeceras/logo-competicion-4a.png",91,2026,107,NA,NA,6015,105380,NA,93825,TRUE,4478,4478,3399,"La Laguna Tenerife","La Laguna TFE","LLT",4474,3395,"Casademont Zaragoza","Casademont Zgz","CAZ",30005408,30005408,21104885,"Ahmed Tijani Bamba Cisse","TJ Bamba","TJ Bamba","Bamba",202,FALSE,202,NA,0,"1",4,749,1,3,33,0,0,0,1,2,50,1,0,1,0,0,1,0,1,0,0,2,1,1,0,0,3,0,NA
2230632,1,"Liga Nacional","Liga Endesa",-402534000,NA,"https://www.acb.com/Documentos/Cabeceras/logo-competicion-1b.png","https://www.acb.com/Documentos/Cabeceras/logo-competicion-4a.png",91,2026,107,NA,NA,6015,105380,NA,93815,TRUE,4478,4478,3399,"La Laguna Tenerife","La Laguna TFE","LLT",4474,3395,"Casademont Zaragoza","Casademont Zgz","CAZ",20211625,20211625,20211625,"Timothy James Abromaitis","Tim Abromaitis","T. Abromaitis","Abromaitis",202,FALSE,202,NA,0,"21",5,866,1,2,50,1,2,50,0,0,0,5,2,7,0,0,0,0,0,0,0,2,1,9,0,1,14,0,NA
2230652,1,"Liga Nacional","Liga Endesa",-402534000,NA,"https://www.acb.com/Documentos/Cabeceras/logo-competicion-1b.png","https://www.acb.com/Documentos/Cabeceras/logo-competicion-4a.png",91,2026,107,NA,NA,6015,105380,NA,NA,FALSE,4474,4478,3399,"La Laguna Tenerife","La Laguna TFE","LLT",4474,3395,"Casademont Zaragoza","Casademont Zgz","CAZ",NA,NA,NA,NA,NA,NA,NA,NA,NA,NA,NA,0,NA,0,0,0,0,0,0,0,0,0,0,0,0,0,0,0,1,1,0,0,0,0,0,0,0,0,0,0,0,NA
2230951,1,"Liga Nacional","Liga Endesa",-402534000,NA,"https://www.acb.com/Documentos/Cabeceras/logo-competicion-1b.png","https://www.acb.com/Documentos/Cabeceras/logo-competicion-4a.png",91,2026,107,NA,NA,6015,105381,NA,93807,FALSE,4468,4470,3391,"FIATC Girona","FIATC Girona","GIR",4468,3389,"UCAM Murcia","UCAM Murcia","UCM",20210278,20210278,20210278,"Cheikh Moussa Diagné Ly","Moussa Diagne","M. Diagné","Diagné",202,FALSE,202,NA,0,"21",0,0,0,0,0,0,0,0,0,0,0,0,0,0,0,0,0,0,0,0,0,0,0,0,0,0,0,0,NA
2230948,1,"Liga Nacional","Liga Endesa",-402534000,NA,"https://www.acb.com/Documentos/Cabeceras/logo-competicion-1b.png","https://www.acb.com/Documentos/Cabeceras/logo-competicion-4a.png",91,2026,107,NA,NA,6015,105381,NA,93788,FALSE,4468,4470,3391,"FIATC Girona","FIATC Girona","GIR",4468,3389,"UCAM Murcia","UCAM Murcia","UCM",30000108,30000108,21102315,"Juan Ignacio Marcos ","Juani Marcos","J. Marcos","Marcos",202,FALSE,202,NA,1,"6",4,1312,0,4,0,1,2,50,2,2,100,4,0,4,4,1,3,0,1,0,0,2,1,5,1,0,-1,0,NA
2230939,1,"Liga Nacional","Liga Endesa",-402534000,NA,"https://www.acb.com/Documentos/Cabeceras/logo-competicion-1b.png","https://www.acb.com/Documentos/Cabeceras/logo-competicion-4a.png",91,2026,107,NA,NA,6015,105381,NA,93710,TRUE,4470,4470,3391,"FIATC Girona","FIATC Girona","GIR",4468,3389,"UCAM Murcia","UCAM Murcia","UCM",20211466,20211466,20211466,"Nikola  Maric ","Nikola Maric","N. Maric","Maric",202,FALSE,202,NA,1,"25",4,935,0,2,0,2,8,25,0,2,0,2,2,4,2,1,1,2,0,4,0,1,4,-1,0,0,-10,0,NA
2230935,1,"Liga Nacional","Liga Endesa",-402534000,NA,"https://www.acb.com/Documentos/Cabeceras/logo-competicion-1b.png","https://www.acb.com/Documentos/Cabeceras/logo-competicion-4a.png",91,2026,107,NA,NA,6015,105381,NA,93700,TRUE,4470,4470,3391,"FIATC Girona","FIATC Girona","GIR",4468,3389,"UCAM Murcia","UCAM Murcia","UCM",30005392,30005392,21104869,"Stanley Mace Whittaker Jr ","Stanley Whittaker","S. Whittaker","Whittaker",202,FALSE,202,NA,1,"11",19,1559,2,5,40,4,6,66,5,8,62,3,0,3,4,1,2,0,0,0,0,3,4,18,0,1,14,0,NA
2230941,1,"Liga Nacional","Liga Endesa",-402534000,NA,"https://www.acb.com/Documentos/Cabeceras/logo-competicion-1b.png","https://www.acb.com/Documentos/Cabeceras/logo-competicion-4a.png",91,2026,107,NA,NA,6015,105381,NA,93789,FALSE,4468,4470,3391,"FIATC Girona","FIATC Girona","GIR",4468,3389,"UCAM Murcia","UCAM Murcia","UCM",30003919,30003919,21103481,"Michael Kymani Forrest ","Michael Forrest","M. Forrest","Forrest",202,FALSE,202,NA,1,"1",15,1039,3,9,33,2,3,66,2,2,100,1,1,2,3,0,4,2,0,0,0,4,1,6,0,1,-4,0,NA
2230943,1,"Liga Nacional","Liga Endesa",-402534000,NA,"https://www.acb.com/Documentos/Cabeceras/logo-competicion-1b.png","https://www.acb.com/Documentos/Cabeceras/logo-competicion-4a.png",91,2026,107,NA,NA,6015,105381,NA,93787,FALSE,4468,4470,3391,"FIATC Girona","FIATC Girona","GIR",4468,3389,"UCAM Murcia","UCAM Murcia","UCM",30001917,30001917,21101594,"Jonah Kameron Radebaugh ","Jonah Radebaugh","J. Radebaugh","Radebaugh",202,FALSE,202,NA,1,"12",6,1264,2,7,28,0,0,0,0,0,0,4,0,4,1,1,1,0,0,0,0,2,1,5,0,1,-9,0,NA
2230934,1,"Liga Nacional","Liga Endesa",-402534000,NA,"https://www.acb.com/Documentos/Cabeceras/logo-competicion-1b.png","https://www.acb.com/Documentos/Cabeceras/logo-competicion-4a.png",91,2026,107,NA,NA,6015,105381,NA,93693,TRUE,4470,4470,3391,"FIATC Girona","FIATC Girona","GIR",4468,3389,"UCAM Murcia","UCAM Murcia","UCM",30002443,30002443,21102095,"Martinas  Geben ","Martinas Geben","M. Geben","Geben",202,FALSE,202,NA,1,"12",11,1465,1,1,100,3,6,50,2,2,100,8,1,9,1,0,0,0,1,0,0,3,2,18,1,1,17,0,NA
2230932,1,"Liga Nacional","Liga Endesa",-402534000,NA,"https://www.acb.com/Documentos/Cabeceras/logo-competicion-1b.png","https://www.acb.com/Documentos/Cabeceras/logo-competicion-4a.png",91,2026,107,NA,NA,6015,105381,NA,93959,TRUE,4470,4470,3391,"FIATC Girona","FIATC Girona","GIR",4468,3389,"UCAM Murcia","UCAM Murcia","UCM",30005481,30005481,21104947,"Dominykas  Stenionis ","Dominykas  Stenionis","D. Stenionis","Stenionis",202,FALSE,202,NA,1,"9",0,295,0,0,0,0,0,0,0,2,0,0,0,0,0,0,1,0,0,0,0,1,1,-3,0,0,-6,0,NA
2230940,1,"Liga Nacional","Liga Endesa",-402534000,NA,"https://www.acb.com/Documentos/Cabeceras/logo-competicion-1b.png","https://www.acb.com/Documentos/Cabeceras/logo-competicion-4a.png",91,2026,107,NA,NA,6015,105381,NA,93695,TRUE,4470,4470,3391,"FIATC Girona","FIATC Girona","GIR",4468,3389,"UCAM Murcia","UCAM Murcia","UCM",20211754,20211754,20211754,"Josep  Busquets Costa","Pep Busquets","P. Busquets","Busquets",202,FALSE,202,NA,1,"4",5,1458,0,3,0,2,4,50,1,2,50,2,1,3,0,0,0,0,0,2,0,3,3,0,1,0,14,0,NA
2230942,1,"Liga Nacional","Liga Endesa",-402534000,NA,"https://www.acb.com/Documentos/Cabeceras/logo-competicion-1b.png","https://www.acb.com/Documentos/Cabeceras/logo-competicion-4a.png",91,2026,107,NA,NA,6015,105381,NA,93797,FALSE,4468,4470,3391,"FIATC Girona","FIATC Girona","GIR",4468,3389,"UCAM Murcia","UCAM Murcia","UCM",30005349,30005349,21104827,"Souleymane Junior Boum ","Souley Boum","S. Boum","Boum",202,FALSE,202,NA,1,"0",18,1383,3,11,27,2,4,50,5,5,100,2,0,2,2,0,1,3,0,0,0,5,6,12,1,0,0,0,NA
2230954,1,"Liga Nacional","Liga Endesa",-402534000,NA,"https://www.acb.com/Documentos/Cabeceras/logo-competicion-1b.png","https://www.acb.com/Documentos/Cabeceras/logo-competicion-4a.png",91,2026,107,NA,NA,6015,105381,NA,NA,FALSE,4468,4470,3391,"FIATC Girona","FIATC Girona","GIR",4468,3389,"UCAM Murcia","UCAM Murcia","UCM",NA,NA,NA,NA,NA,NA,NA,NA,NA,NA,NA,0,NA,0,0,0,0,0,0,0,0,0,0,0,0,2,2,0,0,0,0,0,0,0,0,0,2,0,0,0,0,NA
2230930,1,"Liga Nacional","Liga Endesa",-402534000,NA,"https://www.acb.com/Documentos/Cabeceras/logo-competicion-1b.png","https://www.acb.com/Documentos/Cabeceras/logo-competicion-4a.png",91,2026,107,NA,NA,6015,105381,NA,94670,TRUE,4470,4470,3391,"FIATC Girona","FIATC Girona","GIR",4468,3389,"UCAM Murcia","UCAM Murcia","UCM",20213506,20213506,20213506,"Enric  Sanmartín Sòria","Enric Sanmartín","E. Sanmartín","Sanmartín",202,FALSE,202,NA,0,"17",0,0,0,0,0,0,0,0,0,0,0,0,0,0,0,0,0,0,0,0,0,0,0,0,0,0,0,0,NA
2230945,1,"Liga Nacional","Liga Endesa",-402534000,NA,"https://www.acb.com/Documentos/Cabeceras/logo-competicion-1b.png","https://www.acb.com/Documentos/Cabeceras/logo-competicion-4a.png",91,2026,107,NA,NA,6015,105381,NA,93800,FALSE,4468,4470,3391,"FIATC Girona","FIATC Girona","GIR",4468,3389,"UCAM Murcia","UCAM Murcia","UCM",30000133,30000133,21100129,"Marcis  Steinbergs ","Marcis Steinbergs","M. Steinbergs","Steinbergs",202,FALSE,202,NA,1,"28",3,1178,1,4,25,0,1,0,0,0,0,3,1,4,0,1,1,0,0,0,0,4,2,1,1,0,-6,0,NA
2230936,1,"Liga Nacional","Liga Endesa",-402534000,NA,"https://www.acb.com/Documentos/Cabeceras/logo-competicion-1b.png","https://www.acb.com/Documentos/Cabeceras/logo-competicion-4a.png",91,2026,107,NA,NA,6015,105381,NA,93698,TRUE,4470,4470,3391,"FIATC Girona","FIATC Girona","GIR",4468,3389,"UCAM Murcia","UCAM Murcia","UCM",30005405,30005405,21104882,"Matthew Ford McClung","Mac McClung","M. McClung","McClung",202,FALSE,202,NA,1,"0",11,1080,1,3,33,2,10,20,4,4,100,1,2,3,1,0,1,0,0,1,0,4,2,1,1,0,12,0,NA
2230946,1,"Liga Nacional","Liga Endesa",-402534000,NA,"https://www.acb.com/Documentos/Cabeceras/logo-competicion-1b.png","https://www.acb.com/Documentos/Cabeceras/logo-competicion-4a.png",91,2026,107,NA,NA,6015,105381,NA,93809,FALSE,4468,4470,3391,"FIATC Girona","FIATC Girona","GIR",4468,3389,"UCAM Murcia","UCAM Murcia","UCM",30005345,30005345,21104823,"Jean-Marc Bernard Pansa ","Jean-Marc Pansa","J. Pansa","Pansa",202,FALSE,202,NA,1,"20",6,1010,0,1,0,2,4,50,2,3,66,5,3,8,0,0,1,0,2,0,1,4,3,10,1,0,-6,0,NA
2230938,1,"Liga Nacional","Liga Endesa",-402534000,NA,"https://www.acb.com/Documentos/Cabeceras/logo-competicion-1b.png","https://www.acb.com/Documentos/Cabeceras/logo-competicion-4a.png",91,2026,107,NA,NA,6015,105381,NA,93696,TRUE,4470,4470,3391,"FIATC Girona","FIATC Girona","GIR",4468,3389,"UCAM Murcia","UCAM Murcia","UCM",20210335,20210335,20210335,"Sergi  Martínez Costa","Sergi Martínez","S. Martínez","Martínez",202,FALSE,202,NA,1,"23",3,1368,1,1,100,0,0,0,0,0,0,0,1,1,0,2,0,0,0,0,0,1,1,6,1,1,4,0,NA
2230944,1,"Liga Nacional","Liga Endesa",-402534000,NA,"https://www.acb.com/Documentos/Cabeceras/logo-competicion-1b.png","https://www.acb.com/Documentos/Cabeceras/logo-competicion-4a.png",91,2026,107,NA,NA,6015,105381,NA,93790,FALSE,4468,4470,3391,"FIATC Girona","FIATC Girona","GIR",4468,3389,"UCAM Murcia","UCAM Murcia","UCM",20212941,20212941,20212941,"Dylan  Howell Ennis","Dylan Ennis","D. Ennis","Ennis",202,FALSE,202,NA,1,"31",7,931,1,4,25,2,5,40,0,0,0,2,0,2,0,2,1,2,0,0,0,1,1,4,0,1,-14,0,NA
2230929,1,"Liga Nacional","Liga Endesa",-402534000,NA,"https://www.acb.com/Documentos/Cabeceras/logo-competicion-1b.png","https://www.acb.com/Documentos/Cabeceras/logo-competicion-4a.png",91,2026,107,NA,NA,6015,105381,NA,94675,TRUE,4470,4470,3391,"FIATC Girona","FIATC Girona","GIR",4468,3389,"UCAM Murcia","UCAM Murcia","UCM",30004854,30004854,21104360,"Khory Rosembert  Brunot ","Khory Brunot","K. Brunot","Brunot",202,FALSE,202,NA,0,"20",0,0,0,0,0,0,0,0,0,0,0,0,0,0,0,0,0,0,0,0,0,0,0,0,0,0,0,0,NA
2230933,1,"Liga Nacional","Liga Endesa",-402534000,NA,"https://www.acb.com/Documentos/Cabeceras/logo-competicion-1b.png","https://www.acb.com/Documentos/Cabeceras/logo-competicion-4a.png",91,2026,107,NA,NA,6015,105381,NA,93711,TRUE,4470,4470,3391,"FIATC Girona","FIATC Girona","GIR",4468,3389,"UCAM Murcia","UCAM Murcia","UCM",30005388,30005388,21104865,"David Marc Yapi N'Guessan ","David N'Guessan","D. N'Guessan","N'Guessan",202,FALSE,202,NA,1,"1",9,1532,0,2,0,3,4,75,3,4,75,5,0,5,0,0,0,2,0,0,1,2,3,11,0,1,0,0,NA
2230950,1,"Liga Nacional","Liga Endesa",-402534000,NA,"https://www.acb.com/Documentos/Cabeceras/logo-competicion-1b.png","https://www.acb.com/Documentos/Cabeceras/logo-competicion-4a.png",91,2026,107,NA,NA,6015,105381,NA,93791,FALSE,4468,4470,3391,"FIATC Girona","FIATC Girona","GIR",4468,3389,"UCAM Murcia","UCAM Murcia","UCM",30000649,30000649,21100567,"Wilhelm Carl-Gustav Falk ","Wilhelm Falk","W. Falk","Falk",202,FALSE,202,NA,1,"13",0,431,0,0,0,0,0,0,0,0,0,1,0,1,0,0,0,0,0,0,0,2,1,0,0,0,3,0,NA
2230949,1,"Liga Nacional","Liga Endesa",-402534000,NA,"https://www.acb.com/Documentos/Cabeceras/logo-competicion-1b.png","https://www.acb.com/Documentos/Cabeceras/logo-competicion-4a.png",91,2026,107,NA,NA,6015,105381,NA,93795,FALSE,4468,4470,3391,"FIATC Girona","FIATC Girona","GIR",4468,3389,"UCAM Murcia","UCAM Murcia","UCM",20212239,20212239,20212239,"Sander  Raieste ","Sander Raieste","S. Raieste","Raieste",202,FALSE,202,NA,1,"2",0,983,0,3,0,0,2,0,0,0,0,3,1,4,1,0,1,0,1,1,0,2,2,-1,1,0,1,0,NA
2230953,1,"Liga Nacional","Liga Endesa",-402534000,NA,"https://www.acb.com/Documentos/Cabeceras/logo-competicion-1b.png","https://www.acb.com/Documentos/Cabeceras/logo-competicion-4a.png",91,2026,107,NA,NA,6015,105381,NA,NA,TRUE,4470,4470,3391,"FIATC Girona","FIATC Girona","GIR",4468,3389,"UCAM Murcia","UCAM Murcia","UCM",NA,NA,NA,NA,NA,NA,NA,NA,NA,NA,NA,0,NA,0,0,0,0,0,0,0,0,0,0,0,3,3,6,0,0,0,0,0,0,0,0,0,6,0,0,0,0,NA
2230952,1,"Liga Nacional","Liga Endesa",-402534000,NA,"https://www.acb.com/Documentos/Cabeceras/logo-competicion-1b.png","https://www.acb.com/Documentos/Cabeceras/logo-competicion-4a.png",91,2026,107,NA,NA,6015,105381,NA,93804,FALSE,4468,4470,3391,"FIATC Girona","FIATC Girona","GIR",4468,3389,"UCAM Murcia","UCAM Murcia","UCM",20210914,20210914,20210914,"Emanuel-Ion  Cate ","Emanuel Cate","E. Cate","Cate",202,FALSE,202,NA,1,"15",10,1222,0,0,0,3,5,60,4,4,100,3,3,6,0,0,0,0,3,0,1,3,2,16,0,1,2,0,NA
2230937,1,"Liga Nacional","Liga Endesa",-402534000,NA,"https://www.acb.com/Documentos/Cabeceras/logo-competicion-1b.png","https://www.acb.com/Documentos/Cabeceras/logo-competicion-4a.png",91,2026,107,NA,NA,6015,105381,NA,93690,TRUE,4470,4470,3391,"FIATC Girona","FIATC Girona","GIR",4468,3389,"UCAM Murcia","UCAM Murcia","UCM",20212279,20212279,20212279,"Andrzej Mateusz Pluta ","Andrzej Pluta","A. Pluta","Pluta",202,FALSE,202,NA,1,"21",2,990,0,2,0,1,1,100,0,0,0,2,0,2,1,1,3,0,0,0,0,0,1,2,1,0,-13,0,NA
2230947,1,"Liga Nacional","Liga Endesa",-402534000,NA,"https://www.acb.com/Documentos/Cabeceras/logo-competicion-1b.png","https://www.acb.com/Documentos/Cabeceras/logo-competicion-4a.png",91,2026,107,NA,NA,6015,105381,NA,93796,FALSE,4468,4470,3391,"FIATC Girona","FIATC Girona","GIR",4468,3389,"UCAM Murcia","UCAM Murcia","UCM",30001899,30001899,21101581,"Toni  Nakic ","Toni Nakic","T. Nakic","Nakic",202,FALSE,202,NA,1,"99",8,1247,2,2,100,1,3,33,0,0,0,2,1,3,2,4,0,0,0,0,0,0,1,16,0,1,-1,0,NA
2230931,1,"Liga Nacional","Liga Endesa",-402534000,NA,"https://www.acb.com/Documentos/Cabeceras/logo-competicion-1b.png","https://www.acb.com/Documentos/Cabeceras/logo-competicion-4a.png",91,2026,107,NA,NA,6015,105381,NA,93705,TRUE,4470,4470,3391,"FIATC Girona","FIATC Girona","GIR",4468,3389,"UCAM Murcia","UCAM Murcia","UCM",30005191,30005191,21104690,"Jassel Algenis Perez Perez","Jassel Perez","J. Pérez","Pérez",202,FALSE,202,NA,1,"24",20,1318,1,2,50,5,6,83,7,10,70,7,1,8,1,3,3,6,0,0,2,3,8,29,0,1,3,0,NA
2231090,1,"Liga Nacional","Liga Endesa",-402534000,NA,"https://www.acb.com/Documentos/Cabeceras/logo-competicion-1b.png","https://www.acb.com/Documentos/Cabeceras/logo-competicion-4a.png",91,2026,107,NA,NA,6015,105382,NA,NA,FALSE,4465,4472,3393,"Valencia Basket","Valencia Basket","VBC",4465,3386,"iLERNA Lleida","iLERNA Lleida","ILE",NA,NA,NA,NA,NA,NA,NA,NA,NA,NA,NA,0,NA,0,0,0,0,0,0,0,0,0,0,0,1,2,3,0,0,2,0,0,0,0,0,0,1,0,0,0,0,NA
2231087,1,"Liga Nacional","Liga Endesa",-402534000,NA,"https://www.acb.com/Documentos/Cabeceras/logo-competicion-1b.png","https://www.acb.com/Documentos/Cabeceras/logo-competicion-4a.png",91,2026,107,NA,NA,6015,105382,NA,93709,FALSE,4465,4472,3393,"Valencia Basket","Valencia Basket","VBC",4465,3386,"iLERNA Lleida","iLERNA Lleida","ILE",20209098,20209098,20209098,"Oriol  Paulí Fornells","Oriol Paulí","O. Paulí","Paulí",202,FALSE,202,NA,0,"5",9,886,1,1,100,3,4,75,0,0,0,7,0,7,3,2,3,2,0,0,0,1,2,18,1,0,-9,0,NA
2231086,1,"Liga Nacional","Liga Endesa",-402534000,NA,"https://www.acb.com/Documentos/Cabeceras/logo-competicion-1b.png","https://www.acb.com/Documentos/Cabeceras/logo-competicion-4a.png",91,2026,107,NA,NA,6015,105382,NA,93697,FALSE,4465,4472,3393,"Valencia Basket","Valencia Basket","VBC",4465,3386,"iLERNA Lleida","iLERNA Lleida","ILE",30005324,30005324,21104802,"Adrià  Rodriguez i Juan","Adria Rodriguez","A. Rodriguez","Rodriguez",202,FALSE,202,NA,0,"13",0,52,0,0,0,0,0,0,0,0,0,0,0,0,0,1,0,0,0,0,0,0,0,1,0,0,3,0,NA
2231085,1,"Liga Nacional","Liga Endesa",-402534000,NA,"https://www.acb.com/Documentos/Cabeceras/logo-competicion-1b.png","https://www.acb.com/Documentos/Cabeceras/logo-competicion-4a.png",91,2026,107,NA,NA,6015,105382,NA,93708,FALSE,4465,4472,3393,"Valencia Basket","Valencia Basket","VBC",4465,3386,"iLERNA Lleida","iLERNA Lleida","ILE",20212478,20212478,20212478,"Mikel  Sanz Zarandona","Mikel Sanz","M. Sanz","Sanz",202,FALSE,202,NA,0,"14",5,329,1,1,100,1,1,100,0,0,0,0,0,0,0,0,0,2,0,0,0,2,0,3,0,1,2,0,NA
2231084,1,"Liga Nacional","Liga Endesa",-402534000,NA,"https://www.acb.com/Documentos/Cabeceras/logo-competicion-1b.png","https://www.acb.com/Documentos/Cabeceras/logo-competicion-4a.png",91,2026,107,NA,NA,6015,105382,NA,93704,FALSE,4465,4472,3393,"Valencia Basket","Valencia Basket","VBC",4465,3386,"iLERNA Lleida","iLERNA Lleida","ILE",30003914,30003914,21103439,"James  Batemon ","James Batemon","J. Batemon","Batemon",202,FALSE,202,NA,0,"1",6,720,0,3,0,0,2,0,6,6,100,1,1,2,3,1,1,0,0,0,0,2,4,8,0,1,3,0,NA
2231083,1,"Liga Nacional","Liga Endesa",-402534000,NA,"https://www.acb.com/Documentos/Cabeceras/logo-competicion-1b.png","https://www.acb.com/Documentos/Cabeceras/logo-competicion-4a.png",91,2026,107,NA,NA,6015,105382,NA,93720,FALSE,4465,4472,3393,"Valencia Basket","Valencia Basket","VBC",4465,3386,"iLERNA Lleida","iLERNA Lleida","ILE",30003949,30003949,21103473,"Kur Nyok Kuath ","Kur Kuath","K. Kuath","Kuath",202,FALSE,202,NA,0,"23",5,521,0,0,0,2,4,50,1,2,50,3,1,4,0,0,1,0,2,0,0,2,1,6,0,1,13,0,NA
2231082,1,"Liga Nacional","Liga Endesa",-402534000,NA,"https://www.acb.com/Documentos/Cabeceras/logo-competicion-1b.png","https://www.acb.com/Documentos/Cabeceras/logo-competicion-4a.png",91,2026,107,NA,NA,6015,105382,NA,93706,FALSE,4465,4472,3393,"Valencia Basket","Valencia Basket","VBC",4465,3386,"iLERNA Lleida","iLERNA Lleida","ILE",30004008,30004008,21103527,"Mark Anthony Hughes ","Mark Hughes","M. Hughes","Hughes",202,FALSE,202,NA,0,"8",2,995,0,4,0,1,2,50,0,0,0,0,1,1,0,0,1,0,0,0,0,1,1,-3,1,0,2,0,NA
2231077,1,"Liga Nacional","Liga Endesa",-402534000,NA,"https://www.acb.com/Documentos/Cabeceras/logo-competicion-1b.png","https://www.acb.com/Documentos/Cabeceras/logo-competicion-4a.png",91,2026,107,NA,NA,6015,105382,NA,94080,TRUE,4472,4472,3393,"Valencia Basket","Valencia Basket","VBC",4465,3386,"iLERNA Lleida","iLERNA Lleida","ILE",20202101,20202101,20202101,"Nikola  Mirotic Stajovic","Nikola Mirotic","N. Mirotic","Mirotic",202,FALSE,202,NA,0,"33",11,502,1,2,50,2,3,66,4,4,100,2,0,2,0,0,0,0,1,1,0,1,4,14,0,1,4,0,NA
2231076,1,"Liga Nacional","Liga Endesa",-402534000,NA,"https://www.acb.com/Documentos/Cabeceras/logo-competicion-1b.png","https://www.acb.com/Documentos/Cabeceras/logo-competicion-4a.png",91,2026,107,NA,NA,6015,105382,NA,93869,TRUE,4472,4472,3393,"Valencia Basket","Valencia Basket","VBC",4465,3386,"iLERNA Lleida","iLERNA Lleida","ILE",20210392,20210392,20210392,"Josep  Puerto Guaita","Josep Puerto","J. Puerto","Puerto",202,FALSE,202,NA,0,"2",2,248,0,0,0,1,1,100,0,1,0,0,0,0,0,0,0,0,0,0,0,0,1,2,0,1,3,0,NA
2231070,1,"Liga Nacional","Liga Endesa",-402534000,NA,"https://www.acb.com/Documentos/Cabeceras/logo-competicion-1b.png","https://www.acb.com/Documentos/Cabeceras/logo-competicion-4a.png",91,2026,107,NA,NA,6015,105382,NA,93893,TRUE,4472,4472,3393,"Valencia Basket","Valencia Basket","VBC",4465,3386,"iLERNA Lleida","iLERNA Lleida","ILE",30000076,30000076,21100076,"Jasiel  Rivero Fernández","Jasiel Rivero","J. Rivero","Rivero",202,FALSE,202,NA,0,"41",4,658,0,0,0,2,4,50,0,0,0,1,4,5,0,0,1,0,0,0,0,1,1,6,1,0,-2,0,NA
2231069,1,"Liga Nacional","Liga Endesa",-402534000,NA,"https://www.acb.com/Documentos/Cabeceras/logo-competicion-1b.png","https://www.acb.com/Documentos/Cabeceras/logo-competicion-4a.png",91,2026,107,NA,NA,6015,105382,NA,93875,TRUE,4472,4472,3393,"Valencia Basket","Valencia Basket","VBC",4465,3386,"iLERNA Lleida","iLERNA Lleida","ILE",30003973,30003973,21103492,"Neal Omar Sako ","Neal Sako","N. Sako","Sako",202,FALSE,202,NA,0,"13",5,515,0,0,0,2,2,100,1,2,50,2,1,3,1,1,0,2,0,0,0,0,1,10,0,1,9,0,NA
2231068,1,"Liga Nacional","Liga Endesa",-402534000,NA,"https://www.acb.com/Documentos/Cabeceras/logo-competicion-1b.png","https://www.acb.com/Documentos/Cabeceras/logo-competicion-4a.png",91,2026,107,NA,NA,6015,105382,NA,93863,TRUE,4472,4472,3393,"Valencia Basket","Valencia Basket","VBC",4465,3386,"iLERNA Lleida","iLERNA Lleida","ILE",30005376,30005376,21104853,"Timoti Neokarte Shorts Vtori","TJ Shorts","TJ Shorts","Shorts",202,FALSE,202,NA,0,"0",1,744,0,1,0,0,5,0,1,1,100,1,0,1,3,0,0,0,0,0,0,2,0,-3,1,0,-4,0,NA
2231078,1,"Liga Nacional","Liga Endesa",-402534000,NA,"https://www.acb.com/Documentos/Cabeceras/logo-competicion-1b.png","https://www.acb.com/Documentos/Cabeceras/logo-competicion-4a.png",91,2026,107,NA,NA,6015,105382,NA,93865,TRUE,4472,4472,3393,"Valencia Basket","Valencia Basket","VBC",4465,3386,"iLERNA Lleida","iLERNA Lleida","ILE",30005335,30005335,21104810,"Álvaro  Cárdenas Torre","Álvaro Cárdenas","A. Cárdenas","Cárdenas",202,FALSE,202,NA,0,"7",4,772,0,2,0,2,3,66,0,0,0,0,0,0,5,0,3,0,0,0,0,2,0,1,0,1,4,0,NA
2231075,1,"Liga Nacional","Liga Endesa",-402534000,NA,"https://www.acb.com/Documentos/Cabeceras/logo-competicion-1b.png","https://www.acb.com/Documentos/Cabeceras/logo-competicion-4a.png",91,2026,107,NA,NA,6015,105382,NA,93864,TRUE,4472,4472,3393,"Valencia Basket","Valencia Basket","VBC",4465,3386,"iLERNA Lleida","iLERNA Lleida","ILE",20213210,20213210,20213210,"Mario  Saint-Supery Fernández","Mario Saint-Supery","M. Saint-Supery","Saint-Supery",202,FALSE,202,NA,0,"5",2,795,0,4,0,1,2,50,0,0,0,2,1,3,2,0,3,2,0,0,0,1,2,0,1,0,-6,0,NA
2231080,1,"Liga Nacional","Liga Endesa",-402534000,NA,"https://www.acb.com/Documentos/Cabeceras/logo-competicion-1b.png","https://www.acb.com/Documentos/Cabeceras/logo-competicion-4a.png",91,2026,107,NA,NA,6015,105382,NA,93715,FALSE,4465,4472,3393,"Valencia Basket","Valencia Basket","VBC",4465,3386,"iLERNA Lleida","iLERNA Lleida","ILE",20210670,20210670,20210670,"John Villiam Shurna ","John Shurna","J. Shurna","Shurna",202,FALSE,202,NA,0,"22",0,807,0,2,0,0,0,0,0,0,0,4,2,6,1,1,0,0,0,0,0,1,0,5,0,1,7,0,NA
2231079,1,"Liga Nacional","Liga Endesa",-402534000,NA,"https://www.acb.com/Documentos/Cabeceras/logo-competicion-1b.png","https://www.acb.com/Documentos/Cabeceras/logo-competicion-4a.png",91,2026,107,NA,NA,6015,105382,NA,93962,FALSE,4465,4472,3393,"Valencia Basket","Valencia Basket","VBC",4465,3386,"iLERNA Lleida","iLERNA Lleida","ILE",30005415,30005415,21104892,"Darius Malik Mc Ghee ","Darius McGhee","D. McGhee","McGhee",202,FALSE,202,NA,0,"0",18,900,4,8,50,2,2,100,2,2,100,2,1,3,3,2,0,0,0,0,0,0,1,23,1,1,0,0,NA
2231074,1,"Liga Nacional","Liga Endesa",-402534000,NA,"https://www.acb.com/Documentos/Cabeceras/logo-competicion-1b.png","https://www.acb.com/Documentos/Cabeceras/logo-competicion-4a.png",91,2026,107,NA,NA,6015,105382,NA,93867,TRUE,4472,4472,3393,"Valencia Basket","Valencia Basket","VBC",4465,3386,"iLERNA Lleida","iLERNA Lleida","ILE",30005406,30005406,21104883,"Armoni Daetrell Nikee Brooks ","Armoni Brooks","A. Brooks","Brooks",202,FALSE,202,NA,0,"12",11,721,3,6,50,1,4,25,0,0,0,2,0,2,0,1,0,0,0,1,0,2,0,5,0,1,6,0,NA
2231073,1,"Liga Nacional","Liga Endesa",-402534000,NA,"https://www.acb.com/Documentos/Cabeceras/logo-competicion-1b.png","https://www.acb.com/Documentos/Cabeceras/logo-competicion-4a.png",91,2026,107,NA,NA,6015,105382,NA,93871,TRUE,4472,4472,3393,"Valencia Basket","Valencia Basket","VBC",4465,3386,"iLERNA Lleida","iLERNA Lleida","ILE",30001981,30001981,21101650,"Kameron Milton Allante Taylor ","Kameron Taylor","K. Taylor","Taylor",202,FALSE,202,NA,0,"1",10,922,2,4,50,2,3,66,0,1,0,2,1,3,4,0,0,3,0,0,0,1,2,14,1,0,-2,0,NA
2231072,1,"Liga Nacional","Liga Endesa",-402534000,NA,"https://www.acb.com/Documentos/Cabeceras/logo-competicion-1b.png","https://www.acb.com/Documentos/Cabeceras/logo-competicion-4a.png",91,2026,107,NA,NA,6015,105382,NA,93866,TRUE,4472,4472,3393,"Valencia Basket","Valencia Basket","VBC",4465,3386,"iLERNA Lleida","iLERNA Lleida","ILE",30001331,30001331,21101116,"Gonzalo  Corbalán Gutierrez","Gonzalo Corbalán","G. Corbalán","Corbalán",202,FALSE,202,NA,0,"20",7,539,1,1,100,2,2,100,0,0,0,1,0,1,0,1,0,7,0,0,1,2,1,8,0,0,5,0,NA
2231081,1,"Liga Nacional","Liga Endesa",-402534000,NA,"https://www.acb.com/Documentos/Cabeceras/logo-competicion-1b.png","https://www.acb.com/Documentos/Cabeceras/logo-competicion-4a.png",91,2026,107,NA,NA,6015,105382,NA,93724,FALSE,4465,4472,3393,"Valencia Basket","Valencia Basket","VBC",4465,3386,"iLERNA Lleida","iLERNA Lleida","ILE",30005418,30005418,21104895,"Zacharie Marie Aime Perrin ","Zach Perrin","Z. Perrin","Perrin",202,FALSE,202,NA,0,"25",7,995,0,0,0,3,5,60,1,1,100,4,1,5,0,1,1,2,0,0,1,2,2,10,1,0,-13,0,NA
2231089,1,"Liga Nacional","Liga Endesa",-402534000,NA,"https://www.acb.com/Documentos/Cabeceras/logo-competicion-1b.png","https://www.acb.com/Documentos/Cabeceras/logo-competicion-4a.png",91,2026,107,NA,NA,6015,105382,NA,NA,TRUE,4472,4472,3393,"Valencia Basket","Valencia Basket","VBC",4465,3386,"iLERNA Lleida","iLERNA Lleida","ILE",NA,NA,NA,NA,NA,NA,NA,NA,NA,NA,NA,0,NA,0,0,0,0,0,0,0,0,0,0,0,0,2,2,0,1,0,0,0,0,0,0,0,3,0,0,0,0,NA
2231088,1,"Liga Nacional","Liga Endesa",-402534000,NA,"https://www.acb.com/Documentos/Cabeceras/logo-competicion-1b.png","https://www.acb.com/Documentos/Cabeceras/logo-competicion-4a.png",91,2026,107,NA,NA,6015,105382,NA,93699,FALSE,4465,4472,3393,"Valencia Basket","Valencia Basket","VBC",4465,3386,"iLERNA Lleida","iLERNA Lleida","ILE",30000015,30000015,21100014,"Daniel  García García","Dani García","D. García","García",202,FALSE,202,NA,0,"6",4,666,0,1,0,2,2,100,0,0,0,2,0,2,1,0,1,0,0,0,0,0,1,6,0,0,-1,0,NA
2231071,1,"Liga Nacional","Liga Endesa",-402534000,NA,"https://www.acb.com/Documentos/Cabeceras/logo-competicion-1b.png","https://www.acb.com/Documentos/Cabeceras/logo-competicion-4a.png",91,2026,107,NA,NA,6015,105382,NA,93872,TRUE,4472,4472,3393,"Valencia Basket","Valencia Basket","VBC",4465,3386,"iLERNA Lleida","iLERNA Lleida","ILE",30002724,30002724,21102352,"Nathan Donald Reuvers ","Nate Reuvers","N. Reuvers","Reuvers",202,FALSE,202,NA,0,"3",6,804,1,3,33,0,0,0,3,4,75,1,0,1,0,0,1,0,0,0,0,1,2,4,1,0,-6,0,NA
2231067,1,"Liga Nacional","Liga Endesa",-402534000,NA,"https://www.acb.com/Documentos/Cabeceras/logo-competicion-1b.png","https://www.acb.com/Documentos/Cabeceras/logo-competicion-4a.png",91,2026,107,NA,NA,6015,105382,NA,93874,TRUE,4472,4472,3393,"Valencia Basket","Valencia Basket","VBC",4465,3386,"iLERNA Lleida","iLERNA Lleida","ILE",30005374,30005374,21104851,"Mouhamadou Gueye","Mo Gueye","M. Gueye","Gueye",202,FALSE,202,NA,0,"16",0,360,0,0,0,0,0,0,0,0,0,0,1,1,1,0,1,0,0,0,0,1,0,0,0,0,-11,0,NA
2231066,1,"Liga Nacional","Liga Endesa",-402534000,NA,"https://www.acb.com/Documentos/Cabeceras/logo-competicion-1b.png","https://www.acb.com/Documentos/Cabeceras/logo-competicion-4a.png",91,2026,107,NA,NA,6015,105382,NA,93716,FALSE,4465,4472,3393,"Valencia Basket","Valencia Basket","VBC",4465,3386,"iLERNA Lleida","iLERNA Lleida","ILE",30000049,30000049,21100050,"Melvin Obinna Ejim ","Melvin Ejim","M. Ejim","Ejim",202,FALSE,202,NA,0,"3",7,709,0,2,0,3,3,100,1,2,50,0,1,1,1,0,3,2,0,0,0,4,2,1,1,0,-7,0,NA
2231065,1,"Liga Nacional","Liga Endesa",-402534000,NA,"https://www.acb.com/Documentos/Cabeceras/logo-competicion-1b.png","https://www.acb.com/Documentos/Cabeceras/logo-competicion-4a.png",91,2026,107,NA,NA,6015,105382,NA,94702,FALSE,4465,4472,3393,"Valencia Basket","Valencia Basket","VBC",4465,3386,"iLERNA Lleida","iLERNA Lleida","ILE",30003491,30003491,21103041,"Pau  Torrens Riera","Pau Torrens","P. Torrens","Torrens",202,FALSE,202,NA,0,"51",0,0,0,0,0,0,0,0,0,0,0,0,0,0,0,0,0,0,0,0,0,0,0,0,0,0,0,0,NA
2231271,1,"Liga Nacional","Liga Endesa",-402534000,NA,"https://www.acb.com/Documentos/Cabeceras/logo-competicion-1b.png","https://www.acb.com/Documentos/Cabeceras/logo-competicion-4a.png",91,2026,107,NA,NA,6015,105383,NA,93851,FALSE,4477,4476,3397,"Real Madrid","Real Madrid","RMB",4477,3398,"Unicaja","Unicaja","UNI",20202039,20202039,20202039,"Nihad  Dedovic ","Nihad Djedovic","N. Djedovic","Djedovic",202,FALSE,202,NA,0,"14",0,0,0,0,0,0,0,0,0,0,0,0,0,0,0,0,0,0,0,0,0,0,0,0,0,0,0,0,NA
2231270,1,"Liga Nacional","Liga Endesa",-402534000,NA,"https://www.acb.com/Documentos/Cabeceras/logo-competicion-1b.png","https://www.acb.com/Documentos/Cabeceras/logo-competicion-4a.png",91,2026,107,NA,NA,6015,105383,NA,93847,FALSE,4477,4476,3397,"Real Madrid","Real Madrid","RMB",4477,3398,"Unicaja","Unicaja","UNI",20209226,20209226,20209226,"Alberto  Díaz Ortiz","Alberto Díaz","A. Díaz","Díaz",202,FALSE,202,NA,0,"9",0,281,0,0,0,0,0,0,0,0,0,0,0,0,0,0,0,0,0,0,0,1,0,-1,0,1,-1,0,NA
2231269,1,"Liga Nacional","Liga Endesa",-402534000,NA,"https://www.acb.com/Documentos/Cabeceras/logo-competicion-1b.png","https://www.acb.com/Documentos/Cabeceras/logo-competicion-4a.png",91,2026,107,NA,NA,6015,105383,NA,93859,FALSE,4477,4476,3397,"Real Madrid","Real Madrid","RMB",4477,3398,"Unicaja","Unicaja","UNI",20209187,20209187,20209187,"Guillermo Gustavo Hernangómez Geuer","Willy Hernangómez","W. Hernangómez","Hernangómez",202,FALSE,202,NA,0,"41",2,123,0,0,0,1,1,100,0,0,0,1,0,1,0,0,2,0,0,0,0,2,0,-1,0,0,-2,0,NA
2231268,1,"Liga Nacional","Liga Endesa",-402534000,NA,"https://www.acb.com/Documentos/Cabeceras/logo-competicion-1b.png","https://www.acb.com/Documentos/Cabeceras/logo-competicion-4a.png",91,2026,107,NA,NA,6015,105383,NA,93849,FALSE,4477,4476,3397,"Real Madrid","Real Madrid","RMB",4477,3398,"Unicaja","Unicaja","UNI",20212357,20212357,20212357,"Jan Patrick Melwin Pantzar ","Melwin Pantzar","M. Pantzar","Pantzar",202,FALSE,202,NA,0,"19",2,198,0,1,0,1,3,33,0,0,0,0,0,0,0,0,0,2,0,1,0,0,1,-1,0,0,-3,0,NA
2231267,1,"Liga Nacional","Liga Endesa",-402534000,NA,"https://www.acb.com/Documentos/Cabeceras/logo-competicion-1b.png","https://www.acb.com/Documentos/Cabeceras/logo-competicion-4a.png",91,2026,107,NA,NA,6015,105383,NA,93850,FALSE,4477,4476,3397,"Real Madrid","Real Madrid","RMB",4477,3398,"Unicaja","Unicaja","UNI",30003415,30003415,21102971,"Cameron Lee Hunt ","Cameron Hunt","C. Hunt","Hunt",202,FALSE,202,NA,0,"24",0,319,0,0,0,0,1,0,0,0,0,0,0,0,0,0,0,0,0,0,0,2,0,-3,1,0,0,0,NA
2231275,1,"Liga Nacional","Liga Endesa",-402534000,NA,"https://www.acb.com/Documentos/Cabeceras/logo-competicion-1b.png","https://www.acb.com/Documentos/Cabeceras/logo-competicion-4a.png",91,2026,107,NA,NA,6015,105383,NA,93830,TRUE,4476,4476,3397,"Real Madrid","Real Madrid","RMB",4477,3398,"Unicaja","Unicaja","UNI",20211129,20211129,20211129,"Jaime  Pradilla Gayán","Jaime Pradilla","J. Pradilla","Pradilla",202,FALSE,202,NA,0,"4",4,402,0,1,0,2,2,100,0,0,0,1,0,1,0,0,0,0,0,0,0,0,1,5,1,1,-2,0,NA
2231258,1,"Liga Nacional","Liga Endesa",-402534000,NA,"https://www.acb.com/Documentos/Cabeceras/logo-competicion-1b.png","https://www.acb.com/Documentos/Cabeceras/logo-competicion-4a.png",91,2026,107,NA,NA,6015,105383,NA,93824,TRUE,4476,4476,3397,"Real Madrid","Real Madrid","RMB",4477,3398,"Unicaja","Unicaja","UNI",20212952,20212952,20212952,"Gabriel Alejandro Deck Luna","Gabriel Deck","G. Deck","Deck",202,FALSE,202,NA,0,"14",2,163,0,1,0,1,1,100,0,0,0,0,0,0,0,0,0,2,0,0,0,1,0,0,0,0,0,0,NA
2231256,1,"Liga Nacional","Liga Endesa",-402534000,NA,"https://www.acb.com/Documentos/Cabeceras/logo-competicion-1b.png","https://www.acb.com/Documentos/Cabeceras/logo-competicion-4a.png",91,2026,107,NA,NA,6015,105383,NA,93801,TRUE,4476,4476,3397,"Real Madrid","Real Madrid","RMB",4477,3398,"Unicaja","Unicaja","UNI",30003979,30003979,21103498,"Theo Louis Maledon ","Theo Maledon","T. Maledon","Maledon",202,FALSE,202,NA,0,"12",5,198,1,1,100,0,0,0,2,2,100,1,0,1,1,0,0,0,0,0,0,0,2,9,0,0,3,0,NA
2231274,1,"Liga Nacional","Liga Endesa",-402534000,NA,"https://www.acb.com/Documentos/Cabeceras/logo-competicion-1b.png","https://www.acb.com/Documentos/Cabeceras/logo-competicion-4a.png",91,2026,107,NA,NA,6015,105383,NA,93805,TRUE,4476,4476,3397,"Real Madrid","Real Madrid","RMB",4477,3398,"Unicaja","Unicaja","UNI",30005439,30005439,21104911,"Maksym Shulga","Max Shulga","M. Shulga","Shulga",202,FALSE,202,NA,0,"2",2,236,0,1,0,1,1,100,0,0,0,0,0,0,0,0,2,0,0,0,0,1,0,-2,0,0,-6,0,NA
2231272,1,"Liga Nacional","Liga Endesa",-402534000,NA,"https://www.acb.com/Documentos/Cabeceras/logo-competicion-1b.png","https://www.acb.com/Documentos/Cabeceras/logo-competicion-4a.png",91,2026,107,NA,NA,6015,105383,NA,93855,FALSE,4477,4476,3397,"Real Madrid","Real Madrid","RMB",4477,3398,"Unicaja","Unicaja","UNI",20200191,20200191,20200191,"Jhonatan  Barreiro Rodríguez","Jonathan Barreiro","J. Barreiro","Barreiro",202,FALSE,202,NA,0,"7",0,206,0,0,0,0,0,0,0,0,0,0,0,0,1,0,0,0,0,0,0,0,0,1,0,1,-3,0,NA
2231255,1,"Liga Nacional","Liga Endesa",-402534000,NA,"https://www.acb.com/Documentos/Cabeceras/logo-competicion-1b.png","https://www.acb.com/Documentos/Cabeceras/logo-competicion-4a.png",91,2026,107,NA,NA,6015,105383,NA,93834,TRUE,4476,4476,3397,"Real Madrid","Real Madrid","RMB",4477,3398,"Unicaja","Unicaja","UNI",30005438,30005438,21104910,"Olivier Ibrahim Clovis Sarr ","Olivier Sarr","O. Sarr","Sarr",202,FALSE,202,NA,0,"33",0,117,0,0,0,0,1,0,0,0,0,1,0,1,0,0,0,0,0,0,0,2,1,-1,0,0,4,0,NA
2231278,1,"Liga Nacional","Liga Endesa",-402534000,NA,"https://www.acb.com/Documentos/Cabeceras/logo-competicion-1b.png","https://www.acb.com/Documentos/Cabeceras/logo-competicion-4a.png",91,2026,107,NA,NA,6015,105383,NA,NA,TRUE,4476,4476,3397,"Real Madrid","Real Madrid","RMB",4477,3398,"Unicaja","Unicaja","UNI",NA,NA,NA,NA,NA,NA,NA,NA,NA,NA,NA,0,NA,0,0,0,0,0,0,0,0,0,0,0,1,0,1,0,0,0,0,0,0,0,0,0,1,0,0,0,0,NA
2231260,1,"Liga Nacional","Liga Endesa",-402534000,NA,"https://www.acb.com/Documentos/Cabeceras/logo-competicion-1b.png","https://www.acb.com/Documentos/Cabeceras/logo-competicion-4a.png",91,2026,107,NA,NA,6015,105383,NA,93828,TRUE,4476,4476,3397,"Real Madrid","Real Madrid","RMB",4477,3398,"Unicaja","Unicaja","UNI",30003981,30003981,21103500,"Chukwuma Julian Okeke ","Chuma Okeke","C. Okeke","Okeke",202,FALSE,202,NA,0,"8",0,198,0,1,0,0,0,0,0,0,0,0,1,1,0,0,0,0,1,0,0,0,0,1,0,0,3,0,NA
2231266,1,"Liga Nacional","Liga Endesa",-402534000,NA,"https://www.acb.com/Documentos/Cabeceras/logo-competicion-1b.png","https://www.acb.com/Documentos/Cabeceras/logo-competicion-4a.png",91,2026,107,NA,NA,6015,105383,NA,93853,FALSE,4477,4476,3397,"Real Madrid","Real Madrid","RMB",4477,3398,"Unicaja","Unicaja","UNI",30005397,30005397,21104874,"Ignas  Brazdeikis ","Ignas  Brazdeikis","I. Brazdeikis","Brazdeikis",202,FALSE,202,NA,0,"8",3,394,1,1,100,0,1,0,0,0,0,1,0,1,0,1,0,0,0,1,0,0,1,4,1,0,2,0,NA
2231265,1,"Liga Nacional","Liga Endesa",-402534000,NA,"https://www.acb.com/Documentos/Cabeceras/logo-competicion-1b.png","https://www.acb.com/Documentos/Cabeceras/logo-competicion-4a.png",91,2026,107,NA,NA,6015,105383,NA,93858,FALSE,4477,4476,3397,"Real Madrid","Real Madrid","RMB",4477,3398,"Unicaja","Unicaja","UNI",30000023,30000023,21100025,"David Jeffrey Kravish ","David Kravish","D. Kravish","Kravish",202,FALSE,202,NA,0,"45",3,477,0,0,0,1,2,50,1,2,50,2,0,2,1,0,0,0,0,0,0,0,2,6,1,1,1,0,NA
2231263,1,"Liga Nacional","Liga Endesa",-402534000,NA,"https://www.acb.com/Documentos/Cabeceras/logo-competicion-1b.png","https://www.acb.com/Documentos/Cabeceras/logo-competicion-4a.png",91,2026,107,NA,NA,6015,105383,NA,93856,FALSE,4477,4476,3397,"Real Madrid","Real Madrid","RMB",4477,3398,"Unicaja","Unicaja","UNI",30001137,30001137,21100976,"Amine  Noua ","Amine Noua","A. Noua","Noua",202,FALSE,202,NA,0,"17",5,359,1,1,100,1,1,100,0,0,0,2,0,2,1,0,1,0,0,0,0,0,0,7,1,0,2,0,NA
2231277,1,"Liga Nacional","Liga Endesa",-402534000,NA,"https://www.acb.com/Documentos/Cabeceras/logo-competicion-1b.png","https://www.acb.com/Documentos/Cabeceras/logo-competicion-4a.png",91,2026,107,NA,NA,6015,105383,NA,93817,TRUE,4476,4476,3397,"Real Madrid","Real Madrid","RMB",4477,3398,"Unicaja","Unicaja","UNI",20210088,20210088,20210088,"Alberto  Abalde Díaz","Alberto Abalde","A. Abalde","Abalde",202,FALSE,202,NA,0,"6",2,181,0,1,0,1,1,100,0,0,0,0,0,0,0,0,0,0,0,0,1,0,0,1,1,0,2,0,NA
2231276,1,"Liga Nacional","Liga Endesa",-402534000,NA,"https://www.acb.com/Documentos/Cabeceras/logo-competicion-1b.png","https://www.acb.com/Documentos/Cabeceras/logo-competicion-4a.png",91,2026,107,NA,NA,6015,105383,NA,93810,TRUE,4476,4476,3397,"Real Madrid","Real Madrid","RMB",4477,3398,"Unicaja","Unicaja","UNI",20201774,20201774,20201774,"Sergio  Llull Meliá","Sergio Llull","S. Llull","Llull",202,FALSE,202,NA,0,"23",0,183,0,0,0,0,0,0,0,0,0,0,0,0,0,0,0,0,0,0,0,0,0,0,0,1,5,0,NA
2231262,1,"Liga Nacional","Liga Endesa",-402534000,NA,"https://www.acb.com/Documentos/Cabeceras/logo-competicion-1b.png","https://www.acb.com/Documentos/Cabeceras/logo-competicion-4a.png",91,2026,107,NA,NA,6015,105383,NA,93848,FALSE,4477,4476,3397,"Real Madrid","Real Madrid","RMB",4477,3398,"Unicaja","Unicaja","UNI",30001977,30001977,21101646,"Kendrick Dennard Perry ","Kendrick Perry","K. Perry","Perry",202,FALSE,202,NA,0,"55",2,402,0,1,0,0,1,0,2,2,100,0,0,0,2,0,0,0,0,0,0,0,1,3,1,1,2,0,NA
2231261,1,"Liga Nacional","Liga Endesa",-402534000,NA,"https://www.acb.com/Documentos/Cabeceras/logo-competicion-1b.png","https://www.acb.com/Documentos/Cabeceras/logo-competicion-4a.png",91,2026,107,NA,NA,6015,105383,NA,93895,TRUE,4476,4476,3397,"Real Madrid","Real Madrid","RMB",4477,3398,"Unicaja","Unicaja","UNI",30005475,30005475,21104943,"Damian William Jones ","Damian Jones","D. Jones","Jones",202,FALSE,202,NA,0,"30",2,302,0,0,0,1,1,100,0,0,0,2,0,2,1,0,0,0,0,0,0,0,1,6,0,1,-5,0,NA
2231259,1,"Liga Nacional","Liga Endesa",-402534000,NA,"https://www.acb.com/Documentos/Cabeceras/logo-competicion-1b.png","https://www.acb.com/Documentos/Cabeceras/logo-competicion-4a.png",91,2026,107,NA,NA,6015,105383,NA,93794,TRUE,4476,4476,3397,"Real Madrid","Real Madrid","RMB",4477,3398,"Unicaja","Unicaja","UNI",20211331,20211331,20211331,"Facundo  Campazzo Avedano","Facu Campazzo","F. Campazzo","Campazzo",202,FALSE,202,NA,0,"7",0,402,0,0,0,0,1,0,0,0,0,0,0,0,2,0,0,0,0,0,0,0,0,1,1,1,-2,0,NA
2231279,1,"Liga Nacional","Liga Endesa",-402534000,NA,"https://www.acb.com/Documentos/Cabeceras/logo-competicion-1b.png","https://www.acb.com/Documentos/Cabeceras/logo-competicion-4a.png",91,2026,107,NA,NA,6015,105383,NA,NA,FALSE,4477,4476,3397,"Real Madrid","Real Madrid","RMB",4477,3398,"Unicaja","Unicaja","UNI",NA,NA,NA,NA,NA,NA,NA,NA,NA,NA,NA,0,NA,0,0,0,0,0,0,0,0,0,0,0,1,1,2,0,0,0,0,0,0,0,0,0,2,0,0,0,0,NA
2231257,1,"Liga Nacional","Liga Endesa",-402534000,NA,"https://www.acb.com/Documentos/Cabeceras/logo-competicion-1b.png","https://www.acb.com/Documentos/Cabeceras/logo-competicion-4a.png",91,2026,107,NA,NA,6015,105383,NA,93826,TRUE,4476,4476,3397,"Real Madrid","Real Madrid","RMB",4477,3398,"Unicaja","Unicaja","UNI",30003351,30003351,21102911,"Timothe Baptiste Luwawu Kongbo","Timothé Luwawu-Cabarrot","Luwawu-Cabarrot","Luwawu",202,FALSE,202,NA,0,"3",6,437,0,1,0,3,4,75,0,0,0,1,0,1,1,1,0,2,0,0,0,0,0,7,1,1,1,0,NA
2231264,1,"Liga Nacional","Liga Endesa",-402534000,NA,"https://www.acb.com/Documentos/Cabeceras/logo-competicion-1b.png","https://www.acb.com/Documentos/Cabeceras/logo-competicion-4a.png",91,2026,107,NA,NA,6015,105383,NA,93854,FALSE,4477,4476,3397,"Real Madrid","Real Madrid","RMB",4477,3398,"Unicaja","Unicaja","UNI",30005432,30005432,21104907,"Simonas  Lukosius ","Simonas Lukosius","S. Lukosius","Lukosius",202,FALSE,202,NA,0,"13",5,241,1,1,100,1,1,100,0,0,0,0,0,0,0,0,0,0,0,0,0,0,0,5,0,1,-3,0,NA
2231273,1,"Liga Nacional","Liga Endesa",-402534000,NA,"https://www.acb.com/Documentos/Cabeceras/logo-competicion-1b.png","https://www.acb.com/Documentos/Cabeceras/logo-competicion-4a.png",91,2026,107,NA,NA,6015,105383,NA,93832,TRUE,4476,4476,3397,"Real Madrid","Real Madrid","RMB",4477,3398,"Unicaja","Unicaja","UNI",20209407,20209407,20209407,"Walter Samuel Tavares Da Veiga","Edy Tavares","W. Tavares","Tavares",202,FALSE,202,NA,0,"22",0,181,0,0,0,0,0,0,0,0,0,0,0,0,0,0,0,0,1,0,0,1,0,0,1,0,2,0,NA
