"id","id_competition","competition_name","competition_official_name","competition_initial_date","competition_final_date","competition_url_image","competition_url_image_negative","id_edition","edition_year","id_phase","id_subphase","id_round","id_matchweek","id_match","period","id_edition_license_team","is_local","id_team","id_local_team","local_team_id_team_denomination","local_team_team_actual_name","local_team_team_actual_short_name","local_team_team_abbrev_name","id_visitor_team","visitor_team_id_team_denomination","visitor_team_team_actual_name","visitor_team_team_actual_short_name","visitor_team_team_abbrev_name","match_number","points","time_played","3pt_success","3pt_tried","3pt_percentage","2pt_success","2pt_tried","2pt_percentage","1pt_success","1pt_tried","1pt_percentage","defensive_rebound","offensive_rebound","total_rebound","asis","steals","turnovers","counter_attack","blocks","received_blocks","dunks","personal_fouls","received_fouls","val","differential","tournament_number2","defeats","victories","tie","team_score","rival_team_score","timeouts","time_as_leader","leader_changes","maximun_difference","points_after_steal","points_in_the_paint","second_opportinity_points","bench_points","best_streak"
1413817,1,"Liga Nacional","Liga Endesa",-402534000,NA,"https://www.acb.com/Documentos/Cabeceras/logo-competicion-1b.png","https://www.acb.com/Documentos/Cabeceras/logo-competicion-4a.png",74,2009,107,NA,NA,2123,13512,NA,NA,TRUE,1531,1531,512,"Lagun Aro GBC","Lagun Aro GBC","GBC",1535,876,"Suzuki Manresa","Suzuki Man.","MAN",1,77,12000,4,16,25,22,36,61.11,21,28,75,18,8,26,10,9,13,0,0,2,4,24,23,73,0,0,1,0,0,77,80,0,NA,0,0,0,0,0,0,0
1413818,1,"Liga Nacional","Liga Endesa",-402534000,NA,"https://www.acb.com/Documentos/Cabeceras/logo-competicion-1b.png","https://www.acb.com/Documentos/Cabeceras/logo-competicion-4a.png",74,2009,107,NA,NA,2123,13512,NA,NA,FALSE,1535,1531,512,"Lagun Aro GBC","Lagun Aro GBC","GBC",1535,876,"Suzuki Manresa","Suzuki Man.","MAN",1,80,12000,10,24,41.67,16,26,61.54,18,24,75,19,6,25,16,5,16,0,2,0,1,23,24,83,0,0,0,1,0,80,77,0,NA,0,0,0,0,0,0,0
1413845,1,"Liga Nacional","Liga Endesa",-402534000,NA,"https://www.acb.com/Documentos/Cabeceras/logo-competicion-1b.png","https://www.acb.com/Documentos/Cabeceras/logo-competicion-4a.png",74,2009,107,NA,NA,2123,13513,NA,NA,TRUE,1539,1539,1080,"Unicaja","Unicaja","UNI",1530,1206,"Ayuda en Acción Fuenlabrada","AeA Fuenlabrada","FUE",1,71,12000,7,21,33,21,43,48,8,16,50,21,10,31,16,6,9,0,3,0,2,22,20,72,0,0,12,0,0,71,74,0,0,0,0,0,0,0,0,0
1413846,1,"Liga Nacional","Liga Endesa",-402534000,NA,"https://www.acb.com/Documentos/Cabeceras/logo-competicion-1b.png","https://www.acb.com/Documentos/Cabeceras/logo-competicion-4a.png",74,2009,107,NA,NA,2123,13513,NA,NA,FALSE,1530,1539,1080,"Unicaja","Unicaja","UNI",1530,1206,"Ayuda en Acción Fuenlabrada","AeA Fuenlabrada","FUE",1,74,12000,12,28,42.86,12,27,44.44,14,21,66.67,26,12,38,13,4,19,0,0,3,1,20,22,71,0,0,0,1,0,74,71,0,NA,0,0,0,0,0,0,0
1413872,1,"Liga Nacional","Liga Endesa",-402534000,NA,"https://www.acb.com/Documentos/Cabeceras/logo-competicion-1b.png","https://www.acb.com/Documentos/Cabeceras/logo-competicion-4a.png",74,2009,107,NA,NA,2123,13514,NA,NA,FALSE,1526,1537,914,"CB Murcia","CB Murcia","MUR",1526,238,"Caja Laboral","Caja Laboral","CLA",1,88,12000,5,18,27.78,28,51,54.9,17,20,85,23,11,34,16,7,7,0,3,4,3,20,20,98,0,0,0,1,0,88,66,0,NA,0,0,0,0,0,0,0
1413871,1,"Liga Nacional","Liga Endesa",-402534000,NA,"https://www.acb.com/Documentos/Cabeceras/logo-competicion-1b.png","https://www.acb.com/Documentos/Cabeceras/logo-competicion-4a.png",74,2009,107,NA,NA,2123,13514,NA,NA,TRUE,1537,1537,914,"CB Murcia","CB Murcia","MUR",1526,238,"Caja Laboral","Caja Laboral","CLA",1,66,12000,8,21,38.1,14,36,38.89,14,19,73.68,25,9,34,9,5,17,0,4,3,1,20,20,58,0,0,1,0,0,66,88,0,NA,0,0,0,0,0,0,0
1413898,1,"Liga Nacional","Liga Endesa",-402534000,NA,"https://www.acb.com/Documentos/Cabeceras/logo-competicion-1b.png","https://www.acb.com/Documentos/Cabeceras/logo-competicion-4a.png",74,2009,107,NA,NA,2123,13515,NA,NA,FALSE,1532,1527,290,"Bizkaia Bilbao Basket","Bizkaia Bilbao","BBB",1532,13,"CB Granada","CB Granada","GRA",1,63,12000,4,18,22.22,18,35,51.43,15,23,65.22,21,11,32,10,8,12,0,1,2,3,20,25,66,0,0,1,0,0,63,74,0,NA,0,0,0,0,0,0,0
1413897,1,"Liga Nacional","Liga Endesa",-402534000,NA,"https://www.acb.com/Documentos/Cabeceras/logo-competicion-1b.png","https://www.acb.com/Documentos/Cabeceras/logo-competicion-4a.png",74,2009,107,NA,NA,2123,13515,NA,NA,TRUE,1527,1527,290,"Bizkaia Bilbao Basket","Bizkaia Bilbao","BBB",1532,13,"CB Granada","CB Granada","GRA",1,74,12000,10,28,35.71,18,29,62.07,8,14,57.14,22,11,33,17,7,12,0,2,1,2,25,20,80,0,0,0,1,0,74,63,0,NA,0,0,0,0,0,0,0
1413924,1,"Liga Nacional","Liga Endesa",-402534000,NA,"https://www.acb.com/Documentos/Cabeceras/logo-competicion-1b.png","https://www.acb.com/Documentos/Cabeceras/logo-competicion-4a.png",74,2009,107,NA,NA,2123,13516,NA,NA,TRUE,1541,1541,1288,"Meridiano Alicante","Meridiano Ali.","ALI",1536,1858,"Blancos de Rueda Valladolid","Blancos Rueda","BRV",1,80,12000,10,28,35.71,18,31,58.06,14,19,73.68,22,8,30,14,7,15,0,2,4,0,21,20,77,0,0,0,1,0,80,78,0,NA,0,0,0,0,0,0,0
1413925,1,"Liga Nacional","Liga Endesa",-402534000,NA,"https://www.acb.com/Documentos/Cabeceras/logo-competicion-1b.png","https://www.acb.com/Documentos/Cabeceras/logo-competicion-4a.png",74,2009,107,NA,NA,2123,13516,NA,NA,FALSE,1536,1541,1288,"Meridiano Alicante","Meridiano Ali.","ALI",1536,1858,"Blancos de Rueda Valladolid","Blancos Rueda","BRV",1,78,12000,7,21,33.33,21,37,56.76,15,20,75,26,7,33,11,7,14,0,4,2,4,20,21,83,0,0,1,0,0,78,80,0,NA,0,0,0,0,0,0,0
1413980,1,"Liga Nacional","Liga Endesa",-402534000,NA,"https://www.acb.com/Documentos/Cabeceras/logo-competicion-1b.png","https://www.acb.com/Documentos/Cabeceras/logo-competicion-4a.png",74,2009,107,NA,NA,2123,13518,NA,NA,FALSE,1529,1538,979,"Power Electronics Valencia","Pow. Valencia","VBC",1529,477,"Asefa Estudiantes","Asefa Estu","ASE",1,68,12000,8,23,34.78,17,37,45.95,10,12,83.33,19,11,30,12,7,18,0,1,7,1,22,21,55,0,0,1,0,0,68,80,0,NA,0,0,0,0,0,0,0
1413979,1,"Liga Nacional","Liga Endesa",-402534000,NA,"https://www.acb.com/Documentos/Cabeceras/logo-competicion-1b.png","https://www.acb.com/Documentos/Cabeceras/logo-competicion-4a.png",74,2009,107,NA,NA,2123,13518,NA,NA,TRUE,1538,1538,979,"Power Electronics Valencia","Pow. Valencia","VBC",1529,477,"Asefa Estudiantes","Asefa Estu","ASE",1,80,12000,10,21,47.62,18,31,58.06,14,20,70,22,8,30,16,9,22,0,7,1,3,21,22,90,0,0,0,1,0,80,68,0,NA,0,0,0,0,0,0,0
1414006,1,"Liga Nacional","Liga Endesa",-402534000,NA,"https://www.acb.com/Documentos/Cabeceras/logo-competicion-1b.png","https://www.acb.com/Documentos/Cabeceras/logo-competicion-4a.png",74,2009,107,NA,NA,2123,13519,NA,NA,TRUE,1528,1528,350,"Gran Canaria 2014","G. Canaria 2014","GCA",1533,643,"DKV Joventut","DKV Joventut","DKV",1,67,12000,8,26,30.77,16,28,57.14,11,13,84.62,19,7,26,13,11,16,0,3,3,2,16,17,70,0,0,1,0,0,67,69,0,NA,0,0,0,0,0,0,0
1414007,1,"Liga Nacional","Liga Endesa",-402534000,NA,"https://www.acb.com/Documentos/Cabeceras/logo-competicion-1b.png","https://www.acb.com/Documentos/Cabeceras/logo-competicion-4a.png",74,2009,107,NA,NA,2123,13519,NA,NA,FALSE,1533,1528,350,"Gran Canaria 2014","G. Canaria 2014","GCA",1533,643,"DKV Joventut","DKV Joventut","DKV",1,69,12000,11,32,34.38,16,30,53.33,4,8,50,20,15,35,17,9,16,0,3,3,1,17,16,74,0,0,0,1,0,69,67,0,NA,0,0,0,0,0,0,0
1413953,1,"Liga Nacional","Liga Endesa",-402534000,NA,"https://www.acb.com/Documentos/Cabeceras/logo-competicion-1b.png","https://www.acb.com/Documentos/Cabeceras/logo-competicion-4a.png",74,2009,107,NA,NA,2123,13517,NA,NA,FALSE,1525,1542,1686,"Xacobeo Blu:Sens Obradoiro","Xacobeo Obra","OBR",1525,123,"Regal FC Barcelona","Regal FCB","FCB",1,80,12000,5,17,29.41,27,43,62.79,11,11,100,23,8,31,19,9,13,0,9,3,2,23,18,99,0,0,0,1,0,80,63,0,NA,0,0,0,0,0,0,0
1413952,1,"Liga Nacional","Liga Endesa",-402534000,NA,"https://www.acb.com/Documentos/Cabeceras/logo-competicion-1b.png","https://www.acb.com/Documentos/Cabeceras/logo-competicion-4a.png",74,2009,107,NA,NA,2123,13517,NA,NA,TRUE,1542,1542,1686,"Xacobeo Blu:Sens Obradoiro","Xacobeo Obra","OBR",1525,123,"Regal FC Barcelona","Regal FCB","FCB",1,63,12000,3,9,33.33,19,43,44.19,16,19,84.21,19,7,26,10,9,16,0,3,9,0,18,23,58,0,0,1,0,0,63,80,0,NA,0,0,0,0,0,0,0
1413792,1,"Liga Nacional","Liga Endesa",-402534000,NA,"https://www.acb.com/Documentos/Cabeceras/logo-competicion-1b.png","https://www.acb.com/Documentos/Cabeceras/logo-competicion-4a.png",74,2009,107,NA,NA,2123,13511,NA,NA,FALSE,1534,1540,1140,"Cajasol","Cajasol","CAJ",1534,779,"Real Madrid","Real Madrid","RMB",1,76,12000,11,21,52.38,15,30,50,13,16,81.25,23,9,32,16,8,13,0,1,4,0,18,16,86,0,0,0,1,0,76,56,0,NA,0,0,0,0,0,0,0
1413791,1,"Liga Nacional","Liga Endesa",-402534000,NA,"https://www.acb.com/Documentos/Cabeceras/logo-competicion-1b.png","https://www.acb.com/Documentos/Cabeceras/logo-competicion-4a.png",74,2009,107,NA,NA,2123,13511,NA,NA,TRUE,1540,1540,1140,"Cajasol","Cajasol","CAJ",1534,779,"Real Madrid","Real Madrid","RMB",1,56,12000,8,26,30.77,13,29,44.83,6,10,60,16,12,28,9,8,16,0,4,1,0,16,18,52,0,0,1,0,0,56,76,0,NA,0,0,0,0,0,0,0
1414061,1,"Liga Nacional","Liga Endesa",-402534000,NA,"https://www.acb.com/Documentos/Cabeceras/logo-competicion-1b.png","https://www.acb.com/Documentos/Cabeceras/logo-competicion-4a.png",74,2009,107,NA,NA,2124,13521,NA,NA,TRUE,1529,1529,477,"Asefa Estudiantes","Asefa Estu","ASE",1528,350,"Gran Canaria 2014","G. Canaria 2014","GCA",1,72,12000,11,25,44,13,31,41.94,13,17,76.47,20,9,29,17,8,17,0,1,4,0,20,22,72,0,0,1,0,0,72,75,0,NA,0,0,0,0,0,0,0
1414062,1,"Liga Nacional","Liga Endesa",-402534000,NA,"https://www.acb.com/Documentos/Cabeceras/logo-competicion-1b.png","https://www.acb.com/Documentos/Cabeceras/logo-competicion-4a.png",74,2009,107,NA,NA,2124,13521,NA,NA,FALSE,1528,1529,477,"Asefa Estudiantes","Asefa Estu","ASE",1528,350,"Gran Canaria 2014","G. Canaria 2014","GCA",1,75,12000,9,27,33.33,20,40,50,8,12,66.67,22,16,38,7,9,15,0,4,1,0,22,20,73,0,0,0,1,0,75,72,0,NA,0,0,0,0,0,0,0
1414034,1,"Liga Nacional","Liga Endesa",-402534000,NA,"https://www.acb.com/Documentos/Cabeceras/logo-competicion-1b.png","https://www.acb.com/Documentos/Cabeceras/logo-competicion-4a.png",74,2009,107,NA,NA,2124,13520,NA,NA,TRUE,1533,1533,643,"DKV Joventut","DKV Joventut","DKV",1540,1140,"Cajasol","Cajasol","CAJ",1,65,12000,9,23,39.13,12,25,48,14,20,70,21,6,27,20,8,13,0,1,2,4,23,23,73,0,0,0,1,0,65,60,0,NA,0,0,0,0,0,0,0
1414035,1,"Liga Nacional","Liga Endesa",-402534000,NA,"https://www.acb.com/Documentos/Cabeceras/logo-competicion-1b.png","https://www.acb.com/Documentos/Cabeceras/logo-competicion-4a.png",74,2009,107,NA,NA,2124,13520,NA,NA,FALSE,1540,1533,643,"DKV Joventut","DKV Joventut","DKV",1540,1140,"Cajasol","Cajasol","CAJ",1,60,12000,7,27,25.93,16,29,55.17,7,13,53.85,21,14,35,14,8,16,0,2,1,1,23,23,63,0,0,1,0,0,60,65,0,NA,0,0,0,0,0,0,0
1414195,1,"Liga Nacional","Liga Endesa",-402534000,NA,"https://www.acb.com/Documentos/Cabeceras/logo-competicion-1b.png","https://www.acb.com/Documentos/Cabeceras/logo-competicion-4a.png",74,2009,107,NA,NA,2124,13526,NA,NA,TRUE,1530,1530,1206,"Ayuda en Acción Fuenlabrada","AeA Fuenlabrada","FUE",1537,914,"CB Murcia","CB Murcia","MUR",1,93,12000,11,27,40.74,20,30,66.67,20,25,80,24,6,30,13,8,13,0,2,2,1,23,24,101,0,0,0,1,0,93,77,0,NA,0,0,0,0,0,0,0
1414196,1,"Liga Nacional","Liga Endesa",-402534000,NA,"https://www.acb.com/Documentos/Cabeceras/logo-competicion-1b.png","https://www.acb.com/Documentos/Cabeceras/logo-competicion-4a.png",74,2009,107,NA,NA,2124,13526,NA,NA,FALSE,1537,1530,1206,"Ayuda en Acción Fuenlabrada","AeA Fuenlabrada","FUE",1537,914,"CB Murcia","CB Murcia","MUR",1,77,12000,7,19,36.84,22,43,51.16,12,22,54.55,20,11,31,12,5,16,0,2,2,1,24,23,65,0,0,1,0,0,77,93,0,NA,0,0,0,0,0,0,0
1414168,1,"Liga Nacional","Liga Endesa",-402534000,NA,"https://www.acb.com/Documentos/Cabeceras/logo-competicion-1b.png","https://www.acb.com/Documentos/Cabeceras/logo-competicion-4a.png",74,2009,107,NA,NA,2124,13525,NA,NA,FALSE,1527,1526,238,"Caja Laboral","Caja Laboral","CLA",1527,290,"Bizkaia Bilbao Basket","Bizkaia Bilbao","BBB",1,76,12000,12,29,41.38,16,33,48.48,8,11,72.73,20,10,30,17,5,12,0,3,3,1,19,18,78,0,0,1,0,0,76,85,0,NA,0,0,0,0,0,0,0
1414167,1,"Liga Nacional","Liga Endesa",-402534000,NA,"https://www.acb.com/Documentos/Cabeceras/logo-competicion-1b.png","https://www.acb.com/Documentos/Cabeceras/logo-competicion-4a.png",74,2009,107,NA,NA,2124,13525,NA,NA,TRUE,1526,1526,238,"Caja Laboral","Caja Laboral","CLA",1527,290,"Bizkaia Bilbao Basket","Bizkaia Bilbao","BBB",1,85,12000,8,23,34.78,22,39,56.41,17,19,89.47,22,12,34,17,5,9,0,3,3,3,18,19,99,0,0,0,1,0,85,76,0,NA,0,0,0,0,0,0,0
1414224,1,"Liga Nacional","Liga Endesa",-402534000,NA,"https://www.acb.com/Documentos/Cabeceras/logo-competicion-1b.png","https://www.acb.com/Documentos/Cabeceras/logo-competicion-4a.png",74,2009,107,NA,NA,2124,13527,NA,NA,TRUE,1535,1535,876,"Suzuki Manresa","Suzuki Man.","MAN",1539,1080,"Unicaja","Unicaja","UNI",1,77,12000,9,21,42.86,15,33,45.45,20,23,86.96,18,7,25,12,10,17,0,3,3,1,22,22,74,0,0,0,1,0,77,73,0,NA,0,0,0,0,0,0,0
1414225,1,"Liga Nacional","Liga Endesa",-402534000,NA,"https://www.acb.com/Documentos/Cabeceras/logo-competicion-1b.png","https://www.acb.com/Documentos/Cabeceras/logo-competicion-4a.png",74,2009,107,NA,NA,2124,13527,NA,NA,FALSE,1539,1535,876,"Suzuki Manresa","Suzuki Man.","MAN",1539,1080,"Unicaja","Unicaja","UNI",1,73,12000,7,16,43,20,40,50,12,16,75,22,9,31,17,9,21,0,3,3,1,22,22,76,0,0,12,0,0,73,77,0,0,0,0,0,0,0,0,0
1414113,1,"Liga Nacional","Liga Endesa",-402534000,NA,"https://www.acb.com/Documentos/Cabeceras/logo-competicion-1b.png","https://www.acb.com/Documentos/Cabeceras/logo-competicion-4a.png",74,2009,107,NA,NA,2124,13523,NA,NA,TRUE,1536,1536,1858,"Blancos de Rueda Valladolid","Blancos Rueda","BRV",1542,1686,"Xacobeo Blu:Sens Obradoiro","Xacobeo Obra","OBR",1,75,12000,8,19,42.11,18,38,47.37,15,17,88.24,20,10,30,12,14,16,0,3,0,2,16,24,93,0,0,0,1,0,75,64,0,NA,0,0,0,0,0,0,0
1414114,1,"Liga Nacional","Liga Endesa",-402534000,NA,"https://www.acb.com/Documentos/Cabeceras/logo-competicion-1b.png","https://www.acb.com/Documentos/Cabeceras/logo-competicion-4a.png",74,2009,107,NA,NA,2124,13523,NA,NA,FALSE,1542,1536,1858,"Blancos de Rueda Valladolid","Blancos Rueda","BRV",1542,1686,"Xacobeo Blu:Sens Obradoiro","Xacobeo Obra","OBR",1,64,12000,9,31,29.03,18,33,54.55,1,2,50,21,13,34,16,9,21,0,0,3,1,24,16,53,0,0,1,0,0,64,75,0,NA,0,0,0,0,0,0,0
1414088,1,"Liga Nacional","Liga Endesa",-402534000,NA,"https://www.acb.com/Documentos/Cabeceras/logo-competicion-1b.png","https://www.acb.com/Documentos/Cabeceras/logo-competicion-4a.png",74,2009,107,NA,NA,2124,13522,NA,NA,FALSE,1538,1525,123,"Regal FC Barcelona","Regal FCB","FCB",1538,979,"Power Electronics Valencia","Pow. Valencia","VBC",1,62,12000,11,24,45.83,9,28,32.14,11,16,68.75,15,8,23,6,8,14,0,4,5,0,15,21,53,0,0,1,0,0,62,87,0,NA,0,0,0,0,0,0,0
1414087,1,"Liga Nacional","Liga Endesa",-402534000,NA,"https://www.acb.com/Documentos/Cabeceras/logo-competicion-1b.png","https://www.acb.com/Documentos/Cabeceras/logo-competicion-4a.png",74,2009,107,NA,NA,2124,13522,NA,NA,TRUE,1525,1525,123,"Regal FC Barcelona","Regal FCB","FCB",1538,979,"Power Electronics Valencia","Pow. Valencia","VBC",1,87,12000,12,19,63.16,22,38,57.89,7,9,77.78,24,7,31,18,7,11,0,5,4,3,21,15,102,0,0,0,1,0,87,62,0,NA,0,0,0,0,0,0,0
1414140,1,"Liga Nacional","Liga Endesa",-402534000,NA,"https://www.acb.com/Documentos/Cabeceras/logo-competicion-1b.png","https://www.acb.com/Documentos/Cabeceras/logo-competicion-4a.png",74,2009,107,NA,NA,2124,13524,NA,NA,TRUE,1532,1532,13,"CB Granada","CB Granada","GRA",1541,1288,"Meridiano Alicante","Meridiano Ali.","ALI",1,103,12000,12,29,41.38,24,38,63.16,19,28,67.86,28,6,34,19,13,12,0,3,0,2,19,26,127,0,0,0,1,0,103,71,0,NA,0,0,0,0,0,0,0
1414141,1,"Liga Nacional","Liga Endesa",-402534000,NA,"https://www.acb.com/Documentos/Cabeceras/logo-competicion-1b.png","https://www.acb.com/Documentos/Cabeceras/logo-competicion-4a.png",74,2009,107,NA,NA,2124,13524,NA,NA,FALSE,1541,1532,13,"CB Granada","CB Granada","GRA",1541,1288,"Meridiano Alicante","Meridiano Ali.","ALI",1,71,12000,11,26,42.31,14,31,45.16,10,15,66.67,27,6,33,16,9,24,0,0,3,1,26,19,58,0,0,1,0,0,71,103,0,NA,0,0,0,0,0,0,0
1414251,1,"Liga Nacional","Liga Endesa",-402534000,NA,"https://www.acb.com/Documentos/Cabeceras/logo-competicion-1b.png","https://www.acb.com/Documentos/Cabeceras/logo-competicion-4a.png",74,2009,107,NA,NA,2124,13528,NA,NA,FALSE,1531,1534,779,"Real Madrid","Real Madrid","RMB",1531,512,"Lagun Aro GBC","Lagun Aro GBC","GBC",1,67,12000,6,21,28.57,19,38,50,11,14,78.57,23,11,34,7,8,15,0,2,2,2,24,20,60,0,0,1,0,0,67,71,0,NA,0,0,0,0,0,0,0
1414250,1,"Liga Nacional","Liga Endesa",-402534000,NA,"https://www.acb.com/Documentos/Cabeceras/logo-competicion-1b.png","https://www.acb.com/Documentos/Cabeceras/logo-competicion-4a.png",74,2009,107,NA,NA,2124,13528,NA,NA,TRUE,1534,1534,779,"Real Madrid","Real Madrid","RMB",1531,512,"Lagun Aro GBC","Lagun Aro GBC","GBC",1,71,12000,8,16,50,12,32,37.5,23,27,85.19,22,6,28,10,13,12,0,2,2,0,20,24,82,0,0,0,1,0,71,67,0,NA,0,0,0,0,0,0,0
1414277,1,"Liga Nacional","Liga Endesa",-402534000,NA,"https://www.acb.com/Documentos/Cabeceras/logo-competicion-1b.png","https://www.acb.com/Documentos/Cabeceras/logo-competicion-4a.png",74,2009,107,NA,NA,2125,13529,NA,NA,TRUE,1540,1540,1140,"Cajasol","Cajasol","CAJ",1531,512,"Lagun Aro GBC","Lagun Aro GBC","GBC",1,77,13500,6,20,30,16,44,36.36,27,34,79.41,19,16,35,14,12,17,0,3,3,1,34,26,64,0,0,1,0,0,77,84,0,NA,0,0,0,0,0,0,0
1414278,1,"Liga Nacional","Liga Endesa",-402534000,NA,"https://www.acb.com/Documentos/Cabeceras/logo-competicion-1b.png","https://www.acb.com/Documentos/Cabeceras/logo-competicion-4a.png",74,2009,107,NA,NA,2125,13529,NA,NA,FALSE,1531,1540,1140,"Cajasol","Cajasol","CAJ",1531,512,"Lagun Aro GBC","Lagun Aro GBC","GBC",1,84,13500,7,21,33.33,15,35,42.86,33,38,86.84,29,13,42,12,4,22,0,3,3,0,26,34,89,0,0,0,1,0,84,77,0,NA,0,0,0,0,0,0,0
1414332,1,"Liga Nacional","Liga Endesa",-402534000,NA,"https://www.acb.com/Documentos/Cabeceras/logo-competicion-1b.png","https://www.acb.com/Documentos/Cabeceras/logo-competicion-4a.png",74,2009,107,NA,NA,2125,13531,NA,NA,TRUE,1537,1537,914,"CB Murcia","CB Murcia","MUR",1535,876,"Suzuki Manresa","Suzuki Man.","MAN",1,73,12000,7,26,26.92,19,35,54.29,14,15,93.33,24,12,36,16,6,10,0,3,1,4,22,19,84,0,0,0,1,0,73,63,0,NA,0,0,0,0,0,0,0
1414333,1,"Liga Nacional","Liga Endesa",-402534000,NA,"https://www.acb.com/Documentos/Cabeceras/logo-competicion-1b.png","https://www.acb.com/Documentos/Cabeceras/logo-competicion-4a.png",74,2009,107,NA,NA,2125,13531,NA,NA,FALSE,1535,1537,914,"CB Murcia","CB Murcia","MUR",1535,876,"Suzuki Manresa","Suzuki Man.","MAN",1,63,12000,5,27,18.52,20,37,54.05,8,13,61.54,22,15,37,6,7,14,0,1,3,2,19,22,56,0,0,1,0,0,63,73,0,NA,0,0,0,0,0,0,0
1414385,1,"Liga Nacional","Liga Endesa",-402534000,NA,"https://www.acb.com/Documentos/Cabeceras/logo-competicion-1b.png","https://www.acb.com/Documentos/Cabeceras/logo-competicion-4a.png",74,2009,107,NA,NA,2125,13533,NA,NA,TRUE,1541,1541,1288,"Meridiano Alicante","Meridiano Ali.","ALI",1526,238,"Caja Laboral","Caja Laboral","CLA",1,57,12000,8,26,30.77,15,36,41.67,3,5,60,20,4,24,10,8,10,0,2,2,3,21,14,41,0,0,1,0,0,57,75,0,NA,0,0,0,0,0,0,0
1414386,1,"Liga Nacional","Liga Endesa",-402534000,NA,"https://www.acb.com/Documentos/Cabeceras/logo-competicion-1b.png","https://www.acb.com/Documentos/Cabeceras/logo-competicion-4a.png",74,2009,107,NA,NA,2125,13533,NA,NA,FALSE,1526,1541,1288,"Meridiano Alicante","Meridiano Ali.","ALI",1526,238,"Caja Laboral","Caja Laboral","CLA",1,75,12000,7,14,50,21,42,50,12,17,70.59,36,10,46,11,7,16,0,2,2,0,14,21,97,0,0,0,1,0,75,57,0,NA,0,0,0,0,0,0,0
1414411,1,"Liga Nacional","Liga Endesa",-402534000,NA,"https://www.acb.com/Documentos/Cabeceras/logo-competicion-1b.png","https://www.acb.com/Documentos/Cabeceras/logo-competicion-4a.png",74,2009,107,NA,NA,2125,13534,NA,NA,TRUE,1542,1542,1686,"Xacobeo Blu:Sens Obradoiro","Xacobeo Obra","OBR",1532,13,"CB Granada","CB Granada","GRA",1,92,13500,10,27,37.04,20,50,40,22,29,75.86,23,17,40,16,4,11,0,3,6,0,31,23,76,0,0,1,0,0,92,95,0,NA,0,0,0,0,0,0,0
1414412,1,"Liga Nacional","Liga Endesa",-402534000,NA,"https://www.acb.com/Documentos/Cabeceras/logo-competicion-1b.png","https://www.acb.com/Documentos/Cabeceras/logo-competicion-4a.png",74,2009,107,NA,NA,2125,13534,NA,NA,FALSE,1532,1542,1686,"Xacobeo Blu:Sens Obradoiro","Xacobeo Obra","OBR",1532,13,"CB Granada","CB Granada","GRA",1,95,13500,8,22,36.36,25,41,60.98,21,30,70,32,7,39,15,8,17,0,6,3,3,23,31,112,0,0,0,1,0,95,92,0,NA,0,0,0,0,0,0,0
1414465,1,"Liga Nacional","Liga Endesa",-402534000,NA,"https://www.acb.com/Documentos/Cabeceras/logo-competicion-1b.png","https://www.acb.com/Documentos/Cabeceras/logo-competicion-4a.png",74,2009,107,NA,NA,2125,13536,NA,NA,TRUE,1528,1528,350,"Gran Canaria 2014","G. Canaria 2014","GCA",1525,123,"Regal FC Barcelona","Regal FCB","FCB",1,67,12000,5,20,25,22,40,55,8,10,80,19,14,33,8,9,14,0,2,7,1,24,19,58,0,0,0,1,0,67,65,0,NA,0,0,0,0,0,0,0
1414466,1,"Liga Nacional","Liga Endesa",-402534000,NA,"https://www.acb.com/Documentos/Cabeceras/logo-competicion-1b.png","https://www.acb.com/Documentos/Cabeceras/logo-competicion-4a.png",74,2009,107,NA,NA,2125,13536,NA,NA,FALSE,1525,1528,350,"Gran Canaria 2014","G. Canaria 2014","GCA",1525,123,"Regal FC Barcelona","Regal FCB","FCB",1,65,12000,6,17,35.29,14,32,43.75,19,24,79.17,19,10,29,9,7,15,0,7,2,0,19,24,71,0,0,1,0,0,65,67,0,NA,0,0,0,0,0,0,0
1414493,1,"Liga Nacional","Liga Endesa",-402534000,NA,"https://www.acb.com/Documentos/Cabeceras/logo-competicion-1b.png","https://www.acb.com/Documentos/Cabeceras/logo-competicion-4a.png",74,2009,107,NA,NA,2125,13537,NA,NA,TRUE,1533,1533,643,"DKV Joventut","DKV Joventut","DKV",1529,477,"Asefa Estudiantes","Asefa Estu","ASE",1,85,12000,10,25,40,22,31,70.97,11,16,68.75,22,7,29,23,11,11,0,6,1,7,18,14,109,0,0,0,1,0,85,64,0,NA,0,0,0,0,0,0,0
1414494,1,"Liga Nacional","Liga Endesa",-402534000,NA,"https://www.acb.com/Documentos/Cabeceras/logo-competicion-1b.png","https://www.acb.com/Documentos/Cabeceras/logo-competicion-4a.png",74,2009,107,NA,NA,2125,13537,NA,NA,FALSE,1529,1533,643,"DKV Joventut","DKV Joventut","DKV",1529,477,"Asefa Estudiantes","Asefa Estu","ASE",1,64,12000,4,23,17.39,20,36,55.56,12,18,66.67,18,13,31,13,4,16,0,1,6,1,14,18,54,0,0,1,0,0,64,85,0,NA,0,0,0,0,0,0,0
1414360,1,"Liga Nacional","Liga Endesa",-402534000,NA,"https://www.acb.com/Documentos/Cabeceras/logo-competicion-1b.png","https://www.acb.com/Documentos/Cabeceras/logo-competicion-4a.png",74,2009,107,NA,NA,2125,13532,NA,NA,FALSE,1530,1527,290,"Bizkaia Bilbao Basket","Bizkaia Bilbao","BBB",1530,1206,"Ayuda en Acción Fuenlabrada","AeA Fuenlabrada","FUE",1,81,12000,13,33,39.39,14,24,58.33,14,18,77.78,20,9,29,10,10,16,0,4,2,1,16,21,87,0,0,0,1,0,81,72,0,NA,0,0,0,0,0,0,0
1414359,1,"Liga Nacional","Liga Endesa",-402534000,NA,"https://www.acb.com/Documentos/Cabeceras/logo-competicion-1b.png","https://www.acb.com/Documentos/Cabeceras/logo-competicion-4a.png",74,2009,107,NA,NA,2125,13532,NA,NA,TRUE,1527,1527,290,"Bizkaia Bilbao Basket","Bizkaia Bilbao","BBB",1530,1206,"Ayuda en Acción Fuenlabrada","AeA Fuenlabrada","FUE",1,72,12000,10,21,47.62,15,27,55.56,12,14,85.71,21,5,26,17,7,20,0,2,4,3,21,16,70,0,0,1,0,0,72,81,0,NA,0,0,0,0,0,0,0
1414438,1,"Liga Nacional","Liga Endesa",-402534000,NA,"https://www.acb.com/Documentos/Cabeceras/logo-competicion-1b.png","https://www.acb.com/Documentos/Cabeceras/logo-competicion-4a.png",74,2009,107,NA,NA,2125,13535,NA,NA,TRUE,1538,1538,979,"Power Electronics Valencia","Pow. Valencia","VBC",1536,1858,"Blancos de Rueda Valladolid","Blancos Rueda","BRV",1,79,12000,8,22,36.36,20,35,57.14,15,17,88.24,20,9,29,14,10,13,0,5,5,1,19,24,93,0,0,0,1,0,79,63,0,NA,0,0,0,0,0,0,0
1414439,1,"Liga Nacional","Liga Endesa",-402534000,NA,"https://www.acb.com/Documentos/Cabeceras/logo-competicion-1b.png","https://www.acb.com/Documentos/Cabeceras/logo-competicion-4a.png",74,2009,107,NA,NA,2125,13535,NA,NA,FALSE,1536,1538,979,"Power Electronics Valencia","Pow. Valencia","VBC",1536,1858,"Blancos de Rueda Valladolid","Blancos Rueda","BRV",1,63,12000,8,17,47.06,15,35,42.86,9,12,75,18,8,26,11,7,16,0,5,5,1,24,19,54,0,0,1,0,0,63,79,0,NA,0,0,0,0,0,0,0
1414305,1,"Liga Nacional","Liga Endesa",-402534000,NA,"https://www.acb.com/Documentos/Cabeceras/logo-competicion-1b.png","https://www.acb.com/Documentos/Cabeceras/logo-competicion-4a.png",74,2009,107,NA,NA,2125,13530,NA,NA,TRUE,1539,1539,1080,"Unicaja","Unicaja","UNI",1534,779,"Real Madrid","Real Madrid","RMB",1,79,13500,8,19,42,18,44,40,19,24,79,28,10,38,14,9,17,0,5,2,2,28,28,84,0,0,11,0,0,79,81,0,0,0,0,0,0,0,0,0
1414306,1,"Liga Nacional","Liga Endesa",-402534000,NA,"https://www.acb.com/Documentos/Cabeceras/logo-competicion-1b.png","https://www.acb.com/Documentos/Cabeceras/logo-competicion-4a.png",74,2009,107,NA,NA,2125,13530,NA,NA,FALSE,1534,1539,1080,"Unicaja","Unicaja","UNI",1534,779,"Real Madrid","Real Madrid","RMB",1,81,13500,6,28,21.43,20,41,48.78,23,26,88.46,26,14,40,13,9,14,0,2,5,1,28,28,80,0,0,0,1,0,81,79,0,NA,0,0,0,0,0,0,0
1414627,1,"Liga Nacional","Liga Endesa",-402534000,NA,"https://www.acb.com/Documentos/Cabeceras/logo-competicion-1b.png","https://www.acb.com/Documentos/Cabeceras/logo-competicion-4a.png",74,2009,107,NA,NA,2126,13542,NA,NA,TRUE,1526,1526,238,"Caja Laboral","Caja Laboral","CLA",1542,1686,"Xacobeo Blu:Sens Obradoiro","Xacobeo Obra","OBR",1,100,12000,8,18,44.44,29,40,72.5,18,25,72,22,7,29,22,6,14,0,2,0,2,19,23,121,0,0,0,1,0,100,81,0,NA,0,0,0,0,0,0,0
1414628,1,"Liga Nacional","Liga Endesa",-402534000,NA,"https://www.acb.com/Documentos/Cabeceras/logo-competicion-1b.png","https://www.acb.com/Documentos/Cabeceras/logo-competicion-4a.png",74,2009,107,NA,NA,2126,13542,NA,NA,FALSE,1542,1526,238,"Caja Laboral","Caja Laboral","CLA",1542,1686,"Xacobeo Blu:Sens Obradoiro","Xacobeo Obra","OBR",1,81,12000,10,25,40,18,33,54.55,15,17,88.24,17,3,20,14,8,15,0,0,2,1,23,19,70,0,0,1,0,0,81,100,0,NA,0,0,0,0,0,0,0
1414735,1,"Liga Nacional","Liga Endesa",-402534000,NA,"https://www.acb.com/Documentos/Cabeceras/logo-competicion-1b.png","https://www.acb.com/Documentos/Cabeceras/logo-competicion-4a.png",74,2009,107,NA,NA,2126,13546,NA,NA,TRUE,1531,1531,512,"Lagun Aro GBC","Lagun Aro GBC","GBC",1539,1080,"Unicaja","Unicaja","UNI",1,83,12000,8,21,38.1,18,28,64.29,23,32,71.88,29,7,36,15,8,20,0,1,0,4,21,26,96,0,0,0,1,0,83,76,0,NA,0,0,0,0,0,0,0
1414736,1,"Liga Nacional","Liga Endesa",-402534000,NA,"https://www.acb.com/Documentos/Cabeceras/logo-competicion-1b.png","https://www.acb.com/Documentos/Cabeceras/logo-competicion-4a.png",74,2009,107,NA,NA,2126,13546,NA,NA,FALSE,1539,1531,512,"Lagun Aro GBC","Lagun Aro GBC","GBC",1539,1080,"Unicaja","Unicaja","UNI",1,76,12000,5,21,23,25,41,60,11,14,78,20,4,24,15,10,14,0,0,1,0,26,21,70,0,0,12,0,0,76,83,0,0,0,0,0,0,0,0,0
1414574,1,"Liga Nacional","Liga Endesa",-402534000,NA,"https://www.acb.com/Documentos/Cabeceras/logo-competicion-1b.png","https://www.acb.com/Documentos/Cabeceras/logo-competicion-4a.png",74,2009,107,NA,NA,2126,13540,NA,NA,TRUE,1536,1536,1858,"Blancos de Rueda Valladolid","Blancos Rueda","BRV",1528,350,"Gran Canaria 2014","G. Canaria 2014","GCA",1,67,12000,4,18,22.22,21,40,52.5,13,17,76.47,20,12,32,11,19,20,0,4,3,3,15,21,79,0,0,0,1,0,67,61,0,NA,0,0,0,0,0,0,0
1414575,1,"Liga Nacional","Liga Endesa",-402534000,NA,"https://www.acb.com/Documentos/Cabeceras/logo-competicion-1b.png","https://www.acb.com/Documentos/Cabeceras/logo-competicion-4a.png",74,2009,107,NA,NA,2126,13540,NA,NA,FALSE,1528,1536,1858,"Blancos de Rueda Valladolid","Blancos Rueda","BRV",1528,350,"Gran Canaria 2014","G. Canaria 2014","GCA",1,61,12000,3,18,16.67,23,44,52.27,6,7,85.71,22,14,36,9,7,25,0,3,4,0,21,15,44,0,0,1,0,0,61,67,0,NA,0,0,0,0,0,0,0
1414601,1,"Liga Nacional","Liga Endesa",-402534000,NA,"https://www.acb.com/Documentos/Cabeceras/logo-competicion-1b.png","https://www.acb.com/Documentos/Cabeceras/logo-competicion-4a.png",74,2009,107,NA,NA,2126,13541,NA,NA,TRUE,1532,1532,13,"CB Granada","CB Granada","GRA",1538,979,"Power Electronics Valencia","Pow. Valencia","VBC",1,65,12000,7,21,33.33,17,40,42.5,10,18,55.56,15,9,24,13,11,11,0,2,5,2,19,20,55,0,0,1,0,0,65,82,0,NA,0,0,0,0,0,0,0
1414602,1,"Liga Nacional","Liga Endesa",-402534000,NA,"https://www.acb.com/Documentos/Cabeceras/logo-competicion-1b.png","https://www.acb.com/Documentos/Cabeceras/logo-competicion-4a.png",74,2009,107,NA,NA,2126,13541,NA,NA,FALSE,1538,1532,13,"CB Granada","CB Granada","GRA",1538,979,"Power Electronics Valencia","Pow. Valencia","VBC",1,82,12000,8,19,42.11,23,35,65.71,12,17,70.59,31,9,40,16,8,19,0,5,2,5,20,19,101,0,0,0,1,0,82,65,0,NA,0,0,0,0,0,0,0
1414681,1,"Liga Nacional","Liga Endesa",-402534000,NA,"https://www.acb.com/Documentos/Cabeceras/logo-competicion-1b.png","https://www.acb.com/Documentos/Cabeceras/logo-competicion-4a.png",74,2009,107,NA,NA,2126,13544,NA,NA,TRUE,1535,1535,876,"Suzuki Manresa","Suzuki Man.","MAN",1527,290,"Bizkaia Bilbao Basket","Bizkaia Bilbao","BBB",1,62,12000,9,20,45,13,30,43.33,9,12,75,24,8,32,15,8,13,0,3,4,1,15,21,78,0,0,0,1,0,62,57,0,NA,0,0,0,0,0,0,0
1414682,1,"Liga Nacional","Liga Endesa",-402534000,NA,"https://www.acb.com/Documentos/Cabeceras/logo-competicion-1b.png","https://www.acb.com/Documentos/Cabeceras/logo-competicion-4a.png",74,2009,107,NA,NA,2126,13544,NA,NA,FALSE,1527,1535,876,"Suzuki Manresa","Suzuki Man.","MAN",1527,290,"Bizkaia Bilbao Basket","Bizkaia Bilbao","BBB",1,57,12000,6,24,25,14,28,50,11,13,84.62,20,8,28,12,7,11,0,4,3,1,21,15,54,0,0,1,0,0,57,62,0,NA,0,0,0,0,0,0,0
1414709,1,"Liga Nacional","Liga Endesa",-402534000,NA,"https://www.acb.com/Documentos/Cabeceras/logo-competicion-1b.png","https://www.acb.com/Documentos/Cabeceras/logo-competicion-4a.png",74,2009,107,NA,NA,2126,13545,NA,NA,FALSE,1537,1534,779,"Real Madrid","Real Madrid","RMB",1537,914,"CB Murcia","CB Murcia","MUR",1,66,12000,6,19,31.58,17,37,45.95,14,21,66.67,24,13,37,11,5,18,0,4,2,3,23,21,61,0,0,1,0,0,66,73,0,NA,0,0,0,0,0,0,0
1414708,1,"Liga Nacional","Liga Endesa",-402534000,NA,"https://www.acb.com/Documentos/Cabeceras/logo-competicion-1b.png","https://www.acb.com/Documentos/Cabeceras/logo-competicion-4a.png",74,2009,107,NA,NA,2126,13545,NA,NA,TRUE,1534,1534,779,"Real Madrid","Real Madrid","RMB",1537,914,"CB Murcia","CB Murcia","MUR",1,73,12000,4,22,18.18,25,42,59.52,11,19,57.89,21,10,31,17,9,9,0,2,4,4,21,23,78,0,0,0,1,0,73,66,0,NA,0,0,0,0,0,0,0
1414654,1,"Liga Nacional","Liga Endesa",-402534000,NA,"https://www.acb.com/Documentos/Cabeceras/logo-competicion-1b.png","https://www.acb.com/Documentos/Cabeceras/logo-competicion-4a.png",74,2009,107,NA,NA,2126,13543,NA,NA,TRUE,1530,1530,1206,"Ayuda en Acción Fuenlabrada","AeA Fuenlabrada","FUE",1541,1288,"Meridiano Alicante","Meridiano Ali.","ALI",1,90,12000,12,28,42.86,20,35,57.14,14,17,82.35,21,8,29,13,6,16,0,1,4,3,27,22,80,0,0,0,1,0,90,82,0,NA,0,0,0,0,0,0,0
1414655,1,"Liga Nacional","Liga Endesa",-402534000,NA,"https://www.acb.com/Documentos/Cabeceras/logo-competicion-1b.png","https://www.acb.com/Documentos/Cabeceras/logo-competicion-4a.png",74,2009,107,NA,NA,2126,13543,NA,NA,FALSE,1541,1530,1206,"Ayuda en Acción Fuenlabrada","AeA Fuenlabrada","FUE",1541,1288,"Meridiano Alicante","Meridiano Ali.","ALI",1,82,12000,11,24,45.83,15,29,51.72,19,24,79.17,21,7,28,10,12,19,0,4,1,1,22,27,89,0,0,1,0,0,82,90,0,NA,0,0,0,0,0,0,0
1414521,1,"Liga Nacional","Liga Endesa",-402534000,NA,"https://www.acb.com/Documentos/Cabeceras/logo-competicion-1b.png","https://www.acb.com/Documentos/Cabeceras/logo-competicion-4a.png",74,2009,107,NA,NA,2126,13538,NA,NA,FALSE,1540,1529,477,"Asefa Estudiantes","Asefa Estu","ASE",1540,1140,"Cajasol","Cajasol","CAJ",1,84,12000,10,23,43.48,18,29,62.07,18,22,81.82,23,7,30,18,9,12,0,1,0,3,22,20,100,0,0,0,1,0,84,63,0,NA,0,0,0,0,0,0,0
1414520,1,"Liga Nacional","Liga Endesa",-402534000,NA,"https://www.acb.com/Documentos/Cabeceras/logo-competicion-1b.png","https://www.acb.com/Documentos/Cabeceras/logo-competicion-4a.png",74,2009,107,NA,NA,2126,13538,NA,NA,TRUE,1529,1529,477,"Asefa Estudiantes","Asefa Estu","ASE",1540,1140,"Cajasol","Cajasol","CAJ",1,63,12000,6,22,27.27,15,36,41.67,15,16,93.75,15,10,25,12,7,13,0,0,1,0,20,22,57,0,0,1,0,0,63,84,0,NA,0,0,0,0,0,0,0
1414548,1,"Liga Nacional","Liga Endesa",-402534000,NA,"https://www.acb.com/Documentos/Cabeceras/logo-competicion-1b.png","https://www.acb.com/Documentos/Cabeceras/logo-competicion-4a.png",74,2009,107,NA,NA,2126,13539,NA,NA,TRUE,1525,1525,123,"Regal FC Barcelona","Regal FCB","FCB",1533,643,"DKV Joventut","DKV Joventut","DKV",1,92,12000,14,23,60.87,19,35,54.29,12,17,70.59,22,12,34,24,15,14,0,0,2,8,15,19,123,0,0,0,1,0,92,59,0,NA,0,0,0,0,0,0,0
1414549,1,"Liga Nacional","Liga Endesa",-402534000,NA,"https://www.acb.com/Documentos/Cabeceras/logo-competicion-1b.png","https://www.acb.com/Documentos/Cabeceras/logo-competicion-4a.png",74,2009,107,NA,NA,2126,13539,NA,NA,FALSE,1533,1525,123,"Regal FC Barcelona","Regal FCB","FCB",1533,643,"DKV Joventut","DKV Joventut","DKV",1,59,12000,9,24,37.5,13,29,44.83,6,7,85.71,15,9,24,13,10,21,0,2,0,2,19,15,51,0,0,1,0,0,59,92,0,NA,0,0,0,0,0,0,0
1414947,1,"Liga Nacional","Liga Endesa",-402534000,NA,"https://www.acb.com/Documentos/Cabeceras/logo-competicion-1b.png","https://www.acb.com/Documentos/Cabeceras/logo-competicion-4a.png",74,2009,107,NA,NA,2127,13554,NA,NA,TRUE,1533,1533,643,"DKV Joventut","DKV Joventut","DKV",1536,1858,"Blancos de Rueda Valladolid","Blancos Rueda","BRV",1,70,12000,8,25,32,17,33,51.52,12,14,85.71,36,10,46,14,7,23,0,6,2,6,24,16,75,0,0,0,1,0,70,65,0,NA,0,0,0,0,0,0,0
1414948,1,"Liga Nacional","Liga Endesa",-402534000,NA,"https://www.acb.com/Documentos/Cabeceras/logo-competicion-1b.png","https://www.acb.com/Documentos/Cabeceras/logo-competicion-4a.png",74,2009,107,NA,NA,2127,13554,NA,NA,FALSE,1536,1533,643,"DKV Joventut","DKV Joventut","DKV",1536,1858,"Blancos de Rueda Valladolid","Blancos Rueda","BRV",1,65,12000,9,23,39.13,11,36,30.56,16,22,72.73,23,6,29,13,13,15,0,2,6,1,16,24,64,0,0,1,0,0,65,70,0,NA,0,0,0,0,0,0,0
1414895,1,"Liga Nacional","Liga Endesa",-402534000,NA,"https://www.acb.com/Documentos/Cabeceras/logo-competicion-1b.png","https://www.acb.com/Documentos/Cabeceras/logo-competicion-4a.png",74,2009,107,NA,NA,2127,13552,NA,NA,FALSE,1526,1538,979,"Power Electronics Valencia","Pow. Valencia","VBC",1526,238,"Caja Laboral","Caja Laboral","CLA",1,74,12000,7,23,30.43,21,46,45.65,11,14,78.57,24,9,33,18,5,6,0,3,7,3,25,21,72,0,0,1,0,0,74,81,0,NA,0,0,0,0,0,0,0
1414894,1,"Liga Nacional","Liga Endesa",-402534000,NA,"https://www.acb.com/Documentos/Cabeceras/logo-competicion-1b.png","https://www.acb.com/Documentos/Cabeceras/logo-competicion-4a.png",74,2009,107,NA,NA,2127,13552,NA,NA,TRUE,1538,1538,979,"Power Electronics Valencia","Pow. Valencia","VBC",1526,238,"Caja Laboral","Caja Laboral","CLA",1,81,12000,8,18,44.44,16,36,44.44,25,29,86.21,32,9,41,11,2,12,0,7,3,0,21,25,97,0,0,0,1,0,81,74,0,NA,0,0,0,0,0,0,0
1414920,1,"Liga Nacional","Liga Endesa",-402534000,NA,"https://www.acb.com/Documentos/Cabeceras/logo-competicion-1b.png","https://www.acb.com/Documentos/Cabeceras/logo-competicion-4a.png",74,2009,107,NA,NA,2127,13553,NA,NA,TRUE,1528,1528,350,"Gran Canaria 2014","G. Canaria 2014","GCA",1532,13,"CB Granada","CB Granada","GRA",1,102,12000,15,30,50,24,41,58.54,9,14,64.29,23,12,35,27,16,11,0,2,1,1,20,15,128,0,0,0,1,0,102,65,0,NA,0,0,0,0,0,0,0
1414921,1,"Liga Nacional","Liga Endesa",-402534000,NA,"https://www.acb.com/Documentos/Cabeceras/logo-competicion-1b.png","https://www.acb.com/Documentos/Cabeceras/logo-competicion-4a.png",74,2009,107,NA,NA,2127,13553,NA,NA,FALSE,1532,1528,350,"Gran Canaria 2014","G. Canaria 2014","GCA",1532,13,"CB Granada","CB Granada","GRA",1,65,12000,4,22,18.18,24,40,60,5,11,45.45,20,13,33,14,10,22,0,1,2,6,15,20,64,0,0,1,0,0,65,102,0,NA,0,0,0,0,0,0,0
1414762,1,"Liga Nacional","Liga Endesa",-402534000,NA,"https://www.acb.com/Documentos/Cabeceras/logo-competicion-1b.png","https://www.acb.com/Documentos/Cabeceras/logo-competicion-4a.png",74,2009,107,NA,NA,2127,13547,NA,NA,TRUE,1540,1540,1140,"Cajasol","Cajasol","CAJ",1539,1080,"Unicaja","Unicaja","UNI",1,63,12000,11,23,47.83,9,32,28.12,12,22,54.55,21,15,36,15,11,19,0,5,6,1,27,22,55,0,0,0,1,0,63,61,0,NA,0,0,0,0,0,0,0
1414763,1,"Liga Nacional","Liga Endesa",-402534000,NA,"https://www.acb.com/Documentos/Cabeceras/logo-competicion-1b.png","https://www.acb.com/Documentos/Cabeceras/logo-competicion-4a.png",74,2009,107,NA,NA,2127,13547,NA,NA,FALSE,1539,1540,1140,"Cajasol","Cajasol","CAJ",1539,1080,"Unicaja","Unicaja","UNI",1,61,12000,5,15,33.33,10,29,34.48,26,30,86.67,22,9,31,9,11,20,0,6,5,1,22,27,65,0,0,1,0,0,61,63,0,NA,0,0,0,0,0,0,0
1414790,1,"Liga Nacional","Liga Endesa",-402534000,NA,"https://www.acb.com/Documentos/Cabeceras/logo-competicion-1b.png","https://www.acb.com/Documentos/Cabeceras/logo-competicion-4a.png",74,2009,107,NA,NA,2127,13548,NA,NA,FALSE,1531,1537,914,"CB Murcia","CB Murcia","MUR",1531,512,"Lagun Aro GBC","Lagun Aro GBC","GBC",1,81,12000,8,21,38.1,23,38,60.53,11,17,64.71,21,7,28,11,5,14,0,1,2,1,22,21,75,0,0,0,1,0,81,73,0,NA,0,0,0,0,0,0,0
1414789,1,"Liga Nacional","Liga Endesa",-402534000,NA,"https://www.acb.com/Documentos/Cabeceras/logo-competicion-1b.png","https://www.acb.com/Documentos/Cabeceras/logo-competicion-4a.png",74,2009,107,NA,NA,2127,13548,NA,NA,TRUE,1537,1537,914,"CB Murcia","CB Murcia","MUR",1531,512,"Lagun Aro GBC","Lagun Aro GBC","GBC",1,73,12000,2,17,11.76,25,47,53.19,17,21,80.95,22,16,38,6,7,14,0,2,1,1,21,22,71,0,0,1,0,0,73,81,0,NA,0,0,0,0,0,0,0
1414841,1,"Liga Nacional","Liga Endesa",-402534000,NA,"https://www.acb.com/Documentos/Cabeceras/logo-competicion-1b.png","https://www.acb.com/Documentos/Cabeceras/logo-competicion-4a.png",74,2009,107,NA,NA,2127,13550,NA,NA,TRUE,1541,1541,1288,"Meridiano Alicante","Meridiano Ali.","ALI",1535,876,"Suzuki Manresa","Suzuki Man.","MAN",1,71,12000,5,17,29.41,25,44,56.82,6,10,60,22,9,31,15,9,18,0,2,1,3,24,20,70,0,0,0,1,0,71,54,0,NA,0,0,0,0,0,0,0
1414842,1,"Liga Nacional","Liga Endesa",-402534000,NA,"https://www.acb.com/Documentos/Cabeceras/logo-competicion-1b.png","https://www.acb.com/Documentos/Cabeceras/logo-competicion-4a.png",74,2009,107,NA,NA,2127,13550,NA,NA,FALSE,1535,1541,1288,"Meridiano Alicante","Meridiano Ali.","ALI",1535,876,"Suzuki Manresa","Suzuki Man.","MAN",1,54,12000,2,24,8.33,14,28,50,20,24,83.33,23,8,31,3,12,22,0,1,2,1,20,24,41,0,0,1,0,0,54,71,0,NA,0,0,0,0,0,0,0
1414976,1,"Liga Nacional","Liga Endesa",-402534000,NA,"https://www.acb.com/Documentos/Cabeceras/logo-competicion-1b.png","https://www.acb.com/Documentos/Cabeceras/logo-competicion-4a.png",74,2009,107,NA,NA,2127,13555,NA,NA,FALSE,1525,1529,477,"Asefa Estudiantes","Asefa Estu","ASE",1525,123,"Regal FC Barcelona","Regal FCB","FCB",1,78,12000,11,31,35.48,18,30,60,9,14,64.29,22,5,27,21,11,10,0,4,2,2,26,22,88,0,0,0,1,0,78,75,0,NA,0,0,0,0,0,0,0
1414975,1,"Liga Nacional","Liga Endesa",-402534000,NA,"https://www.acb.com/Documentos/Cabeceras/logo-competicion-1b.png","https://www.acb.com/Documentos/Cabeceras/logo-competicion-4a.png",74,2009,107,NA,NA,2127,13555,NA,NA,TRUE,1529,1529,477,"Asefa Estudiantes","Asefa Estu","ASE",1525,123,"Regal FC Barcelona","Regal FCB","FCB",1,75,12000,8,26,30.77,16,29,55.17,19,27,70.37,28,11,39,14,4,15,0,2,4,0,22,26,80,0,0,1,0,0,75,78,0,NA,0,0,0,0,0,0,0
1414868,1,"Liga Nacional","Liga Endesa",-402534000,NA,"https://www.acb.com/Documentos/Cabeceras/logo-competicion-1b.png","https://www.acb.com/Documentos/Cabeceras/logo-competicion-4a.png",74,2009,107,NA,NA,2127,13551,NA,NA,TRUE,1542,1542,1686,"Xacobeo Blu:Sens Obradoiro","Xacobeo Obra","OBR",1530,1206,"Ayuda en Acción Fuenlabrada","AeA Fuenlabrada","FUE",1,86,12000,11,28,39.29,20,37,54.05,13,15,86.67,25,7,32,16,8,7,0,2,1,1,20,18,98,0,0,0,1,0,86,66,0,NA,0,0,0,0,0,0,0
1414869,1,"Liga Nacional","Liga Endesa",-402534000,NA,"https://www.acb.com/Documentos/Cabeceras/logo-competicion-1b.png","https://www.acb.com/Documentos/Cabeceras/logo-competicion-4a.png",74,2009,107,NA,NA,2127,13551,NA,NA,FALSE,1530,1542,1686,"Xacobeo Blu:Sens Obradoiro","Xacobeo Obra","OBR",1530,1206,"Ayuda en Acción Fuenlabrada","AeA Fuenlabrada","FUE",1,66,12000,6,27,22.22,17,30,56.67,14,18,77.78,26,10,36,9,5,17,0,1,2,0,18,20,62,0,0,1,0,0,66,86,0,NA,0,0,0,0,0,0,0
1414816,1,"Liga Nacional","Liga Endesa",-402534000,NA,"https://www.acb.com/Documentos/Cabeceras/logo-competicion-1b.png","https://www.acb.com/Documentos/Cabeceras/logo-competicion-4a.png",74,2009,107,NA,NA,2127,13549,NA,NA,FALSE,1534,1527,290,"Bizkaia Bilbao Basket","Bizkaia Bilbao","BBB",1534,779,"Real Madrid","Real Madrid","RMB",1,96,12000,10,22,45.45,24,34,70.59,18,20,90,19,8,27,20,11,14,0,5,1,3,21,19,118,0,0,0,1,0,96,70,0,NA,0,0,0,0,0,0,0
1414815,1,"Liga Nacional","Liga Endesa",-402534000,NA,"https://www.acb.com/Documentos/Cabeceras/logo-competicion-1b.png","https://www.acb.com/Documentos/Cabeceras/logo-competicion-4a.png",74,2009,107,NA,NA,2127,13549,NA,NA,TRUE,1527,1527,290,"Bizkaia Bilbao Basket","Bizkaia Bilbao","BBB",1534,779,"Real Madrid","Real Madrid","RMB",1,70,12000,4,19,21.05,21,32,65.62,16,18,88.89,15,6,21,16,7,20,0,1,5,1,19,21,64,0,0,1,0,0,70,96,0,NA,0,0,0,0,0,0,0
1415189,1,"Liga Nacional","Liga Endesa",-402534000,NA,"https://www.acb.com/Documentos/Cabeceras/logo-competicion-1b.png","https://www.acb.com/Documentos/Cabeceras/logo-competicion-4a.png",74,2009,107,NA,NA,2128,13563,NA,NA,FALSE,1527,1531,512,"Lagun Aro GBC","Lagun Aro GBC","GBC",1527,290,"Bizkaia Bilbao Basket","Bizkaia Bilbao","BBB",1,78,12000,11,23,47.83,20,43,46.51,5,8,62.5,19,9,28,17,8,11,0,1,4,1,25,18,72,0,0,1,0,0,78,84,0,NA,0,0,0,0,0,0,0
1415188,1,"Liga Nacional","Liga Endesa",-402534000,NA,"https://www.acb.com/Documentos/Cabeceras/logo-competicion-1b.png","https://www.acb.com/Documentos/Cabeceras/logo-competicion-4a.png",74,2009,107,NA,NA,2128,13563,NA,NA,TRUE,1531,1531,512,"Lagun Aro GBC","Lagun Aro GBC","GBC",1527,290,"Bizkaia Bilbao Basket","Bizkaia Bilbao","BBB",1,84,12000,6,26,23.08,22,27,81.48,22,27,81.48,25,9,34,17,7,15,0,4,1,4,18,25,107,0,0,0,1,0,84,78,0,NA,0,0,0,0,0,0,0
1415135,1,"Liga Nacional","Liga Endesa",-402534000,NA,"https://www.acb.com/Documentos/Cabeceras/logo-competicion-1b.png","https://www.acb.com/Documentos/Cabeceras/logo-competicion-4a.png",74,2009,107,NA,NA,2128,13561,NA,NA,TRUE,1535,1535,876,"Suzuki Manresa","Suzuki Man.","MAN",1542,1686,"Xacobeo Blu:Sens Obradoiro","Xacobeo Obra","OBR",1,62,12000,7,28,25,13,29,44.83,15,23,65.22,20,15,35,6,8,13,0,0,2,1,23,27,55,0,0,1,0,0,62,72,0,NA,0,0,0,0,0,0,0
1415136,1,"Liga Nacional","Liga Endesa",-402534000,NA,"https://www.acb.com/Documentos/Cabeceras/logo-competicion-1b.png","https://www.acb.com/Documentos/Cabeceras/logo-competicion-4a.png",74,2009,107,NA,NA,2128,13561,NA,NA,FALSE,1542,1535,876,"Suzuki Manresa","Suzuki Man.","MAN",1542,1686,"Xacobeo Blu:Sens Obradoiro","Xacobeo Obra","OBR",1,72,12000,12,31,38.71,9,20,45,18,19,94.74,23,8,31,14,5,13,0,2,0,0,27,23,76,0,0,0,1,0,72,62,0,NA,0,0,0,0,0,0,0
1415083,1,"Liga Nacional","Liga Endesa",-402534000,NA,"https://www.acb.com/Documentos/Cabeceras/logo-competicion-1b.png","https://www.acb.com/Documentos/Cabeceras/logo-competicion-4a.png",74,2009,107,NA,NA,2128,13559,NA,NA,FALSE,1528,1526,238,"Caja Laboral","Caja Laboral","CLA",1528,350,"Gran Canaria 2014","G. Canaria 2014","GCA",1,79,12000,7,21,33.33,23,40,57.5,12,16,75,16,9,25,12,10,16,0,0,0,0,25,17,67,0,0,1,0,0,79,86,0,NA,0,0,0,0,0,0,0
1415082,1,"Liga Nacional","Liga Endesa",-402534000,NA,"https://www.acb.com/Documentos/Cabeceras/logo-competicion-1b.png","https://www.acb.com/Documentos/Cabeceras/logo-competicion-4a.png",74,2009,107,NA,NA,2128,13559,NA,NA,TRUE,1526,1526,238,"Caja Laboral","Caja Laboral","CLA",1528,350,"Gran Canaria 2014","G. Canaria 2014","GCA",1,86,12000,7,17,41.18,25,33,75.76,15,24,62.5,23,5,28,18,7,20,0,0,0,0,17,25,100,0,0,0,1,0,86,79,0,NA,0,0,0,0,0,0,0
1415002,1,"Liga Nacional","Liga Endesa",-402534000,NA,"https://www.acb.com/Documentos/Cabeceras/logo-competicion-1b.png","https://www.acb.com/Documentos/Cabeceras/logo-competicion-4a.png",74,2009,107,NA,NA,2128,13556,NA,NA,TRUE,1525,1525,123,"Regal FC Barcelona","Regal FCB","FCB",1540,1140,"Cajasol","Cajasol","CAJ",1,76,12000,7,11,63.64,22,37,59.46,11,17,64.71,21,4,25,15,12,21,0,3,2,3,20,19,82,0,0,0,1,0,76,67,0,NA,0,0,0,0,0,0,0
1415003,1,"Liga Nacional","Liga Endesa",-402534000,NA,"https://www.acb.com/Documentos/Cabeceras/logo-competicion-1b.png","https://www.acb.com/Documentos/Cabeceras/logo-competicion-4a.png",74,2009,107,NA,NA,2128,13556,NA,NA,FALSE,1540,1525,123,"Regal FC Barcelona","Regal FCB","FCB",1540,1140,"Cajasol","Cajasol","CAJ",1,67,12000,5,17,29.41,18,39,46.15,16,18,88.89,18,10,28,11,13,19,0,2,3,1,19,20,65,0,0,1,0,0,67,76,0,NA,0,0,0,0,0,0,0
1415029,1,"Liga Nacional","Liga Endesa",-402534000,NA,"https://www.acb.com/Documentos/Cabeceras/logo-competicion-1b.png","https://www.acb.com/Documentos/Cabeceras/logo-competicion-4a.png",74,2009,107,NA,NA,2128,13557,NA,NA,TRUE,1536,1536,1858,"Blancos de Rueda Valladolid","Blancos Rueda","BRV",1529,477,"Asefa Estudiantes","Asefa Estu","ASE",1,83,12000,11,26,42.31,19,36,52.78,12,20,60,22,12,34,15,8,18,0,2,3,2,27,24,78,0,0,1,0,0,83,89,0,NA,0,0,0,0,0,0,0
1415030,1,"Liga Nacional","Liga Endesa",-402534000,NA,"https://www.acb.com/Documentos/Cabeceras/logo-competicion-1b.png","https://www.acb.com/Documentos/Cabeceras/logo-competicion-4a.png",74,2009,107,NA,NA,2128,13557,NA,NA,FALSE,1529,1536,1858,"Blancos de Rueda Valladolid","Blancos Rueda","BRV",1529,477,"Asefa Estudiantes","Asefa Estu","ASE",1,89,12000,10,23,43.48,18,33,54.55,23,30,76.67,20,9,29,19,9,15,0,3,2,1,24,27,100,0,0,0,1,0,89,83,0,NA,0,0,0,0,0,0,0
1415161,1,"Liga Nacional","Liga Endesa",-402534000,NA,"https://www.acb.com/Documentos/Cabeceras/logo-competicion-1b.png","https://www.acb.com/Documentos/Cabeceras/logo-competicion-4a.png",74,2009,107,NA,NA,2128,13562,NA,NA,TRUE,1534,1534,779,"Real Madrid","Real Madrid","RMB",1541,1288,"Meridiano Alicante","Meridiano Ali.","ALI",1,78,12000,9,27,33.33,10,23,43.48,31,41,75.61,21,13,34,21,3,10,0,2,2,1,21,33,97,0,0,0,1,0,78,68,0,NA,0,0,0,0,0,0,0
1415162,1,"Liga Nacional","Liga Endesa",-402534000,NA,"https://www.acb.com/Documentos/Cabeceras/logo-competicion-1b.png","https://www.acb.com/Documentos/Cabeceras/logo-competicion-4a.png",74,2009,107,NA,NA,2128,13562,NA,NA,FALSE,1541,1534,779,"Real Madrid","Real Madrid","RMB",1541,1288,"Meridiano Alicante","Meridiano Ali.","ALI",1,68,12000,7,23,30.43,17,30,56.67,13,15,86.67,23,7,30,14,5,14,0,2,2,1,33,21,60,0,0,1,0,0,68,78,0,NA,0,0,0,0,0,0,0
1415056,1,"Liga Nacional","Liga Endesa",-402534000,NA,"https://www.acb.com/Documentos/Cabeceras/logo-competicion-1b.png","https://www.acb.com/Documentos/Cabeceras/logo-competicion-4a.png",74,2009,107,NA,NA,2128,13558,NA,NA,TRUE,1532,1532,13,"CB Granada","CB Granada","GRA",1533,643,"DKV Joventut","DKV Joventut","DKV",1,78,12000,5,20,25,19,30,63.33,25,36,69.44,23,8,31,11,8,14,0,6,1,2,23,29,88,0,0,1,0,0,78,83,0,NA,0,0,0,0,0,0,0
1415057,1,"Liga Nacional","Liga Endesa",-402534000,NA,"https://www.acb.com/Documentos/Cabeceras/logo-competicion-1b.png","https://www.acb.com/Documentos/Cabeceras/logo-competicion-4a.png",74,2009,107,NA,NA,2128,13558,NA,NA,FALSE,1533,1532,13,"CB Granada","CB Granada","GRA",1533,643,"DKV Joventut","DKV Joventut","DKV",1,83,12000,8,27,29.63,19,38,50,21,22,95.45,19,15,34,18,5,13,0,1,6,1,29,23,77,0,0,0,1,0,83,78,0,NA,0,0,0,0,0,0,0
1415214,1,"Liga Nacional","Liga Endesa",-402534000,NA,"https://www.acb.com/Documentos/Cabeceras/logo-competicion-1b.png","https://www.acb.com/Documentos/Cabeceras/logo-competicion-4a.png",74,2009,107,NA,NA,2128,13564,NA,NA,TRUE,1539,1539,1080,"Unicaja","Unicaja","UNI",1537,914,"CB Murcia","CB Murcia","MUR",1,84,12000,13,31,41.94,17,36,47.22,11,16,68.75,20,8,28,20,15,8,0,3,4,1,22,21,95,0,0,0,1,0,84,54,0,NA,0,0,0,0,0,0,0
1415215,1,"Liga Nacional","Liga Endesa",-402534000,NA,"https://www.acb.com/Documentos/Cabeceras/logo-competicion-1b.png","https://www.acb.com/Documentos/Cabeceras/logo-competicion-4a.png",74,2009,107,NA,NA,2128,13564,NA,NA,FALSE,1537,1539,1080,"Unicaja","Unicaja","UNI",1537,914,"CB Murcia","CB Murcia","MUR",1,54,12000,6,23,26.09,11,31,35.48,14,20,70,27,16,43,9,2,27,0,4,3,1,21,22,40,0,0,1,0,0,54,84,0,NA,0,0,0,0,0,0,0
1415110,1,"Liga Nacional","Liga Endesa",-402534000,NA,"https://www.acb.com/Documentos/Cabeceras/logo-competicion-1b.png","https://www.acb.com/Documentos/Cabeceras/logo-competicion-4a.png",74,2009,107,NA,NA,2128,13560,NA,NA,FALSE,1538,1530,1206,"Ayuda en Acción Fuenlabrada","AeA Fuenlabrada","FUE",1538,979,"Power Electronics Valencia","Pow. Valencia","VBC",1,82,12000,7,17,41.18,21,39,53.85,19,22,86.36,29,12,41,13,9,18,0,3,3,5,20,20,96,0,0,0,1,0,82,67,0,NA,0,0,0,0,0,0,0
1415109,1,"Liga Nacional","Liga Endesa",-402534000,NA,"https://www.acb.com/Documentos/Cabeceras/logo-competicion-1b.png","https://www.acb.com/Documentos/Cabeceras/logo-competicion-4a.png",74,2009,107,NA,NA,2128,13560,NA,NA,TRUE,1530,1530,1206,"Ayuda en Acción Fuenlabrada","AeA Fuenlabrada","FUE",1538,979,"Power Electronics Valencia","Pow. Valencia","VBC",1,67,12000,10,24,41.67,8,29,27.59,21,26,80.77,17,6,23,8,10,13,0,3,3,0,20,20,55,0,0,1,0,0,67,82,0,NA,0,0,0,0,0,0,0
1415242,1,"Liga Nacional","Liga Endesa",-402534000,NA,"https://www.acb.com/Documentos/Cabeceras/logo-competicion-1b.png","https://www.acb.com/Documentos/Cabeceras/logo-competicion-4a.png",74,2009,107,NA,NA,2129,13565,NA,NA,TRUE,1540,1540,1140,"Cajasol","Cajasol","CAJ",1527,290,"Bizkaia Bilbao Basket","Bizkaia Bilbao","BBB",1,70,12000,6,23,26.09,21,37,56.76,10,10,100,14,10,24,12,10,14,0,5,2,0,23,21,70,0,0,0,1,0,70,64,0,NA,0,0,0,0,0,0,0
1415243,1,"Liga Nacional","Liga Endesa",-402534000,NA,"https://www.acb.com/Documentos/Cabeceras/logo-competicion-1b.png","https://www.acb.com/Documentos/Cabeceras/logo-competicion-4a.png",74,2009,107,NA,NA,2129,13565,NA,NA,FALSE,1527,1540,1140,"Cajasol","Cajasol","CAJ",1527,290,"Bizkaia Bilbao Basket","Bizkaia Bilbao","BBB",1,64,12000,4,15,26.67,16,32,50,20,23,86.96,20,12,32,7,9,20,0,2,5,0,21,23,61,0,0,1,0,0,64,70,0,NA,0,0,0,0,0,0,0
1415269,1,"Liga Nacional","Liga Endesa",-402534000,NA,"https://www.acb.com/Documentos/Cabeceras/logo-competicion-1b.png","https://www.acb.com/Documentos/Cabeceras/logo-competicion-4a.png",74,2009,107,NA,NA,2129,13566,NA,NA,TRUE,1541,1541,1288,"Meridiano Alicante","Meridiano Ali.","ALI",1537,914,"CB Murcia","CB Murcia","MUR",1,113,12000,14,26,53.85,27,41,65.85,17,20,85,22,9,31,28,11,10,0,0,2,5,27,24,139,0,0,0,1,0,113,69,0,NA,0,0,0,0,0,0,0
1415270,1,"Liga Nacional","Liga Endesa",-402534000,NA,"https://www.acb.com/Documentos/Cabeceras/logo-competicion-1b.png","https://www.acb.com/Documentos/Cabeceras/logo-competicion-4a.png",74,2009,107,NA,NA,2129,13566,NA,NA,FALSE,1537,1541,1288,"Meridiano Alicante","Meridiano Ali.","ALI",1537,914,"CB Murcia","CB Murcia","MUR",1,69,12000,2,9,22.22,19,41,46.34,25,34,73.53,17,9,26,5,3,19,0,2,0,0,24,27,51,0,0,1,0,0,69,113,0,NA,0,0,0,0,0,0,0
1415296,1,"Liga Nacional","Liga Endesa",-402534000,NA,"https://www.acb.com/Documentos/Cabeceras/logo-competicion-1b.png","https://www.acb.com/Documentos/Cabeceras/logo-competicion-4a.png",74,2009,107,NA,NA,2129,13567,NA,NA,TRUE,1542,1542,1686,"Xacobeo Blu:Sens Obradoiro","Xacobeo Obra","OBR",1539,1080,"Unicaja","Unicaja","UNI",1,83,12000,9,26,34.62,17,33,51.52,22,26,84.62,26,8,34,12,4,14,0,0,3,0,21,21,79,0,0,0,1,0,83,66,0,NA,0,0,0,0,0,0,0
1415297,1,"Liga Nacional","Liga Endesa",-402534000,NA,"https://www.acb.com/Documentos/Cabeceras/logo-competicion-1b.png","https://www.acb.com/Documentos/Cabeceras/logo-competicion-4a.png",74,2009,107,NA,NA,2129,13567,NA,NA,FALSE,1539,1542,1686,"Xacobeo Blu:Sens Obradoiro","Xacobeo Obra","OBR",1539,1080,"Unicaja","Unicaja","UNI",1,66,12000,6,24,25,20,37,54.05,8,13,61.54,24,7,31,12,7,16,0,3,0,3,21,21,63,0,0,1,0,0,66,83,0,NA,0,0,0,0,0,0,0
1415323,1,"Liga Nacional","Liga Endesa",-402534000,NA,"https://www.acb.com/Documentos/Cabeceras/logo-competicion-1b.png","https://www.acb.com/Documentos/Cabeceras/logo-competicion-4a.png",74,2009,107,NA,NA,2129,13568,NA,NA,FALSE,1531,1538,979,"Power Electronics Valencia","Pow. Valencia","VBC",1531,512,"Lagun Aro GBC","Lagun Aro GBC","GBC",1,71,12000,11,29,37.93,12,27,44.44,14,20,70,18,14,32,12,10,18,0,1,3,0,21,20,65,0,0,1,0,0,71,75,0,NA,0,0,0,0,0,0,0
1415322,1,"Liga Nacional","Liga Endesa",-402534000,NA,"https://www.acb.com/Documentos/Cabeceras/logo-competicion-1b.png","https://www.acb.com/Documentos/Cabeceras/logo-competicion-4a.png",74,2009,107,NA,NA,2129,13568,NA,NA,TRUE,1538,1538,979,"Power Electronics Valencia","Pow. Valencia","VBC",1531,512,"Lagun Aro GBC","Lagun Aro GBC","GBC",1,75,12000,7,22,31.82,21,37,56.76,12,16,75,20,10,30,15,6,15,0,3,1,1,20,21,79,0,0,0,1,0,75,71,0,NA,0,0,0,0,0,0,0
1415348,1,"Liga Nacional","Liga Endesa",-402534000,NA,"https://www.acb.com/Documentos/Cabeceras/logo-competicion-1b.png","https://www.acb.com/Documentos/Cabeceras/logo-competicion-4a.png",74,2009,107,NA,NA,2129,13569,NA,NA,TRUE,1528,1528,350,"Gran Canaria 2014","G. Canaria 2014","GCA",1534,779,"Real Madrid","Real Madrid","RMB",1,67,13500,5,20,25,19,44,43.18,14,16,87.5,28,11,39,17,10,15,0,1,5,1,22,17,67,0,0,1,0,0,67,73,0,NA,0,0,0,0,0,0,0
1415349,1,"Liga Nacional","Liga Endesa",-402534000,NA,"https://www.acb.com/Documentos/Cabeceras/logo-competicion-1b.png","https://www.acb.com/Documentos/Cabeceras/logo-competicion-4a.png",74,2009,107,NA,NA,2129,13569,NA,NA,FALSE,1534,1528,350,"Gran Canaria 2014","G. Canaria 2014","GCA",1534,779,"Real Madrid","Real Madrid","RMB",1,73,13500,6,24,25,22,37,59.46,11,14,78.57,29,6,35,19,8,12,0,5,1,1,17,22,96,0,0,0,1,0,73,67,0,NA,0,0,0,0,0,0,0
1415375,1,"Liga Nacional","Liga Endesa",-402534000,NA,"https://www.acb.com/Documentos/Cabeceras/logo-competicion-1b.png","https://www.acb.com/Documentos/Cabeceras/logo-competicion-4a.png",74,2009,107,NA,NA,2129,13570,NA,NA,TRUE,1533,1533,643,"DKV Joventut","DKV Joventut","DKV",1535,876,"Suzuki Manresa","Suzuki Man.","MAN",1,69,12000,10,25,40,17,28,60.71,5,9,55.56,12,7,19,18,5,17,0,2,2,1,26,16,54,0,0,1,0,0,69,82,0,NA,0,0,0,0,0,0,0
1415376,1,"Liga Nacional","Liga Endesa",-402534000,NA,"https://www.acb.com/Documentos/Cabeceras/logo-competicion-1b.png","https://www.acb.com/Documentos/Cabeceras/logo-competicion-4a.png",74,2009,107,NA,NA,2129,13570,NA,NA,FALSE,1535,1533,643,"DKV Joventut","DKV Joventut","DKV",1535,876,"Suzuki Manresa","Suzuki Man.","MAN",1,82,12000,8,27,29.63,17,28,60.71,24,29,82.76,19,16,35,13,10,17,0,2,2,1,16,26,98,0,0,0,1,0,82,69,0,NA,0,0,0,0,0,0,0
1415403,1,"Liga Nacional","Liga Endesa",-402534000,NA,"https://www.acb.com/Documentos/Cabeceras/logo-competicion-1b.png","https://www.acb.com/Documentos/Cabeceras/logo-competicion-4a.png",74,2009,107,NA,NA,2129,13571,NA,NA,TRUE,1529,1529,477,"Asefa Estudiantes","Asefa Estu","ASE",1530,1206,"Ayuda en Acción Fuenlabrada","AeA Fuenlabrada","FUE",1,80,12000,8,27,29.63,21,41,51.22,14,17,82.35,27,20,47,8,9,16,0,1,6,1,17,20,84,0,0,0,1,0,80,61,0,NA,0,0,0,0,0,0,0
1415404,1,"Liga Nacional","Liga Endesa",-402534000,NA,"https://www.acb.com/Documentos/Cabeceras/logo-competicion-1b.png","https://www.acb.com/Documentos/Cabeceras/logo-competicion-4a.png",74,2009,107,NA,NA,2129,13571,NA,NA,FALSE,1530,1529,477,"Asefa Estudiantes","Asefa Estu","ASE",1530,1206,"Ayuda en Acción Fuenlabrada","AeA Fuenlabrada","FUE",1,61,12000,8,30,26.67,14,25,56,9,15,60,17,8,25,10,7,18,0,6,1,1,20,17,48,0,0,1,0,0,61,80,0,NA,0,0,0,0,0,0,0
1415456,1,"Liga Nacional","Liga Endesa",-402534000,NA,"https://www.acb.com/Documentos/Cabeceras/logo-competicion-1b.png","https://www.acb.com/Documentos/Cabeceras/logo-competicion-4a.png",74,2009,107,NA,NA,2129,13573,NA,NA,FALSE,1532,1536,1858,"Blancos de Rueda Valladolid","Blancos Rueda","BRV",1532,13,"CB Granada","CB Granada","GRA",1,77,12000,9,22,40.91,18,36,50,14,18,77.78,37,7,44,18,5,20,0,7,4,3,24,18,86,0,0,0,1,0,77,64,0,NA,0,0,0,0,0,0,0
1415455,1,"Liga Nacional","Liga Endesa",-402534000,NA,"https://www.acb.com/Documentos/Cabeceras/logo-competicion-1b.png","https://www.acb.com/Documentos/Cabeceras/logo-competicion-4a.png",74,2009,107,NA,NA,2129,13573,NA,NA,TRUE,1536,1536,1858,"Blancos de Rueda Valladolid","Blancos Rueda","BRV",1532,13,"CB Granada","CB Granada","GRA",1,64,12000,5,22,22.73,18,51,35.29,13,20,65,25,13,38,7,12,11,0,4,7,2,18,24,56,0,0,1,0,0,64,77,0,NA,0,0,0,0,0,0,0
1415429,1,"Liga Nacional","Liga Endesa",-402534000,NA,"https://www.acb.com/Documentos/Cabeceras/logo-competicion-1b.png","https://www.acb.com/Documentos/Cabeceras/logo-competicion-4a.png",74,2009,107,NA,NA,2129,13572,NA,NA,TRUE,1525,1525,123,"Regal FC Barcelona","Regal FCB","FCB",1526,238,"Caja Laboral","Caja Laboral","CLA",1,100,12000,18,27,66.67,22,41,53.66,2,4,50,16,11,27,27,11,9,0,1,4,4,14,11,120,0,0,0,1,0,100,72,0,NA,0,0,0,0,0,0,0
1415430,1,"Liga Nacional","Liga Endesa",-402534000,NA,"https://www.acb.com/Documentos/Cabeceras/logo-competicion-1b.png","https://www.acb.com/Documentos/Cabeceras/logo-competicion-4a.png",74,2009,107,NA,NA,2129,13572,NA,NA,FALSE,1526,1525,123,"Regal FC Barcelona","Regal FCB","FCB",1526,238,"Caja Laboral","Caja Laboral","CLA",1,72,12000,5,13,38.46,24,46,52.17,9,11,81.82,18,14,32,14,6,17,0,4,1,2,11,14,81,0,0,1,0,0,72,100,0,NA,0,0,0,0,0,0,0
1415669,1,"Liga Nacional","Liga Endesa",-402534000,NA,"https://www.acb.com/Documentos/Cabeceras/logo-competicion-1b.png","https://www.acb.com/Documentos/Cabeceras/logo-competicion-4a.png",74,2009,107,NA,NA,2130,13581,NA,NA,TRUE,1537,1537,914,"CB Murcia","CB Murcia","MUR",1542,1686,"Xacobeo Blu:Sens Obradoiro","Xacobeo Obra","OBR",1,86,12000,9,20,45,23,40,57.5,13,16,81.25,20,8,28,12,13,14,0,3,0,2,19,20,98,0,0,0,1,0,86,66,0,NA,0,0,0,0,0,0,0
1415670,1,"Liga Nacional","Liga Endesa",-402534000,NA,"https://www.acb.com/Documentos/Cabeceras/logo-competicion-1b.png","https://www.acb.com/Documentos/Cabeceras/logo-competicion-4a.png",74,2009,107,NA,NA,2130,13581,NA,NA,FALSE,1542,1537,914,"CB Murcia","CB Murcia","MUR",1542,1686,"Xacobeo Blu:Sens Obradoiro","Xacobeo Obra","OBR",1,66,12000,12,30,40,10,24,41.67,10,17,58.82,22,6,28,10,7,22,0,0,3,1,20,19,46,0,0,1,0,0,66,86,0,NA,0,0,0,0,0,0,0
1415617,1,"Liga Nacional","Liga Endesa",-402534000,NA,"https://www.acb.com/Documentos/Cabeceras/logo-competicion-1b.png","https://www.acb.com/Documentos/Cabeceras/logo-competicion-4a.png",74,2009,107,NA,NA,2130,13579,NA,NA,FALSE,1528,1531,512,"Lagun Aro GBC","Lagun Aro GBC","GBC",1528,350,"Gran Canaria 2014","G. Canaria 2014","GCA",1,70,12000,12,29,41.38,15,40,37.5,4,8,50,22,8,30,13,15,11,0,2,1,0,24,12,60,0,0,1,0,0,70,76,0,NA,0,0,0,0,0,0,0
1415616,1,"Liga Nacional","Liga Endesa",-402534000,NA,"https://www.acb.com/Documentos/Cabeceras/logo-competicion-1b.png","https://www.acb.com/Documentos/Cabeceras/logo-competicion-4a.png",74,2009,107,NA,NA,2130,13579,NA,NA,TRUE,1531,1531,512,"Lagun Aro GBC","Lagun Aro GBC","GBC",1528,350,"Gran Canaria 2014","G. Canaria 2014","GCA",1,76,12000,9,18,50,18,35,51.43,13,22,59.09,35,8,43,17,2,23,0,1,2,1,12,24,91,0,0,0,1,0,76,70,0,NA,0,0,0,0,0,0,0
1415591,1,"Liga Nacional","Liga Endesa",-402534000,NA,"https://www.acb.com/Documentos/Cabeceras/logo-competicion-1b.png","https://www.acb.com/Documentos/Cabeceras/logo-competicion-4a.png",74,2009,107,NA,NA,2130,13578,NA,NA,FALSE,1533,1534,779,"Real Madrid","Real Madrid","RMB",1533,643,"DKV Joventut","DKV Joventut","DKV",1,70,12000,9,21,42.86,18,31,58.06,7,9,77.78,18,6,24,16,2,17,0,4,2,3,21,16,65,0,0,1,0,0,70,84,0,NA,0,0,0,0,0,0,0
1415590,1,"Liga Nacional","Liga Endesa",-402534000,NA,"https://www.acb.com/Documentos/Cabeceras/logo-competicion-1b.png","https://www.acb.com/Documentos/Cabeceras/logo-competicion-4a.png",74,2009,107,NA,NA,2130,13578,NA,NA,TRUE,1534,1534,779,"Real Madrid","Real Madrid","RMB",1533,643,"DKV Joventut","DKV Joventut","DKV",1,84,12000,7,18,38.89,23,45,51.11,17,21,80.95,18,16,34,19,14,9,0,2,4,2,16,21,108,0,0,0,1,0,84,70,0,NA,0,0,0,0,0,0,0
1415564,1,"Liga Nacional","Liga Endesa",-402534000,NA,"https://www.acb.com/Documentos/Cabeceras/logo-competicion-1b.png","https://www.acb.com/Documentos/Cabeceras/logo-competicion-4a.png",74,2009,107,NA,NA,2130,13577,NA,NA,TRUE,1535,1535,876,"Suzuki Manresa","Suzuki Man.","MAN",1529,477,"Asefa Estudiantes","Asefa Estu","ASE",1,76,13500,11,36,30.56,13,23,56.52,17,23,73.91,23,10,33,13,6,14,0,5,0,2,19,20,79,0,0,1,0,0,76,86,0,NA,0,0,0,0,0,0,0
1415565,1,"Liga Nacional","Liga Endesa",-402534000,NA,"https://www.acb.com/Documentos/Cabeceras/logo-competicion-1b.png","https://www.acb.com/Documentos/Cabeceras/logo-competicion-4a.png",74,2009,107,NA,NA,2130,13577,NA,NA,FALSE,1529,1535,876,"Suzuki Manresa","Suzuki Man.","MAN",1529,477,"Asefa Estudiantes","Asefa Estu","ASE",1,86,13500,11,32,34.38,20,40,50,13,15,86.67,25,20,45,18,8,16,0,0,5,0,20,19,92,0,0,0,1,0,86,76,0,NA,0,0,0,0,0,0,0
1415643,1,"Liga Nacional","Liga Endesa",-402534000,NA,"https://www.acb.com/Documentos/Cabeceras/logo-competicion-1b.png","https://www.acb.com/Documentos/Cabeceras/logo-competicion-4a.png",74,2009,107,NA,NA,2130,13580,NA,NA,FALSE,1538,1539,1080,"Unicaja","Unicaja","UNI",1538,979,"Power Electronics Valencia","Pow. Valencia","VBC",1,75,12000,7,17,41.18,16,31,51.61,22,27,81.48,23,5,28,10,6,19,0,4,5,4,24,30,75,0,0,1,0,0,75,87,0,NA,0,0,0,0,0,0,0
1415642,1,"Liga Nacional","Liga Endesa",-402534000,NA,"https://www.acb.com/Documentos/Cabeceras/logo-competicion-1b.png","https://www.acb.com/Documentos/Cabeceras/logo-competicion-4a.png",74,2009,107,NA,NA,2130,13580,NA,NA,TRUE,1539,1539,1080,"Unicaja","Unicaja","UNI",1538,979,"Power Electronics Valencia","Pow. Valencia","VBC",1,87,12000,13,29,44.83,15,32,46.88,18,29,62.07,21,14,35,15,7,16,0,5,4,2,30,24,79,0,0,0,1,0,87,75,0,NA,0,0,0,0,0,0,0
1415484,1,"Liga Nacional","Liga Endesa",-402534000,NA,"https://www.acb.com/Documentos/Cabeceras/logo-competicion-1b.png","https://www.acb.com/Documentos/Cabeceras/logo-competicion-4a.png",74,2009,107,NA,NA,2130,13574,NA,NA,FALSE,1540,1532,13,"CB Granada","CB Granada","GRA",1540,1140,"Cajasol","Cajasol","CAJ",1,79,12000,10,25,40,16,35,45.71,17,21,80.95,22,15,37,12,8,15,0,3,3,1,21,21,83,0,0,0,1,0,79,66,0,NA,0,0,0,0,0,0,0
1415483,1,"Liga Nacional","Liga Endesa",-402534000,NA,"https://www.acb.com/Documentos/Cabeceras/logo-competicion-1b.png","https://www.acb.com/Documentos/Cabeceras/logo-competicion-4a.png",74,2009,107,NA,NA,2130,13574,NA,NA,TRUE,1532,1532,13,"CB Granada","CB Granada","GRA",1540,1140,"Cajasol","Cajasol","CAJ",1,66,12000,8,23,34.78,14,32,43.75,14,20,70,18,11,29,17,5,16,0,3,3,2,21,21,62,0,0,1,0,0,66,79,0,NA,0,0,0,0,0,0,0
1415510,1,"Liga Nacional","Liga Endesa",-402534000,NA,"https://www.acb.com/Documentos/Cabeceras/logo-competicion-1b.png","https://www.acb.com/Documentos/Cabeceras/logo-competicion-4a.png",74,2009,107,NA,NA,2130,13575,NA,NA,FALSE,1536,1526,238,"Caja Laboral","Caja Laboral","CLA",1536,1858,"Blancos de Rueda Valladolid","Blancos Rueda","BRV",1,65,12000,7,20,35,14,34,41.18,16,20,80,27,8,35,6,5,15,0,4,2,1,18,20,63,0,0,1,0,0,65,72,0,NA,0,0,0,0,0,0,0
1415509,1,"Liga Nacional","Liga Endesa",-402534000,NA,"https://www.acb.com/Documentos/Cabeceras/logo-competicion-1b.png","https://www.acb.com/Documentos/Cabeceras/logo-competicion-4a.png",74,2009,107,NA,NA,2130,13575,NA,NA,TRUE,1526,1526,238,"Caja Laboral","Caja Laboral","CLA",1536,1858,"Blancos de Rueda Valladolid","Blancos Rueda","BRV",1,72,12000,9,28,32.14,17,42,40.48,11,12,91.67,24,15,39,15,7,9,0,2,4,0,20,18,75,0,0,0,1,0,72,65,0,NA,0,0,0,0,0,0,0
1415536,1,"Liga Nacional","Liga Endesa",-402534000,NA,"https://www.acb.com/Documentos/Cabeceras/logo-competicion-1b.png","https://www.acb.com/Documentos/Cabeceras/logo-competicion-4a.png",74,2009,107,NA,NA,2130,13576,NA,NA,TRUE,1530,1530,1206,"Ayuda en Acción Fuenlabrada","AeA Fuenlabrada","FUE",1525,123,"Regal FC Barcelona","Regal FCB","FCB",1,62,12000,4,17,23.53,17,40,42.5,16,19,84.21,25,9,34,7,4,9,0,2,2,1,18,21,62,0,0,1,0,0,62,68,0,NA,0,0,0,0,0,0,0
1415537,1,"Liga Nacional","Liga Endesa",-402534000,NA,"https://www.acb.com/Documentos/Cabeceras/logo-competicion-1b.png","https://www.acb.com/Documentos/Cabeceras/logo-competicion-4a.png",74,2009,107,NA,NA,2130,13576,NA,NA,FALSE,1525,1530,1206,"Ayuda en Acción Fuenlabrada","AeA Fuenlabrada","FUE",1525,123,"Regal FC Barcelona","Regal FCB","FCB",1,68,12000,4,20,20,22,39,56.41,12,19,63.16,28,9,37,16,3,9,0,2,2,6,21,18,72,0,0,0,1,0,68,62,0,NA,0,0,0,0,0,0,0
1415697,1,"Liga Nacional","Liga Endesa",-402534000,NA,"https://www.acb.com/Documentos/Cabeceras/logo-competicion-1b.png","https://www.acb.com/Documentos/Cabeceras/logo-competicion-4a.png",74,2009,107,NA,NA,2130,13582,NA,NA,FALSE,1541,1527,290,"Bizkaia Bilbao Basket","Bizkaia Bilbao","BBB",1541,1288,"Meridiano Alicante","Meridiano Ali.","ALI",1,58,12000,4,23,17.39,14,26,53.85,18,21,85.71,16,6,22,10,9,19,0,1,2,2,21,21,45,0,0,1,0,0,58,80,0,NA,0,0,0,0,0,0,0
1415696,1,"Liga Nacional","Liga Endesa",-402534000,NA,"https://www.acb.com/Documentos/Cabeceras/logo-competicion-1b.png","https://www.acb.com/Documentos/Cabeceras/logo-competicion-4a.png",74,2009,107,NA,NA,2130,13582,NA,NA,TRUE,1527,1527,290,"Bizkaia Bilbao Basket","Bizkaia Bilbao","BBB",1541,1288,"Meridiano Alicante","Meridiano Ali.","ALI",1,80,12000,8,22,36.36,22,33,66.67,12,15,80,26,9,35,16,11,20,0,2,1,5,21,21,95,0,0,0,1,0,80,58,0,NA,0,0,0,0,0,0,0
1415777,1,"Liga Nacional","Liga Endesa",-402534000,NA,"https://www.acb.com/Documentos/Cabeceras/logo-competicion-1b.png","https://www.acb.com/Documentos/Cabeceras/logo-competicion-4a.png",74,2009,107,NA,NA,2131,13585,NA,NA,FALSE,1527,1528,350,"Gran Canaria 2014","G. Canaria 2014","GCA",1527,290,"Bizkaia Bilbao Basket","Bizkaia Bilbao","BBB",1,78,12000,9,24,37.5,18,28,64.29,15,23,65.22,16,8,24,17,6,23,0,2,1,1,20,22,72,0,0,1,0,0,78,98,0,NA,0,0,0,0,0,0,0
1415776,1,"Liga Nacional","Liga Endesa",-402534000,NA,"https://www.acb.com/Documentos/Cabeceras/logo-competicion-1b.png","https://www.acb.com/Documentos/Cabeceras/logo-competicion-4a.png",74,2009,107,NA,NA,2131,13585,NA,NA,TRUE,1528,1528,350,"Gran Canaria 2014","G. Canaria 2014","GCA",1527,290,"Bizkaia Bilbao Basket","Bizkaia Bilbao","BBB",1,98,12000,12,24,50,23,34,67.65,16,20,80,18,7,25,23,13,15,0,1,2,2,22,20,114,0,0,0,1,0,98,78,0,NA,0,0,0,0,0,0,0
1415724,1,"Liga Nacional","Liga Endesa",-402534000,NA,"https://www.acb.com/Documentos/Cabeceras/logo-competicion-1b.png","https://www.acb.com/Documentos/Cabeceras/logo-competicion-4a.png",74,2009,107,NA,NA,2131,13583,NA,NA,TRUE,1540,1540,1140,"Cajasol","Cajasol","CAJ",1542,1686,"Xacobeo Blu:Sens Obradoiro","Xacobeo Obra","OBR",1,81,12000,10,21,47,20,38,52,11,15,73,25,15,40,20,6,20,0,2,3,3,20,21,94,0,0,0,11,0,81,72,0,0,0,0,0,0,0,0,0
1415725,1,"Liga Nacional","Liga Endesa",-402534000,NA,"https://www.acb.com/Documentos/Cabeceras/logo-competicion-1b.png","https://www.acb.com/Documentos/Cabeceras/logo-competicion-4a.png",74,2009,107,NA,NA,2131,13583,NA,NA,FALSE,1542,1540,1140,"Cajasol","Cajasol","CAJ",1542,1686,"Xacobeo Blu:Sens Obradoiro","Xacobeo Obra","OBR",1,72,12000,6,20,30,21,43,48.84,12,21,57.14,17,12,29,11,8,11,0,3,2,1,21,20,64,0,0,1,0,0,72,81,0,NA,0,0,0,0,0,0,0
1415750,1,"Liga Nacional","Liga Endesa",-402534000,NA,"https://www.acb.com/Documentos/Cabeceras/logo-competicion-1b.png","https://www.acb.com/Documentos/Cabeceras/logo-competicion-4a.png",74,2009,107,NA,NA,2131,13584,NA,NA,TRUE,1538,1538,979,"Power Electronics Valencia","Pow. Valencia","VBC",1541,1288,"Meridiano Alicante","Meridiano Ali.","ALI",1,85,12000,6,18,33.33,24,41,58.54,19,21,90.48,23,11,34,16,8,16,0,0,1,4,20,18,93,0,0,0,1,0,85,69,0,NA,0,0,0,0,0,0,0
1415751,1,"Liga Nacional","Liga Endesa",-402534000,NA,"https://www.acb.com/Documentos/Cabeceras/logo-competicion-1b.png","https://www.acb.com/Documentos/Cabeceras/logo-competicion-4a.png",74,2009,107,NA,NA,2131,13584,NA,NA,FALSE,1541,1538,979,"Power Electronics Valencia","Pow. Valencia","VBC",1541,1288,"Meridiano Alicante","Meridiano Ali.","ALI",1,69,12000,4,15,26.67,22,40,55,13,17,76.47,18,5,23,16,7,17,0,1,0,0,18,20,68,0,0,1,0,0,69,85,0,NA,0,0,0,0,0,0,0
1415805,1,"Liga Nacional","Liga Endesa",-402534000,NA,"https://www.acb.com/Documentos/Cabeceras/logo-competicion-1b.png","https://www.acb.com/Documentos/Cabeceras/logo-competicion-4a.png",74,2009,107,NA,NA,2131,13586,NA,NA,FALSE,1537,1533,643,"DKV Joventut","DKV Joventut","DKV",1537,914,"CB Murcia","CB Murcia","MUR",1,73,13500,9,21,42.86,19,41,46.34,8,11,72.73,34,13,47,10,2,21,0,5,2,2,17,18,78,0,0,1,0,0,73,83,0,NA,0,0,0,0,0,0,0
1415804,1,"Liga Nacional","Liga Endesa",-402534000,NA,"https://www.acb.com/Documentos/Cabeceras/logo-competicion-1b.png","https://www.acb.com/Documentos/Cabeceras/logo-competicion-4a.png",74,2009,107,NA,NA,2131,13586,NA,NA,TRUE,1533,1533,643,"DKV Joventut","DKV Joventut","DKV",1537,914,"CB Murcia","CB Murcia","MUR",1,83,13500,19,44,43.18,11,36,30.56,4,11,36.36,23,13,36,14,6,8,0,2,5,2,18,17,70,0,0,0,1,0,83,73,0,NA,0,0,0,0,0,0,0
1415859,1,"Liga Nacional","Liga Endesa",-402534000,NA,"https://www.acb.com/Documentos/Cabeceras/logo-competicion-1b.png","https://www.acb.com/Documentos/Cabeceras/logo-competicion-4a.png",74,2009,107,NA,NA,2131,13588,NA,NA,FALSE,1531,1525,123,"Regal FC Barcelona","Regal FCB","FCB",1531,512,"Lagun Aro GBC","Lagun Aro GBC","GBC",1,54,12000,3,15,20,15,29,51.72,15,19,78.95,24,9,33,11,3,29,0,0,1,2,20,18,39,0,0,1,0,0,54,83,0,NA,0,0,0,0,0,0,0
1415858,1,"Liga Nacional","Liga Endesa",-402534000,NA,"https://www.acb.com/Documentos/Cabeceras/logo-competicion-1b.png","https://www.acb.com/Documentos/Cabeceras/logo-competicion-4a.png",74,2009,107,NA,NA,2131,13588,NA,NA,TRUE,1525,1525,123,"Regal FC Barcelona","Regal FCB","FCB",1531,512,"Lagun Aro GBC","Lagun Aro GBC","GBC",1,83,12000,7,21,33.33,23,37,62.16,16,21,76.19,18,6,24,13,18,9,0,1,0,3,18,20,99,0,0,0,1,0,83,54,0,NA,0,0,0,0,0,0,0
1415937,1,"Liga Nacional","Liga Endesa",-402534000,NA,"https://www.acb.com/Documentos/Cabeceras/logo-competicion-1b.png","https://www.acb.com/Documentos/Cabeceras/logo-competicion-4a.png",74,2009,107,NA,NA,2131,13591,NA,NA,FALSE,1530,1526,238,"Caja Laboral","Caja Laboral","CLA",1530,1206,"Ayuda en Acción Fuenlabrada","AeA Fuenlabrada","FUE",1,68,12000,9,25,36,18,38,47.37,5,10,50,24,3,27,14,6,9,0,6,1,1,21,18,67,0,0,1,0,0,68,76,0,NA,0,0,0,0,0,0,0
1415936,1,"Liga Nacional","Liga Endesa",-402534000,NA,"https://www.acb.com/Documentos/Cabeceras/logo-competicion-1b.png","https://www.acb.com/Documentos/Cabeceras/logo-competicion-4a.png",74,2009,107,NA,NA,2131,13591,NA,NA,TRUE,1526,1526,238,"Caja Laboral","Caja Laboral","CLA",1530,1206,"Ayuda en Acción Fuenlabrada","AeA Fuenlabrada","FUE",1,76,12000,10,27,37.04,17,38,44.74,12,16,75,32,14,46,16,2,15,0,1,6,1,18,21,81,0,0,0,1,0,76,68,0,NA,0,0,0,0,0,0,0
1415831,1,"Liga Nacional","Liga Endesa",-402534000,NA,"https://www.acb.com/Documentos/Cabeceras/logo-competicion-1b.png","https://www.acb.com/Documentos/Cabeceras/logo-competicion-4a.png",74,2009,107,NA,NA,2131,13587,NA,NA,TRUE,1529,1529,477,"Asefa Estudiantes","Asefa Estu","ASE",1539,1080,"Unicaja","Unicaja","UNI",1,71,12000,5,25,20,16,38,42.11,24,30,80,20,20,40,9,7,15,0,1,2,0,21,26,68,0,0,1,0,0,71,72,0,NA,0,0,0,0,0,0,0
1415832,1,"Liga Nacional","Liga Endesa",-402534000,NA,"https://www.acb.com/Documentos/Cabeceras/logo-competicion-1b.png","https://www.acb.com/Documentos/Cabeceras/logo-competicion-4a.png",74,2009,107,NA,NA,2131,13587,NA,NA,FALSE,1539,1529,477,"Asefa Estudiantes","Asefa Estu","ASE",1539,1080,"Unicaja","Unicaja","UNI",1,72,12000,10,25,40,14,24,58.33,14,21,66.67,25,7,32,18,9,22,0,2,1,1,26,21,73,0,0,0,1,0,72,71,0,NA,0,0,0,0,0,0,0
1415910,1,"Liga Nacional","Liga Endesa",-402534000,NA,"https://www.acb.com/Documentos/Cabeceras/logo-competicion-1b.png","https://www.acb.com/Documentos/Cabeceras/logo-competicion-4a.png",74,2009,107,NA,NA,2131,13590,NA,NA,TRUE,1532,1532,13,"CB Granada","CB Granada","GRA",1535,876,"Suzuki Manresa","Suzuki Man.","MAN",1,81,12000,5,17,29.41,23,37,62.16,20,24,83.33,26,9,35,10,9,17,0,5,1,1,17,23,98,0,0,0,1,0,81,60,0,NA,0,0,0,0,0,0,0
1415911,1,"Liga Nacional","Liga Endesa",-402534000,NA,"https://www.acb.com/Documentos/Cabeceras/logo-competicion-1b.png","https://www.acb.com/Documentos/Cabeceras/logo-competicion-4a.png",74,2009,107,NA,NA,2131,13590,NA,NA,FALSE,1535,1532,13,"CB Granada","CB Granada","GRA",1535,876,"Suzuki Manresa","Suzuki Man.","MAN",1,60,12000,4,31,12.9,19,40,47.5,10,14,71.43,16,20,36,8,7,13,0,1,5,1,23,17,36,0,0,1,0,0,60,81,0,NA,0,0,0,0,0,0,0
1415884,1,"Liga Nacional","Liga Endesa",-402534000,NA,"https://www.acb.com/Documentos/Cabeceras/logo-competicion-1b.png","https://www.acb.com/Documentos/Cabeceras/logo-competicion-4a.png",74,2009,107,NA,NA,2131,13589,NA,NA,TRUE,1536,1536,1858,"Blancos de Rueda Valladolid","Blancos Rueda","BRV",1534,779,"Real Madrid","Real Madrid","RMB",1,69,12000,8,20,40,17,41,41.46,11,17,64.71,17,14,31,14,10,16,0,2,2,2,13,19,72,0,0,1,0,0,69,87,0,NA,0,0,0,0,0,0,0
1415885,1,"Liga Nacional","Liga Endesa",-402534000,NA,"https://www.acb.com/Documentos/Cabeceras/logo-competicion-1b.png","https://www.acb.com/Documentos/Cabeceras/logo-competicion-4a.png",74,2009,107,NA,NA,2131,13589,NA,NA,FALSE,1534,1536,1858,"Blancos de Rueda Valladolid","Blancos Rueda","BRV",1534,779,"Real Madrid","Real Madrid","RMB",1,87,12000,16,26,61.54,14,23,60.87,11,17,64.71,23,4,27,22,9,17,0,2,2,2,19,13,97,0,0,0,1,0,87,69,0,NA,0,0,0,0,0,0,0
1416042,1,"Liga Nacional","Liga Endesa",-402534000,NA,"https://www.acb.com/Documentos/Cabeceras/logo-competicion-1b.png","https://www.acb.com/Documentos/Cabeceras/logo-competicion-4a.png",74,2009,107,NA,NA,2132,13595,NA,NA,TRUE,1531,1531,512,"Lagun Aro GBC","Lagun Aro GBC","GBC",1536,1858,"Blancos de Rueda Valladolid","Blancos Rueda","BRV",1,71,12000,4,17,23.53,14,28,50,31,37,83.78,26,8,34,12,5,19,0,2,5,2,25,26,68,0,0,1,0,0,71,74,0,NA,0,0,0,0,0,0,0
1416043,1,"Liga Nacional","Liga Endesa",-402534000,NA,"https://www.acb.com/Documentos/Cabeceras/logo-competicion-1b.png","https://www.acb.com/Documentos/Cabeceras/logo-competicion-4a.png",74,2009,107,NA,NA,2132,13595,NA,NA,FALSE,1536,1531,512,"Lagun Aro GBC","Lagun Aro GBC","GBC",1536,1858,"Blancos de Rueda Valladolid","Blancos Rueda","BRV",1,74,12000,9,20,45,16,38,42.11,15,29,51.72,21,11,32,11,11,13,0,5,2,0,26,25,70,0,0,0,1,0,74,71,0,NA,0,0,0,0,0,0,0
1415989,1,"Liga Nacional","Liga Endesa",-402534000,NA,"https://www.acb.com/Documentos/Cabeceras/logo-competicion-1b.png","https://www.acb.com/Documentos/Cabeceras/logo-competicion-4a.png",74,2009,107,NA,NA,2132,13593,NA,NA,TRUE,1535,1535,876,"Suzuki Manresa","Suzuki Man.","MAN",1526,238,"Caja Laboral","Caja Laboral","CLA",1,73,12000,10,21,47.62,13,34,38.24,17,26,65.38,23,12,35,11,11,13,0,5,4,1,22,24,79,0,0,0,1,0,73,70,0,NA,0,0,0,0,0,0,0
1415990,1,"Liga Nacional","Liga Endesa",-402534000,NA,"https://www.acb.com/Documentos/Cabeceras/logo-competicion-1b.png","https://www.acb.com/Documentos/Cabeceras/logo-competicion-4a.png",74,2009,107,NA,NA,2132,13593,NA,NA,FALSE,1526,1535,876,"Suzuki Manresa","Suzuki Man.","MAN",1526,238,"Caja Laboral","Caja Laboral","CLA",1,70,12000,7,26,26.92,19,31,61.29,11,20,55,22,13,35,12,4,18,0,4,5,3,24,22,60,0,0,1,0,0,70,73,0,NA,0,0,0,0,0,0,0
1416016,1,"Liga Nacional","Liga Endesa",-402534000,NA,"https://www.acb.com/Documentos/Cabeceras/logo-competicion-1b.png","https://www.acb.com/Documentos/Cabeceras/logo-competicion-4a.png",74,2009,107,NA,NA,2132,13594,NA,NA,TRUE,1534,1534,779,"Real Madrid","Real Madrid","RMB",1532,13,"CB Granada","CB Granada","GRA",1,86,12000,9,21,42.86,22,35,62.86,15,22,68.18,20,8,28,19,11,16,0,1,2,1,20,20,95,0,0,0,1,0,86,69,0,NA,0,0,0,0,0,0,0
1416017,1,"Liga Nacional","Liga Endesa",-402534000,NA,"https://www.acb.com/Documentos/Cabeceras/logo-competicion-1b.png","https://www.acb.com/Documentos/Cabeceras/logo-competicion-4a.png",74,2009,107,NA,NA,2132,13594,NA,NA,FALSE,1532,1534,779,"Real Madrid","Real Madrid","RMB",1532,13,"CB Granada","CB Granada","GRA",1,69,12000,3,11,27.27,22,46,47.83,16,22,72.73,18,9,27,11,8,19,0,2,1,1,20,20,59,0,0,1,0,0,69,86,0,NA,0,0,0,0,0,0,0
1416097,1,"Liga Nacional","Liga Endesa",-402534000,NA,"https://www.acb.com/Documentos/Cabeceras/logo-competicion-1b.png","https://www.acb.com/Documentos/Cabeceras/logo-competicion-4a.png",74,2009,107,NA,NA,2132,13597,NA,NA,TRUE,1537,1537,914,"CB Murcia","CB Murcia","MUR",1529,477,"Asefa Estudiantes","Asefa Estu","ASE",1,83,12000,13,29,44.83,16,29,55.17,12,14,85.71,19,7,26,9,2,14,0,0,2,1,28,19,64,0,0,1,0,0,83,89,0,NA,0,0,0,0,0,0,0
1416098,1,"Liga Nacional","Liga Endesa",-402534000,NA,"https://www.acb.com/Documentos/Cabeceras/logo-competicion-1b.png","https://www.acb.com/Documentos/Cabeceras/logo-competicion-4a.png",74,2009,107,NA,NA,2132,13597,NA,NA,FALSE,1529,1537,914,"CB Murcia","CB Murcia","MUR",1529,477,"Asefa Estudiantes","Asefa Estu","ASE",1,89,12000,8,21,38.1,21,34,61.76,23,28,82.14,20,7,27,14,6,12,0,2,0,2,19,28,104,0,0,0,1,0,89,83,0,NA,0,0,0,0,0,0,0
1416124,1,"Liga Nacional","Liga Endesa",-402534000,NA,"https://www.acb.com/Documentos/Cabeceras/logo-competicion-1b.png","https://www.acb.com/Documentos/Cabeceras/logo-competicion-4a.png",74,2009,107,NA,NA,2132,13598,NA,NA,FALSE,1533,1527,290,"Bizkaia Bilbao Basket","Bizkaia Bilbao","BBB",1533,643,"DKV Joventut","DKV Joventut","DKV",1,66,12000,5,19,26.32,19,34,55.88,13,21,61.9,23,12,35,12,6,17,0,2,3,3,16,19,67,0,0,1,0,0,66,82,0,NA,0,0,0,0,0,0,0
1416123,1,"Liga Nacional","Liga Endesa",-402534000,NA,"https://www.acb.com/Documentos/Cabeceras/logo-competicion-1b.png","https://www.acb.com/Documentos/Cabeceras/logo-competicion-4a.png",74,2009,107,NA,NA,2132,13598,NA,NA,TRUE,1527,1527,290,"Bizkaia Bilbao Basket","Bizkaia Bilbao","BBB",1533,643,"DKV Joventut","DKV Joventut","DKV",1,82,12000,13,33,39.39,20,28,71.43,3,8,37.5,23,7,30,19,8,12,0,3,2,1,19,16,92,0,0,0,1,0,82,66,0,NA,0,0,0,0,0,0,0
1416150,1,"Liga Nacional","Liga Endesa",-402534000,NA,"https://www.acb.com/Documentos/Cabeceras/logo-competicion-1b.png","https://www.acb.com/Documentos/Cabeceras/logo-competicion-4a.png",74,2009,107,NA,NA,2132,13599,NA,NA,FALSE,1528,1541,1288,"Meridiano Alicante","Meridiano Ali.","ALI",1528,350,"Gran Canaria 2014","G. Canaria 2014","GCA",1,50,12000,3,21,14.29,14,38,36.84,13,16,81.25,21,11,32,7,6,19,0,1,2,0,17,19,32,0,0,1,0,0,50,74,0,NA,0,0,0,0,0,0,0
1416149,1,"Liga Nacional","Liga Endesa",-402534000,NA,"https://www.acb.com/Documentos/Cabeceras/logo-competicion-1b.png","https://www.acb.com/Documentos/Cabeceras/logo-competicion-4a.png",74,2009,107,NA,NA,2132,13599,NA,NA,TRUE,1541,1541,1288,"Meridiano Alicante","Meridiano Ali.","ALI",1528,350,"Gran Canaria 2014","G. Canaria 2014","GCA",1,74,12000,5,21,23.81,25,37,67.57,9,13,69.23,30,9,39,20,11,19,0,2,1,4,19,17,92,0,0,0,1,0,74,50,0,NA,0,0,0,0,0,0,0
1416176,1,"Liga Nacional","Liga Endesa",-402534000,NA,"https://www.acb.com/Documentos/Cabeceras/logo-competicion-1b.png","https://www.acb.com/Documentos/Cabeceras/logo-competicion-4a.png",74,2009,107,NA,NA,2132,13600,NA,NA,TRUE,1542,1542,1686,"Xacobeo Blu:Sens Obradoiro","Xacobeo Obra","OBR",1538,979,"Power Electronics Valencia","Pow. Valencia","VBC",1,73,12000,8,27,29.63,16,28,57.14,17,22,77.27,18,11,29,14,10,19,0,1,5,1,26,24,65,0,0,1,0,0,73,79,0,NA,0,0,0,0,0,0,0
1416177,1,"Liga Nacional","Liga Endesa",-402534000,NA,"https://www.acb.com/Documentos/Cabeceras/logo-competicion-1b.png","https://www.acb.com/Documentos/Cabeceras/logo-competicion-4a.png",74,2009,107,NA,NA,2132,13600,NA,NA,FALSE,1538,1542,1686,"Xacobeo Blu:Sens Obradoiro","Xacobeo Obra","OBR",1538,979,"Power Electronics Valencia","Pow. Valencia","VBC",1,79,12000,11,30,36.67,11,17,64.71,24,28,85.71,18,7,25,12,8,18,0,5,1,1,24,26,83,0,0,0,1,0,79,73,0,NA,0,0,0,0,0,0,0
1415964,1,"Liga Nacional","Liga Endesa",-402534000,NA,"https://www.acb.com/Documentos/Cabeceras/logo-competicion-1b.png","https://www.acb.com/Documentos/Cabeceras/logo-competicion-4a.png",74,2009,107,NA,NA,2132,13592,NA,NA,TRUE,1530,1530,1206,"Ayuda en Acción Fuenlabrada","AeA Fuenlabrada","FUE",1540,1140,"Cajasol","Cajasol","CAJ",1,70,12000,6,24,25,20,39,51.28,12,16,75,22,14,36,13,6,17,0,6,2,1,20,18,69,0,0,1,0,0,70,82,0,NA,0,0,0,0,0,0,0
1415965,1,"Liga Nacional","Liga Endesa",-402534000,NA,"https://www.acb.com/Documentos/Cabeceras/logo-competicion-1b.png","https://www.acb.com/Documentos/Cabeceras/logo-competicion-4a.png",74,2009,107,NA,NA,2132,13592,NA,NA,FALSE,1540,1530,1206,"Ayuda en Acción Fuenlabrada","AeA Fuenlabrada","FUE",1540,1140,"Cajasol","Cajasol","CAJ",1,82,12000,14,28,50,14,33,42,12,17,70,23,13,36,15,9,16,0,2,6,2,18,20,86,0,0,0,9,0,82,70,0,0,0,0,0,0,0,0,0
1416069,1,"Liga Nacional","Liga Endesa",-402534000,NA,"https://www.acb.com/Documentos/Cabeceras/logo-competicion-1b.png","https://www.acb.com/Documentos/Cabeceras/logo-competicion-4a.png",74,2009,107,NA,NA,2132,13596,NA,NA,TRUE,1539,1539,1080,"Unicaja","Unicaja","UNI",1525,123,"Regal FC Barcelona","Regal FCB","FCB",1,57,12000,5,17,29.41,19,42,45.24,4,5,80,19,6,25,10,12,15,0,1,3,2,20,15,46,0,0,1,0,0,57,63,0,NA,0,0,0,0,0,0,0
1416070,1,"Liga Nacional","Liga Endesa",-402534000,NA,"https://www.acb.com/Documentos/Cabeceras/logo-competicion-1b.png","https://www.acb.com/Documentos/Cabeceras/logo-competicion-4a.png",74,2009,107,NA,NA,2132,13596,NA,NA,FALSE,1525,1539,1080,"Unicaja","Unicaja","UNI",1525,123,"Regal FC Barcelona","Regal FCB","FCB",1,63,12000,6,16,37.5,15,31,48.39,15,20,75,26,7,33,11,9,19,0,3,1,1,15,20,73,0,0,0,1,0,63,57,0,NA,0,0,0,0,0,0,0
1416257,1,"Liga Nacional","Liga Endesa",-402534000,NA,"https://www.acb.com/Documentos/Cabeceras/logo-competicion-1b.png","https://www.acb.com/Documentos/Cabeceras/logo-competicion-4a.png",74,2009,107,NA,NA,2133,13603,NA,NA,TRUE,1526,1526,238,"Caja Laboral","Caja Laboral","CLA",1529,477,"Asefa Estudiantes","Asefa Estu","ASE",1,78,12000,14,26,53.85,13,30,43.33,10,12,83.33,22,6,28,19,2,14,0,4,2,3,18,16,82,0,0,0,1,0,78,68,0,NA,0,0,0,0,0,0,0
1416258,1,"Liga Nacional","Liga Endesa",-402534000,NA,"https://www.acb.com/Documentos/Cabeceras/logo-competicion-1b.png","https://www.acb.com/Documentos/Cabeceras/logo-competicion-4a.png",74,2009,107,NA,NA,2133,13603,NA,NA,FALSE,1529,1526,238,"Caja Laboral","Caja Laboral","CLA",1529,477,"Asefa Estudiantes","Asefa Estu","ASE",1,68,12000,6,25,24,21,36,58.33,8,10,80,19,11,30,10,6,13,0,2,4,0,16,18,65,0,0,1,0,0,68,78,0,NA,0,0,0,0,0,0,0
1416364,1,"Liga Nacional","Liga Endesa",-402534000,NA,"https://www.acb.com/Documentos/Cabeceras/logo-competicion-1b.png","https://www.acb.com/Documentos/Cabeceras/logo-competicion-4a.png",74,2009,107,NA,NA,2133,13607,NA,NA,FALSE,1542,1531,512,"Lagun Aro GBC","Lagun Aro GBC","GBC",1542,1686,"Xacobeo Blu:Sens Obradoiro","Xacobeo Obra","OBR",1,69,12000,6,21,28.57,22,43,51.16,7,8,87.5,20,6,26,12,10,13,0,0,4,1,19,14,58,0,0,0,1,0,69,65,0,NA,0,0,0,0,0,0,0
1416363,1,"Liga Nacional","Liga Endesa",-402534000,NA,"https://www.acb.com/Documentos/Cabeceras/logo-competicion-1b.png","https://www.acb.com/Documentos/Cabeceras/logo-competicion-4a.png",74,2009,107,NA,NA,2133,13607,NA,NA,TRUE,1531,1531,512,"Lagun Aro GBC","Lagun Aro GBC","GBC",1542,1686,"Xacobeo Blu:Sens Obradoiro","Xacobeo Obra","OBR",1,65,12000,6,22,27.27,17,26,65.38,13,18,72.22,29,6,35,19,9,23,0,4,0,3,14,19,84,0,0,1,0,0,65,69,0,NA,0,0,0,0,0,0,0
1416231,1,"Liga Nacional","Liga Endesa",-402534000,NA,"https://www.acb.com/Documentos/Cabeceras/logo-competicion-1b.png","https://www.acb.com/Documentos/Cabeceras/logo-competicion-4a.png",74,2009,107,NA,NA,2133,13602,NA,NA,FALSE,1525,1532,13,"CB Granada","CB Granada","GRA",1525,123,"Regal FC Barcelona","Regal FCB","FCB",1,72,12000,5,24,20.83,19,40,47.5,19,22,86.36,26,11,37,11,12,12,0,3,7,7,18,20,75,0,0,0,1,0,72,62,0,NA,0,0,0,0,0,0,0
1416230,1,"Liga Nacional","Liga Endesa",-402534000,NA,"https://www.acb.com/Documentos/Cabeceras/logo-competicion-1b.png","https://www.acb.com/Documentos/Cabeceras/logo-competicion-4a.png",74,2009,107,NA,NA,2133,13602,NA,NA,TRUE,1532,1532,13,"CB Granada","CB Granada","GRA",1525,123,"Regal FC Barcelona","Regal FCB","FCB",1,62,12000,4,15,26.67,18,46,39.13,14,19,73.68,31,12,43,10,9,18,0,7,3,1,20,18,64,0,0,1,0,0,62,72,0,NA,0,0,0,0,0,0,0
1416285,1,"Liga Nacional","Liga Endesa",-402534000,NA,"https://www.acb.com/Documentos/Cabeceras/logo-competicion-1b.png","https://www.acb.com/Documentos/Cabeceras/logo-competicion-4a.png",74,2009,107,NA,NA,2133,13604,NA,NA,TRUE,1530,1530,1206,"Ayuda en Acción Fuenlabrada","AeA Fuenlabrada","FUE",1533,643,"DKV Joventut","DKV Joventut","DKV",1,61,12000,6,24,25,10,33,30.3,23,28,82.14,17,13,30,7,6,20,0,0,4,0,21,26,39,0,0,1,0,0,61,103,0,NA,0,0,0,0,0,0,0
1416286,1,"Liga Nacional","Liga Endesa",-402534000,NA,"https://www.acb.com/Documentos/Cabeceras/logo-competicion-1b.png","https://www.acb.com/Documentos/Cabeceras/logo-competicion-4a.png",74,2009,107,NA,NA,2133,13604,NA,NA,FALSE,1533,1530,1206,"Ayuda en Acción Fuenlabrada","AeA Fuenlabrada","FUE",1533,643,"DKV Joventut","DKV Joventut","DKV",1,103,12000,11,18,61.11,29,43,67.44,12,15,80,27,6,33,15,6,13,0,4,0,4,26,21,119,0,0,0,1,0,103,61,0,NA,0,0,0,0,0,0,0
1416312,1,"Liga Nacional","Liga Endesa",-402534000,NA,"https://www.acb.com/Documentos/Cabeceras/logo-competicion-1b.png","https://www.acb.com/Documentos/Cabeceras/logo-competicion-4a.png",74,2009,107,NA,NA,2133,13605,NA,NA,FALSE,1528,1535,876,"Suzuki Manresa","Suzuki Man.","MAN",1528,350,"Gran Canaria 2014","G. Canaria 2014","GCA",1,66,12000,9,25,36,16,33,48.48,7,10,70,16,10,26,14,8,16,0,2,8,3,29,18,45,0,0,1,0,0,66,81,0,NA,0,0,0,0,0,0,0
1416311,1,"Liga Nacional","Liga Endesa",-402534000,NA,"https://www.acb.com/Documentos/Cabeceras/logo-competicion-1b.png","https://www.acb.com/Documentos/Cabeceras/logo-competicion-4a.png",74,2009,107,NA,NA,2133,13605,NA,NA,TRUE,1535,1535,876,"Suzuki Manresa","Suzuki Man.","MAN",1528,350,"Gran Canaria 2014","G. Canaria 2014","GCA",1,81,12000,8,19,42.11,15,31,48.39,27,32,84.38,21,12,33,12,13,16,0,8,2,3,18,29,108,0,0,0,1,0,81,66,0,NA,0,0,0,0,0,0,0
1416418,1,"Liga Nacional","Liga Endesa",-402534000,NA,"https://www.acb.com/Documentos/Cabeceras/logo-competicion-1b.png","https://www.acb.com/Documentos/Cabeceras/logo-competicion-4a.png",74,2009,107,NA,NA,2133,13609,NA,NA,TRUE,1537,1537,914,"CB Murcia","CB Murcia","MUR",1527,290,"Bizkaia Bilbao Basket","Bizkaia Bilbao","BBB",1,75,12000,7,21,33,18,34,52,18,20,90,20,9,29,10,4,15,0,3,3,4,24,23,70,0,0,12,0,0,975,80,0,0,0,0,0,0,0,0,0
1416419,1,"Liga Nacional","Liga Endesa",-402534000,NA,"https://www.acb.com/Documentos/Cabeceras/logo-competicion-1b.png","https://www.acb.com/Documentos/Cabeceras/logo-competicion-4a.png",74,2009,107,NA,NA,2133,13609,NA,NA,FALSE,1527,1537,914,"CB Murcia","CB Murcia","MUR",1527,290,"Bizkaia Bilbao Basket","Bizkaia Bilbao","BBB",1,80,12000,7,25,28,19,32,59.38,21,25,84,19,12,31,9,8,18,0,3,3,0,23,24,76,0,0,0,1,0,80,75,0,NA,0,0,0,0,0,0,0
1416203,1,"Liga Nacional","Liga Endesa",-402534000,NA,"https://www.acb.com/Documentos/Cabeceras/logo-competicion-1b.png","https://www.acb.com/Documentos/Cabeceras/logo-competicion-4a.png",74,2009,107,NA,NA,2133,13601,NA,NA,FALSE,1540,1536,1858,"Blancos de Rueda Valladolid","Blancos Rueda","BRV",1540,1140,"Cajasol","Cajasol","CAJ",1,76,12000,10,23,43.48,20,36,55.56,6,10,60,17,9,26,13,8,14,0,5,6,2,18,14,71,0,0,1,0,0,76,83,0,NA,0,0,0,0,0,0,0
1416202,1,"Liga Nacional","Liga Endesa",-402534000,NA,"https://www.acb.com/Documentos/Cabeceras/logo-competicion-1b.png","https://www.acb.com/Documentos/Cabeceras/logo-competicion-4a.png",74,2009,107,NA,NA,2133,13601,NA,NA,TRUE,1536,1536,1858,"Blancos de Rueda Valladolid","Blancos Rueda","BRV",1540,1140,"Cajasol","Cajasol","CAJ",1,83,12000,9,17,52.94,22,36,61.11,12,15,80,22,6,28,16,8,13,0,6,5,0,14,18,102,0,0,0,1,0,83,76,0,NA,0,0,0,0,0,0,0
1416391,1,"Liga Nacional","Liga Endesa",-402534000,NA,"https://www.acb.com/Documentos/Cabeceras/logo-competicion-1b.png","https://www.acb.com/Documentos/Cabeceras/logo-competicion-4a.png",74,2009,107,NA,NA,2133,13608,NA,NA,FALSE,1541,1539,1080,"Unicaja","Unicaja","UNI",1541,1288,"Meridiano Alicante","Meridiano Ali.","ALI",1,73,12000,10,21,47.62,15,31,48.39,13,17,76.47,21,12,33,15,7,21,0,0,1,1,15,22,82,0,0,1,0,0,73,92,0,NA,0,0,0,0,0,0,0
1416390,1,"Liga Nacional","Liga Endesa",-402534000,NA,"https://www.acb.com/Documentos/Cabeceras/logo-competicion-1b.png","https://www.acb.com/Documentos/Cabeceras/logo-competicion-4a.png",74,2009,107,NA,NA,2133,13608,NA,NA,TRUE,1539,1539,1080,"Unicaja","Unicaja","UNI",1541,1288,"Meridiano Alicante","Meridiano Ali.","ALI",1,92,12000,11,29,37,24,35,68,11,15,73,19,8,27,23,9,12,0,1,0,3,22,15,100,0,0,0,12,0,92,73,0,0,0,0,0,0,0,0,0
1416338,1,"Liga Nacional","Liga Endesa",-402534000,NA,"https://www.acb.com/Documentos/Cabeceras/logo-competicion-1b.png","https://www.acb.com/Documentos/Cabeceras/logo-competicion-4a.png",74,2009,107,NA,NA,2133,13606,NA,NA,FALSE,1538,1534,779,"Real Madrid","Real Madrid","RMB",1538,979,"Power Electronics Valencia","Pow. Valencia","VBC",1,66,12000,5,16,31.25,14,28,50,23,30,76.67,22,6,28,12,5,17,0,3,1,1,18,25,71,0,0,1,0,0,66,77,0,NA,0,0,0,0,0,0,0
1416337,1,"Liga Nacional","Liga Endesa",-402534000,NA,"https://www.acb.com/Documentos/Cabeceras/logo-competicion-1b.png","https://www.acb.com/Documentos/Cabeceras/logo-competicion-4a.png",74,2009,107,NA,NA,2133,13606,NA,NA,TRUE,1534,1534,779,"Real Madrid","Real Madrid","RMB",1538,979,"Power Electronics Valencia","Pow. Valencia","VBC",1,77,12000,9,22,40.91,21,44,47.73,8,8,100,20,12,32,10,5,12,0,1,3,0,25,18,67,0,0,0,1,0,77,66,0,NA,0,0,0,0,0,0,0
1416579,1,"Liga Nacional","Liga Endesa",-402534000,NA,"https://www.acb.com/Documentos/Cabeceras/logo-competicion-1b.png","https://www.acb.com/Documentos/Cabeceras/logo-competicion-4a.png",74,2009,107,NA,NA,2134,13615,NA,NA,FALSE,1530,1528,350,"Gran Canaria 2014","G. Canaria 2014","GCA",1530,1206,"Ayuda en Acción Fuenlabrada","AeA Fuenlabrada","FUE",1,77,12000,11,34,32.35,15,27,55.56,14,17,82.35,22,13,35,17,10,15,0,3,6,0,22,14,75,0,0,0,1,0,77,70,0,NA,0,0,0,0,0,0,0
1416578,1,"Liga Nacional","Liga Endesa",-402534000,NA,"https://www.acb.com/Documentos/Cabeceras/logo-competicion-1b.png","https://www.acb.com/Documentos/Cabeceras/logo-competicion-4a.png",74,2009,107,NA,NA,2134,13615,NA,NA,TRUE,1528,1528,350,"Gran Canaria 2014","G. Canaria 2014","GCA",1530,1206,"Ayuda en Acción Fuenlabrada","AeA Fuenlabrada","FUE",1,70,12000,3,23,13.04,22,39,56.41,17,21,80.95,20,18,38,15,6,15,0,6,3,0,14,22,84,0,0,1,0,0,70,77,0,NA,0,0,0,0,0,0,0
1416448,1,"Liga Nacional","Liga Endesa",-402534000,NA,"https://www.acb.com/Documentos/Cabeceras/logo-competicion-1b.png","https://www.acb.com/Documentos/Cabeceras/logo-competicion-4a.png",74,2009,107,NA,NA,2134,13610,NA,NA,FALSE,1537,1540,1140,"Cajasol","Cajasol","CAJ",1537,914,"CB Murcia","CB Murcia","MUR",1,59,12000,6,20,30,16,31,51,9,13,69,12,8,20,8,7,27,0,1,5,2,20,16,26,0,0,12,0,0,767,99,0,0,0,0,0,0,0,0,0
1416447,1,"Liga Nacional","Liga Endesa",-402534000,NA,"https://www.acb.com/Documentos/Cabeceras/logo-competicion-1b.png","https://www.acb.com/Documentos/Cabeceras/logo-competicion-4a.png",74,2009,107,NA,NA,2134,13610,NA,NA,TRUE,1540,1540,1140,"Cajasol","Cajasol","CAJ",1537,914,"CB Murcia","CB Murcia","MUR",1,99,12000,8,19,42,30,43,69,15,18,83,20,12,32,16,19,19,0,5,1,2,16,20,128,0,0,0,12,0,99,59,0,0,0,0,0,0,0,0,0
1416500,1,"Liga Nacional","Liga Endesa",-402534000,NA,"https://www.acb.com/Documentos/Cabeceras/logo-competicion-1b.png","https://www.acb.com/Documentos/Cabeceras/logo-competicion-4a.png",74,2009,107,NA,NA,2134,13612,NA,NA,TRUE,1541,1541,1288,"Meridiano Alicante","Meridiano Ali.","ALI",1531,512,"Lagun Aro GBC","Lagun Aro GBC","GBC",1,100,12000,11,23,47.83,18,39,46.15,31,34,91.18,23,10,33,17,5,15,0,2,2,3,30,27,101,0,0,1,0,0,100,102,0,NA,0,0,0,0,0,0,0
1416501,1,"Liga Nacional","Liga Endesa",-402534000,NA,"https://www.acb.com/Documentos/Cabeceras/logo-competicion-1b.png","https://www.acb.com/Documentos/Cabeceras/logo-competicion-4a.png",74,2009,107,NA,NA,2134,13612,NA,NA,FALSE,1531,1541,1288,"Meridiano Alicante","Meridiano Ali.","ALI",1531,512,"Lagun Aro GBC","Lagun Aro GBC","GBC",1,102,12000,10,21,47.62,21,42,50,30,34,88.24,20,9,29,7,3,13,0,2,2,2,27,30,95,0,0,0,1,0,102,100,0,NA,0,0,0,0,0,0,0
1416527,1,"Liga Nacional","Liga Endesa",-402534000,NA,"https://www.acb.com/Documentos/Cabeceras/logo-competicion-1b.png","https://www.acb.com/Documentos/Cabeceras/logo-competicion-4a.png",74,2009,107,NA,NA,2134,13613,NA,NA,FALSE,1534,1542,1686,"Xacobeo Blu:Sens Obradoiro","Xacobeo Obra","OBR",1534,779,"Real Madrid","Real Madrid","RMB",1,68,13500,12,37,32.43,13,32,40.62,6,7,85.71,30,10,40,8,5,16,0,6,1,0,21,18,62,0,0,1,0,0,68,78,0,NA,0,0,0,0,0,0,0
1416526,1,"Liga Nacional","Liga Endesa",-402534000,NA,"https://www.acb.com/Documentos/Cabeceras/logo-competicion-1b.png","https://www.acb.com/Documentos/Cabeceras/logo-competicion-4a.png",74,2009,107,NA,NA,2134,13613,NA,NA,TRUE,1542,1542,1686,"Xacobeo Blu:Sens Obradoiro","Xacobeo Obra","OBR",1534,779,"Real Madrid","Real Madrid","RMB",1,78,13500,11,29,37.93,14,35,40,17,23,73.91,32,9,41,11,10,11,0,1,6,0,18,21,82,0,0,0,1,0,78,68,0,NA,0,0,0,0,0,0,0
1416659,1,"Liga Nacional","Liga Endesa",-402534000,NA,"https://www.acb.com/Documentos/Cabeceras/logo-competicion-1b.png","https://www.acb.com/Documentos/Cabeceras/logo-competicion-4a.png",74,2009,107,NA,NA,2134,13618,NA,NA,TRUE,1525,1525,123,"Regal FC Barcelona","Regal FCB","FCB",1536,1858,"Blancos de Rueda Valladolid","Blancos Rueda","BRV",1,83,12000,7,26,26.92,23,30,76.67,16,17,94.12,28,10,38,19,11,14,0,5,0,6,16,18,117,0,0,0,1,0,83,50,0,NA,0,0,0,0,0,0,0
1416660,1,"Liga Nacional","Liga Endesa",-402534000,NA,"https://www.acb.com/Documentos/Cabeceras/logo-competicion-1b.png","https://www.acb.com/Documentos/Cabeceras/logo-competicion-4a.png",74,2009,107,NA,NA,2134,13618,NA,NA,FALSE,1536,1525,123,"Regal FC Barcelona","Regal FCB","FCB",1536,1858,"Blancos de Rueda Valladolid","Blancos Rueda","BRV",1,50,12000,2,14,14.29,17,45,37.78,10,13,76.92,16,13,29,12,13,14,0,0,5,3,18,16,40,0,0,1,0,0,50,83,0,NA,0,0,0,0,0,0,0
1416474,1,"Liga Nacional","Liga Endesa",-402534000,NA,"https://www.acb.com/Documentos/Cabeceras/logo-competicion-1b.png","https://www.acb.com/Documentos/Cabeceras/logo-competicion-4a.png",74,2009,107,NA,NA,2134,13611,NA,NA,TRUE,1527,1527,290,"Bizkaia Bilbao Basket","Bizkaia Bilbao","BBB",1539,1080,"Unicaja","Unicaja","UNI",1,70,12000,11,26,42.31,14,29,48.28,9,16,56.25,18,12,30,16,8,19,0,2,3,1,21,17,63,0,0,1,0,0,70,81,0,NA,0,0,0,0,0,0,0
1416475,1,"Liga Nacional","Liga Endesa",-402534000,NA,"https://www.acb.com/Documentos/Cabeceras/logo-competicion-1b.png","https://www.acb.com/Documentos/Cabeceras/logo-competicion-4a.png",74,2009,107,NA,NA,2134,13611,NA,NA,FALSE,1539,1527,290,"Bizkaia Bilbao Basket","Bizkaia Bilbao","BBB",1539,1080,"Unicaja","Unicaja","UNI",1,81,12000,8,20,40,23,40,57,11,15,73,22,10,32,19,13,14,0,3,2,0,17,21,103,0,0,0,11,0,81,70,0,0,0,0,0,0,0,0,0
1416553,1,"Liga Nacional","Liga Endesa",-402534000,NA,"https://www.acb.com/Documentos/Cabeceras/logo-competicion-1b.png","https://www.acb.com/Documentos/Cabeceras/logo-competicion-4a.png",74,2009,107,NA,NA,2134,13614,NA,NA,FALSE,1535,1538,979,"Power Electronics Valencia","Pow. Valencia","VBC",1535,876,"Suzuki Manresa","Suzuki Man.","MAN",1,74,12000,8,25,32,17,37,45.95,16,19,84.21,16,12,28,8,10,14,0,1,4,2,19,21,65,0,0,1,0,0,74,92,0,NA,0,0,0,0,0,0,0
1416552,1,"Liga Nacional","Liga Endesa",-402534000,NA,"https://www.acb.com/Documentos/Cabeceras/logo-competicion-1b.png","https://www.acb.com/Documentos/Cabeceras/logo-competicion-4a.png",74,2009,107,NA,NA,2134,13614,NA,NA,TRUE,1538,1538,979,"Power Electronics Valencia","Pow. Valencia","VBC",1535,876,"Suzuki Manresa","Suzuki Man.","MAN",1,92,12000,15,25,60,15,26,57.69,17,21,80.95,22,7,29,22,5,18,0,4,1,6,21,19,106,0,0,0,1,0,92,74,0,NA,0,0,0,0,0,0,0
1416632,1,"Liga Nacional","Liga Endesa",-402534000,NA,"https://www.acb.com/Documentos/Cabeceras/logo-competicion-1b.png","https://www.acb.com/Documentos/Cabeceras/logo-competicion-4a.png",74,2009,107,NA,NA,2134,13617,NA,NA,TRUE,1529,1529,477,"Asefa Estudiantes","Asefa Estu","ASE",1532,13,"CB Granada","CB Granada","GRA",1,77,12000,10,24,41.67,19,40,47.5,9,14,64.29,28,15,43,12,8,16,0,2,7,1,18,20,81,0,0,0,1,0,77,65,0,NA,0,0,0,0,0,0,0
1416633,1,"Liga Nacional","Liga Endesa",-402534000,NA,"https://www.acb.com/Documentos/Cabeceras/logo-competicion-1b.png","https://www.acb.com/Documentos/Cabeceras/logo-competicion-4a.png",74,2009,107,NA,NA,2134,13617,NA,NA,FALSE,1532,1529,477,"Asefa Estudiantes","Asefa Estu","ASE",1532,13,"CB Granada","CB Granada","GRA",1,65,12000,9,32,28.12,16,29,55.17,6,11,54.55,18,7,25,14,9,12,0,7,2,3,20,18,63,0,0,1,0,0,65,77,0,NA,0,0,0,0,0,0,0
1416604,1,"Liga Nacional","Liga Endesa",-402534000,NA,"https://www.acb.com/Documentos/Cabeceras/logo-competicion-1b.png","https://www.acb.com/Documentos/Cabeceras/logo-competicion-4a.png",74,2009,107,NA,NA,2134,13616,NA,NA,TRUE,1533,1533,643,"DKV Joventut","DKV Joventut","DKV",1526,238,"Caja Laboral","Caja Laboral","CLA",1,73,12000,10,31,32.26,18,35,51.43,7,8,87.5,21,8,29,9,5,9,0,2,1,0,21,17,65,0,0,1,0,0,73,77,0,NA,0,0,0,0,0,0,0
1416605,1,"Liga Nacional","Liga Endesa",-402534000,NA,"https://www.acb.com/Documentos/Cabeceras/logo-competicion-1b.png","https://www.acb.com/Documentos/Cabeceras/logo-competicion-4a.png",74,2009,107,NA,NA,2134,13616,NA,NA,FALSE,1526,1533,643,"DKV Joventut","DKV Joventut","DKV",1526,238,"Caja Laboral","Caja Laboral","CLA",1,77,12000,7,18,38.89,16,32,50,24,25,96,29,6,35,9,6,13,0,1,2,0,17,21,89,0,0,0,1,0,77,73,0,NA,0,0,0,0,0,0,0
1416740,1,"Liga Nacional","Liga Endesa",-402534000,NA,"https://www.acb.com/Documentos/Cabeceras/logo-competicion-1b.png","https://www.acb.com/Documentos/Cabeceras/logo-competicion-4a.png",74,2009,107,NA,NA,2135,13621,NA,NA,TRUE,1533,1533,643,"DKV Joventut","DKV Joventut","DKV",1541,1288,"Meridiano Alicante","Meridiano Ali.","ALI",1,97,12000,15,34,44.12,18,32,56.25,16,21,76.19,20,14,34,23,7,12,0,1,3,3,16,19,112,0,0,0,1,0,97,77,0,NA,0,0,0,0,0,0,0
1416741,1,"Liga Nacional","Liga Endesa",-402534000,NA,"https://www.acb.com/Documentos/Cabeceras/logo-competicion-1b.png","https://www.acb.com/Documentos/Cabeceras/logo-competicion-4a.png",74,2009,107,NA,NA,2135,13621,NA,NA,FALSE,1541,1533,643,"DKV Joventut","DKV Joventut","DKV",1541,1288,"Meridiano Alicante","Meridiano Ali.","ALI",1,77,12000,4,17,23.53,27,40,67.5,11,12,91.67,20,7,27,13,8,16,0,3,1,3,19,16,81,0,0,1,0,0,77,97,0,NA,0,0,0,0,0,0,0
1416714,1,"Liga Nacional","Liga Endesa",-402534000,NA,"https://www.acb.com/Documentos/Cabeceras/logo-competicion-1b.png","https://www.acb.com/Documentos/Cabeceras/logo-competicion-4a.png",74,2009,107,NA,NA,2135,13620,NA,NA,FALSE,1542,1528,350,"Gran Canaria 2014","G. Canaria 2014","GCA",1542,1686,"Xacobeo Blu:Sens Obradoiro","Xacobeo Obra","OBR",1,64,12000,5,17,29.41,18,41,43.9,13,19,68.42,22,15,37,13,7,20,0,2,7,2,16,20,59,0,0,1,0,0,64,80,0,NA,0,0,0,0,0,0,0
1416713,1,"Liga Nacional","Liga Endesa",-402534000,NA,"https://www.acb.com/Documentos/Cabeceras/logo-competicion-1b.png","https://www.acb.com/Documentos/Cabeceras/logo-competicion-4a.png",74,2009,107,NA,NA,2135,13620,NA,NA,TRUE,1528,1528,350,"Gran Canaria 2014","G. Canaria 2014","GCA",1542,1686,"Xacobeo Blu:Sens Obradoiro","Xacobeo Obra","OBR",1,80,12000,9,30,30,21,39,53.85,11,15,73.33,22,18,40,21,9,13,0,7,2,4,20,16,95,0,0,0,1,0,80,64,0,NA,0,0,0,0,0,0,0
1416686,1,"Liga Nacional","Liga Endesa",-402534000,NA,"https://www.acb.com/Documentos/Cabeceras/logo-competicion-1b.png","https://www.acb.com/Documentos/Cabeceras/logo-competicion-4a.png",74,2009,107,NA,NA,2135,13619,NA,NA,TRUE,1540,1540,1140,"Cajasol","Cajasol","CAJ",1538,979,"Power Electronics Valencia","Pow. Valencia","VBC",1,82,12000,6,19,31,18,38,47,28,33,84,22,10,32,8,13,14,0,4,1,1,27,25,84,0,0,0,12,0,82,53,0,0,0,0,0,0,0,0,0
1416687,1,"Liga Nacional","Liga Endesa",-402534000,NA,"https://www.acb.com/Documentos/Cabeceras/logo-competicion-1b.png","https://www.acb.com/Documentos/Cabeceras/logo-competicion-4a.png",74,2009,107,NA,NA,2135,13619,NA,NA,FALSE,1538,1540,1140,"Cajasol","Cajasol","CAJ",1538,979,"Power Electronics Valencia","Pow. Valencia","VBC",1,53,12000,4,17,23.53,9,27,33.33,23,26,88.46,25,10,35,5,7,29,0,1,4,1,25,27,36,0,0,1,0,0,53,82,0,NA,0,0,0,0,0,0,0
1416768,1,"Liga Nacional","Liga Endesa",-402534000,NA,"https://www.acb.com/Documentos/Cabeceras/logo-competicion-1b.png","https://www.acb.com/Documentos/Cabeceras/logo-competicion-4a.png",74,2009,107,NA,NA,2135,13622,NA,NA,FALSE,1527,1529,477,"Asefa Estudiantes","Asefa Estu","ASE",1527,290,"Bizkaia Bilbao Basket","Bizkaia Bilbao","BBB",1,71,12000,7,26,26.92,18,35,51.43,14,14,100,25,8,33,17,4,14,0,0,2,1,24,16,65,0,0,1,0,0,71,77,0,NA,0,0,0,0,0,0,0
1416767,1,"Liga Nacional","Liga Endesa",-402534000,NA,"https://www.acb.com/Documentos/Cabeceras/logo-competicion-1b.png","https://www.acb.com/Documentos/Cabeceras/logo-competicion-4a.png",74,2009,107,NA,NA,2135,13622,NA,NA,TRUE,1529,1529,477,"Asefa Estudiantes","Asefa Estu","ASE",1527,290,"Bizkaia Bilbao Basket","Bizkaia Bilbao","BBB",1,77,12000,5,21,23.81,19,37,51.35,24,29,82.76,27,10,37,15,6,15,0,2,0,2,16,24,91,0,0,0,1,0,77,71,0,NA,0,0,0,0,0,0,0
1416796,1,"Liga Nacional","Liga Endesa",-402534000,NA,"https://www.acb.com/Documentos/Cabeceras/logo-competicion-1b.png","https://www.acb.com/Documentos/Cabeceras/logo-competicion-4a.png",74,2009,107,NA,NA,2135,13623,NA,NA,FALSE,1537,1525,123,"Regal FC Barcelona","Regal FCB","FCB",1537,914,"CB Murcia","CB Murcia","MUR",1,72,12000,9,19,47.37,15,35,42.86,15,22,68.18,20,8,28,8,11,19,0,1,6,0,21,20,57,0,0,1,0,0,72,84,0,NA,0,0,0,0,0,0,0
1416795,1,"Liga Nacional","Liga Endesa",-402534000,NA,"https://www.acb.com/Documentos/Cabeceras/logo-competicion-1b.png","https://www.acb.com/Documentos/Cabeceras/logo-competicion-4a.png",74,2009,107,NA,NA,2135,13623,NA,NA,TRUE,1525,1525,123,"Regal FC Barcelona","Regal FCB","FCB",1537,914,"CB Murcia","CB Murcia","MUR",1,84,12000,5,18,27.78,25,41,60.98,19,20,95,25,8,33,21,16,14,0,6,1,7,20,21,116,0,0,0,1,0,84,72,0,NA,0,0,0,0,0,0,0
1416822,1,"Liga Nacional","Liga Endesa",-402534000,NA,"https://www.acb.com/Documentos/Cabeceras/logo-competicion-1b.png","https://www.acb.com/Documentos/Cabeceras/logo-competicion-4a.png",74,2009,107,NA,NA,2135,13624,NA,NA,TRUE,1536,1536,1858,"Blancos de Rueda Valladolid","Blancos Rueda","BRV",1539,1080,"Unicaja","Unicaja","UNI",1,67,12000,9,20,45,13,38,34.21,14,17,82.35,21,14,35,9,5,21,0,3,3,1,20,19,55,0,0,1,0,0,67,85,0,NA,0,0,0,0,0,0,0
1416823,1,"Liga Nacional","Liga Endesa",-402534000,NA,"https://www.acb.com/Documentos/Cabeceras/logo-competicion-1b.png","https://www.acb.com/Documentos/Cabeceras/logo-competicion-4a.png",74,2009,107,NA,NA,2135,13624,NA,NA,FALSE,1539,1536,1858,"Blancos de Rueda Valladolid","Blancos Rueda","BRV",1539,1080,"Unicaja","Unicaja","UNI",1,85,12000,12,25,48,17,36,47,15,19,78,21,14,35,22,10,15,0,3,3,1,19,20,102,0,0,0,11,0,85,67,0,0,0,0,0,0,0,0,0
1416848,1,"Liga Nacional","Liga Endesa",-402534000,NA,"https://www.acb.com/Documentos/Cabeceras/logo-competicion-1b.png","https://www.acb.com/Documentos/Cabeceras/logo-competicion-4a.png",74,2009,107,NA,NA,2135,13625,NA,NA,TRUE,1532,1532,13,"CB Granada","CB Granada","GRA",1531,512,"Lagun Aro GBC","Lagun Aro GBC","GBC",1,88,12000,12,25,48,23,47,48.94,6,6,100,25,15,40,15,7,12,0,6,3,2,23,20,101,0,0,0,1,0,88,76,0,NA,0,0,0,0,0,0,0
1416849,1,"Liga Nacional","Liga Endesa",-402534000,NA,"https://www.acb.com/Documentos/Cabeceras/logo-competicion-1b.png","https://www.acb.com/Documentos/Cabeceras/logo-competicion-4a.png",74,2009,107,NA,NA,2135,13625,NA,NA,FALSE,1531,1532,13,"CB Granada","CB Granada","GRA",1531,512,"Lagun Aro GBC","Lagun Aro GBC","GBC",1,76,12000,8,27,29.63,17,35,48.57,18,25,72,21,10,31,10,6,11,0,3,6,3,20,23,68,0,0,1,0,0,76,88,0,NA,0,0,0,0,0,0,0
1416900,1,"Liga Nacional","Liga Endesa",-402534000,NA,"https://www.acb.com/Documentos/Cabeceras/logo-competicion-1b.png","https://www.acb.com/Documentos/Cabeceras/logo-competicion-4a.png",74,2009,107,NA,NA,2135,13627,NA,NA,TRUE,1530,1530,1206,"Ayuda en Acción Fuenlabrada","AeA Fuenlabrada","FUE",1535,876,"Suzuki Manresa","Suzuki Man.","MAN",1,81,12000,11,25,44,11,23,47.83,26,34,76.47,17,6,23,15,8,18,0,3,3,1,28,29,76,0,0,1,0,0,81,84,0,NA,0,0,0,0,0,0,0
1416901,1,"Liga Nacional","Liga Endesa",-402534000,NA,"https://www.acb.com/Documentos/Cabeceras/logo-competicion-1b.png","https://www.acb.com/Documentos/Cabeceras/logo-competicion-4a.png",74,2009,107,NA,NA,2135,13627,NA,NA,FALSE,1535,1530,1206,"Ayuda en Acción Fuenlabrada","AeA Fuenlabrada","FUE",1535,876,"Suzuki Manresa","Suzuki Man.","MAN",1,84,12000,11,22,50,17,35,48.57,17,26,65.38,21,15,36,14,5,23,0,3,3,3,29,28,77,0,0,0,1,0,84,81,0,NA,0,0,0,0,0,0,0
1416875,1,"Liga Nacional","Liga Endesa",-402534000,NA,"https://www.acb.com/Documentos/Cabeceras/logo-competicion-1b.png","https://www.acb.com/Documentos/Cabeceras/logo-competicion-4a.png",74,2009,107,NA,NA,2135,13626,NA,NA,FALSE,1534,1526,238,"Caja Laboral","Caja Laboral","CLA",1534,779,"Real Madrid","Real Madrid","RMB",1,62,12000,8,24,33.33,13,30,43.33,12,12,100,18,6,24,12,13,17,0,1,3,1,22,23,60,0,0,1,0,0,62,80,0,NA,0,0,0,0,0,0,0
1416874,1,"Liga Nacional","Liga Endesa",-402534000,NA,"https://www.acb.com/Documentos/Cabeceras/logo-competicion-1b.png","https://www.acb.com/Documentos/Cabeceras/logo-competicion-4a.png",74,2009,107,NA,NA,2135,13626,NA,NA,TRUE,1526,1526,238,"Caja Laboral","Caja Laboral","CLA",1534,779,"Real Madrid","Real Madrid","RMB",1,80,12000,9,15,60,18,36,50,17,22,77.27,25,9,34,18,9,20,0,3,1,1,23,22,93,0,0,0,1,0,80,62,0,NA,0,0,0,0,0,0,0
1417004,1,"Liga Nacional","Liga Endesa",-402534000,NA,"https://www.acb.com/Documentos/Cabeceras/logo-competicion-1b.png","https://www.acb.com/Documentos/Cabeceras/logo-competicion-4a.png",74,2009,107,NA,NA,2136,13631,NA,NA,TRUE,1534,1534,779,"Real Madrid","Real Madrid","RMB",1525,123,"Regal FC Barcelona","Regal FCB","FCB",1,57,12000,4,13,30.77,16,40,40,13,15,86.67,17,5,22,10,9,9,0,0,5,1,18,21,52,0,0,1,0,0,57,79,0,NA,0,0,0,0,0,0,0
1417005,1,"Liga Nacional","Liga Endesa",-402534000,NA,"https://www.acb.com/Documentos/Cabeceras/logo-competicion-1b.png","https://www.acb.com/Documentos/Cabeceras/logo-competicion-4a.png",74,2009,107,NA,NA,2136,13631,NA,NA,FALSE,1525,1534,779,"Real Madrid","Real Madrid","RMB",1525,123,"Regal FC Barcelona","Regal FCB","FCB",1,79,12000,8,19,42.11,24,38,63.16,7,8,87.5,29,7,36,17,6,13,0,5,0,4,21,18,101,0,0,0,1,0,79,57,0,NA,0,0,0,0,0,0,0
1416952,1,"Liga Nacional","Liga Endesa",-402534000,NA,"https://www.acb.com/Documentos/Cabeceras/logo-competicion-1b.png","https://www.acb.com/Documentos/Cabeceras/logo-competicion-4a.png",74,2009,107,NA,NA,2136,13629,NA,NA,TRUE,1530,1530,1206,"Ayuda en Acción Fuenlabrada","AeA Fuenlabrada","FUE",1532,13,"CB Granada","CB Granada","GRA",1,76,12000,6,22,27.27,23,43,53.49,12,13,92.31,28,9,37,13,10,15,0,5,7,4,26,13,69,0,0,1,0,0,76,83,0,NA,0,0,0,0,0,0,0
1416953,1,"Liga Nacional","Liga Endesa",-402534000,NA,"https://www.acb.com/Documentos/Cabeceras/logo-competicion-1b.png","https://www.acb.com/Documentos/Cabeceras/logo-competicion-4a.png",74,2009,107,NA,NA,2136,13629,NA,NA,FALSE,1532,1530,1206,"Ayuda en Acción Fuenlabrada","AeA Fuenlabrada","FUE",1532,13,"CB Granada","CB Granada","GRA",1,83,12000,7,20,35,19,38,50,24,28,85.71,27,5,32,13,8,11,0,7,5,0,13,26,104,0,0,0,1,0,83,76,0,NA,0,0,0,0,0,0,0
1417109,1,"Liga Nacional","Liga Endesa",-402534000,NA,"https://www.acb.com/Documentos/Cabeceras/logo-competicion-1b.png","https://www.acb.com/Documentos/Cabeceras/logo-competicion-4a.png",74,2009,107,NA,NA,2136,13635,NA,NA,TRUE,1527,1527,290,"Bizkaia Bilbao Basket","Bizkaia Bilbao","BBB",1538,979,"Power Electronics Valencia","Pow. Valencia","VBC",1,79,12000,8,24,33.33,18,35,51.43,19,25,76,20,12,32,12,13,14,0,1,1,2,24,26,85,0,0,1,0,0,79,80,0,NA,0,0,0,0,0,0,0
1417110,1,"Liga Nacional","Liga Endesa",-402534000,NA,"https://www.acb.com/Documentos/Cabeceras/logo-competicion-1b.png","https://www.acb.com/Documentos/Cabeceras/logo-competicion-4a.png",74,2009,107,NA,NA,2136,13635,NA,NA,FALSE,1538,1527,290,"Bizkaia Bilbao Basket","Bizkaia Bilbao","BBB",1538,979,"Power Electronics Valencia","Pow. Valencia","VBC",1,80,12000,9,18,50,16,30,53.33,21,25,84,24,5,29,11,9,19,0,1,1,1,26,24,81,0,0,0,1,0,80,79,0,NA,0,0,0,0,0,0,0
1416979,1,"Liga Nacional","Liga Endesa",-402534000,NA,"https://www.acb.com/Documentos/Cabeceras/logo-competicion-1b.png","https://www.acb.com/Documentos/Cabeceras/logo-competicion-4a.png",74,2009,107,NA,NA,2136,13630,NA,NA,FALSE,1536,1535,876,"Suzuki Manresa","Suzuki Man.","MAN",1536,1858,"Blancos de Rueda Valladolid","Blancos Rueda","BRV",1,82,12000,9,24,37.5,20,35,57.14,15,23,65.22,29,6,35,19,6,20,0,3,2,4,29,22,78,0,0,0,1,0,82,73,0,NA,0,0,0,0,0,0,0
1416978,1,"Liga Nacional","Liga Endesa",-402534000,NA,"https://www.acb.com/Documentos/Cabeceras/logo-competicion-1b.png","https://www.acb.com/Documentos/Cabeceras/logo-competicion-4a.png",74,2009,107,NA,NA,2136,13630,NA,NA,TRUE,1535,1535,876,"Suzuki Manresa","Suzuki Man.","MAN",1536,1858,"Blancos de Rueda Valladolid","Blancos Rueda","BRV",1,73,12000,4,25,16,20,35,57.14,21,27,77.78,25,10,35,7,10,18,0,2,3,1,22,29,71,0,0,1,0,0,73,82,0,NA,0,0,0,0,0,0,0
1416927,1,"Liga Nacional","Liga Endesa",-402534000,NA,"https://www.acb.com/Documentos/Cabeceras/logo-competicion-1b.png","https://www.acb.com/Documentos/Cabeceras/logo-competicion-4a.png",74,2009,107,NA,NA,2136,13628,NA,NA,TRUE,1526,1526,238,"Caja Laboral","Caja Laboral","CLA",1540,1140,"Cajasol","Cajasol","CAJ",1,73,12000,9,22,40.91,15,33,45.45,16,22,72.73,20,10,30,17,7,9,0,2,3,1,16,24,88,0,0,0,1,0,73,66,0,NA,0,0,0,0,0,0,0
1416928,1,"Liga Nacional","Liga Endesa",-402534000,NA,"https://www.acb.com/Documentos/Cabeceras/logo-competicion-1b.png","https://www.acb.com/Documentos/Cabeceras/logo-competicion-4a.png",74,2009,107,NA,NA,2136,13628,NA,NA,FALSE,1540,1526,238,"Caja Laboral","Caja Laboral","CLA",1540,1140,"Cajasol","Cajasol","CAJ",1,66,12000,8,20,40,17,37,45.95,8,12,66.67,21,10,31,9,6,14,0,3,2,1,24,16,55,0,0,1,0,0,66,73,0,NA,0,0,0,0,0,0,0
1417029,1,"Liga Nacional","Liga Endesa",-402534000,NA,"https://www.acb.com/Documentos/Cabeceras/logo-competicion-1b.png","https://www.acb.com/Documentos/Cabeceras/logo-competicion-4a.png",74,2009,107,NA,NA,2136,13632,NA,NA,TRUE,1531,1531,512,"Lagun Aro GBC","Lagun Aro GBC","GBC",1529,477,"Asefa Estudiantes","Asefa Estu","ASE",1,86,12000,8,26,30.77,24,30,80,14,17,82.35,21,6,27,19,7,14,0,1,2,8,20,19,96,0,0,0,1,0,86,74,0,NA,0,0,0,0,0,0,0
1417030,1,"Liga Nacional","Liga Endesa",-402534000,NA,"https://www.acb.com/Documentos/Cabeceras/logo-competicion-1b.png","https://www.acb.com/Documentos/Cabeceras/logo-competicion-4a.png",74,2009,107,NA,NA,2136,13632,NA,NA,FALSE,1529,1531,512,"Lagun Aro GBC","Lagun Aro GBC","GBC",1529,477,"Asefa Estudiantes","Asefa Estu","ASE",1,74,12000,7,20,35,22,38,57.89,9,11,81.82,18,8,26,16,7,14,0,2,1,0,19,20,80,0,0,1,0,0,74,86,0,NA,0,0,0,0,0,0,0
1417056,1,"Liga Nacional","Liga Endesa",-402534000,NA,"https://www.acb.com/Documentos/Cabeceras/logo-competicion-1b.png","https://www.acb.com/Documentos/Cabeceras/logo-competicion-4a.png",74,2009,107,NA,NA,2136,13633,NA,NA,TRUE,1539,1539,1080,"Unicaja","Unicaja","UNI",1533,643,"DKV Joventut","DKV Joventut","DKV",1,76,12000,5,20,25,23,38,60,15,16,93,20,8,28,12,13,17,0,0,2,2,16,18,81,0,0,11,0,0,76,78,0,0,0,0,0,0,0,0,0
1417057,1,"Liga Nacional","Liga Endesa",-402534000,NA,"https://www.acb.com/Documentos/Cabeceras/logo-competicion-1b.png","https://www.acb.com/Documentos/Cabeceras/logo-competicion-4a.png",74,2009,107,NA,NA,2136,13633,NA,NA,FALSE,1533,1539,1080,"Unicaja","Unicaja","UNI",1533,643,"DKV Joventut","DKV Joventut","DKV",1,78,12000,15,28,53.57,13,27,48.15,7,8,87.5,21,8,29,18,10,21,0,2,0,0,18,16,86,0,0,0,1,0,78,76,0,NA,0,0,0,0,0,0,0
1417083,1,"Liga Nacional","Liga Endesa",-402534000,NA,"https://www.acb.com/Documentos/Cabeceras/logo-competicion-1b.png","https://www.acb.com/Documentos/Cabeceras/logo-competicion-4a.png",74,2009,107,NA,NA,2136,13634,NA,NA,TRUE,1537,1537,914,"CB Murcia","CB Murcia","MUR",1528,350,"Gran Canaria 2014","G. Canaria 2014","GCA",1,86,12000,8,27,29.63,14,25,56,34,38,89.47,18,11,29,7,10,19,0,2,2,1,20,26,85,0,0,0,1,0,86,83,0,NA,0,0,0,0,0,0,0
1417084,1,"Liga Nacional","Liga Endesa",-402534000,NA,"https://www.acb.com/Documentos/Cabeceras/logo-competicion-1b.png","https://www.acb.com/Documentos/Cabeceras/logo-competicion-4a.png",74,2009,107,NA,NA,2136,13634,NA,NA,FALSE,1528,1537,914,"CB Murcia","CB Murcia","MUR",1528,350,"Gran Canaria 2014","G. Canaria 2014","GCA",1,83,12000,6,19,31.58,27,43,62.79,11,16,68.75,19,10,29,11,13,19,0,2,2,0,26,20,77,0,0,1,0,0,83,86,0,NA,0,0,0,0,0,0,0
1417136,1,"Liga Nacional","Liga Endesa",-402534000,NA,"https://www.acb.com/Documentos/Cabeceras/logo-competicion-1b.png","https://www.acb.com/Documentos/Cabeceras/logo-competicion-4a.png",74,2009,107,NA,NA,2136,13636,NA,NA,TRUE,1541,1541,1288,"Meridiano Alicante","Meridiano Ali.","ALI",1542,1686,"Xacobeo Blu:Sens Obradoiro","Xacobeo Obra","OBR",1,82,12000,7,24,29.17,24,37,64.86,13,14,92.86,26,8,34,18,7,14,0,3,3,4,29,19,86,0,0,0,1,0,82,75,0,NA,0,0,0,0,0,0,0
1417137,1,"Liga Nacional","Liga Endesa",-402534000,NA,"https://www.acb.com/Documentos/Cabeceras/logo-competicion-1b.png","https://www.acb.com/Documentos/Cabeceras/logo-competicion-4a.png",74,2009,107,NA,NA,2136,13636,NA,NA,FALSE,1542,1541,1288,"Meridiano Alicante","Meridiano Ali.","ALI",1542,1686,"Xacobeo Blu:Sens Obradoiro","Xacobeo Obra","OBR",1,75,12000,7,24,29.17,14,29,48.28,26,31,83.87,20,6,26,11,8,11,0,3,3,0,19,29,82,0,0,1,0,0,75,82,0,NA,0,0,0,0,0,0,0
1417245,1,"Liga Nacional","Liga Endesa",-402534000,NA,"https://www.acb.com/Documentos/Cabeceras/logo-competicion-1b.png","https://www.acb.com/Documentos/Cabeceras/logo-competicion-4a.png",74,2009,107,NA,NA,2137,13640,NA,NA,TRUE,1528,1528,350,"Gran Canaria 2014","G. Canaria 2014","GCA",1539,1080,"Unicaja","Unicaja","UNI",1,91,12000,12,24,50,24,36,66.67,7,9,77.78,22,5,27,19,11,16,0,1,2,1,20,17,102,0,0,0,1,0,91,74,0,NA,0,0,0,0,0,0,0
1417246,1,"Liga Nacional","Liga Endesa",-402534000,NA,"https://www.acb.com/Documentos/Cabeceras/logo-competicion-1b.png","https://www.acb.com/Documentos/Cabeceras/logo-competicion-4a.png",74,2009,107,NA,NA,2137,13640,NA,NA,FALSE,1539,1528,350,"Gran Canaria 2014","G. Canaria 2014","GCA",1539,1080,"Unicaja","Unicaja","UNI",1,74,12000,7,27,25,20,34,58,13,17,76,19,12,31,16,8,17,0,2,1,3,17,20,78,0,0,11,0,0,74,91,0,0,0,0,0,0,0,0,0
1417192,1,"Liga Nacional","Liga Endesa",-402534000,NA,"https://www.acb.com/Documentos/Cabeceras/logo-competicion-1b.png","https://www.acb.com/Documentos/Cabeceras/logo-competicion-4a.png",74,2009,107,NA,NA,2137,13638,NA,NA,FALSE,1527,1542,1686,"Xacobeo Blu:Sens Obradoiro","Xacobeo Obra","OBR",1527,290,"Bizkaia Bilbao Basket","Bizkaia Bilbao","BBB",1,73,12000,8,28,28.57,17,31,54.84,15,23,65.22,23,10,33,8,5,12,0,1,1,0,26,22,61,0,0,1,0,0,73,79,0,NA,0,0,0,0,0,0,0
1417191,1,"Liga Nacional","Liga Endesa",-402534000,NA,"https://www.acb.com/Documentos/Cabeceras/logo-competicion-1b.png","https://www.acb.com/Documentos/Cabeceras/logo-competicion-4a.png",74,2009,107,NA,NA,2137,13638,NA,NA,TRUE,1542,1542,1686,"Xacobeo Blu:Sens Obradoiro","Xacobeo Obra","OBR",1527,290,"Bizkaia Bilbao Basket","Bizkaia Bilbao","BBB",1,79,12000,8,23,34.78,18,36,50,19,28,67.86,27,12,39,13,5,10,0,1,1,4,22,26,88,0,0,0,1,0,79,73,0,NA,0,0,0,0,0,0,0
1417271,1,"Liga Nacional","Liga Endesa",-402534000,NA,"https://www.acb.com/Documentos/Cabeceras/logo-competicion-1b.png","https://www.acb.com/Documentos/Cabeceras/logo-competicion-4a.png",74,2009,107,NA,NA,2137,13641,NA,NA,TRUE,1533,1533,643,"DKV Joventut","DKV Joventut","DKV",1531,512,"Lagun Aro GBC","Lagun Aro GBC","GBC",1,97,12000,14,30,46.67,19,35,54.29,17,22,77.27,18,11,29,17,9,11,0,3,2,2,20,19,104,0,0,0,1,0,97,95,0,NA,0,0,0,0,0,0,0
1417272,1,"Liga Nacional","Liga Endesa",-402534000,NA,"https://www.acb.com/Documentos/Cabeceras/logo-competicion-1b.png","https://www.acb.com/Documentos/Cabeceras/logo-competicion-4a.png",74,2009,107,NA,NA,2137,13641,NA,NA,FALSE,1531,1533,643,"DKV Joventut","DKV Joventut","DKV",1531,512,"Lagun Aro GBC","Lagun Aro GBC","GBC",1,95,12000,10,23,43.48,25,37,67.57,15,17,88.24,23,7,30,16,9,15,0,2,3,4,19,20,108,0,0,1,0,0,95,97,0,NA,0,0,0,0,0,0,0
1417326,1,"Liga Nacional","Liga Endesa",-402534000,NA,"https://www.acb.com/Documentos/Cabeceras/logo-competicion-1b.png","https://www.acb.com/Documentos/Cabeceras/logo-competicion-4a.png",74,2009,107,NA,NA,2137,13643,NA,NA,FALSE,1535,1525,123,"Regal FC Barcelona","Regal FCB","FCB",1535,876,"Suzuki Manresa","Suzuki Man.","MAN",1,45,12000,4,18,22.22,14,36,38.89,5,9,55.56,21,10,31,7,7,18,0,3,3,0,16,15,31,0,0,1,0,0,45,65,0,NA,0,0,0,0,0,0,0
1417325,1,"Liga Nacional","Liga Endesa",-402534000,NA,"https://www.acb.com/Documentos/Cabeceras/logo-competicion-1b.png","https://www.acb.com/Documentos/Cabeceras/logo-competicion-4a.png",74,2009,107,NA,NA,2137,13643,NA,NA,TRUE,1525,1525,123,"Regal FC Barcelona","Regal FCB","FCB",1535,876,"Suzuki Manresa","Suzuki Man.","MAN",1,65,12000,7,18,38.89,16,36,44.44,12,16,75,24,13,37,11,10,13,0,3,3,3,15,16,76,0,0,0,1,0,65,45,0,NA,0,0,0,0,0,0,0
1417165,1,"Liga Nacional","Liga Endesa",-402534000,NA,"https://www.acb.com/Documentos/Cabeceras/logo-competicion-1b.png","https://www.acb.com/Documentos/Cabeceras/logo-competicion-4a.png",74,2009,107,NA,NA,2137,13637,NA,NA,FALSE,1541,1540,1140,"Cajasol","Cajasol","CAJ",1541,1288,"Meridiano Alicante","Meridiano Ali.","ALI",1,67,12000,5,21,23.81,20,28,71.43,12,14,85.71,21,4,25,9,16,18,0,1,1,3,19,22,76,0,0,1,0,0,67,68,0,NA,0,0,0,0,0,0,0
1417164,1,"Liga Nacional","Liga Endesa",-402534000,NA,"https://www.acb.com/Documentos/Cabeceras/logo-competicion-1b.png","https://www.acb.com/Documentos/Cabeceras/logo-competicion-4a.png",74,2009,107,NA,NA,2137,13637,NA,NA,TRUE,1540,1540,1140,"Cajasol","Cajasol","CAJ",1541,1288,"Meridiano Alicante","Meridiano Ali.","ALI",1,68,12000,9,25,36,13,29,44.83,15,19,78.95,19,11,30,13,13,18,0,1,1,0,22,19,67,0,0,0,1,0,68,67,0,NA,0,0,0,0,0,0,0
1417352,1,"Liga Nacional","Liga Endesa",-402534000,NA,"https://www.acb.com/Documentos/Cabeceras/logo-competicion-1b.png","https://www.acb.com/Documentos/Cabeceras/logo-competicion-4a.png",74,2009,107,NA,NA,2137,13644,NA,NA,FALSE,1530,1536,1858,"Blancos de Rueda Valladolid","Blancos Rueda","BRV",1530,1206,"Ayuda en Acción Fuenlabrada","AeA Fuenlabrada","FUE",1,87,12000,11,18,61.11,20,34,58.82,14,19,73.68,20,9,29,13,5,19,0,2,2,1,21,20,88,0,0,0,1,0,87,83,0,NA,0,0,0,0,0,0,0
1417351,1,"Liga Nacional","Liga Endesa",-402534000,NA,"https://www.acb.com/Documentos/Cabeceras/logo-competicion-1b.png","https://www.acb.com/Documentos/Cabeceras/logo-competicion-4a.png",74,2009,107,NA,NA,2137,13644,NA,NA,TRUE,1536,1536,1858,"Blancos de Rueda Valladolid","Blancos Rueda","BRV",1530,1206,"Ayuda en Acción Fuenlabrada","AeA Fuenlabrada","FUE",1,83,12000,7,21,33.33,23,40,57.5,16,18,88.89,14,12,26,17,9,14,0,2,2,2,20,21,89,0,0,1,0,0,83,87,0,NA,0,0,0,0,0,0,0
1417378,1,"Liga Nacional","Liga Endesa",-402534000,NA,"https://www.acb.com/Documentos/Cabeceras/logo-competicion-1b.png","https://www.acb.com/Documentos/Cabeceras/logo-competicion-4a.png",74,2009,107,NA,NA,2137,13645,NA,NA,TRUE,1532,1532,13,"CB Granada","CB Granada","GRA",1526,238,"Caja Laboral","Caja Laboral","CLA",1,79,12000,9,19,47.37,20,40,50,12,16,75,19,7,26,11,10,15,0,3,4,2,24,20,72,0,0,1,0,0,79,85,0,NA,0,0,0,0,0,0,0
1417379,1,"Liga Nacional","Liga Endesa",-402534000,NA,"https://www.acb.com/Documentos/Cabeceras/logo-competicion-1b.png","https://www.acb.com/Documentos/Cabeceras/logo-competicion-4a.png",74,2009,107,NA,NA,2137,13645,NA,NA,FALSE,1526,1532,13,"CB Granada","CB Granada","GRA",1526,238,"Caja Laboral","Caja Laboral","CLA",1,85,12000,7,20,35,22,37,59.46,20,22,90.91,22,10,32,17,7,14,0,4,3,4,20,24,102,0,0,0,1,0,85,79,0,NA,0,0,0,0,0,0,0
1417218,1,"Liga Nacional","Liga Endesa",-402534000,NA,"https://www.acb.com/Documentos/Cabeceras/logo-competicion-1b.png","https://www.acb.com/Documentos/Cabeceras/logo-competicion-4a.png",74,2009,107,NA,NA,2137,13639,NA,NA,TRUE,1538,1538,979,"Power Electronics Valencia","Pow. Valencia","VBC",1537,914,"CB Murcia","CB Murcia","MUR",1,72,12000,4,19,21.05,24,43,55.81,12,17,70.59,30,13,43,10,7,14,0,7,0,2,21,24,89,0,0,0,1,0,72,67,0,NA,0,0,0,0,0,0,0
1417219,1,"Liga Nacional","Liga Endesa",-402534000,NA,"https://www.acb.com/Documentos/Cabeceras/logo-competicion-1b.png","https://www.acb.com/Documentos/Cabeceras/logo-competicion-4a.png",74,2009,107,NA,NA,2137,13639,NA,NA,FALSE,1537,1538,979,"Power Electronics Valencia","Pow. Valencia","VBC",1537,914,"CB Murcia","CB Murcia","MUR",1,67,12000,12,29,41.38,9,33,27.27,13,16,81.25,20,13,33,16,6,15,0,0,7,1,24,21,53,0,0,1,0,0,67,72,0,NA,0,0,0,0,0,0,0
1417298,1,"Liga Nacional","Liga Endesa",-402534000,NA,"https://www.acb.com/Documentos/Cabeceras/logo-competicion-1b.png","https://www.acb.com/Documentos/Cabeceras/logo-competicion-4a.png",74,2009,107,NA,NA,2137,13642,NA,NA,TRUE,1529,1529,477,"Asefa Estudiantes","Asefa Estu","ASE",1534,779,"Real Madrid","Real Madrid","RMB",1,82,13500,7,27,25.93,24,41,58.54,13,18,72.22,28,13,41,16,8,16,0,1,3,2,20,19,86,0,0,0,1,0,82,80,0,NA,0,0,0,0,0,0,0
1417299,1,"Liga Nacional","Liga Endesa",-402534000,NA,"https://www.acb.com/Documentos/Cabeceras/logo-competicion-1b.png","https://www.acb.com/Documentos/Cabeceras/logo-competicion-4a.png",74,2009,107,NA,NA,2137,13642,NA,NA,FALSE,1534,1529,477,"Asefa Estudiantes","Asefa Estu","ASE",1534,779,"Real Madrid","Real Madrid","RMB",1,80,13500,11,32,34.38,17,31,54.84,13,20,65,26,9,35,14,9,15,0,3,1,2,19,20,84,0,0,1,0,0,80,82,0,NA,0,0,0,0,0,0,0
1417406,1,"Liga Nacional","Liga Endesa",-402534000,NA,"https://www.acb.com/Documentos/Cabeceras/logo-competicion-1b.png","https://www.acb.com/Documentos/Cabeceras/logo-competicion-4a.png",74,2009,107,NA,NA,2138,13646,NA,NA,TRUE,1540,1540,1140,"Cajasol","Cajasol","CAJ",1535,876,"Suzuki Manresa","Suzuki Man.","MAN",1,62,12000,5,19,26,15,33,45,17,24,70,23,14,37,11,8,21,0,6,4,1,24,29,65,0,0,0,12,0,62,59,0,0,0,0,0,0,0,0,0
1417407,1,"Liga Nacional","Liga Endesa",-402534000,NA,"https://www.acb.com/Documentos/Cabeceras/logo-competicion-1b.png","https://www.acb.com/Documentos/Cabeceras/logo-competicion-4a.png",74,2009,107,NA,NA,2138,13646,NA,NA,FALSE,1535,1540,1140,"Cajasol","Cajasol","CAJ",1535,876,"Suzuki Manresa","Suzuki Man.","MAN",1,59,12000,4,17,23.53,14,35,40,19,24,79.17,21,13,34,11,14,18,0,4,6,0,29,24,54,0,0,1,0,0,59,62,0,NA,0,0,0,0,0,0,0
1417432,1,"Liga Nacional","Liga Endesa",-402534000,NA,"https://www.acb.com/Documentos/Cabeceras/logo-competicion-1b.png","https://www.acb.com/Documentos/Cabeceras/logo-competicion-4a.png",74,2009,107,NA,NA,2138,13647,NA,NA,TRUE,1534,1534,779,"Real Madrid","Real Madrid","RMB",1530,1206,"Ayuda en Acción Fuenlabrada","AeA Fuenlabrada","FUE",1,88,12000,10,23,43.48,21,40,52.5,16,20,80,20,8,28,18,11,8,0,1,3,2,20,18,97,0,0,0,1,0,88,72,0,NA,0,0,0,0,0,0,0
1417433,1,"Liga Nacional","Liga Endesa",-402534000,NA,"https://www.acb.com/Documentos/Cabeceras/logo-competicion-1b.png","https://www.acb.com/Documentos/Cabeceras/logo-competicion-4a.png",74,2009,107,NA,NA,2138,13647,NA,NA,FALSE,1530,1534,779,"Real Madrid","Real Madrid","RMB",1530,1206,"Ayuda en Acción Fuenlabrada","AeA Fuenlabrada","FUE",1,72,12000,8,19,42.11,13,27,48.15,22,25,88,21,6,27,10,2,21,0,3,1,0,18,20,66,0,0,1,0,0,72,88,0,NA,0,0,0,0,0,0,0
1417458,1,"Liga Nacional","Liga Endesa",-402534000,NA,"https://www.acb.com/Documentos/Cabeceras/logo-competicion-1b.png","https://www.acb.com/Documentos/Cabeceras/logo-competicion-4a.png",74,2009,107,NA,NA,2138,13648,NA,NA,TRUE,1531,1531,512,"Lagun Aro GBC","Lagun Aro GBC","GBC",1526,238,"Caja Laboral","Caja Laboral","CLA",1,83,12000,7,22,31.82,20,45,44.44,22,27,81.48,25,10,35,11,3,9,0,0,2,2,15,24,85,0,0,1,0,0,83,92,0,NA,0,0,0,0,0,0,0
1417459,1,"Liga Nacional","Liga Endesa",-402534000,NA,"https://www.acb.com/Documentos/Cabeceras/logo-competicion-1b.png","https://www.acb.com/Documentos/Cabeceras/logo-competicion-4a.png",74,2009,107,NA,NA,2138,13648,NA,NA,FALSE,1526,1531,512,"Lagun Aro GBC","Lagun Aro GBC","GBC",1526,238,"Caja Laboral","Caja Laboral","CLA",1,92,12000,10,22,45.45,28,46,60.87,6,7,85.71,31,5,36,26,5,11,0,2,0,1,24,15,110,0,0,0,1,0,92,83,0,NA,0,0,0,0,0,0,0
1417486,1,"Liga Nacional","Liga Endesa",-402534000,NA,"https://www.acb.com/Documentos/Cabeceras/logo-competicion-1b.png","https://www.acb.com/Documentos/Cabeceras/logo-competicion-4a.png",74,2009,107,NA,NA,2138,13649,NA,NA,TRUE,1539,1539,1080,"Unicaja","Unicaja","UNI",1532,13,"CB Granada","CB Granada","GRA",1,112,12000,13,21,61,30,44,68,13,18,72,21,5,26,22,6,7,0,4,1,1,24,16,127,0,0,0,12,0,112,87,0,0,0,0,0,0,0,0,0
1417487,1,"Liga Nacional","Liga Endesa",-402534000,NA,"https://www.acb.com/Documentos/Cabeceras/logo-competicion-1b.png","https://www.acb.com/Documentos/Cabeceras/logo-competicion-4a.png",74,2009,107,NA,NA,2138,13649,NA,NA,FALSE,1532,1539,1080,"Unicaja","Unicaja","UNI",1532,13,"CB Granada","CB Granada","GRA",1,87,12000,5,16,31.25,24,46,52.17,24,27,88.89,16,11,27,16,6,12,0,1,4,2,16,24,93,0,0,1,0,0,87,112,0,NA,0,0,0,0,0,0,0
1417513,1,"Liga Nacional","Liga Endesa",-402534000,NA,"https://www.acb.com/Documentos/Cabeceras/logo-competicion-1b.png","https://www.acb.com/Documentos/Cabeceras/logo-competicion-4a.png",74,2009,107,NA,NA,2138,13650,NA,NA,TRUE,1537,1537,914,"CB Murcia","CB Murcia","MUR",1536,1858,"Blancos de Rueda Valladolid","Blancos Rueda","BRV",1,96,13500,13,33,39.39,19,40,47.5,19,24,79.17,25,17,42,10,6,19,0,0,3,2,30,21,77,0,0,1,0,0,96,101,0,NA,0,0,0,0,0,0,0
1417514,1,"Liga Nacional","Liga Endesa",-402534000,NA,"https://www.acb.com/Documentos/Cabeceras/logo-competicion-1b.png","https://www.acb.com/Documentos/Cabeceras/logo-competicion-4a.png",74,2009,107,NA,NA,2138,13650,NA,NA,FALSE,1536,1537,914,"CB Murcia","CB Murcia","MUR",1536,1858,"Blancos de Rueda Valladolid","Blancos Rueda","BRV",1,101,13500,8,18,44.44,24,42,57.14,29,37,78.38,26,6,32,15,10,12,0,3,0,2,21,30,122,0,0,0,1,0,101,96,0,NA,0,0,0,0,0,0,0
1417567,1,"Liga Nacional","Liga Endesa",-402534000,NA,"https://www.acb.com/Documentos/Cabeceras/logo-competicion-1b.png","https://www.acb.com/Documentos/Cabeceras/logo-competicion-4a.png",74,2009,107,NA,NA,2138,13652,NA,NA,TRUE,1541,1541,1288,"Meridiano Alicante","Meridiano Ali.","ALI",1529,477,"Asefa Estudiantes","Asefa Estu","ASE",1,82,12000,13,26,50,18,34,52.94,7,8,87.5,22,10,32,16,8,15,0,2,0,1,19,13,89,0,0,0,1,0,82,60,0,NA,0,0,0,0,0,0,0
1417568,1,"Liga Nacional","Liga Endesa",-402534000,NA,"https://www.acb.com/Documentos/Cabeceras/logo-competicion-1b.png","https://www.acb.com/Documentos/Cabeceras/logo-competicion-4a.png",74,2009,107,NA,NA,2138,13652,NA,NA,FALSE,1529,1541,1288,"Meridiano Alicante","Meridiano Ali.","ALI",1529,477,"Asefa Estudiantes","Asefa Estu","ASE",1,60,12000,3,22,13.64,23,37,62.16,5,9,55.56,18,11,29,12,7,19,0,0,2,0,13,19,56,0,0,1,0,0,60,82,0,NA,0,0,0,0,0,0,0
1417595,1,"Liga Nacional","Liga Endesa",-402534000,NA,"https://www.acb.com/Documentos/Cabeceras/logo-competicion-1b.png","https://www.acb.com/Documentos/Cabeceras/logo-competicion-4a.png",74,2009,107,NA,NA,2138,13653,NA,NA,FALSE,1533,1542,1686,"Xacobeo Blu:Sens Obradoiro","Xacobeo Obra","OBR",1533,643,"DKV Joventut","DKV Joventut","DKV",1,90,12000,15,34,44.12,19,30,63.33,7,8,87.5,8,13,21,15,5,10,0,2,0,1,19,16,89,0,0,1,0,0,90,106,0,NA,0,0,0,0,0,0,0
1417594,1,"Liga Nacional","Liga Endesa",-402534000,NA,"https://www.acb.com/Documentos/Cabeceras/logo-competicion-1b.png","https://www.acb.com/Documentos/Cabeceras/logo-competicion-4a.png",74,2009,107,NA,NA,2138,13653,NA,NA,TRUE,1542,1542,1686,"Xacobeo Blu:Sens Obradoiro","Xacobeo Obra","OBR",1533,643,"DKV Joventut","DKV Joventut","DKV",1,106,12000,14,23,60.87,24,36,66.67,16,21,76.19,17,9,26,21,5,10,0,0,2,4,16,19,123,0,0,0,1,0,106,90,0,NA,0,0,0,0,0,0,0
1417621,1,"Liga Nacional","Liga Endesa",-402534000,NA,"https://www.acb.com/Documentos/Cabeceras/logo-competicion-1b.png","https://www.acb.com/Documentos/Cabeceras/logo-competicion-4a.png",74,2009,107,NA,NA,2138,13654,NA,NA,FALSE,1528,1538,979,"Power Electronics Valencia","Pow. Valencia","VBC",1528,350,"Gran Canaria 2014","G. Canaria 2014","GCA",1,72,12000,4,20,20,26,44,59.09,8,12,66.67,16,10,26,15,11,16,0,2,4,1,28,16,56,0,0,1,0,0,72,89,0,NA,0,0,0,0,0,0,0
1417620,1,"Liga Nacional","Liga Endesa",-402534000,NA,"https://www.acb.com/Documentos/Cabeceras/logo-competicion-1b.png","https://www.acb.com/Documentos/Cabeceras/logo-competicion-4a.png",74,2009,107,NA,NA,2138,13654,NA,NA,TRUE,1538,1538,979,"Power Electronics Valencia","Pow. Valencia","VBC",1528,350,"Gran Canaria 2014","G. Canaria 2014","GCA",1,89,12000,8,19,42.11,20,32,62.5,25,31,80.65,25,8,33,14,11,21,0,4,2,2,16,28,111,0,0,0,1,0,89,72,0,NA,0,0,0,0,0,0,0
1417540,1,"Liga Nacional","Liga Endesa",-402534000,NA,"https://www.acb.com/Documentos/Cabeceras/logo-competicion-1b.png","https://www.acb.com/Documentos/Cabeceras/logo-competicion-4a.png",74,2009,107,NA,NA,2138,13651,NA,NA,FALSE,1525,1527,290,"Bizkaia Bilbao Basket","Bizkaia Bilbao","BBB",1525,123,"Regal FC Barcelona","Regal FCB","FCB",1,87,12000,12,20,60,19,31,61.29,13,16,81.25,22,6,28,19,9,14,0,2,1,3,18,16,105,0,0,0,1,0,87,65,0,NA,0,0,0,0,0,0,0
1417539,1,"Liga Nacional","Liga Endesa",-402534000,NA,"https://www.acb.com/Documentos/Cabeceras/logo-competicion-1b.png","https://www.acb.com/Documentos/Cabeceras/logo-competicion-4a.png",74,2009,107,NA,NA,2138,13651,NA,NA,TRUE,1527,1527,290,"Bizkaia Bilbao Basket","Bizkaia Bilbao","BBB",1525,123,"Regal FC Barcelona","Regal FCB","FCB",1,65,12000,5,19,26.32,18,35,51.43,14,16,87.5,16,8,24,10,12,11,0,1,2,1,16,18,68,0,0,1,0,0,65,87,0,NA,0,0,0,0,0,0,0
1417837,1,"Liga Nacional","Liga Endesa",-402534000,NA,"https://www.acb.com/Documentos/Cabeceras/logo-competicion-1b.png","https://www.acb.com/Documentos/Cabeceras/logo-competicion-4a.png",74,2009,107,NA,NA,2139,13662,NA,NA,FALSE,1531,1530,1206,"Ayuda en Acción Fuenlabrada","AeA Fuenlabrada","FUE",1531,512,"Lagun Aro GBC","Lagun Aro GBC","GBC",1,70,12000,6,22,27.27,12,28,42.86,28,38,73.68,30,9,39,8,4,16,0,3,4,2,20,29,71,0,0,1,0,0,70,86,0,NA,0,0,0,0,0,0,0
1417836,1,"Liga Nacional","Liga Endesa",-402534000,NA,"https://www.acb.com/Documentos/Cabeceras/logo-competicion-1b.png","https://www.acb.com/Documentos/Cabeceras/logo-competicion-4a.png",74,2009,107,NA,NA,2139,13662,NA,NA,TRUE,1530,1530,1206,"Ayuda en Acción Fuenlabrada","AeA Fuenlabrada","FUE",1531,512,"Lagun Aro GBC","Lagun Aro GBC","GBC",1,86,12000,17,37,45.95,11,28,39.29,13,17,76.47,26,6,32,11,7,10,0,4,3,0,29,20,77,0,0,0,1,0,86,70,0,NA,0,0,0,0,0,0,0
1417647,1,"Liga Nacional","Liga Endesa",-402534000,NA,"https://www.acb.com/Documentos/Cabeceras/logo-competicion-1b.png","https://www.acb.com/Documentos/Cabeceras/logo-competicion-4a.png",74,2009,107,NA,NA,2139,13655,NA,NA,TRUE,1528,1528,350,"Gran Canaria 2014","G. Canaria 2014","GCA",1540,1140,"Cajasol","Cajasol","CAJ",1,55,12000,4,19,21.05,17,38,44.74,9,11,81.82,30,11,41,12,6,11,0,4,3,1,15,14,65,0,0,0,1,0,55,52,0,NA,0,0,0,0,0,0,0
1417648,1,"Liga Nacional","Liga Endesa",-402534000,NA,"https://www.acb.com/Documentos/Cabeceras/logo-competicion-1b.png","https://www.acb.com/Documentos/Cabeceras/logo-competicion-4a.png",74,2009,107,NA,NA,2139,13655,NA,NA,FALSE,1540,1528,350,"Gran Canaria 2014","G. Canaria 2014","GCA",1540,1140,"Cajasol","Cajasol","CAJ",1,52,12000,9,27,33.33,11,31,35.48,3,5,60,25,7,32,15,8,10,0,3,4,2,14,15,57,0,0,1,0,0,52,55,0,NA,0,0,0,0,0,0,0
1417703,1,"Liga Nacional","Liga Endesa",-402534000,NA,"https://www.acb.com/Documentos/Cabeceras/logo-competicion-1b.png","https://www.acb.com/Documentos/Cabeceras/logo-competicion-4a.png",74,2009,107,NA,NA,2139,13657,NA,NA,FALSE,1542,1529,477,"Asefa Estudiantes","Asefa Estu","ASE",1542,1686,"Xacobeo Blu:Sens Obradoiro","Xacobeo Obra","OBR",1,66,12000,8,25,32,14,35,40,14,14,100,18,14,32,12,9,18,0,3,4,2,26,19,55,0,0,1,0,0,66,90,0,NA,0,0,0,0,0,0,0
1417702,1,"Liga Nacional","Liga Endesa",-402534000,NA,"https://www.acb.com/Documentos/Cabeceras/logo-competicion-1b.png","https://www.acb.com/Documentos/Cabeceras/logo-competicion-4a.png",74,2009,107,NA,NA,2139,13657,NA,NA,TRUE,1529,1529,477,"Asefa Estudiantes","Asefa Estu","ASE",1542,1686,"Xacobeo Blu:Sens Obradoiro","Xacobeo Obra","OBR",1,90,12000,8,19,42.11,21,43,48.84,24,31,77.42,25,14,39,17,7,12,0,4,3,2,19,26,109,0,0,0,1,0,90,66,0,NA,0,0,0,0,0,0,0
1417728,1,"Liga Nacional","Liga Endesa",-402534000,NA,"https://www.acb.com/Documentos/Cabeceras/logo-competicion-1b.png","https://www.acb.com/Documentos/Cabeceras/logo-competicion-4a.png",74,2009,107,NA,NA,2139,13658,NA,NA,TRUE,1525,1525,123,"Regal FC Barcelona","Regal FCB","FCB",1541,1288,"Meridiano Alicante","Meridiano Ali.","ALI",1,114,12000,16,30,53.33,23,36,63.89,20,26,76.92,25,10,35,29,13,7,0,5,1,5,12,20,163,0,0,0,1,0,114,72,0,NA,0,0,0,0,0,0,0
1417729,1,"Liga Nacional","Liga Endesa",-402534000,NA,"https://www.acb.com/Documentos/Cabeceras/logo-competicion-1b.png","https://www.acb.com/Documentos/Cabeceras/logo-competicion-4a.png",74,2009,107,NA,NA,2139,13658,NA,NA,FALSE,1541,1525,123,"Regal FC Barcelona","Regal FCB","FCB",1541,1288,"Meridiano Alicante","Meridiano Ali.","ALI",1,72,12000,9,17,52.94,20,39,51.28,5,7,71.43,19,3,22,12,3,18,0,1,5,1,20,12,50,0,0,1,0,0,72,114,0,NA,0,0,0,0,0,0,0
1417783,1,"Liga Nacional","Liga Endesa",-402534000,NA,"https://www.acb.com/Documentos/Cabeceras/logo-competicion-1b.png","https://www.acb.com/Documentos/Cabeceras/logo-competicion-4a.png",74,2009,107,NA,NA,2139,13660,NA,NA,FALSE,1537,1532,13,"CB Granada","CB Granada","GRA",1537,914,"CB Murcia","CB Murcia","MUR",1,76,12000,6,27,22.22,21,35,60,16,21,76.19,21,11,32,11,6,10,0,2,3,2,21,21,74,0,0,1,0,0,76,79,0,NA,0,0,0,0,0,0,0
1417782,1,"Liga Nacional","Liga Endesa",-402534000,NA,"https://www.acb.com/Documentos/Cabeceras/logo-competicion-1b.png","https://www.acb.com/Documentos/Cabeceras/logo-competicion-4a.png",74,2009,107,NA,NA,2139,13660,NA,NA,TRUE,1532,1532,13,"CB Granada","CB Granada","GRA",1537,914,"CB Murcia","CB Murcia","MUR",1,79,12000,6,21,28.57,20,35,57.14,21,22,95.45,23,8,31,17,5,12,0,3,2,2,21,21,90,0,0,0,1,0,79,76,0,NA,0,0,0,0,0,0,0
1417811,1,"Liga Nacional","Liga Endesa",-402534000,NA,"https://www.acb.com/Documentos/Cabeceras/logo-competicion-1b.png","https://www.acb.com/Documentos/Cabeceras/logo-competicion-4a.png",74,2009,107,NA,NA,2139,13661,NA,NA,FALSE,1539,1526,238,"Caja Laboral","Caja Laboral","CLA",1539,1080,"Unicaja","Unicaja","UNI",1,71,12000,5,21,23,23,45,51,10,18,55,21,10,31,16,9,12,0,1,4,2,19,16,63,0,0,12,0,0,71,86,0,0,0,0,0,0,0,0,0
1417810,1,"Liga Nacional","Liga Endesa",-402534000,NA,"https://www.acb.com/Documentos/Cabeceras/logo-competicion-1b.png","https://www.acb.com/Documentos/Cabeceras/logo-competicion-4a.png",74,2009,107,NA,NA,2139,13661,NA,NA,TRUE,1526,1526,238,"Caja Laboral","Caja Laboral","CLA",1539,1080,"Unicaja","Unicaja","UNI",1,86,12000,8,20,40,23,38,60.53,16,19,84.21,31,5,36,18,5,15,0,4,1,4,16,19,106,0,0,0,1,0,86,71,0,NA,0,0,0,0,0,0,0
1417674,1,"Liga Nacional","Liga Endesa",-402534000,NA,"https://www.acb.com/Documentos/Cabeceras/logo-competicion-1b.png","https://www.acb.com/Documentos/Cabeceras/logo-competicion-4a.png",74,2009,107,NA,NA,2139,13656,NA,NA,TRUE,1533,1533,643,"DKV Joventut","DKV Joventut","DKV",1538,979,"Power Electronics Valencia","Pow. Valencia","VBC",1,80,12000,10,22,45.45,19,40,47.5,12,15,80,20,14,34,18,11,14,0,3,0,0,23,21,94,0,0,0,1,0,80,69,0,NA,0,0,0,0,0,0,0
1417675,1,"Liga Nacional","Liga Endesa",-402534000,NA,"https://www.acb.com/Documentos/Cabeceras/logo-competicion-1b.png","https://www.acb.com/Documentos/Cabeceras/logo-competicion-4a.png",74,2009,107,NA,NA,2139,13656,NA,NA,FALSE,1538,1533,643,"DKV Joventut","DKV Joventut","DKV",1538,979,"Power Electronics Valencia","Pow. Valencia","VBC",1,69,12000,5,14,35.71,16,34,47.06,22,26,84.62,19,6,25,12,10,18,0,0,3,2,21,23,66,0,0,1,0,0,69,80,0,NA,0,0,0,0,0,0,0
1417754,1,"Liga Nacional","Liga Endesa",-402534000,NA,"https://www.acb.com/Documentos/Cabeceras/logo-competicion-1b.png","https://www.acb.com/Documentos/Cabeceras/logo-competicion-4a.png",74,2009,107,NA,NA,2139,13659,NA,NA,TRUE,1536,1536,1858,"Blancos de Rueda Valladolid","Blancos Rueda","BRV",1527,290,"Bizkaia Bilbao Basket","Bizkaia Bilbao","BBB",1,93,12000,13,20,65,24,39,61.54,6,11,54.55,20,6,26,23,9,14,0,5,2,4,17,19,115,0,0,0,1,0,93,81,0,NA,0,0,0,0,0,0,0
1417755,1,"Liga Nacional","Liga Endesa",-402534000,NA,"https://www.acb.com/Documentos/Cabeceras/logo-competicion-1b.png","https://www.acb.com/Documentos/Cabeceras/logo-competicion-4a.png",74,2009,107,NA,NA,2139,13659,NA,NA,FALSE,1527,1536,1858,"Blancos de Rueda Valladolid","Blancos Rueda","BRV",1527,290,"Bizkaia Bilbao Basket","Bizkaia Bilbao","BBB",1,81,12000,9,22,40.91,20,39,51.28,14,16,87.5,17,10,27,19,8,14,0,2,5,0,19,17,82,0,0,1,0,0,81,93,0,NA,0,0,0,0,0,0,0
1417864,1,"Liga Nacional","Liga Endesa",-402534000,NA,"https://www.acb.com/Documentos/Cabeceras/logo-competicion-1b.png","https://www.acb.com/Documentos/Cabeceras/logo-competicion-4a.png",74,2009,107,NA,NA,2139,13663,NA,NA,FALSE,1534,1535,876,"Suzuki Manresa","Suzuki Man.","MAN",1534,779,"Real Madrid","Real Madrid","RMB",1,90,12000,8,18,44.44,25,37,67.57,16,21,76.19,22,12,34,21,6,14,0,4,1,1,25,21,109,0,0,0,1,0,90,76,0,NA,0,0,0,0,0,0,0
1417863,1,"Liga Nacional","Liga Endesa",-402534000,NA,"https://www.acb.com/Documentos/Cabeceras/logo-competicion-1b.png","https://www.acb.com/Documentos/Cabeceras/logo-competicion-4a.png",74,2009,107,NA,NA,2139,13663,NA,NA,TRUE,1535,1535,876,"Suzuki Manresa","Suzuki Man.","MAN",1534,779,"Real Madrid","Real Madrid","RMB",1,76,12000,6,23,26.09,17,34,50,24,26,92.31,11,10,21,11,7,10,0,1,4,1,21,25,70,0,0,1,0,0,76,90,0,NA,0,0,0,0,0,0,0
1418106,1,"Liga Nacional","Liga Endesa",-402534000,NA,"https://www.acb.com/Documentos/Cabeceras/logo-competicion-1b.png","https://www.acb.com/Documentos/Cabeceras/logo-competicion-4a.png",74,2009,107,NA,NA,2140,13672,NA,NA,TRUE,1533,1533,643,"DKV Joventut","DKV Joventut","DKV",1528,350,"Gran Canaria 2014","G. Canaria 2014","GCA",1,79,12000,12,29,41.38,15,35,42.86,13,15,86.67,19,13,32,15,6,11,0,3,2,4,21,17,79,0,0,1,0,0,79,89,0,NA,0,0,0,0,0,0,0
1418107,1,"Liga Nacional","Liga Endesa",-402534000,NA,"https://www.acb.com/Documentos/Cabeceras/logo-competicion-1b.png","https://www.acb.com/Documentos/Cabeceras/logo-competicion-4a.png",74,2009,107,NA,NA,2140,13672,NA,NA,FALSE,1528,1533,643,"DKV Joventut","DKV Joventut","DKV",1528,350,"Gran Canaria 2014","G. Canaria 2014","GCA",1,89,12000,7,16,43.75,24,48,50,20,22,90.91,23,13,36,15,7,10,0,2,3,2,17,21,105,0,0,0,1,0,89,79,0,NA,0,0,0,0,0,0,0
1417917,1,"Liga Nacional","Liga Endesa",-402534000,NA,"https://www.acb.com/Documentos/Cabeceras/logo-competicion-1b.png","https://www.acb.com/Documentos/Cabeceras/logo-competicion-4a.png",74,2009,107,NA,NA,2140,13665,NA,NA,TRUE,1535,1535,876,"Suzuki Manresa","Suzuki Man.","MAN",1531,512,"Lagun Aro GBC","Lagun Aro GBC","GBC",1,69,12000,9,28,32.14,14,27,51.85,14,18,77.78,27,11,38,16,10,17,0,1,2,2,22,23,80,0,0,0,1,0,69,57,0,NA,0,0,0,0,0,0,0
1417918,1,"Liga Nacional","Liga Endesa",-402534000,NA,"https://www.acb.com/Documentos/Cabeceras/logo-competicion-1b.png","https://www.acb.com/Documentos/Cabeceras/logo-competicion-4a.png",74,2009,107,NA,NA,2140,13665,NA,NA,FALSE,1531,1535,876,"Suzuki Manresa","Suzuki Man.","MAN",1531,512,"Lagun Aro GBC","Lagun Aro GBC","GBC",1,57,12000,4,21,19.05,12,33,36.36,21,29,72.41,24,12,36,11,11,16,0,2,1,1,23,22,53,0,0,1,0,0,57,69,0,NA,0,0,0,0,0,0,0
1417944,1,"Liga Nacional","Liga Endesa",-402534000,NA,"https://www.acb.com/Documentos/Cabeceras/logo-competicion-1b.png","https://www.acb.com/Documentos/Cabeceras/logo-competicion-4a.png",74,2009,107,NA,NA,2140,13666,NA,NA,FALSE,1539,1530,1206,"Ayuda en Acción Fuenlabrada","AeA Fuenlabrada","FUE",1539,1080,"Unicaja","Unicaja","UNI",1,86,12000,9,21,42.86,21,42,50,17,21,80.95,23,13,36,16,10,15,0,3,5,1,23,20,91,0,0,0,1,0,86,81,0,NA,0,0,0,0,0,0,0
1417943,1,"Liga Nacional","Liga Endesa",-402534000,NA,"https://www.acb.com/Documentos/Cabeceras/logo-competicion-1b.png","https://www.acb.com/Documentos/Cabeceras/logo-competicion-4a.png",74,2009,107,NA,NA,2140,13666,NA,NA,TRUE,1530,1530,1206,"Ayuda en Acción Fuenlabrada","AeA Fuenlabrada","FUE",1539,1080,"Unicaja","Unicaja","UNI",1,81,12000,10,27,37.04,16,33,48.48,19,24,79.17,21,11,32,9,6,15,0,5,3,1,20,23,79,0,0,1,0,0,81,86,0,NA,0,0,0,0,0,0,0
1417971,1,"Liga Nacional","Liga Endesa",-402534000,NA,"https://www.acb.com/Documentos/Cabeceras/logo-competicion-1b.png","https://www.acb.com/Documentos/Cabeceras/logo-competicion-4a.png",74,2009,107,NA,NA,2140,13667,NA,NA,TRUE,1526,1526,238,"Caja Laboral","Caja Laboral","CLA",1537,914,"CB Murcia","CB Murcia","MUR",1,78,12000,7,17,41.18,22,43,51.16,13,17,76.47,25,11,36,17,6,17,0,0,0,2,20,22,87,0,0,0,1,0,78,64,0,NA,0,0,0,0,0,0,0
1417972,1,"Liga Nacional","Liga Endesa",-402534000,NA,"https://www.acb.com/Documentos/Cabeceras/logo-competicion-1b.png","https://www.acb.com/Documentos/Cabeceras/logo-competicion-4a.png",74,2009,107,NA,NA,2140,13667,NA,NA,FALSE,1537,1526,238,"Caja Laboral","Caja Laboral","CLA",1537,914,"CB Murcia","CB Murcia","MUR",1,64,12000,6,21,28.57,18,36,50,10,18,55.56,19,9,28,6,10,16,0,0,0,1,22,20,49,0,0,1,0,0,64,78,0,NA,0,0,0,0,0,0,0
1417998,1,"Liga Nacional","Liga Endesa",-402534000,NA,"https://www.acb.com/Documentos/Cabeceras/logo-competicion-1b.png","https://www.acb.com/Documentos/Cabeceras/logo-competicion-4a.png",74,2009,107,NA,NA,2140,13668,NA,NA,TRUE,1532,1532,13,"CB Granada","CB Granada","GRA",1527,290,"Bizkaia Bilbao Basket","Bizkaia Bilbao","BBB",1,66,12000,8,21,38.1,10,26,38.46,22,27,81.48,17,5,22,11,6,16,0,3,2,1,28,27,55,0,0,1,0,0,66,78,0,NA,0,0,0,0,0,0,0
1417999,1,"Liga Nacional","Liga Endesa",-402534000,NA,"https://www.acb.com/Documentos/Cabeceras/logo-competicion-1b.png","https://www.acb.com/Documentos/Cabeceras/logo-competicion-4a.png",74,2009,107,NA,NA,2140,13668,NA,NA,FALSE,1527,1532,13,"CB Granada","CB Granada","GRA",1527,290,"Bizkaia Bilbao Basket","Bizkaia Bilbao","BBB",1,78,12000,3,13,23.08,21,36,58.33,27,31,87.1,22,8,30,16,11,13,0,2,3,0,27,28,93,0,0,0,1,0,78,66,0,NA,0,0,0,0,0,0,0
1418052,1,"Liga Nacional","Liga Endesa",-402534000,NA,"https://www.acb.com/Documentos/Cabeceras/logo-competicion-1b.png","https://www.acb.com/Documentos/Cabeceras/logo-competicion-4a.png",74,2009,107,NA,NA,2140,13670,NA,NA,TRUE,1525,1525,123,"Regal FC Barcelona","Regal FCB","FCB",1542,1686,"Xacobeo Blu:Sens Obradoiro","Xacobeo Obra","OBR",1,103,12000,13,26,50,25,36,69.44,14,17,82.35,19,10,29,23,8,11,0,1,0,4,24,19,121,0,0,0,1,0,103,82,0,NA,0,0,0,0,0,0,0
1418053,1,"Liga Nacional","Liga Endesa",-402534000,NA,"https://www.acb.com/Documentos/Cabeceras/logo-competicion-1b.png","https://www.acb.com/Documentos/Cabeceras/logo-competicion-4a.png",74,2009,107,NA,NA,2140,13670,NA,NA,FALSE,1542,1525,123,"Regal FC Barcelona","Regal FCB","FCB",1542,1686,"Xacobeo Blu:Sens Obradoiro","Xacobeo Obra","OBR",1,82,12000,6,18,33.33,20,35,57.14,24,26,92.31,16,7,23,14,5,12,0,0,1,1,19,24,87,0,0,1,0,0,82,103,0,NA,0,0,0,0,0,0,0
1418025,1,"Liga Nacional","Liga Endesa",-402534000,NA,"https://www.acb.com/Documentos/Cabeceras/logo-competicion-1b.png","https://www.acb.com/Documentos/Cabeceras/logo-competicion-4a.png",74,2009,107,NA,NA,2140,13669,NA,NA,FALSE,1541,1536,1858,"Blancos de Rueda Valladolid","Blancos Rueda","BRV",1541,1288,"Meridiano Alicante","Meridiano Ali.","ALI",1,64,12000,9,23,39.13,13,31,41.94,11,12,91.67,22,10,32,11,3,17,0,0,4,2,18,17,55,0,0,1,0,0,64,81,0,NA,0,0,0,0,0,0,0
1418024,1,"Liga Nacional","Liga Endesa",-402534000,NA,"https://www.acb.com/Documentos/Cabeceras/logo-competicion-1b.png","https://www.acb.com/Documentos/Cabeceras/logo-competicion-4a.png",74,2009,107,NA,NA,2140,13669,NA,NA,TRUE,1536,1536,1858,"Blancos de Rueda Valladolid","Blancos Rueda","BRV",1541,1288,"Meridiano Alicante","Meridiano Ali.","ALI",1,81,12000,12,25,48,19,34,55.88,7,9,77.78,22,6,28,12,9,10,0,4,0,1,17,18,95,0,0,0,1,0,81,64,0,NA,0,0,0,0,0,0,0
1418079,1,"Liga Nacional","Liga Endesa",-402534000,NA,"https://www.acb.com/Documentos/Cabeceras/logo-competicion-1b.png","https://www.acb.com/Documentos/Cabeceras/logo-competicion-4a.png",74,2009,107,NA,NA,2140,13671,NA,NA,TRUE,1529,1529,477,"Asefa Estudiantes","Asefa Estu","ASE",1538,979,"Power Electronics Valencia","Pow. Valencia","VBC",1,88,12000,9,22,40.91,22,38,57.89,17,21,80.95,24,7,31,11,8,8,0,1,2,1,26,20,90,0,0,0,1,0,88,76,0,NA,0,0,0,0,0,0,0
1418080,1,"Liga Nacional","Liga Endesa",-402534000,NA,"https://www.acb.com/Documentos/Cabeceras/logo-competicion-1b.png","https://www.acb.com/Documentos/Cabeceras/logo-competicion-4a.png",74,2009,107,NA,NA,2140,13671,NA,NA,FALSE,1538,1529,477,"Asefa Estudiantes","Asefa Estu","ASE",1538,979,"Power Electronics Valencia","Pow. Valencia","VBC",1,76,12000,12,30,40,8,29,27.59,24,33,72.73,23,15,38,12,2,14,0,2,1,1,20,26,73,0,0,1,0,0,76,88,0,NA,0,0,0,0,0,0,0
1417891,1,"Liga Nacional","Liga Endesa",-402534000,NA,"https://www.acb.com/Documentos/Cabeceras/logo-competicion-1b.png","https://www.acb.com/Documentos/Cabeceras/logo-competicion-4a.png",74,2009,107,NA,NA,2140,13664,NA,NA,TRUE,1534,1534,779,"Real Madrid","Real Madrid","RMB",1540,1140,"Cajasol","Cajasol","CAJ",1,81,12000,5,18,27.78,28,41,68.29,10,14,71.43,23,6,29,23,14,13,0,4,3,3,17,20,108,0,0,0,1,0,81,61,0,NA,0,0,0,0,0,0,0
1417892,1,"Liga Nacional","Liga Endesa",-402534000,NA,"https://www.acb.com/Documentos/Cabeceras/logo-competicion-1b.png","https://www.acb.com/Documentos/Cabeceras/logo-competicion-4a.png",74,2009,107,NA,NA,2140,13664,NA,NA,FALSE,1540,1534,779,"Real Madrid","Real Madrid","RMB",1540,1140,"Cajasol","Cajasol","CAJ",1,61,12000,6,23,26,18,39,46,7,7,100,17,13,30,12,7,21,0,3,4,1,20,17,47,0,0,13,0,0,61,81,0,0,0,0,0,0,0,0,0
1418134,1,"Liga Nacional","Liga Endesa",-402534000,NA,"https://www.acb.com/Documentos/Cabeceras/logo-competicion-1b.png","https://www.acb.com/Documentos/Cabeceras/logo-competicion-4a.png",74,2009,107,NA,NA,2141,13673,NA,NA,FALSE,1533,1540,1140,"Cajasol","Cajasol","CAJ",1533,643,"DKV Joventut","DKV Joventut","DKV",1,59,12000,10,24,41.67,12,24,50,5,6,83.33,22,11,33,10,4,21,0,4,1,3,20,17,58,0,0,1,0,0,59,72,0,NA,0,0,0,0,0,0,0
1418133,1,"Liga Nacional","Liga Endesa",-402534000,NA,"https://www.acb.com/Documentos/Cabeceras/logo-competicion-1b.png","https://www.acb.com/Documentos/Cabeceras/logo-competicion-4a.png",74,2009,107,NA,NA,2141,13673,NA,NA,TRUE,1540,1540,1140,"Cajasol","Cajasol","CAJ",1533,643,"DKV Joventut","DKV Joventut","DKV",1,72,12000,10,23,43.48,12,31,38.71,18,25,72,14,13,27,16,18,10,0,1,4,2,17,20,84,0,0,0,1,0,72,59,0,NA,0,0,0,0,0,0,0
1418241,1,"Liga Nacional","Liga Endesa",-402534000,NA,"https://www.acb.com/Documentos/Cabeceras/logo-competicion-1b.png","https://www.acb.com/Documentos/Cabeceras/logo-competicion-4a.png",74,2009,107,NA,NA,2141,13677,NA,NA,TRUE,1541,1541,1288,"Meridiano Alicante","Meridiano Ali.","ALI",1532,13,"CB Granada","CB Granada","GRA",1,80,12000,7,27,25.93,22,36,61.11,15,18,83.33,24,7,31,19,10,14,0,3,3,0,29,21,81,0,0,0,1,0,80,74,0,NA,0,0,0,0,0,0,0
1418242,1,"Liga Nacional","Liga Endesa",-402534000,NA,"https://www.acb.com/Documentos/Cabeceras/logo-competicion-1b.png","https://www.acb.com/Documentos/Cabeceras/logo-competicion-4a.png",74,2009,107,NA,NA,2141,13677,NA,NA,FALSE,1532,1541,1288,"Meridiano Alicante","Meridiano Ali.","ALI",1532,13,"CB Granada","CB Granada","GRA",1,74,12000,7,23,30.43,14,35,40,25,32,78.12,25,13,38,6,5,19,0,3,3,0,21,29,68,0,0,1,0,0,74,80,0,NA,0,0,0,0,0,0,0
1418266,1,"Liga Nacional","Liga Endesa",-402534000,NA,"https://www.acb.com/Documentos/Cabeceras/logo-competicion-1b.png","https://www.acb.com/Documentos/Cabeceras/logo-competicion-4a.png",74,2009,107,NA,NA,2141,13678,NA,NA,TRUE,1527,1527,290,"Bizkaia Bilbao Basket","Bizkaia Bilbao","BBB",1526,238,"Caja Laboral","Caja Laboral","CLA",1,71,12000,4,13,30.77,23,47,48.94,13,15,86.67,16,10,26,12,8,15,0,3,3,1,23,14,58,0,0,1,0,0,71,86,0,NA,0,0,0,0,0,0,0
1418267,1,"Liga Nacional","Liga Endesa",-402534000,NA,"https://www.acb.com/Documentos/Cabeceras/logo-competicion-1b.png","https://www.acb.com/Documentos/Cabeceras/logo-competicion-4a.png",74,2009,107,NA,NA,2141,13678,NA,NA,FALSE,1526,1527,290,"Bizkaia Bilbao Basket","Bizkaia Bilbao","BBB",1526,238,"Caja Laboral","Caja Laboral","CLA",1,86,12000,10,17,58.82,19,29,65.52,18,27,66.67,22,3,25,15,10,13,0,3,3,3,14,23,106,0,0,0,1,0,86,71,0,NA,0,0,0,0,0,0,0
1418293,1,"Liga Nacional","Liga Endesa",-402534000,NA,"https://www.acb.com/Documentos/Cabeceras/logo-competicion-1b.png","https://www.acb.com/Documentos/Cabeceras/logo-competicion-4a.png",74,2009,107,NA,NA,2141,13679,NA,NA,TRUE,1537,1537,914,"CB Murcia","CB Murcia","MUR",1530,1206,"Ayuda en Acción Fuenlabrada","AeA Fuenlabrada","FUE",1,98,12000,11,24,45.83,24,35,68.57,17,20,85,27,9,36,11,6,13,0,1,0,0,20,25,117,0,0,0,1,0,98,71,0,NA,0,0,0,0,0,0,0
1418294,1,"Liga Nacional","Liga Endesa",-402534000,NA,"https://www.acb.com/Documentos/Cabeceras/logo-competicion-1b.png","https://www.acb.com/Documentos/Cabeceras/logo-competicion-4a.png",74,2009,107,NA,NA,2141,13679,NA,NA,FALSE,1530,1537,914,"CB Murcia","CB Murcia","MUR",1530,1206,"Ayuda en Acción Fuenlabrada","AeA Fuenlabrada","FUE",1,71,12000,7,25,28,17,25,68,16,24,66.67,16,3,19,12,8,13,0,0,1,0,25,20,57,0,0,1,0,0,71,98,0,NA,0,0,0,0,0,0,0
1418345,1,"Liga Nacional","Liga Endesa",-402534000,NA,"https://www.acb.com/Documentos/Cabeceras/logo-competicion-1b.png","https://www.acb.com/Documentos/Cabeceras/logo-competicion-4a.png",74,2009,107,NA,NA,2141,13681,NA,NA,TRUE,1531,1531,512,"Lagun Aro GBC","Lagun Aro GBC","GBC",1534,779,"Real Madrid","Real Madrid","RMB",1,72,12000,8,23,34.78,14,30,46.67,20,28,71.43,21,7,28,12,2,13,0,1,2,1,22,28,67,0,0,1,0,0,72,96,0,NA,0,0,0,0,0,0,0
1418346,1,"Liga Nacional","Liga Endesa",-402534000,NA,"https://www.acb.com/Documentos/Cabeceras/logo-competicion-1b.png","https://www.acb.com/Documentos/Cabeceras/logo-competicion-4a.png",74,2009,107,NA,NA,2141,13681,NA,NA,FALSE,1534,1531,512,"Lagun Aro GBC","Lagun Aro GBC","GBC",1534,779,"Real Madrid","Real Madrid","RMB",1,96,12000,6,12,50,28,45,62.22,22,26,84.62,27,6,33,22,8,8,0,2,1,0,28,22,119,0,0,0,1,0,96,72,0,NA,0,0,0,0,0,0,0
1418214,1,"Liga Nacional","Liga Endesa",-402534000,NA,"https://www.acb.com/Documentos/Cabeceras/logo-competicion-1b.png","https://www.acb.com/Documentos/Cabeceras/logo-competicion-4a.png",74,2009,107,NA,NA,2141,13676,NA,NA,TRUE,1542,1542,1686,"Xacobeo Blu:Sens Obradoiro","Xacobeo Obra","OBR",1536,1858,"Blancos de Rueda Valladolid","Blancos Rueda","BRV",1,78,12000,10,29,34.48,17,32,53.12,14,19,73.68,17,11,28,11,8,17,0,4,0,0,23,19,69,0,0,1,0,0,78,80,0,NA,0,0,0,0,0,0,0
1418215,1,"Liga Nacional","Liga Endesa",-402534000,NA,"https://www.acb.com/Documentos/Cabeceras/logo-competicion-1b.png","https://www.acb.com/Documentos/Cabeceras/logo-competicion-4a.png",74,2009,107,NA,NA,2141,13676,NA,NA,FALSE,1536,1542,1686,"Xacobeo Blu:Sens Obradoiro","Xacobeo Obra","OBR",1536,1858,"Blancos de Rueda Valladolid","Blancos Rueda","BRV",1,80,12000,9,15,60,21,40,52.5,11,14,78.57,22,10,32,7,8,23,0,0,4,2,19,23,76,0,0,0,1,0,80,78,0,NA,0,0,0,0,0,0,0
1418160,1,"Liga Nacional","Liga Endesa",-402534000,NA,"https://www.acb.com/Documentos/Cabeceras/logo-competicion-1b.png","https://www.acb.com/Documentos/Cabeceras/logo-competicion-4a.png",74,2009,107,NA,NA,2141,13674,NA,NA,TRUE,1528,1528,350,"Gran Canaria 2014","G. Canaria 2014","GCA",1529,477,"Asefa Estudiantes","Asefa Estu","ASE",1,76,12000,7,26,26.92,20,39,51.28,15,20,75,18,15,33,16,5,8,0,1,0,2,21,21,80,0,0,0,1,0,76,75,0,NA,0,0,0,0,0,0,0
1418161,1,"Liga Nacional","Liga Endesa",-402534000,NA,"https://www.acb.com/Documentos/Cabeceras/logo-competicion-1b.png","https://www.acb.com/Documentos/Cabeceras/logo-competicion-4a.png",74,2009,107,NA,NA,2141,13674,NA,NA,FALSE,1529,1528,350,"Gran Canaria 2014","G. Canaria 2014","GCA",1529,477,"Asefa Estudiantes","Asefa Estu","ASE",1,75,12000,7,22,31.82,18,30,60,18,20,90,26,8,34,12,4,14,0,0,1,1,21,21,81,0,0,1,0,0,75,76,0,NA,0,0,0,0,0,0,0
1418319,1,"Liga Nacional","Liga Endesa",-402534000,NA,"https://www.acb.com/Documentos/Cabeceras/logo-competicion-1b.png","https://www.acb.com/Documentos/Cabeceras/logo-competicion-4a.png",74,2009,107,NA,NA,2141,13680,NA,NA,TRUE,1539,1539,1080,"Unicaja","Unicaja","UNI",1535,876,"Suzuki Manresa","Suzuki Man.","MAN",1,79,12000,9,21,42.86,16,35,45.71,20,26,76.92,26,15,41,14,7,23,0,2,0,3,22,28,89,0,0,0,1,0,79,74,0,NA,0,0,0,0,0,0,0
1418320,1,"Liga Nacional","Liga Endesa",-402534000,NA,"https://www.acb.com/Documentos/Cabeceras/logo-competicion-1b.png","https://www.acb.com/Documentos/Cabeceras/logo-competicion-4a.png",74,2009,107,NA,NA,2141,13680,NA,NA,FALSE,1535,1539,1080,"Unicaja","Unicaja","UNI",1535,876,"Suzuki Manresa","Suzuki Man.","MAN",1,74,12000,11,30,36.67,14,28,50,13,18,72.22,16,6,22,13,7,17,0,0,2,1,28,22,53,0,0,1,0,0,74,79,0,NA,0,0,0,0,0,0,0
1418188,1,"Liga Nacional","Liga Endesa",-402534000,NA,"https://www.acb.com/Documentos/Cabeceras/logo-competicion-1b.png","https://www.acb.com/Documentos/Cabeceras/logo-competicion-4a.png",74,2009,107,NA,NA,2141,13675,NA,NA,FALSE,1525,1538,979,"Power Electronics Valencia","Pow. Valencia","VBC",1525,123,"Regal FC Barcelona","Regal FCB","FCB",1,59,12000,5,18,27.78,13,33,39.39,18,24,75,25,7,32,16,9,10,0,4,0,3,22,21,70,0,0,1,0,0,59,60,0,NA,0,0,0,0,0,0,0
1418187,1,"Liga Nacional","Liga Endesa",-402534000,NA,"https://www.acb.com/Documentos/Cabeceras/logo-competicion-1b.png","https://www.acb.com/Documentos/Cabeceras/logo-competicion-4a.png",74,2009,107,NA,NA,2141,13675,NA,NA,TRUE,1538,1538,979,"Power Electronics Valencia","Pow. Valencia","VBC",1525,123,"Regal FC Barcelona","Regal FCB","FCB",1,60,12000,8,17,47.06,13,38,34.21,10,16,62.5,29,11,40,12,4,14,0,0,4,5,21,22,59,0,0,0,1,0,60,59,0,NA,0,0,0,0,0,0,0
1418504,1,"Liga Nacional","Liga Endesa",-402534000,NA,"https://www.acb.com/Documentos/Cabeceras/logo-competicion-1b.png","https://www.acb.com/Documentos/Cabeceras/logo-competicion-4a.png",74,2009,107,NA,NA,2142,13687,NA,NA,TRUE,1532,1532,13,"CB Granada","CB Granada","GRA",1542,1686,"Xacobeo Blu:Sens Obradoiro","Xacobeo Obra","OBR",1,97,12000,12,27,44.44,19,30,63.33,23,27,85.19,20,4,24,21,12,10,0,1,0,4,21,23,117,0,0,0,1,0,97,88,0,NA,0,0,0,0,0,0,0
1418505,1,"Liga Nacional","Liga Endesa",-402534000,NA,"https://www.acb.com/Documentos/Cabeceras/logo-competicion-1b.png","https://www.acb.com/Documentos/Cabeceras/logo-competicion-4a.png",74,2009,107,NA,NA,2142,13687,NA,NA,FALSE,1542,1532,13,"CB Granada","CB Granada","GRA",1542,1686,"Xacobeo Blu:Sens Obradoiro","Xacobeo Obra","OBR",1,88,12000,12,23,52.17,18,34,52.94,16,21,76.19,21,7,28,14,8,17,0,0,1,3,23,21,86,0,0,1,0,0,88,97,0,NA,0,0,0,0,0,0,0
1418478,1,"Liga Nacional","Liga Endesa",-402534000,NA,"https://www.acb.com/Documentos/Cabeceras/logo-competicion-1b.png","https://www.acb.com/Documentos/Cabeceras/logo-competicion-4a.png",74,2009,107,NA,NA,2142,13686,NA,NA,TRUE,1526,1526,238,"Caja Laboral","Caja Laboral","CLA",1541,1288,"Meridiano Alicante","Meridiano Ali.","ALI",1,90,12000,15,31,48.39,15,29,51.72,15,20,75,19,10,29,18,6,12,0,1,2,4,13,18,100,0,0,0,1,0,90,75,0,NA,0,0,0,0,0,0,0
1418479,1,"Liga Nacional","Liga Endesa",-402534000,NA,"https://www.acb.com/Documentos/Cabeceras/logo-competicion-1b.png","https://www.acb.com/Documentos/Cabeceras/logo-competicion-4a.png",74,2009,107,NA,NA,2142,13686,NA,NA,FALSE,1541,1526,238,"Caja Laboral","Caja Laboral","CLA",1541,1288,"Meridiano Alicante","Meridiano Ali.","ALI",1,75,12000,12,25,48,19,41,46.34,1,2,50,23,11,34,11,7,16,0,2,1,2,18,13,71,0,0,1,0,0,75,90,0,NA,0,0,0,0,0,0,0
1418371,1,"Liga Nacional","Liga Endesa",-402534000,NA,"https://www.acb.com/Documentos/Cabeceras/logo-competicion-1b.png","https://www.acb.com/Documentos/Cabeceras/logo-competicion-4a.png",74,2009,107,NA,NA,2142,13682,NA,NA,TRUE,1531,1531,512,"Lagun Aro GBC","Lagun Aro GBC","GBC",1540,1140,"Cajasol","Cajasol","CAJ",1,47,12000,5,25,20,12,30,40,8,12,66.67,27,15,42,13,6,19,0,2,3,4,22,21,45,0,0,1,0,0,47,56,0,NA,0,0,0,0,0,0,0
1418372,1,"Liga Nacional","Liga Endesa",-402534000,NA,"https://www.acb.com/Documentos/Cabeceras/logo-competicion-1b.png","https://www.acb.com/Documentos/Cabeceras/logo-competicion-4a.png",74,2009,107,NA,NA,2142,13682,NA,NA,FALSE,1540,1531,512,"Lagun Aro GBC","Lagun Aro GBC","GBC",1540,1140,"Cajasol","Cajasol","CAJ",1,56,12000,5,24,20,16,37,43,9,16,56,20,16,36,14,12,10,0,3,2,2,21,22,63,0,0,0,11,0,56,47,0,0,0,0,0,0,0,0,0
1418398,1,"Liga Nacional","Liga Endesa",-402534000,NA,"https://www.acb.com/Documentos/Cabeceras/logo-competicion-1b.png","https://www.acb.com/Documentos/Cabeceras/logo-competicion-4a.png",74,2009,107,NA,NA,2142,13683,NA,NA,TRUE,1534,1534,779,"Real Madrid","Real Madrid","RMB",1539,1080,"Unicaja","Unicaja","UNI",1,84,12000,6,15,40,22,38,57.89,22,31,70.97,20,10,30,13,14,21,0,2,1,2,21,26,92,0,0,0,1,0,84,67,0,NA,0,0,0,0,0,0,0
1418399,1,"Liga Nacional","Liga Endesa",-402534000,NA,"https://www.acb.com/Documentos/Cabeceras/logo-competicion-1b.png","https://www.acb.com/Documentos/Cabeceras/logo-competicion-4a.png",74,2009,107,NA,NA,2142,13683,NA,NA,FALSE,1539,1534,779,"Real Madrid","Real Madrid","RMB",1539,1080,"Unicaja","Unicaja","UNI",1,67,12000,3,17,17.65,23,44,52.27,12,14,85.71,20,13,33,14,12,24,0,1,2,3,26,21,59,0,0,1,0,0,67,84,0,NA,0,0,0,0,0,0,0
1418426,1,"Liga Nacional","Liga Endesa",-402534000,NA,"https://www.acb.com/Documentos/Cabeceras/logo-competicion-1b.png","https://www.acb.com/Documentos/Cabeceras/logo-competicion-4a.png",74,2009,107,NA,NA,2142,13684,NA,NA,FALSE,1537,1535,876,"Suzuki Manresa","Suzuki Man.","MAN",1537,914,"CB Murcia","CB Murcia","MUR",1,55,12000,1,17,5.88,20,36,55.56,12,20,60,30,12,42,9,9,26,0,1,4,2,24,22,44,0,0,1,0,0,55,72,0,NA,0,0,0,0,0,0,0
1418425,1,"Liga Nacional","Liga Endesa",-402534000,NA,"https://www.acb.com/Documentos/Cabeceras/logo-competicion-1b.png","https://www.acb.com/Documentos/Cabeceras/logo-competicion-4a.png",74,2009,107,NA,NA,2142,13684,NA,NA,TRUE,1535,1535,876,"Suzuki Manresa","Suzuki Man.","MAN",1537,914,"CB Murcia","CB Murcia","MUR",1,72,12000,5,15,33.33,17,39,43.59,23,26,88.46,17,6,23,12,13,14,0,4,1,0,22,24,76,0,0,0,1,0,72,55,0,NA,0,0,0,0,0,0,0
1418558,1,"Liga Nacional","Liga Endesa",-402534000,NA,"https://www.acb.com/Documentos/Cabeceras/logo-competicion-1b.png","https://www.acb.com/Documentos/Cabeceras/logo-competicion-4a.png",74,2009,107,NA,NA,2142,13689,NA,NA,FALSE,1528,1525,123,"Regal FC Barcelona","Regal FCB","FCB",1528,350,"Gran Canaria 2014","G. Canaria 2014","GCA",1,55,12000,4,16,25,18,46,39.13,7,9,77.78,20,15,35,8,2,16,0,0,6,1,17,15,34,0,0,1,0,0,55,105,0,NA,0,0,0,0,0,0,0
1418557,1,"Liga Nacional","Liga Endesa",-402534000,NA,"https://www.acb.com/Documentos/Cabeceras/logo-competicion-1b.png","https://www.acb.com/Documentos/Cabeceras/logo-competicion-4a.png",74,2009,107,NA,NA,2142,13689,NA,NA,TRUE,1525,1525,123,"Regal FC Barcelona","Regal FCB","FCB",1528,350,"Gran Canaria 2014","G. Canaria 2014","GCA",1,105,12000,16,26,61.54,21,36,58.33,15,18,83.33,25,6,31,28,10,5,0,6,0,6,15,17,149,0,0,0,1,0,105,55,0,NA,0,0,0,0,0,0,0
1418452,1,"Liga Nacional","Liga Endesa",-402534000,NA,"https://www.acb.com/Documentos/Cabeceras/logo-competicion-1b.png","https://www.acb.com/Documentos/Cabeceras/logo-competicion-4a.png",74,2009,107,NA,NA,2142,13685,NA,NA,FALSE,1527,1530,1206,"Ayuda en Acción Fuenlabrada","AeA Fuenlabrada","FUE",1527,290,"Bizkaia Bilbao Basket","Bizkaia Bilbao","BBB",1,72,12000,7,32,21.88,19,37,51.35,13,17,76.47,19,17,36,17,12,12,0,2,1,0,23,21,77,0,0,1,0,0,72,85,0,NA,0,0,0,0,0,0,0
1418451,1,"Liga Nacional","Liga Endesa",-402534000,NA,"https://www.acb.com/Documentos/Cabeceras/logo-competicion-1b.png","https://www.acb.com/Documentos/Cabeceras/logo-competicion-4a.png",74,2009,107,NA,NA,2142,13685,NA,NA,TRUE,1530,1530,1206,"Ayuda en Acción Fuenlabrada","AeA Fuenlabrada","FUE",1527,290,"Bizkaia Bilbao Basket","Bizkaia Bilbao","BBB",1,85,12000,14,26,53.85,13,24,54.17,17,22,77.27,23,7,30,14,7,19,0,1,2,0,21,23,90,0,0,0,1,0,85,72,0,NA,0,0,0,0,0,0,0
1418531,1,"Liga Nacional","Liga Endesa",-402534000,NA,"https://www.acb.com/Documentos/Cabeceras/logo-competicion-1b.png","https://www.acb.com/Documentos/Cabeceras/logo-competicion-4a.png",74,2009,107,NA,NA,2142,13688,NA,NA,FALSE,1538,1536,1858,"Blancos de Rueda Valladolid","Blancos Rueda","BRV",1538,979,"Power Electronics Valencia","Pow. Valencia","VBC",1,76,12000,6,21,28.57,18,34,52.94,22,29,75.86,23,12,35,13,7,18,0,2,9,0,24,27,71,0,0,1,0,0,76,87,0,NA,0,0,0,0,0,0,0
1418530,1,"Liga Nacional","Liga Endesa",-402534000,NA,"https://www.acb.com/Documentos/Cabeceras/logo-competicion-1b.png","https://www.acb.com/Documentos/Cabeceras/logo-competicion-4a.png",74,2009,107,NA,NA,2142,13688,NA,NA,TRUE,1536,1536,1858,"Blancos de Rueda Valladolid","Blancos Rueda","BRV",1538,979,"Power Electronics Valencia","Pow. Valencia","VBC",1,87,12000,4,19,21.05,27,44,61.36,21,28,75,21,12,33,15,11,14,0,9,2,4,27,24,97,0,0,0,1,0,87,76,0,NA,0,0,0,0,0,0,0
1418586,1,"Liga Nacional","Liga Endesa",-402534000,NA,"https://www.acb.com/Documentos/Cabeceras/logo-competicion-1b.png","https://www.acb.com/Documentos/Cabeceras/logo-competicion-4a.png",74,2009,107,NA,NA,2142,13690,NA,NA,FALSE,1533,1529,477,"Asefa Estudiantes","Asefa Estu","ASE",1533,643,"DKV Joventut","DKV Joventut","DKV",1,68,12000,11,30,36.67,12,29,41.38,11,13,84.62,18,8,26,16,7,17,0,5,2,5,21,16,60,0,0,1,0,0,68,83,0,NA,0,0,0,0,0,0,0
1418585,1,"Liga Nacional","Liga Endesa",-402534000,NA,"https://www.acb.com/Documentos/Cabeceras/logo-competicion-1b.png","https://www.acb.com/Documentos/Cabeceras/logo-competicion-4a.png",74,2009,107,NA,NA,2142,13690,NA,NA,TRUE,1529,1529,477,"Asefa Estudiantes","Asefa Estu","ASE",1533,643,"DKV Joventut","DKV Joventut","DKV",1,83,12000,9,16,56.25,20,40,50,16,25,64,26,12,38,14,12,16,0,2,5,2,16,21,97,0,0,0,1,0,83,68,0,NA,0,0,0,0,0,0,0
1418613,1,"Liga Nacional","Liga Endesa",-402534000,NA,"https://www.acb.com/Documentos/Cabeceras/logo-competicion-1b.png","https://www.acb.com/Documentos/Cabeceras/logo-competicion-4a.png",74,2009,107,NA,NA,2143,13691,NA,NA,FALSE,1529,1540,1140,"Cajasol","Cajasol","CAJ",1529,477,"Asefa Estudiantes","Asefa Estu","ASE",1,78,12000,8,21,38.1,22,35,62.86,10,11,90.91,18,8,26,18,9,16,0,2,3,2,14,18,91,0,0,1,0,0,78,83,0,NA,0,0,0,0,0,0,0
1418612,1,"Liga Nacional","Liga Endesa",-402534000,NA,"https://www.acb.com/Documentos/Cabeceras/logo-competicion-1b.png","https://www.acb.com/Documentos/Cabeceras/logo-competicion-4a.png",74,2009,107,NA,NA,2143,13691,NA,NA,TRUE,1540,1540,1140,"Cajasol","Cajasol","CAJ",1529,477,"Asefa Estudiantes","Asefa Estu","ASE",1,83,12000,12,26,46.15,19,32,59.38,9,9,100,19,6,25,13,10,14,0,3,2,3,18,14,87,0,0,0,1,0,83,78,0,NA,0,0,0,0,0,0,0
1418667,1,"Liga Nacional","Liga Endesa",-402534000,NA,"https://www.acb.com/Documentos/Cabeceras/logo-competicion-1b.png","https://www.acb.com/Documentos/Cabeceras/logo-competicion-4a.png",74,2009,107,NA,NA,2143,13693,NA,NA,FALSE,1536,1528,350,"Gran Canaria 2014","G. Canaria 2014","GCA",1536,1858,"Blancos de Rueda Valladolid","Blancos Rueda","BRV",1,63,12000,7,14,50,16,38,42.11,10,15,66.67,21,5,26,16,10,18,0,2,2,2,9,15,69,0,0,1,0,0,63,77,0,NA,0,0,0,0,0,0,0
1418666,1,"Liga Nacional","Liga Endesa",-402534000,NA,"https://www.acb.com/Documentos/Cabeceras/logo-competicion-1b.png","https://www.acb.com/Documentos/Cabeceras/logo-competicion-4a.png",74,2009,107,NA,NA,2143,13693,NA,NA,TRUE,1528,1528,350,"Gran Canaria 2014","G. Canaria 2014","GCA",1536,1858,"Blancos de Rueda Valladolid","Blancos Rueda","BRV",1,77,12000,4,25,16,30,54,55.56,5,7,71.43,25,23,48,19,13,11,0,2,2,2,15,9,93,0,0,0,1,0,77,63,0,NA,0,0,0,0,0,0,0
1418719,1,"Liga Nacional","Liga Endesa",-402534000,NA,"https://www.acb.com/Documentos/Cabeceras/logo-competicion-1b.png","https://www.acb.com/Documentos/Cabeceras/logo-competicion-4a.png",74,2009,107,NA,NA,2143,13695,NA,NA,FALSE,1526,1542,1686,"Xacobeo Blu:Sens Obradoiro","Xacobeo Obra","OBR",1526,238,"Caja Laboral","Caja Laboral","CLA",1,80,12000,12,26,46.15,17,31,54.84,10,11,90.91,26,6,32,14,6,20,0,1,4,1,15,19,84,0,0,0,1,0,80,76,0,NA,0,0,0,0,0,0,0
1418718,1,"Liga Nacional","Liga Endesa",-402534000,NA,"https://www.acb.com/Documentos/Cabeceras/logo-competicion-1b.png","https://www.acb.com/Documentos/Cabeceras/logo-competicion-4a.png",74,2009,107,NA,NA,2143,13695,NA,NA,TRUE,1542,1542,1686,"Xacobeo Blu:Sens Obradoiro","Xacobeo Obra","OBR",1526,238,"Caja Laboral","Caja Laboral","CLA",1,76,12000,9,26,34.62,20,44,45.45,9,12,75,24,15,39,8,14,12,0,4,1,1,19,15,80,0,0,1,0,0,76,80,0,NA,0,0,0,0,0,0,0
1418746,1,"Liga Nacional","Liga Endesa",-402534000,NA,"https://www.acb.com/Documentos/Cabeceras/logo-competicion-1b.png","https://www.acb.com/Documentos/Cabeceras/logo-competicion-4a.png",74,2009,107,NA,NA,2143,13696,NA,NA,TRUE,1541,1541,1288,"Meridiano Alicante","Meridiano Ali.","ALI",1530,1206,"Ayuda en Acción Fuenlabrada","AeA Fuenlabrada","FUE",1,85,12000,6,16,37.5,25,46,54.35,17,22,77.27,23,9,32,17,6,13,0,3,4,3,26,25,89,0,0,0,1,0,85,82,0,NA,0,0,0,0,0,0,0
1418747,1,"Liga Nacional","Liga Endesa",-402534000,NA,"https://www.acb.com/Documentos/Cabeceras/logo-competicion-1b.png","https://www.acb.com/Documentos/Cabeceras/logo-competicion-4a.png",74,2009,107,NA,NA,2143,13696,NA,NA,FALSE,1530,1541,1288,"Meridiano Alicante","Meridiano Ali.","ALI",1530,1206,"Ayuda en Acción Fuenlabrada","AeA Fuenlabrada","FUE",1,82,12000,7,30,23.33,21,32,65.62,19,24,79.17,21,11,32,6,8,14,0,4,3,0,25,26,77,0,0,1,0,0,82,85,0,NA,0,0,0,0,0,0,0
1418772,1,"Liga Nacional","Liga Endesa",-402534000,NA,"https://www.acb.com/Documentos/Cabeceras/logo-competicion-1b.png","https://www.acb.com/Documentos/Cabeceras/logo-competicion-4a.png",74,2009,107,NA,NA,2143,13697,NA,NA,TRUE,1527,1527,290,"Bizkaia Bilbao Basket","Bizkaia Bilbao","BBB",1535,876,"Suzuki Manresa","Suzuki Man.","MAN",1,84,12000,13,25,52,16,32,50,13,19,68.42,22,13,35,17,6,12,0,1,1,2,25,21,92,0,0,0,1,0,84,67,0,NA,0,0,0,0,0,0,0
1418773,1,"Liga Nacional","Liga Endesa",-402534000,NA,"https://www.acb.com/Documentos/Cabeceras/logo-competicion-1b.png","https://www.acb.com/Documentos/Cabeceras/logo-competicion-4a.png",74,2009,107,NA,NA,2143,13697,NA,NA,FALSE,1535,1527,290,"Bizkaia Bilbao Basket","Bizkaia Bilbao","BBB",1535,876,"Suzuki Manresa","Suzuki Man.","MAN",1,67,12000,6,16,37.5,13,30,43.33,23,25,92,19,5,24,7,2,8,0,1,1,2,21,25,67,0,0,1,0,0,67,84,0,NA,0,0,0,0,0,0,0
1418800,1,"Liga Nacional","Liga Endesa",-402534000,NA,"https://www.acb.com/Documentos/Cabeceras/logo-competicion-1b.png","https://www.acb.com/Documentos/Cabeceras/logo-competicion-4a.png",74,2009,107,NA,NA,2143,13698,NA,NA,FALSE,1534,1537,914,"CB Murcia","CB Murcia","MUR",1534,779,"Real Madrid","Real Madrid","RMB",1,96,12000,10,17,58.82,28,40,70,10,13,76.92,23,2,25,18,18,12,0,1,0,7,17,18,125,0,0,0,1,0,96,67,0,NA,0,0,0,0,0,0,0
1418799,1,"Liga Nacional","Liga Endesa",-402534000,NA,"https://www.acb.com/Documentos/Cabeceras/logo-competicion-1b.png","https://www.acb.com/Documentos/Cabeceras/logo-competicion-4a.png",74,2009,107,NA,NA,2143,13698,NA,NA,TRUE,1537,1537,914,"CB Murcia","CB Murcia","MUR",1534,779,"Real Madrid","Real Madrid","RMB",1,67,12000,4,21,19.05,26,45,57.78,3,6,50,18,15,33,6,4,19,0,0,1,1,18,17,50,0,0,1,0,0,67,96,0,NA,0,0,0,0,0,0,0
1418693,1,"Liga Nacional","Liga Endesa",-402534000,NA,"https://www.acb.com/Documentos/Cabeceras/logo-competicion-1b.png","https://www.acb.com/Documentos/Cabeceras/logo-competicion-4a.png",74,2009,107,NA,NA,2143,13694,NA,NA,TRUE,1538,1538,979,"Power Electronics Valencia","Pow. Valencia","VBC",1532,13,"CB Granada","CB Granada","GRA",1,87,12000,9,25,36,21,35,60,18,19,94.74,20,11,31,18,12,15,0,4,4,1,25,21,98,0,0,0,1,0,87,67,0,NA,0,0,0,0,0,0,0
1418694,1,"Liga Nacional","Liga Endesa",-402534000,NA,"https://www.acb.com/Documentos/Cabeceras/logo-competicion-1b.png","https://www.acb.com/Documentos/Cabeceras/logo-competicion-4a.png",74,2009,107,NA,NA,2143,13694,NA,NA,FALSE,1532,1538,979,"Power Electronics Valencia","Pow. Valencia","VBC",1532,13,"CB Granada","CB Granada","GRA",1,67,12000,4,13,30.77,19,40,47.5,17,22,77.27,19,12,31,15,4,23,0,4,4,3,21,25,63,0,0,1,0,0,67,87,0,NA,0,0,0,0,0,0,0
1418824,1,"Liga Nacional","Liga Endesa",-402534000,NA,"https://www.acb.com/Documentos/Cabeceras/logo-competicion-1b.png","https://www.acb.com/Documentos/Cabeceras/logo-competicion-4a.png",74,2009,107,NA,NA,2143,13699,NA,NA,TRUE,1539,1539,1080,"Unicaja","Unicaja","UNI",1531,512,"Lagun Aro GBC","Lagun Aro GBC","GBC",1,97,12000,7,22,31.82,31,54,57.41,14,19,73.68,23,14,37,22,8,9,0,2,2,3,26,18,104,0,0,0,1,0,97,72,0,NA,0,0,0,0,0,0,0
1418825,1,"Liga Nacional","Liga Endesa",-402534000,NA,"https://www.acb.com/Documentos/Cabeceras/logo-competicion-1b.png","https://www.acb.com/Documentos/Cabeceras/logo-competicion-4a.png",74,2009,107,NA,NA,2143,13699,NA,NA,FALSE,1531,1539,1080,"Unicaja","Unicaja","UNI",1531,512,"Lagun Aro GBC","Lagun Aro GBC","GBC",1,72,12000,6,19,31.58,14,29,48.28,26,36,72.22,23,7,30,12,8,19,0,2,2,1,18,26,73,0,0,1,0,0,72,97,0,NA,0,0,0,0,0,0,0
1418641,1,"Liga Nacional","Liga Endesa",-402534000,NA,"https://www.acb.com/Documentos/Cabeceras/logo-competicion-1b.png","https://www.acb.com/Documentos/Cabeceras/logo-competicion-4a.png",74,2009,107,NA,NA,2143,13692,NA,NA,FALSE,1525,1533,643,"DKV Joventut","DKV Joventut","DKV",1525,123,"Regal FC Barcelona","Regal FCB","FCB",1,81,12000,10,26,38.46,18,34,52.94,15,19,78.95,27,12,39,18,9,13,0,5,4,6,13,19,105,0,0,0,1,0,81,57,0,NA,0,0,0,0,0,0,0
1418640,1,"Liga Nacional","Liga Endesa",-402534000,NA,"https://www.acb.com/Documentos/Cabeceras/logo-competicion-1b.png","https://www.acb.com/Documentos/Cabeceras/logo-competicion-4a.png",74,2009,107,NA,NA,2143,13692,NA,NA,TRUE,1533,1533,643,"DKV Joventut","DKV Joventut","DKV",1525,123,"Regal FC Barcelona","Regal FCB","FCB",1,57,12000,8,24,33.33,15,39,38.46,3,7,42.86,21,13,34,12,11,15,0,4,5,3,19,13,48,0,0,1,0,0,57,81,0,NA,0,0,0,0,0,0,0
1418932,1,"Liga Nacional","Liga Endesa",-402534000,NA,"https://www.acb.com/Documentos/Cabeceras/logo-competicion-1b.png","https://www.acb.com/Documentos/Cabeceras/logo-competicion-4a.png",74,2009,107,NA,NA,2144,13703,NA,NA,TRUE,1535,1535,876,"Suzuki Manresa","Suzuki Man.","MAN",1541,1288,"Meridiano Alicante","Meridiano Ali.","ALI",1,78,12000,11,29,37.93,10,29,34.48,25,28,89.29,20,9,29,12,11,11,0,2,1,1,20,26,86,0,0,0,1,0,78,74,0,NA,0,0,0,0,0,0,0
1418933,1,"Liga Nacional","Liga Endesa",-402534000,NA,"https://www.acb.com/Documentos/Cabeceras/logo-competicion-1b.png","https://www.acb.com/Documentos/Cabeceras/logo-competicion-4a.png",74,2009,107,NA,NA,2144,13703,NA,NA,FALSE,1541,1535,876,"Suzuki Manresa","Suzuki Man.","MAN",1541,1288,"Meridiano Alicante","Meridiano Ali.","ALI",1,74,12000,8,19,42.11,16,30,53.33,18,20,90,25,6,31,18,8,21,0,1,2,0,26,20,76,0,0,1,0,0,74,78,0,NA,0,0,0,0,0,0,0
1418986,1,"Liga Nacional","Liga Endesa",-402534000,NA,"https://www.acb.com/Documentos/Cabeceras/logo-competicion-1b.png","https://www.acb.com/Documentos/Cabeceras/logo-competicion-4a.png",74,2009,107,NA,NA,2144,13705,NA,NA,TRUE,1526,1526,238,"Caja Laboral","Caja Laboral","CLA",1538,979,"Power Electronics Valencia","Pow. Valencia","VBC",1,69,12000,6,22,27.27,19,29,65.52,13,20,65,25,8,33,15,6,13,0,2,2,1,19,21,79,0,0,0,1,0,69,67,0,NA,0,0,0,0,0,0,0
1418987,1,"Liga Nacional","Liga Endesa",-402534000,NA,"https://www.acb.com/Documentos/Cabeceras/logo-competicion-1b.png","https://www.acb.com/Documentos/Cabeceras/logo-competicion-4a.png",74,2009,107,NA,NA,2144,13705,NA,NA,FALSE,1538,1526,238,"Caja Laboral","Caja Laboral","CLA",1538,979,"Power Electronics Valencia","Pow. Valencia","VBC",1,67,12000,9,25,36,15,35,42.86,10,11,90.91,21,10,31,8,7,12,0,2,2,0,21,19,62,0,0,1,0,0,67,69,0,NA,0,0,0,0,0,0,0
1418852,1,"Liga Nacional","Liga Endesa",-402534000,NA,"https://www.acb.com/Documentos/Cabeceras/logo-competicion-1b.png","https://www.acb.com/Documentos/Cabeceras/logo-competicion-4a.png",74,2009,107,NA,NA,2144,13700,NA,NA,TRUE,1539,1539,1080,"Unicaja","Unicaja","UNI",1540,1140,"Cajasol","Cajasol","CAJ",1,86,12000,8,21,38.1,21,36,58.33,20,26,76.92,16,7,23,22,7,12,0,4,2,4,23,23,94,0,0,0,1,0,86,77,0,NA,0,0,0,0,0,0,0
1418853,1,"Liga Nacional","Liga Endesa",-402534000,NA,"https://www.acb.com/Documentos/Cabeceras/logo-competicion-1b.png","https://www.acb.com/Documentos/Cabeceras/logo-competicion-4a.png",74,2009,107,NA,NA,2144,13700,NA,NA,FALSE,1540,1539,1080,"Unicaja","Unicaja","UNI",1540,1140,"Cajasol","Cajasol","CAJ",1,77,12000,5,21,23.81,22,32,68.75,18,22,81.82,20,10,30,13,4,22,0,2,4,1,23,23,70,0,0,1,0,0,77,86,0,NA,0,0,0,0,0,0,0
1418878,1,"Liga Nacional","Liga Endesa",-402534000,NA,"https://www.acb.com/Documentos/Cabeceras/logo-competicion-1b.png","https://www.acb.com/Documentos/Cabeceras/logo-competicion-4a.png",74,2009,107,NA,NA,2144,13701,NA,NA,TRUE,1531,1531,512,"Lagun Aro GBC","Lagun Aro GBC","GBC",1537,914,"CB Murcia","CB Murcia","MUR",1,84,12000,8,30,26.67,20,32,62.5,20,23,86.96,29,10,39,23,8,13,0,5,0,6,26,24,107,0,0,0,1,0,84,68,0,NA,0,0,0,0,0,0,0
1418879,1,"Liga Nacional","Liga Endesa",-402534000,NA,"https://www.acb.com/Documentos/Cabeceras/logo-competicion-1b.png","https://www.acb.com/Documentos/Cabeceras/logo-competicion-4a.png",74,2009,107,NA,NA,2144,13701,NA,NA,FALSE,1537,1531,512,"Lagun Aro GBC","Lagun Aro GBC","GBC",1537,914,"CB Murcia","CB Murcia","MUR",1,68,12000,7,24,29.17,16,34,47.06,15,24,62.5,24,7,31,8,6,12,0,0,5,3,24,26,54,0,0,1,0,0,68,84,0,NA,0,0,0,0,0,0,0
1418905,1,"Liga Nacional","Liga Endesa",-402534000,NA,"https://www.acb.com/Documentos/Cabeceras/logo-competicion-1b.png","https://www.acb.com/Documentos/Cabeceras/logo-competicion-4a.png",74,2009,107,NA,NA,2144,13702,NA,NA,TRUE,1534,1534,779,"Real Madrid","Real Madrid","RMB",1527,290,"Bizkaia Bilbao Basket","Bizkaia Bilbao","BBB",1,80,12000,6,15,40,18,35,51.43,26,33,78.79,13,9,22,15,12,15,0,3,5,0,28,28,79,0,0,1,0,0,80,87,0,NA,0,0,0,0,0,0,0
1418906,1,"Liga Nacional","Liga Endesa",-402534000,NA,"https://www.acb.com/Documentos/Cabeceras/logo-competicion-1b.png","https://www.acb.com/Documentos/Cabeceras/logo-competicion-4a.png",74,2009,107,NA,NA,2144,13702,NA,NA,FALSE,1527,1534,779,"Real Madrid","Real Madrid","RMB",1527,290,"Bizkaia Bilbao Basket","Bizkaia Bilbao","BBB",1,87,12000,7,20,35,22,31,70.97,22,30,73.33,20,11,31,19,7,17,0,5,3,1,28,28,99,0,0,0,1,0,87,80,0,NA,0,0,0,0,0,0,0
1418960,1,"Liga Nacional","Liga Endesa",-402534000,NA,"https://www.acb.com/Documentos/Cabeceras/logo-competicion-1b.png","https://www.acb.com/Documentos/Cabeceras/logo-competicion-4a.png",74,2009,107,NA,NA,2144,13704,NA,NA,FALSE,1542,1530,1206,"Ayuda en Acción Fuenlabrada","AeA Fuenlabrada","FUE",1542,1686,"Xacobeo Blu:Sens Obradoiro","Xacobeo Obra","OBR",1,64,12000,9,29,31.03,10,29,34.48,17,25,68,26,9,35,10,4,11,0,2,7,0,24,25,51,0,0,1,0,0,64,80,0,NA,0,0,0,0,0,0,0
1418959,1,"Liga Nacional","Liga Endesa",-402534000,NA,"https://www.acb.com/Documentos/Cabeceras/logo-competicion-1b.png","https://www.acb.com/Documentos/Cabeceras/logo-competicion-4a.png",74,2009,107,NA,NA,2144,13704,NA,NA,TRUE,1530,1530,1206,"Ayuda en Acción Fuenlabrada","AeA Fuenlabrada","FUE",1542,1686,"Xacobeo Blu:Sens Obradoiro","Xacobeo Obra","OBR",1,80,12000,15,40,37.5,10,23,43.48,15,23,65.22,30,14,44,19,2,11,0,7,2,2,25,24,92,0,0,0,1,0,80,64,0,NA,0,0,0,0,0,0,0
1419013,1,"Liga Nacional","Liga Endesa",-402534000,NA,"https://www.acb.com/Documentos/Cabeceras/logo-competicion-1b.png","https://www.acb.com/Documentos/Cabeceras/logo-competicion-4a.png",74,2009,107,NA,NA,2144,13706,NA,NA,TRUE,1532,1532,13,"CB Granada","CB Granada","GRA",1528,350,"Gran Canaria 2014","G. Canaria 2014","GCA",1,83,12000,6,20,30,25,41,60.98,15,19,78.95,20,10,30,8,6,12,0,3,2,3,22,23,83,0,0,0,1,0,83,80,0,NA,0,0,0,0,0,0,0
1419014,1,"Liga Nacional","Liga Endesa",-402534000,NA,"https://www.acb.com/Documentos/Cabeceras/logo-competicion-1b.png","https://www.acb.com/Documentos/Cabeceras/logo-competicion-4a.png",74,2009,107,NA,NA,2144,13706,NA,NA,FALSE,1528,1532,13,"CB Granada","CB Granada","GRA",1528,350,"Gran Canaria 2014","G. Canaria 2014","GCA",1,80,12000,9,21,42.86,18,33,54.55,17,26,65.38,22,9,31,18,4,15,0,2,3,1,23,22,80,0,0,1,0,0,80,83,0,NA,0,0,0,0,0,0,0
1419041,1,"Liga Nacional","Liga Endesa",-402534000,NA,"https://www.acb.com/Documentos/Cabeceras/logo-competicion-1b.png","https://www.acb.com/Documentos/Cabeceras/logo-competicion-4a.png",74,2009,107,NA,NA,2144,13707,NA,NA,TRUE,1536,1536,1858,"Blancos de Rueda Valladolid","Blancos Rueda","BRV",1533,643,"DKV Joventut","DKV Joventut","DKV",1,71,12000,7,21,33.33,20,33,60.61,10,14,71.43,26,5,31,12,5,16,0,2,1,3,14,20,79,0,0,0,1,0,71,67,0,NA,0,0,0,0,0,0,0
1419042,1,"Liga Nacional","Liga Endesa",-402534000,NA,"https://www.acb.com/Documentos/Cabeceras/logo-competicion-1b.png","https://www.acb.com/Documentos/Cabeceras/logo-competicion-4a.png",74,2009,107,NA,NA,2144,13707,NA,NA,FALSE,1533,1536,1858,"Blancos de Rueda Valladolid","Blancos Rueda","BRV",1533,643,"DKV Joventut","DKV Joventut","DKV",1,67,12000,11,27,40.74,16,41,39.02,2,4,50,24,14,38,18,9,17,0,1,2,3,20,14,65,0,0,1,0,0,67,71,0,NA,0,0,0,0,0,0,0
1419070,1,"Liga Nacional","Liga Endesa",-402534000,NA,"https://www.acb.com/Documentos/Cabeceras/logo-competicion-1b.png","https://www.acb.com/Documentos/Cabeceras/logo-competicion-4a.png",74,2009,107,NA,NA,2144,13708,NA,NA,FALSE,1529,1525,123,"Regal FC Barcelona","Regal FCB","FCB",1529,477,"Asefa Estudiantes","Asefa Estu","ASE",1,70,12000,6,20,30,22,42,52.38,8,11,72.73,18,12,30,11,1,15,0,1,4,0,21,13,49,0,0,1,0,0,70,79,0,NA,0,0,0,0,0,0,0
1419069,1,"Liga Nacional","Liga Endesa",-402534000,NA,"https://www.acb.com/Documentos/Cabeceras/logo-competicion-1b.png","https://www.acb.com/Documentos/Cabeceras/logo-competicion-4a.png",74,2009,107,NA,NA,2144,13708,NA,NA,TRUE,1525,1525,123,"Regal FC Barcelona","Regal FCB","FCB",1529,477,"Asefa Estudiantes","Asefa Estu","ASE",1,79,12000,8,23,34.78,21,29,72.41,13,17,76.47,20,6,26,21,8,13,0,4,1,4,13,21,105,0,0,0,1,0,79,70,0,NA,0,0,0,0,0,0,0
1419178,1,"Liga Nacional","Liga Endesa",-402534000,NA,"https://www.acb.com/Documentos/Cabeceras/logo-competicion-1b.png","https://www.acb.com/Documentos/Cabeceras/logo-competicion-4a.png",74,2009,107,NA,NA,2145,13712,NA,NA,TRUE,1528,1528,350,"Gran Canaria 2014","G. Canaria 2014","GCA",1526,238,"Caja Laboral","Caja Laboral","CLA",1,86,12000,3,15,20,30,54,55.56,17,25,68,17,18,35,18,11,5,0,5,3,0,20,21,104,0,0,0,1,0,86,85,0,NA,0,0,0,0,0,0,0
1419179,1,"Liga Nacional","Liga Endesa",-402534000,NA,"https://www.acb.com/Documentos/Cabeceras/logo-competicion-1b.png","https://www.acb.com/Documentos/Cabeceras/logo-competicion-4a.png",74,2009,107,NA,NA,2145,13712,NA,NA,FALSE,1526,1528,350,"Gran Canaria 2014","G. Canaria 2014","GCA",1526,238,"Caja Laboral","Caja Laboral","CLA",1,85,12000,13,25,52,15,29,51.72,16,22,72.73,22,10,32,8,4,13,0,3,5,0,21,20,81,0,0,1,0,0,85,86,0,NA,0,0,0,0,0,0,0
1419098,1,"Liga Nacional","Liga Endesa",-402534000,NA,"https://www.acb.com/Documentos/Cabeceras/logo-competicion-1b.png","https://www.acb.com/Documentos/Cabeceras/logo-competicion-4a.png",74,2009,107,NA,NA,2145,13709,NA,NA,FALSE,1525,1540,1140,"Cajasol","Cajasol","CAJ",1525,123,"Regal FC Barcelona","Regal FCB","FCB",1,71,12000,8,28,28.57,20,29,68.97,7,9,77.78,26,7,33,18,8,12,0,5,2,4,14,17,93,0,0,0,1,0,71,64,0,NA,0,0,0,0,0,0,0
1419097,1,"Liga Nacional","Liga Endesa",-402534000,NA,"https://www.acb.com/Documentos/Cabeceras/logo-competicion-1b.png","https://www.acb.com/Documentos/Cabeceras/logo-competicion-4a.png",74,2009,107,NA,NA,2145,13709,NA,NA,TRUE,1540,1540,1140,"Cajasol","Cajasol","CAJ",1525,123,"Regal FC Barcelona","Regal FCB","FCB",1,64,12000,5,22,22.73,20,39,51.28,9,12,75,22,12,34,15,6,11,0,2,5,2,17,14,63,0,0,1,0,0,64,71,0,NA,0,0,0,0,0,0,0
1419124,1,"Liga Nacional","Liga Endesa",-402534000,NA,"https://www.acb.com/Documentos/Cabeceras/logo-competicion-1b.png","https://www.acb.com/Documentos/Cabeceras/logo-competicion-4a.png",74,2009,107,NA,NA,2145,13710,NA,NA,TRUE,1529,1529,477,"Asefa Estudiantes","Asefa Estu","ASE",1536,1858,"Blancos de Rueda Valladolid","Blancos Rueda","BRV",1,89,13500,10,28,35.71,19,32,59.38,21,27,77.78,29,10,39,21,13,19,0,0,1,0,22,24,107,0,0,0,1,0,89,86,0,NA,0,0,0,0,0,0,0
1419125,1,"Liga Nacional","Liga Endesa",-402534000,NA,"https://www.acb.com/Documentos/Cabeceras/logo-competicion-1b.png","https://www.acb.com/Documentos/Cabeceras/logo-competicion-4a.png",74,2009,107,NA,NA,2145,13710,NA,NA,FALSE,1536,1529,477,"Asefa Estudiantes","Asefa Estu","ASE",1536,1858,"Blancos de Rueda Valladolid","Blancos Rueda","BRV",1,86,13500,11,26,42.31,17,41,41.46,19,25,76,22,13,35,15,14,19,0,1,0,2,24,22,85,0,0,1,0,0,86,89,0,NA,0,0,0,0,0,0,0
1419232,1,"Liga Nacional","Liga Endesa",-402534000,NA,"https://www.acb.com/Documentos/Cabeceras/logo-competicion-1b.png","https://www.acb.com/Documentos/Cabeceras/logo-competicion-4a.png",74,2009,107,NA,NA,2145,13714,NA,NA,TRUE,1542,1542,1686,"Xacobeo Blu:Sens Obradoiro","Xacobeo Obra","OBR",1535,876,"Suzuki Manresa","Suzuki Man.","MAN",1,80,12000,8,28,28.57,20,27,74.07,16,19,84.21,18,10,28,14,5,20,0,2,1,0,27,22,73,0,0,1,0,0,80,87,0,NA,0,0,0,0,0,0,0
1419233,1,"Liga Nacional","Liga Endesa",-402534000,NA,"https://www.acb.com/Documentos/Cabeceras/logo-competicion-1b.png","https://www.acb.com/Documentos/Cabeceras/logo-competicion-4a.png",74,2009,107,NA,NA,2145,13714,NA,NA,FALSE,1535,1542,1686,"Xacobeo Blu:Sens Obradoiro","Xacobeo Obra","OBR",1535,876,"Suzuki Manresa","Suzuki Man.","MAN",1,87,12000,6,19,31.58,25,41,60.98,19,23,82.61,16,11,27,12,12,16,0,1,2,0,22,27,93,0,0,0,1,0,87,80,0,NA,0,0,0,0,0,0,0
1419284,1,"Liga Nacional","Liga Endesa",-402534000,NA,"https://www.acb.com/Documentos/Cabeceras/logo-competicion-1b.png","https://www.acb.com/Documentos/Cabeceras/logo-competicion-4a.png",74,2009,107,NA,NA,2145,13716,NA,NA,TRUE,1527,1527,290,"Bizkaia Bilbao Basket","Bizkaia Bilbao","BBB",1531,512,"Lagun Aro GBC","Lagun Aro GBC","GBC",1,88,12000,14,30,46.67,14,31,45.16,18,27,66.67,17,18,35,18,6,10,0,1,1,0,24,25,96,0,0,0,1,0,88,62,0,NA,0,0,0,0,0,0,0
1419285,1,"Liga Nacional","Liga Endesa",-402534000,NA,"https://www.acb.com/Documentos/Cabeceras/logo-competicion-1b.png","https://www.acb.com/Documentos/Cabeceras/logo-competicion-4a.png",74,2009,107,NA,NA,2145,13716,NA,NA,FALSE,1531,1527,290,"Bizkaia Bilbao Basket","Bizkaia Bilbao","BBB",1531,512,"Lagun Aro GBC","Lagun Aro GBC","GBC",1,62,12000,6,20,30,14,20,70,16,21,76.19,21,5,26,11,4,17,0,1,1,0,25,24,60,0,0,1,0,0,62,88,0,NA,0,0,0,0,0,0,0
1419312,1,"Liga Nacional","Liga Endesa",-402534000,NA,"https://www.acb.com/Documentos/Cabeceras/logo-competicion-1b.png","https://www.acb.com/Documentos/Cabeceras/logo-competicion-4a.png",74,2009,107,NA,NA,2145,13717,NA,NA,FALSE,1539,1537,914,"CB Murcia","CB Murcia","MUR",1539,1080,"Unicaja","Unicaja","UNI",1,89,12000,9,20,45,25,46,54.35,12,16,75,23,11,34,21,8,12,0,0,3,2,19,20,102,0,0,0,1,0,89,74,0,NA,0,0,0,0,0,0,0
1419311,1,"Liga Nacional","Liga Endesa",-402534000,NA,"https://www.acb.com/Documentos/Cabeceras/logo-competicion-1b.png","https://www.acb.com/Documentos/Cabeceras/logo-competicion-4a.png",74,2009,107,NA,NA,2145,13717,NA,NA,TRUE,1537,1537,914,"CB Murcia","CB Murcia","MUR",1539,1080,"Unicaja","Unicaja","UNI",1,74,12000,6,24,25,17,32,53.12,22,23,95.65,22,9,31,12,8,17,0,3,0,2,20,19,76,0,0,1,0,0,74,89,0,NA,0,0,0,0,0,0,0
1419152,1,"Liga Nacional","Liga Endesa",-402534000,NA,"https://www.acb.com/Documentos/Cabeceras/logo-competicion-1b.png","https://www.acb.com/Documentos/Cabeceras/logo-competicion-4a.png",74,2009,107,NA,NA,2145,13711,NA,NA,TRUE,1533,1533,643,"DKV Joventut","DKV Joventut","DKV",1532,13,"CB Granada","CB Granada","GRA",1,76,12000,12,28,42.86,13,33,39.39,14,18,77.78,23,16,39,16,6,20,0,1,5,0,26,22,69,0,0,1,0,0,76,86,0,NA,0,0,0,0,0,0,0
1419153,1,"Liga Nacional","Liga Endesa",-402534000,NA,"https://www.acb.com/Documentos/Cabeceras/logo-competicion-1b.png","https://www.acb.com/Documentos/Cabeceras/logo-competicion-4a.png",74,2009,107,NA,NA,2145,13711,NA,NA,FALSE,1532,1533,643,"DKV Joventut","DKV Joventut","DKV",1532,13,"CB Granada","CB Granada","GRA",1,86,12000,6,14,42.86,21,47,44.68,26,30,86.67,20,12,32,10,10,10,0,5,1,4,22,26,98,0,0,0,1,0,86,76,0,NA,0,0,0,0,0,0,0
1419206,1,"Liga Nacional","Liga Endesa",-402534000,NA,"https://www.acb.com/Documentos/Cabeceras/logo-competicion-1b.png","https://www.acb.com/Documentos/Cabeceras/logo-competicion-4a.png",74,2009,107,NA,NA,2145,13713,NA,NA,FALSE,1530,1538,979,"Power Electronics Valencia","Pow. Valencia","VBC",1530,1206,"Ayuda en Acción Fuenlabrada","AeA Fuenlabrada","FUE",1,71,12000,12,23,52.17,12,35,34.29,11,12,91.67,20,11,31,10,5,18,0,1,6,2,21,18,56,0,0,1,0,0,71,84,0,NA,0,0,0,0,0,0,0
1419205,1,"Liga Nacional","Liga Endesa",-402534000,NA,"https://www.acb.com/Documentos/Cabeceras/logo-competicion-1b.png","https://www.acb.com/Documentos/Cabeceras/logo-competicion-4a.png",74,2009,107,NA,NA,2145,13713,NA,NA,TRUE,1538,1538,979,"Power Electronics Valencia","Pow. Valencia","VBC",1530,1206,"Ayuda en Acción Fuenlabrada","AeA Fuenlabrada","FUE",1,84,12000,7,21,33.33,22,40,55,19,24,79.17,22,12,34,10,10,11,0,6,1,1,18,21,98,0,0,0,1,0,84,71,0,NA,0,0,0,0,0,0,0
1419258,1,"Liga Nacional","Liga Endesa",-402534000,NA,"https://www.acb.com/Documentos/Cabeceras/logo-competicion-1b.png","https://www.acb.com/Documentos/Cabeceras/logo-competicion-4a.png",74,2009,107,NA,NA,2145,13715,NA,NA,TRUE,1541,1541,1288,"Meridiano Alicante","Meridiano Ali.","ALI",1534,779,"Real Madrid","Real Madrid","RMB",1,55,12000,5,21,23.81,15,35,42.86,10,12,83.33,15,8,23,3,6,22,0,2,1,1,21,20,27,0,0,1,0,0,55,95,0,NA,0,0,0,0,0,0,0
1419259,1,"Liga Nacional","Liga Endesa",-402534000,NA,"https://www.acb.com/Documentos/Cabeceras/logo-competicion-1b.png","https://www.acb.com/Documentos/Cabeceras/logo-competicion-4a.png",74,2009,107,NA,NA,2145,13715,NA,NA,FALSE,1534,1541,1288,"Meridiano Alicante","Meridiano Ali.","ALI",1534,779,"Real Madrid","Real Madrid","RMB",1,95,12000,15,23,65.22,20,32,62.5,10,14,71.43,25,6,31,18,12,17,0,1,2,0,20,21,115,0,0,0,1,0,95,55,0,NA,0,0,0,0,0,0,0
1419390,1,"Liga Nacional","Liga Endesa",-402534000,NA,"https://www.acb.com/Documentos/Cabeceras/logo-competicion-1b.png","https://www.acb.com/Documentos/Cabeceras/logo-competicion-4a.png",74,2009,107,NA,NA,2146,13720,NA,NA,TRUE,1531,1531,512,"Lagun Aro GBC","Lagun Aro GBC","GBC",1541,1288,"Meridiano Alicante","Meridiano Ali.","ALI",1,74,12000,5,17,29.41,15,33,45.45,29,34,85.29,22,9,31,11,9,13,0,3,2,1,20,28,86,0,0,0,1,0,74,61,0,NA,0,0,0,0,0,0,0
1419391,1,"Liga Nacional","Liga Endesa",-402534000,NA,"https://www.acb.com/Documentos/Cabeceras/logo-competicion-1b.png","https://www.acb.com/Documentos/Cabeceras/logo-competicion-4a.png",74,2009,107,NA,NA,2146,13720,NA,NA,FALSE,1541,1531,512,"Lagun Aro GBC","Lagun Aro GBC","GBC",1541,1288,"Meridiano Alicante","Meridiano Ali.","ALI",1,61,12000,5,17,29.41,18,41,43.9,10,14,71.43,21,14,35,13,7,18,0,2,3,3,28,20,50,0,0,1,0,0,61,74,0,NA,0,0,0,0,0,0,0
1419339,1,"Liga Nacional","Liga Endesa",-402534000,NA,"https://www.acb.com/Documentos/Cabeceras/logo-competicion-1b.png","https://www.acb.com/Documentos/Cabeceras/logo-competicion-4a.png",74,2009,107,NA,NA,2146,13718,NA,NA,FALSE,1540,1537,914,"CB Murcia","CB Murcia","MUR",1540,1140,"Cajasol","Cajasol","CAJ",1,83,12000,8,28,28.57,20,32,62.5,19,24,79.17,17,9,26,14,9,10,0,1,3,2,22,22,83,0,0,0,1,0,83,77,0,NA,0,0,0,0,0,0,0
1419338,1,"Liga Nacional","Liga Endesa",-402534000,NA,"https://www.acb.com/Documentos/Cabeceras/logo-competicion-1b.png","https://www.acb.com/Documentos/Cabeceras/logo-competicion-4a.png",74,2009,107,NA,NA,2146,13718,NA,NA,TRUE,1537,1537,914,"CB Murcia","CB Murcia","MUR",1540,1140,"Cajasol","Cajasol","CAJ",1,77,12000,8,20,40,19,31,61.29,15,19,78.95,24,6,30,13,6,19,0,3,1,2,22,22,81,0,0,1,0,0,77,83,0,NA,0,0,0,0,0,0,0
1419364,1,"Liga Nacional","Liga Endesa",-402534000,NA,"https://www.acb.com/Documentos/Cabeceras/logo-competicion-1b.png","https://www.acb.com/Documentos/Cabeceras/logo-competicion-4a.png",74,2009,107,NA,NA,2146,13719,NA,NA,TRUE,1539,1539,1080,"Unicaja","Unicaja","UNI",1527,290,"Bizkaia Bilbao Basket","Bizkaia Bilbao","BBB",1,66,12000,7,17,41.18,14,39,35.9,17,21,80.95,20,14,34,17,7,11,0,2,1,2,17,24,82,0,0,1,0,0,66,77,0,NA,0,0,0,0,0,0,0
1419365,1,"Liga Nacional","Liga Endesa",-402534000,NA,"https://www.acb.com/Documentos/Cabeceras/logo-competicion-1b.png","https://www.acb.com/Documentos/Cabeceras/logo-competicion-4a.png",74,2009,107,NA,NA,2146,13719,NA,NA,FALSE,1527,1539,1080,"Unicaja","Unicaja","UNI",1527,290,"Bizkaia Bilbao Basket","Bizkaia Bilbao","BBB",1,77,12000,12,30,40,16,25,64,9,10,90,19,8,27,19,7,12,0,1,2,2,24,17,82,0,0,0,1,0,77,66,0,NA,0,0,0,0,0,0,0
1419416,1,"Liga Nacional","Liga Endesa",-402534000,NA,"https://www.acb.com/Documentos/Cabeceras/logo-competicion-1b.png","https://www.acb.com/Documentos/Cabeceras/logo-competicion-4a.png",74,2009,107,NA,NA,2146,13721,NA,NA,TRUE,1534,1534,779,"Real Madrid","Real Madrid","RMB",1542,1686,"Xacobeo Blu:Sens Obradoiro","Xacobeo Obra","OBR",1,92,12000,10,25,40,22,41,53.66,18,21,85.71,22,15,37,18,8,10,0,2,5,1,18,22,109,0,0,0,1,0,92,80,0,NA,0,0,0,0,0,0,0
1419417,1,"Liga Nacional","Liga Endesa",-402534000,NA,"https://www.acb.com/Documentos/Cabeceras/logo-competicion-1b.png","https://www.acb.com/Documentos/Cabeceras/logo-competicion-4a.png",74,2009,107,NA,NA,2146,13721,NA,NA,FALSE,1542,1534,779,"Real Madrid","Real Madrid","RMB",1542,1686,"Xacobeo Blu:Sens Obradoiro","Xacobeo Obra","OBR",1,80,12000,10,21,47.62,20,35,57.14,10,18,55.56,17,7,24,12,4,14,0,5,2,2,22,18,71,0,0,1,0,0,80,92,0,NA,0,0,0,0,0,0,0
1419554,1,"Liga Nacional","Liga Endesa",-402534000,NA,"https://www.acb.com/Documentos/Cabeceras/logo-competicion-1b.png","https://www.acb.com/Documentos/Cabeceras/logo-competicion-4a.png",74,2009,107,NA,NA,2146,13726,NA,NA,FALSE,1525,1536,1858,"Blancos de Rueda Valladolid","Blancos Rueda","BRV",1525,123,"Regal FC Barcelona","Regal FCB","FCB",1,73,12000,7,18,38.89,19,40,47.5,14,20,70,25,14,39,19,8,12,0,4,5,5,18,19,89,0,0,0,1,0,73,59,0,NA,0,0,0,0,0,0,0
1419553,1,"Liga Nacional","Liga Endesa",-402534000,NA,"https://www.acb.com/Documentos/Cabeceras/logo-competicion-1b.png","https://www.acb.com/Documentos/Cabeceras/logo-competicion-4a.png",74,2009,107,NA,NA,2146,13726,NA,NA,TRUE,1536,1536,1858,"Blancos de Rueda Valladolid","Blancos Rueda","BRV",1525,123,"Regal FC Barcelona","Regal FCB","FCB",1,59,12000,3,12,25,22,50,44,6,10,60,21,13,34,8,9,14,0,5,4,2,19,18,55,0,0,1,0,0,59,73,0,NA,0,0,0,0,0,0,0
1419444,1,"Liga Nacional","Liga Endesa",-402534000,NA,"https://www.acb.com/Documentos/Cabeceras/logo-competicion-1b.png","https://www.acb.com/Documentos/Cabeceras/logo-competicion-4a.png",74,2009,107,NA,NA,2146,13722,NA,NA,FALSE,1538,1535,876,"Suzuki Manresa","Suzuki Man.","MAN",1538,979,"Power Electronics Valencia","Pow. Valencia","VBC",1,84,12000,10,20,50,12,22,54.55,30,32,93.75,18,6,24,18,5,19,0,2,2,2,26,27,91,0,0,0,1,0,84,82,0,NA,0,0,0,0,0,0,0
1419443,1,"Liga Nacional","Liga Endesa",-402534000,NA,"https://www.acb.com/Documentos/Cabeceras/logo-competicion-1b.png","https://www.acb.com/Documentos/Cabeceras/logo-competicion-4a.png",74,2009,107,NA,NA,2146,13722,NA,NA,TRUE,1535,1535,876,"Suzuki Manresa","Suzuki Man.","MAN",1538,979,"Power Electronics Valencia","Pow. Valencia","VBC",1,82,12000,8,22,36.36,19,34,55.88,20,26,76.92,14,8,22,13,10,14,0,2,2,2,27,26,77,0,0,1,0,0,82,84,0,NA,0,0,0,0,0,0,0
1419498,1,"Liga Nacional","Liga Endesa",-402534000,NA,"https://www.acb.com/Documentos/Cabeceras/logo-competicion-1b.png","https://www.acb.com/Documentos/Cabeceras/logo-competicion-4a.png",74,2009,107,NA,NA,2146,13724,NA,NA,TRUE,1526,1526,238,"Caja Laboral","Caja Laboral","CLA",1533,643,"DKV Joventut","DKV Joventut","DKV",1,104,12000,16,30,53.33,18,31,58.06,20,22,90.91,25,9,34,21,8,11,0,2,2,4,13,22,136,0,0,0,1,0,104,79,0,NA,0,0,0,0,0,0,0
1419499,1,"Liga Nacional","Liga Endesa",-402534000,NA,"https://www.acb.com/Documentos/Cabeceras/logo-competicion-1b.png","https://www.acb.com/Documentos/Cabeceras/logo-competicion-4a.png",74,2009,107,NA,NA,2146,13724,NA,NA,FALSE,1533,1526,238,"Caja Laboral","Caja Laboral","CLA",1533,643,"DKV Joventut","DKV Joventut","DKV",1,79,12000,9,28,32.14,24,46,52.17,4,6,66.67,17,13,30,18,7,11,0,2,2,4,22,13,71,0,0,1,0,0,79,104,0,NA,0,0,0,0,0,0,0
1419470,1,"Liga Nacional","Liga Endesa",-402534000,NA,"https://www.acb.com/Documentos/Cabeceras/logo-competicion-1b.png","https://www.acb.com/Documentos/Cabeceras/logo-competicion-4a.png",74,2009,107,NA,NA,2146,13723,NA,NA,TRUE,1530,1530,1206,"Ayuda en Acción Fuenlabrada","AeA Fuenlabrada","FUE",1528,350,"Gran Canaria 2014","G. Canaria 2014","GCA",1,81,12000,11,27,40.74,20,42,47.62,8,12,66.67,26,15,41,13,10,16,0,3,6,1,17,16,83,0,0,0,1,0,81,76,0,NA,0,0,0,0,0,0,0
1419471,1,"Liga Nacional","Liga Endesa",-402534000,NA,"https://www.acb.com/Documentos/Cabeceras/logo-competicion-1b.png","https://www.acb.com/Documentos/Cabeceras/logo-competicion-4a.png",74,2009,107,NA,NA,2146,13723,NA,NA,FALSE,1528,1530,1206,"Ayuda en Acción Fuenlabrada","AeA Fuenlabrada","FUE",1528,350,"Gran Canaria 2014","G. Canaria 2014","GCA",1,76,12000,7,21,33.33,26,46,56.52,3,8,37.5,23,12,35,17,10,14,0,6,3,0,16,17,89,0,0,1,0,0,76,81,0,NA,0,0,0,0,0,0,0
1419527,1,"Liga Nacional","Liga Endesa",-402534000,NA,"https://www.acb.com/Documentos/Cabeceras/logo-competicion-1b.png","https://www.acb.com/Documentos/Cabeceras/logo-competicion-4a.png",74,2009,107,NA,NA,2146,13725,NA,NA,FALSE,1529,1532,13,"CB Granada","CB Granada","GRA",1529,477,"Asefa Estudiantes","Asefa Estu","ASE",1,84,12000,10,24,41.67,19,38,50,16,22,72.73,17,15,32,18,12,11,0,3,3,2,18,25,103,0,0,0,1,0,84,75,0,NA,0,0,0,0,0,0,0
1419526,1,"Liga Nacional","Liga Endesa",-402534000,NA,"https://www.acb.com/Documentos/Cabeceras/logo-competicion-1b.png","https://www.acb.com/Documentos/Cabeceras/logo-competicion-4a.png",74,2009,107,NA,NA,2146,13725,NA,NA,TRUE,1532,1532,13,"CB Granada","CB Granada","GRA",1529,477,"Asefa Estudiantes","Asefa Estu","ASE",1,75,12000,11,26,42.31,14,24,58.33,14,20,70,20,10,30,17,6,19,0,3,3,3,25,18,71,0,0,1,0,0,75,84,0,NA,0,0,0,0,0,0,0
1419661,1,"Liga Nacional","Liga Endesa",-402534000,NA,"https://www.acb.com/Documentos/Cabeceras/logo-competicion-1b.png","https://www.acb.com/Documentos/Cabeceras/logo-competicion-4a.png",74,2009,107,NA,NA,2147,13730,NA,NA,TRUE,1533,1533,643,"DKV Joventut","DKV Joventut","DKV",1530,1206,"Ayuda en Acción Fuenlabrada","AeA Fuenlabrada","FUE",1,96,12000,14,23,60.87,19,34,55.88,16,22,72.73,22,10,32,25,5,16,0,4,1,2,24,19,110,0,0,0,1,0,96,69,0,NA,0,0,0,0,0,0,0
1419662,1,"Liga Nacional","Liga Endesa",-402534000,NA,"https://www.acb.com/Documentos/Cabeceras/logo-competicion-1b.png","https://www.acb.com/Documentos/Cabeceras/logo-competicion-4a.png",74,2009,107,NA,NA,2147,13730,NA,NA,FALSE,1530,1533,643,"DKV Joventut","DKV Joventut","DKV",1530,1206,"Ayuda en Acción Fuenlabrada","AeA Fuenlabrada","FUE",1,69,12000,5,21,23.81,15,35,42.86,24,28,85.71,15,11,26,5,14,16,0,1,4,2,19,24,60,0,0,1,0,0,69,96,0,NA,0,0,0,0,0,0,0
1419686,1,"Liga Nacional","Liga Endesa",-402534000,NA,"https://www.acb.com/Documentos/Cabeceras/logo-competicion-1b.png","https://www.acb.com/Documentos/Cabeceras/logo-competicion-4a.png",74,2009,107,NA,NA,2147,13731,NA,NA,TRUE,1528,1528,350,"Gran Canaria 2014","G. Canaria 2014","GCA",1535,876,"Suzuki Manresa","Suzuki Man.","MAN",1,90,12000,13,24,54.17,21,31,67.74,9,13,69.23,22,7,29,22,13,17,0,3,3,6,24,13,101,0,0,0,1,0,90,65,0,NA,0,0,0,0,0,0,0
1419687,1,"Liga Nacional","Liga Endesa",-402534000,NA,"https://www.acb.com/Documentos/Cabeceras/logo-competicion-1b.png","https://www.acb.com/Documentos/Cabeceras/logo-competicion-4a.png",74,2009,107,NA,NA,2147,13731,NA,NA,FALSE,1535,1528,350,"Gran Canaria 2014","G. Canaria 2014","GCA",1535,876,"Suzuki Manresa","Suzuki Man.","MAN",1,65,12000,6,18,33.33,16,36,44.44,15,21,71.43,17,11,28,9,8,18,0,3,3,0,13,24,65,0,0,1,0,0,65,90,0,NA,0,0,0,0,0,0,0
1419580,1,"Liga Nacional","Liga Endesa",-402534000,NA,"https://www.acb.com/Documentos/Cabeceras/logo-competicion-1b.png","https://www.acb.com/Documentos/Cabeceras/logo-competicion-4a.png",74,2009,107,NA,NA,2147,13727,NA,NA,TRUE,1540,1540,1140,"Cajasol","Cajasol","CAJ",1536,1858,"Blancos de Rueda Valladolid","Blancos Rueda","BRV",1,69,12000,12,26,46.15,11,32,34.38,11,21,52.38,31,12,43,13,9,19,0,3,3,0,20,20,70,0,0,0,1,0,69,64,0,NA,0,0,0,0,0,0,0
1419581,1,"Liga Nacional","Liga Endesa",-402534000,NA,"https://www.acb.com/Documentos/Cabeceras/logo-competicion-1b.png","https://www.acb.com/Documentos/Cabeceras/logo-competicion-4a.png",74,2009,107,NA,NA,2147,13727,NA,NA,FALSE,1536,1540,1140,"Cajasol","Cajasol","CAJ",1536,1858,"Blancos de Rueda Valladolid","Blancos Rueda","BRV",1,64,12000,4,18,22.22,21,50,42,10,14,71.43,25,11,36,10,12,14,0,3,3,3,20,20,61,0,0,1,0,0,64,69,0,NA,0,0,0,0,0,0,0
1419608,1,"Liga Nacional","Liga Endesa",-402534000,NA,"https://www.acb.com/Documentos/Cabeceras/logo-competicion-1b.png","https://www.acb.com/Documentos/Cabeceras/logo-competicion-4a.png",74,2009,107,NA,NA,2147,13728,NA,NA,FALSE,1532,1525,123,"Regal FC Barcelona","Regal FCB","FCB",1532,13,"CB Granada","CB Granada","GRA",1,72,12000,5,15,33.33,23,48,47.92,11,16,68.75,24,12,36,8,8,13,0,4,6,3,24,19,64,0,0,1,0,0,72,79,0,NA,0,0,0,0,0,0,0
1419607,1,"Liga Nacional","Liga Endesa",-402534000,NA,"https://www.acb.com/Documentos/Cabeceras/logo-competicion-1b.png","https://www.acb.com/Documentos/Cabeceras/logo-competicion-4a.png",74,2009,107,NA,NA,2147,13728,NA,NA,TRUE,1525,1525,123,"Regal FC Barcelona","Regal FCB","FCB",1532,13,"CB Granada","CB Granada","GRA",1,79,12000,4,19,21.05,23,39,58.97,21,26,80.77,25,9,34,15,7,11,0,6,4,2,19,24,95,0,0,0,1,0,79,72,0,NA,0,0,0,0,0,0,0
1419633,1,"Liga Nacional","Liga Endesa",-402534000,NA,"https://www.acb.com/Documentos/Cabeceras/logo-competicion-1b.png","https://www.acb.com/Documentos/Cabeceras/logo-competicion-4a.png",74,2009,107,NA,NA,2147,13729,NA,NA,TRUE,1529,1529,477,"Asefa Estudiantes","Asefa Estu","ASE",1526,238,"Caja Laboral","Caja Laboral","CLA",1,74,12000,9,25,36,16,44,36.36,15,19,78.95,24,17,41,11,14,11,0,0,2,2,15,23,87,0,0,0,1,0,74,58,0,NA,0,0,0,0,0,0,0
1419634,1,"Liga Nacional","Liga Endesa",-402534000,NA,"https://www.acb.com/Documentos/Cabeceras/logo-competicion-1b.png","https://www.acb.com/Documentos/Cabeceras/logo-competicion-4a.png",74,2009,107,NA,NA,2147,13729,NA,NA,FALSE,1526,1529,477,"Asefa Estudiantes","Asefa Estu","ASE",1526,238,"Caja Laboral","Caja Laboral","CLA",1,58,12000,9,30,30,12,21,57.14,7,10,70,27,7,34,13,5,23,0,2,0,4,23,15,48,0,0,1,0,0,58,74,0,NA,0,0,0,0,0,0,0
1419739,1,"Liga Nacional","Liga Endesa",-402534000,NA,"https://www.acb.com/Documentos/Cabeceras/logo-competicion-1b.png","https://www.acb.com/Documentos/Cabeceras/logo-competicion-4a.png",74,2009,107,NA,NA,2147,13733,NA,NA,FALSE,1531,1542,1686,"Xacobeo Blu:Sens Obradoiro","Xacobeo Obra","OBR",1531,512,"Lagun Aro GBC","Lagun Aro GBC","GBC",1,77,12000,8,27,29.63,18,31,58.06,17,22,77.27,22,15,37,12,6,22,0,4,0,4,30,24,71,0,0,1,0,0,77,86,0,NA,0,0,0,0,0,0,0
1419738,1,"Liga Nacional","Liga Endesa",-402534000,NA,"https://www.acb.com/Documentos/Cabeceras/logo-competicion-1b.png","https://www.acb.com/Documentos/Cabeceras/logo-competicion-4a.png",74,2009,107,NA,NA,2147,13733,NA,NA,TRUE,1542,1542,1686,"Xacobeo Blu:Sens Obradoiro","Xacobeo Obra","OBR",1531,512,"Lagun Aro GBC","Lagun Aro GBC","GBC",1,86,12000,9,25,36,17,34,50,25,30,83.33,16,11,27,13,8,14,0,0,4,2,24,30,84,0,0,0,1,0,86,77,0,NA,0,0,0,0,0,0,0
1419765,1,"Liga Nacional","Liga Endesa",-402534000,NA,"https://www.acb.com/Documentos/Cabeceras/logo-competicion-1b.png","https://www.acb.com/Documentos/Cabeceras/logo-competicion-4a.png",74,2009,107,NA,NA,2147,13734,NA,NA,TRUE,1541,1541,1288,"Meridiano Alicante","Meridiano Ali.","ALI",1539,1080,"Unicaja","Unicaja","UNI",1,71,12000,8,23,34.78,13,30,43.33,21,24,87.5,22,6,28,13,12,22,0,2,0,0,28,24,65,0,0,0,1,0,71,68,0,NA,0,0,0,0,0,0,0
1419766,1,"Liga Nacional","Liga Endesa",-402534000,NA,"https://www.acb.com/Documentos/Cabeceras/logo-competicion-1b.png","https://www.acb.com/Documentos/Cabeceras/logo-competicion-4a.png",74,2009,107,NA,NA,2147,13734,NA,NA,FALSE,1539,1541,1288,"Meridiano Alicante","Meridiano Ali.","ALI",1539,1080,"Unicaja","Unicaja","UNI",1,68,12000,4,20,20,18,40,45,20,31,64.52,23,15,38,14,12,21,0,0,2,1,24,28,64,0,0,1,0,0,68,71,0,NA,0,0,0,0,0,0,0
1419793,1,"Liga Nacional","Liga Endesa",-402534000,NA,"https://www.acb.com/Documentos/Cabeceras/logo-competicion-1b.png","https://www.acb.com/Documentos/Cabeceras/logo-competicion-4a.png",74,2009,107,NA,NA,2147,13735,NA,NA,FALSE,1537,1527,290,"Bizkaia Bilbao Basket","Bizkaia Bilbao","BBB",1537,914,"CB Murcia","CB Murcia","MUR",1,57,12000,7,20,35,13,34,38.24,10,12,83.33,30,12,42,11,2,18,0,3,2,0,14,20,65,0,0,1,0,0,57,58,0,NA,0,0,0,0,0,0,0
1419792,1,"Liga Nacional","Liga Endesa",-402534000,NA,"https://www.acb.com/Documentos/Cabeceras/logo-competicion-1b.png","https://www.acb.com/Documentos/Cabeceras/logo-competicion-4a.png",74,2009,107,NA,NA,2147,13735,NA,NA,TRUE,1527,1527,290,"Bizkaia Bilbao Basket","Bizkaia Bilbao","BBB",1537,914,"CB Murcia","CB Murcia","MUR",1,58,12000,8,30,26.67,14,31,45.16,6,10,60,23,9,32,11,10,11,0,2,3,1,20,14,50,0,0,0,1,0,58,57,0,NA,0,0,0,0,0,0,0
1419713,1,"Liga Nacional","Liga Endesa",-402534000,NA,"https://www.acb.com/Documentos/Cabeceras/logo-competicion-1b.png","https://www.acb.com/Documentos/Cabeceras/logo-competicion-4a.png",74,2009,107,NA,NA,2147,13732,NA,NA,FALSE,1534,1538,979,"Power Electronics Valencia","Pow. Valencia","VBC",1534,779,"Real Madrid","Real Madrid","RMB",1,78,12000,2,14,14.29,28,41,68.29,16,23,69.57,23,6,29,12,8,10,0,1,3,1,20,20,83,0,0,0,1,0,78,67,0,NA,0,0,0,0,0,0,0
1419712,1,"Liga Nacional","Liga Endesa",-402534000,NA,"https://www.acb.com/Documentos/Cabeceras/logo-competicion-1b.png","https://www.acb.com/Documentos/Cabeceras/logo-competicion-4a.png",74,2009,107,NA,NA,2147,13732,NA,NA,TRUE,1538,1538,979,"Power Electronics Valencia","Pow. Valencia","VBC",1534,779,"Real Madrid","Real Madrid","RMB",1,67,12000,5,20,25,17,33,51.52,18,21,85.71,22,5,27,5,4,13,0,3,1,1,20,20,58,0,0,1,0,0,67,78,0,NA,0,0,0,0,0,0,0
1419848,1,"Liga Nacional","Liga Endesa",-402534000,NA,"https://www.acb.com/Documentos/Cabeceras/logo-competicion-1b.png","https://www.acb.com/Documentos/Cabeceras/logo-competicion-4a.png",74,2009,107,NA,NA,2148,13737,NA,NA,FALSE,1541,1537,914,"CB Murcia","CB Murcia","MUR",1541,1288,"Meridiano Alicante","Meridiano Ali.","ALI",1,76,12000,12,26,46.15,12,24,50,16,27,59.26,25,10,35,16,6,17,0,1,3,1,22,26,81,0,0,0,1,0,76,70,0,NA,0,0,0,0,0,0,0
1419847,1,"Liga Nacional","Liga Endesa",-402534000,NA,"https://www.acb.com/Documentos/Cabeceras/logo-competicion-1b.png","https://www.acb.com/Documentos/Cabeceras/logo-competicion-4a.png",74,2009,107,NA,NA,2148,13737,NA,NA,TRUE,1537,1537,914,"CB Murcia","CB Murcia","MUR",1541,1288,"Meridiano Alicante","Meridiano Ali.","ALI",1,70,12000,7,20,35,18,39,46.15,13,22,59.09,24,12,36,10,8,12,0,3,1,1,26,22,67,0,0,1,0,0,70,76,0,NA,0,0,0,0,0,0,0
1419899,1,"Liga Nacional","Liga Endesa",-402534000,NA,"https://www.acb.com/Documentos/Cabeceras/logo-competicion-1b.png","https://www.acb.com/Documentos/Cabeceras/logo-competicion-4a.png",74,2009,107,NA,NA,2148,13739,NA,NA,TRUE,1531,1531,512,"Lagun Aro GBC","Lagun Aro GBC","GBC",1538,979,"Power Electronics Valencia","Pow. Valencia","VBC",1,76,12000,8,21,38.1,16,33,48.48,20,26,76.92,21,12,33,14,5,15,0,3,4,2,27,27,76,0,0,1,0,0,76,83,0,NA,0,0,0,0,0,0,0
1419900,1,"Liga Nacional","Liga Endesa",-402534000,NA,"https://www.acb.com/Documentos/Cabeceras/logo-competicion-1b.png","https://www.acb.com/Documentos/Cabeceras/logo-competicion-4a.png",74,2009,107,NA,NA,2148,13739,NA,NA,FALSE,1538,1531,512,"Lagun Aro GBC","Lagun Aro GBC","GBC",1538,979,"Power Electronics Valencia","Pow. Valencia","VBC",1,83,12000,6,18,33,21,34,61,23,29,79,19,7,26,11,11,10,0,4,3,2,27,27,91,0,0,0,11,0,83,76,0,0,0,0,0,0,0,0,0
1419955,1,"Liga Nacional","Liga Endesa",-402534000,NA,"https://www.acb.com/Documentos/Cabeceras/logo-competicion-1b.png","https://www.acb.com/Documentos/Cabeceras/logo-competicion-4a.png",74,2009,107,NA,NA,2148,13741,NA,NA,FALSE,1533,1535,876,"Suzuki Manresa","Suzuki Man.","MAN",1533,643,"DKV Joventut","DKV Joventut","DKV",1,84,12000,8,28,28.57,19,27,70.37,22,28,78.57,27,11,38,11,5,22,0,5,1,1,30,27,83,0,0,0,1,0,84,78,0,NA,0,0,0,0,0,0,0
1419954,1,"Liga Nacional","Liga Endesa",-402534000,NA,"https://www.acb.com/Documentos/Cabeceras/logo-competicion-1b.png","https://www.acb.com/Documentos/Cabeceras/logo-competicion-4a.png",74,2009,107,NA,NA,2148,13741,NA,NA,TRUE,1535,1535,876,"Suzuki Manresa","Suzuki Man.","MAN",1533,643,"DKV Joventut","DKV Joventut","DKV",1,78,12000,4,22,18.18,19,38,50,28,39,71.79,18,11,29,11,8,14,0,1,5,1,27,30,63,0,0,1,0,0,78,84,0,NA,0,0,0,0,0,0,0
1419983,1,"Liga Nacional","Liga Endesa",-402534000,NA,"https://www.acb.com/Documentos/Cabeceras/logo-competicion-1b.png","https://www.acb.com/Documentos/Cabeceras/logo-competicion-4a.png",74,2009,107,NA,NA,2148,13742,NA,NA,FALSE,1529,1530,1206,"Ayuda en Acción Fuenlabrada","AeA Fuenlabrada","FUE",1529,477,"Asefa Estudiantes","Asefa Estu","ASE",1,82,12000,8,28,28.57,20,40,50,18,23,78.26,27,10,37,10,4,13,0,4,2,1,23,23,77,0,0,1,0,0,82,86,0,NA,0,0,0,0,0,0,0
1419982,1,"Liga Nacional","Liga Endesa",-402534000,NA,"https://www.acb.com/Documentos/Cabeceras/logo-competicion-1b.png","https://www.acb.com/Documentos/Cabeceras/logo-competicion-4a.png",74,2009,107,NA,NA,2148,13742,NA,NA,TRUE,1530,1530,1206,"Ayuda en Acción Fuenlabrada","AeA Fuenlabrada","FUE",1529,477,"Asefa Estudiantes","Asefa Estu","ASE",1,86,12000,7,25,28,24,38,63.16,17,24,70.83,32,8,40,23,7,15,0,2,4,5,23,23,100,0,0,0,1,0,86,82,0,NA,0,0,0,0,0,0,0
1420037,1,"Liga Nacional","Liga Endesa",-402534000,NA,"https://www.acb.com/Documentos/Cabeceras/logo-competicion-1b.png","https://www.acb.com/Documentos/Cabeceras/logo-competicion-4a.png",74,2009,107,NA,NA,2148,13744,NA,NA,TRUE,1532,1532,13,"CB Granada","CB Granada","GRA",1536,1858,"Blancos de Rueda Valladolid","Blancos Rueda","BRV",1,83,12000,9,23,39.13,22,33,66.67,12,19,63.16,24,7,31,15,4,15,0,5,1,2,23,20,87,0,0,0,1,0,83,73,0,NA,0,0,0,0,0,0,0
1420038,1,"Liga Nacional","Liga Endesa",-402534000,NA,"https://www.acb.com/Documentos/Cabeceras/logo-competicion-1b.png","https://www.acb.com/Documentos/Cabeceras/logo-competicion-4a.png",74,2009,107,NA,NA,2148,13744,NA,NA,FALSE,1536,1532,13,"CB Granada","CB Granada","GRA",1536,1858,"Blancos de Rueda Valladolid","Blancos Rueda","BRV",1,73,12000,4,19,21.05,22,40,55,17,26,65.38,22,10,32,9,9,11,0,1,5,3,20,23,69,0,0,1,0,0,73,83,0,NA,0,0,0,0,0,0,0
1419819,1,"Liga Nacional","Liga Endesa",-402534000,NA,"https://www.acb.com/Documentos/Cabeceras/logo-competicion-1b.png","https://www.acb.com/Documentos/Cabeceras/logo-competicion-4a.png",74,2009,107,NA,NA,2148,13736,NA,NA,TRUE,1527,1527,290,"Bizkaia Bilbao Basket","Bizkaia Bilbao","BBB",1540,1140,"Cajasol","Cajasol","CAJ",1,63,12000,5,20,25,17,31,54.84,14,17,82.35,29,7,36,13,10,12,0,1,1,0,20,20,78,0,0,0,1,0,63,60,0,NA,0,0,0,0,0,0,0
1419820,1,"Liga Nacional","Liga Endesa",-402534000,NA,"https://www.acb.com/Documentos/Cabeceras/logo-competicion-1b.png","https://www.acb.com/Documentos/Cabeceras/logo-competicion-4a.png",74,2009,107,NA,NA,2148,13736,NA,NA,FALSE,1540,1527,290,"Bizkaia Bilbao Basket","Bizkaia Bilbao","BBB",1540,1140,"Cajasol","Cajasol","CAJ",1,60,12000,6,27,22.22,15,31,48.39,12,16,75,23,10,33,11,10,11,0,1,1,0,20,20,62,0,0,1,0,0,60,63,0,NA,0,0,0,0,0,0,0
1419873,1,"Liga Nacional","Liga Endesa",-402534000,NA,"https://www.acb.com/Documentos/Cabeceras/logo-competicion-1b.png","https://www.acb.com/Documentos/Cabeceras/logo-competicion-4a.png",74,2009,107,NA,NA,2148,13738,NA,NA,TRUE,1539,1539,1080,"Unicaja","Unicaja","UNI",1542,1686,"Xacobeo Blu:Sens Obradoiro","Xacobeo Obra","OBR",1,89,12000,9,18,50,23,39,58,16,20,80,27,11,38,26,9,16,0,3,2,4,16,21,123,0,0,0,12,0,89,58,0,0,0,0,0,0,0,0,0
1419874,1,"Liga Nacional","Liga Endesa",-402534000,NA,"https://www.acb.com/Documentos/Cabeceras/logo-competicion-1b.png","https://www.acb.com/Documentos/Cabeceras/logo-competicion-4a.png",74,2009,107,NA,NA,2148,13738,NA,NA,FALSE,1542,1539,1080,"Unicaja","Unicaja","UNI",1542,1686,"Xacobeo Blu:Sens Obradoiro","Xacobeo Obra","OBR",1,58,12000,8,28,28.57,13,31,41.94,8,12,66.67,15,11,26,15,13,16,0,2,3,2,21,16,48,0,0,1,0,0,58,89,0,NA,0,0,0,0,0,0,0
1419926,1,"Liga Nacional","Liga Endesa",-402534000,NA,"https://www.acb.com/Documentos/Cabeceras/logo-competicion-1b.png","https://www.acb.com/Documentos/Cabeceras/logo-competicion-4a.png",74,2009,107,NA,NA,2148,13740,NA,NA,TRUE,1534,1534,779,"Real Madrid","Real Madrid","RMB",1528,350,"Gran Canaria 2014","G. Canaria 2014","GCA",1,74,12000,2,16,12.5,21,39,53.85,26,37,70.27,22,12,34,17,11,10,0,4,0,1,26,27,88,0,0,0,1,0,74,73,0,NA,0,0,0,0,0,0,0
1419927,1,"Liga Nacional","Liga Endesa",-402534000,NA,"https://www.acb.com/Documentos/Cabeceras/logo-competicion-1b.png","https://www.acb.com/Documentos/Cabeceras/logo-competicion-4a.png",74,2009,107,NA,NA,2148,13740,NA,NA,FALSE,1528,1534,779,"Real Madrid","Real Madrid","RMB",1528,350,"Gran Canaria 2014","G. Canaria 2014","GCA",1,73,12000,8,21,38.1,18,33,54.55,13,22,59.09,27,6,33,11,6,15,0,0,4,0,27,26,66,0,0,1,0,0,73,74,0,NA,0,0,0,0,0,0,0
1420010,1,"Liga Nacional","Liga Endesa",-402534000,NA,"https://www.acb.com/Documentos/Cabeceras/logo-competicion-1b.png","https://www.acb.com/Documentos/Cabeceras/logo-competicion-4a.png",74,2009,107,NA,NA,2148,13743,NA,NA,TRUE,1526,1526,238,"Caja Laboral","Caja Laboral","CLA",1525,123,"Regal FC Barcelona","Regal FCB","FCB",1,79,12000,6,15,40,24,43,55.81,13,15,86.67,21,6,27,11,3,14,0,2,3,2,18,19,76,0,0,1,0,0,79,86,0,NA,0,0,0,0,0,0,0
1420011,1,"Liga Nacional","Liga Endesa",-402534000,NA,"https://www.acb.com/Documentos/Cabeceras/logo-competicion-1b.png","https://www.acb.com/Documentos/Cabeceras/logo-competicion-4a.png",74,2009,107,NA,NA,2148,13743,NA,NA,FALSE,1525,1526,238,"Caja Laboral","Caja Laboral","CLA",1525,123,"Regal FC Barcelona","Regal FCB","FCB",1,86,12000,10,24,41.67,23,42,54.76,10,11,90.91,21,12,33,15,8,8,0,3,2,4,19,18,100,0,0,0,1,0,86,79,0,NA,0,0,0,0,0,0,0
1420198,1,"Liga Nacional","Liga Endesa",-402534000,NA,"https://www.acb.com/Documentos/Cabeceras/logo-competicion-1b.png","https://www.acb.com/Documentos/Cabeceras/logo-competicion-4a.png",74,2009,107,NA,NA,2149,13750,NA,NA,TRUE,1528,1528,350,"Gran Canaria 2014","G. Canaria 2014","GCA",1531,512,"Lagun Aro GBC","Lagun Aro GBC","GBC",1,83,12000,10,25,40,22,41,53.66,9,12,75,25,9,34,23,12,14,0,2,3,3,19,16,97,0,0,0,1,0,83,68,0,NA,0,0,0,0,0,0,0
1420199,1,"Liga Nacional","Liga Endesa",-402534000,NA,"https://www.acb.com/Documentos/Cabeceras/logo-competicion-1b.png","https://www.acb.com/Documentos/Cabeceras/logo-competicion-4a.png",74,2009,107,NA,NA,2149,13750,NA,NA,FALSE,1531,1528,350,"Gran Canaria 2014","G. Canaria 2014","GCA",1531,512,"Lagun Aro GBC","Lagun Aro GBC","GBC",1,68,12000,4,21,19.05,21,41,51.22,14,16,87.5,25,12,37,11,7,18,0,3,2,1,16,19,70,0,0,1,0,0,68,83,0,NA,0,0,0,0,0,0,0
1420091,1,"Liga Nacional","Liga Endesa",-402534000,NA,"https://www.acb.com/Documentos/Cabeceras/logo-competicion-1b.png","https://www.acb.com/Documentos/Cabeceras/logo-competicion-4a.png",74,2009,107,NA,NA,2149,13746,NA,NA,FALSE,1526,1536,1858,"Blancos de Rueda Valladolid","Blancos Rueda","BRV",1526,238,"Caja Laboral","Caja Laboral","CLA",1,86,12000,10,28,35.71,18,34,52.94,20,24,83.33,20,8,28,21,7,4,0,2,3,1,19,22,102,0,0,0,1,0,86,70,0,NA,0,0,0,0,0,0,0
1420090,1,"Liga Nacional","Liga Endesa",-402534000,NA,"https://www.acb.com/Documentos/Cabeceras/logo-competicion-1b.png","https://www.acb.com/Documentos/Cabeceras/logo-competicion-4a.png",74,2009,107,NA,NA,2149,13746,NA,NA,TRUE,1536,1536,1858,"Blancos de Rueda Valladolid","Blancos Rueda","BRV",1526,238,"Caja Laboral","Caja Laboral","CLA",1,70,12000,3,17,17.65,25,41,60.98,11,13,84.62,25,9,34,14,4,13,0,3,2,4,22,19,75,0,0,1,0,0,70,86,0,NA,0,0,0,0,0,0,0
1420146,1,"Liga Nacional","Liga Endesa",-402534000,NA,"https://www.acb.com/Documentos/Cabeceras/logo-competicion-1b.png","https://www.acb.com/Documentos/Cabeceras/logo-competicion-4a.png",74,2009,107,NA,NA,2149,13748,NA,NA,FALSE,1535,1529,477,"Asefa Estudiantes","Asefa Estu","ASE",1535,876,"Suzuki Manresa","Suzuki Man.","MAN",1,67,12000,9,28,32.14,11,31,35.48,18,22,81.82,15,11,26,14,10,19,0,1,3,1,20,22,55,0,0,1,0,0,67,96,0,NA,0,0,0,0,0,0,0
1420145,1,"Liga Nacional","Liga Endesa",-402534000,NA,"https://www.acb.com/Documentos/Cabeceras/logo-competicion-1b.png","https://www.acb.com/Documentos/Cabeceras/logo-competicion-4a.png",74,2009,107,NA,NA,2149,13748,NA,NA,TRUE,1529,1529,477,"Asefa Estudiantes","Asefa Estu","ASE",1535,876,"Suzuki Manresa","Suzuki Man.","MAN",1,96,12000,7,18,38.89,29,41,70.73,17,23,73.91,26,9,35,21,13,13,0,3,1,3,22,20,123,0,0,0,1,0,96,67,0,NA,0,0,0,0,0,0,0
1420254,1,"Liga Nacional","Liga Endesa",-402534000,NA,"https://www.acb.com/Documentos/Cabeceras/logo-competicion-1b.png","https://www.acb.com/Documentos/Cabeceras/logo-competicion-4a.png",74,2009,107,NA,NA,2149,13752,NA,NA,FALSE,1537,1542,1686,"Xacobeo Blu:Sens Obradoiro","Xacobeo Obra","OBR",1537,914,"CB Murcia","CB Murcia","MUR",1,79,12000,9,24,37.5,17,39,43.59,18,22,81.82,33,12,45,17,8,19,0,3,2,2,26,24,88,0,0,0,1,0,79,67,0,NA,0,0,0,0,0,0,0
1420253,1,"Liga Nacional","Liga Endesa",-402534000,NA,"https://www.acb.com/Documentos/Cabeceras/logo-competicion-1b.png","https://www.acb.com/Documentos/Cabeceras/logo-competicion-4a.png",74,2009,107,NA,NA,2149,13752,NA,NA,TRUE,1542,1542,1686,"Xacobeo Blu:Sens Obradoiro","Xacobeo Obra","OBR",1537,914,"CB Murcia","CB Murcia","MUR",1,67,12000,7,31,22.58,15,35,42.86,16,24,66.67,20,12,32,16,11,14,0,2,3,1,24,26,61,0,0,1,0,0,67,79,0,NA,0,0,0,0,0,0,0
1420281,1,"Liga Nacional","Liga Endesa",-402534000,NA,"https://www.acb.com/Documentos/Cabeceras/logo-competicion-1b.png","https://www.acb.com/Documentos/Cabeceras/logo-competicion-4a.png",74,2009,107,NA,NA,2149,13753,NA,NA,FALSE,1527,1541,1288,"Meridiano Alicante","Meridiano Ali.","ALI",1527,290,"Bizkaia Bilbao Basket","Bizkaia Bilbao","BBB",1,76,12000,7,22,31.82,20,27,74.07,15,22,68.18,21,8,29,13,7,20,0,0,3,0,24,21,70,0,0,0,1,0,76,74,0,NA,0,0,0,0,0,0,0
1420280,1,"Liga Nacional","Liga Endesa",-402534000,NA,"https://www.acb.com/Documentos/Cabeceras/logo-competicion-1b.png","https://www.acb.com/Documentos/Cabeceras/logo-competicion-4a.png",74,2009,107,NA,NA,2149,13753,NA,NA,TRUE,1541,1541,1288,"Meridiano Alicante","Meridiano Ali.","ALI",1527,290,"Bizkaia Bilbao Basket","Bizkaia Bilbao","BBB",1,74,12000,11,22,50,12,28,42.86,17,20,85,17,7,24,10,10,17,0,3,0,3,21,24,77,0,0,1,0,0,74,76,0,NA,0,0,0,0,0,0,0
1420226,1,"Liga Nacional","Liga Endesa",-402534000,NA,"https://www.acb.com/Documentos/Cabeceras/logo-competicion-1b.png","https://www.acb.com/Documentos/Cabeceras/logo-competicion-4a.png",74,2009,107,NA,NA,2149,13751,NA,NA,FALSE,1539,1538,979,"Power Electronics Valencia","Pow. Valencia","VBC",1539,1080,"Unicaja","Unicaja","UNI",1,87,12000,11,22,50,18,34,52,18,20,90,15,8,23,14,13,18,0,2,4,1,23,23,88,0,0,12,0,0,87,92,0,0,0,0,0,0,0,0,0
1420225,1,"Liga Nacional","Liga Endesa",-402534000,NA,"https://www.acb.com/Documentos/Cabeceras/logo-competicion-1b.png","https://www.acb.com/Documentos/Cabeceras/logo-competicion-4a.png",74,2009,107,NA,NA,2149,13751,NA,NA,TRUE,1538,1538,979,"Power Electronics Valencia","Pow. Valencia","VBC",1539,1080,"Unicaja","Unicaja","UNI",1,92,12000,9,17,52.94,20,31,64.52,25,26,96.15,21,5,26,16,7,18,0,4,2,1,23,23,105,0,0,0,1,0,92,87,0,NA,0,0,0,0,0,0,0
1420064,1,"Liga Nacional","Liga Endesa",-402534000,NA,"https://www.acb.com/Documentos/Cabeceras/logo-competicion-1b.png","https://www.acb.com/Documentos/Cabeceras/logo-competicion-4a.png",74,2009,107,NA,NA,2149,13745,NA,NA,TRUE,1540,1540,1140,"Cajasol","Cajasol","CAJ",1532,13,"CB Granada","CB Granada","GRA",1,74,12000,7,29,24.14,16,36,44.44,21,26,80.77,18,13,31,9,6,9,0,0,6,0,21,24,61,0,0,1,0,0,74,85,0,NA,0,0,0,0,0,0,0
1420065,1,"Liga Nacional","Liga Endesa",-402534000,NA,"https://www.acb.com/Documentos/Cabeceras/logo-competicion-1b.png","https://www.acb.com/Documentos/Cabeceras/logo-competicion-4a.png",74,2009,107,NA,NA,2149,13745,NA,NA,FALSE,1532,1540,1140,"Cajasol","Cajasol","CAJ",1532,13,"CB Granada","CB Granada","GRA",1,85,12000,12,24,50,16,29,55.17,17,23,73.91,28,7,35,15,7,15,0,6,0,5,24,21,99,0,0,0,1,0,85,74,0,NA,0,0,0,0,0,0,0
1420119,1,"Liga Nacional","Liga Endesa",-402534000,NA,"https://www.acb.com/Documentos/Cabeceras/logo-competicion-1b.png","https://www.acb.com/Documentos/Cabeceras/logo-competicion-4a.png",74,2009,107,NA,NA,2149,13747,NA,NA,FALSE,1530,1525,123,"Regal FC Barcelona","Regal FCB","FCB",1530,1206,"Ayuda en Acción Fuenlabrada","AeA Fuenlabrada","FUE",1,66,12000,7,19,36.84,16,43,37.21,13,17,76.47,31,12,43,8,5,12,0,0,5,1,18,18,62,0,0,1,0,0,66,71,0,NA,0,0,0,0,0,0,0
1420118,1,"Liga Nacional","Liga Endesa",-402534000,NA,"https://www.acb.com/Documentos/Cabeceras/logo-competicion-1b.png","https://www.acb.com/Documentos/Cabeceras/logo-competicion-4a.png",74,2009,107,NA,NA,2149,13747,NA,NA,TRUE,1525,1525,123,"Regal FC Barcelona","Regal FCB","FCB",1530,1206,"Ayuda en Acción Fuenlabrada","AeA Fuenlabrada","FUE",1,71,12000,6,24,25,22,35,62.86,9,13,69.23,26,3,29,13,5,7,0,5,0,6,18,18,81,0,0,0,1,0,71,66,0,NA,0,0,0,0,0,0,0
1420172,1,"Liga Nacional","Liga Endesa",-402534000,NA,"https://www.acb.com/Documentos/Cabeceras/logo-competicion-1b.png","https://www.acb.com/Documentos/Cabeceras/logo-competicion-4a.png",74,2009,107,NA,NA,2149,13749,NA,NA,TRUE,1533,1533,643,"DKV Joventut","DKV Joventut","DKV",1534,779,"Real Madrid","Real Madrid","RMB",1,76,12000,10,30,33.33,19,37,51.35,8,10,80,17,11,28,17,12,11,0,1,3,1,18,16,78,0,0,1,0,0,76,82,0,NA,0,0,0,0,0,0,0
1420173,1,"Liga Nacional","Liga Endesa",-402534000,NA,"https://www.acb.com/Documentos/Cabeceras/logo-competicion-1b.png","https://www.acb.com/Documentos/Cabeceras/logo-competicion-4a.png",74,2009,107,NA,NA,2149,13749,NA,NA,FALSE,1534,1533,643,"DKV Joventut","DKV Joventut","DKV",1534,779,"Real Madrid","Real Madrid","RMB",1,82,12000,13,22,59.09,15,30,50,13,17,76.47,25,7,32,17,7,17,0,3,1,1,16,18,97,0,0,0,1,0,82,76,0,NA,0,0,0,0,0,0,0
1420496,1,"Liga Nacional","Liga Endesa",-402534000,NA,"https://www.acb.com/Documentos/Cabeceras/logo-competicion-1b.png","https://www.acb.com/Documentos/Cabeceras/logo-competicion-4a.png",74,2009,107,NA,NA,2150,13761,NA,NA,FALSE,1536,1530,1206,"Ayuda en Acción Fuenlabrada","AeA Fuenlabrada","FUE",1536,1858,"Blancos de Rueda Valladolid","Blancos Rueda","BRV",1,70,12000,6,17,35.29,21,47,44.68,10,15,66.67,32,7,39,11,6,12,0,1,6,1,24,15,58,0,0,1,0,0,70,78,0,NA,0,0,0,0,0,0,0
1420495,1,"Liga Nacional","Liga Endesa",-402534000,NA,"https://www.acb.com/Documentos/Cabeceras/logo-competicion-1b.png","https://www.acb.com/Documentos/Cabeceras/logo-competicion-4a.png",74,2009,107,NA,NA,2150,13761,NA,NA,TRUE,1530,1530,1206,"Ayuda en Acción Fuenlabrada","AeA Fuenlabrada","FUE",1536,1858,"Blancos de Rueda Valladolid","Blancos Rueda","BRV",1,78,12000,10,25,40,18,36,50,12,23,52.17,30,7,37,13,5,10,0,6,1,1,15,24,93,0,0,0,1,0,78,70,0,NA,0,0,0,0,0,0,0
1420334,1,"Liga Nacional","Liga Endesa",-402534000,NA,"https://www.acb.com/Documentos/Cabeceras/logo-competicion-1b.png","https://www.acb.com/Documentos/Cabeceras/logo-competicion-4a.png",74,2009,107,NA,NA,2150,13755,NA,NA,FALSE,1542,1527,290,"Bizkaia Bilbao Basket","Bizkaia Bilbao","BBB",1542,1686,"Xacobeo Blu:Sens Obradoiro","Xacobeo Obra","OBR",1,58,12000,5,18,27.78,18,33,54.55,7,8,87.5,19,3,22,6,7,22,0,3,2,0,13,14,44,0,0,1,0,0,58,98,0,NA,0,0,0,0,0,0,0
1420333,1,"Liga Nacional","Liga Endesa",-402534000,NA,"https://www.acb.com/Documentos/Cabeceras/logo-competicion-1b.png","https://www.acb.com/Documentos/Cabeceras/logo-competicion-4a.png",74,2009,107,NA,NA,2150,13755,NA,NA,TRUE,1527,1527,290,"Bizkaia Bilbao Basket","Bizkaia Bilbao","BBB",1542,1686,"Xacobeo Blu:Sens Obradoiro","Xacobeo Obra","OBR",1,98,12000,14,29,48.28,24,36,66.67,8,11,72.73,27,7,34,23,14,12,0,2,3,4,14,13,125,0,0,0,1,0,98,58,0,NA,0,0,0,0,0,0,0
1420523,1,"Liga Nacional","Liga Endesa",-402534000,NA,"https://www.acb.com/Documentos/Cabeceras/logo-competicion-1b.png","https://www.acb.com/Documentos/Cabeceras/logo-competicion-4a.png",74,2009,107,NA,NA,2150,13762,NA,NA,FALSE,1532,1526,238,"Caja Laboral","Caja Laboral","CLA",1532,13,"CB Granada","CB Granada","GRA",1,69,12000,9,25,36,17,39,43.59,8,15,53.33,20,9,29,16,10,14,0,4,0,3,19,20,70,0,0,1,0,0,69,70,0,NA,0,0,0,0,0,0,0
1420522,1,"Liga Nacional","Liga Endesa",-402534000,NA,"https://www.acb.com/Documentos/Cabeceras/logo-competicion-1b.png","https://www.acb.com/Documentos/Cabeceras/logo-competicion-4a.png",74,2009,107,NA,NA,2150,13762,NA,NA,TRUE,1526,1526,238,"Caja Laboral","Caja Laboral","CLA",1532,13,"CB Granada","CB Granada","GRA",1,70,12000,7,23,30.43,18,35,51.43,13,18,72.22,28,14,42,10,9,21,0,0,4,2,20,19,67,0,0,0,1,0,70,69,0,NA,0,0,0,0,0,0,0
1420309,1,"Liga Nacional","Liga Endesa",-402534000,NA,"https://www.acb.com/Documentos/Cabeceras/logo-competicion-1b.png","https://www.acb.com/Documentos/Cabeceras/logo-competicion-4a.png",74,2009,107,NA,NA,2150,13754,NA,NA,FALSE,1540,1541,1288,"Meridiano Alicante","Meridiano Ali.","ALI",1540,1140,"Cajasol","Cajasol","CAJ",1,63,12000,6,19,31.58,13,38,34.21,19,24,79.17,23,12,35,8,10,21,0,1,4,0,26,23,46,0,0,0,1,0,63,62,0,NA,0,0,0,0,0,0,0
1420308,1,"Liga Nacional","Liga Endesa",-402534000,NA,"https://www.acb.com/Documentos/Cabeceras/logo-competicion-1b.png","https://www.acb.com/Documentos/Cabeceras/logo-competicion-4a.png",74,2009,107,NA,NA,2150,13754,NA,NA,TRUE,1541,1541,1288,"Meridiano Alicante","Meridiano Ali.","ALI",1540,1140,"Cajasol","Cajasol","CAJ",1,62,12000,4,17,23.53,16,32,50,18,29,62.07,25,5,30,9,13,16,0,4,1,0,23,26,64,0,0,1,0,0,62,63,0,NA,0,0,0,0,0,0,0
1420360,1,"Liga Nacional","Liga Endesa",-402534000,NA,"https://www.acb.com/Documentos/Cabeceras/logo-competicion-1b.png","https://www.acb.com/Documentos/Cabeceras/logo-competicion-4a.png",74,2009,107,NA,NA,2150,13756,NA,NA,TRUE,1537,1537,914,"CB Murcia","CB Murcia","MUR",1538,979,"Power Electronics Valencia","Pow. Valencia","VBC",1,92,12000,8,23,34.78,24,39,61.54,20,24,83.33,20,13,33,11,7,16,0,2,0,3,21,22,96,0,0,1,0,0,92,96,0,NA,0,0,0,0,0,0,0
1420361,1,"Liga Nacional","Liga Endesa",-402534000,NA,"https://www.acb.com/Documentos/Cabeceras/logo-competicion-1b.png","https://www.acb.com/Documentos/Cabeceras/logo-competicion-4a.png",74,2009,107,NA,NA,2150,13756,NA,NA,FALSE,1538,1537,914,"CB Murcia","CB Murcia","MUR",1538,979,"Power Electronics Valencia","Pow. Valencia","VBC",1,96,12000,13,25,52,19,34,55.88,19,24,79.17,18,8,26,18,9,13,0,0,2,3,22,21,101,0,0,0,1,0,96,92,0,NA,0,0,0,0,0,0,0
1420387,1,"Liga Nacional","Liga Endesa",-402534000,NA,"https://www.acb.com/Documentos/Cabeceras/logo-competicion-1b.png","https://www.acb.com/Documentos/Cabeceras/logo-competicion-4a.png",74,2009,107,NA,NA,2150,13757,NA,NA,TRUE,1539,1539,1080,"Unicaja","Unicaja","UNI",1528,350,"Gran Canaria 2014","G. Canaria 2014","GCA",1,86,12000,10,32,31,21,36,58,14,18,77,22,12,34,21,11,9,0,5,0,1,15,17,109,0,0,0,12,0,86,66,0,0,0,0,0,0,0,0,0
1420388,1,"Liga Nacional","Liga Endesa",-402534000,NA,"https://www.acb.com/Documentos/Cabeceras/logo-competicion-1b.png","https://www.acb.com/Documentos/Cabeceras/logo-competicion-4a.png",74,2009,107,NA,NA,2150,13757,NA,NA,FALSE,1528,1539,1080,"Unicaja","Unicaja","UNI",1528,350,"Gran Canaria 2014","G. Canaria 2014","GCA",1,66,12000,5,18,27.78,20,41,48.78,11,14,78.57,24,12,36,9,5,20,0,0,5,1,17,15,52,0,0,1,0,0,66,86,0,NA,0,0,0,0,0,0,0
1420415,1,"Liga Nacional","Liga Endesa",-402534000,NA,"https://www.acb.com/Documentos/Cabeceras/logo-competicion-1b.png","https://www.acb.com/Documentos/Cabeceras/logo-competicion-4a.png",74,2009,107,NA,NA,2150,13758,NA,NA,FALSE,1533,1531,512,"Lagun Aro GBC","Lagun Aro GBC","GBC",1533,643,"DKV Joventut","DKV Joventut","DKV",1,70,12000,9,18,50,16,33,48.48,11,15,73.33,18,7,25,21,9,14,0,2,3,4,15,18,83,0,0,1,0,0,70,78,0,NA,0,0,0,0,0,0,0
1420414,1,"Liga Nacional","Liga Endesa",-402534000,NA,"https://www.acb.com/Documentos/Cabeceras/logo-competicion-1b.png","https://www.acb.com/Documentos/Cabeceras/logo-competicion-4a.png",74,2009,107,NA,NA,2150,13758,NA,NA,TRUE,1531,1531,512,"Lagun Aro GBC","Lagun Aro GBC","GBC",1533,643,"DKV Joventut","DKV Joventut","DKV",1,78,12000,10,19,52.63,20,37,54.05,8,15,53.33,20,9,29,18,9,13,0,3,2,1,18,15,86,0,0,0,1,0,78,70,0,NA,0,0,0,0,0,0,0
1420469,1,"Liga Nacional","Liga Endesa",-402534000,NA,"https://www.acb.com/Documentos/Cabeceras/logo-competicion-1b.png","https://www.acb.com/Documentos/Cabeceras/logo-competicion-4a.png",74,2009,107,NA,NA,2150,13760,NA,NA,TRUE,1535,1535,876,"Suzuki Manresa","Suzuki Man.","MAN",1525,123,"Regal FC Barcelona","Regal FCB","FCB",1,82,13500,8,26,30.77,16,37,43.24,26,35,74.29,22,11,33,9,9,13,0,3,5,1,32,30,68,0,0,1,0,0,82,87,0,NA,0,0,0,0,0,0,0
1420470,1,"Liga Nacional","Liga Endesa",-402534000,NA,"https://www.acb.com/Documentos/Cabeceras/logo-competicion-1b.png","https://www.acb.com/Documentos/Cabeceras/logo-competicion-4a.png",74,2009,107,NA,NA,2150,13760,NA,NA,FALSE,1525,1535,876,"Suzuki Manresa","Suzuki Man.","MAN",1525,123,"Regal FC Barcelona","Regal FCB","FCB",1,87,13500,9,30,30,17,29,58.62,26,34,76.47,31,9,40,17,9,16,0,5,3,1,30,32,100,0,0,0,1,0,87,82,0,NA,0,0,0,0,0,0,0
1420441,1,"Liga Nacional","Liga Endesa",-402534000,NA,"https://www.acb.com/Documentos/Cabeceras/logo-competicion-1b.png","https://www.acb.com/Documentos/Cabeceras/logo-competicion-4a.png",74,2009,107,NA,NA,2150,13759,NA,NA,TRUE,1534,1534,779,"Real Madrid","Real Madrid","RMB",1529,477,"Asefa Estudiantes","Asefa Estu","ASE",1,101,12000,17,29,58.62,24,38,63.16,2,2,100,18,12,30,30,10,15,0,4,1,1,23,13,123,0,0,0,1,0,101,77,0,NA,0,0,0,0,0,0,0
1420442,1,"Liga Nacional","Liga Endesa",-402534000,NA,"https://www.acb.com/Documentos/Cabeceras/logo-competicion-1b.png","https://www.acb.com/Documentos/Cabeceras/logo-competicion-4a.png",74,2009,107,NA,NA,2150,13759,NA,NA,FALSE,1529,1534,779,"Real Madrid","Real Madrid","RMB",1529,477,"Asefa Estudiantes","Asefa Estu","ASE",1,77,12000,7,17,41.18,20,36,55.56,16,21,76.19,13,7,20,13,10,20,0,1,4,1,13,23,76,0,0,1,0,0,77,101,0,NA,0,0,0,0,0,0,0
1420549,1,"Liga Nacional","Liga Endesa",-402534000,NA,"https://www.acb.com/Documentos/Cabeceras/logo-competicion-1b.png","https://www.acb.com/Documentos/Cabeceras/logo-competicion-4a.png",74,2009,107,NA,NA,2151,13763,NA,NA,FALSE,1526,1540,1140,"Cajasol","Cajasol","CAJ",1526,238,"Caja Laboral","Caja Laboral","CLA",1,78,12000,6,19,31.58,23,37,62.16,14,16,87.5,20,15,35,17,9,18,0,1,3,1,19,19,90,0,0,0,1,0,78,65,0,NA,0,0,0,0,0,0,0
1420548,1,"Liga Nacional","Liga Endesa",-402534000,NA,"https://www.acb.com/Documentos/Cabeceras/logo-competicion-1b.png","https://www.acb.com/Documentos/Cabeceras/logo-competicion-4a.png",74,2009,107,NA,NA,2151,13763,NA,NA,TRUE,1540,1540,1140,"Cajasol","Cajasol","CAJ",1526,238,"Caja Laboral","Caja Laboral","CLA",1,65,12000,6,26,23.08,19,36,52.78,9,12,75,13,16,29,13,4,15,0,3,1,1,19,19,58,0,0,1,0,0,65,78,0,NA,0,0,0,0,0,0,0
1420657,1,"Liga Nacional","Liga Endesa",-402534000,NA,"https://www.acb.com/Documentos/Cabeceras/logo-competicion-1b.png","https://www.acb.com/Documentos/Cabeceras/logo-competicion-4a.png",74,2009,107,NA,NA,2151,13767,NA,NA,TRUE,1529,1529,477,"Asefa Estudiantes","Asefa Estu","ASE",1531,512,"Lagun Aro GBC","Lagun Aro GBC","GBC",1,74,12000,10,25,40,16,44,36.36,12,14,85.71,17,11,28,9,8,5,0,2,7,0,14,21,71,0,0,0,1,0,74,73,0,NA,0,0,0,0,0,0,0
1420658,1,"Liga Nacional","Liga Endesa",-402534000,NA,"https://www.acb.com/Documentos/Cabeceras/logo-competicion-1b.png","https://www.acb.com/Documentos/Cabeceras/logo-competicion-4a.png",74,2009,107,NA,NA,2151,13767,NA,NA,FALSE,1531,1529,477,"Asefa Estudiantes","Asefa Estu","ASE",1531,512,"Lagun Aro GBC","Lagun Aro GBC","GBC",1,73,12000,12,26,46.15,14,27,51.85,9,11,81.82,29,8,37,12,3,16,0,7,2,1,21,14,78,0,0,1,0,0,73,74,0,NA,0,0,0,0,0,0,0
1420685,1,"Liga Nacional","Liga Endesa",-402534000,NA,"https://www.acb.com/Documentos/Cabeceras/logo-competicion-1b.png","https://www.acb.com/Documentos/Cabeceras/logo-competicion-4a.png",74,2009,107,NA,NA,2151,13768,NA,NA,TRUE,1533,1533,643,"DKV Joventut","DKV Joventut","DKV",1539,1080,"Unicaja","Unicaja","UNI",1,67,12000,4,20,20,23,44,52.27,9,13,69.23,21,12,33,13,6,18,0,3,2,4,17,15,59,0,0,1,0,0,67,90,0,NA,0,0,0,0,0,0,0
1420686,1,"Liga Nacional","Liga Endesa",-402534000,NA,"https://www.acb.com/Documentos/Cabeceras/logo-competicion-1b.png","https://www.acb.com/Documentos/Cabeceras/logo-competicion-4a.png",74,2009,107,NA,NA,2151,13768,NA,NA,FALSE,1539,1533,643,"DKV Joventut","DKV Joventut","DKV",1539,1080,"Unicaja","Unicaja","UNI",1,90,12000,8,19,42,27,45,60,12,17,70,24,8,32,21,12,11,0,2,3,5,15,17,111,0,0,0,12,0,90,67,0,0,0,0,0,0,0,0,0
1420711,1,"Liga Nacional","Liga Endesa",-402534000,NA,"https://www.acb.com/Documentos/Cabeceras/logo-competicion-1b.png","https://www.acb.com/Documentos/Cabeceras/logo-competicion-4a.png",74,2009,107,NA,NA,2151,13769,NA,NA,TRUE,1528,1528,350,"Gran Canaria 2014","G. Canaria 2014","GCA",1537,914,"CB Murcia","CB Murcia","MUR",1,95,12000,10,21,47.62,19,46,41.3,27,30,90,27,13,40,18,8,10,0,3,4,1,22,22,109,0,0,0,1,0,95,91,0,NA,0,0,0,0,0,0,0
1420712,1,"Liga Nacional","Liga Endesa",-402534000,NA,"https://www.acb.com/Documentos/Cabeceras/logo-competicion-1b.png","https://www.acb.com/Documentos/Cabeceras/logo-competicion-4a.png",74,2009,107,NA,NA,2151,13769,NA,NA,FALSE,1537,1528,350,"Gran Canaria 2014","G. Canaria 2014","GCA",1537,914,"CB Murcia","CB Murcia","MUR",1,91,12000,18,41,43.9,11,28,39.29,15,19,78.95,27,13,40,15,3,14,0,4,3,2,22,22,92,0,0,1,0,0,91,95,0,NA,0,0,0,0,0,0,0
1420765,1,"Liga Nacional","Liga Endesa",-402534000,NA,"https://www.acb.com/Documentos/Cabeceras/logo-competicion-1b.png","https://www.acb.com/Documentos/Cabeceras/logo-competicion-4a.png",74,2009,107,NA,NA,2151,13771,NA,NA,FALSE,1541,1542,1686,"Xacobeo Blu:Sens Obradoiro","Xacobeo Obra","OBR",1541,1288,"Meridiano Alicante","Meridiano Ali.","ALI",1,91,12000,12,23,52.17,17,35,48.57,21,29,72.41,29,16,45,10,10,17,0,2,2,4,24,22,100,0,0,0,1,0,91,65,0,NA,0,0,0,0,0,0,0
1420764,1,"Liga Nacional","Liga Endesa",-402534000,NA,"https://www.acb.com/Documentos/Cabeceras/logo-competicion-1b.png","https://www.acb.com/Documentos/Cabeceras/logo-competicion-4a.png",74,2009,107,NA,NA,2151,13771,NA,NA,TRUE,1542,1542,1686,"Xacobeo Blu:Sens Obradoiro","Xacobeo Obra","OBR",1541,1288,"Meridiano Alicante","Meridiano Ali.","ALI",1,65,12000,8,28,28.57,13,29,44.83,15,21,71.43,17,6,23,8,11,14,0,2,2,1,22,24,53,0,0,1,0,0,65,91,0,NA,0,0,0,0,0,0,0
1420737,1,"Liga Nacional","Liga Endesa",-402534000,NA,"https://www.acb.com/Documentos/Cabeceras/logo-competicion-1b.png","https://www.acb.com/Documentos/Cabeceras/logo-competicion-4a.png",74,2009,107,NA,NA,2151,13770,NA,NA,TRUE,1538,1538,979,"Power Electronics Valencia","Pow. Valencia","VBC",1527,290,"Bizkaia Bilbao Basket","Bizkaia Bilbao","BBB",1,83,12000,10,17,58.82,15,31,48.39,23,28,82.14,18,7,25,13,8,13,0,3,2,3,20,26,95,0,0,0,1,0,83,75,0,NA,0,0,0,0,0,0,0
1420738,1,"Liga Nacional","Liga Endesa",-402534000,NA,"https://www.acb.com/Documentos/Cabeceras/logo-competicion-1b.png","https://www.acb.com/Documentos/Cabeceras/logo-competicion-4a.png",74,2009,107,NA,NA,2151,13770,NA,NA,FALSE,1527,1538,979,"Power Electronics Valencia","Pow. Valencia","VBC",1527,290,"Bizkaia Bilbao Basket","Bizkaia Bilbao","BBB",1,75,12000,7,26,26.92,21,36,58.33,12,15,80,15,15,30,17,4,14,0,2,3,1,26,20,68,0,0,1,0,0,75,83,0,NA,0,0,0,0,0,0,0
1420577,1,"Liga Nacional","Liga Endesa",-402534000,NA,"https://www.acb.com/Documentos/Cabeceras/logo-competicion-1b.png","https://www.acb.com/Documentos/Cabeceras/logo-competicion-4a.png",74,2009,107,NA,NA,2151,13764,NA,NA,FALSE,1530,1532,13,"CB Granada","CB Granada","GRA",1530,1206,"Ayuda en Acción Fuenlabrada","AeA Fuenlabrada","FUE",1,75,12000,8,28,28.57,18,35,51.43,15,23,65.22,20,14,34,13,8,19,0,1,3,1,22,23,65,0,0,1,0,0,75,86,0,NA,0,0,0,0,0,0,0
1420576,1,"Liga Nacional","Liga Endesa",-402534000,NA,"https://www.acb.com/Documentos/Cabeceras/logo-competicion-1b.png","https://www.acb.com/Documentos/Cabeceras/logo-competicion-4a.png",74,2009,107,NA,NA,2151,13764,NA,NA,TRUE,1532,1532,13,"CB Granada","CB Granada","GRA",1530,1206,"Ayuda en Acción Fuenlabrada","AeA Fuenlabrada","FUE",1,86,12000,6,15,40,24,42,57.14,20,25,80,21,6,27,14,10,13,0,3,1,7,23,22,93,0,0,0,1,0,86,75,0,NA,0,0,0,0,0,0,0
1420603,1,"Liga Nacional","Liga Endesa",-402534000,NA,"https://www.acb.com/Documentos/Cabeceras/logo-competicion-1b.png","https://www.acb.com/Documentos/Cabeceras/logo-competicion-4a.png",74,2009,107,NA,NA,2151,13765,NA,NA,FALSE,1535,1536,1858,"Blancos de Rueda Valladolid","Blancos Rueda","BRV",1535,876,"Suzuki Manresa","Suzuki Man.","MAN",1,74,12000,9,25,36,18,34,52.94,11,15,73.33,27,7,34,10,9,13,0,5,3,1,20,16,76,0,0,0,1,0,74,68,0,NA,0,0,0,0,0,0,0
1420602,1,"Liga Nacional","Liga Endesa",-402534000,NA,"https://www.acb.com/Documentos/Cabeceras/logo-competicion-1b.png","https://www.acb.com/Documentos/Cabeceras/logo-competicion-4a.png",74,2009,107,NA,NA,2151,13765,NA,NA,TRUE,1536,1536,1858,"Blancos de Rueda Valladolid","Blancos Rueda","BRV",1535,876,"Suzuki Manresa","Suzuki Man.","MAN",1,68,12000,7,21,33.33,16,38,42.11,15,19,78.95,25,10,35,12,6,14,0,3,5,4,16,20,69,0,0,1,0,0,68,74,0,NA,0,0,0,0,0,0,0
1420631,1,"Liga Nacional","Liga Endesa",-402534000,NA,"https://www.acb.com/Documentos/Cabeceras/logo-competicion-1b.png","https://www.acb.com/Documentos/Cabeceras/logo-competicion-4a.png",74,2009,107,NA,NA,2151,13766,NA,NA,FALSE,1534,1525,123,"Regal FC Barcelona","Regal FCB","FCB",1534,779,"Real Madrid","Real Madrid","RMB",1,73,12000,9,18,50,11,35,31.43,24,30,80,20,10,30,11,9,14,0,4,3,1,28,24,67,0,0,1,0,0,73,78,0,NA,0,0,0,0,0,0,0
1420630,1,"Liga Nacional","Liga Endesa",-402534000,NA,"https://www.acb.com/Documentos/Cabeceras/logo-competicion-1b.png","https://www.acb.com/Documentos/Cabeceras/logo-competicion-4a.png",74,2009,107,NA,NA,2151,13766,NA,NA,TRUE,1525,1525,123,"Regal FC Barcelona","Regal FCB","FCB",1534,779,"Real Madrid","Real Madrid","RMB",1,78,12000,8,25,32,16,36,44.44,22,28,78.57,24,17,41,14,10,17,0,3,4,1,24,28,86,0,0,0,1,0,78,73,0,NA,0,0,0,0,0,0,0
1420846,1,"Liga Nacional","Liga Endesa",-402534000,NA,"https://www.acb.com/Documentos/Cabeceras/logo-competicion-1b.png","https://www.acb.com/Documentos/Cabeceras/logo-competicion-4a.png",74,2009,107,NA,NA,2152,13774,NA,NA,TRUE,1527,1527,290,"Bizkaia Bilbao Basket","Bizkaia Bilbao","BBB",1528,350,"Gran Canaria 2014","G. Canaria 2014","GCA",1,75,12000,10,30,33.33,14,32,43.75,17,22,77.27,19,11,30,20,10,9,0,1,0,1,19,23,88,0,0,0,1,0,75,65,0,NA,0,0,0,0,0,0,0
1420847,1,"Liga Nacional","Liga Endesa",-402534000,NA,"https://www.acb.com/Documentos/Cabeceras/logo-competicion-1b.png","https://www.acb.com/Documentos/Cabeceras/logo-competicion-4a.png",74,2009,107,NA,NA,2152,13774,NA,NA,FALSE,1528,1527,290,"Bizkaia Bilbao Basket","Bizkaia Bilbao","BBB",1528,350,"Gran Canaria 2014","G. Canaria 2014","GCA",1,65,12000,4,19,21.05,20,32,62.5,13,16,81.25,29,8,37,5,5,18,0,0,1,1,23,19,59,0,0,1,0,0,65,75,0,NA,0,0,0,0,0,0,0
1420820,1,"Liga Nacional","Liga Endesa",-402534000,NA,"https://www.acb.com/Documentos/Cabeceras/logo-competicion-1b.png","https://www.acb.com/Documentos/Cabeceras/logo-competicion-4a.png",74,2009,107,NA,NA,2152,13773,NA,NA,FALSE,1538,1541,1288,"Meridiano Alicante","Meridiano Ali.","ALI",1538,979,"Power Electronics Valencia","Pow. Valencia","VBC",1,75,12000,7,16,43.75,16,31,51.61,22,28,78.57,22,3,25,8,7,16,0,0,1,1,22,27,73,0,0,1,0,0,75,83,0,NA,0,0,0,0,0,0,0
1420819,1,"Liga Nacional","Liga Endesa",-402534000,NA,"https://www.acb.com/Documentos/Cabeceras/logo-competicion-1b.png","https://www.acb.com/Documentos/Cabeceras/logo-competicion-4a.png",74,2009,107,NA,NA,2152,13773,NA,NA,TRUE,1541,1541,1288,"Meridiano Alicante","Meridiano Ali.","ALI",1538,979,"Power Electronics Valencia","Pow. Valencia","VBC",1,83,12000,12,24,50,18,32,56.25,11,19,57.89,22,6,28,16,7,13,0,1,0,4,27,22,83,0,0,0,1,0,83,75,0,NA,0,0,0,0,0,0,0
1420982,1,"Liga Nacional","Liga Endesa",-402534000,NA,"https://www.acb.com/Documentos/Cabeceras/logo-competicion-1b.png","https://www.acb.com/Documentos/Cabeceras/logo-competicion-4a.png",74,2009,107,NA,NA,2152,13779,NA,NA,TRUE,1535,1535,876,"Suzuki Manresa","Suzuki Man.","MAN",1532,13,"CB Granada","CB Granada","GRA",1,68,12000,5,24,20.83,18,40,45,17,20,85,31,12,43,10,3,10,0,1,3,2,26,25,67,0,0,1,0,0,68,72,0,NA,0,0,0,0,0,0,0
1420983,1,"Liga Nacional","Liga Endesa",-402534000,NA,"https://www.acb.com/Documentos/Cabeceras/logo-competicion-1b.png","https://www.acb.com/Documentos/Cabeceras/logo-competicion-4a.png",74,2009,107,NA,NA,2152,13779,NA,NA,FALSE,1532,1535,876,"Suzuki Manresa","Suzuki Man.","MAN",1532,13,"CB Granada","CB Granada","GRA",1,72,12000,7,20,35,12,29,41.38,27,34,79.41,30,1,31,10,4,9,0,3,1,1,25,26,74,0,0,0,1,0,72,68,0,NA,0,0,0,0,0,0,0
1420792,1,"Liga Nacional","Liga Endesa",-402534000,NA,"https://www.acb.com/Documentos/Cabeceras/logo-competicion-1b.png","https://www.acb.com/Documentos/Cabeceras/logo-competicion-4a.png",74,2009,107,NA,NA,2152,13772,NA,NA,TRUE,1542,1542,1686,"Xacobeo Blu:Sens Obradoiro","Xacobeo Obra","OBR",1540,1140,"Cajasol","Cajasol","CAJ",1,78,12000,10,24,41.67,15,32,46.88,18,25,72,16,7,23,12,6,15,0,6,2,2,31,25,64,0,0,1,0,0,78,91,0,NA,0,0,0,0,0,0,0
1420793,1,"Liga Nacional","Liga Endesa",-402534000,NA,"https://www.acb.com/Documentos/Cabeceras/logo-competicion-1b.png","https://www.acb.com/Documentos/Cabeceras/logo-competicion-4a.png",74,2009,107,NA,NA,2152,13772,NA,NA,FALSE,1540,1542,1686,"Xacobeo Blu:Sens Obradoiro","Xacobeo Obra","OBR",1540,1140,"Cajasol","Cajasol","CAJ",1,91,12000,11,26,42.31,13,28,46.43,32,38,84.21,27,16,43,17,11,18,0,2,6,1,25,31,110,0,0,0,1,0,91,78,0,NA,0,0,0,0,0,0,0
1420874,1,"Liga Nacional","Liga Endesa",-402534000,NA,"https://www.acb.com/Documentos/Cabeceras/logo-competicion-1b.png","https://www.acb.com/Documentos/Cabeceras/logo-competicion-4a.png",74,2009,107,NA,NA,2152,13775,NA,NA,TRUE,1537,1537,914,"CB Murcia","CB Murcia","MUR",1533,643,"DKV Joventut","DKV Joventut","DKV",1,86,12000,11,29,37.93,20,40,50,13,21,61.9,19,14,33,15,5,8,0,2,3,3,15,21,90,0,0,1,0,0,86,87,0,NA,0,0,0,0,0,0,0
1420875,1,"Liga Nacional","Liga Endesa",-402534000,NA,"https://www.acb.com/Documentos/Cabeceras/logo-competicion-1b.png","https://www.acb.com/Documentos/Cabeceras/logo-competicion-4a.png",74,2009,107,NA,NA,2152,13775,NA,NA,FALSE,1533,1537,914,"CB Murcia","CB Murcia","MUR",1533,643,"DKV Joventut","DKV Joventut","DKV",1,87,12000,8,19,42.11,27,45,60,9,15,60,24,11,35,22,7,13,0,3,2,5,21,15,98,0,0,0,1,0,87,86,0,NA,0,0,0,0,0,0,0
1420902,1,"Liga Nacional","Liga Endesa",-402534000,NA,"https://www.acb.com/Documentos/Cabeceras/logo-competicion-1b.png","https://www.acb.com/Documentos/Cabeceras/logo-competicion-4a.png",74,2009,107,NA,NA,2152,13776,NA,NA,TRUE,1539,1539,1080,"Unicaja","Unicaja","UNI",1529,477,"Asefa Estudiantes","Asefa Estu","ASE",1,96,12000,11,23,47,25,37,67,13,14,92,15,5,20,23,8,12,0,5,1,5,21,16,109,0,0,0,11,0,96,93,0,0,0,0,0,0,0,0,0
1420903,1,"Liga Nacional","Liga Endesa",-402534000,NA,"https://www.acb.com/Documentos/Cabeceras/logo-competicion-1b.png","https://www.acb.com/Documentos/Cabeceras/logo-competicion-4a.png",74,2009,107,NA,NA,2152,13776,NA,NA,FALSE,1529,1539,1080,"Unicaja","Unicaja","UNI",1529,477,"Asefa Estudiantes","Asefa Estu","ASE",1,93,12000,9,19,47.37,26,39,66.67,14,18,77.78,17,8,25,15,8,15,0,1,5,1,16,21,100,0,0,1,0,0,93,96,0,NA,0,0,0,0,0,0,0
1420956,1,"Liga Nacional","Liga Endesa",-402534000,NA,"https://www.acb.com/Documentos/Cabeceras/logo-competicion-1b.png","https://www.acb.com/Documentos/Cabeceras/logo-competicion-4a.png",74,2009,107,NA,NA,2152,13778,NA,NA,FALSE,1536,1534,779,"Real Madrid","Real Madrid","RMB",1536,1858,"Blancos de Rueda Valladolid","Blancos Rueda","BRV",1,71,12000,9,22,40.91,17,32,53.12,10,11,90.91,20,6,26,8,5,14,0,4,4,1,20,17,64,0,0,1,0,0,71,91,0,NA,0,0,0,0,0,0,0
1420955,1,"Liga Nacional","Liga Endesa",-402534000,NA,"https://www.acb.com/Documentos/Cabeceras/logo-competicion-1b.png","https://www.acb.com/Documentos/Cabeceras/logo-competicion-4a.png",74,2009,107,NA,NA,2152,13778,NA,NA,TRUE,1534,1534,779,"Real Madrid","Real Madrid","RMB",1536,1858,"Blancos de Rueda Valladolid","Blancos Rueda","BRV",1,91,12000,18,29,62.07,12,29,41.38,13,18,72.22,21,9,30,25,11,10,0,4,4,1,17,20,117,0,0,0,1,0,91,71,0,NA,0,0,0,0,0,0,0
1421009,1,"Liga Nacional","Liga Endesa",-402534000,NA,"https://www.acb.com/Documentos/Cabeceras/logo-competicion-1b.png","https://www.acb.com/Documentos/Cabeceras/logo-competicion-4a.png",74,2009,107,NA,NA,2152,13780,NA,NA,FALSE,1526,1530,1206,"Ayuda en Acción Fuenlabrada","AeA Fuenlabrada","FUE",1526,238,"Caja Laboral","Caja Laboral","CLA",1,86,12000,10,27,37.04,23,36,63.89,10,13,76.92,23,10,33,15,5,9,0,0,0,1,16,19,100,0,0,0,1,0,86,80,0,NA,0,0,0,0,0,0,0
1421008,1,"Liga Nacional","Liga Endesa",-402534000,NA,"https://www.acb.com/Documentos/Cabeceras/logo-competicion-1b.png","https://www.acb.com/Documentos/Cabeceras/logo-competicion-4a.png",74,2009,107,NA,NA,2152,13780,NA,NA,TRUE,1530,1530,1206,"Ayuda en Acción Fuenlabrada","AeA Fuenlabrada","FUE",1526,238,"Caja Laboral","Caja Laboral","CLA",1,80,12000,11,33,33.33,21,34,61.76,5,8,62.5,19,9,28,10,4,8,0,0,0,1,19,16,73,0,0,1,0,0,80,86,0,NA,0,0,0,0,0,0,0
1420930,1,"Liga Nacional","Liga Endesa",-402534000,NA,"https://www.acb.com/Documentos/Cabeceras/logo-competicion-1b.png","https://www.acb.com/Documentos/Cabeceras/logo-competicion-4a.png",74,2009,107,NA,NA,2152,13777,NA,NA,FALSE,1525,1531,512,"Lagun Aro GBC","Lagun Aro GBC","GBC",1525,123,"Regal FC Barcelona","Regal FCB","FCB",1,60,12000,8,23,34.78,13,28,46.43,10,18,55.56,21,12,33,12,7,17,0,3,2,1,16,21,63,0,0,1,0,0,60,71,0,NA,0,0,0,0,0,0,0
1420929,1,"Liga Nacional","Liga Endesa",-402534000,NA,"https://www.acb.com/Documentos/Cabeceras/logo-competicion-1b.png","https://www.acb.com/Documentos/Cabeceras/logo-competicion-4a.png",74,2009,107,NA,NA,2152,13777,NA,NA,TRUE,1531,1531,512,"Lagun Aro GBC","Lagun Aro GBC","GBC",1525,123,"Regal FC Barcelona","Regal FCB","FCB",1,71,12000,10,23,43.48,17,34,50,7,9,77.78,21,8,29,17,9,13,0,2,3,2,21,16,75,0,0,0,1,0,71,60,0,NA,0,0,0,0,0,0,0
1421061,1,"Liga Nacional","Liga Endesa",-402534000,NA,"https://www.acb.com/Documentos/Cabeceras/logo-competicion-1b.png","https://www.acb.com/Documentos/Cabeceras/logo-competicion-4a.png",74,2009,107,NA,NA,2153,13782,NA,NA,TRUE,1526,1526,238,"Caja Laboral","Caja Laboral","CLA",1535,876,"Suzuki Manresa","Suzuki Man.","MAN",1,78,12000,7,20,35,23,34,67.65,11,13,84.62,26,6,32,14,7,19,0,3,2,4,18,18,87,0,0,0,1,0,78,69,0,NA,0,0,0,0,0,0,0
1421062,1,"Liga Nacional","Liga Endesa",-402534000,NA,"https://www.acb.com/Documentos/Cabeceras/logo-competicion-1b.png","https://www.acb.com/Documentos/Cabeceras/logo-competicion-4a.png",74,2009,107,NA,NA,2153,13782,NA,NA,FALSE,1535,1526,238,"Caja Laboral","Caja Laboral","CLA",1535,876,"Suzuki Manresa","Suzuki Man.","MAN",1,69,12000,8,19,42.11,16,36,44.44,13,16,81.25,19,5,24,8,7,13,0,2,3,0,18,18,60,0,0,1,0,0,69,78,0,NA,0,0,0,0,0,0,0
1421037,1,"Liga Nacional","Liga Endesa",-402534000,NA,"https://www.acb.com/Documentos/Cabeceras/logo-competicion-1b.png","https://www.acb.com/Documentos/Cabeceras/logo-competicion-4a.png",74,2009,107,NA,NA,2153,13781,NA,NA,FALSE,1530,1540,1140,"Cajasol","Cajasol","CAJ",1530,1206,"Ayuda en Acción Fuenlabrada","AeA Fuenlabrada","FUE",1,56,12000,3,22,13.64,18,32,56.25,11,16,68.75,16,8,24,8,9,20,0,0,3,2,17,20,39,0,0,1,0,0,56,78,0,NA,0,0,0,0,0,0,0
1421036,1,"Liga Nacional","Liga Endesa",-402534000,NA,"https://www.acb.com/Documentos/Cabeceras/logo-competicion-1b.png","https://www.acb.com/Documentos/Cabeceras/logo-competicion-4a.png",74,2009,107,NA,NA,2153,13781,NA,NA,TRUE,1540,1540,1140,"Cajasol","Cajasol","CAJ",1530,1206,"Ayuda en Acción Fuenlabrada","AeA Fuenlabrada","FUE",1,78,12000,8,22,36.36,22,31,70.97,10,12,83.33,24,8,32,15,11,19,0,3,0,3,20,17,92,0,0,0,1,0,78,56,0,NA,0,0,0,0,0,0,0
1421088,1,"Liga Nacional","Liga Endesa",-402534000,NA,"https://www.acb.com/Documentos/Cabeceras/logo-competicion-1b.png","https://www.acb.com/Documentos/Cabeceras/logo-competicion-4a.png",74,2009,107,NA,NA,2153,13783,NA,NA,TRUE,1532,1532,13,"CB Granada","CB Granada","GRA",1534,779,"Real Madrid","Real Madrid","RMB",1,66,12000,5,18,27.78,17,36,47.22,17,23,73.91,26,9,35,10,3,14,0,5,3,1,21,21,64,0,0,1,0,0,66,71,0,NA,0,0,0,0,0,0,0
1421089,1,"Liga Nacional","Liga Endesa",-402534000,NA,"https://www.acb.com/Documentos/Cabeceras/logo-competicion-1b.png","https://www.acb.com/Documentos/Cabeceras/logo-competicion-4a.png",74,2009,107,NA,NA,2153,13783,NA,NA,FALSE,1534,1532,13,"CB Granada","CB Granada","GRA",1534,779,"Real Madrid","Real Madrid","RMB",1,71,12000,8,29,27.59,16,32,50,15,19,78.95,24,11,35,16,12,12,0,3,5,1,21,21,79,0,0,0,1,0,71,66,0,NA,0,0,0,0,0,0,0
1421114,1,"Liga Nacional","Liga Endesa",-402534000,NA,"https://www.acb.com/Documentos/Cabeceras/logo-competicion-1b.png","https://www.acb.com/Documentos/Cabeceras/logo-competicion-4a.png",74,2009,107,NA,NA,2153,13784,NA,NA,TRUE,1536,1536,1858,"Blancos de Rueda Valladolid","Blancos Rueda","BRV",1531,512,"Lagun Aro GBC","Lagun Aro GBC","GBC",1,61,12000,3,14,21.43,21,42,50,10,15,66.67,32,8,40,8,13,12,0,5,0,1,14,16,80,0,0,0,1,0,61,39,0,NA,0,0,0,0,0,0,0
1421115,1,"Liga Nacional","Liga Endesa",-402534000,NA,"https://www.acb.com/Documentos/Cabeceras/logo-competicion-1b.png","https://www.acb.com/Documentos/Cabeceras/logo-competicion-4a.png",74,2009,107,NA,NA,2153,13784,NA,NA,FALSE,1531,1536,1858,"Blancos de Rueda Valladolid","Blancos Rueda","BRV",1531,512,"Lagun Aro GBC","Lagun Aro GBC","GBC",1,39,12000,4,28,14.29,13,38,34.21,1,8,12.5,26,19,45,6,6,17,0,0,5,0,16,14,16,0,0,1,0,0,39,61,0,NA,0,0,0,0,0,0,0
1421198,1,"Liga Nacional","Liga Endesa",-402534000,NA,"https://www.acb.com/Documentos/Cabeceras/logo-competicion-1b.png","https://www.acb.com/Documentos/Cabeceras/logo-competicion-4a.png",74,2009,107,NA,NA,2153,13787,NA,NA,FALSE,1527,1533,643,"DKV Joventut","DKV Joventut","DKV",1527,290,"Bizkaia Bilbao Basket","Bizkaia Bilbao","BBB",1,72,12000,6,20,30,20,37,54.05,14,16,87.5,26,9,35,13,7,15,0,7,2,0,24,20,80,0,0,0,1,0,72,66,0,NA,0,0,0,0,0,0,0
1421197,1,"Liga Nacional","Liga Endesa",-402534000,NA,"https://www.acb.com/Documentos/Cabeceras/logo-competicion-1b.png","https://www.acb.com/Documentos/Cabeceras/logo-competicion-4a.png",74,2009,107,NA,NA,2153,13787,NA,NA,TRUE,1533,1533,643,"DKV Joventut","DKV Joventut","DKV",1527,290,"Bizkaia Bilbao Basket","Bizkaia Bilbao","BBB",1,66,12000,6,18,33.33,16,38,42.11,16,21,76.19,21,11,32,14,8,14,0,2,7,2,20,24,66,0,0,1,0,0,66,72,0,NA,0,0,0,0,0,0,0
1421248,1,"Liga Nacional","Liga Endesa",-402534000,NA,"https://www.acb.com/Documentos/Cabeceras/logo-competicion-1b.png","https://www.acb.com/Documentos/Cabeceras/logo-competicion-4a.png",74,2009,107,NA,NA,2153,13789,NA,NA,TRUE,1538,1538,979,"Power Electronics Valencia","Pow. Valencia","VBC",1542,1686,"Xacobeo Blu:Sens Obradoiro","Xacobeo Obra","OBR",1,81,12000,11,25,44,15,33,45.45,18,25,72,25,11,36,16,6,13,0,4,3,3,17,25,96,0,0,0,1,0,81,64,0,NA,0,0,0,0,0,0,0
1421249,1,"Liga Nacional","Liga Endesa",-402534000,NA,"https://www.acb.com/Documentos/Cabeceras/logo-competicion-1b.png","https://www.acb.com/Documentos/Cabeceras/logo-competicion-4a.png",74,2009,107,NA,NA,2153,13789,NA,NA,FALSE,1542,1538,979,"Power Electronics Valencia","Pow. Valencia","VBC",1542,1686,"Xacobeo Blu:Sens Obradoiro","Xacobeo Obra","OBR",1,64,12000,6,20,30,14,35,40,18,19,94.74,23,10,33,11,9,15,0,3,4,1,25,17,57,0,0,1,0,0,64,81,0,NA,0,0,0,0,0,0,0
1421142,1,"Liga Nacional","Liga Endesa",-402534000,NA,"https://www.acb.com/Documentos/Cabeceras/logo-competicion-1b.png","https://www.acb.com/Documentos/Cabeceras/logo-competicion-4a.png",74,2009,107,NA,NA,2153,13785,NA,NA,TRUE,1525,1525,123,"Regal FC Barcelona","Regal FCB","FCB",1539,1080,"Unicaja","Unicaja","UNI",1,84,12000,5,19,26.32,29,42,69.05,11,12,91.67,25,12,37,16,9,17,0,5,2,8,25,16,95,0,0,0,1,0,84,74,0,NA,0,0,0,0,0,0,0
1421143,1,"Liga Nacional","Liga Endesa",-402534000,NA,"https://www.acb.com/Documentos/Cabeceras/logo-competicion-1b.png","https://www.acb.com/Documentos/Cabeceras/logo-competicion-4a.png",74,2009,107,NA,NA,2153,13785,NA,NA,FALSE,1539,1525,123,"Regal FC Barcelona","Regal FCB","FCB",1539,1080,"Unicaja","Unicaja","UNI",1,74,12000,3,17,17,21,47,44,23,25,92,16,13,29,11,11,12,0,2,5,2,16,25,77,0,0,12,0,0,74,84,0,0,0,0,0,0,0,0,0
1421170,1,"Liga Nacional","Liga Endesa",-402534000,NA,"https://www.acb.com/Documentos/Cabeceras/logo-competicion-1b.png","https://www.acb.com/Documentos/Cabeceras/logo-competicion-4a.png",74,2009,107,NA,NA,2153,13786,NA,NA,TRUE,1529,1529,477,"Asefa Estudiantes","Asefa Estu","ASE",1537,914,"CB Murcia","CB Murcia","MUR",1,75,12000,5,27,18.52,22,42,52.38,16,25,64,28,15,43,16,12,10,0,3,3,3,17,21,89,0,0,0,1,0,75,64,0,NA,0,0,0,0,0,0,0
1421171,1,"Liga Nacional","Liga Endesa",-402534000,NA,"https://www.acb.com/Documentos/Cabeceras/logo-competicion-1b.png","https://www.acb.com/Documentos/Cabeceras/logo-competicion-4a.png",74,2009,107,NA,NA,2153,13786,NA,NA,FALSE,1537,1529,477,"Asefa Estudiantes","Asefa Estu","ASE",1537,914,"CB Murcia","CB Murcia","MUR",1,64,12000,9,25,36,15,39,38.46,7,10,70,27,11,38,15,7,18,0,3,3,4,21,17,59,0,0,1,0,0,64,75,0,NA,0,0,0,0,0,0,0
1421223,1,"Liga Nacional","Liga Endesa",-402534000,NA,"https://www.acb.com/Documentos/Cabeceras/logo-competicion-1b.png","https://www.acb.com/Documentos/Cabeceras/logo-competicion-4a.png",74,2009,107,NA,NA,2153,13788,NA,NA,TRUE,1528,1528,350,"Gran Canaria 2014","G. Canaria 2014","GCA",1541,1288,"Meridiano Alicante","Meridiano Ali.","ALI",1,82,12000,9,20,45,23,43,53.49,9,10,90,22,14,36,15,4,14,0,4,4,3,20,17,88,0,0,0,1,0,82,77,0,NA,0,0,0,0,0,0,0
1421224,1,"Liga Nacional","Liga Endesa",-402534000,NA,"https://www.acb.com/Documentos/Cabeceras/logo-competicion-1b.png","https://www.acb.com/Documentos/Cabeceras/logo-competicion-4a.png",74,2009,107,NA,NA,2153,13788,NA,NA,FALSE,1541,1528,350,"Gran Canaria 2014","G. Canaria 2014","GCA",1541,1288,"Meridiano Alicante","Meridiano Ali.","ALI",1,77,12000,9,26,34.62,21,31,67.74,8,11,72.73,18,7,25,17,6,12,0,4,4,0,17,20,86,0,0,1,0,0,77,82,0,NA,0,0,0,0,0,0,0
1421440,1,"Liga Nacional","Liga Endesa",-402534000,NA,"https://www.acb.com/Documentos/Cabeceras/logo-competicion-1b.png","https://www.acb.com/Documentos/Cabeceras/logo-competicion-4a.png",74,2009,107,NA,NA,2154,13796,NA,NA,TRUE,1531,1531,512,"Lagun Aro GBC","Lagun Aro GBC","GBC",1532,13,"CB Granada","CB Granada","GRA",1,84,12000,5,23,21.74,23,36,63.89,23,30,76.67,21,12,33,15,10,13,0,4,3,2,26,25,91,0,0,0,1,0,84,81,0,NA,0,0,0,0,0,0,0
1421441,1,"Liga Nacional","Liga Endesa",-402534000,NA,"https://www.acb.com/Documentos/Cabeceras/logo-competicion-1b.png","https://www.acb.com/Documentos/Cabeceras/logo-competicion-4a.png",74,2009,107,NA,NA,2154,13796,NA,NA,FALSE,1532,1531,512,"Lagun Aro GBC","Lagun Aro GBC","GBC",1532,13,"CB Granada","CB Granada","GRA",1,81,12000,7,17,41.18,21,39,53.85,18,25,72,19,11,30,14,7,17,0,3,4,0,25,26,80,0,0,1,0,0,81,84,0,NA,0,0,0,0,0,0,0
1421493,1,"Liga Nacional","Liga Endesa",-402534000,NA,"https://www.acb.com/Documentos/Cabeceras/logo-competicion-1b.png","https://www.acb.com/Documentos/Cabeceras/logo-competicion-4a.png",74,2009,107,NA,NA,2154,13798,NA,NA,TRUE,1535,1535,876,"Suzuki Manresa","Suzuki Man.","MAN",1530,1206,"Ayuda en Acción Fuenlabrada","AeA Fuenlabrada","FUE",1,76,12000,5,14,35.71,20,37,54.05,21,27,77.78,19,8,27,15,13,12,0,1,2,2,22,30,94,0,0,0,1,0,76,69,0,NA,0,0,0,0,0,0,0
1421494,1,"Liga Nacional","Liga Endesa",-402534000,NA,"https://www.acb.com/Documentos/Cabeceras/logo-competicion-1b.png","https://www.acb.com/Documentos/Cabeceras/logo-competicion-4a.png",74,2009,107,NA,NA,2154,13798,NA,NA,FALSE,1530,1535,876,"Suzuki Manresa","Suzuki Man.","MAN",1530,1206,"Ayuda en Acción Fuenlabrada","AeA Fuenlabrada","FUE",1,69,12000,6,21,28.57,21,39,53.85,9,16,56.25,21,15,36,15,8,17,0,2,1,1,30,22,64,0,0,1,0,0,69,76,0,NA,0,0,0,0,0,0,0
1421275,1,"Liga Nacional","Liga Endesa",-402534000,NA,"https://www.acb.com/Documentos/Cabeceras/logo-competicion-1b.png","https://www.acb.com/Documentos/Cabeceras/logo-competicion-4a.png",74,2009,107,NA,NA,2154,13790,NA,NA,TRUE,1538,1538,979,"Power Electronics Valencia","Pow. Valencia","VBC",1540,1140,"Cajasol","Cajasol","CAJ",1,66,12000,10,24,41.67,14,30,46.67,8,9,88.89,23,8,31,13,10,17,0,6,3,2,12,18,81,0,0,0,1,0,66,58,0,NA,0,0,0,0,0,0,0
1421276,1,"Liga Nacional","Liga Endesa",-402534000,NA,"https://www.acb.com/Documentos/Cabeceras/logo-competicion-1b.png","https://www.acb.com/Documentos/Cabeceras/logo-competicion-4a.png",74,2009,107,NA,NA,2154,13790,NA,NA,FALSE,1540,1538,979,"Power Electronics Valencia","Pow. Valencia","VBC",1540,1140,"Cajasol","Cajasol","CAJ",1,58,12000,10,26,38.46,12,31,38.71,4,7,57.14,20,13,33,13,9,18,0,3,6,0,18,12,48,0,0,1,0,0,58,66,0,NA,0,0,0,0,0,0,0
1421302,1,"Liga Nacional","Liga Endesa",-402534000,NA,"https://www.acb.com/Documentos/Cabeceras/logo-competicion-1b.png","https://www.acb.com/Documentos/Cabeceras/logo-competicion-4a.png",74,2009,107,NA,NA,2154,13791,NA,NA,TRUE,1542,1542,1686,"Xacobeo Blu:Sens Obradoiro","Xacobeo Obra","OBR",1528,350,"Gran Canaria 2014","G. Canaria 2014","GCA",1,56,12000,13,33,39.39,3,23,13.04,11,14,78.57,21,8,29,8,4,18,0,4,2,0,22,16,32,0,0,1,0,0,56,71,0,NA,0,0,0,0,0,0,0
1421303,1,"Liga Nacional","Liga Endesa",-402534000,NA,"https://www.acb.com/Documentos/Cabeceras/logo-competicion-1b.png","https://www.acb.com/Documentos/Cabeceras/logo-competicion-4a.png",74,2009,107,NA,NA,2154,13791,NA,NA,FALSE,1528,1542,1686,"Xacobeo Blu:Sens Obradoiro","Xacobeo Obra","OBR",1528,350,"Gran Canaria 2014","G. Canaria 2014","GCA",1,71,12000,2,14,14.29,23,44,52.27,19,24,79.17,29,10,39,12,7,13,0,2,4,3,16,22,82,0,0,0,1,0,71,56,0,NA,0,0,0,0,0,0,0
1421331,1,"Liga Nacional","Liga Endesa",-402534000,NA,"https://www.acb.com/Documentos/Cabeceras/logo-competicion-1b.png","https://www.acb.com/Documentos/Cabeceras/logo-competicion-4a.png",74,2009,107,NA,NA,2154,13792,NA,NA,FALSE,1533,1541,1288,"Meridiano Alicante","Meridiano Ali.","ALI",1533,643,"DKV Joventut","DKV Joventut","DKV",1,85,12000,6,20,30,20,38,52.63,27,34,79.41,19,10,29,14,12,12,0,2,2,1,14,24,99,0,0,1,0,0,85,94,0,NA,0,0,0,0,0,0,0
1421330,1,"Liga Nacional","Liga Endesa",-402534000,NA,"https://www.acb.com/Documentos/Cabeceras/logo-competicion-1b.png","https://www.acb.com/Documentos/Cabeceras/logo-competicion-4a.png",74,2009,107,NA,NA,2154,13792,NA,NA,TRUE,1541,1541,1288,"Meridiano Alicante","Meridiano Ali.","ALI",1533,643,"DKV Joventut","DKV Joventut","DKV",1,94,12000,13,27,48.15,23,37,62.16,9,12,75,23,9,32,19,6,19,0,2,2,3,24,14,91,0,0,0,1,0,94,85,0,NA,0,0,0,0,0,0,0
1421358,1,"Liga Nacional","Liga Endesa",-402534000,NA,"https://www.acb.com/Documentos/Cabeceras/logo-competicion-1b.png","https://www.acb.com/Documentos/Cabeceras/logo-competicion-4a.png",74,2009,107,NA,NA,2154,13793,NA,NA,TRUE,1527,1527,290,"Bizkaia Bilbao Basket","Bizkaia Bilbao","BBB",1529,477,"Asefa Estudiantes","Asefa Estu","ASE",1,73,12000,9,31,29.03,18,26,69.23,10,11,90.91,18,11,29,15,8,17,0,2,0,0,21,17,75,0,0,1,0,0,73,78,0,NA,0,0,0,0,0,0,0
1421359,1,"Liga Nacional","Liga Endesa",-402534000,NA,"https://www.acb.com/Documentos/Cabeceras/logo-competicion-1b.png","https://www.acb.com/Documentos/Cabeceras/logo-competicion-4a.png",74,2009,107,NA,NA,2154,13793,NA,NA,FALSE,1529,1527,290,"Bizkaia Bilbao Basket","Bizkaia Bilbao","BBB",1529,477,"Asefa Estudiantes","Asefa Estu","ASE",1,78,12000,11,28,39.29,17,28,60.71,11,16,68.75,21,10,31,12,9,14,0,0,2,1,17,21,85,0,0,0,1,0,78,73,0,NA,0,0,0,0,0,0,0
1421413,1,"Liga Nacional","Liga Endesa",-402534000,NA,"https://www.acb.com/Documentos/Cabeceras/logo-competicion-1b.png","https://www.acb.com/Documentos/Cabeceras/logo-competicion-4a.png",74,2009,107,NA,NA,2154,13795,NA,NA,TRUE,1539,1539,1080,"Unicaja","Unicaja","UNI",1536,1858,"Blancos de Rueda Valladolid","Blancos Rueda","BRV",1,88,12000,12,24,50,18,37,48,16,21,76,22,10,32,24,11,12,0,0,2,2,16,20,109,0,0,0,12,0,88,58,0,0,0,0,0,0,0,0,0
1421414,1,"Liga Nacional","Liga Endesa",-402534000,NA,"https://www.acb.com/Documentos/Cabeceras/logo-competicion-1b.png","https://www.acb.com/Documentos/Cabeceras/logo-competicion-4a.png",74,2009,107,NA,NA,2154,13795,NA,NA,FALSE,1536,1539,1080,"Unicaja","Unicaja","UNI",1536,1858,"Blancos de Rueda Valladolid","Blancos Rueda","BRV",1,58,12000,6,22,27.27,13,33,39.39,14,16,87.5,22,11,33,13,10,22,0,2,0,1,20,16,52,0,0,1,0,0,58,88,0,NA,0,0,0,0,0,0,0
1421386,1,"Liga Nacional","Liga Endesa",-402534000,NA,"https://www.acb.com/Documentos/Cabeceras/logo-competicion-1b.png","https://www.acb.com/Documentos/Cabeceras/logo-competicion-4a.png",74,2009,107,NA,NA,2154,13794,NA,NA,TRUE,1537,1537,914,"CB Murcia","CB Murcia","MUR",1525,123,"Regal FC Barcelona","Regal FCB","FCB",1,54,12000,1,16,6.25,18,42,42.86,15,24,62.5,28,10,38,6,8,10,0,1,6,3,11,24,56,0,0,1,0,0,54,73,0,NA,0,0,0,0,0,0,0
1421387,1,"Liga Nacional","Liga Endesa",-402534000,NA,"https://www.acb.com/Documentos/Cabeceras/logo-competicion-1b.png","https://www.acb.com/Documentos/Cabeceras/logo-competicion-4a.png",74,2009,107,NA,NA,2154,13794,NA,NA,FALSE,1525,1537,914,"CB Murcia","CB Murcia","MUR",1525,123,"Regal FC Barcelona","Regal FCB","FCB",1,73,12000,7,30,23.33,25,43,58.14,2,4,50,31,12,43,19,7,9,0,6,1,7,24,11,82,0,0,0,1,0,73,54,0,NA,0,0,0,0,0,0,0
1421466,1,"Liga Nacional","Liga Endesa",-402534000,NA,"https://www.acb.com/Documentos/Cabeceras/logo-competicion-1b.png","https://www.acb.com/Documentos/Cabeceras/logo-competicion-4a.png",74,2009,107,NA,NA,2154,13797,NA,NA,TRUE,1534,1534,779,"Real Madrid","Real Madrid","RMB",1526,238,"Caja Laboral","Caja Laboral","CLA",1,74,12000,6,18,33.33,19,46,41.3,18,20,90,23,21,44,8,9,17,0,5,3,0,26,22,75,0,0,1,0,0,74,80,0,NA,0,0,0,0,0,0,0
1421467,1,"Liga Nacional","Liga Endesa",-402534000,NA,"https://www.acb.com/Documentos/Cabeceras/logo-competicion-1b.png","https://www.acb.com/Documentos/Cabeceras/logo-competicion-4a.png",74,2009,107,NA,NA,2154,13797,NA,NA,FALSE,1526,1534,779,"Real Madrid","Real Madrid","RMB",1526,238,"Caja Laboral","Caja Laboral","CLA",1,80,12000,9,24,37.5,16,29,55.17,21,26,80.77,17,5,22,13,11,11,0,3,5,0,22,26,84,0,0,0,1,0,80,74,0,NA,0,0,0,0,0,0,0
1421522,1,"Liga Nacional","Liga Endesa",-402534000,NA,"https://www.acb.com/Documentos/Cabeceras/logo-competicion-1b.png","https://www.acb.com/Documentos/Cabeceras/logo-competicion-4a.png",74,2009,107,NA,NA,2155,13799,NA,NA,FALSE,1540,1535,876,"Suzuki Manresa","Suzuki Man.","MAN",1540,1140,"Cajasol","Cajasol","CAJ",1,58,12000,5,23,21.74,18,31,58.06,7,14,50,22,14,36,10,8,17,0,3,1,1,22,19,56,0,0,1,0,0,58,72,0,NA,0,0,0,0,0,0,0
1421521,1,"Liga Nacional","Liga Endesa",-402534000,NA,"https://www.acb.com/Documentos/Cabeceras/logo-competicion-1b.png","https://www.acb.com/Documentos/Cabeceras/logo-competicion-4a.png",74,2009,107,NA,NA,2155,13799,NA,NA,TRUE,1535,1535,876,"Suzuki Manresa","Suzuki Man.","MAN",1540,1140,"Cajasol","Cajasol","CAJ",1,72,12000,9,16,56.25,15,38,39.47,15,17,88.24,20,9,29,12,9,10,0,1,3,0,19,22,81,0,0,0,1,0,72,58,0,NA,0,0,0,0,0,0,0
1421549,1,"Liga Nacional","Liga Endesa",-402534000,NA,"https://www.acb.com/Documentos/Cabeceras/logo-competicion-1b.png","https://www.acb.com/Documentos/Cabeceras/logo-competicion-4a.png",74,2009,107,NA,NA,2155,13800,NA,NA,TRUE,1530,1530,1206,"Ayuda en Acción Fuenlabrada","AeA Fuenlabrada","FUE",1534,779,"Real Madrid","Real Madrid","RMB",1,72,12000,11,26,42.31,14,37,37.84,11,12,91.67,20,5,25,13,4,9,0,0,1,1,17,17,65,0,0,1,0,0,72,86,0,NA,0,0,0,0,0,0,0
1421550,1,"Liga Nacional","Liga Endesa",-402534000,NA,"https://www.acb.com/Documentos/Cabeceras/logo-competicion-1b.png","https://www.acb.com/Documentos/Cabeceras/logo-competicion-4a.png",74,2009,107,NA,NA,2155,13800,NA,NA,FALSE,1534,1530,1206,"Ayuda en Acción Fuenlabrada","AeA Fuenlabrada","FUE",1534,779,"Real Madrid","Real Madrid","RMB",1,86,12000,7,18,38.89,25,44,56.82,15,17,88.24,29,9,38,19,5,8,0,1,0,3,17,17,109,0,0,0,1,0,86,72,0,NA,0,0,0,0,0,0,0
1421575,1,"Liga Nacional","Liga Endesa",-402534000,NA,"https://www.acb.com/Documentos/Cabeceras/logo-competicion-1b.png","https://www.acb.com/Documentos/Cabeceras/logo-competicion-4a.png",74,2009,107,NA,NA,2155,13801,NA,NA,TRUE,1526,1526,238,"Caja Laboral","Caja Laboral","CLA",1531,512,"Lagun Aro GBC","Lagun Aro GBC","GBC",1,96,12000,11,21,52.38,25,38,65.79,13,20,65,24,7,31,21,11,11,0,2,0,1,16,17,121,0,0,0,1,0,96,61,0,NA,0,0,0,0,0,0,0
1421576,1,"Liga Nacional","Liga Endesa",-402534000,NA,"https://www.acb.com/Documentos/Cabeceras/logo-competicion-1b.png","https://www.acb.com/Documentos/Cabeceras/logo-competicion-4a.png",74,2009,107,NA,NA,2155,13801,NA,NA,FALSE,1531,1526,238,"Caja Laboral","Caja Laboral","CLA",1531,512,"Lagun Aro GBC","Lagun Aro GBC","GBC",1,61,12000,2,18,11.11,23,40,57.5,9,16,56.25,19,11,30,14,2,19,0,0,2,1,17,16,45,0,0,1,0,0,61,96,0,NA,0,0,0,0,0,0,0
1421629,1,"Liga Nacional","Liga Endesa",-402534000,NA,"https://www.acb.com/Documentos/Cabeceras/logo-competicion-1b.png","https://www.acb.com/Documentos/Cabeceras/logo-competicion-4a.png",74,2009,107,NA,NA,2155,13803,NA,NA,FALSE,1537,1536,1858,"Blancos de Rueda Valladolid","Blancos Rueda","BRV",1537,914,"CB Murcia","CB Murcia","MUR",1,82,12000,8,25,32,17,31,54.84,24,27,88.89,19,8,27,14,12,17,0,3,2,3,25,21,81,0,0,1,0,0,82,83,0,NA,0,0,0,0,0,0,0
1421628,1,"Liga Nacional","Liga Endesa",-402534000,NA,"https://www.acb.com/Documentos/Cabeceras/logo-competicion-1b.png","https://www.acb.com/Documentos/Cabeceras/logo-competicion-4a.png",74,2009,107,NA,NA,2155,13803,NA,NA,TRUE,1536,1536,1858,"Blancos de Rueda Valladolid","Blancos Rueda","BRV",1537,914,"CB Murcia","CB Murcia","MUR",1,83,12000,5,20,25,24,38,63.16,20,30,66.67,23,12,35,15,9,18,0,2,3,1,21,25,88,0,0,0,1,0,83,82,0,NA,0,0,0,0,0,0,0
1421709,1,"Liga Nacional","Liga Endesa",-402534000,NA,"https://www.acb.com/Documentos/Cabeceras/logo-competicion-1b.png","https://www.acb.com/Documentos/Cabeceras/logo-competicion-4a.png",74,2009,107,NA,NA,2155,13806,NA,NA,FALSE,1542,1533,643,"DKV Joventut","DKV Joventut","DKV",1542,1686,"Xacobeo Blu:Sens Obradoiro","Xacobeo Obra","OBR",1,73,12000,9,25,36,15,37,40.54,16,17,94.12,25,7,32,13,2,9,0,1,2,1,23,20,68,0,0,1,0,0,73,92,0,NA,0,0,0,0,0,0,0
1421708,1,"Liga Nacional","Liga Endesa",-402534000,NA,"https://www.acb.com/Documentos/Cabeceras/logo-competicion-1b.png","https://www.acb.com/Documentos/Cabeceras/logo-competicion-4a.png",74,2009,107,NA,NA,2155,13806,NA,NA,TRUE,1533,1533,643,"DKV Joventut","DKV Joventut","DKV",1542,1686,"Xacobeo Blu:Sens Obradoiro","Xacobeo Obra","OBR",1,92,12000,12,26,46.15,20,39,51.28,16,20,80,29,11,40,16,6,9,0,2,1,3,20,23,112,0,0,0,1,0,92,73,0,NA,0,0,0,0,0,0,0
1421734,1,"Liga Nacional","Liga Endesa",-402534000,NA,"https://www.acb.com/Documentos/Cabeceras/logo-competicion-1b.png","https://www.acb.com/Documentos/Cabeceras/logo-competicion-4a.png",74,2009,107,NA,NA,2155,13807,NA,NA,TRUE,1528,1528,350,"Gran Canaria 2014","G. Canaria 2014","GCA",1538,979,"Power Electronics Valencia","Pow. Valencia","VBC",1,78,12000,10,21,47.62,16,28,57.14,16,21,76.19,22,6,28,19,11,18,0,1,4,0,25,24,86,0,0,0,1,0,78,63,0,NA,0,0,0,0,0,0,0
1421735,1,"Liga Nacional","Liga Endesa",-402534000,NA,"https://www.acb.com/Documentos/Cabeceras/logo-competicion-1b.png","https://www.acb.com/Documentos/Cabeceras/logo-competicion-4a.png",74,2009,107,NA,NA,2155,13807,NA,NA,FALSE,1538,1528,350,"Gran Canaria 2014","G. Canaria 2014","GCA",1538,979,"Power Electronics Valencia","Pow. Valencia","VBC",1,63,12000,7,22,31.82,13,31,41.94,16,22,72.73,17,10,27,9,10,19,0,4,1,2,24,25,55,0,0,1,0,0,63,78,0,NA,0,0,0,0,0,0,0
1421683,1,"Liga Nacional","Liga Endesa",-402534000,NA,"https://www.acb.com/Documentos/Cabeceras/logo-competicion-1b.png","https://www.acb.com/Documentos/Cabeceras/logo-competicion-4a.png",74,2009,107,NA,NA,2155,13805,NA,NA,FALSE,1541,1529,477,"Asefa Estudiantes","Asefa Estu","ASE",1541,1288,"Meridiano Alicante","Meridiano Ali.","ALI",1,77,12000,8,18,44.44,20,47,42.55,13,17,76.47,27,9,36,19,8,14,0,2,1,3,25,19,80,0,0,1,0,0,77,83,0,NA,0,0,0,0,0,0,0
1421682,1,"Liga Nacional","Liga Endesa",-402534000,NA,"https://www.acb.com/Documentos/Cabeceras/logo-competicion-1b.png","https://www.acb.com/Documentos/Cabeceras/logo-competicion-4a.png",74,2009,107,NA,NA,2155,13805,NA,NA,TRUE,1529,1529,477,"Asefa Estudiantes","Asefa Estu","ASE",1541,1288,"Meridiano Alicante","Meridiano Ali.","ALI",1,83,12000,7,26,26.92,20,36,55.56,22,27,81.48,26,8,34,17,6,11,0,1,2,3,19,25,94,0,0,0,1,0,83,77,0,NA,0,0,0,0,0,0,0
1421602,1,"Liga Nacional","Liga Endesa",-402534000,NA,"https://www.acb.com/Documentos/Cabeceras/logo-competicion-1b.png","https://www.acb.com/Documentos/Cabeceras/logo-competicion-4a.png",74,2009,107,NA,NA,2155,13802,NA,NA,TRUE,1532,1532,13,"CB Granada","CB Granada","GRA",1539,1080,"Unicaja","Unicaja","UNI",1,79,12000,11,24,45.83,17,31,54.84,12,13,92.31,21,6,27,16,2,14,0,4,0,1,19,19,86,0,0,1,0,0,79,86,0,NA,0,0,0,0,0,0,0
1421603,1,"Liga Nacional","Liga Endesa",-402534000,NA,"https://www.acb.com/Documentos/Cabeceras/logo-competicion-1b.png","https://www.acb.com/Documentos/Cabeceras/logo-competicion-4a.png",74,2009,107,NA,NA,2155,13802,NA,NA,FALSE,1539,1532,13,"CB Granada","CB Granada","GRA",1539,1080,"Unicaja","Unicaja","UNI",1,86,12000,13,25,52,19,34,55.88,9,14,64.29,21,5,26,25,10,9,0,0,4,2,19,19,102,0,0,0,1,0,86,79,0,NA,0,0,0,0,0,0,0
1421655,1,"Liga Nacional","Liga Endesa",-402534000,NA,"https://www.acb.com/Documentos/Cabeceras/logo-competicion-1b.png","https://www.acb.com/Documentos/Cabeceras/logo-competicion-4a.png",74,2009,107,NA,NA,2155,13804,NA,NA,TRUE,1525,1525,123,"Regal FC Barcelona","Regal FCB","FCB",1527,290,"Bizkaia Bilbao Basket","Bizkaia Bilbao","BBB",1,86,12000,12,30,40,19,32,59.38,12,12,100,25,11,36,19,10,13,0,3,1,3,18,18,109,0,0,0,1,0,86,55,0,NA,0,0,0,0,0,0,0
1421656,1,"Liga Nacional","Liga Endesa",-402534000,NA,"https://www.acb.com/Documentos/Cabeceras/logo-competicion-1b.png","https://www.acb.com/Documentos/Cabeceras/logo-competicion-4a.png",74,2009,107,NA,NA,2155,13804,NA,NA,FALSE,1527,1525,123,"Regal FC Barcelona","Regal FCB","FCB",1527,290,"Bizkaia Bilbao Basket","Bizkaia Bilbao","BBB",1,55,12000,2,19,10.53,18,35,51.43,13,14,92.86,19,8,27,9,7,15,0,1,3,4,18,18,46,0,0,1,0,0,55,86,0,NA,0,0,0,0,0,0,0
1421761,1,"Liga Nacional","Liga Endesa",-402534000,NA,"https://www.acb.com/Documentos/Cabeceras/logo-competicion-1b.png","https://www.acb.com/Documentos/Cabeceras/logo-competicion-4a.png",74,2009,107,NA,NA,2156,13808,NA,NA,TRUE,1540,1540,1140,"Cajasol","Cajasol","CAJ",1528,350,"Gran Canaria 2014","G. Canaria 2014","GCA",1,70,12000,5,22,22.73,19,41,46.34,17,18,94.44,20,14,34,19,15,16,0,4,4,0,18,19,83,0,0,0,1,0,70,65,0,NA,0,0,0,0,0,0,0
1421762,1,"Liga Nacional","Liga Endesa",-402534000,NA,"https://www.acb.com/Documentos/Cabeceras/logo-competicion-1b.png","https://www.acb.com/Documentos/Cabeceras/logo-competicion-4a.png",74,2009,107,NA,NA,2156,13808,NA,NA,FALSE,1528,1540,1140,"Cajasol","Cajasol","CAJ",1528,350,"Gran Canaria 2014","G. Canaria 2014","GCA",1,65,12000,4,15,26.67,16,41,39.02,21,25,84,24,13,37,8,9,18,0,4,4,2,19,18,60,0,0,1,0,0,65,70,0,NA,0,0,0,0,0,0,0
1421817,1,"Liga Nacional","Liga Endesa",-402534000,NA,"https://www.acb.com/Documentos/Cabeceras/logo-competicion-1b.png","https://www.acb.com/Documentos/Cabeceras/logo-competicion-4a.png",74,2009,107,NA,NA,2156,13810,NA,NA,FALSE,1529,1542,1686,"Xacobeo Blu:Sens Obradoiro","Xacobeo Obra","OBR",1529,477,"Asefa Estudiantes","Asefa Estu","ASE",1,88,12000,13,30,43.33,19,31,61.29,11,16,68.75,22,11,33,13,9,16,0,2,2,1,20,16,89,0,0,0,1,0,88,78,0,NA,0,0,0,0,0,0,0
1421816,1,"Liga Nacional","Liga Endesa",-402534000,NA,"https://www.acb.com/Documentos/Cabeceras/logo-competicion-1b.png","https://www.acb.com/Documentos/Cabeceras/logo-competicion-4a.png",74,2009,107,NA,NA,2156,13810,NA,NA,TRUE,1542,1542,1686,"Xacobeo Blu:Sens Obradoiro","Xacobeo Obra","OBR",1529,477,"Asefa Estudiantes","Asefa Estu","ASE",1,78,12000,8,22,36.36,21,43,48.84,12,19,63.16,18,16,34,18,8,13,0,2,2,1,16,20,86,0,0,1,0,0,78,88,0,NA,0,0,0,0,0,0,0
1421872,1,"Liga Nacional","Liga Endesa",-402534000,NA,"https://www.acb.com/Documentos/Cabeceras/logo-competicion-1b.png","https://www.acb.com/Documentos/Cabeceras/logo-competicion-4a.png",74,2009,107,NA,NA,2156,13812,NA,NA,FALSE,1536,1527,290,"Bizkaia Bilbao Basket","Bizkaia Bilbao","BBB",1536,1858,"Blancos de Rueda Valladolid","Blancos Rueda","BRV",1,77,12000,7,17,41.18,24,39,61.54,8,10,80,21,10,31,13,4,23,0,5,4,1,17,17,76,0,0,1,0,0,77,86,0,NA,0,0,0,0,0,0,0
1421871,1,"Liga Nacional","Liga Endesa",-402534000,NA,"https://www.acb.com/Documentos/Cabeceras/logo-competicion-1b.png","https://www.acb.com/Documentos/Cabeceras/logo-competicion-4a.png",74,2009,107,NA,NA,2156,13812,NA,NA,TRUE,1527,1527,290,"Bizkaia Bilbao Basket","Bizkaia Bilbao","BBB",1536,1858,"Blancos de Rueda Valladolid","Blancos Rueda","BRV",1,86,12000,12,26,46.15,17,35,48.57,16,20,80,14,11,25,16,11,14,0,4,5,1,17,17,87,0,0,0,1,0,86,77,0,NA,0,0,0,0,0,0,0
1421900,1,"Liga Nacional","Liga Endesa",-402534000,NA,"https://www.acb.com/Documentos/Cabeceras/logo-competicion-1b.png","https://www.acb.com/Documentos/Cabeceras/logo-competicion-4a.png",74,2009,107,NA,NA,2156,13813,NA,NA,FALSE,1532,1537,914,"CB Murcia","CB Murcia","MUR",1532,13,"CB Granada","CB Granada","GRA",1,76,12000,8,28,28.57,16,36,44.44,20,25,80,22,13,35,16,13,13,0,3,5,1,23,21,78,0,0,0,1,0,76,70,0,NA,0,0,0,0,0,0,0
1421899,1,"Liga Nacional","Liga Endesa",-402534000,NA,"https://www.acb.com/Documentos/Cabeceras/logo-competicion-1b.png","https://www.acb.com/Documentos/Cabeceras/logo-competicion-4a.png",74,2009,107,NA,NA,2156,13813,NA,NA,TRUE,1537,1537,914,"CB Murcia","CB Murcia","MUR",1532,13,"CB Granada","CB Granada","GRA",1,70,12000,6,23,26.09,20,34,58.82,12,23,52.17,27,11,38,16,6,20,0,5,3,2,21,23,72,0,0,1,0,0,70,76,0,NA,0,0,0,0,0,0,0
1421925,1,"Liga Nacional","Liga Endesa",-402534000,NA,"https://www.acb.com/Documentos/Cabeceras/logo-competicion-1b.png","https://www.acb.com/Documentos/Cabeceras/logo-competicion-4a.png",74,2009,107,NA,NA,2156,13814,NA,NA,FALSE,1526,1539,1080,"Unicaja","Unicaja","UNI",1526,238,"Caja Laboral","Caja Laboral","CLA",1,62,12000,10,29,34.48,13,23,56.52,6,7,85.71,28,4,32,12,5,23,0,3,3,1,24,14,48,0,0,1,0,0,62,70,0,NA,0,0,0,0,0,0,0
1421924,1,"Liga Nacional","Liga Endesa",-402534000,NA,"https://www.acb.com/Documentos/Cabeceras/logo-competicion-1b.png","https://www.acb.com/Documentos/Cabeceras/logo-competicion-4a.png",74,2009,107,NA,NA,2156,13814,NA,NA,TRUE,1539,1539,1080,"Unicaja","Unicaja","UNI",1526,238,"Caja Laboral","Caja Laboral","CLA",1,70,12000,3,19,15.79,23,45,51.11,15,23,65.22,23,13,36,14,11,12,0,3,3,2,14,24,83,0,0,0,1,0,70,62,0,NA,0,0,0,0,0,0,0
1421845,1,"Liga Nacional","Liga Endesa",-402534000,NA,"https://www.acb.com/Documentos/Cabeceras/logo-competicion-1b.png","https://www.acb.com/Documentos/Cabeceras/logo-competicion-4a.png",74,2009,107,NA,NA,2156,13811,NA,NA,FALSE,1525,1541,1288,"Meridiano Alicante","Meridiano Ali.","ALI",1525,123,"Regal FC Barcelona","Regal FCB","FCB",1,85,12000,11,19,57.89,18,35,51.43,16,18,88.89,26,7,33,14,4,13,0,5,1,4,18,18,100,0,0,0,1,0,85,68,0,NA,0,0,0,0,0,0,0
1421844,1,"Liga Nacional","Liga Endesa",-402534000,NA,"https://www.acb.com/Documentos/Cabeceras/logo-competicion-1b.png","https://www.acb.com/Documentos/Cabeceras/logo-competicion-4a.png",74,2009,107,NA,NA,2156,13811,NA,NA,TRUE,1541,1541,1288,"Meridiano Alicante","Meridiano Ali.","ALI",1525,123,"Regal FC Barcelona","Regal FCB","FCB",1,68,12000,3,21,14.29,23,46,50,13,18,72.22,19,15,34,9,10,11,0,1,5,3,18,18,60,0,0,1,0,0,68,85,0,NA,0,0,0,0,0,0,0
1421951,1,"Liga Nacional","Liga Endesa",-402534000,NA,"https://www.acb.com/Documentos/Cabeceras/logo-competicion-1b.png","https://www.acb.com/Documentos/Cabeceras/logo-competicion-4a.png",74,2009,107,NA,NA,2156,13815,NA,NA,TRUE,1531,1531,512,"Lagun Aro GBC","Lagun Aro GBC","GBC",1530,1206,"Ayuda en Acción Fuenlabrada","AeA Fuenlabrada","FUE",1,80,12000,5,14,35.71,24,45,53.33,17,21,80.95,25,8,33,16,5,17,0,4,3,2,17,22,89,0,0,0,1,0,80,75,0,NA,0,0,0,0,0,0,0
1421952,1,"Liga Nacional","Liga Endesa",-402534000,NA,"https://www.acb.com/Documentos/Cabeceras/logo-competicion-1b.png","https://www.acb.com/Documentos/Cabeceras/logo-competicion-4a.png",74,2009,107,NA,NA,2156,13815,NA,NA,FALSE,1530,1531,512,"Lagun Aro GBC","Lagun Aro GBC","GBC",1530,1206,"Ayuda en Acción Fuenlabrada","AeA Fuenlabrada","FUE",1,75,12000,8,26,30.77,22,39,56.41,7,11,63.64,23,9,32,19,7,14,0,3,4,1,22,17,74,0,0,1,0,0,75,80,0,NA,0,0,0,0,0,0,0
1421789,1,"Liga Nacional","Liga Endesa",-402534000,NA,"https://www.acb.com/Documentos/Cabeceras/logo-competicion-1b.png","https://www.acb.com/Documentos/Cabeceras/logo-competicion-4a.png",74,2009,107,NA,NA,2156,13809,NA,NA,FALSE,1533,1538,979,"Power Electronics Valencia","Pow. Valencia","VBC",1533,643,"DKV Joventut","DKV Joventut","DKV",1,94,12000,11,25,44,24,38,63.16,13,14,92.86,21,9,30,21,7,12,0,7,3,5,23,19,111,0,0,1,0,0,94,96,0,NA,0,0,0,0,0,0,0
1421788,1,"Liga Nacional","Liga Endesa",-402534000,NA,"https://www.acb.com/Documentos/Cabeceras/logo-competicion-1b.png","https://www.acb.com/Documentos/Cabeceras/logo-competicion-4a.png",74,2009,107,NA,NA,2156,13809,NA,NA,TRUE,1538,1538,979,"Power Electronics Valencia","Pow. Valencia","VBC",1533,643,"DKV Joventut","DKV Joventut","DKV",1,96,12000,14,27,51.85,16,34,47.06,22,27,81.48,15,13,28,19,5,9,0,3,7,0,19,23,103,0,0,0,1,0,96,94,0,NA,0,0,0,0,0,0,0
1421980,1,"Liga Nacional","Liga Endesa",-402534000,NA,"https://www.acb.com/Documentos/Cabeceras/logo-competicion-1b.png","https://www.acb.com/Documentos/Cabeceras/logo-competicion-4a.png",74,2009,107,NA,NA,2156,13816,NA,NA,FALSE,1535,1534,779,"Real Madrid","Real Madrid","RMB",1535,876,"Suzuki Manresa","Suzuki Man.","MAN",1,79,12000,9,17,52.94,19,36,52.78,14,19,73.68,15,7,22,15,10,18,0,2,4,0,28,22,70,0,0,1,0,0,79,81,0,NA,0,0,0,0,0,0,0
1421979,1,"Liga Nacional","Liga Endesa",-402534000,NA,"https://www.acb.com/Documentos/Cabeceras/logo-competicion-1b.png","https://www.acb.com/Documentos/Cabeceras/logo-competicion-4a.png",74,2009,107,NA,NA,2156,13816,NA,NA,TRUE,1534,1534,779,"Real Madrid","Real Madrid","RMB",1535,876,"Suzuki Manresa","Suzuki Man.","MAN",1,81,12000,6,19,31.58,20,37,54.05,23,30,76.67,19,16,35,17,10,17,0,4,2,2,22,28,97,0,0,0,1,0,81,79,0,NA,0,0,0,0,0,0,0
1422034,1,"Liga Nacional","Liga Endesa",-402534000,NA,"https://www.acb.com/Documentos/Cabeceras/logo-competicion-1b.png","https://www.acb.com/Documentos/Cabeceras/logo-competicion-4a.png",74,2009,111,NA,NA,2245,13818,NA,NA,TRUE,1525,1525,123,"Regal FC Barcelona","Regal FCB","FCB",1528,350,"Gran Canaria 2014","G. Canaria 2014","GCA",1,85,12000,12,25,48,22,31,70.97,5,8,62.5,26,4,30,28,11,13,0,7,2,7,18,11,114,0,0,0,1,0,85,53,0,NA,0,0,0,0,0,0,0
1422035,1,"Liga Nacional","Liga Endesa",-402534000,NA,"https://www.acb.com/Documentos/Cabeceras/logo-competicion-1b.png","https://www.acb.com/Documentos/Cabeceras/logo-competicion-4a.png",74,2009,111,NA,NA,2245,13818,NA,NA,FALSE,1528,1525,123,"Regal FC Barcelona","Regal FCB","FCB",1528,350,"Gran Canaria 2014","G. Canaria 2014","GCA",1,53,12000,2,11,18.18,18,42,42.86,11,16,68.75,18,8,26,7,7,17,0,2,7,0,11,18,40,0,0,1,0,0,53,85,0,NA,0,0,0,0,0,0,0
1422117,1,"Liga Nacional","Liga Endesa",-402534000,NA,"https://www.acb.com/Documentos/Cabeceras/logo-competicion-1b.png","https://www.acb.com/Documentos/Cabeceras/logo-competicion-4a.png",74,2009,111,NA,NA,2245,13821,NA,NA,TRUE,1538,1538,979,"Power Electronics Valencia","Pow. Valencia","VBC",1539,1080,"Unicaja","Unicaja","UNI",1,82,12000,6,24,25,22,36,61.11,20,26,76.92,25,10,35,15,3,12,0,3,3,3,22,25,88,0,0,1,0,0,82,83,0,NA,0,0,0,0,0,0,0
1422118,1,"Liga Nacional","Liga Endesa",-402534000,NA,"https://www.acb.com/Documentos/Cabeceras/logo-competicion-1b.png","https://www.acb.com/Documentos/Cabeceras/logo-competicion-4a.png",74,2009,111,NA,NA,2245,13821,NA,NA,FALSE,1539,1538,979,"Power Electronics Valencia","Pow. Valencia","VBC",1539,1080,"Unicaja","Unicaja","UNI",1,83,12000,10,27,37,18,30,60,17,21,80,22,5,27,12,5,12,0,3,3,1,25,22,79,0,0,0,10,0,83,82,0,0,0,0,0,0,0,0,0
1422062,1,"Liga Nacional","Liga Endesa",-402534000,NA,"https://www.acb.com/Documentos/Cabeceras/logo-competicion-1b.png","https://www.acb.com/Documentos/Cabeceras/logo-competicion-4a.png",74,2009,111,NA,NA,2245,13819,NA,NA,TRUE,1526,1526,238,"Caja Laboral","Caja Laboral","CLA",1529,477,"Asefa Estudiantes","Asefa Estu","ASE",1,92,12000,17,32,53.12,16,28,57.14,9,13,69.23,20,6,26,25,6,9,0,2,1,3,18,15,107,0,0,0,1,0,92,76,0,NA,0,0,0,0,0,0,0
1422063,1,"Liga Nacional","Liga Endesa",-402534000,NA,"https://www.acb.com/Documentos/Cabeceras/logo-competicion-1b.png","https://www.acb.com/Documentos/Cabeceras/logo-competicion-4a.png",74,2009,111,NA,NA,2245,13819,NA,NA,FALSE,1529,1526,238,"Caja Laboral","Caja Laboral","CLA",1529,477,"Asefa Estudiantes","Asefa Estu","ASE",1,76,12000,7,18,38.89,23,45,51.11,9,12,75,22,13,35,8,4,13,0,1,2,1,15,18,76,0,0,1,0,0,76,92,0,NA,0,0,0,0,0,0,0
1422091,1,"Liga Nacional","Liga Endesa",-402534000,NA,"https://www.acb.com/Documentos/Cabeceras/logo-competicion-1b.png","https://www.acb.com/Documentos/Cabeceras/logo-competicion-4a.png",74,2009,111,NA,NA,2245,13820,NA,NA,FALSE,1540,1534,779,"Real Madrid","Real Madrid","RMB",1540,1140,"Cajasol","Cajasol","CAJ",1,66,12000,9,23,39.13,13,21,61.9,13,15,86.67,21,5,26,12,6,17,0,3,1,1,25,22,68,0,0,0,1,0,66,60,0,NA,0,0,0,0,0,0,0
1422090,1,"Liga Nacional","Liga Endesa",-402534000,NA,"https://www.acb.com/Documentos/Cabeceras/logo-competicion-1b.png","https://www.acb.com/Documentos/Cabeceras/logo-competicion-4a.png",74,2009,111,NA,NA,2245,13820,NA,NA,TRUE,1534,1534,779,"Real Madrid","Real Madrid","RMB",1540,1140,"Cajasol","Cajasol","CAJ",1,60,12000,5,24,20.83,13,33,39.39,19,25,76,17,18,35,12,13,11,0,1,3,0,22,25,65,0,0,1,0,0,60,66,0,NA,0,0,0,0,0,0,0
1422145,1,"Liga Nacional","Liga Endesa",-402534000,NA,"https://www.acb.com/Documentos/Cabeceras/logo-competicion-1b.png","https://www.acb.com/Documentos/Cabeceras/logo-competicion-4a.png",74,2009,111,NA,NA,2246,13822,NA,NA,FALSE,1525,1528,350,"Gran Canaria 2014","G. Canaria 2014","GCA",1525,123,"Regal FC Barcelona","Regal FCB","FCB",1,65,12000,8,18,44.44,17,30,56.67,7,10,70,23,5,28,16,10,14,0,3,2,4,19,16,77,0,0,0,1,0,65,47,0,NA,0,0,0,0,0,0,0
1422144,1,"Liga Nacional","Liga Endesa",-402534000,NA,"https://www.acb.com/Documentos/Cabeceras/logo-competicion-1b.png","https://www.acb.com/Documentos/Cabeceras/logo-competicion-4a.png",74,2009,111,NA,NA,2246,13822,NA,NA,TRUE,1528,1528,350,"Gran Canaria 2014","G. Canaria 2014","GCA",1525,123,"Regal FC Barcelona","Regal FCB","FCB",1,47,12000,3,19,15.79,15,36,41.67,8,9,88.89,20,13,33,10,11,16,0,2,3,1,16,19,49,0,0,1,0,0,47,65,0,NA,0,0,0,0,0,0,0
1422172,1,"Liga Nacional","Liga Endesa",-402534000,NA,"https://www.acb.com/Documentos/Cabeceras/logo-competicion-1b.png","https://www.acb.com/Documentos/Cabeceras/logo-competicion-4a.png",74,2009,111,NA,NA,2246,13823,NA,NA,FALSE,1526,1529,477,"Asefa Estudiantes","Asefa Estu","ASE",1526,238,"Caja Laboral","Caja Laboral","CLA",1,85,12000,12,33,36.36,20,33,60.61,9,13,69.23,21,13,34,14,5,9,0,0,2,0,23,18,84,0,0,0,1,0,85,83,0,NA,0,0,0,0,0,0,0
1422171,1,"Liga Nacional","Liga Endesa",-402534000,NA,"https://www.acb.com/Documentos/Cabeceras/logo-competicion-1b.png","https://www.acb.com/Documentos/Cabeceras/logo-competicion-4a.png",74,2009,111,NA,NA,2246,13823,NA,NA,TRUE,1529,1529,477,"Asefa Estudiantes","Asefa Estu","ASE",1526,238,"Caja Laboral","Caja Laboral","CLA",1,83,12000,13,28,46.43,15,27,55.56,14,15,93.33,24,6,30,13,1,12,0,2,0,0,18,23,94,0,0,1,0,0,83,85,0,NA,0,0,0,0,0,0,0
1422227,1,"Liga Nacional","Liga Endesa",-402534000,NA,"https://www.acb.com/Documentos/Cabeceras/logo-competicion-1b.png","https://www.acb.com/Documentos/Cabeceras/logo-competicion-4a.png",74,2009,111,NA,NA,2246,13825,NA,NA,FALSE,1538,1539,1080,"Unicaja","Unicaja","UNI",1538,979,"Power Electronics Valencia","Pow. Valencia","VBC",1,76,12000,9,22,40.91,18,29,62.07,13,17,76.47,19,6,25,12,10,17,0,1,2,0,27,18,68,0,0,1,0,0,76,85,0,NA,0,0,0,0,0,0,0
1422226,1,"Liga Nacional","Liga Endesa",-402534000,NA,"https://www.acb.com/Documentos/Cabeceras/logo-competicion-1b.png","https://www.acb.com/Documentos/Cabeceras/logo-competicion-4a.png",74,2009,111,NA,NA,2246,13825,NA,NA,TRUE,1539,1539,1080,"Unicaja","Unicaja","UNI",1538,979,"Power Electronics Valencia","Pow. Valencia","VBC",1,85,12000,10,25,40,14,27,51,27,33,81,20,8,28,16,13,12,0,2,1,2,18,27,106,0,0,0,10,0,85,76,0,0,0,0,0,0,0,0,0
1422534,1,"Liga Nacional","Liga Endesa",-402534000,NA,"https://www.acb.com/Documentos/Cabeceras/logo-competicion-1b.png","https://www.acb.com/Documentos/Cabeceras/logo-competicion-4a.png",74,2009,111,NA,NA,2246,13836,NA,NA,TRUE,1540,1540,1140,"Cajasol","Cajasol","CAJ",1534,779,"Real Madrid","Real Madrid","RMB",1,71,12000,6,12,50,17,38,44.74,19,27,70.37,22,7,29,14,7,12,0,2,3,3,21,24,76,0,0,1,0,0,71,76,0,NA,0,0,0,0,0,0,0
1422535,1,"Liga Nacional","Liga Endesa",-402534000,NA,"https://www.acb.com/Documentos/Cabeceras/logo-competicion-1b.png","https://www.acb.com/Documentos/Cabeceras/logo-competicion-4a.png",74,2009,111,NA,NA,2246,13836,NA,NA,FALSE,1534,1540,1140,"Cajasol","Cajasol","CAJ",1534,779,"Real Madrid","Real Madrid","RMB",1,76,12000,9,25,36,17,31,54.84,15,18,83.33,23,7,30,16,11,11,0,3,2,0,24,21,87,0,0,0,1,0,76,71,0,NA,0,0,0,0,0,0,0
1422008,1,"Liga Nacional","Liga Endesa",-402534000,NA,"https://www.acb.com/Documentos/Cabeceras/logo-competicion-1b.png","https://www.acb.com/Documentos/Cabeceras/logo-competicion-4a.png",74,2009,111,NA,NA,2247,13817,NA,NA,FALSE,1540,1534,779,"Real Madrid","Real Madrid","RMB",1540,1140,"Cajasol","Cajasol","CAJ",1,60,12000,9,16,56.25,13,30,43.33,7,8,87.5,18,5,23,13,8,17,0,3,4,1,18,15,58,0,0,1,0,0,60,67,0,NA,0,0,0,0,0,0,0
1422007,1,"Liga Nacional","Liga Endesa",-402534000,NA,"https://www.acb.com/Documentos/Cabeceras/logo-competicion-1b.png","https://www.acb.com/Documentos/Cabeceras/logo-competicion-4a.png",74,2009,111,NA,NA,2247,13817,NA,NA,TRUE,1534,1534,779,"Real Madrid","Real Madrid","RMB",1540,1140,"Cajasol","Cajasol","CAJ",1,67,12000,9,23,39.13,16,39,41.03,8,10,80,18,16,34,13,13,11,0,4,3,1,15,18,81,0,0,0,1,0,67,60,0,NA,0,0,0,0,0,0,0
1422283,1,"Liga Nacional","Liga Endesa",-402534000,NA,"https://www.acb.com/Documentos/Cabeceras/logo-competicion-1b.png","https://www.acb.com/Documentos/Cabeceras/logo-competicion-4a.png",74,2009,111,NA,NA,2248,13827,NA,NA,TRUE,1526,1526,238,"Caja Laboral","Caja Laboral","CLA",1534,779,"Real Madrid","Real Madrid","RMB",1,62,12000,6,22,27.27,16,29,55.17,12,16,75,25,3,28,14,8,10,0,0,2,1,15,19,71,0,0,0,1,0,62,60,0,NA,0,0,0,0,0,0,0
1422284,1,"Liga Nacional","Liga Endesa",-402534000,NA,"https://www.acb.com/Documentos/Cabeceras/logo-competicion-1b.png","https://www.acb.com/Documentos/Cabeceras/logo-competicion-4a.png",74,2009,111,NA,NA,2248,13827,NA,NA,FALSE,1534,1526,238,"Caja Laboral","Caja Laboral","CLA",1534,779,"Real Madrid","Real Madrid","RMB",1,60,12000,3,21,14.29,21,34,61.76,9,10,90,25,3,28,8,7,11,0,2,0,0,19,15,58,0,0,1,0,0,60,62,0,NA,0,0,0,0,0,0,0
1422256,1,"Liga Nacional","Liga Endesa",-402534000,NA,"https://www.acb.com/Documentos/Cabeceras/logo-competicion-1b.png","https://www.acb.com/Documentos/Cabeceras/logo-competicion-4a.png",74,2009,111,NA,NA,2248,13826,NA,NA,FALSE,1539,1525,123,"Regal FC Barcelona","Regal FCB","FCB",1539,1080,"Unicaja","Unicaja","UNI",1,82,12000,10,26,38,21,45,46,10,11,90,18,17,35,12,6,12,0,1,6,1,17,17,77,0,0,11,0,0,82,96,0,0,0,0,0,0,0,0,0
1422255,1,"Liga Nacional","Liga Endesa",-402534000,NA,"https://www.acb.com/Documentos/Cabeceras/logo-competicion-1b.png","https://www.acb.com/Documentos/Cabeceras/logo-competicion-4a.png",74,2009,111,NA,NA,2248,13826,NA,NA,TRUE,1525,1525,123,"Regal FC Barcelona","Regal FCB","FCB",1539,1080,"Unicaja","Unicaja","UNI",1,96,12000,8,21,38.1,30,44,68.18,12,17,70.59,24,9,33,17,8,10,0,6,1,7,17,17,117,0,0,0,1,0,96,82,0,NA,0,0,0,0,0,0,0
1422339,1,"Liga Nacional","Liga Endesa",-402534000,NA,"https://www.acb.com/Documentos/Cabeceras/logo-competicion-1b.png","https://www.acb.com/Documentos/Cabeceras/logo-competicion-4a.png",74,2009,111,NA,NA,2249,13829,NA,NA,TRUE,1526,1526,238,"Caja Laboral","Caja Laboral","CLA",1534,779,"Real Madrid","Real Madrid","RMB",1,85,13500,9,25,36,21,42,50,16,21,76.19,25,11,36,18,5,14,0,2,2,3,21,27,94,0,0,0,1,0,85,80,0,NA,0,0,0,0,0,0,0
1422340,1,"Liga Nacional","Liga Endesa",-402534000,NA,"https://www.acb.com/Documentos/Cabeceras/logo-competicion-1b.png","https://www.acb.com/Documentos/Cabeceras/logo-competicion-4a.png",74,2009,111,NA,NA,2249,13829,NA,NA,FALSE,1534,1526,238,"Caja Laboral","Caja Laboral","CLA",1534,779,"Real Madrid","Real Madrid","RMB",1,80,13500,9,29,31.03,20,38,52.63,13,21,61.9,26,16,42,15,13,17,0,2,2,3,27,21,81,0,0,1,0,0,80,85,0,NA,0,0,0,0,0,0,0
1422311,1,"Liga Nacional","Liga Endesa",-402534000,NA,"https://www.acb.com/Documentos/Cabeceras/logo-competicion-1b.png","https://www.acb.com/Documentos/Cabeceras/logo-competicion-4a.png",74,2009,111,NA,NA,2249,13828,NA,NA,TRUE,1525,1525,123,"Regal FC Barcelona","Regal FCB","FCB",1539,1080,"Unicaja","Unicaja","UNI",1,71,12000,9,27,33.33,14,31,45.16,16,21,76.19,34,10,44,14,5,10,0,5,3,5,20,18,84,0,0,0,1,0,71,58,0,NA,0,0,0,0,0,0,0
1422312,1,"Liga Nacional","Liga Endesa",-402534000,NA,"https://www.acb.com/Documentos/Cabeceras/logo-competicion-1b.png","https://www.acb.com/Documentos/Cabeceras/logo-competicion-4a.png",74,2009,111,NA,NA,2249,13828,NA,NA,FALSE,1539,1525,123,"Regal FC Barcelona","Regal FCB","FCB",1539,1080,"Unicaja","Unicaja","UNI",1,58,12000,5,18,27.78,15,46,32.61,13,15,86.67,25,11,36,9,4,8,0,3,5,2,18,20,53,0,0,1,0,0,58,71,0,NA,0,0,0,0,0,0,0
1422396,1,"Liga Nacional","Liga Endesa",-402534000,NA,"https://www.acb.com/Documentos/Cabeceras/logo-competicion-1b.png","https://www.acb.com/Documentos/Cabeceras/logo-competicion-4a.png",74,2009,111,NA,NA,2250,13831,NA,NA,FALSE,1526,1534,779,"Real Madrid","Real Madrid","RMB",1526,238,"Caja Laboral","Caja Laboral","CLA",1,67,12000,7,21,33.33,20,33,60.61,6,14,42.86,20,4,24,16,5,10,0,0,1,0,21,17,62,0,0,1,0,0,67,80,0,NA,0,0,0,0,0,0,0
1422395,1,"Liga Nacional","Liga Endesa",-402534000,NA,"https://www.acb.com/Documentos/Cabeceras/logo-competicion-1b.png","https://www.acb.com/Documentos/Cabeceras/logo-competicion-4a.png",74,2009,111,NA,NA,2250,13831,NA,NA,TRUE,1534,1534,779,"Real Madrid","Real Madrid","RMB",1526,238,"Caja Laboral","Caja Laboral","CLA",1,80,12000,5,14,35.71,26,43,60.47,13,17,76.47,28,8,36,15,9,10,0,1,0,0,17,21,105,0,0,0,1,0,80,67,0,NA,0,0,0,0,0,0,0
1422367,1,"Liga Nacional","Liga Endesa",-402534000,NA,"https://www.acb.com/Documentos/Cabeceras/logo-competicion-1b.png","https://www.acb.com/Documentos/Cabeceras/logo-competicion-4a.png",74,2009,111,NA,NA,2250,13830,NA,NA,TRUE,1539,1539,1080,"Unicaja","Unicaja","UNI",1525,123,"Regal FC Barcelona","Regal FCB","FCB",1,72,12000,7,18,38.89,20,42,47.62,11,16,68.75,18,10,28,14,8,10,0,1,6,2,18,19,70,0,0,1,0,0,72,82,0,NA,0,0,0,0,0,0,0
1422368,1,"Liga Nacional","Liga Endesa",-402534000,NA,"https://www.acb.com/Documentos/Cabeceras/logo-competicion-1b.png","https://www.acb.com/Documentos/Cabeceras/logo-competicion-4a.png",74,2009,111,NA,NA,2250,13830,NA,NA,FALSE,1525,1539,1080,"Unicaja","Unicaja","UNI",1525,123,"Regal FC Barcelona","Regal FCB","FCB",1,82,12000,10,24,41.67,21,36,58.33,10,13,76.92,23,13,36,10,6,12,0,6,1,1,19,18,94,0,0,0,1,0,82,72,0,NA,0,0,0,0,0,0,0
1422422,1,"Liga Nacional","Liga Endesa",-402534000,NA,"https://www.acb.com/Documentos/Cabeceras/logo-competicion-1b.png","https://www.acb.com/Documentos/Cabeceras/logo-competicion-4a.png",74,2009,111,NA,NA,2251,13832,NA,NA,TRUE,1534,1534,779,"Real Madrid","Real Madrid","RMB",1526,238,"Caja Laboral","Caja Laboral","CLA",1,80,12000,11,25,44,18,32,56.25,11,15,73.33,23,9,32,18,9,9,0,2,0,2,16,21,105,0,0,0,1,0,80,62,0,NA,0,0,0,0,0,0,0
1422423,1,"Liga Nacional","Liga Endesa",-402534000,NA,"https://www.acb.com/Documentos/Cabeceras/logo-competicion-1b.png","https://www.acb.com/Documentos/Cabeceras/logo-competicion-4a.png",74,2009,111,NA,NA,2251,13832,NA,NA,FALSE,1526,1534,779,"Real Madrid","Real Madrid","RMB",1526,238,"Caja Laboral","Caja Laboral","CLA",1,62,12000,2,16,12.5,25,38,65.79,6,9,66.67,19,7,26,14,7,15,0,0,2,2,21,16,57,0,0,1,0,0,62,80,0,NA,0,0,0,0,0,0,0
1422450,1,"Liga Nacional","Liga Endesa",-402534000,NA,"https://www.acb.com/Documentos/Cabeceras/logo-competicion-1b.png","https://www.acb.com/Documentos/Cabeceras/logo-competicion-4a.png",74,2009,111,NA,NA,2252,13833,NA,NA,TRUE,1526,1526,238,"Caja Laboral","Caja Laboral","CLA",1534,779,"Real Madrid","Real Madrid","RMB",1,64,12000,3,15,20,24,37,64.86,7,12,58.33,20,8,28,13,6,11,0,2,3,0,17,18,70,0,0,0,1,0,64,56,0,NA,0,0,0,0,0,0,0
1422451,1,"Liga Nacional","Liga Endesa",-402534000,NA,"https://www.acb.com/Documentos/Cabeceras/logo-competicion-1b.png","https://www.acb.com/Documentos/Cabeceras/logo-competicion-4a.png",74,2009,111,NA,NA,2252,13833,NA,NA,FALSE,1534,1526,238,"Caja Laboral","Caja Laboral","CLA",1534,779,"Real Madrid","Real Madrid","RMB",1,56,12000,3,15,20,20,45,44.44,7,9,77.78,17,15,32,10,3,12,0,3,2,1,18,17,50,0,0,1,0,0,56,64,0,NA,0,0,0,0,0,0,0
1422479,1,"Liga Nacional","Liga Endesa",-402534000,NA,"https://www.acb.com/Documentos/Cabeceras/logo-competicion-1b.png","https://www.acb.com/Documentos/Cabeceras/logo-competicion-4a.png",74,2009,111,NA,NA,2253,13834,NA,NA,FALSE,1526,1525,123,"Regal FC Barcelona","Regal FCB","FCB",1526,238,"Caja Laboral","Caja Laboral","CLA",1,63,12000,7,20,35,17,41,41.46,8,10,80,30,11,41,9,5,10,0,1,5,1,17,15,63,0,0,0,1,0,63,58,0,NA,0,0,0,0,0,0,0
1422478,1,"Liga Nacional","Liga Endesa",-402534000,NA,"https://www.acb.com/Documentos/Cabeceras/logo-competicion-1b.png","https://www.acb.com/Documentos/Cabeceras/logo-competicion-4a.png",74,2009,111,NA,NA,2253,13834,NA,NA,TRUE,1525,1525,123,"Regal FC Barcelona","Regal FCB","FCB",1526,238,"Caja Laboral","Caja Laboral","CLA",1,58,12000,8,26,30.77,14,36,38.89,6,8,75,25,10,35,11,7,10,0,5,1,2,15,17,65,0,0,1,0,0,58,63,0,NA,0,0,0,0,0,0,0
1422506,1,"Liga Nacional","Liga Endesa",-402534000,NA,"https://www.acb.com/Documentos/Cabeceras/logo-competicion-1b.png","https://www.acb.com/Documentos/Cabeceras/logo-competicion-4a.png",74,2009,111,NA,NA,2254,13835,NA,NA,TRUE,1525,1525,123,"Regal FC Barcelona","Regal FCB","FCB",1526,238,"Caja Laboral","Caja Laboral","CLA",1,69,12000,5,21,23.81,19,42,45.24,16,21,76.19,24,12,36,13,7,10,0,1,3,1,19,20,70,0,0,1,0,0,69,70,0,NA,0,0,0,0,0,0,0
1422507,1,"Liga Nacional","Liga Endesa",-402534000,NA,"https://www.acb.com/Documentos/Cabeceras/logo-competicion-1b.png","https://www.acb.com/Documentos/Cabeceras/logo-competicion-4a.png",74,2009,111,NA,NA,2254,13835,NA,NA,FALSE,1526,1525,123,"Regal FC Barcelona","Regal FCB","FCB",1526,238,"Caja Laboral","Caja Laboral","CLA",1,70,12000,9,21,42.86,15,30,50,13,16,81.25,27,1,28,10,8,14,0,3,1,0,20,19,73,0,0,0,1,0,70,69,0,NA,0,0,0,0,0,0,0
1422199,1,"Liga Nacional","Liga Endesa",-402534000,NA,"https://www.acb.com/Documentos/Cabeceras/logo-competicion-1b.png","https://www.acb.com/Documentos/Cabeceras/logo-competicion-4a.png",74,2009,111,NA,NA,2255,13824,NA,NA,TRUE,1526,1526,238,"Caja Laboral","Caja Laboral","CLA",1525,123,"Regal FC Barcelona","Regal FCB","FCB",1,79,13500,6,19,31.58,23,46,50,15,21,71.43,25,11,36,13,12,16,0,4,1,2,23,24,86,0,0,0,1,0,79,78,0,NA,0,0,0,0,0,0,0
1422200,1,"Liga Nacional","Liga Endesa",-402534000,NA,"https://www.acb.com/Documentos/Cabeceras/logo-competicion-1b.png","https://www.acb.com/Documentos/Cabeceras/logo-competicion-4a.png",74,2009,111,NA,NA,2255,13824,NA,NA,FALSE,1525,1526,238,"Caja Laboral","Caja Laboral","CLA",1525,123,"Regal FC Barcelona","Regal FCB","FCB",1,78,13500,7,29,24.14,21,35,60,15,21,71.43,25,12,37,11,9,18,0,1,4,1,24,23,71,0,0,1,0,0,78,79,0,NA,0,0,0,0,0,0,0
1777709,2,"Copa de España","Copa del Rey",-1142812800,NA,"https://static.acb.com/img/d/15/9/27868934009.png","https://static.acb.com/img/d/15/9/27868934009.png",74,2009,103,293,354,305,851,NA,NA,FALSE,1572,1571,779,"Real Madrid","Real Madrid","RMB",1572,643,"DKV Joventut","DKV Joventut","DKV",1,82,12000,4,24,16.666667,26,38,68.421053,18,22,81.818182,22,9,31,14,8,12,0,3,0,3,24,20,86,0,0,1,0,0,82,90,0,NA,0,0,0,0,0,0,0
1777707,2,"Copa de España","Copa del Rey",-1142812800,NA,"https://static.acb.com/img/d/15/9/27868934009.png","https://static.acb.com/img/d/15/9/27868934009.png",74,2009,103,293,354,305,851,NA,NA,TRUE,1571,1571,779,"Real Madrid","Real Madrid","RMB",1572,643,"DKV Joventut","DKV Joventut","DKV",1,90,12000,12,26,46.153846,21,36,58.333333,12,21,57.142857,26,9,35,16,10,13,0,0,3,1,20,24,101,0,0,0,1,0,90,82,0,NA,0,0,0,0,0,0,0
1777703,2,"Copa de España","Copa del Rey",-1142812800,NA,"https://static.acb.com/img/d/15/9/27868934009.png","https://static.acb.com/img/d/15/9/27868934009.png",74,2009,103,293,352,305,850,NA,NA,FALSE,1567,1568,290,"Bizkaia Bilbao Basket","Bizkaia Bilbao","BBB",1567,238,"Caja Laboral","Caja Laboral","CLA",1,75,12000,13,29,44.827586,15,29,51.724138,6,6,100,19,13,32,11,12,14,0,4,3,2,12,17,92,0,0,0,1,0,75,62,0,NA,0,0,0,0,0,0,0
1777705,2,"Copa de España","Copa del Rey",-1142812800,NA,"https://static.acb.com/img/d/15/9/27868934009.png","https://static.acb.com/img/d/15/9/27868934009.png",74,2009,103,293,352,305,850,NA,NA,TRUE,1568,1568,290,"Bizkaia Bilbao Basket","Bizkaia Bilbao","BBB",1567,238,"Caja Laboral","Caja Laboral","CLA",1,62,12000,9,26,34.615385,15,26,57.692308,5,5,100,17,9,26,18,8,18,0,3,4,1,17,12,62,0,0,1,0,0,62,75,0,NA,0,0,0,0,0,0,0
1777701,2,"Copa de España","Copa del Rey",-1142812800,NA,"https://static.acb.com/img/d/15/9/27868934009.png","https://static.acb.com/img/d/15/9/27868934009.png",74,2009,103,293,353,305,849,NA,NA,FALSE,1570,1569,123,"Regal FC Barcelona","Regal FCB","FCB",1570,1140,"Cajasol","Cajasol","CAJ",1,72,12000,6,20,30,21,35,60,12,19,63.157895,19,12,31,9,11,17,0,0,3,1,23,22,67,0,0,1,0,0,72,77,0,NA,0,0,0,0,0,0,0
1777700,2,"Copa de España","Copa del Rey",-1142812800,NA,"https://static.acb.com/img/d/15/9/27868934009.png","https://static.acb.com/img/d/15/9/27868934009.png",74,2009,103,293,353,305,849,NA,NA,TRUE,1569,1569,123,"Regal FC Barcelona","Regal FCB","FCB",1570,1140,"Cajasol","Cajasol","CAJ",1,77,12000,6,21,28.571429,21,32,65.625,17,21,80.952381,19,9,28,15,11,16,0,3,0,8,22,23,89,0,0,0,1,0,77,72,0,NA,0,0,0,0,0,0,0
1777697,2,"Copa de España","Copa del Rey",-1142812800,NA,"https://static.acb.com/img/d/15/9/27868934009.png","https://static.acb.com/img/d/15/9/27868934009.png",74,2009,103,293,351,305,848,NA,NA,FALSE,1566,1565,979,"Power Electronics Valencia","Pow. Valencia","VBC",1566,477,"Asefa Estudiantes","Asefa Estu","ASE",1,73,12000,9,26,34.615385,19,29,65.517241,8,11,72.727273,18,11,29,13,10,21,0,2,1,3,26,21,70,0,0,1,0,0,73,75,0,NA,0,0,0,0,0,0,0
1777696,2,"Copa de España","Copa del Rey",-1142812800,NA,"https://static.acb.com/img/d/15/9/27868934009.png","https://static.acb.com/img/d/15/9/27868934009.png",74,2009,103,293,351,305,848,NA,NA,TRUE,1565,1565,979,"Power Electronics Valencia","Pow. Valencia","VBC",1566,477,"Asefa Estudiantes","Asefa Estu","ASE",1,75,12000,8,19,42,15,30,50,21,26,80,16,10,26,12,9,19,0,1,2,2,21,26,76,0,0,0,1,0,75,73,0,0,0,0,0,0,0,0,0
1777718,2,"Copa de España","Copa del Rey",-1142812800,NA,"https://static.acb.com/img/d/15/9/27868934009.png","https://static.acb.com/img/d/15/9/27868934009.png",74,2009,103,292,302,306,853,NA,NA,FALSE,1571,1567,238,"Caja Laboral","Caja Laboral","CLA",1571,779,"Real Madrid","Real Madrid","RMB",1,78,12000,8,19,42.105263,19,42,45.238095,16,18,88.888889,23,12,35,17,12,6,0,1,4,1,16,20,101,0,0,0,1,0,78,50,0,NA,0,0,0,0,0,0,0
1777715,2,"Copa de España","Copa del Rey",-1142812800,NA,"https://static.acb.com/img/d/15/9/27868934009.png","https://static.acb.com/img/d/15/9/27868934009.png",74,2009,103,292,302,306,853,NA,NA,TRUE,1567,1567,238,"Caja Laboral","Caja Laboral","CLA",1571,779,"Real Madrid","Real Madrid","RMB",1,50,12000,2,15,13.333333,18,34,52.941176,8,11,72.727273,20,6,26,5,3,14,0,4,1,2,20,16,37,0,0,1,0,0,50,78,0,NA,0,0,0,0,0,0,0
1777713,2,"Copa de España","Copa del Rey",-1142812800,NA,"https://static.acb.com/img/d/15/9/27868934009.png","https://static.acb.com/img/d/15/9/27868934009.png",74,2009,103,292,301,306,852,NA,NA,FALSE,1569,1565,979,"Power Electronics Valencia","Pow. Valencia","VBC",1569,123,"Regal FC Barcelona","Regal FCB","FCB",1,72,12000,4,21,19.047619,20,37,54.054054,20,22,90.909091,25,15,40,12,8,13,0,1,4,5,20,23,83,0,0,0,1,0,72,64,0,NA,0,0,0,0,0,0,0
1777712,2,"Copa de España","Copa del Rey",-1142812800,NA,"https://static.acb.com/img/d/15/9/27868934009.png","https://static.acb.com/img/d/15/9/27868934009.png",74,2009,103,292,301,306,852,NA,NA,TRUE,1565,1565,979,"Power Electronics Valencia","Pow. Valencia","VBC",1569,123,"Regal FC Barcelona","Regal FCB","FCB",1,64,12000,3,20,15,20,38,52,15,17,88,20,8,28,4,7,11,0,4,1,0,23,20,55,0,0,1,0,0,64,72,0,0,0,0,0,0,0,0,0
1777720,2,"Copa de España","Copa del Rey",-1142812800,NA,"https://static.acb.com/img/d/15/9/27868934009.png","https://static.acb.com/img/d/15/9/27868934009.png",74,2009,103,291,301,307,854,NA,NA,TRUE,1569,1569,123,"Regal FC Barcelona","Regal FCB","FCB",1571,779,"Real Madrid","Real Madrid","RMB",1,80,12000,7,22,31.818182,24,40,60,11,16,68.75,19,14,33,10,7,7,0,3,4,5,20,19,85,0,0,0,1,0,80,61,0,NA,0,0,0,0,0,0,0
1777721,2,"Copa de España","Copa del Rey",-1142812800,NA,"https://static.acb.com/img/d/15/9/27868934009.png","https://static.acb.com/img/d/15/9/27868934009.png",74,2009,103,291,301,307,854,NA,NA,FALSE,1571,1569,123,"Regal FC Barcelona","Regal FCB","FCB",1571,779,"Real Madrid","Real Madrid","RMB",1,61,12000,5,16,31.25,17,33,51.515152,12,16,75,16,9,25,12,7,16,0,4,3,0,19,20,60,0,0,1,0,0,61,80,0,NA,0,0,0,0,0,0,0
1412828,3,"Supercopa","Supercopa Endesa",477108000,NA,"https://static.acb.com/img/14/39/3/27868634006.png","https://static.acb.com/img/1c/1a/3d/27940034120.png",74,2009,103,NA,NA,2235,14372,NA,NA,FALSE,1563,1562,238,"Caja Laboral","Caja Laboral","CLA",1563,779,"Real Madrid","Real Madrid","RMB",1,87,12000,8,25,32,24,33,72.73,15,18,83.33,26,8,34,18,9,17,0,3,0,0,18,22,109,0,0,0,1,0,87,62,0,NA,0,0,0,0,0,0,0
1412827,3,"Supercopa","Supercopa Endesa",477108000,NA,"https://static.acb.com/img/14/39/3/27868634006.png","https://static.acb.com/img/1c/1a/3d/27940034120.png",74,2009,103,NA,NA,2235,14372,NA,NA,TRUE,1562,1562,238,"Caja Laboral","Caja Laboral","CLA",1563,779,"Real Madrid","Real Madrid","RMB",1,62,12000,5,22,22.73,21,38,55.26,5,7,71.43,15,6,21,15,11,19,0,0,3,2,22,18,47,0,0,1,0,0,62,87,0,NA,0,0,0,0,0,0,0
1412801,3,"Supercopa","Supercopa Endesa",477108000,NA,"https://static.acb.com/img/14/39/3/27868634006.png","https://static.acb.com/img/1c/1a/3d/27940034120.png",74,2009,103,NA,NA,2235,14371,NA,NA,FALSE,1561,1564,350,"Gran Canaria 2014","G. Canaria 2014","GCA",1561,123,"Regal FC Barcelona","Regal FCB","FCB",1,74,12000,5,15,33.33,24,35,68.57,11,17,64.71,23,2,25,21,15,16,0,5,1,5,23,19,92,0,0,0,1,0,74,51,0,NA,0,0,0,0,0,0,0
1412800,3,"Supercopa","Supercopa Endesa",477108000,NA,"https://static.acb.com/img/14/39/3/27868634006.png","https://static.acb.com/img/1c/1a/3d/27940034120.png",74,2009,103,NA,NA,2235,14371,NA,NA,TRUE,1564,1564,350,"Gran Canaria 2014","G. Canaria 2014","GCA",1561,123,"Regal FC Barcelona","Regal FCB","FCB",1,51,12000,2,14,14.29,13,40,32.5,19,24,79.17,20,15,35,4,4,24,0,1,5,1,19,23,26,0,0,1,0,0,51,74,0,NA,0,0,0,0,0,0,0
1412856,3,"Supercopa","Supercopa Endesa",477108000,NA,"https://static.acb.com/img/14/39/3/27868634006.png","https://static.acb.com/img/1c/1a/3d/27940034120.png",74,2009,103,NA,NA,2236,14373,NA,NA,FALSE,1563,1561,123,"Regal FC Barcelona","Regal FCB","FCB",1563,779,"Real Madrid","Real Madrid","RMB",1,82,12000,7,21,33.33,21,39,53.85,19,22,86.36,18,11,29,10,7,12,0,1,3,1,22,22,79,0,0,1,0,0,82,86,0,NA,0,0,0,0,0,0,0
1412855,3,"Supercopa","Supercopa Endesa",477108000,NA,"https://static.acb.com/img/14/39/3/27868634006.png","https://static.acb.com/img/1c/1a/3d/27940034120.png",74,2009,103,NA,NA,2236,14373,NA,NA,TRUE,1561,1561,123,"Regal FC Barcelona","Regal FCB","FCB",1563,779,"Real Madrid","Real Madrid","RMB",1,86,12000,9,17,52.94,24,45,53.33,11,21,52.38,19,15,34,19,8,13,0,3,1,3,22,22,97,0,0,0,1,0,86,82,0,NA,0,0,0,0,0,0,0
