"id","id_competition","competition_name","competition_official_name","competition_initial_date","competition_final_date","competition_url_image","competition_url_image_negative","id_edition","edition_year","id_phase","id_subphase","id_round","id_matchweek","id_match","period","id_edition_license_team","is_local","id_team","id_local_team","local_team_id_team_denomination","local_team_team_actual_name","local_team_team_actual_short_name","local_team_team_abbrev_name","id_visitor_team","visitor_team_id_team_denomination","visitor_team_team_actual_name","visitor_team_team_actual_short_name","visitor_team_team_abbrev_name","match_number","points","time_played","3pt_success","3pt_tried","3pt_percentage","2pt_success","2pt_tried","2pt_percentage","1pt_success","1pt_tried","1pt_percentage","defensive_rebound","offensive_rebound","total_rebound","asis","steals","turnovers","counter_attack","blocks","received_blocks","dunks","personal_fouls","received_fouls","val","differential","tournament_number2","defeats","victories","tie","team_score","rival_team_score","timeouts","time_as_leader","leader_changes","maximun_difference","points_after_steal","points_in_the_paint","second_opportinity_points","bench_points","best_streak"
1485851,1,"Liga Nacional","Liga Endesa",-402534000,NA,"https://www.acb.com/Documentos/Cabeceras/logo-competicion-1b.png","https://www.acb.com/Documentos/Cabeceras/logo-competicion-4a.png",66,2001,107,NA,NA,1750,10898,NA,NA,TRUE,1265,1265,100,"FC Barcelona","FC Barcelona","FCB",1275,624,"DKV Joventut","DKV Joventut","DKV",1,76,12000,9,27,33.33,15,39,38.46,19,24,79.17,21,19,40,11,12,19,0,2,5,1,27,26,69,0,0,0,1,0,76,72,0,NA,0,0,0,0,0,0,0
1485852,1,"Liga Nacional","Liga Endesa",-402534000,NA,"https://www.acb.com/Documentos/Cabeceras/logo-competicion-1b.png","https://www.acb.com/Documentos/Cabeceras/logo-competicion-4a.png",66,2001,107,NA,NA,1750,10898,NA,NA,FALSE,1275,1265,100,"FC Barcelona","FC Barcelona","FCB",1275,624,"DKV Joventut","DKV Joventut","DKV",1,72,12000,1,11,9,26,47,55,17,28,60,23,13,36,10,11,20,0,5,2,4,26,27,71,0,0,11,0,0,72,76,0,0,0,0,0,0,0,0,0
1485875,1,"Liga Nacional","Liga Endesa",-402534000,NA,"https://www.acb.com/Documentos/Cabeceras/logo-competicion-1b.png","https://www.acb.com/Documentos/Cabeceras/logo-competicion-4a.png",66,2001,107,NA,NA,1750,10899,NA,NA,FALSE,1276,1271,1199,"Jabones Pardo Fuenlabrada","Jabones Pardo","FUE",1276,1609,"Caprabo Lleida","Caprabo Lleida","LLE",1,70,13500,7,22,31.82,15,39,38.46,19,23,82.61,32,11,43,11,7,17,0,1,3,2,19,23,73,0,0,1,0,0,70,74,0,NA,0,0,0,0,0,0,0
1485874,1,"Liga Nacional","Liga Endesa",-402534000,NA,"https://www.acb.com/Documentos/Cabeceras/logo-competicion-1b.png","https://www.acb.com/Documentos/Cabeceras/logo-competicion-4a.png",66,2001,107,NA,NA,1750,10899,NA,NA,TRUE,1271,1271,1199,"Jabones Pardo Fuenlabrada","Jabones Pardo","FUE",1276,1609,"Caprabo Lleida","Caprabo Lleida","LLE",1,74,13500,9,31,29.03,18,41,43.9,11,19,57.89,28,15,43,11,6,11,0,3,1,1,23,19,68,0,0,0,1,0,74,70,0,NA,0,0,0,0,0,0,0
1485900,1,"Liga Nacional","Liga Endesa",-402534000,NA,"https://www.acb.com/Documentos/Cabeceras/logo-competicion-1b.png","https://www.acb.com/Documentos/Cabeceras/logo-competicion-4a.png",66,2001,107,NA,NA,1750,10900,NA,NA,TRUE,1268,1268,1374,"Cáceres CB","Cáceres CB","CAC",1277,758,"Real Madrid","Real Madrid","RMB",1,87,12000,2,12,16.67,27,53,50.94,27,36,75,21,10,31,10,13,14,0,2,4,6,22,25,83,0,0,1,0,0,87,99,0,NA,0,0,0,0,0,0,0
1485901,1,"Liga Nacional","Liga Endesa",-402534000,NA,"https://www.acb.com/Documentos/Cabeceras/logo-competicion-1b.png","https://www.acb.com/Documentos/Cabeceras/logo-competicion-4a.png",66,2001,107,NA,NA,1750,10900,NA,NA,FALSE,1277,1268,1374,"Cáceres CB","Cáceres CB","CAC",1277,758,"Real Madrid","Real Madrid","RMB",1,99,12000,8,17,47,28,45,62,19,22,86,31,6,37,18,9,19,0,4,2,3,25,22,114,0,0,0,11,0,99,87,0,0,0,0,0,0,0,0,0
1485780,1,"Liga Nacional","Liga Endesa",-402534000,NA,"https://www.acb.com/Documentos/Cabeceras/logo-competicion-1b.png","https://www.acb.com/Documentos/Cabeceras/logo-competicion-4a.png",66,2001,107,NA,NA,1750,10895,NA,NA,TRUE,1270,1270,461,"Adecco Estudiantes","Adecco Estu","EST",1273,1467,"Casademont Girona","Casademont Gir.","GIR",1,67,12000,5,22,22,24,53,45,4,10,40,25,16,41,12,11,16,0,1,2,4,20,18,60,0,0,10,0,0,67,69,0,0,0,0,0,0,0,0,0
1485781,1,"Liga Nacional","Liga Endesa",-402534000,NA,"https://www.acb.com/Documentos/Cabeceras/logo-competicion-1b.png","https://www.acb.com/Documentos/Cabeceras/logo-competicion-4a.png",66,2001,107,NA,NA,1750,10895,NA,NA,FALSE,1273,1270,461,"Adecco Estudiantes","Adecco Estu","EST",1273,1467,"Casademont Girona","Casademont Gir.","GIR",1,69,12000,7,18,38,21,35,60,6,15,40,30,5,35,6,11,21,0,2,1,0,18,20,69,0,0,0,10,0,69,67,0,0,0,0,0,0,0,0,0
1485806,1,"Liga Nacional","Liga Endesa",-402534000,NA,"https://www.acb.com/Documentos/Cabeceras/logo-competicion-1b.png","https://www.acb.com/Documentos/Cabeceras/logo-competicion-4a.png",66,2001,107,NA,NA,1750,10896,NA,NA,FALSE,1280,1282,1850,"Fórum Valladolid","Fórum Vall.","FOR",1280,1127,"Caja San Fernando","C. San Fernando","CSF",1,67,12000,9,27,33.33,15,37,40.54,10,13,76.92,17,15,32,9,7,12,0,1,6,1,22,15,48,0,0,1,0,0,67,81,0,NA,0,0,0,0,0,0,0
1485805,1,"Liga Nacional","Liga Endesa",-402534000,NA,"https://www.acb.com/Documentos/Cabeceras/logo-competicion-1b.png","https://www.acb.com/Documentos/Cabeceras/logo-competicion-4a.png",66,2001,107,NA,NA,1750,10896,NA,NA,TRUE,1282,1282,1850,"Fórum Valladolid","Fórum Vall.","FOR",1280,1127,"Caja San Fernando","C. San Fernando","CSF",1,81,12000,7,14,50,25,39,64,10,20,50,25,8,33,14,7,12,0,6,1,1,15,22,104,0,0,0,12,0,81,67,0,0,0,0,0,0,0,0,0
1485827,1,"Liga Nacional","Liga Endesa",-402534000,NA,"https://www.acb.com/Documentos/Cabeceras/logo-competicion-1b.png","https://www.acb.com/Documentos/Cabeceras/logo-competicion-4a.png",66,2001,107,NA,NA,1750,10897,NA,NA,TRUE,1278,1278,959,"Pamesa Valencia","Pamesa Valencia","PAM",1279,1054,"Unicaja","Unicaja","UNI",1,65,12000,1,10,10,22,52,42.31,18,28,64.29,28,13,41,8,9,11,0,3,3,2,18,28,73,0,0,1,0,0,65,66,0,NA,0,0,0,0,0,0,0
1485828,1,"Liga Nacional","Liga Endesa",-402534000,NA,"https://www.acb.com/Documentos/Cabeceras/logo-competicion-1b.png","https://www.acb.com/Documentos/Cabeceras/logo-competicion-4a.png",66,2001,107,NA,NA,1750,10897,NA,NA,FALSE,1279,1278,959,"Pamesa Valencia","Pamesa Valencia","PAM",1279,1054,"Unicaja","Unicaja","UNI",1,66,12000,5,20,25,23,48,47.92,5,11,45.45,26,17,43,11,5,14,0,3,3,0,28,18,55,0,0,0,1,0,66,65,0,NA,0,0,0,0,0,0,0
1485756,1,"Liga Nacional","Liga Endesa",-402534000,NA,"https://www.acb.com/Documentos/Cabeceras/logo-competicion-1b.png","https://www.acb.com/Documentos/Cabeceras/logo-competicion-4a.png",66,2001,107,NA,NA,1750,10894,NA,NA,TRUE,1274,1274,4,"CB Granada","CB Granada","GRA",1267,1355,"Leche Río Breogán","Leche Río Bre.","BRE",1,76,12000,3,18,16.67,25,45,55.56,17,26,65.38,20,13,33,8,9,9,0,1,1,0,23,26,76,0,0,1,0,0,76,81,0,NA,0,0,0,0,0,0,0
1485757,1,"Liga Nacional","Liga Endesa",-402534000,NA,"https://www.acb.com/Documentos/Cabeceras/logo-competicion-1b.png","https://www.acb.com/Documentos/Cabeceras/logo-competicion-4a.png",66,2001,107,NA,NA,1750,10894,NA,NA,FALSE,1267,1274,4,"CB Granada","CB Granada","GRA",1267,1355,"Leche Río Breogán","Leche Río Bre.","BRE",1,81,12000,5,11,45.45,23,42,54.76,20,31,64.52,25,7,32,11,7,12,0,1,1,1,26,23,80,0,0,0,1,0,81,76,0,NA,0,0,0,0,0,0,0
1485925,1,"Liga Nacional","Liga Endesa",-402534000,NA,"https://www.acb.com/Documentos/Cabeceras/logo-competicion-1b.png","https://www.acb.com/Documentos/Cabeceras/logo-competicion-4a.png",66,2001,107,NA,NA,1750,10901,NA,NA,TRUE,1281,1281,1805,"Cantabria Lobos","Cantabria Lobos","CAN",1272,1447,"Gijón Baloncesto","Gijón Bal.","GIJ",1,83,12000,7,14,50,20,37,54.05,22,28,78.57,20,9,29,9,18,11,0,0,3,0,24,24,95,0,0,0,1,0,83,74,0,NA,0,0,0,0,0,0,0
1485926,1,"Liga Nacional","Liga Endesa",-402534000,NA,"https://www.acb.com/Documentos/Cabeceras/logo-competicion-1b.png","https://www.acb.com/Documentos/Cabeceras/logo-competicion-4a.png",66,2001,107,NA,NA,1750,10901,NA,NA,FALSE,1272,1281,1805,"Cantabria Lobos","Cantabria Lobos","CAN",1272,1447,"Gijón Baloncesto","Gijón Bal.","GIJ",1,74,12000,7,22,31,17,31,54,19,28,67,25,9,34,11,9,18,0,3,0,0,24,24,75,0,0,11,0,0,74,83,0,0,0,0,0,0,0,0,0
1485981,1,"Liga Nacional","Liga Endesa",-402534000,NA,"https://www.acb.com/Documentos/Cabeceras/logo-competicion-1b.png","https://www.acb.com/Documentos/Cabeceras/logo-competicion-4a.png",66,2001,107,NA,NA,1751,10904,NA,NA,TRUE,1266,1266,214,"TAU Cerámica","TAU Cerámica","TAU",1281,1805,"Cantabria Lobos","Cantabria Lobos","CAN",1,81,12000,2,13,15.38,28,44,63.64,19,22,86.36,24,10,34,17,13,20,0,3,2,2,18,23,101,0,0,0,1,0,81,68,0,NA,0,0,0,0,0,0,0
1485982,1,"Liga Nacional","Liga Endesa",-402534000,NA,"https://www.acb.com/Documentos/Cabeceras/logo-competicion-1b.png","https://www.acb.com/Documentos/Cabeceras/logo-competicion-4a.png",66,2001,107,NA,NA,1751,10904,NA,NA,FALSE,1281,1266,214,"TAU Cerámica","TAU Cerámica","TAU",1281,1805,"Cantabria Lobos","Cantabria Lobos","CAN",1,68,12000,6,10,60,19,41,46.34,12,17,70.59,17,4,21,11,13,22,0,2,3,1,23,18,54,0,0,1,0,0,68,81,0,NA,0,0,0,0,0,0,0
1486032,1,"Liga Nacional","Liga Endesa",-402534000,NA,"https://www.acb.com/Documentos/Cabeceras/logo-competicion-1b.png","https://www.acb.com/Documentos/Cabeceras/logo-competicion-4a.png",66,2001,107,NA,NA,1751,10906,NA,NA,FALSE,1271,1277,758,"Real Madrid","Real Madrid","RMB",1271,1199,"Jabones Pardo Fuenlabrada","Jabones Pardo","FUE",1,56,12000,4,17,23.53,16,37,43.24,12,22,54.55,21,8,29,8,8,17,0,1,4,1,27,21,31,0,0,1,0,0,56,80,0,NA,0,0,0,0,0,0,0
1486031,1,"Liga Nacional","Liga Endesa",-402534000,NA,"https://www.acb.com/Documentos/Cabeceras/logo-competicion-1b.png","https://www.acb.com/Documentos/Cabeceras/logo-competicion-4a.png",66,2001,107,NA,NA,1751,10906,NA,NA,TRUE,1277,1277,758,"Real Madrid","Real Madrid","RMB",1271,1199,"Jabones Pardo Fuenlabrada","Jabones Pardo","FUE",1,80,12000,8,18,44,20,40,50,16,26,61,30,11,41,15,9,18,0,4,1,1,21,27,96,0,0,0,13,0,80,56,0,0,0,0,0,0,0,0,0
1486053,1,"Liga Nacional","Liga Endesa",-402534000,NA,"https://www.acb.com/Documentos/Cabeceras/logo-competicion-1b.png","https://www.acb.com/Documentos/Cabeceras/logo-competicion-4a.png",66,2001,107,NA,NA,1751,10907,NA,NA,TRUE,1276,1276,1609,"Caprabo Lleida","Caprabo Lleida","LLE",1265,100,"FC Barcelona","FC Barcelona","FCB",1,86,12000,8,18,44.44,19,34,55.88,24,34,70.59,23,10,33,11,6,17,0,4,1,1,29,29,87,0,0,1,0,0,86,91,0,NA,0,0,0,0,0,0,0
1486054,1,"Liga Nacional","Liga Endesa",-402534000,NA,"https://www.acb.com/Documentos/Cabeceras/logo-competicion-1b.png","https://www.acb.com/Documentos/Cabeceras/logo-competicion-4a.png",66,2001,107,NA,NA,1751,10907,NA,NA,FALSE,1265,1276,1609,"Caprabo Lleida","Caprabo Lleida","LLE",1265,100,"FC Barcelona","FC Barcelona","FCB",1,91,12000,5,16,31.25,25,47,53.19,26,33,78.79,15,12,27,14,10,11,0,1,4,2,29,29,88,0,0,0,1,0,91,86,0,NA,0,0,0,0,0,0,0
1486105,1,"Liga Nacional","Liga Endesa",-402534000,NA,"https://www.acb.com/Documentos/Cabeceras/logo-competicion-1b.png","https://www.acb.com/Documentos/Cabeceras/logo-competicion-4a.png",66,2001,107,NA,NA,1751,10909,NA,NA,TRUE,1279,1279,1054,"Unicaja","Unicaja","UNI",1282,1850,"Fórum Valladolid","Fórum Vall.","FOR",1,67,12000,7,17,41,21,46,45,4,8,50,30,12,42,14,9,14,0,5,1,0,20,18,81,0,0,0,11,0,67,40,0,0,0,0,0,0,0,0,0
1486106,1,"Liga Nacional","Liga Endesa",-402534000,NA,"https://www.acb.com/Documentos/Cabeceras/logo-competicion-1b.png","https://www.acb.com/Documentos/Cabeceras/logo-competicion-4a.png",66,2001,107,NA,NA,1751,10909,NA,NA,FALSE,1282,1279,1054,"Unicaja","Unicaja","UNI",1282,1850,"Fórum Valladolid","Fórum Vall.","FOR",1,40,12000,2,11,18,13,43,30,8,14,57,24,9,33,7,10,19,0,1,5,0,18,20,24,0,0,12,0,0,40,67,0,0,0,0,0,0,0,0,0
1485960,1,"Liga Nacional","Liga Endesa",-402534000,NA,"https://www.acb.com/Documentos/Cabeceras/logo-competicion-1b.png","https://www.acb.com/Documentos/Cabeceras/logo-competicion-4a.png",66,2001,107,NA,NA,1751,10903,NA,NA,FALSE,1269,1267,1355,"Leche Río Breogán","Leche Río Bre.","BRE",1269,335,"Canarias Telecom","Canarias Tel.","GCA",1,75,12000,6,19,31.58,25,47,53.19,7,14,50,25,9,34,10,11,10,0,6,2,3,28,19,73,0,0,1,0,0,75,78,0,NA,0,0,0,0,0,0,0
1485959,1,"Liga Nacional","Liga Endesa",-402534000,NA,"https://www.acb.com/Documentos/Cabeceras/logo-competicion-1b.png","https://www.acb.com/Documentos/Cabeceras/logo-competicion-4a.png",66,2001,107,NA,NA,1751,10903,NA,NA,TRUE,1267,1267,1355,"Leche Río Breogán","Leche Río Bre.","BRE",1269,335,"Canarias Telecom","Canarias Tel.","GCA",1,78,12000,6,15,40,21,45,46.67,18,25,72,28,11,39,3,8,12,0,2,6,1,19,28,81,0,0,0,1,0,78,75,0,NA,0,0,0,0,0,0,0
1486005,1,"Liga Nacional","Liga Endesa",-402534000,NA,"https://www.acb.com/Documentos/Cabeceras/logo-competicion-1b.png","https://www.acb.com/Documentos/Cabeceras/logo-competicion-4a.png",66,2001,107,NA,NA,1751,10905,NA,NA,TRUE,1272,1272,1447,"Gijón Baloncesto","Gijón Bal.","GIJ",1268,1374,"Cáceres CB","Cáceres CB","CAC",1,106,12000,11,21,52,25,47,53,23,27,85,22,14,36,5,7,14,0,3,3,1,28,25,101,0,0,0,11,0,106,88,0,0,0,0,0,0,0,0,0
1486006,1,"Liga Nacional","Liga Endesa",-402534000,NA,"https://www.acb.com/Documentos/Cabeceras/logo-competicion-1b.png","https://www.acb.com/Documentos/Cabeceras/logo-competicion-4a.png",66,2001,107,NA,NA,1751,10905,NA,NA,FALSE,1268,1272,1447,"Gijón Baloncesto","Gijón Bal.","GIJ",1268,1374,"Cáceres CB","Cáceres CB","CAC",1,88,12000,7,11,63.64,22,50,44,23,32,71.88,22,10,32,7,8,17,0,3,3,3,25,28,80,0,0,1,0,0,88,106,0,NA,0,0,0,0,0,0,0
1486155,1,"Liga Nacional","Liga Endesa",-402534000,NA,"https://www.acb.com/Documentos/Cabeceras/logo-competicion-1b.png","https://www.acb.com/Documentos/Cabeceras/logo-competicion-4a.png",66,2001,107,NA,NA,1751,10911,NA,NA,TRUE,1273,1273,1467,"Casademont Girona","Casademont Gir.","GIR",1274,4,"CB Granada","CB Granada","GRA",1,54,12000,4,20,20,18,44,40,6,11,54,27,13,40,5,11,22,0,1,0,1,22,20,40,0,0,11,0,0,54,71,0,0,0,0,0,0,0,0,0
1486156,1,"Liga Nacional","Liga Endesa",-402534000,NA,"https://www.acb.com/Documentos/Cabeceras/logo-competicion-1b.png","https://www.acb.com/Documentos/Cabeceras/logo-competicion-4a.png",66,2001,107,NA,NA,1751,10911,NA,NA,FALSE,1274,1273,1467,"Casademont Girona","Casademont Gir.","GIR",1274,4,"CB Granada","CB Granada","GRA",1,71,12000,9,22,40.91,15,37,40.54,14,20,70,29,14,43,4,16,22,0,0,1,0,20,22,72,0,0,0,1,0,71,54,0,NA,0,0,0,0,0,0,0
1486078,1,"Liga Nacional","Liga Endesa",-402534000,NA,"https://www.acb.com/Documentos/Cabeceras/logo-competicion-1b.png","https://www.acb.com/Documentos/Cabeceras/logo-competicion-4a.png",66,2001,107,NA,NA,1751,10908,NA,NA,TRUE,1275,1275,624,"DKV Joventut","DKV Joventut","DKV",1278,959,"Pamesa Valencia","Pamesa Valencia","PAM",1,87,12000,4,9,44,32,57,56,11,17,64,23,12,35,13,9,14,0,6,0,6,17,18,101,0,0,11,0,0,87,88,0,0,0,0,0,0,0,0,0
1486079,1,"Liga Nacional","Liga Endesa",-402534000,NA,"https://www.acb.com/Documentos/Cabeceras/logo-competicion-1b.png","https://www.acb.com/Documentos/Cabeceras/logo-competicion-4a.png",66,2001,107,NA,NA,1751,10908,NA,NA,FALSE,1278,1275,624,"DKV Joventut","DKV Joventut","DKV",1278,959,"Pamesa Valencia","Pamesa Valencia","PAM",1,88,12000,6,15,40,29,53,54.72,12,19,63.16,21,12,33,11,9,12,0,0,6,3,18,17,82,0,0,0,1,0,88,87,0,NA,0,0,0,0,0,0,0
1486132,1,"Liga Nacional","Liga Endesa",-402534000,NA,"https://www.acb.com/Documentos/Cabeceras/logo-competicion-1b.png","https://www.acb.com/Documentos/Cabeceras/logo-competicion-4a.png",66,2001,107,NA,NA,1751,10910,NA,NA,FALSE,1270,1280,1127,"Caja San Fernando","C. San Fernando","CSF",1270,461,"Adecco Estudiantes","Adecco Estu","EST",1,87,12000,7,18,38,19,43,44,28,36,77,23,21,44,13,6,11,0,2,1,2,20,28,105,0,0,0,12,0,87,78,0,0,0,0,0,0,0,0,0
1486131,1,"Liga Nacional","Liga Endesa",-402534000,NA,"https://www.acb.com/Documentos/Cabeceras/logo-competicion-1b.png","https://www.acb.com/Documentos/Cabeceras/logo-competicion-4a.png",66,2001,107,NA,NA,1751,10910,NA,NA,TRUE,1280,1280,1127,"Caja San Fernando","C. San Fernando","CSF",1270,461,"Adecco Estudiantes","Adecco Estu","EST",1,78,12000,13,26,50,14,33,42.42,11,19,57.89,17,11,28,17,7,11,0,1,2,3,28,20,70,0,0,1,0,0,78,87,0,NA,0,0,0,0,0,0,0
1486325,1,"Liga Nacional","Liga Endesa",-402534000,NA,"https://www.acb.com/Documentos/Cabeceras/logo-competicion-1b.png","https://www.acb.com/Documentos/Cabeceras/logo-competicion-4a.png",66,2001,107,NA,NA,1752,10918,NA,NA,FALSE,1275,1269,335,"Canarias Telecom","Canarias Tel.","GCA",1275,624,"DKV Joventut","DKV Joventut","DKV",1,91,12000,5,8,62,26,54,48,24,35,68,26,13,39,13,12,16,0,2,3,5,21,31,106,0,0,0,11,0,91,88,0,0,0,0,0,0,0,0,0
1486324,1,"Liga Nacional","Liga Endesa",-402534000,NA,"https://www.acb.com/Documentos/Cabeceras/logo-competicion-1b.png","https://www.acb.com/Documentos/Cabeceras/logo-competicion-4a.png",66,2001,107,NA,NA,1752,10918,NA,NA,TRUE,1269,1269,335,"Canarias Telecom","Canarias Tel.","GCA",1275,624,"DKV Joventut","DKV Joventut","DKV",1,88,12000,7,21,33.33,26,53,49.06,15,18,83.33,24,13,37,15,8,14,0,3,2,2,31,21,81,0,0,1,0,0,88,91,0,NA,0,0,0,0,0,0,0
1486274,1,"Liga Nacional","Liga Endesa",-402534000,NA,"https://www.acb.com/Documentos/Cabeceras/logo-competicion-1b.png","https://www.acb.com/Documentos/Cabeceras/logo-competicion-4a.png",66,2001,107,NA,NA,1752,10916,NA,NA,FALSE,1280,1268,1374,"Cáceres CB","Cáceres CB","CAC",1280,1127,"Caja San Fernando","C. San Fernando","CSF",1,68,12000,8,25,32,13,28,46.43,18,23,78.26,16,14,30,10,6,18,0,2,2,1,26,24,57,0,0,1,0,0,68,69,0,NA,0,0,0,0,0,0,0
1486273,1,"Liga Nacional","Liga Endesa",-402534000,NA,"https://www.acb.com/Documentos/Cabeceras/logo-competicion-1b.png","https://www.acb.com/Documentos/Cabeceras/logo-competicion-4a.png",66,2001,107,NA,NA,1752,10916,NA,NA,TRUE,1268,1268,1374,"Cáceres CB","Cáceres CB","CAC",1280,1127,"Caja San Fernando","C. San Fernando","CSF",1,69,12000,2,10,20,23,45,51,17,20,85,19,13,32,8,10,17,0,2,2,0,24,26,71,0,0,0,11,0,69,68,0,0,0,0,0,0,0,0,0
1486346,1,"Liga Nacional","Liga Endesa",-402534000,NA,"https://www.acb.com/Documentos/Cabeceras/logo-competicion-1b.png","https://www.acb.com/Documentos/Cabeceras/logo-competicion-4a.png",66,2001,107,NA,NA,1752,10919,NA,NA,TRUE,1266,1266,214,"TAU Cerámica","TAU Cerámica","TAU",1276,1609,"Caprabo Lleida","Caprabo Lleida","LLE",1,87,12000,7,29,24.14,27,47,57.45,12,16,75,16,16,32,14,10,10,0,0,3,3,30,21,75,0,0,1,0,0,87,89,0,NA,0,0,0,0,0,0,0
1486347,1,"Liga Nacional","Liga Endesa",-402534000,NA,"https://www.acb.com/Documentos/Cabeceras/logo-competicion-1b.png","https://www.acb.com/Documentos/Cabeceras/logo-competicion-4a.png",66,2001,107,NA,NA,1752,10919,NA,NA,FALSE,1276,1266,214,"TAU Cerámica","TAU Cerámica","TAU",1276,1609,"Caprabo Lleida","Caprabo Lleida","LLE",1,89,12000,5,9,55.56,25,42,59.52,24,30,80,27,5,32,13,8,19,0,3,0,3,21,30,108,0,0,0,1,0,89,87,0,NA,0,0,0,0,0,0,0
1486250,1,"Liga Nacional","Liga Endesa",-402534000,NA,"https://www.acb.com/Documentos/Cabeceras/logo-competicion-1b.png","https://www.acb.com/Documentos/Cabeceras/logo-competicion-4a.png",66,2001,107,NA,NA,1752,10915,NA,NA,FALSE,1273,1271,1199,"Jabones Pardo Fuenlabrada","Jabones Pardo","FUE",1273,1467,"Casademont Girona","Casademont Gir.","GIR",1,75,12000,4,14,28,23,46,50,17,24,70,20,13,33,5,10,21,0,0,3,0,22,25,62,0,0,9,0,0,75,87,0,0,0,0,0,0,0,0,0
1486249,1,"Liga Nacional","Liga Endesa",-402534000,NA,"https://www.acb.com/Documentos/Cabeceras/logo-competicion-1b.png","https://www.acb.com/Documentos/Cabeceras/logo-competicion-4a.png",66,2001,107,NA,NA,1752,10915,NA,NA,TRUE,1271,1271,1199,"Jabones Pardo Fuenlabrada","Jabones Pardo","FUE",1273,1467,"Casademont Girona","Casademont Gir.","GIR",1,87,12000,10,25,40,20,40,50,17,23,73.91,19,12,31,11,10,15,0,3,0,1,25,22,83,0,0,0,1,0,87,75,0,NA,0,0,0,0,0,0,0
1486228,1,"Liga Nacional","Liga Endesa",-402534000,NA,"https://www.acb.com/Documentos/Cabeceras/logo-competicion-1b.png","https://www.acb.com/Documentos/Cabeceras/logo-competicion-4a.png",66,2001,107,NA,NA,1752,10914,NA,NA,FALSE,1274,1265,100,"FC Barcelona","FC Barcelona","FCB",1274,4,"CB Granada","CB Granada","GRA",1,77,12000,5,20,25,24,54,44.44,14,20,70,23,16,39,12,7,14,0,0,2,0,31,19,56,0,0,1,0,0,77,88,0,NA,0,0,0,0,0,0,0
1486227,1,"Liga Nacional","Liga Endesa",-402534000,NA,"https://www.acb.com/Documentos/Cabeceras/logo-competicion-1b.png","https://www.acb.com/Documentos/Cabeceras/logo-competicion-4a.png",66,2001,107,NA,NA,1752,10914,NA,NA,TRUE,1265,1265,100,"FC Barcelona","FC Barcelona","FCB",1274,4,"CB Granada","CB Granada","GRA",1,88,12000,6,23,26.09,23,37,62.16,24,35,68.57,31,8,39,16,9,15,0,2,0,4,19,31,109,0,0,0,1,0,88,77,0,NA,0,0,0,0,0,0,0
1486180,1,"Liga Nacional","Liga Endesa",-402534000,NA,"https://www.acb.com/Documentos/Cabeceras/logo-competicion-1b.png","https://www.acb.com/Documentos/Cabeceras/logo-competicion-4a.png",66,2001,107,NA,NA,1752,10912,NA,NA,TRUE,1282,1282,1850,"Fórum Valladolid","Fórum Vall.","FOR",1267,1355,"Leche Río Breogán","Leche Río Bre.","BRE",1,96,12000,8,15,53,32,47,68,8,11,72,27,6,33,21,10,12,0,3,1,1,25,16,116,0,0,0,12,0,96,71,0,0,0,0,0,0,0,0,0
1486181,1,"Liga Nacional","Liga Endesa",-402534000,NA,"https://www.acb.com/Documentos/Cabeceras/logo-competicion-1b.png","https://www.acb.com/Documentos/Cabeceras/logo-competicion-4a.png",66,2001,107,NA,NA,1752,10912,NA,NA,FALSE,1267,1282,1850,"Fórum Valladolid","Fórum Vall.","FOR",1267,1355,"Leche Río Breogán","Leche Río Bre.","BRE",1,71,12000,3,13,23.08,22,54,40.74,18,28,64.29,14,17,31,9,7,11,0,1,3,1,16,25,62,0,0,1,0,0,71,96,0,NA,0,0,0,0,0,0,0
1486205,1,"Liga Nacional","Liga Endesa",-402534000,NA,"https://www.acb.com/Documentos/Cabeceras/logo-competicion-1b.png","https://www.acb.com/Documentos/Cabeceras/logo-competicion-4a.png",66,2001,107,NA,NA,1752,10913,NA,NA,FALSE,1270,1278,959,"Pamesa Valencia","Pamesa Valencia","PAM",1270,461,"Adecco Estudiantes","Adecco Estu","EST",1,71,12000,9,22,40,17,46,36,10,18,55,25,18,43,11,15,19,0,1,8,3,23,18,59,0,0,11,0,0,71,74,0,0,0,0,0,0,0,0,0
1486204,1,"Liga Nacional","Liga Endesa",-402534000,NA,"https://www.acb.com/Documentos/Cabeceras/logo-competicion-1b.png","https://www.acb.com/Documentos/Cabeceras/logo-competicion-4a.png",66,2001,107,NA,NA,1752,10913,NA,NA,TRUE,1278,1278,959,"Pamesa Valencia","Pamesa Valencia","PAM",1270,461,"Adecco Estudiantes","Adecco Estu","EST",1,74,12000,6,9,66.67,21,44,47.73,14,24,58.33,28,4,32,18,9,18,0,8,1,0,18,23,91,0,0,0,1,0,74,71,0,NA,0,0,0,0,0,0,0
1486373,1,"Liga Nacional","Liga Endesa",-402534000,NA,"https://www.acb.com/Documentos/Cabeceras/logo-competicion-1b.png","https://www.acb.com/Documentos/Cabeceras/logo-competicion-4a.png",66,2001,107,NA,NA,1752,10920,NA,NA,FALSE,1277,1272,1447,"Gijón Baloncesto","Gijón Bal.","GIJ",1277,758,"Real Madrid","Real Madrid","RMB",1,84,13500,4,19,21,23,52,44,26,33,78,33,14,47,13,15,16,0,0,2,2,26,27,91,0,0,0,11,0,84,80,0,0,0,0,0,0,0,0,0
1486372,1,"Liga Nacional","Liga Endesa",-402534000,NA,"https://www.acb.com/Documentos/Cabeceras/logo-competicion-1b.png","https://www.acb.com/Documentos/Cabeceras/logo-competicion-4a.png",66,2001,107,NA,NA,1752,10920,NA,NA,TRUE,1272,1272,1447,"Gijón Baloncesto","Gijón Bal.","GIJ",1277,758,"Real Madrid","Real Madrid","RMB",1,80,13500,9,22,40,15,36,41,23,36,63,32,6,38,8,10,21,0,2,0,1,27,26,69,0,0,10,0,0,80,84,0,0,0,0,0,0,0,0,0
1486300,1,"Liga Nacional","Liga Endesa",-402534000,NA,"https://www.acb.com/Documentos/Cabeceras/logo-competicion-1b.png","https://www.acb.com/Documentos/Cabeceras/logo-competicion-4a.png",66,2001,107,NA,NA,1752,10917,NA,NA,TRUE,1281,1281,1805,"Cantabria Lobos","Cantabria Lobos","CAN",1279,1054,"Unicaja","Unicaja","UNI",1,70,12000,2,13,15.38,23,42,54.76,18,26,69.23,11,6,17,5,7,9,0,1,5,0,26,21,43,0,0,1,0,0,70,91,0,NA,0,0,0,0,0,0,0
1486301,1,"Liga Nacional","Liga Endesa",-402534000,NA,"https://www.acb.com/Documentos/Cabeceras/logo-competicion-1b.png","https://www.acb.com/Documentos/Cabeceras/logo-competicion-4a.png",66,2001,107,NA,NA,1752,10917,NA,NA,FALSE,1279,1281,1805,"Cantabria Lobos","Cantabria Lobos","CAN",1279,1054,"Unicaja","Unicaja","UNI",1,91,12000,8,21,38,21,36,58,25,32,78,28,16,44,10,3,13,0,5,1,1,21,26,109,0,0,0,11,0,91,70,0,0,0,0,0,0,0,0,0
1486468,1,"Liga Nacional","Liga Endesa",-402534000,NA,"https://www.acb.com/Documentos/Cabeceras/logo-competicion-1b.png","https://www.acb.com/Documentos/Cabeceras/logo-competicion-4a.png",66,2001,107,NA,NA,1753,10924,NA,NA,FALSE,1281,1275,624,"DKV Joventut","DKV Joventut","DKV",1281,1805,"Cantabria Lobos","Cantabria Lobos","CAN",1,75,12000,4,21,19.05,26,48,54.17,11,18,61.11,24,12,36,9,10,16,0,0,7,0,25,18,54,0,0,1,0,0,75,89,0,NA,0,0,0,0,0,0,0
1486467,1,"Liga Nacional","Liga Endesa",-402534000,NA,"https://www.acb.com/Documentos/Cabeceras/logo-competicion-1b.png","https://www.acb.com/Documentos/Cabeceras/logo-competicion-4a.png",66,2001,107,NA,NA,1753,10924,NA,NA,TRUE,1275,1275,624,"DKV Joventut","DKV Joventut","DKV",1281,1805,"Cantabria Lobos","Cantabria Lobos","CAN",1,89,12000,6,17,35,23,47,48,25,28,89,29,11,40,8,8,17,0,7,0,4,18,25,104,0,0,0,13,0,89,75,0,0,0,0,0,0,0,0,0
1486492,1,"Liga Nacional","Liga Endesa",-402534000,NA,"https://www.acb.com/Documentos/Cabeceras/logo-competicion-1b.png","https://www.acb.com/Documentos/Cabeceras/logo-competicion-4a.png",66,2001,107,NA,NA,1753,10925,NA,NA,TRUE,1279,1279,1054,"Unicaja","Unicaja","UNI",1268,1374,"Cáceres CB","Cáceres CB","CAC",1,94,12000,7,15,46,26,43,60,21,28,75,32,16,48,18,12,20,0,5,1,4,20,24,128,0,0,0,11,0,94,60,0,0,0,0,0,0,0,0,0
1486493,1,"Liga Nacional","Liga Endesa",-402534000,NA,"https://www.acb.com/Documentos/Cabeceras/logo-competicion-1b.png","https://www.acb.com/Documentos/Cabeceras/logo-competicion-4a.png",66,2001,107,NA,NA,1753,10925,NA,NA,FALSE,1268,1279,1054,"Unicaja","Unicaja","UNI",1268,1374,"Cáceres CB","Cáceres CB","CAC",1,60,12000,5,13,38,18,46,39,9,15,60,10,9,19,9,12,13,0,1,5,1,24,20,37,0,0,10,0,0,60,94,0,0,0,0,0,0,0,0,0
1486540,1,"Liga Nacional","Liga Endesa",-402534000,NA,"https://www.acb.com/Documentos/Cabeceras/logo-competicion-1b.png","https://www.acb.com/Documentos/Cabeceras/logo-competicion-4a.png",66,2001,107,NA,NA,1753,10927,NA,NA,TRUE,1273,1273,1467,"Casademont Girona","Casademont Gir.","GIR",1265,100,"FC Barcelona","FC Barcelona","FCB",1,81,12000,2,14,14,26,46,56,23,26,88,18,11,29,13,9,11,0,0,3,1,22,24,85,0,0,10,0,0,81,96,0,0,0,0,0,0,0,0,0
1486541,1,"Liga Nacional","Liga Endesa",-402534000,NA,"https://www.acb.com/Documentos/Cabeceras/logo-competicion-1b.png","https://www.acb.com/Documentos/Cabeceras/logo-competicion-4a.png",66,2001,107,NA,NA,1753,10927,NA,NA,FALSE,1265,1273,1467,"Casademont Girona","Casademont Gir.","GIR",1265,100,"FC Barcelona","FC Barcelona","FCB",1,96,12000,6,17,35.29,32,46,69.57,14,23,60.87,21,12,33,13,7,14,0,3,0,5,24,22,102,0,0,0,1,0,96,81,0,NA,0,0,0,0,0,0,0
1486563,1,"Liga Nacional","Liga Endesa",-402534000,NA,"https://www.acb.com/Documentos/Cabeceras/logo-competicion-1b.png","https://www.acb.com/Documentos/Cabeceras/logo-competicion-4a.png",66,2001,107,NA,NA,1753,10928,NA,NA,TRUE,1274,1274,4,"CB Granada","CB Granada","GRA",1278,959,"Pamesa Valencia","Pamesa Valencia","PAM",1,90,12000,10,21,47.62,19,38,50,22,30,73.33,25,12,37,12,10,14,0,1,4,0,22,25,97,0,0,0,1,0,90,88,0,NA,0,0,0,0,0,0,0
1486564,1,"Liga Nacional","Liga Endesa",-402534000,NA,"https://www.acb.com/Documentos/Cabeceras/logo-competicion-1b.png","https://www.acb.com/Documentos/Cabeceras/logo-competicion-4a.png",66,2001,107,NA,NA,1753,10928,NA,NA,FALSE,1278,1274,4,"CB Granada","CB Granada","GRA",1278,959,"Pamesa Valencia","Pamesa Valencia","PAM",1,88,12000,10,21,47.62,24,46,52.17,10,11,90.91,16,10,26,11,12,12,0,4,1,1,25,22,91,0,0,1,0,0,88,90,0,NA,0,0,0,0,0,0,0
1486441,1,"Liga Nacional","Liga Endesa",-402534000,NA,"https://www.acb.com/Documentos/Cabeceras/logo-competicion-1b.png","https://www.acb.com/Documentos/Cabeceras/logo-competicion-4a.png",66,2001,107,NA,NA,1753,10923,NA,NA,TRUE,1276,1276,1609,"Caprabo Lleida","Caprabo Lleida","LLE",1269,335,"Canarias Telecom","Canarias Tel.","GCA",1,89,12000,6,18,33.33,26,35,74.29,19,34,55.88,21,3,24,13,12,14,0,4,0,7,17,26,101,0,0,0,1,0,89,86,0,NA,0,0,0,0,0,0,0
1486442,1,"Liga Nacional","Liga Endesa",-402534000,NA,"https://www.acb.com/Documentos/Cabeceras/logo-competicion-1b.png","https://www.acb.com/Documentos/Cabeceras/logo-competicion-4a.png",66,2001,107,NA,NA,1753,10923,NA,NA,FALSE,1269,1276,1609,"Caprabo Lleida","Caprabo Lleida","LLE",1269,335,"Canarias Telecom","Canarias Tel.","GCA",1,86,12000,5,16,31.25,31,54,57.41,9,15,60,24,14,38,5,4,21,0,0,4,1,26,17,59,0,0,1,0,0,86,89,0,NA,0,0,0,0,0,0,0
1486396,1,"Liga Nacional","Liga Endesa",-402534000,NA,"https://www.acb.com/Documentos/Cabeceras/logo-competicion-1b.png","https://www.acb.com/Documentos/Cabeceras/logo-competicion-4a.png",66,2001,107,NA,NA,1753,10921,NA,NA,TRUE,1267,1267,1355,"Leche Río Breogán","Leche Río Bre.","BRE",1272,1447,"Gijón Baloncesto","Gijón Bal.","GIJ",1,93,12000,6,11,54.55,23,42,54.76,29,42,69.05,27,11,38,7,11,20,0,1,1,2,29,32,95,0,0,0,1,0,93,91,0,NA,0,0,0,0,0,0,0
1486397,1,"Liga Nacional","Liga Endesa",-402534000,NA,"https://www.acb.com/Documentos/Cabeceras/logo-competicion-1b.png","https://www.acb.com/Documentos/Cabeceras/logo-competicion-4a.png",66,2001,107,NA,NA,1753,10921,NA,NA,FALSE,1272,1267,1355,"Leche Río Breogán","Leche Río Bre.","BRE",1272,1447,"Gijón Baloncesto","Gijón Bal.","GIJ",1,91,12000,6,16,37,23,46,50,27,32,84,16,9,25,6,14,15,0,1,1,1,32,29,80,0,0,11,0,0,91,93,0,0,0,0,0,0,0,0,0
1486420,1,"Liga Nacional","Liga Endesa",-402534000,NA,"https://www.acb.com/Documentos/Cabeceras/logo-competicion-1b.png","https://www.acb.com/Documentos/Cabeceras/logo-competicion-4a.png",66,2001,107,NA,NA,1753,10922,NA,NA,FALSE,1266,1277,758,"Real Madrid","Real Madrid","RMB",1266,214,"TAU Cerámica","TAU Cerámica","TAU",1,71,12000,4,15,26.67,19,50,38,21,31,67.74,27,12,39,9,6,9,0,1,5,0,26,25,59,0,0,0,1,0,71,63,0,NA,0,0,0,0,0,0,0
1486419,1,"Liga Nacional","Liga Endesa",-402534000,NA,"https://www.acb.com/Documentos/Cabeceras/logo-competicion-1b.png","https://www.acb.com/Documentos/Cabeceras/logo-competicion-4a.png",66,2001,107,NA,NA,1753,10922,NA,NA,TRUE,1277,1277,758,"Real Madrid","Real Madrid","RMB",1266,214,"TAU Cerámica","TAU Cerámica","TAU",1,63,12000,5,23,21,16,37,43,16,22,72,33,9,42,14,7,10,0,5,1,5,25,26,76,0,0,11,0,0,63,71,0,0,0,0,0,0,0,0,0
1486516,1,"Liga Nacional","Liga Endesa",-402534000,NA,"https://www.acb.com/Documentos/Cabeceras/logo-competicion-1b.png","https://www.acb.com/Documentos/Cabeceras/logo-competicion-4a.png",66,2001,107,NA,NA,1753,10926,NA,NA,FALSE,1271,1280,1127,"Caja San Fernando","C. San Fernando","CSF",1271,1199,"Jabones Pardo Fuenlabrada","Jabones Pardo","FUE",1,60,12000,7,22,31.82,11,27,40.74,17,26,65.38,27,7,34,10,7,17,0,2,6,0,26,25,49,0,0,1,0,0,60,74,0,NA,0,0,0,0,0,0,0
1486515,1,"Liga Nacional","Liga Endesa",-402534000,NA,"https://www.acb.com/Documentos/Cabeceras/logo-competicion-1b.png","https://www.acb.com/Documentos/Cabeceras/logo-competicion-4a.png",66,2001,107,NA,NA,1753,10926,NA,NA,TRUE,1280,1280,1127,"Caja San Fernando","C. San Fernando","CSF",1271,1199,"Jabones Pardo Fuenlabrada","Jabones Pardo","FUE",1,74,12000,2,14,14.29,24,47,51.06,20,30,66.67,28,9,37,11,8,10,0,6,2,1,25,26,80,0,0,0,1,0,74,60,0,NA,0,0,0,0,0,0,0
1486589,1,"Liga Nacional","Liga Endesa",-402534000,NA,"https://www.acb.com/Documentos/Cabeceras/logo-competicion-1b.png","https://www.acb.com/Documentos/Cabeceras/logo-competicion-4a.png",66,2001,107,NA,NA,1753,10929,NA,NA,TRUE,1270,1270,461,"Adecco Estudiantes","Adecco Estu","EST",1282,1850,"Fórum Valladolid","Fórum Vall.","FOR",1,70,12000,5,18,27.78,18,47,38.3,19,25,76,32,13,45,8,9,9,0,1,4,1,21,22,73,0,0,1,0,0,70,71,0,NA,0,0,0,0,0,0,0
1486590,1,"Liga Nacional","Liga Endesa",-402534000,NA,"https://www.acb.com/Documentos/Cabeceras/logo-competicion-1b.png","https://www.acb.com/Documentos/Cabeceras/logo-competicion-4a.png",66,2001,107,NA,NA,1753,10929,NA,NA,FALSE,1282,1270,461,"Adecco Estudiantes","Adecco Estu","EST",1282,1850,"Fórum Valladolid","Fórum Vall.","FOR",1,71,12000,8,22,36,15,41,36,17,22,77,29,10,39,6,8,12,0,4,1,0,22,21,69,0,0,0,11,0,71,70,0,0,0,0,0,0,0,0,0
1486806,1,"Liga Nacional","Liga Endesa",-402534000,NA,"https://www.acb.com/Documentos/Cabeceras/logo-competicion-1b.png","https://www.acb.com/Documentos/Cabeceras/logo-competicion-4a.png",66,2001,107,NA,NA,1754,10938,NA,NA,TRUE,1273,1273,1467,"Casademont Girona","Casademont Gir.","GIR",1280,1127,"Caja San Fernando","C. San Fernando","CSF",1,88,12000,6,18,33,21,45,46,28,38,73,14,20,34,11,12,8,0,1,2,0,19,32,103,0,0,0,9,0,88,82,0,0,0,0,0,0,0,0,0
1486807,1,"Liga Nacional","Liga Endesa",-402534000,NA,"https://www.acb.com/Documentos/Cabeceras/logo-competicion-1b.png","https://www.acb.com/Documentos/Cabeceras/logo-competicion-4a.png",66,2001,107,NA,NA,1754,10938,NA,NA,FALSE,1280,1273,1467,"Casademont Girona","Casademont Gir.","GIR",1280,1127,"Caja San Fernando","C. San Fernando","CSF",1,82,12000,7,19,36.84,21,29,72.41,19,22,86.36,21,4,25,8,9,19,0,2,1,4,32,19,70,0,0,1,0,0,82,88,0,NA,0,0,0,0,0,0,0
1486658,1,"Liga Nacional","Liga Endesa",-402534000,NA,"https://www.acb.com/Documentos/Cabeceras/logo-competicion-1b.png","https://www.acb.com/Documentos/Cabeceras/logo-competicion-4a.png",66,2001,107,NA,NA,1754,10932,NA,NA,FALSE,1266,1271,1199,"Jabones Pardo Fuenlabrada","Jabones Pardo","FUE",1266,214,"TAU Cerámica","TAU Cerámica","TAU",1,84,12000,5,18,27.78,27,43,62.79,15,25,60,24,13,37,9,7,14,0,2,0,1,19,28,95,0,0,0,1,0,84,65,0,NA,0,0,0,0,0,0,0
1486657,1,"Liga Nacional","Liga Endesa",-402534000,NA,"https://www.acb.com/Documentos/Cabeceras/logo-competicion-1b.png","https://www.acb.com/Documentos/Cabeceras/logo-competicion-4a.png",66,2001,107,NA,NA,1754,10932,NA,NA,TRUE,1271,1271,1199,"Jabones Pardo Fuenlabrada","Jabones Pardo","FUE",1266,214,"TAU Cerámica","TAU Cerámica","TAU",1,65,12000,8,22,36.36,14,33,42.42,13,20,65,18,10,28,8,10,20,0,0,2,0,28,19,40,0,0,1,0,0,65,84,0,NA,0,0,0,0,0,0,0
1486683,1,"Liga Nacional","Liga Endesa",-402534000,NA,"https://www.acb.com/Documentos/Cabeceras/logo-competicion-1b.png","https://www.acb.com/Documentos/Cabeceras/logo-competicion-4a.png",66,2001,107,NA,NA,1754,10933,NA,NA,TRUE,1265,1265,100,"FC Barcelona","FC Barcelona","FCB",1272,1447,"Gijón Baloncesto","Gijón Bal.","GIJ",1,89,12000,6,22,27.27,25,42,59.52,21,29,72.41,31,14,45,14,9,13,0,2,2,3,18,23,108,0,0,0,1,0,89,71,0,NA,0,0,0,0,0,0,0
1486684,1,"Liga Nacional","Liga Endesa",-402534000,NA,"https://www.acb.com/Documentos/Cabeceras/logo-competicion-1b.png","https://www.acb.com/Documentos/Cabeceras/logo-competicion-4a.png",66,2001,107,NA,NA,1754,10933,NA,NA,FALSE,1272,1265,100,"FC Barcelona","FC Barcelona","FCB",1272,1447,"Gijón Baloncesto","Gijón Bal.","GIJ",1,71,12000,3,15,20,24,48,50,14,20,70,18,8,26,9,6,11,0,2,2,0,23,18,54,0,0,11,0,0,71,89,0,0,0,0,0,0,0,0,0
1486783,1,"Liga Nacional","Liga Endesa",-402534000,NA,"https://www.acb.com/Documentos/Cabeceras/logo-competicion-1b.png","https://www.acb.com/Documentos/Cabeceras/logo-competicion-4a.png",66,2001,107,NA,NA,1754,10937,NA,NA,TRUE,1274,1274,4,"CB Granada","CB Granada","GRA",1279,1054,"Unicaja","Unicaja","UNI",1,68,12000,2,16,12.5,21,53,39.62,20,25,80,22,14,36,5,11,10,0,3,3,1,26,26,59,0,0,1,0,0,68,84,0,NA,0,0,0,0,0,0,0
1486784,1,"Liga Nacional","Liga Endesa",-402534000,NA,"https://www.acb.com/Documentos/Cabeceras/logo-competicion-1b.png","https://www.acb.com/Documentos/Cabeceras/logo-competicion-4a.png",66,2001,107,NA,NA,1754,10937,NA,NA,FALSE,1279,1274,4,"CB Granada","CB Granada","GRA",1279,1054,"Unicaja","Unicaja","UNI",1,84,12000,5,18,27,23,48,47,23,32,71,28,19,47,16,7,13,0,3,3,2,26,26,94,0,0,0,10,0,84,68,0,0,0,0,0,0,0,0,0
1486707,1,"Liga Nacional","Liga Endesa",-402534000,NA,"https://www.acb.com/Documentos/Cabeceras/logo-competicion-1b.png","https://www.acb.com/Documentos/Cabeceras/logo-competicion-4a.png",66,2001,107,NA,NA,1754,10934,NA,NA,TRUE,1278,1278,959,"Pamesa Valencia","Pamesa Valencia","PAM",1277,758,"Real Madrid","Real Madrid","RMB",1,72,12000,5,14,35.71,23,47,48.94,11,18,61.11,17,10,27,14,9,15,0,3,3,0,24,21,64,0,0,1,0,0,72,82,0,NA,0,0,0,0,0,0,0
1486708,1,"Liga Nacional","Liga Endesa",-402534000,NA,"https://www.acb.com/Documentos/Cabeceras/logo-competicion-1b.png","https://www.acb.com/Documentos/Cabeceras/logo-competicion-4a.png",66,2001,107,NA,NA,1754,10934,NA,NA,FALSE,1277,1278,959,"Pamesa Valencia","Pamesa Valencia","PAM",1277,758,"Real Madrid","Real Madrid","RMB",1,82,12000,8,18,44,17,33,51,24,30,80,26,7,33,17,11,15,0,3,3,1,21,24,99,0,0,0,11,0,82,72,0,0,0,0,0,0,0,0,0
1486733,1,"Liga Nacional","Liga Endesa",-402534000,NA,"https://www.acb.com/Documentos/Cabeceras/logo-competicion-1b.png","https://www.acb.com/Documentos/Cabeceras/logo-competicion-4a.png",66,2001,107,NA,NA,1754,10935,NA,NA,TRUE,1282,1282,1850,"Fórum Valladolid","Fórum Vall.","FOR",1276,1609,"Caprabo Lleida","Caprabo Lleida","LLE",1,102,12000,12,20,60,25,47,53,16,20,80,30,11,41,20,8,15,0,4,5,3,22,25,124,0,0,0,12,0,102,80,0,0,0,0,0,0,0,0,0
1486734,1,"Liga Nacional","Liga Endesa",-402534000,NA,"https://www.acb.com/Documentos/Cabeceras/logo-competicion-1b.png","https://www.acb.com/Documentos/Cabeceras/logo-competicion-4a.png",66,2001,107,NA,NA,1754,10935,NA,NA,FALSE,1276,1282,1850,"Fórum Valladolid","Fórum Vall.","FOR",1276,1609,"Caprabo Lleida","Caprabo Lleida","LLE",1,80,12000,9,21,42.86,22,49,44.9,9,14,64.29,16,10,26,15,12,14,0,5,4,1,25,22,73,0,0,1,0,0,80,102,0,NA,0,0,0,0,0,0,0
1486759,1,"Liga Nacional","Liga Endesa",-402534000,NA,"https://www.acb.com/Documentos/Cabeceras/logo-competicion-1b.png","https://www.acb.com/Documentos/Cabeceras/logo-competicion-4a.png",66,2001,107,NA,NA,1754,10936,NA,NA,TRUE,1270,1270,461,"Adecco Estudiantes","Adecco Estu","EST",1275,624,"DKV Joventut","DKV Joventut","DKV",1,82,12000,8,22,36,20,48,41,18,19,94,24,21,45,9,14,12,0,2,9,1,28,21,81,0,0,0,11,0,82,78,0,0,0,0,0,0,0,0,0
1486760,1,"Liga Nacional","Liga Endesa",-402534000,NA,"https://www.acb.com/Documentos/Cabeceras/logo-competicion-1b.png","https://www.acb.com/Documentos/Cabeceras/logo-competicion-4a.png",66,2001,107,NA,NA,1754,10936,NA,NA,FALSE,1275,1270,461,"Adecco Estudiantes","Adecco Estu","EST",1275,624,"DKV Joventut","DKV Joventut","DKV",1,78,12000,5,16,31,18,44,40,27,37,72,25,18,43,8,10,12,0,9,2,3,21,28,94,0,0,12,0,0,78,82,0,0,0,0,0,0,0,0,0
1486612,1,"Liga Nacional","Liga Endesa",-402534000,NA,"https://www.acb.com/Documentos/Cabeceras/logo-competicion-1b.png","https://www.acb.com/Documentos/Cabeceras/logo-competicion-4a.png",66,2001,107,NA,NA,1754,10930,NA,NA,TRUE,1281,1281,1805,"Cantabria Lobos","Cantabria Lobos","CAN",1267,1355,"Leche Río Breogán","Leche Río Bre.","BRE",1,72,12000,8,19,42.11,21,36,58.33,6,11,54.55,17,4,21,12,12,16,0,1,2,1,25,16,60,0,0,1,0,0,72,80,0,NA,0,0,0,0,0,0,0
1486613,1,"Liga Nacional","Liga Endesa",-402534000,NA,"https://www.acb.com/Documentos/Cabeceras/logo-competicion-1b.png","https://www.acb.com/Documentos/Cabeceras/logo-competicion-4a.png",66,2001,107,NA,NA,1754,10930,NA,NA,FALSE,1267,1281,1805,"Cantabria Lobos","Cantabria Lobos","CAN",1267,1355,"Leche Río Breogán","Leche Río Bre.","BRE",1,80,12000,6,18,33.33,21,40,52.5,20,25,80,23,13,36,12,13,17,0,2,1,0,16,25,98,0,0,0,1,0,80,72,0,NA,0,0,0,0,0,0,0
1486635,1,"Liga Nacional","Liga Endesa",-402534000,NA,"https://www.acb.com/Documentos/Cabeceras/logo-competicion-1b.png","https://www.acb.com/Documentos/Cabeceras/logo-competicion-4a.png",66,2001,107,NA,NA,1754,10931,NA,NA,TRUE,1268,1268,1374,"Cáceres CB","Cáceres CB","CAC",1269,335,"Canarias Telecom","Canarias Tel.","GCA",1,79,12000,5,15,33,22,45,48,20,22,90,32,11,43,12,9,16,0,2,0,3,21,25,98,0,0,0,9,0,79,62,0,0,0,0,0,0,0,0,0
1486636,1,"Liga Nacional","Liga Endesa",-402534000,NA,"https://www.acb.com/Documentos/Cabeceras/logo-competicion-1b.png","https://www.acb.com/Documentos/Cabeceras/logo-competicion-4a.png",66,2001,107,NA,NA,1754,10931,NA,NA,FALSE,1269,1268,1374,"Cáceres CB","Cáceres CB","CAC",1269,335,"Canarias Telecom","Canarias Tel.","GCA",1,62,12000,7,26,26.92,16,38,42.11,9,21,42.86,22,11,33,10,9,15,0,0,2,0,25,21,40,0,0,1,0,0,62,79,0,NA,0,0,0,0,0,0,0
1487002,1,"Liga Nacional","Liga Endesa",-402534000,NA,"https://www.acb.com/Documentos/Cabeceras/logo-competicion-1b.png","https://www.acb.com/Documentos/Cabeceras/logo-competicion-4a.png",66,2001,107,NA,NA,1755,10946,NA,NA,TRUE,1266,1266,214,"TAU Cerámica","TAU Cerámica","TAU",1268,1374,"Cáceres CB","Cáceres CB","CAC",1,117,12000,8,14,57.14,36,54,66.67,21,29,72.41,22,13,35,21,18,8,0,3,3,9,20,24,155,0,0,0,1,0,117,70,0,NA,0,0,0,0,0,0,0
1487003,1,"Liga Nacional","Liga Endesa",-402534000,NA,"https://www.acb.com/Documentos/Cabeceras/logo-competicion-1b.png","https://www.acb.com/Documentos/Cabeceras/logo-competicion-4a.png",66,2001,107,NA,NA,1755,10946,NA,NA,FALSE,1268,1266,214,"TAU Cerámica","TAU Cerámica","TAU",1268,1374,"Cáceres CB","Cáceres CB","CAC",1,70,12000,3,9,33.33,25,52,48.08,11,14,78.57,13,12,25,12,4,23,0,3,3,5,24,20,48,0,0,1,0,0,70,117,0,NA,0,0,0,0,0,0,0
1487026,1,"Liga Nacional","Liga Endesa",-402534000,NA,"https://www.acb.com/Documentos/Cabeceras/logo-competicion-1b.png","https://www.acb.com/Documentos/Cabeceras/logo-competicion-4a.png",66,2001,107,NA,NA,1755,10947,NA,NA,TRUE,1269,1269,335,"Canarias Telecom","Canarias Tel.","GCA",1281,1805,"Cantabria Lobos","Cantabria Lobos","CAN",1,83,12000,6,23,26.09,30,48,62.5,5,10,50,25,11,36,16,7,6,0,2,0,1,19,17,96,0,0,0,1,0,83,71,0,NA,0,0,0,0,0,0,0
1487027,1,"Liga Nacional","Liga Endesa",-402534000,NA,"https://www.acb.com/Documentos/Cabeceras/logo-competicion-1b.png","https://www.acb.com/Documentos/Cabeceras/logo-competicion-4a.png",66,2001,107,NA,NA,1755,10947,NA,NA,FALSE,1281,1269,335,"Canarias Telecom","Canarias Tel.","GCA",1281,1805,"Cantabria Lobos","Cantabria Lobos","CAN",1,71,12000,3,18,16.67,24,46,52.17,14,20,70,23,15,38,12,3,11,0,0,2,0,17,19,70,0,0,1,0,0,71,83,0,NA,0,0,0,0,0,0,0
1486880,1,"Liga Nacional","Liga Endesa",-402534000,NA,"https://www.acb.com/Documentos/Cabeceras/logo-competicion-1b.png","https://www.acb.com/Documentos/Cabeceras/logo-competicion-4a.png",66,2001,107,NA,NA,1755,10941,NA,NA,FALSE,1270,1279,1054,"Unicaja","Unicaja","UNI",1270,461,"Adecco Estudiantes","Adecco Estu","EST",1,73,12000,2,15,13,25,52,48,17,22,77,14,14,28,9,13,13,0,1,3,1,23,21,61,0,0,12,0,0,73,75,0,0,0,0,0,0,0,0,0
1486879,1,"Liga Nacional","Liga Endesa",-402534000,NA,"https://www.acb.com/Documentos/Cabeceras/logo-competicion-1b.png","https://www.acb.com/Documentos/Cabeceras/logo-competicion-4a.png",66,2001,107,NA,NA,1755,10941,NA,NA,TRUE,1279,1279,1054,"Unicaja","Unicaja","UNI",1270,461,"Adecco Estudiantes","Adecco Estu","EST",1,75,12000,6,16,37,19,33,57,19,28,67,27,12,39,9,5,23,0,3,1,0,21,23,76,0,0,0,10,0,75,73,0,0,0,0,0,0,0,0,0
1486904,1,"Liga Nacional","Liga Endesa",-402534000,NA,"https://www.acb.com/Documentos/Cabeceras/logo-competicion-1b.png","https://www.acb.com/Documentos/Cabeceras/logo-competicion-4a.png",66,2001,107,NA,NA,1755,10942,NA,NA,TRUE,1275,1275,624,"DKV Joventut","DKV Joventut","DKV",1282,1850,"Fórum Valladolid","Fórum Vall.","FOR",1,89,12000,6,15,40,22,39,56,27,36,75,23,9,32,19,8,17,0,4,1,4,29,31,101,0,0,0,11,0,89,81,0,0,0,0,0,0,0,0,0
1486905,1,"Liga Nacional","Liga Endesa",-402534000,NA,"https://www.acb.com/Documentos/Cabeceras/logo-competicion-1b.png","https://www.acb.com/Documentos/Cabeceras/logo-competicion-4a.png",66,2001,107,NA,NA,1755,10942,NA,NA,FALSE,1282,1275,624,"DKV Joventut","DKV Joventut","DKV",1282,1850,"Fórum Valladolid","Fórum Vall.","FOR",1,81,12000,6,17,35,24,50,48,15,26,57,19,15,34,16,13,13,0,1,4,1,31,29,78,0,0,11,0,0,81,89,0,0,0,0,0,0,0,0,0
1486853,1,"Liga Nacional","Liga Endesa",-402534000,NA,"https://www.acb.com/Documentos/Cabeceras/logo-competicion-1b.png","https://www.acb.com/Documentos/Cabeceras/logo-competicion-4a.png",66,2001,107,NA,NA,1755,10940,NA,NA,TRUE,1280,1280,1127,"Caja San Fernando","C. San Fernando","CSF",1274,4,"CB Granada","CB Granada","GRA",1,100,12000,14,29,48.28,20,36,55.56,18,27,66.67,26,10,36,10,10,14,0,2,0,1,21,21,104,0,0,0,1,0,100,96,0,NA,0,0,0,0,0,0,0
1486854,1,"Liga Nacional","Liga Endesa",-402534000,NA,"https://www.acb.com/Documentos/Cabeceras/logo-competicion-1b.png","https://www.acb.com/Documentos/Cabeceras/logo-competicion-4a.png",66,2001,107,NA,NA,1755,10940,NA,NA,FALSE,1274,1280,1127,"Caja San Fernando","C. San Fernando","CSF",1274,4,"CB Granada","CB Granada","GRA",1,96,12000,13,26,50,20,35,57.14,17,25,68,23,7,30,15,7,16,0,0,2,4,21,21,94,0,0,1,0,0,96,100,0,NA,0,0,0,0,0,0,0
1486928,1,"Liga Nacional","Liga Endesa",-402534000,NA,"https://www.acb.com/Documentos/Cabeceras/logo-competicion-1b.png","https://www.acb.com/Documentos/Cabeceras/logo-competicion-4a.png",66,2001,107,NA,NA,1755,10943,NA,NA,TRUE,1276,1276,1609,"Caprabo Lleida","Caprabo Lleida","LLE",1278,959,"Pamesa Valencia","Pamesa Valencia","PAM",1,68,12000,5,18,27.78,17,40,42.5,19,27,70.37,19,10,29,7,7,15,0,0,4,1,22,25,51,0,0,1,0,0,68,88,0,NA,0,0,0,0,0,0,0
1486929,1,"Liga Nacional","Liga Endesa",-402534000,NA,"https://www.acb.com/Documentos/Cabeceras/logo-competicion-1b.png","https://www.acb.com/Documentos/Cabeceras/logo-competicion-4a.png",66,2001,107,NA,NA,1755,10943,NA,NA,FALSE,1278,1276,1609,"Caprabo Lleida","Caprabo Lleida","LLE",1278,959,"Pamesa Valencia","Pamesa Valencia","PAM",1,88,12000,5,15,33.33,31,51,60.78,11,21,52.38,33,11,44,10,7,15,0,4,0,3,25,22,95,0,0,0,1,0,88,68,0,NA,0,0,0,0,0,0,0
1486829,1,"Liga Nacional","Liga Endesa",-402534000,NA,"https://www.acb.com/Documentos/Cabeceras/logo-competicion-1b.png","https://www.acb.com/Documentos/Cabeceras/logo-competicion-4a.png",66,2001,107,NA,NA,1755,10939,NA,NA,TRUE,1267,1267,1355,"Leche Río Breogán","Leche Río Bre.","BRE",1273,1467,"Casademont Girona","Casademont Gir.","GIR",1,64,12000,4,16,25,22,44,50,8,13,61.54,22,6,28,2,8,16,0,0,2,1,20,19,44,0,0,1,0,0,64,83,0,NA,0,0,0,0,0,0,0
1486830,1,"Liga Nacional","Liga Endesa",-402534000,NA,"https://www.acb.com/Documentos/Cabeceras/logo-competicion-1b.png","https://www.acb.com/Documentos/Cabeceras/logo-competicion-4a.png",66,2001,107,NA,NA,1755,10939,NA,NA,FALSE,1273,1267,1355,"Leche Río Breogán","Leche Río Bre.","BRE",1273,1467,"Casademont Girona","Casademont Gir.","GIR",1,83,12000,11,21,52,17,36,47,16,20,80,28,8,36,6,12,12,0,2,0,0,19,20,95,0,0,0,10,0,83,64,0,0,0,0,0,0,0,0,0
1486958,1,"Liga Nacional","Liga Endesa",-402534000,NA,"https://www.acb.com/Documentos/Cabeceras/logo-competicion-1b.png","https://www.acb.com/Documentos/Cabeceras/logo-competicion-4a.png",66,2001,107,NA,NA,1755,10944,NA,NA,FALSE,1265,1277,758,"Real Madrid","Real Madrid","RMB",1265,100,"FC Barcelona","FC Barcelona","FCB",1,76,12000,8,24,33.33,18,40,45,16,29,55.17,22,9,31,16,10,11,0,3,3,2,26,24,69,0,0,1,0,0,76,97,0,NA,0,0,0,0,0,0,0
1486957,1,"Liga Nacional","Liga Endesa",-402534000,NA,"https://www.acb.com/Documentos/Cabeceras/logo-competicion-1b.png","https://www.acb.com/Documentos/Cabeceras/logo-competicion-4a.png",66,2001,107,NA,NA,1755,10944,NA,NA,TRUE,1277,1277,758,"Real Madrid","Real Madrid","RMB",1265,100,"FC Barcelona","FC Barcelona","FCB",1,97,12000,8,23,34,24,37,64,25,34,73,32,9,41,21,9,13,0,3,3,5,24,26,120,0,0,0,13,0,97,76,0,0,0,0,0,0,0,0,0
1486980,1,"Liga Nacional","Liga Endesa",-402534000,NA,"https://www.acb.com/Documentos/Cabeceras/logo-competicion-1b.png","https://www.acb.com/Documentos/Cabeceras/logo-competicion-4a.png",66,2001,107,NA,NA,1755,10945,NA,NA,FALSE,1271,1272,1447,"Gijón Baloncesto","Gijón Bal.","GIJ",1271,1199,"Jabones Pardo Fuenlabrada","Jabones Pardo","FUE",1,83,12000,6,18,33.33,22,38,57.89,21,26,80.77,30,10,40,9,5,15,0,1,4,0,20,26,92,0,0,0,1,0,83,75,0,NA,0,0,0,0,0,0,0
1486979,1,"Liga Nacional","Liga Endesa",-402534000,NA,"https://www.acb.com/Documentos/Cabeceras/logo-competicion-1b.png","https://www.acb.com/Documentos/Cabeceras/logo-competicion-4a.png",66,2001,107,NA,NA,1755,10945,NA,NA,TRUE,1272,1272,1447,"Gijón Baloncesto","Gijón Bal.","GIJ",1271,1199,"Jabones Pardo Fuenlabrada","Jabones Pardo","FUE",1,75,12000,3,16,18,28,54,51,10,16,62,20,13,33,6,11,8,0,4,1,2,26,20,69,0,0,10,0,0,75,83,0,0,0,0,0,0,0,0,0
1487147,1,"Liga Nacional","Liga Endesa",-402534000,NA,"https://www.acb.com/Documentos/Cabeceras/logo-competicion-1b.png","https://www.acb.com/Documentos/Cabeceras/logo-competicion-4a.png",66,2001,107,NA,NA,1756,10952,NA,NA,TRUE,1282,1282,1850,"Fórum Valladolid","Fórum Vall.","FOR",1277,758,"Real Madrid","Real Madrid","RMB",1,62,12000,5,12,41,15,39,38,17,21,80,27,9,36,7,10,22,0,4,4,2,19,21,60,0,0,9,0,0,62,64,0,0,0,0,0,0,0,0,0
1487148,1,"Liga Nacional","Liga Endesa",-402534000,NA,"https://www.acb.com/Documentos/Cabeceras/logo-competicion-1b.png","https://www.acb.com/Documentos/Cabeceras/logo-competicion-4a.png",66,2001,107,NA,NA,1756,10952,NA,NA,FALSE,1277,1282,1850,"Fórum Valladolid","Fórum Vall.","FOR",1277,758,"Real Madrid","Real Madrid","RMB",1,64,12000,5,17,29,19,40,47,11,20,55,24,11,35,10,10,18,0,4,4,0,21,19,57,0,0,0,11,0,64,62,0,0,0,0,0,0,0,0,0
1487075,1,"Liga Nacional","Liga Endesa",-402534000,NA,"https://www.acb.com/Documentos/Cabeceras/logo-competicion-1b.png","https://www.acb.com/Documentos/Cabeceras/logo-competicion-4a.png",66,2001,107,NA,NA,1756,10949,NA,NA,FALSE,1279,1273,1467,"Casademont Girona","Casademont Gir.","GIR",1279,1054,"Unicaja","Unicaja","UNI",1,102,12000,12,27,44,31,40,77,4,7,57,21,12,33,12,5,9,0,4,0,4,21,14,113,0,0,0,11,0,102,77,0,0,0,0,0,0,0,0,0
1487074,1,"Liga Nacional","Liga Endesa",-402534000,NA,"https://www.acb.com/Documentos/Cabeceras/logo-competicion-1b.png","https://www.acb.com/Documentos/Cabeceras/logo-competicion-4a.png",66,2001,107,NA,NA,1756,10949,NA,NA,TRUE,1273,1273,1467,"Casademont Girona","Casademont Gir.","GIR",1279,1054,"Unicaja","Unicaja","UNI",1,77,12000,6,16,37,21,46,45,17,21,80,16,13,29,7,6,8,0,0,4,0,14,21,75,0,0,11,0,0,77,102,0,0,0,0,0,0,0,0,0
1487170,1,"Liga Nacional","Liga Endesa",-402534000,NA,"https://www.acb.com/Documentos/Cabeceras/logo-competicion-1b.png","https://www.acb.com/Documentos/Cabeceras/logo-competicion-4a.png",66,2001,107,NA,NA,1756,10953,NA,NA,TRUE,1278,1278,959,"Pamesa Valencia","Pamesa Valencia","PAM",1272,1447,"Gijón Baloncesto","Gijón Bal.","GIJ",1,75,12000,5,15,33.33,21,40,52.5,18,26,69.23,29,9,38,10,7,13,0,7,4,5,20,24,87,0,0,0,1,0,75,68,0,NA,0,0,0,0,0,0,0
1487171,1,"Liga Nacional","Liga Endesa",-402534000,NA,"https://www.acb.com/Documentos/Cabeceras/logo-competicion-1b.png","https://www.acb.com/Documentos/Cabeceras/logo-competicion-4a.png",66,2001,107,NA,NA,1756,10953,NA,NA,FALSE,1272,1278,959,"Pamesa Valencia","Pamesa Valencia","PAM",1272,1447,"Gijón Baloncesto","Gijón Bal.","GIJ",1,68,12000,5,19,26,19,42,45,15,22,68,22,10,32,15,9,10,0,4,7,2,24,20,63,0,0,10,0,0,68,75,0,0,0,0,0,0,0,0,0
1487098,1,"Liga Nacional","Liga Endesa",-402534000,NA,"https://www.acb.com/Documentos/Cabeceras/logo-competicion-1b.png","https://www.acb.com/Documentos/Cabeceras/logo-competicion-4a.png",66,2001,107,NA,NA,1756,10950,NA,NA,TRUE,1274,1274,4,"CB Granada","CB Granada","GRA",1275,624,"DKV Joventut","DKV Joventut","DKV",1,110,12000,10,28,35.71,27,46,58.7,26,32,81.25,17,16,33,19,12,9,0,1,3,4,23,28,125,0,0,0,1,0,110,97,0,NA,0,0,0,0,0,0,0
1487099,1,"Liga Nacional","Liga Endesa",-402534000,NA,"https://www.acb.com/Documentos/Cabeceras/logo-competicion-1b.png","https://www.acb.com/Documentos/Cabeceras/logo-competicion-4a.png",66,2001,107,NA,NA,1756,10950,NA,NA,FALSE,1275,1274,4,"CB Granada","CB Granada","GRA",1275,624,"DKV Joventut","DKV Joventut","DKV",1,97,12000,5,19,26,30,45,66,22,27,81,22,11,33,16,4,15,0,3,1,2,28,23,98,0,0,11,0,0,97,110,0,0,0,0,0,0,0,0,0
1487049,1,"Liga Nacional","Liga Endesa",-402534000,NA,"https://www.acb.com/Documentos/Cabeceras/logo-competicion-1b.png","https://www.acb.com/Documentos/Cabeceras/logo-competicion-4a.png",66,2001,107,NA,NA,1756,10948,NA,NA,FALSE,1267,1280,1127,"Caja San Fernando","C. San Fernando","CSF",1267,1355,"Leche Río Breogán","Leche Río Bre.","BRE",1,73,12000,6,14,42.86,21,35,60,13,23,56.52,22,8,30,10,8,19,0,0,0,0,30,24,64,0,0,1,0,0,73,77,0,NA,0,0,0,0,0,0,0
1487048,1,"Liga Nacional","Liga Endesa",-402534000,NA,"https://www.acb.com/Documentos/Cabeceras/logo-competicion-1b.png","https://www.acb.com/Documentos/Cabeceras/logo-competicion-4a.png",66,2001,107,NA,NA,1756,10948,NA,NA,TRUE,1280,1280,1127,"Caja San Fernando","C. San Fernando","CSF",1267,1355,"Leche Río Breogán","Leche Río Bre.","BRE",1,77,12000,8,24,33.33,17,33,51.52,19,27,70.37,16,12,28,14,8,14,0,0,0,1,24,30,79,0,0,0,1,0,77,73,0,NA,0,0,0,0,0,0,0
1487123,1,"Liga Nacional","Liga Endesa",-402534000,NA,"https://www.acb.com/Documentos/Cabeceras/logo-competicion-1b.png","https://www.acb.com/Documentos/Cabeceras/logo-competicion-4a.png",66,2001,107,NA,NA,1756,10951,NA,NA,FALSE,1276,1270,461,"Adecco Estudiantes","Adecco Estu","EST",1276,1609,"Caprabo Lleida","Caprabo Lleida","LLE",1,70,12000,4,24,16.67,20,37,54.05,18,26,69.23,29,13,42,9,10,16,0,3,3,2,23,26,73,0,0,0,1,0,70,64,0,NA,0,0,0,0,0,0,0
1487122,1,"Liga Nacional","Liga Endesa",-402534000,NA,"https://www.acb.com/Documentos/Cabeceras/logo-competicion-1b.png","https://www.acb.com/Documentos/Cabeceras/logo-competicion-4a.png",66,2001,107,NA,NA,1756,10951,NA,NA,TRUE,1270,1270,461,"Adecco Estudiantes","Adecco Estu","EST",1276,1609,"Caprabo Lleida","Caprabo Lleida","LLE",1,64,12000,3,18,16,18,41,43,19,24,79,26,12,38,8,12,16,0,3,3,0,26,23,60,0,0,10,0,0,64,70,0,0,0,0,0,0,0,0,0
1487194,1,"Liga Nacional","Liga Endesa",-402534000,NA,"https://www.acb.com/Documentos/Cabeceras/logo-competicion-1b.png","https://www.acb.com/Documentos/Cabeceras/logo-competicion-4a.png",66,2001,107,NA,NA,1756,10954,NA,NA,TRUE,1265,1265,100,"FC Barcelona","FC Barcelona","FCB",1266,214,"TAU Cerámica","TAU Cerámica","TAU",1,100,12000,11,23,47.83,25,41,60.98,17,24,70.83,23,6,29,21,8,10,0,3,2,4,23,22,113,0,0,0,1,0,100,84,0,NA,0,0,0,0,0,0,0
1487195,1,"Liga Nacional","Liga Endesa",-402534000,NA,"https://www.acb.com/Documentos/Cabeceras/logo-competicion-1b.png","https://www.acb.com/Documentos/Cabeceras/logo-competicion-4a.png",66,2001,107,NA,NA,1756,10954,NA,NA,FALSE,1266,1265,100,"FC Barcelona","FC Barcelona","FCB",1266,214,"TAU Cerámica","TAU Cerámica","TAU",1,84,12000,4,10,40,29,55,52.73,14,27,51.85,23,15,38,15,9,16,0,2,3,3,22,23,85,0,0,1,0,0,84,100,0,NA,0,0,0,0,0,0,0
1487217,1,"Liga Nacional","Liga Endesa",-402534000,NA,"https://www.acb.com/Documentos/Cabeceras/logo-competicion-1b.png","https://www.acb.com/Documentos/Cabeceras/logo-competicion-4a.png",66,2001,107,NA,NA,1756,10955,NA,NA,TRUE,1271,1271,1199,"Jabones Pardo Fuenlabrada","Jabones Pardo","FUE",1269,335,"Canarias Telecom","Canarias Tel.","GCA",1,97,12000,12,26,46.15,20,40,50,21,23,91.3,24,14,38,15,5,9,0,0,3,1,23,25,109,0,0,0,1,0,97,77,0,NA,0,0,0,0,0,0,0
1487218,1,"Liga Nacional","Liga Endesa",-402534000,NA,"https://www.acb.com/Documentos/Cabeceras/logo-competicion-1b.png","https://www.acb.com/Documentos/Cabeceras/logo-competicion-4a.png",66,2001,107,NA,NA,1756,10955,NA,NA,FALSE,1269,1271,1199,"Jabones Pardo Fuenlabrada","Jabones Pardo","FUE",1269,335,"Canarias Telecom","Canarias Tel.","GCA",1,77,12000,6,18,33.33,21,39,53.85,17,25,68,19,7,26,12,7,9,0,3,0,0,25,23,76,0,0,1,0,0,77,97,0,NA,0,0,0,0,0,0,0
1487241,1,"Liga Nacional","Liga Endesa",-402534000,NA,"https://www.acb.com/Documentos/Cabeceras/logo-competicion-1b.png","https://www.acb.com/Documentos/Cabeceras/logo-competicion-4a.png",66,2001,107,NA,NA,1756,10956,NA,NA,TRUE,1268,1268,1374,"Cáceres CB","Cáceres CB","CAC",1281,1805,"Cantabria Lobos","Cantabria Lobos","CAN",1,104,12000,10,17,58.82,27,43,62.79,20,29,68.97,25,9,34,13,7,17,0,6,0,1,24,25,116,0,0,0,1,0,104,87,0,NA,0,0,0,0,0,0,0
1487242,1,"Liga Nacional","Liga Endesa",-402534000,NA,"https://www.acb.com/Documentos/Cabeceras/logo-competicion-1b.png","https://www.acb.com/Documentos/Cabeceras/logo-competicion-4a.png",66,2001,107,NA,NA,1756,10956,NA,NA,FALSE,1281,1268,1374,"Cáceres CB","Cáceres CB","CAC",1281,1805,"Cantabria Lobos","Cantabria Lobos","CAN",1,87,12000,4,10,40,30,58,51.72,15,19,78.95,12,13,25,10,11,15,0,0,6,1,25,24,73,0,0,1,0,0,87,104,0,NA,0,0,0,0,0,0,0
1487332,1,"Liga Nacional","Liga Endesa",-402534000,NA,"https://www.acb.com/Documentos/Cabeceras/logo-competicion-1b.png","https://www.acb.com/Documentos/Cabeceras/logo-competicion-4a.png",66,2001,107,NA,NA,1757,10960,NA,NA,FALSE,1278,1266,214,"TAU Cerámica","TAU Cerámica","TAU",1278,959,"Pamesa Valencia","Pamesa Valencia","PAM",1,78,12000,7,18,38.89,18,35,51.43,21,26,80.77,23,7,30,10,5,19,0,0,0,1,25,23,69,0,0,1,0,0,78,89,0,NA,0,0,0,0,0,0,0
1487331,1,"Liga Nacional","Liga Endesa",-402534000,NA,"https://www.acb.com/Documentos/Cabeceras/logo-competicion-1b.png","https://www.acb.com/Documentos/Cabeceras/logo-competicion-4a.png",66,2001,107,NA,NA,1757,10960,NA,NA,TRUE,1266,1266,214,"TAU Cerámica","TAU Cerámica","TAU",1278,959,"Pamesa Valencia","Pamesa Valencia","PAM",1,89,12000,5,15,33.33,27,53,50.94,20,27,74.07,24,12,36,18,15,10,0,0,0,3,23,25,107,0,0,0,1,0,89,78,0,NA,0,0,0,0,0,0,0
1487427,1,"Liga Nacional","Liga Endesa",-402534000,NA,"https://www.acb.com/Documentos/Cabeceras/logo-competicion-1b.png","https://www.acb.com/Documentos/Cabeceras/logo-competicion-4a.png",66,2001,107,NA,NA,1757,10964,NA,NA,TRUE,1275,1275,624,"DKV Joventut","DKV Joventut","DKV",1273,1467,"Casademont Girona","Casademont Gir.","GIR",1,87,12000,5,15,33,26,49,53,20,34,58,26,17,43,15,11,12,0,2,2,8,20,30,107,0,0,0,11,0,87,81,0,0,0,0,0,0,0,0,0
1487428,1,"Liga Nacional","Liga Endesa",-402534000,NA,"https://www.acb.com/Documentos/Cabeceras/logo-competicion-1b.png","https://www.acb.com/Documentos/Cabeceras/logo-competicion-4a.png",66,2001,107,NA,NA,1757,10964,NA,NA,FALSE,1273,1275,624,"DKV Joventut","DKV Joventut","DKV",1273,1467,"Casademont Girona","Casademont Gir.","GIR",1,81,12000,12,28,42,18,39,46,9,21,42,20,16,36,13,4,13,0,2,2,0,30,20,62,0,0,10,0,0,81,87,0,0,0,0,0,0,0,0,0
1487451,1,"Liga Nacional","Liga Endesa",-402534000,NA,"https://www.acb.com/Documentos/Cabeceras/logo-competicion-1b.png","https://www.acb.com/Documentos/Cabeceras/logo-competicion-4a.png",66,2001,107,NA,NA,1757,10965,NA,NA,TRUE,1279,1279,1054,"Unicaja","Unicaja","UNI",1280,1127,"Caja San Fernando","C. San Fernando","CSF",1,79,12000,7,20,35,23,41,56.1,12,15,80,23,14,37,13,8,10,0,3,0,3,13,17,100,0,0,0,1,0,79,62,0,NA,0,0,0,0,0,0,0
1487452,1,"Liga Nacional","Liga Endesa",-402534000,NA,"https://www.acb.com/Documentos/Cabeceras/logo-competicion-1b.png","https://www.acb.com/Documentos/Cabeceras/logo-competicion-4a.png",66,2001,107,NA,NA,1757,10965,NA,NA,FALSE,1280,1279,1054,"Unicaja","Unicaja","UNI",1280,1127,"Caja San Fernando","C. San Fernando","CSF",1,62,12000,6,20,30,21,35,60,2,7,28.57,16,7,23,9,4,13,0,0,3,0,17,13,45,0,0,1,0,0,62,79,0,NA,0,0,0,0,0,0,0
1487403,1,"Liga Nacional","Liga Endesa",-402534000,NA,"https://www.acb.com/Documentos/Cabeceras/logo-competicion-1b.png","https://www.acb.com/Documentos/Cabeceras/logo-competicion-4a.png",66,2001,107,NA,NA,1757,10963,NA,NA,TRUE,1276,1276,1609,"Caprabo Lleida","Caprabo Lleida","LLE",1274,4,"CB Granada","CB Granada","GRA",1,98,12000,9,29,31.03,27,41,65.85,17,21,80.95,31,11,42,12,8,10,0,3,0,6,23,23,115,0,0,0,1,0,98,82,0,NA,0,0,0,0,0,0,0
1487404,1,"Liga Nacional","Liga Endesa",-402534000,NA,"https://www.acb.com/Documentos/Cabeceras/logo-competicion-1b.png","https://www.acb.com/Documentos/Cabeceras/logo-competicion-4a.png",66,2001,107,NA,NA,1757,10963,NA,NA,FALSE,1274,1276,1609,"Caprabo Lleida","Caprabo Lleida","LLE",1274,4,"CB Granada","CB Granada","GRA",1,82,12000,8,20,40,21,45,46.67,16,23,69.57,24,8,32,5,3,14,0,0,3,0,23,23,62,0,0,1,0,0,82,98,0,NA,0,0,0,0,0,0,0
1487355,1,"Liga Nacional","Liga Endesa",-402534000,NA,"https://www.acb.com/Documentos/Cabeceras/logo-competicion-1b.png","https://www.acb.com/Documentos/Cabeceras/logo-competicion-4a.png",66,2001,107,NA,NA,1757,10961,NA,NA,FALSE,1282,1272,1447,"Gijón Baloncesto","Gijón Bal.","GIJ",1282,1850,"Fórum Valladolid","Fórum Vall.","FOR",1,81,12000,9,17,52.94,20,38,52.63,14,20,70,36,6,42,6,7,21,0,7,4,0,20,21,87,0,0,0,1,0,81,75,0,NA,0,0,0,0,0,0,0
1487354,1,"Liga Nacional","Liga Endesa",-402534000,NA,"https://www.acb.com/Documentos/Cabeceras/logo-competicion-1b.png","https://www.acb.com/Documentos/Cabeceras/logo-competicion-4a.png",66,2001,107,NA,NA,1757,10961,NA,NA,TRUE,1272,1272,1447,"Gijón Baloncesto","Gijón Bal.","GIJ",1282,1850,"Fórum Valladolid","Fórum Vall.","FOR",1,75,12000,7,19,36.84,21,55,38.18,12,17,70.59,24,12,36,7,14,9,0,4,7,2,21,20,68,0,0,1,0,0,75,81,0,NA,0,0,0,0,0,0,0
1487267,1,"Liga Nacional","Liga Endesa",-402534000,NA,"https://www.acb.com/Documentos/Cabeceras/logo-competicion-1b.png","https://www.acb.com/Documentos/Cabeceras/logo-competicion-4a.png",66,2001,107,NA,NA,1757,10957,NA,NA,FALSE,1268,1267,1355,"Leche Río Breogán","Leche Río Bre.","BRE",1268,1374,"Cáceres CB","Cáceres CB","CAC",1,74,12000,6,14,42.86,18,38,47.37,20,24,83.33,16,5,21,6,13,18,0,0,1,1,29,26,60,0,0,1,0,0,74,82,0,NA,0,0,0,0,0,0,0
1487266,1,"Liga Nacional","Liga Endesa",-402534000,NA,"https://www.acb.com/Documentos/Cabeceras/logo-competicion-1b.png","https://www.acb.com/Documentos/Cabeceras/logo-competicion-4a.png",66,2001,107,NA,NA,1757,10957,NA,NA,TRUE,1267,1267,1355,"Leche Río Breogán","Leche Río Bre.","BRE",1268,1374,"Cáceres CB","Cáceres CB","CAC",1,82,12000,4,15,26.67,26,43,60.47,18,28,64.29,23,13,36,11,10,22,0,1,0,2,26,29,83,0,0,0,1,0,82,74,0,NA,0,0,0,0,0,0,0
1487310,1,"Liga Nacional","Liga Endesa",-402534000,NA,"https://www.acb.com/Documentos/Cabeceras/logo-competicion-1b.png","https://www.acb.com/Documentos/Cabeceras/logo-competicion-4a.png",66,2001,107,NA,NA,1757,10959,NA,NA,TRUE,1269,1269,335,"Canarias Telecom","Canarias Tel.","GCA",1265,100,"FC Barcelona","FC Barcelona","FCB",1,99,12000,13,24,54.17,25,38,65.79,10,11,90.91,21,8,29,16,6,14,0,2,3,0,29,18,99,0,0,0,1,0,99,83,0,NA,0,0,0,0,0,0,0
1487311,1,"Liga Nacional","Liga Endesa",-402534000,NA,"https://www.acb.com/Documentos/Cabeceras/logo-competicion-1b.png","https://www.acb.com/Documentos/Cabeceras/logo-competicion-4a.png",66,2001,107,NA,NA,1757,10959,NA,NA,FALSE,1265,1269,335,"Canarias Telecom","Canarias Tel.","GCA",1265,100,"FC Barcelona","FC Barcelona","FCB",1,83,12000,10,21,47.62,15,35,42.86,23,31,74.19,18,12,30,15,10,14,0,3,2,2,18,29,97,0,0,1,0,0,83,99,0,NA,0,0,0,0,0,0,0
1487381,1,"Liga Nacional","Liga Endesa",-402534000,NA,"https://www.acb.com/Documentos/Cabeceras/logo-competicion-1b.png","https://www.acb.com/Documentos/Cabeceras/logo-competicion-4a.png",66,2001,107,NA,NA,1757,10962,NA,NA,TRUE,1277,1277,758,"Real Madrid","Real Madrid","RMB",1270,461,"Adecco Estudiantes","Adecco Estu","EST",1,82,13500,6,25,24,19,41,46,26,44,59,28,11,39,15,8,8,0,7,3,2,28,34,87,0,0,0,11,0,82,80,0,0,0,0,0,0,0,0,0
1487382,1,"Liga Nacional","Liga Endesa",-402534000,NA,"https://www.acb.com/Documentos/Cabeceras/logo-competicion-1b.png","https://www.acb.com/Documentos/Cabeceras/logo-competicion-4a.png",66,2001,107,NA,NA,1757,10962,NA,NA,FALSE,1270,1277,758,"Real Madrid","Real Madrid","RMB",1270,461,"Adecco Estudiantes","Adecco Estu","EST",1,80,13500,4,16,25,26,52,50,16,37,43,36,19,55,8,6,16,0,3,7,1,34,28,64,0,0,11,0,0,80,82,0,0,0,0,0,0,0,0,0
1487288,1,"Liga Nacional","Liga Endesa",-402534000,NA,"https://www.acb.com/Documentos/Cabeceras/logo-competicion-1b.png","https://www.acb.com/Documentos/Cabeceras/logo-competicion-4a.png",66,2001,107,NA,NA,1757,10958,NA,NA,FALSE,1271,1281,1805,"Cantabria Lobos","Cantabria Lobos","CAN",1271,1199,"Jabones Pardo Fuenlabrada","Jabones Pardo","FUE",1,83,12000,7,18,38.89,23,35,65.71,16,27,59.26,25,4,29,14,8,11,0,3,3,1,21,23,91,0,0,0,1,0,83,80,0,NA,0,0,0,0,0,0,0
1487287,1,"Liga Nacional","Liga Endesa",-402534000,NA,"https://www.acb.com/Documentos/Cabeceras/logo-competicion-1b.png","https://www.acb.com/Documentos/Cabeceras/logo-competicion-4a.png",66,2001,107,NA,NA,1757,10958,NA,NA,TRUE,1281,1281,1805,"Cantabria Lobos","Cantabria Lobos","CAN",1271,1199,"Jabones Pardo Fuenlabrada","Jabones Pardo","FUE",1,80,12000,6,17,35.29,25,47,53.19,12,15,80,22,9,31,12,6,10,0,3,3,3,23,21,81,0,0,1,0,0,80,83,0,NA,0,0,0,0,0,0,0
1487639,1,"Liga Nacional","Liga Endesa",-402534000,NA,"https://www.acb.com/Documentos/Cabeceras/logo-competicion-1b.png","https://www.acb.com/Documentos/Cabeceras/logo-competicion-4a.png",66,2001,107,NA,NA,1758,10973,NA,NA,TRUE,1265,1265,100,"FC Barcelona","FC Barcelona","FCB",1281,1805,"Cantabria Lobos","Cantabria Lobos","CAN",1,101,12000,8,21,38.1,30,46,65.22,17,23,73.91,24,14,38,15,17,12,0,4,1,5,19,24,132,0,0,0,1,0,101,71,0,NA,0,0,0,0,0,0,0
1487640,1,"Liga Nacional","Liga Endesa",-402534000,NA,"https://www.acb.com/Documentos/Cabeceras/logo-competicion-1b.png","https://www.acb.com/Documentos/Cabeceras/logo-competicion-4a.png",66,2001,107,NA,NA,1758,10973,NA,NA,FALSE,1281,1265,100,"FC Barcelona","FC Barcelona","FCB",1281,1805,"Cantabria Lobos","Cantabria Lobos","CAN",1,71,12000,6,13,46.15,20,44,45.45,13,18,72.22,17,7,24,10,7,21,0,1,4,0,24,19,47,0,0,1,0,0,71,101,0,NA,0,0,0,0,0,0,0
1487475,1,"Liga Nacional","Liga Endesa",-402534000,NA,"https://www.acb.com/Documentos/Cabeceras/logo-competicion-1b.png","https://www.acb.com/Documentos/Cabeceras/logo-competicion-4a.png",66,2001,107,NA,NA,1758,10966,NA,NA,TRUE,1279,1279,1054,"Unicaja","Unicaja","UNI",1267,1355,"Leche Río Breogán","Leche Río Bre.","BRE",1,75,12000,6,18,33,19,38,50,19,23,82,20,8,28,10,8,9,0,9,1,2,22,22,85,0,0,0,10,0,75,63,0,0,0,0,0,0,0,0,0
1487476,1,"Liga Nacional","Liga Endesa",-402534000,NA,"https://www.acb.com/Documentos/Cabeceras/logo-competicion-1b.png","https://www.acb.com/Documentos/Cabeceras/logo-competicion-4a.png",66,2001,107,NA,NA,1758,10966,NA,NA,FALSE,1267,1279,1054,"Unicaja","Unicaja","UNI",1267,1355,"Leche Río Breogán","Leche Río Bre.","BRE",1,63,12000,4,7,57.14,17,40,42.5,17,24,70.83,22,8,30,9,8,16,0,1,9,1,22,22,53,0,0,1,0,0,63,75,0,NA,0,0,0,0,0,0,0
1487499,1,"Liga Nacional","Liga Endesa",-402534000,NA,"https://www.acb.com/Documentos/Cabeceras/logo-competicion-1b.png","https://www.acb.com/Documentos/Cabeceras/logo-competicion-4a.png",66,2001,107,NA,NA,1758,10967,NA,NA,TRUE,1280,1280,1127,"Caja San Fernando","C. San Fernando","CSF",1275,624,"DKV Joventut","DKV Joventut","DKV",1,80,12000,10,28,35.71,19,42,45.24,12,16,75,18,15,33,13,11,11,0,0,5,0,25,21,72,0,0,0,1,0,80,75,0,NA,0,0,0,0,0,0,0
1487500,1,"Liga Nacional","Liga Endesa",-402534000,NA,"https://www.acb.com/Documentos/Cabeceras/logo-competicion-1b.png","https://www.acb.com/Documentos/Cabeceras/logo-competicion-4a.png",66,2001,107,NA,NA,1758,10967,NA,NA,FALSE,1275,1280,1127,"Caja San Fernando","C. San Fernando","CSF",1275,624,"DKV Joventut","DKV Joventut","DKV",1,75,12000,7,18,38,15,26,57,24,32,75,25,9,34,12,8,20,0,5,0,1,21,25,88,0,0,11,0,0,75,80,0,0,0,0,0,0,0,0,0
1487521,1,"Liga Nacional","Liga Endesa",-402534000,NA,"https://www.acb.com/Documentos/Cabeceras/logo-competicion-1b.png","https://www.acb.com/Documentos/Cabeceras/logo-competicion-4a.png",66,2001,107,NA,NA,1758,10968,NA,NA,TRUE,1273,1273,1467,"Casademont Girona","Casademont Gir.","GIR",1276,1609,"Caprabo Lleida","Caprabo Lleida","LLE",1,77,12000,6,19,31,23,51,45,13,17,76,26,14,40,8,11,17,0,0,3,2,26,23,68,0,0,10,0,0,77,81,0,0,0,0,0,0,0,0,0
1487522,1,"Liga Nacional","Liga Endesa",-402534000,NA,"https://www.acb.com/Documentos/Cabeceras/logo-competicion-1b.png","https://www.acb.com/Documentos/Cabeceras/logo-competicion-4a.png",66,2001,107,NA,NA,1758,10968,NA,NA,FALSE,1276,1273,1467,"Casademont Girona","Casademont Gir.","GIR",1276,1609,"Caprabo Lleida","Caprabo Lleida","LLE",1,81,12000,6,18,33.33,24,46,52.17,15,22,68.18,28,11,39,7,7,16,0,3,0,2,23,26,83,0,0,0,1,0,81,77,0,NA,0,0,0,0,0,0,0
1487614,1,"Liga Nacional","Liga Endesa",-402534000,NA,"https://www.acb.com/Documentos/Cabeceras/logo-competicion-1b.png","https://www.acb.com/Documentos/Cabeceras/logo-competicion-4a.png",66,2001,107,NA,NA,1758,10972,NA,NA,FALSE,1269,1278,959,"Pamesa Valencia","Pamesa Valencia","PAM",1269,335,"Canarias Telecom","Canarias Tel.","GCA",1,87,12000,10,24,41.67,24,43,55.81,9,14,64.29,15,11,26,27,10,13,0,0,5,2,23,17,88,0,0,1,0,0,87,89,0,NA,0,0,0,0,0,0,0
1487613,1,"Liga Nacional","Liga Endesa",-402534000,NA,"https://www.acb.com/Documentos/Cabeceras/logo-competicion-1b.png","https://www.acb.com/Documentos/Cabeceras/logo-competicion-4a.png",66,2001,107,NA,NA,1758,10972,NA,NA,TRUE,1278,1278,959,"Pamesa Valencia","Pamesa Valencia","PAM",1269,335,"Canarias Telecom","Canarias Tel.","GCA",1,89,12000,5,13,38.46,30,43,69.77,14,20,70,26,5,31,23,9,14,0,5,0,2,17,23,122,0,0,0,1,0,89,87,0,NA,0,0,0,0,0,0,0
1487545,1,"Liga Nacional","Liga Endesa",-402534000,NA,"https://www.acb.com/Documentos/Cabeceras/logo-competicion-1b.png","https://www.acb.com/Documentos/Cabeceras/logo-competicion-4a.png",66,2001,107,NA,NA,1758,10969,NA,NA,TRUE,1274,1274,4,"CB Granada","CB Granada","GRA",1277,758,"Real Madrid","Real Madrid","RMB",1,86,12000,11,35,31.43,22,40,55,9,15,60,15,11,26,10,16,12,0,2,3,2,19,20,78,0,0,1,0,0,86,98,0,NA,0,0,0,0,0,0,0
1487546,1,"Liga Nacional","Liga Endesa",-402534000,NA,"https://www.acb.com/Documentos/Cabeceras/logo-competicion-1b.png","https://www.acb.com/Documentos/Cabeceras/logo-competicion-4a.png",66,2001,107,NA,NA,1758,10969,NA,NA,FALSE,1277,1274,4,"CB Granada","CB Granada","GRA",1277,758,"Real Madrid","Real Madrid","RMB",1,98,12000,11,23,47,25,38,65,15,17,88,31,7,38,20,4,20,0,3,2,5,20,19,113,0,0,0,11,0,98,86,0,0,0,0,0,0,0,0,0
1487570,1,"Liga Nacional","Liga Endesa",-402534000,NA,"https://www.acb.com/Documentos/Cabeceras/logo-competicion-1b.png","https://www.acb.com/Documentos/Cabeceras/logo-competicion-4a.png",66,2001,107,NA,NA,1758,10970,NA,NA,TRUE,1270,1270,461,"Adecco Estudiantes","Adecco Estu","EST",1272,1447,"Gijón Baloncesto","Gijón Bal.","GIJ",1,84,12000,4,17,23,26,51,50,20,30,66,32,19,51,12,9,10,0,9,3,1,19,29,114,0,0,0,11,0,84,68,0,0,0,0,0,0,0,0,0
1487571,1,"Liga Nacional","Liga Endesa",-402534000,NA,"https://www.acb.com/Documentos/Cabeceras/logo-competicion-1b.png","https://www.acb.com/Documentos/Cabeceras/logo-competicion-4a.png",66,2001,107,NA,NA,1758,10970,NA,NA,FALSE,1272,1270,461,"Adecco Estudiantes","Adecco Estu","EST",1272,1447,"Gijón Baloncesto","Gijón Bal.","GIJ",1,68,12000,8,15,53.33,17,48,35.42,10,13,76.92,23,10,33,3,7,11,0,3,9,0,29,19,43,0,0,1,0,0,68,84,0,NA,0,0,0,0,0,0,0
1487592,1,"Liga Nacional","Liga Endesa",-402534000,NA,"https://www.acb.com/Documentos/Cabeceras/logo-competicion-1b.png","https://www.acb.com/Documentos/Cabeceras/logo-competicion-4a.png",66,2001,107,NA,NA,1758,10971,NA,NA,TRUE,1282,1282,1850,"Fórum Valladolid","Fórum Vall.","FOR",1266,214,"TAU Cerámica","TAU Cerámica","TAU",1,77,12000,6,18,33.33,23,42,54.76,13,25,52,25,12,37,15,7,19,0,5,6,1,31,26,68,0,0,1,0,0,77,86,0,NA,0,0,0,0,0,0,0
1487593,1,"Liga Nacional","Liga Endesa",-402534000,NA,"https://www.acb.com/Documentos/Cabeceras/logo-competicion-1b.png","https://www.acb.com/Documentos/Cabeceras/logo-competicion-4a.png",66,2001,107,NA,NA,1758,10971,NA,NA,FALSE,1266,1282,1850,"Fórum Valladolid","Fórum Vall.","FOR",1266,214,"TAU Cerámica","TAU Cerámica","TAU",1,86,12000,6,14,42.86,21,42,50,26,35,74.29,23,11,34,17,9,14,0,6,5,2,26,31,100,0,0,0,1,0,86,77,0,NA,0,0,0,0,0,0,0
1487662,1,"Liga Nacional","Liga Endesa",-402534000,NA,"https://www.acb.com/Documentos/Cabeceras/logo-competicion-1b.png","https://www.acb.com/Documentos/Cabeceras/logo-competicion-4a.png",66,2001,107,NA,NA,1758,10974,NA,NA,TRUE,1271,1271,1199,"Jabones Pardo Fuenlabrada","Jabones Pardo","FUE",1268,1374,"Cáceres CB","Cáceres CB","CAC",1,107,12000,10,26,38.46,30,55,54.55,17,29,58.62,18,21,39,23,8,5,0,1,8,2,27,28,113,0,0,0,1,0,107,91,0,NA,0,0,0,0,0,0,0
1487663,1,"Liga Nacional","Liga Endesa",-402534000,NA,"https://www.acb.com/Documentos/Cabeceras/logo-competicion-1b.png","https://www.acb.com/Documentos/Cabeceras/logo-competicion-4a.png",66,2001,107,NA,NA,1758,10974,NA,NA,FALSE,1268,1271,1199,"Jabones Pardo Fuenlabrada","Jabones Pardo","FUE",1268,1374,"Cáceres CB","Cáceres CB","CAC",1,91,12000,9,15,60,21,47,44.68,22,31,70.97,24,18,42,12,3,20,0,8,1,1,28,27,93,0,0,1,0,0,91,107,0,NA,0,0,0,0,0,0,0
1487879,1,"Liga Nacional","Liga Endesa",-402534000,NA,"https://www.acb.com/Documentos/Cabeceras/logo-competicion-1b.png","https://www.acb.com/Documentos/Cabeceras/logo-competicion-4a.png",66,2001,107,NA,NA,1759,10983,NA,NA,FALSE,1279,1275,624,"DKV Joventut","DKV Joventut","DKV",1279,1054,"Unicaja","Unicaja","UNI",1,73,12000,7,23,30,22,49,44,8,14,57,16,16,32,8,8,11,0,2,3,3,26,16,50,0,0,11,0,0,73,84,0,0,0,0,0,0,0,0,0
1487878,1,"Liga Nacional","Liga Endesa",-402534000,NA,"https://www.acb.com/Documentos/Cabeceras/logo-competicion-1b.png","https://www.acb.com/Documentos/Cabeceras/logo-competicion-4a.png",66,2001,107,NA,NA,1759,10983,NA,NA,TRUE,1275,1275,624,"DKV Joventut","DKV Joventut","DKV",1279,1054,"Unicaja","Unicaja","UNI",1,84,12000,6,15,40,22,37,59,22,34,64,24,8,32,8,7,12,0,3,2,4,16,26,94,0,0,0,10,0,84,73,0,0,0,0,0,0,0,0,0
1487711,1,"Liga Nacional","Liga Endesa",-402534000,NA,"https://www.acb.com/Documentos/Cabeceras/logo-competicion-1b.png","https://www.acb.com/Documentos/Cabeceras/logo-competicion-4a.png",66,2001,107,NA,NA,1759,10976,NA,NA,TRUE,1268,1268,1374,"Cáceres CB","Cáceres CB","CAC",1265,100,"FC Barcelona","FC Barcelona","FCB",1,89,12000,8,17,47,22,42,52,21,25,84,25,5,30,9,10,22,0,1,2,1,32,27,77,0,0,11,0,0,89,103,0,0,0,0,0,0,0,0,0
1487712,1,"Liga Nacional","Liga Endesa",-402534000,NA,"https://www.acb.com/Documentos/Cabeceras/logo-competicion-1b.png","https://www.acb.com/Documentos/Cabeceras/logo-competicion-4a.png",66,2001,107,NA,NA,1759,10976,NA,NA,FALSE,1265,1268,1374,"Cáceres CB","Cáceres CB","CAC",1265,100,"FC Barcelona","FC Barcelona","FCB",1,103,12000,8,18,44.44,26,49,53.06,27,38,71.05,23,13,36,18,12,18,0,2,1,2,27,32,113,0,0,0,1,0,103,89,0,NA,0,0,0,0,0,0,0
1487734,1,"Liga Nacional","Liga Endesa",-402534000,NA,"https://www.acb.com/Documentos/Cabeceras/logo-competicion-1b.png","https://www.acb.com/Documentos/Cabeceras/logo-competicion-4a.png",66,2001,107,NA,NA,1759,10977,NA,NA,TRUE,1281,1281,1805,"Cantabria Lobos","Cantabria Lobos","CAN",1278,959,"Pamesa Valencia","Pamesa Valencia","PAM",1,70,12000,6,19,31.58,22,51,43.14,8,15,53.33,24,9,33,10,7,4,0,0,3,2,23,16,57,0,0,1,0,0,70,72,0,NA,0,0,0,0,0,0,0
1487735,1,"Liga Nacional","Liga Endesa",-402534000,NA,"https://www.acb.com/Documentos/Cabeceras/logo-competicion-1b.png","https://www.acb.com/Documentos/Cabeceras/logo-competicion-4a.png",66,2001,107,NA,NA,1759,10977,NA,NA,FALSE,1278,1281,1805,"Cantabria Lobos","Cantabria Lobos","CAN",1278,959,"Pamesa Valencia","Pamesa Valencia","PAM",1,72,12000,5,10,50,20,47,42.55,17,26,65.38,32,15,47,8,4,14,0,3,0,2,16,23,86,0,0,0,1,0,72,70,0,NA,0,0,0,0,0,0,0
1487830,1,"Liga Nacional","Liga Endesa",-402534000,NA,"https://www.acb.com/Documentos/Cabeceras/logo-competicion-1b.png","https://www.acb.com/Documentos/Cabeceras/logo-competicion-4a.png",66,2001,107,NA,NA,1759,10981,NA,NA,TRUE,1277,1277,758,"Real Madrid","Real Madrid","RMB",1273,1467,"Casademont Girona","Casademont Gir.","GIR",1,88,12000,11,24,45,19,29,65,17,22,77,33,10,43,14,11,27,0,5,0,5,23,22,105,0,0,0,12,0,88,73,0,0,0,0,0,0,0,0,0
1487831,1,"Liga Nacional","Liga Endesa",-402534000,NA,"https://www.acb.com/Documentos/Cabeceras/logo-competicion-1b.png","https://www.acb.com/Documentos/Cabeceras/logo-competicion-4a.png",66,2001,107,NA,NA,1759,10981,NA,NA,FALSE,1273,1277,758,"Real Madrid","Real Madrid","RMB",1273,1467,"Casademont Girona","Casademont Gir.","GIR",1,73,12000,5,22,22.73,21,50,42,16,20,80,13,13,26,6,17,14,0,0,5,0,22,23,54,0,0,1,0,0,73,88,0,NA,0,0,0,0,0,0,0
1487855,1,"Liga Nacional","Liga Endesa",-402534000,NA,"https://www.acb.com/Documentos/Cabeceras/logo-competicion-1b.png","https://www.acb.com/Documentos/Cabeceras/logo-competicion-4a.png",66,2001,107,NA,NA,1759,10982,NA,NA,FALSE,1280,1276,1609,"Caprabo Lleida","Caprabo Lleida","LLE",1280,1127,"Caja San Fernando","C. San Fernando","CSF",1,76,12000,7,23,30.43,20,41,48.78,15,25,60,32,12,44,3,14,19,0,0,4,2,22,24,69,0,0,0,1,0,76,52,0,NA,0,0,0,0,0,0,0
1487854,1,"Liga Nacional","Liga Endesa",-402534000,NA,"https://www.acb.com/Documentos/Cabeceras/logo-competicion-1b.png","https://www.acb.com/Documentos/Cabeceras/logo-competicion-4a.png",66,2001,107,NA,NA,1759,10982,NA,NA,TRUE,1276,1276,1609,"Caprabo Lleida","Caprabo Lleida","LLE",1280,1127,"Caja San Fernando","C. San Fernando","CSF",1,52,12000,2,20,10,19,41,46.34,8,17,47.06,28,9,37,11,13,21,0,4,0,1,24,22,45,0,0,1,0,0,52,76,0,NA,0,0,0,0,0,0,0
1487685,1,"Liga Nacional","Liga Endesa",-402534000,NA,"https://www.acb.com/Documentos/Cabeceras/logo-competicion-1b.png","https://www.acb.com/Documentos/Cabeceras/logo-competicion-4a.png",66,2001,107,NA,NA,1759,10975,NA,NA,TRUE,1271,1271,1199,"Jabones Pardo Fuenlabrada","Jabones Pardo","FUE",1267,1355,"Leche Río Breogán","Leche Río Bre.","BRE",1,95,12000,8,15,53.33,20,39,51.28,31,37,83.78,26,8,34,19,9,15,0,3,1,0,27,30,115,0,0,0,1,0,95,78,0,NA,0,0,0,0,0,0,0
1487686,1,"Liga Nacional","Liga Endesa",-402534000,NA,"https://www.acb.com/Documentos/Cabeceras/logo-competicion-1b.png","https://www.acb.com/Documentos/Cabeceras/logo-competicion-4a.png",66,2001,107,NA,NA,1759,10975,NA,NA,FALSE,1267,1271,1199,"Jabones Pardo Fuenlabrada","Jabones Pardo","FUE",1267,1355,"Leche Río Breogán","Leche Río Bre.","BRE",1,78,12000,3,14,21.43,26,53,49.06,17,24,70.83,22,10,32,7,7,12,0,1,3,0,30,26,61,0,0,1,0,0,78,95,0,NA,0,0,0,0,0,0,0
1487756,1,"Liga Nacional","Liga Endesa",-402534000,NA,"https://www.acb.com/Documentos/Cabeceras/logo-competicion-1b.png","https://www.acb.com/Documentos/Cabeceras/logo-competicion-4a.png",66,2001,107,NA,NA,1759,10978,NA,NA,TRUE,1269,1269,335,"Canarias Telecom","Canarias Tel.","GCA",1282,1850,"Fórum Valladolid","Fórum Vall.","FOR",1,85,12000,5,13,38.46,25,44,56.82,20,33,60.61,32,11,43,12,11,15,0,4,0,1,22,26,104,0,0,0,1,0,85,66,0,NA,0,0,0,0,0,0,0
1487757,1,"Liga Nacional","Liga Endesa",-402534000,NA,"https://www.acb.com/Documentos/Cabeceras/logo-competicion-1b.png","https://www.acb.com/Documentos/Cabeceras/logo-competicion-4a.png",66,2001,107,NA,NA,1759,10978,NA,NA,FALSE,1282,1269,335,"Canarias Telecom","Canarias Tel.","GCA",1282,1850,"Fórum Valladolid","Fórum Vall.","FOR",1,66,12000,5,20,25,18,48,37.5,15,27,55.56,22,20,42,6,7,17,0,0,4,1,26,22,39,0,0,1,0,0,66,85,0,NA,0,0,0,0,0,0,0
1487782,1,"Liga Nacional","Liga Endesa",-402534000,NA,"https://www.acb.com/Documentos/Cabeceras/logo-competicion-1b.png","https://www.acb.com/Documentos/Cabeceras/logo-competicion-4a.png",66,2001,107,NA,NA,1759,10979,NA,NA,FALSE,1270,1266,214,"TAU Cerámica","TAU Cerámica","TAU",1270,461,"Adecco Estudiantes","Adecco Estu","EST",1,56,12000,1,15,6,16,41,39,21,30,70,22,12,34,3,8,24,0,2,2,1,24,29,34,0,0,12,0,0,56,84,0,0,0,0,0,0,0,0,0
1487781,1,"Liga Nacional","Liga Endesa",-402534000,NA,"https://www.acb.com/Documentos/Cabeceras/logo-competicion-1b.png","https://www.acb.com/Documentos/Cabeceras/logo-competicion-4a.png",66,2001,107,NA,NA,1759,10979,NA,NA,TRUE,1266,1266,214,"TAU Cerámica","TAU Cerámica","TAU",1270,461,"Adecco Estudiantes","Adecco Estu","EST",1,84,12000,4,12,33.33,30,55,54.55,12,19,63.16,27,13,40,11,14,16,0,2,2,2,29,24,88,0,0,0,1,0,84,56,0,NA,0,0,0,0,0,0,0
1487805,1,"Liga Nacional","Liga Endesa",-402534000,NA,"https://www.acb.com/Documentos/Cabeceras/logo-competicion-1b.png","https://www.acb.com/Documentos/Cabeceras/logo-competicion-4a.png",66,2001,107,NA,NA,1759,10980,NA,NA,FALSE,1274,1272,1447,"Gijón Baloncesto","Gijón Bal.","GIJ",1274,4,"CB Granada","CB Granada","GRA",1,72,12000,4,17,23.53,21,49,42.86,18,20,90,30,17,47,5,12,14,0,3,7,0,22,22,75,0,0,0,1,0,72,62,0,NA,0,0,0,0,0,0,0
1487804,1,"Liga Nacional","Liga Endesa",-402534000,NA,"https://www.acb.com/Documentos/Cabeceras/logo-competicion-1b.png","https://www.acb.com/Documentos/Cabeceras/logo-competicion-4a.png",66,2001,107,NA,NA,1759,10980,NA,NA,TRUE,1272,1272,1447,"Gijón Baloncesto","Gijón Bal.","GIJ",1274,4,"CB Granada","CB Granada","GRA",1,62,12000,7,21,33,14,40,35,13,20,65,24,13,37,10,4,17,0,7,3,1,22,22,53,0,0,10,0,0,62,72,0,0,0,0,0,0,0,0,0
1487927,1,"Liga Nacional","Liga Endesa",-402534000,NA,"https://www.acb.com/Documentos/Cabeceras/logo-competicion-1b.png","https://www.acb.com/Documentos/Cabeceras/logo-competicion-4a.png",66,2001,107,NA,NA,1760,10985,NA,NA,TRUE,1275,1275,624,"DKV Joventut","DKV Joventut","DKV",1277,758,"Real Madrid","Real Madrid","RMB",1,96,12000,8,14,57,22,39,56,28,40,70,18,8,26,20,13,13,0,1,0,6,23,32,117,0,0,0,11,0,96,91,0,0,0,0,0,0,0,0,0
1487928,1,"Liga Nacional","Liga Endesa",-402534000,NA,"https://www.acb.com/Documentos/Cabeceras/logo-competicion-1b.png","https://www.acb.com/Documentos/Cabeceras/logo-competicion-4a.png",66,2001,107,NA,NA,1760,10985,NA,NA,FALSE,1277,1275,624,"DKV Joventut","DKV Joventut","DKV",1277,758,"Real Madrid","Real Madrid","RMB",1,91,12000,10,23,43,24,35,68,13,22,59,19,6,25,16,8,18,0,0,1,2,32,23,79,0,0,11,0,0,91,96,0,0,0,0,0,0,0,0,0
1487972,1,"Liga Nacional","Liga Endesa",-402534000,NA,"https://www.acb.com/Documentos/Cabeceras/logo-competicion-1b.png","https://www.acb.com/Documentos/Cabeceras/logo-competicion-4a.png",66,2001,107,NA,NA,1760,10987,NA,NA,TRUE,1280,1280,1127,"Caja San Fernando","C. San Fernando","CSF",1266,214,"TAU Cerámica","TAU Cerámica","TAU",1,74,12000,12,29,41.38,14,39,35.9,10,12,83.33,14,13,27,13,5,8,0,2,2,2,21,16,62,0,0,1,0,0,74,92,0,NA,0,0,0,0,0,0,0
1487973,1,"Liga Nacional","Liga Endesa",-402534000,NA,"https://www.acb.com/Documentos/Cabeceras/logo-competicion-1b.png","https://www.acb.com/Documentos/Cabeceras/logo-competicion-4a.png",66,2001,107,NA,NA,1760,10987,NA,NA,FALSE,1266,1280,1127,"Caja San Fernando","C. San Fernando","CSF",1266,214,"TAU Cerámica","TAU Cerámica","TAU",1,92,12000,7,15,46.67,26,44,59.09,19,24,79.17,26,10,36,9,5,8,0,2,2,2,16,21,108,0,0,0,1,0,92,74,0,NA,0,0,0,0,0,0,0
1487997,1,"Liga Nacional","Liga Endesa",-402534000,NA,"https://www.acb.com/Documentos/Cabeceras/logo-competicion-1b.png","https://www.acb.com/Documentos/Cabeceras/logo-competicion-4a.png",66,2001,107,NA,NA,1760,10988,NA,NA,FALSE,1269,1273,1467,"Casademont Girona","Casademont Gir.","GIR",1269,335,"Canarias Telecom","Canarias Tel.","GCA",1,65,12000,4,17,23.53,19,40,47.5,15,20,75,28,14,42,7,9,23,0,2,1,0,27,24,59,0,0,1,0,0,65,76,0,NA,0,0,0,0,0,0,0
1487996,1,"Liga Nacional","Liga Endesa",-402534000,NA,"https://www.acb.com/Documentos/Cabeceras/logo-competicion-1b.png","https://www.acb.com/Documentos/Cabeceras/logo-competicion-4a.png",66,2001,107,NA,NA,1760,10988,NA,NA,TRUE,1273,1273,1467,"Casademont Girona","Casademont Gir.","GIR",1269,335,"Canarias Telecom","Canarias Tel.","GCA",1,76,12000,8,22,36.36,17,44,38.64,18,26,69.23,18,19,37,2,15,15,0,1,2,1,24,27,68,0,0,0,1,0,76,65,0,NA,0,0,0,0,0,0,0
1487902,1,"Liga Nacional","Liga Endesa",-402534000,NA,"https://www.acb.com/Documentos/Cabeceras/logo-competicion-1b.png","https://www.acb.com/Documentos/Cabeceras/logo-competicion-4a.png",66,2001,107,NA,NA,1760,10984,NA,NA,FALSE,1276,1267,1355,"Leche Río Breogán","Leche Río Bre.","BRE",1276,1609,"Caprabo Lleida","Caprabo Lleida","LLE",1,75,12000,6,26,23.08,21,43,48.84,15,25,60,22,10,32,6,12,9,0,2,2,0,27,25,62,0,0,1,0,0,75,89,0,NA,0,0,0,0,0,0,0
1487901,1,"Liga Nacional","Liga Endesa",-402534000,NA,"https://www.acb.com/Documentos/Cabeceras/logo-competicion-1b.png","https://www.acb.com/Documentos/Cabeceras/logo-competicion-4a.png",66,2001,107,NA,NA,1760,10984,NA,NA,TRUE,1267,1267,1355,"Leche Río Breogán","Leche Río Bre.","BRE",1276,1609,"Caprabo Lleida","Caprabo Lleida","LLE",1,89,12000,7,12,58.33,23,45,51.11,22,29,75.86,35,8,43,8,5,17,0,2,2,1,25,27,96,0,0,0,1,0,89,75,0,NA,0,0,0,0,0,0,0
1487952,1,"Liga Nacional","Liga Endesa",-402534000,NA,"https://www.acb.com/Documentos/Cabeceras/logo-competicion-1b.png","https://www.acb.com/Documentos/Cabeceras/logo-competicion-4a.png",66,2001,107,NA,NA,1760,10986,NA,NA,FALSE,1272,1279,1054,"Unicaja","Unicaja","UNI",1272,1447,"Gijón Baloncesto","Gijón Bal.","GIJ",1,100,13500,5,13,38,28,48,58,29,39,74,29,4,33,11,12,13,0,4,4,3,32,33,106,0,0,9,0,0,100,101,0,0,0,0,0,0,0,0,0
1487951,1,"Liga Nacional","Liga Endesa",-402534000,NA,"https://www.acb.com/Documentos/Cabeceras/logo-competicion-1b.png","https://www.acb.com/Documentos/Cabeceras/logo-competicion-4a.png",66,2001,107,NA,NA,1760,10986,NA,NA,TRUE,1279,1279,1054,"Unicaja","Unicaja","UNI",1272,1447,"Gijón Baloncesto","Gijón Bal.","GIJ",1,101,13500,8,21,38,24,55,43,29,40,72,27,19,46,18,5,14,0,4,4,6,33,32,100,0,0,0,11,0,101,100,0,0,0,0,0,0,0,0,0
1488045,1,"Liga Nacional","Liga Endesa",-402534000,NA,"https://www.acb.com/Documentos/Cabeceras/logo-competicion-1b.png","https://www.acb.com/Documentos/Cabeceras/logo-competicion-4a.png",66,2001,107,NA,NA,1760,10990,NA,NA,TRUE,1270,1270,461,"Adecco Estudiantes","Adecco Estu","EST",1268,1374,"Cáceres CB","Cáceres CB","CAC",1,120,12000,12,25,48,30,43,69,24,31,77,26,5,31,16,7,10,0,3,1,1,23,28,138,0,0,0,12,0,120,104,0,0,0,0,0,0,0,0,0
1488046,1,"Liga Nacional","Liga Endesa",-402534000,NA,"https://www.acb.com/Documentos/Cabeceras/logo-competicion-1b.png","https://www.acb.com/Documentos/Cabeceras/logo-competicion-4a.png",66,2001,107,NA,NA,1760,10990,NA,NA,FALSE,1268,1270,461,"Adecco Estudiantes","Adecco Estu","EST",1268,1374,"Cáceres CB","Cáceres CB","CAC",1,104,12000,6,16,37.5,33,56,58.93,20,27,74.07,25,10,35,14,3,10,0,1,3,2,28,23,99,0,0,1,0,0,104,120,0,NA,0,0,0,0,0,0,0
1488066,1,"Liga Nacional","Liga Endesa",-402534000,NA,"https://www.acb.com/Documentos/Cabeceras/logo-competicion-1b.png","https://www.acb.com/Documentos/Cabeceras/logo-competicion-4a.png",66,2001,107,NA,NA,1760,10991,NA,NA,TRUE,1282,1282,1850,"Fórum Valladolid","Fórum Vall.","FOR",1271,1199,"Jabones Pardo Fuenlabrada","Jabones Pardo","FUE",1,90,12000,6,12,50,29,54,53,14,19,73,28,12,40,12,5,11,0,0,1,3,25,21,95,0,0,0,9,0,90,88,0,0,0,0,0,0,0,0,0
1488067,1,"Liga Nacional","Liga Endesa",-402534000,NA,"https://www.acb.com/Documentos/Cabeceras/logo-competicion-1b.png","https://www.acb.com/Documentos/Cabeceras/logo-competicion-4a.png",66,2001,107,NA,NA,1760,10991,NA,NA,FALSE,1271,1282,1850,"Fórum Valladolid","Fórum Vall.","FOR",1271,1199,"Jabones Pardo Fuenlabrada","Jabones Pardo","FUE",1,88,12000,13,30,43.33,19,32,59.38,11,23,47.83,22,7,29,12,6,6,0,1,0,0,21,25,92,0,0,1,0,0,88,90,0,NA,0,0,0,0,0,0,0
1488089,1,"Liga Nacional","Liga Endesa",-402534000,NA,"https://www.acb.com/Documentos/Cabeceras/logo-competicion-1b.png","https://www.acb.com/Documentos/Cabeceras/logo-competicion-4a.png",66,2001,107,NA,NA,1760,10992,NA,NA,TRUE,1278,1278,959,"Pamesa Valencia","Pamesa Valencia","PAM",1265,100,"FC Barcelona","FC Barcelona","FCB",1,70,12000,9,19,47.37,12,40,30,19,29,65.52,25,11,36,16,7,13,0,3,4,1,26,26,67,0,0,1,0,0,70,79,0,NA,0,0,0,0,0,0,0
1488090,1,"Liga Nacional","Liga Endesa",-402534000,NA,"https://www.acb.com/Documentos/Cabeceras/logo-competicion-1b.png","https://www.acb.com/Documentos/Cabeceras/logo-competicion-4a.png",66,2001,107,NA,NA,1760,10992,NA,NA,FALSE,1265,1278,959,"Pamesa Valencia","Pamesa Valencia","PAM",1265,100,"FC Barcelona","FC Barcelona","FCB",1,79,12000,7,22,31.82,19,39,48.72,20,27,74.07,24,14,38,10,8,13,0,4,3,3,26,26,81,0,0,0,1,0,79,70,0,NA,0,0,0,0,0,0,0
1488020,1,"Liga Nacional","Liga Endesa",-402534000,NA,"https://www.acb.com/Documentos/Cabeceras/logo-competicion-1b.png","https://www.acb.com/Documentos/Cabeceras/logo-competicion-4a.png",66,2001,107,NA,NA,1760,10989,NA,NA,TRUE,1274,1274,4,"CB Granada","CB Granada","GRA",1281,1805,"Cantabria Lobos","Cantabria Lobos","CAN",1,85,12000,8,25,32,24,38,63.16,13,20,65,24,12,36,14,8,12,0,2,1,2,26,23,91,0,0,1,0,0,85,87,0,NA,0,0,0,0,0,0,0
1488021,1,"Liga Nacional","Liga Endesa",-402534000,NA,"https://www.acb.com/Documentos/Cabeceras/logo-competicion-1b.png","https://www.acb.com/Documentos/Cabeceras/logo-competicion-4a.png",66,2001,107,NA,NA,1760,10989,NA,NA,FALSE,1281,1274,4,"CB Granada","CB Granada","GRA",1281,1805,"Cantabria Lobos","Cantabria Lobos","CAN",1,87,12000,8,26,30.77,20,42,47.62,23,35,65.71,20,22,42,12,5,6,0,1,2,0,23,26,90,0,0,0,1,0,87,85,0,NA,0,0,0,0,0,0,0
1488305,1,"Liga Nacional","Liga Endesa",-402534000,NA,"https://www.acb.com/Documentos/Cabeceras/logo-competicion-1b.png","https://www.acb.com/Documentos/Cabeceras/logo-competicion-4a.png",66,2001,107,NA,NA,1761,11001,NA,NA,FALSE,1275,1276,1609,"Caprabo Lleida","Caprabo Lleida","LLE",1275,624,"DKV Joventut","DKV Joventut","DKV",1,100,12000,7,15,46,25,45,55,29,38,76,27,14,41,9,6,19,0,1,4,7,29,31,99,0,0,0,11,0,100,90,0,0,0,0,0,0,0,0,0
1488304,1,"Liga Nacional","Liga Endesa",-402534000,NA,"https://www.acb.com/Documentos/Cabeceras/logo-competicion-1b.png","https://www.acb.com/Documentos/Cabeceras/logo-competicion-4a.png",66,2001,107,NA,NA,1761,11001,NA,NA,TRUE,1276,1276,1609,"Caprabo Lleida","Caprabo Lleida","LLE",1275,624,"DKV Joventut","DKV Joventut","DKV",1,90,12000,5,24,20.83,28,39,71.79,19,33,57.58,14,7,21,9,5,12,0,4,1,6,31,29,70,0,0,1,0,0,90,100,0,NA,0,0,0,0,0,0,0
1488113,1,"Liga Nacional","Liga Endesa",-402534000,NA,"https://www.acb.com/Documentos/Cabeceras/logo-competicion-1b.png","https://www.acb.com/Documentos/Cabeceras/logo-competicion-4a.png",66,2001,107,NA,NA,1761,10993,NA,NA,TRUE,1265,1265,100,"FC Barcelona","FC Barcelona","FCB",1267,1355,"Leche Río Breogán","Leche Río Bre.","BRE",1,72,12000,4,19,21.05,22,36,61.11,16,26,61.54,19,6,25,11,19,16,0,3,2,5,20,26,79,0,0,0,1,0,72,67,0,NA,0,0,0,0,0,0,0
1488114,1,"Liga Nacional","Liga Endesa",-402534000,NA,"https://www.acb.com/Documentos/Cabeceras/logo-competicion-1b.png","https://www.acb.com/Documentos/Cabeceras/logo-competicion-4a.png",66,2001,107,NA,NA,1761,10993,NA,NA,FALSE,1267,1265,100,"FC Barcelona","FC Barcelona","FCB",1267,1355,"Leche Río Breogán","Leche Río Bre.","BRE",1,67,12000,5,18,27.78,21,42,50,10,14,71.43,26,9,35,10,14,23,0,2,3,1,26,20,58,0,0,1,0,0,67,72,0,NA,0,0,0,0,0,0,0
1488254,1,"Liga Nacional","Liga Endesa",-402534000,NA,"https://www.acb.com/Documentos/Cabeceras/logo-competicion-1b.png","https://www.acb.com/Documentos/Cabeceras/logo-competicion-4a.png",66,2001,107,NA,NA,1761,10999,NA,NA,TRUE,1272,1272,1447,"Gijón Baloncesto","Gijón Bal.","GIJ",1280,1127,"Caja San Fernando","C. San Fernando","CSF",1,74,12000,6,15,40,15,36,41,26,31,83,25,8,33,10,9,18,0,4,5,1,29,27,70,0,0,10,0,0,74,81,0,0,0,0,0,0,0,0,0
1488255,1,"Liga Nacional","Liga Endesa",-402534000,NA,"https://www.acb.com/Documentos/Cabeceras/logo-competicion-1b.png","https://www.acb.com/Documentos/Cabeceras/logo-competicion-4a.png",66,2001,107,NA,NA,1761,10999,NA,NA,FALSE,1280,1272,1447,"Gijón Baloncesto","Gijón Bal.","GIJ",1280,1127,"Caja San Fernando","C. San Fernando","CSF",1,81,12000,8,22,36.36,19,42,45.24,19,25,76,27,11,38,8,13,13,0,5,4,3,27,29,87,0,0,0,1,0,81,74,0,NA,0,0,0,0,0,0,0
1488133,1,"Liga Nacional","Liga Endesa",-402534000,NA,"https://www.acb.com/Documentos/Cabeceras/logo-competicion-1b.png","https://www.acb.com/Documentos/Cabeceras/logo-competicion-4a.png",66,2001,107,NA,NA,1761,10994,NA,NA,TRUE,1271,1271,1199,"Jabones Pardo Fuenlabrada","Jabones Pardo","FUE",1278,959,"Pamesa Valencia","Pamesa Valencia","PAM",1,68,12000,9,32,28.12,15,35,42.86,11,13,84.62,22,12,34,5,7,11,0,2,4,0,28,20,48,0,0,1,0,0,68,74,0,NA,0,0,0,0,0,0,0
1488134,1,"Liga Nacional","Liga Endesa",-402534000,NA,"https://www.acb.com/Documentos/Cabeceras/logo-competicion-1b.png","https://www.acb.com/Documentos/Cabeceras/logo-competicion-4a.png",66,2001,107,NA,NA,1761,10994,NA,NA,FALSE,1278,1271,1199,"Jabones Pardo Fuenlabrada","Jabones Pardo","FUE",1278,959,"Pamesa Valencia","Pamesa Valencia","PAM",1,74,12000,6,13,46.15,17,41,41.46,22,31,70.97,30,12,42,5,5,16,0,4,2,0,20,28,80,0,0,0,1,0,74,68,0,NA,0,0,0,0,0,0,0
1488208,1,"Liga Nacional","Liga Endesa",-402534000,NA,"https://www.acb.com/Documentos/Cabeceras/logo-competicion-1b.png","https://www.acb.com/Documentos/Cabeceras/logo-competicion-4a.png",66,2001,107,NA,NA,1761,10997,NA,NA,FALSE,1274,1269,335,"Canarias Telecom","Canarias Tel.","GCA",1274,4,"CB Granada","CB Granada","GRA",1,76,12000,5,19,26.32,22,39,56.41,17,27,62.96,23,11,34,15,8,17,0,2,3,2,23,23,74,0,0,1,0,0,76,90,0,NA,0,0,0,0,0,0,0
1488207,1,"Liga Nacional","Liga Endesa",-402534000,NA,"https://www.acb.com/Documentos/Cabeceras/logo-competicion-1b.png","https://www.acb.com/Documentos/Cabeceras/logo-competicion-4a.png",66,2001,107,NA,NA,1761,10997,NA,NA,TRUE,1269,1269,335,"Canarias Telecom","Canarias Tel.","GCA",1274,4,"CB Granada","CB Granada","GRA",1,90,12000,6,20,30,26,43,60.47,20,21,95.24,24,8,32,16,12,12,0,3,2,3,23,23,107,0,0,0,1,0,90,76,0,NA,0,0,0,0,0,0,0
1488231,1,"Liga Nacional","Liga Endesa",-402534000,NA,"https://www.acb.com/Documentos/Cabeceras/logo-competicion-1b.png","https://www.acb.com/Documentos/Cabeceras/logo-competicion-4a.png",66,2001,107,NA,NA,1761,10998,NA,NA,TRUE,1266,1266,214,"TAU Cerámica","TAU Cerámica","TAU",1273,1467,"Casademont Girona","Casademont Gir.","GIR",1,98,12000,7,17,41.18,33,42,78.57,11,16,68.75,29,9,38,21,10,21,0,3,1,3,25,20,119,0,0,0,1,0,98,74,0,NA,0,0,0,0,0,0,0
1488232,1,"Liga Nacional","Liga Endesa",-402534000,NA,"https://www.acb.com/Documentos/Cabeceras/logo-competicion-1b.png","https://www.acb.com/Documentos/Cabeceras/logo-competicion-4a.png",66,2001,107,NA,NA,1761,10998,NA,NA,FALSE,1273,1266,214,"TAU Cerámica","TAU Cerámica","TAU",1273,1467,"Casademont Girona","Casademont Gir.","GIR",1,74,12000,8,26,30,21,40,52,8,16,50,12,7,19,12,16,12,0,1,3,1,20,25,67,0,0,11,0,0,74,98,0,0,0,0,0,0,0,0,0
1488281,1,"Liga Nacional","Liga Endesa",-402534000,NA,"https://www.acb.com/Documentos/Cabeceras/logo-competicion-1b.png","https://www.acb.com/Documentos/Cabeceras/logo-competicion-4a.png",66,2001,107,NA,NA,1761,11000,NA,NA,TRUE,1277,1277,758,"Real Madrid","Real Madrid","RMB",1279,1054,"Unicaja","Unicaja","UNI",1,62,12000,1,6,16,17,38,44,25,36,69,21,11,32,2,11,18,0,5,2,4,26,32,61,0,0,0,11,0,62,60,0,0,0,0,0,0,0,0,0
1488282,1,"Liga Nacional","Liga Endesa",-402534000,NA,"https://www.acb.com/Documentos/Cabeceras/logo-competicion-1b.png","https://www.acb.com/Documentos/Cabeceras/logo-competicion-4a.png",66,2001,107,NA,NA,1761,11000,NA,NA,FALSE,1279,1277,758,"Real Madrid","Real Madrid","RMB",1279,1054,"Unicaja","Unicaja","UNI",1,60,12000,6,19,31,14,40,35,14,24,58,16,20,36,7,8,20,0,2,5,1,32,26,33,0,0,11,0,0,60,62,0,0,0,0,0,0,0,0,0
1488159,1,"Liga Nacional","Liga Endesa",-402534000,NA,"https://www.acb.com/Documentos/Cabeceras/logo-competicion-1b.png","https://www.acb.com/Documentos/Cabeceras/logo-competicion-4a.png",66,2001,107,NA,NA,1761,10995,NA,NA,TRUE,1268,1268,1374,"Cáceres CB","Cáceres CB","CAC",1282,1850,"Fórum Valladolid","Fórum Vall.","FOR",1,77,12000,6,22,27,19,38,50,21,25,84,28,7,35,11,12,15,0,3,2,1,22,22,82,0,0,0,11,0,77,73,0,0,0,0,0,0,0,0,0
1488160,1,"Liga Nacional","Liga Endesa",-402534000,NA,"https://www.acb.com/Documentos/Cabeceras/logo-competicion-1b.png","https://www.acb.com/Documentos/Cabeceras/logo-competicion-4a.png",66,2001,107,NA,NA,1761,10995,NA,NA,FALSE,1282,1268,1374,"Cáceres CB","Cáceres CB","CAC",1282,1850,"Fórum Valladolid","Fórum Vall.","FOR",1,73,12000,5,23,21,23,45,51,12,18,66,30,13,43,9,6,16,0,2,3,0,22,22,68,0,0,11,0,0,73,77,0,0,0,0,0,0,0,0,0
1488183,1,"Liga Nacional","Liga Endesa",-402534000,NA,"https://www.acb.com/Documentos/Cabeceras/logo-competicion-1b.png","https://www.acb.com/Documentos/Cabeceras/logo-competicion-4a.png",66,2001,107,NA,NA,1761,10996,NA,NA,TRUE,1281,1281,1805,"Cantabria Lobos","Cantabria Lobos","CAN",1270,461,"Adecco Estudiantes","Adecco Estu","EST",1,84,12000,6,16,37.5,25,47,53.19,16,22,72.73,22,6,28,13,6,11,0,1,0,0,28,24,79,0,0,1,0,0,84,97,0,NA,0,0,0,0,0,0,0
1488184,1,"Liga Nacional","Liga Endesa",-402534000,NA,"https://www.acb.com/Documentos/Cabeceras/logo-competicion-1b.png","https://www.acb.com/Documentos/Cabeceras/logo-competicion-4a.png",66,2001,107,NA,NA,1761,10996,NA,NA,FALSE,1270,1281,1805,"Cantabria Lobos","Cantabria Lobos","CAN",1270,461,"Adecco Estudiantes","Adecco Estu","EST",1,97,12000,5,15,33,26,47,55,30,31,96,28,10,38,15,7,12,0,0,1,4,24,28,116,0,0,0,10,0,97,84,0,0,0,0,0,0,0,0,0
1488418,1,"Liga Nacional","Liga Endesa",-402534000,NA,"https://www.acb.com/Documentos/Cabeceras/logo-competicion-1b.png","https://www.acb.com/Documentos/Cabeceras/logo-competicion-4a.png",66,2001,107,NA,NA,1762,11006,NA,NA,TRUE,1274,1274,4,"CB Granada","CB Granada","GRA",1266,214,"TAU Cerámica","TAU Cerámica","TAU",1,80,12000,3,13,23.08,30,51,58.82,11,19,57.89,19,12,31,8,10,13,0,1,1,2,24,24,77,0,0,1,0,0,80,88,0,NA,0,0,0,0,0,0,0
1488419,1,"Liga Nacional","Liga Endesa",-402534000,NA,"https://www.acb.com/Documentos/Cabeceras/logo-competicion-1b.png","https://www.acb.com/Documentos/Cabeceras/logo-competicion-4a.png",66,2001,107,NA,NA,1762,11006,NA,NA,FALSE,1266,1274,4,"CB Granada","CB Granada","GRA",1266,214,"TAU Cerámica","TAU Cerámica","TAU",1,88,12000,6,17,35.29,26,45,57.78,18,25,72,19,13,32,19,8,13,0,1,1,0,24,24,97,0,0,0,1,0,88,80,0,NA,0,0,0,0,0,0,0
1488350,1,"Liga Nacional","Liga Endesa",-402534000,NA,"https://www.acb.com/Documentos/Cabeceras/logo-competicion-1b.png","https://www.acb.com/Documentos/Cabeceras/logo-competicion-4a.png",66,2001,107,NA,NA,1762,11003,NA,NA,TRUE,1279,1279,1054,"Unicaja","Unicaja","UNI",1276,1609,"Caprabo Lleida","Caprabo Lleida","LLE",1,84,12000,5,13,38.46,22,55,40,25,35,71.43,24,21,45,17,6,12,0,1,2,0,27,27,88,0,0,1,0,0,84,88,0,NA,0,0,0,0,0,0,0
1488351,1,"Liga Nacional","Liga Endesa",-402534000,NA,"https://www.acb.com/Documentos/Cabeceras/logo-competicion-1b.png","https://www.acb.com/Documentos/Cabeceras/logo-competicion-4a.png",66,2001,107,NA,NA,1762,11003,NA,NA,FALSE,1276,1279,1054,"Unicaja","Unicaja","UNI",1276,1609,"Caprabo Lleida","Caprabo Lleida","LLE",1,88,12000,10,21,47.62,21,35,60,16,29,55.17,22,7,29,17,8,15,0,2,1,1,27,27,90,0,0,0,1,0,88,84,0,NA,0,0,0,0,0,0,0
1488396,1,"Liga Nacional","Liga Endesa",-402534000,NA,"https://www.acb.com/Documentos/Cabeceras/logo-competicion-1b.png","https://www.acb.com/Documentos/Cabeceras/logo-competicion-4a.png",66,2001,107,NA,NA,1762,11005,NA,NA,TRUE,1273,1273,1467,"Casademont Girona","Casademont Gir.","GIR",1272,1447,"Gijón Baloncesto","Gijón Bal.","GIJ",1,78,12000,2,9,22.22,29,62,46.77,14,21,66.67,31,23,54,9,5,14,0,0,4,1,22,25,84,0,0,0,1,0,78,62,0,NA,0,0,0,0,0,0,0
1488397,1,"Liga Nacional","Liga Endesa",-402534000,NA,"https://www.acb.com/Documentos/Cabeceras/logo-competicion-1b.png","https://www.acb.com/Documentos/Cabeceras/logo-competicion-4a.png",66,2001,107,NA,NA,1762,11005,NA,NA,FALSE,1272,1273,1467,"Casademont Girona","Casademont Gir.","GIR",1272,1447,"Gijón Baloncesto","Gijón Bal.","GIJ",1,62,12000,3,20,15,17,39,43,19,27,70,24,11,35,8,6,13,0,4,0,1,25,22,52,0,0,11,0,0,62,78,0,0,0,0,0,0,0,0,0
1488491,1,"Liga Nacional","Liga Endesa",-402534000,NA,"https://www.acb.com/Documentos/Cabeceras/logo-competicion-1b.png","https://www.acb.com/Documentos/Cabeceras/logo-competicion-4a.png",66,2001,107,NA,NA,1762,11009,NA,NA,TRUE,1278,1278,959,"Pamesa Valencia","Pamesa Valencia","PAM",1268,1374,"Cáceres CB","Cáceres CB","CAC",1,94,12000,7,16,43.75,26,50,52,21,32,65.62,28,19,47,22,13,16,0,6,2,0,22,28,126,0,0,0,1,0,94,67,0,NA,0,0,0,0,0,0,0
1488492,1,"Liga Nacional","Liga Endesa",-402534000,NA,"https://www.acb.com/Documentos/Cabeceras/logo-competicion-1b.png","https://www.acb.com/Documentos/Cabeceras/logo-competicion-4a.png",66,2001,107,NA,NA,1762,11009,NA,NA,FALSE,1268,1278,959,"Pamesa Valencia","Pamesa Valencia","PAM",1268,1374,"Cáceres CB","Cáceres CB","CAC",1,67,12000,6,18,33,18,41,43,13,18,72,18,9,27,17,9,19,0,2,6,1,28,22,51,0,0,10,0,0,67,94,0,0,0,0,0,0,0,0,0
1488516,1,"Liga Nacional","Liga Endesa",-402534000,NA,"https://www.acb.com/Documentos/Cabeceras/logo-competicion-1b.png","https://www.acb.com/Documentos/Cabeceras/logo-competicion-4a.png",66,2001,107,NA,NA,1762,11010,NA,NA,TRUE,1265,1265,100,"FC Barcelona","FC Barcelona","FCB",1271,1199,"Jabones Pardo Fuenlabrada","Jabones Pardo","FUE",1,82,12000,7,23,30.43,19,33,57.58,23,32,71.88,18,9,27,11,11,13,0,1,1,3,20,32,91,0,0,0,1,0,82,59,0,NA,0,0,0,0,0,0,0
1488517,1,"Liga Nacional","Liga Endesa",-402534000,NA,"https://www.acb.com/Documentos/Cabeceras/logo-competicion-1b.png","https://www.acb.com/Documentos/Cabeceras/logo-competicion-4a.png",66,2001,107,NA,NA,1762,11010,NA,NA,FALSE,1271,1265,100,"FC Barcelona","FC Barcelona","FCB",1271,1199,"Jabones Pardo Fuenlabrada","Jabones Pardo","FUE",1,59,12000,4,18,22.22,16,38,42.11,15,20,75,20,16,36,9,8,21,0,1,1,0,32,20,38,0,0,1,0,0,59,82,0,NA,0,0,0,0,0,0,0
1488327,1,"Liga Nacional","Liga Endesa",-402534000,NA,"https://www.acb.com/Documentos/Cabeceras/logo-competicion-1b.png","https://www.acb.com/Documentos/Cabeceras/logo-competicion-4a.png",66,2001,107,NA,NA,1762,11002,NA,NA,TRUE,1267,1267,1355,"Leche Río Breogán","Leche Río Bre.","BRE",1275,624,"DKV Joventut","DKV Joventut","DKV",1,80,12000,8,18,44.44,20,41,48.78,16,18,88.89,20,15,35,3,11,18,0,1,4,2,22,20,73,0,0,0,1,0,80,79,0,NA,0,0,0,0,0,0,0
1488328,1,"Liga Nacional","Liga Endesa",-402534000,NA,"https://www.acb.com/Documentos/Cabeceras/logo-competicion-1b.png","https://www.acb.com/Documentos/Cabeceras/logo-competicion-4a.png",66,2001,107,NA,NA,1762,11002,NA,NA,FALSE,1275,1267,1355,"Leche Río Breogán","Leche Río Bre.","BRE",1275,624,"DKV Joventut","DKV Joventut","DKV",1,79,12000,6,13,46,23,38,60,15,25,60,16,5,21,15,11,15,0,4,1,4,20,22,84,0,0,10,0,0,79,80,0,0,0,0,0,0,0,0,0
1488373,1,"Liga Nacional","Liga Endesa",-402534000,NA,"https://www.acb.com/Documentos/Cabeceras/logo-competicion-1b.png","https://www.acb.com/Documentos/Cabeceras/logo-competicion-4a.png",66,2001,107,NA,NA,1762,11004,NA,NA,TRUE,1280,1280,1127,"Caja San Fernando","C. San Fernando","CSF",1277,758,"Real Madrid","Real Madrid","RMB",1,72,12000,8,30,26.67,15,34,44.12,18,21,85.71,28,15,43,11,7,9,0,2,2,2,23,20,77,0,0,0,1,0,72,65,0,NA,0,0,0,0,0,0,0
1488374,1,"Liga Nacional","Liga Endesa",-402534000,NA,"https://www.acb.com/Documentos/Cabeceras/logo-competicion-1b.png","https://www.acb.com/Documentos/Cabeceras/logo-competicion-4a.png",66,2001,107,NA,NA,1762,11004,NA,NA,FALSE,1277,1280,1127,"Caja San Fernando","C. San Fernando","CSF",1277,758,"Real Madrid","Real Madrid","RMB",1,65,12000,4,19,21,21,37,56,11,17,64,24,6,30,11,7,12,0,2,2,2,20,23,67,0,0,11,0,0,65,72,0,0,0,0,0,0,0,0,0
1488443,1,"Liga Nacional","Liga Endesa",-402534000,NA,"https://www.acb.com/Documentos/Cabeceras/logo-competicion-1b.png","https://www.acb.com/Documentos/Cabeceras/logo-competicion-4a.png",66,2001,107,NA,NA,1762,11007,NA,NA,TRUE,1270,1270,461,"Adecco Estudiantes","Adecco Estu","EST",1269,335,"Canarias Telecom","Canarias Tel.","GCA",1,99,12000,11,22,50,26,40,65,14,24,58,22,10,32,19,14,10,0,3,2,6,21,25,124,0,0,0,12,0,99,66,0,0,0,0,0,0,0,0,0
1488444,1,"Liga Nacional","Liga Endesa",-402534000,NA,"https://www.acb.com/Documentos/Cabeceras/logo-competicion-1b.png","https://www.acb.com/Documentos/Cabeceras/logo-competicion-4a.png",66,2001,107,NA,NA,1762,11007,NA,NA,FALSE,1269,1270,461,"Adecco Estudiantes","Adecco Estu","EST",1269,335,"Canarias Telecom","Canarias Tel.","GCA",1,66,12000,7,18,38.89,17,43,39.53,11,21,52.38,16,17,33,8,5,19,0,2,3,0,25,21,41,0,0,1,0,0,66,99,0,NA,0,0,0,0,0,0,0
1488467,1,"Liga Nacional","Liga Endesa",-402534000,NA,"https://www.acb.com/Documentos/Cabeceras/logo-competicion-1b.png","https://www.acb.com/Documentos/Cabeceras/logo-competicion-4a.png",66,2001,107,NA,NA,1762,11008,NA,NA,TRUE,1282,1282,1850,"Fórum Valladolid","Fórum Vall.","FOR",1281,1805,"Cantabria Lobos","Cantabria Lobos","CAN",1,93,12000,6,19,31,25,42,59,25,32,78,27,11,38,14,5,12,0,4,2,2,25,27,105,0,0,0,11,0,93,85,0,0,0,0,0,0,0,0,0
1488468,1,"Liga Nacional","Liga Endesa",-402534000,NA,"https://www.acb.com/Documentos/Cabeceras/logo-competicion-1b.png","https://www.acb.com/Documentos/Cabeceras/logo-competicion-4a.png",66,2001,107,NA,NA,1762,11008,NA,NA,FALSE,1281,1282,1850,"Fórum Valladolid","Fórum Vall.","FOR",1281,1805,"Cantabria Lobos","Cantabria Lobos","CAN",1,85,12000,10,19,52.63,18,48,37.5,19,27,70.37,21,12,33,7,6,8,0,2,4,0,27,25,72,0,0,1,0,0,85,93,0,NA,0,0,0,0,0,0,0
1488613,1,"Liga Nacional","Liga Endesa",-402534000,NA,"https://www.acb.com/Documentos/Cabeceras/logo-competicion-1b.png","https://www.acb.com/Documentos/Cabeceras/logo-competicion-4a.png",66,2001,107,NA,NA,1763,11014,NA,NA,TRUE,1279,1279,1054,"Unicaja","Unicaja","UNI",1269,335,"Canarias Telecom","Canarias Tel.","GCA",1,87,12000,5,18,27,25,51,49,22,32,68,18,18,36,9,10,7,0,2,3,3,22,25,88,0,0,0,11,0,87,82,0,0,0,0,0,0,0,0,0
1488614,1,"Liga Nacional","Liga Endesa",-402534000,NA,"https://www.acb.com/Documentos/Cabeceras/logo-competicion-1b.png","https://www.acb.com/Documentos/Cabeceras/logo-competicion-4a.png",66,2001,107,NA,NA,1763,11014,NA,NA,FALSE,1269,1279,1054,"Unicaja","Unicaja","UNI",1269,335,"Canarias Telecom","Canarias Tel.","GCA",1,82,12000,5,11,45.45,24,45,53.33,19,20,95,24,7,31,12,6,16,0,3,2,0,25,22,85,0,0,1,0,0,82,87,0,NA,0,0,0,0,0,0,0
1488677,1,"Liga Nacional","Liga Endesa",-402534000,NA,"https://www.acb.com/Documentos/Cabeceras/logo-competicion-1b.png","https://www.acb.com/Documentos/Cabeceras/logo-competicion-4a.png",66,2001,107,NA,NA,1763,11017,NA,NA,TRUE,1274,1274,4,"CB Granada","CB Granada","GRA",1271,1199,"Jabones Pardo Fuenlabrada","Jabones Pardo","FUE",1,86,12000,8,28,28.57,24,42,57.14,14,18,77.78,26,13,39,11,6,14,0,0,0,2,26,25,85,0,0,1,0,0,86,98,0,NA,0,0,0,0,0,0,0
1488678,1,"Liga Nacional","Liga Endesa",-402534000,NA,"https://www.acb.com/Documentos/Cabeceras/logo-competicion-1b.png","https://www.acb.com/Documentos/Cabeceras/logo-competicion-4a.png",66,2001,107,NA,NA,1763,11017,NA,NA,FALSE,1271,1274,4,"CB Granada","CB Granada","GRA",1271,1199,"Jabones Pardo Fuenlabrada","Jabones Pardo","FUE",1,98,12000,15,31,48.39,15,35,42.86,23,30,76.67,23,12,35,15,9,6,0,0,0,0,25,26,109,0,0,0,1,0,98,86,0,NA,0,0,0,0,0,0,0
1488540,1,"Liga Nacional","Liga Endesa",-402534000,NA,"https://www.acb.com/Documentos/Cabeceras/logo-competicion-1b.png","https://www.acb.com/Documentos/Cabeceras/logo-competicion-4a.png",66,2001,107,NA,NA,1763,11011,NA,NA,FALSE,1277,1267,1355,"Leche Río Breogán","Leche Río Bre.","BRE",1277,758,"Real Madrid","Real Madrid","RMB",1,73,12000,6,19,31.58,19,42,45.24,17,26,65.38,24,14,38,8,8,12,0,6,3,2,25,27,75,0,0,1,0,0,73,81,0,NA,0,0,0,0,0,0,0
1488539,1,"Liga Nacional","Liga Endesa",-402534000,NA,"https://www.acb.com/Documentos/Cabeceras/logo-competicion-1b.png","https://www.acb.com/Documentos/Cabeceras/logo-competicion-4a.png",66,2001,107,NA,NA,1763,11011,NA,NA,TRUE,1267,1267,1355,"Leche Río Breogán","Leche Río Bre.","BRE",1277,758,"Real Madrid","Real Madrid","RMB",1,81,12000,7,17,41.18,20,47,42.55,20,27,74.07,22,15,37,8,11,9,0,3,6,3,27,25,79,0,0,0,1,0,81,73,0,NA,0,0,0,0,0,0,0
1488565,1,"Liga Nacional","Liga Endesa",-402534000,NA,"https://www.acb.com/Documentos/Cabeceras/logo-competicion-1b.png","https://www.acb.com/Documentos/Cabeceras/logo-competicion-4a.png",66,2001,107,NA,NA,1763,11012,NA,NA,TRUE,1276,1276,1609,"Caprabo Lleida","Caprabo Lleida","LLE",1272,1447,"Gijón Baloncesto","Gijón Bal.","GIJ",1,79,12000,4,16,25,22,43,51.16,23,36,63.89,27,12,39,11,7,16,0,3,0,4,24,27,80,0,0,0,1,0,79,70,0,NA,0,0,0,0,0,0,0
1488566,1,"Liga Nacional","Liga Endesa",-402534000,NA,"https://www.acb.com/Documentos/Cabeceras/logo-competicion-1b.png","https://www.acb.com/Documentos/Cabeceras/logo-competicion-4a.png",66,2001,107,NA,NA,1763,11012,NA,NA,FALSE,1272,1276,1609,"Caprabo Lleida","Caprabo Lleida","LLE",1272,1447,"Gijón Baloncesto","Gijón Bal.","GIJ",1,70,12000,4,13,30,22,43,51,14,28,50,25,8,33,8,7,16,0,0,3,1,27,24,52,0,0,12,0,0,70,79,0,0,0,0,0,0,0,0,0
1488722,1,"Liga Nacional","Liga Endesa",-402534000,NA,"https://www.acb.com/Documentos/Cabeceras/logo-competicion-1b.png","https://www.acb.com/Documentos/Cabeceras/logo-competicion-4a.png",66,2001,107,NA,NA,1763,11019,NA,NA,TRUE,1282,1282,1850,"Fórum Valladolid","Fórum Vall.","FOR",1278,959,"Pamesa Valencia","Pamesa Valencia","PAM",1,63,12000,4,22,18,22,45,48,7,12,58,20,13,33,11,10,9,0,0,5,2,17,14,54,0,0,8,0,0,63,71,0,0,0,0,0,0,0,0,0
1488723,1,"Liga Nacional","Liga Endesa",-402534000,NA,"https://www.acb.com/Documentos/Cabeceras/logo-competicion-1b.png","https://www.acb.com/Documentos/Cabeceras/logo-competicion-4a.png",66,2001,107,NA,NA,1763,11019,NA,NA,FALSE,1278,1282,1850,"Fórum Valladolid","Fórum Vall.","FOR",1278,959,"Pamesa Valencia","Pamesa Valencia","PAM",1,71,12000,6,18,33.33,21,39,53.85,11,16,68.75,26,9,35,3,7,15,0,5,0,2,14,17,74,0,0,0,1,0,71,63,0,NA,0,0,0,0,0,0,0
1488634,1,"Liga Nacional","Liga Endesa",-402534000,NA,"https://www.acb.com/Documentos/Cabeceras/logo-competicion-1b.png","https://www.acb.com/Documentos/Cabeceras/logo-competicion-4a.png",66,2001,107,NA,NA,1763,11015,NA,NA,TRUE,1280,1280,1127,"Caja San Fernando","C. San Fernando","CSF",1281,1805,"Cantabria Lobos","Cantabria Lobos","CAN",1,92,12000,11,26,42.31,19,32,59.38,21,28,75,24,11,35,21,8,10,0,5,0,4,20,24,120,0,0,0,1,0,92,68,0,NA,0,0,0,0,0,0,0
1488635,1,"Liga Nacional","Liga Endesa",-402534000,NA,"https://www.acb.com/Documentos/Cabeceras/logo-competicion-1b.png","https://www.acb.com/Documentos/Cabeceras/logo-competicion-4a.png",66,2001,107,NA,NA,1763,11015,NA,NA,FALSE,1281,1280,1127,"Caja San Fernando","C. San Fernando","CSF",1281,1805,"Cantabria Lobos","Cantabria Lobos","CAN",1,68,12000,2,13,15.38,24,47,51.06,14,19,73.68,20,10,30,10,5,13,0,0,5,0,24,20,52,0,0,1,0,0,68,92,0,NA,0,0,0,0,0,0,0
1488656,1,"Liga Nacional","Liga Endesa",-402534000,NA,"https://www.acb.com/Documentos/Cabeceras/logo-competicion-1b.png","https://www.acb.com/Documentos/Cabeceras/logo-competicion-4a.png",66,2001,107,NA,NA,1763,11016,NA,NA,TRUE,1273,1273,1467,"Casademont Girona","Casademont Gir.","GIR",1268,1374,"Cáceres CB","Cáceres CB","CAC",1,75,12000,1,10,10,25,54,46.3,22,32,68.75,30,14,44,8,14,14,0,3,1,2,22,29,88,0,0,0,1,0,75,68,0,NA,0,0,0,0,0,0,0
1488657,1,"Liga Nacional","Liga Endesa",-402534000,NA,"https://www.acb.com/Documentos/Cabeceras/logo-competicion-1b.png","https://www.acb.com/Documentos/Cabeceras/logo-competicion-4a.png",66,2001,107,NA,NA,1763,11016,NA,NA,FALSE,1268,1273,1467,"Casademont Girona","Casademont Gir.","GIR",1268,1374,"Cáceres CB","Cáceres CB","CAC",1,68,12000,7,20,35,19,41,46,9,15,60,27,7,34,8,5,20,0,1,3,1,29,22,45,0,0,10,0,0,68,75,0,0,0,0,0,0,0,0,0
1488702,1,"Liga Nacional","Liga Endesa",-402534000,NA,"https://www.acb.com/Documentos/Cabeceras/logo-competicion-1b.png","https://www.acb.com/Documentos/Cabeceras/logo-competicion-4a.png",66,2001,107,NA,NA,1763,11018,NA,NA,FALSE,1265,1270,461,"Adecco Estudiantes","Adecco Estu","EST",1265,100,"FC Barcelona","FC Barcelona","FCB",1,93,12000,13,31,41.94,14,31,45.16,26,34,76.47,28,11,39,10,9,14,0,6,3,2,28,28,97,0,0,0,1,0,93,81,0,NA,0,0,0,0,0,0,0
1488701,1,"Liga Nacional","Liga Endesa",-402534000,NA,"https://www.acb.com/Documentos/Cabeceras/logo-competicion-1b.png","https://www.acb.com/Documentos/Cabeceras/logo-competicion-4a.png",66,2001,107,NA,NA,1763,11018,NA,NA,TRUE,1270,1270,461,"Adecco Estudiantes","Adecco Estu","EST",1265,100,"FC Barcelona","FC Barcelona","FCB",1,81,12000,6,21,28,20,41,48,23,34,67,29,15,44,8,6,17,0,3,6,1,28,28,72,0,0,10,0,0,81,93,0,0,0,0,0,0,0,0,0
1488588,1,"Liga Nacional","Liga Endesa",-402534000,NA,"https://www.acb.com/Documentos/Cabeceras/logo-competicion-1b.png","https://www.acb.com/Documentos/Cabeceras/logo-competicion-4a.png",66,2001,107,NA,NA,1763,11013,NA,NA,TRUE,1275,1275,624,"DKV Joventut","DKV Joventut","DKV",1266,214,"TAU Cerámica","TAU Cerámica","TAU",1,86,12000,3,11,27,27,50,54,23,29,79,19,10,29,11,9,13,0,5,0,7,26,27,91,0,0,11,0,0,86,88,0,0,0,0,0,0,0,0,0
1488589,1,"Liga Nacional","Liga Endesa",-402534000,NA,"https://www.acb.com/Documentos/Cabeceras/logo-competicion-1b.png","https://www.acb.com/Documentos/Cabeceras/logo-competicion-4a.png",66,2001,107,NA,NA,1763,11013,NA,NA,FALSE,1266,1275,624,"DKV Joventut","DKV Joventut","DKV",1266,214,"TAU Cerámica","TAU Cerámica","TAU",1,88,12000,7,16,43.75,21,42,50,25,37,67.57,21,13,34,14,8,13,0,0,5,2,27,26,83,0,0,0,1,0,88,86,0,NA,0,0,0,0,0,0,0
1488864,1,"Liga Nacional","Liga Endesa",-402534000,NA,"https://www.acb.com/Documentos/Cabeceras/logo-competicion-1b.png","https://www.acb.com/Documentos/Cabeceras/logo-competicion-4a.png",66,2001,107,NA,NA,1764,11025,NA,NA,TRUE,1269,1269,335,"Canarias Telecom","Canarias Tel.","GCA",1280,1127,"Caja San Fernando","C. San Fernando","CSF",1,71,12000,10,23,43.48,16,40,40,9,14,64.29,21,12,33,12,6,13,0,5,3,2,21,16,64,0,0,1,0,0,71,83,0,NA,0,0,0,0,0,0,0
1488865,1,"Liga Nacional","Liga Endesa",-402534000,NA,"https://www.acb.com/Documentos/Cabeceras/logo-competicion-1b.png","https://www.acb.com/Documentos/Cabeceras/logo-competicion-4a.png",66,2001,107,NA,NA,1764,11025,NA,NA,FALSE,1280,1269,335,"Canarias Telecom","Canarias Tel.","GCA",1280,1127,"Caja San Fernando","C. San Fernando","CSF",1,83,12000,11,26,42.31,17,37,45.95,16,19,84.21,26,12,38,16,5,12,0,3,5,1,16,21,95,0,0,0,1,0,83,71,0,NA,0,0,0,0,0,0,0
1488912,1,"Liga Nacional","Liga Endesa",-402534000,NA,"https://www.acb.com/Documentos/Cabeceras/logo-competicion-1b.png","https://www.acb.com/Documentos/Cabeceras/logo-competicion-4a.png",66,2001,107,NA,NA,1764,11027,NA,NA,TRUE,1272,1272,1447,"Gijón Baloncesto","Gijón Bal.","GIJ",1275,624,"DKV Joventut","DKV Joventut","DKV",1,93,12000,12,22,54,20,38,52,17,21,80,26,9,35,17,8,14,0,7,5,4,24,23,108,0,0,0,12,0,93,79,0,0,0,0,0,0,0,0,0
1488913,1,"Liga Nacional","Liga Endesa",-402534000,NA,"https://www.acb.com/Documentos/Cabeceras/logo-competicion-1b.png","https://www.acb.com/Documentos/Cabeceras/logo-competicion-4a.png",66,2001,107,NA,NA,1764,11027,NA,NA,FALSE,1275,1272,1447,"Gijón Baloncesto","Gijón Bal.","GIJ",1275,624,"DKV Joventut","DKV Joventut","DKV",1,79,12000,4,14,28,23,51,45,21,26,80,20,14,34,8,9,15,0,5,7,2,23,24,71,0,0,11,0,0,79,93,0,0,0,0,0,0,0,0,0
1488818,1,"Liga Nacional","Liga Endesa",-402534000,NA,"https://www.acb.com/Documentos/Cabeceras/logo-competicion-1b.png","https://www.acb.com/Documentos/Cabeceras/logo-competicion-4a.png",66,2001,107,NA,NA,1764,11023,NA,NA,TRUE,1268,1268,1374,"Cáceres CB","Cáceres CB","CAC",1274,4,"CB Granada","CB Granada","GRA",1,70,12000,3,19,15,21,49,42,19,24,79,22,15,37,11,10,16,0,5,1,0,30,23,60,0,0,10,0,0,70,90,0,0,0,0,0,0,0,0,0
1488819,1,"Liga Nacional","Liga Endesa",-402534000,NA,"https://www.acb.com/Documentos/Cabeceras/logo-competicion-1b.png","https://www.acb.com/Documentos/Cabeceras/logo-competicion-4a.png",66,2001,107,NA,NA,1764,11023,NA,NA,FALSE,1274,1268,1374,"Cáceres CB","Cáceres CB","CAC",1274,4,"CB Granada","CB Granada","GRA",1,90,12000,7,11,63.64,24,47,51.06,21,28,75,31,9,40,14,13,21,0,1,5,4,23,30,105,0,0,0,1,0,90,70,0,NA,0,0,0,0,0,0,0
1488841,1,"Liga Nacional","Liga Endesa",-402534000,NA,"https://www.acb.com/Documentos/Cabeceras/logo-competicion-1b.png","https://www.acb.com/Documentos/Cabeceras/logo-competicion-4a.png",66,2001,107,NA,NA,1764,11024,NA,NA,TRUE,1281,1281,1805,"Cantabria Lobos","Cantabria Lobos","CAN",1273,1467,"Casademont Girona","Casademont Gir.","GIR",1,66,12000,2,19,10.53,24,46,52.17,12,20,60,20,13,33,12,10,12,0,3,2,0,21,21,63,0,0,1,0,0,66,75,0,NA,0,0,0,0,0,0,0
1488842,1,"Liga Nacional","Liga Endesa",-402534000,NA,"https://www.acb.com/Documentos/Cabeceras/logo-competicion-1b.png","https://www.acb.com/Documentos/Cabeceras/logo-competicion-4a.png",66,2001,107,NA,NA,1764,11024,NA,NA,FALSE,1273,1281,1805,"Cantabria Lobos","Cantabria Lobos","CAN",1273,1467,"Casademont Girona","Casademont Gir.","GIR",1,75,12000,4,16,25,27,43,62,9,12,75,30,8,38,12,7,18,0,2,3,0,21,21,82,0,0,0,10,0,75,66,0,0,0,0,0,0,0,0,0
1488795,1,"Liga Nacional","Liga Endesa",-402534000,NA,"https://www.acb.com/Documentos/Cabeceras/logo-competicion-1b.png","https://www.acb.com/Documentos/Cabeceras/logo-competicion-4a.png",66,2001,107,NA,NA,1764,11022,NA,NA,FALSE,1270,1271,1199,"Jabones Pardo Fuenlabrada","Jabones Pardo","FUE",1270,461,"Adecco Estudiantes","Adecco Estu","EST",1,86,12000,7,21,33,25,43,58,15,30,50,30,14,44,10,7,17,0,2,3,3,28,31,85,0,0,0,11,0,86,75,0,0,0,0,0,0,0,0,0
1488794,1,"Liga Nacional","Liga Endesa",-402534000,NA,"https://www.acb.com/Documentos/Cabeceras/logo-competicion-1b.png","https://www.acb.com/Documentos/Cabeceras/logo-competicion-4a.png",66,2001,107,NA,NA,1764,11022,NA,NA,TRUE,1271,1271,1199,"Jabones Pardo Fuenlabrada","Jabones Pardo","FUE",1270,461,"Adecco Estudiantes","Adecco Estu","EST",1,75,12000,6,27,22.22,18,36,50,21,29,72.41,18,11,29,14,11,17,0,3,2,0,31,28,63,0,0,1,0,0,75,86,0,NA,0,0,0,0,0,0,0
1488770,1,"Liga Nacional","Liga Endesa",-402534000,NA,"https://www.acb.com/Documentos/Cabeceras/logo-competicion-1b.png","https://www.acb.com/Documentos/Cabeceras/logo-competicion-4a.png",66,2001,107,NA,NA,1764,11021,NA,NA,TRUE,1265,1265,100,"FC Barcelona","FC Barcelona","FCB",1282,1850,"Fórum Valladolid","Fórum Vall.","FOR",1,103,12000,12,25,48,19,33,57.58,29,35,82.86,21,10,31,24,12,19,0,2,1,3,20,28,127,0,0,0,1,0,103,88,0,NA,0,0,0,0,0,0,0
1488771,1,"Liga Nacional","Liga Endesa",-402534000,NA,"https://www.acb.com/Documentos/Cabeceras/logo-competicion-1b.png","https://www.acb.com/Documentos/Cabeceras/logo-competicion-4a.png",66,2001,107,NA,NA,1764,11021,NA,NA,FALSE,1282,1265,100,"FC Barcelona","FC Barcelona","FCB",1282,1850,"Fórum Valladolid","Fórum Vall.","FOR",1,88,12000,9,17,52,22,51,43,17,23,73,18,16,34,18,14,19,0,1,2,0,28,20,83,0,0,11,0,0,88,103,0,0,0,0,0,0,0,0,0
1488744,1,"Liga Nacional","Liga Endesa",-402534000,NA,"https://www.acb.com/Documentos/Cabeceras/logo-competicion-1b.png","https://www.acb.com/Documentos/Cabeceras/logo-competicion-4a.png",66,2001,107,NA,NA,1764,11020,NA,NA,TRUE,1278,1278,959,"Pamesa Valencia","Pamesa Valencia","PAM",1267,1355,"Leche Río Breogán","Leche Río Bre.","BRE",1,67,12000,0,11,0,28,47,59.57,11,16,68.75,26,7,33,19,8,11,0,1,1,2,20,21,82,0,0,0,1,0,67,49,0,NA,0,0,0,0,0,0,0
1488745,1,"Liga Nacional","Liga Endesa",-402534000,NA,"https://www.acb.com/Documentos/Cabeceras/logo-competicion-1b.png","https://www.acb.com/Documentos/Cabeceras/logo-competicion-4a.png",66,2001,107,NA,NA,1764,11020,NA,NA,FALSE,1267,1278,959,"Pamesa Valencia","Pamesa Valencia","PAM",1267,1355,"Leche Río Breogán","Leche Río Bre.","BRE",1,49,12000,1,12,8.33,16,37,43.24,14,22,63.64,23,7,30,12,6,16,0,1,1,0,21,20,40,0,0,1,0,0,49,67,0,NA,0,0,0,0,0,0,0
1488886,1,"Liga Nacional","Liga Endesa",-402534000,NA,"https://www.acb.com/Documentos/Cabeceras/logo-competicion-1b.png","https://www.acb.com/Documentos/Cabeceras/logo-competicion-4a.png",66,2001,107,NA,NA,1764,11026,NA,NA,TRUE,1266,1266,214,"TAU Cerámica","TAU Cerámica","TAU",1279,1054,"Unicaja","Unicaja","UNI",1,70,12000,4,14,28.57,19,46,41.3,20,25,80,18,10,28,7,12,12,0,0,4,1,30,27,56,0,0,1,0,0,70,81,0,NA,0,0,0,0,0,0,0
1488887,1,"Liga Nacional","Liga Endesa",-402534000,NA,"https://www.acb.com/Documentos/Cabeceras/logo-competicion-1b.png","https://www.acb.com/Documentos/Cabeceras/logo-competicion-4a.png",66,2001,107,NA,NA,1764,11026,NA,NA,FALSE,1279,1266,214,"TAU Cerámica","TAU Cerámica","TAU",1279,1054,"Unicaja","Unicaja","UNI",1,81,12000,9,18,50,14,29,48,26,35,74,26,7,33,11,2,17,0,4,0,2,27,30,84,0,0,0,10,0,81,70,0,0,0,0,0,0,0,0,0
1488939,1,"Liga Nacional","Liga Endesa",-402534000,NA,"https://www.acb.com/Documentos/Cabeceras/logo-competicion-1b.png","https://www.acb.com/Documentos/Cabeceras/logo-competicion-4a.png",66,2001,107,NA,NA,1764,11028,NA,NA,FALSE,1276,1277,758,"Real Madrid","Real Madrid","RMB",1276,1609,"Caprabo Lleida","Caprabo Lleida","LLE",1,83,12000,9,24,37.5,20,36,55.56,16,19,84.21,13,7,20,9,15,18,0,4,5,3,24,22,72,0,0,1,0,0,83,99,0,NA,0,0,0,0,0,0,0
1488938,1,"Liga Nacional","Liga Endesa",-402534000,NA,"https://www.acb.com/Documentos/Cabeceras/logo-competicion-1b.png","https://www.acb.com/Documentos/Cabeceras/logo-competicion-4a.png",66,2001,107,NA,NA,1764,11028,NA,NA,TRUE,1277,1277,758,"Real Madrid","Real Madrid","RMB",1276,1609,"Caprabo Lleida","Caprabo Lleida","LLE",1,99,12000,8,17,47,26,42,61,23,27,85,23,12,35,15,7,19,0,5,4,4,22,24,111,0,0,0,11,0,99,83,0,0,0,0,0,0,0,0,0
1489060,1,"Liga Nacional","Liga Endesa",-402534000,NA,"https://www.acb.com/Documentos/Cabeceras/logo-competicion-1b.png","https://www.acb.com/Documentos/Cabeceras/logo-competicion-4a.png",66,2001,107,NA,NA,1765,11033,NA,NA,FALSE,1271,1275,624,"DKV Joventut","DKV Joventut","DKV",1271,1199,"Jabones Pardo Fuenlabrada","Jabones Pardo","FUE",1,74,12000,8,29,27.59,18,42,42.86,14,20,70,14,19,33,7,9,12,0,2,3,0,24,27,62,0,0,1,0,0,74,91,0,NA,0,0,0,0,0,0,0
1489059,1,"Liga Nacional","Liga Endesa",-402534000,NA,"https://www.acb.com/Documentos/Cabeceras/logo-competicion-1b.png","https://www.acb.com/Documentos/Cabeceras/logo-competicion-4a.png",66,2001,107,NA,NA,1765,11033,NA,NA,TRUE,1275,1275,624,"DKV Joventut","DKV Joventut","DKV",1271,1199,"Jabones Pardo Fuenlabrada","Jabones Pardo","FUE",1,91,12000,7,19,36.84,26,42,61.9,18,28,64.29,29,14,43,16,8,12,0,3,2,3,27,24,106,0,0,0,1,0,91,74,0,NA,0,0,0,0,0,0,0
1489107,1,"Liga Nacional","Liga Endesa",-402534000,NA,"https://www.acb.com/Documentos/Cabeceras/logo-competicion-1b.png","https://www.acb.com/Documentos/Cabeceras/logo-competicion-4a.png",66,2001,107,NA,NA,1765,11035,NA,NA,FALSE,1278,1280,1127,"Caja San Fernando","C. San Fernando","CSF",1278,959,"Pamesa Valencia","Pamesa Valencia","PAM",1,90,13500,5,16,31.25,22,36,61.11,31,38,81.58,23,8,31,5,7,18,0,7,1,0,26,32,95,0,0,0,1,0,90,88,0,NA,0,0,0,0,0,0,0
1489106,1,"Liga Nacional","Liga Endesa",-402534000,NA,"https://www.acb.com/Documentos/Cabeceras/logo-competicion-1b.png","https://www.acb.com/Documentos/Cabeceras/logo-competicion-4a.png",66,2001,107,NA,NA,1765,11035,NA,NA,TRUE,1280,1280,1127,"Caja San Fernando","C. San Fernando","CSF",1278,959,"Pamesa Valencia","Pamesa Valencia","PAM",1,88,13500,7,27,25.93,23,40,57.5,21,32,65.62,20,16,36,12,11,11,0,1,7,3,32,26,76,0,0,1,0,0,88,90,0,NA,0,0,0,0,0,0,0
1489013,1,"Liga Nacional","Liga Endesa",-402534000,NA,"https://www.acb.com/Documentos/Cabeceras/logo-competicion-1b.png","https://www.acb.com/Documentos/Cabeceras/logo-competicion-4a.png",66,2001,107,NA,NA,1765,11031,NA,NA,TRUE,1277,1277,758,"Real Madrid","Real Madrid","RMB",1281,1805,"Cantabria Lobos","Cantabria Lobos","CAN",1,91,12000,7,17,41,25,40,62,20,24,83,27,10,37,5,16,19,0,5,1,1,17,25,113,0,0,0,12,0,91,64,0,0,0,0,0,0,0,0,0
1489014,1,"Liga Nacional","Liga Endesa",-402534000,NA,"https://www.acb.com/Documentos/Cabeceras/logo-competicion-1b.png","https://www.acb.com/Documentos/Cabeceras/logo-competicion-4a.png",66,2001,107,NA,NA,1765,11031,NA,NA,FALSE,1281,1277,758,"Real Madrid","Real Madrid","RMB",1281,1805,"Cantabria Lobos","Cantabria Lobos","CAN",1,64,12000,5,18,27.78,20,46,43.48,9,13,69.23,15,12,27,7,11,20,0,1,5,0,25,17,34,0,0,1,0,0,64,91,0,NA,0,0,0,0,0,0,0
1489130,1,"Liga Nacional","Liga Endesa",-402534000,NA,"https://www.acb.com/Documentos/Cabeceras/logo-competicion-1b.png","https://www.acb.com/Documentos/Cabeceras/logo-competicion-4a.png",66,2001,107,NA,NA,1765,11036,NA,NA,TRUE,1273,1273,1467,"Casademont Girona","Casademont Gir.","GIR",1282,1850,"Fórum Valladolid","Fórum Vall.","FOR",1,64,12000,5,23,21,19,41,46,11,22,50,24,15,39,4,11,15,0,1,3,1,26,28,52,0,0,11,0,0,64,66,0,0,0,0,0,0,0,0,0
1489131,1,"Liga Nacional","Liga Endesa",-402534000,NA,"https://www.acb.com/Documentos/Cabeceras/logo-competicion-1b.png","https://www.acb.com/Documentos/Cabeceras/logo-competicion-4a.png",66,2001,107,NA,NA,1765,11036,NA,NA,FALSE,1282,1273,1467,"Casademont Girona","Casademont Gir.","GIR",1282,1850,"Fórum Valladolid","Fórum Vall.","FOR",1,66,12000,8,22,36.36,10,24,41.67,22,29,75.86,29,7,36,5,6,22,0,4,1,0,28,26,57,0,0,0,1,0,66,64,0,NA,0,0,0,0,0,0,0
1489153,1,"Liga Nacional","Liga Endesa",-402534000,NA,"https://www.acb.com/Documentos/Cabeceras/logo-competicion-1b.png","https://www.acb.com/Documentos/Cabeceras/logo-competicion-4a.png",66,2001,107,NA,NA,1765,11037,NA,NA,TRUE,1274,1274,4,"CB Granada","CB Granada","GRA",1270,461,"Adecco Estudiantes","Adecco Estu","EST",1,96,13500,7,19,36.84,25,48,52.08,25,33,75.76,27,11,38,15,12,18,0,2,2,3,27,26,99,0,0,1,0,0,96,108,0,NA,0,0,0,0,0,0,0
1489154,1,"Liga Nacional","Liga Endesa",-402534000,NA,"https://www.acb.com/Documentos/Cabeceras/logo-competicion-1b.png","https://www.acb.com/Documentos/Cabeceras/logo-competicion-4a.png",66,2001,107,NA,NA,1765,11037,NA,NA,FALSE,1270,1274,4,"CB Granada","CB Granada","GRA",1270,461,"Adecco Estudiantes","Adecco Estu","EST",1,108,13500,10,31,32,26,51,50,26,31,83,28,21,49,13,11,16,0,2,2,4,26,27,115,0,0,0,9,0,108,96,0,0,0,0,0,0,0,0,0
1489036,1,"Liga Nacional","Liga Endesa",-402534000,NA,"https://www.acb.com/Documentos/Cabeceras/logo-competicion-1b.png","https://www.acb.com/Documentos/Cabeceras/logo-competicion-4a.png",66,2001,107,NA,NA,1765,11032,NA,NA,TRUE,1276,1276,1609,"Caprabo Lleida","Caprabo Lleida","LLE",1268,1374,"Cáceres CB","Cáceres CB","CAC",1,76,12000,11,26,42.31,16,29,55.17,11,19,57.89,27,11,38,7,16,31,0,9,0,3,27,19,71,0,0,1,0,0,76,85,0,NA,0,0,0,0,0,0,0
1489037,1,"Liga Nacional","Liga Endesa",-402534000,NA,"https://www.acb.com/Documentos/Cabeceras/logo-competicion-1b.png","https://www.acb.com/Documentos/Cabeceras/logo-competicion-4a.png",66,2001,107,NA,NA,1765,11032,NA,NA,FALSE,1268,1276,1609,"Caprabo Lleida","Caprabo Lleida","LLE",1268,1374,"Cáceres CB","Cáceres CB","CAC",1,85,12000,7,16,43.75,22,43,51.16,20,32,62.5,21,7,28,7,13,19,0,0,9,0,19,27,71,0,0,0,1,0,85,76,0,NA,0,0,0,0,0,0,0
1488961,1,"Liga Nacional","Liga Endesa",-402534000,NA,"https://www.acb.com/Documentos/Cabeceras/logo-competicion-1b.png","https://www.acb.com/Documentos/Cabeceras/logo-competicion-4a.png",66,2001,107,NA,NA,1765,11029,NA,NA,FALSE,1266,1267,1355,"Leche Río Breogán","Leche Río Bre.","BRE",1266,214,"TAU Cerámica","TAU Cerámica","TAU",1,74,12000,8,17,47.06,18,34,52.94,14,18,77.78,16,6,22,6,15,14,0,1,0,3,19,22,78,0,0,0,1,0,74,67,0,NA,0,0,0,0,0,0,0
1488960,1,"Liga Nacional","Liga Endesa",-402534000,NA,"https://www.acb.com/Documentos/Cabeceras/logo-competicion-1b.png","https://www.acb.com/Documentos/Cabeceras/logo-competicion-4a.png",66,2001,107,NA,NA,1765,11029,NA,NA,TRUE,1267,1267,1355,"Leche Río Breogán","Leche Río Bre.","BRE",1266,214,"TAU Cerámica","TAU Cerámica","TAU",1,67,12000,4,11,36.36,23,39,58.97,9,13,69.23,20,6,26,5,12,18,0,0,1,2,22,19,61,0,0,1,0,0,67,74,0,NA,0,0,0,0,0,0,0
1488986,1,"Liga Nacional","Liga Endesa",-402534000,NA,"https://www.acb.com/Documentos/Cabeceras/logo-competicion-1b.png","https://www.acb.com/Documentos/Cabeceras/logo-competicion-4a.png",66,2001,107,NA,NA,1765,11030,NA,NA,TRUE,1272,1272,1447,"Gijón Baloncesto","Gijón Bal.","GIJ",1269,335,"Canarias Telecom","Canarias Tel.","GCA",1,104,12000,10,21,47,23,43,53,28,41,68,31,14,45,14,9,12,0,5,4,3,26,31,122,0,0,0,12,0,104,77,0,0,0,0,0,0,0,0,0
1488987,1,"Liga Nacional","Liga Endesa",-402534000,NA,"https://www.acb.com/Documentos/Cabeceras/logo-competicion-1b.png","https://www.acb.com/Documentos/Cabeceras/logo-competicion-4a.png",66,2001,107,NA,NA,1765,11030,NA,NA,FALSE,1269,1272,1447,"Gijón Baloncesto","Gijón Bal.","GIJ",1269,335,"Canarias Telecom","Canarias Tel.","GCA",1,77,12000,4,17,23.53,23,45,51.11,19,24,79.17,25,6,31,10,7,16,0,4,5,2,31,26,63,0,0,1,0,0,77,104,0,NA,0,0,0,0,0,0,0
1489086,1,"Liga Nacional","Liga Endesa",-402534000,NA,"https://www.acb.com/Documentos/Cabeceras/logo-competicion-1b.png","https://www.acb.com/Documentos/Cabeceras/logo-competicion-4a.png",66,2001,107,NA,NA,1765,11034,NA,NA,FALSE,1265,1279,1054,"Unicaja","Unicaja","UNI",1265,100,"FC Barcelona","FC Barcelona","FCB",1,97,12000,10,23,43.48,23,41,56.1,21,26,80.77,18,12,30,15,11,11,0,4,1,2,30,25,104,0,0,0,1,0,97,82,0,NA,0,0,0,0,0,0,0
1489085,1,"Liga Nacional","Liga Endesa",-402534000,NA,"https://www.acb.com/Documentos/Cabeceras/logo-competicion-1b.png","https://www.acb.com/Documentos/Cabeceras/logo-competicion-4a.png",66,2001,107,NA,NA,1765,11034,NA,NA,TRUE,1279,1279,1054,"Unicaja","Unicaja","UNI",1265,100,"FC Barcelona","FC Barcelona","FCB",1,82,12000,5,19,26,20,39,51,27,38,71,18,16,34,16,7,14,0,1,4,2,25,30,83,0,0,11,0,0,82,97,0,0,0,0,0,0,0,0,0
1489346,1,"Liga Nacional","Liga Endesa",-402534000,NA,"https://www.acb.com/Documentos/Cabeceras/logo-competicion-1b.png","https://www.acb.com/Documentos/Cabeceras/logo-competicion-4a.png",66,2001,107,NA,NA,1766,11045,NA,NA,TRUE,1269,1269,335,"Canarias Telecom","Canarias Tel.","GCA",1277,758,"Real Madrid","Real Madrid","RMB",1,51,12000,5,20,25,15,36,41.67,6,14,42.86,22,10,32,6,10,13,0,3,7,1,25,15,28,0,0,1,0,0,51,72,0,NA,0,0,0,0,0,0,0
1489347,1,"Liga Nacional","Liga Endesa",-402534000,NA,"https://www.acb.com/Documentos/Cabeceras/logo-competicion-1b.png","https://www.acb.com/Documentos/Cabeceras/logo-competicion-4a.png",66,2001,107,NA,NA,1766,11045,NA,NA,FALSE,1277,1269,335,"Canarias Telecom","Canarias Tel.","GCA",1277,758,"Real Madrid","Real Madrid","RMB",1,72,12000,6,17,35,18,36,50,18,23,78,30,9,39,13,9,12,0,7,3,0,15,25,101,0,0,0,12,0,72,51,0,0,0,0,0,0,0,0,0
1489274,1,"Liga Nacional","Liga Endesa",-402534000,NA,"https://www.acb.com/Documentos/Cabeceras/logo-competicion-1b.png","https://www.acb.com/Documentos/Cabeceras/logo-competicion-4a.png",66,2001,107,NA,NA,1766,11042,NA,NA,TRUE,1271,1271,1199,"Jabones Pardo Fuenlabrada","Jabones Pardo","FUE",1279,1054,"Unicaja","Unicaja","UNI",1,68,12000,8,21,38.1,16,38,42.11,12,16,75,20,12,32,7,4,11,0,3,5,0,21,22,60,0,0,1,0,0,68,83,0,NA,0,0,0,0,0,0,0
1489275,1,"Liga Nacional","Liga Endesa",-402534000,NA,"https://www.acb.com/Documentos/Cabeceras/logo-competicion-1b.png","https://www.acb.com/Documentos/Cabeceras/logo-competicion-4a.png",66,2001,107,NA,NA,1766,11042,NA,NA,FALSE,1279,1271,1199,"Jabones Pardo Fuenlabrada","Jabones Pardo","FUE",1279,1054,"Unicaja","Unicaja","UNI",1,83,12000,9,19,47,23,44,52,10,19,52,24,13,37,5,4,10,0,5,3,0,22,21,80,0,0,0,11,0,83,68,0,0,0,0,0,0,0,0,0
1489371,1,"Liga Nacional","Liga Endesa",-402534000,NA,"https://www.acb.com/Documentos/Cabeceras/logo-competicion-1b.png","https://www.acb.com/Documentos/Cabeceras/logo-competicion-4a.png",66,2001,107,NA,NA,1766,11046,NA,NA,TRUE,1266,1266,214,"TAU Cerámica","TAU Cerámica","TAU",1272,1447,"Gijón Baloncesto","Gijón Bal.","GIJ",1,94,12000,7,14,50,29,55,52.73,15,23,65.22,35,14,49,16,14,12,0,5,1,2,23,22,123,0,0,0,1,0,94,53,0,NA,0,0,0,0,0,0,0
1489372,1,"Liga Nacional","Liga Endesa",-402534000,NA,"https://www.acb.com/Documentos/Cabeceras/logo-competicion-1b.png","https://www.acb.com/Documentos/Cabeceras/logo-competicion-4a.png",66,2001,107,NA,NA,1766,11046,NA,NA,FALSE,1272,1266,214,"TAU Cerámica","TAU Cerámica","TAU",1272,1447,"Gijón Baloncesto","Gijón Bal.","GIJ",1,53,12000,2,16,12,16,46,34,15,19,78,22,10,32,7,5,18,0,1,5,0,22,23,28,0,0,11,0,0,53,94,0,0,0,0,0,0,0,0,0
1489226,1,"Liga Nacional","Liga Endesa",-402534000,NA,"https://www.acb.com/Documentos/Cabeceras/logo-competicion-1b.png","https://www.acb.com/Documentos/Cabeceras/logo-competicion-4a.png",66,2001,107,NA,NA,1766,11040,NA,NA,TRUE,1278,1278,959,"Pamesa Valencia","Pamesa Valencia","PAM",1273,1467,"Casademont Girona","Casademont Gir.","GIR",1,89,12000,5,18,27.78,33,48,68.75,8,15,53.33,17,12,29,21,10,13,0,4,1,4,17,19,106,0,0,0,1,0,89,81,0,NA,0,0,0,0,0,0,0
1489227,1,"Liga Nacional","Liga Endesa",-402534000,NA,"https://www.acb.com/Documentos/Cabeceras/logo-competicion-1b.png","https://www.acb.com/Documentos/Cabeceras/logo-competicion-4a.png",66,2001,107,NA,NA,1766,11040,NA,NA,FALSE,1273,1278,959,"Pamesa Valencia","Pamesa Valencia","PAM",1273,1467,"Casademont Girona","Casademont Gir.","GIR",1,81,12000,4,15,26,28,41,68,13,15,86,19,5,24,16,9,18,0,1,4,0,19,17,81,0,0,9,0,0,81,89,0,0,0,0,0,0,0,0,0
1489296,1,"Liga Nacional","Liga Endesa",-402534000,NA,"https://www.acb.com/Documentos/Cabeceras/logo-competicion-1b.png","https://www.acb.com/Documentos/Cabeceras/logo-competicion-4a.png",66,2001,107,NA,NA,1766,11043,NA,NA,TRUE,1268,1268,1374,"Cáceres CB","Cáceres CB","CAC",1275,624,"DKV Joventut","DKV Joventut","DKV",1,81,12000,6,20,30,23,52,44.23,17,20,85,16,15,31,12,7,6,0,2,8,0,27,25,71,0,0,1,0,0,81,87,0,NA,0,0,0,0,0,0,0
1489297,1,"Liga Nacional","Liga Endesa",-402534000,NA,"https://www.acb.com/Documentos/Cabeceras/logo-competicion-1b.png","https://www.acb.com/Documentos/Cabeceras/logo-competicion-4a.png",66,2001,107,NA,NA,1766,11043,NA,NA,FALSE,1275,1268,1374,"Cáceres CB","Cáceres CB","CAC",1275,624,"DKV Joventut","DKV Joventut","DKV",1,87,12000,4,14,28.57,29,40,72.5,17,28,60.71,28,7,35,18,2,14,0,8,2,5,25,27,104,0,0,0,1,0,87,81,0,NA,0,0,0,0,0,0,0
1489178,1,"Liga Nacional","Liga Endesa",-402534000,NA,"https://www.acb.com/Documentos/Cabeceras/logo-competicion-1b.png","https://www.acb.com/Documentos/Cabeceras/logo-competicion-4a.png",66,2001,107,NA,NA,1766,11038,NA,NA,FALSE,1267,1270,461,"Adecco Estudiantes","Adecco Estu","EST",1267,1355,"Leche Río Breogán","Leche Río Bre.","BRE",1,83,12000,11,19,57.89,19,36,52.78,12,17,70.59,14,9,23,8,6,14,0,0,2,1,28,24,70,0,0,1,0,0,83,95,0,NA,0,0,0,0,0,0,0
1489177,1,"Liga Nacional","Liga Endesa",-402534000,NA,"https://www.acb.com/Documentos/Cabeceras/logo-competicion-1b.png","https://www.acb.com/Documentos/Cabeceras/logo-competicion-4a.png",66,2001,107,NA,NA,1766,11038,NA,NA,TRUE,1270,1270,461,"Adecco Estudiantes","Adecco Estu","EST",1267,1355,"Leche Río Breogán","Leche Río Bre.","BRE",1,95,12000,7,17,41,25,38,65,24,36,66,19,10,29,15,15,12,0,2,0,2,24,28,113,0,0,0,10,0,95,83,0,0,0,0,0,0,0,0,0
1489203,1,"Liga Nacional","Liga Endesa",-402534000,NA,"https://www.acb.com/Documentos/Cabeceras/logo-competicion-1b.png","https://www.acb.com/Documentos/Cabeceras/logo-competicion-4a.png",66,2001,107,NA,NA,1766,11039,NA,NA,TRUE,1282,1282,1850,"Fórum Valladolid","Fórum Vall.","FOR",1274,4,"CB Granada","CB Granada","GRA",1,108,12000,12,24,50,20,45,44.44,32,35,91.43,31,14,45,18,10,10,0,3,2,1,23,29,138,0,0,0,1,0,108,87,0,NA,0,0,0,0,0,0,0
1489204,1,"Liga Nacional","Liga Endesa",-402534000,NA,"https://www.acb.com/Documentos/Cabeceras/logo-competicion-1b.png","https://www.acb.com/Documentos/Cabeceras/logo-competicion-4a.png",66,2001,107,NA,NA,1766,11039,NA,NA,FALSE,1274,1282,1850,"Fórum Valladolid","Fórum Vall.","FOR",1274,4,"CB Granada","CB Granada","GRA",1,87,12000,6,19,31.58,26,59,44.07,17,25,68,23,21,44,6,5,12,0,2,3,0,29,23,69,0,0,1,0,0,87,108,0,NA,0,0,0,0,0,0,0
1489250,1,"Liga Nacional","Liga Endesa",-402534000,NA,"https://www.acb.com/Documentos/Cabeceras/logo-competicion-1b.png","https://www.acb.com/Documentos/Cabeceras/logo-competicion-4a.png",66,2001,107,NA,NA,1766,11041,NA,NA,TRUE,1265,1265,100,"FC Barcelona","FC Barcelona","FCB",1280,1127,"Caja San Fernando","C. San Fernando","CSF",1,78,12000,6,19,31.58,23,40,57.5,14,19,73.68,18,10,28,10,11,14,0,4,1,3,27,24,78,0,0,0,1,0,78,72,0,NA,0,0,0,0,0,0,0
1489251,1,"Liga Nacional","Liga Endesa",-402534000,NA,"https://www.acb.com/Documentos/Cabeceras/logo-competicion-1b.png","https://www.acb.com/Documentos/Cabeceras/logo-competicion-4a.png",66,2001,107,NA,NA,1766,11041,NA,NA,FALSE,1280,1265,100,"FC Barcelona","FC Barcelona","FCB",1280,1127,"Caja San Fernando","C. San Fernando","CSF",1,72,12000,5,21,23.81,18,35,51.43,21,29,72.41,20,13,33,7,11,18,0,1,4,2,24,27,64,0,0,1,0,0,72,78,0,NA,0,0,0,0,0,0,0
1489320,1,"Liga Nacional","Liga Endesa",-402534000,NA,"https://www.acb.com/Documentos/Cabeceras/logo-competicion-1b.png","https://www.acb.com/Documentos/Cabeceras/logo-competicion-4a.png",66,2001,107,NA,NA,1766,11044,NA,NA,TRUE,1281,1281,1805,"Cantabria Lobos","Cantabria Lobos","CAN",1276,1609,"Caprabo Lleida","Caprabo Lleida","LLE",1,62,12000,2,14,14.29,22,46,47.83,12,21,57.14,19,13,32,10,7,15,0,1,6,0,19,19,46,0,0,1,0,0,62,98,0,NA,0,0,0,0,0,0,0
1489321,1,"Liga Nacional","Liga Endesa",-402534000,NA,"https://www.acb.com/Documentos/Cabeceras/logo-competicion-1b.png","https://www.acb.com/Documentos/Cabeceras/logo-competicion-4a.png",66,2001,107,NA,NA,1766,11044,NA,NA,FALSE,1276,1281,1805,"Cantabria Lobos","Cantabria Lobos","CAN",1276,1609,"Caprabo Lleida","Caprabo Lleida","LLE",1,98,12000,7,16,43.75,33,47,70.21,11,18,61.11,25,8,33,17,11,12,0,6,1,4,19,19,122,0,0,0,1,0,98,62,0,NA,0,0,0,0,0,0,0
1489466,1,"Liga Nacional","Liga Endesa",-402534000,NA,"https://www.acb.com/Documentos/Cabeceras/logo-competicion-1b.png","https://www.acb.com/Documentos/Cabeceras/logo-competicion-4a.png",66,2001,107,NA,NA,1767,11050,NA,NA,FALSE,1271,1273,1467,"Casademont Girona","Casademont Gir.","GIR",1271,1199,"Jabones Pardo Fuenlabrada","Jabones Pardo","FUE",1,76,12000,5,21,23.81,24,34,70.59,13,19,68.42,25,6,31,8,5,17,0,2,0,0,30,25,68,0,0,1,0,0,76,81,0,NA,0,0,0,0,0,0,0
1489465,1,"Liga Nacional","Liga Endesa",-402534000,NA,"https://www.acb.com/Documentos/Cabeceras/logo-competicion-1b.png","https://www.acb.com/Documentos/Cabeceras/logo-competicion-4a.png",66,2001,107,NA,NA,1767,11050,NA,NA,TRUE,1273,1273,1467,"Casademont Girona","Casademont Gir.","GIR",1271,1199,"Jabones Pardo Fuenlabrada","Jabones Pardo","FUE",1,81,12000,9,23,39,15,38,39,24,34,70,22,14,36,8,8,12,0,0,2,1,25,30,77,0,0,0,10,0,81,76,0,0,0,0,0,0,0,0,0
1489420,1,"Liga Nacional","Liga Endesa",-402534000,NA,"https://www.acb.com/Documentos/Cabeceras/logo-competicion-1b.png","https://www.acb.com/Documentos/Cabeceras/logo-competicion-4a.png",66,2001,107,NA,NA,1767,11048,NA,NA,FALSE,1278,1270,461,"Adecco Estudiantes","Adecco Estu","EST",1278,959,"Pamesa Valencia","Pamesa Valencia","PAM",1,88,12000,7,14,50,21,37,56.76,25,39,64.1,26,3,29,16,7,11,0,6,2,2,23,30,103,0,0,0,1,0,88,76,0,NA,0,0,0,0,0,0,0
1489419,1,"Liga Nacional","Liga Endesa",-402534000,NA,"https://www.acb.com/Documentos/Cabeceras/logo-competicion-1b.png","https://www.acb.com/Documentos/Cabeceras/logo-competicion-4a.png",66,2001,107,NA,NA,1767,11048,NA,NA,TRUE,1270,1270,461,"Adecco Estudiantes","Adecco Estu","EST",1278,959,"Pamesa Valencia","Pamesa Valencia","PAM",1,76,12000,10,24,41,18,45,40,10,16,62,23,15,38,10,9,16,0,2,6,4,30,23,59,0,0,11,0,0,76,88,0,0,0,0,0,0,0,0,0
1489537,1,"Liga Nacional","Liga Endesa",-402534000,NA,"https://www.acb.com/Documentos/Cabeceras/logo-competicion-1b.png","https://www.acb.com/Documentos/Cabeceras/logo-competicion-4a.png",66,2001,107,NA,NA,1767,11053,NA,NA,TRUE,1275,1275,624,"DKV Joventut","DKV Joventut","DKV",1269,335,"Canarias Telecom","Canarias Tel.","GCA",1,87,12000,2,9,22.22,27,45,60,27,42,64.29,29,9,38,18,12,18,0,4,6,6,23,30,102,0,0,0,1,0,87,74,0,NA,0,0,0,0,0,0,0
1489538,1,"Liga Nacional","Liga Endesa",-402534000,NA,"https://www.acb.com/Documentos/Cabeceras/logo-competicion-1b.png","https://www.acb.com/Documentos/Cabeceras/logo-competicion-4a.png",66,2001,107,NA,NA,1767,11053,NA,NA,FALSE,1269,1275,624,"DKV Joventut","DKV Joventut","DKV",1269,335,"Canarias Telecom","Canarias Tel.","GCA",1,74,12000,9,25,36,15,38,39.47,17,24,70.83,21,12,33,8,13,21,0,6,4,4,30,23,56,0,0,1,0,0,74,87,0,NA,0,0,0,0,0,0,0
1489442,1,"Liga Nacional","Liga Endesa",-402534000,NA,"https://www.acb.com/Documentos/Cabeceras/logo-competicion-1b.png","https://www.acb.com/Documentos/Cabeceras/logo-competicion-4a.png",66,2001,107,NA,NA,1767,11049,NA,NA,TRUE,1274,1274,4,"CB Granada","CB Granada","GRA",1265,100,"FC Barcelona","FC Barcelona","FCB",1,87,12000,5,18,27.78,28,48,58.33,16,21,76.19,20,7,27,9,16,12,0,0,3,4,23,22,85,0,0,0,1,0,87,82,0,NA,0,0,0,0,0,0,0
1489443,1,"Liga Nacional","Liga Endesa",-402534000,NA,"https://www.acb.com/Documentos/Cabeceras/logo-competicion-1b.png","https://www.acb.com/Documentos/Cabeceras/logo-competicion-4a.png",66,2001,107,NA,NA,1767,11049,NA,NA,FALSE,1265,1274,4,"CB Granada","CB Granada","GRA",1265,100,"FC Barcelona","FC Barcelona","FCB",1,82,12000,9,31,29.03,16,25,64,23,25,92,25,9,34,16,5,19,0,3,0,1,22,23,89,0,0,1,0,0,82,87,0,NA,0,0,0,0,0,0,0
1489588,1,"Liga Nacional","Liga Endesa",-402534000,NA,"https://www.acb.com/Documentos/Cabeceras/logo-competicion-1b.png","https://www.acb.com/Documentos/Cabeceras/logo-competicion-4a.png",66,2001,107,NA,NA,1767,11055,NA,NA,FALSE,1272,1277,758,"Real Madrid","Real Madrid","RMB",1272,1447,"Gijón Baloncesto","Gijón Bal.","GIJ",1,66,12000,5,19,26,14,37,37,23,36,63,22,9,31,8,6,17,0,2,3,0,21,27,49,0,0,11,0,0,66,83,0,0,0,0,0,0,0,0,0
1489587,1,"Liga Nacional","Liga Endesa",-402534000,NA,"https://www.acb.com/Documentos/Cabeceras/logo-competicion-1b.png","https://www.acb.com/Documentos/Cabeceras/logo-competicion-4a.png",66,2001,107,NA,NA,1767,11055,NA,NA,TRUE,1277,1277,758,"Real Madrid","Real Madrid","RMB",1272,1447,"Gijón Baloncesto","Gijón Bal.","GIJ",1,83,12000,4,14,28,29,55,52,13,19,68,25,15,40,9,14,13,0,3,2,3,27,21,86,0,0,0,12,0,83,66,0,0,0,0,0,0,0,0,0
1489396,1,"Liga Nacional","Liga Endesa",-402534000,NA,"https://www.acb.com/Documentos/Cabeceras/logo-competicion-1b.png","https://www.acb.com/Documentos/Cabeceras/logo-competicion-4a.png",66,2001,107,NA,NA,1767,11047,NA,NA,TRUE,1267,1267,1355,"Leche Río Breogán","Leche Río Bre.","BRE",1282,1850,"Fórum Valladolid","Fórum Vall.","FOR",1,82,12000,6,18,33.33,20,45,44.44,24,31,77.42,27,14,41,6,11,14,0,3,3,2,19,25,88,0,0,0,1,0,82,77,0,NA,0,0,0,0,0,0,0
1489397,1,"Liga Nacional","Liga Endesa",-402534000,NA,"https://www.acb.com/Documentos/Cabeceras/logo-competicion-1b.png","https://www.acb.com/Documentos/Cabeceras/logo-competicion-4a.png",66,2001,107,NA,NA,1767,11047,NA,NA,FALSE,1282,1267,1355,"Leche Río Breogán","Leche Río Bre.","BRE",1282,1850,"Fórum Valladolid","Fórum Vall.","FOR",1,77,12000,6,21,28.57,25,43,58.14,9,12,75,24,6,30,11,10,14,0,3,3,3,25,19,72,0,0,1,0,0,77,82,0,NA,0,0,0,0,0,0,0
1489490,1,"Liga Nacional","Liga Endesa",-402534000,NA,"https://www.acb.com/Documentos/Cabeceras/logo-competicion-1b.png","https://www.acb.com/Documentos/Cabeceras/logo-competicion-4a.png",66,2001,107,NA,NA,1767,11051,NA,NA,FALSE,1268,1280,1127,"Caja San Fernando","C. San Fernando","CSF",1268,1374,"Cáceres CB","Cáceres CB","CAC",1,53,12000,5,20,25,14,40,35,10,15,66.67,27,10,37,13,6,20,0,1,3,0,27,19,33,0,0,1,0,0,53,82,0,NA,0,0,0,0,0,0,0
1489489,1,"Liga Nacional","Liga Endesa",-402534000,NA,"https://www.acb.com/Documentos/Cabeceras/logo-competicion-1b.png","https://www.acb.com/Documentos/Cabeceras/logo-competicion-4a.png",66,2001,107,NA,NA,1767,11051,NA,NA,TRUE,1280,1280,1127,"Caja San Fernando","C. San Fernando","CSF",1268,1374,"Cáceres CB","Cáceres CB","CAC",1,82,12000,7,23,30.43,17,39,43.59,27,34,79.41,31,14,45,17,15,15,0,3,1,2,19,27,109,0,0,0,1,0,82,53,0,NA,0,0,0,0,0,0,0
1489513,1,"Liga Nacional","Liga Endesa",-402534000,NA,"https://www.acb.com/Documentos/Cabeceras/logo-competicion-1b.png","https://www.acb.com/Documentos/Cabeceras/logo-competicion-4a.png",66,2001,107,NA,NA,1767,11052,NA,NA,TRUE,1279,1279,1054,"Unicaja","Unicaja","UNI",1281,1805,"Cantabria Lobos","Cantabria Lobos","CAN",1,89,12000,7,24,29,23,38,60,22,26,84,25,10,35,12,7,9,0,2,3,2,22,25,100,0,0,0,11,0,89,85,0,0,0,0,0,0,0,0,0
1489514,1,"Liga Nacional","Liga Endesa",-402534000,NA,"https://www.acb.com/Documentos/Cabeceras/logo-competicion-1b.png","https://www.acb.com/Documentos/Cabeceras/logo-competicion-4a.png",66,2001,107,NA,NA,1767,11052,NA,NA,FALSE,1281,1279,1054,"Unicaja","Unicaja","UNI",1281,1805,"Cantabria Lobos","Cantabria Lobos","CAN",1,85,12000,8,18,44.44,24,41,58.54,13,22,59.09,20,5,25,12,3,8,0,3,2,1,25,22,79,0,0,1,0,0,85,89,0,NA,0,0,0,0,0,0,0
1489561,1,"Liga Nacional","Liga Endesa",-402534000,NA,"https://www.acb.com/Documentos/Cabeceras/logo-competicion-1b.png","https://www.acb.com/Documentos/Cabeceras/logo-competicion-4a.png",66,2001,107,NA,NA,1767,11054,NA,NA,FALSE,1266,1276,1609,"Caprabo Lleida","Caprabo Lleida","LLE",1266,214,"TAU Cerámica","TAU Cerámica","TAU",1,60,12000,4,17,23.53,20,42,47.62,8,13,61.54,17,8,25,4,8,9,0,1,7,0,21,20,41,0,0,1,0,0,60,65,0,NA,0,0,0,0,0,0,0
1489560,1,"Liga Nacional","Liga Endesa",-402534000,NA,"https://www.acb.com/Documentos/Cabeceras/logo-competicion-1b.png","https://www.acb.com/Documentos/Cabeceras/logo-competicion-4a.png",66,2001,107,NA,NA,1767,11054,NA,NA,TRUE,1276,1276,1609,"Caprabo Lleida","Caprabo Lleida","LLE",1266,214,"TAU Cerámica","TAU Cerámica","TAU",1,65,12000,4,18,22.22,21,33,63.64,11,18,61.11,30,8,38,9,5,11,0,7,1,8,20,21,80,0,0,0,1,0,65,60,0,NA,0,0,0,0,0,0,0
1489662,1,"Liga Nacional","Liga Endesa",-402534000,NA,"https://www.acb.com/Documentos/Cabeceras/logo-competicion-1b.png","https://www.acb.com/Documentos/Cabeceras/logo-competicion-4a.png",66,2001,107,NA,NA,1768,11058,NA,NA,TRUE,1269,1269,335,"Canarias Telecom","Canarias Tel.","GCA",1276,1609,"Caprabo Lleida","Caprabo Lleida","LLE",1,93,12000,7,15,46.67,27,44,61.36,18,25,72,22,8,30,17,9,16,0,4,6,0,26,26,99,0,0,0,1,0,93,82,0,NA,0,0,0,0,0,0,0
1489663,1,"Liga Nacional","Liga Endesa",-402534000,NA,"https://www.acb.com/Documentos/Cabeceras/logo-competicion-1b.png","https://www.acb.com/Documentos/Cabeceras/logo-competicion-4a.png",66,2001,107,NA,NA,1768,11058,NA,NA,FALSE,1276,1269,335,"Canarias Telecom","Canarias Tel.","GCA",1276,1609,"Caprabo Lleida","Caprabo Lleida","LLE",1,82,12000,5,19,26.32,22,42,52.38,23,32,71.88,17,11,28,14,8,14,0,6,4,5,26,26,77,0,0,1,0,0,82,93,0,NA,0,0,0,0,0,0,0
1489613,1,"Liga Nacional","Liga Endesa",-402534000,NA,"https://www.acb.com/Documentos/Cabeceras/logo-competicion-1b.png","https://www.acb.com/Documentos/Cabeceras/logo-competicion-4a.png",66,2001,107,NA,NA,1768,11056,NA,NA,TRUE,1272,1272,1447,"Gijón Baloncesto","Gijón Bal.","GIJ",1267,1355,"Leche Río Breogán","Leche Río Bre.","BRE",1,61,12000,2,12,16,23,42,54,9,16,56,23,5,28,9,6,20,0,0,1,1,27,18,38,0,0,11,0,0,61,80,0,0,0,0,0,0,0,0,0
1489614,1,"Liga Nacional","Liga Endesa",-402534000,NA,"https://www.acb.com/Documentos/Cabeceras/logo-competicion-1b.png","https://www.acb.com/Documentos/Cabeceras/logo-competicion-4a.png",66,2001,107,NA,NA,1768,11056,NA,NA,FALSE,1267,1272,1447,"Gijón Baloncesto","Gijón Bal.","GIJ",1267,1355,"Leche Río Breogán","Leche Río Bre.","BRE",1,80,12000,6,17,35.29,22,40,55,18,23,78.26,27,8,35,7,9,16,0,1,0,5,18,27,91,0,0,0,1,0,80,61,0,NA,0,0,0,0,0,0,0
1489727,1,"Liga Nacional","Liga Endesa",-402534000,NA,"https://www.acb.com/Documentos/Cabeceras/logo-competicion-1b.png","https://www.acb.com/Documentos/Cabeceras/logo-competicion-4a.png",66,2001,107,NA,NA,1768,11061,NA,NA,TRUE,1271,1271,1199,"Jabones Pardo Fuenlabrada","Jabones Pardo","FUE",1280,1127,"Caja San Fernando","C. San Fernando","CSF",1,71,12000,6,22,27.27,18,39,46.15,17,21,80.95,19,11,30,11,5,8,0,2,1,0,22,17,64,0,0,0,1,0,71,63,0,NA,0,0,0,0,0,0,0
1489728,1,"Liga Nacional","Liga Endesa",-402534000,NA,"https://www.acb.com/Documentos/Cabeceras/logo-competicion-1b.png","https://www.acb.com/Documentos/Cabeceras/logo-competicion-4a.png",66,2001,107,NA,NA,1768,11061,NA,NA,FALSE,1280,1271,1199,"Jabones Pardo Fuenlabrada","Jabones Pardo","FUE",1280,1127,"Caja San Fernando","C. San Fernando","CSF",1,63,12000,4,23,17.39,17,36,47.22,17,24,70.83,23,16,39,7,0,14,0,1,2,1,17,22,54,0,0,1,0,0,63,71,0,NA,0,0,0,0,0,0,0
1489706,1,"Liga Nacional","Liga Endesa",-402534000,NA,"https://www.acb.com/Documentos/Cabeceras/logo-competicion-1b.png","https://www.acb.com/Documentos/Cabeceras/logo-competicion-4a.png",66,2001,107,NA,NA,1768,11060,NA,NA,TRUE,1268,1268,1374,"Cáceres CB","Cáceres CB","CAC",1279,1054,"Unicaja","Unicaja","UNI",1,59,12000,4,18,22.22,20,46,43.48,7,11,63.64,22,10,32,12,9,13,0,3,4,3,22,16,48,0,0,1,0,0,59,72,0,NA,0,0,0,0,0,0,0
1489707,1,"Liga Nacional","Liga Endesa",-402534000,NA,"https://www.acb.com/Documentos/Cabeceras/logo-competicion-1b.png","https://www.acb.com/Documentos/Cabeceras/logo-competicion-4a.png",66,2001,107,NA,NA,1768,11060,NA,NA,FALSE,1279,1268,1374,"Cáceres CB","Cáceres CB","CAC",1279,1054,"Unicaja","Unicaja","UNI",1,72,12000,5,22,22,19,28,67,19,30,63,30,8,38,13,10,17,0,4,3,3,16,22,86,0,0,0,11,0,72,59,0,0,0,0,0,0,0,0,0
1489749,1,"Liga Nacional","Liga Endesa",-402534000,NA,"https://www.acb.com/Documentos/Cabeceras/logo-competicion-1b.png","https://www.acb.com/Documentos/Cabeceras/logo-competicion-4a.png",66,2001,107,NA,NA,1768,11062,NA,NA,TRUE,1265,1265,100,"FC Barcelona","FC Barcelona","FCB",1273,1467,"Casademont Girona","Casademont Gir.","GIR",1,81,12000,5,13,38.46,23,46,50,20,29,68.97,29,11,40,15,11,14,0,6,0,3,25,26,100,0,0,0,1,0,81,80,0,NA,0,0,0,0,0,0,0
1489750,1,"Liga Nacional","Liga Endesa",-402534000,NA,"https://www.acb.com/Documentos/Cabeceras/logo-competicion-1b.png","https://www.acb.com/Documentos/Cabeceras/logo-competicion-4a.png",66,2001,107,NA,NA,1768,11062,NA,NA,FALSE,1273,1265,100,"FC Barcelona","FC Barcelona","FCB",1273,1467,"Casademont Girona","Casademont Gir.","GIR",1,80,12000,5,21,23,23,45,51,19,26,73,21,11,32,11,12,12,0,0,6,3,26,25,71,0,0,9,0,0,80,81,0,0,0,0,0,0,0,0,0
1489771,1,"Liga Nacional","Liga Endesa",-402534000,NA,"https://www.acb.com/Documentos/Cabeceras/logo-competicion-1b.png","https://www.acb.com/Documentos/Cabeceras/logo-competicion-4a.png",66,2001,107,NA,NA,1768,11063,NA,NA,TRUE,1278,1278,959,"Pamesa Valencia","Pamesa Valencia","PAM",1274,4,"CB Granada","CB Granada","GRA",1,82,12000,4,16,25,26,56,46.43,18,23,78.26,33,20,53,18,7,15,0,2,1,1,22,22,99,0,0,0,1,0,82,74,0,NA,0,0,0,0,0,0,0
1489772,1,"Liga Nacional","Liga Endesa",-402534000,NA,"https://www.acb.com/Documentos/Cabeceras/logo-competicion-1b.png","https://www.acb.com/Documentos/Cabeceras/logo-competicion-4a.png",66,2001,107,NA,NA,1768,11063,NA,NA,FALSE,1274,1278,959,"Pamesa Valencia","Pamesa Valencia","PAM",1274,4,"CB Granada","CB Granada","GRA",1,74,12000,7,25,28,20,38,52.63,13,20,65,20,7,27,12,9,13,0,1,2,1,22,22,65,0,0,1,0,0,74,82,0,NA,0,0,0,0,0,0,0
1489639,1,"Liga Nacional","Liga Endesa",-402534000,NA,"https://www.acb.com/Documentos/Cabeceras/logo-competicion-1b.png","https://www.acb.com/Documentos/Cabeceras/logo-competicion-4a.png",66,2001,107,NA,NA,1768,11057,NA,NA,TRUE,1266,1266,214,"TAU Cerámica","TAU Cerámica","TAU",1277,758,"Real Madrid","Real Madrid","RMB",1,72,12000,9,23,39.13,15,35,42.86,15,21,71.43,24,12,36,14,2,11,0,1,2,1,26,19,65,0,0,0,1,0,72,58,0,NA,0,0,0,0,0,0,0
1489640,1,"Liga Nacional","Liga Endesa",-402534000,NA,"https://www.acb.com/Documentos/Cabeceras/logo-competicion-1b.png","https://www.acb.com/Documentos/Cabeceras/logo-competicion-4a.png",66,2001,107,NA,NA,1768,11057,NA,NA,FALSE,1277,1266,214,"TAU Cerámica","TAU Cerámica","TAU",1277,758,"Real Madrid","Real Madrid","RMB",1,58,12000,4,14,28,13,29,44,20,29,68,19,3,22,10,4,11,0,2,1,0,19,26,56,0,0,10,0,0,58,72,0,0,0,0,0,0,0,0,0
1489794,1,"Liga Nacional","Liga Endesa",-402534000,NA,"https://www.acb.com/Documentos/Cabeceras/logo-competicion-1b.png","https://www.acb.com/Documentos/Cabeceras/logo-competicion-4a.png",66,2001,107,NA,NA,1768,11064,NA,NA,TRUE,1282,1282,1850,"Fórum Valladolid","Fórum Vall.","FOR",1270,461,"Adecco Estudiantes","Adecco Estu","EST",1,82,12000,5,15,33.33,23,45,51.11,21,29,72.41,23,11,34,14,10,12,0,7,3,1,24,25,93,0,0,0,1,0,82,78,0,NA,0,0,0,0,0,0,0
1489795,1,"Liga Nacional","Liga Endesa",-402534000,NA,"https://www.acb.com/Documentos/Cabeceras/logo-competicion-1b.png","https://www.acb.com/Documentos/Cabeceras/logo-competicion-4a.png",66,2001,107,NA,NA,1768,11064,NA,NA,FALSE,1270,1282,1850,"Fórum Valladolid","Fórum Vall.","FOR",1270,461,"Adecco Estudiantes","Adecco Estu","EST",1,78,12000,6,19,31,19,46,41,22,25,88,23,17,40,9,9,16,0,3,7,2,25,24,72,0,0,10,0,0,78,82,0,0,0,0,0,0,0,0,0
1489682,1,"Liga Nacional","Liga Endesa",-402534000,NA,"https://www.acb.com/Documentos/Cabeceras/logo-competicion-1b.png","https://www.acb.com/Documentos/Cabeceras/logo-competicion-4a.png",66,2001,107,NA,NA,1768,11059,NA,NA,TRUE,1281,1281,1805,"Cantabria Lobos","Cantabria Lobos","CAN",1275,624,"DKV Joventut","DKV Joventut","DKV",1,77,12000,4,21,19.05,26,49,53.06,13,17,76.47,16,12,28,11,12,7,0,0,4,1,21,20,72,0,0,1,0,0,77,84,0,NA,0,0,0,0,0,0,0
1489683,1,"Liga Nacional","Liga Endesa",-402534000,NA,"https://www.acb.com/Documentos/Cabeceras/logo-competicion-1b.png","https://www.acb.com/Documentos/Cabeceras/logo-competicion-4a.png",66,2001,107,NA,NA,1768,11059,NA,NA,FALSE,1275,1281,1805,"Cantabria Lobos","Cantabria Lobos","CAN",1275,624,"DKV Joventut","DKV Joventut","DKV",1,84,12000,5,13,38,24,36,66,21,27,77,31,7,38,15,5,20,0,4,0,7,20,21,101,0,0,0,10,0,84,77,0,0,0,0,0,0,0,0,0
1489861,1,"Liga Nacional","Liga Endesa",-402534000,NA,"https://www.acb.com/Documentos/Cabeceras/logo-competicion-1b.png","https://www.acb.com/Documentos/Cabeceras/logo-competicion-4a.png",66,2001,107,NA,NA,1769,11067,NA,NA,TRUE,1280,1280,1127,"Caja San Fernando","C. San Fernando","CSF",1282,1850,"Fórum Valladolid","Fórum Vall.","FOR",1,69,12000,9,30,30,17,38,44.74,8,12,66.67,20,17,37,2,7,8,0,6,2,2,22,14,57,0,0,1,0,0,69,74,0,NA,0,0,0,0,0,0,0
1489862,1,"Liga Nacional","Liga Endesa",-402534000,NA,"https://www.acb.com/Documentos/Cabeceras/logo-competicion-1b.png","https://www.acb.com/Documentos/Cabeceras/logo-competicion-4a.png",66,2001,107,NA,NA,1769,11067,NA,NA,FALSE,1282,1280,1127,"Caja San Fernando","C. San Fernando","CSF",1282,1850,"Fórum Valladolid","Fórum Vall.","FOR",1,74,12000,8,15,53,19,35,54,12,19,63,25,5,30,13,6,14,0,2,6,4,14,22,83,0,0,0,9,0,74,69,0,0,0,0,0,0,0,0,0
1489998,1,"Liga Nacional","Liga Endesa",-402534000,NA,"https://www.acb.com/Documentos/Cabeceras/logo-competicion-1b.png","https://www.acb.com/Documentos/Cabeceras/logo-competicion-4a.png",66,2001,107,NA,NA,1769,11073,NA,NA,FALSE,1269,1266,214,"TAU Cerámica","TAU Cerámica","TAU",1269,335,"Canarias Telecom","Canarias Tel.","GCA",1,68,12000,9,20,45,14,34,41.18,13,20,65,22,6,28,13,5,18,0,1,3,1,22,22,56,0,0,1,0,0,68,84,0,NA,0,0,0,0,0,0,0
1489997,1,"Liga Nacional","Liga Endesa",-402534000,NA,"https://www.acb.com/Documentos/Cabeceras/logo-competicion-1b.png","https://www.acb.com/Documentos/Cabeceras/logo-competicion-4a.png",66,2001,107,NA,NA,1769,11073,NA,NA,TRUE,1266,1266,214,"TAU Cerámica","TAU Cerámica","TAU",1269,335,"Canarias Telecom","Canarias Tel.","GCA",1,84,12000,5,19,26.32,25,41,60.98,19,28,67.86,27,10,37,16,9,14,0,3,1,3,22,22,95,0,0,0,1,0,84,68,0,NA,0,0,0,0,0,0,0
1489952,1,"Liga Nacional","Liga Endesa",-402534000,NA,"https://www.acb.com/Documentos/Cabeceras/logo-competicion-1b.png","https://www.acb.com/Documentos/Cabeceras/logo-competicion-4a.png",66,2001,107,NA,NA,1769,11071,NA,NA,TRUE,1277,1277,758,"Real Madrid","Real Madrid","RMB",1268,1374,"Cáceres CB","Cáceres CB","CAC",1,89,12000,8,18,44,28,42,66,9,15,60,35,7,42,12,15,23,0,10,1,3,20,18,112,0,0,0,12,0,89,58,0,0,0,0,0,0,0,0,0
1489953,1,"Liga Nacional","Liga Endesa",-402534000,NA,"https://www.acb.com/Documentos/Cabeceras/logo-competicion-1b.png","https://www.acb.com/Documentos/Cabeceras/logo-competicion-4a.png",66,2001,107,NA,NA,1769,11071,NA,NA,FALSE,1268,1277,758,"Real Madrid","Real Madrid","RMB",1268,1374,"Cáceres CB","Cáceres CB","CAC",1,58,12000,6,19,31.58,12,45,26.67,16,22,72.73,18,13,31,7,12,18,0,1,10,2,18,20,31,0,0,1,0,0,58,89,0,NA,0,0,0,0,0,0,0
1489839,1,"Liga Nacional","Liga Endesa",-402534000,NA,"https://www.acb.com/Documentos/Cabeceras/logo-competicion-1b.png","https://www.acb.com/Documentos/Cabeceras/logo-competicion-4a.png",66,2001,107,NA,NA,1769,11066,NA,NA,TRUE,1273,1273,1467,"Casademont Girona","Casademont Gir.","GIR",1270,461,"Adecco Estudiantes","Adecco Estu","EST",1,92,12000,10,22,45.45,22,35,62.86,18,23,78.26,17,8,25,13,8,17,0,0,3,1,22,22,88,0,0,1,0,0,92,108,0,NA,0,0,0,0,0,0,0
1489840,1,"Liga Nacional","Liga Endesa",-402534000,NA,"https://www.acb.com/Documentos/Cabeceras/logo-competicion-1b.png","https://www.acb.com/Documentos/Cabeceras/logo-competicion-4a.png",66,2001,107,NA,NA,1769,11066,NA,NA,FALSE,1270,1273,1467,"Casademont Girona","Casademont Gir.","GIR",1270,461,"Adecco Estudiantes","Adecco Estu","EST",1,108,12000,11,22,50,31,49,63.27,13,15,86.67,18,12,30,7,13,14,0,3,0,1,22,22,116,0,0,0,1,0,108,92,0,NA,0,0,0,0,0,0,0
1489884,1,"Liga Nacional","Liga Endesa",-402534000,NA,"https://www.acb.com/Documentos/Cabeceras/logo-competicion-1b.png","https://www.acb.com/Documentos/Cabeceras/logo-competicion-4a.png",66,2001,107,NA,NA,1769,11068,NA,NA,TRUE,1279,1279,1054,"Unicaja","Unicaja","UNI",1278,959,"Pamesa Valencia","Pamesa Valencia","PAM",1,86,13500,9,30,30,21,44,47,17,25,68,24,16,40,8,8,12,0,3,2,2,26,25,78,0,0,0,11,0,86,82,0,0,0,0,0,0,0,0,0
1489885,1,"Liga Nacional","Liga Endesa",-402534000,NA,"https://www.acb.com/Documentos/Cabeceras/logo-competicion-1b.png","https://www.acb.com/Documentos/Cabeceras/logo-competicion-4a.png",66,2001,107,NA,NA,1769,11068,NA,NA,FALSE,1278,1279,1054,"Unicaja","Unicaja","UNI",1278,959,"Pamesa Valencia","Pamesa Valencia","PAM",1,82,13500,2,10,20,28,55,50.91,20,27,74.07,28,12,40,8,10,12,0,2,3,0,25,26,86,0,0,1,0,0,82,86,0,NA,0,0,0,0,0,0,0
1489927,1,"Liga Nacional","Liga Endesa",-402534000,NA,"https://www.acb.com/Documentos/Cabeceras/logo-competicion-1b.png","https://www.acb.com/Documentos/Cabeceras/logo-competicion-4a.png",66,2001,107,NA,NA,1769,11070,NA,NA,TRUE,1276,1276,1609,"Caprabo Lleida","Caprabo Lleida","LLE",1271,1199,"Jabones Pardo Fuenlabrada","Jabones Pardo","FUE",1,92,12000,5,20,25,32,49,65.31,13,20,65,27,11,38,16,6,10,0,1,0,6,24,21,101,0,0,1,0,0,92,97,0,NA,0,0,0,0,0,0,0
1489928,1,"Liga Nacional","Liga Endesa",-402534000,NA,"https://www.acb.com/Documentos/Cabeceras/logo-competicion-1b.png","https://www.acb.com/Documentos/Cabeceras/logo-competicion-4a.png",66,2001,107,NA,NA,1769,11070,NA,NA,FALSE,1271,1276,1609,"Caprabo Lleida","Caprabo Lleida","LLE",1271,1199,"Jabones Pardo Fuenlabrada","Jabones Pardo","FUE",1,97,12000,10,22,45.45,23,45,51.11,21,25,84,21,10,31,7,6,9,0,0,1,0,21,24,96,0,0,0,1,0,97,92,0,NA,0,0,0,0,0,0,0
1489817,1,"Liga Nacional","Liga Endesa",-402534000,NA,"https://www.acb.com/Documentos/Cabeceras/logo-competicion-1b.png","https://www.acb.com/Documentos/Cabeceras/logo-competicion-4a.png",66,2001,107,NA,NA,1769,11065,NA,NA,TRUE,1267,1267,1355,"Leche Río Breogán","Leche Río Bre.","BRE",1274,4,"CB Granada","CB Granada","GRA",1,71,12000,7,21,33.33,14,32,43.75,22,30,73.33,18,12,30,6,10,16,0,3,1,1,23,29,69,0,0,1,0,0,71,83,0,NA,0,0,0,0,0,0,0
1489818,1,"Liga Nacional","Liga Endesa",-402534000,NA,"https://www.acb.com/Documentos/Cabeceras/logo-competicion-1b.png","https://www.acb.com/Documentos/Cabeceras/logo-competicion-4a.png",66,2001,107,NA,NA,1769,11065,NA,NA,FALSE,1274,1267,1355,"Leche Río Breogán","Leche Río Bre.","BRE",1274,4,"CB Granada","CB Granada","GRA",1,83,12000,5,13,38.46,25,41,60.98,18,21,85.71,22,7,29,6,13,15,0,1,3,6,29,23,81,0,0,0,1,0,83,71,0,NA,0,0,0,0,0,0,0
1489907,1,"Liga Nacional","Liga Endesa",-402534000,NA,"https://www.acb.com/Documentos/Cabeceras/logo-competicion-1b.png","https://www.acb.com/Documentos/Cabeceras/logo-competicion-4a.png",66,2001,107,NA,NA,1769,11069,NA,NA,TRUE,1275,1275,624,"DKV Joventut","DKV Joventut","DKV",1265,100,"FC Barcelona","FC Barcelona","FCB",1,93,12000,5,11,45,27,45,60,24,33,72,23,6,29,13,8,11,0,2,4,6,19,27,105,0,0,0,10,0,93,86,0,0,0,0,0,0,0,0,0
1489908,1,"Liga Nacional","Liga Endesa",-402534000,NA,"https://www.acb.com/Documentos/Cabeceras/logo-competicion-1b.png","https://www.acb.com/Documentos/Cabeceras/logo-competicion-4a.png",66,2001,107,NA,NA,1769,11069,NA,NA,FALSE,1265,1275,624,"DKV Joventut","DKV Joventut","DKV",1265,100,"FC Barcelona","FC Barcelona","FCB",1,86,12000,7,23,30.43,29,51,56.86,7,12,58.33,20,16,36,11,7,15,0,4,2,5,27,19,76,0,0,1,0,0,86,93,0,NA,0,0,0,0,0,0,0
1489974,1,"Liga Nacional","Liga Endesa",-402534000,NA,"https://www.acb.com/Documentos/Cabeceras/logo-competicion-1b.png","https://www.acb.com/Documentos/Cabeceras/logo-competicion-4a.png",66,2001,107,NA,NA,1769,11072,NA,NA,TRUE,1272,1272,1447,"Gijón Baloncesto","Gijón Bal.","GIJ",1281,1805,"Cantabria Lobos","Cantabria Lobos","CAN",1,75,12000,12,23,52,16,43,37,7,13,53,29,10,39,11,6,10,0,7,3,3,17,16,80,0,0,0,11,0,75,74,0,0,0,0,0,0,0,0,0
1489975,1,"Liga Nacional","Liga Endesa",-402534000,NA,"https://www.acb.com/Documentos/Cabeceras/logo-competicion-1b.png","https://www.acb.com/Documentos/Cabeceras/logo-competicion-4a.png",66,2001,107,NA,NA,1769,11072,NA,NA,FALSE,1281,1272,1447,"Gijón Baloncesto","Gijón Bal.","GIJ",1281,1805,"Cantabria Lobos","Cantabria Lobos","CAN",1,74,12000,9,21,42.86,18,47,38.3,11,12,91.67,31,13,44,1,6,12,0,3,7,0,16,17,68,0,0,1,0,0,74,75,0,NA,0,0,0,0,0,0,0
1490021,1,"Liga Nacional","Liga Endesa",-402534000,NA,"https://www.acb.com/Documentos/Cabeceras/logo-competicion-1b.png","https://www.acb.com/Documentos/Cabeceras/logo-competicion-4a.png",66,2001,107,NA,NA,1770,11074,NA,NA,FALSE,1267,1269,335,"Canarias Telecom","Canarias Tel.","GCA",1267,1355,"Leche Río Breogán","Leche Río Bre.","BRE",1,81,12000,6,17,35.29,26,42,61.9,11,19,57.89,17,6,23,18,9,13,0,2,0,0,25,20,80,0,0,1,0,0,81,92,0,NA,0,0,0,0,0,0,0
1490020,1,"Liga Nacional","Liga Endesa",-402534000,NA,"https://www.acb.com/Documentos/Cabeceras/logo-competicion-1b.png","https://www.acb.com/Documentos/Cabeceras/logo-competicion-4a.png",66,2001,107,NA,NA,1770,11074,NA,NA,TRUE,1269,1269,335,"Canarias Telecom","Canarias Tel.","GCA",1267,1355,"Leche Río Breogán","Leche Río Bre.","BRE",1,92,12000,6,15,40,23,36,63.89,28,30,93.33,24,4,28,11,9,10,0,0,2,3,20,25,109,0,0,0,1,0,92,81,0,NA,0,0,0,0,0,0,0
1490087,1,"Liga Nacional","Liga Endesa",-402534000,NA,"https://www.acb.com/Documentos/Cabeceras/logo-competicion-1b.png","https://www.acb.com/Documentos/Cabeceras/logo-competicion-4a.png",66,2001,107,NA,NA,1770,11077,NA,NA,TRUE,1271,1271,1199,"Jabones Pardo Fuenlabrada","Jabones Pardo","FUE",1277,758,"Real Madrid","Real Madrid","RMB",1,93,12000,10,23,43.48,22,39,56.41,19,23,82.61,19,8,27,15,5,8,0,0,2,0,27,21,90,0,0,0,1,0,93,73,0,NA,0,0,0,0,0,0,0
1490088,1,"Liga Nacional","Liga Endesa",-402534000,NA,"https://www.acb.com/Documentos/Cabeceras/logo-competicion-1b.png","https://www.acb.com/Documentos/Cabeceras/logo-competicion-4a.png",66,2001,107,NA,NA,1770,11077,NA,NA,FALSE,1277,1271,1199,"Jabones Pardo Fuenlabrada","Jabones Pardo","FUE",1277,758,"Real Madrid","Real Madrid","RMB",1,73,12000,2,11,18,23,44,52,21,26,80,25,8,33,15,4,13,0,2,0,4,21,27,85,0,0,10,0,0,73,93,0,0,0,0,0,0,0,0,0
1490203,1,"Liga Nacional","Liga Endesa",-402534000,NA,"https://www.acb.com/Documentos/Cabeceras/logo-competicion-1b.png","https://www.acb.com/Documentos/Cabeceras/logo-competicion-4a.png",66,2001,107,NA,NA,1770,11082,NA,NA,TRUE,1274,1274,4,"CB Granada","CB Granada","GRA",1273,1467,"Casademont Girona","Casademont Gir.","GIR",1,76,12000,8,19,42.11,23,48,47.92,6,9,66.67,20,11,31,13,12,15,0,2,2,3,24,19,73,0,0,1,0,0,76,87,0,NA,0,0,0,0,0,0,0
1490204,1,"Liga Nacional","Liga Endesa",-402534000,NA,"https://www.acb.com/Documentos/Cabeceras/logo-competicion-1b.png","https://www.acb.com/Documentos/Cabeceras/logo-competicion-4a.png",66,2001,107,NA,NA,1770,11082,NA,NA,FALSE,1273,1274,4,"CB Granada","CB Granada","GRA",1273,1467,"Casademont Girona","Casademont Gir.","GIR",1,87,12000,7,16,43.75,24,45,53.33,18,25,72,24,10,34,20,9,15,0,2,2,2,19,24,103,0,0,0,1,0,87,76,0,NA,0,0,0,0,0,0,0
1490155,1,"Liga Nacional","Liga Endesa",-402534000,NA,"https://www.acb.com/Documentos/Cabeceras/logo-competicion-1b.png","https://www.acb.com/Documentos/Cabeceras/logo-competicion-4a.png",66,2001,107,NA,NA,1770,11080,NA,NA,TRUE,1282,1282,1850,"Fórum Valladolid","Fórum Vall.","FOR",1279,1054,"Unicaja","Unicaja","UNI",1,67,12000,10,23,43.48,13,39,33.33,11,20,55,27,12,39,8,5,11,0,3,3,2,16,21,65,0,0,0,1,0,67,66,0,NA,0,0,0,0,0,0,0
1490156,1,"Liga Nacional","Liga Endesa",-402534000,NA,"https://www.acb.com/Documentos/Cabeceras/logo-competicion-1b.png","https://www.acb.com/Documentos/Cabeceras/logo-competicion-4a.png",66,2001,107,NA,NA,1770,11080,NA,NA,FALSE,1279,1282,1850,"Fórum Valladolid","Fórum Vall.","FOR",1279,1054,"Unicaja","Unicaja","UNI",1,66,12000,7,25,28,19,48,39,7,11,63,28,21,49,9,7,12,0,3,3,2,21,16,63,0,0,11,0,0,66,67,0,0,0,0,0,0,0,0,0
1490041,1,"Liga Nacional","Liga Endesa",-402534000,NA,"https://www.acb.com/Documentos/Cabeceras/logo-competicion-1b.png","https://www.acb.com/Documentos/Cabeceras/logo-competicion-4a.png",66,2001,107,NA,NA,1770,11075,NA,NA,FALSE,1266,1281,1805,"Cantabria Lobos","Cantabria Lobos","CAN",1266,214,"TAU Cerámica","TAU Cerámica","TAU",1,72,12000,5,22,22.73,25,41,60.98,7,13,53.85,26,7,33,10,8,12,0,1,4,5,22,18,65,0,0,1,0,0,72,76,0,NA,0,0,0,0,0,0,0
1490040,1,"Liga Nacional","Liga Endesa",-402534000,NA,"https://www.acb.com/Documentos/Cabeceras/logo-competicion-1b.png","https://www.acb.com/Documentos/Cabeceras/logo-competicion-4a.png",66,2001,107,NA,NA,1770,11075,NA,NA,TRUE,1281,1281,1805,"Cantabria Lobos","Cantabria Lobos","CAN",1266,214,"TAU Cerámica","TAU Cerámica","TAU",1,76,12000,11,21,52.38,14,31,45.16,15,22,68.18,27,3,30,12,10,12,0,4,1,1,18,22,89,0,0,0,1,0,76,72,0,NA,0,0,0,0,0,0,0
1490064,1,"Liga Nacional","Liga Endesa",-402534000,NA,"https://www.acb.com/Documentos/Cabeceras/logo-competicion-1b.png","https://www.acb.com/Documentos/Cabeceras/logo-competicion-4a.png",66,2001,107,NA,NA,1770,11076,NA,NA,FALSE,1272,1268,1374,"Cáceres CB","Cáceres CB","CAC",1272,1447,"Gijón Baloncesto","Gijón Bal.","GIJ",1,73,12000,7,24,29,20,41,48,12,15,80,22,11,33,5,2,8,0,6,3,1,18,18,67,0,0,10,0,0,73,78,0,0,0,0,0,0,0,0,0
1490063,1,"Liga Nacional","Liga Endesa",-402534000,NA,"https://www.acb.com/Documentos/Cabeceras/logo-competicion-1b.png","https://www.acb.com/Documentos/Cabeceras/logo-competicion-4a.png",66,2001,107,NA,NA,1770,11076,NA,NA,TRUE,1268,1268,1374,"Cáceres CB","Cáceres CB","CAC",1272,1447,"Gijón Baloncesto","Gijón Bal.","GIJ",1,78,12000,4,13,30,27,50,54,12,16,75,26,11,37,10,8,8,0,3,6,1,18,18,86,0,0,0,9,0,78,73,0,0,0,0,0,0,0,0,0
1490132,1,"Liga Nacional","Liga Endesa",-402534000,NA,"https://www.acb.com/Documentos/Cabeceras/logo-competicion-1b.png","https://www.acb.com/Documentos/Cabeceras/logo-competicion-4a.png",66,2001,107,NA,NA,1770,11079,NA,NA,TRUE,1278,1278,959,"Pamesa Valencia","Pamesa Valencia","PAM",1275,624,"DKV Joventut","DKV Joventut","DKV",1,77,12000,3,18,16.67,28,51,54.9,12,22,54.55,20,16,36,15,10,12,0,5,4,3,19,21,81,0,0,1,0,0,77,80,0,NA,0,0,0,0,0,0,0
1490133,1,"Liga Nacional","Liga Endesa",-402534000,NA,"https://www.acb.com/Documentos/Cabeceras/logo-competicion-1b.png","https://www.acb.com/Documentos/Cabeceras/logo-competicion-4a.png",66,2001,107,NA,NA,1770,11079,NA,NA,FALSE,1275,1278,959,"Pamesa Valencia","Pamesa Valencia","PAM",1275,624,"DKV Joventut","DKV Joventut","DKV",1,80,12000,6,15,40,22,44,50,18,20,90,23,12,35,22,4,17,0,4,5,3,21,19,88,0,0,0,12,0,80,77,0,0,0,0,0,0,0,0,0
1490181,1,"Liga Nacional","Liga Endesa",-402534000,NA,"https://www.acb.com/Documentos/Cabeceras/logo-competicion-1b.png","https://www.acb.com/Documentos/Cabeceras/logo-competicion-4a.png",66,2001,107,NA,NA,1770,11081,NA,NA,TRUE,1270,1270,461,"Adecco Estudiantes","Adecco Estu","EST",1280,1127,"Caja San Fernando","C. San Fernando","CSF",1,89,12000,7,23,30,27,49,55,14,17,82,25,14,39,10,11,10,0,6,0,0,23,25,106,0,0,0,13,0,89,69,0,0,0,0,0,0,0,0,0
1490182,1,"Liga Nacional","Liga Endesa",-402534000,NA,"https://www.acb.com/Documentos/Cabeceras/logo-competicion-1b.png","https://www.acb.com/Documentos/Cabeceras/logo-competicion-4a.png",66,2001,107,NA,NA,1770,11081,NA,NA,FALSE,1280,1270,461,"Adecco Estudiantes","Adecco Estu","EST",1280,1127,"Caja San Fernando","C. San Fernando","CSF",1,69,12000,10,32,31.25,14,31,45.16,11,14,78.57,22,9,31,4,9,16,0,0,6,1,25,23,47,0,0,1,0,0,69,89,0,NA,0,0,0,0,0,0,0
1490110,1,"Liga Nacional","Liga Endesa",-402534000,NA,"https://www.acb.com/Documentos/Cabeceras/logo-competicion-1b.png","https://www.acb.com/Documentos/Cabeceras/logo-competicion-4a.png",66,2001,107,NA,NA,1770,11078,NA,NA,FALSE,1276,1265,100,"FC Barcelona","FC Barcelona","FCB",1276,1609,"Caprabo Lleida","Caprabo Lleida","LLE",1,76,12000,6,19,31.58,20,46,43.48,18,28,64.29,17,18,35,18,8,13,0,1,5,2,29,24,66,0,0,1,0,0,76,87,0,NA,0,0,0,0,0,0,0
1490109,1,"Liga Nacional","Liga Endesa",-402534000,NA,"https://www.acb.com/Documentos/Cabeceras/logo-competicion-1b.png","https://www.acb.com/Documentos/Cabeceras/logo-competicion-4a.png",66,2001,107,NA,NA,1770,11078,NA,NA,TRUE,1265,1265,100,"FC Barcelona","FC Barcelona","FCB",1276,1609,"Caprabo Lleida","Caprabo Lleida","LLE",1,87,12000,6,14,42.86,21,42,50,27,31,87.1,27,10,37,17,11,13,0,5,1,5,24,29,115,0,0,0,1,0,87,76,0,NA,0,0,0,0,0,0,0
1490224,1,"Liga Nacional","Liga Endesa",-402534000,NA,"https://www.acb.com/Documentos/Cabeceras/logo-competicion-1b.png","https://www.acb.com/Documentos/Cabeceras/logo-competicion-4a.png",66,2001,107,NA,NA,1771,11083,NA,NA,TRUE,1267,1267,1355,"Leche Río Breogán","Leche Río Bre.","BRE",1281,1805,"Cantabria Lobos","Cantabria Lobos","CAN",1,76,12000,7,19,36.84,21,38,55.26,13,18,72.22,17,13,30,8,4,14,0,1,3,3,18,20,70,0,0,1,0,0,76,85,0,NA,0,0,0,0,0,0,0
1490225,1,"Liga Nacional","Liga Endesa",-402534000,NA,"https://www.acb.com/Documentos/Cabeceras/logo-competicion-1b.png","https://www.acb.com/Documentos/Cabeceras/logo-competicion-4a.png",66,2001,107,NA,NA,1771,11083,NA,NA,FALSE,1281,1267,1355,"Leche Río Breogán","Leche Río Bre.","BRE",1281,1805,"Cantabria Lobos","Cantabria Lobos","CAN",1,85,12000,8,24,33.33,25,36,69.44,11,17,64.71,15,12,27,9,10,9,0,3,1,0,20,18,89,0,0,0,1,0,85,76,0,NA,0,0,0,0,0,0,0
1490247,1,"Liga Nacional","Liga Endesa",-402534000,NA,"https://www.acb.com/Documentos/Cabeceras/logo-competicion-1b.png","https://www.acb.com/Documentos/Cabeceras/logo-competicion-4a.png",66,2001,107,NA,NA,1771,11084,NA,NA,TRUE,1269,1269,335,"Canarias Telecom","Canarias Tel.","GCA",1268,1374,"Cáceres CB","Cáceres CB","CAC",1,71,12000,6,15,40,20,42,47.62,13,18,72.22,26,8,34,8,4,14,0,3,1,1,18,18,69,0,0,0,1,0,71,68,0,NA,0,0,0,0,0,0,0
1490248,1,"Liga Nacional","Liga Endesa",-402534000,NA,"https://www.acb.com/Documentos/Cabeceras/logo-competicion-1b.png","https://www.acb.com/Documentos/Cabeceras/logo-competicion-4a.png",66,2001,107,NA,NA,1771,11084,NA,NA,FALSE,1268,1269,335,"Canarias Telecom","Canarias Tel.","GCA",1268,1374,"Cáceres CB","Cáceres CB","CAC",1,68,12000,6,21,28,19,44,43,12,16,75,23,13,36,10,6,15,0,1,3,0,18,18,59,0,0,9,0,0,68,71,0,0,0,0,0,0,0,0,0
1490367,1,"Liga Nacional","Liga Endesa",-402534000,NA,"https://www.acb.com/Documentos/Cabeceras/logo-competicion-1b.png","https://www.acb.com/Documentos/Cabeceras/logo-competicion-4a.png",66,2001,107,NA,NA,1771,11089,NA,NA,TRUE,1275,1275,624,"DKV Joventut","DKV Joventut","DKV",1270,461,"Adecco Estudiantes","Adecco Estu","EST",1,73,12000,2,15,13,24,45,53,19,27,70,28,15,43,14,7,25,0,5,3,9,21,22,73,0,0,11,0,0,73,86,0,0,0,0,0,0,0,0,0
1490368,1,"Liga Nacional","Liga Endesa",-402534000,NA,"https://www.acb.com/Documentos/Cabeceras/logo-competicion-1b.png","https://www.acb.com/Documentos/Cabeceras/logo-competicion-4a.png",66,2001,107,NA,NA,1771,11089,NA,NA,FALSE,1270,1275,624,"DKV Joventut","DKV Joventut","DKV",1270,461,"Adecco Estudiantes","Adecco Estu","EST",1,86,12000,4,21,19,30,59,50,14,21,66,22,17,39,12,15,12,0,3,5,3,22,21,84,0,0,0,10,0,86,73,0,0,0,0,0,0,0,0,0
1490294,1,"Liga Nacional","Liga Endesa",-402534000,NA,"https://www.acb.com/Documentos/Cabeceras/logo-competicion-1b.png","https://www.acb.com/Documentos/Cabeceras/logo-competicion-4a.png",66,2001,107,NA,NA,1771,11086,NA,NA,TRUE,1272,1272,1447,"Gijón Baloncesto","Gijón Bal.","GIJ",1265,100,"FC Barcelona","FC Barcelona","FCB",1,49,12000,3,17,17,20,50,40,0,0,0,36,7,43,8,5,13,0,2,4,4,18,9,37,0,0,11,0,0,49,70,0,0,0,0,0,0,0,0,0
1490295,1,"Liga Nacional","Liga Endesa",-402534000,NA,"https://www.acb.com/Documentos/Cabeceras/logo-competicion-1b.png","https://www.acb.com/Documentos/Cabeceras/logo-competicion-4a.png",66,2001,107,NA,NA,1771,11086,NA,NA,FALSE,1265,1272,1447,"Gijón Baloncesto","Gijón Bal.","GIJ",1265,100,"FC Barcelona","FC Barcelona","FCB",1,70,12000,8,24,33.33,16,45,35.56,14,17,82.35,37,12,49,11,7,9,0,4,2,0,9,18,91,0,0,0,1,0,70,49,0,NA,0,0,0,0,0,0,0
1490393,1,"Liga Nacional","Liga Endesa",-402534000,NA,"https://www.acb.com/Documentos/Cabeceras/logo-competicion-1b.png","https://www.acb.com/Documentos/Cabeceras/logo-competicion-4a.png",66,2001,107,NA,NA,1771,11090,NA,NA,TRUE,1279,1279,1054,"Unicaja","Unicaja","UNI",1274,4,"CB Granada","CB Granada","GRA",1,80,12000,6,20,30,25,47,53.19,12,26,46.15,34,19,53,17,7,20,0,5,3,2,22,25,92,0,0,0,1,0,80,65,0,NA,0,0,0,0,0,0,0
1490394,1,"Liga Nacional","Liga Endesa",-402534000,NA,"https://www.acb.com/Documentos/Cabeceras/logo-competicion-1b.png","https://www.acb.com/Documentos/Cabeceras/logo-competicion-4a.png",66,2001,107,NA,NA,1771,11090,NA,NA,FALSE,1274,1279,1054,"Unicaja","Unicaja","UNI",1274,4,"CB Granada","CB Granada","GRA",1,65,12000,5,16,31.25,21,54,38.89,8,19,42.11,25,15,40,9,13,14,0,3,5,2,25,22,53,0,0,1,0,0,65,80,0,NA,0,0,0,0,0,0,0
1490416,1,"Liga Nacional","Liga Endesa",-402534000,NA,"https://www.acb.com/Documentos/Cabeceras/logo-competicion-1b.png","https://www.acb.com/Documentos/Cabeceras/logo-competicion-4a.png",66,2001,107,NA,NA,1771,11091,NA,NA,TRUE,1280,1280,1127,"Caja San Fernando","C. San Fernando","CSF",1273,1467,"Casademont Girona","Casademont Gir.","GIR",1,72,12000,5,19,26.32,19,42,45.24,19,28,67.86,25,20,45,5,7,14,0,3,2,2,29,26,67,0,0,1,0,0,72,78,0,NA,0,0,0,0,0,0,0
1490417,1,"Liga Nacional","Liga Endesa",-402534000,NA,"https://www.acb.com/Documentos/Cabeceras/logo-competicion-1b.png","https://www.acb.com/Documentos/Cabeceras/logo-competicion-4a.png",66,2001,107,NA,NA,1771,11091,NA,NA,FALSE,1273,1280,1127,"Caja San Fernando","C. San Fernando","CSF",1273,1467,"Casademont Girona","Casademont Gir.","GIR",1,78,12000,6,17,35.29,21,38,55.26,18,25,72,22,7,29,10,4,9,0,2,3,0,26,29,79,0,0,0,1,0,78,72,0,NA,0,0,0,0,0,0,0
1490343,1,"Liga Nacional","Liga Endesa",-402534000,NA,"https://www.acb.com/Documentos/Cabeceras/logo-competicion-1b.png","https://www.acb.com/Documentos/Cabeceras/logo-competicion-4a.png",66,2001,107,NA,NA,1771,11088,NA,NA,TRUE,1276,1276,1609,"Caprabo Lleida","Caprabo Lleida","LLE",1282,1850,"Fórum Valladolid","Fórum Vall.","FOR",1,89,12000,7,17,41.18,26,48,54.17,16,24,66.67,25,14,39,16,9,13,0,6,3,7,25,24,102,0,0,0,1,0,89,70,0,NA,0,0,0,0,0,0,0
1490344,1,"Liga Nacional","Liga Endesa",-402534000,NA,"https://www.acb.com/Documentos/Cabeceras/logo-competicion-1b.png","https://www.acb.com/Documentos/Cabeceras/logo-competicion-4a.png",66,2001,107,NA,NA,1771,11088,NA,NA,FALSE,1282,1276,1609,"Caprabo Lleida","Caprabo Lleida","LLE",1282,1850,"Fórum Valladolid","Fórum Vall.","FOR",1,70,12000,4,14,28,20,38,52,18,33,54,24,10,34,7,7,14,0,3,6,2,24,25,59,0,0,11,0,0,70,89,0,0,0,0,0,0,0,0,0
1490268,1,"Liga Nacional","Liga Endesa",-402534000,NA,"https://www.acb.com/Documentos/Cabeceras/logo-competicion-1b.png","https://www.acb.com/Documentos/Cabeceras/logo-competicion-4a.png",66,2001,107,NA,NA,1771,11085,NA,NA,TRUE,1266,1266,214,"TAU Cerámica","TAU Cerámica","TAU",1271,1199,"Jabones Pardo Fuenlabrada","Jabones Pardo","FUE",1,73,12000,5,18,27.78,20,36,55.56,18,25,72,24,8,32,9,9,10,0,0,1,1,23,24,77,0,0,0,1,0,73,66,0,NA,0,0,0,0,0,0,0
1490269,1,"Liga Nacional","Liga Endesa",-402534000,NA,"https://www.acb.com/Documentos/Cabeceras/logo-competicion-1b.png","https://www.acb.com/Documentos/Cabeceras/logo-competicion-4a.png",66,2001,107,NA,NA,1771,11085,NA,NA,FALSE,1271,1266,214,"TAU Cerámica","TAU Cerámica","TAU",1271,1199,"Jabones Pardo Fuenlabrada","Jabones Pardo","FUE",1,66,12000,4,18,22.22,19,39,48.72,16,19,84.21,22,9,31,9,6,13,0,1,0,1,24,23,62,0,0,1,0,0,66,73,0,NA,0,0,0,0,0,0,0
1490319,1,"Liga Nacional","Liga Endesa",-402534000,NA,"https://www.acb.com/Documentos/Cabeceras/logo-competicion-1b.png","https://www.acb.com/Documentos/Cabeceras/logo-competicion-4a.png",66,2001,107,NA,NA,1771,11087,NA,NA,TRUE,1277,1277,758,"Real Madrid","Real Madrid","RMB",1278,959,"Pamesa Valencia","Pamesa Valencia","PAM",1,74,12000,5,17,29,17,31,54,25,30,83,22,8,30,9,10,13,0,2,3,2,21,28,85,0,0,0,11,0,74,69,0,0,0,0,0,0,0,0,0
1490320,1,"Liga Nacional","Liga Endesa",-402534000,NA,"https://www.acb.com/Documentos/Cabeceras/logo-competicion-1b.png","https://www.acb.com/Documentos/Cabeceras/logo-competicion-4a.png",66,2001,107,NA,NA,1771,11087,NA,NA,FALSE,1278,1277,758,"Real Madrid","Real Madrid","RMB",1278,959,"Pamesa Valencia","Pamesa Valencia","PAM",1,69,12000,8,16,50,15,45,33.33,15,22,68.18,19,14,33,8,8,16,0,3,2,1,28,21,51,0,0,1,0,0,69,74,0,NA,0,0,0,0,0,0,0
1490439,1,"Liga Nacional","Liga Endesa",-402534000,NA,"https://www.acb.com/Documentos/Cabeceras/logo-competicion-1b.png","https://www.acb.com/Documentos/Cabeceras/logo-competicion-4a.png",66,2001,107,NA,NA,1772,11092,NA,NA,FALSE,1267,1273,1467,"Casademont Girona","Casademont Gir.","GIR",1267,1355,"Leche Río Breogán","Leche Río Bre.","BRE",1,55,12000,3,16,18.75,20,44,45.45,6,7,85.71,27,12,39,5,5,15,0,1,0,0,21,13,44,0,0,1,0,0,55,59,0,NA,0,0,0,0,0,0,0
1490438,1,"Liga Nacional","Liga Endesa",-402534000,NA,"https://www.acb.com/Documentos/Cabeceras/logo-competicion-1b.png","https://www.acb.com/Documentos/Cabeceras/logo-competicion-4a.png",66,2001,107,NA,NA,1772,11092,NA,NA,TRUE,1273,1273,1467,"Casademont Girona","Casademont Gir.","GIR",1267,1355,"Leche Río Breogán","Leche Río Bre.","BRE",1,59,12000,5,12,41,16,38,42,12,15,80,24,3,27,6,10,12,0,0,1,2,13,21,65,0,0,0,9,0,59,55,0,0,0,0,0,0,0,0,0
1490510,1,"Liga Nacional","Liga Endesa",-402534000,NA,"https://www.acb.com/Documentos/Cabeceras/logo-competicion-1b.png","https://www.acb.com/Documentos/Cabeceras/logo-competicion-4a.png",66,2001,107,NA,NA,1772,11095,NA,NA,TRUE,1282,1282,1850,"Fórum Valladolid","Fórum Vall.","FOR",1275,624,"DKV Joventut","DKV Joventut","DKV",1,86,12000,11,22,50,21,37,56,11,16,68,28,6,34,15,4,13,0,2,4,0,22,16,86,0,0,0,10,0,86,73,0,0,0,0,0,0,0,0,0
1490511,1,"Liga Nacional","Liga Endesa",-402534000,NA,"https://www.acb.com/Documentos/Cabeceras/logo-competicion-1b.png","https://www.acb.com/Documentos/Cabeceras/logo-competicion-4a.png",66,2001,107,NA,NA,1772,11095,NA,NA,FALSE,1275,1282,1850,"Fórum Valladolid","Fórum Vall.","FOR",1275,624,"DKV Joventut","DKV Joventut","DKV",1,73,12000,5,15,33,20,47,42,18,26,69,24,8,32,12,8,9,0,4,2,4,16,22,79,0,0,10,0,0,73,86,0,0,0,0,0,0,0,0,0
1490461,1,"Liga Nacional","Liga Endesa",-402534000,NA,"https://www.acb.com/Documentos/Cabeceras/logo-competicion-1b.png","https://www.acb.com/Documentos/Cabeceras/logo-competicion-4a.png",66,2001,107,NA,NA,1772,11093,NA,NA,TRUE,1274,1274,4,"CB Granada","CB Granada","GRA",1280,1127,"Caja San Fernando","C. San Fernando","CSF",1,81,12000,2,16,12.5,25,49,51.02,25,32,78.12,23,14,37,12,13,10,0,2,2,3,20,28,96,0,0,0,1,0,81,74,0,NA,0,0,0,0,0,0,0
1490462,1,"Liga Nacional","Liga Endesa",-402534000,NA,"https://www.acb.com/Documentos/Cabeceras/logo-competicion-1b.png","https://www.acb.com/Documentos/Cabeceras/logo-competicion-4a.png",66,2001,107,NA,NA,1772,11093,NA,NA,FALSE,1280,1274,4,"CB Granada","CB Granada","GRA",1280,1127,"Caja San Fernando","C. San Fernando","CSF",1,74,12000,8,25,32,21,48,43.75,8,13,61.54,25,21,46,7,3,19,0,2,2,3,28,20,54,0,0,1,0,0,74,81,0,NA,0,0,0,0,0,0,0
1490534,1,"Liga Nacional","Liga Endesa",-402534000,NA,"https://www.acb.com/Documentos/Cabeceras/logo-competicion-1b.png","https://www.acb.com/Documentos/Cabeceras/logo-competicion-4a.png",66,2001,107,NA,NA,1772,11096,NA,NA,FALSE,1276,1278,959,"Pamesa Valencia","Pamesa Valencia","PAM",1276,1609,"Caprabo Lleida","Caprabo Lleida","LLE",1,60,12000,4,23,17.39,20,45,44.44,8,17,47.06,22,12,34,8,14,15,0,6,6,1,25,24,47,0,0,1,0,0,60,75,0,NA,0,0,0,0,0,0,0
1490533,1,"Liga Nacional","Liga Endesa",-402534000,NA,"https://www.acb.com/Documentos/Cabeceras/logo-competicion-1b.png","https://www.acb.com/Documentos/Cabeceras/logo-competicion-4a.png",66,2001,107,NA,NA,1772,11096,NA,NA,TRUE,1278,1278,959,"Pamesa Valencia","Pamesa Valencia","PAM",1276,1609,"Caprabo Lleida","Caprabo Lleida","LLE",1,75,12000,4,11,36.36,20,40,50,23,32,71.88,32,10,42,23,8,16,0,6,6,4,24,25,97,0,0,0,1,0,75,60,0,NA,0,0,0,0,0,0,0
1490487,1,"Liga Nacional","Liga Endesa",-402534000,NA,"https://www.acb.com/Documentos/Cabeceras/logo-competicion-1b.png","https://www.acb.com/Documentos/Cabeceras/logo-competicion-4a.png",66,2001,107,NA,NA,1772,11094,NA,NA,TRUE,1270,1270,461,"Adecco Estudiantes","Adecco Estu","EST",1279,1054,"Unicaja","Unicaja","UNI",1,89,12000,8,17,47,16,49,32,33,47,70,20,16,36,13,14,9,0,1,3,1,27,32,90,0,0,11,0,0,89,90,0,0,0,0,0,0,0,0,0
1490488,1,"Liga Nacional","Liga Endesa",-402534000,NA,"https://www.acb.com/Documentos/Cabeceras/logo-competicion-1b.png","https://www.acb.com/Documentos/Cabeceras/logo-competicion-4a.png",66,2001,107,NA,NA,1772,11094,NA,NA,FALSE,1279,1270,461,"Adecco Estudiantes","Adecco Estu","EST",1279,1054,"Unicaja","Unicaja","UNI",1,90,12000,8,23,34,22,36,61,22,27,81,33,11,44,3,5,21,0,3,1,0,32,27,84,0,0,0,11,0,90,89,0,0,0,0,0,0,0,0,0
1490558,1,"Liga Nacional","Liga Endesa",-402534000,NA,"https://www.acb.com/Documentos/Cabeceras/logo-competicion-1b.png","https://www.acb.com/Documentos/Cabeceras/logo-competicion-4a.png",66,2001,107,NA,NA,1772,11097,NA,NA,TRUE,1265,1265,100,"FC Barcelona","FC Barcelona","FCB",1277,758,"Real Madrid","Real Madrid","RMB",1,78,12000,4,23,17.39,24,53,45.28,18,18,100,23,15,38,11,12,11,0,2,3,4,23,24,80,0,0,0,1,0,78,73,0,NA,0,0,0,0,0,0,0
1490559,1,"Liga Nacional","Liga Endesa",-402534000,NA,"https://www.acb.com/Documentos/Cabeceras/logo-competicion-1b.png","https://www.acb.com/Documentos/Cabeceras/logo-competicion-4a.png",66,2001,107,NA,NA,1772,11097,NA,NA,FALSE,1277,1265,100,"FC Barcelona","FC Barcelona","FCB",1277,758,"Real Madrid","Real Madrid","RMB",1,73,12000,6,21,28,19,31,61,17,21,80,30,4,34,8,9,22,0,3,2,2,24,23,71,0,0,10,0,0,73,78,0,0,0,0,0,0,0,0,0
1490582,1,"Liga Nacional","Liga Endesa",-402534000,NA,"https://www.acb.com/Documentos/Cabeceras/logo-competicion-1b.png","https://www.acb.com/Documentos/Cabeceras/logo-competicion-4a.png",66,2001,107,NA,NA,1772,11098,NA,NA,FALSE,1272,1271,1199,"Jabones Pardo Fuenlabrada","Jabones Pardo","FUE",1272,1447,"Gijón Baloncesto","Gijón Bal.","GIJ",1,65,12000,6,17,35,20,40,50,7,13,53,23,12,35,6,6,15,0,3,7,0,20,22,58,0,0,10,0,0,65,70,0,0,0,0,0,0,0,0,0
1490581,1,"Liga Nacional","Liga Endesa",-402534000,NA,"https://www.acb.com/Documentos/Cabeceras/logo-competicion-1b.png","https://www.acb.com/Documentos/Cabeceras/logo-competicion-4a.png",66,2001,107,NA,NA,1772,11098,NA,NA,TRUE,1271,1271,1199,"Jabones Pardo Fuenlabrada","Jabones Pardo","FUE",1272,1447,"Gijón Baloncesto","Gijón Bal.","GIJ",1,70,12000,10,28,35.71,15,30,50,10,14,71.43,21,11,32,13,7,13,0,7,3,0,22,20,74,0,0,0,1,0,70,65,0,NA,0,0,0,0,0,0,0
1490602,1,"Liga Nacional","Liga Endesa",-402534000,NA,"https://www.acb.com/Documentos/Cabeceras/logo-competicion-1b.png","https://www.acb.com/Documentos/Cabeceras/logo-competicion-4a.png",66,2001,107,NA,NA,1772,11099,NA,NA,TRUE,1268,1268,1374,"Cáceres CB","Cáceres CB","CAC",1266,214,"TAU Cerámica","TAU Cerámica","TAU",1,62,12000,3,13,23,22,58,37,9,11,81,24,16,40,10,10,16,0,1,5,0,25,17,46,0,0,9,0,0,62,78,0,0,0,0,0,0,0,0,0
1490603,1,"Liga Nacional","Liga Endesa",-402534000,NA,"https://www.acb.com/Documentos/Cabeceras/logo-competicion-1b.png","https://www.acb.com/Documentos/Cabeceras/logo-competicion-4a.png",66,2001,107,NA,NA,1772,11099,NA,NA,FALSE,1266,1268,1374,"Cáceres CB","Cáceres CB","CAC",1266,214,"TAU Cerámica","TAU Cerámica","TAU",1,78,12000,4,11,36.36,28,45,62.22,10,20,50,29,3,32,15,9,13,0,5,1,1,17,25,99,0,0,0,1,0,78,62,0,NA,0,0,0,0,0,0,0
1490624,1,"Liga Nacional","Liga Endesa",-402534000,NA,"https://www.acb.com/Documentos/Cabeceras/logo-competicion-1b.png","https://www.acb.com/Documentos/Cabeceras/logo-competicion-4a.png",66,2001,107,NA,NA,1772,11100,NA,NA,TRUE,1281,1281,1805,"Cantabria Lobos","Cantabria Lobos","CAN",1269,335,"Canarias Telecom","Canarias Tel.","GCA",1,87,12000,8,16,50,26,52,50,11,17,64.71,20,14,34,18,7,6,0,6,4,4,28,20,94,0,0,0,1,0,87,83,0,NA,0,0,0,0,0,0,0
1490625,1,"Liga Nacional","Liga Endesa",-402534000,NA,"https://www.acb.com/Documentos/Cabeceras/logo-competicion-1b.png","https://www.acb.com/Documentos/Cabeceras/logo-competicion-4a.png",66,2001,107,NA,NA,1772,11100,NA,NA,FALSE,1269,1281,1805,"Cantabria Lobos","Cantabria Lobos","CAN",1269,335,"Canarias Telecom","Canarias Tel.","GCA",1,83,12000,11,28,39.29,13,33,39.39,24,31,77.42,21,18,39,11,1,11,0,4,6,1,20,28,85,0,0,1,0,0,83,87,0,NA,0,0,0,0,0,0,0
1490815,1,"Liga Nacional","Liga Endesa",-402534000,NA,"https://www.acb.com/Documentos/Cabeceras/logo-competicion-1b.png","https://www.acb.com/Documentos/Cabeceras/logo-competicion-4a.png",66,2001,107,NA,NA,1773,11108,NA,NA,TRUE,1269,1269,335,"Canarias Telecom","Canarias Tel.","GCA",1271,1199,"Jabones Pardo Fuenlabrada","Jabones Pardo","FUE",1,67,12000,4,22,18.18,21,41,51.22,13,16,81.25,27,14,41,11,7,15,0,2,1,3,25,21,67,0,0,1,0,0,67,75,0,NA,0,0,0,0,0,0,0
1490816,1,"Liga Nacional","Liga Endesa",-402534000,NA,"https://www.acb.com/Documentos/Cabeceras/logo-competicion-1b.png","https://www.acb.com/Documentos/Cabeceras/logo-competicion-4a.png",66,2001,107,NA,NA,1773,11108,NA,NA,FALSE,1271,1269,335,"Canarias Telecom","Canarias Tel.","GCA",1271,1199,"Jabones Pardo Fuenlabrada","Jabones Pardo","FUE",1,75,12000,6,18,33.33,19,35,54.29,19,28,67.86,23,4,27,14,8,9,0,1,2,0,21,25,81,0,0,0,1,0,75,67,0,NA,0,0,0,0,0,0,0
1490746,1,"Liga Nacional","Liga Endesa",-402534000,NA,"https://www.acb.com/Documentos/Cabeceras/logo-competicion-1b.png","https://www.acb.com/Documentos/Cabeceras/logo-competicion-4a.png",66,2001,107,NA,NA,1773,11105,NA,NA,TRUE,1277,1277,758,"Real Madrid","Real Madrid","RMB",1282,1850,"Fórum Valladolid","Fórum Vall.","FOR",1,101,15000,6,20,30,25,45,55,33,50,66,35,14,49,10,11,18,0,7,3,3,27,37,116,0,0,0,10,0,101,96,0,0,0,0,0,0,0,0,0
1490747,1,"Liga Nacional","Liga Endesa",-402534000,NA,"https://www.acb.com/Documentos/Cabeceras/logo-competicion-1b.png","https://www.acb.com/Documentos/Cabeceras/logo-competicion-4a.png",66,2001,107,NA,NA,1773,11105,NA,NA,FALSE,1282,1277,758,"Real Madrid","Real Madrid","RMB",1282,1850,"Fórum Valladolid","Fórum Vall.","FOR",1,96,15000,8,27,29,27,54,50,18,33,54,22,16,38,7,15,16,0,3,7,0,37,27,65,0,0,11,0,0,96,101,0,0,0,0,0,0,0,0,0
1490673,1,"Liga Nacional","Liga Endesa",-402534000,NA,"https://www.acb.com/Documentos/Cabeceras/logo-competicion-1b.png","https://www.acb.com/Documentos/Cabeceras/logo-competicion-4a.png",66,2001,107,NA,NA,1773,11102,NA,NA,TRUE,1279,1279,1054,"Unicaja","Unicaja","UNI",1273,1467,"Casademont Girona","Casademont Gir.","GIR",1,95,12000,5,14,35.71,28,44,63.64,24,28,85.71,34,11,45,15,13,19,0,11,0,2,28,22,125,0,0,0,1,0,95,58,0,NA,0,0,0,0,0,0,0
1490674,1,"Liga Nacional","Liga Endesa",-402534000,NA,"https://www.acb.com/Documentos/Cabeceras/logo-competicion-1b.png","https://www.acb.com/Documentos/Cabeceras/logo-competicion-4a.png",66,2001,107,NA,NA,1773,11102,NA,NA,FALSE,1273,1279,1054,"Unicaja","Unicaja","UNI",1273,1467,"Casademont Girona","Casademont Gir.","GIR",1,58,12000,1,8,12.5,22,64,34.38,11,21,52.38,14,20,34,7,12,17,0,0,11,1,22,28,30,0,0,1,0,0,58,95,0,NA,0,0,0,0,0,0,0
1490698,1,"Liga Nacional","Liga Endesa",-402534000,NA,"https://www.acb.com/Documentos/Cabeceras/logo-competicion-1b.png","https://www.acb.com/Documentos/Cabeceras/logo-competicion-4a.png",66,2001,107,NA,NA,1773,11103,NA,NA,TRUE,1275,1275,624,"DKV Joventut","DKV Joventut","DKV",1274,4,"CB Granada","CB Granada","GRA",1,87,12000,3,16,18,26,39,66,26,34,76,20,12,32,18,10,19,0,1,1,2,21,27,100,0,0,0,13,0,87,80,0,0,0,0,0,0,0,0,0
1490699,1,"Liga Nacional","Liga Endesa",-402534000,NA,"https://www.acb.com/Documentos/Cabeceras/logo-competicion-1b.png","https://www.acb.com/Documentos/Cabeceras/logo-competicion-4a.png",66,2001,107,NA,NA,1773,11103,NA,NA,FALSE,1274,1275,624,"DKV Joventut","DKV Joventut","DKV",1274,4,"CB Granada","CB Granada","GRA",1,80,12000,6,17,35.29,25,46,54.35,12,19,63.16,17,13,30,12,10,19,0,1,1,0,27,21,68,0,0,1,0,0,80,87,0,NA,0,0,0,0,0,0,0
1490770,1,"Liga Nacional","Liga Endesa",-402534000,NA,"https://www.acb.com/Documentos/Cabeceras/logo-competicion-1b.png","https://www.acb.com/Documentos/Cabeceras/logo-competicion-4a.png",66,2001,107,NA,NA,1773,11106,NA,NA,TRUE,1272,1272,1447,"Gijón Baloncesto","Gijón Bal.","GIJ",1278,959,"Pamesa Valencia","Pamesa Valencia","PAM",1,65,12000,8,22,36.36,16,37,43.24,9,11,81.82,19,12,31,8,6,13,0,3,2,1,21,17,57,0,0,1,0,0,65,78,0,NA,0,0,0,0,0,0,0
1490771,1,"Liga Nacional","Liga Endesa",-402534000,NA,"https://www.acb.com/Documentos/Cabeceras/logo-competicion-1b.png","https://www.acb.com/Documentos/Cabeceras/logo-competicion-4a.png",66,2001,107,NA,NA,1773,11106,NA,NA,FALSE,1278,1272,1447,"Gijón Baloncesto","Gijón Bal.","GIJ",1278,959,"Pamesa Valencia","Pamesa Valencia","PAM",1,78,12000,7,18,38.89,22,41,53.66,13,18,72.22,23,13,36,10,9,10,0,2,3,0,17,21,91,0,0,0,1,0,78,65,0,NA,0,0,0,0,0,0,0
1490721,1,"Liga Nacional","Liga Endesa",-402534000,NA,"https://www.acb.com/Documentos/Cabeceras/logo-competicion-1b.png","https://www.acb.com/Documentos/Cabeceras/logo-competicion-4a.png",66,2001,107,NA,NA,1773,11104,NA,NA,TRUE,1276,1276,1609,"Caprabo Lleida","Caprabo Lleida","LLE",1270,461,"Adecco Estudiantes","Adecco Estu","EST",1,86,12000,7,23,30.43,26,42,61.9,13,18,72.22,16,11,27,13,11,9,0,4,4,6,26,20,85,0,0,0,1,0,86,74,0,NA,0,0,0,0,0,0,0
1490722,1,"Liga Nacional","Liga Endesa",-402534000,NA,"https://www.acb.com/Documentos/Cabeceras/logo-competicion-1b.png","https://www.acb.com/Documentos/Cabeceras/logo-competicion-4a.png",66,2001,107,NA,NA,1773,11104,NA,NA,FALSE,1270,1276,1609,"Caprabo Lleida","Caprabo Lleida","LLE",1270,461,"Adecco Estudiantes","Adecco Estu","EST",1,74,12000,5,18,27,21,37,56,17,28,60,24,16,40,7,5,20,0,4,4,2,20,26,72,0,0,9,0,0,74,86,0,0,0,0,0,0,0,0,0
1490647,1,"Liga Nacional","Liga Endesa",-402534000,NA,"https://www.acb.com/Documentos/Cabeceras/logo-competicion-1b.png","https://www.acb.com/Documentos/Cabeceras/logo-competicion-4a.png",66,2001,107,NA,NA,1773,11101,NA,NA,TRUE,1267,1267,1355,"Leche Río Breogán","Leche Río Bre.","BRE",1280,1127,"Caja San Fernando","C. San Fernando","CSF",1,91,12000,6,16,37.5,23,38,60.53,27,37,72.97,22,8,30,4,7,14,0,0,4,1,31,28,76,0,0,0,1,0,91,90,0,NA,0,0,0,0,0,0,0
1490648,1,"Liga Nacional","Liga Endesa",-402534000,NA,"https://www.acb.com/Documentos/Cabeceras/logo-competicion-1b.png","https://www.acb.com/Documentos/Cabeceras/logo-competicion-4a.png",66,2001,107,NA,NA,1773,11101,NA,NA,FALSE,1280,1267,1355,"Leche Río Breogán","Leche Río Bre.","BRE",1280,1127,"Caja San Fernando","C. San Fernando","CSF",1,90,12000,8,18,44.44,22,40,55,22,36,61.11,20,10,30,6,10,14,0,4,0,0,28,31,87,0,0,1,0,0,90,91,0,NA,0,0,0,0,0,0,0
1490792,1,"Liga Nacional","Liga Endesa",-402534000,NA,"https://www.acb.com/Documentos/Cabeceras/logo-competicion-1b.png","https://www.acb.com/Documentos/Cabeceras/logo-competicion-4a.png",66,2001,107,NA,NA,1773,11107,NA,NA,TRUE,1266,1266,214,"TAU Cerámica","TAU Cerámica","TAU",1265,100,"FC Barcelona","FC Barcelona","FCB",1,96,12000,4,11,36.36,36,58,62.07,12,25,48,24,15,39,20,10,8,0,1,1,3,27,26,114,0,0,0,1,0,96,82,0,NA,0,0,0,0,0,0,0
1490793,1,"Liga Nacional","Liga Endesa",-402534000,NA,"https://www.acb.com/Documentos/Cabeceras/logo-competicion-1b.png","https://www.acb.com/Documentos/Cabeceras/logo-competicion-4a.png",66,2001,107,NA,NA,1773,11107,NA,NA,FALSE,1265,1266,214,"TAU Cerámica","TAU Cerámica","TAU",1265,100,"FC Barcelona","FC Barcelona","FCB",1,82,12000,10,21,47.62,16,32,50,20,26,76.92,20,6,26,13,6,13,0,1,1,1,26,27,82,0,0,1,0,0,82,96,0,NA,0,0,0,0,0,0,0
1490839,1,"Liga Nacional","Liga Endesa",-402534000,NA,"https://www.acb.com/Documentos/Cabeceras/logo-competicion-1b.png","https://www.acb.com/Documentos/Cabeceras/logo-competicion-4a.png",66,2001,107,NA,NA,1773,11109,NA,NA,FALSE,1268,1281,1805,"Cantabria Lobos","Cantabria Lobos","CAN",1268,1374,"Cáceres CB","Cáceres CB","CAC",1,84,12000,3,15,20,24,35,68,27,32,84,29,7,36,14,8,18,0,2,2,3,17,24,103,0,0,0,9,0,84,73,0,0,0,0,0,0,0,0,0
1490838,1,"Liga Nacional","Liga Endesa",-402534000,NA,"https://www.acb.com/Documentos/Cabeceras/logo-competicion-1b.png","https://www.acb.com/Documentos/Cabeceras/logo-competicion-4a.png",66,2001,107,NA,NA,1773,11109,NA,NA,TRUE,1281,1281,1805,"Cantabria Lobos","Cantabria Lobos","CAN",1268,1374,"Cáceres CB","Cáceres CB","CAC",1,73,12000,10,28,35.71,15,30,50,13,16,81.25,17,4,21,7,12,15,0,2,2,1,24,17,55,0,0,1,0,0,73,84,0,NA,0,0,0,0,0,0,0
1490905,1,"Liga Nacional","Liga Endesa",-402534000,NA,"https://www.acb.com/Documentos/Cabeceras/logo-competicion-1b.png","https://www.acb.com/Documentos/Cabeceras/logo-competicion-4a.png",66,2001,107,NA,NA,1774,11112,NA,NA,TRUE,1265,1265,100,"FC Barcelona","FC Barcelona","FCB",1269,335,"Canarias Telecom","Canarias Tel.","GCA",1,98,12000,13,25,52,25,36,69.44,9,12,75,21,8,29,24,15,11,0,1,0,4,15,17,132,0,0,0,1,0,98,70,0,NA,0,0,0,0,0,0,0
1490906,1,"Liga Nacional","Liga Endesa",-402534000,NA,"https://www.acb.com/Documentos/Cabeceras/logo-competicion-1b.png","https://www.acb.com/Documentos/Cabeceras/logo-competicion-4a.png",66,2001,107,NA,NA,1774,11112,NA,NA,FALSE,1269,1265,100,"FC Barcelona","FC Barcelona","FCB",1269,335,"Canarias Telecom","Canarias Tel.","GCA",1,70,12000,10,19,52.63,17,39,43.59,6,10,60,14,11,25,15,7,18,0,0,1,2,17,15,61,0,0,1,0,0,70,98,0,NA,0,0,0,0,0,0,0
1490927,1,"Liga Nacional","Liga Endesa",-402534000,NA,"https://www.acb.com/Documentos/Cabeceras/logo-competicion-1b.png","https://www.acb.com/Documentos/Cabeceras/logo-competicion-4a.png",66,2001,107,NA,NA,1774,11113,NA,NA,TRUE,1278,1278,959,"Pamesa Valencia","Pamesa Valencia","PAM",1266,214,"TAU Cerámica","TAU Cerámica","TAU",1,78,12000,5,15,33.33,25,47,53.19,13,25,52,27,10,37,10,8,10,0,2,1,3,18,24,86,0,0,0,1,0,78,67,0,NA,0,0,0,0,0,0,0
1490928,1,"Liga Nacional","Liga Endesa",-402534000,NA,"https://www.acb.com/Documentos/Cabeceras/logo-competicion-1b.png","https://www.acb.com/Documentos/Cabeceras/logo-competicion-4a.png",66,2001,107,NA,NA,1774,11113,NA,NA,FALSE,1266,1278,959,"Pamesa Valencia","Pamesa Valencia","PAM",1266,214,"TAU Cerámica","TAU Cerámica","TAU",1,67,12000,11,29,37.93,15,35,42.86,4,8,50,23,11,34,16,9,18,0,1,2,0,24,18,59,0,0,1,0,0,67,78,0,NA,0,0,0,0,0,0,0
1491023,1,"Liga Nacional","Liga Endesa",-402534000,NA,"https://www.acb.com/Documentos/Cabeceras/logo-competicion-1b.png","https://www.acb.com/Documentos/Cabeceras/logo-competicion-4a.png",66,2001,107,NA,NA,1774,11117,NA,NA,TRUE,1273,1273,1467,"Casademont Girona","Casademont Gir.","GIR",1275,624,"DKV Joventut","DKV Joventut","DKV",1,90,12000,9,20,45,22,45,48.89,19,20,95,24,14,38,12,3,12,0,0,2,0,26,22,90,0,0,0,1,0,90,89,0,NA,0,0,0,0,0,0,0
1491024,1,"Liga Nacional","Liga Endesa",-402534000,NA,"https://www.acb.com/Documentos/Cabeceras/logo-competicion-1b.png","https://www.acb.com/Documentos/Cabeceras/logo-competicion-4a.png",66,2001,107,NA,NA,1774,11117,NA,NA,FALSE,1275,1273,1467,"Casademont Girona","Casademont Gir.","GIR",1275,624,"DKV Joventut","DKV Joventut","DKV",1,89,12000,8,23,34,22,35,62,21,30,70,18,8,26,9,4,8,0,2,0,1,22,26,89,0,0,11,0,0,89,90,0,0,0,0,0,0,0,0,0
1491047,1,"Liga Nacional","Liga Endesa",-402534000,NA,"https://www.acb.com/Documentos/Cabeceras/logo-competicion-1b.png","https://www.acb.com/Documentos/Cabeceras/logo-competicion-4a.png",66,2001,107,NA,NA,1774,11118,NA,NA,TRUE,1280,1280,1127,"Caja San Fernando","C. San Fernando","CSF",1279,1054,"Unicaja","Unicaja","UNI",1,78,12000,7,24,29.17,18,33,54.55,21,30,70,20,9,29,14,14,7,0,3,3,3,26,24,85,0,0,0,1,0,78,69,0,NA,0,0,0,0,0,0,0
1491048,1,"Liga Nacional","Liga Endesa",-402534000,NA,"https://www.acb.com/Documentos/Cabeceras/logo-competicion-1b.png","https://www.acb.com/Documentos/Cabeceras/logo-competicion-4a.png",66,2001,107,NA,NA,1774,11118,NA,NA,FALSE,1279,1280,1127,"Caja San Fernando","C. San Fernando","CSF",1279,1054,"Unicaja","Unicaja","UNI",1,69,12000,5,26,19,16,33,48,22,34,64,26,20,46,9,5,17,0,3,3,0,24,26,64,0,0,11,0,0,69,78,0,0,0,0,0,0,0,0,0
1490862,1,"Liga Nacional","Liga Endesa",-402534000,NA,"https://www.acb.com/Documentos/Cabeceras/logo-competicion-1b.png","https://www.acb.com/Documentos/Cabeceras/logo-competicion-4a.png",66,2001,107,NA,NA,1774,11110,NA,NA,TRUE,1268,1268,1374,"Cáceres CB","Cáceres CB","CAC",1267,1355,"Leche Río Breogán","Leche Río Bre.","BRE",1,77,12000,8,22,36,20,36,55,13,19,68,22,8,30,19,16,15,0,1,3,3,21,26,94,0,0,0,10,0,77,60,0,0,0,0,0,0,0,0,0
1490863,1,"Liga Nacional","Liga Endesa",-402534000,NA,"https://www.acb.com/Documentos/Cabeceras/logo-competicion-1b.png","https://www.acb.com/Documentos/Cabeceras/logo-competicion-4a.png",66,2001,107,NA,NA,1774,11110,NA,NA,FALSE,1267,1268,1374,"Cáceres CB","Cáceres CB","CAC",1267,1355,"Leche Río Breogán","Leche Río Bre.","BRE",1,60,12000,6,19,31.58,15,37,40.54,12,18,66.67,22,14,36,6,9,23,0,3,1,0,26,21,44,0,0,1,0,0,60,77,0,NA,0,0,0,0,0,0,0
1490883,1,"Liga Nacional","Liga Endesa",-402534000,NA,"https://www.acb.com/Documentos/Cabeceras/logo-competicion-1b.png","https://www.acb.com/Documentos/Cabeceras/logo-competicion-4a.png",66,2001,107,NA,NA,1774,11111,NA,NA,TRUE,1271,1271,1199,"Jabones Pardo Fuenlabrada","Jabones Pardo","FUE",1281,1805,"Cantabria Lobos","Cantabria Lobos","CAN",1,83,12000,10,33,30.3,19,30,63.33,15,16,93.75,25,11,36,16,7,12,0,1,2,0,24,18,88,0,0,0,1,0,83,82,0,NA,0,0,0,0,0,0,0
1490884,1,"Liga Nacional","Liga Endesa",-402534000,NA,"https://www.acb.com/Documentos/Cabeceras/logo-competicion-1b.png","https://www.acb.com/Documentos/Cabeceras/logo-competicion-4a.png",66,2001,107,NA,NA,1774,11111,NA,NA,FALSE,1281,1271,1199,"Jabones Pardo Fuenlabrada","Jabones Pardo","FUE",1281,1805,"Cantabria Lobos","Cantabria Lobos","CAN",1,82,12000,8,18,44.44,22,38,57.89,14,25,56,21,5,26,12,3,11,0,2,1,0,18,24,82,0,0,1,0,0,82,83,0,NA,0,0,0,0,0,0,0
1490954,1,"Liga Nacional","Liga Endesa",-402534000,NA,"https://www.acb.com/Documentos/Cabeceras/logo-competicion-1b.png","https://www.acb.com/Documentos/Cabeceras/logo-competicion-4a.png",66,2001,107,NA,NA,1774,11114,NA,NA,TRUE,1282,1282,1850,"Fórum Valladolid","Fórum Vall.","FOR",1272,1447,"Gijón Baloncesto","Gijón Bal.","GIJ",1,96,12000,4,17,23.53,31,50,62,22,28,78.57,29,14,43,19,12,16,0,5,3,3,20,23,121,0,0,0,1,0,96,77,0,NA,0,0,0,0,0,0,0
1490955,1,"Liga Nacional","Liga Endesa",-402534000,NA,"https://www.acb.com/Documentos/Cabeceras/logo-competicion-1b.png","https://www.acb.com/Documentos/Cabeceras/logo-competicion-4a.png",66,2001,107,NA,NA,1774,11114,NA,NA,FALSE,1272,1282,1850,"Fórum Valladolid","Fórum Vall.","FOR",1272,1447,"Gijón Baloncesto","Gijón Bal.","GIJ",1,77,12000,6,21,28,22,49,44,15,19,78,19,10,29,11,11,17,0,3,5,0,23,20,60,0,0,12,0,0,77,96,0,0,0,0,0,0,0,0,0
1490978,1,"Liga Nacional","Liga Endesa",-402534000,NA,"https://www.acb.com/Documentos/Cabeceras/logo-competicion-1b.png","https://www.acb.com/Documentos/Cabeceras/logo-competicion-4a.png",66,2001,107,NA,NA,1774,11115,NA,NA,TRUE,1270,1270,461,"Adecco Estudiantes","Adecco Estu","EST",1277,758,"Real Madrid","Real Madrid","RMB",1,89,12000,6,24,25,26,53,49,19,28,67,17,19,36,11,10,6,0,4,5,1,26,27,86,0,0,10,0,0,89,100,0,0,0,0,0,0,0,0,0
1490979,1,"Liga Nacional","Liga Endesa",-402534000,NA,"https://www.acb.com/Documentos/Cabeceras/logo-competicion-1b.png","https://www.acb.com/Documentos/Cabeceras/logo-competicion-4a.png",66,2001,107,NA,NA,1774,11115,NA,NA,FALSE,1277,1270,461,"Adecco Estudiantes","Adecco Estu","EST",1277,758,"Real Madrid","Real Madrid","RMB",1,100,12000,15,26,57,17,36,47,21,24,87,29,8,37,13,2,10,0,5,4,5,27,26,109,0,0,0,10,0,100,89,0,0,0,0,0,0,0,0,0
1491001,1,"Liga Nacional","Liga Endesa",-402534000,NA,"https://www.acb.com/Documentos/Cabeceras/logo-competicion-1b.png","https://www.acb.com/Documentos/Cabeceras/logo-competicion-4a.png",66,2001,107,NA,NA,1774,11116,NA,NA,TRUE,1274,1274,4,"CB Granada","CB Granada","GRA",1276,1609,"Caprabo Lleida","Caprabo Lleida","LLE",1,88,12000,7,20,35,23,52,44.23,21,32,65.62,26,18,44,7,7,8,0,4,4,1,23,27,89,0,0,1,0,0,88,94,0,NA,0,0,0,0,0,0,0
1491002,1,"Liga Nacional","Liga Endesa",-402534000,NA,"https://www.acb.com/Documentos/Cabeceras/logo-competicion-1b.png","https://www.acb.com/Documentos/Cabeceras/logo-competicion-4a.png",66,2001,107,NA,NA,1774,11116,NA,NA,FALSE,1276,1274,4,"CB Granada","CB Granada","GRA",1276,1609,"Caprabo Lleida","Caprabo Lleida","LLE",1,94,12000,14,32,43.75,19,34,55.88,14,26,53.85,28,8,36,20,5,10,0,4,4,4,27,23,96,0,0,0,1,0,94,88,0,NA,0,0,0,0,0,0,0
1491075,1,"Liga Nacional","Liga Endesa",-402534000,NA,"https://www.acb.com/Documentos/Cabeceras/logo-competicion-1b.png","https://www.acb.com/Documentos/Cabeceras/logo-competicion-4a.png",66,2001,107,NA,NA,1775,11119,NA,NA,TRUE,1267,1267,1355,"Leche Río Breogán","Leche Río Bre.","BRE",1279,1054,"Unicaja","Unicaja","UNI",1,52,12000,2,15,13.33,18,40,45,10,12,83.33,15,7,22,3,15,12,0,1,5,0,21,21,39,0,0,1,0,0,52,72,0,NA,0,0,0,0,0,0,0
1491076,1,"Liga Nacional","Liga Endesa",-402534000,NA,"https://www.acb.com/Documentos/Cabeceras/logo-competicion-1b.png","https://www.acb.com/Documentos/Cabeceras/logo-competicion-4a.png",66,2001,107,NA,NA,1775,11119,NA,NA,FALSE,1279,1267,1355,"Leche Río Breogán","Leche Río Bre.","BRE",1279,1054,"Unicaja","Unicaja","UNI",1,72,12000,8,17,47,19,36,52,10,15,66,27,12,39,6,4,18,0,5,1,2,21,21,76,0,0,0,12,0,72,52,0,0,0,0,0,0,0,0,0
1491230,1,"Liga Nacional","Liga Endesa",-402534000,NA,"https://www.acb.com/Documentos/Cabeceras/logo-competicion-1b.png","https://www.acb.com/Documentos/Cabeceras/logo-competicion-4a.png",66,2001,107,NA,NA,1775,11126,NA,NA,FALSE,1265,1281,1805,"Cantabria Lobos","Cantabria Lobos","CAN",1265,100,"FC Barcelona","FC Barcelona","FCB",1,88,12000,14,27,51.85,17,36,47.22,12,13,92.31,26,8,34,19,4,10,0,2,7,3,17,19,99,0,0,0,1,0,88,76,0,NA,0,0,0,0,0,0,0
1491229,1,"Liga Nacional","Liga Endesa",-402534000,NA,"https://www.acb.com/Documentos/Cabeceras/logo-competicion-1b.png","https://www.acb.com/Documentos/Cabeceras/logo-competicion-4a.png",66,2001,107,NA,NA,1775,11126,NA,NA,TRUE,1281,1281,1805,"Cantabria Lobos","Cantabria Lobos","CAN",1265,100,"FC Barcelona","FC Barcelona","FCB",1,76,12000,9,18,50,21,54,38.89,7,10,70,23,16,39,12,6,6,0,7,2,2,19,17,85,0,0,1,0,0,76,88,0,NA,0,0,0,0,0,0,0
1491186,1,"Liga Nacional","Liga Endesa",-402534000,NA,"https://www.acb.com/Documentos/Cabeceras/logo-competicion-1b.png","https://www.acb.com/Documentos/Cabeceras/logo-competicion-4a.png",66,2001,107,NA,NA,1775,11124,NA,NA,FALSE,1282,1266,214,"TAU Cerámica","TAU Cerámica","TAU",1282,1850,"Fórum Valladolid","Fórum Vall.","FOR",1,72,12000,8,23,34.78,16,31,51.61,16,18,88.89,19,10,29,8,9,21,0,4,3,1,16,18,68,0,0,1,0,0,72,82,0,NA,0,0,0,0,0,0,0
1491185,1,"Liga Nacional","Liga Endesa",-402534000,NA,"https://www.acb.com/Documentos/Cabeceras/logo-competicion-1b.png","https://www.acb.com/Documentos/Cabeceras/logo-competicion-4a.png",66,2001,107,NA,NA,1775,11124,NA,NA,TRUE,1266,1266,214,"TAU Cerámica","TAU Cerámica","TAU",1282,1850,"Fórum Valladolid","Fórum Vall.","FOR",1,82,12000,4,11,36.36,31,64,48.44,8,8,100,21,20,41,15,9,13,0,3,4,0,18,16,91,0,0,0,1,0,82,72,0,NA,0,0,0,0,0,0,0
1491118,1,"Liga Nacional","Liga Endesa",-402534000,NA,"https://www.acb.com/Documentos/Cabeceras/logo-competicion-1b.png","https://www.acb.com/Documentos/Cabeceras/logo-competicion-4a.png",66,2001,107,NA,NA,1775,11121,NA,NA,TRUE,1276,1276,1609,"Caprabo Lleida","Caprabo Lleida","LLE",1273,1467,"Casademont Girona","Casademont Gir.","GIR",1,86,12000,8,20,40,23,38,60.53,16,25,64,28,7,35,14,10,19,0,4,0,7,25,25,94,0,0,0,1,0,86,74,0,NA,0,0,0,0,0,0,0
1491119,1,"Liga Nacional","Liga Endesa",-402534000,NA,"https://www.acb.com/Documentos/Cabeceras/logo-competicion-1b.png","https://www.acb.com/Documentos/Cabeceras/logo-competicion-4a.png",66,2001,107,NA,NA,1775,11121,NA,NA,FALSE,1273,1276,1609,"Caprabo Lleida","Caprabo Lleida","LLE",1273,1467,"Casademont Girona","Casademont Gir.","GIR",1,74,12000,5,19,26.32,20,36,55.56,19,26,73.08,25,4,29,5,13,16,0,0,4,4,25,25,64,0,0,1,0,0,74,86,0,NA,0,0,0,0,0,0,0
1491207,1,"Liga Nacional","Liga Endesa",-402534000,NA,"https://www.acb.com/Documentos/Cabeceras/logo-competicion-1b.png","https://www.acb.com/Documentos/Cabeceras/logo-competicion-4a.png",66,2001,107,NA,NA,1775,11125,NA,NA,TRUE,1269,1269,335,"Canarias Telecom","Canarias Tel.","GCA",1278,959,"Pamesa Valencia","Pamesa Valencia","PAM",1,69,12000,5,21,23.81,19,36,52.78,16,20,80,26,9,35,9,8,18,0,3,1,0,26,25,67,0,0,1,0,0,69,80,0,NA,0,0,0,0,0,0,0
1491208,1,"Liga Nacional","Liga Endesa",-402534000,NA,"https://www.acb.com/Documentos/Cabeceras/logo-competicion-1b.png","https://www.acb.com/Documentos/Cabeceras/logo-competicion-4a.png",66,2001,107,NA,NA,1775,11125,NA,NA,FALSE,1278,1269,335,"Canarias Telecom","Canarias Tel.","GCA",1278,959,"Pamesa Valencia","Pamesa Valencia","PAM",1,80,12000,5,18,27.78,21,44,47.73,23,30,76.67,25,12,37,20,10,13,0,1,3,1,25,26,90,0,0,0,1,0,80,69,0,NA,0,0,0,0,0,0,0
1491140,1,"Liga Nacional","Liga Endesa",-402534000,NA,"https://www.acb.com/Documentos/Cabeceras/logo-competicion-1b.png","https://www.acb.com/Documentos/Cabeceras/logo-competicion-4a.png",66,2001,107,NA,NA,1775,11122,NA,NA,TRUE,1277,1277,758,"Real Madrid","Real Madrid","RMB",1274,4,"CB Granada","CB Granada","GRA",1,84,12000,5,17,29,29,49,59,11,15,73,25,9,34,16,10,14,0,7,4,2,26,21,92,0,0,10,0,0,84,87,0,0,0,0,0,0,0,0,0
1491141,1,"Liga Nacional","Liga Endesa",-402534000,NA,"https://www.acb.com/Documentos/Cabeceras/logo-competicion-1b.png","https://www.acb.com/Documentos/Cabeceras/logo-competicion-4a.png",66,2001,107,NA,NA,1775,11122,NA,NA,FALSE,1274,1277,758,"Real Madrid","Real Madrid","RMB",1274,4,"CB Granada","CB Granada","GRA",1,87,12000,4,23,17.39,26,54,48.15,23,30,76.67,24,24,48,6,13,11,0,4,7,1,21,26,91,0,0,0,1,0,87,84,0,NA,0,0,0,0,0,0,0
1491097,1,"Liga Nacional","Liga Endesa",-402534000,NA,"https://www.acb.com/Documentos/Cabeceras/logo-competicion-1b.png","https://www.acb.com/Documentos/Cabeceras/logo-competicion-4a.png",66,2001,107,NA,NA,1775,11120,NA,NA,TRUE,1275,1275,624,"DKV Joventut","DKV Joventut","DKV",1280,1127,"Caja San Fernando","C. San Fernando","CSF",1,89,12000,11,22,50,20,33,60.61,16,27,59.26,21,8,29,18,12,15,0,4,1,3,24,25,102,0,0,0,1,0,89,87,0,NA,0,0,0,0,0,0,0
1491098,1,"Liga Nacional","Liga Endesa",-402534000,NA,"https://www.acb.com/Documentos/Cabeceras/logo-competicion-1b.png","https://www.acb.com/Documentos/Cabeceras/logo-competicion-4a.png",66,2001,107,NA,NA,1775,11120,NA,NA,FALSE,1280,1275,624,"DKV Joventut","DKV Joventut","DKV",1280,1127,"Caja San Fernando","C. San Fernando","CSF",1,87,12000,8,25,32,24,39,61.54,15,19,78.95,20,10,30,14,10,12,0,1,4,1,25,24,89,0,0,1,0,0,87,89,0,NA,0,0,0,0,0,0,0
1491167,1,"Liga Nacional","Liga Endesa",-402534000,NA,"https://www.acb.com/Documentos/Cabeceras/logo-competicion-1b.png","https://www.acb.com/Documentos/Cabeceras/logo-competicion-4a.png",66,2001,107,NA,NA,1775,11123,NA,NA,FALSE,1270,1272,1447,"Gijón Baloncesto","Gijón Bal.","GIJ",1270,461,"Adecco Estudiantes","Adecco Estu","EST",1,88,12000,6,20,30,29,46,63,12,19,63,24,11,35,18,10,9,0,0,0,3,26,23,101,0,0,0,11,0,88,87,0,0,0,0,0,0,0,0,0
1491166,1,"Liga Nacional","Liga Endesa",-402534000,NA,"https://www.acb.com/Documentos/Cabeceras/logo-competicion-1b.png","https://www.acb.com/Documentos/Cabeceras/logo-competicion-4a.png",66,2001,107,NA,NA,1775,11123,NA,NA,TRUE,1272,1272,1447,"Gijón Baloncesto","Gijón Bal.","GIJ",1270,461,"Adecco Estudiantes","Adecco Estu","EST",1,87,12000,9,20,45,22,40,55,16,23,69,23,10,33,11,7,14,0,0,0,2,23,26,91,0,0,11,0,0,87,88,0,0,0,0,0,0,0,0,0
1491251,1,"Liga Nacional","Liga Endesa",-402534000,NA,"https://www.acb.com/Documentos/Cabeceras/logo-competicion-1b.png","https://www.acb.com/Documentos/Cabeceras/logo-competicion-4a.png",66,2001,107,NA,NA,1775,11127,NA,NA,TRUE,1268,1268,1374,"Cáceres CB","Cáceres CB","CAC",1271,1199,"Jabones Pardo Fuenlabrada","Jabones Pardo","FUE",1,94,12000,5,16,31,30,51,58,19,26,73,22,16,38,10,7,15,0,2,4,1,23,28,98,0,0,9,0,0,94,103,0,0,0,0,0,0,0,0,0
1491252,1,"Liga Nacional","Liga Endesa",-402534000,NA,"https://www.acb.com/Documentos/Cabeceras/logo-competicion-1b.png","https://www.acb.com/Documentos/Cabeceras/logo-competicion-4a.png",66,2001,107,NA,NA,1775,11127,NA,NA,FALSE,1271,1268,1374,"Cáceres CB","Cáceres CB","CAC",1271,1199,"Jabones Pardo Fuenlabrada","Jabones Pardo","FUE",1,103,12000,14,30,46.67,19,28,67.86,23,31,74.19,19,8,27,17,11,11,0,4,2,2,28,23,111,0,0,0,1,0,103,94,0,NA,0,0,0,0,0,0,0
1491389,1,"Liga Nacional","Liga Endesa",-402534000,NA,"https://www.acb.com/Documentos/Cabeceras/logo-competicion-1b.png","https://www.acb.com/Documentos/Cabeceras/logo-competicion-4a.png",66,2001,107,NA,NA,1776,11133,NA,NA,FALSE,1272,1274,4,"CB Granada","CB Granada","GRA",1272,1447,"Gijón Baloncesto","Gijón Bal.","GIJ",1,75,12000,8,22,36,21,43,48,9,14,64,21,9,30,10,10,7,0,0,5,3,19,22,75,0,0,12,0,0,75,77,0,0,0,0,0,0,0,0,0
1491388,1,"Liga Nacional","Liga Endesa",-402534000,NA,"https://www.acb.com/Documentos/Cabeceras/logo-competicion-1b.png","https://www.acb.com/Documentos/Cabeceras/logo-competicion-4a.png",66,2001,107,NA,NA,1776,11133,NA,NA,TRUE,1274,1274,4,"CB Granada","CB Granada","GRA",1272,1447,"Gijón Baloncesto","Gijón Bal.","GIJ",1,77,12000,9,22,40.91,19,43,44.19,12,16,75,30,16,46,10,8,13,0,5,0,0,22,19,89,0,0,0,1,0,77,75,0,NA,0,0,0,0,0,0,0
1491275,1,"Liga Nacional","Liga Endesa",-402534000,NA,"https://www.acb.com/Documentos/Cabeceras/logo-competicion-1b.png","https://www.acb.com/Documentos/Cabeceras/logo-competicion-4a.png",66,2001,107,NA,NA,1776,11128,NA,NA,FALSE,1271,1267,1355,"Leche Río Breogán","Leche Río Bre.","BRE",1271,1199,"Jabones Pardo Fuenlabrada","Jabones Pardo","FUE",1,84,12000,12,21,57.14,13,33,39.39,22,28,78.57,27,9,36,1,9,13,0,2,0,0,25,27,86,0,0,0,1,0,84,72,0,NA,0,0,0,0,0,0,0
1491274,1,"Liga Nacional","Liga Endesa",-402534000,NA,"https://www.acb.com/Documentos/Cabeceras/logo-competicion-1b.png","https://www.acb.com/Documentos/Cabeceras/logo-competicion-4a.png",66,2001,107,NA,NA,1776,11128,NA,NA,TRUE,1267,1267,1355,"Leche Río Breogán","Leche Río Bre.","BRE",1271,1199,"Jabones Pardo Fuenlabrada","Jabones Pardo","FUE",1,72,12000,4,20,20,23,39,58.97,14,21,66.67,21,7,28,7,9,11,0,0,2,3,27,25,62,0,0,1,0,0,72,84,0,NA,0,0,0,0,0,0,0
1491341,1,"Liga Nacional","Liga Endesa",-402534000,NA,"https://www.acb.com/Documentos/Cabeceras/logo-competicion-1b.png","https://www.acb.com/Documentos/Cabeceras/logo-competicion-4a.png",66,2001,107,NA,NA,1776,11131,NA,NA,TRUE,1282,1282,1850,"Fórum Valladolid","Fórum Vall.","FOR",1269,335,"Canarias Telecom","Canarias Tel.","GCA",1,100,12000,10,20,50,24,41,58,22,26,84,18,5,23,20,7,8,0,2,2,1,20,19,110,0,0,9,0,0,100,102,0,0,0,0,0,0,0,0,0
1491342,1,"Liga Nacional","Liga Endesa",-402534000,NA,"https://www.acb.com/Documentos/Cabeceras/logo-competicion-1b.png","https://www.acb.com/Documentos/Cabeceras/logo-competicion-4a.png",66,2001,107,NA,NA,1776,11131,NA,NA,FALSE,1269,1282,1850,"Fórum Valladolid","Fórum Vall.","FOR",1269,335,"Canarias Telecom","Canarias Tel.","GCA",1,102,12000,10,19,52.63,29,48,60.42,14,17,82.35,22,9,31,7,3,8,0,2,2,1,19,20,105,0,0,0,1,0,102,100,0,NA,0,0,0,0,0,0,0
1491363,1,"Liga Nacional","Liga Endesa",-402534000,NA,"https://www.acb.com/Documentos/Cabeceras/logo-competicion-1b.png","https://www.acb.com/Documentos/Cabeceras/logo-competicion-4a.png",66,2001,107,NA,NA,1776,11132,NA,NA,TRUE,1270,1270,461,"Adecco Estudiantes","Adecco Estu","EST",1266,214,"TAU Cerámica","TAU Cerámica","TAU",1,81,12000,7,17,41,19,41,46,22,30,73,19,8,27,10,11,14,0,4,1,2,28,23,73,0,0,0,10,0,81,76,0,0,0,0,0,0,0,0,0
1491364,1,"Liga Nacional","Liga Endesa",-402534000,NA,"https://www.acb.com/Documentos/Cabeceras/logo-competicion-1b.png","https://www.acb.com/Documentos/Cabeceras/logo-competicion-4a.png",66,2001,107,NA,NA,1776,11132,NA,NA,FALSE,1266,1270,461,"Adecco Estudiantes","Adecco Estu","EST",1266,214,"TAU Cerámica","TAU Cerámica","TAU",1,76,12000,3,13,23.08,20,42,47.62,27,34,79.41,25,14,39,6,10,22,0,1,4,2,23,28,72,0,0,1,0,0,76,81,0,NA,0,0,0,0,0,0,0
1491409,1,"Liga Nacional","Liga Endesa",-402534000,NA,"https://www.acb.com/Documentos/Cabeceras/logo-competicion-1b.png","https://www.acb.com/Documentos/Cabeceras/logo-competicion-4a.png",66,2001,107,NA,NA,1776,11134,NA,NA,TRUE,1273,1273,1467,"Casademont Girona","Casademont Gir.","GIR",1277,758,"Real Madrid","Real Madrid","RMB",1,71,12000,6,22,27.27,19,38,50,15,23,65.22,21,10,31,9,13,13,0,0,4,0,28,25,61,0,0,1,0,0,71,80,0,NA,0,0,0,0,0,0,0
1491410,1,"Liga Nacional","Liga Endesa",-402534000,NA,"https://www.acb.com/Documentos/Cabeceras/logo-competicion-1b.png","https://www.acb.com/Documentos/Cabeceras/logo-competicion-4a.png",66,2001,107,NA,NA,1776,11134,NA,NA,FALSE,1277,1273,1467,"Casademont Girona","Casademont Gir.","GIR",1277,758,"Real Madrid","Real Madrid","RMB",1,80,12000,8,22,36.36,17,31,54.84,22,28,78.57,29,12,41,7,6,19,0,4,0,1,25,28,88,0,0,0,1,0,80,71,0,NA,0,0,0,0,0,0,0
1491433,1,"Liga Nacional","Liga Endesa",-402534000,NA,"https://www.acb.com/Documentos/Cabeceras/logo-competicion-1b.png","https://www.acb.com/Documentos/Cabeceras/logo-competicion-4a.png",66,2001,107,NA,NA,1776,11135,NA,NA,TRUE,1280,1280,1127,"Caja San Fernando","C. San Fernando","CSF",1276,1609,"Caprabo Lleida","Caprabo Lleida","LLE",1,72,12000,7,14,50,15,40,37.5,21,29,72.41,27,10,37,7,10,19,0,1,2,0,22,27,71,0,0,1,0,0,72,77,0,NA,0,0,0,0,0,0,0
1491434,1,"Liga Nacional","Liga Endesa",-402534000,NA,"https://www.acb.com/Documentos/Cabeceras/logo-competicion-1b.png","https://www.acb.com/Documentos/Cabeceras/logo-competicion-4a.png",66,2001,107,NA,NA,1776,11135,NA,NA,FALSE,1276,1280,1127,"Caja San Fernando","C. San Fernando","CSF",1276,1609,"Caprabo Lleida","Caprabo Lleida","LLE",1,77,12000,9,26,34.62,17,39,43.59,16,20,80,27,14,41,11,12,16,0,2,1,1,27,22,78,0,0,0,1,0,77,72,0,NA,0,0,0,0,0,0,0
1491320,1,"Liga Nacional","Liga Endesa",-402534000,NA,"https://www.acb.com/Documentos/Cabeceras/logo-competicion-1b.png","https://www.acb.com/Documentos/Cabeceras/logo-competicion-4a.png",66,2001,107,NA,NA,1776,11130,NA,NA,FALSE,1281,1278,959,"Pamesa Valencia","Pamesa Valencia","PAM",1281,1805,"Cantabria Lobos","Cantabria Lobos","CAN",1,68,12000,7,17,41.18,20,45,44.44,7,9,77.78,19,9,28,12,5,13,0,3,3,2,21,14,56,0,0,1,0,0,68,100,0,NA,0,0,0,0,0,0,0
1491319,1,"Liga Nacional","Liga Endesa",-402534000,NA,"https://www.acb.com/Documentos/Cabeceras/logo-competicion-1b.png","https://www.acb.com/Documentos/Cabeceras/logo-competicion-4a.png",66,2001,107,NA,NA,1776,11130,NA,NA,TRUE,1278,1278,959,"Pamesa Valencia","Pamesa Valencia","PAM",1281,1805,"Cantabria Lobos","Cantabria Lobos","CAN",1,100,12000,12,16,75,26,49,53.06,12,22,54.55,26,12,38,25,11,7,0,3,3,7,14,21,137,0,0,0,1,0,100,68,0,NA,0,0,0,0,0,0,0
1491459,1,"Liga Nacional","Liga Endesa",-402534000,NA,"https://www.acb.com/Documentos/Cabeceras/logo-competicion-1b.png","https://www.acb.com/Documentos/Cabeceras/logo-competicion-4a.png",66,2001,107,NA,NA,1776,11136,NA,NA,FALSE,1275,1279,1054,"Unicaja","Unicaja","UNI",1275,624,"DKV Joventut","DKV Joventut","DKV",1,78,12000,4,11,36,27,47,57,12,16,75,25,9,34,12,2,13,0,2,8,2,25,21,72,0,0,11,0,0,78,79,0,0,0,0,0,0,0,0,0
1491458,1,"Liga Nacional","Liga Endesa",-402534000,NA,"https://www.acb.com/Documentos/Cabeceras/logo-competicion-1b.png","https://www.acb.com/Documentos/Cabeceras/logo-competicion-4a.png",66,2001,107,NA,NA,1776,11136,NA,NA,TRUE,1279,1279,1054,"Unicaja","Unicaja","UNI",1275,624,"DKV Joventut","DKV Joventut","DKV",1,79,12000,7,26,26,19,41,46,20,32,62,19,20,39,14,11,7,0,8,2,2,21,25,93,0,0,0,11,0,79,78,0,0,0,0,0,0,0,0,0
1491298,1,"Liga Nacional","Liga Endesa",-402534000,NA,"https://www.acb.com/Documentos/Cabeceras/logo-competicion-1b.png","https://www.acb.com/Documentos/Cabeceras/logo-competicion-4a.png",66,2001,107,NA,NA,1776,11129,NA,NA,FALSE,1268,1265,100,"FC Barcelona","FC Barcelona","FCB",1268,1374,"Cáceres CB","Cáceres CB","CAC",1,69,12000,4,16,25,25,52,48.08,7,8,87.5,25,12,37,12,8,19,0,2,1,2,21,13,60,0,0,1,0,0,69,89,0,NA,0,0,0,0,0,0,0
1491297,1,"Liga Nacional","Liga Endesa",-402534000,NA,"https://www.acb.com/Documentos/Cabeceras/logo-competicion-1b.png","https://www.acb.com/Documentos/Cabeceras/logo-competicion-4a.png",66,2001,107,NA,NA,1776,11129,NA,NA,TRUE,1265,1265,100,"FC Barcelona","FC Barcelona","FCB",1268,1374,"Cáceres CB","Cáceres CB","CAC",1,89,12000,10,25,40,24,46,52.17,11,16,68.75,27,12,39,23,15,13,0,1,2,4,13,21,118,0,0,0,1,0,89,69,0,NA,0,0,0,0,0,0,0
1491584,1,"Liga Nacional","Liga Endesa",-402534000,NA,"https://www.acb.com/Documentos/Cabeceras/logo-competicion-1b.png","https://www.acb.com/Documentos/Cabeceras/logo-competicion-4a.png",66,2001,107,NA,NA,1777,11141,NA,NA,TRUE,1269,1269,335,"Canarias Telecom","Canarias Tel.","GCA",1273,1467,"Casademont Girona","Casademont Gir.","GIR",1,70,12000,8,21,38.1,20,35,57.14,6,9,66.67,27,3,30,15,7,18,0,0,1,0,23,13,62,0,0,1,0,0,70,83,0,NA,0,0,0,0,0,0,0
1491585,1,"Liga Nacional","Liga Endesa",-402534000,NA,"https://www.acb.com/Documentos/Cabeceras/logo-competicion-1b.png","https://www.acb.com/Documentos/Cabeceras/logo-competicion-4a.png",66,2001,107,NA,NA,1777,11141,NA,NA,FALSE,1273,1269,335,"Canarias Telecom","Canarias Tel.","GCA",1273,1467,"Casademont Girona","Casademont Gir.","GIR",1,83,12000,7,19,36,22,44,50,18,29,62,25,13,38,17,7,13,0,1,0,0,13,23,98,0,0,0,11,0,83,70,0,0,0,0,0,0,0,0,0
1491604,1,"Liga Nacional","Liga Endesa",-402534000,NA,"https://www.acb.com/Documentos/Cabeceras/logo-competicion-1b.png","https://www.acb.com/Documentos/Cabeceras/logo-competicion-4a.png",66,2001,107,NA,NA,1777,11142,NA,NA,TRUE,1281,1281,1805,"Cantabria Lobos","Cantabria Lobos","CAN",1274,4,"CB Granada","CB Granada","GRA",1,82,12000,7,16,43.75,23,40,57.5,15,18,83.33,21,6,27,17,5,10,0,0,1,1,16,21,96,0,0,0,1,0,82,67,0,NA,0,0,0,0,0,0,0
1491605,1,"Liga Nacional","Liga Endesa",-402534000,NA,"https://www.acb.com/Documentos/Cabeceras/logo-competicion-1b.png","https://www.acb.com/Documentos/Cabeceras/logo-competicion-4a.png",66,2001,107,NA,NA,1777,11142,NA,NA,FALSE,1274,1281,1805,"Cantabria Lobos","Cantabria Lobos","CAN",1274,4,"CB Granada","CB Granada","GRA",1,67,12000,4,28,14.29,23,39,58.97,9,16,56.25,19,22,41,13,5,13,0,1,0,2,21,16,62,0,0,1,0,0,67,82,0,NA,0,0,0,0,0,0,0
1491509,1,"Liga Nacional","Liga Endesa",-402534000,NA,"https://www.acb.com/Documentos/Cabeceras/logo-competicion-1b.png","https://www.acb.com/Documentos/Cabeceras/logo-competicion-4a.png",66,2001,107,NA,NA,1777,11138,NA,NA,TRUE,1277,1277,758,"Real Madrid","Real Madrid","RMB",1275,624,"DKV Joventut","DKV Joventut","DKV",1,105,12000,7,19,36.84,35,51,68.63,14,20,70,26,14,40,22,7,13,0,6,2,11,21,18,128,0,0,0,1,0,105,79,0,NA,0,0,0,0,0,0,0
1491510,1,"Liga Nacional","Liga Endesa",-402534000,NA,"https://www.acb.com/Documentos/Cabeceras/logo-competicion-1b.png","https://www.acb.com/Documentos/Cabeceras/logo-competicion-4a.png",66,2001,107,NA,NA,1777,11138,NA,NA,FALSE,1275,1277,758,"Real Madrid","Real Madrid","RMB",1275,624,"DKV Joventut","DKV Joventut","DKV",1,79,12000,8,18,44,23,50,46,9,18,50,12,12,24,11,7,14,0,2,6,6,18,21,60,0,0,14,0,0,79,105,0,0,0,0,0,0,0,0,0
1491482,1,"Liga Nacional","Liga Endesa",-402534000,NA,"https://www.acb.com/Documentos/Cabeceras/logo-competicion-1b.png","https://www.acb.com/Documentos/Cabeceras/logo-competicion-4a.png",66,2001,107,NA,NA,1777,11137,NA,NA,TRUE,1276,1276,1609,"Caprabo Lleida","Caprabo Lleida","LLE",1267,1355,"Leche Río Breogán","Leche Río Bre.","BRE",1,79,12000,9,19,47.37,21,43,48.84,10,18,55.56,23,13,36,13,10,19,0,5,3,3,19,24,86,0,0,0,1,0,79,70,0,NA,0,0,0,0,0,0,0
1491483,1,"Liga Nacional","Liga Endesa",-402534000,NA,"https://www.acb.com/Documentos/Cabeceras/logo-competicion-1b.png","https://www.acb.com/Documentos/Cabeceras/logo-competicion-4a.png",66,2001,107,NA,NA,1777,11137,NA,NA,FALSE,1267,1276,1609,"Caprabo Lleida","Caprabo Lleida","LLE",1267,1355,"Leche Río Breogán","Leche Río Bre.","BRE",1,70,12000,7,17,41.18,20,43,46.51,9,10,90,24,10,34,4,6,20,0,3,5,2,24,19,53,0,0,1,0,0,70,79,0,NA,0,0,0,0,0,0,0
1491561,1,"Liga Nacional","Liga Endesa",-402534000,NA,"https://www.acb.com/Documentos/Cabeceras/logo-competicion-1b.png","https://www.acb.com/Documentos/Cabeceras/logo-competicion-4a.png",66,2001,107,NA,NA,1777,11140,NA,NA,FALSE,1280,1266,214,"TAU Cerámica","TAU Cerámica","TAU",1280,1127,"Caja San Fernando","C. San Fernando","CSF",1,67,12000,6,22,27.27,21,37,56.76,7,16,43.75,24,12,36,9,4,16,0,2,0,2,25,22,58,0,0,1,0,0,67,81,0,NA,0,0,0,0,0,0,0
1491560,1,"Liga Nacional","Liga Endesa",-402534000,NA,"https://www.acb.com/Documentos/Cabeceras/logo-competicion-1b.png","https://www.acb.com/Documentos/Cabeceras/logo-competicion-4a.png",66,2001,107,NA,NA,1777,11140,NA,NA,TRUE,1266,1266,214,"TAU Cerámica","TAU Cerámica","TAU",1280,1127,"Caja San Fernando","C. San Fernando","CSF",1,81,12000,10,21,47.62,17,37,45.95,17,28,60.71,23,10,33,17,8,8,0,0,2,2,22,25,90,0,0,0,1,0,81,67,0,NA,0,0,0,0,0,0,0
1491538,1,"Liga Nacional","Liga Endesa",-402534000,NA,"https://www.acb.com/Documentos/Cabeceras/logo-competicion-1b.png","https://www.acb.com/Documentos/Cabeceras/logo-competicion-4a.png",66,2001,107,NA,NA,1777,11139,NA,NA,FALSE,1279,1272,1447,"Gijón Baloncesto","Gijón Bal.","GIJ",1279,1054,"Unicaja","Unicaja","UNI",1,89,12000,8,19,42,23,44,52,19,21,90,34,12,46,15,6,14,0,4,5,4,18,20,109,0,0,0,11,0,89,64,0,0,0,0,0,0,0,0,0
1491537,1,"Liga Nacional","Liga Endesa",-402534000,NA,"https://www.acb.com/Documentos/Cabeceras/logo-competicion-1b.png","https://www.acb.com/Documentos/Cabeceras/logo-competicion-4a.png",66,2001,107,NA,NA,1777,11139,NA,NA,TRUE,1272,1272,1447,"Gijón Baloncesto","Gijón Bal.","GIJ",1279,1054,"Unicaja","Unicaja","UNI",1,64,12000,5,12,41,18,51,35,13,18,72,21,8,29,9,9,10,0,5,4,1,20,18,55,0,0,13,0,0,64,89,0,0,0,0,0,0,0,0,0
1491648,1,"Liga Nacional","Liga Endesa",-402534000,NA,"https://www.acb.com/Documentos/Cabeceras/logo-competicion-1b.png","https://www.acb.com/Documentos/Cabeceras/logo-competicion-4a.png",66,2001,107,NA,NA,1777,11144,NA,NA,TRUE,1271,1271,1199,"Jabones Pardo Fuenlabrada","Jabones Pardo","FUE",1282,1850,"Fórum Valladolid","Fórum Vall.","FOR",1,68,12000,9,31,29.03,13,27,48.15,15,21,71.43,25,9,34,15,7,11,0,2,3,0,22,19,67,0,0,0,1,0,68,66,0,NA,0,0,0,0,0,0,0
1491649,1,"Liga Nacional","Liga Endesa",-402534000,NA,"https://www.acb.com/Documentos/Cabeceras/logo-competicion-1b.png","https://www.acb.com/Documentos/Cabeceras/logo-competicion-4a.png",66,2001,107,NA,NA,1777,11144,NA,NA,FALSE,1282,1271,1199,"Jabones Pardo Fuenlabrada","Jabones Pardo","FUE",1282,1850,"Fórum Valladolid","Fórum Vall.","FOR",1,66,12000,5,18,27,19,39,48,13,20,65,27,9,36,13,7,13,0,3,2,2,19,22,73,0,0,9,0,0,66,68,0,0,0,0,0,0,0,0,0
1491671,1,"Liga Nacional","Liga Endesa",-402534000,NA,"https://www.acb.com/Documentos/Cabeceras/logo-competicion-1b.png","https://www.acb.com/Documentos/Cabeceras/logo-competicion-4a.png",66,2001,107,NA,NA,1777,11145,NA,NA,FALSE,1278,1265,100,"FC Barcelona","FC Barcelona","FCB",1278,959,"Pamesa Valencia","Pamesa Valencia","PAM",1,85,12000,6,13,46.15,28,49,57.14,11,15,73.33,28,7,35,13,6,15,0,2,1,1,24,21,90,0,0,1,0,0,85,88,0,NA,0,0,0,0,0,0,0
1491670,1,"Liga Nacional","Liga Endesa",-402534000,NA,"https://www.acb.com/Documentos/Cabeceras/logo-competicion-1b.png","https://www.acb.com/Documentos/Cabeceras/logo-competicion-4a.png",66,2001,107,NA,NA,1777,11145,NA,NA,TRUE,1265,1265,100,"FC Barcelona","FC Barcelona","FCB",1278,959,"Pamesa Valencia","Pamesa Valencia","PAM",1,88,12000,12,23,52.17,16,42,38.1,20,27,74.07,21,12,33,11,11,11,0,1,2,2,21,24,90,0,0,0,1,0,88,85,0,NA,0,0,0,0,0,0,0
1491626,1,"Liga Nacional","Liga Endesa",-402534000,NA,"https://www.acb.com/Documentos/Cabeceras/logo-competicion-1b.png","https://www.acb.com/Documentos/Cabeceras/logo-competicion-4a.png",66,2001,107,NA,NA,1777,11143,NA,NA,TRUE,1268,1268,1374,"Cáceres CB","Cáceres CB","CAC",1270,461,"Adecco Estudiantes","Adecco Estu","EST",1,76,12000,8,20,40,20,41,48.78,12,12,100,25,7,32,10,9,12,0,1,2,1,22,19,78,0,0,1,0,0,76,80,0,NA,0,0,0,0,0,0,0
1491627,1,"Liga Nacional","Liga Endesa",-402534000,NA,"https://www.acb.com/Documentos/Cabeceras/logo-competicion-1b.png","https://www.acb.com/Documentos/Cabeceras/logo-competicion-4a.png",66,2001,107,NA,NA,1777,11143,NA,NA,FALSE,1270,1268,1374,"Cáceres CB","Cáceres CB","CAC",1270,461,"Adecco Estudiantes","Adecco Estu","EST",1,80,12000,5,19,26,25,42,59,15,23,65,25,8,33,13,7,10,0,2,1,2,19,22,88,0,0,0,11,0,80,76,0,0,0,0,0,0,0,0,0
1491881,1,"Liga Nacional","Liga Endesa",-402534000,NA,"https://www.acb.com/Documentos/Cabeceras/logo-competicion-1b.png","https://www.acb.com/Documentos/Cabeceras/logo-competicion-4a.png",66,2001,107,NA,NA,1778,11154,NA,NA,FALSE,1266,1272,1447,"Gijón Baloncesto","Gijón Bal.","GIJ",1266,214,"TAU Cerámica","TAU Cerámica","TAU",1,88,12000,8,19,42.11,22,43,51.16,20,30,66.67,21,11,32,20,7,9,0,2,3,1,32,24,87,0,0,1,0,0,88,92,0,NA,0,0,0,0,0,0,0
1491880,1,"Liga Nacional","Liga Endesa",-402534000,NA,"https://www.acb.com/Documentos/Cabeceras/logo-competicion-1b.png","https://www.acb.com/Documentos/Cabeceras/logo-competicion-4a.png",66,2001,107,NA,NA,1778,11154,NA,NA,TRUE,1272,1272,1447,"Gijón Baloncesto","Gijón Bal.","GIJ",1266,214,"TAU Cerámica","TAU Cerámica","TAU",1,92,12000,10,17,58.82,12,27,44.44,38,42,90.48,26,3,29,17,1,14,0,3,2,2,24,32,108,0,0,0,1,0,92,88,0,NA,0,0,0,0,0,0,0
1491791,1,"Liga Nacional","Liga Endesa",-402534000,NA,"https://www.acb.com/Documentos/Cabeceras/logo-competicion-1b.png","https://www.acb.com/Documentos/Cabeceras/logo-competicion-4a.png",66,2001,107,NA,NA,1778,11150,NA,NA,TRUE,1279,1279,1054,"Unicaja","Unicaja","UNI",1271,1199,"Jabones Pardo Fuenlabrada","Jabones Pardo","FUE",1,96,12000,7,15,46,27,46,58,21,27,77,30,16,46,23,6,10,0,9,0,5,15,24,146,0,0,0,13,0,96,46,0,0,0,0,0,0,0,0,0
1491792,1,"Liga Nacional","Liga Endesa",-402534000,NA,"https://www.acb.com/Documentos/Cabeceras/logo-competicion-1b.png","https://www.acb.com/Documentos/Cabeceras/logo-competicion-4a.png",66,2001,107,NA,NA,1778,11150,NA,NA,FALSE,1271,1279,1054,"Unicaja","Unicaja","UNI",1271,1199,"Jabones Pardo Fuenlabrada","Jabones Pardo","FUE",1,46,12000,3,19,15.79,17,50,34,3,4,75,13,15,28,11,5,12,0,0,9,0,24,15,10,0,0,1,0,0,46,96,0,NA,0,0,0,0,0,0,0
1491719,1,"Liga Nacional","Liga Endesa",-402534000,NA,"https://www.acb.com/Documentos/Cabeceras/logo-competicion-1b.png","https://www.acb.com/Documentos/Cabeceras/logo-competicion-4a.png",66,2001,107,NA,NA,1778,11147,NA,NA,TRUE,1274,1274,4,"CB Granada","CB Granada","GRA",1282,1850,"Fórum Valladolid","Fórum Vall.","FOR",1,89,12000,12,27,44.44,19,49,38.78,15,16,93.75,21,23,44,11,6,18,0,2,4,1,25,19,78,0,0,1,0,0,89,101,0,NA,0,0,0,0,0,0,0
1491720,1,"Liga Nacional","Liga Endesa",-402534000,NA,"https://www.acb.com/Documentos/Cabeceras/logo-competicion-1b.png","https://www.acb.com/Documentos/Cabeceras/logo-competicion-4a.png",66,2001,107,NA,NA,1778,11147,NA,NA,FALSE,1282,1274,4,"CB Granada","CB Granada","GRA",1282,1850,"Fórum Valladolid","Fórum Vall.","FOR",1,101,12000,15,25,60,18,35,51.43,20,24,83.33,21,5,26,21,12,9,0,4,2,1,19,25,128,0,0,0,1,0,101,89,0,NA,0,0,0,0,0,0,0
1491742,1,"Liga Nacional","Liga Endesa",-402534000,NA,"https://www.acb.com/Documentos/Cabeceras/logo-competicion-1b.png","https://www.acb.com/Documentos/Cabeceras/logo-competicion-4a.png",66,2001,107,NA,NA,1778,11148,NA,NA,TRUE,1273,1273,1467,"Casademont Girona","Casademont Gir.","GIR",1278,959,"Pamesa Valencia","Pamesa Valencia","PAM",1,61,12000,3,21,14,19,38,50,14,20,70,26,17,43,5,7,15,0,1,2,0,18,20,59,0,0,0,10,0,61,57,0,0,0,0,0,0,0,0,0
1491743,1,"Liga Nacional","Liga Endesa",-402534000,NA,"https://www.acb.com/Documentos/Cabeceras/logo-competicion-1b.png","https://www.acb.com/Documentos/Cabeceras/logo-competicion-4a.png",66,2001,107,NA,NA,1778,11148,NA,NA,FALSE,1278,1273,1467,"Casademont Girona","Casademont Gir.","GIR",1278,959,"Pamesa Valencia","Pamesa Valencia","PAM",1,57,12000,1,12,8.33,24,41,58.54,6,9,66.67,25,3,28,6,12,14,0,2,1,2,20,18,57,0,0,1,0,0,57,61,0,NA,0,0,0,0,0,0,0
1491812,1,"Liga Nacional","Liga Endesa",-402534000,NA,"https://www.acb.com/Documentos/Cabeceras/logo-competicion-1b.png","https://www.acb.com/Documentos/Cabeceras/logo-competicion-4a.png",66,2001,107,NA,NA,1778,11151,NA,NA,TRUE,1275,1275,624,"DKV Joventut","DKV Joventut","DKV",1268,1374,"Cáceres CB","Cáceres CB","CAC",1,82,12000,6,17,35,24,47,51,16,25,64,28,10,38,9,14,18,0,5,2,4,27,23,81,0,0,10,0,0,82,84,0,0,0,0,0,0,0,0,0
1491813,1,"Liga Nacional","Liga Endesa",-402534000,NA,"https://www.acb.com/Documentos/Cabeceras/logo-competicion-1b.png","https://www.acb.com/Documentos/Cabeceras/logo-competicion-4a.png",66,2001,107,NA,NA,1778,11151,NA,NA,FALSE,1268,1275,624,"DKV Joventut","DKV Joventut","DKV",1268,1374,"Cáceres CB","Cáceres CB","CAC",1,84,12000,6,22,27.27,20,40,50,26,33,78.79,26,13,39,10,8,21,0,2,5,4,23,27,78,0,0,0,1,0,84,82,0,NA,0,0,0,0,0,0,0
1491858,1,"Liga Nacional","Liga Endesa",-402534000,NA,"https://www.acb.com/Documentos/Cabeceras/logo-competicion-1b.png","https://www.acb.com/Documentos/Cabeceras/logo-competicion-4a.png",66,2001,107,NA,NA,1778,11153,NA,NA,TRUE,1277,1277,758,"Real Madrid","Real Madrid","RMB",1269,335,"Canarias Telecom","Canarias Tel.","GCA",1,103,12000,7,14,50,37,55,67.27,8,12,66.67,27,11,38,18,6,12,0,7,1,7,18,18,130,0,0,0,1,0,103,79,0,NA,0,0,0,0,0,0,0
1491859,1,"Liga Nacional","Liga Endesa",-402534000,NA,"https://www.acb.com/Documentos/Cabeceras/logo-competicion-1b.png","https://www.acb.com/Documentos/Cabeceras/logo-competicion-4a.png",66,2001,107,NA,NA,1778,11153,NA,NA,FALSE,1269,1277,758,"Real Madrid","Real Madrid","RMB",1269,335,"Canarias Telecom","Canarias Tel.","GCA",1,79,12000,4,18,22.22,29,52,55.77,9,14,64.29,16,12,28,10,10,10,0,1,7,2,18,18,69,0,0,1,0,0,79,103,0,NA,0,0,0,0,0,0,0
1491835,1,"Liga Nacional","Liga Endesa",-402534000,NA,"https://www.acb.com/Documentos/Cabeceras/logo-competicion-1b.png","https://www.acb.com/Documentos/Cabeceras/logo-competicion-4a.png",66,2001,107,NA,NA,1778,11152,NA,NA,TRUE,1276,1276,1609,"Caprabo Lleida","Caprabo Lleida","LLE",1281,1805,"Cantabria Lobos","Cantabria Lobos","CAN",1,86,12000,6,19,31.58,27,41,65.85,14,17,82.35,22,10,32,18,7,10,0,2,1,5,19,23,108,0,0,0,1,0,86,76,0,NA,0,0,0,0,0,0,0
1491836,1,"Liga Nacional","Liga Endesa",-402534000,NA,"https://www.acb.com/Documentos/Cabeceras/logo-competicion-1b.png","https://www.acb.com/Documentos/Cabeceras/logo-competicion-4a.png",66,2001,107,NA,NA,1778,11152,NA,NA,FALSE,1281,1276,1609,"Caprabo Lleida","Caprabo Lleida","LLE",1281,1805,"Cantabria Lobos","Cantabria Lobos","CAN",1,76,12000,8,16,50,21,38,55.26,10,13,76.92,18,5,23,7,3,13,0,1,2,1,23,19,63,0,0,1,0,0,76,86,0,NA,0,0,0,0,0,0,0
1491696,1,"Liga Nacional","Liga Endesa",-402534000,NA,"https://www.acb.com/Documentos/Cabeceras/logo-competicion-1b.png","https://www.acb.com/Documentos/Cabeceras/logo-competicion-4a.png",66,2001,107,NA,NA,1778,11146,NA,NA,TRUE,1267,1267,1355,"Leche Río Breogán","Leche Río Bre.","BRE",1270,461,"Adecco Estudiantes","Adecco Estu","EST",1,83,12000,6,16,37.5,25,56,44.64,15,26,57.69,16,18,34,9,6,13,0,1,2,3,28,23,61,0,0,1,0,0,83,103,0,NA,0,0,0,0,0,0,0
1491697,1,"Liga Nacional","Liga Endesa",-402534000,NA,"https://www.acb.com/Documentos/Cabeceras/logo-competicion-1b.png","https://www.acb.com/Documentos/Cabeceras/logo-competicion-4a.png",66,2001,107,NA,NA,1778,11146,NA,NA,FALSE,1270,1267,1355,"Leche Río Breogán","Leche Río Bre.","BRE",1270,461,"Adecco Estudiantes","Adecco Estu","EST",1,103,12000,8,21,38.1,28,42,66.67,23,34,67.65,26,12,38,13,9,11,0,2,1,0,23,28,120,0,0,0,1,0,103,83,0,NA,0,0,0,0,0,0,0
1491765,1,"Liga Nacional","Liga Endesa",-402534000,NA,"https://www.acb.com/Documentos/Cabeceras/logo-competicion-1b.png","https://www.acb.com/Documentos/Cabeceras/logo-competicion-4a.png",66,2001,107,NA,NA,1778,11149,NA,NA,TRUE,1280,1280,1127,"Caja San Fernando","C. San Fernando","CSF",1265,100,"FC Barcelona","FC Barcelona","FCB",1,73,12000,4,24,16.67,26,60,43.33,9,12,75,24,27,51,6,9,11,0,2,6,2,27,16,56,0,0,1,0,0,73,78,0,NA,0,0,0,0,0,0,0
1491766,1,"Liga Nacional","Liga Endesa",-402534000,NA,"https://www.acb.com/Documentos/Cabeceras/logo-competicion-1b.png","https://www.acb.com/Documentos/Cabeceras/logo-competicion-4a.png",66,2001,107,NA,NA,1778,11149,NA,NA,FALSE,1265,1280,1127,"Caja San Fernando","C. San Fernando","CSF",1265,100,"FC Barcelona","FC Barcelona","FCB",1,78,12000,7,21,33.33,17,35,48.57,23,32,71.88,27,12,39,11,6,13,0,6,2,4,16,27,95,0,0,0,1,0,78,73,0,NA,0,0,0,0,0,0,0
1491904,1,"Liga Nacional","Liga Endesa",-402534000,NA,"https://www.acb.com/Documentos/Cabeceras/logo-competicion-1b.png","https://www.acb.com/Documentos/Cabeceras/logo-competicion-4a.png",66,2001,107,NA,NA,1779,11155,NA,NA,TRUE,1266,1266,214,"TAU Cerámica","TAU Cerámica","TAU",1267,1355,"Leche Río Breogán","Leche Río Bre.","BRE",1,97,12000,6,13,46.15,38,59,64.41,3,6,50,16,13,29,26,16,11,0,5,1,6,23,16,123,0,0,0,1,0,97,67,0,NA,0,0,0,0,0,0,0
1491905,1,"Liga Nacional","Liga Endesa",-402534000,NA,"https://www.acb.com/Documentos/Cabeceras/logo-competicion-1b.png","https://www.acb.com/Documentos/Cabeceras/logo-competicion-4a.png",66,2001,107,NA,NA,1779,11155,NA,NA,FALSE,1267,1266,214,"TAU Cerámica","TAU Cerámica","TAU",1267,1355,"Leche Río Breogán","Leche Río Bre.","BRE",1,67,12000,4,10,40,17,35,48.57,21,26,80.77,16,8,24,8,9,25,0,1,5,0,16,23,57,0,0,1,0,0,67,97,0,NA,0,0,0,0,0,0,0
1491997,1,"Liga Nacional","Liga Endesa",-402534000,NA,"https://www.acb.com/Documentos/Cabeceras/logo-competicion-1b.png","https://www.acb.com/Documentos/Cabeceras/logo-competicion-4a.png",66,2001,107,NA,NA,1779,11159,NA,NA,TRUE,1271,1271,1199,"Jabones Pardo Fuenlabrada","Jabones Pardo","FUE",1275,624,"DKV Joventut","DKV Joventut","DKV",1,81,12000,10,33,30.3,20,38,52.63,11,19,57.89,20,12,32,14,12,7,0,4,4,3,18,19,84,0,0,0,1,0,81,62,0,NA,0,0,0,0,0,0,0
1491998,1,"Liga Nacional","Liga Endesa",-402534000,NA,"https://www.acb.com/Documentos/Cabeceras/logo-competicion-1b.png","https://www.acb.com/Documentos/Cabeceras/logo-competicion-4a.png",66,2001,107,NA,NA,1779,11159,NA,NA,FALSE,1275,1271,1199,"Jabones Pardo Fuenlabrada","Jabones Pardo","FUE",1275,624,"DKV Joventut","DKV Joventut","DKV",1,62,12000,5,10,50,21,44,47,5,10,50,31,7,38,7,5,23,0,4,4,4,19,18,55,0,0,12,0,0,62,81,0,0,0,0,0,0,0,0,0
1492042,1,"Liga Nacional","Liga Endesa",-402534000,NA,"https://www.acb.com/Documentos/Cabeceras/logo-competicion-1b.png","https://www.acb.com/Documentos/Cabeceras/logo-competicion-4a.png",66,2001,107,NA,NA,1779,11161,NA,NA,FALSE,1280,1278,959,"Pamesa Valencia","Pamesa Valencia","PAM",1280,1127,"Caja San Fernando","C. San Fernando","CSF",1,59,12000,5,22,22.73,17,44,38.64,10,16,62.5,23,21,44,9,7,12,0,1,9,0,19,16,46,0,0,1,0,0,59,66,0,NA,0,0,0,0,0,0,0
1492041,1,"Liga Nacional","Liga Endesa",-402534000,NA,"https://www.acb.com/Documentos/Cabeceras/logo-competicion-1b.png","https://www.acb.com/Documentos/Cabeceras/logo-competicion-4a.png",66,2001,107,NA,NA,1779,11161,NA,NA,TRUE,1278,1278,959,"Pamesa Valencia","Pamesa Valencia","PAM",1280,1127,"Caja San Fernando","C. San Fernando","CSF",1,66,12000,6,16,37.5,19,35,54.29,10,13,76.92,27,3,30,14,5,11,0,9,1,3,16,19,86,0,0,0,1,0,66,59,0,NA,0,0,0,0,0,0,0
1492063,1,"Liga Nacional","Liga Endesa",-402534000,NA,"https://www.acb.com/Documentos/Cabeceras/logo-competicion-1b.png","https://www.acb.com/Documentos/Cabeceras/logo-competicion-4a.png",66,2001,107,NA,NA,1779,11162,NA,NA,TRUE,1282,1282,1850,"Fórum Valladolid","Fórum Vall.","FOR",1273,1467,"Casademont Girona","Casademont Gir.","GIR",1,79,12000,6,17,35,22,40,55,17,22,77,21,7,28,14,7,12,0,2,0,2,24,22,82,0,0,10,0,0,79,80,0,0,0,0,0,0,0,0,0
1492064,1,"Liga Nacional","Liga Endesa",-402534000,NA,"https://www.acb.com/Documentos/Cabeceras/logo-competicion-1b.png","https://www.acb.com/Documentos/Cabeceras/logo-competicion-4a.png",66,2001,107,NA,NA,1779,11162,NA,NA,FALSE,1273,1282,1850,"Fórum Valladolid","Fórum Vall.","FOR",1273,1467,"Casademont Girona","Casademont Gir.","GIR",1,80,12000,8,21,38.1,20,34,58.82,16,21,76.19,19,6,25,11,8,12,0,0,2,2,22,24,80,0,0,0,1,0,80,79,0,NA,0,0,0,0,0,0,0
1491928,1,"Liga Nacional","Liga Endesa",-402534000,NA,"https://www.acb.com/Documentos/Cabeceras/logo-competicion-1b.png","https://www.acb.com/Documentos/Cabeceras/logo-competicion-4a.png",66,2001,107,NA,NA,1779,11156,NA,NA,TRUE,1269,1269,335,"Canarias Telecom","Canarias Tel.","GCA",1272,1447,"Gijón Baloncesto","Gijón Bal.","GIJ",1,85,12000,8,19,42.11,24,40,60,13,19,68.42,19,11,30,9,4,14,0,1,0,0,33,25,74,0,0,1,0,0,85,95,0,NA,0,0,0,0,0,0,0
1491929,1,"Liga Nacional","Liga Endesa",-402534000,NA,"https://www.acb.com/Documentos/Cabeceras/logo-competicion-1b.png","https://www.acb.com/Documentos/Cabeceras/logo-competicion-4a.png",66,2001,107,NA,NA,1779,11156,NA,NA,FALSE,1272,1269,335,"Canarias Telecom","Canarias Tel.","GCA",1272,1447,"Gijón Baloncesto","Gijón Bal.","GIJ",1,95,12000,5,10,50,26,46,56.52,28,38,73.68,19,7,26,10,8,8,0,0,1,0,25,33,103,0,0,0,1,0,95,85,0,NA,0,0,0,0,0,0,0
1492021,1,"Liga Nacional","Liga Endesa",-402534000,NA,"https://www.acb.com/Documentos/Cabeceras/logo-competicion-1b.png","https://www.acb.com/Documentos/Cabeceras/logo-competicion-4a.png",66,2001,107,NA,NA,1779,11160,NA,NA,TRUE,1265,1265,100,"FC Barcelona","FC Barcelona","FCB",1279,1054,"Unicaja","Unicaja","UNI",1,99,12000,9,24,37.5,19,39,48.72,34,44,77.27,22,9,31,14,9,7,0,1,2,2,29,35,106,0,0,1,0,0,99,101,0,NA,0,0,0,0,0,0,0
1492022,1,"Liga Nacional","Liga Endesa",-402534000,NA,"https://www.acb.com/Documentos/Cabeceras/logo-competicion-1b.png","https://www.acb.com/Documentos/Cabeceras/logo-competicion-4a.png",66,2001,107,NA,NA,1779,11160,NA,NA,FALSE,1279,1265,100,"FC Barcelona","FC Barcelona","FCB",1279,1054,"Unicaja","Unicaja","UNI",1,101,12000,8,20,40,24,46,52,29,36,80,27,15,42,15,5,12,0,2,1,3,35,29,105,0,0,0,11,0,101,99,0,0,0,0,0,0,0,0,0
1492089,1,"Liga Nacional","Liga Endesa",-402534000,NA,"https://www.acb.com/Documentos/Cabeceras/logo-competicion-1b.png","https://www.acb.com/Documentos/Cabeceras/logo-competicion-4a.png",66,2001,107,NA,NA,1779,11163,NA,NA,TRUE,1270,1270,461,"Adecco Estudiantes","Adecco Estu","EST",1274,4,"CB Granada","CB Granada","GRA",1,106,12000,7,19,36.84,30,45,66.67,25,28,89.29,27,7,34,18,15,17,0,5,1,3,26,28,132,0,0,0,1,0,106,86,0,NA,0,0,0,0,0,0,0
1492090,1,"Liga Nacional","Liga Endesa",-402534000,NA,"https://www.acb.com/Documentos/Cabeceras/logo-competicion-1b.png","https://www.acb.com/Documentos/Cabeceras/logo-competicion-4a.png",66,2001,107,NA,NA,1779,11163,NA,NA,FALSE,1274,1270,461,"Adecco Estudiantes","Adecco Estu","EST",1274,4,"CB Granada","CB Granada","GRA",1,86,12000,5,15,33.33,27,55,49.09,17,29,58.62,18,15,33,12,13,16,0,1,5,4,28,26,72,0,0,1,0,0,86,106,0,NA,0,0,0,0,0,0,0
1491950,1,"Liga Nacional","Liga Endesa",-402534000,NA,"https://www.acb.com/Documentos/Cabeceras/logo-competicion-1b.png","https://www.acb.com/Documentos/Cabeceras/logo-competicion-4a.png",66,2001,107,NA,NA,1779,11157,NA,NA,TRUE,1281,1281,1805,"Cantabria Lobos","Cantabria Lobos","CAN",1277,758,"Real Madrid","Real Madrid","RMB",1,79,12000,3,12,25,29,62,46.77,12,17,70.59,24,11,35,15,10,6,0,1,4,2,19,17,81,0,0,1,0,0,79,88,0,NA,0,0,0,0,0,0,0
1491951,1,"Liga Nacional","Liga Endesa",-402534000,NA,"https://www.acb.com/Documentos/Cabeceras/logo-competicion-1b.png","https://www.acb.com/Documentos/Cabeceras/logo-competicion-4a.png",66,2001,107,NA,NA,1779,11157,NA,NA,FALSE,1277,1281,1805,"Cantabria Lobos","Cantabria Lobos","CAN",1277,758,"Real Madrid","Real Madrid","RMB",1,88,12000,10,24,41,22,41,53,14,17,82,34,8,42,15,5,11,0,4,1,6,17,19,108,0,0,0,8,0,88,79,0,0,0,0,0,0,0,0,0
1491974,1,"Liga Nacional","Liga Endesa",-402534000,NA,"https://www.acb.com/Documentos/Cabeceras/logo-competicion-1b.png","https://www.acb.com/Documentos/Cabeceras/logo-competicion-4a.png",66,2001,107,NA,NA,1779,11158,NA,NA,FALSE,1276,1268,1374,"Cáceres CB","Cáceres CB","CAC",1276,1609,"Caprabo Lleida","Caprabo Lleida","LLE",1,80,12000,10,26,38.46,17,30,56.67,16,21,76.19,21,5,26,11,13,15,0,10,0,3,20,22,93,0,0,0,1,0,80,79,0,NA,0,0,0,0,0,0,0
1491973,1,"Liga Nacional","Liga Endesa",-402534000,NA,"https://www.acb.com/Documentos/Cabeceras/logo-competicion-1b.png","https://www.acb.com/Documentos/Cabeceras/logo-competicion-4a.png",66,2001,107,NA,NA,1779,11158,NA,NA,TRUE,1268,1268,1374,"Cáceres CB","Cáceres CB","CAC",1276,1609,"Caprabo Lleida","Caprabo Lleida","LLE",1,79,12000,8,16,50,20,55,36,15,19,78,26,19,45,18,11,15,0,0,10,0,22,20,79,0,0,10,0,0,79,80,0,0,0,0,0,0,0,0,0
1492233,1,"Liga Nacional","Liga Endesa",-402534000,NA,"https://www.acb.com/Documentos/Cabeceras/logo-competicion-1b.png","https://www.acb.com/Documentos/Cabeceras/logo-competicion-4a.png",66,2001,107,NA,NA,1780,11169,NA,NA,FALSE,1270,1269,335,"Canarias Telecom","Canarias Tel.","GCA",1270,461,"Adecco Estudiantes","Adecco Estu","EST",1,85,12000,7,18,38,23,42,54,18,31,58,26,8,34,18,8,10,0,5,1,2,19,28,105,0,0,0,10,0,85,78,0,0,0,0,0,0,0,0,0
1492232,1,"Liga Nacional","Liga Endesa",-402534000,NA,"https://www.acb.com/Documentos/Cabeceras/logo-competicion-1b.png","https://www.acb.com/Documentos/Cabeceras/logo-competicion-4a.png",66,2001,107,NA,NA,1780,11169,NA,NA,TRUE,1269,1269,335,"Canarias Telecom","Canarias Tel.","GCA",1270,461,"Adecco Estudiantes","Adecco Estu","EST",1,78,12000,12,31,38.71,18,37,48.65,6,13,46.15,28,14,42,14,9,15,0,1,5,0,28,19,70,0,0,1,0,0,78,85,0,NA,0,0,0,0,0,0,0
1492113,1,"Liga Nacional","Liga Endesa",-402534000,NA,"https://www.acb.com/Documentos/Cabeceras/logo-competicion-1b.png","https://www.acb.com/Documentos/Cabeceras/logo-competicion-4a.png",66,2001,107,NA,NA,1780,11164,NA,NA,TRUE,1275,1275,624,"DKV Joventut","DKV Joventut","DKV",1267,1355,"Leche Río Breogán","Leche Río Bre.","BRE",1,87,12000,7,16,43,23,41,56,20,31,64,26,12,38,21,4,14,0,0,1,5,22,30,105,0,0,0,12,0,87,70,0,0,0,0,0,0,0,0,0
1492114,1,"Liga Nacional","Liga Endesa",-402534000,NA,"https://www.acb.com/Documentos/Cabeceras/logo-competicion-1b.png","https://www.acb.com/Documentos/Cabeceras/logo-competicion-4a.png",66,2001,107,NA,NA,1780,11164,NA,NA,FALSE,1267,1275,624,"DKV Joventut","DKV Joventut","DKV",1267,1355,"Leche Río Breogán","Leche Río Bre.","BRE",1,70,12000,6,19,31.58,18,42,42.86,16,24,66.67,19,14,33,10,7,14,0,1,0,2,30,22,54,0,0,1,0,0,70,87,0,NA,0,0,0,0,0,0,0
1492186,1,"Liga Nacional","Liga Endesa",-402534000,NA,"https://www.acb.com/Documentos/Cabeceras/logo-competicion-1b.png","https://www.acb.com/Documentos/Cabeceras/logo-competicion-4a.png",66,2001,107,NA,NA,1780,11167,NA,NA,FALSE,1273,1272,1447,"Gijón Baloncesto","Gijón Bal.","GIJ",1273,1467,"Casademont Girona","Casademont Gir.","GIR",1,75,12000,9,18,50,15,36,41.67,18,23,78.26,22,11,33,10,9,14,0,1,5,1,20,24,78,0,0,0,1,0,75,70,0,NA,0,0,0,0,0,0,0
1492185,1,"Liga Nacional","Liga Endesa",-402534000,NA,"https://www.acb.com/Documentos/Cabeceras/logo-competicion-1b.png","https://www.acb.com/Documentos/Cabeceras/logo-competicion-4a.png",66,2001,107,NA,NA,1780,11167,NA,NA,TRUE,1272,1272,1447,"Gijón Baloncesto","Gijón Bal.","GIJ",1273,1467,"Casademont Girona","Casademont Gir.","GIR",1,70,12000,8,24,33,19,36,52,8,9,88,22,9,31,11,7,12,0,5,1,1,24,20,73,0,0,10,0,0,70,75,0,0,0,0,0,0,0,0,0
1492210,1,"Liga Nacional","Liga Endesa",-402534000,NA,"https://www.acb.com/Documentos/Cabeceras/logo-competicion-1b.png","https://www.acb.com/Documentos/Cabeceras/logo-competicion-4a.png",66,2001,107,NA,NA,1780,11168,NA,NA,FALSE,1274,1266,214,"TAU Cerámica","TAU Cerámica","TAU",1274,4,"CB Granada","CB Granada","GRA",1,83,12000,4,17,23.53,28,62,45.16,15,20,75,19,18,37,13,7,12,0,0,1,2,23,24,76,0,0,1,0,0,83,100,0,NA,0,0,0,0,0,0,0
1492209,1,"Liga Nacional","Liga Endesa",-402534000,NA,"https://www.acb.com/Documentos/Cabeceras/logo-competicion-1b.png","https://www.acb.com/Documentos/Cabeceras/logo-competicion-4a.png",66,2001,107,NA,NA,1780,11168,NA,NA,TRUE,1266,1266,214,"TAU Cerámica","TAU Cerámica","TAU",1274,4,"CB Granada","CB Granada","GRA",1,100,12000,9,15,60,27,46,58.7,19,24,79.17,28,9,37,22,5,18,0,1,0,1,24,23,116,0,0,0,1,0,100,83,0,NA,0,0,0,0,0,0,0
1492255,1,"Liga Nacional","Liga Endesa",-402534000,NA,"https://www.acb.com/Documentos/Cabeceras/logo-competicion-1b.png","https://www.acb.com/Documentos/Cabeceras/logo-competicion-4a.png",66,2001,107,NA,NA,1780,11170,NA,NA,TRUE,1281,1281,1805,"Cantabria Lobos","Cantabria Lobos","CAN",1282,1850,"Fórum Valladolid","Fórum Vall.","FOR",1,87,12000,11,24,45.83,24,45,53.33,6,10,60,17,9,26,15,6,10,0,2,2,3,21,17,82,0,0,1,0,0,87,95,0,NA,0,0,0,0,0,0,0
1492256,1,"Liga Nacional","Liga Endesa",-402534000,NA,"https://www.acb.com/Documentos/Cabeceras/logo-competicion-1b.png","https://www.acb.com/Documentos/Cabeceras/logo-competicion-4a.png",66,2001,107,NA,NA,1780,11170,NA,NA,FALSE,1282,1281,1805,"Cantabria Lobos","Cantabria Lobos","CAN",1282,1850,"Fórum Valladolid","Fórum Vall.","FOR",1,95,12000,10,21,47,24,42,57,17,21,80,27,12,39,16,8,14,0,2,2,2,17,21,115,0,0,0,10,0,95,87,0,0,0,0,0,0,0,0,0
1492278,1,"Liga Nacional","Liga Endesa",-402534000,NA,"https://www.acb.com/Documentos/Cabeceras/logo-competicion-1b.png","https://www.acb.com/Documentos/Cabeceras/logo-competicion-4a.png",66,2001,107,NA,NA,1780,11171,NA,NA,TRUE,1268,1268,1374,"Cáceres CB","Cáceres CB","CAC",1278,959,"Pamesa Valencia","Pamesa Valencia","PAM",1,106,13500,5,23,21,32,51,62,27,35,77,37,8,45,21,8,11,0,2,6,0,30,32,122,0,0,0,10,0,106,95,0,0,0,0,0,0,0,0,0
1492279,1,"Liga Nacional","Liga Endesa",-402534000,NA,"https://www.acb.com/Documentos/Cabeceras/logo-competicion-1b.png","https://www.acb.com/Documentos/Cabeceras/logo-competicion-4a.png",66,2001,107,NA,NA,1780,11171,NA,NA,FALSE,1278,1268,1374,"Cáceres CB","Cáceres CB","CAC",1278,959,"Pamesa Valencia","Pamesa Valencia","PAM",1,95,13500,8,25,32,24,58,41.38,23,32,71.88,29,21,50,7,9,13,0,6,2,2,32,30,90,0,0,1,0,0,95,106,0,NA,0,0,0,0,0,0,0
1492303,1,"Liga Nacional","Liga Endesa",-402534000,NA,"https://www.acb.com/Documentos/Cabeceras/logo-competicion-1b.png","https://www.acb.com/Documentos/Cabeceras/logo-competicion-4a.png",66,2001,107,NA,NA,1780,11172,NA,NA,FALSE,1265,1271,1199,"Jabones Pardo Fuenlabrada","Jabones Pardo","FUE",1265,100,"FC Barcelona","FC Barcelona","FCB",1,85,12000,12,20,60,14,32,43.75,21,28,75,26,9,35,10,8,14,0,2,0,1,16,26,103,0,0,0,1,0,85,66,0,NA,0,0,0,0,0,0,0
1492302,1,"Liga Nacional","Liga Endesa",-402534000,NA,"https://www.acb.com/Documentos/Cabeceras/logo-competicion-1b.png","https://www.acb.com/Documentos/Cabeceras/logo-competicion-4a.png",66,2001,107,NA,NA,1780,11172,NA,NA,TRUE,1271,1271,1199,"Jabones Pardo Fuenlabrada","Jabones Pardo","FUE",1265,100,"FC Barcelona","FC Barcelona","FCB",1,66,12000,4,20,20,24,47,51.06,6,9,66.67,16,13,29,7,9,12,0,0,2,1,26,16,45,0,0,1,0,0,66,85,0,NA,0,0,0,0,0,0,0
1492163,1,"Liga Nacional","Liga Endesa",-402534000,NA,"https://www.acb.com/Documentos/Cabeceras/logo-competicion-1b.png","https://www.acb.com/Documentos/Cabeceras/logo-competicion-4a.png",66,2001,107,NA,NA,1780,11166,NA,NA,TRUE,1277,1277,758,"Real Madrid","Real Madrid","RMB",1280,1127,"Caja San Fernando","C. San Fernando","CSF",1,79,12000,6,13,46,23,44,52,15,24,62,30,5,35,11,6,13,0,8,4,4,20,24,89,0,0,0,10,0,79,66,0,0,0,0,0,0,0,0,0
1492164,1,"Liga Nacional","Liga Endesa",-402534000,NA,"https://www.acb.com/Documentos/Cabeceras/logo-competicion-1b.png","https://www.acb.com/Documentos/Cabeceras/logo-competicion-4a.png",66,2001,107,NA,NA,1780,11166,NA,NA,FALSE,1280,1277,758,"Real Madrid","Real Madrid","RMB",1280,1127,"Caja San Fernando","C. San Fernando","CSF",1,66,12000,3,20,15,23,52,44.23,11,15,73.33,25,15,40,6,10,10,0,4,8,0,24,20,54,0,0,1,0,0,66,79,0,NA,0,0,0,0,0,0,0
1492139,1,"Liga Nacional","Liga Endesa",-402534000,NA,"https://www.acb.com/Documentos/Cabeceras/logo-competicion-1b.png","https://www.acb.com/Documentos/Cabeceras/logo-competicion-4a.png",66,2001,107,NA,NA,1780,11165,NA,NA,FALSE,1279,1276,1609,"Caprabo Lleida","Caprabo Lleida","LLE",1279,1054,"Unicaja","Unicaja","UNI",1,83,13500,7,21,33,21,40,52,20,27,74,24,9,33,6,11,15,0,5,4,1,25,24,78,0,0,0,11,0,83,76,0,0,0,0,0,0,0,0,0
1492138,1,"Liga Nacional","Liga Endesa",-402534000,NA,"https://www.acb.com/Documentos/Cabeceras/logo-competicion-1b.png","https://www.acb.com/Documentos/Cabeceras/logo-competicion-4a.png",66,2001,107,NA,NA,1780,11165,NA,NA,TRUE,1276,1276,1609,"Caprabo Lleida","Caprabo Lleida","LLE",1279,1054,"Unicaja","Unicaja","UNI",1,76,13500,4,28,14.29,22,39,56.41,20,28,71.43,25,17,42,10,8,15,0,4,5,2,24,25,72,0,0,1,0,0,76,83,0,NA,0,0,0,0,0,0,0
1492346,1,"Liga Nacional","Liga Endesa",-402534000,NA,"https://www.acb.com/Documentos/Cabeceras/logo-competicion-1b.png","https://www.acb.com/Documentos/Cabeceras/logo-competicion-4a.png",66,2001,107,NA,NA,1781,11174,NA,NA,TRUE,1278,1278,959,"Pamesa Valencia","Pamesa Valencia","PAM",1271,1199,"Jabones Pardo Fuenlabrada","Jabones Pardo","FUE",1,88,13500,6,14,42.86,25,45,55.56,20,32,62.5,33,11,44,22,9,16,0,7,1,2,22,31,122,0,0,0,1,0,88,77,0,NA,0,0,0,0,0,0,0
1492347,1,"Liga Nacional","Liga Endesa",-402534000,NA,"https://www.acb.com/Documentos/Cabeceras/logo-competicion-1b.png","https://www.acb.com/Documentos/Cabeceras/logo-competicion-4a.png",66,2001,107,NA,NA,1781,11174,NA,NA,FALSE,1271,1278,959,"Pamesa Valencia","Pamesa Valencia","PAM",1271,1199,"Jabones Pardo Fuenlabrada","Jabones Pardo","FUE",1,77,13500,6,30,20,20,39,51.28,19,22,86.36,25,9,34,15,7,11,0,1,7,1,31,22,61,0,0,1,0,0,77,88,0,NA,0,0,0,0,0,0,0
1492392,1,"Liga Nacional","Liga Endesa",-402534000,NA,"https://www.acb.com/Documentos/Cabeceras/logo-competicion-1b.png","https://www.acb.com/Documentos/Cabeceras/logo-competicion-4a.png",66,2001,107,NA,NA,1781,11176,NA,NA,TRUE,1270,1270,461,"Adecco Estudiantes","Adecco Estu","EST",1281,1805,"Cantabria Lobos","Cantabria Lobos","CAN",1,108,12000,12,24,50,31,49,63,10,22,45,32,10,42,21,10,7,0,4,2,4,26,24,132,0,0,0,12,0,108,81,0,0,0,0,0,0,0,0,0
1492393,1,"Liga Nacional","Liga Endesa",-402534000,NA,"https://www.acb.com/Documentos/Cabeceras/logo-competicion-1b.png","https://www.acb.com/Documentos/Cabeceras/logo-competicion-4a.png",66,2001,107,NA,NA,1781,11176,NA,NA,FALSE,1281,1270,461,"Adecco Estudiantes","Adecco Estu","EST",1281,1805,"Cantabria Lobos","Cantabria Lobos","CAN",1,81,12000,8,25,32,17,37,45.95,23,34,67.65,27,9,36,6,5,13,0,2,4,3,24,26,67,0,0,1,0,0,81,108,0,NA,0,0,0,0,0,0,0
1492370,1,"Liga Nacional","Liga Endesa",-402534000,NA,"https://www.acb.com/Documentos/Cabeceras/logo-competicion-1b.png","https://www.acb.com/Documentos/Cabeceras/logo-competicion-4a.png",66,2001,107,NA,NA,1781,11175,NA,NA,FALSE,1268,1282,1850,"Fórum Valladolid","Fórum Vall.","FOR",1268,1374,"Cáceres CB","Cáceres CB","CAC",1,99,12000,13,25,52,23,42,54.76,14,21,66.67,19,7,26,20,12,13,0,2,1,0,23,23,107,0,0,0,1,0,99,98,0,NA,0,0,0,0,0,0,0
1492369,1,"Liga Nacional","Liga Endesa",-402534000,NA,"https://www.acb.com/Documentos/Cabeceras/logo-competicion-1b.png","https://www.acb.com/Documentos/Cabeceras/logo-competicion-4a.png",66,2001,107,NA,NA,1781,11175,NA,NA,TRUE,1282,1282,1850,"Fórum Valladolid","Fórum Vall.","FOR",1268,1374,"Cáceres CB","Cáceres CB","CAC",1,98,12000,7,21,33,31,49,63,15,22,68,25,14,39,15,6,18,0,1,2,0,23,23,100,0,0,10,0,0,98,99,0,0,0,0,0,0,0,0,0
1492441,1,"Liga Nacional","Liga Endesa",-402534000,NA,"https://www.acb.com/Documentos/Cabeceras/logo-competicion-1b.png","https://www.acb.com/Documentos/Cabeceras/logo-competicion-4a.png",66,2001,107,NA,NA,1781,11178,NA,NA,FALSE,1266,1273,1467,"Casademont Girona","Casademont Gir.","GIR",1266,214,"TAU Cerámica","TAU Cerámica","TAU",1,83,12000,8,19,42.11,21,37,56.76,17,23,73.91,21,9,30,7,8,13,0,0,1,0,25,25,81,0,0,0,1,0,83,75,0,NA,0,0,0,0,0,0,0
1492440,1,"Liga Nacional","Liga Endesa",-402534000,NA,"https://www.acb.com/Documentos/Cabeceras/logo-competicion-1b.png","https://www.acb.com/Documentos/Cabeceras/logo-competicion-4a.png",66,2001,107,NA,NA,1781,11178,NA,NA,TRUE,1273,1273,1467,"Casademont Girona","Casademont Gir.","GIR",1266,214,"TAU Cerámica","TAU Cerámica","TAU",1,75,12000,9,17,52.94,16,39,41.03,16,19,84.21,19,11,30,12,5,16,0,1,0,2,25,25,73,0,0,1,0,0,75,83,0,NA,0,0,0,0,0,0,0
1492420,1,"Liga Nacional","Liga Endesa",-402534000,NA,"https://www.acb.com/Documentos/Cabeceras/logo-competicion-1b.png","https://www.acb.com/Documentos/Cabeceras/logo-competicion-4a.png",66,2001,107,NA,NA,1781,11177,NA,NA,FALSE,1269,1274,4,"CB Granada","CB Granada","GRA",1269,335,"Canarias Telecom","Canarias Tel.","GCA",1,61,12000,5,23,21.74,17,39,43.59,12,12,100,24,15,39,7,8,22,0,5,3,2,22,20,53,0,0,1,0,0,61,81,0,NA,0,0,0,0,0,0,0
1492419,1,"Liga Nacional","Liga Endesa",-402534000,NA,"https://www.acb.com/Documentos/Cabeceras/logo-competicion-1b.png","https://www.acb.com/Documentos/Cabeceras/logo-competicion-4a.png",66,2001,107,NA,NA,1781,11177,NA,NA,TRUE,1274,1274,4,"CB Granada","CB Granada","GRA",1269,335,"Canarias Telecom","Canarias Tel.","GCA",1,81,12000,3,16,18.75,27,53,50.94,18,22,81.82,23,17,40,11,16,12,0,3,5,3,20,22,93,0,0,0,1,0,81,61,0,NA,0,0,0,0,0,0,0
1492514,1,"Liga Nacional","Liga Endesa",-402534000,NA,"https://www.acb.com/Documentos/Cabeceras/logo-competicion-1b.png","https://www.acb.com/Documentos/Cabeceras/logo-competicion-4a.png",66,2001,107,NA,NA,1781,11181,NA,NA,TRUE,1275,1275,624,"DKV Joventut","DKV Joventut","DKV",1276,1609,"Caprabo Lleida","Caprabo Lleida","LLE",1,83,12000,6,14,42,22,39,56,21,29,72,24,10,34,18,5,16,0,7,1,6,18,27,106,0,0,0,10,0,83,75,0,0,0,0,0,0,0,0,0
1492515,1,"Liga Nacional","Liga Endesa",-402534000,NA,"https://www.acb.com/Documentos/Cabeceras/logo-competicion-1b.png","https://www.acb.com/Documentos/Cabeceras/logo-competicion-4a.png",66,2001,107,NA,NA,1781,11181,NA,NA,FALSE,1276,1275,624,"DKV Joventut","DKV Joventut","DKV",1276,1609,"Caprabo Lleida","Caprabo Lleida","LLE",1,75,12000,9,32,28.12,21,40,52.5,6,11,54.55,17,17,34,12,11,11,0,1,7,4,27,18,59,0,0,1,0,0,75,83,0,NA,0,0,0,0,0,0,0
1492324,1,"Liga Nacional","Liga Endesa",-402534000,NA,"https://www.acb.com/Documentos/Cabeceras/logo-competicion-1b.png","https://www.acb.com/Documentos/Cabeceras/logo-competicion-4a.png",66,2001,107,NA,NA,1781,11173,NA,NA,TRUE,1267,1267,1355,"Leche Río Breogán","Leche Río Bre.","BRE",1265,100,"FC Barcelona","FC Barcelona","FCB",1,85,12000,5,17,29.41,24,44,54.55,22,30,73.33,30,11,41,7,10,15,0,4,1,0,22,31,100,0,0,0,1,0,85,77,0,NA,0,0,0,0,0,0,0
1492325,1,"Liga Nacional","Liga Endesa",-402534000,NA,"https://www.acb.com/Documentos/Cabeceras/logo-competicion-1b.png","https://www.acb.com/Documentos/Cabeceras/logo-competicion-4a.png",66,2001,107,NA,NA,1781,11173,NA,NA,FALSE,1265,1267,1355,"Leche Río Breogán","Leche Río Bre.","BRE",1265,100,"FC Barcelona","FC Barcelona","FCB",1,77,12000,10,34,29.41,14,34,41.18,19,27,70.37,23,14,37,12,9,14,0,1,4,0,31,22,57,0,0,1,0,0,77,85,0,NA,0,0,0,0,0,0,0
1492467,1,"Liga Nacional","Liga Endesa",-402534000,NA,"https://www.acb.com/Documentos/Cabeceras/logo-competicion-1b.png","https://www.acb.com/Documentos/Cabeceras/logo-competicion-4a.png",66,2001,107,NA,NA,1781,11179,NA,NA,FALSE,1272,1280,1127,"Caja San Fernando","C. San Fernando","CSF",1272,1447,"Gijón Baloncesto","Gijón Bal.","GIJ",1,80,12000,6,16,37,17,41,41,28,38,73,21,7,28,7,10,15,0,3,6,1,26,27,64,0,0,11,0,0,80,91,0,0,0,0,0,0,0,0,0
1492466,1,"Liga Nacional","Liga Endesa",-402534000,NA,"https://www.acb.com/Documentos/Cabeceras/logo-competicion-1b.png","https://www.acb.com/Documentos/Cabeceras/logo-competicion-4a.png",66,2001,107,NA,NA,1781,11179,NA,NA,TRUE,1280,1280,1127,"Caja San Fernando","C. San Fernando","CSF",1272,1447,"Gijón Baloncesto","Gijón Bal.","GIJ",1,91,12000,6,23,26.09,23,40,57.5,27,35,77.14,30,15,45,7,10,18,0,6,3,1,27,26,95,0,0,0,1,0,91,80,0,NA,0,0,0,0,0,0,0
1492493,1,"Liga Nacional","Liga Endesa",-402534000,NA,"https://www.acb.com/Documentos/Cabeceras/logo-competicion-1b.png","https://www.acb.com/Documentos/Cabeceras/logo-competicion-4a.png",66,2001,107,NA,NA,1781,11180,NA,NA,TRUE,1279,1279,1054,"Unicaja","Unicaja","UNI",1277,758,"Real Madrid","Real Madrid","RMB",1,80,12000,6,14,42,23,55,41,16,25,64,18,19,37,11,15,12,0,3,7,3,26,27,79,0,0,0,11,0,80,79,0,0,0,0,0,0,0,0,0
1492494,1,"Liga Nacional","Liga Endesa",-402534000,NA,"https://www.acb.com/Documentos/Cabeceras/logo-competicion-1b.png","https://www.acb.com/Documentos/Cabeceras/logo-competicion-4a.png",66,2001,107,NA,NA,1781,11180,NA,NA,FALSE,1277,1279,1054,"Unicaja","Unicaja","UNI",1277,758,"Real Madrid","Real Madrid","RMB",1,79,12000,5,15,33,22,36,61,20,23,86,22,6,28,9,7,16,0,7,3,2,27,26,83,0,0,11,0,0,79,80,0,0,0,0,0,0,0,0,0
1492540,1,"Liga Nacional","Liga Endesa",-402534000,NA,"https://www.acb.com/Documentos/Cabeceras/logo-competicion-1b.png","https://www.acb.com/Documentos/Cabeceras/logo-competicion-4a.png",66,2001,107,NA,NA,1782,11182,NA,NA,TRUE,1277,1277,758,"Real Madrid","Real Madrid","RMB",1267,1355,"Leche Río Breogán","Leche Río Bre.","BRE",1,94,12000,9,26,34,25,38,65,17,22,77,23,12,35,15,7,11,0,9,6,9,22,20,106,0,0,0,12,0,94,81,0,0,0,0,0,0,0,0,0
1492541,1,"Liga Nacional","Liga Endesa",-402534000,NA,"https://www.acb.com/Documentos/Cabeceras/logo-competicion-1b.png","https://www.acb.com/Documentos/Cabeceras/logo-competicion-4a.png",66,2001,107,NA,NA,1782,11182,NA,NA,FALSE,1267,1277,758,"Real Madrid","Real Madrid","RMB",1267,1355,"Leche Río Breogán","Leche Río Bre.","BRE",1,81,12000,5,13,38.46,25,60,41.67,16,26,61.54,18,20,38,11,8,10,0,6,9,1,20,22,74,0,0,1,0,0,81,94,0,NA,0,0,0,0,0,0,0
1492679,1,"Liga Nacional","Liga Endesa",-402534000,NA,"https://www.acb.com/Documentos/Cabeceras/logo-competicion-1b.png","https://www.acb.com/Documentos/Cabeceras/logo-competicion-4a.png",66,2001,107,NA,NA,1782,11188,NA,NA,FALSE,1274,1271,1199,"Jabones Pardo Fuenlabrada","Jabones Pardo","FUE",1274,4,"CB Granada","CB Granada","GRA",1,83,12000,5,18,27.78,24,49,48.98,20,30,66.67,25,17,42,9,7,19,0,0,4,2,24,28,74,0,0,1,0,0,83,98,0,NA,0,0,0,0,0,0,0
1492678,1,"Liga Nacional","Liga Endesa",-402534000,NA,"https://www.acb.com/Documentos/Cabeceras/logo-competicion-1b.png","https://www.acb.com/Documentos/Cabeceras/logo-competicion-4a.png",66,2001,107,NA,NA,1782,11188,NA,NA,TRUE,1271,1271,1199,"Jabones Pardo Fuenlabrada","Jabones Pardo","FUE",1274,4,"CB Granada","CB Granada","GRA",1,98,12000,16,34,47.06,16,35,45.71,18,24,75,22,11,33,17,12,14,0,4,0,0,28,24,103,0,0,0,1,0,98,83,0,NA,0,0,0,0,0,0,0
1492564,1,"Liga Nacional","Liga Endesa",-402534000,NA,"https://www.acb.com/Documentos/Cabeceras/logo-competicion-1b.png","https://www.acb.com/Documentos/Cabeceras/logo-competicion-4a.png",66,2001,107,NA,NA,1782,11183,NA,NA,TRUE,1272,1272,1447,"Gijón Baloncesto","Gijón Bal.","GIJ",1276,1609,"Caprabo Lleida","Caprabo Lleida","LLE",1,83,12000,6,16,37,24,45,53,17,20,85,21,8,29,9,7,15,0,3,4,0,21,18,75,0,0,11,0,0,83,105,0,0,0,0,0,0,0,0,0
1492565,1,"Liga Nacional","Liga Endesa",-402534000,NA,"https://www.acb.com/Documentos/Cabeceras/logo-competicion-1b.png","https://www.acb.com/Documentos/Cabeceras/logo-competicion-4a.png",66,2001,107,NA,NA,1782,11183,NA,NA,FALSE,1276,1272,1447,"Gijón Baloncesto","Gijón Bal.","GIJ",1276,1609,"Caprabo Lleida","Caprabo Lleida","LLE",1,105,12000,15,26,57.69,22,47,46.81,16,20,80,26,18,44,19,9,12,0,4,3,2,18,21,129,0,0,0,1,0,105,83,0,NA,0,0,0,0,0,0,0
1492590,1,"Liga Nacional","Liga Endesa",-402534000,NA,"https://www.acb.com/Documentos/Cabeceras/logo-competicion-1b.png","https://www.acb.com/Documentos/Cabeceras/logo-competicion-4a.png",66,2001,107,NA,NA,1782,11184,NA,NA,TRUE,1266,1266,214,"TAU Cerámica","TAU Cerámica","TAU",1275,624,"DKV Joventut","DKV Joventut","DKV",1,95,12000,10,23,43.48,28,46,60.87,9,13,69.23,14,9,23,27,14,9,0,0,2,7,25,23,111,0,0,0,1,0,95,77,0,NA,0,0,0,0,0,0,0
1492591,1,"Liga Nacional","Liga Endesa",-402534000,NA,"https://www.acb.com/Documentos/Cabeceras/logo-competicion-1b.png","https://www.acb.com/Documentos/Cabeceras/logo-competicion-4a.png",66,2001,107,NA,NA,1782,11184,NA,NA,FALSE,1275,1266,214,"TAU Cerámica","TAU Cerámica","TAU",1275,624,"DKV Joventut","DKV Joventut","DKV",1,77,12000,1,10,10,27,44,61,20,25,80,22,14,36,11,5,23,0,2,0,5,23,25,79,0,0,12,0,0,77,95,0,0,0,0,0,0,0,0,0
1492635,1,"Liga Nacional","Liga Endesa",-402534000,NA,"https://www.acb.com/Documentos/Cabeceras/logo-competicion-1b.png","https://www.acb.com/Documentos/Cabeceras/logo-competicion-4a.png",66,2001,107,NA,NA,1782,11186,NA,NA,TRUE,1281,1281,1805,"Cantabria Lobos","Cantabria Lobos","CAN",1280,1127,"Caja San Fernando","C. San Fernando","CSF",1,83,12000,5,16,31.25,24,47,51.06,20,30,66.67,25,11,36,6,6,9,0,1,1,1,21,24,81,0,0,1,0,0,83,87,0,NA,0,0,0,0,0,0,0
1492636,1,"Liga Nacional","Liga Endesa",-402534000,NA,"https://www.acb.com/Documentos/Cabeceras/logo-competicion-1b.png","https://www.acb.com/Documentos/Cabeceras/logo-competicion-4a.png",66,2001,107,NA,NA,1782,11186,NA,NA,FALSE,1280,1281,1805,"Cantabria Lobos","Cantabria Lobos","CAN",1280,1127,"Caja San Fernando","C. San Fernando","CSF",1,87,12000,11,26,42.31,22,43,51.16,10,18,55.56,26,14,40,7,7,15,0,1,1,1,24,21,79,0,0,0,1,0,87,83,0,NA,0,0,0,0,0,0,0
1492658,1,"Liga Nacional","Liga Endesa",-402534000,NA,"https://www.acb.com/Documentos/Cabeceras/logo-competicion-1b.png","https://www.acb.com/Documentos/Cabeceras/logo-competicion-4a.png",66,2001,107,NA,NA,1782,11187,NA,NA,FALSE,1273,1268,1374,"Cáceres CB","Cáceres CB","CAC",1273,1467,"Casademont Girona","Casademont Gir.","GIR",1,74,12000,7,18,38.89,21,44,47.73,11,14,78.57,24,8,32,7,9,14,0,1,1,1,22,21,70,0,0,0,1,0,74,66,0,NA,0,0,0,0,0,0,0
1492657,1,"Liga Nacional","Liga Endesa",-402534000,NA,"https://www.acb.com/Documentos/Cabeceras/logo-competicion-1b.png","https://www.acb.com/Documentos/Cabeceras/logo-competicion-4a.png",66,2001,107,NA,NA,1782,11187,NA,NA,TRUE,1268,1268,1374,"Cáceres CB","Cáceres CB","CAC",1273,1467,"Casademont Girona","Casademont Gir.","GIR",1,66,12000,7,24,29.17,14,35,40,17,24,70.83,26,8,34,13,11,15,0,1,1,1,21,22,65,0,0,1,0,0,66,74,0,NA,0,0,0,0,0,0,0
1492704,1,"Liga Nacional","Liga Endesa",-402534000,NA,"https://www.acb.com/Documentos/Cabeceras/logo-competicion-1b.png","https://www.acb.com/Documentos/Cabeceras/logo-competicion-4a.png",66,2001,107,NA,NA,1782,11189,NA,NA,TRUE,1265,1265,100,"FC Barcelona","FC Barcelona","FCB",1270,461,"Adecco Estudiantes","Adecco Estu","EST",1,90,12000,8,21,38.1,24,45,53.33,18,23,78.26,30,14,44,15,13,18,0,3,2,4,27,22,101,0,0,0,1,0,90,82,0,NA,0,0,0,0,0,0,0
1492705,1,"Liga Nacional","Liga Endesa",-402534000,NA,"https://www.acb.com/Documentos/Cabeceras/logo-competicion-1b.png","https://www.acb.com/Documentos/Cabeceras/logo-competicion-4a.png",66,2001,107,NA,NA,1782,11189,NA,NA,FALSE,1270,1265,100,"FC Barcelona","FC Barcelona","FCB",1270,461,"Adecco Estudiantes","Adecco Estu","EST",1,82,12000,5,18,27,26,52,50,15,25,60,22,16,38,13,13,16,0,2,3,2,22,27,85,0,0,11,0,0,82,90,0,0,0,0,0,0,0,0,0
1492615,1,"Liga Nacional","Liga Endesa",-402534000,NA,"https://www.acb.com/Documentos/Cabeceras/logo-competicion-1b.png","https://www.acb.com/Documentos/Cabeceras/logo-competicion-4a.png",66,2001,107,NA,NA,1782,11185,NA,NA,TRUE,1269,1269,335,"Canarias Telecom","Canarias Tel.","GCA",1279,1054,"Unicaja","Unicaja","UNI",1,76,12000,7,15,46.67,21,43,48.84,13,22,59.09,23,7,30,13,8,8,0,1,5,6,26,19,69,0,0,0,1,0,76,74,0,NA,0,0,0,0,0,0,0
1492616,1,"Liga Nacional","Liga Endesa",-402534000,NA,"https://www.acb.com/Documentos/Cabeceras/logo-competicion-1b.png","https://www.acb.com/Documentos/Cabeceras/logo-competicion-4a.png",66,2001,107,NA,NA,1782,11185,NA,NA,FALSE,1279,1269,335,"Canarias Telecom","Canarias Tel.","GCA",1279,1054,"Unicaja","Unicaja","UNI",1,74,12000,6,24,25,19,34,55,18,29,62,27,16,43,10,6,16,0,5,1,0,19,26,84,0,0,10,0,0,74,76,0,0,0,0,0,0,0,0,0
1492724,1,"Liga Nacional","Liga Endesa",-402534000,NA,"https://www.acb.com/Documentos/Cabeceras/logo-competicion-1b.png","https://www.acb.com/Documentos/Cabeceras/logo-competicion-4a.png",66,2001,107,NA,NA,1782,11190,NA,NA,TRUE,1278,1278,959,"Pamesa Valencia","Pamesa Valencia","PAM",1282,1850,"Fórum Valladolid","Fórum Vall.","FOR",1,72,12000,9,22,40.91,19,46,41.3,7,16,43.75,28,11,39,13,11,12,0,2,6,1,23,20,67,0,0,1,0,0,72,76,0,NA,0,0,0,0,0,0,0
1492725,1,"Liga Nacional","Liga Endesa",-402534000,NA,"https://www.acb.com/Documentos/Cabeceras/logo-competicion-1b.png","https://www.acb.com/Documentos/Cabeceras/logo-competicion-4a.png",66,2001,107,NA,NA,1782,11190,NA,NA,FALSE,1282,1278,959,"Pamesa Valencia","Pamesa Valencia","PAM",1282,1850,"Fórum Valladolid","Fórum Vall.","FOR",1,76,12000,11,20,55,15,40,37.5,13,23,56.52,28,13,41,16,6,16,0,6,2,0,20,23,86,0,0,0,1,0,76,72,0,NA,0,0,0,0,0,0,0
1492819,1,"Liga Nacional","Liga Endesa",-402534000,NA,"https://www.acb.com/Documentos/Cabeceras/logo-competicion-1b.png","https://www.acb.com/Documentos/Cabeceras/logo-competicion-4a.png",66,2001,107,NA,NA,1783,11194,NA,NA,TRUE,1274,1274,4,"CB Granada","CB Granada","GRA",1268,1374,"Cáceres CB","Cáceres CB","CAC",1,94,12000,12,27,44.44,18,38,47.37,22,28,78.57,28,14,42,17,15,21,0,2,0,3,26,23,105,0,0,0,1,0,94,80,0,NA,0,0,0,0,0,0,0
1492820,1,"Liga Nacional","Liga Endesa",-402534000,NA,"https://www.acb.com/Documentos/Cabeceras/logo-competicion-1b.png","https://www.acb.com/Documentos/Cabeceras/logo-competicion-4a.png",66,2001,107,NA,NA,1783,11194,NA,NA,FALSE,1268,1274,4,"CB Granada","CB Granada","GRA",1268,1374,"Cáceres CB","Cáceres CB","CAC",1,80,12000,4,14,28.57,24,53,45.28,20,26,76.92,20,9,29,7,15,18,0,0,2,1,23,26,69,0,0,1,0,0,80,94,0,NA,0,0,0,0,0,0,0
1492745,1,"Liga Nacional","Liga Endesa",-402534000,NA,"https://www.acb.com/Documentos/Cabeceras/logo-competicion-1b.png","https://www.acb.com/Documentos/Cabeceras/logo-competicion-4a.png",66,2001,107,NA,NA,1783,11191,NA,NA,TRUE,1267,1267,1355,"Leche Río Breogán","Leche Río Bre.","BRE",1278,959,"Pamesa Valencia","Pamesa Valencia","PAM",1,75,12000,10,18,55.56,15,40,37.5,15,24,62.5,25,10,35,10,15,23,0,0,1,2,22,29,76,0,0,0,1,0,75,65,0,NA,0,0,0,0,0,0,0
1492746,1,"Liga Nacional","Liga Endesa",-402534000,NA,"https://www.acb.com/Documentos/Cabeceras/logo-competicion-1b.png","https://www.acb.com/Documentos/Cabeceras/logo-competicion-4a.png",66,2001,107,NA,NA,1783,11191,NA,NA,FALSE,1278,1267,1355,"Leche Río Breogán","Leche Río Bre.","BRE",1278,959,"Pamesa Valencia","Pamesa Valencia","PAM",1,65,12000,2,17,11.76,22,38,57.89,15,21,71.43,22,6,28,8,13,23,0,1,0,0,29,22,48,0,0,1,0,0,65,75,0,NA,0,0,0,0,0,0,0
1492771,1,"Liga Nacional","Liga Endesa",-402534000,NA,"https://www.acb.com/Documentos/Cabeceras/logo-competicion-1b.png","https://www.acb.com/Documentos/Cabeceras/logo-competicion-4a.png",66,2001,107,NA,NA,1783,11192,NA,NA,TRUE,1282,1282,1850,"Fórum Valladolid","Fórum Vall.","FOR",1265,100,"FC Barcelona","FC Barcelona","FCB",1,80,12000,7,23,30.43,20,37,54.05,19,31,61.29,21,10,31,12,8,21,0,6,3,1,25,29,72,0,0,1,0,0,80,95,0,NA,0,0,0,0,0,0,0
1492772,1,"Liga Nacional","Liga Endesa",-402534000,NA,"https://www.acb.com/Documentos/Cabeceras/logo-competicion-1b.png","https://www.acb.com/Documentos/Cabeceras/logo-competicion-4a.png",66,2001,107,NA,NA,1783,11192,NA,NA,FALSE,1265,1282,1850,"Fórum Valladolid","Fórum Vall.","FOR",1265,100,"FC Barcelona","FC Barcelona","FCB",1,95,12000,9,24,37.5,26,45,57.78,16,23,69.57,23,11,34,20,15,19,0,3,6,0,29,25,97,0,0,0,1,0,95,80,0,NA,0,0,0,0,0,0,0
1492793,1,"Liga Nacional","Liga Endesa",-402534000,NA,"https://www.acb.com/Documentos/Cabeceras/logo-competicion-1b.png","https://www.acb.com/Documentos/Cabeceras/logo-competicion-4a.png",66,2001,107,NA,NA,1783,11193,NA,NA,TRUE,1270,1270,461,"Adecco Estudiantes","Adecco Estu","EST",1271,1199,"Jabones Pardo Fuenlabrada","Jabones Pardo","FUE",1,91,12000,5,18,27,28,49,57,20,24,83,29,9,38,12,7,11,0,5,1,0,19,24,108,0,0,0,11,0,91,84,0,0,0,0,0,0,0,0,0
1492794,1,"Liga Nacional","Liga Endesa",-402534000,NA,"https://www.acb.com/Documentos/Cabeceras/logo-competicion-1b.png","https://www.acb.com/Documentos/Cabeceras/logo-competicion-4a.png",66,2001,107,NA,NA,1783,11193,NA,NA,FALSE,1271,1270,461,"Adecco Estudiantes","Adecco Estu","EST",1271,1199,"Jabones Pardo Fuenlabrada","Jabones Pardo","FUE",1,84,12000,11,27,40.74,21,42,50,9,13,69.23,22,9,31,13,10,12,0,1,5,0,24,19,76,0,0,1,0,0,84,91,0,NA,0,0,0,0,0,0,0
1492841,1,"Liga Nacional","Liga Endesa",-402534000,NA,"https://www.acb.com/Documentos/Cabeceras/logo-competicion-1b.png","https://www.acb.com/Documentos/Cabeceras/logo-competicion-4a.png",66,2001,107,NA,NA,1783,11195,NA,NA,TRUE,1273,1273,1467,"Casademont Girona","Casademont Gir.","GIR",1281,1805,"Cantabria Lobos","Cantabria Lobos","CAN",1,88,12000,8,22,36.36,29,51,56.86,6,8,75,24,12,36,11,8,10,0,0,3,1,16,14,90,0,0,1,0,0,88,89,0,NA,0,0,0,0,0,0,0
1492842,1,"Liga Nacional","Liga Endesa",-402534000,NA,"https://www.acb.com/Documentos/Cabeceras/logo-competicion-1b.png","https://www.acb.com/Documentos/Cabeceras/logo-competicion-4a.png",66,2001,107,NA,NA,1783,11195,NA,NA,FALSE,1281,1273,1467,"Casademont Girona","Casademont Gir.","GIR",1281,1805,"Cantabria Lobos","Cantabria Lobos","CAN",1,89,12000,8,15,53.33,29,46,63.04,7,10,70,24,3,27,8,8,13,0,3,0,1,14,16,97,0,0,0,1,0,89,88,0,NA,0,0,0,0,0,0,0
1492866,1,"Liga Nacional","Liga Endesa",-402534000,NA,"https://www.acb.com/Documentos/Cabeceras/logo-competicion-1b.png","https://www.acb.com/Documentos/Cabeceras/logo-competicion-4a.png",66,2001,107,NA,NA,1783,11196,NA,NA,TRUE,1280,1280,1127,"Caja San Fernando","C. San Fernando","CSF",1269,335,"Canarias Telecom","Canarias Tel.","GCA",1,83,12000,9,23,39.13,15,37,40.54,26,31,83.87,23,12,35,6,6,10,0,3,7,1,20,21,76,0,0,0,1,0,83,76,0,NA,0,0,0,0,0,0,0
1492867,1,"Liga Nacional","Liga Endesa",-402534000,NA,"https://www.acb.com/Documentos/Cabeceras/logo-competicion-1b.png","https://www.acb.com/Documentos/Cabeceras/logo-competicion-4a.png",66,2001,107,NA,NA,1783,11196,NA,NA,FALSE,1269,1280,1127,"Caja San Fernando","C. San Fernando","CSF",1269,335,"Canarias Telecom","Canarias Tel.","GCA",1,76,12000,5,13,38.46,25,50,50,11,15,73.33,21,10,31,11,4,12,0,7,3,1,21,20,76,0,0,1,0,0,76,83,0,NA,0,0,0,0,0,0,0
1492892,1,"Liga Nacional","Liga Endesa",-402534000,NA,"https://www.acb.com/Documentos/Cabeceras/logo-competicion-1b.png","https://www.acb.com/Documentos/Cabeceras/logo-competicion-4a.png",66,2001,107,NA,NA,1783,11197,NA,NA,FALSE,1266,1279,1054,"Unicaja","Unicaja","UNI",1266,214,"TAU Cerámica","TAU Cerámica","TAU",1,73,12000,1,7,14.29,28,52,53.85,14,20,70,20,9,29,15,4,9,0,1,5,3,28,24,68,0,0,1,0,0,73,77,0,NA,0,0,0,0,0,0,0
1492891,1,"Liga Nacional","Liga Endesa",-402534000,NA,"https://www.acb.com/Documentos/Cabeceras/logo-competicion-1b.png","https://www.acb.com/Documentos/Cabeceras/logo-competicion-4a.png",66,2001,107,NA,NA,1783,11197,NA,NA,TRUE,1279,1279,1054,"Unicaja","Unicaja","UNI",1266,214,"TAU Cerámica","TAU Cerámica","TAU",1,77,12000,5,18,27,19,39,48,24,30,80,21,12,33,10,3,11,0,5,1,1,24,28,81,0,0,0,11,0,77,73,0,0,0,0,0,0,0,0,0
1492917,1,"Liga Nacional","Liga Endesa",-402534000,NA,"https://www.acb.com/Documentos/Cabeceras/logo-competicion-1b.png","https://www.acb.com/Documentos/Cabeceras/logo-competicion-4a.png",66,2001,107,NA,NA,1783,11198,NA,NA,FALSE,1272,1275,624,"DKV Joventut","DKV Joventut","DKV",1272,1447,"Gijón Baloncesto","Gijón Bal.","GIJ",1,61,12000,3,17,17.65,20,47,42.55,12,22,54.55,20,13,33,7,9,17,0,4,3,1,25,18,36,0,0,1,0,0,61,88,0,NA,0,0,0,0,0,0,0
1492916,1,"Liga Nacional","Liga Endesa",-402534000,NA,"https://www.acb.com/Documentos/Cabeceras/logo-competicion-1b.png","https://www.acb.com/Documentos/Cabeceras/logo-competicion-4a.png",66,2001,107,NA,NA,1783,11198,NA,NA,TRUE,1275,1275,624,"DKV Joventut","DKV Joventut","DKV",1272,1447,"Gijón Baloncesto","Gijón Bal.","GIJ",1,88,12000,6,17,35,26,46,56,18,32,56,29,14,43,18,12,17,0,3,4,3,18,25,105,0,0,0,12,0,88,61,0,0,0,0,0,0,0,0,0
1492942,1,"Liga Nacional","Liga Endesa",-402534000,NA,"https://www.acb.com/Documentos/Cabeceras/logo-competicion-1b.png","https://www.acb.com/Documentos/Cabeceras/logo-competicion-4a.png",66,2001,107,NA,NA,1783,11199,NA,NA,TRUE,1276,1276,1609,"Caprabo Lleida","Caprabo Lleida","LLE",1277,758,"Real Madrid","Real Madrid","RMB",1,84,12000,7,18,38.89,22,37,59.46,19,34,55.88,22,8,30,14,17,11,0,4,4,1,21,25,97,0,0,0,1,0,84,65,0,NA,0,0,0,0,0,0,0
1492943,1,"Liga Nacional","Liga Endesa",-402534000,NA,"https://www.acb.com/Documentos/Cabeceras/logo-competicion-1b.png","https://www.acb.com/Documentos/Cabeceras/logo-competicion-4a.png",66,2001,107,NA,NA,1783,11199,NA,NA,FALSE,1277,1276,1609,"Caprabo Lleida","Caprabo Lleida","LLE",1277,758,"Real Madrid","Real Madrid","RMB",1,65,12000,4,18,22,20,38,52,13,18,72,23,12,35,5,6,22,0,4,4,2,25,21,48,0,0,11,0,0,65,84,0,0,0,0,0,0,0,0,0
1492989,1,"Liga Nacional","Liga Endesa",-402534000,NA,"https://www.acb.com/Documentos/Cabeceras/logo-competicion-1b.png","https://www.acb.com/Documentos/Cabeceras/logo-competicion-4a.png",66,2001,111,NA,NA,1784,11201,NA,NA,FALSE,1271,1279,1054,"Unicaja","Unicaja","UNI",1271,1199,"Jabones Pardo Fuenlabrada","Jabones Pardo","FUE",1,92,12000,8,19,42.11,23,48,47.92,22,35,62.86,16,12,28,12,11,8,0,2,6,3,27,26,81,0,0,1,0,0,92,96,0,NA,0,0,0,0,0,0,0
1492988,1,"Liga Nacional","Liga Endesa",-402534000,NA,"https://www.acb.com/Documentos/Cabeceras/logo-competicion-1b.png","https://www.acb.com/Documentos/Cabeceras/logo-competicion-4a.png",66,2001,111,NA,NA,1784,11201,NA,NA,TRUE,1279,1279,1054,"Unicaja","Unicaja","UNI",1271,1199,"Jabones Pardo Fuenlabrada","Jabones Pardo","FUE",1,96,12000,7,12,58,24,44,54,27,34,79,29,11,40,15,6,17,0,6,2,2,26,27,113,0,0,0,10,0,96,92,0,0,0,0,0,0,0,0,0
1493016,1,"Liga Nacional","Liga Endesa",-402534000,NA,"https://www.acb.com/Documentos/Cabeceras/logo-competicion-1b.png","https://www.acb.com/Documentos/Cabeceras/logo-competicion-4a.png",66,2001,111,NA,NA,1784,11202,NA,NA,TRUE,1277,1277,758,"Real Madrid","Real Madrid","RMB",1270,461,"Adecco Estudiantes","Adecco Estu","EST",1,79,12000,2,13,15,29,49,59,15,27,55,23,14,37,11,9,17,0,4,3,3,28,25,74,0,0,0,12,0,79,78,0,0,0,0,0,0,0,0,0
1493017,1,"Liga Nacional","Liga Endesa",-402534000,NA,"https://www.acb.com/Documentos/Cabeceras/logo-competicion-1b.png","https://www.acb.com/Documentos/Cabeceras/logo-competicion-4a.png",66,2001,111,NA,NA,1784,11202,NA,NA,FALSE,1270,1277,758,"Real Madrid","Real Madrid","RMB",1270,461,"Adecco Estudiantes","Adecco Estu","EST",1,78,12000,7,18,38,19,47,40,19,32,59,22,17,39,11,11,13,0,3,4,2,25,28,76,0,0,11,0,0,78,79,0,0,0,0,0,0,0,0,0
1493041,1,"Liga Nacional","Liga Endesa",-402534000,NA,"https://www.acb.com/Documentos/Cabeceras/logo-competicion-1b.png","https://www.acb.com/Documentos/Cabeceras/logo-competicion-4a.png",66,2001,111,NA,NA,1784,11203,NA,NA,TRUE,1266,1266,214,"TAU Cerámica","TAU Cerámica","TAU",1278,959,"Pamesa Valencia","Pamesa Valencia","PAM",1,86,12000,7,14,50,26,52,50,13,21,61.9,19,17,36,19,16,12,0,3,2,1,24,25,106,0,0,0,1,0,86,66,0,NA,0,0,0,0,0,0,0
1493042,1,"Liga Nacional","Liga Endesa",-402534000,NA,"https://www.acb.com/Documentos/Cabeceras/logo-competicion-1b.png","https://www.acb.com/Documentos/Cabeceras/logo-competicion-4a.png",66,2001,111,NA,NA,1784,11203,NA,NA,FALSE,1278,1266,214,"TAU Cerámica","TAU Cerámica","TAU",1278,959,"Pamesa Valencia","Pamesa Valencia","PAM",1,66,12000,8,22,36.36,14,37,37.84,14,17,82.35,21,16,37,12,7,24,0,2,3,0,25,24,56,0,0,1,0,0,66,86,0,NA,0,0,0,0,0,0,0
1492966,1,"Liga Nacional","Liga Endesa",-402534000,NA,"https://www.acb.com/Documentos/Cabeceras/logo-competicion-1b.png","https://www.acb.com/Documentos/Cabeceras/logo-competicion-4a.png",66,2001,111,NA,NA,1784,11200,NA,NA,TRUE,1265,1265,100,"FC Barcelona","FC Barcelona","FCB",1276,1609,"Caprabo Lleida","Caprabo Lleida","LLE",1,85,12000,11,21,52.38,19,33,57.58,14,23,60.87,19,3,22,14,17,20,0,1,3,2,26,22,79,0,0,0,1,0,85,69,0,NA,0,0,0,0,0,0,0
1492967,1,"Liga Nacional","Liga Endesa",-402534000,NA,"https://www.acb.com/Documentos/Cabeceras/logo-competicion-1b.png","https://www.acb.com/Documentos/Cabeceras/logo-competicion-4a.png",66,2001,111,NA,NA,1784,11200,NA,NA,FALSE,1276,1265,100,"FC Barcelona","FC Barcelona","FCB",1276,1609,"Caprabo Lleida","Caprabo Lleida","LLE",1,69,12000,7,27,25.93,15,27,55.56,18,27,66.67,21,14,35,11,11,26,0,3,1,2,22,26,65,0,0,1,0,0,69,85,0,NA,0,0,0,0,0,0,0
1493086,1,"Liga Nacional","Liga Endesa",-402534000,NA,"https://www.acb.com/Documentos/Cabeceras/logo-competicion-1b.png","https://www.acb.com/Documentos/Cabeceras/logo-competicion-4a.png",66,2001,111,NA,NA,1785,11205,NA,NA,TRUE,1271,1271,1199,"Jabones Pardo Fuenlabrada","Jabones Pardo","FUE",1279,1054,"Unicaja","Unicaja","UNI",1,78,12000,8,25,32,17,31,54.84,20,29,68.97,20,10,30,10,3,8,0,0,3,2,26,28,72,0,0,1,0,0,78,88,0,NA,0,0,0,0,0,0,0
1493087,1,"Liga Nacional","Liga Endesa",-402534000,NA,"https://www.acb.com/Documentos/Cabeceras/logo-competicion-1b.png","https://www.acb.com/Documentos/Cabeceras/logo-competicion-4a.png",66,2001,111,NA,NA,1785,11205,NA,NA,FALSE,1279,1271,1199,"Jabones Pardo Fuenlabrada","Jabones Pardo","FUE",1279,1054,"Unicaja","Unicaja","UNI",1,88,12000,7,16,43.75,22,39,56.41,23,32,71.88,25,9,34,8,8,8,0,3,0,2,28,26,96,0,0,0,1,0,88,78,0,NA,0,0,0,0,0,0,0
1493136,1,"Liga Nacional","Liga Endesa",-402534000,NA,"https://www.acb.com/Documentos/Cabeceras/logo-competicion-1b.png","https://www.acb.com/Documentos/Cabeceras/logo-competicion-4a.png",66,2001,111,NA,NA,1785,11207,NA,NA,TRUE,1278,1278,959,"Pamesa Valencia","Pamesa Valencia","PAM",1266,214,"TAU Cerámica","TAU Cerámica","TAU",1,85,12000,4,20,20,23,39,58.97,27,34,79.41,19,10,29,17,10,12,0,5,2,0,24,30,99,0,0,0,1,0,85,82,0,NA,0,0,0,0,0,0,0
1493137,1,"Liga Nacional","Liga Endesa",-402534000,NA,"https://www.acb.com/Documentos/Cabeceras/logo-competicion-1b.png","https://www.acb.com/Documentos/Cabeceras/logo-competicion-4a.png",66,2001,111,NA,NA,1785,11207,NA,NA,FALSE,1266,1278,959,"Pamesa Valencia","Pamesa Valencia","PAM",1266,214,"TAU Cerámica","TAU Cerámica","TAU",1,82,12000,12,26,46.15,13,28,46.43,20,26,76.92,22,10,32,19,12,17,0,2,5,1,30,24,84,0,0,1,0,0,82,85,0,NA,0,0,0,0,0,0,0
1493063,1,"Liga Nacional","Liga Endesa",-402534000,NA,"https://www.acb.com/Documentos/Cabeceras/logo-competicion-1b.png","https://www.acb.com/Documentos/Cabeceras/logo-competicion-4a.png",66,2001,111,NA,NA,1785,11204,NA,NA,TRUE,1276,1276,1609,"Caprabo Lleida","Caprabo Lleida","LLE",1265,100,"FC Barcelona","FC Barcelona","FCB",1,86,12000,9,21,42.86,20,38,52.63,19,28,67.86,25,17,42,16,9,20,0,7,0,2,25,28,104,0,0,0,1,0,86,80,0,NA,0,0,0,0,0,0,0
1493064,1,"Liga Nacional","Liga Endesa",-402534000,NA,"https://www.acb.com/Documentos/Cabeceras/logo-competicion-1b.png","https://www.acb.com/Documentos/Cabeceras/logo-competicion-4a.png",66,2001,111,NA,NA,1785,11204,NA,NA,FALSE,1265,1276,1609,"Caprabo Lleida","Caprabo Lleida","LLE",1265,100,"FC Barcelona","FC Barcelona","FCB",1,80,12000,5,20,25,23,46,50,19,28,67.86,18,16,34,8,12,15,0,0,7,2,28,25,62,0,0,1,0,0,80,86,0,NA,0,0,0,0,0,0,0
1493114,1,"Liga Nacional","Liga Endesa",-402534000,NA,"https://www.acb.com/Documentos/Cabeceras/logo-competicion-1b.png","https://www.acb.com/Documentos/Cabeceras/logo-competicion-4a.png",66,2001,111,NA,NA,1785,11206,NA,NA,TRUE,1270,1270,461,"Adecco Estudiantes","Adecco Estu","EST",1277,758,"Real Madrid","Real Madrid","RMB",1,90,12000,10,19,52,22,51,43,16,27,59,17,16,33,9,12,12,0,2,5,2,26,26,80,0,0,0,11,0,90,86,0,0,0,0,0,0,0,0,0
1493115,1,"Liga Nacional","Liga Endesa",-402534000,NA,"https://www.acb.com/Documentos/Cabeceras/logo-competicion-1b.png","https://www.acb.com/Documentos/Cabeceras/logo-competicion-4a.png",66,2001,111,NA,NA,1785,11206,NA,NA,FALSE,1277,1270,461,"Adecco Estudiantes","Adecco Estu","EST",1277,758,"Real Madrid","Real Madrid","RMB",1,86,12000,13,25,52,14,33,42,19,26,73,27,18,45,7,10,23,0,5,2,0,26,26,90,0,0,12,0,0,86,90,0,0,0,0,0,0,0,0,0
1493185,1,"Liga Nacional","Liga Endesa",-402534000,NA,"https://www.acb.com/Documentos/Cabeceras/logo-competicion-1b.png","https://www.acb.com/Documentos/Cabeceras/logo-competicion-4a.png",66,2001,111,NA,NA,1786,11209,NA,NA,FALSE,1271,1279,1054,"Unicaja","Unicaja","UNI",1271,1199,"Jabones Pardo Fuenlabrada","Jabones Pardo","FUE",1,73,12000,7,23,30.43,19,35,54.29,14,18,77.78,20,7,27,14,8,14,0,1,3,1,27,22,65,0,0,1,0,0,73,81,0,NA,0,0,0,0,0,0,0
1493184,1,"Liga Nacional","Liga Endesa",-402534000,NA,"https://www.acb.com/Documentos/Cabeceras/logo-competicion-1b.png","https://www.acb.com/Documentos/Cabeceras/logo-competicion-4a.png",66,2001,111,NA,NA,1786,11209,NA,NA,TRUE,1279,1279,1054,"Unicaja","Unicaja","UNI",1271,1199,"Jabones Pardo Fuenlabrada","Jabones Pardo","FUE",1,81,12000,5,21,23,24,40,60,18,26,69,26,15,41,17,9,14,0,3,1,5,22,27,101,0,0,0,11,0,81,73,0,0,0,0,0,0,0,0,0
1493234,1,"Liga Nacional","Liga Endesa",-402534000,NA,"https://www.acb.com/Documentos/Cabeceras/logo-competicion-1b.png","https://www.acb.com/Documentos/Cabeceras/logo-competicion-4a.png",66,2001,111,NA,NA,1786,11211,NA,NA,FALSE,1278,1266,214,"TAU Cerámica","TAU Cerámica","TAU",1278,959,"Pamesa Valencia","Pamesa Valencia","PAM",1,71,12000,11,22,50,14,33,42.42,10,15,66.67,17,11,28,18,3,17,0,2,1,1,24,23,68,0,0,1,0,0,71,87,0,NA,0,0,0,0,0,0,0
1493233,1,"Liga Nacional","Liga Endesa",-402534000,NA,"https://www.acb.com/Documentos/Cabeceras/logo-competicion-1b.png","https://www.acb.com/Documentos/Cabeceras/logo-competicion-4a.png",66,2001,111,NA,NA,1786,11211,NA,NA,TRUE,1266,1266,214,"TAU Cerámica","TAU Cerámica","TAU",1278,959,"Pamesa Valencia","Pamesa Valencia","PAM",1,87,12000,6,16,37.5,29,52,55.77,11,20,55,20,15,35,20,10,8,0,1,2,3,23,24,102,0,0,0,1,0,87,71,0,NA,0,0,0,0,0,0,0
1493161,1,"Liga Nacional","Liga Endesa",-402534000,NA,"https://www.acb.com/Documentos/Cabeceras/logo-competicion-1b.png","https://www.acb.com/Documentos/Cabeceras/logo-competicion-4a.png",66,2001,111,NA,NA,1786,11208,NA,NA,TRUE,1265,1265,100,"FC Barcelona","FC Barcelona","FCB",1276,1609,"Caprabo Lleida","Caprabo Lleida","LLE",1,93,12000,10,20,50,25,46,54.35,13,20,65,23,15,38,19,11,14,0,3,2,4,20,22,112,0,0,0,1,0,93,69,0,NA,0,0,0,0,0,0,0
1493162,1,"Liga Nacional","Liga Endesa",-402534000,NA,"https://www.acb.com/Documentos/Cabeceras/logo-competicion-1b.png","https://www.acb.com/Documentos/Cabeceras/logo-competicion-4a.png",66,2001,111,NA,NA,1786,11208,NA,NA,FALSE,1276,1265,100,"FC Barcelona","FC Barcelona","FCB",1276,1609,"Caprabo Lleida","Caprabo Lleida","LLE",1,69,12000,4,21,19.05,22,38,57.89,13,20,65,19,12,31,14,10,16,0,2,3,4,22,20,65,0,0,1,0,0,69,93,0,NA,0,0,0,0,0,0,0
1493211,1,"Liga Nacional","Liga Endesa",-402534000,NA,"https://www.acb.com/Documentos/Cabeceras/logo-competicion-1b.png","https://www.acb.com/Documentos/Cabeceras/logo-competicion-4a.png",66,2001,111,NA,NA,1786,11210,NA,NA,TRUE,1277,1277,758,"Real Madrid","Real Madrid","RMB",1270,461,"Adecco Estudiantes","Adecco Estu","EST",1,98,12000,12,21,57,22,42,52,18,25,72,28,12,40,18,10,17,0,2,5,2,24,25,111,0,0,0,12,0,98,87,0,0,0,0,0,0,0,0,0
1493212,1,"Liga Nacional","Liga Endesa",-402534000,NA,"https://www.acb.com/Documentos/Cabeceras/logo-competicion-1b.png","https://www.acb.com/Documentos/Cabeceras/logo-competicion-4a.png",66,2001,111,NA,NA,1786,11210,NA,NA,FALSE,1270,1277,758,"Real Madrid","Real Madrid","RMB",1270,461,"Adecco Estudiantes","Adecco Estu","EST",1,87,12000,7,21,33,25,50,50,16,22,72,18,12,30,7,11,16,0,5,2,0,25,24,76,0,0,10,0,0,87,98,0,0,0,0,0,0,0,0,0
1493305,1,"Liga Nacional","Liga Endesa",-402534000,NA,"https://www.acb.com/Documentos/Cabeceras/logo-competicion-1b.png","https://www.acb.com/Documentos/Cabeceras/logo-competicion-4a.png",66,2001,111,NA,NA,1787,11214,NA,NA,TRUE,1278,1278,959,"Pamesa Valencia","Pamesa Valencia","PAM",1266,214,"TAU Cerámica","TAU Cerámica","TAU",1,68,12000,6,20,30,15,37,40.54,20,23,86.96,16,14,30,10,12,14,0,3,1,0,23,25,71,0,0,1,0,0,68,83,0,NA,0,0,0,0,0,0,0
1493306,1,"Liga Nacional","Liga Endesa",-402534000,NA,"https://www.acb.com/Documentos/Cabeceras/logo-competicion-1b.png","https://www.acb.com/Documentos/Cabeceras/logo-competicion-4a.png",66,2001,111,NA,NA,1787,11214,NA,NA,FALSE,1266,1278,959,"Pamesa Valencia","Pamesa Valencia","PAM",1266,214,"TAU Cerámica","TAU Cerámica","TAU",1,83,12000,5,17,29.41,26,33,78.79,16,20,80,23,7,30,22,9,15,0,1,3,1,25,23,102,0,0,0,1,0,83,68,0,NA,0,0,0,0,0,0,0
1493283,1,"Liga Nacional","Liga Endesa",-402534000,NA,"https://www.acb.com/Documentos/Cabeceras/logo-competicion-1b.png","https://www.acb.com/Documentos/Cabeceras/logo-competicion-4a.png",66,2001,111,NA,NA,1787,11213,NA,NA,TRUE,1270,1270,461,"Adecco Estudiantes","Adecco Estu","EST",1277,758,"Real Madrid","Real Madrid","RMB",1,95,12000,8,19,42,21,40,52,29,39,74,28,10,38,14,9,18,0,3,2,2,25,32,106,0,0,0,10,0,95,84,0,0,0,0,0,0,0,0,0
1493284,1,"Liga Nacional","Liga Endesa",-402534000,NA,"https://www.acb.com/Documentos/Cabeceras/logo-competicion-1b.png","https://www.acb.com/Documentos/Cabeceras/logo-competicion-4a.png",66,2001,111,NA,NA,1787,11213,NA,NA,FALSE,1277,1270,461,"Adecco Estudiantes","Adecco Estu","EST",1277,758,"Real Madrid","Real Madrid","RMB",1,84,12000,8,23,34,20,48,41,20,30,66,22,14,36,16,10,13,0,2,3,3,32,25,72,0,0,13,0,0,84,95,0,0,0,0,0,0,0,0,0
1493255,1,"Liga Nacional","Liga Endesa",-402534000,NA,"https://www.acb.com/Documentos/Cabeceras/logo-competicion-1b.png","https://www.acb.com/Documentos/Cabeceras/logo-competicion-4a.png",66,2001,111,NA,NA,1787,11212,NA,NA,TRUE,1276,1276,1609,"Caprabo Lleida","Caprabo Lleida","LLE",1265,100,"FC Barcelona","FC Barcelona","FCB",1,72,12000,11,24,45.83,13,38,34.21,13,27,48.15,24,11,35,5,6,11,0,5,4,3,24,27,59,0,0,1,0,0,72,84,0,NA,0,0,0,0,0,0,0
1493256,1,"Liga Nacional","Liga Endesa",-402534000,NA,"https://www.acb.com/Documentos/Cabeceras/logo-competicion-1b.png","https://www.acb.com/Documentos/Cabeceras/logo-competicion-4a.png",66,2001,111,NA,NA,1787,11212,NA,NA,FALSE,1265,1276,1609,"Caprabo Lleida","Caprabo Lleida","LLE",1265,100,"FC Barcelona","FC Barcelona","FCB",1,84,12000,7,19,36.84,24,45,53.33,15,21,71.43,32,11,43,14,4,12,0,4,5,1,27,24,90,0,0,0,1,0,84,72,0,NA,0,0,0,0,0,0,0
1493332,1,"Liga Nacional","Liga Endesa",-402534000,NA,"https://www.acb.com/Documentos/Cabeceras/logo-competicion-1b.png","https://www.acb.com/Documentos/Cabeceras/logo-competicion-4a.png",66,2001,111,NA,NA,1788,11215,NA,NA,TRUE,1277,1277,758,"Real Madrid","Real Madrid","RMB",1270,461,"Adecco Estudiantes","Adecco Estu","EST",1,74,12000,5,20,25,22,50,44,15,20,75,21,18,39,9,8,12,0,3,2,3,30,24,65,0,0,12,0,0,74,86,0,0,0,0,0,0,0,0,0
1493333,1,"Liga Nacional","Liga Endesa",-402534000,NA,"https://www.acb.com/Documentos/Cabeceras/logo-competicion-1b.png","https://www.acb.com/Documentos/Cabeceras/logo-competicion-4a.png",66,2001,111,NA,NA,1788,11215,NA,NA,FALSE,1270,1277,758,"Real Madrid","Real Madrid","RMB",1270,461,"Adecco Estudiantes","Adecco Estu","EST",1,86,12000,8,22,36,21,41,51,20,29,68,26,13,39,15,8,13,0,2,3,2,24,30,97,0,0,0,10,0,86,74,0,0,0,0,0,0,0,0,0
1493384,1,"Liga Nacional","Liga Endesa",-402534000,NA,"https://www.acb.com/Documentos/Cabeceras/logo-competicion-1b.png","https://www.acb.com/Documentos/Cabeceras/logo-competicion-4a.png",66,2001,111,NA,NA,1789,11217,NA,NA,FALSE,1270,1279,1054,"Unicaja","Unicaja","UNI",1270,461,"Adecco Estudiantes","Adecco Estu","EST",1,79,12000,4,14,28,26,47,55,15,28,53,17,13,30,10,6,11,0,5,1,2,21,29,82,0,0,12,0,0,79,98,0,0,0,0,0,0,0,0,0
1493383,1,"Liga Nacional","Liga Endesa",-402534000,NA,"https://www.acb.com/Documentos/Cabeceras/logo-competicion-1b.png","https://www.acb.com/Documentos/Cabeceras/logo-competicion-4a.png",66,2001,111,NA,NA,1789,11217,NA,NA,TRUE,1279,1279,1054,"Unicaja","Unicaja","UNI",1270,461,"Adecco Estudiantes","Adecco Estu","EST",1,98,12000,10,20,50,25,49,51,18,25,72,23,16,39,14,6,7,0,1,5,3,29,21,97,0,0,0,12,0,98,79,0,0,0,0,0,0,0,0,0
1493356,1,"Liga Nacional","Liga Endesa",-402534000,NA,"https://www.acb.com/Documentos/Cabeceras/logo-competicion-1b.png","https://www.acb.com/Documentos/Cabeceras/logo-competicion-4a.png",66,2001,111,NA,NA,1789,11216,NA,NA,FALSE,1266,1265,100,"FC Barcelona","FC Barcelona","FCB",1266,214,"TAU Cerámica","TAU Cerámica","TAU",1,80,12000,5,10,50,20,47,42.55,25,33,75.76,29,12,41,11,7,14,0,1,1,1,27,26,84,0,0,0,1,0,80,71,0,NA,0,0,0,0,0,0,0
1493355,1,"Liga Nacional","Liga Endesa",-402534000,NA,"https://www.acb.com/Documentos/Cabeceras/logo-competicion-1b.png","https://www.acb.com/Documentos/Cabeceras/logo-competicion-4a.png",66,2001,111,NA,NA,1789,11216,NA,NA,TRUE,1265,1265,100,"FC Barcelona","FC Barcelona","FCB",1266,214,"TAU Cerámica","TAU Cerámica","TAU",1,71,12000,5,26,19.23,19,44,43.18,18,31,58.06,27,19,46,11,10,12,0,1,1,2,26,27,68,0,0,1,0,0,71,80,0,NA,0,0,0,0,0,0,0
1493438,1,"Liga Nacional","Liga Endesa",-402534000,NA,"https://www.acb.com/Documentos/Cabeceras/logo-competicion-1b.png","https://www.acb.com/Documentos/Cabeceras/logo-competicion-4a.png",66,2001,111,NA,NA,1790,11219,NA,NA,FALSE,1270,1279,1054,"Unicaja","Unicaja","UNI",1270,461,"Adecco Estudiantes","Adecco Estu","EST",1,69,12000,4,17,23,20,48,41,17,31,54,25,16,41,8,12,10,0,2,4,0,29,30,64,0,0,11,0,0,69,73,0,0,0,0,0,0,0,0,0
1493437,1,"Liga Nacional","Liga Endesa",-402534000,NA,"https://www.acb.com/Documentos/Cabeceras/logo-competicion-1b.png","https://www.acb.com/Documentos/Cabeceras/logo-competicion-4a.png",66,2001,111,NA,NA,1790,11219,NA,NA,TRUE,1279,1279,1054,"Unicaja","Unicaja","UNI",1270,461,"Adecco Estudiantes","Adecco Estu","EST",1,73,12000,5,16,31,17,46,36,24,36,66,33,15,48,5,8,12,0,4,2,0,30,29,71,0,0,0,11,0,73,69,0,0,0,0,0,0,0,0,0
1493411,1,"Liga Nacional","Liga Endesa",-402534000,NA,"https://www.acb.com/Documentos/Cabeceras/logo-competicion-1b.png","https://www.acb.com/Documentos/Cabeceras/logo-competicion-4a.png",66,2001,111,NA,NA,1790,11218,NA,NA,TRUE,1265,1265,100,"FC Barcelona","FC Barcelona","FCB",1266,214,"TAU Cerámica","TAU Cerámica","TAU",1,91,12000,8,19,42.11,22,34,64.71,23,33,69.7,18,7,25,15,16,23,0,0,0,8,30,34,95,0,0,0,1,0,91,75,0,NA,0,0,0,0,0,0,0
1493412,1,"Liga Nacional","Liga Endesa",-402534000,NA,"https://www.acb.com/Documentos/Cabeceras/logo-competicion-1b.png","https://www.acb.com/Documentos/Cabeceras/logo-competicion-4a.png",66,2001,111,NA,NA,1790,11218,NA,NA,FALSE,1266,1265,100,"FC Barcelona","FC Barcelona","FCB",1266,214,"TAU Cerámica","TAU Cerámica","TAU",1,75,12000,7,19,36.84,17,31,54.84,20,32,62.5,16,11,27,10,10,28,0,0,0,0,34,30,52,0,0,1,0,0,75,91,0,NA,0,0,0,0,0,0,0
1493483,1,"Liga Nacional","Liga Endesa",-402534000,NA,"https://www.acb.com/Documentos/Cabeceras/logo-competicion-1b.png","https://www.acb.com/Documentos/Cabeceras/logo-competicion-4a.png",66,2001,111,NA,NA,1791,11221,NA,NA,TRUE,1270,1270,461,"Adecco Estudiantes","Adecco Estu","EST",1279,1054,"Unicaja","Unicaja","UNI",1,74,12000,7,25,28,20,50,40,13,21,61,21,25,46,10,11,16,0,6,2,3,30,26,69,0,0,10,0,0,74,85,0,0,0,0,0,0,0,0,0
1493484,1,"Liga Nacional","Liga Endesa",-402534000,NA,"https://www.acb.com/Documentos/Cabeceras/logo-competicion-1b.png","https://www.acb.com/Documentos/Cabeceras/logo-competicion-4a.png",66,2001,111,NA,NA,1791,11221,NA,NA,FALSE,1279,1270,461,"Adecco Estudiantes","Adecco Estu","EST",1279,1054,"Unicaja","Unicaja","UNI",1,85,12000,9,19,47.37,15,39,38.46,28,41,68.29,24,17,41,15,8,14,0,2,6,0,26,30,88,0,0,0,1,0,85,74,0,NA,0,0,0,0,0,0,0
1493460,1,"Liga Nacional","Liga Endesa",-402534000,NA,"https://www.acb.com/Documentos/Cabeceras/logo-competicion-1b.png","https://www.acb.com/Documentos/Cabeceras/logo-competicion-4a.png",66,2001,111,NA,NA,1791,11220,NA,NA,TRUE,1266,1266,214,"TAU Cerámica","TAU Cerámica","TAU",1265,100,"FC Barcelona","FC Barcelona","FCB",1,85,12000,3,12,25,28,45,62.22,20,26,76.92,28,11,39,16,10,17,0,3,3,5,27,24,98,0,0,0,1,0,85,81,0,NA,0,0,0,0,0,0,0
1493461,1,"Liga Nacional","Liga Endesa",-402534000,NA,"https://www.acb.com/Documentos/Cabeceras/logo-competicion-1b.png","https://www.acb.com/Documentos/Cabeceras/logo-competicion-4a.png",66,2001,111,NA,NA,1791,11220,NA,NA,FALSE,1265,1266,214,"TAU Cerámica","TAU Cerámica","TAU",1265,100,"FC Barcelona","FC Barcelona","FCB",1,81,12000,9,29,31.03,18,33,54.55,18,25,72,19,7,26,13,12,12,0,3,3,0,24,27,81,0,0,1,0,0,81,85,0,NA,0,0,0,0,0,0,0
1493507,1,"Liga Nacional","Liga Endesa",-402534000,NA,"https://www.acb.com/Documentos/Cabeceras/logo-competicion-1b.png","https://www.acb.com/Documentos/Cabeceras/logo-competicion-4a.png",66,2001,111,NA,NA,1792,11222,NA,NA,FALSE,1265,1266,214,"TAU Cerámica","TAU Cerámica","TAU",1265,100,"FC Barcelona","FC Barcelona","FCB",1,70,12000,6,27,22.22,19,35,54.29,14,25,56,23,11,34,11,8,13,0,3,1,1,28,28,64,0,0,1,0,0,70,76,0,NA,0,0,0,0,0,0,0
1493506,1,"Liga Nacional","Liga Endesa",-402534000,NA,"https://www.acb.com/Documentos/Cabeceras/logo-competicion-1b.png","https://www.acb.com/Documentos/Cabeceras/logo-competicion-4a.png",66,2001,111,NA,NA,1792,11222,NA,NA,TRUE,1266,1266,214,"TAU Cerámica","TAU Cerámica","TAU",1265,100,"FC Barcelona","FC Barcelona","FCB",1,76,12000,3,11,27.27,22,42,52.38,23,29,79.31,24,7,31,14,8,17,0,1,3,3,28,28,76,0,0,0,1,0,76,70,0,NA,0,0,0,0,0,0,0
1493530,1,"Liga Nacional","Liga Endesa",-402534000,NA,"https://www.acb.com/Documentos/Cabeceras/logo-competicion-1b.png","https://www.acb.com/Documentos/Cabeceras/logo-competicion-4a.png",66,2001,111,NA,NA,1793,11223,NA,NA,TRUE,1279,1279,1054,"Unicaja","Unicaja","UNI",1266,214,"TAU Cerámica","TAU Cerámica","TAU",1,73,12000,8,22,36,18,40,45,13,21,61,20,13,33,13,7,9,0,7,0,5,25,25,80,0,0,11,0,0,73,80,0,0,0,0,0,0,0,0,0
1493531,1,"Liga Nacional","Liga Endesa",-402534000,NA,"https://www.acb.com/Documentos/Cabeceras/logo-competicion-1b.png","https://www.acb.com/Documentos/Cabeceras/logo-competicion-4a.png",66,2001,111,NA,NA,1793,11223,NA,NA,FALSE,1266,1279,1054,"Unicaja","Unicaja","UNI",1266,214,"TAU Cerámica","TAU Cerámica","TAU",1,80,12000,3,14,21.43,26,44,59.09,19,26,73.08,27,10,37,15,6,8,0,0,7,2,25,25,87,0,0,0,1,0,80,73,0,NA,0,0,0,0,0,0,0
1493553,1,"Liga Nacional","Liga Endesa",-402534000,NA,"https://www.acb.com/Documentos/Cabeceras/logo-competicion-1b.png","https://www.acb.com/Documentos/Cabeceras/logo-competicion-4a.png",66,2001,111,NA,NA,1794,11224,NA,NA,TRUE,1279,1279,1054,"Unicaja","Unicaja","UNI",1266,214,"TAU Cerámica","TAU Cerámica","TAU",1,83,12000,6,23,26,21,31,67,23,36,63,18,11,29,15,8,13,0,3,2,2,27,25,81,0,0,11,0,0,83,86,0,0,0,0,0,0,0,0,0
1493554,1,"Liga Nacional","Liga Endesa",-402534000,NA,"https://www.acb.com/Documentos/Cabeceras/logo-competicion-1b.png","https://www.acb.com/Documentos/Cabeceras/logo-competicion-4a.png",66,2001,111,NA,NA,1794,11224,NA,NA,FALSE,1266,1279,1054,"Unicaja","Unicaja","UNI",1266,214,"TAU Cerámica","TAU Cerámica","TAU",1,86,12000,9,14,64.29,19,39,48.72,21,25,84,21,10,31,12,9,14,0,2,3,1,25,27,96,0,0,0,1,0,86,83,0,NA,0,0,0,0,0,0,0
1493576,1,"Liga Nacional","Liga Endesa",-402534000,NA,"https://www.acb.com/Documentos/Cabeceras/logo-competicion-1b.png","https://www.acb.com/Documentos/Cabeceras/logo-competicion-4a.png",66,2001,111,NA,NA,1795,11225,NA,NA,TRUE,1266,1266,214,"TAU Cerámica","TAU Cerámica","TAU",1279,1054,"Unicaja","Unicaja","UNI",1,93,12000,7,14,50,25,44,56.82,22,29,75.86,22,8,30,22,13,10,0,1,1,5,23,25,117,0,0,0,1,0,93,83,0,NA,0,0,0,0,0,0,0
1493577,1,"Liga Nacional","Liga Endesa",-402534000,NA,"https://www.acb.com/Documentos/Cabeceras/logo-competicion-1b.png","https://www.acb.com/Documentos/Cabeceras/logo-competicion-4a.png",66,2001,111,NA,NA,1795,11225,NA,NA,FALSE,1279,1266,214,"TAU Cerámica","TAU Cerámica","TAU",1279,1054,"Unicaja","Unicaja","UNI",1,83,12000,9,24,37,20,36,55,16,22,72,21,10,31,9,6,18,0,1,1,3,25,23,72,0,0,11,0,0,83,93,0,0,0,0,0,0,0,0,0
1777486,2,"Copa de España","Copa del Rey",-1142812800,NA,"https://static.acb.com/img/d/15/9/27868934009.png","https://static.acb.com/img/d/15/9/27868934009.png",66,2001,103,293,NA,281,795,NA,NA,TRUE,546,546,1054,"Unicaja","Unicaja","UNI",545,959,"Pamesa Valencia","Pamesa Valencia","PAM",1,73,12000,5,22,22,22,40,55,14,19,73,23,14,37,7,4,9,0,3,4,1,26,20,65,0,0,0,1,0,73,59,0,0,0,0,0,0,0,0,0
1777484,2,"Copa de España","Copa del Rey",-1142812800,NA,"https://static.acb.com/img/d/15/9/27868934009.png","https://static.acb.com/img/d/15/9/27868934009.png",66,2001,103,293,NA,281,795,NA,NA,FALSE,545,546,1054,"Unicaja","Unicaja","UNI",545,959,"Pamesa Valencia","Pamesa Valencia","PAM",1,59,12000,1,11,9,21,55,38,14,23,60,18,21,39,4,6,11,0,4,3,0,20,26,51,0,0,1,0,0,59,73,0,0,0,0,0,0,0,0,0
1777482,2,"Copa de España","Copa del Rey",-1142812800,NA,"https://static.acb.com/img/d/15/9/27868934009.png","https://static.acb.com/img/d/15/9/27868934009.png",66,2001,103,293,NA,281,794,NA,NA,FALSE,543,541,214,"TAU Cerámica","TAU Cerámica","TAU",543,624,"DKV Joventut","DKV Joventut","DKV",1,72,12000,9,20,45,16,34,47,13,17,76,27,4,31,13,8,18,0,5,1,2,28,21,70,0,0,1,0,0,864,74,0,0,0,0,0,0,0,0,0
1777480,2,"Copa de España","Copa del Rey",-1142812800,NA,"https://static.acb.com/img/d/15/9/27868934009.png","https://static.acb.com/img/d/15/9/27868934009.png",66,2001,103,293,NA,281,794,NA,NA,TRUE,541,541,214,"TAU Cerámica","TAU Cerámica","TAU",543,624,"DKV Joventut","DKV Joventut","DKV",1,74,12000,9,27,33,14,37,37,19,30,63,25,19,44,15,10,14,0,1,5,1,21,28,80,0,0,0,1,0,888,72,0,0,0,0,0,0,0,0,0
1777478,2,"Copa de España","Copa del Rey",-1142812800,NA,"https://static.acb.com/img/d/15/9/27868934009.png","https://static.acb.com/img/d/15/9/27868934009.png",66,2001,103,293,NA,281,793,NA,NA,TRUE,544,544,758,"Real Madrid","Real Madrid","RMB",542,461,"Adecco Estudiantes","Adecco Estu","EST",1,75,12000,5,14,35,22,39,56,16,18,88,26,6,32,15,4,17,0,2,3,2,24,21,77,0,0,1,0,0,900,78,0,0,0,0,0,0,0,0,0
1777476,2,"Copa de España","Copa del Rey",-1142812800,NA,"https://static.acb.com/img/d/15/9/27868934009.png","https://static.acb.com/img/d/15/9/27868934009.png",66,2001,103,293,NA,281,793,NA,NA,FALSE,542,544,758,"Real Madrid","Real Madrid","RMB",542,461,"Adecco Estudiantes","Adecco Estu","EST",1,78,12000,6,22,27,20,47,42,20,24,83,18,16,34,8,13,9,0,3,2,1,21,24,81,0,0,0,1,0,1014,75,0,0,0,0,0,0,0,0,0
1777474,2,"Copa de España","Copa del Rey",-1142812800,NA,"https://static.acb.com/img/d/15/9/27868934009.png","https://static.acb.com/img/d/15/9/27868934009.png",66,2001,103,293,NA,281,792,NA,NA,FALSE,547,540,100,"FC Barcelona","FC Barcelona","FCB",547,1127,"Caja San Fernando","C. San Fernando","CSF",1,66,12000,6,25,24,18,43,41,12,19,63,19,14,33,2,10,10,0,1,5,1,18,21,49,0,0,1,0,0,792,73,0,0,0,0,0,0,0,0,0
1777473,2,"Copa de España","Copa del Rey",-1142812800,NA,"https://static.acb.com/img/d/15/9/27868934009.png","https://static.acb.com/img/d/15/9/27868934009.png",66,2001,103,293,NA,281,792,NA,NA,TRUE,540,540,100,"FC Barcelona","FC Barcelona","FCB",547,1127,"Caja San Fernando","C. San Fernando","CSF",1,73,12000,5,18,27,26,44,59,6,9,66,33,7,40,7,6,17,0,5,1,3,21,18,76,0,0,0,1,0,803,66,0,0,0,0,0,0,0,0,0
1777494,2,"Copa de España","Copa del Rey",-1142812800,NA,"https://static.acb.com/img/d/15/9/27868934009.png","https://static.acb.com/img/d/15/9/27868934009.png",66,2001,103,292,NA,282,797,NA,NA,FALSE,546,541,214,"TAU Cerámica","TAU Cerámica","TAU",546,1054,"Unicaja","Unicaja","UNI",1,72,12000,4,15,26,18,38,47,24,38,63,20,11,31,8,6,15,0,5,0,1,30,33,65,0,0,1,0,0,72,83,0,0,0,0,0,0,0,0,0
1777492,2,"Copa de España","Copa del Rey",-1142812800,NA,"https://static.acb.com/img/d/15/9/27868934009.png","https://static.acb.com/img/d/15/9/27868934009.png",66,2001,103,292,NA,282,797,NA,NA,TRUE,541,541,214,"TAU Cerámica","TAU Cerámica","TAU",546,1054,"Unicaja","Unicaja","UNI",1,83,12000,4,15,26,22,48,45,27,35,77,23,16,39,8,11,8,0,0,5,2,33,30,80,0,0,0,1,0,83,72,0,0,0,0,0,0,0,0,0
1777490,2,"Copa de España","Copa del Rey",-1142812800,NA,"https://static.acb.com/img/d/15/9/27868934009.png","https://static.acb.com/img/d/15/9/27868934009.png",66,2001,103,292,NA,282,796,NA,NA,FALSE,542,540,100,"FC Barcelona","FC Barcelona","FCB",542,461,"Adecco Estudiantes","Adecco Estu","EST",1,68,12000,3,21,14,18,46,39,23,32,71,19,15,34,8,14,14,0,5,5,4,28,29,56,0,0,1,0,0,884,88,0,0,0,0,0,0,0,0,0
1777488,2,"Copa de España","Copa del Rey",-1142812800,NA,"https://static.acb.com/img/d/15/9/27868934009.png","https://static.acb.com/img/d/15/9/27868934009.png",66,2001,103,292,NA,282,796,NA,NA,TRUE,540,540,100,"FC Barcelona","FC Barcelona","FCB",542,461,"Adecco Estudiantes","Adecco Estu","EST",1,88,12000,6,25,24,23,51,45,24,31,77,25,22,47,15,10,15,0,5,5,4,29,28,90,0,0,0,1,0,968,68,0,0,0,0,0,0,0,0,0
1777498,2,"Copa de España","Copa del Rey",-1142812800,NA,"https://static.acb.com/img/d/15/9/27868934009.png","https://static.acb.com/img/d/15/9/27868934009.png",66,2001,103,291,301,283,798,NA,NA,TRUE,541,541,214,"TAU Cerámica","TAU Cerámica","TAU",540,100,"FC Barcelona","FC Barcelona","FCB",1,85,12000,7,15,46,23,40,57,18,28,64,22,6,28,17,6,9,0,2,5,5,27,27,89,0,0,0,1,0,1020,83,0,0,0,0,0,0,0,0,0
1777496,2,"Copa de España","Copa del Rey",-1142812800,NA,"https://static.acb.com/img/d/15/9/27868934009.png","https://static.acb.com/img/d/15/9/27868934009.png",66,2001,103,291,301,283,798,NA,NA,FALSE,540,541,214,"TAU Cerámica","TAU Cerámica","TAU",540,100,"FC Barcelona","FC Barcelona","FCB",1,83,12000,7,26,26,20,29,68,22,29,75,20,6,26,13,6,8,0,5,2,2,27,27,88,0,0,1,0,0,913,85,0,0,0,0,0,0,0,0,0
