"id","id_competition","competition_name","competition_official_name","competition_initial_date","competition_final_date","competition_url_image","competition_url_image_negative","id_edition","edition_year","id_phase","id_subphase","id_round","id_matchweek","id_match","period","id_edition_license_team","is_local","id_team","id_local_team","local_team_id_team_denomination","local_team_team_actual_name","local_team_team_actual_short_name","local_team_team_abbrev_name","id_visitor_team","visitor_team_id_team_denomination","visitor_team_team_actual_name","visitor_team_team_actual_short_name","visitor_team_team_abbrev_name","match_number","points","time_played","3pt_success","3pt_tried","3pt_percentage","2pt_success","2pt_tried","2pt_percentage","1pt_success","1pt_tried","1pt_percentage","defensive_rebound","offensive_rebound","total_rebound","asis","steals","turnovers","counter_attack","blocks","received_blocks","dunks","personal_fouls","received_fouls","val","differential","tournament_number2","defeats","victories","tie","team_score","rival_team_score","timeouts","time_as_leader","leader_changes","maximun_difference","points_after_steal","points_in_the_paint","second_opportinity_points","bench_points","best_streak"
1884871,1,"Liga Nacional","Liga Endesa",-402534000,NA,"https://www.acb.com/Documentos/Cabeceras/logo-competicion-1b.png","https://www.acb.com/Documentos/Cabeceras/logo-competicion-4a.png",86,2021,107,NA,NA,5409,102921,NA,NA,TRUE,3671,3671,2275,"Unicaja","Unicaja","UNI",3672,2276,"Monbus Obradoiro","Monbus Obra","MOB",1,91,12000,11,20,55,26,44,59,6,6,100,22,8,30,19,5,13,6,2,1,2,11,13,108,60,-1,0,13,0,91,79,4,2069,1,23,14,44,6,23,14
1884872,1,"Liga Nacional","Liga Endesa",-402534000,NA,"https://www.acb.com/Documentos/Cabeceras/logo-competicion-1b.png","https://www.acb.com/Documentos/Cabeceras/logo-competicion-4a.png",86,2021,107,NA,NA,5409,102921,NA,NA,FALSE,3672,3671,2275,"Unicaja","Unicaja","UNI",3672,2276,"Monbus Obradoiro","Monbus Obra","MOB",1,79,12000,8,23,34,23,43,53,9,10,90,18,11,29,14,8,14,9,1,2,0,13,11,77,-60,-1,13,0,0,79,91,5,185,1,6,15,36,13,29,10
1884708,1,"Liga Nacional","Liga Endesa",-402534000,NA,"https://www.acb.com/Documentos/Cabeceras/logo-competicion-1b.png","https://www.acb.com/Documentos/Cabeceras/logo-competicion-4a.png",86,2021,107,NA,NA,5409,102922,NA,NA,FALSE,3681,3674,2278,"Real Madrid","Real Madrid","RMB",3681,2285,"Hereda San Pablo Burgos","Hereda SPB","BUR",1,63,12000,8,21,38,15,43,34,9,11,81,35,11,46,12,5,13,2,1,8,4,24,18,57,-35,-1,13,0,0,63,70,3,399,5,3,5,24,2,29,7
1884707,1,"Liga Nacional","Liga Endesa",-402534000,NA,"https://www.acb.com/Documentos/Cabeceras/logo-competicion-1b.png","https://www.acb.com/Documentos/Cabeceras/logo-competicion-4a.png",86,2021,107,NA,NA,5409,102922,NA,NA,TRUE,3674,3674,2278,"Real Madrid","Real Madrid","RMB",3681,2285,"Hereda San Pablo Burgos","Hereda SPB","BUR",1,70,12000,8,27,29,17,37,45,12,19,63,29,10,39,12,2,8,4,8,1,5,18,23,81,35,-1,0,13,0,70,63,3,1524,6,7,4,26,10,35,6
1884516,1,"Liga Nacional","Liga Endesa",-402534000,NA,"https://www.acb.com/Documentos/Cabeceras/logo-competicion-1b.png","https://www.acb.com/Documentos/Cabeceras/logo-competicion-4a.png",86,2021,107,NA,NA,5409,102923,NA,NA,FALSE,3668,3682,2286,"Casademont Zaragoza","Casademont Zgz","CAZ",3668,2272,"BAXI Manresa","BAXI Manresa","BAX",1,91,12000,14,33,42,16,31,51,17,25,68,23,12,35,20,10,16,5,4,1,2,26,22,97,-35,-1,13,0,0,91,98,3,488,0,9,11,28,13,46,7
1884515,1,"Liga Nacional","Liga Endesa",-402534000,NA,"https://www.acb.com/Documentos/Cabeceras/logo-competicion-1b.png","https://www.acb.com/Documentos/Cabeceras/logo-competicion-4a.png",86,2021,107,NA,NA,5409,102923,NA,NA,TRUE,3682,3682,2286,"Casademont Zaragoza","Casademont Zgz","CAZ",3668,2272,"BAXI Manresa","BAXI Manresa","BAX",1,98,12000,9,22,40,23,41,56,25,32,78,21,12,33,9,13,13,9,2,4,1,22,26,104,35,-1,0,13,0,98,91,2,1816,1,13,15,44,13,54,8
1884189,1,"Liga Nacional","Liga Endesa",-402534000,NA,"https://www.acb.com/Documentos/Cabeceras/logo-competicion-1b.png","https://www.acb.com/Documentos/Cabeceras/logo-competicion-4a.png",86,2021,107,NA,NA,5409,102924,NA,NA,TRUE,3677,3677,2365,"Urbas Fuenlabrada","Urbas Fuenla","URF",3678,2282,"Gran Canaria","Gran Canaria","GCA",1,87,13500,10,33,30,17,40,42,23,29,79,26,18,44,20,8,15,8,4,9,1,26,25,86,-25,-1,13,0,0,87,92,3,205,3,4,5,32,14,31,10
1884190,1,"Liga Nacional","Liga Endesa",-402534000,NA,"https://www.acb.com/Documentos/Cabeceras/logo-competicion-1b.png","https://www.acb.com/Documentos/Cabeceras/logo-competicion-4a.png",86,2021,107,NA,NA,5409,102924,NA,NA,FALSE,3678,3677,2365,"Urbas Fuenlabrada","Urbas Fuenla","URF",3678,2282,"Gran Canaria","Gran Canaria","GCA",1,92,13500,6,22,27,25,45,55,24,33,72,31,11,42,15,9,14,13,9,3,1,26,26,105,25,-1,0,12,0,92,87,4,2386,3,25,10,42,10,37,9
1884111,1,"Liga Nacional","Liga Endesa",-402534000,NA,"https://www.acb.com/Documentos/Cabeceras/logo-competicion-1b.png","https://www.acb.com/Documentos/Cabeceras/logo-competicion-4a.png",86,2021,107,NA,NA,5409,102925,NA,NA,TRUE,3676,3676,2280,"Barça","Barça","BAR",3673,2277,"UCAM Murcia","UCAM Murcia","UCM",1,85,12000,7,20,35,20,35,57,24,28,85,16,12,28,13,14,16,2,1,1,0,26,25,91,35,-1,0,13,0,85,78,5,2010,2,17,11,34,14,29,8
1884112,1,"Liga Nacional","Liga Endesa",-402534000,NA,"https://www.acb.com/Documentos/Cabeceras/logo-competicion-1b.png","https://www.acb.com/Documentos/Cabeceras/logo-competicion-4a.png",86,2021,107,NA,NA,5409,102925,NA,NA,FALSE,3673,3676,2280,"Barça","Barça","BAR",3673,2277,"UCAM Murcia","UCAM Murcia","UCM",1,78,12000,5,14,35,25,43,58,13,24,54,17,13,30,17,8,20,4,1,1,5,26,25,74,-35,-1,13,0,0,78,85,5,196,1,3,17,44,11,32,11
1883785,1,"Liga Nacional","Liga Endesa",-402534000,NA,"https://www.acb.com/Documentos/Cabeceras/logo-competicion-1b.png","https://www.acb.com/Documentos/Cabeceras/logo-competicion-4a.png",86,2021,107,NA,NA,5409,102926,NA,NA,FALSE,3669,3667,2271,"Valencia Basket","Valencia Basket","VBC",3669,2289,"Baskonia","Baskonia","BKN",1,72,12000,5,15,33,22,43,51,13,14,92,25,11,36,15,11,21,9,5,0,3,18,19,87,25,-1,0,12,0,72,67,2,1037,5,8,12,34,9,36,8
1883784,1,"Liga Nacional","Liga Endesa",-402534000,NA,"https://www.acb.com/Documentos/Cabeceras/logo-competicion-1b.png","https://www.acb.com/Documentos/Cabeceras/logo-competicion-4a.png",86,2021,107,NA,NA,5409,102926,NA,NA,TRUE,3667,3667,2271,"Valencia Basket","Valencia Basket","VBC",3669,2289,"Baskonia","Baskonia","BKN",1,67,12000,8,31,25,14,33,42,15,15,100,18,15,33,17,6,20,2,0,5,3,21,18,53,-25,-1,13,0,0,67,72,5,1075,4,8,9,26,6,31,13
1883706,1,"Liga Nacional","Liga Endesa",-402534000,NA,"https://www.acb.com/Documentos/Cabeceras/logo-competicion-1b.png","https://www.acb.com/Documentos/Cabeceras/logo-competicion-4a.png",86,2021,107,NA,NA,5409,102927,NA,NA,TRUE,3679,3679,2283,"Coosur Real Betis","Coosur Betis","BET",3665,2269,"MoraBanc Andorra","MoraBanc And","MBA",1,102,13500,11,32,34,24,38,63,21,26,80,33,10,43,19,5,18,4,5,3,2,20,23,116,20,-1,0,13,0,102,98,5,1732,9,15,10,42,15,41,14
1883707,1,"Liga Nacional","Liga Endesa",-402534000,NA,"https://www.acb.com/Documentos/Cabeceras/logo-competicion-1b.png","https://www.acb.com/Documentos/Cabeceras/logo-competicion-4a.png",86,2021,107,NA,NA,5409,102927,NA,NA,FALSE,3665,3679,2283,"Coosur Real Betis","Coosur Betis","BET",3665,2269,"MoraBanc Andorra","MoraBanc And","MBA",1,98,13500,8,21,38,30,61,49,14,20,70,24,12,36,20,14,10,9,3,5,1,23,19,102,-20,-1,13,0,0,98,102,5,758,9,6,12,52,4,33,12
1883322,1,"Liga Nacional","Liga Endesa",-402534000,NA,"https://www.acb.com/Documentos/Cabeceras/logo-competicion-1b.png","https://www.acb.com/Documentos/Cabeceras/logo-competicion-4a.png",86,2021,107,NA,NA,5409,102722,NA,NA,TRUE,3666,3666,2270,"Joventut Badalona","Joventut","CJB",3675,2288,"Surne Bilbao Basket","Surne BB","SBB",1,85,12000,7,18,38,23,36,63,18,22,81,22,9,31,14,5,10,2,3,3,2,18,19,98,30,-1,0,13,0,85,79,1,2125,3,9,14,36,7,28,7
1883323,1,"Liga Nacional","Liga Endesa",-402534000,NA,"https://www.acb.com/Documentos/Cabeceras/logo-competicion-1b.png","https://www.acb.com/Documentos/Cabeceras/logo-competicion-4a.png",86,2021,107,NA,NA,5409,102722,NA,NA,FALSE,3675,3666,2270,"Joventut Badalona","Joventut","CJB",3675,2288,"Surne Bilbao Basket","Surne BB","SBB",1,79,12000,13,31,41,17,35,48,6,11,54,17,16,33,19,8,13,2,3,3,0,20,18,83,-30,-1,13,0,0,79,85,3,126,3,2,10,32,19,29,6
1883402,1,"Liga Nacional","Liga Endesa",-402534000,NA,"https://www.acb.com/Documentos/Cabeceras/logo-competicion-1b.png","https://www.acb.com/Documentos/Cabeceras/logo-competicion-4a.png",86,2021,107,NA,NA,5409,102928,NA,NA,TRUE,3670,3670,2274,"Río Breogán","Río Breogán","BRE",3680,2284,"Lenovo Tenerife","Lenovo Tenerife","LNT",1,92,12000,14,31,45,21,39,53,8,11,72,23,16,39,15,5,10,10,2,2,4,22,19,100,95,-1,0,13,0,92,73,2,2309,2,22,19,40,15,33,7
1883403,1,"Liga Nacional","Liga Endesa",-402534000,NA,"https://www.acb.com/Documentos/Cabeceras/logo-competicion-1b.png","https://www.acb.com/Documentos/Cabeceras/logo-competicion-4a.png",86,2021,107,NA,NA,5409,102928,NA,NA,FALSE,3680,3670,2274,"Río Breogán","Río Breogán","BRE",3680,2284,"Lenovo Tenerife","Lenovo Tenerife","LNT",1,73,12000,8,26,30,18,33,54,13,19,68,20,13,33,17,9,11,6,3,2,4,19,22,86,-95,-1,13,0,0,73,92,2,73,2,1,8,30,9,32,6
1886064,1,"Liga Nacional","Liga Endesa",-402534000,NA,"https://www.acb.com/Documentos/Cabeceras/logo-competicion-1b.png","https://www.acb.com/Documentos/Cabeceras/logo-competicion-4a.png",86,2021,107,NA,NA,5427,102929,NA,NA,FALSE,3674,3665,2269,"MoraBanc Andorra","MoraBanc And","MBA",3674,2278,"Real Madrid","Real Madrid","RMB",1,86,12000,9,25,36,23,34,67,13,18,72,31,8,39,23,10,16,14,7,1,6,22,16,110,140,-1,0,13,0,86,58,2,2382,0,33,10,44,12,37,10
1886063,1,"Liga Nacional","Liga Endesa",-402534000,NA,"https://www.acb.com/Documentos/Cabeceras/logo-competicion-1b.png","https://www.acb.com/Documentos/Cabeceras/logo-competicion-4a.png",86,2021,107,NA,NA,5427,102929,NA,NA,TRUE,3665,3665,2269,"MoraBanc Andorra","MoraBanc And","MBA",3674,2278,"Real Madrid","Real Madrid","RMB",1,58,12000,8,24,33,10,34,29,14,18,77,18,10,28,11,7,16,0,1,7,1,16,22,44,-140,-1,13,0,0,58,86,4,0,0,0,7,12,6,30,8
1886034,1,"Liga Nacional","Liga Endesa",-402534000,NA,"https://www.acb.com/Documentos/Cabeceras/logo-competicion-1b.png","https://www.acb.com/Documentos/Cabeceras/logo-competicion-4a.png",86,2021,107,NA,NA,5427,102930,NA,NA,FALSE,3677,3669,2289,"Baskonia","Baskonia","BKN",3677,2365,"Urbas Fuenlabrada","Urbas Fuenla","URF",1,86,12000,12,28,42,17,39,43,16,21,76,25,12,37,19,6,11,7,3,1,2,16,16,96,-45,-1,13,0,0,86,95,3,538,5,8,10,30,7,21,6
1886033,1,"Liga Nacional","Liga Endesa",-402534000,NA,"https://www.acb.com/Documentos/Cabeceras/logo-competicion-1b.png","https://www.acb.com/Documentos/Cabeceras/logo-competicion-4a.png",86,2021,107,NA,NA,5427,102930,NA,NA,TRUE,3669,3669,2289,"Baskonia","Baskonia","BKN",3677,2365,"Urbas Fuenlabrada","Urbas Fuenla","URF",1,95,12000,10,33,30,29,46,63,7,13,53,29,18,47,20,8,10,6,1,3,5,17,16,111,45,-1,0,11,0,95,86,1,1671,5,13,9,54,18,58,8
1885638,1,"Liga Nacional","Liga Endesa",-402534000,NA,"https://www.acb.com/Documentos/Cabeceras/logo-competicion-1b.png","https://www.acb.com/Documentos/Cabeceras/logo-competicion-4a.png",86,2021,107,NA,NA,5427,102914,NA,NA,FALSE,3679,3673,2277,"UCAM Murcia","UCAM Murcia","UCM",3679,2283,"Coosur Real Betis","Coosur Betis","BET",1,66,12000,7,27,25,15,34,44,15,22,68,25,14,39,10,5,17,4,2,0,1,22,17,54,-110,-1,13,0,0,66,88,2,14,1,1,5,28,11,42,11
1885637,1,"Liga Nacional","Liga Endesa",-402534000,NA,"https://www.acb.com/Documentos/Cabeceras/logo-competicion-1b.png","https://www.acb.com/Documentos/Cabeceras/logo-competicion-4a.png",86,2021,107,NA,NA,5427,102914,NA,NA,TRUE,3673,3673,2277,"UCAM Murcia","UCAM Murcia","UCM",3679,2283,"Coosur Real Betis","Coosur Betis","BET",1,88,12000,9,26,34,22,43,51,17,22,77,26,16,42,15,9,11,2,0,2,0,18,22,102,110,-1,0,13,0,88,66,3,2364,1,27,4,42,16,27,13
1885610,1,"Liga Nacional","Liga Endesa",-402534000,NA,"https://www.acb.com/Documentos/Cabeceras/logo-competicion-1b.png","https://www.acb.com/Documentos/Cabeceras/logo-competicion-4a.png",86,2021,107,NA,NA,5427,102915,NA,NA,FALSE,3666,3672,2276,"Monbus Obradoiro","Monbus Obra","MOB",3666,2270,"Joventut Badalona","Joventut","CJB",1,91,12000,9,18,50,23,41,56,18,20,90,18,10,28,14,4,11,7,2,2,0,23,22,96,-10,-1,13,0,0,91,93,2,1643,5,11,6,44,6,40,8
1885609,1,"Liga Nacional","Liga Endesa",-402534000,NA,"https://www.acb.com/Documentos/Cabeceras/logo-competicion-1b.png","https://www.acb.com/Documentos/Cabeceras/logo-competicion-4a.png",86,2021,107,NA,NA,5427,102915,NA,NA,TRUE,3672,3672,2276,"Monbus Obradoiro","Monbus Obra","MOB",3666,2270,"Joventut Badalona","Joventut","CJB",1,93,12000,15,33,45,19,31,61,10,16,62,17,9,26,19,4,8,2,2,0,1,22,22,100,10,-1,0,13,0,93,91,2,595,6,7,6,34,4,34,9
1885669,1,"Liga Nacional","Liga Endesa",-402534000,NA,"https://www.acb.com/Documentos/Cabeceras/logo-competicion-1b.png","https://www.acb.com/Documentos/Cabeceras/logo-competicion-4a.png",86,2021,107,NA,NA,5427,102916,NA,NA,TRUE,3668,3668,2272,"BAXI Manresa","BAXI Manresa","BAX",3667,2271,"Valencia Basket","Valencia Basket","VBC",1,69,12000,7,30,23,18,37,48,12,15,80,19,9,28,15,10,16,4,5,1,2,18,18,65,-100,-1,13,0,0,69,89,2,369,1,5,11,34,8,22,6
1885670,1,"Liga Nacional","Liga Endesa",-402534000,NA,"https://www.acb.com/Documentos/Cabeceras/logo-competicion-1b.png","https://www.acb.com/Documentos/Cabeceras/logo-competicion-4a.png",86,2021,107,NA,NA,5427,102916,NA,NA,FALSE,3667,3668,2272,"BAXI Manresa","BAXI Manresa","BAX",3667,2271,"Valencia Basket","Valencia Basket","VBC",1,89,12000,10,23,43,21,36,58,17,19,89,33,9,42,22,9,20,6,1,5,3,18,17,107,100,-1,0,13,0,89,69,2,1944,2,24,5,36,10,24,10
1885358,1,"Liga Nacional","Liga Endesa",-402534000,NA,"https://www.acb.com/Documentos/Cabeceras/logo-competicion-1b.png","https://www.acb.com/Documentos/Cabeceras/logo-competicion-4a.png",86,2021,107,NA,NA,5427,102917,NA,NA,FALSE,3671,3680,2284,"Lenovo Tenerife","Lenovo Tenerife","LNT",3671,2275,"Unicaja","Unicaja","UNI",1,82,12000,10,28,35,20,33,60,12,17,70,22,11,33,15,5,17,11,3,2,2,23,23,83,-25,-1,13,0,0,82,87,5,23,1,1,15,34,8,19,8
1885357,1,"Liga Nacional","Liga Endesa",-402534000,NA,"https://www.acb.com/Documentos/Cabeceras/logo-competicion-1b.png","https://www.acb.com/Documentos/Cabeceras/logo-competicion-4a.png",86,2021,107,NA,NA,5427,102917,NA,NA,TRUE,3680,3680,2284,"Lenovo Tenerife","Lenovo Tenerife","LNT",3671,2275,"Unicaja","Unicaja","UNI",1,87,12000,7,24,29,20,39,51,26,28,92,23,11,34,12,10,12,0,2,3,2,24,23,91,25,-1,0,13,0,87,82,5,2228,1,11,12,34,8,15,9
1885330,1,"Liga Nacional","Liga Endesa",-402534000,NA,"https://www.acb.com/Documentos/Cabeceras/logo-competicion-1b.png","https://www.acb.com/Documentos/Cabeceras/logo-competicion-4a.png",86,2021,107,NA,NA,5427,102918,NA,NA,FALSE,3670,3681,2285,"Hereda San Pablo Burgos","Hereda SPB","BUR",3670,2274,"Río Breogán","Río Breogán","BRE",1,87,12000,12,27,44,21,32,65,9,12,75,25,5,30,16,5,8,4,5,2,0,19,17,102,125,-1,0,13,0,87,62,1,2013,2,28,9,40,4,33,15
1885329,1,"Liga Nacional","Liga Endesa",-402534000,NA,"https://www.acb.com/Documentos/Cabeceras/logo-competicion-1b.png","https://www.acb.com/Documentos/Cabeceras/logo-competicion-4a.png",86,2021,107,NA,NA,5427,102918,NA,NA,TRUE,3681,3681,2285,"Hereda San Pablo Burgos","Hereda SPB","BUR",3670,2274,"Río Breogán","Río Breogán","BRE",1,62,12000,4,25,16,20,32,62,10,16,62,24,11,35,18,5,14,2,2,5,4,18,19,65,-125,-1,13,0,0,62,87,3,160,2,4,7,38,8,25,8
1885189,1,"Liga Nacional","Liga Endesa",-402534000,NA,"https://www.acb.com/Documentos/Cabeceras/logo-competicion-1b.png","https://www.acb.com/Documentos/Cabeceras/logo-competicion-4a.png",86,2021,107,NA,NA,5427,102919,NA,NA,TRUE,3675,3675,2288,"Surne Bilbao Basket","Surne BB","SBB",3682,2286,"Casademont Zaragoza","Casademont Zgz","CAZ",1,76,12000,10,25,40,17,35,48,12,17,70,16,7,23,14,7,9,7,3,3,1,16,16,73,-120,-1,13,0,0,76,100,2,535,2,4,8,26,0,37,7
1885190,1,"Liga Nacional","Liga Endesa",-402534000,NA,"https://www.acb.com/Documentos/Cabeceras/logo-competicion-1b.png","https://www.acb.com/Documentos/Cabeceras/logo-competicion-4a.png",86,2021,107,NA,NA,5427,102919,NA,NA,FALSE,3682,3675,2288,"Surne Bilbao Basket","Surne BB","SBB",3682,2286,"Casademont Zaragoza","Casademont Zgz","CAZ",1,100,12000,15,31,48,23,37,62,9,11,81,29,11,40,19,5,11,6,3,3,1,16,16,121,120,-1,0,13,0,100,76,1,1761,3,27,7,40,18,48,14
1885050,1,"Liga Nacional","Liga Endesa",-402534000,NA,"https://www.acb.com/Documentos/Cabeceras/logo-competicion-1b.png","https://www.acb.com/Documentos/Cabeceras/logo-competicion-4a.png",86,2021,107,NA,NA,5427,102920,NA,NA,FALSE,3676,3678,2282,"Gran Canaria","Gran Canaria","GCA",3676,2280,"Barça","Barça","BAR",1,82,12000,13,26,50,16,28,57,11,14,78,33,9,42,21,4,15,4,2,1,0,18,20,109,90,-1,0,13,0,82,64,2,2330,0,25,12,26,4,38,10
1885049,1,"Liga Nacional","Liga Endesa",-402534000,NA,"https://www.acb.com/Documentos/Cabeceras/logo-competicion-1b.png","https://www.acb.com/Documentos/Cabeceras/logo-competicion-4a.png",86,2021,107,NA,NA,5427,102920,NA,NA,TRUE,3678,3678,2282,"Gran Canaria","Gran Canaria","GCA",3676,2280,"Barça","Barça","BAR",1,64,12000,8,24,33,16,40,40,8,10,80,16,9,25,13,10,7,2,1,2,1,20,18,60,-90,-1,13,0,0,64,82,4,0,0,0,9,28,5,32,10
1887429,1,"Liga Nacional","Liga Endesa",-402534000,NA,"https://www.acb.com/Documentos/Cabeceras/logo-competicion-1b.png","https://www.acb.com/Documentos/Cabeceras/logo-competicion-4a.png",86,2021,107,NA,NA,5428,102942,NA,NA,TRUE,3674,3674,2278,"Real Madrid","Real Madrid","RMB",3672,2276,"Monbus Obradoiro","Monbus Obra","MOB",1,78,12000,5,19,26,24,48,50,15,21,71,25,13,38,9,6,9,4,3,2,6,16,20,83,50,-1,0,13,0,78,68,2,1965,3,14,6,40,8,47,9
1887430,1,"Liga Nacional","Liga Endesa",-402534000,NA,"https://www.acb.com/Documentos/Cabeceras/logo-competicion-1b.png","https://www.acb.com/Documentos/Cabeceras/logo-competicion-4a.png",86,2021,107,NA,NA,5428,102942,NA,NA,FALSE,3672,3674,2278,"Real Madrid","Real Madrid","RMB",3672,2276,"Monbus Obradoiro","Monbus Obra","MOB",1,68,12000,9,32,28,17,34,50,7,9,77,24,15,39,14,4,13,6,2,3,2,20,16,65,-50,-1,13,0,0,68,78,4,253,3,3,5,26,13,14,11
1887298,1,"Liga Nacional","Liga Endesa",-402534000,NA,"https://www.acb.com/Documentos/Cabeceras/logo-competicion-1b.png","https://www.acb.com/Documentos/Cabeceras/logo-competicion-4a.png",86,2021,107,NA,NA,5428,102943,NA,NA,FALSE,3669,3666,2270,"Joventut Badalona","Joventut","CJB",3669,2289,"Baskonia","Baskonia","BKN",1,61,12000,7,26,26,16,30,53,8,13,61,21,5,26,12,10,17,9,3,2,2,19,19,55,-55,-1,11,0,0,61,72,3,55,1,1,9,28,3,18,7
1887297,1,"Liga Nacional","Liga Endesa",-402534000,NA,"https://www.acb.com/Documentos/Cabeceras/logo-competicion-1b.png","https://www.acb.com/Documentos/Cabeceras/logo-competicion-4a.png",86,2021,107,NA,NA,5428,102943,NA,NA,TRUE,3666,3666,2270,"Joventut Badalona","Joventut","CJB",3669,2289,"Baskonia","Baskonia","BKN",1,72,12000,6,20,30,21,45,46,12,14,85,28,16,44,14,10,16,4,2,3,0,19,18,82,55,-1,0,13,0,72,61,1,2257,1,18,9,36,8,27,9
1887154,1,"Liga Nacional","Liga Endesa",-402534000,NA,"https://www.acb.com/Documentos/Cabeceras/logo-competicion-1b.png","https://www.acb.com/Documentos/Cabeceras/logo-competicion-4a.png",86,2021,107,NA,NA,5428,102944,NA,NA,FALSE,3665,3677,2365,"Urbas Fuenlabrada","Urbas Fuenla","URF",3665,2269,"MoraBanc Andorra","MoraBanc And","MBA",1,78,12000,4,17,23,28,56,50,10,16,62,23,12,35,14,10,13,12,5,4,7,20,21,79,-65,-1,13,0,0,78,91,3,185,3,3,16,44,16,47,17
1887153,1,"Liga Nacional","Liga Endesa",-402534000,NA,"https://www.acb.com/Documentos/Cabeceras/logo-competicion-1b.png","https://www.acb.com/Documentos/Cabeceras/logo-competicion-4a.png",86,2021,107,NA,NA,5428,102944,NA,NA,TRUE,3677,3677,2365,"Urbas Fuenlabrada","Urbas Fuenla","URF",3665,2269,"MoraBanc Andorra","MoraBanc And","MBA",1,91,12000,16,32,50,16,35,45,11,17,64,28,14,42,19,4,15,8,4,5,4,21,19,97,65,-1,0,13,0,91,78,2,2109,4,26,8,30,12,21,11
1886902,1,"Liga Nacional","Liga Endesa",-402534000,NA,"https://www.acb.com/Documentos/Cabeceras/logo-competicion-1b.png","https://www.acb.com/Documentos/Cabeceras/logo-competicion-4a.png",86,2021,107,NA,NA,5428,102945,NA,NA,FALSE,3673,3667,2271,"Valencia Basket","Valencia Basket","VBC",3673,2277,"UCAM Murcia","UCAM Murcia","UCM",1,91,12000,8,16,50,22,43,51,23,29,79,15,11,26,18,8,13,7,5,0,3,27,25,98,25,-1,0,13,0,91,86,4,434,1,9,17,40,4,34,9
1886901,1,"Liga Nacional","Liga Endesa",-402534000,NA,"https://www.acb.com/Documentos/Cabeceras/logo-competicion-1b.png","https://www.acb.com/Documentos/Cabeceras/logo-competicion-4a.png",86,2021,107,NA,NA,5428,102945,NA,NA,TRUE,3667,3667,2271,"Valencia Basket","Valencia Basket","VBC",3673,2277,"UCAM Murcia","UCAM Murcia","UCM",1,86,12000,12,29,41,15,29,51,20,22,90,20,16,36,20,5,21,0,0,5,1,28,24,84,-25,-1,13,0,0,86,91,4,1911,1,17,10,28,12,19,12
1886871,1,"Liga Nacional","Liga Endesa",-402534000,NA,"https://www.acb.com/Documentos/Cabeceras/logo-competicion-1b.png","https://www.acb.com/Documentos/Cabeceras/logo-competicion-4a.png",86,2021,107,NA,NA,5428,102946,NA,NA,TRUE,3679,3679,2283,"Coosur Real Betis","Coosur Betis","BET",3668,2272,"BAXI Manresa","BAXI Manresa","BAX",1,64,12000,3,12,25,21,43,48,13,20,65,15,7,22,11,9,21,2,3,2,3,29,23,42,-210,-1,13,0,0,64,106,5,0,0,0,7,38,4,17,10
1886872,1,"Liga Nacional","Liga Endesa",-402534000,NA,"https://www.acb.com/Documentos/Cabeceras/logo-competicion-1b.png","https://www.acb.com/Documentos/Cabeceras/logo-competicion-4a.png",86,2021,107,NA,NA,5428,102946,NA,NA,FALSE,3668,3679,2283,"Coosur Real Betis","Coosur Betis","BET",3668,2272,"BAXI Manresa","BAXI Manresa","BAX",1,106,12000,11,25,44,22,37,59,29,40,72,24,17,41,24,15,13,13,2,3,5,23,28,137,210,-1,0,13,0,106,64,2,2379,0,44,24,36,11,46,12
1886592,1,"Liga Nacional","Liga Endesa",-402534000,NA,"https://www.acb.com/Documentos/Cabeceras/logo-competicion-1b.png","https://www.acb.com/Documentos/Cabeceras/logo-competicion-4a.png",86,2021,107,NA,NA,5428,102947,NA,NA,FALSE,3678,3671,2275,"Unicaja","Unicaja","UNI",3678,2282,"Gran Canaria","Gran Canaria","GCA",1,80,12000,4,16,25,25,43,58,18,21,85,17,8,25,21,8,10,4,3,1,2,17,17,93,5,-1,0,13,0,80,79,4,1452,3,9,5,34,2,42,5
1886591,1,"Liga Nacional","Liga Endesa",-402534000,NA,"https://www.acb.com/Documentos/Cabeceras/logo-competicion-1b.png","https://www.acb.com/Documentos/Cabeceras/logo-competicion-4a.png",86,2021,107,NA,NA,5428,102947,NA,NA,TRUE,3671,3671,2275,"Unicaja","Unicaja","UNI",3678,2282,"Gran Canaria","Gran Canaria","GCA",1,79,12000,7,15,46,26,44,59,6,7,85,22,7,29,17,3,13,7,1,3,3,18,16,84,-5,-1,13,0,0,79,80,0,856,2,7,11,34,7,21,8
1886620,1,"Liga Nacional","Liga Endesa",-402534000,NA,"https://www.acb.com/Documentos/Cabeceras/logo-competicion-1b.png","https://www.acb.com/Documentos/Cabeceras/logo-competicion-4a.png",86,2021,107,NA,NA,5428,102948,NA,NA,FALSE,3681,3682,2286,"Casademont Zaragoza","Casademont Zgz","CAZ",3681,2285,"Hereda San Pablo Burgos","Hereda SPB","BUR",1,75,12000,10,24,41,20,38,52,5,12,41,29,17,46,13,12,20,13,3,4,1,19,12,79,105,-1,0,13,0,75,54,2,2195,2,21,15,32,14,31,9
1886619,1,"Liga Nacional","Liga Endesa",-402534000,NA,"https://www.acb.com/Documentos/Cabeceras/logo-competicion-1b.png","https://www.acb.com/Documentos/Cabeceras/logo-competicion-4a.png",86,2021,107,NA,NA,5428,102948,NA,NA,TRUE,3682,3682,2286,"Casademont Zaragoza","Casademont Zgz","CAZ",3681,2285,"Hereda San Pablo Burgos","Hereda SPB","BUR",1,54,12000,4,17,23,18,43,41,6,9,66,18,11,29,16,14,18,14,4,3,5,12,19,62,-105,-1,13,0,0,54,75,3,85,2,3,14,36,7,20,10
1886336,1,"Liga Nacional","Liga Endesa",-402534000,NA,"https://www.acb.com/Documentos/Cabeceras/logo-competicion-1b.png","https://www.acb.com/Documentos/Cabeceras/logo-competicion-4a.png",86,2021,107,NA,NA,5428,102931,NA,NA,FALSE,3670,3676,2280,"Barça","Barça","BAR",3670,2274,"Río Breogán","Río Breogán","BRE",1,69,12000,6,23,26,23,46,50,5,8,62,17,16,33,15,6,13,8,2,5,2,27,17,54,-45,-1,13,0,0,69,78,4,0,0,0,4,44,13,18,8
1886335,1,"Liga Nacional","Liga Endesa",-402534000,NA,"https://www.acb.com/Documentos/Cabeceras/logo-competicion-1b.png","https://www.acb.com/Documentos/Cabeceras/logo-competicion-4a.png",86,2021,107,NA,NA,5428,102931,NA,NA,TRUE,3676,3676,2280,"Barça","Barça","BAR",3670,2274,"Río Breogán","Río Breogán","BRE",1,78,12000,7,22,31,17,28,60,23,28,82,24,7,31,17,9,11,0,5,2,1,17,27,106,45,-1,0,13,0,78,69,3,2388,0,12,11,26,6,18,5
1886308,1,"Liga Nacional","Liga Endesa",-402534000,NA,"https://www.acb.com/Documentos/Cabeceras/logo-competicion-1b.png","https://www.acb.com/Documentos/Cabeceras/logo-competicion-4a.png",86,2021,107,NA,NA,5428,102932,NA,NA,FALSE,3675,3680,2284,"Lenovo Tenerife","Lenovo Tenerife","LNT",3675,2288,"Surne Bilbao Basket","Surne BB","SBB",1,79,12000,8,23,34,20,38,52,15,25,60,23,13,36,14,6,10,7,0,0,1,22,23,83,-50,-1,13,0,0,79,89,4,1477,4,11,10,34,9,30,6
1886307,1,"Liga Nacional","Liga Endesa",-402534000,NA,"https://www.acb.com/Documentos/Cabeceras/logo-competicion-1b.png","https://www.acb.com/Documentos/Cabeceras/logo-competicion-4a.png",86,2021,107,NA,NA,5428,102932,NA,NA,TRUE,3680,3680,2284,"Lenovo Tenerife","Lenovo Tenerife","LNT",3675,2288,"Surne Bilbao Basket","Surne BB","SBB",1,89,12000,12,28,42,17,31,54,19,21,90,22,9,31,21,7,10,3,0,0,3,24,22,104,50,-1,0,13,0,89,79,2,901,5,10,10,30,6,22,6
1888702,1,"Liga Nacional","Liga Endesa",-402534000,NA,"https://www.acb.com/Documentos/Cabeceras/logo-competicion-1b.png","https://www.acb.com/Documentos/Cabeceras/logo-competicion-4a.png",86,2021,107,NA,NA,5429,102933,NA,NA,FALSE,3669,3668,2272,"BAXI Manresa","BAXI Manresa","BAX",3669,2289,"Baskonia","Baskonia","BKN",1,67,12000,10,21,47,12,27,44,13,19,68,25,5,30,15,10,22,4,4,5,2,20,22,69,-35,-1,12,0,0,67,74,5,161,5,3,2,24,5,21,8
1888701,1,"Liga Nacional","Liga Endesa",-402534000,NA,"https://www.acb.com/Documentos/Cabeceras/logo-competicion-1b.png","https://www.acb.com/Documentos/Cabeceras/logo-competicion-4a.png",86,2021,107,NA,NA,5429,102933,NA,NA,TRUE,3668,3668,2272,"BAXI Manresa","BAXI Manresa","BAX",3669,2289,"Baskonia","Baskonia","BKN",1,74,12000,8,31,25,18,31,58,14,21,66,21,14,35,16,11,16,4,5,4,7,22,19,75,35,-1,0,13,0,74,67,1,2011,6,9,11,36,10,41,11
1888560,1,"Liga Nacional","Liga Endesa",-402534000,NA,"https://www.acb.com/Documentos/Cabeceras/logo-competicion-1b.png","https://www.acb.com/Documentos/Cabeceras/logo-competicion-4a.png",86,2021,107,NA,NA,5429,102934,NA,NA,FALSE,3680,3674,2278,"Real Madrid","Real Madrid","RMB",3680,2284,"Lenovo Tenerife","Lenovo Tenerife","LNT",1,77,12000,13,28,46,14,30,46,10,18,55,21,9,30,15,9,17,4,1,6,5,23,22,69,-45,-1,13,0,0,77,86,4,40,2,2,14,26,13,33,7
1888559,1,"Liga Nacional","Liga Endesa",-402534000,NA,"https://www.acb.com/Documentos/Cabeceras/logo-competicion-1b.png","https://www.acb.com/Documentos/Cabeceras/logo-competicion-4a.png",86,2021,107,NA,NA,5429,102934,NA,NA,TRUE,3674,3674,2278,"Real Madrid","Real Madrid","RMB",3680,2284,"Lenovo Tenerife","Lenovo Tenerife","LNT",1,86,12000,6,23,26,23,39,58,22,24,91,25,10,35,16,6,13,4,6,1,6,23,21,98,45,-1,0,13,0,86,77,2,2274,2,13,9,44,14,38,8
1888418,1,"Liga Nacional","Liga Endesa",-402534000,NA,"https://www.acb.com/Documentos/Cabeceras/logo-competicion-1b.png","https://www.acb.com/Documentos/Cabeceras/logo-competicion-4a.png",86,2021,107,NA,NA,5429,102935,NA,NA,FALSE,3676,3675,2288,"Surne Bilbao Basket","Surne BB","SBB",3676,2280,"Barça","Barça","BAR",1,84,12000,7,23,30,26,40,65,11,16,68,25,12,37,11,8,10,2,1,0,1,24,20,92,80,-1,0,13,0,84,68,4,1785,6,22,8,48,4,47,9
1888417,1,"Liga Nacional","Liga Endesa",-402534000,NA,"https://www.acb.com/Documentos/Cabeceras/logo-competicion-1b.png","https://www.acb.com/Documentos/Cabeceras/logo-competicion-4a.png",86,2021,107,NA,NA,5429,102935,NA,NA,TRUE,3675,3675,2288,"Surne Bilbao Basket","Surne BB","SBB",3676,2280,"Barça","Barça","BAR",1,68,12000,7,21,33,18,38,47,11,15,73,18,10,28,11,6,12,7,0,1,1,20,23,65,-80,-1,13,0,0,68,84,1,378,6,4,2,32,12,25,7
1888220,1,"Liga Nacional","Liga Endesa",-402534000,NA,"https://www.acb.com/Documentos/Cabeceras/logo-competicion-1b.png","https://www.acb.com/Documentos/Cabeceras/logo-competicion-4a.png",86,2021,107,NA,NA,5429,102936,NA,NA,FALSE,3666,3678,2282,"Gran Canaria","Gran Canaria","GCA",3666,2270,"Joventut Badalona","Joventut","CJB",1,71,12000,9,30,30,14,33,42,16,21,76,19,11,30,13,5,9,0,1,4,2,19,21,64,-65,-1,13,0,0,71,84,5,1230,1,12,6,28,7,13,9
1888219,1,"Liga Nacional","Liga Endesa",-402534000,NA,"https://www.acb.com/Documentos/Cabeceras/logo-competicion-1b.png","https://www.acb.com/Documentos/Cabeceras/logo-competicion-4a.png",86,2021,107,NA,NA,5429,102936,NA,NA,TRUE,3678,3678,2282,"Gran Canaria","Gran Canaria","GCA",3666,2270,"Joventut Badalona","Joventut","CJB",1,84,12000,11,27,40,17,34,50,17,20,85,28,14,42,21,5,11,6,4,1,6,23,19,104,65,-1,0,13,0,84,71,3,1033,2,14,7,26,10,38,8
1888136,1,"Liga Nacional","Liga Endesa",-402534000,NA,"https://www.acb.com/Documentos/Cabeceras/logo-competicion-1b.png","https://www.acb.com/Documentos/Cabeceras/logo-competicion-4a.png",86,2021,107,NA,NA,5429,102937,NA,NA,FALSE,3679,3670,2274,"Río Breogán","Río Breogán","BRE",3679,2283,"Coosur Real Betis","Coosur Betis","BET",1,65,12000,6,22,27,17,36,47,13,17,76,17,9,26,14,8,20,4,3,0,1,17,18,58,-160,-1,13,0,0,65,97,4,704,0,8,0,26,4,19,5
1888135,1,"Liga Nacional","Liga Endesa",-402534000,NA,"https://www.acb.com/Documentos/Cabeceras/logo-competicion-1b.png","https://www.acb.com/Documentos/Cabeceras/logo-competicion-4a.png",86,2021,107,NA,NA,5429,102937,NA,NA,TRUE,3670,3670,2274,"Río Breogán","Río Breogán","BRE",3679,2283,"Coosur Real Betis","Coosur Betis","BET",1,97,12000,13,24,54,21,36,58,16,19,84,26,9,35,24,12,15,20,0,3,3,19,17,119,160,-1,0,13,0,97,65,1,1569,1,34,23,40,11,45,16
1887853,1,"Liga Nacional","Liga Endesa",-402534000,NA,"https://www.acb.com/Documentos/Cabeceras/logo-competicion-1b.png","https://www.acb.com/Documentos/Cabeceras/logo-competicion-4a.png",86,2021,107,NA,NA,5429,102938,NA,NA,TRUE,3681,3681,2285,"Hereda San Pablo Burgos","Hereda SPB","BUR",3665,2269,"MoraBanc Andorra","MoraBanc And","MBA",1,81,12000,10,25,40,15,28,53,21,28,75,29,8,37,19,7,13,7,2,2,0,22,24,98,55,-1,0,13,0,81,70,3,2214,1,30,6,28,8,55,12
1887854,1,"Liga Nacional","Liga Endesa",-402534000,NA,"https://www.acb.com/Documentos/Cabeceras/logo-competicion-1b.png","https://www.acb.com/Documentos/Cabeceras/logo-competicion-4a.png",86,2021,107,NA,NA,5429,102938,NA,NA,FALSE,3665,3681,2285,"Hereda San Pablo Burgos","Hereda SPB","BUR",3665,2269,"MoraBanc Andorra","MoraBanc And","MBA",1,70,12000,7,29,24,20,42,47,9,20,45,22,18,40,14,8,10,7,2,2,3,25,22,64,-55,-1,13,0,0,70,81,5,49,1,1,15,38,10,42,11
1887884,1,"Liga Nacional","Liga Endesa",-402534000,NA,"https://www.acb.com/Documentos/Cabeceras/logo-competicion-1b.png","https://www.acb.com/Documentos/Cabeceras/logo-competicion-4a.png",86,2021,107,NA,NA,5429,102939,NA,NA,FALSE,3667,3682,2286,"Casademont Zaragoza","Casademont Zgz","CAZ",3667,2271,"Valencia Basket","Valencia Basket","VBC",1,76,12000,5,21,23,23,38,60,15,17,88,22,7,29,12,8,12,6,1,4,4,22,22,77,30,-1,0,13,0,76,70,2,2247,1,9,7,38,4,26,7
1887883,1,"Liga Nacional","Liga Endesa",-402534000,NA,"https://www.acb.com/Documentos/Cabeceras/logo-competicion-1b.png","https://www.acb.com/Documentos/Cabeceras/logo-competicion-4a.png",86,2021,107,NA,NA,5429,102939,NA,NA,TRUE,3682,3682,2286,"Casademont Zaragoza","Casademont Zgz","CAZ",3667,2271,"Valencia Basket","Valencia Basket","VBC",1,70,12000,4,22,18,20,44,45,18,20,90,23,17,40,12,6,15,6,4,1,5,22,21,71,-30,-1,13,0,0,70,76,2,16,1,2,9,40,19,32,7
1887600,1,"Liga Nacional","Liga Endesa",-402534000,NA,"https://www.acb.com/Documentos/Cabeceras/logo-competicion-1b.png","https://www.acb.com/Documentos/Cabeceras/logo-competicion-4a.png",86,2021,107,NA,NA,5429,102941,NA,NA,FALSE,3671,3673,2277,"UCAM Murcia","UCAM Murcia","UCM",3671,2275,"Unicaja","Unicaja","UNI",1,84,12000,7,21,33,23,45,51,17,22,77,24,9,33,8,8,9,2,6,3,2,22,21,85,25,-1,0,13,0,84,79,3,247,2,5,12,36,6,31,7
1887599,1,"Liga Nacional","Liga Endesa",-402534000,NA,"https://www.acb.com/Documentos/Cabeceras/logo-competicion-1b.png","https://www.acb.com/Documentos/Cabeceras/logo-competicion-4a.png",86,2021,107,NA,NA,5429,102941,NA,NA,TRUE,3673,3673,2277,"UCAM Murcia","UCAM Murcia","UCM",3671,2275,"Unicaja","Unicaja","UNI",1,79,12000,6,18,33,24,47,51,13,17,76,29,13,42,11,3,17,5,3,6,1,24,19,71,-25,-1,13,0,0,79,84,3,1977,1,9,2,44,6,30,8
1887570,1,"Liga Nacional","Liga Endesa",-402534000,NA,"https://www.acb.com/Documentos/Cabeceras/logo-competicion-1b.png","https://www.acb.com/Documentos/Cabeceras/logo-competicion-4a.png",86,2021,107,NA,NA,5429,102949,NA,NA,FALSE,3677,3672,2276,"Monbus Obradoiro","Monbus Obra","MOB",3677,2365,"Urbas Fuenlabrada","Urbas Fuenla","URF",1,81,12000,10,22,45,16,39,41,19,23,82,22,9,31,14,7,13,6,4,7,1,23,22,77,-60,-1,13,0,0,81,93,5,0,0,0,6,26,5,48,8
1887569,1,"Liga Nacional","Liga Endesa",-402534000,NA,"https://www.acb.com/Documentos/Cabeceras/logo-competicion-1b.png","https://www.acb.com/Documentos/Cabeceras/logo-competicion-4a.png",86,2021,107,NA,NA,5429,102949,NA,NA,TRUE,3672,3672,2276,"Monbus Obradoiro","Monbus Obra","MOB",3677,2365,"Urbas Fuenlabrada","Urbas Fuenla","URF",1,93,12000,11,29,37,22,44,50,16,23,69,27,18,45,19,5,11,4,7,4,1,22,22,107,60,-1,0,13,0,93,81,4,2338,0,29,14,34,11,29,9
1890072,1,"Liga Nacional","Liga Endesa",-402534000,NA,"https://www.acb.com/Documentos/Cabeceras/logo-competicion-1b.png","https://www.acb.com/Documentos/Cabeceras/logo-competicion-4a.png",86,2021,107,NA,NA,5430,102886,NA,NA,FALSE,3672,3669,2289,"Baskonia","Baskonia","BKN",3672,2276,"Monbus Obradoiro","Monbus Obra","MOB",1,70,12000,5,31,16,18,31,58,19,26,73,14,12,26,10,4,8,0,2,3,2,20,24,59,-105,-1,13,0,0,70,91,5,0,0,0,10,36,8,27,7
1890071,1,"Liga Nacional","Liga Endesa",-402534000,NA,"https://www.acb.com/Documentos/Cabeceras/logo-competicion-1b.png","https://www.acb.com/Documentos/Cabeceras/logo-competicion-4a.png",86,2021,107,NA,NA,5430,102886,NA,NA,TRUE,3669,3669,2289,"Baskonia","Baskonia","BKN",3672,2276,"Monbus Obradoiro","Monbus Obra","MOB",1,91,12000,14,26,53,21,32,65,7,13,53,29,8,37,19,5,13,7,3,2,4,25,20,106,105,-1,0,12,0,91,70,2,2350,0,30,9,38,5,29,10
1889932,1,"Liga Nacional","Liga Endesa",-402534000,NA,"https://www.acb.com/Documentos/Cabeceras/logo-competicion-1b.png","https://www.acb.com/Documentos/Cabeceras/logo-competicion-4a.png",86,2021,107,NA,NA,5430,102887,NA,NA,FALSE,3674,3667,2271,"Valencia Basket","Valencia Basket","VBC",3674,2278,"Real Madrid","Real Madrid","RMB",1,93,12000,11,26,42,25,39,64,10,14,71,27,8,35,19,7,12,8,4,1,7,19,18,111,70,-1,0,13,0,93,79,2,1937,6,20,12,50,9,52,9
1889931,1,"Liga Nacional","Liga Endesa",-402534000,NA,"https://www.acb.com/Documentos/Cabeceras/logo-competicion-1b.png","https://www.acb.com/Documentos/Cabeceras/logo-competicion-4a.png",86,2021,107,NA,NA,5430,102887,NA,NA,TRUE,3667,3667,2271,"Valencia Basket","Valencia Basket","VBC",3674,2278,"Real Madrid","Real Madrid","RMB",1,79,12000,10,25,40,20,41,48,9,13,69,20,11,31,18,4,11,4,1,4,3,18,17,77,-70,-1,13,0,0,79,93,5,279,6,3,12,34,9,38,8
1889818,1,"Liga Nacional","Liga Endesa",-402534000,NA,"https://www.acb.com/Documentos/Cabeceras/logo-competicion-1b.png","https://www.acb.com/Documentos/Cabeceras/logo-competicion-4a.png",86,2021,107,NA,NA,5430,102888,NA,NA,FALSE,3676,3679,2283,"Coosur Real Betis","Coosur Betis","BET",3676,2280,"Barça","Barça","BAR",1,78,12000,8,20,40,20,38,52,14,16,87,25,13,38,11,8,15,7,0,4,0,25,21,80,85,-1,0,13,0,78,61,3,2385,0,19,6,38,17,45,8
1889817,1,"Liga Nacional","Liga Endesa",-402534000,NA,"https://www.acb.com/Documentos/Cabeceras/logo-competicion-1b.png","https://www.acb.com/Documentos/Cabeceras/logo-competicion-4a.png",86,2021,107,NA,NA,5430,102888,NA,NA,TRUE,3679,3679,2283,"Coosur Real Betis","Coosur Betis","BET",3676,2280,"Barça","Barça","BAR",1,61,12000,4,18,22,14,37,37,21,26,80,17,14,31,11,11,14,2,4,0,0,22,25,65,-85,-1,13,0,0,61,78,5,0,0,0,2,26,10,22,6
1889536,1,"Liga Nacional","Liga Endesa",-402534000,NA,"https://www.acb.com/Documentos/Cabeceras/logo-competicion-1b.png","https://www.acb.com/Documentos/Cabeceras/logo-competicion-4a.png",86,2021,107,NA,NA,5430,102889,NA,NA,FALSE,3675,3673,2277,"UCAM Murcia","UCAM Murcia","UCM",3675,2288,"Surne Bilbao Basket","Surne BB","SBB",1,87,12000,11,26,42,19,34,55,16,21,76,25,10,35,14,8,17,11,4,3,2,22,19,90,-25,-1,13,0,0,87,92,5,459,6,3,16,34,2,50,9
1889535,1,"Liga Nacional","Liga Endesa",-402534000,NA,"https://www.acb.com/Documentos/Cabeceras/logo-competicion-1b.png","https://www.acb.com/Documentos/Cabeceras/logo-competicion-4a.png",86,2021,107,NA,NA,5430,102889,NA,NA,TRUE,3673,3673,2277,"UCAM Murcia","UCAM Murcia","UCM",3675,2288,"Surne Bilbao Basket","Surne BB","SBB",1,92,12000,16,34,47,17,33,51,10,15,66,20,9,29,16,9,12,4,3,4,1,20,21,95,25,-1,0,13,0,92,87,3,1622,7,12,12,30,7,45,8
1889564,1,"Liga Nacional","Liga Endesa",-402534000,NA,"https://www.acb.com/Documentos/Cabeceras/logo-competicion-1b.png","https://www.acb.com/Documentos/Cabeceras/logo-competicion-4a.png",86,2021,107,NA,NA,5430,102890,NA,NA,FALSE,3678,3665,2269,"MoraBanc Andorra","MoraBanc And","MBA",3678,2282,"Gran Canaria","Gran Canaria","GCA",1,71,12000,4,20,20,20,44,45,19,27,70,23,13,36,13,5,13,3,1,6,0,25,26,60,-80,-1,13,0,0,71,87,5,264,1,4,9,28,10,27,13
1889563,1,"Liga Nacional","Liga Endesa",-402534000,NA,"https://www.acb.com/Documentos/Cabeceras/logo-competicion-1b.png","https://www.acb.com/Documentos/Cabeceras/logo-competicion-4a.png",86,2021,107,NA,NA,5430,102890,NA,NA,TRUE,3665,3665,2269,"MoraBanc Andorra","MoraBanc And","MBA",3678,2282,"Gran Canaria","Gran Canaria","GCA",1,87,12000,11,29,37,16,26,61,22,28,78,26,6,32,23,3,12,4,6,1,2,27,22,99,80,-1,0,13,0,87,71,3,2014,2,21,9,26,5,37,11
1889255,1,"Liga Nacional","Liga Endesa",-402534000,NA,"https://www.acb.com/Documentos/Cabeceras/logo-competicion-1b.png","https://www.acb.com/Documentos/Cabeceras/logo-competicion-4a.png",86,2021,107,NA,NA,5430,102892,NA,NA,TRUE,3677,3677,2365,"Urbas Fuenlabrada","Urbas Fuenla","URF",3681,2285,"Hereda San Pablo Burgos","Hereda SPB","BUR",1,91,12000,12,29,41,21,41,51,13,17,76,21,17,38,21,7,17,0,4,3,3,24,16,92,-25,-1,13,0,0,91,96,5,681,0,7,7,38,13,21,8
1889256,1,"Liga Nacional","Liga Endesa",-402534000,NA,"https://www.acb.com/Documentos/Cabeceras/logo-competicion-1b.png","https://www.acb.com/Documentos/Cabeceras/logo-competicion-4a.png",86,2021,107,NA,NA,5430,102892,NA,NA,FALSE,3681,3677,2365,"Urbas Fuenlabrada","Urbas Fuenla","URF",3681,2285,"Hereda San Pablo Burgos","Hereda SPB","BUR",1,96,12000,12,31,38,23,41,56,14,19,73,21,18,39,15,10,13,6,3,4,4,17,20,107,25,-1,0,13,0,96,91,3,1706,1,18,14,40,13,36,14
1889284,1,"Liga Nacional","Liga Endesa",-402534000,NA,"https://www.acb.com/Documentos/Cabeceras/logo-competicion-1b.png","https://www.acb.com/Documentos/Cabeceras/logo-competicion-4a.png",86,2021,107,NA,NA,5430,102911,NA,NA,FALSE,3682,3680,2284,"Lenovo Tenerife","Lenovo Tenerife","LNT",3682,2286,"Casademont Zaragoza","Casademont Zgz","CAZ",1,65,12000,5,24,20,17,30,56,16,21,76,20,10,30,6,4,17,6,1,3,2,20,23,52,-125,-1,13,0,0,65,90,4,0,0,0,4,26,9,35,6
1889283,1,"Liga Nacional","Liga Endesa",-402534000,NA,"https://www.acb.com/Documentos/Cabeceras/logo-competicion-1b.png","https://www.acb.com/Documentos/Cabeceras/logo-competicion-4a.png",86,2021,107,NA,NA,5430,102911,NA,NA,TRUE,3680,3680,2284,"Lenovo Tenerife","Lenovo Tenerife","LNT",3682,2286,"Casademont Zaragoza","Casademont Zgz","CAZ",1,90,12000,12,29,41,23,30,76,8,13,61,21,6,27,26,8,8,7,3,1,4,23,20,113,125,-1,0,13,0,90,65,2,2345,0,28,17,40,7,36,10
1888977,1,"Liga Nacional","Liga Endesa",-402534000,NA,"https://www.acb.com/Documentos/Cabeceras/logo-competicion-1b.png","https://www.acb.com/Documentos/Cabeceras/logo-competicion-4a.png",86,2021,107,NA,NA,5430,102912,NA,NA,FALSE,3670,3671,2275,"Unicaja","Unicaja","UNI",3670,2274,"Río Breogán","Río Breogán","BRE",1,64,12000,6,18,33,18,40,45,10,15,66,25,7,32,15,6,9,2,2,2,3,21,16,64,-40,-1,13,0,0,64,72,3,1491,4,15,10,34,7,10,11
1888976,1,"Liga Nacional","Liga Endesa",-402534000,NA,"https://www.acb.com/Documentos/Cabeceras/logo-competicion-1b.png","https://www.acb.com/Documentos/Cabeceras/logo-competicion-4a.png",86,2021,107,NA,NA,5430,102912,NA,NA,TRUE,3671,3671,2275,"Unicaja","Unicaja","UNI",3670,2274,"Río Breogán","Río Breogán","BRE",1,72,12000,10,30,33,16,33,48,10,12,83,29,10,39,11,4,10,7,2,2,1,17,21,81,40,-1,0,13,0,72,64,4,733,4,10,5,28,8,17,13
1889007,1,"Liga Nacional","Liga Endesa",-402534000,NA,"https://www.acb.com/Documentos/Cabeceras/logo-competicion-1b.png","https://www.acb.com/Documentos/Cabeceras/logo-competicion-4a.png",86,2021,107,NA,NA,5430,102913,NA,NA,FALSE,3668,3666,2270,"Joventut Badalona","Joventut","CJB",3668,2272,"BAXI Manresa","BAXI Manresa","BAX",1,61,12000,5,23,21,15,35,42,16,22,72,18,11,29,6,10,23,7,3,5,1,21,23,39,-220,-1,13,0,0,61,105,3,63,2,2,7,28,10,46,4
1889006,1,"Liga Nacional","Liga Endesa",-402534000,NA,"https://www.acb.com/Documentos/Cabeceras/logo-competicion-1b.png","https://www.acb.com/Documentos/Cabeceras/logo-competicion-4a.png",86,2021,107,NA,NA,5430,102913,NA,NA,TRUE,3666,3666,2270,"Joventut Badalona","Joventut","CJB",3668,2272,"BAXI Manresa","BAXI Manresa","BAX",1,105,12000,11,18,61,25,43,58,22,23,95,28,6,34,19,12,13,13,5,3,4,22,19,130,220,-1,0,12,0,105,61,2,2296,2,46,14,48,5,61,14
1891216,1,"Liga Nacional","Liga Endesa",-402534000,NA,"https://www.acb.com/Documentos/Cabeceras/logo-competicion-1b.png","https://www.acb.com/Documentos/Cabeceras/logo-competicion-4a.png",86,2021,107,NA,NA,5431,102878,NA,NA,FALSE,3680,3669,2289,"Baskonia","Baskonia","BKN",3680,2284,"Lenovo Tenerife","Lenovo Tenerife","LNT",1,71,12000,15,37,40,8,23,34,10,14,71,26,5,31,19,8,9,0,1,7,1,15,15,73,30,-1,0,13,0,71,65,4,1398,3,13,14,16,5,25,11
1891215,1,"Liga Nacional","Liga Endesa",-402534000,NA,"https://www.acb.com/Documentos/Cabeceras/logo-competicion-1b.png","https://www.acb.com/Documentos/Cabeceras/logo-competicion-4a.png",86,2021,107,NA,NA,5431,102878,NA,NA,TRUE,3669,3669,2289,"Baskonia","Baskonia","BKN",3680,2284,"Lenovo Tenerife","Lenovo Tenerife","LNT",1,65,12000,8,29,27,18,30,60,5,7,71,30,6,36,18,6,16,4,7,1,3,16,15,79,-30,-1,12,0,0,65,71,5,888,2,10,10,34,2,25,12
1891076,1,"Liga Nacional","Liga Endesa",-402534000,NA,"https://www.acb.com/Documentos/Cabeceras/logo-competicion-1b.png","https://www.acb.com/Documentos/Cabeceras/logo-competicion-4a.png",86,2021,107,NA,NA,5431,102879,NA,NA,FALSE,3674,3670,2274,"Río Breogán","Río Breogán","BRE",3674,2278,"Real Madrid","Real Madrid","RMB",1,79,12000,15,35,42,15,25,60,4,6,66,26,8,34,16,4,11,10,4,4,3,15,16,91,40,-1,0,13,0,79,71,2,1560,1,15,11,22,8,43,7
1891075,1,"Liga Nacional","Liga Endesa",-402534000,NA,"https://www.acb.com/Documentos/Cabeceras/logo-competicion-1b.png","https://www.acb.com/Documentos/Cabeceras/logo-competicion-4a.png",86,2021,107,NA,NA,5431,102879,NA,NA,TRUE,3670,3670,2274,"Río Breogán","Río Breogán","BRE",3674,2278,"Real Madrid","Real Madrid","RMB",1,71,12000,7,24,29,21,40,52,8,12,66,23,12,35,14,7,8,13,4,4,0,16,15,78,-40,-1,13,0,0,71,79,2,772,0,10,13,36,16,17,8
1890852,1,"Liga Nacional","Liga Endesa",-402534000,NA,"https://www.acb.com/Documentos/Cabeceras/logo-competicion-1b.png","https://www.acb.com/Documentos/Cabeceras/logo-competicion-4a.png",86,2021,107,NA,NA,5431,102880,NA,NA,FALSE,3679,3678,2282,"Gran Canaria","Gran Canaria","GCA",3679,2283,"Coosur Real Betis","Coosur Betis","BET",1,70,12000,10,27,37,11,22,50,18,25,72,16,7,23,16,9,18,4,0,5,2,26,23,57,-120,-1,13,0,0,70,94,2,371,0,7,7,20,2,42,7
1890851,1,"Liga Nacional","Liga Endesa",-402534000,NA,"https://www.acb.com/Documentos/Cabeceras/logo-competicion-1b.png","https://www.acb.com/Documentos/Cabeceras/logo-competicion-4a.png",86,2021,107,NA,NA,5431,102880,NA,NA,TRUE,3678,3678,2282,"Gran Canaria","Gran Canaria","GCA",3679,2283,"Coosur Real Betis","Coosur Betis","BET",1,94,12000,9,21,42,23,42,54,21,27,77,21,15,36,18,9,18,14,5,0,6,25,25,107,120,-1,0,13,0,94,70,1,1967,1,30,14,38,7,59,18
1890796,1,"Liga Nacional","Liga Endesa",-402534000,NA,"https://www.acb.com/Documentos/Cabeceras/logo-competicion-1b.png","https://www.acb.com/Documentos/Cabeceras/logo-competicion-4a.png",86,2021,107,NA,NA,5431,102881,NA,NA,FALSE,3677,3675,2288,"Surne Bilbao Basket","Surne BB","SBB",3677,2365,"Urbas Fuenlabrada","Urbas Fuenla","URF",1,80,12000,10,22,45,22,45,48,6,7,85,26,17,43,19,3,20,6,3,2,4,23,17,84,-25,-1,13,0,0,80,85,5,1476,5,13,8,40,3,28,9
1890795,1,"Liga Nacional","Liga Endesa",-402534000,NA,"https://www.acb.com/Documentos/Cabeceras/logo-competicion-1b.png","https://www.acb.com/Documentos/Cabeceras/logo-competicion-4a.png",86,2021,107,NA,NA,5431,102881,NA,NA,TRUE,3675,3675,2288,"Surne Bilbao Basket","Surne BB","SBB",3677,2365,"Urbas Fuenlabrada","Urbas Fuenla","URF",1,85,12000,10,26,38,20,46,43,15,19,78,17,17,34,13,10,11,7,2,3,2,18,23,89,25,-1,0,13,0,85,80,2,641,6,5,19,38,8,28,9
1890516,1,"Liga Nacional","Liga Endesa",-402534000,NA,"https://www.acb.com/Documentos/Cabeceras/logo-competicion-1b.png","https://www.acb.com/Documentos/Cabeceras/logo-competicion-4a.png",86,2021,107,NA,NA,5431,102882,NA,NA,TRUE,3681,3681,2285,"Hereda San Pablo Burgos","Hereda SPB","BUR",3667,2271,"Valencia Basket","Valencia Basket","VBC",1,65,12000,5,21,23,20,46,43,10,20,50,31,16,47,16,3,8,6,2,3,2,19,22,73,-20,-1,12,0,0,65,69,3,41,2,1,8,40,4,27,11
1890517,1,"Liga Nacional","Liga Endesa",-402534000,NA,"https://www.acb.com/Documentos/Cabeceras/logo-competicion-1b.png","https://www.acb.com/Documentos/Cabeceras/logo-competicion-4a.png",86,2021,107,NA,NA,5431,102882,NA,NA,FALSE,3667,3681,2285,"Hereda San Pablo Burgos","Hereda SPB","BUR",3667,2271,"Valencia Basket","Valencia Basket","VBC",1,69,12000,9,30,30,15,34,44,12,15,80,32,10,42,17,5,6,2,3,2,0,22,19,82,20,-1,0,13,0,69,65,4,2269,2,13,7,26,7,36,9
1890545,1,"Liga Nacional","Liga Endesa",-402534000,NA,"https://www.acb.com/Documentos/Cabeceras/logo-competicion-1b.png","https://www.acb.com/Documentos/Cabeceras/logo-competicion-4a.png",86,2021,107,NA,NA,5431,102883,NA,NA,TRUE,3668,3668,2272,"BAXI Manresa","BAXI Manresa","BAX",3671,2275,"Unicaja","Unicaja","UNI",1,85,12000,7,21,33,23,43,53,18,23,78,24,10,34,13,10,16,0,3,4,5,21,21,86,55,-1,0,13,0,85,74,3,2285,2,21,16,46,10,35,8
1890546,1,"Liga Nacional","Liga Endesa",-402534000,NA,"https://www.acb.com/Documentos/Cabeceras/logo-competicion-1b.png","https://www.acb.com/Documentos/Cabeceras/logo-competicion-4a.png",86,2021,107,NA,NA,5431,102883,NA,NA,FALSE,3671,3668,2272,"BAXI Manresa","BAXI Manresa","BAX",3671,2275,"Unicaja","Unicaja","UNI",1,74,12000,8,23,34,21,38,55,8,10,80,21,8,29,16,9,18,8,4,3,2,23,20,74,-55,-1,13,0,0,74,85,4,63,1,2,11,40,8,23,10
1890235,1,"Liga Nacional","Liga Endesa",-402534000,NA,"https://www.acb.com/Documentos/Cabeceras/logo-competicion-1b.png","https://www.acb.com/Documentos/Cabeceras/logo-competicion-4a.png",86,2021,107,NA,NA,5431,102884,NA,NA,FALSE,3673,3672,2276,"Monbus Obradoiro","Monbus Obra","MOB",3673,2277,"UCAM Murcia","UCAM Murcia","UCM",1,104,12000,14,29,48,25,43,58,12,13,92,27,9,36,13,10,10,8,2,2,2,20,19,118,170,-1,0,13,0,104,70,0,2311,2,36,18,46,9,51,8
1890234,1,"Liga Nacional","Liga Endesa",-402534000,NA,"https://www.acb.com/Documentos/Cabeceras/logo-competicion-1b.png","https://www.acb.com/Documentos/Cabeceras/logo-competicion-4a.png",86,2021,107,NA,NA,5431,102884,NA,NA,TRUE,3672,3672,2276,"Monbus Obradoiro","Monbus Obra","MOB",3673,2277,"UCAM Murcia","UCAM Murcia","UCM",1,70,12000,2,14,14,23,45,51,18,24,75,21,9,30,6,3,15,4,2,1,0,21,20,54,-170,-1,13,0,0,70,104,5,64,2,1,2,42,6,20,6
1890265,1,"Liga Nacional","Liga Endesa",-402534000,NA,"https://www.acb.com/Documentos/Cabeceras/logo-competicion-1b.png","https://www.acb.com/Documentos/Cabeceras/logo-competicion-4a.png",86,2021,107,NA,NA,5431,102885,NA,NA,FALSE,3665,3666,2270,"Joventut Badalona","Joventut","CJB",3665,2269,"MoraBanc Andorra","MoraBanc And","MBA",1,79,12000,13,19,68,14,40,35,12,16,75,22,11,33,16,7,17,6,5,4,1,27,21,77,30,-1,0,13,0,79,73,3,1285,9,9,5,20,9,30,7
1890264,1,"Liga Nacional","Liga Endesa",-402534000,NA,"https://www.acb.com/Documentos/Cabeceras/logo-competicion-1b.png","https://www.acb.com/Documentos/Cabeceras/logo-competicion-4a.png",86,2021,107,NA,NA,5431,102885,NA,NA,TRUE,3666,3666,2270,"Joventut Badalona","Joventut","CJB",3665,2269,"MoraBanc Andorra","MoraBanc And","MBA",1,73,12000,7,27,25,19,41,46,14,20,70,21,18,39,12,8,16,4,4,5,2,21,26,72,-30,-1,13,0,0,73,79,2,765,8,4,11,36,11,48,8
1888837,1,"Liga Nacional","Liga Endesa",-402534000,NA,"https://www.acb.com/Documentos/Cabeceras/logo-competicion-1b.png","https://www.acb.com/Documentos/Cabeceras/logo-competicion-4a.png",86,2021,107,NA,NA,5431,102877,NA,NA,FALSE,3682,3676,2280,"Barça","Barça","BAR",3682,2286,"Casademont Zaragoza","Casademont Zgz","CAZ",1,63,12000,4,16,25,22,40,55,7,9,77,22,7,29,10,8,11,4,2,1,1,19,16,65,-65,-1,13,0,0,63,76,2,10,1,2,4,32,7,36,8
1888836,1,"Liga Nacional","Liga Endesa",-402534000,NA,"https://www.acb.com/Documentos/Cabeceras/logo-competicion-1b.png","https://www.acb.com/Documentos/Cabeceras/logo-competicion-4a.png",86,2021,107,NA,NA,5431,102877,NA,NA,TRUE,3676,3676,2280,"Barça","Barça","BAR",3682,2286,"Casademont Zaragoza","Casademont Zgz","CAZ",1,76,12000,9,23,39,21,39,53,7,13,53,23,11,34,16,6,9,2,1,2,1,16,19,87,65,-1,0,13,0,76,63,2,2304,1,20,9,38,15,38,8
1892430,1,"Liga Nacional","Liga Endesa",-402534000,NA,"https://www.acb.com/Documentos/Cabeceras/logo-competicion-1b.png","https://www.acb.com/Documentos/Cabeceras/logo-competicion-4a.png",86,2021,107,NA,NA,5432,102906,NA,NA,FALSE,3669,3673,2277,"UCAM Murcia","UCAM Murcia","UCM",3669,2289,"Bitci Baskonia","Bitci Baskonia","BKN",1,79,12000,6,15,40,20,37,54,21,27,77,29,7,36,14,6,20,4,3,4,0,15,22,89,-5,-1,12,0,0,79,80,2,104,4,2,10,34,3,37,12
1892429,1,"Liga Nacional","Liga Endesa",-402534000,NA,"https://www.acb.com/Documentos/Cabeceras/logo-competicion-1b.png","https://www.acb.com/Documentos/Cabeceras/logo-competicion-4a.png",86,2021,107,NA,NA,5432,102906,NA,NA,TRUE,3673,3673,2277,"UCAM Murcia","UCAM Murcia","UCM",3669,2289,"Bitci Baskonia","Bitci Baskonia","BKN",1,80,12000,7,29,24,24,41,58,11,13,84,19,10,29,14,10,12,5,4,3,1,24,13,70,5,-1,0,13,0,80,79,4,2109,4,13,13,44,6,31,12
1892318,1,"Liga Nacional","Liga Endesa",-402534000,NA,"https://www.acb.com/Documentos/Cabeceras/logo-competicion-1b.png","https://www.acb.com/Documentos/Cabeceras/logo-competicion-4a.png",86,2021,107,NA,NA,5432,102907,NA,NA,FALSE,3676,3671,2275,"Unicaja","Unicaja","UNI",3676,2280,"Barça","Barça","BAR",1,75,12000,4,20,20,26,41,63,11,14,78,28,8,36,15,4,18,2,3,3,1,23,20,75,10,-1,0,13,0,75,73,5,2371,1,13,5,38,6,49,9
1892317,1,"Liga Nacional","Liga Endesa",-402534000,NA,"https://www.acb.com/Documentos/Cabeceras/logo-competicion-1b.png","https://www.acb.com/Documentos/Cabeceras/logo-competicion-4a.png",86,2021,107,NA,NA,5432,102907,NA,NA,TRUE,3671,3671,2275,"Unicaja","Unicaja","UNI",3676,2280,"Barça","Barça","BAR",1,73,12000,5,21,23,22,45,48,14,17,82,20,10,30,12,13,12,10,3,3,1,23,21,72,-10,-1,13,0,0,73,75,5,17,1,1,8,40,8,25,10
1892182,1,"Liga Nacional","Liga Endesa",-402534000,NA,"https://www.acb.com/Documentos/Cabeceras/logo-competicion-1b.png","https://www.acb.com/Documentos/Cabeceras/logo-competicion-4a.png",86,2021,107,NA,NA,5432,102908,NA,NA,TRUE,3675,3675,2288,"Surne Bilbao Basket","Surne BB","SBB",3681,2285,"Hereda San Pablo Burgos","Hereda SPB","BUR",1,87,12000,13,27,48,16,30,53,16,22,72,23,6,29,16,9,12,9,1,0,1,20,20,96,30,-1,0,13,0,87,81,4,1884,4,9,14,30,8,36,6
1892183,1,"Liga Nacional","Liga Endesa",-402534000,NA,"https://www.acb.com/Documentos/Cabeceras/logo-competicion-1b.png","https://www.acb.com/Documentos/Cabeceras/logo-competicion-4a.png",86,2021,107,NA,NA,5432,102908,NA,NA,FALSE,3681,3675,2288,"Surne Bilbao Basket","Surne BB","SBB",3681,2285,"Hereda San Pablo Burgos","Hereda SPB","BUR",1,81,12000,12,26,46,18,38,47,9,12,75,24,8,32,11,5,12,3,0,1,2,20,19,78,-30,-1,12,0,0,81,87,4,351,4,5,9,28,8,33,11
1891931,1,"Liga Nacional","Liga Endesa",-402534000,NA,"https://www.acb.com/Documentos/Cabeceras/logo-competicion-1b.png","https://www.acb.com/Documentos/Cabeceras/logo-competicion-4a.png",86,2021,107,NA,NA,5432,102894,NA,NA,FALSE,3678,3674,2278,"Real Madrid","Real Madrid","RMB",3678,2282,"Gran Canaria","Gran Canaria","GCA",1,75,12000,9,24,37,20,39,51,8,14,57,23,10,33,16,11,15,6,3,2,2,21,17,77,25,-1,0,13,0,75,70,4,679,6,10,13,32,17,38,7
1891930,1,"Liga Nacional","Liga Endesa",-402534000,NA,"https://www.acb.com/Documentos/Cabeceras/logo-competicion-1b.png","https://www.acb.com/Documentos/Cabeceras/logo-competicion-4a.png",86,2021,107,NA,NA,5432,102894,NA,NA,TRUE,3674,3674,2278,"Real Madrid","Real Madrid","RMB",3678,2282,"Gran Canaria","Gran Canaria","GCA",1,70,12000,9,29,31,14,28,50,15,19,78,24,10,34,20,8,18,2,2,3,7,18,20,77,-25,-1,13,0,0,70,75,4,1475,5,12,9,22,7,27,11
1891902,1,"Liga Nacional","Liga Endesa",-402534000,NA,"https://www.acb.com/Documentos/Cabeceras/logo-competicion-1b.png","https://www.acb.com/Documentos/Cabeceras/logo-competicion-4a.png",86,2021,107,NA,NA,5432,102909,NA,NA,TRUE,3677,3677,2365,"Urbas Fuenlabrada","Urbas Fuenla","URF",3668,2272,"BAXI Manresa","BAXI Manresa","BAX",1,90,12000,15,40,37,20,37,54,5,7,71,27,15,42,26,9,10,8,4,2,2,19,15,111,40,-1,0,13,0,90,82,2,2048,1,15,11,34,17,15,13
1891903,1,"Liga Nacional","Liga Endesa",-402534000,NA,"https://www.acb.com/Documentos/Cabeceras/logo-competicion-1b.png","https://www.acb.com/Documentos/Cabeceras/logo-competicion-4a.png",86,2021,107,NA,NA,5432,102909,NA,NA,FALSE,3668,3677,2365,"Urbas Fuenlabrada","Urbas Fuenla","URF",3668,2272,"BAXI Manresa","BAXI Manresa","BAX",1,82,12000,9,33,27,21,38,55,13,16,81,25,16,41,15,4,12,10,2,4,5,15,19,88,-40,-1,13,0,0,82,90,5,162,1,5,7,36,14,33,10
1891633,1,"Liga Nacional","Liga Endesa",-402534000,NA,"https://www.acb.com/Documentos/Cabeceras/logo-competicion-1b.png","https://www.acb.com/Documentos/Cabeceras/logo-competicion-4a.png",86,2021,107,NA,NA,5432,102893,NA,NA,FALSE,3666,3680,2284,"Lenovo Tenerife","Lenovo Tenerife","LNT",3666,2270,"Joventut Badalona","Joventut","CJB",1,79,12000,10,22,45,18,38,47,13,18,72,22,14,36,16,10,11,10,2,3,0,21,19,90,35,-1,0,12,0,79,72,4,1598,4,12,10,32,10,33,15
1891632,1,"Liga Nacional","Liga Endesa",-402534000,NA,"https://www.acb.com/Documentos/Cabeceras/logo-competicion-1b.png","https://www.acb.com/Documentos/Cabeceras/logo-competicion-4a.png",86,2021,107,NA,NA,5432,102893,NA,NA,TRUE,3680,3680,2284,"Lenovo Tenerife","Lenovo Tenerife","LNT",3666,2270,"Joventut Badalona","Joventut","CJB",1,72,12000,9,28,32,16,28,57,13,16,81,20,11,31,18,6,13,2,4,2,2,20,20,82,-35,-1,13,0,0,72,79,3,494,4,4,6,24,7,43,7
1891659,1,"Liga Nacional","Liga Endesa",-402534000,NA,"https://www.acb.com/Documentos/Cabeceras/logo-competicion-1b.png","https://www.acb.com/Documentos/Cabeceras/logo-competicion-4a.png",86,2021,107,NA,NA,5432,102910,NA,NA,TRUE,3665,3665,2269,"MoraBanc Andorra","MoraBanc And","MBA",3667,2271,"Valencia Basket","Valencia Basket","VBC",1,75,12000,9,30,30,20,30,66,8,11,72,23,9,32,12,9,16,4,5,1,6,20,15,77,-5,-1,13,0,0,75,76,4,226,4,4,7,32,5,28,11
1891660,1,"Liga Nacional","Liga Endesa",-402534000,NA,"https://www.acb.com/Documentos/Cabeceras/logo-competicion-1b.png","https://www.acb.com/Documentos/Cabeceras/logo-competicion-4a.png",86,2021,107,NA,NA,5432,102910,NA,NA,FALSE,3667,3665,2269,"MoraBanc Andorra","MoraBanc And","MBA",3667,2271,"Valencia Basket","Valencia Basket","VBC",1,76,12000,7,20,35,22,44,50,11,15,73,22,13,35,10,12,16,2,1,5,1,17,20,77,5,-1,0,12,0,76,75,4,1950,4,11,12,36,15,17,14
1891381,1,"Liga Nacional","Liga Endesa",-402534000,NA,"https://www.acb.com/Documentos/Cabeceras/logo-competicion-1b.png","https://www.acb.com/Documentos/Cabeceras/logo-competicion-4a.png",86,2021,107,NA,NA,5432,102876,NA,NA,FALSE,3670,3682,2286,"Casademont Zaragoza","Casademont Zgz","CAZ",3670,2274,"Río Breogán","Río Breogán","BRE",1,75,12000,9,28,32,21,47,44,6,7,85,27,12,39,14,8,11,7,4,6,0,17,17,77,-20,-1,13,0,0,75,79,4,260,4,3,5,40,14,24,10
1891380,1,"Liga Nacional","Liga Endesa",-402534000,NA,"https://www.acb.com/Documentos/Cabeceras/logo-competicion-1b.png","https://www.acb.com/Documentos/Cabeceras/logo-competicion-4a.png",86,2021,107,NA,NA,5432,102876,NA,NA,TRUE,3682,3682,2286,"Casademont Zaragoza","Casademont Zgz","CAZ",3670,2274,"Río Breogán","Río Breogán","BRE",1,79,12000,10,23,43,21,43,48,7,12,58,31,9,40,22,3,11,8,6,4,7,17,17,95,20,-1,0,13,0,79,75,2,2013,4,16,13,38,9,16,10
1891350,1,"Liga Nacional","Liga Endesa",-402534000,NA,"https://www.acb.com/Documentos/Cabeceras/logo-competicion-1b.png","https://www.acb.com/Documentos/Cabeceras/logo-competicion-4a.png",86,2021,107,NA,NA,5432,102891,NA,NA,TRUE,3679,3679,2283,"Coosur Real Betis","Coosur Betis","BET",3672,2276,"Monbus Obradoiro","Monbus Obra","MOB",1,76,12000,6,19,31,23,44,52,12,16,75,24,13,37,10,9,16,4,5,2,0,20,24,85,-55,-1,13,0,0,76,87,4,1005,6,6,8,38,15,30,7
1891351,1,"Liga Nacional","Liga Endesa",-402534000,NA,"https://www.acb.com/Documentos/Cabeceras/logo-competicion-1b.png","https://www.acb.com/Documentos/Cabeceras/logo-competicion-4a.png",86,2021,107,NA,NA,5432,102891,NA,NA,FALSE,3672,3679,2283,"Coosur Real Betis","Coosur Betis","BET",3672,2276,"Monbus Obradoiro","Monbus Obra","MOB",1,87,12000,13,27,48,16,34,47,16,22,72,23,11,34,17,7,13,4,2,5,0,24,20,87,55,-1,0,13,0,87,76,3,1115,7,11,17,30,11,34,11
1893701,1,"Liga Nacional","Liga Endesa",-402534000,NA,"https://www.acb.com/Documentos/Cabeceras/logo-competicion-1b.png","https://www.acb.com/Documentos/Cabeceras/logo-competicion-4a.png",86,2021,107,NA,NA,5434,102897,NA,NA,TRUE,3668,3668,2272,"BAXI Manresa","BAXI Manresa","BAX",3675,2288,"Surne Bilbao Basket","Surne BB","SBB",1,87,12000,14,37,37,15,42,35,15,19,78,23,14,37,20,9,6,13,3,3,4,20,17,90,40,-1,0,13,0,87,79,3,2009,4,15,23,26,11,37,9
1893702,1,"Liga Nacional","Liga Endesa",-402534000,NA,"https://www.acb.com/Documentos/Cabeceras/logo-competicion-1b.png","https://www.acb.com/Documentos/Cabeceras/logo-competicion-4a.png",86,2021,107,NA,NA,5434,102897,NA,NA,FALSE,3675,3668,2272,"BAXI Manresa","BAXI Manresa","BAX",3675,2288,"Surne Bilbao Basket","Surne BB","SBB",1,79,12000,7,21,33,21,37,56,16,21,76,36,8,44,13,2,20,2,3,3,1,19,20,84,-40,-1,13,0,0,79,87,5,211,4,1,2,34,8,34,8
1893539,1,"Liga Nacional","Liga Endesa",-402534000,NA,"https://www.acb.com/Documentos/Cabeceras/logo-competicion-1b.png","https://www.acb.com/Documentos/Cabeceras/logo-competicion-4a.png",86,2021,107,NA,NA,5434,102898,NA,NA,FALSE,3674,3669,2289,"Bitci Baskonia","Bitci Baskonia","BKN",3674,2278,"Real Madrid","Real Madrid","RMB",1,83,12000,11,33,33,20,35,57,10,12,83,25,20,45,20,4,15,4,3,3,8,22,18,94,90,-1,0,13,0,83,65,0,1962,2,27,6,32,19,43,13
1893538,1,"Liga Nacional","Liga Endesa",-402534000,NA,"https://www.acb.com/Documentos/Cabeceras/logo-competicion-1b.png","https://www.acb.com/Documentos/Cabeceras/logo-competicion-4a.png",86,2021,107,NA,NA,5434,102898,NA,NA,TRUE,3669,3669,2289,"Bitci Baskonia","Bitci Baskonia","BKN",3674,2278,"Real Madrid","Real Madrid","RMB",1,65,12000,9,20,45,11,30,36,16,20,80,18,6,24,10,5,13,3,3,3,1,20,20,57,-90,-1,12,0,0,65,83,3,273,1,3,7,18,7,25,9
1893427,1,"Liga Nacional","Liga Endesa",-402534000,NA,"https://www.acb.com/Documentos/Cabeceras/logo-competicion-1b.png","https://www.acb.com/Documentos/Cabeceras/logo-competicion-4a.png",86,2021,107,NA,NA,5434,102899,NA,NA,FALSE,3673,3670,2274,"Río Breogán","Río Breogán","BRE",3673,2277,"UCAM Murcia","UCAM Murcia","UCM",1,89,12000,9,29,31,21,35,60,20,28,71,20,8,28,20,10,17,8,6,2,5,30,25,87,-25,-1,13,0,0,89,94,5,161,6,2,10,40,9,37,11
1893426,1,"Liga Nacional","Liga Endesa",-402534000,NA,"https://www.acb.com/Documentos/Cabeceras/logo-competicion-1b.png","https://www.acb.com/Documentos/Cabeceras/logo-competicion-4a.png",86,2021,107,NA,NA,5434,102899,NA,NA,TRUE,3670,3670,2274,"Río Breogán","Río Breogán","BRE",3673,2277,"UCAM Murcia","UCAM Murcia","UCM",1,94,12000,4,12,33,29,49,59,24,37,64,30,10,40,16,10,21,10,2,6,1,25,27,96,25,-1,0,13,0,94,89,3,2146,6,10,10,52,0,21,10
1893175,1,"Liga Nacional","Liga Endesa",-402534000,NA,"https://www.acb.com/Documentos/Cabeceras/logo-competicion-1b.png","https://www.acb.com/Documentos/Cabeceras/logo-competicion-4a.png",86,2021,107,NA,NA,5434,102900,NA,NA,FALSE,3679,3667,2271,"Valencia Basket","Valencia Basket","VBC",3679,2283,"Coosur Real Betis","Coosur Betis","BET",1,84,12000,14,30,46,13,28,46,16,18,88,20,9,29,15,11,18,8,2,0,0,22,16,84,15,-1,0,13,0,84,81,3,1007,7,9,19,24,5,26,8
1893174,1,"Liga Nacional","Liga Endesa",-402534000,NA,"https://www.acb.com/Documentos/Cabeceras/logo-competicion-1b.png","https://www.acb.com/Documentos/Cabeceras/logo-competicion-4a.png",86,2021,107,NA,NA,5434,102900,NA,NA,TRUE,3667,3667,2271,"Valencia Basket","Valencia Basket","VBC",3679,2283,"Coosur Real Betis","Coosur Betis","BET",1,81,12000,2,20,10,26,40,65,23,25,92,23,8,31,17,15,16,18,0,2,3,16,22,98,-15,-1,13,0,0,81,84,4,1232,6,9,14,44,4,40,7
1893145,1,"Liga Nacional","Liga Endesa",-402534000,NA,"https://www.acb.com/Documentos/Cabeceras/logo-competicion-1b.png","https://www.acb.com/Documentos/Cabeceras/logo-competicion-4a.png",86,2021,107,NA,NA,5434,102901,NA,NA,FALSE,3677,3676,2280,"Barça","Barça","BAR",3677,2365,"Urbas Fuenlabrada","Urbas Fuenla","URF",1,69,12000,8,27,29,20,43,46,5,8,62,21,10,31,17,7,7,6,4,3,4,21,16,68,-50,-1,13,0,0,69,79,2,652,7,6,4,38,10,21,9
1893144,1,"Liga Nacional","Liga Endesa",-402534000,NA,"https://www.acb.com/Documentos/Cabeceras/logo-competicion-1b.png","https://www.acb.com/Documentos/Cabeceras/logo-competicion-4a.png",86,2021,107,NA,NA,5434,102901,NA,NA,TRUE,3676,3676,2280,"Barça","Barça","BAR",3677,2365,"Urbas Fuenlabrada","Urbas Fuenla","URF",1,79,12000,9,23,39,20,33,60,12,16,75,31,5,36,14,4,14,2,3,4,0,17,21,91,50,-1,0,13,0,79,69,3,1524,7,19,0,32,4,41,10
1892901,1,"Liga Nacional","Liga Endesa",-402534000,NA,"https://www.acb.com/Documentos/Cabeceras/logo-competicion-1b.png","https://www.acb.com/Documentos/Cabeceras/logo-competicion-4a.png",86,2021,107,NA,NA,5434,102902,NA,NA,TRUE,3666,3666,2270,"Joventut Badalona","Joventut","CJB",3681,2285,"Hereda San Pablo Burgos","Hereda SPB","BUR",1,82,12000,9,20,45,22,46,47,11,12,91,24,10,34,12,12,8,0,5,3,0,19,19,98,85,-1,0,13,0,82,65,2,1972,4,17,14,40,8,28,9
1892902,1,"Liga Nacional","Liga Endesa",-402534000,NA,"https://www.acb.com/Documentos/Cabeceras/logo-competicion-1b.png","https://www.acb.com/Documentos/Cabeceras/logo-competicion-4a.png",86,2021,107,NA,NA,5434,102902,NA,NA,FALSE,3681,3666,2270,"Joventut Badalona","Joventut","CJB",3681,2285,"Hereda San Pablo Burgos","Hereda SPB","BUR",1,65,13181,9,28,32,14,38,36,10,13,76,24,18,42,9,3,17,0,3,5,0,20,19,53,-88,-1,12,0,0,65,82,3,238,3,4,3,22,18,40,8
1892875,1,"Liga Nacional","Liga Endesa",-402534000,NA,"https://www.acb.com/Documentos/Cabeceras/logo-competicion-1b.png","https://www.acb.com/Documentos/Cabeceras/logo-competicion-4a.png",86,2021,107,NA,NA,5434,102903,NA,NA,FALSE,3682,3678,2282,"Gran Canaria","Gran Canaria","GCA",3682,2286,"Casademont Zaragoza","Casademont Zgz","CAZ",1,76,12000,9,24,37,18,33,54,13,20,65,19,14,33,13,4,19,0,2,3,3,19,21,71,-15,-1,12,0,0,76,79,4,0,0,0,12,30,7,21,14
1892874,1,"Liga Nacional","Liga Endesa",-402534000,NA,"https://www.acb.com/Documentos/Cabeceras/logo-competicion-1b.png","https://www.acb.com/Documentos/Cabeceras/logo-competicion-4a.png",86,2021,107,NA,NA,5434,102903,NA,NA,TRUE,3678,3678,2282,"Gran Canaria","Gran Canaria","GCA",3682,2286,"Casademont Zaragoza","Casademont Zgz","CAZ",1,79,12000,11,25,44,15,29,51,16,20,80,16,8,24,15,12,15,2,3,2,3,21,18,81,15,-1,0,13,0,79,76,1,2369,0,17,13,28,6,33,7
1892622,1,"Liga Nacional","Liga Endesa",-402534000,NA,"https://www.acb.com/Documentos/Cabeceras/logo-competicion-1b.png","https://www.acb.com/Documentos/Cabeceras/logo-competicion-4a.png",86,2021,107,NA,NA,5434,102904,NA,NA,TRUE,3665,3665,2269,"MoraBanc Andorra","MoraBanc And","MBA",3671,2275,"Unicaja","Unicaja","UNI",1,83,12000,10,25,40,19,34,55,15,18,83,33,8,41,14,6,13,6,4,4,1,18,19,99,45,-1,0,13,0,83,74,2,2066,3,16,12,28,4,24,19
1892623,1,"Liga Nacional","Liga Endesa",-402534000,NA,"https://www.acb.com/Documentos/Cabeceras/logo-competicion-1b.png","https://www.acb.com/Documentos/Cabeceras/logo-competicion-4a.png",86,2021,107,NA,NA,5434,102904,NA,NA,FALSE,3671,3665,2269,"MoraBanc Andorra","MoraBanc And","MBA",3671,2275,"Unicaja","Unicaja","UNI",1,74,12000,9,23,39,19,39,48,9,12,75,23,4,27,14,9,11,6,4,4,1,20,18,74,-45,-1,13,0,0,74,83,3,200,3,3,8,32,8,30,8
1892595,1,"Liga Nacional","Liga Endesa",-402534000,NA,"https://www.acb.com/Documentos/Cabeceras/logo-competicion-1b.png","https://www.acb.com/Documentos/Cabeceras/logo-competicion-4a.png",86,2021,107,NA,NA,5434,102905,NA,NA,FALSE,3680,3672,2276,"Monbus Obradoiro","Monbus Obra","MOB",3680,2284,"Lenovo Tenerife","Lenovo Tenerife","LNT",1,84,12000,5,15,33,26,45,57,17,19,89,24,9,33,15,8,15,6,3,3,2,18,22,98,15,-1,0,13,0,84,81,4,209,2,4,2,38,6,34,12
1892594,1,"Liga Nacional","Liga Endesa",-402534000,NA,"https://www.acb.com/Documentos/Cabeceras/logo-competicion-1b.png","https://www.acb.com/Documentos/Cabeceras/logo-competicion-4a.png",86,2021,107,NA,NA,5434,102905,NA,NA,TRUE,3672,3672,2276,"Monbus Obradoiro","Monbus Obra","MOB",3680,2284,"Lenovo Tenerife","Lenovo Tenerife","LNT",1,81,12000,11,23,47,18,38,47,12,16,75,21,9,30,16,9,13,4,3,3,4,23,18,82,-15,-1,13,0,0,81,84,4,2076,1,16,10,34,7,21,8
1894962,1,"Liga Nacional","Liga Endesa",-402534000,NA,"https://www.acb.com/Documentos/Cabeceras/logo-competicion-1b.png","https://www.acb.com/Documentos/Cabeceras/logo-competicion-4a.png",86,2021,107,NA,NA,5441,103003,NA,NA,FALSE,3675,3674,2278,"Real Madrid","Real Madrid","RMB",3675,2288,"Surne Bilbao Basket","Surne BB","SBB",1,61,12000,3,20,15,22,46,47,8,11,72,31,10,41,11,2,13,4,2,3,2,17,16,56,-170,-1,13,0,0,61,95,2,147,0,6,4,36,7,20,9
1894961,1,"Liga Nacional","Liga Endesa",-402534000,NA,"https://www.acb.com/Documentos/Cabeceras/logo-competicion-1b.png","https://www.acb.com/Documentos/Cabeceras/logo-competicion-4a.png",86,2021,107,NA,NA,5441,103003,NA,NA,TRUE,3674,3674,2278,"Real Madrid","Real Madrid","RMB",3675,2288,"Surne Bilbao Basket","Surne BB","SBB",1,95,12000,15,31,48,21,42,50,8,12,66,31,7,38,21,8,5,4,3,2,3,16,17,118,170,-1,0,13,0,95,61,0,2214,1,36,15,36,6,39,11
1894820,1,"Liga Nacional","Liga Endesa",-402534000,NA,"https://www.acb.com/Documentos/Cabeceras/logo-competicion-1b.png","https://www.acb.com/Documentos/Cabeceras/logo-competicion-4a.png",86,2021,107,NA,NA,5441,103004,NA,NA,FALSE,3671,3669,2289,"Bitci Baskonia","Bitci Baskonia","BKN",3671,2275,"Unicaja","Unicaja","UNI",1,89,12000,14,27,51,16,30,53,15,19,78,24,9,33,20,4,16,6,1,1,0,28,21,92,-15,-1,13,0,0,89,92,4,1674,1,15,6,24,2,19,9
1894819,1,"Liga Nacional","Liga Endesa",-402534000,NA,"https://www.acb.com/Documentos/Cabeceras/logo-competicion-1b.png","https://www.acb.com/Documentos/Cabeceras/logo-competicion-4a.png",86,2021,107,NA,NA,5441,103004,NA,NA,TRUE,3669,3669,2289,"Bitci Baskonia","Bitci Baskonia","BKN",3671,2275,"Unicaja","Unicaja","UNI",1,92,12000,16,36,44,13,29,44,18,24,75,19,12,31,18,6,10,6,1,1,0,21,28,102,15,-1,0,13,0,92,89,5,482,1,8,14,24,12,14,10
1894678,1,"Liga Nacional","Liga Endesa",-402534000,NA,"https://www.acb.com/Documentos/Cabeceras/logo-competicion-1b.png","https://www.acb.com/Documentos/Cabeceras/logo-competicion-4a.png",86,2021,107,NA,NA,5441,103005,NA,NA,FALSE,3679,3682,2286,"Casademont Zaragoza","Casademont Zgz","CAZ",3679,2283,"Coosur Real Betis","Coosur Betis","BET",1,72,12000,9,32,28,17,28,60,11,16,68,19,9,28,16,7,13,2,5,1,2,15,16,76,-50,-1,13,0,0,72,82,5,79,1,2,7,26,2,32,6
1894677,1,"Liga Nacional","Liga Endesa",-402534000,NA,"https://www.acb.com/Documentos/Cabeceras/logo-competicion-1b.png","https://www.acb.com/Documentos/Cabeceras/logo-competicion-4a.png",86,2021,107,NA,NA,5441,103005,NA,NA,TRUE,3682,3682,2286,"Casademont Zaragoza","Casademont Zgz","CAZ",3679,2283,"Coosur Real Betis","Coosur Betis","BET",1,82,12000,10,20,50,21,39,53,10,15,66,25,11,36,12,9,13,8,1,5,0,16,15,88,50,-1,0,13,0,82,72,3,2247,2,17,8,40,13,36,13
1894451,1,"Liga Nacional","Liga Endesa",-402534000,NA,"https://www.acb.com/Documentos/Cabeceras/logo-competicion-1b.png","https://www.acb.com/Documentos/Cabeceras/logo-competicion-4a.png",86,2021,107,NA,NA,5441,102952,NA,NA,TRUE,3680,3680,2284,"Lenovo Tenerife","Lenovo Tenerife","LNT",3665,2269,"MoraBanc Andorra","MoraBanc And","MBA",1,79,12000,10,32,31,21,36,58,7,10,70,26,11,37,17,6,13,0,1,2,3,20,16,81,45,-1,0,13,0,79,70,2,2317,0,20,7,36,15,35,10
1894452,1,"Liga Nacional","Liga Endesa",-402534000,NA,"https://www.acb.com/Documentos/Cabeceras/logo-competicion-1b.png","https://www.acb.com/Documentos/Cabeceras/logo-competicion-4a.png",86,2021,107,NA,NA,5441,102952,NA,NA,FALSE,3665,3680,2284,"Lenovo Tenerife","Lenovo Tenerife","LNT",3665,2269,"MoraBanc Andorra","MoraBanc And","MBA",1,70,12000,6,22,27,18,36,50,16,18,88,24,7,31,9,8,14,8,2,1,1,17,18,70,-45,-1,13,0,0,70,79,3,0,0,0,13,30,9,48,8
1894394,1,"Liga Nacional","Liga Endesa",-402534000,NA,"https://www.acb.com/Documentos/Cabeceras/logo-competicion-1b.png","https://www.acb.com/Documentos/Cabeceras/logo-competicion-4a.png",86,2021,107,NA,NA,5441,103017,NA,NA,FALSE,3676,3672,2276,"Monbus Obradoiro","Monbus Obra","MOB",3676,2280,"Barça","Barça","BAR",1,79,12000,8,20,40,21,43,48,13,22,59,32,9,41,15,7,8,11,4,1,2,23,25,96,75,-1,0,13,0,79,64,1,2330,0,18,13,38,8,26,10
1894393,1,"Liga Nacional","Liga Endesa",-402534000,NA,"https://www.acb.com/Documentos/Cabeceras/logo-competicion-1b.png","https://www.acb.com/Documentos/Cabeceras/logo-competicion-4a.png",86,2021,107,NA,NA,5441,103017,NA,NA,TRUE,3672,3672,2276,"Monbus Obradoiro","Monbus Obra","MOB",3676,2280,"Barça","Barça","BAR",1,64,12000,5,24,20,17,35,48,15,21,71,27,10,37,13,4,13,5,1,4,1,26,22,55,-75,-1,13,0,0,64,79,2,0,0,0,9,26,8,9,5
1894122,1,"Liga Nacional","Liga Endesa",-402534000,NA,"https://www.acb.com/Documentos/Cabeceras/logo-competicion-1b.png","https://www.acb.com/Documentos/Cabeceras/logo-competicion-4a.png",86,2021,107,NA,NA,5441,102940,NA,NA,FALSE,3668,3681,2285,"Hereda San Pablo Burgos","Hereda SPB","BUR",3668,2272,"BAXI Manresa","BAXI Manresa","BAX",1,90,12000,9,22,40,24,40,60,15,25,60,21,13,34,17,7,14,5,3,2,5,22,24,98,40,-1,0,13,0,90,82,2,2398,0,17,12,42,11,28,10
1894121,1,"Liga Nacional","Liga Endesa",-402534000,NA,"https://www.acb.com/Documentos/Cabeceras/logo-competicion-1b.png","https://www.acb.com/Documentos/Cabeceras/logo-competicion-4a.png",86,2021,107,NA,NA,5441,102940,NA,NA,TRUE,3681,3681,2285,"Hereda San Pablo Burgos","Hereda SPB","BUR",3668,2272,"BAXI Manresa","BAXI Manresa","BAX",1,82,12000,13,36,36,13,30,43,17,23,73,20,17,37,21,6,16,2,2,2,1,26,21,79,-40,-1,11,0,0,82,90,5,0,0,0,12,26,8,31,6
1894150,1,"Liga Nacional","Liga Endesa",-402534000,NA,"https://www.acb.com/Documentos/Cabeceras/logo-competicion-1b.png","https://www.acb.com/Documentos/Cabeceras/logo-competicion-4a.png",86,2021,107,NA,NA,5441,102951,NA,NA,FALSE,3666,3667,2271,"Valencia Basket","Valencia Basket","VBC",3666,2270,"Joventut Badalona","Joventut","CJB",1,70,12000,5,15,33,21,45,46,13,15,86,23,9,32,14,9,14,4,5,5,3,24,18,69,-5,-1,13,0,0,70,71,2,1823,3,9,11,42,8,18,5
1894149,1,"Liga Nacional","Liga Endesa",-402534000,NA,"https://www.acb.com/Documentos/Cabeceras/logo-competicion-1b.png","https://www.acb.com/Documentos/Cabeceras/logo-competicion-4a.png",86,2021,107,NA,NA,5441,102951,NA,NA,TRUE,3667,3667,2271,"Valencia Basket","Valencia Basket","VBC",3666,2270,"Joventut Badalona","Joventut","CJB",1,71,12000,8,26,30,17,36,47,13,16,81,25,13,38,12,4,19,10,5,5,1,20,24,70,5,-1,0,13,0,71,70,3,196,4,5,2,34,11,17,6
1893870,1,"Liga Nacional","Liga Endesa",-402534000,NA,"https://www.acb.com/Documentos/Cabeceras/logo-competicion-1b.png","https://www.acb.com/Documentos/Cabeceras/logo-competicion-4a.png",86,2021,107,NA,NA,5441,102895,NA,NA,FALSE,3677,3673,2277,"UCAM Murcia","UCAM Murcia","UCM",3677,2365,"Urbas Fuenlabrada","Urbas Fuenla","URF",1,76,12000,9,29,31,19,36,52,11,17,64,21,11,32,10,7,15,7,0,3,5,20,20,64,-115,-1,13,0,0,76,99,3,78,2,3,5,32,13,30,12
1893869,1,"Liga Nacional","Liga Endesa",-402534000,NA,"https://www.acb.com/Documentos/Cabeceras/logo-competicion-1b.png","https://www.acb.com/Documentos/Cabeceras/logo-competicion-4a.png",86,2021,107,NA,NA,5441,102895,NA,NA,TRUE,3673,3673,2277,"UCAM Murcia","UCAM Murcia","UCM",3677,2365,"Urbas Fuenlabrada","Urbas Fuenla","URF",1,99,12000,7,24,29,29,47,61,20,22,90,27,14,41,26,8,11,10,3,0,4,20,20,129,115,-1,0,13,0,99,76,2,2113,2,36,12,56,8,50,21
1893842,1,"Liga Nacional","Liga Endesa",-402534000,NA,"https://www.acb.com/Documentos/Cabeceras/logo-competicion-1b.png","https://www.acb.com/Documentos/Cabeceras/logo-competicion-4a.png",86,2021,107,NA,NA,5441,102896,NA,NA,FALSE,3678,3670,2274,"Río Breogán","Río Breogán","BRE",3678,2282,"Gran Canaria","Gran Canaria","GCA",1,66,12000,7,27,25,15,37,40,15,20,75,26,15,41,15,6,15,8,5,4,5,21,19,65,-50,-1,13,0,0,66,76,3,1141,5,11,7,22,11,22,8
1893841,1,"Liga Nacional","Liga Endesa",-402534000,NA,"https://www.acb.com/Documentos/Cabeceras/logo-competicion-1b.png","https://www.acb.com/Documentos/Cabeceras/logo-competicion-4a.png",86,2021,107,NA,NA,5441,102896,NA,NA,TRUE,3670,3670,2274,"Río Breogán","Río Breogán","BRE",3678,2282,"Gran Canaria","Gran Canaria","GCA",1,76,12000,10,21,47,16,39,41,14,21,66,28,9,37,18,10,12,7,5,5,2,19,21,90,50,-1,0,13,0,76,66,4,933,6,11,5,24,4,38,13
1896204,1,"Liga Nacional","Liga Endesa",-402534000,NA,"https://www.acb.com/Documentos/Cabeceras/logo-competicion-1b.png","https://www.acb.com/Documentos/Cabeceras/logo-competicion-4a.png",86,2021,107,NA,NA,5435,102996,NA,NA,TRUE,3668,3668,2272,"BAXI Manresa","BAXI Manresa","BAX",3670,2274,"Río Breogán","Río Breogán","BRE",1,86,12000,6,20,30,22,37,59,24,29,82,24,10,34,26,6,13,2,1,1,6,20,24,109,55,-1,0,13,0,86,75,1,2214,1,25,9,40,12,38,10
1896205,1,"Liga Nacional","Liga Endesa",-402534000,NA,"https://www.acb.com/Documentos/Cabeceras/logo-competicion-1b.png","https://www.acb.com/Documentos/Cabeceras/logo-competicion-4a.png",86,2021,107,NA,NA,5435,102996,NA,NA,FALSE,3670,3668,2272,"BAXI Manresa","BAXI Manresa","BAX",3670,2274,"Río Breogán","Río Breogán","BRE",1,75,12000,10,31,32,18,32,56,9,17,52,19,13,32,18,10,15,4,1,1,1,24,20,73,-55,-1,11,0,0,75,86,5,9,1,1,4,36,11,24,8
1896092,1,"Liga Nacional","Liga Endesa",-402534000,NA,"https://www.acb.com/Documentos/Cabeceras/logo-competicion-1b.png","https://www.acb.com/Documentos/Cabeceras/logo-competicion-4a.png",86,2021,107,NA,NA,5435,102995,NA,NA,TRUE,3676,3676,2280,"Barça","Barça","BAR",3667,2271,"Valencia Basket","Valencia Basket","VBC",1,79,12000,10,27,37,16,28,57,17,22,77,14,9,23,17,13,13,5,1,0,2,25,22,83,-40,-1,13,0,0,79,87,4,671,6,7,17,30,8,30,7
1896093,1,"Liga Nacional","Liga Endesa",-402534000,NA,"https://www.acb.com/Documentos/Cabeceras/logo-competicion-1b.png","https://www.acb.com/Documentos/Cabeceras/logo-competicion-4a.png",86,2021,107,NA,NA,5435,102995,NA,NA,FALSE,3667,3676,2280,"Barça","Barça","BAR",3667,2271,"Valencia Basket","Valencia Basket","VBC",1,87,12000,9,22,40,20,27,74,20,29,68,20,7,27,20,7,17,0,0,1,1,24,25,95,40,-1,0,13,0,87,79,4,1271,6,12,12,36,11,32,10
1895953,1,"Liga Nacional","Liga Endesa",-402534000,NA,"https://www.acb.com/Documentos/Cabeceras/logo-competicion-1b.png","https://www.acb.com/Documentos/Cabeceras/logo-competicion-4a.png",86,2021,107,NA,NA,5435,102994,NA,NA,FALSE,3680,3679,2283,"Coosur Real Betis","Coosur Betis","BET",3680,2284,"Lenovo Tenerife","Lenovo Tenerife","LNT",1,81,12000,9,21,42,24,40,60,6,9,66,21,7,28,17,8,11,2,1,2,0,19,18,90,45,-1,0,13,0,81,72,1,2305,1,18,10,44,6,28,11
1895952,1,"Liga Nacional","Liga Endesa",-402534000,NA,"https://www.acb.com/Documentos/Cabeceras/logo-competicion-1b.png","https://www.acb.com/Documentos/Cabeceras/logo-competicion-4a.png",86,2021,107,NA,NA,5435,102994,NA,NA,TRUE,3679,3679,2283,"Coosur Real Betis","Coosur Betis","BET",3680,2284,"Lenovo Tenerife","Lenovo Tenerife","LNT",1,72,12000,9,30,30,18,32,56,9,13,69,21,13,34,8,6,17,0,2,1,0,20,17,62,-45,-1,13,0,0,72,81,5,14,1,1,3,32,13,30,11
1895699,1,"Liga Nacional","Liga Endesa",-402534000,NA,"https://www.acb.com/Documentos/Cabeceras/logo-competicion-1b.png","https://www.acb.com/Documentos/Cabeceras/logo-competicion-4a.png",86,2021,107,NA,NA,5435,102997,NA,NA,FALSE,3674,3677,2365,"Urbas Fuenlabrada","Urbas Fuenla","URF",3674,2278,"Real Madrid","Real Madrid","RMB",1,88,12000,13,33,39,16,28,57,17,22,77,22,11,33,21,6,14,6,3,4,5,15,25,106,15,-1,0,13,0,88,85,4,1364,5,15,4,32,10,22,7
1895698,1,"Liga Nacional","Liga Endesa",-402534000,NA,"https://www.acb.com/Documentos/Cabeceras/logo-competicion-1b.png","https://www.acb.com/Documentos/Cabeceras/logo-competicion-4a.png",86,2021,107,NA,NA,5435,102997,NA,NA,TRUE,3677,3677,2365,"Urbas Fuenlabrada","Urbas Fuenla","URF",3674,2278,"Real Madrid","Real Madrid","RMB",1,85,12000,11,27,40,21,36,58,10,11,90,23,10,33,21,6,14,5,4,3,1,26,13,87,-15,-1,13,0,0,85,88,3,944,4,8,12,28,11,43,10
1895666,1,"Liga Nacional","Liga Endesa",-402534000,NA,"https://www.acb.com/Documentos/Cabeceras/logo-competicion-1b.png","https://www.acb.com/Documentos/Cabeceras/logo-competicion-4a.png",86,2021,107,NA,NA,5435,102998,NA,NA,TRUE,3675,3675,2288,"Surne Bilbao Basket","Surne BB","SBB",3672,2276,"Monbus Obradoiro","Monbus Obra","MOB",1,80,12000,7,17,41,21,51,41,17,27,62,21,14,35,6,10,8,5,1,4,0,23,25,72,20,-1,0,13,0,80,76,4,675,7,8,20,38,10,44,6
1895667,1,"Liga Nacional","Liga Endesa",-402534000,NA,"https://www.acb.com/Documentos/Cabeceras/logo-competicion-1b.png","https://www.acb.com/Documentos/Cabeceras/logo-competicion-4a.png",86,2021,107,NA,NA,5435,102998,NA,NA,FALSE,3672,3675,2288,"Surne Bilbao Basket","Surne BB","SBB",3672,2276,"Monbus Obradoiro","Monbus Obra","MOB",1,76,12000,4,23,17,22,38,57,20,25,80,28,13,41,12,3,15,8,4,1,3,25,23,78,-20,-1,13,0,0,76,80,5,1496,7,11,2,36,12,32,11
1895381,1,"Liga Nacional","Liga Endesa",-402534000,NA,"https://www.acb.com/Documentos/Cabeceras/logo-competicion-1b.png","https://www.acb.com/Documentos/Cabeceras/logo-competicion-4a.png",86,2021,107,NA,NA,5435,102999,NA,NA,FALSE,3681,3671,2275,"Unicaja","Unicaja","UNI",3681,2285,"Hereda San Pablo Burgos","Hereda SPB","BUR",1,78,12000,9,23,39,16,36,44,19,29,65,17,13,30,16,5,11,3,2,2,1,20,25,79,-55,-1,13,0,0,78,89,5,227,3,5,0,30,6,32,7
1895380,1,"Liga Nacional","Liga Endesa",-402534000,NA,"https://www.acb.com/Documentos/Cabeceras/logo-competicion-1b.png","https://www.acb.com/Documentos/Cabeceras/logo-competicion-4a.png",86,2021,107,NA,NA,5435,102999,NA,NA,TRUE,3671,3671,2275,"Unicaja","Unicaja","UNI",3681,2285,"Hereda San Pablo Burgos","Hereda SPB","BUR",1,89,12000,9,18,50,23,46,50,16,17,94,21,14,35,20,7,11,8,2,2,7,25,20,102,55,-1,0,13,0,89,78,2,2094,3,16,12,34,9,32,8
1895412,1,"Liga Nacional","Liga Endesa",-402534000,NA,"https://www.acb.com/Documentos/Cabeceras/logo-competicion-1b.png","https://www.acb.com/Documentos/Cabeceras/logo-competicion-4a.png",86,2021,107,NA,NA,5435,103000,NA,NA,TRUE,3678,3678,2282,"Gran Canaria","Gran Canaria","GCA",3669,2289,"Bitci Baskonia","Bitci Baskonia","BKN",1,83,12000,12,24,50,16,35,45,15,20,75,27,9,36,14,5,15,2,1,4,6,16,21,89,30,-1,0,13,0,83,77,3,883,7,8,8,24,12,27,8
1895413,1,"Liga Nacional","Liga Endesa",-402534000,NA,"https://www.acb.com/Documentos/Cabeceras/logo-competicion-1b.png","https://www.acb.com/Documentos/Cabeceras/logo-competicion-4a.png",86,2021,107,NA,NA,5435,103000,NA,NA,FALSE,3669,3678,2282,"Gran Canaria","Gran Canaria","GCA",3669,2289,"Bitci Baskonia","Bitci Baskonia","BKN",1,77,12000,12,33,36,14,31,45,13,14,92,23,10,33,15,5,13,0,4,1,5,21,16,76,-30,-1,13,0,0,77,83,4,1120,6,7,4,26,9,21,12
1895130,1,"Liga Nacional","Liga Endesa",-402534000,NA,"https://www.acb.com/Documentos/Cabeceras/logo-competicion-1b.png","https://www.acb.com/Documentos/Cabeceras/logo-competicion-4a.png",86,2021,107,NA,NA,5435,103001,NA,NA,FALSE,3673,3665,2269,"MoraBanc Andorra","MoraBanc And","MBA",3673,2277,"UCAM Murcia","UCAM Murcia","UCM",1,89,12000,13,33,39,20,32,62,10,14,71,24,8,32,19,6,18,0,0,1,2,21,20,90,-5,-1,13,0,0,89,90,5,2326,1,17,14,36,13,27,13
1895129,1,"Liga Nacional","Liga Endesa",-402534000,NA,"https://www.acb.com/Documentos/Cabeceras/logo-competicion-1b.png","https://www.acb.com/Documentos/Cabeceras/logo-competicion-4a.png",86,2021,107,NA,NA,5435,103001,NA,NA,TRUE,3665,3665,2269,"MoraBanc Andorra","MoraBanc And","MBA",3673,2277,"UCAM Murcia","UCAM Murcia","UCM",1,90,12000,8,25,32,27,44,61,12,18,66,24,10,34,15,7,14,8,1,0,6,21,20,92,5,-1,0,12,0,90,89,5,13,2,1,10,46,9,36,9
1895101,1,"Liga Nacional","Liga Endesa",-402534000,NA,"https://www.acb.com/Documentos/Cabeceras/logo-competicion-1b.png","https://www.acb.com/Documentos/Cabeceras/logo-competicion-4a.png",86,2021,107,NA,NA,5435,103002,NA,NA,TRUE,3666,3666,2270,"Joventut Badalona","Joventut","CJB",3682,2286,"Casademont Zaragoza","Casademont Zgz","CAZ",1,84,12000,2,16,12,26,40,65,26,29,89,23,6,29,10,8,11,8,5,1,3,18,24,99,30,-1,0,13,0,84,78,2,1767,4,8,6,48,6,24,7
1895102,1,"Liga Nacional","Liga Endesa",-402534000,NA,"https://www.acb.com/Documentos/Cabeceras/logo-competicion-1b.png","https://www.acb.com/Documentos/Cabeceras/logo-competicion-4a.png",86,2021,107,NA,NA,5435,103002,NA,NA,FALSE,3682,3666,2270,"Joventut Badalona","Joventut","CJB",3682,2286,"Casademont Zaragoza","Casademont Zgz","CAZ",1,78,12000,6,19,31,25,43,58,10,16,62,21,11,32,13,5,13,8,1,5,2,25,16,65,-30,-1,13,0,0,78,84,3,323,4,4,7,50,13,34,7
1911479,1,"Liga Nacional","Liga Endesa",-402534000,NA,"https://www.acb.com/Documentos/Cabeceras/logo-competicion-1b.png","https://www.acb.com/Documentos/Cabeceras/logo-competicion-4a.png",86,2021,107,NA,NA,5436,103008,NA,NA,FALSE,3666,3670,2274,"Río Breogán","Río Breogán","BRE",3666,2270,"Joventut Badalona","Joventut","CJB",1,90,12000,12,34,35,21,38,55,12,17,70,24,14,38,14,9,10,9,3,2,2,22,22,98,15,-1,0,13,0,90,87,4,989,4,12,13,34,20,41,10
1911478,1,"Liga Nacional","Liga Endesa",-402534000,NA,"https://www.acb.com/Documentos/Cabeceras/logo-competicion-1b.png","https://www.acb.com/Documentos/Cabeceras/logo-competicion-4a.png",86,2021,107,NA,NA,5436,103008,NA,NA,TRUE,3670,3670,2274,"Río Breogán","Río Breogán","BRE",3666,2270,"Joventut Badalona","Joventut","CJB",1,87,12000,12,23,52,20,38,52,11,13,84,26,5,31,18,7,13,8,2,3,2,23,22,97,-15,-1,13,0,0,87,90,4,1164,4,11,9,40,5,18,10
1897928,1,"Liga Nacional","Liga Endesa",-402534000,NA,"https://www.acb.com/Documentos/Cabeceras/logo-competicion-1b.png","https://www.acb.com/Documentos/Cabeceras/logo-competicion-4a.png",86,2021,107,NA,NA,5436,103025,NA,NA,FALSE,3676,3681,2285,"Hereda San Pablo Burgos","Hereda SPB","BUR",3676,2280,"Barça","Barça","BAR",1,83,12000,6,23,26,28,42,66,9,13,69,20,11,31,16,12,12,13,1,3,2,19,21,95,70,-1,0,13,0,83,69,3,2280,0,14,19,54,8,33,9
1897927,1,"Liga Nacional","Liga Endesa",-402534000,NA,"https://www.acb.com/Documentos/Cabeceras/logo-competicion-1b.png","https://www.acb.com/Documentos/Cabeceras/logo-competicion-4a.png",86,2021,107,NA,NA,5436,103025,NA,NA,TRUE,3681,3681,2285,"Hereda San Pablo Burgos","Hereda SPB","BUR",3676,2280,"Barça","Barça","BAR",1,69,12000,7,21,33,20,40,50,8,12,66,22,12,34,8,3,18,2,3,1,3,21,18,57,-70,-1,13,0,0,69,83,5,0,0,0,13,38,11,30,6
1897815,1,"Liga Nacional","Liga Endesa",-402534000,NA,"https://www.acb.com/Documentos/Cabeceras/logo-competicion-1b.png","https://www.acb.com/Documentos/Cabeceras/logo-competicion-4a.png",86,2021,107,NA,NA,5436,103024,NA,NA,TRUE,3673,3673,2277,"UCAM Murcia","UCAM Murcia","UCM",3668,2272,"BAXI Manresa","BAXI Manresa","BAX",1,71,12000,4,21,19,23,45,51,13,19,68,28,10,38,15,8,11,8,5,3,1,21,20,77,20,-1,0,13,0,71,67,3,1775,5,16,6,40,4,39,10
1897816,1,"Liga Nacional","Liga Endesa",-402534000,NA,"https://www.acb.com/Documentos/Cabeceras/logo-competicion-1b.png","https://www.acb.com/Documentos/Cabeceras/logo-competicion-4a.png",86,2021,107,NA,NA,5436,103024,NA,NA,FALSE,3668,3673,2277,"UCAM Murcia","UCAM Murcia","UCM",3668,2272,"BAXI Manresa","BAXI Manresa","BAX",1,67,12000,4,20,20,20,47,42,15,22,68,32,17,49,16,4,16,9,3,5,5,20,21,69,-20,-1,13,0,0,67,71,3,270,4,2,9,36,8,15,15
1897676,1,"Liga Nacional","Liga Endesa",-402534000,NA,"https://www.acb.com/Documentos/Cabeceras/logo-competicion-1b.png","https://www.acb.com/Documentos/Cabeceras/logo-competicion-4a.png",86,2021,107,NA,NA,5436,103009,NA,NA,FALSE,3665,3669,2289,"Bitci Baskonia","Bitci Baskonia","BKN",3665,2269,"MoraBanc Andorra","MoraBanc And","MBA",1,77,12000,10,19,52,19,34,55,9,10,90,22,6,28,16,4,18,6,2,1,2,22,12,73,-30,-1,13,0,0,77,83,2,980,6,8,11,30,7,35,11
1897675,1,"Liga Nacional","Liga Endesa",-402534000,NA,"https://www.acb.com/Documentos/Cabeceras/logo-competicion-1b.png","https://www.acb.com/Documentos/Cabeceras/logo-competicion-4a.png",86,2021,107,NA,NA,5436,103009,NA,NA,TRUE,3669,3669,2289,"Bitci Baskonia","Bitci Baskonia","BKN",3665,2269,"MoraBanc Andorra","MoraBanc And","MBA",1,83,12000,14,34,41,16,32,50,9,14,64,17,16,33,15,11,12,3,2,2,3,12,21,98,30,-1,0,13,0,83,77,4,1197,6,8,12,20,14,21,8
1897536,1,"Liga Nacional","Liga Endesa",-402534000,NA,"https://www.acb.com/Documentos/Cabeceras/logo-competicion-1b.png","https://www.acb.com/Documentos/Cabeceras/logo-competicion-4a.png",86,2021,107,NA,NA,5436,103007,NA,NA,FALSE,3679,3674,2278,"Real Madrid","Real Madrid","RMB",3679,2283,"Coosur Real Betis","Coosur Betis","BET",1,48,12000,4,22,18,14,40,35,8,18,44,28,10,38,9,4,15,4,3,9,3,18,22,28,-115,-1,13,0,0,48,71,3,0,0,0,5,20,5,9,9
1897535,1,"Liga Nacional","Liga Endesa",-402534000,NA,"https://www.acb.com/Documentos/Cabeceras/logo-competicion-1b.png","https://www.acb.com/Documentos/Cabeceras/logo-competicion-4a.png",86,2021,107,NA,NA,5436,103007,NA,NA,TRUE,3674,3674,2278,"Real Madrid","Real Madrid","RMB",3679,2283,"Coosur Real Betis","Coosur Betis","BET",1,71,12000,7,30,23,19,40,47,12,17,70,37,15,52,16,9,11,9,9,2,5,22,18,91,115,-1,0,13,0,71,48,1,2350,0,24,9,32,11,26,12
1897280,1,"Liga Nacional","Liga Endesa",-402534000,NA,"https://www.acb.com/Documentos/Cabeceras/logo-competicion-1b.png","https://www.acb.com/Documentos/Cabeceras/logo-competicion-4a.png",86,2021,107,NA,NA,5436,102991,NA,NA,FALSE,3678,3680,2284,"Lenovo Tenerife","Lenovo Tenerife","LNT",3678,2282,"Gran Canaria","Gran Canaria","GCA",1,89,12000,8,16,50,24,42,57,17,23,73,18,10,28,17,7,12,9,2,1,3,31,22,89,-45,-1,13,0,0,89,98,5,745,8,5,9,32,12,32,6
1897279,1,"Liga Nacional","Liga Endesa",-402534000,NA,"https://www.acb.com/Documentos/Cabeceras/logo-competicion-1b.png","https://www.acb.com/Documentos/Cabeceras/logo-competicion-4a.png",86,2021,107,NA,NA,5436,102991,NA,NA,TRUE,3680,3680,2284,"Lenovo Tenerife","Lenovo Tenerife","LNT",3678,2282,"Gran Canaria","Gran Canaria","GCA",1,98,12000,14,29,48,14,28,50,28,33,84,19,11,30,18,4,11,3,1,2,2,23,29,110,45,-1,0,13,0,98,89,2,1415,9,11,9,24,6,48,6
1897252,1,"Liga Nacional","Liga Endesa",-402534000,NA,"https://www.acb.com/Documentos/Cabeceras/logo-competicion-1b.png","https://www.acb.com/Documentos/Cabeceras/logo-competicion-4a.png",86,2021,107,NA,NA,5436,103006,NA,NA,FALSE,3675,3667,2271,"Valencia Basket","Valencia Basket","VBC",3675,2288,"Surne Bilbao Basket","Surne BB","SBB",1,84,12000,12,26,46,21,33,63,6,9,66,21,7,28,16,6,20,14,1,4,3,22,16,76,-80,-1,13,0,0,84,100,4,1720,2,21,17,40,4,28,10
1897251,1,"Liga Nacional","Liga Endesa",-402534000,NA,"https://www.acb.com/Documentos/Cabeceras/logo-competicion-1b.png","https://www.acb.com/Documentos/Cabeceras/logo-competicion-4a.png",86,2021,107,NA,NA,5436,103006,NA,NA,TRUE,3667,3667,2271,"Valencia Basket","Valencia Basket","VBC",3675,2288,"Surne Bilbao Basket","Surne BB","SBB",1,100,12000,15,35,42,20,37,54,15,21,71,19,18,37,22,12,14,13,4,1,2,17,22,122,80,-1,0,13,0,100,84,3,630,3,16,22,38,15,22,12
1897001,1,"Liga Nacional","Liga Endesa",-402534000,NA,"https://www.acb.com/Documentos/Cabeceras/logo-competicion-1b.png","https://www.acb.com/Documentos/Cabeceras/logo-competicion-4a.png",86,2021,107,NA,NA,5436,102992,NA,NA,TRUE,3671,3671,2275,"Unicaja","Unicaja","UNI",3677,2365,"Urbas Fuenlabrada","Urbas Fuenla","URF",1,90,12000,10,27,37,24,40,60,12,18,66,24,13,37,17,8,17,23,2,3,2,21,22,96,20,-1,0,13,0,90,86,3,912,1,11,17,38,9,44,9
1897002,1,"Liga Nacional","Liga Endesa",-402534000,NA,"https://www.acb.com/Documentos/Cabeceras/logo-competicion-1b.png","https://www.acb.com/Documentos/Cabeceras/logo-competicion-4a.png",86,2021,107,NA,NA,5436,102992,NA,NA,FALSE,3677,3671,2275,"Unicaja","Unicaja","UNI",3677,2365,"Urbas Fuenlabrada","Urbas Fuenla","URF",1,86,12000,12,26,46,21,41,51,8,15,53,21,12,33,23,11,18,11,3,2,3,22,21,94,-20,-1,13,0,0,86,90,4,1273,0,10,8,34,17,28,8
1896974,1,"Liga Nacional","Liga Endesa",-402534000,NA,"https://www.acb.com/Documentos/Cabeceras/logo-competicion-1b.png","https://www.acb.com/Documentos/Cabeceras/logo-competicion-4a.png",86,2021,107,NA,NA,5436,102993,NA,NA,TRUE,3672,3672,2276,"Monbus Obradoiro","Monbus Obra","MOB",3682,2286,"Casademont Zaragoza","Casademont Zgz","CAZ",1,87,12000,12,32,37,19,35,54,13,16,81,22,8,30,15,3,7,0,4,2,0,17,19,93,25,-1,0,12,0,87,82,5,2252,3,15,6,32,3,16,8
1896975,1,"Liga Nacional","Liga Endesa",-402534000,NA,"https://www.acb.com/Documentos/Cabeceras/logo-competicion-1b.png","https://www.acb.com/Documentos/Cabeceras/logo-competicion-4a.png",86,2021,107,NA,NA,5436,102993,NA,NA,FALSE,3682,3672,2276,"Monbus Obradoiro","Monbus Obra","MOB",3682,2286,"Casademont Zaragoza","Casademont Zgz","CAZ",1,82,12000,9,21,42,22,41,53,11,14,78,23,9,32,15,6,11,13,2,4,1,19,17,86,-25,-1,13,0,0,82,87,3,87,3,1,2,32,8,34,14
1905793,1,"Liga Nacional","Liga Endesa",-402534000,NA,"https://www.acb.com/Documentos/Cabeceras/logo-competicion-1b.png","https://www.acb.com/Documentos/Cabeceras/logo-competicion-4a.png",86,2021,107,NA,NA,5437,103015,NA,NA,FALSE,3670,3675,2288,"Surne Bilbao Basket","Surne BB","SBB",3670,2274,"Río Breogán","Río Breogán","BRE",1,75,12000,4,28,14,24,38,63,15,16,93,25,9,34,14,4,13,8,2,7,0,20,19,69,-40,-1,13,0,0,75,83,3,912,1,9,6,42,4,20,7
1905792,1,"Liga Nacional","Liga Endesa",-402534000,NA,"https://www.acb.com/Documentos/Cabeceras/logo-competicion-1b.png","https://www.acb.com/Documentos/Cabeceras/logo-competicion-4a.png",86,2021,107,NA,NA,5437,103015,NA,NA,TRUE,3675,3675,2288,"Surne Bilbao Basket","Surne BB","SBB",3670,2274,"Río Breogán","Río Breogán","BRE",1,83,12000,5,18,27,26,43,60,16,23,69,28,7,35,20,10,12,17,7,2,1,19,20,105,40,-1,0,13,0,83,75,3,1366,2,17,11,48,7,37,13
1899917,1,"Liga Nacional","Liga Endesa",-402534000,NA,"https://www.acb.com/Documentos/Cabeceras/logo-competicion-1b.png","https://www.acb.com/Documentos/Cabeceras/logo-competicion-4a.png",86,2021,107,NA,NA,5437,103016,NA,NA,TRUE,3676,3676,2280,"Barça","Barça","BAR",3669,2289,"Bitci Baskonia","Bitci Baskonia","BKN",1,78,12000,7,29,24,24,37,64,9,13,69,20,9,29,17,5,9,4,2,3,1,21,20,79,-65,-1,13,0,0,78,91,4,42,1,1,5,38,14,24,8
1899918,1,"Liga Nacional","Liga Endesa",-402534000,NA,"https://www.acb.com/Documentos/Cabeceras/logo-competicion-1b.png","https://www.acb.com/Documentos/Cabeceras/logo-competicion-4a.png",86,2021,107,NA,NA,5437,103016,NA,NA,FALSE,3669,3676,2280,"Barça","Barça","BAR",3669,2289,"Bitci Baskonia","Bitci Baskonia","BKN",1,91,12000,10,22,45,25,47,53,11,14,78,24,13,37,20,4,9,8,3,2,8,21,21,107,65,-1,0,13,0,91,78,4,2331,1,18,4,40,6,35,9
1899806,1,"Liga Nacional","Liga Endesa",-402534000,NA,"https://www.acb.com/Documentos/Cabeceras/logo-competicion-1b.png","https://www.acb.com/Documentos/Cabeceras/logo-competicion-4a.png",86,2021,107,NA,NA,5437,103018,NA,NA,FALSE,3673,3666,2270,"Joventut Badalona","Joventut","CJB",3673,2277,"UCAM Murcia","UCAM Murcia","UCM",1,77,12000,10,24,41,19,36,52,9,13,69,24,8,32,14,8,12,2,4,1,0,32,18,73,-30,-1,13,0,0,77,83,5,360,9,3,8,36,11,21,9
1899805,1,"Liga Nacional","Liga Endesa",-402534000,NA,"https://www.acb.com/Documentos/Cabeceras/logo-competicion-1b.png","https://www.acb.com/Documentos/Cabeceras/logo-competicion-4a.png",86,2021,107,NA,NA,5437,103018,NA,NA,TRUE,3666,3666,2270,"Joventut Badalona","Joventut","CJB",3673,2277,"UCAM Murcia","UCAM Murcia","UCM",1,83,12000,6,16,37,21,50,42,23,30,76,24,16,40,16,4,11,3,1,4,1,20,31,94,30,-1,0,13,0,83,77,2,1789,8,11,1,40,8,23,11
1899579,1,"Liga Nacional","Liga Endesa",-402534000,NA,"https://www.acb.com/Documentos/Cabeceras/logo-competicion-1b.png","https://www.acb.com/Documentos/Cabeceras/logo-competicion-4a.png",86,2021,107,NA,NA,5437,103026,NA,NA,TRUE,3678,3678,2282,"Gran Canaria","Gran Canaria","GCA",3681,2285,"Hereda San Pablo Burgos","Hereda SPB","BUR",1,82,12000,10,26,38,22,43,51,8,12,66,25,12,37,14,8,15,10,2,1,4,16,17,87,-35,-1,13,0,0,82,89,4,1017,4,8,10,32,11,29,11
1899580,1,"Liga Nacional","Liga Endesa",-402534000,NA,"https://www.acb.com/Documentos/Cabeceras/logo-competicion-1b.png","https://www.acb.com/Documentos/Cabeceras/logo-competicion-4a.png",86,2021,107,NA,NA,5437,103026,NA,NA,FALSE,3681,3678,2282,"Gran Canaria","Gran Canaria","GCA",3681,2285,"Hereda San Pablo Burgos","Hereda SPB","BUR",1,89,12000,10,25,40,24,48,50,11,13,84,25,13,38,21,10,13,4,1,2,5,17,16,102,35,-1,0,13,0,89,82,3,1267,5,12,22,44,15,39,11
1899523,1,"Liga Nacional","Liga Endesa",-402534000,NA,"https://www.acb.com/Documentos/Cabeceras/logo-competicion-1b.png","https://www.acb.com/Documentos/Cabeceras/logo-competicion-4a.png",86,2021,107,NA,NA,5437,103019,NA,NA,TRUE,3679,3679,2283,"Coosur Real Betis","Coosur Betis","BET",3671,2275,"Unicaja","Unicaja","UNI",1,73,12000,7,18,38,18,38,47,16,16,100,22,11,33,8,9,19,0,2,4,0,27,17,61,-30,-1,13,0,0,73,79,3,1050,4,7,7,36,6,39,7
1899524,1,"Liga Nacional","Liga Endesa",-402534000,NA,"https://www.acb.com/Documentos/Cabeceras/logo-competicion-1b.png","https://www.acb.com/Documentos/Cabeceras/logo-competicion-4a.png",86,2021,107,NA,NA,5437,103019,NA,NA,FALSE,3671,3679,2283,"Coosur Real Betis","Coosur Betis","BET",3671,2275,"Unicaja","Unicaja","UNI",1,79,12000,10,25,40,13,30,43,23,26,88,19,12,31,16,9,14,2,5,2,2,18,26,97,30,-1,0,13,0,79,73,4,1229,5,11,7,22,11,34,8
1899211,1,"Liga Nacional","Liga Endesa",-402534000,NA,"https://www.acb.com/Documentos/Cabeceras/logo-competicion-1b.png","https://www.acb.com/Documentos/Cabeceras/logo-competicion-4a.png",86,2021,107,NA,NA,5437,103020,NA,NA,TRUE,3682,3682,2286,"Casademont Zaragoza","Casademont Zgz","CAZ",3674,2278,"Real Madrid","Real Madrid","RMB",1,65,12000,7,23,30,14,35,40,16,28,57,25,12,37,13,8,13,4,1,2,3,15,19,64,-105,-1,13,0,0,65,86,4,469,3,8,2,28,12,36,9
1899212,1,"Liga Nacional","Liga Endesa",-402534000,NA,"https://www.acb.com/Documentos/Cabeceras/logo-competicion-1b.png","https://www.acb.com/Documentos/Cabeceras/logo-competicion-4a.png",86,2021,107,NA,NA,5437,103020,NA,NA,FALSE,3674,3682,2286,"Casademont Zaragoza","Casademont Zgz","CAZ",3674,2278,"Real Madrid","Real Madrid","RMB",1,86,12000,16,32,50,14,30,46,10,12,83,32,9,41,20,8,13,9,2,1,2,20,14,103,105,-1,0,13,0,86,65,2,1720,3,22,16,24,7,46,8
1899240,1,"Liga Nacional","Liga Endesa",-402534000,NA,"https://www.acb.com/Documentos/Cabeceras/logo-competicion-1b.png","https://www.acb.com/Documentos/Cabeceras/logo-competicion-4a.png",86,2021,107,NA,NA,5437,103021,NA,NA,FALSE,3680,3668,2272,"BAXI Manresa","BAXI Manresa","BAX",3680,2284,"Lenovo Tenerife","Lenovo Tenerife","LNT",1,93,13500,6,23,26,30,48,62,15,19,78,19,10,29,23,10,14,6,1,3,7,16,19,103,-10,-1,13,0,0,93,95,5,523,4,4,14,58,9,52,6
1899239,1,"Liga Nacional","Liga Endesa",-402534000,NA,"https://www.acb.com/Documentos/Cabeceras/logo-competicion-1b.png","https://www.acb.com/Documentos/Cabeceras/logo-competicion-4a.png",86,2021,107,NA,NA,5437,103021,NA,NA,TRUE,3668,3668,2272,"BAXI Manresa","BAXI Manresa","BAX",3680,2284,"Lenovo Tenerife","Lenovo Tenerife","LNT",1,95,13500,10,25,40,26,42,61,13,18,72,26,11,37,20,10,17,6,3,1,5,20,16,107,10,-1,0,13,0,95,93,4,1677,4,12,6,46,9,23,8
1898966,1,"Liga Nacional","Liga Endesa",-402534000,NA,"https://www.acb.com/Documentos/Cabeceras/logo-competicion-1b.png","https://www.acb.com/Documentos/Cabeceras/logo-competicion-4a.png",86,2021,107,NA,NA,5437,103022,NA,NA,FALSE,3667,3677,2365,"Urbas Fuenlabrada","Urbas Fuenla","URF",3667,2271,"Valencia Basket","Valencia Basket","VBC",1,87,12000,8,24,33,24,41,58,15,22,68,18,12,30,17,8,16,8,1,5,2,19,24,87,-5,-1,13,0,0,87,88,5,122,5,2,14,42,15,44,9
1898965,1,"Liga Nacional","Liga Endesa",-402534000,NA,"https://www.acb.com/Documentos/Cabeceras/logo-competicion-1b.png","https://www.acb.com/Documentos/Cabeceras/logo-competicion-4a.png",86,2021,107,NA,NA,5437,103022,NA,NA,TRUE,3677,3677,2365,"Urbas Fuenlabrada","Urbas Fuenla","URF",3667,2271,"Valencia Basket","Valencia Basket","VBC",1,88,12000,6,18,33,28,38,73,14,18,77,19,5,24,19,7,16,13,6,1,4,24,18,95,5,-1,0,13,0,88,87,4,2206,5,12,19,38,0,27,11
1898938,1,"Liga Nacional","Liga Endesa",-402534000,NA,"https://www.acb.com/Documentos/Cabeceras/logo-competicion-1b.png","https://www.acb.com/Documentos/Cabeceras/logo-competicion-4a.png",86,2021,107,NA,NA,5437,103023,NA,NA,FALSE,3672,3665,2269,"MoraBanc Andorra","MoraBanc And","MBA",3672,2276,"Monbus Obradoiro","Monbus Obra","MOB",1,73,12000,8,26,30,19,37,51,11,15,73,20,9,29,10,7,13,2,2,2,0,17,21,70,-65,-1,11,0,0,73,86,4,839,2,6,10,32,14,17,6
1898937,1,"Liga Nacional","Liga Endesa",-402534000,NA,"https://www.acb.com/Documentos/Cabeceras/logo-competicion-1b.png","https://www.acb.com/Documentos/Cabeceras/logo-competicion-4a.png",86,2021,107,NA,NA,5437,103023,NA,NA,TRUE,3665,3665,2269,"MoraBanc Andorra","MoraBanc And","MBA",3672,2276,"Monbus Obradoiro","Monbus Obra","MOB",1,86,12000,7,20,35,30,47,63,5,11,45,27,11,38,20,4,13,15,2,2,5,21,15,93,65,-1,0,13,0,86,73,1,1378,2,17,15,54,11,43,13
1907149,1,"Liga Nacional","Liga Endesa",-402534000,NA,"https://www.acb.com/Documentos/Cabeceras/logo-competicion-1b.png","https://www.acb.com/Documentos/Cabeceras/logo-competicion-4a.png",86,2021,107,NA,NA,5438,102989,NA,NA,TRUE,3667,3667,2271,"Valencia Basket","Valencia Basket","VBC",3672,2276,"Monbus Obradoiro","Monbus Obra","MOB",1,91,12000,7,20,35,28,45,62,14,16,87,27,9,36,15,9,10,14,4,2,2,22,19,108,100,-1,0,13,0,91,71,4,845,3,22,16,48,8,67,10
1907150,1,"Liga Nacional","Liga Endesa",-402534000,NA,"https://www.acb.com/Documentos/Cabeceras/logo-competicion-1b.png","https://www.acb.com/Documentos/Cabeceras/logo-competicion-4a.png",86,2021,107,NA,NA,5438,102989,NA,NA,FALSE,3672,3667,2271,"Valencia Basket","Valencia Basket","VBC",3672,2276,"Monbus Obradoiro","Monbus Obra","MOB",1,71,12000,11,26,42,11,25,44,16,25,64,21,4,25,18,5,14,0,2,4,0,19,21,67,-100,-1,13,0,0,71,91,4,1529,3,11,11,20,5,24,12
1905143,1,"Liga Nacional","Liga Endesa",-402534000,NA,"https://www.acb.com/Documentos/Cabeceras/logo-competicion-1b.png","https://www.acb.com/Documentos/Cabeceras/logo-competicion-4a.png",86,2021,107,NA,NA,5438,102988,NA,NA,FALSE,3676,3680,2284,"Lenovo Tenerife","Lenovo Tenerife","LNT",3676,2280,"Barça","Barça","BAR",1,75,12000,8,25,32,20,36,55,11,15,73,29,16,45,15,7,15,10,3,1,1,23,17,86,75,-1,0,13,0,75,60,2,1792,4,18,7,32,10,38,13
1905142,1,"Liga Nacional","Liga Endesa",-402534000,NA,"https://www.acb.com/Documentos/Cabeceras/logo-competicion-1b.png","https://www.acb.com/Documentos/Cabeceras/logo-competicion-4a.png",86,2021,107,NA,NA,5438,102988,NA,NA,TRUE,3680,3680,2284,"Lenovo Tenerife","Lenovo Tenerife","LNT",3676,2280,"Barça","Barça","BAR",1,60,12000,4,25,16,15,28,53,18,20,90,16,4,20,11,8,8,2,1,3,0,17,22,58,-75,-1,13,0,0,60,75,3,406,3,3,5,26,6,21,5
1904998,1,"Liga Nacional","Liga Endesa",-402534000,NA,"https://www.acb.com/Documentos/Cabeceras/logo-competicion-1b.png","https://www.acb.com/Documentos/Cabeceras/logo-competicion-4a.png",86,2021,107,NA,NA,5438,102969,NA,NA,TRUE,3674,3674,2278,"Real Madrid","Real Madrid","RMB",3671,2275,"Unicaja","Unicaja","UNI",1,79,12000,12,26,46,17,38,44,9,17,52,22,12,34,15,9,10,5,0,3,8,17,19,83,25,-1,0,13,0,79,74,4,1333,3,16,4,26,5,41,11
1904999,1,"Liga Nacional","Liga Endesa",-402534000,NA,"https://www.acb.com/Documentos/Cabeceras/logo-competicion-1b.png","https://www.acb.com/Documentos/Cabeceras/logo-competicion-4a.png",86,2021,107,NA,NA,5438,102969,NA,NA,FALSE,3671,3674,2278,"Real Madrid","Real Madrid","RMB",3671,2275,"Unicaja","Unicaja","UNI",1,74,12000,6,25,24,21,33,63,14,14,100,29,7,36,12,6,14,0,4,0,3,19,17,85,-25,-1,13,0,0,74,79,3,885,3,8,9,30,9,41,11
1904711,1,"Liga Nacional","Liga Endesa",-402534000,NA,"https://www.acb.com/Documentos/Cabeceras/logo-competicion-1b.png","https://www.acb.com/Documentos/Cabeceras/logo-competicion-4a.png",86,2021,107,NA,NA,5438,102990,NA,NA,FALSE,3665,3670,2274,"Río Breogán","Río Breogán","BRE",3665,2269,"MoraBanc Andorra","MoraBanc And","MBA",1,74,12000,7,22,31,22,38,57,9,13,69,23,8,31,17,7,15,16,4,5,2,18,15,75,-45,-1,13,0,0,74,83,4,0,0,0,8,30,2,36,7
1904710,1,"Liga Nacional","Liga Endesa",-402534000,NA,"https://www.acb.com/Documentos/Cabeceras/logo-competicion-1b.png","https://www.acb.com/Documentos/Cabeceras/logo-competicion-4a.png",86,2021,107,NA,NA,5438,102990,NA,NA,TRUE,3670,3670,2274,"Río Breogán","Río Breogán","BRE",3665,2269,"MoraBanc Andorra","MoraBanc And","MBA",1,83,12000,12,32,37,18,37,48,11,17,64,23,18,41,14,8,12,4,5,4,2,15,18,93,45,-1,0,13,0,83,74,1,2377,0,13,2,34,20,26,10
1904747,1,"Liga Nacional","Liga Endesa",-402534000,NA,"https://www.acb.com/Documentos/Cabeceras/logo-competicion-1b.png","https://www.acb.com/Documentos/Cabeceras/logo-competicion-4a.png",86,2021,107,NA,NA,5438,103010,NA,NA,FALSE,3677,3682,2286,"Casademont Zaragoza","Casademont Zgz","CAZ",3677,2365,"Urbas Fuenlabrada","Urbas Fuenla","URF",1,85,12000,14,30,46,17,45,37,9,9,100,25,13,38,25,10,15,9,1,3,2,22,16,91,55,-1,0,13,0,85,74,3,2384,0,26,9,28,6,24,8
1904746,1,"Liga Nacional","Liga Endesa",-402534000,NA,"https://www.acb.com/Documentos/Cabeceras/logo-competicion-1b.png","https://www.acb.com/Documentos/Cabeceras/logo-competicion-4a.png",86,2021,107,NA,NA,5438,103010,NA,NA,TRUE,3682,3682,2286,"Casademont Zaragoza","Casademont Zgz","CAZ",3677,2365,"Urbas Fuenlabrada","Urbas Fuenla","URF",1,74,12000,9,28,32,13,24,54,21,25,84,28,4,32,16,8,20,15,3,1,2,17,22,83,-55,-1,13,0,0,74,85,3,0,0,0,15,26,4,57,9
1904459,1,"Liga Nacional","Liga Endesa",-402534000,NA,"https://www.acb.com/Documentos/Cabeceras/logo-competicion-1b.png","https://www.acb.com/Documentos/Cabeceras/logo-competicion-4a.png",86,2021,107,NA,NA,5438,103011,NA,NA,FALSE,3675,3669,2289,"Bitci Baskonia","Bitci Baskonia","BKN",3675,2288,"Surne Bilbao Basket","Surne BB","SBB",1,86,12000,9,25,36,26,48,54,7,9,77,21,13,34,14,11,17,8,0,5,2,23,14,74,-75,-1,13,0,0,86,101,3,328,2,3,13,44,19,35,7
1904458,1,"Liga Nacional","Liga Endesa",-402534000,NA,"https://www.acb.com/Documentos/Cabeceras/logo-competicion-1b.png","https://www.acb.com/Documentos/Cabeceras/logo-competicion-4a.png",86,2021,107,NA,NA,5438,103011,NA,NA,TRUE,3669,3669,2289,"Bitci Baskonia","Bitci Baskonia","BKN",3675,2288,"Surne Bilbao Basket","Surne BB","SBB",1,101,12000,12,28,42,22,36,61,21,22,95,26,10,36,19,9,17,20,5,0,4,14,21,129,75,-1,0,13,0,101,86,3,1778,3,15,25,36,2,25,9
1904425,1,"Liga Nacional","Liga Endesa",-402534000,NA,"https://www.acb.com/Documentos/Cabeceras/logo-competicion-1b.png","https://www.acb.com/Documentos/Cabeceras/logo-competicion-4a.png",86,2021,107,NA,NA,5438,103012,NA,NA,FALSE,3673,3681,2285,"Hereda San Pablo Burgos","Hereda SPB","BUR",3673,2277,"UCAM Murcia","UCAM Murcia","UCM",1,102,12000,12,27,44,28,53,52,10,13,76,27,12,39,19,14,16,12,5,5,5,24,18,109,90,-1,0,13,0,102,84,2,2316,0,24,23,52,13,48,11
1904424,1,"Liga Nacional","Liga Endesa",-402534000,NA,"https://www.acb.com/Documentos/Cabeceras/logo-competicion-1b.png","https://www.acb.com/Documentos/Cabeceras/logo-competicion-4a.png",86,2021,107,NA,NA,5438,103012,NA,NA,TRUE,3681,3681,2285,"Hereda San Pablo Burgos","Hereda SPB","BUR",3673,2277,"UCAM Murcia","UCAM Murcia","UCM",1,84,12000,9,20,45,21,47,44,15,22,68,28,12,40,14,9,23,17,5,5,2,18,23,85,-90,-1,13,0,0,84,102,4,0,0,0,9,34,2,35,8
1904171,1,"Liga Nacional","Liga Endesa",-402534000,NA,"https://www.acb.com/Documentos/Cabeceras/logo-competicion-1b.png","https://www.acb.com/Documentos/Cabeceras/logo-competicion-4a.png",86,2021,107,NA,NA,5438,103013,NA,NA,FALSE,3679,3666,2270,"Joventut Badalona","Joventut","CJB",3679,2283,"Coosur Real Betis","Coosur Betis","BET",1,82,12000,12,33,36,16,36,44,14,20,70,17,16,33,17,9,9,2,3,3,2,23,20,82,-10,-1,13,0,0,82,84,2,521,2,9,9,30,16,19,12
1904170,1,"Liga Nacional","Liga Endesa",-402534000,NA,"https://www.acb.com/Documentos/Cabeceras/logo-competicion-1b.png","https://www.acb.com/Documentos/Cabeceras/logo-competicion-4a.png",86,2021,107,NA,NA,5438,103013,NA,NA,TRUE,3666,3666,2270,"Joventut Badalona","Joventut","CJB",3679,2283,"Coosur Real Betis","Coosur Betis","BET",1,84,12000,13,29,44,15,29,51,15,21,71,23,15,38,22,2,17,0,3,3,0,23,22,92,10,-1,0,13,0,84,82,5,1768,2,17,0,26,17,30,10
1904143,1,"Liga Nacional","Liga Endesa",-402534000,NA,"https://www.acb.com/Documentos/Cabeceras/logo-competicion-1b.png","https://www.acb.com/Documentos/Cabeceras/logo-competicion-4a.png",86,2021,107,NA,NA,5438,103014,NA,NA,FALSE,3668,3678,2282,"Gran Canaria","Gran Canaria","GCA",3668,2272,"BAXI Manresa","BAXI Manresa","BAX",1,82,12000,5,20,25,20,46,43,27,31,87,26,20,46,14,8,20,5,2,4,4,23,25,85,10,-1,0,13,0,82,80,4,1976,3,9,10,32,16,29,6
1904142,1,"Liga Nacional","Liga Endesa",-402534000,NA,"https://www.acb.com/Documentos/Cabeceras/logo-competicion-1b.png","https://www.acb.com/Documentos/Cabeceras/logo-competicion-4a.png",86,2021,107,NA,NA,5438,103014,NA,NA,TRUE,3678,3678,2282,"Gran Canaria","Gran Canaria","GCA",3668,2272,"BAXI Manresa","BAXI Manresa","BAX",1,80,12000,6,27,22,22,43,51,18,26,69,20,15,35,10,13,19,6,4,2,1,28,22,65,-10,-1,13,0,0,80,82,5,281,3,4,17,32,13,23,9
1908714,1,"Liga Nacional","Liga Endesa",-402534000,NA,"https://www.acb.com/Documentos/Cabeceras/logo-competicion-1b.png","https://www.acb.com/Documentos/Cabeceras/logo-competicion-4a.png",86,2021,107,NA,NA,5439,102963,NA,NA,FALSE,3668,3676,2280,"Barça","Barça","BAR",3668,2272,"BAXI Manresa","BAXI Manresa","BAX",1,96,13500,10,28,35,24,54,44,18,30,60,31,17,48,13,12,17,8,8,9,5,27,24,88,5,-1,0,13,0,96,95,3,1463,7,10,6,38,12,51,9
1908713,1,"Liga Nacional","Liga Endesa",-402534000,NA,"https://www.acb.com/Documentos/Cabeceras/logo-competicion-1b.png","https://www.acb.com/Documentos/Cabeceras/logo-competicion-4a.png",86,2021,107,NA,NA,5439,102963,NA,NA,TRUE,3676,3676,2280,"Barça","Barça","BAR",3668,2272,"BAXI Manresa","BAXI Manresa","BAX",1,95,13500,11,26,42,18,46,39,26,31,83,35,11,46,14,3,19,0,9,8,2,25,25,92,-5,-1,13,0,0,95,96,6,943,7,10,5,24,12,38,9
1906772,1,"Liga Nacional","Liga Endesa",-402534000,NA,"https://www.acb.com/Documentos/Cabeceras/logo-competicion-1b.png","https://www.acb.com/Documentos/Cabeceras/logo-competicion-4a.png",86,2021,107,NA,NA,5439,102959,NA,NA,FALSE,3670,3667,2271,"Valencia Basket","Valencia Basket","VBC",3670,2274,"Río Breogán","Río Breogán","BRE",1,98,12000,11,28,39,23,38,60,19,22,86,27,9,36,17,9,16,13,1,0,2,19,20,111,5,-1,0,13,0,98,97,2,2388,0,28,13,46,5,7,10
1906771,1,"Liga Nacional","Liga Endesa",-402534000,NA,"https://www.acb.com/Documentos/Cabeceras/logo-competicion-1b.png","https://www.acb.com/Documentos/Cabeceras/logo-competicion-4a.png",86,2021,107,NA,NA,5439,102959,NA,NA,TRUE,3667,3667,2271,"Valencia Basket","Valencia Basket","VBC",3670,2274,"Río Breogán","Río Breogán","BRE",1,97,12000,17,36,47,15,31,48,16,16,100,22,7,29,17,7,17,14,0,1,1,23,19,93,-5,-1,13,0,0,97,98,4,0,0,0,21,24,4,51,20
1906800,1,"Liga Nacional","Liga Endesa",-402534000,NA,"https://www.acb.com/Documentos/Cabeceras/logo-competicion-1b.png","https://www.acb.com/Documentos/Cabeceras/logo-competicion-4a.png",86,2021,107,NA,NA,5439,102961,NA,NA,FALSE,3669,3679,2283,"Coosur Real Betis","Coosur Betis","BET",3669,2289,"Bitci Baskonia","Bitci Baskonia","BKN",1,87,12000,12,28,42,19,41,46,13,15,86,23,15,38,18,4,10,2,2,4,2,16,19,98,20,-1,0,13,0,87,83,4,1831,4,20,6,28,12,34,16
1906799,1,"Liga Nacional","Liga Endesa",-402534000,NA,"https://www.acb.com/Documentos/Cabeceras/logo-competicion-1b.png","https://www.acb.com/Documentos/Cabeceras/logo-competicion-4a.png",86,2021,107,NA,NA,5439,102961,NA,NA,TRUE,3679,3679,2283,"Coosur Real Betis","Coosur Betis","BET",3669,2289,"Bitci Baskonia","Bitci Baskonia","BKN",1,83,12000,10,28,35,22,36,61,9,13,69,23,6,29,18,6,9,7,4,2,3,19,16,90,-20,-1,13,0,0,83,87,5,396,4,7,11,40,4,24,13
1906659,1,"Liga Nacional","Liga Endesa",-402534000,NA,"https://www.acb.com/Documentos/Cabeceras/logo-competicion-1b.png","https://www.acb.com/Documentos/Cabeceras/logo-competicion-4a.png",86,2021,107,NA,NA,5439,102960,NA,NA,TRUE,3673,3673,2277,"UCAM Murcia","UCAM Murcia","UCM",3674,2278,"Real Madrid","Real Madrid","RMB",1,71,12000,9,23,39,17,45,37,10,14,71,22,13,35,12,5,11,2,0,4,2,21,18,59,-45,-1,13,0,0,71,80,5,0,0,0,4,30,11,28,7
1906660,1,"Liga Nacional","Liga Endesa",-402534000,NA,"https://www.acb.com/Documentos/Cabeceras/logo-competicion-1b.png","https://www.acb.com/Documentos/Cabeceras/logo-competicion-4a.png",86,2021,107,NA,NA,5439,102960,NA,NA,FALSE,3674,3673,2277,"UCAM Murcia","UCAM Murcia","UCM",3674,2278,"Real Madrid","Real Madrid","RMB",1,80,12000,2,12,16,27,46,58,20,23,86,28,6,34,13,4,11,4,4,0,6,19,20,93,45,-1,0,13,0,80,71,4,2359,0,13,5,34,4,25,7
1906525,1,"Liga Nacional","Liga Endesa",-402534000,NA,"https://www.acb.com/Documentos/Cabeceras/logo-competicion-1b.png","https://www.acb.com/Documentos/Cabeceras/logo-competicion-4a.png",86,2021,107,NA,NA,5439,102962,NA,NA,FALSE,3678,3675,2288,"Surne Bilbao Basket","Surne BB","SBB",3678,2282,"Gran Canaria","Gran Canaria","GCA",1,80,12000,8,26,30,18,40,45,20,26,76,17,11,28,11,10,15,6,5,2,1,26,20,65,-75,-1,12,0,0,80,95,3,0,0,0,17,26,0,20,6
1906524,1,"Liga Nacional","Liga Endesa",-402534000,NA,"https://www.acb.com/Documentos/Cabeceras/logo-competicion-1b.png","https://www.acb.com/Documentos/Cabeceras/logo-competicion-4a.png",86,2021,107,NA,NA,5439,102962,NA,NA,TRUE,3675,3675,2288,"Surne Bilbao Basket","Surne BB","SBB",3678,2282,"Gran Canaria","Gran Canaria","GCA",1,95,12000,11,31,35,20,34,58,22,29,75,30,15,45,17,6,21,2,2,5,1,23,26,101,75,-1,0,13,0,95,80,3,2353,0,30,14,36,8,35,9
1906158,1,"Liga Nacional","Liga Endesa",-402534000,NA,"https://www.acb.com/Documentos/Cabeceras/logo-competicion-1b.png","https://www.acb.com/Documentos/Cabeceras/logo-competicion-4a.png",86,2021,107,NA,NA,5439,102965,NA,NA,TRUE,3665,3665,2269,"MoraBanc Andorra","MoraBanc And","MBA",3682,2286,"Casademont Zaragoza","Casademont Zgz","CAZ",1,83,12000,13,34,38,18,32,56,8,9,88,23,12,35,21,2,14,4,3,2,2,20,17,89,-45,-1,13,0,0,83,92,3,533,2,7,4,34,16,14,7
1906159,1,"Liga Nacional","Liga Endesa",-402534000,NA,"https://www.acb.com/Documentos/Cabeceras/logo-competicion-1b.png","https://www.acb.com/Documentos/Cabeceras/logo-competicion-4a.png",86,2021,107,NA,NA,5439,102965,NA,NA,FALSE,3682,3665,2269,"MoraBanc Andorra","MoraBanc And","MBA",3682,2286,"Casademont Zaragoza","Casademont Zgz","CAZ",1,92,12000,5,21,23,29,43,67,19,23,82,23,8,31,21,6,6,8,2,3,8,17,19,111,45,-1,0,13,0,92,83,1,1604,2,14,6,54,5,43,9
1906130,1,"Liga Nacional","Liga Endesa",-402534000,NA,"https://www.acb.com/Documentos/Cabeceras/logo-competicion-1b.png","https://www.acb.com/Documentos/Cabeceras/logo-competicion-4a.png",86,2021,107,NA,NA,5439,102966,NA,NA,TRUE,3671,3671,2275,"Unicaja","Unicaja","UNI",3666,2270,"Joventut Badalona","Joventut","CJB",1,72,12000,7,26,26,18,31,58,15,19,78,21,9,30,11,10,14,5,2,3,1,19,19,72,-20,-1,13,0,0,72,76,2,194,1,5,8,28,8,37,12
1906131,1,"Liga Nacional","Liga Endesa",-402534000,NA,"https://www.acb.com/Documentos/Cabeceras/logo-competicion-1b.png","https://www.acb.com/Documentos/Cabeceras/logo-competicion-4a.png",86,2021,107,NA,NA,5439,102966,NA,NA,FALSE,3666,3671,2275,"Unicaja","Unicaja","UNI",3666,2270,"Joventut Badalona","Joventut","CJB",1,76,12000,10,22,45,15,32,46,16,19,84,25,8,33,15,5,18,0,3,2,0,19,19,80,20,-1,0,13,0,76,72,2,2127,2,20,9,26,12,21,8
1906103,1,"Liga Nacional","Liga Endesa",-402534000,NA,"https://www.acb.com/Documentos/Cabeceras/logo-competicion-1b.png","https://www.acb.com/Documentos/Cabeceras/logo-competicion-4a.png",86,2021,107,NA,NA,5439,102967,NA,NA,FALSE,3681,3672,2276,"Monbus Obradoiro","Monbus Obra","MOB",3681,2285,"Hereda San Pablo Burgos","Hereda SPB","BUR",1,94,12000,5,19,26,29,46,63,21,27,77,22,7,29,16,7,12,8,4,2,4,27,21,93,-35,-1,13,0,0,94,101,3,747,5,5,7,50,8,47,8
1906102,1,"Liga Nacional","Liga Endesa",-402534000,NA,"https://www.acb.com/Documentos/Cabeceras/logo-competicion-1b.png","https://www.acb.com/Documentos/Cabeceras/logo-competicion-4a.png",86,2021,107,NA,NA,5439,102967,NA,NA,TRUE,3672,3672,2276,"Monbus Obradoiro","Monbus Obra","MOB",3681,2285,"Hereda San Pablo Burgos","Hereda SPB","BUR",1,101,12000,10,31,32,25,51,49,21,26,80,21,21,42,17,8,11,2,2,4,1,22,27,108,35,-1,0,13,0,101,94,4,1323,6,8,12,44,25,26,8
1905933,1,"Liga Nacional","Liga Endesa",-402534000,NA,"https://www.acb.com/Documentos/Cabeceras/logo-competicion-1b.png","https://www.acb.com/Documentos/Cabeceras/logo-competicion-4a.png",86,2021,107,NA,NA,5439,102964,NA,NA,FALSE,3680,3677,2365,"Urbas Fuenlabrada","Urbas Fuenla","URF",3680,2284,"Lenovo Tenerife","Lenovo Tenerife","LNT",1,96,13500,19,48,39,10,21,47,19,22,86,25,9,34,26,6,13,2,1,4,3,24,20,99,-40,-1,13,0,0,96,104,4,0,0,0,10,18,12,47,10
1905932,1,"Liga Nacional","Liga Endesa",-402534000,NA,"https://www.acb.com/Documentos/Cabeceras/logo-competicion-1b.png","https://www.acb.com/Documentos/Cabeceras/logo-competicion-4a.png",86,2021,107,NA,NA,5439,102964,NA,NA,TRUE,3677,3677,2365,"Urbas Fuenlabrada","Urbas Fuenla","URF",3680,2284,"Lenovo Tenerife","Lenovo Tenerife","LNT",1,104,13500,13,26,50,23,42,54,19,21,90,31,7,38,22,5,12,0,4,1,1,21,21,126,40,-1,0,13,0,104,96,5,2592,0,14,5,36,7,47,13
1921454,1,"Liga Nacional","Liga Endesa",-402534000,NA,"https://www.acb.com/Documentos/Cabeceras/logo-competicion-1b.png","https://www.acb.com/Documentos/Cabeceras/logo-competicion-4a.png",86,2021,107,NA,NA,5440,102954,NA,NA,FALSE,3665,3676,2280,"Barça","Barça","BAR",3665,2269,"MoraBanc Andorra","MoraBanc And","MBA",1,88,12000,12,32,37,21,39,53,10,13,76,20,12,32,9,2,11,6,1,2,1,21,18,75,-95,-1,13,0,0,88,107,5,716,4,7,2,38,12,29,7
1921453,1,"Liga Nacional","Liga Endesa",-402534000,NA,"https://www.acb.com/Documentos/Cabeceras/logo-competicion-1b.png","https://www.acb.com/Documentos/Cabeceras/logo-competicion-4a.png",86,2021,107,NA,NA,5440,102954,NA,NA,TRUE,3676,3676,2280,"Barça","Barça","BAR",3665,2269,"MoraBanc Andorra","MoraBanc And","MBA",1,107,12000,11,27,40,26,41,63,22,26,84,27,11,38,21,5,6,6,2,1,3,19,21,133,95,-1,0,13,0,107,88,1,1504,5,25,9,40,15,59,9
1914213,1,"Liga Nacional","Liga Endesa",-402534000,NA,"https://www.acb.com/Documentos/Cabeceras/logo-competicion-1b.png","https://www.acb.com/Documentos/Cabeceras/logo-competicion-4a.png",86,2021,107,NA,NA,5440,102987,NA,NA,FALSE,3667,3680,2284,"Lenovo Tenerife","Lenovo Tenerife","LNT",3667,2271,"Valencia Basket","Valencia Basket","VBC",1,80,12000,6,25,24,26,38,68,10,12,83,23,13,36,18,5,9,0,4,1,2,16,14,98,10,-1,0,13,0,80,78,2,698,7,6,11,44,6,37,7
1914212,1,"Liga Nacional","Liga Endesa",-402534000,NA,"https://www.acb.com/Documentos/Cabeceras/logo-competicion-1b.png","https://www.acb.com/Documentos/Cabeceras/logo-competicion-4a.png",86,2021,107,NA,NA,5440,102987,NA,NA,TRUE,3680,3680,2284,"Lenovo Tenerife","Lenovo Tenerife","LNT",3667,2271,"Valencia Basket","Valencia Basket","VBC",1,78,12000,12,26,46,17,33,51,8,8,100,16,7,23,15,5,9,6,1,4,3,14,16,81,-10,-1,13,0,0,78,80,3,1509,7,7,10,20,11,18,9
1913812,1,"Liga Nacional","Liga Endesa",-402534000,NA,"https://www.acb.com/Documentos/Cabeceras/logo-competicion-1b.png","https://www.acb.com/Documentos/Cabeceras/logo-competicion-4a.png",86,2021,107,NA,NA,5440,102970,NA,NA,TRUE,3675,3675,2288,"Surne Bilbao Basket","Surne BB","SBB",3671,2275,"Unicaja","Unicaja","UNI",1,83,12000,6,13,46,26,49,53,13,23,56,32,15,47,14,5,17,4,0,4,2,19,23,92,30,-1,0,13,0,83,77,2,2115,3,12,7,46,8,39,10
1913813,1,"Liga Nacional","Liga Endesa",-402534000,NA,"https://www.acb.com/Documentos/Cabeceras/logo-competicion-1b.png","https://www.acb.com/Documentos/Cabeceras/logo-competicion-4a.png",86,2021,107,NA,NA,5440,102970,NA,NA,FALSE,3671,3675,2288,"Surne Bilbao Basket","Surne BB","SBB",3671,2275,"Unicaja","Unicaja","UNI",1,77,12000,12,38,31,16,30,53,9,13,69,21,9,30,11,6,9,0,4,0,1,23,19,71,-30,-1,11,0,0,77,83,4,131,2,3,8,26,14,34,8
1912272,1,"Liga Nacional","Liga Endesa",-402534000,NA,"https://www.acb.com/Documentos/Cabeceras/logo-competicion-1b.png","https://www.acb.com/Documentos/Cabeceras/logo-competicion-4a.png",86,2021,107,NA,NA,5440,102968,NA,NA,FALSE,3672,3668,2272,"BAXI Manresa","BAXI Manresa","BAX",3672,2276,"Monbus Obradoiro","Monbus Obra","MOB",1,84,12000,9,33,27,17,31,54,23,29,79,27,9,36,18,5,19,0,4,4,1,27,24,77,-100,-1,13,0,0,84,104,5,404,5,4,0,34,5,31,9
1912271,1,"Liga Nacional","Liga Endesa",-402534000,NA,"https://www.acb.com/Documentos/Cabeceras/logo-competicion-1b.png","https://www.acb.com/Documentos/Cabeceras/logo-competicion-4a.png",86,2021,107,NA,NA,5440,102968,NA,NA,TRUE,3668,3668,2272,"BAXI Manresa","BAXI Manresa","BAX",3672,2276,"Monbus Obradoiro","Monbus Obra","MOB",1,104,12000,5,17,29,31,58,53,27,34,79,31,11,42,14,9,8,8,4,2,4,24,27,120,100,-1,0,13,0,104,84,2,1809,6,21,15,54,8,32,12
1908882,1,"Liga Nacional","Liga Endesa",-402534000,NA,"https://www.acb.com/Documentos/Cabeceras/logo-competicion-1b.png","https://www.acb.com/Documentos/Cabeceras/logo-competicion-4a.png",86,2021,107,NA,NA,5440,102956,NA,NA,FALSE,3674,3666,2270,"Joventut Badalona","Joventut","CJB",3674,2278,"Real Madrid","Real Madrid","RMB",1,90,12000,16,34,47,18,27,66,6,11,54,24,7,31,19,3,8,5,2,1,7,19,15,100,95,-1,0,13,0,90,71,2,1609,1,20,14,36,5,44,15
1908881,1,"Liga Nacional","Liga Endesa",-402534000,NA,"https://www.acb.com/Documentos/Cabeceras/logo-competicion-1b.png","https://www.acb.com/Documentos/Cabeceras/logo-competicion-4a.png",86,2021,107,NA,NA,5440,102956,NA,NA,TRUE,3666,3666,2270,"Joventut Badalona","Joventut","CJB",3674,2278,"Real Madrid","Real Madrid","RMB",1,71,12000,7,27,25,17,33,51,16,17,94,21,11,32,13,4,9,2,1,2,1,16,19,76,-95,-1,13,0,0,71,90,4,651,1,11,4,30,14,28,13
1907633,1,"Liga Nacional","Liga Endesa",-402534000,NA,"https://www.acb.com/Documentos/Cabeceras/logo-competicion-1b.png","https://www.acb.com/Documentos/Cabeceras/logo-competicion-4a.png",86,2021,107,NA,NA,5440,102955,NA,NA,FALSE,3669,3682,2286,"Casademont Zaragoza","Casademont Zgz","CAZ",3669,2289,"Bitci Baskonia","Bitci Baskonia","BKN",1,79,12000,10,29,34,18,36,50,13,21,61,24,13,37,14,6,18,10,1,4,1,22,20,68,-90,-1,12,0,0,79,97,5,51,1,3,16,34,9,25,9
1907632,1,"Liga Nacional","Liga Endesa",-402534000,NA,"https://www.acb.com/Documentos/Cabeceras/logo-competicion-1b.png","https://www.acb.com/Documentos/Cabeceras/logo-competicion-4a.png",86,2021,107,NA,NA,5440,102955,NA,NA,TRUE,3682,3682,2286,"Casademont Zaragoza","Casademont Zgz","CAZ",3669,2289,"Bitci Baskonia","Bitci Baskonia","BKN",1,97,12000,11,28,39,24,36,66,16,24,66,26,8,34,22,8,14,4,4,1,3,21,19,111,90,-1,0,13,0,97,79,2,2133,1,29,12,44,4,26,14
1907577,1,"Liga Nacional","Liga Endesa",-402534000,NA,"https://www.acb.com/Documentos/Cabeceras/logo-competicion-1b.png","https://www.acb.com/Documentos/Cabeceras/logo-competicion-4a.png",86,2021,107,NA,NA,5440,102953,NA,NA,FALSE,3679,3681,2285,"Hereda San Pablo Burgos","Hereda SPB","BUR",3679,2283,"Coosur Real Betis","Coosur Betis","BET",1,84,12000,8,22,36,23,47,48,14,22,63,29,16,45,18,6,14,4,1,1,1,21,22,94,40,-1,0,13,0,84,76,2,960,4,8,5,44,12,28,12
1907576,1,"Liga Nacional","Liga Endesa",-402534000,NA,"https://www.acb.com/Documentos/Cabeceras/logo-competicion-1b.png","https://www.acb.com/Documentos/Cabeceras/logo-competicion-4a.png",86,2021,107,NA,NA,5440,102953,NA,NA,TRUE,3681,3681,2285,"Hereda San Pablo Burgos","Hereda SPB","BUR",3679,2283,"Coosur Real Betis","Coosur Betis","BET",1,76,12000,9,35,25,17,32,53,15,20,75,25,12,37,16,9,11,2,1,1,1,22,21,80,-40,-1,13,0,0,76,84,3,1067,4,9,11,28,12,34,7
1907435,1,"Liga Nacional","Liga Endesa",-402534000,NA,"https://www.acb.com/Documentos/Cabeceras/logo-competicion-1b.png","https://www.acb.com/Documentos/Cabeceras/logo-competicion-4a.png",86,2021,107,NA,NA,5440,102957,NA,NA,FALSE,3673,3678,2282,"Gran Canaria","Gran Canaria","GCA",3673,2277,"UCAM Murcia","UCAM Murcia","UCM",1,100,12000,15,27,55,20,34,58,15,19,78,23,6,29,14,6,12,2,2,4,0,25,20,100,85,-1,0,13,0,100,83,1,2357,0,17,4,34,10,39,10
1907434,1,"Liga Nacional","Liga Endesa",-402534000,NA,"https://www.acb.com/Documentos/Cabeceras/logo-competicion-1b.png","https://www.acb.com/Documentos/Cabeceras/logo-competicion-4a.png",86,2021,107,NA,NA,5440,102957,NA,NA,TRUE,3678,3678,2282,"Gran Canaria","Gran Canaria","GCA",3673,2277,"UCAM Murcia","UCAM Murcia","UCM",1,83,12000,2,20,10,26,41,63,25,32,78,20,12,32,13,6,10,12,4,2,1,20,24,90,-85,-1,13,0,0,83,100,2,0,0,0,8,40,7,33,8
1907298,1,"Liga Nacional","Liga Endesa",-402534000,NA,"https://www.acb.com/Documentos/Cabeceras/logo-competicion-1b.png","https://www.acb.com/Documentos/Cabeceras/logo-competicion-4a.png",86,2021,107,NA,NA,5440,102958,NA,NA,FALSE,3677,3670,2274,"Río Breogán","Río Breogán","BRE",3677,2365,"Urbas Fuenlabrada","Urbas Fuenla","URF",1,89,12000,8,26,30,30,47,63,5,9,55,21,9,30,23,7,12,13,6,2,5,21,17,98,-40,-1,13,0,0,89,97,5,1327,6,6,8,58,8,26,12
1907297,1,"Liga Nacional","Liga Endesa",-402534000,NA,"https://www.acb.com/Documentos/Cabeceras/logo-competicion-1b.png","https://www.acb.com/Documentos/Cabeceras/logo-competicion-4a.png",86,2021,107,NA,NA,5440,102958,NA,NA,TRUE,3670,3670,2274,"Río Breogán","Río Breogán","BRE",3677,2365,"Urbas Fuenlabrada","Urbas Fuenla","URF",1,97,12000,7,23,30,28,44,63,20,24,83,29,12,41,19,7,13,12,2,6,1,17,21,115,40,-1,0,12,0,97,89,1,889,7,13,4,56,9,20,11
1913617,1,"Liga Nacional","Liga Endesa",-402534000,NA,"https://www.acb.com/Documentos/Cabeceras/logo-competicion-1b.png","https://www.acb.com/Documentos/Cabeceras/logo-competicion-4a.png",86,2021,107,NA,NA,5426,102979,NA,NA,FALSE,3678,3667,2271,"Valencia Basket","Valencia Basket","VBC",3678,2282,"Gran Canaria","Gran Canaria","GCA",1,62,12000,7,21,33,14,35,40,13,18,72,21,14,35,8,8,18,2,1,1,0,23,20,52,-145,-1,13,0,0,62,91,3,319,1,5,7,22,14,33,8
1913616,1,"Liga Nacional","Liga Endesa",-402534000,NA,"https://www.acb.com/Documentos/Cabeceras/logo-competicion-1b.png","https://www.acb.com/Documentos/Cabeceras/logo-competicion-4a.png",86,2021,107,NA,NA,5426,102979,NA,NA,TRUE,3667,3667,2271,"Valencia Basket","Valencia Basket","VBC",3678,2282,"Gran Canaria","Gran Canaria","GCA",1,91,12000,14,37,37,19,32,59,11,15,73,23,15,38,25,5,9,2,1,1,3,20,21,111,145,-1,0,13,0,91,62,3,1984,1,30,6,34,13,47,12
1913532,1,"Liga Nacional","Liga Endesa",-402534000,NA,"https://www.acb.com/Documentos/Cabeceras/logo-competicion-1b.png","https://www.acb.com/Documentos/Cabeceras/logo-competicion-4a.png",86,2021,107,NA,NA,5426,102981,NA,NA,TRUE,3677,3677,2365,"Urbas Fuenlabrada","Urbas Fuenla","URF",3666,2270,"Joventut Badalona","Joventut","CJB",1,82,12000,11,25,44,17,32,53,15,24,62,19,5,24,14,9,17,0,5,3,1,23,21,74,-110,-1,13,0,0,82,104,4,266,5,4,10,32,4,23,8
1913533,1,"Liga Nacional","Liga Endesa",-402534000,NA,"https://www.acb.com/Documentos/Cabeceras/logo-competicion-1b.png","https://www.acb.com/Documentos/Cabeceras/logo-competicion-4a.png",86,2021,107,NA,NA,5426,102981,NA,NA,FALSE,3666,3677,2365,"Urbas Fuenlabrada","Urbas Fuenla","URF",3666,2270,"Joventut Badalona","Joventut","CJB",1,104,12000,14,29,48,22,36,61,18,19,94,26,11,37,25,11,16,12,3,5,4,23,22,128,110,-1,0,13,0,104,82,1,2025,5,23,18,38,14,42,8
1913123,1,"Liga Nacional","Liga Endesa",-402534000,NA,"https://www.acb.com/Documentos/Cabeceras/logo-competicion-1b.png","https://www.acb.com/Documentos/Cabeceras/logo-competicion-4a.png",86,2021,107,NA,NA,5426,102980,NA,NA,FALSE,3670,3672,2276,"Monbus Obradoiro","Monbus Obra","MOB",3670,2274,"Río Breogán","Río Breogán","BRE",1,83,12000,9,24,37,18,41,43,20,28,71,23,13,36,11,9,12,2,2,3,1,23,23,80,-85,-1,13,0,0,83,100,1,267,3,4,4,32,7,12,10
1913122,1,"Liga Nacional","Liga Endesa",-402534000,NA,"https://www.acb.com/Documentos/Cabeceras/logo-competicion-1b.png","https://www.acb.com/Documentos/Cabeceras/logo-competicion-4a.png",86,2021,107,NA,NA,5426,102980,NA,NA,TRUE,3672,3672,2276,"Monbus Obradoiro","Monbus Obra","MOB",3670,2274,"Río Breogán","Río Breogán","BRE",1,100,12000,10,28,35,27,43,62,16,19,84,28,9,37,23,6,11,8,3,2,5,23,23,119,85,-1,0,13,0,100,83,2,2009,3,22,11,52,16,16,7
1912983,1,"Liga Nacional","Liga Endesa",-402534000,NA,"https://www.acb.com/Documentos/Cabeceras/logo-competicion-1b.png","https://www.acb.com/Documentos/Cabeceras/logo-competicion-4a.png",86,2021,107,NA,NA,5426,102984,NA,NA,FALSE,3676,3674,2278,"Real Madrid","Real Madrid","RMB",3676,2280,"Barça","Barça","BAR",1,85,12000,10,18,55,19,45,42,17,23,73,24,8,32,18,4,4,4,0,3,0,22,22,92,50,-1,0,13,0,85,75,4,1818,3,12,11,28,6,35,7
1912982,1,"Liga Nacional","Liga Endesa",-402534000,NA,"https://www.acb.com/Documentos/Cabeceras/logo-competicion-1b.png","https://www.acb.com/Documentos/Cabeceras/logo-competicion-4a.png",86,2021,107,NA,NA,5426,102984,NA,NA,TRUE,3674,3674,2278,"Real Madrid","Real Madrid","RMB",3676,2280,"Barça","Barça","BAR",1,75,12000,8,24,33,19,35,54,13,18,72,29,8,37,13,2,13,2,3,0,7,24,22,78,-50,-1,13,0,0,75,85,4,463,2,6,0,30,2,33,10
1912851,1,"Liga Nacional","Liga Endesa",-402534000,NA,"https://www.acb.com/Documentos/Cabeceras/logo-competicion-1b.png","https://www.acb.com/Documentos/Cabeceras/logo-competicion-4a.png",86,2021,107,NA,NA,5426,102985,NA,NA,FALSE,3681,3669,2289,"Bitci Baskonia","Bitci Baskonia","BKN",3681,2285,"Hereda San Pablo Burgos","Hereda SPB","BUR",1,69,12000,11,28,39,14,35,40,8,9,88,21,10,31,15,8,10,0,3,3,2,17,14,71,-55,-1,13,0,0,69,80,5,669,2,10,2,20,10,8,9
1912850,1,"Liga Nacional","Liga Endesa",-402534000,NA,"https://www.acb.com/Documentos/Cabeceras/logo-competicion-1b.png","https://www.acb.com/Documentos/Cabeceras/logo-competicion-4a.png",86,2021,107,NA,NA,5426,102985,NA,NA,TRUE,3669,3669,2289,"Bitci Baskonia","Bitci Baskonia","BKN",3681,2285,"Hereda San Pablo Burgos","Hereda SPB","BUR",1,80,12000,9,31,29,21,30,70,11,15,73,27,10,37,20,6,10,4,3,3,4,14,17,101,55,-1,0,11,0,80,69,3,1485,2,11,11,40,8,38,8
1912594,1,"Liga Nacional","Liga Endesa",-402534000,NA,"https://www.acb.com/Documentos/Cabeceras/logo-competicion-1b.png","https://www.acb.com/Documentos/Cabeceras/logo-competicion-4a.png",86,2021,107,NA,NA,5426,102982,NA,NA,TRUE,3679,3679,2283,"Coosur Real Betis","Coosur Betis","BET",3675,2288,"Surne Bilbao Basket","Surne BB","SBB",1,71,12000,7,27,25,18,46,39,14,17,82,24,14,38,18,10,15,2,1,1,2,20,20,71,-85,-1,13,0,0,71,88,3,1580,0,11,12,32,10,15,7
1912595,1,"Liga Nacional","Liga Endesa",-402534000,NA,"https://www.acb.com/Documentos/Cabeceras/logo-competicion-1b.png","https://www.acb.com/Documentos/Cabeceras/logo-competicion-4a.png",86,2021,107,NA,NA,5426,102982,NA,NA,FALSE,3675,3679,2283,"Coosur Real Betis","Coosur Betis","BET",3675,2288,"Surne Bilbao Basket","Surne BB","SBB",1,88,12000,9,21,42,23,39,58,15,22,68,33,8,41,20,7,16,8,1,1,1,20,20,105,85,-1,0,13,0,88,71,2,776,1,19,4,42,6,26,11
1912563,1,"Liga Nacional","Liga Endesa",-402534000,NA,"https://www.acb.com/Documentos/Cabeceras/logo-competicion-1b.png","https://www.acb.com/Documentos/Cabeceras/logo-competicion-4a.png",86,2021,107,NA,NA,5426,102986,NA,NA,FALSE,3680,3673,2277,"UCAM Murcia","UCAM Murcia","UCM",3680,2284,"Lenovo Tenerife","Lenovo Tenerife","LNT",1,86,12000,11,20,55,20,43,46,13,16,81,27,9,36,8,4,16,0,3,0,2,18,20,88,-10,-1,13,0,0,86,88,5,15,1,1,14,30,6,31,6
1912562,1,"Liga Nacional","Liga Endesa",-402534000,NA,"https://www.acb.com/Documentos/Cabeceras/logo-competicion-1b.png","https://www.acb.com/Documentos/Cabeceras/logo-competicion-4a.png",86,2021,107,NA,NA,5426,102986,NA,NA,TRUE,3673,3673,2277,"UCAM Murcia","UCAM Murcia","UCM",3680,2284,"Lenovo Tenerife","Lenovo Tenerife","LNT",1,88,12000,9,23,39,26,53,49,9,13,69,25,16,41,15,12,12,12,0,3,3,21,17,92,10,-1,0,13,0,88,86,2,2380,1,14,17,50,13,29,10
1912427,1,"Liga Nacional","Liga Endesa",-402534000,NA,"https://www.acb.com/Documentos/Cabeceras/logo-competicion-1b.png","https://www.acb.com/Documentos/Cabeceras/logo-competicion-4a.png",86,2021,107,NA,NA,5426,102971,NA,NA,TRUE,3665,3665,2269,"MoraBanc Andorra","MoraBanc And","MBA",3668,2272,"BAXI Manresa","BAXI Manresa","BAX",1,79,12000,12,27,44,16,30,53,11,20,55,21,9,30,22,6,14,4,6,2,2,18,21,92,-15,-1,12,0,0,79,82,2,1575,5,16,14,30,3,31,15
1912428,1,"Liga Nacional","Liga Endesa",-402534000,NA,"https://www.acb.com/Documentos/Cabeceras/logo-competicion-1b.png","https://www.acb.com/Documentos/Cabeceras/logo-competicion-4a.png",86,2021,107,NA,NA,5426,102971,NA,NA,FALSE,3668,3665,2269,"MoraBanc Andorra","MoraBanc And","MBA",3668,2272,"BAXI Manresa","BAXI Manresa","BAX",1,82,12000,10,29,34,18,40,45,16,17,94,24,19,43,18,7,14,8,3,5,3,22,17,87,15,-1,0,13,0,82,79,3,794,6,10,9,30,16,52,9
1908123,1,"Liga Nacional","Liga Endesa",-402534000,NA,"https://www.acb.com/Documentos/Cabeceras/logo-competicion-1b.png","https://www.acb.com/Documentos/Cabeceras/logo-competicion-4a.png",86,2021,107,NA,NA,5426,102983,NA,NA,TRUE,3671,3671,2275,"Unicaja","Unicaja","UNI",3682,2286,"Casademont Zaragoza","Casademont Zgz","CAZ",1,112,12000,11,26,42,27,38,71,25,28,89,34,9,43,31,4,12,16,7,1,2,22,20,153,200,-1,0,13,0,112,72,2,1709,4,40,10,48,9,51,13
1908124,1,"Liga Nacional","Liga Endesa",-402534000,NA,"https://www.acb.com/Documentos/Cabeceras/logo-competicion-1b.png","https://www.acb.com/Documentos/Cabeceras/logo-competicion-4a.png",86,2021,107,NA,NA,5426,102983,NA,NA,FALSE,3682,3671,2275,"Unicaja","Unicaja","UNI",3682,2286,"Casademont Zaragoza","Casademont Zgz","CAZ",1,72,12000,5,26,19,18,43,41,21,26,80,15,13,28,19,4,12,6,1,7,3,20,21,55,-200,-1,12,0,0,72,112,4,443,3,6,11,34,2,23,6
1915863,1,"Liga Nacional","Liga Endesa",-402534000,NA,"https://www.acb.com/Documentos/Cabeceras/logo-competicion-1b.png","https://www.acb.com/Documentos/Cabeceras/logo-competicion-4a.png",86,2021,107,NA,NA,5425,102975,NA,NA,FALSE,3677,3679,2283,"Coosur Real Betis","Coosur Betis","BET",3677,2365,"Urbas Fuenlabrada","Urbas Fuenla","URF",1,83,12000,9,28,32,25,48,52,6,9,66,18,17,35,15,6,12,2,1,3,1,21,14,73,-80,-1,13,0,0,83,99,5,48,1,2,18,44,19,25,8
1915862,1,"Liga Nacional","Liga Endesa",-402534000,NA,"https://www.acb.com/Documentos/Cabeceras/logo-competicion-1b.png","https://www.acb.com/Documentos/Cabeceras/logo-competicion-4a.png",86,2021,107,NA,NA,5425,102975,NA,NA,TRUE,3679,3679,2283,"Coosur Real Betis","Coosur Betis","BET",3677,2365,"Urbas Fuenlabrada","Urbas Fuenla","URF",1,99,12000,12,32,37,26,36,72,11,15,73,24,13,37,22,10,14,12,3,1,3,14,21,129,80,-1,0,13,0,99,83,2,2282,1,19,19,44,12,21,11
1914482,1,"Liga Nacional","Liga Endesa",-402534000,NA,"https://www.acb.com/Documentos/Cabeceras/logo-competicion-1b.png","https://www.acb.com/Documentos/Cabeceras/logo-competicion-4a.png",86,2021,107,NA,NA,5425,102978,NA,NA,TRUE,3678,3678,2282,"Gran Canaria","Gran Canaria","GCA",3672,2276,"Monbus Obradoiro","Monbus Obra","MOB",1,71,12000,4,14,28,25,54,46,9,19,47,23,10,33,11,14,14,8,5,0,2,22,19,68,10,-1,0,13,0,71,69,5,91,2,2,17,40,2,39,11
1914483,1,"Liga Nacional","Liga Endesa",-402534000,NA,"https://www.acb.com/Documentos/Cabeceras/logo-competicion-1b.png","https://www.acb.com/Documentos/Cabeceras/logo-competicion-4a.png",86,2021,107,NA,NA,5425,102978,NA,NA,FALSE,3672,3678,2282,"Gran Canaria","Gran Canaria","GCA",3672,2276,"Monbus Obradoiro","Monbus Obra","MOB",1,69,12000,6,25,24,19,34,55,13,21,61,31,15,46,14,7,24,6,0,5,4,19,22,68,-10,-1,13,0,0,69,71,5,2021,1,19,11,34,10,13,15
1914046,1,"Liga Nacional","Liga Endesa",-402534000,NA,"https://www.acb.com/Documentos/Cabeceras/logo-competicion-1b.png","https://www.acb.com/Documentos/Cabeceras/logo-competicion-4a.png",86,2021,107,NA,NA,5425,102875,NA,NA,TRUE,3676,3676,2280,"Barça","Barça","BAR",3666,2270,"Joventut Badalona","Joventut","CJB",1,99,12000,15,27,55,16,24,66,22,27,81,19,5,24,18,8,11,0,2,2,1,20,22,115,75,-1,0,13,0,99,84,2,2372,0,18,14,22,8,47,11
1914047,1,"Liga Nacional","Liga Endesa",-402534000,NA,"https://www.acb.com/Documentos/Cabeceras/logo-competicion-1b.png","https://www.acb.com/Documentos/Cabeceras/logo-competicion-4a.png",86,2021,107,NA,NA,5425,102875,NA,NA,FALSE,3666,3676,2280,"Barça","Barça","BAR",3666,2270,"Joventut Badalona","Joventut","CJB",1,84,12000,5,16,31,29,50,58,11,12,91,14,13,27,16,3,13,2,2,2,3,22,19,81,-75,-1,13,0,0,84,99,4,0,0,0,6,54,11,34,6
1913403,1,"Liga Nacional","Liga Endesa",-402534000,NA,"https://www.acb.com/Documentos/Cabeceras/logo-competicion-1b.png","https://www.acb.com/Documentos/Cabeceras/logo-competicion-4a.png",86,2021,107,NA,NA,5425,102977,NA,NA,FALSE,3680,3681,2285,"Hereda San Pablo Burgos","Hereda SPB","BUR",3680,2284,"Lenovo Tenerife","Lenovo Tenerife","LNT",1,81,12000,7,27,25,23,29,79,14,16,87,23,6,29,23,9,12,4,1,0,3,15,20,108,40,-1,0,13,0,81,73,3,2023,4,19,11,32,2,28,15
1913402,1,"Liga Nacional","Liga Endesa",-402534000,NA,"https://www.acb.com/Documentos/Cabeceras/logo-competicion-1b.png","https://www.acb.com/Documentos/Cabeceras/logo-competicion-4a.png",86,2021,107,NA,NA,5425,102977,NA,NA,TRUE,3681,3681,2285,"Hereda San Pablo Burgos","Hereda SPB","BUR",3680,2284,"Lenovo Tenerife","Lenovo Tenerife","LNT",1,73,12000,7,21,33,23,41,56,6,11,54,22,12,34,21,9,14,13,0,1,3,20,15,80,-40,-1,11,0,0,73,81,4,179,4,3,10,38,5,25,8
1913263,1,"Liga Nacional","Liga Endesa",-402534000,NA,"https://www.acb.com/Documentos/Cabeceras/logo-competicion-1b.png","https://www.acb.com/Documentos/Cabeceras/logo-competicion-4a.png",86,2021,107,NA,NA,5425,102972,NA,NA,FALSE,3673,3682,2286,"Casademont Zaragoza","Casademont Zgz","CAZ",3673,2277,"UCAM Murcia","UCAM Murcia","UCM",1,78,12000,6,22,27,21,35,60,18,23,78,35,10,45,15,5,26,8,0,1,1,27,18,72,-65,-1,13,0,0,78,91,4,1287,0,11,8,38,8,22,7
1913262,1,"Liga Nacional","Liga Endesa",-402534000,NA,"https://www.acb.com/Documentos/Cabeceras/logo-competicion-1b.png","https://www.acb.com/Documentos/Cabeceras/logo-competicion-4a.png",86,2021,107,NA,NA,5425,102972,NA,NA,TRUE,3682,3682,2286,"Casademont Zaragoza","Casademont Zgz","CAZ",3673,2277,"UCAM Murcia","UCAM Murcia","UCM",1,91,12000,7,22,31,26,48,54,18,32,56,20,10,30,17,10,9,11,3,0,3,18,25,98,65,-1,0,13,0,91,78,2,997,1,14,17,46,10,54,13
1912142,1,"Liga Nacional","Liga Endesa",-402534000,NA,"https://www.acb.com/Documentos/Cabeceras/logo-competicion-1b.png","https://www.acb.com/Documentos/Cabeceras/logo-competicion-4a.png",86,2021,107,NA,NA,5425,102973,NA,NA,FALSE,3669,3670,2274,"Río Breogán","Río Breogán","BRE",3669,2289,"Bitci Baskonia","Bitci Baskonia","BKN",1,83,12000,15,43,34,9,15,60,20,23,86,22,13,35,14,4,16,2,1,2,2,19,22,85,-30,-1,11,0,0,83,89,4,968,5,8,8,16,3,26,8
1912141,1,"Liga Nacional","Liga Endesa",-402534000,NA,"https://www.acb.com/Documentos/Cabeceras/logo-competicion-1b.png","https://www.acb.com/Documentos/Cabeceras/logo-competicion-4a.png",86,2021,107,NA,NA,5425,102973,NA,NA,TRUE,3670,3670,2274,"Río Breogán","Río Breogán","BRE",3669,2289,"Bitci Baskonia","Bitci Baskonia","BKN",1,89,12000,10,29,34,21,34,61,17,22,77,23,9,32,18,10,9,15,2,1,3,22,19,101,30,-1,0,13,0,89,83,1,1208,5,13,18,42,7,33,10
1908570,1,"Liga Nacional","Liga Endesa",-402534000,NA,"https://www.acb.com/Documentos/Cabeceras/logo-competicion-1b.png","https://www.acb.com/Documentos/Cabeceras/logo-competicion-4a.png",86,2021,107,NA,NA,5425,102874,NA,NA,FALSE,3667,3671,2275,"Unicaja","Unicaja","UNI",3667,2271,"Valencia Basket","Valencia Basket","VBC",1,87,12000,7,19,36,20,35,57,26,28,92,30,8,38,17,5,21,2,3,3,4,22,24,99,25,-1,0,13,0,87,82,5,1445,1,23,7,32,6,44,11
1908569,1,"Liga Nacional","Liga Endesa",-402534000,NA,"https://www.acb.com/Documentos/Cabeceras/logo-competicion-1b.png","https://www.acb.com/Documentos/Cabeceras/logo-competicion-4a.png",86,2021,107,NA,NA,5425,102874,NA,NA,TRUE,3671,3671,2275,"Unicaja","Unicaja","UNI",3667,2271,"Valencia Basket","Valencia Basket","VBC",1,82,12000,7,31,22,25,38,65,11,15,73,16,8,24,11,11,14,6,3,3,0,27,22,68,-25,-1,13,0,0,82,87,4,931,0,8,13,38,5,36,10
1908443,1,"Liga Nacional","Liga Endesa",-402534000,NA,"https://www.acb.com/Documentos/Cabeceras/logo-competicion-1b.png","https://www.acb.com/Documentos/Cabeceras/logo-competicion-4a.png",86,2021,107,NA,NA,5425,102974,NA,NA,FALSE,3665,3675,2288,"Surne Bilbao Basket","Surne BB","SBB",3665,2269,"MoraBanc Andorra","MoraBanc And","MBA",1,71,12000,8,26,30,21,43,48,5,8,62,23,16,39,8,13,19,6,1,3,1,22,19,64,-15,-1,11,0,0,71,74,5,0,0,0,19,38,13,36,7
1908442,1,"Liga Nacional","Liga Endesa",-402534000,NA,"https://www.acb.com/Documentos/Cabeceras/logo-competicion-1b.png","https://www.acb.com/Documentos/Cabeceras/logo-competicion-4a.png",86,2021,107,NA,NA,5425,102974,NA,NA,TRUE,3675,3675,2288,"Surne Bilbao Basket","Surne BB","SBB",3665,2269,"MoraBanc Andorra","MoraBanc And","MBA",1,74,12000,8,23,34,17,29,58,16,24,66,26,8,34,16,12,19,4,3,1,1,19,22,87,15,-1,0,12,0,74,71,2,2305,0,15,5,32,16,22,10
1908207,1,"Liga Nacional","Liga Endesa",-402534000,NA,"https://www.acb.com/Documentos/Cabeceras/logo-competicion-1b.png","https://www.acb.com/Documentos/Cabeceras/logo-competicion-4a.png",86,2021,107,NA,NA,5425,102976,NA,NA,FALSE,3674,3668,2272,"BAXI Manresa","BAXI Manresa","BAX",3674,2278,"Real Madrid","Real Madrid","RMB",1,92,12000,13,32,40,17,35,48,19,21,90,28,12,40,16,9,18,5,2,3,3,16,20,103,25,-1,0,13,0,92,87,3,1036,8,7,4,30,12,36,7
1908206,1,"Liga Nacional","Liga Endesa",-402534000,NA,"https://www.acb.com/Documentos/Cabeceras/logo-competicion-1b.png","https://www.acb.com/Documentos/Cabeceras/logo-competicion-4a.png",86,2021,107,NA,NA,5425,102976,NA,NA,TRUE,3668,3668,2272,"BAXI Manresa","BAXI Manresa","BAX",3674,2278,"Real Madrid","Real Madrid","RMB",1,87,12000,10,29,34,21,37,56,15,16,93,24,5,29,21,8,14,11,4,2,5,20,16,93,-25,-1,13,0,0,87,92,3,1043,7,7,12,30,0,37,8
1943148,1,"Liga Nacional","Liga Endesa",-402534000,NA,"https://www.acb.com/Documentos/Cabeceras/logo-competicion-1b.png","https://www.acb.com/Documentos/Cabeceras/logo-competicion-4a.png",86,2021,107,NA,NA,5424,102772,NA,NA,FALSE,3679,3680,2284,"Lenovo Tenerife","Lenovo Tenerife","LNT",3679,2283,"Coosur Real Betis","Coosur Betis","BET",1,97,13500,11,30,36,25,45,55,14,19,73,19,13,32,25,11,7,13,1,1,5,26,22,110,-10,-1,13,0,0,97,99,4,1169,7,13,16,44,9,19,10
1943147,1,"Liga Nacional","Liga Endesa",-402534000,NA,"https://www.acb.com/Documentos/Cabeceras/logo-competicion-1b.png","https://www.acb.com/Documentos/Cabeceras/logo-competicion-4a.png",86,2021,107,NA,NA,5424,102772,NA,NA,TRUE,3680,3680,2284,"Lenovo Tenerife","Lenovo Tenerife","LNT",3679,2283,"Coosur Real Betis","Coosur Betis","BET",1,99,13500,10,32,31,23,33,69,23,26,88,28,12,40,16,3,12,3,1,1,2,22,25,114,10,-1,0,13,0,99,97,2,1272,7,8,7,34,11,42,8
1923160,1,"Liga Nacional","Liga Endesa",-402534000,NA,"https://www.acb.com/Documentos/Cabeceras/logo-competicion-1b.png","https://www.acb.com/Documentos/Cabeceras/logo-competicion-4a.png",86,2021,107,NA,NA,5424,102775,NA,NA,FALSE,3681,3673,2277,"UCAM Murcia","UCAM Murcia","UCM",3681,2285,"Hereda San Pablo Burgos","Hereda SPB","BUR",1,89,12000,8,21,38,22,36,61,21,28,75,26,13,39,17,4,15,6,1,2,3,21,23,101,30,-1,0,13,0,89,83,2,1698,4,7,2,38,11,54,8
1923159,1,"Liga Nacional","Liga Endesa",-402534000,NA,"https://www.acb.com/Documentos/Cabeceras/logo-competicion-1b.png","https://www.acb.com/Documentos/Cabeceras/logo-competicion-4a.png",86,2021,107,NA,NA,5424,102775,NA,NA,TRUE,3673,3673,2277,"UCAM Murcia","UCAM Murcia","UCM",3681,2285,"Hereda San Pablo Burgos","Hereda SPB","BUR",1,83,12000,8,32,25,21,38,55,17,25,68,15,17,32,15,5,9,0,2,1,0,23,21,76,-30,-1,13,0,0,83,89,4,473,4,6,10,38,12,43,6
1921794,1,"Liga Nacional","Liga Endesa",-402534000,NA,"https://www.acb.com/Documentos/Cabeceras/logo-competicion-1b.png","https://www.acb.com/Documentos/Cabeceras/logo-competicion-4a.png",86,2021,107,NA,NA,5424,102770,NA,NA,FALSE,3676,3667,2271,"Valencia Basket","Valencia Basket","VBC",3676,2280,"Barça","Barça","BAR",1,76,12000,10,29,34,19,37,51,8,14,57,15,8,23,17,8,18,11,3,3,5,24,20,59,-50,-1,13,0,0,76,86,4,1077,7,5,14,34,6,31,6
1921793,1,"Liga Nacional","Liga Endesa",-402534000,NA,"https://www.acb.com/Documentos/Cabeceras/logo-competicion-1b.png","https://www.acb.com/Documentos/Cabeceras/logo-competicion-4a.png",86,2021,107,NA,NA,5424,102770,NA,NA,TRUE,3667,3667,2271,"Valencia Basket","Valencia Basket","VBC",3676,2280,"Barça","Barça","BAR",1,86,12000,4,18,22,26,47,55,22,28,78,26,18,44,18,10,21,6,3,3,4,22,22,96,50,-1,0,13,0,86,76,3,1066,8,12,15,48,17,31,7
1921596,1,"Liga Nacional","Liga Endesa",-402534000,NA,"https://www.acb.com/Documentos/Cabeceras/logo-competicion-1b.png","https://www.acb.com/Documentos/Cabeceras/logo-competicion-4a.png",86,2021,107,NA,NA,5424,102873,NA,NA,FALSE,3670,3666,2270,"Joventut Badalona","Joventut","CJB",3670,2274,"Río Breogán","Río Breogán","BRE",1,87,13500,6,29,20,27,36,75,15,16,93,29,12,41,14,7,18,6,3,0,2,21,19,99,-45,-1,13,0,0,87,96,6,477,13,5,6,50,6,9,11
1921595,1,"Liga Nacional","Liga Endesa",-402534000,NA,"https://www.acb.com/Documentos/Cabeceras/logo-competicion-1b.png","https://www.acb.com/Documentos/Cabeceras/logo-competicion-4a.png",86,2021,107,NA,NA,5424,102873,NA,NA,TRUE,3666,3666,2270,"Joventut Badalona","Joventut","CJB",3670,2274,"Río Breogán","Río Breogán","BRE",1,96,13500,16,37,43,19,40,47,10,14,71,21,12,33,21,11,10,5,0,3,3,19,21,104,45,-1,0,13,0,96,87,5,1948,13,9,15,34,11,53,8
1917320,1,"Liga Nacional","Liga Endesa",-402534000,NA,"https://www.acb.com/Documentos/Cabeceras/logo-competicion-1b.png","https://www.acb.com/Documentos/Cabeceras/logo-competicion-4a.png",86,2021,107,NA,NA,5424,102774,NA,NA,FALSE,3671,3677,2365,"Urbas Fuenlabrada","Urbas Fuenla","URF",3671,2275,"Unicaja","Unicaja","UNI",1,73,12000,9,27,33,20,38,52,6,10,60,31,6,37,18,12,11,9,7,7,1,23,18,84,100,-1,0,12,0,73,53,2,2330,0,22,11,36,7,25,8
1917319,1,"Liga Nacional","Liga Endesa",-402534000,NA,"https://www.acb.com/Documentos/Cabeceras/logo-competicion-1b.png","https://www.acb.com/Documentos/Cabeceras/logo-competicion-4a.png",86,2021,107,NA,NA,5424,102774,NA,NA,TRUE,3677,3677,2365,"Urbas Fuenlabrada","Urbas Fuenla","URF",3671,2275,"Unicaja","Unicaja","UNI",1,53,12000,4,25,16,12,39,30,17,24,70,33,17,50,10,7,19,3,7,7,1,19,23,50,-100,-1,13,0,0,53,73,3,0,0,0,4,20,4,9,14
1911737,1,"Liga Nacional","Liga Endesa",-402534000,NA,"https://www.acb.com/Documentos/Cabeceras/logo-competicion-1b.png","https://www.acb.com/Documentos/Cabeceras/logo-competicion-4a.png",86,2021,107,NA,NA,5424,102769,NA,NA,FALSE,3669,3665,2269,"MoraBanc Andorra","MoraBanc And","MBA",3669,2289,"Bitci Baskonia","Bitci Baskonia","BKN",1,79,12000,12,29,41,16,35,45,11,14,78,23,10,33,17,4,11,5,5,6,2,18,22,86,5,-1,0,11,0,79,78,4,161,4,1,5,32,2,27,10
1911736,1,"Liga Nacional","Liga Endesa",-402534000,NA,"https://www.acb.com/Documentos/Cabeceras/logo-competicion-1b.png","https://www.acb.com/Documentos/Cabeceras/logo-competicion-4a.png",86,2021,107,NA,NA,5424,102769,NA,NA,TRUE,3665,3665,2269,"MoraBanc Andorra","MoraBanc And","MBA",3669,2289,"Bitci Baskonia","Bitci Baskonia","BKN",1,78,12000,10,25,40,21,43,48,6,9,66,26,11,37,15,6,13,8,6,5,3,23,17,78,-5,-1,12,0,0,78,79,3,2112,3,16,9,30,6,26,7
1911651,1,"Liga Nacional","Liga Endesa",-402534000,NA,"https://www.acb.com/Documentos/Cabeceras/logo-competicion-1b.png","https://www.acb.com/Documentos/Cabeceras/logo-competicion-4a.png",86,2021,107,NA,NA,5424,102771,NA,NA,FALSE,3682,3674,2278,"Real Madrid","Real Madrid","RMB",3682,2286,"Casademont Zaragoza","Casademont Zgz","CAZ",1,69,12000,3,18,16,22,42,52,16,18,88,24,8,32,10,7,21,4,1,4,1,24,16,49,-125,-1,13,0,0,69,94,3,0,0,0,8,32,7,28,10
1911650,1,"Liga Nacional","Liga Endesa",-402534000,NA,"https://www.acb.com/Documentos/Cabeceras/logo-competicion-1b.png","https://www.acb.com/Documentos/Cabeceras/logo-competicion-4a.png",86,2021,107,NA,NA,5424,102771,NA,NA,TRUE,3674,3674,2278,"Real Madrid","Real Madrid","RMB",3682,2286,"Casademont Zaragoza","Casademont Zgz","CAZ",1,94,12000,12,31,38,19,34,55,20,27,74,23,8,31,20,11,9,4,5,1,7,16,22,116,125,-1,0,13,0,94,69,0,2381,0,30,13,34,4,35,18
1911621,1,"Liga Nacional","Liga Endesa",-402534000,NA,"https://www.acb.com/Documentos/Cabeceras/logo-competicion-1b.png","https://www.acb.com/Documentos/Cabeceras/logo-competicion-4a.png",86,2021,107,NA,NA,5424,102773,NA,NA,FALSE,3678,3668,2272,"BAXI Manresa","BAXI Manresa","BAX",3678,2282,"Gran Canaria","Gran Canaria","GCA",1,72,12000,6,26,23,20,37,54,14,16,87,25,10,35,19,8,20,16,1,2,0,18,18,74,-95,-1,13,0,0,72,91,3,527,4,8,8,32,2,33,9
1911620,1,"Liga Nacional","Liga Endesa",-402534000,NA,"https://www.acb.com/Documentos/Cabeceras/logo-competicion-1b.png","https://www.acb.com/Documentos/Cabeceras/logo-competicion-4a.png",86,2021,107,NA,NA,5424,102773,NA,NA,TRUE,3668,3668,2272,"BAXI Manresa","BAXI Manresa","BAX",3678,2282,"Gran Canaria","Gran Canaria","GCA",1,91,12000,9,32,28,25,39,64,14,24,58,26,14,40,26,14,12,14,3,1,8,18,18,114,95,-1,0,13,0,91,72,2,1632,5,21,18,46,13,38,16
1911337,1,"Liga Nacional","Liga Endesa",-402534000,NA,"https://www.acb.com/Documentos/Cabeceras/logo-competicion-1b.png","https://www.acb.com/Documentos/Cabeceras/logo-competicion-4a.png",86,2021,107,NA,NA,5424,102863,NA,NA,FALSE,3675,3672,2276,"Monbus Obradoiro","Monbus Obra","MOB",3675,2288,"Surne Bilbao Basket","Surne BB","SBB",1,96,12000,10,26,38,27,45,60,12,17,70,22,10,32,13,11,10,6,2,2,2,17,22,108,25,-1,0,13,0,96,91,3,2230,2,12,16,44,9,41,8
1911336,1,"Liga Nacional","Liga Endesa",-402534000,NA,"https://www.acb.com/Documentos/Cabeceras/logo-competicion-1b.png","https://www.acb.com/Documentos/Cabeceras/logo-competicion-4a.png",86,2021,107,NA,NA,5424,102863,NA,NA,TRUE,3672,3672,2276,"Monbus Obradoiro","Monbus Obra","MOB",3675,2288,"Surne Bilbao Basket","Surne BB","SBB",1,91,12000,13,29,44,22,39,56,8,12,66,23,14,37,19,7,16,2,2,2,2,22,17,96,-25,-1,13,0,0,91,96,4,26,2,1,6,42,17,22,10
1947471,1,"Liga Nacional","Liga Endesa",-402534000,NA,"https://www.acb.com/Documentos/Cabeceras/logo-competicion-1b.png","https://www.acb.com/Documentos/Cabeceras/logo-competicion-4a.png",86,2021,107,NA,NA,5423,102765,NA,NA,FALSE,3677,3680,2284,"Lenovo Tenerife","Lenovo Tenerife","LNT",3677,2365,"Urbas Fuenlabrada","Urbas Fuenla","URF",1,74,12000,10,23,43,16,31,51,12,16,75,21,8,29,15,3,12,5,1,1,1,19,17,75,-65,-1,13,0,0,74,87,4,650,0,14,7,26,4,22,10
1947470,1,"Liga Nacional","Liga Endesa",-402534000,NA,"https://www.acb.com/Documentos/Cabeceras/logo-competicion-1b.png","https://www.acb.com/Documentos/Cabeceras/logo-competicion-4a.png",86,2021,107,NA,NA,5423,102765,NA,NA,TRUE,3680,3680,2284,"Lenovo Tenerife","Lenovo Tenerife","LNT",3677,2365,"Urbas Fuenlabrada","Urbas Fuenla","URF",1,87,12000,9,34,26,23,33,69,14,16,87,21,12,33,20,8,6,2,1,1,1,17,18,106,65,-1,0,13,0,87,74,1,1634,1,18,12,40,15,60,10
1947358,1,"Liga Nacional","Liga Endesa",-402534000,NA,"https://www.acb.com/Documentos/Cabeceras/logo-competicion-1b.png","https://www.acb.com/Documentos/Cabeceras/logo-competicion-4a.png",86,2021,107,NA,NA,5423,102766,NA,NA,TRUE,3681,3681,2285,"Hereda San Pablo Burgos","Hereda SPB","BUR",3666,2270,"Joventut Badalona","Joventut","CJB",1,92,12000,15,28,53,19,39,48,9,11,81,17,17,34,20,10,9,8,1,4,5,22,14,101,80,-1,0,13,0,92,76,1,2043,6,19,14,36,19,24,8
1947359,1,"Liga Nacional","Liga Endesa",-402534000,NA,"https://www.acb.com/Documentos/Cabeceras/logo-competicion-1b.png","https://www.acb.com/Documentos/Cabeceras/logo-competicion-4a.png",86,2021,107,NA,NA,5423,102766,NA,NA,FALSE,3666,3681,2285,"Hereda San Pablo Burgos","Hereda SPB","BUR",3666,2270,"Joventut Badalona","Joventut","CJB",1,76,12000,8,21,38,20,35,57,12,16,75,17,11,28,15,4,13,3,4,1,3,14,22,89,-80,-1,13,0,0,76,92,3,236,5,3,5,38,10,29,6
1947077,1,"Liga Nacional","Liga Endesa",-402534000,NA,"https://www.acb.com/Documentos/Cabeceras/logo-competicion-1b.png","https://www.acb.com/Documentos/Cabeceras/logo-competicion-4a.png",86,2021,107,NA,NA,5423,102761,NA,NA,FALSE,3671,3676,2280,"Barça","Barça","BAR",3671,2275,"Unicaja","Unicaja","UNI",1,73,12000,8,22,36,21,41,51,7,7,100,27,11,38,12,7,12,4,4,2,2,22,17,81,50,-1,0,13,0,73,63,2,1948,3,14,9,32,6,28,10
1947076,1,"Liga Nacional","Liga Endesa",-402534000,NA,"https://www.acb.com/Documentos/Cabeceras/logo-competicion-1b.png","https://www.acb.com/Documentos/Cabeceras/logo-competicion-4a.png",86,2021,107,NA,NA,5423,102761,NA,NA,TRUE,3676,3676,2280,"Barça","Barça","BAR",3671,2275,"Unicaja","Unicaja","UNI",1,63,12000,3,21,14,18,40,45,18,22,81,22,13,35,12,9,11,4,2,3,1,17,22,68,-50,-1,13,0,0,63,73,5,224,3,4,4,28,12,22,9
1947106,1,"Liga Nacional","Liga Endesa",-402534000,NA,"https://www.acb.com/Documentos/Cabeceras/logo-competicion-1b.png","https://www.acb.com/Documentos/Cabeceras/logo-competicion-4a.png",86,2021,107,NA,NA,5423,102763,NA,NA,TRUE,3670,3670,2274,"Río Breogán","Río Breogán","BRE",3668,2272,"BAXI Manresa","BAXI Manresa","BAX",1,98,12000,7,16,43,28,44,63,21,28,75,33,7,40,23,4,12,4,1,1,0,19,23,125,20,-1,0,13,0,98,94,3,1279,3,9,5,54,8,33,9
1947107,1,"Liga Nacional","Liga Endesa",-402534000,NA,"https://www.acb.com/Documentos/Cabeceras/logo-competicion-1b.png","https://www.acb.com/Documentos/Cabeceras/logo-competicion-4a.png",86,2021,107,NA,NA,5423,102763,NA,NA,FALSE,3668,3670,2274,"Río Breogán","Río Breogán","BRE",3668,2272,"BAXI Manresa","BAXI Manresa","BAX",1,94,12000,17,46,36,14,27,51,15,19,78,21,10,31,22,7,7,6,1,1,2,23,18,96,-20,-1,13,0,0,94,98,4,1069,2,9,6,22,7,32,6
1946797,1,"Liga Nacional","Liga Endesa",-402534000,NA,"https://www.acb.com/Documentos/Cabeceras/logo-competicion-1b.png","https://www.acb.com/Documentos/Cabeceras/logo-competicion-4a.png",86,2021,107,NA,NA,5423,102768,NA,NA,FALSE,3672,3682,2286,"Casademont Zaragoza","Casademont Zgz","CAZ",3672,2276,"Monbus Obradoiro","Monbus Obra","MOB",1,73,12000,10,32,31,16,27,59,11,17,64,30,9,39,14,7,15,2,5,1,4,19,17,81,-35,-1,13,0,0,73,80,4,821,6,5,7,28,4,14,11
1946796,1,"Liga Nacional","Liga Endesa",-402534000,NA,"https://www.acb.com/Documentos/Cabeceras/logo-competicion-1b.png","https://www.acb.com/Documentos/Cabeceras/logo-competicion-4a.png",86,2021,107,NA,NA,5423,102768,NA,NA,TRUE,3682,3682,2286,"Casademont Zaragoza","Casademont Zgz","CAZ",3672,2276,"Monbus Obradoiro","Monbus Obra","MOB",1,80,12000,8,24,33,24,51,47,8,11,72,25,13,38,12,7,10,8,1,5,1,18,19,78,35,-1,0,13,0,80,73,5,1353,7,11,12,44,15,46,8
1946825,1,"Liga Nacional","Liga Endesa",-402534000,NA,"https://www.acb.com/Documentos/Cabeceras/logo-competicion-1b.png","https://www.acb.com/Documentos/Cabeceras/logo-competicion-4a.png",86,2021,107,NA,NA,5423,102776,NA,NA,FALSE,3665,3678,2282,"Gran Canaria","Gran Canaria","GCA",3665,2269,"MoraBanc Andorra","MoraBanc And","MBA",1,78,12000,10,26,38,17,39,43,14,19,73,25,15,40,15,4,18,2,1,3,5,20,18,72,-30,-1,13,0,0,78,84,5,590,7,7,8,30,13,44,10
1946824,1,"Liga Nacional","Liga Endesa",-402534000,NA,"https://www.acb.com/Documentos/Cabeceras/logo-competicion-1b.png","https://www.acb.com/Documentos/Cabeceras/logo-competicion-4a.png",86,2021,107,NA,NA,5423,102776,NA,NA,TRUE,3678,3678,2282,"Gran Canaria","Gran Canaria","GCA",3665,2269,"MoraBanc Andorra","MoraBanc And","MBA",1,84,12000,9,20,45,22,44,50,13,16,81,24,8,32,15,11,11,6,4,1,2,19,20,99,30,-1,0,13,0,84,78,1,1371,8,7,11,42,7,28,7
1946543,1,"Liga Nacional","Liga Endesa",-402534000,NA,"https://www.acb.com/Documentos/Cabeceras/logo-competicion-1b.png","https://www.acb.com/Documentos/Cabeceras/logo-competicion-4a.png",86,2021,107,NA,NA,5423,102762,NA,NA,FALSE,3673,3669,2289,"Bitci Baskonia","Bitci Baskonia","BKN",3673,2277,"UCAM Murcia","UCAM Murcia","UCM",1,83,12000,12,35,34,17,41,41,13,20,65,18,17,35,18,10,10,2,2,3,4,23,21,79,-50,-1,13,0,0,83,93,5,494,6,7,11,34,14,35,11
1946542,1,"Liga Nacional","Liga Endesa",-402534000,NA,"https://www.acb.com/Documentos/Cabeceras/logo-competicion-1b.png","https://www.acb.com/Documentos/Cabeceras/logo-competicion-4a.png",86,2021,107,NA,NA,5423,102762,NA,NA,TRUE,3669,3669,2289,"Bitci Baskonia","Bitci Baskonia","BKN",3673,2277,"UCAM Murcia","UCAM Murcia","UCM",1,93,12000,9,23,39,22,30,73,22,23,95,29,4,33,20,5,15,4,3,1,2,23,21,113,50,-1,0,13,0,93,83,4,1604,7,11,9,30,6,4,9
1946515,1,"Liga Nacional","Liga Endesa",-402534000,NA,"https://www.acb.com/Documentos/Cabeceras/logo-competicion-1b.png","https://www.acb.com/Documentos/Cabeceras/logo-competicion-4a.png",86,2021,107,NA,NA,5423,102764,NA,NA,FALSE,3674,3675,2288,"Surne Bilbao Basket","Surne BB","SBB",3674,2278,"Real Madrid","Real Madrid","RMB",1,67,12000,9,38,23,14,29,48,12,16,75,31,13,44,8,5,13,2,2,4,1,19,19,61,-60,-1,13,0,0,67,79,4,344,4,4,7,22,10,37,13
1946514,1,"Liga Nacional","Liga Endesa",-402534000,NA,"https://www.acb.com/Documentos/Cabeceras/logo-competicion-1b.png","https://www.acb.com/Documentos/Cabeceras/logo-competicion-4a.png",86,2021,107,NA,NA,5423,102764,NA,NA,TRUE,3675,3675,2288,"Surne Bilbao Basket","Surne BB","SBB",3674,2278,"Real Madrid","Real Madrid","RMB",1,79,12000,10,28,35,19,42,45,11,17,64,32,14,46,10,7,7,5,4,2,5,19,19,90,60,-1,0,13,0,79,67,3,1940,4,18,14,38,13,38,15
1946375,1,"Liga Nacional","Liga Endesa",-402534000,NA,"https://www.acb.com/Documentos/Cabeceras/logo-competicion-1b.png","https://www.acb.com/Documentos/Cabeceras/logo-competicion-4a.png",86,2021,107,NA,NA,5423,102767,NA,NA,FALSE,3667,3679,2283,"Coosur Real Betis","Coosur Betis","BET",3667,2271,"Valencia Basket","Valencia Basket","VBC",1,68,12000,6,26,23,20,38,52,10,15,66,22,16,38,17,7,15,14,2,2,5,20,20,72,-35,-1,13,0,0,68,75,4,323,3,7,13,36,13,27,12
1946374,1,"Liga Nacional","Liga Endesa",-402534000,NA,"https://www.acb.com/Documentos/Cabeceras/logo-competicion-1b.png","https://www.acb.com/Documentos/Cabeceras/logo-competicion-4a.png",86,2021,107,NA,NA,5423,102767,NA,NA,TRUE,3679,3679,2283,"Coosur Real Betis","Coosur Betis","BET",3667,2271,"Valencia Basket","Valencia Basket","VBC",1,75,12000,11,25,44,12,32,37,18,21,85,22,10,32,12,8,11,2,2,2,1,19,18,78,35,-1,0,13,0,75,68,3,2055,3,11,9,18,13,25,11
1943682,1,"Liga Nacional","Liga Endesa",-402534000,NA,"https://www.acb.com/Documentos/Cabeceras/logo-competicion-1b.png","https://www.acb.com/Documentos/Cabeceras/logo-competicion-4a.png",86,2021,107,NA,NA,5422,102794,NA,NA,FALSE,3680,3667,2271,"Valencia Basket","Valencia Basket","VBC",3680,2284,"Lenovo Tenerife","Lenovo Tenerife","LNT",1,88,12000,14,37,37,17,23,73,12,14,85,18,9,27,18,6,13,6,1,2,3,16,18,96,-20,-1,13,0,0,88,92,5,200,2,3,20,28,9,44,8
1943681,1,"Liga Nacional","Liga Endesa",-402534000,NA,"https://www.acb.com/Documentos/Cabeceras/logo-competicion-1b.png","https://www.acb.com/Documentos/Cabeceras/logo-competicion-4a.png",86,2021,107,NA,NA,5422,102794,NA,NA,TRUE,3667,3667,2271,"Valencia Basket","Valencia Basket","VBC",3680,2284,"Lenovo Tenerife","Lenovo Tenerife","LNT",1,92,12000,13,25,52,18,27,66,17,21,80,19,4,23,15,7,12,7,2,1,1,18,16,99,20,-1,0,13,0,92,88,4,2029,2,19,13,26,5,43,7
1943401,1,"Liga Nacional","Liga Endesa",-402534000,NA,"https://www.acb.com/Documentos/Cabeceras/logo-competicion-1b.png","https://www.acb.com/Documentos/Cabeceras/logo-competicion-4a.png",86,2021,107,NA,NA,5422,102792,NA,NA,TRUE,3671,3671,2275,"Unicaja","Unicaja","UNI",3675,2288,"Surne Bilbao Basket","Surne BB","SBB",1,91,12000,11,24,45,25,43,58,8,10,80,28,8,36,15,4,10,5,5,1,0,21,22,108,80,-1,0,13,0,91,75,2,600,1,18,8,38,7,46,12
1943402,1,"Liga Nacional","Liga Endesa",-402534000,NA,"https://www.acb.com/Documentos/Cabeceras/logo-competicion-1b.png","https://www.acb.com/Documentos/Cabeceras/logo-competicion-4a.png",86,2021,107,NA,NA,5422,102792,NA,NA,FALSE,3675,3671,2275,"Unicaja","Unicaja","UNI",3675,2288,"Surne Bilbao Basket","Surne BB","SBB",1,75,12000,6,21,28,24,47,51,9,15,60,23,13,36,12,7,11,0,1,5,1,24,20,67,-80,-1,13,0,0,75,91,5,1755,0,13,7,40,14,29,11
1941692,1,"Liga Nacional","Liga Endesa",-402534000,NA,"https://www.acb.com/Documentos/Cabeceras/logo-competicion-1b.png","https://www.acb.com/Documentos/Cabeceras/logo-competicion-4a.png",86,2021,107,NA,NA,5422,102793,NA,NA,FALSE,3670,3673,2277,"UCAM Murcia","UCAM Murcia","UCM",3670,2274,"Río Breogán","Río Breogán","BRE",1,72,12000,8,28,28,17,35,48,14,19,73,22,11,33,11,9,17,7,0,4,0,23,17,55,-95,-1,13,0,0,72,91,5,766,0,7,7,34,6,14,12
1941691,1,"Liga Nacional","Liga Endesa",-402534000,NA,"https://www.acb.com/Documentos/Cabeceras/logo-competicion-1b.png","https://www.acb.com/Documentos/Cabeceras/logo-competicion-4a.png",86,2021,107,NA,NA,5422,102793,NA,NA,TRUE,3673,3673,2277,"UCAM Murcia","UCAM Murcia","UCM",3670,2274,"Río Breogán","Río Breogán","BRE",1,91,12000,9,24,37,26,47,55,12,20,60,27,15,42,17,9,15,2,4,0,2,19,23,108,95,-1,0,13,0,91,72,2,1524,1,21,14,50,13,21,11
1939326,1,"Liga Nacional","Liga Endesa",-402534000,NA,"https://www.acb.com/Documentos/Cabeceras/logo-competicion-1b.png","https://www.acb.com/Documentos/Cabeceras/logo-competicion-4a.png",86,2021,107,NA,NA,5422,102778,NA,NA,FALSE,3678,3666,2270,"Joventut Badalona","Joventut","CJB",3678,2282,"Gran Canaria","Gran Canaria","GCA",1,75,12000,8,24,33,17,37,45,17,25,68,27,7,34,12,8,10,8,5,6,3,22,23,75,-35,-1,13,0,0,75,82,4,245,0,7,12,32,0,25,7
1939325,1,"Liga Nacional","Liga Endesa",-402534000,NA,"https://www.acb.com/Documentos/Cabeceras/logo-competicion-1b.png","https://www.acb.com/Documentos/Cabeceras/logo-competicion-4a.png",86,2021,107,NA,NA,5422,102778,NA,NA,TRUE,3666,3666,2270,"Joventut Badalona","Joventut","CJB",3678,2282,"Gran Canaria","Gran Canaria","GCA",1,82,12000,10,29,34,20,38,52,12,18,66,30,11,41,14,4,13,2,6,5,1,24,21,83,35,-1,0,13,0,82,75,2,2134,1,18,2,36,9,51,8
1937237,1,"Liga Nacional","Liga Endesa",-402534000,NA,"https://www.acb.com/Documentos/Cabeceras/logo-competicion-1b.png","https://www.acb.com/Documentos/Cabeceras/logo-competicion-4a.png",86,2021,107,NA,NA,5422,102790,NA,NA,TRUE,3669,3669,2289,"Bitci Baskonia","Bitci Baskonia","BKN",3676,2280,"Barça","Barça","BAR",1,77,12000,5,22,22,23,42,54,16,20,80,25,9,34,16,1,10,2,2,3,3,14,26,89,-95,-1,13,0,0,77,96,4,71,0,2,4,36,7,26,8
1937238,1,"Liga Nacional","Liga Endesa",-402534000,NA,"https://www.acb.com/Documentos/Cabeceras/logo-competicion-1b.png","https://www.acb.com/Documentos/Cabeceras/logo-competicion-4a.png",86,2021,107,NA,NA,5422,102790,NA,NA,FALSE,3676,3669,2289,"Bitci Baskonia","Bitci Baskonia","BKN",3676,2280,"Barça","Barça","BAR",1,96,12000,14,31,45,24,38,63,6,6,100,25,5,30,24,6,7,2,3,2,3,26,14,107,95,-1,0,13,0,96,77,1,2159,1,25,12,42,4,35,10
1917566,1,"Liga Nacional","Liga Endesa",-402534000,NA,"https://www.acb.com/Documentos/Cabeceras/logo-competicion-1b.png","https://www.acb.com/Documentos/Cabeceras/logo-competicion-4a.png",86,2021,107,NA,NA,5422,102795,NA,NA,FALSE,3679,3672,2276,"Monbus Obradoiro","Monbus Obra","MOB",3679,2283,"Coosur Real Betis","Coosur Betis","BET",1,93,13500,13,32,40,20,43,46,14,18,77,27,11,38,14,10,10,2,3,1,0,22,20,99,35,-1,0,13,0,93,86,5,1874,3,12,2,36,6,8,9
1917565,1,"Liga Nacional","Liga Endesa",-402534000,NA,"https://www.acb.com/Documentos/Cabeceras/logo-competicion-1b.png","https://www.acb.com/Documentos/Cabeceras/logo-competicion-4a.png",86,2021,107,NA,NA,5422,102795,NA,NA,TRUE,3672,3672,2276,"Monbus Obradoiro","Monbus Obra","MOB",3679,2283,"Coosur Real Betis","Coosur Betis","BET",1,86,13500,11,37,29,18,30,60,17,23,73,28,13,41,14,5,15,0,1,3,0,20,22,87,-35,-1,12,0,0,86,93,3,623,2,8,8,32,9,11,12
1914623,1,"Liga Nacional","Liga Endesa",-402534000,NA,"https://www.acb.com/Documentos/Cabeceras/logo-competicion-1b.png","https://www.acb.com/Documentos/Cabeceras/logo-competicion-4a.png",86,2021,107,NA,NA,5422,102779,NA,NA,FALSE,3682,3677,2365,"Urbas Fuenlabrada","Urbas Fuenla","URF",3682,2286,"Casademont Zaragoza","Casademont Zgz","CAZ",1,55,12000,3,26,11,17,37,45,12,15,80,21,12,33,9,11,19,4,4,3,0,19,22,47,-110,-1,13,0,0,55,77,4,0,0,0,13,30,7,23,6
1914622,1,"Liga Nacional","Liga Endesa",-402534000,NA,"https://www.acb.com/Documentos/Cabeceras/logo-competicion-1b.png","https://www.acb.com/Documentos/Cabeceras/logo-competicion-4a.png",86,2021,107,NA,NA,5422,102779,NA,NA,TRUE,3677,3677,2365,"Urbas Fuenlabrada","Urbas Fuenla","URF",3682,2286,"Casademont Zaragoza","Casademont Zgz","CAZ",1,77,12000,8,26,30,22,39,56,9,9,100,28,14,42,18,6,18,6,4,3,4,22,17,86,110,-1,0,13,0,77,55,3,2387,0,23,15,42,16,30,8
1914240,1,"Liga Nacional","Liga Endesa",-402534000,NA,"https://www.acb.com/Documentos/Cabeceras/logo-competicion-1b.png","https://www.acb.com/Documentos/Cabeceras/logo-competicion-4a.png",86,2021,107,NA,NA,5422,102789,NA,NA,TRUE,3674,3674,2278,"Real Madrid","Real Madrid","RMB",3665,2269,"MoraBanc Andorra","MoraBanc And","MBA",1,83,12000,11,32,34,20,35,57,10,12,83,17,14,31,10,7,13,5,6,5,1,16,15,80,-25,-1,13,0,0,83,88,3,974,4,7,6,24,7,45,7
1914241,1,"Liga Nacional","Liga Endesa",-402534000,NA,"https://www.acb.com/Documentos/Cabeceras/logo-competicion-1b.png","https://www.acb.com/Documentos/Cabeceras/logo-competicion-4a.png",86,2021,107,NA,NA,5422,102789,NA,NA,FALSE,3665,3674,2278,"Real Madrid","Real Madrid","RMB",3665,2269,"MoraBanc Andorra","MoraBanc And","MBA",1,88,12000,8,17,47,27,41,65,10,14,71,23,7,30,15,5,13,8,6,5,2,15,15,99,25,-1,0,11,0,88,83,4,1239,4,10,12,44,7,32,10
1913943,1,"Liga Nacional","Liga Endesa",-402534000,NA,"https://www.acb.com/Documentos/Cabeceras/logo-competicion-1b.png","https://www.acb.com/Documentos/Cabeceras/logo-competicion-4a.png",86,2021,107,NA,NA,5422,102791,NA,NA,FALSE,3681,3668,2272,"BAXI Manresa","BAXI Manresa","BAX",3681,2285,"Hereda San Pablo Burgos","Hereda SPB","BUR",1,68,12000,7,26,26,21,43,48,5,8,62,23,15,38,17,7,18,6,4,4,3,22,13,59,-125,-1,11,0,0,68,93,4,0,0,0,11,38,11,27,5
1913942,1,"Liga Nacional","Liga Endesa",-402534000,NA,"https://www.acb.com/Documentos/Cabeceras/logo-competicion-1b.png","https://www.acb.com/Documentos/Cabeceras/logo-competicion-4a.png",86,2021,107,NA,NA,5422,102791,NA,NA,TRUE,3668,3668,2272,"BAXI Manresa","BAXI Manresa","BAX",3681,2285,"Hereda San Pablo Burgos","Hereda SPB","BUR",1,93,12000,7,28,25,28,45,62,16,20,80,26,16,42,19,10,11,12,4,4,5,14,22,119,125,-1,0,13,0,93,68,1,2338,0,25,6,48,10,43,9
1943542,1,"Liga Nacional","Liga Endesa",-402534000,NA,"https://www.acb.com/Documentos/Cabeceras/logo-competicion-1b.png","https://www.acb.com/Documentos/Cabeceras/logo-competicion-4a.png",86,2021,107,NA,NA,5421,102786,NA,NA,FALSE,3678,3681,2285,"Hereda San Pablo Burgos","Hereda SPB","BUR",3678,2282,"Gran Canaria","Gran Canaria","GCA",1,86,12000,12,25,48,17,30,56,16,26,61,18,6,24,24,6,7,4,5,2,3,20,23,103,45,-1,0,13,0,86,77,2,2348,0,22,14,24,5,36,6
1943541,1,"Liga Nacional","Liga Endesa",-402534000,NA,"https://www.acb.com/Documentos/Cabeceras/logo-competicion-1b.png","https://www.acb.com/Documentos/Cabeceras/logo-competicion-4a.png",86,2021,107,NA,NA,5421,102786,NA,NA,TRUE,3681,3681,2285,"Hereda San Pablo Burgos","Hereda SPB","BUR",3678,2282,"Gran Canaria","Gran Canaria","GCA",1,77,12000,10,26,38,17,37,45,13,20,65,22,18,40,19,5,15,6,2,5,1,23,20,77,-45,-1,13,0,0,77,86,4,0,0,0,6,26,3,36,7
1915694,1,"Liga Nacional","Liga Endesa",-402534000,NA,"https://www.acb.com/Documentos/Cabeceras/logo-competicion-1b.png","https://www.acb.com/Documentos/Cabeceras/logo-competicion-4a.png",86,2021,107,NA,NA,5421,102780,NA,NA,TRUE,3675,3675,2288,"Surne Bilbao Basket","Surne BB","SBB",3668,2272,"BAXI Manresa","BAXI Manresa","BAX",1,89,12000,6,19,31,26,40,65,19,24,79,22,11,33,13,8,17,2,2,4,1,20,22,94,35,-1,0,13,0,89,82,3,477,5,9,6,42,8,38,6
1915695,1,"Liga Nacional","Liga Endesa",-402534000,NA,"https://www.acb.com/Documentos/Cabeceras/logo-competicion-1b.png","https://www.acb.com/Documentos/Cabeceras/logo-competicion-4a.png",86,2021,107,NA,NA,5421,102780,NA,NA,FALSE,3668,3675,2288,"Surne Bilbao Basket","Surne BB","SBB",3668,2272,"BAXI Manresa","BAXI Manresa","BAX",1,82,12000,6,26,23,24,45,53,16,18,88,17,14,31,17,12,13,2,5,2,5,23,20,86,-35,-1,13,0,0,82,89,3,1838,4,10,10,36,11,36,10
1915583,1,"Liga Nacional","Liga Endesa",-402534000,NA,"https://www.acb.com/Documentos/Cabeceras/logo-competicion-1b.png","https://www.acb.com/Documentos/Cabeceras/logo-competicion-4a.png",86,2021,107,NA,NA,5421,102781,NA,NA,FALSE,3667,3674,2278,"Real Madrid","Real Madrid","RMB",3667,2271,"Valencia Basket","Valencia Basket","VBC",1,94,12000,8,21,38,26,41,63,18,24,75,24,9,33,15,6,12,8,2,4,5,23,24,101,5,-1,0,13,0,94,93,5,1676,6,13,15,38,6,52,12
1915582,1,"Liga Nacional","Liga Endesa",-402534000,NA,"https://www.acb.com/Documentos/Cabeceras/logo-competicion-1b.png","https://www.acb.com/Documentos/Cabeceras/logo-competicion-4a.png",86,2021,107,NA,NA,5421,102781,NA,NA,TRUE,3674,3674,2278,"Real Madrid","Real Madrid","RMB",3667,2271,"Valencia Basket","Valencia Basket","VBC",1,93,12000,14,31,45,19,38,50,13,16,81,19,11,30,16,8,12,0,4,2,2,25,23,96,-5,-1,13,0,0,93,94,4,430,5,10,8,30,5,50,13
1915443,1,"Liga Nacional","Liga Endesa",-402534000,NA,"https://www.acb.com/Documentos/Cabeceras/logo-competicion-1b.png","https://www.acb.com/Documentos/Cabeceras/logo-competicion-4a.png",86,2021,107,NA,NA,5421,102782,NA,NA,FALSE,3669,3677,2365,"Urbas Fuenlabrada","Urbas Fuenla","URF",3669,2289,"Bitci Baskonia","Bitci Baskonia","BKN",1,70,12000,7,27,25,19,40,47,11,12,91,25,15,40,15,3,12,6,4,2,4,12,12,76,-70,-1,13,0,0,70,84,4,934,3,6,5,30,16,5,6
1915442,1,"Liga Nacional","Liga Endesa",-402534000,NA,"https://www.acb.com/Documentos/Cabeceras/logo-competicion-1b.png","https://www.acb.com/Documentos/Cabeceras/logo-competicion-4a.png",86,2021,107,NA,NA,5421,102782,NA,NA,TRUE,3677,3677,2365,"Urbas Fuenlabrada","Urbas Fuenla","URF",3669,2289,"Bitci Baskonia","Bitci Baskonia","BKN",1,84,12000,5,21,23,29,49,59,11,14,78,26,11,37,19,6,6,6,2,4,0,12,12,99,70,-1,0,13,0,84,70,3,1332,4,18,11,52,17,39,16
1915214,1,"Liga Nacional","Liga Endesa",-402534000,NA,"https://www.acb.com/Documentos/Cabeceras/logo-competicion-1b.png","https://www.acb.com/Documentos/Cabeceras/logo-competicion-4a.png",86,2021,107,NA,NA,5421,102783,NA,NA,TRUE,3680,3680,2284,"Lenovo Tenerife","Lenovo Tenerife","LNT",3673,2277,"UCAM Murcia","UCAM Murcia","UCM",1,87,12000,12,25,48,14,34,41,23,30,76,33,3,36,18,4,8,0,1,5,3,22,25,96,80,-1,0,13,0,87,71,1,1919,1,19,7,18,0,36,13
1915215,1,"Liga Nacional","Liga Endesa",-402534000,NA,"https://www.acb.com/Documentos/Cabeceras/logo-competicion-1b.png","https://www.acb.com/Documentos/Cabeceras/logo-competicion-4a.png",86,2021,107,NA,NA,5421,102783,NA,NA,FALSE,3673,3680,2284,"Lenovo Tenerife","Lenovo Tenerife","LNT",3673,2277,"UCAM Murcia","UCAM Murcia","UCM",1,71,12000,8,28,28,18,40,45,11,19,57,31,11,42,14,5,13,5,5,1,2,26,22,69,-80,-1,13,0,0,71,87,4,381,1,6,5,36,4,20,8
1915159,1,"Liga Nacional","Liga Endesa",-402534000,NA,"https://www.acb.com/Documentos/Cabeceras/logo-competicion-1b.png","https://www.acb.com/Documentos/Cabeceras/logo-competicion-4a.png",86,2021,107,NA,NA,5421,102784,NA,NA,FALSE,3672,3676,2280,"Barça","Barça","BAR",3672,2276,"Monbus Obradoiro","Monbus Obra","MOB",1,67,12000,5,23,21,19,32,59,14,19,73,22,4,26,15,3,11,3,1,1,1,22,16,58,-80,-1,13,0,0,67,83,4,444,5,4,5,26,2,35,7
1915158,1,"Liga Nacional","Liga Endesa",-402534000,NA,"https://www.acb.com/Documentos/Cabeceras/logo-competicion-1b.png","https://www.acb.com/Documentos/Cabeceras/logo-competicion-4a.png",86,2021,107,NA,NA,5421,102784,NA,NA,TRUE,3676,3676,2280,"Barça","Barça","BAR",3672,2276,"Monbus Obradoiro","Monbus Obra","MOB",1,83,12000,10,24,41,17,39,43,19,22,86,28,16,44,18,9,10,4,1,1,1,16,22,111,80,-1,0,13,0,83,67,3,1561,6,16,5,30,10,36,8
1915034,1,"Liga Nacional","Liga Endesa",-402534000,NA,"https://www.acb.com/Documentos/Cabeceras/logo-competicion-1b.png","https://www.acb.com/Documentos/Cabeceras/logo-competicion-4a.png",86,2021,107,NA,NA,5421,102785,NA,NA,FALSE,3666,3665,2269,"MoraBanc Andorra","MoraBanc And","MBA",3666,2270,"Joventut Badalona","Joventut","CJB",1,72,12000,10,34,29,15,28,53,12,16,75,15,11,26,16,10,13,11,1,2,2,18,21,72,-95,-1,12,0,0,72,91,3,0,0,0,6,30,5,36,11
1915033,1,"Liga Nacional","Liga Endesa",-402534000,NA,"https://www.acb.com/Documentos/Cabeceras/logo-competicion-1b.png","https://www.acb.com/Documentos/Cabeceras/logo-competicion-4a.png",86,2021,107,NA,NA,5421,102785,NA,NA,TRUE,3665,3665,2269,"MoraBanc Andorra","MoraBanc And","MBA",3666,2270,"Joventut Badalona","Joventut","CJB",1,91,12000,10,24,41,25,34,73,11,16,68,27,10,37,20,8,15,10,2,1,5,21,18,111,95,-1,0,11,0,91,72,2,2362,0,30,10,38,4,51,13
1914795,1,"Liga Nacional","Liga Endesa",-402534000,NA,"https://www.acb.com/Documentos/Cabeceras/logo-competicion-1b.png","https://www.acb.com/Documentos/Cabeceras/logo-competicion-4a.png",86,2021,107,NA,NA,5421,102787,NA,NA,TRUE,3679,3679,2283,"Coosur Real Betis","Coosur Betis","BET",3670,2274,"Río Breogán","Río Breogán","BRE",1,84,12000,13,28,46,16,28,57,13,15,86,24,4,28,20,8,15,11,5,1,2,23,20,97,15,-1,0,13,0,84,81,3,792,7,6,9,32,2,28,7
1914796,1,"Liga Nacional","Liga Endesa",-402534000,NA,"https://www.acb.com/Documentos/Cabeceras/logo-competicion-1b.png","https://www.acb.com/Documentos/Cabeceras/logo-competicion-4a.png",86,2021,107,NA,NA,5421,102787,NA,NA,FALSE,3670,3679,2283,"Coosur Real Betis","Coosur Betis","BET",3670,2274,"Río Breogán","Río Breogán","BRE",1,81,12000,10,27,37,18,34,52,15,19,78,25,9,34,19,6,15,2,1,5,2,21,23,86,-15,-1,11,0,0,81,84,5,1451,7,10,8,30,8,27,7
1914767,1,"Liga Nacional","Liga Endesa",-402534000,NA,"https://www.acb.com/Documentos/Cabeceras/logo-competicion-1b.png","https://www.acb.com/Documentos/Cabeceras/logo-competicion-4a.png",86,2021,107,NA,NA,5421,102788,NA,NA,FALSE,3671,3682,2286,"Casademont Zaragoza","Casademont Zgz","CAZ",3671,2275,"Unicaja","Unicaja","UNI",1,82,12000,11,23,47,18,38,47,13,16,81,19,12,31,14,6,12,10,2,3,2,23,19,81,-55,-1,12,0,0,82,93,3,58,3,2,8,32,9,18,7
1914766,1,"Liga Nacional","Liga Endesa",-402534000,NA,"https://www.acb.com/Documentos/Cabeceras/logo-competicion-1b.png","https://www.acb.com/Documentos/Cabeceras/logo-competicion-4a.png",86,2021,107,NA,NA,5421,102788,NA,NA,TRUE,3682,3682,2286,"Casademont Zaragoza","Casademont Zgz","CAZ",3671,2275,"Unicaja","Unicaja","UNI",1,93,12000,9,23,39,21,35,60,24,28,85,21,12,33,15,6,11,3,3,2,5,19,21,107,55,-1,0,13,0,93,82,2,2066,3,24,7,38,16,51,10
1943093,1,"Liga Nacional","Liga Endesa",-402534000,NA,"https://www.acb.com/Documentos/Cabeceras/logo-competicion-1b.png","https://www.acb.com/Documentos/Cabeceras/logo-competicion-4a.png",86,2021,107,NA,NA,5420,102734,NA,NA,TRUE,3673,3673,2277,"UCAM Murcia","UCAM Murcia","UCM",3676,2280,"Barça","Barça","BAR",1,87,12000,5,23,21,26,47,55,20,28,71,21,12,33,9,9,12,4,1,3,3,26,23,74,-10,-1,13,0,0,87,89,5,1648,0,17,12,48,8,19,11
1943094,1,"Liga Nacional","Liga Endesa",-402534000,NA,"https://www.acb.com/Documentos/Cabeceras/logo-competicion-1b.png","https://www.acb.com/Documentos/Cabeceras/logo-competicion-4a.png",86,2021,107,NA,NA,5420,102734,NA,NA,FALSE,3676,3673,2277,"UCAM Murcia","UCAM Murcia","UCM",3676,2280,"Barça","Barça","BAR",1,89,12000,8,24,33,20,36,55,25,31,80,28,10,38,11,5,18,6,4,1,3,25,26,91,10,-1,0,12,0,89,87,5,664,1,6,6,38,12,32,10
1917797,1,"Liga Nacional","Liga Endesa",-402534000,NA,"https://www.acb.com/Documentos/Cabeceras/logo-competicion-1b.png","https://www.acb.com/Documentos/Cabeceras/logo-competicion-4a.png",86,2021,107,NA,NA,5420,102733,NA,NA,TRUE,3681,3681,2285,"Hereda San Pablo Burgos","Hereda SPB","BUR",3675,2288,"Surne Bilbao Basket","Surne BB","SBB",1,104,15000,10,28,35,23,54,42,28,37,75,31,18,49,14,10,14,3,2,4,2,23,29,109,35,-1,0,13,0,104,97,4,461,7,8,3,40,16,59,12
1917798,1,"Liga Nacional","Liga Endesa",-402534000,NA,"https://www.acb.com/Documentos/Cabeceras/logo-competicion-1b.png","https://www.acb.com/Documentos/Cabeceras/logo-competicion-4a.png",86,2021,107,NA,NA,5420,102733,NA,NA,FALSE,3675,3681,2285,"Hereda San Pablo Burgos","Hereda SPB","BUR",3675,2288,"Surne Bilbao Basket","Surne BB","SBB",1,97,15000,10,28,35,28,50,56,11,26,42,34,14,48,16,6,16,3,4,2,2,30,23,91,-35,-1,13,0,0,97,104,5,2198,6,17,7,50,10,34,10
1916833,1,"Liga Nacional","Liga Endesa",-402534000,NA,"https://www.acb.com/Documentos/Cabeceras/logo-competicion-1b.png","https://www.acb.com/Documentos/Cabeceras/logo-competicion-4a.png",86,2021,107,NA,NA,5420,102735,NA,NA,FALSE,3674,3671,2275,"Unicaja","Unicaja","UNI",3674,2278,"Real Madrid","Real Madrid","RMB",1,92,12000,9,20,45,21,37,56,23,26,88,26,10,36,11,6,18,8,3,1,3,20,26,105,5,-1,0,13,0,92,91,4,1266,5,10,2,30,11,41,7
1916832,1,"Liga Nacional","Liga Endesa",-402534000,NA,"https://www.acb.com/Documentos/Cabeceras/logo-competicion-1b.png","https://www.acb.com/Documentos/Cabeceras/logo-competicion-4a.png",86,2021,107,NA,NA,5420,102735,NA,NA,TRUE,3671,3671,2275,"Unicaja","Unicaja","UNI",3674,2278,"Real Madrid","Real Madrid","RMB",1,91,12000,13,27,48,19,40,47,14,20,70,20,9,29,17,10,9,8,1,3,3,26,19,88,-5,-1,13,0,0,91,92,4,745,5,7,22,30,6,31,7
1916693,1,"Liga Nacional","Liga Endesa",-402534000,NA,"https://www.acb.com/Documentos/Cabeceras/logo-competicion-1b.png","https://www.acb.com/Documentos/Cabeceras/logo-competicion-4a.png",86,2021,107,NA,NA,5420,102736,NA,NA,FALSE,3667,3670,2274,"Río Breogán","Río Breogán","BRE",3667,2271,"Valencia Basket","Valencia Basket","VBC",1,82,12000,12,37,32,18,34,52,10,11,90,12,13,25,17,6,9,0,0,4,1,23,18,70,-85,-1,13,0,0,82,99,4,169,3,4,5,28,6,53,8
1916692,1,"Liga Nacional","Liga Endesa",-402534000,NA,"https://www.acb.com/Documentos/Cabeceras/logo-competicion-1b.png","https://www.acb.com/Documentos/Cabeceras/logo-competicion-4a.png",86,2021,107,NA,NA,5420,102736,NA,NA,TRUE,3670,3670,2274,"Río Breogán","Río Breogán","BRE",3667,2271,"Valencia Basket","Valencia Basket","VBC",1,99,12000,9,21,42,25,34,73,22,26,84,28,7,35,18,5,12,13,4,0,0,18,23,129,85,-1,0,13,0,99,82,4,2096,3,19,4,42,5,27,12
1916496,1,"Liga Nacional","Liga Endesa",-402534000,NA,"https://www.acb.com/Documentos/Cabeceras/logo-competicion-1b.png","https://www.acb.com/Documentos/Cabeceras/logo-competicion-4a.png",86,2021,107,NA,NA,5420,102737,NA,NA,TRUE,3678,3678,2282,"Gran Canaria","Gran Canaria","GCA",3677,2365,"Urbas Fuenlabrada","Urbas Fuenla","URF",1,79,12000,7,24,29,21,31,67,16,19,84,33,8,41,15,8,17,6,3,2,4,13,21,105,95,-1,0,13,0,79,60,2,2054,2,23,7,32,6,44,8
1916497,1,"Liga Nacional","Liga Endesa",-402534000,NA,"https://www.acb.com/Documentos/Cabeceras/logo-competicion-1b.png","https://www.acb.com/Documentos/Cabeceras/logo-competicion-4a.png",86,2021,107,NA,NA,5420,102737,NA,NA,FALSE,3677,3678,2282,"Gran Canaria","Gran Canaria","GCA",3677,2365,"Urbas Fuenlabrada","Urbas Fuenla","URF",1,60,12000,7,31,22,15,37,40,9,11,81,19,14,33,11,9,13,0,2,2,0,21,13,44,-95,-1,13,0,0,60,79,5,241,1,4,9,26,12,28,8
1916413,1,"Liga Nacional","Liga Endesa",-402534000,NA,"https://www.acb.com/Documentos/Cabeceras/logo-competicion-1b.png","https://www.acb.com/Documentos/Cabeceras/logo-competicion-4a.png",86,2021,107,NA,NA,5420,102739,NA,NA,FALSE,3679,3669,2289,"Bitci Baskonia","Bitci Baskonia","BKN",3679,2283,"Coosur Real Betis","Coosur Betis","BET",1,72,12000,2,12,16,29,42,69,8,11,72,22,6,28,15,3,15,0,1,1,1,21,17,73,-105,-1,13,0,0,72,93,4,258,5,2,0,40,8,29,9
1916412,1,"Liga Nacional","Liga Endesa",-402534000,NA,"https://www.acb.com/Documentos/Cabeceras/logo-competicion-1b.png","https://www.acb.com/Documentos/Cabeceras/logo-competicion-4a.png",86,2021,107,NA,NA,5420,102739,NA,NA,TRUE,3669,3669,2289,"Bitci Baskonia","Bitci Baskonia","BKN",3679,2283,"Coosur Real Betis","Coosur Betis","BET",1,93,12000,12,29,41,21,34,61,15,15,100,19,7,26,24,7,6,5,1,1,6,17,20,117,105,-1,0,13,0,93,72,3,2007,6,23,14,34,10,23,14
1916143,1,"Liga Nacional","Liga Endesa",-402534000,NA,"https://www.acb.com/Documentos/Cabeceras/logo-competicion-1b.png","https://www.acb.com/Documentos/Cabeceras/logo-competicion-4a.png",86,2021,107,NA,NA,5420,102759,NA,NA,FALSE,3665,3672,2276,"Monbus Obradoiro","Monbus Obra","MOB",3665,2269,"MoraBanc Andorra","MoraBanc And","MBA",1,73,12000,7,26,26,20,38,52,12,16,75,21,12,33,12,8,13,8,1,1,5,29,20,63,-40,-1,12,0,0,73,81,5,193,1,4,10,36,10,30,8
1916142,1,"Liga Nacional","Liga Endesa",-402534000,NA,"https://www.acb.com/Documentos/Cabeceras/logo-competicion-1b.png","https://www.acb.com/Documentos/Cabeceras/logo-competicion-4a.png",86,2021,107,NA,NA,5420,102759,NA,NA,TRUE,3672,3672,2276,"Monbus Obradoiro","Monbus Obra","MOB",3665,2269,"MoraBanc Andorra","MoraBanc And","MBA",1,81,12000,5,22,22,18,30,60,30,36,83,26,10,36,18,9,12,2,1,1,2,21,29,105,40,-1,0,13,0,81,73,4,2112,1,17,4,30,9,7,9
1916170,1,"Liga Nacional","Liga Endesa",-402534000,NA,"https://www.acb.com/Documentos/Cabeceras/logo-competicion-1b.png","https://www.acb.com/Documentos/Cabeceras/logo-competicion-4a.png",86,2021,107,NA,NA,5420,102777,NA,NA,FALSE,3680,3666,2270,"Joventut Badalona","Joventut","CJB",3680,2284,"Lenovo Tenerife","Lenovo Tenerife","LNT",1,74,12000,7,25,28,18,31,58,17,23,73,30,11,41,14,4,14,2,1,1,3,18,24,88,80,-1,0,13,0,74,58,1,1133,5,20,4,32,7,25,12
1916169,1,"Liga Nacional","Liga Endesa",-402534000,NA,"https://www.acb.com/Documentos/Cabeceras/logo-competicion-1b.png","https://www.acb.com/Documentos/Cabeceras/logo-competicion-4a.png",86,2021,107,NA,NA,5420,102777,NA,NA,TRUE,3666,3666,2270,"Joventut Badalona","Joventut","CJB",3680,2284,"Lenovo Tenerife","Lenovo Tenerife","LNT",1,58,12000,3,22,13,21,41,51,7,9,77,23,9,32,17,7,16,2,1,1,3,28,16,45,-80,-1,12,0,0,58,74,2,1014,4,9,6,42,0,18,10
1916003,1,"Liga Nacional","Liga Endesa",-402534000,NA,"https://www.acb.com/Documentos/Cabeceras/logo-competicion-1b.png","https://www.acb.com/Documentos/Cabeceras/logo-competicion-4a.png",86,2021,107,NA,NA,5420,102760,NA,NA,FALSE,3682,3668,2272,"BAXI Manresa","BAXI Manresa","BAX",3682,2286,"Casademont Zaragoza","Casademont Zgz","CAZ",1,73,12000,6,22,27,19,31,61,17,27,62,26,7,33,10,6,22,13,7,4,6,20,25,70,-105,-1,13,0,0,73,94,4,14,0,2,6,32,10,40,7
1916002,1,"Liga Nacional","Liga Endesa",-402534000,NA,"https://www.acb.com/Documentos/Cabeceras/logo-competicion-1b.png","https://www.acb.com/Documentos/Cabeceras/logo-competicion-4a.png",86,2021,107,NA,NA,5420,102760,NA,NA,TRUE,3668,3668,2272,"BAXI Manresa","BAXI Manresa","BAX",3682,2286,"Casademont Zaragoza","Casademont Zgz","CAZ",1,94,12000,13,32,40,19,42,45,17,21,80,25,13,38,20,13,14,18,4,7,4,25,18,95,105,-1,0,13,0,94,73,0,2312,1,28,17,32,7,47,15
1932279,1,"Liga Nacional","Liga Endesa",-402534000,NA,"https://www.acb.com/Documentos/Cabeceras/logo-competicion-1b.png","https://www.acb.com/Documentos/Cabeceras/logo-competicion-4a.png",86,2021,107,NA,NA,5419,102731,NA,NA,FALSE,3668,3667,2271,"Valencia Basket","Valencia Basket","VBC",3668,2272,"BAXI Manresa","BAXI Manresa","BAX",1,85,12000,6,26,23,26,45,57,15,19,78,23,13,36,13,7,13,8,3,4,3,30,19,73,-25,-1,13,0,0,85,90,3,282,7,3,15,42,12,55,7
1932278,1,"Liga Nacional","Liga Endesa",-402534000,NA,"https://www.acb.com/Documentos/Cabeceras/logo-competicion-1b.png","https://www.acb.com/Documentos/Cabeceras/logo-competicion-4a.png",86,2021,107,NA,NA,5419,102731,NA,NA,TRUE,3667,3667,2271,"Valencia Basket","Valencia Basket","VBC",3668,2272,"BAXI Manresa","BAXI Manresa","BAX",1,90,12000,11,30,36,19,31,61,19,30,63,25,12,37,18,6,19,7,4,3,2,19,30,102,25,-1,0,13,0,90,85,3,1877,7,9,2,38,14,38,10
1923020,1,"Liga Nacional","Liga Endesa",-402534000,NA,"https://www.acb.com/Documentos/Cabeceras/logo-competicion-1b.png","https://www.acb.com/Documentos/Cabeceras/logo-competicion-4a.png",86,2021,107,NA,NA,5419,102729,NA,NA,FALSE,3676,3677,2365,"Urbas Fuenlabrada","Urbas Fuenla","URF",3676,2280,"Barça","Barça","BAR",1,86,12000,10,23,43,22,37,59,12,15,80,28,12,40,23,7,19,4,2,2,3,19,19,106,85,-1,0,13,0,86,69,3,1762,1,17,6,40,6,53,9
1923019,1,"Liga Nacional","Liga Endesa",-402534000,NA,"https://www.acb.com/Documentos/Cabeceras/logo-competicion-1b.png","https://www.acb.com/Documentos/Cabeceras/logo-competicion-4a.png",86,2021,107,NA,NA,5419,102729,NA,NA,TRUE,3677,3677,2365,"Urbas Fuenlabrada","Urbas Fuenla","URF",3676,2280,"Barça","Barça","BAR",1,69,12000,4,16,25,23,45,51,11,17,64,18,7,25,18,10,12,0,3,2,3,19,19,71,-85,-1,13,0,0,69,86,3,371,1,5,7,44,6,31,11
1922880,1,"Liga Nacional","Liga Endesa",-402534000,NA,"https://www.acb.com/Documentos/Cabeceras/logo-competicion-1b.png","https://www.acb.com/Documentos/Cabeceras/logo-competicion-4a.png",86,2021,107,NA,NA,5419,102724,NA,NA,FALSE,3678,3682,2286,"Casademont Zaragoza","Casademont Zgz","CAZ",3678,2282,"Gran Canaria","Gran Canaria","GCA",1,86,12000,11,26,42,24,49,48,5,6,83,24,15,39,18,8,14,4,3,1,3,22,15,91,50,-1,0,13,0,86,76,4,1791,1,14,15,42,10,58,10
1922879,1,"Liga Nacional","Liga Endesa",-402534000,NA,"https://www.acb.com/Documentos/Cabeceras/logo-competicion-1b.png","https://www.acb.com/Documentos/Cabeceras/logo-competicion-4a.png",86,2021,107,NA,NA,5419,102724,NA,NA,TRUE,3682,3682,2286,"Casademont Zaragoza","Casademont Zgz","CAZ",3678,2282,"Gran Canaria","Gran Canaria","GCA",1,76,12000,8,19,42,18,33,54,16,20,80,22,3,25,13,7,14,7,1,3,4,15,21,81,-50,-1,13,0,0,76,86,2,499,1,8,4,32,5,24,8
1922710,1,"Liga Nacional","Liga Endesa",-402534000,NA,"https://www.acb.com/Documentos/Cabeceras/logo-competicion-1b.png","https://www.acb.com/Documentos/Cabeceras/logo-competicion-4a.png",86,2021,107,NA,NA,5419,102725,NA,NA,FALSE,3669,3674,2278,"Real Madrid","Real Madrid","RMB",3669,2289,"Bitci Baskonia","Bitci Baskonia","BKN",1,80,12000,9,23,39,21,43,48,11,14,78,29,9,38,15,5,9,4,3,5,2,19,21,90,40,-1,0,13,0,80,72,5,644,4,10,4,28,4,30,8
1922709,1,"Liga Nacional","Liga Endesa",-402534000,NA,"https://www.acb.com/Documentos/Cabeceras/logo-competicion-1b.png","https://www.acb.com/Documentos/Cabeceras/logo-competicion-4a.png",86,2021,107,NA,NA,5419,102725,NA,NA,TRUE,3674,3674,2278,"Real Madrid","Real Madrid","RMB",3669,2289,"Bitci Baskonia","Bitci Baskonia","BKN",1,72,12000,4,24,16,18,33,54,24,26,92,28,6,34,16,7,10,2,5,3,3,21,19,82,-40,-1,13,0,0,72,80,3,1547,3,11,0,26,5,37,10
1922485,1,"Liga Nacional","Liga Endesa",-402534000,NA,"https://www.acb.com/Documentos/Cabeceras/logo-competicion-1b.png","https://www.acb.com/Documentos/Cabeceras/logo-competicion-4a.png",86,2021,107,NA,NA,5419,102728,NA,NA,TRUE,3675,3675,2288,"Surne Bilbao Basket","Surne BB","SBB",3666,2270,"Joventut Badalona","Joventut","CJB",1,71,12000,6,21,28,20,44,45,13,17,76,20,9,29,10,5,8,2,2,2,0,17,19,66,-30,-1,13,0,0,71,77,2,0,0,0,4,32,9,31,7
1922486,1,"Liga Nacional","Liga Endesa",-402534000,NA,"https://www.acb.com/Documentos/Cabeceras/logo-competicion-1b.png","https://www.acb.com/Documentos/Cabeceras/logo-competicion-4a.png",86,2021,107,NA,NA,5419,102728,NA,NA,FALSE,3666,3675,2288,"Surne Bilbao Basket","Surne BB","SBB",3666,2270,"Joventut Badalona","Joventut","CJB",1,77,12000,7,19,36,22,39,56,12,15,80,32,5,37,17,7,11,2,2,2,1,19,17,93,30,-1,0,13,0,77,71,3,2360,0,18,2,40,4,31,7
1922458,1,"Liga Nacional","Liga Endesa",-402534000,NA,"https://www.acb.com/Documentos/Cabeceras/logo-competicion-1b.png","https://www.acb.com/Documentos/Cabeceras/logo-competicion-4a.png",86,2021,107,NA,NA,5419,102732,NA,NA,FALSE,3670,3665,2269,"MoraBanc Andorra","MoraBanc And","MBA",3670,2274,"Río Breogán","Río Breogán","BRE",1,86,12000,7,23,30,23,43,53,19,27,70,25,11,36,18,10,9,4,1,2,2,20,25,101,35,-1,0,13,0,86,79,3,1889,4,10,2,46,8,42,8
1922457,1,"Liga Nacional","Liga Endesa",-402534000,NA,"https://www.acb.com/Documentos/Cabeceras/logo-competicion-1b.png","https://www.acb.com/Documentos/Cabeceras/logo-competicion-4a.png",86,2021,107,NA,NA,5419,102732,NA,NA,TRUE,3665,3665,2269,"MoraBanc Andorra","MoraBanc And","MBA",3670,2274,"Río Breogán","Río Breogán","BRE",1,79,12000,7,28,25,24,36,66,10,16,62,29,10,39,14,5,13,13,2,1,1,26,19,79,-35,-1,13,0,0,79,86,2,372,4,4,9,40,8,42,6
1922262,1,"Liga Nacional","Liga Endesa",-402534000,NA,"https://www.acb.com/Documentos/Cabeceras/logo-competicion-1b.png","https://www.acb.com/Documentos/Cabeceras/logo-competicion-4a.png",86,2021,107,NA,NA,5419,102727,NA,NA,FALSE,3672,3680,2284,"Lenovo Tenerife","Lenovo Tenerife","LNT",3672,2276,"Monbus Obradoiro","Monbus Obra","MOB",1,83,12000,9,28,32,20,33,60,16,23,69,17,12,29,21,8,9,5,2,0,2,23,18,90,-15,-1,13,0,0,83,86,3,882,2,5,11,36,16,29,7
1922261,1,"Liga Nacional","Liga Endesa",-402534000,NA,"https://www.acb.com/Documentos/Cabeceras/logo-competicion-1b.png","https://www.acb.com/Documentos/Cabeceras/logo-competicion-4a.png",86,2021,107,NA,NA,5419,102727,NA,NA,TRUE,3680,3680,2284,"Lenovo Tenerife","Lenovo Tenerife","LNT",3672,2276,"Monbus Obradoiro","Monbus Obra","MOB",1,86,12000,9,20,45,22,39,56,15,19,78,21,11,32,12,3,11,0,0,2,2,18,23,93,15,-1,0,13,0,86,83,3,1373,3,11,4,30,10,37,8
1922178,1,"Liga Nacional","Liga Endesa",-402534000,NA,"https://www.acb.com/Documentos/Cabeceras/logo-competicion-1b.png","https://www.acb.com/Documentos/Cabeceras/logo-competicion-4a.png",86,2021,107,NA,NA,5419,102726,NA,NA,FALSE,3681,3679,2283,"Coosur Real Betis","Coosur Betis","BET",3681,2285,"Hereda San Pablo Burgos","Hereda SPB","BUR",1,74,12000,10,24,41,18,33,54,8,15,53,23,10,33,14,10,12,7,5,1,0,19,17,85,15,-1,0,13,0,74,71,1,1634,3,9,7,28,11,37,10
1922177,1,"Liga Nacional","Liga Endesa",-402534000,NA,"https://www.acb.com/Documentos/Cabeceras/logo-competicion-1b.png","https://www.acb.com/Documentos/Cabeceras/logo-competicion-4a.png",86,2021,107,NA,NA,5419,102726,NA,NA,TRUE,3679,3679,2283,"Coosur Real Betis","Coosur Betis","BET",3681,2285,"Hereda San Pablo Burgos","Hereda SPB","BUR",1,71,12000,11,35,31,10,22,45,18,20,90,24,13,37,20,8,14,2,1,5,2,17,19,82,-15,-1,13,0,0,71,74,4,566,3,6,11,18,10,31,9
1921765,1,"Liga Nacional","Liga Endesa",-402534000,NA,"https://www.acb.com/Documentos/Cabeceras/logo-competicion-1b.png","https://www.acb.com/Documentos/Cabeceras/logo-competicion-4a.png",86,2021,107,NA,NA,5419,102730,NA,NA,TRUE,3671,3671,2275,"Unicaja","Unicaja","UNI",3673,2277,"UCAM Murcia","UCAM Murcia","UCM",1,87,12000,7,23,30,26,51,50,14,20,70,20,10,30,14,6,10,6,4,1,2,23,22,82,-5,-1,13,0,0,87,88,4,2104,6,15,18,40,9,31,9
1921766,1,"Liga Nacional","Liga Endesa",-402534000,NA,"https://www.acb.com/Documentos/Cabeceras/logo-competicion-1b.png","https://www.acb.com/Documentos/Cabeceras/logo-competicion-4a.png",86,2021,107,NA,NA,5419,102730,NA,NA,FALSE,3673,3671,2275,"Unicaja","Unicaja","UNI",3673,2277,"UCAM Murcia","UCAM Murcia","UCM",1,88,12000,9,25,36,24,44,54,13,18,72,30,15,45,13,7,20,11,1,4,3,23,22,88,5,-1,0,13,0,88,87,5,234,7,3,11,44,10,22,7
1926898,1,"Liga Nacional","Liga Endesa",-402534000,NA,"https://www.acb.com/Documentos/Cabeceras/logo-competicion-1b.png","https://www.acb.com/Documentos/Cabeceras/logo-competicion-4a.png",86,2021,107,NA,NA,5418,102753,NA,NA,TRUE,3672,3672,2276,"Monbus Obradoiro","Monbus Obra","MOB",3669,2289,"Bitci Baskonia","Bitci Baskonia","BKN",1,81,12000,10,29,34,20,37,54,11,16,68,23,8,31,19,8,8,4,3,5,2,13,17,92,25,-1,0,13,0,81,76,3,1768,3,10,5,36,10,28,12
1926899,1,"Liga Nacional","Liga Endesa",-402534000,NA,"https://www.acb.com/Documentos/Cabeceras/logo-competicion-1b.png","https://www.acb.com/Documentos/Cabeceras/logo-competicion-4a.png",86,2021,107,NA,NA,5418,102753,NA,NA,FALSE,3669,3672,2276,"Monbus Obradoiro","Monbus Obra","MOB",3669,2289,"Bitci Baskonia","Bitci Baskonia","BKN",1,76,12000,8,22,36,21,50,42,10,13,76,30,17,47,14,7,15,4,5,3,4,17,13,81,-25,-1,13,0,0,76,81,5,483,2,4,5,36,16,25,9
1926729,1,"Liga Nacional","Liga Endesa",-402534000,NA,"https://www.acb.com/Documentos/Cabeceras/logo-competicion-1b.png","https://www.acb.com/Documentos/Cabeceras/logo-competicion-4a.png",86,2021,107,NA,NA,5418,102754,NA,NA,FALSE,3674,3681,2285,"Hereda San Pablo Burgos","Hereda SPB","BUR",3674,2278,"Real Madrid","Real Madrid","RMB",1,85,12000,13,32,40,15,29,51,16,19,84,31,11,42,23,3,12,2,4,0,1,14,17,112,75,-1,0,13,0,85,70,3,2387,0,20,0,30,12,39,7
1926728,1,"Liga Nacional","Liga Endesa",-402534000,NA,"https://www.acb.com/Documentos/Cabeceras/logo-competicion-1b.png","https://www.acb.com/Documentos/Cabeceras/logo-competicion-4a.png",86,2021,107,NA,NA,5418,102754,NA,NA,TRUE,3681,3681,2285,"Hereda San Pablo Burgos","Hereda SPB","BUR",3674,2278,"Real Madrid","Real Madrid","RMB",1,70,12000,8,22,36,19,46,41,8,10,80,25,9,34,21,10,8,8,0,4,2,18,14,76,-75,-1,13,0,0,70,85,3,0,0,0,14,36,7,29,7
1926617,1,"Liga Nacional","Liga Endesa",-402534000,NA,"https://www.acb.com/Documentos/Cabeceras/logo-competicion-1b.png","https://www.acb.com/Documentos/Cabeceras/logo-competicion-4a.png",86,2021,107,NA,NA,5418,102755,NA,NA,FALSE,3679,3676,2280,"Barça","Barça","BAR",3679,2283,"Coosur Real Betis","Coosur Betis","BET",1,63,12000,4,12,33,22,41,53,7,9,77,24,3,27,9,5,17,4,3,1,2,16,16,60,-100,-1,13,0,0,63,83,4,58,1,2,2,38,5,24,6
1926616,1,"Liga Nacional","Liga Endesa",-402534000,NA,"https://www.acb.com/Documentos/Cabeceras/logo-competicion-1b.png","https://www.acb.com/Documentos/Cabeceras/logo-competicion-4a.png",86,2021,107,NA,NA,5418,102755,NA,NA,TRUE,3676,3676,2280,"Barça","Barça","BAR",3679,2283,"Coosur Real Betis","Coosur Betis","BET",1,83,12000,12,31,38,18,36,50,11,12,91,24,13,37,16,7,11,0,1,3,1,16,15,91,100,-1,0,13,0,83,63,3,2271,1,25,10,36,13,51,11
1926476,1,"Liga Nacional","Liga Endesa",-402534000,NA,"https://www.acb.com/Documentos/Cabeceras/logo-competicion-1b.png","https://www.acb.com/Documentos/Cabeceras/logo-competicion-4a.png",86,2021,107,NA,NA,5418,102756,NA,NA,TRUE,3673,3673,2277,"UCAM Murcia","UCAM Murcia","UCM",3665,2269,"MoraBanc Andorra","MoraBanc And","MBA",1,96,12000,10,37,27,21,35,60,24,30,80,22,21,43,23,14,13,6,1,2,2,21,25,119,145,-1,0,13,0,96,67,3,2374,0,36,22,40,24,53,10
1926477,1,"Liga Nacional","Liga Endesa",-402534000,NA,"https://www.acb.com/Documentos/Cabeceras/logo-competicion-1b.png","https://www.acb.com/Documentos/Cabeceras/logo-competicion-4a.png",86,2021,107,NA,NA,5418,102756,NA,NA,FALSE,3665,3673,2277,"UCAM Murcia","UCAM Murcia","UCM",3665,2269,"MoraBanc Andorra","MoraBanc And","MBA",1,67,12000,8,29,27,16,31,51,11,15,73,18,13,31,11,9,26,7,2,1,1,26,21,48,-145,-1,13,0,0,67,96,4,0,0,0,7,26,6,44,6
1926225,1,"Liga Nacional","Liga Endesa",-402534000,NA,"https://www.acb.com/Documentos/Cabeceras/logo-competicion-1b.png","https://www.acb.com/Documentos/Cabeceras/logo-competicion-4a.png",86,2021,107,NA,NA,5418,102738,NA,NA,FALSE,3671,3678,2282,"Gran Canaria","Gran Canaria","GCA",3671,2275,"Unicaja","Unicaja","UNI",1,59,12000,8,31,25,14,30,46,7,12,58,20,11,31,12,12,17,2,3,3,2,22,19,50,-85,-1,13,0,0,59,76,3,31,2,1,13,26,3,20,7
1926224,1,"Liga Nacional","Liga Endesa",-402534000,NA,"https://www.acb.com/Documentos/Cabeceras/logo-competicion-1b.png","https://www.acb.com/Documentos/Cabeceras/logo-competicion-4a.png",86,2021,107,NA,NA,5418,102738,NA,NA,TRUE,3678,3678,2282,"Gran Canaria","Gran Canaria","GCA",3671,2275,"Unicaja","Unicaja","UNI",1,76,12000,8,20,40,20,34,58,12,16,75,28,6,34,17,8,17,4,3,2,2,19,22,92,85,-1,0,13,0,76,59,1,2280,2,21,7,34,0,33,9
1926196,1,"Liga Nacional","Liga Endesa",-402534000,NA,"https://www.acb.com/Documentos/Cabeceras/logo-competicion-1b.png","https://www.acb.com/Documentos/Cabeceras/logo-competicion-4a.png",86,2021,107,NA,NA,5418,102757,NA,NA,TRUE,3670,3670,2274,"Río Breogán","Río Breogán","BRE",3675,2288,"Surne Bilbao Basket","Surne BB","SBB",1,86,12000,5,18,27,27,53,50,17,20,85,23,11,34,12,8,11,6,2,7,1,19,20,83,-40,-1,13,0,0,86,94,5,290,3,6,11,50,8,2,8
1926197,1,"Liga Nacional","Liga Endesa",-402534000,NA,"https://www.acb.com/Documentos/Cabeceras/logo-competicion-1b.png","https://www.acb.com/Documentos/Cabeceras/logo-competicion-4a.png",86,2021,107,NA,NA,5418,102757,NA,NA,FALSE,3675,3670,2274,"Río Breogán","Río Breogán","BRE",3675,2288,"Surne Bilbao Basket","Surne BB","SBB",1,94,12000,14,24,58,20,39,51,12,15,80,29,6,35,17,5,18,2,8,2,4,22,19,104,40,-1,0,13,0,94,86,3,2001,4,16,5,36,9,43,7
1925950,1,"Liga Nacional","Liga Endesa",-402534000,NA,"https://www.acb.com/Documentos/Cabeceras/logo-competicion-1b.png","https://www.acb.com/Documentos/Cabeceras/logo-competicion-4a.png",86,2021,107,NA,NA,5418,102740,NA,NA,FALSE,3667,3666,2270,"Joventut Badalona","Joventut","CJB",3667,2271,"Valencia Basket","Valencia Basket","VBC",1,68,12000,4,21,19,20,44,45,16,19,84,26,12,38,13,8,12,4,4,2,2,23,21,71,-40,-1,13,0,0,68,76,4,240,5,2,10,38,4,32,7
1925949,1,"Liga Nacional","Liga Endesa",-402534000,NA,"https://www.acb.com/Documentos/Cabeceras/logo-competicion-1b.png","https://www.acb.com/Documentos/Cabeceras/logo-competicion-4a.png",86,2021,107,NA,NA,5418,102740,NA,NA,TRUE,3666,3666,2270,"Joventut Badalona","Joventut","CJB",3667,2271,"Valencia Basket","Valencia Basket","VBC",1,76,12000,10,32,31,17,34,50,12,17,70,31,12,43,14,4,14,4,2,4,2,21,20,76,40,-1,0,12,0,76,68,2,2076,5,16,13,32,10,32,9
1925921,1,"Liga Nacional","Liga Endesa",-402534000,NA,"https://www.acb.com/Documentos/Cabeceras/logo-competicion-1b.png","https://www.acb.com/Documentos/Cabeceras/logo-competicion-4a.png",86,2021,107,NA,NA,5418,102741,NA,NA,TRUE,3682,3682,2286,"Casademont Zaragoza","Casademont Zgz","CAZ",3680,2284,"Lenovo Tenerife","Lenovo Tenerife","LNT",1,62,12000,3,20,15,21,40,52,11,18,61,18,9,27,12,9,9,12,2,2,1,21,19,56,-75,-1,13,0,0,62,77,4,220,2,1,8,34,10,11,5
1925922,1,"Liga Nacional","Liga Endesa",-402534000,NA,"https://www.acb.com/Documentos/Cabeceras/logo-competicion-1b.png","https://www.acb.com/Documentos/Cabeceras/logo-competicion-4a.png",86,2021,107,NA,NA,5418,102741,NA,NA,FALSE,3680,3682,2286,"Casademont Zaragoza","Casademont Zgz","CAZ",3680,2284,"Lenovo Tenerife","Lenovo Tenerife","LNT",1,77,12000,5,20,25,23,37,62,16,17,94,28,11,39,12,6,12,0,3,2,4,19,20,94,75,-1,0,13,0,77,62,2,2027,2,19,6,34,8,30,10
1922046,1,"Liga Nacional","Liga Endesa",-402534000,NA,"https://www.acb.com/Documentos/Cabeceras/logo-competicion-1b.png","https://www.acb.com/Documentos/Cabeceras/logo-competicion-4a.png",86,2021,107,NA,NA,5418,102723,NA,NA,FALSE,3677,3668,2272,"BAXI Manresa","BAXI Manresa","BAX",3677,2365,"Urbas Fuenlabrada","Urbas Fuenla","URF",1,89,12000,9,25,36,25,45,55,12,15,80,20,12,32,21,9,16,6,2,4,3,20,16,90,-50,-1,13,0,0,89,99,4,138,2,4,19,44,9,33,8
1922045,1,"Liga Nacional","Liga Endesa",-402534000,NA,"https://www.acb.com/Documentos/Cabeceras/logo-competicion-1b.png","https://www.acb.com/Documentos/Cabeceras/logo-competicion-4a.png",86,2021,107,NA,NA,5418,102723,NA,NA,TRUE,3668,3668,2272,"BAXI Manresa","BAXI Manresa","BAX",3677,2365,"Urbas Fuenlabrada","Urbas Fuenla","URF",1,99,12000,11,20,55,26,42,61,14,17,82,25,6,31,16,9,17,0,4,2,3,17,19,114,50,-1,0,11,0,99,89,3,2166,2,15,13,46,11,52,9
1941446,1,"Liga Nacional","Liga Endesa",-402534000,NA,"https://www.acb.com/Documentos/Cabeceras/logo-competicion-1b.png","https://www.acb.com/Documentos/Cabeceras/logo-competicion-4a.png",86,2021,107,NA,NA,5417,102744,NA,NA,FALSE,3670,3669,2289,"Bitci Baskonia","Bitci Baskonia","BKN",3670,2274,"Río Breogán","Río Breogán","BRE",1,84,12000,9,18,50,23,39,58,11,15,73,23,10,33,21,6,18,10,0,2,1,19,19,95,-25,-1,13,0,0,84,89,5,1803,2,13,6,44,6,20,8
1941445,1,"Liga Nacional","Liga Endesa",-402534000,NA,"https://www.acb.com/Documentos/Cabeceras/logo-competicion-1b.png","https://www.acb.com/Documentos/Cabeceras/logo-competicion-4a.png",86,2021,107,NA,NA,5417,102744,NA,NA,TRUE,3669,3669,2289,"Bitci Baskonia","Bitci Baskonia","BKN",3670,2274,"Río Breogán","Río Breogán","BRE",1,89,12000,9,25,36,24,42,57,14,15,93,18,12,30,22,9,9,12,2,0,5,19,19,108,25,-1,0,13,0,89,84,3,335,3,7,12,36,7,26,10
1941278,1,"Liga Nacional","Liga Endesa",-402534000,NA,"https://www.acb.com/Documentos/Cabeceras/logo-competicion-1b.png","https://www.acb.com/Documentos/Cabeceras/logo-competicion-4a.png",86,2021,107,NA,NA,5417,102745,NA,NA,TRUE,3676,3676,2280,"Barça","Barça","BAR",3678,2282,"Gran Canaria","Gran Canaria","GCA",1,98,12000,13,26,50,25,34,73,9,14,64,22,4,26,22,8,11,2,3,1,2,21,19,116,90,-1,0,13,0,98,80,2,2355,1,39,10,36,3,61,12
1941279,1,"Liga Nacional","Liga Endesa",-402534000,NA,"https://www.acb.com/Documentos/Cabeceras/logo-competicion-1b.png","https://www.acb.com/Documentos/Cabeceras/logo-competicion-4a.png",86,2021,107,NA,NA,5417,102745,NA,NA,FALSE,3678,3676,2280,"Barça","Barça","BAR",3678,2282,"Gran Canaria","Gran Canaria","GCA",1,80,12000,3,13,23,30,58,51,11,14,78,20,15,35,11,7,13,6,1,3,3,19,21,79,-90,-1,13,0,0,80,98,3,28,1,1,6,56,13,43,12
1941171,1,"Liga Nacional","Liga Endesa",-402534000,NA,"https://www.acb.com/Documentos/Cabeceras/logo-competicion-1b.png","https://www.acb.com/Documentos/Cabeceras/logo-competicion-4a.png",86,2021,107,NA,NA,5417,102749,NA,NA,FALSE,3682,3667,2271,"Valencia Basket","Valencia Basket","VBC",3682,2286,"Casademont Zaragoza","Casademont Zgz","CAZ",1,79,12000,9,28,32,21,35,60,10,14,71,24,10,34,14,4,15,9,2,3,2,26,19,71,-10,-1,13,0,0,79,81,4,106,2,3,6,40,2,38,9
1941170,1,"Liga Nacional","Liga Endesa",-402534000,NA,"https://www.acb.com/Documentos/Cabeceras/logo-competicion-1b.png","https://www.acb.com/Documentos/Cabeceras/logo-competicion-4a.png",86,2021,107,NA,NA,5417,102749,NA,NA,TRUE,3667,3667,2271,"Valencia Basket","Valencia Basket","VBC",3682,2286,"Casademont Zaragoza","Casademont Zgz","CAZ",1,81,12000,7,25,28,20,43,46,20,33,60,24,17,41,20,8,8,8,3,1,5,19,26,97,10,-1,0,12,0,81,79,5,2007,2,13,8,38,12,37,10
1940865,1,"Liga Nacional","Liga Endesa",-402534000,NA,"https://www.acb.com/Documentos/Cabeceras/logo-competicion-1b.png","https://www.acb.com/Documentos/Cabeceras/logo-competicion-4a.png",86,2021,107,NA,NA,5417,102747,NA,NA,TRUE,3680,3680,2284,"Lenovo Tenerife","Lenovo Tenerife","LNT",3681,2285,"Hereda San Pablo Burgos","Hereda SPB","BUR",1,91,12000,18,38,47,13,25,52,11,16,68,16,12,28,20,7,7,3,5,3,2,22,23,105,65,-1,0,13,0,91,78,2,2302,1,18,9,22,13,37,11
1940866,1,"Liga Nacional","Liga Endesa",-402534000,NA,"https://www.acb.com/Documentos/Cabeceras/logo-competicion-1b.png","https://www.acb.com/Documentos/Cabeceras/logo-competicion-4a.png",86,2021,107,NA,NA,5417,102747,NA,NA,FALSE,3681,3680,2284,"Lenovo Tenerife","Lenovo Tenerife","LNT",3681,2285,"Hereda San Pablo Burgos","Hereda SPB","BUR",1,78,12000,7,19,36,21,37,56,15,22,68,19,11,30,18,3,14,2,3,4,1,24,22,77,-65,-1,13,0,0,78,91,4,11,1,2,5,36,5,33,9
1940752,1,"Liga Nacional","Liga Endesa",-402534000,NA,"https://www.acb.com/Documentos/Cabeceras/logo-competicion-1b.png","https://www.acb.com/Documentos/Cabeceras/logo-competicion-4a.png",86,2021,107,NA,NA,5417,102746,NA,NA,FALSE,3666,3679,2283,"Coosur Real Betis","Coosur Betis","BET",3666,2270,"Joventut Badalona","Joventut","CJB",1,77,12000,10,22,45,18,37,48,11,15,73,28,16,44,20,6,20,7,6,2,2,18,21,99,55,-1,0,13,0,77,66,2,1897,2,19,9,34,10,32,12
1940751,1,"Liga Nacional","Liga Endesa",-402534000,NA,"https://www.acb.com/Documentos/Cabeceras/logo-competicion-1b.png","https://www.acb.com/Documentos/Cabeceras/logo-competicion-4a.png",86,2021,107,NA,NA,5417,102746,NA,NA,TRUE,3679,3679,2283,"Coosur Real Betis","Coosur Betis","BET",3666,2270,"Joventut Badalona","Joventut","CJB",1,66,12000,6,27,22,19,36,52,10,14,71,16,9,25,14,13,13,7,2,5,2,21,18,57,-55,-1,13,0,0,66,77,2,321,1,3,11,32,4,24,7
1940784,1,"Liga Nacional","Liga Endesa",-402534000,NA,"https://www.acb.com/Documentos/Cabeceras/logo-competicion-1b.png","https://www.acb.com/Documentos/Cabeceras/logo-competicion-4a.png",86,2021,107,NA,NA,5417,102748,NA,NA,FALSE,3668,3674,2278,"Real Madrid","Real Madrid","RMB",3668,2272,"BAXI Manresa","BAXI Manresa","BAX",1,86,12000,7,23,30,25,57,43,15,21,71,30,14,44,13,10,9,17,3,3,2,22,17,85,55,-1,0,12,0,86,75,4,856,1,15,13,44,16,48,10
1940783,1,"Liga Nacional","Liga Endesa",-402534000,NA,"https://www.acb.com/Documentos/Cabeceras/logo-competicion-1b.png","https://www.acb.com/Documentos/Cabeceras/logo-competicion-4a.png",86,2021,107,NA,NA,5417,102748,NA,NA,TRUE,3674,3674,2278,"Real Madrid","Real Madrid","RMB",3668,2272,"BAXI Manresa","BAXI Manresa","BAX",1,75,12000,6,30,20,17,39,43,23,24,95,33,13,46,12,4,19,2,3,3,2,17,22,76,-55,-1,13,0,0,75,86,4,1491,0,12,5,34,7,31,9
1940612,1,"Liga Nacional","Liga Endesa",-402534000,NA,"https://www.acb.com/Documentos/Cabeceras/logo-competicion-1b.png","https://www.acb.com/Documentos/Cabeceras/logo-competicion-4a.png",86,2021,107,NA,NA,5417,102750,NA,NA,FALSE,3671,3672,2276,"Monbus Obradoiro","Monbus Obra","MOB",3671,2275,"Unicaja","Unicaja","UNI",1,85,12000,9,24,37,21,40,52,16,21,76,22,12,34,17,11,10,6,2,2,3,20,19,97,70,-1,0,13,0,85,71,1,2365,1,29,16,38,4,39,11
1940611,1,"Liga Nacional","Liga Endesa",-402534000,NA,"https://www.acb.com/Documentos/Cabeceras/logo-competicion-1b.png","https://www.acb.com/Documentos/Cabeceras/logo-competicion-4a.png",86,2021,107,NA,NA,5417,102750,NA,NA,TRUE,3672,3672,2276,"Monbus Obradoiro","Monbus Obra","MOB",3671,2275,"Unicaja","Unicaja","UNI",1,71,12000,9,22,40,16,33,48,12,15,80,24,7,31,11,5,17,2,2,2,3,19,20,69,-70,-1,13,0,0,71,85,5,22,1,1,11,28,4,39,12
1940359,1,"Liga Nacional","Liga Endesa",-402534000,NA,"https://www.acb.com/Documentos/Cabeceras/logo-competicion-1b.png","https://www.acb.com/Documentos/Cabeceras/logo-competicion-4a.png",86,2021,107,NA,NA,5417,102751,NA,NA,TRUE,3677,3677,2365,"Urbas Fuenlabrada","Urbas Fuenla","URF",3673,2277,"UCAM Murcia","UCAM Murcia","UCM",1,105,12000,8,21,38,25,42,59,31,37,83,29,11,40,20,4,15,4,0,2,2,22,27,121,50,-1,0,13,0,105,95,3,1809,2,13,10,44,8,51,11
1940360,1,"Liga Nacional","Liga Endesa",-402534000,NA,"https://www.acb.com/Documentos/Cabeceras/logo-competicion-1b.png","https://www.acb.com/Documentos/Cabeceras/logo-competicion-4a.png",86,2021,107,NA,NA,5417,102751,NA,NA,FALSE,3673,3677,2365,"Urbas Fuenlabrada","Urbas Fuenla","URF",3673,2277,"UCAM Murcia","UCAM Murcia","UCM",1,95,12000,9,32,28,23,41,56,22,28,78,18,14,32,19,9,14,15,3,0,2,30,22,89,-50,-1,13,0,0,95,105,5,476,1,8,17,42,15,37,8
1940332,1,"Liga Nacional","Liga Endesa",-402534000,NA,"https://www.acb.com/Documentos/Cabeceras/logo-competicion-1b.png","https://www.acb.com/Documentos/Cabeceras/logo-competicion-4a.png",86,2021,107,NA,NA,5417,102752,NA,NA,FALSE,3675,3665,2269,"MoraBanc Andorra","MoraBanc And","MBA",3675,2288,"Surne Bilbao Basket","Surne BB","SBB",1,72,12000,6,24,25,21,33,63,12,20,60,18,10,28,13,6,13,2,1,3,2,17,20,69,-50,-1,13,0,0,72,82,2,768,10,8,0,38,8,37,8
1940331,1,"Liga Nacional","Liga Endesa",-402534000,NA,"https://www.acb.com/Documentos/Cabeceras/logo-competicion-1b.png","https://www.acb.com/Documentos/Cabeceras/logo-competicion-4a.png",86,2021,107,NA,NA,5417,102752,NA,NA,TRUE,3665,3665,2269,"MoraBanc Andorra","MoraBanc And","MBA",3675,2288,"Surne Bilbao Basket","Surne BB","SBB",1,82,12000,10,30,33,24,38,63,4,7,57,21,14,35,13,10,12,13,3,1,0,20,17,90,50,-1,0,13,0,82,72,2,1424,11,13,14,26,9,25,8
1942954,1,"Liga Nacional","Liga Endesa",-402534000,NA,"https://www.acb.com/Documentos/Cabeceras/logo-competicion-1b.png","https://www.acb.com/Documentos/Cabeceras/logo-competicion-4a.png",86,2021,107,NA,NA,5416,102850,NA,NA,FALSE,3676,3666,2270,"Joventut Badalona","Joventut","CJB",3676,2280,"Barça","Barça","BAR",1,72,12000,6,24,25,19,38,50,16,21,76,23,12,35,10,7,13,2,3,1,2,20,21,72,-55,-1,13,0,0,72,83,3,50,1,2,6,34,11,37,5
1942953,1,"Liga Nacional","Liga Endesa",-402534000,NA,"https://www.acb.com/Documentos/Cabeceras/logo-competicion-1b.png","https://www.acb.com/Documentos/Cabeceras/logo-competicion-4a.png",86,2021,107,NA,NA,5416,102850,NA,NA,TRUE,3666,3666,2270,"Joventut Badalona","Joventut","CJB",3676,2280,"Barça","Barça","BAR",1,83,12000,5,17,29,26,47,55,16,24,66,26,13,39,20,7,11,6,1,3,2,21,20,94,55,-1,0,13,0,83,72,4,2236,2,17,10,46,4,36,9
1942812,1,"Liga Nacional","Liga Endesa",-402534000,NA,"https://www.acb.com/Documentos/Cabeceras/logo-competicion-1b.png","https://www.acb.com/Documentos/Cabeceras/logo-competicion-4a.png",86,2021,107,NA,NA,5416,102851,NA,NA,FALSE,3669,3675,2288,"Surne Bilbao Basket","Surne BB","SBB",3669,2289,"Bitci Baskonia","Bitci Baskonia","BKN",1,90,12000,10,22,45,25,51,49,10,14,71,31,13,44,15,9,7,11,3,6,6,19,20,107,140,-1,0,13,0,90,62,1,1936,4,32,13,44,5,26,12
1942811,1,"Liga Nacional","Liga Endesa",-402534000,NA,"https://www.acb.com/Documentos/Cabeceras/logo-competicion-1b.png","https://www.acb.com/Documentos/Cabeceras/logo-competicion-4a.png",86,2021,107,NA,NA,5416,102851,NA,NA,TRUE,3675,3675,2288,"Surne Bilbao Basket","Surne BB","SBB",3669,2289,"Bitci Baskonia","Bitci Baskonia","BKN",1,62,12000,8,24,33,16,36,44,6,17,35,26,7,33,12,5,13,0,6,3,2,20,19,54,-140,-1,13,0,0,62,90,2,363,3,7,5,26,2,22,9
1942422,1,"Liga Nacional","Liga Endesa",-402534000,NA,"https://www.acb.com/Documentos/Cabeceras/logo-competicion-1b.png","https://www.acb.com/Documentos/Cabeceras/logo-competicion-4a.png",86,2021,107,NA,NA,5416,102797,NA,NA,FALSE,3677,3674,2278,"Real Madrid","Real Madrid","RMB",3677,2365,"Urbas Fuenlabrada","Urbas Fuenla","URF",1,77,12000,7,20,35,22,50,44,12,15,80,22,11,33,15,3,9,2,1,6,0,19,15,66,-75,-1,13,0,0,77,92,4,44,1,1,5,36,10,20,7
1942421,1,"Liga Nacional","Liga Endesa",-402534000,NA,"https://www.acb.com/Documentos/Cabeceras/logo-competicion-1b.png","https://www.acb.com/Documentos/Cabeceras/logo-competicion-4a.png",86,2021,107,NA,NA,5416,102797,NA,NA,TRUE,3674,3674,2278,"Real Madrid","Real Madrid","RMB",3677,2365,"Urbas Fuenlabrada","Urbas Fuenla","URF",1,92,12000,7,26,26,28,46,60,15,18,83,29,13,42,22,7,7,8,6,1,8,15,19,125,75,-1,0,13,0,92,77,2,2290,1,21,7,48,12,39,9
1942451,1,"Liga Nacional","Liga Endesa",-402534000,NA,"https://www.acb.com/Documentos/Cabeceras/logo-competicion-1b.png","https://www.acb.com/Documentos/Cabeceras/logo-competicion-4a.png",86,2021,107,NA,NA,5416,102798,NA,NA,TRUE,3673,3673,2277,"UCAM Murcia","UCAM Murcia","UCM",3667,2271,"Valencia Basket","Valencia Basket","VBC",1,71,12000,5,23,21,23,45,51,10,17,58,30,14,44,15,10,16,12,4,2,4,23,22,78,-5,-1,13,0,0,71,72,4,158,1,3,16,44,10,22,10
1942452,1,"Liga Nacional","Liga Endesa",-402534000,NA,"https://www.acb.com/Documentos/Cabeceras/logo-competicion-1b.png","https://www.acb.com/Documentos/Cabeceras/logo-competicion-4a.png",86,2021,107,NA,NA,5416,102798,NA,NA,FALSE,3667,3673,2277,"UCAM Murcia","UCAM Murcia","UCM",3667,2271,"Valencia Basket","Valencia Basket","VBC",1,72,12000,8,29,27,15,35,42,18,25,72,27,14,41,19,9,17,2,2,4,1,22,22,74,5,-1,0,13,0,72,71,4,2081,1,11,17,28,7,33,9
1942392,1,"Liga Nacional","Liga Endesa",-402534000,NA,"https://www.acb.com/Documentos/Cabeceras/logo-competicion-1b.png","https://www.acb.com/Documentos/Cabeceras/logo-competicion-4a.png",86,2021,107,NA,NA,5416,102849,NA,NA,TRUE,3671,3671,2275,"Unicaja","Unicaja","UNI",3679,2283,"Coosur Real Betis","Coosur Betis","BET",1,96,12000,15,39,38,20,33,60,11,13,84,26,9,35,23,11,11,16,3,2,3,18,17,115,80,-1,0,12,0,96,80,2,2370,0,25,15,36,2,55,12
1942393,1,"Liga Nacional","Liga Endesa",-402534000,NA,"https://www.acb.com/Documentos/Cabeceras/logo-competicion-1b.png","https://www.acb.com/Documentos/Cabeceras/logo-competicion-4a.png",86,2021,107,NA,NA,5416,102849,NA,NA,FALSE,3679,3671,2275,"Unicaja","Unicaja","UNI",3679,2283,"Coosur Real Betis","Coosur Betis","BET",1,80,12000,7,19,36,22,42,52,15,18,83,28,6,34,16,9,17,11,3,3,5,17,18,88,-80,-1,13,0,0,80,96,4,0,0,0,0,36,2,25,8
1942116,1,"Liga Nacional","Liga Endesa",-402534000,NA,"https://www.acb.com/Documentos/Cabeceras/logo-competicion-1b.png","https://www.acb.com/Documentos/Cabeceras/logo-competicion-4a.png",86,2021,107,NA,NA,5416,102758,NA,NA,FALSE,3665,3668,2272,"BAXI Manresa","BAXI Manresa","BAX",3665,2269,"MoraBanc Andorra","MoraBanc And","MBA",1,60,12000,7,31,22,14,35,40,11,19,57,31,10,41,10,7,19,4,2,1,2,22,21,46,-170,-1,13,0,0,60,94,4,375,0,6,7,28,6,29,6
1942115,1,"Liga Nacional","Liga Endesa",-402534000,NA,"https://www.acb.com/Documentos/Cabeceras/logo-competicion-1b.png","https://www.acb.com/Documentos/Cabeceras/logo-competicion-4a.png",86,2021,107,NA,NA,5416,102758,NA,NA,TRUE,3668,3668,2272,"BAXI Manresa","BAXI Manresa","BAX",3665,2269,"MoraBanc Andorra","MoraBanc And","MBA",1,94,12000,14,38,36,19,36,52,14,17,82,33,9,42,22,9,12,12,1,2,2,22,20,108,170,-1,0,12,0,94,60,1,1957,1,34,16,34,5,50,17
1942145,1,"Liga Nacional","Liga Endesa",-402534000,NA,"https://www.acb.com/Documentos/Cabeceras/logo-competicion-1b.png","https://www.acb.com/Documentos/Cabeceras/logo-competicion-4a.png",86,2021,107,NA,NA,5416,102796,NA,NA,FALSE,3680,3678,2282,"Gran Canaria","Gran Canaria","GCA",3680,2284,"Lenovo Tenerife","Lenovo Tenerife","LNT",1,77,12000,9,19,47,14,28,50,22,27,81,20,2,22,17,7,19,0,0,2,4,22,23,74,-60,-1,13,0,0,77,89,4,990,5,5,11,22,0,13,8
1942144,1,"Liga Nacional","Liga Endesa",-402534000,NA,"https://www.acb.com/Documentos/Cabeceras/logo-competicion-1b.png","https://www.acb.com/Documentos/Cabeceras/logo-competicion-4a.png",86,2021,107,NA,NA,5416,102796,NA,NA,TRUE,3678,3678,2282,"Gran Canaria","Gran Canaria","GCA",3680,2284,"Lenovo Tenerife","Lenovo Tenerife","LNT",1,89,12000,3,17,17,27,45,60,26,31,83,23,12,35,18,10,13,8,2,0,4,24,20,100,60,-1,0,13,0,89,77,4,1182,5,14,18,48,10,29,10
1941832,1,"Liga Nacional","Liga Endesa",-402534000,NA,"https://www.acb.com/Documentos/Cabeceras/logo-competicion-1b.png","https://www.acb.com/Documentos/Cabeceras/logo-competicion-4a.png",86,2021,107,NA,NA,5416,102742,NA,NA,FALSE,3672,3670,2274,"Río Breogán","Río Breogán","BRE",3672,2276,"Monbus Obradoiro","Monbus Obra","MOB",1,78,12000,9,28,32,20,35,57,11,12,91,26,8,34,13,7,14,4,3,4,1,23,22,81,-10,-1,13,0,0,78,80,2,807,6,9,6,38,2,13,13
1941831,1,"Liga Nacional","Liga Endesa",-402534000,NA,"https://www.acb.com/Documentos/Cabeceras/logo-competicion-1b.png","https://www.acb.com/Documentos/Cabeceras/logo-competicion-4a.png",86,2021,107,NA,NA,5416,102742,NA,NA,TRUE,3670,3670,2274,"Río Breogán","Río Breogán","BRE",3672,2276,"Monbus Obradoiro","Monbus Obra","MOB",1,80,12000,6,19,31,24,51,47,14,18,77,23,16,39,11,6,11,8,4,2,0,22,23,84,10,-1,0,13,0,80,78,4,1026,7,10,5,38,7,30,11
1941864,1,"Liga Nacional","Liga Endesa",-402534000,NA,"https://www.acb.com/Documentos/Cabeceras/logo-competicion-1b.png","https://www.acb.com/Documentos/Cabeceras/logo-competicion-4a.png",86,2021,107,NA,NA,5416,102743,NA,NA,FALSE,3682,3681,2285,"Hereda San Pablo Burgos","Hereda SPB","BUR",3682,2286,"Casademont Zaragoza","Casademont Zgz","CAZ",1,56,12000,5,22,22,14,34,41,13,20,65,26,13,39,9,6,17,4,6,3,3,22,21,51,-110,-1,13,0,0,56,78,3,23,0,3,2,26,2,28,8
1941863,1,"Liga Nacional","Liga Endesa",-402534000,NA,"https://www.acb.com/Documentos/Cabeceras/logo-competicion-1b.png","https://www.acb.com/Documentos/Cabeceras/logo-competicion-4a.png",86,2021,107,NA,NA,5416,102743,NA,NA,TRUE,3681,3681,2285,"Hereda San Pablo Burgos","Hereda SPB","BUR",3682,2286,"Casademont Zaragoza","Casademont Zgz","CAZ",1,78,12000,10,23,43,17,44,38,14,18,77,27,16,43,15,10,10,4,3,6,2,22,21,88,110,-1,0,13,0,78,56,2,2257,1,22,16,26,10,29,11
1944933,1,"Liga Nacional","Liga Endesa",-402534000,NA,"https://www.acb.com/Documentos/Cabeceras/logo-competicion-1b.png","https://www.acb.com/Documentos/Cabeceras/logo-competicion-4a.png",86,2021,107,NA,NA,5415,102840,NA,NA,FALSE,3678,3669,2289,"Bitci Baskonia","Bitci Baskonia","BKN",3678,2282,"Gran Canaria","Gran Canaria","GCA",1,86,12000,9,20,45,24,49,48,11,13,84,27,9,36,17,13,7,4,3,5,7,17,16,104,80,-1,0,13,0,86,70,2,1015,1,18,8,34,14,31,11
1944932,1,"Liga Nacional","Liga Endesa",-402534000,NA,"https://www.acb.com/Documentos/Cabeceras/logo-competicion-1b.png","https://www.acb.com/Documentos/Cabeceras/logo-competicion-4a.png",86,2021,107,NA,NA,5415,102840,NA,NA,TRUE,3669,3669,2289,"Bitci Baskonia","Bitci Baskonia","BKN",3678,2282,"Gran Canaria","Gran Canaria","GCA",1,70,12000,11,33,33,13,25,52,11,15,73,25,9,34,16,5,16,4,5,2,1,17,16,73,-80,-1,13,0,0,70,86,3,1181,0,9,7,24,9,29,8
1944765,1,"Liga Nacional","Liga Endesa",-402534000,NA,"https://www.acb.com/Documentos/Cabeceras/logo-competicion-1b.png","https://www.acb.com/Documentos/Cabeceras/logo-competicion-4a.png",86,2021,107,NA,NA,5415,102841,NA,NA,FALSE,3674,3680,2284,"Lenovo Tenerife","Lenovo Tenerife","LNT",3674,2278,"Real Madrid","Real Madrid","RMB",1,59,12000,7,28,25,15,32,46,8,16,50,26,12,38,10,5,12,6,8,2,3,18,19,61,-65,-1,13,0,0,59,72,5,1594,5,12,2,28,4,14,9
1944764,1,"Liga Nacional","Liga Endesa",-402534000,NA,"https://www.acb.com/Documentos/Cabeceras/logo-competicion-1b.png","https://www.acb.com/Documentos/Cabeceras/logo-competicion-4a.png",86,2021,107,NA,NA,5415,102841,NA,NA,TRUE,3680,3680,2284,"Lenovo Tenerife","Lenovo Tenerife","LNT",3674,2278,"Real Madrid","Real Madrid","RMB",1,72,12000,11,29,37,15,33,45,9,14,64,28,10,38,17,5,8,0,2,8,4,19,16,74,65,-1,0,13,0,72,59,3,667,5,17,4,28,2,36,12
1944569,1,"Liga Nacional","Liga Endesa",-402534000,NA,"https://www.acb.com/Documentos/Cabeceras/logo-competicion-1b.png","https://www.acb.com/Documentos/Cabeceras/logo-competicion-4a.png",86,2021,107,NA,NA,5415,102842,NA,NA,FALSE,3676,3665,2269,"MoraBanc Andorra","MoraBanc And","MBA",3676,2280,"Barça","Barça","BAR",1,86,12000,12,27,44,14,38,36,22,30,73,30,15,45,17,5,15,5,1,2,2,22,26,94,60,-1,0,13,0,86,74,3,1659,2,20,7,24,13,40,10
1944568,1,"Liga Nacional","Liga Endesa",-402534000,NA,"https://www.acb.com/Documentos/Cabeceras/logo-competicion-1b.png","https://www.acb.com/Documentos/Cabeceras/logo-competicion-4a.png",86,2021,107,NA,NA,5415,102842,NA,NA,TRUE,3665,3665,2269,"MoraBanc Andorra","MoraBanc And","MBA",3676,2280,"Barça","Barça","BAR",1,74,12000,6,30,20,22,41,53,12,13,92,22,12,34,11,8,13,10,2,1,5,29,21,63,-60,-1,13,0,0,74,86,4,555,2,8,15,40,10,38,9
1944539,1,"Liga Nacional","Liga Endesa",-402534000,NA,"https://www.acb.com/Documentos/Cabeceras/logo-competicion-1b.png","https://www.acb.com/Documentos/Cabeceras/logo-competicion-4a.png",86,2021,107,NA,NA,5415,102845,NA,NA,FALSE,3671,3667,2271,"Valencia Basket","Valencia Basket","VBC",3671,2275,"Unicaja","Unicaja","UNI",1,75,12000,10,31,32,18,28,64,9,12,75,18,10,28,16,7,14,4,4,1,4,25,14,70,-75,-1,13,0,0,75,90,5,694,5,7,2,32,11,29,8
1944538,1,"Liga Nacional","Liga Endesa",-402534000,NA,"https://www.acb.com/Documentos/Cabeceras/logo-competicion-1b.png","https://www.acb.com/Documentos/Cabeceras/logo-competicion-4a.png",86,2021,107,NA,NA,5415,102845,NA,NA,TRUE,3667,3667,2271,"Valencia Basket","Valencia Basket","VBC",3671,2275,"Unicaja","Unicaja","UNI",1,90,12000,11,19,57,18,37,48,21,25,84,20,11,31,15,4,10,4,1,4,1,14,25,107,75,-1,0,13,0,90,75,3,1537,5,19,7,34,11,51,8
1944287,1,"Liga Nacional","Liga Endesa",-402534000,NA,"https://www.acb.com/Documentos/Cabeceras/logo-competicion-1b.png","https://www.acb.com/Documentos/Cabeceras/logo-competicion-4a.png",86,2021,107,NA,NA,5415,102843,NA,NA,FALSE,3675,3677,2365,"Urbas Fuenlabrada","Urbas Fuenla","URF",3675,2288,"Surne Bilbao Basket","Surne BB","SBB",1,82,12000,12,29,41,20,42,47,6,12,50,17,20,37,15,6,14,6,3,1,5,22,17,78,-25,-1,13,0,0,82,87,4,333,4,4,11,30,7,45,6
1944286,1,"Liga Nacional","Liga Endesa",-402534000,NA,"https://www.acb.com/Documentos/Cabeceras/logo-competicion-1b.png","https://www.acb.com/Documentos/Cabeceras/logo-competicion-4a.png",86,2021,107,NA,NA,5415,102843,NA,NA,TRUE,3677,3677,2365,"Urbas Fuenlabrada","Urbas Fuenla","URF",3675,2288,"Surne Bilbao Basket","Surne BB","SBB",1,87,12000,8,21,38,24,38,63,15,18,83,19,12,31,16,5,11,2,1,3,1,17,22,101,25,-1,0,13,0,87,82,3,1932,5,13,4,42,16,16,9
1944259,1,"Liga Nacional","Liga Endesa",-402534000,NA,"https://www.acb.com/Documentos/Cabeceras/logo-competicion-1b.png","https://www.acb.com/Documentos/Cabeceras/logo-competicion-4a.png",86,2021,107,NA,NA,5415,102844,NA,NA,FALSE,3681,3670,2274,"Río Breogán","Río Breogán","BRE",3681,2285,"Hereda San Pablo Burgos","Hereda SPB","BUR",1,96,12000,15,30,50,21,32,65,9,11,81,20,5,25,18,2,10,2,6,1,3,23,18,103,-45,-1,13,0,0,96,105,3,10,1,1,7,26,7,28,9
1944258,1,"Liga Nacional","Liga Endesa",-402534000,NA,"https://www.acb.com/Documentos/Cabeceras/logo-competicion-1b.png","https://www.acb.com/Documentos/Cabeceras/logo-competicion-4a.png",86,2021,107,NA,NA,5415,102844,NA,NA,TRUE,3670,3670,2274,"Río Breogán","Río Breogán","BRE",3681,2285,"Hereda San Pablo Burgos","Hereda SPB","BUR",1,105,12000,12,26,46,26,43,60,17,24,70,21,14,35,19,6,6,4,1,5,2,18,23,122,45,-1,0,13,0,105,96,3,2242,1,12,14,50,16,26,7
1944124,1,"Liga Nacional","Liga Endesa",-402534000,NA,"https://www.acb.com/Documentos/Cabeceras/logo-competicion-1b.png","https://www.acb.com/Documentos/Cabeceras/logo-competicion-4a.png",86,2021,107,NA,NA,5415,102846,NA,NA,FALSE,3666,3682,2286,"Casademont Zaragoza","Casademont Zgz","CAZ",3666,2270,"Joventut Badalona","Joventut","CJB",1,77,12000,9,20,45,21,42,50,8,11,72,32,10,42,17,5,12,10,3,3,2,18,18,94,70,-1,0,13,0,77,63,3,1682,6,14,10,36,8,34,13
1944123,1,"Liga Nacional","Liga Endesa",-402534000,NA,"https://www.acb.com/Documentos/Cabeceras/logo-competicion-1b.png","https://www.acb.com/Documentos/Cabeceras/logo-competicion-4a.png",86,2021,107,NA,NA,5415,102846,NA,NA,TRUE,3682,3682,2286,"Casademont Zaragoza","Casademont Zgz","CAZ",3666,2270,"Joventut Badalona","Joventut","CJB",1,63,12000,9,21,42,15,38,39,6,9,66,22,4,26,14,8,10,10,3,3,2,18,18,63,-70,-1,12,0,0,63,77,3,405,5,4,13,26,2,32,8
1943822,1,"Liga Nacional","Liga Endesa",-402534000,NA,"https://www.acb.com/Documentos/Cabeceras/logo-competicion-1b.png","https://www.acb.com/Documentos/Cabeceras/logo-competicion-4a.png",86,2021,107,NA,NA,5415,102847,NA,NA,FALSE,3668,3672,2276,"Monbus Obradoiro","Monbus Obra","MOB",3668,2272,"BAXI Manresa","BAXI Manresa","BAX",1,91,13500,11,33,33,25,49,51,8,12,66,27,16,43,19,6,8,11,4,3,2,23,20,99,-35,-1,12,0,0,91,98,4,1246,7,10,9,42,8,36,6
1943821,1,"Liga Nacional","Liga Endesa",-402534000,NA,"https://www.acb.com/Documentos/Cabeceras/logo-competicion-1b.png","https://www.acb.com/Documentos/Cabeceras/logo-competicion-4a.png",86,2021,107,NA,NA,5415,102847,NA,NA,TRUE,3672,3672,2276,"Monbus Obradoiro","Monbus Obra","MOB",3668,2272,"BAXI Manresa","BAXI Manresa","BAX",1,98,13500,14,31,45,18,45,40,20,25,80,31,13,44,17,4,9,0,3,3,1,20,23,108,35,-1,0,13,0,98,91,3,1264,8,8,2,28,11,43,12
1943849,1,"Liga Nacional","Liga Endesa",-402534000,NA,"https://www.acb.com/Documentos/Cabeceras/logo-competicion-1b.png","https://www.acb.com/Documentos/Cabeceras/logo-competicion-4a.png",86,2021,107,NA,NA,5415,102848,NA,NA,FALSE,3673,3679,2283,"Coosur Real Betis","Coosur Betis","BET",3673,2277,"UCAM Murcia","UCAM Murcia","UCM",1,93,12000,11,29,37,20,41,48,20,28,71,25,16,41,20,9,11,6,1,3,1,18,26,111,45,-1,0,13,0,93,84,4,731,1,12,9,38,7,34,9
1943848,1,"Liga Nacional","Liga Endesa",-402534000,NA,"https://www.acb.com/Documentos/Cabeceras/logo-competicion-1b.png","https://www.acb.com/Documentos/Cabeceras/logo-competicion-4a.png",86,2021,107,NA,NA,5415,102848,NA,NA,TRUE,3679,3679,2283,"Coosur Real Betis","Coosur Betis","BET",3673,2277,"UCAM Murcia","UCAM Murcia","UCM",1,84,12000,5,16,31,29,50,58,11,15,73,24,9,33,22,6,13,9,5,1,3,26,17,91,-45,-1,13,0,0,84,93,4,1626,0,13,12,48,10,16,11
1946183,1,"Liga Nacional","Liga Endesa",-402534000,NA,"https://www.acb.com/Documentos/Cabeceras/logo-competicion-1b.png","https://www.acb.com/Documentos/Cabeceras/logo-competicion-4a.png",86,2021,107,NA,NA,5414,102870,NA,NA,TRUE,3681,3681,2285,"Hereda San Pablo Burgos","Hereda SPB","BUR",3669,2289,"Bitci Baskonia","Bitci Baskonia","BKN",1,62,12000,6,24,25,16,44,36,12,18,66,28,19,47,9,7,15,2,4,8,3,18,15,51,-80,-1,12,0,0,62,78,4,865,1,10,4,32,14,23,8
1946184,1,"Liga Nacional","Liga Endesa",-402534000,NA,"https://www.acb.com/Documentos/Cabeceras/logo-competicion-1b.png","https://www.acb.com/Documentos/Cabeceras/logo-competicion-4a.png",86,2021,107,NA,NA,5414,102870,NA,NA,FALSE,3669,3681,2285,"Hereda San Pablo Burgos","Hereda SPB","BUR",3669,2289,"Bitci Baskonia","Bitci Baskonia","BKN",1,78,12000,11,31,35,15,29,51,15,18,83,29,5,34,22,13,9,11,8,3,4,15,18,109,80,-1,0,13,0,78,62,2,1295,2,19,9,28,2,23,15
1946044,1,"Liga Nacional","Liga Endesa",-402534000,NA,"https://www.acb.com/Documentos/Cabeceras/logo-competicion-1b.png","https://www.acb.com/Documentos/Cabeceras/logo-competicion-4a.png",86,2021,107,NA,NA,5414,102871,NA,NA,FALSE,3674,3676,2280,"Barça","Barça","BAR",3674,2278,"Real Madrid","Real Madrid","RMB",1,97,13500,7,20,35,20,40,50,36,45,80,20,10,30,14,11,11,7,4,0,2,27,30,106,-55,-1,13,0,0,97,108,5,522,6,3,13,38,8,42,9
1946043,1,"Liga Nacional","Liga Endesa",-402534000,NA,"https://www.acb.com/Documentos/Cabeceras/logo-competicion-1b.png","https://www.acb.com/Documentos/Cabeceras/logo-competicion-4a.png",86,2021,107,NA,NA,5414,102871,NA,NA,TRUE,3676,3676,2280,"Barça","Barça","BAR",3674,2278,"Real Madrid","Real Madrid","RMB",1,108,13500,13,25,52,25,39,64,19,26,73,25,8,33,16,5,14,2,0,4,3,31,25,105,55,-1,0,13,0,108,97,4,1975,7,12,2,48,10,37,11
1945931,1,"Liga Nacional","Liga Endesa",-402534000,NA,"https://www.acb.com/Documentos/Cabeceras/logo-competicion-1b.png","https://www.acb.com/Documentos/Cabeceras/logo-competicion-4a.png",86,2021,107,NA,NA,5414,102855,NA,NA,TRUE,3671,3671,2275,"Unicaja","Unicaja","UNI",3665,2269,"MoraBanc Andorra","MoraBanc And","MBA",1,78,12000,8,24,33,18,37,48,18,20,90,32,6,38,13,4,12,2,5,2,0,20,23,90,20,-1,0,13,0,78,74,3,2024,3,14,4,30,5,33,8
1945932,1,"Liga Nacional","Liga Endesa",-402534000,NA,"https://www.acb.com/Documentos/Cabeceras/logo-competicion-1b.png","https://www.acb.com/Documentos/Cabeceras/logo-competicion-4a.png",86,2021,107,NA,NA,5414,102855,NA,NA,FALSE,3665,3671,2275,"Unicaja","Unicaja","UNI",3665,2269,"MoraBanc Andorra","MoraBanc And","MBA",1,74,12000,6,27,22,20,42,47,16,25,64,29,13,42,11,8,9,4,2,5,1,23,20,68,-20,-1,13,0,0,74,78,4,269,2,3,6,36,10,25,6
1945791,1,"Liga Nacional","Liga Endesa",-402534000,NA,"https://www.acb.com/Documentos/Cabeceras/logo-competicion-1b.png","https://www.acb.com/Documentos/Cabeceras/logo-competicion-4a.png",86,2021,107,NA,NA,5414,102853,NA,NA,TRUE,3673,3673,2277,"UCAM Murcia","UCAM Murcia","UCM",3678,2282,"Gran Canaria","Gran Canaria","GCA",1,86,12000,9,24,37,21,40,52,17,24,70,21,11,32,22,13,10,10,0,1,2,25,23,99,55,-1,0,13,0,86,75,2,2062,4,14,18,42,5,43,12
1945792,1,"Liga Nacional","Liga Endesa",-402534000,NA,"https://www.acb.com/Documentos/Cabeceras/logo-competicion-1b.png","https://www.acb.com/Documentos/Cabeceras/logo-competicion-4a.png",86,2021,107,NA,NA,5414,102853,NA,NA,FALSE,3678,3673,2277,"UCAM Murcia","UCAM Murcia","UCM",3678,2282,"Gran Canaria","Gran Canaria","GCA",1,75,12000,9,22,40,17,34,50,14,22,63,23,11,34,11,4,18,0,1,0,4,23,25,71,-55,-1,13,0,0,75,86,4,175,4,3,7,28,11,54,8
1945441,1,"Liga Nacional","Liga Endesa",-402534000,NA,"https://www.acb.com/Documentos/Cabeceras/logo-competicion-1b.png","https://www.acb.com/Documentos/Cabeceras/logo-competicion-4a.png",86,2021,107,NA,NA,5414,102837,NA,NA,FALSE,3666,3668,2272,"BAXI Manresa","BAXI Manresa","BAX",3666,2270,"Joventut Badalona","Joventut","CJB",1,91,12000,7,25,28,28,43,65,14,15,93,23,9,32,16,6,12,2,9,3,0,28,19,96,-20,-1,13,0,0,91,95,5,0,0,0,9,54,9,52,7
1945440,1,"Liga Nacional","Liga Endesa",-402534000,NA,"https://www.acb.com/Documentos/Cabeceras/logo-competicion-1b.png","https://www.acb.com/Documentos/Cabeceras/logo-competicion-4a.png",86,2021,107,NA,NA,5414,102837,NA,NA,TRUE,3668,3668,2272,"BAXI Manresa","BAXI Manresa","BAX",3666,2270,"Joventut Badalona","Joventut","CJB",1,95,12000,11,25,44,17,40,42,28,31,90,21,13,34,17,5,11,2,3,9,2,19,27,102,20,-1,0,12,0,95,91,3,2343,0,18,17,30,6,32,16
1945386,1,"Liga Nacional","Liga Endesa",-402534000,NA,"https://www.acb.com/Documentos/Cabeceras/logo-competicion-1b.png","https://www.acb.com/Documentos/Cabeceras/logo-competicion-4a.png",86,2021,107,NA,NA,5414,102852,NA,NA,TRUE,3675,3675,2288,"Surne Bilbao Basket","Surne BB","SBB",3667,2271,"Valencia Basket","Valencia Basket","VBC",1,84,12000,8,26,30,26,44,59,8,14,57,24,12,36,20,5,6,8,4,2,6,26,21,94,30,-1,0,13,0,84,78,3,2251,1,19,15,42,15,40,14
1945387,1,"Liga Nacional","Liga Endesa",-402534000,NA,"https://www.acb.com/Documentos/Cabeceras/logo-competicion-1b.png","https://www.acb.com/Documentos/Cabeceras/logo-competicion-4a.png",86,2021,107,NA,NA,5414,102852,NA,NA,FALSE,3667,3675,2288,"Surne Bilbao Basket","Surne BB","SBB",3667,2271,"Valencia Basket","Valencia Basket","VBC",1,78,12000,12,27,44,13,32,40,16,21,76,26,9,35,15,4,13,4,2,4,1,22,26,82,-30,-1,13,0,0,78,84,3,19,0,2,5,22,7,26,16
1945415,1,"Liga Nacional","Liga Endesa",-402534000,NA,"https://www.acb.com/Documentos/Cabeceras/logo-competicion-1b.png","https://www.acb.com/Documentos/Cabeceras/logo-competicion-4a.png",86,2021,107,NA,NA,5414,102854,NA,NA,FALSE,3670,3680,2284,"Lenovo Tenerife","Lenovo Tenerife","LNT",3670,2274,"Río Breogán","Río Breogán","BRE",1,78,12000,8,23,34,19,40,47,16,21,76,21,14,35,14,5,12,12,1,6,2,21,19,72,-90,-1,11,0,0,78,96,4,30,2,2,4,34,15,26,8
1945414,1,"Liga Nacional","Liga Endesa",-402534000,NA,"https://www.acb.com/Documentos/Cabeceras/logo-competicion-1b.png","https://www.acb.com/Documentos/Cabeceras/logo-competicion-4a.png",86,2021,107,NA,NA,5414,102854,NA,NA,TRUE,3680,3680,2284,"Lenovo Tenerife","Lenovo Tenerife","LNT",3670,2274,"Río Breogán","Río Breogán","BRE",1,96,12000,14,36,38,20,29,68,14,17,82,25,9,34,18,7,6,7,6,1,1,19,21,122,90,-1,0,13,0,96,78,2,2087,2,23,13,32,9,22,6
1945100,1,"Liga Nacional","Liga Endesa",-402534000,NA,"https://www.acb.com/Documentos/Cabeceras/logo-competicion-1b.png","https://www.acb.com/Documentos/Cabeceras/logo-competicion-4a.png",86,2021,107,NA,NA,5414,102838,NA,NA,TRUE,3677,3677,2365,"Urbas Fuenlabrada","Urbas Fuenla","URF",3672,2276,"Monbus Obradoiro","Monbus Obra","MOB",1,93,12000,9,22,40,26,50,52,14,19,73,24,15,39,20,7,14,10,2,1,2,23,20,101,5,-1,0,13,0,93,92,3,1787,9,18,14,50,18,27,10
1945101,1,"Liga Nacional","Liga Endesa",-402534000,NA,"https://www.acb.com/Documentos/Cabeceras/logo-competicion-1b.png","https://www.acb.com/Documentos/Cabeceras/logo-competicion-4a.png",86,2021,107,NA,NA,5414,102838,NA,NA,FALSE,3672,3677,2365,"Urbas Fuenlabrada","Urbas Fuenla","URF",3672,2276,"Monbus Obradoiro","Monbus Obra","MOB",1,92,12000,14,31,45,15,28,53,20,26,76,23,6,29,13,8,14,3,1,2,1,20,21,92,-5,-1,13,0,0,92,93,5,314,8,3,15,28,2,38,17
1945133,1,"Liga Nacional","Liga Endesa",-402534000,NA,"https://www.acb.com/Documentos/Cabeceras/logo-competicion-1b.png","https://www.acb.com/Documentos/Cabeceras/logo-competicion-4a.png",86,2021,107,NA,NA,5414,102839,NA,NA,FALSE,3682,3679,2283,"Coosur Real Betis","Coosur Betis","BET",3682,2286,"Casademont Zaragoza","Casademont Zgz","CAZ",1,69,12000,8,18,44,15,36,41,15,23,65,21,6,27,17,7,14,0,2,1,2,19,19,68,-50,-1,13,0,0,69,79,4,974,5,8,5,26,3,35,7
1945132,1,"Liga Nacional","Liga Endesa",-402534000,NA,"https://www.acb.com/Documentos/Cabeceras/logo-competicion-1b.png","https://www.acb.com/Documentos/Cabeceras/logo-competicion-4a.png",86,2021,107,NA,NA,5414,102839,NA,NA,TRUE,3679,3679,2283,"Coosur Real Betis","Coosur Betis","BET",3682,2286,"Casademont Zaragoza","Casademont Zgz","CAZ",1,79,12000,9,32,28,22,35,62,8,10,80,26,13,39,17,8,14,0,1,2,2,19,18,89,50,-1,0,13,0,79,69,2,1080,5,10,4,40,11,18,10
1948746,1,"Liga Nacional","Liga Endesa",-402534000,NA,"https://www.acb.com/Documentos/Cabeceras/logo-competicion-1b.png","https://www.acb.com/Documentos/Cabeceras/logo-competicion-4a.png",86,2021,107,NA,NA,5413,102861,NA,NA,FALSE,3673,3668,2272,"BAXI Manresa","BAXI Manresa","BAX",3673,2277,"UCAM Murcia","UCAM Murcia","UCM",1,93,12000,9,36,25,24,45,53,18,21,85,21,17,38,17,10,13,4,3,1,3,31,22,87,-50,-1,13,0,0,93,103,5,0,0,0,4,48,19,33,7
1948745,1,"Liga Nacional","Liga Endesa",-402534000,NA,"https://www.acb.com/Documentos/Cabeceras/logo-competicion-1b.png","https://www.acb.com/Documentos/Cabeceras/logo-competicion-4a.png",86,2021,107,NA,NA,5413,102861,NA,NA,TRUE,3668,3668,2272,"BAXI Manresa","BAXI Manresa","BAX",3673,2277,"UCAM Murcia","UCAM Murcia","UCM",1,103,12000,6,21,28,28,49,57,29,38,76,29,18,47,19,4,17,6,1,3,3,23,29,115,50,-1,0,13,0,103,93,1,2369,0,19,6,48,22,37,7
1948604,1,"Liga Nacional","Liga Endesa",-402534000,NA,"https://www.acb.com/Documentos/Cabeceras/logo-competicion-1b.png","https://www.acb.com/Documentos/Cabeceras/logo-competicion-4a.png",86,2021,107,NA,NA,5413,102862,NA,NA,FALSE,3667,3669,2289,"Bitci Baskonia","Bitci Baskonia","BKN",3667,2271,"Valencia Basket","Valencia Basket","VBC",1,78,12000,9,29,31,21,36,58,9,10,90,29,5,34,18,7,9,5,2,4,1,16,19,93,35,-1,0,13,0,78,71,3,1940,2,20,11,34,2,36,12
1948603,1,"Liga Nacional","Liga Endesa",-402534000,NA,"https://www.acb.com/Documentos/Cabeceras/logo-competicion-1b.png","https://www.acb.com/Documentos/Cabeceras/logo-competicion-4a.png",86,2021,107,NA,NA,5413,102862,NA,NA,TRUE,3669,3669,2289,"Bitci Baskonia","Bitci Baskonia","BKN",3667,2271,"Valencia Basket","Valencia Basket","VBC",1,71,12000,9,34,26,15,28,53,14,15,93,29,10,39,16,3,14,2,4,2,4,19,15,74,-35,-1,13,0,0,71,78,4,308,1,4,3,26,3,8,14
1948356,1,"Liga Nacional","Liga Endesa",-402534000,NA,"https://www.acb.com/Documentos/Cabeceras/logo-competicion-1b.png","https://www.acb.com/Documentos/Cabeceras/logo-competicion-4a.png",86,2021,107,NA,NA,5413,102872,NA,NA,FALSE,3675,3678,2282,"Gran Canaria","Gran Canaria","GCA",3675,2288,"Surne Bilbao Basket","Surne BB","SBB",1,86,12000,15,30,50,16,30,53,9,14,64,25,8,33,19,4,19,2,2,2,1,23,15,81,-10,-1,13,0,0,86,88,3,865,10,6,7,28,8,45,8
1948355,1,"Liga Nacional","Liga Endesa",-402534000,NA,"https://www.acb.com/Documentos/Cabeceras/logo-competicion-1b.png","https://www.acb.com/Documentos/Cabeceras/logo-competicion-4a.png",86,2021,107,NA,NA,5413,102872,NA,NA,TRUE,3678,3678,2282,"Gran Canaria","Gran Canaria","GCA",3675,2288,"Surne Bilbao Basket","Surne BB","SBB",1,88,12000,6,23,26,27,46,58,16,24,66,21,13,34,13,15,7,10,2,2,3,16,23,106,10,-1,0,13,0,88,86,2,1178,11,5,15,44,10,33,7
1948220,1,"Liga Nacional","Liga Endesa",-402534000,NA,"https://www.acb.com/Documentos/Cabeceras/logo-competicion-1b.png","https://www.acb.com/Documentos/Cabeceras/logo-competicion-4a.png",86,2021,107,NA,NA,5413,102864,NA,NA,TRUE,3671,3671,2275,"Unicaja","Unicaja","UNI",3680,2284,"Lenovo Tenerife","Lenovo Tenerife","LNT",1,64,12000,3,26,11,25,41,60,5,5,100,20,16,36,7,5,18,2,0,2,4,18,16,51,-165,-1,12,0,0,64,97,4,0,0,0,4,44,13,36,7
1948221,1,"Liga Nacional","Liga Endesa",-402534000,NA,"https://www.acb.com/Documentos/Cabeceras/logo-competicion-1b.png","https://www.acb.com/Documentos/Cabeceras/logo-competicion-4a.png",86,2021,107,NA,NA,5413,102864,NA,NA,FALSE,3680,3671,2275,"Unicaja","Unicaja","UNI",3680,2284,"Lenovo Tenerife","Lenovo Tenerife","LNT",1,97,12000,10,18,55,28,40,70,11,13,84,21,2,23,21,15,7,2,2,0,3,16,18,131,165,-1,0,13,0,97,64,1,2387,0,36,11,54,0,46,11
1948194,1,"Liga Nacional","Liga Endesa",-402534000,NA,"https://www.acb.com/Documentos/Cabeceras/logo-competicion-1b.png","https://www.acb.com/Documentos/Cabeceras/logo-competicion-4a.png",86,2021,107,NA,NA,5413,102865,NA,NA,FALSE,3670,3674,2278,"Real Madrid","Real Madrid","RMB",3670,2274,"Río Breogán","Río Breogán","BRE",1,65,12000,5,26,19,17,40,42,16,24,66,22,19,41,13,7,16,4,2,8,0,21,22,53,-125,-1,12,0,0,65,90,4,12,0,2,6,32,13,26,9
1948193,1,"Liga Nacional","Liga Endesa",-402534000,NA,"https://www.acb.com/Documentos/Cabeceras/logo-competicion-1b.png","https://www.acb.com/Documentos/Cabeceras/logo-competicion-4a.png",86,2021,107,NA,NA,5413,102865,NA,NA,TRUE,3674,3674,2278,"Real Madrid","Real Madrid","RMB",3670,2274,"Río Breogán","Río Breogán","BRE",1,90,12000,11,29,37,19,32,59,19,24,79,29,9,38,24,10,10,6,8,2,2,22,21,121,125,-1,0,13,0,90,65,1,2365,1,34,9,32,9,25,13
1947918,1,"Liga Nacional","Liga Endesa",-402534000,NA,"https://www.acb.com/Documentos/Cabeceras/logo-competicion-1b.png","https://www.acb.com/Documentos/Cabeceras/logo-competicion-4a.png",86,2021,107,NA,NA,5413,102866,NA,NA,TRUE,3666,3666,2270,"Joventut Badalona","Joventut","CJB",3677,2365,"Urbas Fuenlabrada","Urbas Fuenla","URF",1,92,12000,14,30,46,20,34,58,10,15,66,26,9,35,25,5,11,6,4,1,3,16,16,114,85,-1,0,13,0,92,75,2,1722,2,25,14,34,2,40,9
1947919,1,"Liga Nacional","Liga Endesa",-402534000,NA,"https://www.acb.com/Documentos/Cabeceras/logo-competicion-1b.png","https://www.acb.com/Documentos/Cabeceras/logo-competicion-4a.png",86,2021,107,NA,NA,5413,102866,NA,NA,FALSE,3677,3666,2270,"Joventut Badalona","Joventut","CJB",3677,2365,"Urbas Fuenlabrada","Urbas Fuenla","URF",1,75,12000,11,26,42,15,35,42,12,14,85,20,8,28,20,5,13,2,1,4,2,17,16,74,-85,-1,12,0,0,75,92,2,660,1,7,8,28,10,24,8
1947946,1,"Liga Nacional","Liga Endesa",-402534000,NA,"https://www.acb.com/Documentos/Cabeceras/logo-competicion-1b.png","https://www.acb.com/Documentos/Cabeceras/logo-competicion-4a.png",86,2021,107,NA,NA,5413,102867,NA,NA,FALSE,3676,3682,2286,"Casademont Zaragoza","Casademont Zgz","CAZ",3676,2280,"Barça","Barça","BAR",1,71,12000,10,26,38,12,27,44,17,20,85,21,11,32,18,9,21,3,3,3,1,27,22,70,-25,-1,13,0,0,71,76,5,2265,3,11,18,24,6,46,7
1947945,1,"Liga Nacional","Liga Endesa",-402534000,NA,"https://www.acb.com/Documentos/Cabeceras/logo-competicion-1b.png","https://www.acb.com/Documentos/Cabeceras/logo-competicion-4a.png",86,2021,107,NA,NA,5413,102867,NA,NA,TRUE,3682,3682,2286,"Casademont Zaragoza","Casademont Zgz","CAZ",3676,2280,"Barça","Barça","BAR",1,76,12000,5,14,35,21,45,46,19,26,73,20,11,31,14,9,17,2,3,3,0,24,26,75,25,-1,0,13,0,76,71,4,108,4,5,13,34,10,54,7
1947667,1,"Liga Nacional","Liga Endesa",-402534000,NA,"https://www.acb.com/Documentos/Cabeceras/logo-competicion-1b.png","https://www.acb.com/Documentos/Cabeceras/logo-competicion-4a.png",86,2021,107,NA,NA,5413,102868,NA,NA,FALSE,3679,3665,2269,"MoraBanc Andorra","MoraBanc And","MBA",3679,2283,"Coosur Real Betis","Coosur Betis","BET",1,93,12000,17,28,60,15,29,51,12,16,75,29,6,35,20,2,12,4,3,1,3,20,19,110,85,-1,0,13,0,93,76,3,2198,1,24,5,26,7,19,12
1947666,1,"Liga Nacional","Liga Endesa",-402534000,NA,"https://www.acb.com/Documentos/Cabeceras/logo-competicion-1b.png","https://www.acb.com/Documentos/Cabeceras/logo-competicion-4a.png",86,2021,107,NA,NA,5413,102868,NA,NA,TRUE,3665,3665,2269,"MoraBanc Andorra","MoraBanc And","MBA",3679,2283,"Coosur Real Betis","Coosur Betis","BET",1,76,12000,11,35,31,16,37,43,11,14,78,21,17,38,14,6,9,2,1,3,4,19,20,76,-85,-1,13,0,0,76,93,3,24,1,1,4,28,11,43,6
1947639,1,"Liga Nacional","Liga Endesa",-402534000,NA,"https://www.acb.com/Documentos/Cabeceras/logo-competicion-1b.png","https://www.acb.com/Documentos/Cabeceras/logo-competicion-4a.png",86,2021,107,NA,NA,5413,102869,NA,NA,FALSE,3672,3681,2285,"Hereda San Pablo Burgos","Hereda SPB","BUR",3672,2276,"Monbus Obradoiro","Monbus Obra","MOB",1,82,12000,10,27,37,17,32,53,18,24,75,24,10,34,18,4,10,7,3,4,1,17,25,97,25,-1,0,13,0,82,77,4,1503,4,9,12,34,8,33,9
1947638,1,"Liga Nacional","Liga Endesa",-402534000,NA,"https://www.acb.com/Documentos/Cabeceras/logo-competicion-1b.png","https://www.acb.com/Documentos/Cabeceras/logo-competicion-4a.png",86,2021,107,NA,NA,5413,102869,NA,NA,TRUE,3681,3681,2285,"Hereda San Pablo Burgos","Hereda SPB","BUR",3672,2276,"Monbus Obradoiro","Monbus Obra","MOB",1,77,12000,10,30,33,18,38,47,11,13,84,25,15,40,13,7,12,4,4,3,0,25,17,76,-25,-1,13,0,0,77,82,3,644,4,7,4,30,12,27,11
1950016,1,"Liga Nacional","Liga Endesa",-402534000,NA,"https://www.acb.com/Documentos/Cabeceras/logo-competicion-1b.png","https://www.acb.com/Documentos/Cabeceras/logo-competicion-4a.png",86,2021,107,NA,NA,5412,102815,NA,NA,FALSE,3678,3672,2276,"Monbus Obradoiro","Monbus Obra","MOB",3678,2282,"Gran Canaria","Gran Canaria","GCA",1,97,12000,13,31,41,22,39,56,14,21,66,22,16,38,16,6,13,3,4,3,0,27,24,100,-45,-1,13,0,0,97,106,4,0,0,0,5,40,9,35,10
1950015,1,"Liga Nacional","Liga Endesa",-402534000,NA,"https://www.acb.com/Documentos/Cabeceras/logo-competicion-1b.png","https://www.acb.com/Documentos/Cabeceras/logo-competicion-4a.png",86,2021,107,NA,NA,5412,102815,NA,NA,TRUE,3672,3672,2276,"Monbus Obradoiro","Monbus Obra","MOB",3678,2282,"Gran Canaria","Gran Canaria","GCA",1,106,12000,13,30,43,23,33,69,21,33,63,21,12,33,21,9,8,7,3,4,1,24,25,122,45,-1,0,13,0,106,97,0,2381,0,24,17,40,9,33,8
1949876,1,"Liga Nacional","Liga Endesa",-402534000,NA,"https://www.acb.com/Documentos/Cabeceras/logo-competicion-1b.png","https://www.acb.com/Documentos/Cabeceras/logo-competicion-4a.png",86,2021,107,NA,NA,5412,102834,NA,NA,FALSE,3680,3676,2280,"Barça","Barça","BAR",3680,2284,"Lenovo Tenerife","Lenovo Tenerife","LNT",1,65,12000,4,21,19,20,33,60,13,14,92,23,4,27,14,7,14,0,3,1,5,14,21,77,-20,-1,13,0,0,65,69,4,813,2,7,9,36,4,40,10
1949875,1,"Liga Nacional","Liga Endesa",-402534000,NA,"https://www.acb.com/Documentos/Cabeceras/logo-competicion-1b.png","https://www.acb.com/Documentos/Cabeceras/logo-competicion-4a.png",86,2021,107,NA,NA,5412,102834,NA,NA,TRUE,3676,3676,2280,"Barça","Barça","BAR",3680,2284,"Lenovo Tenerife","Lenovo Tenerife","LNT",1,69,12000,8,29,27,19,31,61,7,9,77,25,8,33,14,7,15,6,1,3,8,21,14,64,20,-1,0,13,0,69,65,4,1333,2,9,9,30,4,40,10
1949741,1,"Liga Nacional","Liga Endesa",-402534000,NA,"https://www.acb.com/Documentos/Cabeceras/logo-competicion-1b.png","https://www.acb.com/Documentos/Cabeceras/logo-competicion-4a.png",86,2021,107,NA,NA,5412,102835,NA,NA,FALSE,3668,3669,2289,"Bitci Baskonia","Bitci Baskonia","BKN",3668,2272,"BAXI Manresa","BAXI Manresa","BAX",1,85,12000,10,23,43,20,48,41,15,21,71,26,12,38,14,5,17,13,2,4,3,18,19,77,-110,-1,12,0,0,85,107,2,365,6,4,6,38,8,19,6
1949740,1,"Liga Nacional","Liga Endesa",-402534000,NA,"https://www.acb.com/Documentos/Cabeceras/logo-competicion-1b.png","https://www.acb.com/Documentos/Cabeceras/logo-competicion-4a.png",86,2021,107,NA,NA,5412,102835,NA,NA,TRUE,3669,3669,2289,"Bitci Baskonia","Bitci Baskonia","BKN",3668,2272,"BAXI Manresa","BAXI Manresa","BAX",1,107,12000,14,34,41,26,38,68,13,16,81,28,5,33,22,12,9,8,5,2,7,21,16,128,110,-1,0,13,0,107,85,2,1886,7,25,17,46,2,31,6
1949437,1,"Liga Nacional","Liga Endesa",-402534000,NA,"https://www.acb.com/Documentos/Cabeceras/logo-competicion-1b.png","https://www.acb.com/Documentos/Cabeceras/logo-competicion-4a.png",86,2021,107,NA,NA,5412,102836,NA,NA,FALSE,3681,3665,2269,"MoraBanc Andorra","MoraBanc And","MBA",3681,2285,"Hereda San Pablo Burgos","Hereda SPB","BUR",1,71,13500,11,33,33,15,26,57,8,11,72,32,7,39,15,8,20,2,7,1,3,21,18,80,-10,-1,12,0,0,71,73,5,2375,1,14,9,30,4,23,14
1949436,1,"Liga Nacional","Liga Endesa",-402534000,NA,"https://www.acb.com/Documentos/Cabeceras/logo-competicion-1b.png","https://www.acb.com/Documentos/Cabeceras/logo-competicion-4a.png",86,2021,107,NA,NA,5412,102836,NA,NA,TRUE,3665,3665,2269,"MoraBanc Andorra","MoraBanc And","MBA",3681,2285,"Hereda San Pablo Burgos","Hereda SPB","BUR",1,73,13500,9,32,28,18,41,43,10,11,90,25,14,39,13,8,13,6,1,6,3,19,21,70,10,-1,0,13,0,73,71,5,195,2,2,12,30,11,35,10
1949463,1,"Liga Nacional","Liga Endesa",-402534000,NA,"https://www.acb.com/Documentos/Cabeceras/logo-competicion-1b.png","https://www.acb.com/Documentos/Cabeceras/logo-competicion-4a.png",86,2021,107,NA,NA,5412,102856,NA,NA,TRUE,3679,3679,2283,"Coosur Real Betis","Coosur Betis","BET",3674,2278,"Real Madrid","Real Madrid","RMB",1,69,12000,12,29,41,15,35,42,3,4,75,22,8,30,15,6,12,0,3,4,2,16,10,63,-10,-1,13,0,0,69,71,4,1224,6,9,15,24,7,19,9
1949464,1,"Liga Nacional","Liga Endesa",-402534000,NA,"https://www.acb.com/Documentos/Cabeceras/logo-competicion-1b.png","https://www.acb.com/Documentos/Cabeceras/logo-competicion-4a.png",86,2021,107,NA,NA,5412,102856,NA,NA,FALSE,3674,3679,2283,"Coosur Real Betis","Coosur Betis","BET",3674,2278,"Real Madrid","Real Madrid","RMB",1,71,12000,9,28,32,16,35,45,12,17,70,30,17,47,14,9,15,7,4,3,1,10,16,90,10,-1,0,13,0,71,69,5,1035,6,11,8,28,14,23,11
1949168,1,"Liga Nacional","Liga Endesa",-402534000,NA,"https://www.acb.com/Documentos/Cabeceras/logo-competicion-1b.png","https://www.acb.com/Documentos/Cabeceras/logo-competicion-4a.png",86,2021,107,NA,NA,5412,102857,NA,NA,FALSE,3682,3670,2274,"Río Breogán","Río Breogán","BRE",3682,2286,"Casademont Zaragoza","Casademont Zgz","CAZ",1,85,12000,13,30,43,17,31,54,12,14,85,17,8,25,16,9,11,4,4,1,3,20,17,91,15,-1,0,13,0,85,82,4,1249,12,8,15,24,7,59,7
1949167,1,"Liga Nacional","Liga Endesa",-402534000,NA,"https://www.acb.com/Documentos/Cabeceras/logo-competicion-1b.png","https://www.acb.com/Documentos/Cabeceras/logo-competicion-4a.png",86,2021,107,NA,NA,5412,102857,NA,NA,TRUE,3670,3670,2274,"Río Breogán","Río Breogán","BRE",3682,2286,"Casademont Zaragoza","Casademont Zgz","CAZ",1,82,12000,7,21,33,22,40,55,17,21,80,22,16,38,15,5,17,4,1,3,1,17,20,88,-15,-1,11,0,0,82,85,5,879,12,5,4,42,11,25,7
1949193,1,"Liga Nacional","Liga Endesa",-402534000,NA,"https://www.acb.com/Documentos/Cabeceras/logo-competicion-1b.png","https://www.acb.com/Documentos/Cabeceras/logo-competicion-4a.png",86,2021,107,NA,NA,5412,102858,NA,NA,TRUE,3666,3666,2270,"Joventut Badalona","Joventut","CJB",3671,2275,"Unicaja","Unicaja","UNI",1,76,12000,9,23,39,21,37,56,7,15,46,25,4,29,19,11,10,4,4,1,3,22,20,88,30,-1,0,13,0,76,70,2,1956,1,16,19,36,2,35,13
1949194,1,"Liga Nacional","Liga Endesa",-402534000,NA,"https://www.acb.com/Documentos/Cabeceras/logo-competicion-1b.png","https://www.acb.com/Documentos/Cabeceras/logo-competicion-4a.png",86,2021,107,NA,NA,5412,102858,NA,NA,FALSE,3671,3666,2270,"Joventut Badalona","Joventut","CJB",3671,2275,"Unicaja","Unicaja","UNI",1,70,12000,6,24,25,20,38,52,12,16,75,32,12,44,11,5,18,2,1,3,3,20,22,72,-30,-1,12,0,0,70,76,4,409,1,4,6,30,11,27,9
1948916,1,"Liga Nacional","Liga Endesa",-402534000,NA,"https://www.acb.com/Documentos/Cabeceras/logo-competicion-1b.png","https://www.acb.com/Documentos/Cabeceras/logo-competicion-4a.png",86,2021,107,NA,NA,5412,102859,NA,NA,FALSE,3677,3667,2271,"Valencia Basket","Valencia Basket","VBC",3677,2365,"Urbas Fuenlabrada","Urbas Fuenla","URF",1,79,12000,9,23,39,22,41,53,8,10,80,17,10,27,12,11,16,15,1,2,3,17,15,75,-90,-1,13,0,0,79,97,5,29,1,3,11,42,10,23,8
1948915,1,"Liga Nacional","Liga Endesa",-402534000,NA,"https://www.acb.com/Documentos/Cabeceras/logo-competicion-1b.png","https://www.acb.com/Documentos/Cabeceras/logo-competicion-4a.png",86,2021,107,NA,NA,5412,102859,NA,NA,TRUE,3667,3667,2271,"Valencia Basket","Valencia Basket","VBC",3677,2365,"Urbas Fuenlabrada","Urbas Fuenla","URF",1,97,12000,14,31,45,20,32,62,15,18,83,21,13,34,22,11,14,14,2,1,5,15,17,121,90,-1,0,13,0,97,79,2,2239,1,20,11,34,16,44,10
1948885,1,"Liga Nacional","Liga Endesa",-402534000,NA,"https://www.acb.com/Documentos/Cabeceras/logo-competicion-1b.png","https://www.acb.com/Documentos/Cabeceras/logo-competicion-4a.png",86,2021,107,NA,NA,5412,102860,NA,NA,TRUE,3675,3675,2288,"Surne Bilbao Basket","Surne BB","SBB",3673,2277,"UCAM Murcia","UCAM Murcia","UCM",1,78,12000,7,20,35,24,41,58,9,16,56,29,8,37,17,6,12,0,8,1,4,19,19,96,5,-1,0,13,0,78,77,3,1414,2,12,2,44,9,43,10
1948886,1,"Liga Nacional","Liga Endesa",-402534000,NA,"https://www.acb.com/Documentos/Cabeceras/logo-competicion-1b.png","https://www.acb.com/Documentos/Cabeceras/logo-competicion-4a.png",86,2021,107,NA,NA,5412,102860,NA,NA,FALSE,3673,3675,2288,"Surne Bilbao Basket","Surne BB","SBB",3673,2277,"UCAM Murcia","UCAM Murcia","UCM",1,77,12000,9,34,26,18,43,41,14,20,70,24,20,44,15,6,11,2,1,8,3,19,19,68,-5,-1,13,0,0,77,78,4,762,1,9,7,30,8,28,14
1951506,1,"Liga Nacional","Liga Endesa",-402534000,NA,"https://www.acb.com/Documentos/Cabeceras/logo-competicion-1b.png","https://www.acb.com/Documentos/Cabeceras/logo-competicion-4a.png",86,2021,107,NA,NA,5411,102809,NA,NA,TRUE,3682,3682,2286,"Casademont Zaragoza","Casademont Zgz","CAZ",3675,2288,"Surne Bilbao Basket","Surne BB","SBB",1,80,12000,7,27,25,25,46,54,9,16,56,26,17,43,19,8,13,0,1,3,4,20,23,90,-10,-1,13,0,0,80,82,3,787,4,9,7,42,9,45,11
1951507,1,"Liga Nacional","Liga Endesa",-402534000,NA,"https://www.acb.com/Documentos/Cabeceras/logo-competicion-1b.png","https://www.acb.com/Documentos/Cabeceras/logo-competicion-4a.png",86,2021,107,NA,NA,5411,102809,NA,NA,FALSE,3675,3682,2286,"Casademont Zaragoza","Casademont Zgz","CAZ",3675,2288,"Surne Bilbao Basket","Surne BB","SBB",1,82,12000,8,25,32,22,39,56,14,17,82,26,9,35,20,9,12,2,3,1,3,23,20,96,10,-1,0,13,0,82,80,3,1092,5,6,7,40,7,34,11
1951367,1,"Liga Nacional","Liga Endesa",-402534000,NA,"https://www.acb.com/Documentos/Cabeceras/logo-competicion-1b.png","https://www.acb.com/Documentos/Cabeceras/logo-competicion-4a.png",86,2021,107,NA,NA,5411,102810,NA,NA,FALSE,3666,3674,2278,"Real Madrid","Real Madrid","RMB",3666,2270,"Joventut Badalona","Joventut","CJB",1,89,12000,7,20,35,29,45,64,10,12,83,18,10,28,18,5,11,4,1,4,2,20,15,90,-50,-1,13,0,0,89,99,5,37,2,2,10,48,9,37,10
1951366,1,"Liga Nacional","Liga Endesa",-402534000,NA,"https://www.acb.com/Documentos/Cabeceras/logo-competicion-1b.png","https://www.acb.com/Documentos/Cabeceras/logo-competicion-4a.png",86,2021,107,NA,NA,5411,102810,NA,NA,TRUE,3674,3674,2278,"Real Madrid","Real Madrid","RMB",3666,2270,"Joventut Badalona","Joventut","CJB",1,99,12000,11,27,40,25,33,75,16,20,80,20,6,26,17,7,9,6,4,1,5,16,19,118,50,-1,0,13,0,99,89,2,2289,2,13,15,46,11,40,10
1951255,1,"Liga Nacional","Liga Endesa",-402534000,NA,"https://www.acb.com/Documentos/Cabeceras/logo-competicion-1b.png","https://www.acb.com/Documentos/Cabeceras/logo-competicion-4a.png",86,2021,107,NA,NA,5411,102811,NA,NA,FALSE,3672,3673,2277,"UCAM Murcia","UCAM Murcia","UCM",3672,2276,"Monbus Obradoiro","Monbus Obra","MOB",1,80,12000,7,22,31,17,35,48,25,35,71,25,10,35,14,4,15,0,1,2,0,19,26,81,-90,-1,13,0,0,80,98,5,666,0,10,7,32,9,37,10
1951254,1,"Liga Nacional","Liga Endesa",-402534000,NA,"https://www.acb.com/Documentos/Cabeceras/logo-competicion-1b.png","https://www.acb.com/Documentos/Cabeceras/logo-competicion-4a.png",86,2021,107,NA,NA,5411,102811,NA,NA,TRUE,3673,3673,2277,"UCAM Murcia","UCAM Murcia","UCM",3672,2276,"Monbus Obradoiro","Monbus Obra","MOB",1,98,12000,13,31,41,25,42,59,9,16,56,27,12,39,17,6,11,13,2,1,2,28,19,99,90,-1,0,13,0,98,80,2,1636,1,28,16,50,9,62,10
1951044,1,"Liga Nacional","Liga Endesa",-402534000,NA,"https://www.acb.com/Documentos/Cabeceras/logo-competicion-1b.png","https://www.acb.com/Documentos/Cabeceras/logo-competicion-4a.png",86,2021,107,NA,NA,5411,102812,NA,NA,FALSE,3670,3678,2282,"Gran Canaria","Gran Canaria","GCA",3670,2274,"Río Breogán","Río Breogán","BRE",1,86,12000,8,23,34,25,48,52,12,17,70,26,10,36,22,12,13,12,0,2,2,18,23,103,10,-1,0,11,0,86,84,5,670,6,5,10,46,11,27,7
1951043,1,"Liga Nacional","Liga Endesa",-402534000,NA,"https://www.acb.com/Documentos/Cabeceras/logo-competicion-1b.png","https://www.acb.com/Documentos/Cabeceras/logo-competicion-4a.png",86,2021,107,NA,NA,5411,102812,NA,NA,TRUE,3678,3678,2282,"Gran Canaria","Gran Canaria","GCA",3670,2274,"Río Breogán","Río Breogán","BRE",1,84,12000,7,20,35,26,43,60,11,15,73,30,6,36,11,9,19,6,2,0,2,23,18,84,-10,-1,13,0,0,84,86,4,1542,5,10,13,32,4,43,8
1950990,1,"Liga Nacional","Liga Endesa",-402534000,NA,"https://www.acb.com/Documentos/Cabeceras/logo-competicion-1b.png","https://www.acb.com/Documentos/Cabeceras/logo-competicion-4a.png",86,2021,107,NA,NA,5411,102813,NA,NA,FALSE,3681,3676,2280,"Barça","Barça","BAR",3681,2285,"Hereda San Pablo Burgos","Hereda SPB","BUR",1,69,12000,4,16,25,19,45,42,19,21,90,33,11,44,12,4,15,4,5,3,1,18,23,81,-75,-1,12,0,0,69,84,3,610,2,5,2,34,2,47,8
1950989,1,"Liga Nacional","Liga Endesa",-402534000,NA,"https://www.acb.com/Documentos/Cabeceras/logo-competicion-1b.png","https://www.acb.com/Documentos/Cabeceras/logo-competicion-4a.png",86,2021,107,NA,NA,5411,102813,NA,NA,TRUE,3676,3676,2280,"Barça","Barça","BAR",3681,2285,"Hereda San Pablo Burgos","Hereda SPB","BUR",1,84,12000,11,27,40,19,44,43,13,23,56,26,14,40,19,11,8,6,3,5,3,23,18,88,75,-1,0,13,0,84,69,1,1590,3,19,14,28,10,41,12
1950706,1,"Liga Nacional","Liga Endesa",-402534000,NA,"https://www.acb.com/Documentos/Cabeceras/logo-competicion-1b.png","https://www.acb.com/Documentos/Cabeceras/logo-competicion-4a.png",86,2021,107,NA,NA,5411,102805,NA,NA,FALSE,3679,3677,2365,"Urbas Fuenlabrada","Urbas Fuenla","URF",3679,2283,"Coosur Real Betis","Coosur Betis","BET",1,82,12000,12,25,48,16,38,42,14,18,77,22,12,34,11,9,15,2,5,5,2,18,21,85,25,-1,0,13,0,82,77,3,1220,6,5,7,30,8,18,9
1950705,1,"Liga Nacional","Liga Endesa",-402534000,NA,"https://www.acb.com/Documentos/Cabeceras/logo-competicion-1b.png","https://www.acb.com/Documentos/Cabeceras/logo-competicion-4a.png",86,2021,107,NA,NA,5411,102805,NA,NA,TRUE,3677,3677,2365,"Urbas Fuenlabrada","Urbas Fuenla","URF",3679,2283,"Coosur Real Betis","Coosur Betis","BET",1,77,12000,8,24,33,21,38,55,11,15,73,26,11,37,14,10,15,10,5,4,3,22,17,82,-25,-1,13,0,0,77,82,2,873,6,9,18,42,8,25,10
1950735,1,"Liga Nacional","Liga Endesa",-402534000,NA,"https://www.acb.com/Documentos/Cabeceras/logo-competicion-1b.png","https://www.acb.com/Documentos/Cabeceras/logo-competicion-4a.png",86,2021,107,NA,NA,5411,102806,NA,NA,TRUE,3671,3671,2275,"Unicaja","Unicaja","UNI",3669,2289,"Bitci Baskonia","Bitci Baskonia","BKN",1,72,12000,8,26,30,21,53,39,6,12,50,28,20,48,10,5,9,9,1,5,3,17,16,65,-5,-1,13,0,0,72,73,2,265,2,6,12,38,17,31,13
1950736,1,"Liga Nacional","Liga Endesa",-402534000,NA,"https://www.acb.com/Documentos/Cabeceras/logo-competicion-1b.png","https://www.acb.com/Documentos/Cabeceras/logo-competicion-4a.png",86,2021,107,NA,NA,5411,102806,NA,NA,FALSE,3669,3671,2275,"Unicaja","Unicaja","UNI",3669,2289,"Bitci Baskonia","Bitci Baskonia","BKN",1,73,12000,8,30,26,20,37,54,9,12,75,31,11,42,11,6,12,2,5,1,3,17,17,82,5,-1,0,13,0,73,72,4,1946,2,13,6,30,7,10,11
1950458,1,"Liga Nacional","Liga Endesa",-402534000,NA,"https://www.acb.com/Documentos/Cabeceras/logo-competicion-1b.png","https://www.acb.com/Documentos/Cabeceras/logo-competicion-4a.png",86,2021,107,NA,NA,5411,102807,NA,NA,FALSE,3665,3667,2271,"Valencia Basket","Valencia Basket","VBC",3665,2269,"MoraBanc Andorra","MoraBanc And","MBA",1,76,12000,7,27,25,23,40,57,9,11,81,18,13,31,16,6,10,11,0,3,5,24,17,70,-25,-1,13,0,0,76,81,4,397,4,4,8,42,10,28,9
1950457,1,"Liga Nacional","Liga Endesa",-402534000,NA,"https://www.acb.com/Documentos/Cabeceras/logo-competicion-1b.png","https://www.acb.com/Documentos/Cabeceras/logo-competicion-4a.png",86,2021,107,NA,NA,5411,102807,NA,NA,TRUE,3667,3667,2271,"Valencia Basket","Valencia Basket","VBC",3665,2269,"MoraBanc Andorra","MoraBanc And","MBA",1,81,12000,7,27,25,18,34,52,24,30,80,24,18,42,16,4,13,6,3,0,1,17,22,96,25,-1,0,13,0,81,76,2,1880,5,9,9,34,16,47,7
1950431,1,"Liga Nacional","Liga Endesa",-402534000,NA,"https://www.acb.com/Documentos/Cabeceras/logo-competicion-1b.png","https://www.acb.com/Documentos/Cabeceras/logo-competicion-4a.png",86,2021,107,NA,NA,5411,102808,NA,NA,FALSE,3668,3680,2284,"Lenovo Tenerife","Lenovo Tenerife","LNT",3668,2272,"BAXI Manresa","BAXI Manresa","BAX",1,83,12000,5,14,35,27,48,56,14,20,70,24,12,36,19,6,14,12,4,3,3,23,14,86,-55,-1,12,0,0,83,94,2,167,2,6,9,46,11,21,5
1950430,1,"Liga Nacional","Liga Endesa",-402534000,NA,"https://www.acb.com/Documentos/Cabeceras/logo-competicion-1b.png","https://www.acb.com/Documentos/Cabeceras/logo-competicion-4a.png",86,2021,107,NA,NA,5411,102808,NA,NA,TRUE,3680,3680,2284,"Lenovo Tenerife","Lenovo Tenerife","LNT",3668,2272,"BAXI Manresa","BAXI Manresa","BAX",1,94,12000,17,31,54,14,27,51,15,21,71,20,6,26,23,8,12,2,3,4,4,14,23,114,55,-1,0,13,0,94,83,1,2098,2,15,16,24,13,42,6
1952469,1,"Liga Nacional","Liga Endesa",-402534000,NA,"https://www.acb.com/Documentos/Cabeceras/logo-competicion-1b.png","https://www.acb.com/Documentos/Cabeceras/logo-competicion-4a.png",86,2021,107,NA,NA,5410,102816,NA,NA,FALSE,3674,3672,2276,"Monbus Obradoiro","Monbus Obra","MOB",3674,2278,"Real Madrid","Real Madrid","RMB",1,89,12000,10,23,43,23,40,57,13,18,72,23,11,34,12,7,10,7,5,2,3,18,17,99,5,-1,0,13,0,89,88,4,678,13,7,11,38,8,55,7
1952468,1,"Liga Nacional","Liga Endesa",-402534000,NA,"https://www.acb.com/Documentos/Cabeceras/logo-competicion-1b.png","https://www.acb.com/Documentos/Cabeceras/logo-competicion-4a.png",86,2021,107,NA,NA,5410,102816,NA,NA,TRUE,3672,3672,2276,"Monbus Obradoiro","Monbus Obra","MOB",3674,2278,"Real Madrid","Real Madrid","RMB",1,88,12000,14,28,50,18,35,51,10,16,62,17,10,27,20,6,10,2,2,5,3,17,18,92,-5,-1,13,0,0,88,89,4,1399,12,6,13,22,7,32,9
1952364,1,"Liga Nacional","Liga Endesa",-402534000,NA,"https://www.acb.com/Documentos/Cabeceras/logo-competicion-1b.png","https://www.acb.com/Documentos/Cabeceras/logo-competicion-4a.png",86,2021,107,NA,NA,5410,102814,NA,NA,TRUE,3681,3681,2285,"Hereda San Pablo Burgos","Hereda SPB","BUR",3671,2275,"Unicaja","Unicaja","UNI",1,89,12000,11,26,42,22,40,55,12,16,75,28,12,40,16,7,12,5,2,4,1,20,18,99,75,-1,0,12,0,89,74,2,1987,5,22,14,42,11,43,12
1952365,1,"Liga Nacional","Liga Endesa",-402534000,NA,"https://www.acb.com/Documentos/Cabeceras/logo-competicion-1b.png","https://www.acb.com/Documentos/Cabeceras/logo-competicion-4a.png",86,2021,107,NA,NA,5410,102814,NA,NA,FALSE,3671,3681,2285,"Hereda San Pablo Burgos","Hereda SPB","BUR",3671,2275,"Unicaja","Unicaja","UNI",1,74,12000,8,25,32,19,45,42,12,16,75,21,16,37,16,6,14,6,4,2,1,18,20,76,-75,-1,12,0,0,74,89,3,306,4,5,12,34,10,23,7
1952140,1,"Liga Nacional","Liga Endesa",-402534000,NA,"https://www.acb.com/Documentos/Cabeceras/logo-competicion-1b.png","https://www.acb.com/Documentos/Cabeceras/logo-competicion-4a.png",86,2021,107,NA,NA,5410,102799,NA,NA,TRUE,3678,3678,2282,"Gran Canaria","Gran Canaria","GCA",3667,2271,"Valencia Basket","Valencia Basket","VBC",1,89,12000,10,29,34,25,38,65,9,12,75,19,7,26,17,9,9,9,1,2,5,21,19,94,30,-1,0,13,0,89,83,4,2342,0,20,13,44,11,35,14
1952141,1,"Liga Nacional","Liga Endesa",-402534000,NA,"https://www.acb.com/Documentos/Cabeceras/logo-competicion-1b.png","https://www.acb.com/Documentos/Cabeceras/logo-competicion-4a.png",86,2021,107,NA,NA,5410,102799,NA,NA,FALSE,3667,3678,2282,"Gran Canaria","Gran Canaria","GCA",3667,2271,"Valencia Basket","Valencia Basket","VBC",1,83,12000,11,20,55,18,33,54,14,20,70,24,6,30,13,5,15,0,2,1,2,19,21,89,-30,-1,13,0,0,83,89,4,0,0,0,4,32,7,48,11
1952085,1,"Liga Nacional","Liga Endesa",-402534000,NA,"https://www.acb.com/Documentos/Cabeceras/logo-competicion-1b.png","https://www.acb.com/Documentos/Cabeceras/logo-competicion-4a.png",86,2021,107,NA,NA,5410,102833,NA,NA,FALSE,3666,3673,2277,"UCAM Murcia","UCAM Murcia","UCM",3666,2270,"Joventut Badalona","Joventut","CJB",1,83,12000,10,23,43,17,38,44,19,23,82,25,8,33,19,9,12,4,1,1,1,22,20,92,60,-1,0,13,0,83,71,2,2272,0,12,15,32,5,26,8
1952084,1,"Liga Nacional","Liga Endesa",-402534000,NA,"https://www.acb.com/Documentos/Cabeceras/logo-competicion-1b.png","https://www.acb.com/Documentos/Cabeceras/logo-competicion-4a.png",86,2021,107,NA,NA,5410,102833,NA,NA,TRUE,3673,3673,2277,"UCAM Murcia","UCAM Murcia","UCM",3666,2270,"Joventut Badalona","Joventut","CJB",1,71,12000,10,29,34,15,32,46,11,23,47,24,11,35,15,3,18,0,1,1,0,23,21,56,-60,-1,13,0,0,71,83,4,0,0,0,4,30,10,27,5
1951954,1,"Liga Nacional","Liga Endesa",-402534000,NA,"https://www.acb.com/Documentos/Cabeceras/logo-competicion-1b.png","https://www.acb.com/Documentos/Cabeceras/logo-competicion-4a.png",86,2021,107,NA,NA,5410,102801,NA,NA,TRUE,3670,3670,2274,"Río Breogán","Río Breogán","BRE",3676,2280,"Barça","Barça","BAR",1,72,12000,7,24,29,21,48,43,9,15,60,28,14,42,10,6,15,6,1,4,3,23,18,57,-10,-1,11,0,0,72,74,4,2177,1,22,6,40,8,42,11
1951955,1,"Liga Nacional","Liga Endesa",-402534000,NA,"https://www.acb.com/Documentos/Cabeceras/logo-competicion-1b.png","https://www.acb.com/Documentos/Cabeceras/logo-competicion-4a.png",86,2021,107,NA,NA,5410,102801,NA,NA,FALSE,3676,3670,2274,"Río Breogán","Río Breogán","BRE",3676,2280,"Barça","Barça","BAR",1,74,12000,9,27,33,16,35,45,15,22,68,29,10,39,12,9,13,6,4,1,1,19,23,84,10,-1,0,13,0,74,72,3,69,1,2,6,18,6,37,7
1951702,1,"Liga Nacional","Liga Endesa",-402534000,NA,"https://www.acb.com/Documentos/Cabeceras/logo-competicion-1b.png","https://www.acb.com/Documentos/Cabeceras/logo-competicion-4a.png",86,2021,107,NA,NA,5410,102803,NA,NA,TRUE,3669,3669,2289,"Bitci Baskonia","Bitci Baskonia","BKN",3682,2286,"Casademont Zaragoza","Casademont Zgz","CAZ",1,91,12000,12,31,38,22,34,64,11,14,78,30,12,42,24,11,17,13,1,1,4,18,18,117,160,-1,0,13,0,91,59,2,2192,1,35,17,44,16,33,13
1951703,1,"Liga Nacional","Liga Endesa",-402534000,NA,"https://www.acb.com/Documentos/Cabeceras/logo-competicion-1b.png","https://www.acb.com/Documentos/Cabeceras/logo-competicion-4a.png",86,2021,107,NA,NA,5410,102803,NA,NA,FALSE,3682,3669,2289,"Bitci Baskonia","Bitci Baskonia","BKN",3682,2286,"Casademont Zaragoza","Casademont Zgz","CAZ",1,59,12000,2,10,20,22,54,40,9,13,69,18,10,28,12,8,18,8,1,1,2,18,18,45,-160,-1,13,0,0,59,91,3,142,0,4,10,34,6,29,7
1951674,1,"Liga Nacional","Liga Endesa",-402534000,NA,"https://www.acb.com/Documentos/Cabeceras/logo-competicion-1b.png","https://www.acb.com/Documentos/Cabeceras/logo-competicion-4a.png",86,2021,107,NA,NA,5410,102804,NA,NA,TRUE,3665,3665,2269,"MoraBanc Andorra","MoraBanc And","MBA",3677,2365,"Urbas Fuenlabrada","Urbas Fuenla","URF",1,92,12000,12,29,41,20,35,57,16,22,72,26,10,36,22,12,14,10,1,2,4,21,21,109,40,-1,0,13,0,92,84,2,1707,3,13,6,36,7,59,10
1951675,1,"Liga Nacional","Liga Endesa",-402534000,NA,"https://www.acb.com/Documentos/Cabeceras/logo-competicion-1b.png","https://www.acb.com/Documentos/Cabeceras/logo-competicion-4a.png",86,2021,107,NA,NA,5410,102804,NA,NA,FALSE,3677,3665,2269,"MoraBanc Andorra","MoraBanc And","MBA",3677,2365,"Urbas Fuenlabrada","Urbas Fuenla","URF",1,84,12000,9,26,34,23,37,62,11,12,91,21,5,26,22,5,15,2,2,1,1,21,21,91,-40,-1,13,0,0,84,92,5,495,3,6,8,40,8,48,10
1950240,1,"Liga Nacional","Liga Endesa",-402534000,NA,"https://www.acb.com/Documentos/Cabeceras/logo-competicion-1b.png","https://www.acb.com/Documentos/Cabeceras/logo-competicion-4a.png",86,2021,107,NA,NA,5410,102800,NA,NA,FALSE,3679,3668,2272,"BAXI Manresa","BAXI Manresa","BAX",3679,2283,"Coosur Real Betis","Coosur Betis","BET",1,102,12000,12,25,48,24,44,54,18,18,100,26,8,34,16,6,16,2,1,2,4,22,22,108,30,-1,0,13,0,102,96,2,1621,6,10,18,48,12,22,9
1950239,1,"Liga Nacional","Liga Endesa",-402534000,NA,"https://www.acb.com/Documentos/Cabeceras/logo-competicion-1b.png","https://www.acb.com/Documentos/Cabeceras/logo-competicion-4a.png",86,2021,107,NA,NA,5410,102800,NA,NA,TRUE,3668,3668,2272,"BAXI Manresa","BAXI Manresa","BAX",3679,2283,"Coosur Real Betis","Coosur Betis","BET",1,96,12000,12,31,38,23,40,57,14,21,66,24,11,35,19,8,17,7,2,1,2,23,21,97,-30,-1,12,0,0,96,102,4,570,5,4,10,44,17,35,7
1950156,1,"Liga Nacional","Liga Endesa",-402534000,NA,"https://www.acb.com/Documentos/Cabeceras/logo-competicion-1b.png","https://www.acb.com/Documentos/Cabeceras/logo-competicion-4a.png",86,2021,107,NA,NA,5410,102802,NA,NA,FALSE,3680,3675,2288,"Surne Bilbao Basket","Surne BB","SBB",3680,2284,"Lenovo Tenerife","Lenovo Tenerife","LNT",1,79,12000,10,32,31,15,27,55,19,25,76,18,8,26,20,4,12,0,3,4,3,25,23,74,-40,-1,13,0,0,79,87,4,721,5,6,10,24,13,37,7
1950155,1,"Liga Nacional","Liga Endesa",-402534000,NA,"https://www.acb.com/Documentos/Cabeceras/logo-competicion-1b.png","https://www.acb.com/Documentos/Cabeceras/logo-competicion-4a.png",86,2021,107,NA,NA,5410,102802,NA,NA,TRUE,3675,3675,2288,"Surne Bilbao Basket","Surne BB","SBB",3680,2284,"Lenovo Tenerife","Lenovo Tenerife","LNT",1,87,12000,6,21,28,25,44,56,19,24,79,22,11,33,18,10,10,0,4,3,1,25,25,100,40,-1,0,13,0,87,79,3,1525,6,9,6,46,15,30,7
1953691,1,"Liga Nacional","Liga Endesa",-402534000,NA,"https://www.acb.com/Documentos/Cabeceras/logo-competicion-1b.png","https://www.acb.com/Documentos/Cabeceras/logo-competicion-4a.png",86,2021,107,NA,NA,5433,102826,NA,NA,FALSE,3669,3680,2284,"Lenovo Tenerife","Lenovo Tenerife","LNT",3669,2289,"Bitci Baskonia","Bitci Baskonia","BKN",1,91,12000,15,30,50,16,35,45,14,22,63,23,17,40,22,6,12,7,1,4,3,18,21,105,65,-1,0,13,0,91,78,3,2273,1,18,16,30,8,33,8
1953690,1,"Liga Nacional","Liga Endesa",-402534000,NA,"https://www.acb.com/Documentos/Cabeceras/logo-competicion-1b.png","https://www.acb.com/Documentos/Cabeceras/logo-competicion-4a.png",86,2021,107,NA,NA,5433,102826,NA,NA,TRUE,3680,3680,2284,"Lenovo Tenerife","Lenovo Tenerife","LNT",3669,2289,"Bitci Baskonia","Bitci Baskonia","BKN",1,78,12000,12,36,33,15,28,53,12,14,85,20,11,31,16,5,13,2,4,1,2,23,15,73,-65,-1,13,0,0,78,91,3,22,0,2,8,24,10,20,8
1953607,1,"Liga Nacional","Liga Endesa",-402534000,NA,"https://www.acb.com/Documentos/Cabeceras/logo-competicion-1b.png","https://www.acb.com/Documentos/Cabeceras/logo-competicion-4a.png",86,2021,107,NA,NA,5433,102825,NA,NA,FALSE,3673,3674,2278,"Real Madrid","Real Madrid","RMB",3673,2277,"UCAM Murcia","UCAM Murcia","UCM",1,69,12000,10,34,29,16,41,39,7,8,87,20,13,33,11,4,8,0,5,7,0,23,18,52,-105,-1,13,0,0,69,90,4,565,3,6,3,22,13,39,6
1953606,1,"Liga Nacional","Liga Endesa",-402534000,NA,"https://www.acb.com/Documentos/Cabeceras/logo-competicion-1b.png","https://www.acb.com/Documentos/Cabeceras/logo-competicion-4a.png",86,2021,107,NA,NA,5433,102825,NA,NA,TRUE,3674,3674,2278,"Real Madrid","Real Madrid","RMB",3673,2277,"UCAM Murcia","UCAM Murcia","UCM",1,90,12000,7,17,41,26,45,57,17,25,68,33,13,46,14,3,10,4,7,5,1,18,22,112,105,-1,0,13,0,90,69,0,1489,4,22,11,44,14,52,9
1953523,1,"Liga Nacional","Liga Endesa",-402534000,NA,"https://www.acb.com/Documentos/Cabeceras/logo-competicion-1b.png","https://www.acb.com/Documentos/Cabeceras/logo-competicion-4a.png",86,2021,107,NA,NA,5433,102827,NA,NA,FALSE,3668,3671,2275,"Unicaja","Unicaja","UNI",3668,2272,"BAXI Manresa","BAXI Manresa","BAX",1,100,12000,7,14,50,24,37,64,31,39,79,26,9,35,19,4,22,6,4,1,4,22,30,119,25,-1,0,13,0,100,95,4,2371,0,24,9,40,2,31,14
1953522,1,"Liga Nacional","Liga Endesa",-402534000,NA,"https://www.acb.com/Documentos/Cabeceras/logo-competicion-1b.png","https://www.acb.com/Documentos/Cabeceras/logo-competicion-4a.png",86,2021,107,NA,NA,5433,102827,NA,NA,TRUE,3671,3671,2275,"Unicaja","Unicaja","UNI",3668,2272,"BAXI Manresa","BAXI Manresa","BAX",1,95,12000,11,27,40,26,52,50,10,18,55,12,19,31,21,12,12,12,1,4,3,30,22,86,-25,-1,13,0,0,95,100,5,0,0,0,16,42,12,58,7
1953381,1,"Liga Nacional","Liga Endesa",-402534000,NA,"https://www.acb.com/Documentos/Cabeceras/logo-competicion-1b.png","https://www.acb.com/Documentos/Cabeceras/logo-competicion-4a.png",86,2021,107,NA,NA,5433,102829,NA,NA,FALSE,3672,3666,2270,"Joventut Badalona","Joventut","CJB",3672,2276,"Monbus Obradoiro","Monbus Obra","MOB",1,84,12000,8,23,34,25,36,69,10,21,47,28,7,35,19,6,12,2,4,2,2,18,21,100,30,-1,0,13,0,84,78,2,2037,5,11,5,44,12,35,7
1953380,1,"Liga Nacional","Liga Endesa",-402534000,NA,"https://www.acb.com/Documentos/Cabeceras/logo-competicion-1b.png","https://www.acb.com/Documentos/Cabeceras/logo-competicion-4a.png",86,2021,107,NA,NA,5433,102829,NA,NA,TRUE,3666,3666,2270,"Joventut Badalona","Joventut","CJB",3672,2276,"Monbus Obradoiro","Monbus Obra","MOB",1,78,12000,6,23,26,23,50,46,14,15,93,24,14,38,14,7,8,6,2,4,2,21,18,79,-30,-1,13,0,0,78,84,5,207,4,4,4,46,9,26,8
1953073,1,"Liga Nacional","Liga Endesa",-402534000,NA,"https://www.acb.com/Documentos/Cabeceras/logo-competicion-1b.png","https://www.acb.com/Documentos/Cabeceras/logo-competicion-4a.png",86,2021,107,NA,NA,5433,102830,NA,NA,FALSE,3678,3679,2283,"Coosur Real Betis","Coosur Betis","BET",3678,2282,"Gran Canaria","Gran Canaria","GCA",1,86,12000,14,33,42,16,33,48,12,18,66,25,6,31,16,5,7,0,5,2,3,20,19,91,-35,-1,13,0,0,86,93,4,1066,2,13,6,24,2,36,9
1953072,1,"Liga Nacional","Liga Endesa",-402534000,NA,"https://www.acb.com/Documentos/Cabeceras/logo-competicion-1b.png","https://www.acb.com/Documentos/Cabeceras/logo-competicion-4a.png",86,2021,107,NA,NA,5433,102830,NA,NA,TRUE,3679,3679,2283,"Coosur Real Betis","Coosur Betis","BET",3678,2282,"Gran Canaria","Gran Canaria","GCA",1,93,12000,12,23,52,22,40,55,13,20,65,29,8,37,24,5,9,5,2,5,7,19,20,112,35,-1,0,13,0,93,86,3,1109,3,14,0,42,6,23,14
1952960,1,"Liga Nacional","Liga Endesa",-402534000,NA,"https://www.acb.com/Documentos/Cabeceras/logo-competicion-1b.png","https://www.acb.com/Documentos/Cabeceras/logo-competicion-4a.png",86,2021,107,NA,NA,5433,102828,NA,NA,TRUE,3667,3667,2271,"Valencia Basket","Valencia Basket","VBC",3681,2285,"Hereda San Pablo Burgos","Hereda SPB","BUR",1,84,12000,11,23,47,19,37,51,13,18,72,23,15,38,17,6,15,2,2,2,2,19,24,100,70,-1,0,13,0,84,70,3,2110,3,22,11,36,8,47,14
1952961,1,"Liga Nacional","Liga Endesa",-402534000,NA,"https://www.acb.com/Documentos/Cabeceras/logo-competicion-1b.png","https://www.acb.com/Documentos/Cabeceras/logo-competicion-4a.png",86,2021,107,NA,NA,5433,102828,NA,NA,FALSE,3681,3667,2271,"Valencia Basket","Valencia Basket","VBC",3681,2285,"Hereda San Pablo Burgos","Hereda SPB","BUR",1,70,12000,9,24,37,18,40,45,7,7,100,16,13,29,14,8,14,4,2,2,0,24,19,65,-70,-1,13,0,0,70,84,4,227,3,4,8,32,9,48,7
1952876,1,"Liga Nacional","Liga Endesa",-402534000,NA,"https://www.acb.com/Documentos/Cabeceras/logo-competicion-1b.png","https://www.acb.com/Documentos/Cabeceras/logo-competicion-4a.png",86,2021,107,NA,NA,5433,102831,NA,NA,TRUE,3682,3682,2286,"Casademont Zaragoza","Casademont Zgz","CAZ",3665,2269,"MoraBanc Andorra","MoraBanc And","MBA",1,80,15000,5,22,22,24,51,47,17,30,56,38,10,48,14,3,13,2,6,0,3,26,27,82,-15,-1,13,0,0,80,83,4,2048,2,11,8,40,15,19,7
1952877,1,"Liga Nacional","Liga Endesa",-402534000,NA,"https://www.acb.com/Documentos/Cabeceras/logo-competicion-1b.png","https://www.acb.com/Documentos/Cabeceras/logo-competicion-4a.png",86,2021,107,NA,NA,5433,102831,NA,NA,FALSE,3665,3682,2286,"Casademont Zaragoza","Casademont Zgz","CAZ",3665,2269,"MoraBanc Andorra","MoraBanc And","MBA",1,83,15000,10,39,25,16,41,39,21,30,70,38,15,53,16,8,13,4,2,5,3,27,26,80,15,-1,0,13,0,83,80,5,795,3,6,8,30,9,46,7
1952663,1,"Liga Nacional","Liga Endesa",-402534000,NA,"https://www.acb.com/Documentos/Cabeceras/logo-competicion-1b.png","https://www.acb.com/Documentos/Cabeceras/logo-competicion-4a.png",86,2021,107,NA,NA,5433,102817,NA,NA,FALSE,3670,3677,2365,"Urbas Fuenlabrada","Urbas Fuenla","URF",3670,2274,"Río Breogán","Río Breogán","BRE",1,65,12000,8,22,36,16,32,50,9,16,56,23,8,31,15,4,14,2,2,4,1,14,20,68,-115,-1,11,0,0,65,88,4,357,3,3,4,30,10,19,5
1952662,1,"Liga Nacional","Liga Endesa",-402534000,NA,"https://www.acb.com/Documentos/Cabeceras/logo-competicion-1b.png","https://www.acb.com/Documentos/Cabeceras/logo-competicion-4a.png",86,2021,107,NA,NA,5433,102817,NA,NA,TRUE,3677,3677,2365,"Urbas Fuenlabrada","Urbas Fuenla","URF",3670,2274,"Río Breogán","Río Breogán","BRE",1,88,12000,13,34,38,22,36,61,5,6,83,26,12,38,22,9,7,6,5,1,3,20,14,112,115,-1,0,13,0,88,65,0,1903,3,26,14,38,16,39,12
1952635,1,"Liga Nacional","Liga Endesa",-402534000,NA,"https://www.acb.com/Documentos/Cabeceras/logo-competicion-1b.png","https://www.acb.com/Documentos/Cabeceras/logo-competicion-4a.png",86,2021,107,NA,NA,5433,102832,NA,NA,FALSE,3675,3676,2280,"Barça","Barça","BAR",3675,2288,"Surne Bilbao Basket","Surne BB","SBB",1,62,12000,4,17,23,19,44,43,12,16,75,24,8,32,13,5,12,2,5,4,3,18,20,61,-110,-1,13,0,0,62,84,3,720,1,10,5,34,3,27,9
1952634,1,"Liga Nacional","Liga Endesa",-402534000,NA,"https://www.acb.com/Documentos/Cabeceras/logo-competicion-1b.png","https://www.acb.com/Documentos/Cabeceras/logo-competicion-4a.png",86,2021,107,NA,NA,5433,102832,NA,NA,TRUE,3676,3676,2280,"Barça","Barça","BAR",3675,2288,"Surne Bilbao Basket","Surne BB","SBB",1,84,12000,13,31,41,17,39,43,11,13,84,28,14,42,19,5,11,0,4,5,2,20,18,94,110,-1,0,13,0,84,62,3,1446,2,24,9,30,17,40,10
1954082,1,"Liga Nacional","Liga Endesa",-402534000,NA,"https://www.acb.com/Documentos/Cabeceras/logo-competicion-1b.png","https://www.acb.com/Documentos/Cabeceras/logo-competicion-4a.png",86,2021,107,NA,NA,5442,102819,NA,NA,TRUE,3665,3665,2269,"MoraBanc Andorra","MoraBanc And","MBA",3680,2284,"Lenovo Tenerife","Lenovo Tenerife","LNT",1,75,12000,6,24,25,24,43,55,9,14,64,27,9,36,14,4,3,10,3,3,1,19,15,80,-10,-1,13,0,0,75,77,4,20,1,1,7,42,8,36,8
1954083,1,"Liga Nacional","Liga Endesa",-402534000,NA,"https://www.acb.com/Documentos/Cabeceras/logo-competicion-1b.png","https://www.acb.com/Documentos/Cabeceras/logo-competicion-4a.png",86,2021,107,NA,NA,5442,102819,NA,NA,FALSE,3680,3665,2269,"MoraBanc Andorra","MoraBanc And","MBA",3680,2284,"Lenovo Tenerife","Lenovo Tenerife","LNT",1,77,12000,13,33,39,14,27,51,10,12,83,27,7,34,20,3,8,5,3,3,2,15,19,95,10,-1,0,13,0,77,75,3,2274,1,14,2,24,2,24,7
1954138,1,"Liga Nacional","Liga Endesa",-402534000,NA,"https://www.acb.com/Documentos/Cabeceras/logo-competicion-1b.png","https://www.acb.com/Documentos/Cabeceras/logo-competicion-4a.png",86,2021,107,NA,NA,5442,102820,NA,NA,TRUE,3672,3672,2276,"Monbus Obradoiro","Monbus Obra","MOB",3667,2271,"Valencia Basket","Valencia Basket","VBC",1,85,12000,9,24,37,20,35,57,18,24,75,20,6,26,18,9,8,0,2,2,1,20,20,94,-20,-1,13,0,0,85,89,5,177,3,3,12,38,5,32,12
1954139,1,"Liga Nacional","Liga Endesa",-402534000,NA,"https://www.acb.com/Documentos/Cabeceras/logo-competicion-1b.png","https://www.acb.com/Documentos/Cabeceras/logo-competicion-4a.png",86,2021,107,NA,NA,5442,102820,NA,NA,FALSE,3667,3672,2276,"Monbus Obradoiro","Monbus Obra","MOB",3667,2271,"Valencia Basket","Valencia Basket","VBC",1,89,12000,9,23,39,24,40,60,14,17,82,25,9,34,25,5,11,4,3,2,1,20,20,110,20,-1,0,13,0,89,85,4,2182,4,17,8,36,10,38,14
1954249,1,"Liga Nacional","Liga Endesa",-402534000,NA,"https://www.acb.com/Documentos/Cabeceras/logo-competicion-1b.png","https://www.acb.com/Documentos/Cabeceras/logo-competicion-4a.png",86,2021,107,NA,NA,5442,102821,NA,NA,TRUE,3681,3681,2285,"Hereda San Pablo Burgos","Hereda SPB","BUR",3677,2365,"Urbas Fuenlabrada","Urbas Fuenla","URF",1,66,12000,7,27,25,19,39,48,7,11,63,23,13,36,16,7,11,5,4,4,4,15,17,72,-85,-1,13,0,0,66,83,3,301,4,3,7,34,10,17,11
1954250,1,"Liga Nacional","Liga Endesa",-402534000,NA,"https://www.acb.com/Documentos/Cabeceras/logo-competicion-1b.png","https://www.acb.com/Documentos/Cabeceras/logo-competicion-4a.png",86,2021,107,NA,NA,5442,102821,NA,NA,FALSE,3677,3681,2285,"Hereda San Pablo Burgos","Hereda SPB","BUR",3677,2365,"Urbas Fuenlabrada","Urbas Fuenla","URF",1,83,12000,14,32,43,16,33,48,9,11,81,27,11,38,23,5,9,7,4,4,3,17,15,101,85,-1,0,13,0,83,66,3,1880,4,21,2,26,9,43,9
1954166,1,"Liga Nacional","Liga Endesa",-402534000,NA,"https://www.acb.com/Documentos/Cabeceras/logo-competicion-1b.png","https://www.acb.com/Documentos/Cabeceras/logo-competicion-4a.png",86,2021,107,NA,NA,5442,102822,NA,NA,TRUE,3678,3678,2282,"Gran Canaria","Gran Canaria","GCA",3674,2278,"Real Madrid","Real Madrid","RMB",1,83,12000,4,22,18,22,38,57,27,33,81,27,6,33,11,6,9,2,1,3,1,25,22,79,-40,-1,13,0,0,83,91,3,98,0,3,9,38,6,44,7
1954167,1,"Liga Nacional","Liga Endesa",-402534000,NA,"https://www.acb.com/Documentos/Cabeceras/logo-competicion-1b.png","https://www.acb.com/Documentos/Cabeceras/logo-competicion-4a.png",86,2021,107,NA,NA,5442,102822,NA,NA,FALSE,3674,3678,2282,"Gran Canaria","Gran Canaria","GCA",3674,2278,"Real Madrid","Real Madrid","RMB",1,91,12000,10,32,31,19,36,52,23,26,88,28,13,41,15,8,13,11,4,1,5,23,25,105,40,-1,0,13,0,91,83,3,2234,1,17,10,32,13,49,8
1954111,1,"Liga Nacional","Liga Endesa",-402534000,NA,"https://www.acb.com/Documentos/Cabeceras/logo-competicion-1b.png","https://www.acb.com/Documentos/Cabeceras/logo-competicion-4a.png",86,2021,107,NA,NA,5442,102823,NA,NA,FALSE,3679,3675,2288,"Surne Bilbao Basket","Surne BB","SBB",3679,2283,"Coosur Real Betis","Coosur Betis","BET",1,99,13500,11,32,34,22,40,55,22,24,91,30,8,38,17,7,14,5,1,1,3,25,22,103,5,-1,0,13,0,99,98,4,417,5,4,8,36,5,32,11
1954110,1,"Liga Nacional","Liga Endesa",-402534000,NA,"https://www.acb.com/Documentos/Cabeceras/logo-competicion-1b.png","https://www.acb.com/Documentos/Cabeceras/logo-competicion-4a.png",86,2021,107,NA,NA,5442,102823,NA,NA,TRUE,3675,3675,2288,"Surne Bilbao Basket","Surne BB","SBB",3679,2283,"Coosur Real Betis","Coosur Betis","BET",1,98,13500,8,28,28,27,47,57,20,35,57,29,17,46,15,9,15,2,1,1,2,22,25,101,-5,-1,13,0,0,98,99,4,2130,4,13,5,40,9,43,9
1954278,1,"Liga Nacional","Liga Endesa",-402534000,NA,"https://www.acb.com/Documentos/Cabeceras/logo-competicion-1b.png","https://www.acb.com/Documentos/Cabeceras/logo-competicion-4a.png",86,2021,107,NA,NA,5442,102824,NA,NA,FALSE,3676,3668,2272,"BAXI Manresa","BAXI Manresa","BAX",3676,2280,"Barça","Barça","BAR",1,94,12000,12,30,40,18,36,50,22,26,84,35,12,47,20,7,15,11,3,4,4,24,21,109,70,-1,0,13,0,94,80,3,1047,3,23,14,36,10,34,10
1954277,1,"Liga Nacional","Liga Endesa",-402534000,NA,"https://www.acb.com/Documentos/Cabeceras/logo-competicion-1b.png","https://www.acb.com/Documentos/Cabeceras/logo-competicion-4a.png",86,2021,107,NA,NA,5442,102824,NA,NA,TRUE,3668,3668,2272,"BAXI Manresa","BAXI Manresa","BAX",3676,2280,"Barça","Barça","BAR",1,80,12000,2,22,9,30,59,50,14,22,63,27,15,42,16,10,10,8,4,3,2,21,24,85,-70,-1,13,0,0,80,94,1,1228,3,10,10,50,11,29,11
1954194,1,"Liga Nacional","Liga Endesa",-402534000,NA,"https://www.acb.com/Documentos/Cabeceras/logo-competicion-1b.png","https://www.acb.com/Documentos/Cabeceras/logo-competicion-4a.png",86,2021,107,NA,NA,5442,102950,NA,NA,TRUE,3669,3669,2289,"Bitci Baskonia","Bitci Baskonia","BKN",3666,2270,"Joventut Badalona","Joventut","CJB",1,81,12000,10,31,32,17,36,47,17,22,77,26,12,38,11,8,14,4,3,1,1,19,22,84,-40,-1,12,0,0,81,89,4,408,1,8,9,26,8,25,9
1954195,1,"Liga Nacional","Liga Endesa",-402534000,NA,"https://www.acb.com/Documentos/Cabeceras/logo-competicion-1b.png","https://www.acb.com/Documentos/Cabeceras/logo-competicion-4a.png",86,2021,107,NA,NA,5442,102950,NA,NA,FALSE,3666,3669,2289,"Bitci Baskonia","Bitci Baskonia","BKN",3666,2270,"Joventut Badalona","Joventut","CJB",1,89,12000,10,22,45,25,42,59,9,12,75,29,5,34,22,5,12,7,2,3,3,22,16,99,40,-1,0,13,0,89,81,3,1915,1,15,19,40,6,22,11
1954222,1,"Liga Nacional","Liga Endesa",-402534000,NA,"https://www.acb.com/Documentos/Cabeceras/logo-competicion-1b.png","https://www.acb.com/Documentos/Cabeceras/logo-competicion-4a.png",86,2021,107,NA,NA,5442,103027,NA,NA,FALSE,3682,3673,2277,"UCAM Murcia","UCAM Murcia","UCM",3682,2286,"Casademont Zaragoza","Casademont Zgz","CAZ",1,77,12000,7,22,31,19,36,52,18,26,69,26,15,41,14,7,13,4,2,2,2,20,20,86,25,-1,0,13,0,77,72,4,2312,1,19,7,36,11,31,10
1954221,1,"Liga Nacional","Liga Endesa",-402534000,NA,"https://www.acb.com/Documentos/Cabeceras/logo-competicion-1b.png","https://www.acb.com/Documentos/Cabeceras/logo-competicion-4a.png",86,2021,107,NA,NA,5442,103027,NA,NA,TRUE,3673,3673,2277,"UCAM Murcia","UCAM Murcia","UCM",3682,2286,"Casademont Zaragoza","Casademont Zgz","CAZ",1,72,12000,7,32,21,18,34,52,15,17,88,19,13,32,15,7,11,2,2,2,1,20,20,72,-25,-1,13,0,0,72,77,5,19,0,2,9,32,12,34,9
1953943,1,"Liga Nacional","Liga Endesa",-402534000,NA,"https://www.acb.com/Documentos/Cabeceras/logo-competicion-1b.png","https://www.acb.com/Documentos/Cabeceras/logo-competicion-4a.png",86,2021,107,NA,NA,5442,102818,NA,NA,FALSE,3671,3670,2274,"Río Breogán","Río Breogán","BRE",3671,2275,"Unicaja","Unicaja","UNI",1,84,12000,11,30,36,19,37,51,13,14,92,19,11,30,14,6,12,4,2,0,2,26,16,76,-45,-1,13,0,0,84,93,3,97,0,3,11,34,6,43,8
1953942,1,"Liga Nacional","Liga Endesa",-402534000,NA,"https://www.acb.com/Documentos/Cabeceras/logo-competicion-1b.png","https://www.acb.com/Documentos/Cabeceras/logo-competicion-4a.png",86,2021,107,NA,NA,5442,102818,NA,NA,TRUE,3670,3670,2274,"Río Breogán","Río Breogán","BRE",3671,2275,"Unicaja","Unicaja","UNI",1,93,12000,5,15,33,29,41,70,20,24,83,25,5,30,19,10,13,9,0,1,3,16,26,122,45,-1,0,13,0,93,84,4,2215,1,31,10,44,3,28,9
1956186,1,"Liga Nacional","Liga Endesa",-402534000,NA,"https://www.acb.com/Documentos/Cabeceras/logo-competicion-1b.png","https://www.acb.com/Documentos/Cabeceras/logo-competicion-4a.png",86,2021,111,293,351,5504,103128,NA,NA,FALSE,3678,3676,2280,"Barça","Barça","BAR",3678,2282,"Gran Canaria","Gran Canaria","GCA",1,82,12000,5,24,20,28,48,58,11,15,73,17,16,33,18,7,12,6,3,3,5,25,19,79,-55,-1,13,0,0,82,93,5,182,0,4,10,40,11,30,6
1956185,1,"Liga Nacional","Liga Endesa",-402534000,NA,"https://www.acb.com/Documentos/Cabeceras/logo-competicion-1b.png","https://www.acb.com/Documentos/Cabeceras/logo-competicion-4a.png",86,2021,111,293,351,5504,103128,NA,NA,TRUE,3676,3676,2280,"Barça","Barça","BAR",3678,2282,"Gran Canaria","Gran Canaria","GCA",1,93,12000,10,30,33,20,32,62,23,30,76,24,15,39,26,10,14,10,3,3,3,19,25,121,55,-1,0,13,0,93,82,3,2125,1,14,10,34,13,58,8
1956020,1,"Liga Nacional","Liga Endesa",-402534000,NA,"https://www.acb.com/Documentos/Cabeceras/logo-competicion-1b.png","https://www.acb.com/Documentos/Cabeceras/logo-competicion-4a.png",86,2021,111,293,354,5504,103129,NA,NA,FALSE,3680,3666,2270,"Joventut Badalona","Joventut","CJB",3680,2284,"Lenovo Tenerife","Lenovo Tenerife","LNT",1,68,12000,7,26,26,18,34,52,11,19,57,22,8,30,13,1,12,0,2,1,1,20,20,58,-160,-1,13,0,0,68,100,3,12,0,2,2,30,4,34,6
1956019,1,"Liga Nacional","Liga Endesa",-402534000,NA,"https://www.acb.com/Documentos/Cabeceras/logo-competicion-1b.png","https://www.acb.com/Documentos/Cabeceras/logo-competicion-4a.png",86,2021,111,293,354,5504,103129,NA,NA,TRUE,3666,3666,2270,"Joventut Badalona","Joventut","CJB",3680,2284,"Lenovo Tenerife","Lenovo Tenerife","LNT",1,100,12000,13,29,44,21,34,61,19,24,79,28,9,37,23,8,6,11,1,2,7,20,20,127,160,-1,0,13,0,100,68,0,2236,1,39,9,40,10,53,13
1955853,1,"Liga Nacional","Liga Endesa",-402534000,NA,"https://www.acb.com/Documentos/Cabeceras/logo-competicion-1b.png","https://www.acb.com/Documentos/Cabeceras/logo-competicion-4a.png",86,2021,111,293,352,5504,103130,NA,NA,TRUE,3674,3674,2278,"Real Madrid","Real Madrid","RMB",3668,2272,"BAXI Manresa","BAXI Manresa","BAX",1,93,12000,9,25,36,23,37,62,20,24,83,39,13,52,20,3,13,8,6,2,5,15,22,132,85,-1,0,13,0,93,76,0,2293,0,26,2,42,10,49,11
1955854,1,"Liga Nacional","Liga Endesa",-402534000,NA,"https://www.acb.com/Documentos/Cabeceras/logo-competicion-1b.png","https://www.acb.com/Documentos/Cabeceras/logo-competicion-4a.png",86,2021,111,293,352,5504,103130,NA,NA,FALSE,3668,3674,2278,"Real Madrid","Real Madrid","RMB",3668,2272,"BAXI Manresa","BAXI Manresa","BAX",1,76,12000,9,25,36,22,52,42,5,8,62,18,8,26,16,6,4,4,2,6,4,22,15,60,-85,-1,13,0,0,76,93,3,0,0,0,6,32,3,39,7
1955688,1,"Liga Nacional","Liga Endesa",-402534000,NA,"https://www.acb.com/Documentos/Cabeceras/logo-competicion-1b.png","https://www.acb.com/Documentos/Cabeceras/logo-competicion-4a.png",86,2021,111,293,353,5504,103106,NA,NA,FALSE,3669,3667,2271,"Valencia Basket","Valencia Basket","VBC",3669,2289,"Bitci Baskonia","Bitci Baskonia","BKN",1,80,12000,8,19,42,21,38,55,14,16,87,21,9,30,12,9,16,4,2,2,3,18,16,83,5,-1,0,13,0,80,79,4,1861,3,10,21,38,11,27,7
1955687,1,"Liga Nacional","Liga Endesa",-402534000,NA,"https://www.acb.com/Documentos/Cabeceras/logo-competicion-1b.png","https://www.acb.com/Documentos/Cabeceras/logo-competicion-4a.png",86,2021,111,293,353,5504,103106,NA,NA,TRUE,3667,3667,2271,"Valencia Basket","Valencia Basket","VBC",3669,2289,"Bitci Baskonia","Bitci Baskonia","BKN",1,79,12000,7,22,31,23,39,58,12,17,70,19,10,29,18,8,17,2,3,2,1,17,18,83,-5,-1,13,0,0,79,80,5,296,3,4,12,40,3,27,7
1956749,1,"Liga Nacional","Liga Endesa",-402534000,NA,"https://www.acb.com/Documentos/Cabeceras/logo-competicion-1b.png","https://www.acb.com/Documentos/Cabeceras/logo-competicion-4a.png",86,2021,111,293,351,5505,103124,NA,NA,TRUE,3678,3678,2282,"Gran Canaria","Gran Canaria","GCA",3676,2280,"Barça","Barça","BAR",1,86,12000,8,22,36,22,39,56,18,20,90,20,7,27,14,5,7,2,1,1,5,23,24,93,-10,-1,13,0,0,86,88,3,1654,5,10,6,32,4,52,9
1956750,1,"Liga Nacional","Liga Endesa",-402534000,NA,"https://www.acb.com/Documentos/Cabeceras/logo-competicion-1b.png","https://www.acb.com/Documentos/Cabeceras/logo-competicion-4a.png",86,2021,111,293,351,5505,103124,NA,NA,FALSE,3676,3678,2282,"Gran Canaria","Gran Canaria","GCA",3676,2280,"Barça","Barça","BAR",1,88,12000,8,20,40,22,38,57,20,21,95,24,5,29,16,3,8,2,1,1,2,24,23,98,10,-1,0,13,0,88,86,5,478,5,4,9,40,2,35,9
1956608,1,"Liga Nacional","Liga Endesa",-402534000,NA,"https://www.acb.com/Documentos/Cabeceras/logo-competicion-1b.png","https://www.acb.com/Documentos/Cabeceras/logo-competicion-4a.png",86,2021,111,293,354,5505,103125,NA,NA,FALSE,3666,3680,2284,"Lenovo Tenerife","Lenovo Tenerife","LNT",3666,2270,"Joventut Badalona","Joventut","CJB",1,76,12000,5,19,26,23,47,48,15,17,88,22,9,31,11,6,11,8,3,1,1,27,19,67,-135,-1,13,0,0,76,103,4,0,0,0,10,36,2,29,7
1956607,1,"Liga Nacional","Liga Endesa",-402534000,NA,"https://www.acb.com/Documentos/Cabeceras/logo-competicion-1b.png","https://www.acb.com/Documentos/Cabeceras/logo-competicion-4a.png",86,2021,111,293,354,5505,103125,NA,NA,TRUE,3680,3680,2284,"Lenovo Tenerife","Lenovo Tenerife","LNT",3666,2270,"Joventut Badalona","Joventut","CJB",1,103,12000,14,26,53,19,28,67,23,29,79,29,4,33,26,7,11,3,1,3,2,19,25,135,135,-1,0,13,0,103,76,2,2367,0,29,10,30,5,20,13
1956468,1,"Liga Nacional","Liga Endesa",-402534000,NA,"https://www.acb.com/Documentos/Cabeceras/logo-competicion-1b.png","https://www.acb.com/Documentos/Cabeceras/logo-competicion-4a.png",86,2021,111,293,353,5505,103126,NA,NA,FALSE,3667,3669,2289,"Bitci Baskonia","Bitci Baskonia","BKN",3667,2271,"Valencia Basket","Valencia Basket","VBC",1,89,12000,13,30,43,18,33,54,14,24,58,26,10,36,20,6,9,4,0,5,1,25,21,91,35,-1,0,13,0,89,82,3,1778,1,11,5,24,11,55,9
1956467,1,"Liga Nacional","Liga Endesa",-402534000,NA,"https://www.acb.com/Documentos/Cabeceras/logo-competicion-1b.png","https://www.acb.com/Documentos/Cabeceras/logo-competicion-4a.png",86,2021,111,293,353,5505,103126,NA,NA,TRUE,3669,3669,2289,"Bitci Baskonia","Bitci Baskonia","BKN",3667,2271,"Valencia Basket","Valencia Basket","VBC",1,82,12000,13,29,44,12,25,48,19,24,79,26,6,32,17,6,11,0,5,0,2,22,25,100,-35,-1,13,0,0,82,89,5,603,0,9,2,22,2,27,7
1956328,1,"Liga Nacional","Liga Endesa",-402534000,NA,"https://www.acb.com/Documentos/Cabeceras/logo-competicion-1b.png","https://www.acb.com/Documentos/Cabeceras/logo-competicion-4a.png",86,2021,111,293,352,5505,103127,NA,NA,FALSE,3674,3668,2272,"BAXI Manresa","BAXI Manresa","BAX",3674,2278,"Real Madrid","Real Madrid","RMB",1,83,12000,11,32,34,18,36,50,14,15,93,27,12,39,13,6,7,0,8,2,3,19,20,101,45,-1,0,13,0,83,74,3,1695,9,9,3,34,0,39,10
1956327,1,"Liga Nacional","Liga Endesa",-402534000,NA,"https://www.acb.com/Documentos/Cabeceras/logo-competicion-1b.png","https://www.acb.com/Documentos/Cabeceras/logo-competicion-4a.png",86,2021,111,293,352,5505,103127,NA,NA,TRUE,3668,3668,2272,"BAXI Manresa","BAXI Manresa","BAX",3674,2278,"Real Madrid","Real Madrid","RMB",1,74,12000,7,28,25,19,35,54,15,18,83,27,11,38,14,3,9,2,2,8,3,20,19,73,-45,-1,13,0,0,74,83,3,495,8,5,2,30,7,27,11
1957030,1,"Liga Nacional","Liga Endesa",-402534000,NA,"https://www.acb.com/Documentos/Cabeceras/logo-competicion-1b.png","https://www.acb.com/Documentos/Cabeceras/logo-competicion-4a.png",86,2021,111,293,354,5506,103121,NA,NA,FALSE,3680,3666,2270,"Joventut Badalona","Joventut","CJB",3680,2284,"Lenovo Tenerife","Lenovo Tenerife","LNT",1,58,12000,9,34,26,8,21,38,15,20,75,24,8,32,13,3,13,0,3,2,1,16,19,54,-115,-1,13,0,0,58,81,2,0,0,0,2,14,4,27,5
1957029,1,"Liga Nacional","Liga Endesa",-402534000,NA,"https://www.acb.com/Documentos/Cabeceras/logo-competicion-1b.png","https://www.acb.com/Documentos/Cabeceras/logo-competicion-4a.png",86,2021,111,293,354,5506,103121,NA,NA,TRUE,3666,3666,2270,"Joventut Badalona","Joventut","CJB",3680,2284,"Lenovo Tenerife","Lenovo Tenerife","LNT",1,81,12000,7,20,35,27,57,47,6,6,100,32,18,50,15,8,7,2,2,3,2,19,16,100,115,-1,0,13,0,81,58,2,2350,0,26,6,52,12,24,7
1956890,1,"Liga Nacional","Liga Endesa",-402534000,NA,"https://www.acb.com/Documentos/Cabeceras/logo-competicion-1b.png","https://www.acb.com/Documentos/Cabeceras/logo-competicion-4a.png",86,2021,111,293,353,5506,103123,NA,NA,FALSE,3669,3667,2271,"Valencia Basket","Valencia Basket","VBC",3669,2289,"Bitci Baskonia","Bitci Baskonia","BKN",1,76,12000,7,23,30,20,39,51,15,16,93,28,11,39,12,4,16,8,3,2,3,26,22,76,85,-1,0,13,0,76,59,2,981,5,17,5,38,6,18,10
1956889,1,"Liga Nacional","Liga Endesa",-402534000,NA,"https://www.acb.com/Documentos/Cabeceras/logo-competicion-1b.png","https://www.acb.com/Documentos/Cabeceras/logo-competicion-4a.png",86,2021,111,293,353,5506,103123,NA,NA,TRUE,3667,3667,2271,"Valencia Basket","Valencia Basket","VBC",3669,2289,"Bitci Baskonia","Bitci Baskonia","BKN",1,59,12000,3,23,13,15,38,39,20,30,66,21,15,36,12,12,15,2,2,3,0,23,25,52,-85,-1,13,0,0,59,76,4,1259,5,11,13,24,2,37,11
1957313,1,"Liga Nacional","Liga Endesa",-402534000,NA,"https://www.acb.com/Documentos/Cabeceras/logo-competicion-1b.png","https://www.acb.com/Documentos/Cabeceras/logo-competicion-4a.png",86,2021,111,292,363,5507,103119,NA,NA,FALSE,3666,3676,2280,"Barça","Barça","BAR",3666,2270,"Joventut Badalona","Joventut","CJB",1,72,12000,7,26,26,18,36,50,15,18,83,19,7,26,13,8,7,7,0,4,0,15,20,73,-85,-1,13,0,0,72,89,4,67,1,1,11,34,4,35,6
1957312,1,"Liga Nacional","Liga Endesa",-402534000,NA,"https://www.acb.com/Documentos/Cabeceras/logo-competicion-1b.png","https://www.acb.com/Documentos/Cabeceras/logo-competicion-4a.png",86,2021,111,292,363,5507,103119,NA,NA,TRUE,3676,3676,2280,"Barça","Barça","BAR",3666,2270,"Joventut Badalona","Joventut","CJB",1,89,12000,13,28,46,21,36,58,8,12,66,30,13,43,23,6,11,0,5,0,0,20,15,116,85,-1,0,13,0,89,72,2,2307,1,23,5,40,13,49,11
1957171,1,"Liga Nacional","Liga Endesa",-402534000,NA,"https://www.acb.com/Documentos/Cabeceras/logo-competicion-1b.png","https://www.acb.com/Documentos/Cabeceras/logo-competicion-4a.png",86,2021,111,292,364,5507,103131,NA,NA,FALSE,3669,3674,2278,"Real Madrid","Real Madrid","RMB",3669,2289,"Bitci Baskonia","Bitci Baskonia","BKN",1,84,12000,13,32,40,16,35,45,13,13,100,22,16,38,19,9,16,12,1,3,3,16,16,94,-50,-1,13,0,0,84,94,4,26,1,1,10,32,15,36,14
1957170,1,"Liga Nacional","Liga Endesa",-402534000,NA,"https://www.acb.com/Documentos/Cabeceras/logo-competicion-1b.png","https://www.acb.com/Documentos/Cabeceras/logo-competicion-4a.png",86,2021,111,292,364,5507,103131,NA,NA,TRUE,3674,3674,2278,"Real Madrid","Real Madrid","RMB",3669,2289,"Bitci Baskonia","Bitci Baskonia","BKN",1,94,12000,17,34,50,16,38,42,11,14,78,22,17,39,18,9,11,5,4,1,3,16,16,110,50,-1,0,13,0,94,84,3,2133,1,22,8,28,15,45,17
1957593,1,"Liga Nacional","Liga Endesa",-402534000,NA,"https://www.acb.com/Documentos/Cabeceras/logo-competicion-1b.png","https://www.acb.com/Documentos/Cabeceras/logo-competicion-4a.png",86,2021,111,292,363,5508,103116,NA,NA,TRUE,3676,3676,2280,"Barça","Barça","BAR",3666,2270,"Joventut Badalona","Joventut","CJB",1,81,12000,7,21,33,21,39,53,18,26,69,27,12,39,16,6,15,6,2,3,0,22,26,90,-30,-1,13,0,0,81,87,5,624,3,7,8,36,13,28,7
1957594,1,"Liga Nacional","Liga Endesa",-402534000,NA,"https://www.acb.com/Documentos/Cabeceras/logo-competicion-1b.png","https://www.acb.com/Documentos/Cabeceras/logo-competicion-4a.png",86,2021,111,292,363,5508,103116,NA,NA,FALSE,3666,3676,2280,"Barça","Barça","BAR",3666,2270,"Joventut Badalona","Joventut","CJB",1,87,12000,7,17,41,27,50,54,12,16,75,21,7,28,21,11,9,8,3,2,3,26,22,98,30,-1,0,13,0,87,81,2,1657,4,15,21,44,4,46,8
1957454,1,"Liga Nacional","Liga Endesa",-402534000,NA,"https://www.acb.com/Documentos/Cabeceras/logo-competicion-1b.png","https://www.acb.com/Documentos/Cabeceras/logo-competicion-4a.png",86,2021,111,292,364,5508,103117,NA,NA,FALSE,3669,3674,2278,"Real Madrid","Real Madrid","RMB",3669,2289,"Bitci Baskonia","Bitci Baskonia","BKN",1,71,12000,6,26,23,17,39,43,19,21,90,23,15,38,12,5,11,2,1,3,2,19,22,72,-60,-1,13,0,0,71,83,4,35,1,1,4,28,11,34,11
1957453,1,"Liga Nacional","Liga Endesa",-402534000,NA,"https://www.acb.com/Documentos/Cabeceras/logo-competicion-1b.png","https://www.acb.com/Documentos/Cabeceras/logo-competicion-4a.png",86,2021,111,292,364,5508,103117,NA,NA,TRUE,3674,3674,2278,"Real Madrid","Real Madrid","RMB",3669,2289,"Bitci Baskonia","Bitci Baskonia","BKN",1,83,12000,8,25,32,23,45,51,13,17,76,27,15,42,16,3,10,6,3,1,5,22,19,90,60,-1,0,13,0,83,71,1,2328,1,28,8,42,15,39,13
1957876,1,"Liga Nacional","Liga Endesa",-402534000,NA,"https://www.acb.com/Documentos/Cabeceras/logo-competicion-1b.png","https://www.acb.com/Documentos/Cabeceras/logo-competicion-4a.png",86,2021,111,292,363,5509,103114,NA,NA,FALSE,3676,3666,2270,"Joventut Badalona","Joventut","CJB",3676,2280,"Barça","Barça","BAR",1,83,12000,9,26,34,22,34,64,12,18,66,24,10,34,17,8,12,2,2,3,1,21,23,96,30,-1,0,13,0,83,77,4,2359,0,10,9,36,17,29,6
1957875,1,"Liga Nacional","Liga Endesa",-402534000,NA,"https://www.acb.com/Documentos/Cabeceras/logo-competicion-1b.png","https://www.acb.com/Documentos/Cabeceras/logo-competicion-4a.png",86,2021,111,292,363,5509,103114,NA,NA,TRUE,3666,3666,2270,"Joventut Badalona","Joventut","CJB",3676,2280,"Barça","Barça","BAR",1,77,12000,8,20,40,20,41,48,13,16,81,22,8,30,15,9,11,4,3,2,1,23,21,83,-30,-1,13,0,0,77,83,5,0,0,0,11,36,4,42,6
1957734,1,"Liga Nacional","Liga Endesa",-402534000,NA,"https://www.acb.com/Documentos/Cabeceras/logo-competicion-1b.png","https://www.acb.com/Documentos/Cabeceras/logo-competicion-4a.png",86,2021,111,292,364,5509,103115,NA,NA,TRUE,3669,3669,2289,"Bitci Baskonia","Bitci Baskonia","BKN",3674,2278,"Real Madrid","Real Madrid","RMB",1,77,12000,10,29,34,18,43,41,11,16,68,21,13,34,10,8,8,9,4,4,3,21,16,67,-40,-1,13,0,0,77,85,5,27,1,2,15,26,13,18,9
1957735,1,"Liga Nacional","Liga Endesa",-402534000,NA,"https://www.acb.com/Documentos/Cabeceras/logo-competicion-1b.png","https://www.acb.com/Documentos/Cabeceras/logo-competicion-4a.png",86,2021,111,292,364,5509,103115,NA,NA,FALSE,3674,3669,2289,"Bitci Baskonia","Bitci Baskonia","BKN",3674,2278,"Real Madrid","Real Madrid","RMB",1,85,12000,9,21,42,19,39,48,20,25,80,35,11,46,14,4,15,4,4,4,3,17,20,100,40,-1,0,13,0,85,77,4,2342,1,15,7,28,15,11,7
1958016,1,"Liga Nacional","Liga Endesa",-402534000,NA,"https://www.acb.com/Documentos/Cabeceras/logo-competicion-1b.png","https://www.acb.com/Documentos/Cabeceras/logo-competicion-4a.png",86,2021,111,292,363,5510,103112,NA,NA,FALSE,3676,3666,2270,"Joventut Badalona","Joventut","CJB",3676,2280,"Barça","Barça","BAR",1,63,12000,6,31,19,16,36,44,13,19,68,28,16,44,12,3,9,2,2,3,0,20,23,64,15,-1,0,13,0,63,60,5,788,3,8,2,26,4,14,6
1958015,1,"Liga Nacional","Liga Endesa",-402534000,NA,"https://www.acb.com/Documentos/Cabeceras/logo-competicion-1b.png","https://www.acb.com/Documentos/Cabeceras/logo-competicion-4a.png",86,2021,111,292,363,5510,103112,NA,NA,TRUE,3666,3666,2270,"Joventut Badalona","Joventut","CJB",3676,2280,"Barça","Barça","BAR",1,60,12000,2,16,12,22,48,45,10,15,66,34,11,45,16,5,10,6,4,2,1,23,20,70,-15,-1,13,0,0,60,63,4,1311,2,12,7,38,4,19,14
1958958,1,"Liga Nacional","Liga Endesa",-402534000,NA,"https://www.acb.com/Documentos/Cabeceras/logo-competicion-1b.png","https://www.acb.com/Documentos/Cabeceras/logo-competicion-4a.png",86,2021,111,291,372,5512,103109,NA,NA,FALSE,3674,3676,2280,"Barça","Barça","BAR",3674,2278,"Real Madrid","Real Madrid","RMB",1,88,12000,9,22,40,22,44,50,17,23,73,21,17,38,15,12,13,2,2,2,3,19,21,101,65,-1,0,13,0,88,75,2,2194,1,23,7,36,16,21,7
1958957,1,"Liga Nacional","Liga Endesa",-402534000,NA,"https://www.acb.com/Documentos/Cabeceras/logo-competicion-1b.png","https://www.acb.com/Documentos/Cabeceras/logo-competicion-4a.png",86,2021,111,291,372,5512,103109,NA,NA,TRUE,3676,3676,2280,"Barça","Barça","BAR",3674,2278,"Real Madrid","Real Madrid","RMB",1,75,12000,8,23,34,20,38,52,11,13,84,19,11,30,14,9,16,7,2,2,0,22,19,74,-65,-1,13,0,0,75,88,4,204,0,5,17,36,8,42,12
1959097,1,"Liga Nacional","Liga Endesa",-402534000,NA,"https://www.acb.com/Documentos/Cabeceras/logo-competicion-1b.png","https://www.acb.com/Documentos/Cabeceras/logo-competicion-4a.png",86,2021,111,291,372,5513,103108,NA,NA,TRUE,3676,3676,2280,"Barça","Barça","BAR",3674,2278,"Real Madrid","Real Madrid","RMB",1,71,12000,6,19,31,18,38,47,17,24,70,31,8,39,11,2,8,4,1,6,0,20,23,73,10,-1,0,13,0,71,69,4,455,3,8,0,30,10,33,7
1959098,1,"Liga Nacional","Liga Endesa",-402534000,NA,"https://www.acb.com/Documentos/Cabeceras/logo-competicion-1b.png","https://www.acb.com/Documentos/Cabeceras/logo-competicion-4a.png",86,2021,111,291,372,5513,103108,NA,NA,FALSE,3674,3676,2280,"Barça","Barça","BAR",3674,2278,"Real Madrid","Real Madrid","RMB",1,69,12000,5,26,19,21,41,51,12,18,66,28,11,39,9,8,6,4,6,1,5,24,20,73,-10,-1,13,0,0,69,71,5,1443,2,10,9,38,12,21,8
1959238,1,"Liga Nacional","Liga Endesa",-402534000,NA,"https://www.acb.com/Documentos/Cabeceras/logo-competicion-1b.png","https://www.acb.com/Documentos/Cabeceras/logo-competicion-4a.png",86,2021,111,291,372,5514,103107,NA,NA,FALSE,3676,3674,2278,"Real Madrid","Real Madrid","RMB",3676,2280,"Barça","Barça","BAR",1,66,12000,7,19,36,18,31,58,9,13,69,20,6,26,14,6,19,4,1,5,1,21,20,59,-75,-1,13,0,0,66,81,4,137,3,2,4,30,0,39,8
1959237,1,"Liga Nacional","Liga Endesa",-402534000,NA,"https://www.acb.com/Documentos/Cabeceras/logo-competicion-1b.png","https://www.acb.com/Documentos/Cabeceras/logo-competicion-4a.png",86,2021,111,291,372,5514,103107,NA,NA,TRUE,3674,3674,2278,"Real Madrid","Real Madrid","RMB",3676,2280,"Barça","Barça","BAR",1,81,12000,6,25,24,26,44,59,11,14,78,18,15,33,11,13,12,2,5,1,6,20,21,91,75,-1,0,13,0,81,66,2,2140,3,19,10,44,15,28,8
1959377,1,"Liga Nacional","Liga Endesa",-402534000,NA,"https://www.acb.com/Documentos/Cabeceras/logo-competicion-1b.png","https://www.acb.com/Documentos/Cabeceras/logo-competicion-4a.png",86,2021,111,291,372,5515,103118,NA,NA,TRUE,3674,3674,2278,"Real Madrid","Real Madrid","RMB",3676,2280,"Barça","Barça","BAR",1,81,12000,5,19,26,23,51,45,20,23,86,23,16,39,13,5,8,4,3,1,5,17,25,95,35,-1,0,13,0,81,74,4,2255,2,14,10,44,13,21,11
1959378,1,"Liga Nacional","Liga Endesa",-402534000,NA,"https://www.acb.com/Documentos/Cabeceras/logo-competicion-1b.png","https://www.acb.com/Documentos/Cabeceras/logo-competicion-4a.png",86,2021,111,291,372,5515,103118,NA,NA,FALSE,3676,3674,2278,"Real Madrid","Real Madrid","RMB",3676,2280,"Barça","Barça","BAR",1,74,12000,11,23,47,14,31,45,13,16,81,25,6,31,13,5,11,2,1,3,2,25,17,70,-35,-1,13,0,0,74,81,5,68,2,1,0,22,6,32,8
1919903,2,"Copa de España","Copa del Rey",-1142812800,NA,"https://static.acb.com/img/d/15/9/27868934009.png","https://static.acb.com/img/d/15/9/27868934009.png",86,2021,103,293,354,5471,103076,NA,NA,TRUE,4094,4094,2280,"Barça","Barça","BAR",4096,2272,"BAXI Manresa","BAXI Manresa","BAX",1,107,12000,10,26,38,29,37,78,19,26,73,22,11,33,23,15,12,6,3,1,2,21,24,140,185,-1,0,1,0,107,70,2,1736,3,38,22,56,10,60,11
1919904,2,"Copa de España","Copa del Rey",-1142812800,NA,"https://static.acb.com/img/d/15/9/27868934009.png","https://static.acb.com/img/d/15/9/27868934009.png",86,2021,103,293,354,5471,103076,NA,NA,FALSE,4096,4094,2280,"Barça","Barça","BAR",4096,2272,"BAXI Manresa","BAXI Manresa","BAX",1,70,12000,6,15,40,17,33,51,18,24,75,15,6,21,12,8,19,5,1,3,4,24,21,56,-185,-1,1,0,0,70,107,2,619,2,12,12,28,7,37,16
1919711,2,"Copa de España","Copa del Rey",-1142812800,NA,"https://static.acb.com/img/d/15/9/27868934009.png","https://static.acb.com/img/d/15/9/27868934009.png",86,2021,103,293,353,5471,103075,NA,NA,TRUE,4097,4097,2271,"Valencia Basket","Valencia Basket","VBC",4098,2277,"UCAM Murcia","UCAM Murcia","UCM",1,83,12000,8,31,25,21,37,56,17,27,62,28,12,40,18,8,11,5,1,1,2,21,26,94,-15,-1,1,0,0,83,86,4,774,4,5,5,34,9,44,21
1919712,2,"Copa de España","Copa del Rey",-1142812800,NA,"https://static.acb.com/img/d/15/9/27868934009.png","https://static.acb.com/img/d/15/9/27868934009.png",86,2021,103,293,353,5471,103075,NA,NA,FALSE,4098,4097,2271,"Valencia Basket","Valencia Basket","VBC",4098,2277,"UCAM Murcia","UCAM Murcia","UCM",1,86,12000,14,34,41,15,35,42,14,18,77,26,13,39,14,8,12,4,1,1,0,27,21,85,15,-1,0,1,0,86,83,3,1373,5,20,10,28,5,26,9
1918964,2,"Copa de España","Copa del Rey",-1142812800,NA,"https://static.acb.com/img/d/15/9/27868934009.png","https://static.acb.com/img/d/15/9/27868934009.png",86,2021,103,293,351,5471,103074,NA,NA,TRUE,4099,4099,2278,"Real Madrid","Real Madrid","RMB",4093,2274,"Río Breogán","Río Breogán","BRE",1,73,12000,9,26,34,14,25,56,18,24,75,27,5,32,16,9,16,4,6,1,4,24,20,81,30,-1,0,1,0,73,67,2,2400,0,15,10,20,5,16,11
1918965,2,"Copa de España","Copa del Rey",-1142812800,NA,"https://static.acb.com/img/d/15/9/27868934009.png","https://static.acb.com/img/d/15/9/27868934009.png",86,2021,103,293,351,5471,103074,NA,NA,FALSE,4093,4099,2278,"Real Madrid","Real Madrid","RMB",4093,2274,"Río Breogán","Río Breogán","BRE",1,67,12000,7,21,33,17,42,40,12,20,60,21,14,35,11,9,15,2,1,6,0,21,23,57,-30,-1,1,0,0,67,73,4,0,0,0,12,32,8,33,7
1918775,2,"Copa de España","Copa del Rey",-1142812800,NA,"https://static.acb.com/img/d/15/9/27868934009.png","https://static.acb.com/img/d/15/9/27868934009.png",86,2021,103,293,352,5471,103073,NA,NA,FALSE,4100,4095,2270,"Joventut Badalona","Joventut","CJB",4100,2284,"Lenovo Tenerife","Lenovo Tenerife","LNT",1,64,12000,9,26,34,10,22,45,17,26,65,32,5,37,10,3,17,2,5,3,1,18,27,70,10,-1,0,1,0,64,62,5,2364,1,17,4,14,2,26,9
1918774,2,"Copa de España","Copa del Rey",-1142812800,NA,"https://static.acb.com/img/d/15/9/27868934009.png","https://static.acb.com/img/d/15/9/27868934009.png",86,2021,103,293,352,5471,103073,NA,NA,TRUE,4095,4095,2270,"Joventut Badalona","Joventut","CJB",4100,2284,"Lenovo Tenerife","Lenovo Tenerife","LNT",1,62,12000,4,27,14,19,39,48,12,14,85,29,9,38,11,9,10,2,3,5,1,28,18,53,-10,-1,1,0,0,62,64,4,0,1,2,8,36,8,19,8
1920691,2,"Copa de España","Copa del Rey",-1142812800,NA,"https://static.acb.com/img/d/15/9/27868934009.png","https://static.acb.com/img/d/15/9/27868934009.png",86,2021,103,292,362,5472,103078,NA,NA,TRUE,4094,4094,2280,"Barça","Barça","BAR",4098,2277,"UCAM Murcia","UCAM Murcia","UCM",1,103,12000,15,31,48,19,30,63,20,28,71,29,7,36,21,3,10,3,2,2,2,21,26,123,65,-1,0,1,0,103,90,2,2044,1,16,11,36,5,40,11
1920692,2,"Copa de España","Copa del Rey",-1142812800,NA,"https://static.acb.com/img/d/15/9/27868934009.png","https://static.acb.com/img/d/15/9/27868934009.png",86,2021,103,292,362,5472,103078,NA,NA,FALSE,4098,4094,2280,"Barça","Barça","BAR",4098,2277,"UCAM Murcia","UCAM Murcia","UCM",1,90,12000,11,23,47,25,51,49,7,15,46,23,13,36,13,7,10,2,2,2,3,27,20,83,-65,-1,1,0,0,90,103,5,169,1,5,5,46,8,34,9
1920551,2,"Copa de España","Copa del Rey",-1142812800,NA,"https://static.acb.com/img/d/15/9/27868934009.png","https://static.acb.com/img/d/15/9/27868934009.png",86,2021,103,292,361,5472,103077,NA,NA,TRUE,4099,4099,2278,"Real Madrid","Real Madrid","RMB",4100,2284,"Lenovo Tenerife","Lenovo Tenerife","LNT",1,94,12000,14,26,53,23,33,69,6,9,66,19,7,26,23,9,9,11,5,1,3,19,16,119,100,-1,0,1,0,94,74,1,2378,0,22,9,38,5,50,8
1920552,2,"Copa de España","Copa del Rey",-1142812800,NA,"https://static.acb.com/img/d/15/9/27868934009.png","https://static.acb.com/img/d/15/9/27868934009.png",86,2021,103,292,361,5472,103077,NA,NA,FALSE,4100,4099,2278,"Real Madrid","Real Madrid","RMB",4100,2284,"Lenovo Tenerife","Lenovo Tenerife","LNT",1,74,12000,6,18,33,22,33,66,12,13,92,16,5,21,13,7,15,0,1,5,2,16,19,75,-100,-1,1,0,0,74,94,2,0,0,0,6,40,8,28,6
1921311,2,"Copa de España","Copa del Rey",-1142812800,NA,"https://static.acb.com/img/d/15/9/27868934009.png","https://static.acb.com/img/d/15/9/27868934009.png",86,2021,103,291,371,5473,103079,NA,NA,TRUE,4099,4099,2278,"Real Madrid","Real Madrid","RMB",4094,2280,"Barça","Barça","BAR",1,59,12000,4,23,17,20,40,50,7,13,53,25,13,38,7,9,17,6,3,3,0,25,18,44,-25,-1,1,0,0,59,64,4,1937,1,16,4,30,6,33,9
1921312,2,"Copa de España","Copa del Rey",-1142812800,NA,"https://static.acb.com/img/d/15/9/27868934009.png","https://static.acb.com/img/d/15/9/27868934009.png",86,2021,103,291,371,5473,103079,NA,NA,FALSE,4094,4099,2278,"Real Madrid","Real Madrid","RMB",4094,2280,"Barça","Barça","BAR",1,64,12000,6,17,35,13,30,43,20,24,83,26,3,29,11,9,16,0,3,3,2,18,24,71,25,-1,0,1,0,64,59,4,343,2,6,6,24,4,25,7
1882989,3,"Supercopa","Supercopa Endesa",477108000,NA,"https://static.acb.com/img/14/39/3/27868634006.png","https://static.acb.com/img/1c/1a/3d/27940034120.png",86,2021,103,292,352,5443,103029,NA,NA,FALSE,3690,3688,2284,"Lenovo Tenerife","Lenovo Tenerife","LNT",3690,2278,"Real Madrid","Real Madrid","RMB",1,72,12000,4,28,14,23,42,54,14,19,73,26,11,37,9,8,10,6,3,1,4,21,20,69,10,-1,0,13,0,72,70,3,644,4,6,10,32,4,22,8
1882988,3,"Supercopa","Supercopa Endesa",477108000,NA,"https://static.acb.com/img/14/39/3/27868634006.png","https://static.acb.com/img/1c/1a/3d/27940034120.png",86,2021,103,292,352,5443,103029,NA,NA,TRUE,3688,3688,2284,"Lenovo Tenerife","Lenovo Tenerife","LNT",3690,2278,"Real Madrid","Real Madrid","RMB",1,70,12000,6,19,31,18,35,51,16,22,72,31,6,37,15,5,17,2,1,3,1,21,19,70,-10,-1,13,0,0,70,72,4,1607,3,10,3,32,7,43,9
1882797,3,"Supercopa","Supercopa Endesa",477108000,NA,"https://static.acb.com/img/14/39/3/27868634006.png","https://static.acb.com/img/1c/1a/3d/27940034120.png",86,2021,103,292,351,5443,103028,NA,NA,FALSE,3687,3689,2280,"Barça","Barça","BAR",3687,2271,"Valencia Basket","Valencia Basket","VBC",1,68,12000,8,23,34,18,32,56,8,15,53,19,10,29,13,4,20,6,1,1,0,18,23,63,-95,-1,13,0,0,68,87,3,137,1,5,10,34,7,38,7
1882796,3,"Supercopa","Supercopa Endesa",477108000,NA,"https://static.acb.com/img/14/39/3/27868634006.png","https://static.acb.com/img/1c/1a/3d/27940034120.png",86,2021,103,292,351,5443,103028,NA,NA,TRUE,3689,3689,2280,"Barça","Barça","BAR",3687,2271,"Valencia Basket","Valencia Basket","VBC",1,87,12000,11,25,44,22,35,62,10,12,83,21,9,30,19,15,15,9,1,1,1,23,18,102,95,-1,0,13,0,87,68,3,2210,1,26,20,36,11,51,16
1883135,3,"Supercopa","Supercopa Endesa",477108000,NA,"https://static.acb.com/img/14/39/3/27868634006.png","https://static.acb.com/img/1c/1a/3d/27940034120.png",86,2021,103,291,361,5444,103030,NA,NA,FALSE,3690,3689,2280,"Barça","Barça","BAR",3690,2278,"Real Madrid","Real Madrid","RMB",1,88,12000,11,23,47,15,32,46,25,32,78,26,10,36,14,7,15,8,2,2,6,20,26,100,25,-1,0,13,0,88,83,2,56,2,5,8,28,7,51,9
1883134,3,"Supercopa","Supercopa Endesa",477108000,NA,"https://static.acb.com/img/14/39/3/27868634006.png","https://static.acb.com/img/1c/1a/3d/27940034120.png",86,2021,103,291,361,5444,103030,NA,NA,TRUE,3689,3689,2280,"Barça","Barça","BAR",3690,2278,"Real Madrid","Real Madrid","RMB",1,83,12000,10,32,31,22,39,56,9,14,64,21,15,36,14,7,12,5,3,2,1,26,18,77,-25,-1,13,0,0,83,88,4,2230,1,19,10,32,15,28,7
