"id","id_competition","competition_name","competition_official_name","competition_initial_date","competition_final_date","competition_url_image","competition_url_image_negative","id_edition","edition_year","id_phase","id_subphase","id_round","id_matchweek","id_match","period","id_edition_license_team","is_local","id_team","id_local_team","local_team_id_team_denomination","local_team_team_actual_name","local_team_team_actual_short_name","local_team_team_abbrev_name","id_visitor_team","visitor_team_id_team_denomination","visitor_team_team_actual_name","visitor_team_team_actual_short_name","visitor_team_team_abbrev_name","match_number","points","time_played","3pt_success","3pt_tried","3pt_percentage","2pt_success","2pt_tried","2pt_percentage","1pt_success","1pt_tried","1pt_percentage","defensive_rebound","offensive_rebound","total_rebound","asis","steals","turnovers","counter_attack","blocks","received_blocks","dunks","personal_fouls","received_fouls","val","differential","tournament_number2","defeats","victories","tie","team_score","rival_team_score","timeouts","time_as_leader","leader_changes","maximun_difference","points_after_steal","points_in_the_paint","second_opportinity_points","bench_points","best_streak"
1449880,1,"Liga Nacional","Liga Endesa",-402534000,NA,"https://www.acb.com/Documentos/Cabeceras/logo-competicion-1b.png","https://www.acb.com/Documentos/Cabeceras/logo-competicion-4a.png",70,2005,107,NA,NA,1943,12230,NA,NA,FALSE,1348,1345,1471,"Akasvayu Girona","Akasvayu Gir.","GIR",1348,768,"Real Madrid","Real Madrid","RMB",1,74,12000,6,17,35.29,20,42,47.62,16,20,80,23,15,38,10,7,14,0,5,3,2,23,22,79,0,0,1,0,0,74,78,0,NA,0,0,0,0,0,0,0
1449879,1,"Liga Nacional","Liga Endesa",-402534000,NA,"https://www.acb.com/Documentos/Cabeceras/logo-competicion-1b.png","https://www.acb.com/Documentos/Cabeceras/logo-competicion-4a.png",70,2005,107,NA,NA,1943,12230,NA,NA,TRUE,1345,1345,1471,"Akasvayu Girona","Akasvayu Gir.","GIR",1348,768,"Real Madrid","Real Madrid","RMB",1,78,12000,9,22,40.91,17,37,45.95,17,20,85,20,10,30,11,9,10,0,3,5,1,22,23,81,0,0,0,1,0,78,74,0,NA,0,0,0,0,0,0,0
1449854,1,"Liga Nacional","Liga Endesa",-402534000,NA,"https://www.acb.com/Documentos/Cabeceras/logo-competicion-1b.png","https://www.acb.com/Documentos/Cabeceras/logo-competicion-4a.png",70,2005,107,NA,NA,1943,12229,NA,NA,TRUE,1343,1343,469,"Adecco Estudiantes","Adecco Estu","EST",1339,223,"TAU Cerámica","TAU Cerámica","TAU",1,75,12000,8,23,34,22,47,46,7,10,70,21,16,37,15,9,13,0,3,4,3,24,18,73,0,0,10,0,0,75,81,0,0,0,0,0,0,0,0,0
1449855,1,"Liga Nacional","Liga Endesa",-402534000,NA,"https://www.acb.com/Documentos/Cabeceras/logo-competicion-1b.png","https://www.acb.com/Documentos/Cabeceras/logo-competicion-4a.png",70,2005,107,NA,NA,1943,12229,NA,NA,FALSE,1339,1343,469,"Adecco Estudiantes","Adecco Estu","EST",1339,223,"TAU Cerámica","TAU Cerámica","TAU",1,81,12000,8,20,40,22,45,48.89,13,15,86.67,20,15,35,10,7,16,0,4,3,0,18,24,87,0,0,0,1,0,81,75,0,NA,0,0,0,0,0,0,0
1449986,1,"Liga Nacional","Liga Endesa",-402534000,NA,"https://www.acb.com/Documentos/Cabeceras/logo-competicion-1b.png","https://www.acb.com/Documentos/Cabeceras/logo-competicion-4a.png",70,2005,107,NA,NA,1943,12234,NA,NA,FALSE,1341,1351,969,"Pamesa Valencia","Pamesa Valencia","PAM",1341,1359,"Leche Río Breogán","Leche Río Bre.","BRE",1,62,12000,6,11,54.55,16,42,38.1,12,17,70.59,20,14,34,13,8,26,0,0,5,1,20,16,46,0,0,1,0,0,62,74,0,NA,0,0,0,0,0,0,0
1449985,1,"Liga Nacional","Liga Endesa",-402534000,NA,"https://www.acb.com/Documentos/Cabeceras/logo-competicion-1b.png","https://www.acb.com/Documentos/Cabeceras/logo-competicion-4a.png",70,2005,107,NA,NA,1943,12234,NA,NA,TRUE,1351,1351,969,"Pamesa Valencia","Pamesa Valencia","PAM",1341,1359,"Leche Río Breogán","Leche Río Bre.","BRE",1,74,12000,6,20,30,21,40,52.5,14,14,100,20,11,31,20,12,17,0,5,0,0,16,20,96,0,0,0,1,0,74,62,0,NA,0,0,0,0,0,0,0
1450035,1,"Liga Nacional","Liga Endesa",-402534000,NA,"https://www.acb.com/Documentos/Cabeceras/logo-competicion-1b.png","https://www.acb.com/Documentos/Cabeceras/logo-competicion-4a.png",70,2005,107,NA,NA,1943,12236,NA,NA,TRUE,1349,1349,870,"Ricoh Manresa","Ricoh Manresa","MAN",1352,1061,"Unicaja","Unicaja","UNI",1,85,12000,9,21,42.86,20,41,48.78,18,25,72,25,7,32,8,8,9,0,1,5,1,23,26,83,0,0,0,1,0,85,76,0,NA,0,0,0,0,0,0,0
1450036,1,"Liga Nacional","Liga Endesa",-402534000,NA,"https://www.acb.com/Documentos/Cabeceras/logo-competicion-1b.png","https://www.acb.com/Documentos/Cabeceras/logo-competicion-4a.png",70,2005,107,NA,NA,1943,12236,NA,NA,FALSE,1352,1349,870,"Ricoh Manresa","Ricoh Manresa","MAN",1352,1061,"Unicaja","Unicaja","UNI",1,76,12000,7,23,30.43,20,37,54.05,15,21,71.43,24,8,32,15,6,16,0,5,1,1,26,23,75,0,0,1,0,0,76,85,0,NA,0,0,0,0,0,0,0
1449907,1,"Liga Nacional","Liga Endesa",-402534000,NA,"https://www.acb.com/Documentos/Cabeceras/logo-competicion-1b.png","https://www.acb.com/Documentos/Cabeceras/logo-competicion-4a.png",70,2005,107,NA,NA,1943,12231,NA,NA,FALSE,1337,1344,1202,"Alta Gestión Fuenlabrada","Alta Gestión F.","AGF",1337,1285,"Etosa Alicante","Etosa Alicante","ALI",1,82,12000,8,24,33.33,23,42,54.76,12,20,60,25,10,35,9,8,7,0,3,2,4,20,22,87,0,0,0,1,0,82,71,0,NA,0,0,0,0,0,0,0
1449906,1,"Liga Nacional","Liga Endesa",-402534000,NA,"https://www.acb.com/Documentos/Cabeceras/logo-competicion-1b.png","https://www.acb.com/Documentos/Cabeceras/logo-competicion-4a.png",70,2005,107,NA,NA,1943,12231,NA,NA,TRUE,1344,1344,1202,"Alta Gestión Fuenlabrada","Alta Gestión F.","AGF",1337,1285,"Etosa Alicante","Etosa Alicante","ALI",1,71,12000,8,26,30.77,19,36,52.78,9,11,81.82,26,8,34,9,3,13,0,2,3,0,22,20,64,0,0,1,0,0,71,82,0,NA,0,0,0,0,0,0,0
1449934,1,"Liga Nacional","Liga Endesa",-402534000,NA,"https://www.acb.com/Documentos/Cabeceras/logo-competicion-1b.png","https://www.acb.com/Documentos/Cabeceras/logo-competicion-4a.png",70,2005,107,NA,NA,1943,12232,NA,NA,FALSE,1338,1354,1854,"Fórum Valladolid","Fórum Vall.","FOR",1338,109,"Winterthur FC Barcelona","Winterthur FCB","FCB",1,73,12000,10,26,38.46,18,31,58.06,7,11,63.64,24,4,28,17,7,11,0,4,2,0,19,18,82,0,0,0,1,0,73,66,0,NA,0,0,0,0,0,0,0
1449933,1,"Liga Nacional","Liga Endesa",-402534000,NA,"https://www.acb.com/Documentos/Cabeceras/logo-competicion-1b.png","https://www.acb.com/Documentos/Cabeceras/logo-competicion-4a.png",70,2005,107,NA,NA,1943,12232,NA,NA,TRUE,1354,1354,1854,"Fórum Valladolid","Fórum Vall.","FOR",1338,109,"Winterthur FC Barcelona","Winterthur FCB","FCB",1,66,12000,3,14,21.43,23,49,46.94,11,15,73.33,25,13,38,12,8,11,0,2,4,3,18,19,71,0,0,1,0,0,66,73,0,NA,0,0,0,0,0,0,0
1449959,1,"Liga Nacional","Liga Endesa",-402534000,NA,"https://www.acb.com/Documentos/Cabeceras/logo-competicion-1b.png","https://www.acb.com/Documentos/Cabeceras/logo-competicion-4a.png",70,2005,107,NA,NA,1943,12233,NA,NA,TRUE,1342,1342,341,"Gran Canaria","Gran Canaria","GCA",1340,284,"Lagun Aro Bilbao Basket","Lagun Aro BB","LBB",1,85,12000,12,21,57.14,18,35,51.43,13,18,72.22,26,8,34,10,12,19,0,8,1,2,20,21,99,0,0,0,1,0,85,64,0,NA,0,0,0,0,0,0,0
1449960,1,"Liga Nacional","Liga Endesa",-402534000,NA,"https://www.acb.com/Documentos/Cabeceras/logo-competicion-1b.png","https://www.acb.com/Documentos/Cabeceras/logo-competicion-4a.png",70,2005,107,NA,NA,1943,12233,NA,NA,FALSE,1340,1342,341,"Gran Canaria","Gran Canaria","GCA",1340,284,"Lagun Aro Bilbao Basket","Lagun Aro BB","LBB",1,64,12000,3,12,25,18,42,42.86,19,22,86.36,19,8,27,9,10,16,0,1,8,0,21,20,50,0,0,1,0,0,64,85,0,NA,0,0,0,0,0,0,0
1450062,1,"Liga Nacional","Liga Endesa",-402534000,NA,"https://www.acb.com/Documentos/Cabeceras/logo-competicion-1b.png","https://www.acb.com/Documentos/Cabeceras/logo-competicion-4a.png",70,2005,107,NA,NA,1943,12237,NA,NA,FALSE,1350,1353,1133,"Caja San Fernando","C. San Fernando","CSF",1350,890,"Llanera Menorca","Llanera Menorca","MEN",1,102,12000,15,32,46.88,21,38,55.26,15,19,78.95,20,12,32,12,9,10,0,0,1,0,19,20,107,0,0,1,0,0,102,106,0,NA,0,0,0,0,0,0,0
1450061,1,"Liga Nacional","Liga Endesa",-402534000,NA,"https://www.acb.com/Documentos/Cabeceras/logo-competicion-1b.png","https://www.acb.com/Documentos/Cabeceras/logo-competicion-4a.png",70,2005,107,NA,NA,1943,12237,NA,NA,TRUE,1353,1353,1133,"Caja San Fernando","C. San Fernando","CSF",1350,890,"Llanera Menorca","Llanera Menorca","MEN",1,106,12000,13,24,54,28,41,68,11,18,61,21,8,29,23,3,11,0,1,0,2,20,19,119,0,0,0,11,0,106,102,0,0,0,0,0,0,0,0,0
1450010,1,"Liga Nacional","Liga Endesa",-402534000,NA,"https://www.acb.com/Documentos/Cabeceras/logo-competicion-1b.png","https://www.acb.com/Documentos/Cabeceras/logo-competicion-4a.png",70,2005,107,NA,NA,1943,12235,NA,NA,TRUE,1346,1346,8,"CB Granada","CB Granada","GRA",1347,631,"DKV Joventut","DKV Joventut","DKV",1,72,12000,3,15,20,27,47,57.45,9,14,64.29,24,6,30,10,6,12,0,3,2,1,24,16,62,0,0,1,0,0,72,82,0,NA,0,0,0,0,0,0,0
1450011,1,"Liga Nacional","Liga Endesa",-402534000,NA,"https://www.acb.com/Documentos/Cabeceras/logo-competicion-1b.png","https://www.acb.com/Documentos/Cabeceras/logo-competicion-4a.png",70,2005,107,NA,NA,1943,12235,NA,NA,FALSE,1347,1346,8,"CB Granada","CB Granada","GRA",1347,631,"DKV Joventut","DKV Joventut","DKV",1,82,12000,6,18,33.33,22,46,47.83,20,23,86.96,29,11,40,7,7,10,0,2,3,1,16,24,94,0,0,0,1,0,82,72,0,NA,0,0,0,0,0,0,0
1450114,1,"Liga Nacional","Liga Endesa",-402534000,NA,"https://www.acb.com/Documentos/Cabeceras/logo-competicion-1b.png","https://www.acb.com/Documentos/Cabeceras/logo-competicion-4a.png",70,2005,107,NA,NA,1944,12239,NA,NA,FALSE,1344,1338,109,"Winterthur FC Barcelona","Winterthur FCB","FCB",1344,1202,"Alta Gestión Fuenlabrada","Alta Gestión F.","AGF",1,54,12000,7,20,35,14,40,35,5,11,45.45,17,7,24,6,11,9,0,0,4,0,19,19,37,0,0,1,0,0,54,77,0,NA,0,0,0,0,0,0,0
1450113,1,"Liga Nacional","Liga Endesa",-402534000,NA,"https://www.acb.com/Documentos/Cabeceras/logo-competicion-1b.png","https://www.acb.com/Documentos/Cabeceras/logo-competicion-4a.png",70,2005,107,NA,NA,1944,12239,NA,NA,TRUE,1338,1338,109,"Winterthur FC Barcelona","Winterthur FCB","FCB",1344,1202,"Alta Gestión Fuenlabrada","Alta Gestión F.","AGF",1,77,12000,9,28,32.14,22,31,70.97,6,10,60,35,12,47,21,6,16,0,4,0,2,19,19,107,0,0,0,1,0,77,54,0,NA,0,0,0,0,0,0,0
1450192,1,"Liga Nacional","Liga Endesa",-402534000,NA,"https://www.acb.com/Documentos/Cabeceras/logo-competicion-1b.png","https://www.acb.com/Documentos/Cabeceras/logo-competicion-4a.png",70,2005,107,NA,NA,1944,12242,NA,NA,TRUE,1347,1347,631,"DKV Joventut","DKV Joventut","DKV",1349,870,"Ricoh Manresa","Ricoh Manresa","MAN",1,89,12000,13,24,54.17,20,37,54.05,10,14,71.43,24,11,35,23,9,12,0,3,2,1,21,19,111,0,0,0,1,0,89,68,0,NA,0,0,0,0,0,0,0
1450193,1,"Liga Nacional","Liga Endesa",-402534000,NA,"https://www.acb.com/Documentos/Cabeceras/logo-competicion-1b.png","https://www.acb.com/Documentos/Cabeceras/logo-competicion-4a.png",70,2005,107,NA,NA,1944,12242,NA,NA,FALSE,1349,1347,631,"DKV Joventut","DKV Joventut","DKV",1349,870,"Ricoh Manresa","Ricoh Manresa","MAN",1,68,12000,5,23,21.74,16,32,50,21,27,77.78,20,9,29,8,8,10,0,2,3,0,19,21,64,0,0,1,0,0,68,89,0,NA,0,0,0,0,0,0,0
1450244,1,"Liga Nacional","Liga Endesa",-402534000,NA,"https://www.acb.com/Documentos/Cabeceras/logo-competicion-1b.png","https://www.acb.com/Documentos/Cabeceras/logo-competicion-4a.png",70,2005,107,NA,NA,1944,12244,NA,NA,TRUE,1352,1352,1061,"Unicaja","Unicaja","UNI",1351,969,"Pamesa Valencia","Pamesa Valencia","PAM",1,65,12000,3,22,13.64,21,43,48.84,14,18,77.78,24,11,35,10,7,7,0,2,4,0,17,25,71,0,0,1,0,0,65,67,0,NA,0,0,0,0,0,0,0
1450245,1,"Liga Nacional","Liga Endesa",-402534000,NA,"https://www.acb.com/Documentos/Cabeceras/logo-competicion-1b.png","https://www.acb.com/Documentos/Cabeceras/logo-competicion-4a.png",70,2005,107,NA,NA,1944,12244,NA,NA,FALSE,1351,1352,1061,"Unicaja","Unicaja","UNI",1351,969,"Pamesa Valencia","Pamesa Valencia","PAM",1,67,12000,7,14,50,18,38,47.37,10,15,66.67,28,6,34,10,4,14,0,4,2,0,25,17,63,0,0,0,1,0,67,65,0,NA,0,0,0,0,0,0,0
1450270,1,"Liga Nacional","Liga Endesa",-402534000,NA,"https://www.acb.com/Documentos/Cabeceras/logo-competicion-1b.png","https://www.acb.com/Documentos/Cabeceras/logo-competicion-4a.png",70,2005,107,NA,NA,1944,12245,NA,NA,TRUE,1350,1350,890,"Llanera Menorca","Llanera Menorca","MEN",1342,341,"Gran Canaria","Gran Canaria","GCA",1,68,12000,7,20,35,17,29,58.62,13,22,59.09,13,8,21,10,9,11,0,2,3,0,19,21,64,0,0,1,0,0,68,75,0,NA,0,0,0,0,0,0,0
1450271,1,"Liga Nacional","Liga Endesa",-402534000,NA,"https://www.acb.com/Documentos/Cabeceras/logo-competicion-1b.png","https://www.acb.com/Documentos/Cabeceras/logo-competicion-4a.png",70,2005,107,NA,NA,1944,12245,NA,NA,FALSE,1342,1350,890,"Llanera Menorca","Llanera Menorca","MEN",1342,341,"Gran Canaria","Gran Canaria","GCA",1,75,12000,4,20,20,25,40,62.5,13,16,81.25,19,16,35,10,5,12,0,3,2,2,21,19,78,0,0,0,1,0,75,68,0,NA,0,0,0,0,0,0,0
1450166,1,"Liga Nacional","Liga Endesa",-402534000,NA,"https://www.acb.com/Documentos/Cabeceras/logo-competicion-1b.png","https://www.acb.com/Documentos/Cabeceras/logo-competicion-4a.png",70,2005,107,NA,NA,1944,12241,NA,NA,TRUE,1341,1341,1359,"Leche Río Breogán","Leche Río Bre.","BRE",1343,469,"Adecco Estudiantes","Adecco Estu","EST",1,81,12000,9,15,60,17,33,51.52,20,27,74.07,24,8,32,14,7,21,0,3,0,0,27,25,85,0,0,0,1,0,81,73,0,NA,0,0,0,0,0,0,0
1450167,1,"Liga Nacional","Liga Endesa",-402534000,NA,"https://www.acb.com/Documentos/Cabeceras/logo-competicion-1b.png","https://www.acb.com/Documentos/Cabeceras/logo-competicion-4a.png",70,2005,107,NA,NA,1944,12241,NA,NA,FALSE,1343,1341,1359,"Leche Río Breogán","Leche Río Bre.","BRE",1343,469,"Adecco Estudiantes","Adecco Estu","EST",1,73,12000,6,22,27,22,40,55,11,19,57,15,11,26,14,12,13,0,0,3,1,25,27,69,0,0,12,0,0,73,81,0,0,0,0,0,0,0,0,0
1450088,1,"Liga Nacional","Liga Endesa",-402534000,NA,"https://www.acb.com/Documentos/Cabeceras/logo-competicion-1b.png","https://www.acb.com/Documentos/Cabeceras/logo-competicion-4a.png",70,2005,107,NA,NA,1944,12238,NA,NA,TRUE,1337,1337,1285,"Etosa Alicante","Etosa Alicante","ALI",1353,1133,"Caja San Fernando","C. San Fernando","CSF",1,91,12000,5,12,41.67,27,45,60,22,28,78.57,18,7,25,11,17,10,0,2,1,5,18,27,113,0,0,0,1,0,91,80,0,NA,0,0,0,0,0,0,0
1450089,1,"Liga Nacional","Liga Endesa",-402534000,NA,"https://www.acb.com/Documentos/Cabeceras/logo-competicion-1b.png","https://www.acb.com/Documentos/Cabeceras/logo-competicion-4a.png",70,2005,107,NA,NA,1944,12238,NA,NA,FALSE,1353,1337,1285,"Etosa Alicante","Etosa Alicante","ALI",1353,1133,"Caja San Fernando","C. San Fernando","CSF",1,80,12000,9,18,50,22,35,62,9,17,52,19,8,27,10,5,22,0,1,2,3,27,18,60,0,0,11,0,0,80,91,0,0,0,0,0,0,0,0,0
1450139,1,"Liga Nacional","Liga Endesa",-402534000,NA,"https://www.acb.com/Documentos/Cabeceras/logo-competicion-1b.png","https://www.acb.com/Documentos/Cabeceras/logo-competicion-4a.png",70,2005,107,NA,NA,1944,12240,NA,NA,FALSE,1346,1340,284,"Lagun Aro Bilbao Basket","Lagun Aro BB","LBB",1346,8,"CB Granada","CB Granada","GRA",1,98,12000,10,19,52.63,23,41,56.1,22,27,81.48,18,11,29,17,7,12,0,1,1,0,26,24,105,0,0,0,1,0,98,89,0,NA,0,0,0,0,0,0,0
1450138,1,"Liga Nacional","Liga Endesa",-402534000,NA,"https://www.acb.com/Documentos/Cabeceras/logo-competicion-1b.png","https://www.acb.com/Documentos/Cabeceras/logo-competicion-4a.png",70,2005,107,NA,NA,1944,12240,NA,NA,TRUE,1340,1340,284,"Lagun Aro Bilbao Basket","Lagun Aro BB","LBB",1346,8,"CB Granada","CB Granada","GRA",1,89,12000,6,17,35.29,21,36,58.33,29,37,78.38,15,8,23,14,8,12,0,1,1,2,24,26,90,0,0,1,0,0,89,98,0,NA,0,0,0,0,0,0,0
1450295,1,"Liga Nacional","Liga Endesa",-402534000,NA,"https://www.acb.com/Documentos/Cabeceras/logo-competicion-1b.png","https://www.acb.com/Documentos/Cabeceras/logo-competicion-4a.png",70,2005,107,NA,NA,1944,12246,NA,NA,TRUE,1339,1339,223,"TAU Cerámica","TAU Cerámica","TAU",1345,1471,"Akasvayu Girona","Akasvayu Gir.","GIR",1,90,12000,3,13,23.08,36,53,67.92,9,10,90,31,7,38,25,7,12,0,2,3,5,19,18,118,0,0,0,1,0,90,68,0,NA,0,0,0,0,0,0,0
1450296,1,"Liga Nacional","Liga Endesa",-402534000,NA,"https://www.acb.com/Documentos/Cabeceras/logo-competicion-1b.png","https://www.acb.com/Documentos/Cabeceras/logo-competicion-4a.png",70,2005,107,NA,NA,1944,12246,NA,NA,FALSE,1345,1339,223,"TAU Cerámica","TAU Cerámica","TAU",1345,1471,"Akasvayu Girona","Akasvayu Gir.","GIR",1,68,12000,6,16,37.5,21,46,45.65,8,10,80,20,5,25,7,7,14,0,3,2,1,18,19,58,0,0,1,0,0,68,90,0,NA,0,0,0,0,0,0,0
1450219,1,"Liga Nacional","Liga Endesa",-402534000,NA,"https://www.acb.com/Documentos/Cabeceras/logo-competicion-1b.png","https://www.acb.com/Documentos/Cabeceras/logo-competicion-4a.png",70,2005,107,NA,NA,1944,12243,NA,NA,FALSE,1354,1348,768,"Real Madrid","Real Madrid","RMB",1354,1854,"Fórum Valladolid","Fórum Vall.","FOR",1,67,12000,7,21,33.33,15,34,44.12,16,21,76.19,26,11,37,10,7,11,0,2,4,0,22,20,68,0,0,1,0,0,67,70,0,NA,0,0,0,0,0,0,0
1450218,1,"Liga Nacional","Liga Endesa",-402534000,NA,"https://www.acb.com/Documentos/Cabeceras/logo-competicion-1b.png","https://www.acb.com/Documentos/Cabeceras/logo-competicion-4a.png",70,2005,107,NA,NA,1944,12243,NA,NA,TRUE,1348,1348,768,"Real Madrid","Real Madrid","RMB",1354,1854,"Fórum Valladolid","Fórum Vall.","FOR",1,70,12000,6,23,26.09,19,45,42.22,14,20,70,19,20,39,9,9,9,0,4,2,3,20,22,73,0,0,0,1,0,70,67,0,NA,0,0,0,0,0,0,0
1450349,1,"Liga Nacional","Liga Endesa",-402534000,NA,"https://www.acb.com/Documentos/Cabeceras/logo-competicion-1b.png","https://www.acb.com/Documentos/Cabeceras/logo-competicion-4a.png",70,2005,107,NA,NA,1945,12248,NA,NA,FALSE,1339,1347,631,"DKV Joventut","DKV Joventut","DKV",1339,223,"TAU Cerámica","TAU Cerámica","TAU",1,83,12000,5,15,33.33,25,47,53.19,18,21,85.71,25,11,36,11,9,9,0,3,0,2,20,22,100,0,0,0,1,0,83,78,0,NA,0,0,0,0,0,0,0
1450348,1,"Liga Nacional","Liga Endesa",-402534000,NA,"https://www.acb.com/Documentos/Cabeceras/logo-competicion-1b.png","https://www.acb.com/Documentos/Cabeceras/logo-competicion-4a.png",70,2005,107,NA,NA,1945,12248,NA,NA,TRUE,1347,1347,631,"DKV Joventut","DKV Joventut","DKV",1339,223,"TAU Cerámica","TAU Cerámica","TAU",1,78,12000,7,23,30.43,24,44,54.55,9,12,75,21,12,33,13,7,10,0,0,3,2,22,20,77,0,0,1,0,0,78,83,0,NA,0,0,0,0,0,0,0
1450372,1,"Liga Nacional","Liga Endesa",-402534000,NA,"https://www.acb.com/Documentos/Cabeceras/logo-competicion-1b.png","https://www.acb.com/Documentos/Cabeceras/logo-competicion-4a.png",70,2005,107,NA,NA,1945,12249,NA,NA,TRUE,1349,1349,870,"Ricoh Manresa","Ricoh Manresa","MAN",1351,969,"Pamesa Valencia","Pamesa Valencia","PAM",1,77,12000,5,19,26.32,19,43,44.19,24,31,77.42,25,15,40,9,4,14,0,3,1,1,22,28,79,0,0,1,0,0,77,78,0,NA,0,0,0,0,0,0,0
1450373,1,"Liga Nacional","Liga Endesa",-402534000,NA,"https://www.acb.com/Documentos/Cabeceras/logo-competicion-1b.png","https://www.acb.com/Documentos/Cabeceras/logo-competicion-4a.png",70,2005,107,NA,NA,1945,12249,NA,NA,FALSE,1351,1349,870,"Ricoh Manresa","Ricoh Manresa","MAN",1351,969,"Pamesa Valencia","Pamesa Valencia","PAM",1,78,12000,9,21,42.86,17,37,45.95,17,27,62.96,26,10,36,10,8,13,0,1,3,1,28,22,69,0,0,0,1,0,78,77,0,NA,0,0,0,0,0,0,0
1450478,1,"Liga Nacional","Liga Endesa",-402534000,NA,"https://www.acb.com/Documentos/Cabeceras/logo-competicion-1b.png","https://www.acb.com/Documentos/Cabeceras/logo-competicion-4a.png",70,2005,107,NA,NA,1945,12253,NA,NA,TRUE,1346,1346,8,"CB Granada","CB Granada","GRA",1341,1359,"Leche Río Breogán","Leche Río Bre.","BRE",1,79,12000,9,23,39.13,15,35,42.86,22,29,75.86,17,12,29,14,12,14,0,1,0,0,26,24,78,0,0,1,0,0,79,81,0,NA,0,0,0,0,0,0,0
1450479,1,"Liga Nacional","Liga Endesa",-402534000,NA,"https://www.acb.com/Documentos/Cabeceras/logo-competicion-1b.png","https://www.acb.com/Documentos/Cabeceras/logo-competicion-4a.png",70,2005,107,NA,NA,1945,12253,NA,NA,FALSE,1341,1346,8,"CB Granada","CB Granada","GRA",1341,1359,"Leche Río Breogán","Leche Río Bre.","BRE",1,81,12000,5,9,55.56,23,40,57.5,20,33,60.61,24,10,34,9,10,19,0,0,1,0,24,26,82,0,0,0,1,0,81,79,0,NA,0,0,0,0,0,0,0
1450503,1,"Liga Nacional","Liga Endesa",-402534000,NA,"https://www.acb.com/Documentos/Cabeceras/logo-competicion-1b.png","https://www.acb.com/Documentos/Cabeceras/logo-competicion-4a.png",70,2005,107,NA,NA,1945,12254,NA,NA,TRUE,1345,1345,1471,"Akasvayu Girona","Akasvayu Gir.","GIR",1342,341,"Gran Canaria","Gran Canaria","GCA",1,91,12000,4,12,33.33,30,47,63.83,19,28,67.86,26,7,33,14,7,8,0,3,2,5,22,26,108,0,0,0,1,0,91,80,0,NA,0,0,0,0,0,0,0
1450504,1,"Liga Nacional","Liga Endesa",-402534000,NA,"https://www.acb.com/Documentos/Cabeceras/logo-competicion-1b.png","https://www.acb.com/Documentos/Cabeceras/logo-competicion-4a.png",70,2005,107,NA,NA,1945,12254,NA,NA,FALSE,1342,1345,1471,"Akasvayu Girona","Akasvayu Gir.","GIR",1342,341,"Gran Canaria","Gran Canaria","GCA",1,80,12000,9,16,56.25,21,45,46.67,11,21,52.38,20,10,30,16,8,11,0,2,3,1,26,22,77,0,0,1,0,0,80,91,0,NA,0,0,0,0,0,0,0
1450321,1,"Liga Nacional","Liga Endesa",-402534000,NA,"https://www.acb.com/Documentos/Cabeceras/logo-competicion-1b.png","https://www.acb.com/Documentos/Cabeceras/logo-competicion-4a.png",70,2005,107,NA,NA,1945,12247,NA,NA,TRUE,1344,1344,1202,"Alta Gestión Fuenlabrada","Alta Gestión F.","AGF",1354,1854,"Fórum Valladolid","Fórum Vall.","FOR",1,82,12000,9,21,42.86,15,32,46.88,25,30,83.33,21,10,31,8,8,11,0,4,5,1,26,26,83,0,0,0,1,0,82,72,0,NA,0,0,0,0,0,0,0
1450322,1,"Liga Nacional","Liga Endesa",-402534000,NA,"https://www.acb.com/Documentos/Cabeceras/logo-competicion-1b.png","https://www.acb.com/Documentos/Cabeceras/logo-competicion-4a.png",70,2005,107,NA,NA,1945,12247,NA,NA,FALSE,1354,1344,1202,"Alta Gestión Fuenlabrada","Alta Gestión F.","AGF",1354,1854,"Fórum Valladolid","Fórum Vall.","FOR",1,72,12000,7,23,30.43,18,44,40.91,15,24,62.5,20,19,39,6,5,14,0,5,4,1,26,26,58,0,0,1,0,0,72,82,0,NA,0,0,0,0,0,0,0
1450398,1,"Liga Nacional","Liga Endesa",-402534000,NA,"https://www.acb.com/Documentos/Cabeceras/logo-competicion-1b.png","https://www.acb.com/Documentos/Cabeceras/logo-competicion-4a.png",70,2005,107,NA,NA,1945,12250,NA,NA,TRUE,1352,1352,1061,"Unicaja","Unicaja","UNI",1337,1285,"Etosa Alicante","Etosa Alicante","ALI",1,92,12000,10,21,47.62,27,38,71.05,8,15,53.33,20,10,30,19,12,12,0,3,1,1,19,20,115,0,0,0,1,0,92,60,0,NA,0,0,0,0,0,0,0
1450399,1,"Liga Nacional","Liga Endesa",-402534000,NA,"https://www.acb.com/Documentos/Cabeceras/logo-competicion-1b.png","https://www.acb.com/Documentos/Cabeceras/logo-competicion-4a.png",70,2005,107,NA,NA,1945,12250,NA,NA,FALSE,1337,1352,1061,"Unicaja","Unicaja","UNI",1337,1285,"Etosa Alicante","Etosa Alicante","ALI",1,60,12000,2,11,18.18,23,48,47.92,8,10,80,17,12,29,10,5,18,0,1,3,0,20,19,47,0,0,1,0,0,60,92,0,NA,0,0,0,0,0,0,0
1450427,1,"Liga Nacional","Liga Endesa",-402534000,NA,"https://www.acb.com/Documentos/Cabeceras/logo-competicion-1b.png","https://www.acb.com/Documentos/Cabeceras/logo-competicion-4a.png",70,2005,107,NA,NA,1945,12251,NA,NA,TRUE,1338,1338,109,"Winterthur FC Barcelona","Winterthur FCB","FCB",1343,469,"Adecco Estudiantes","Adecco Estu","EST",1,100,12000,13,30,43.33,24,35,68.57,13,16,81.25,24,12,36,25,10,12,0,6,2,2,17,19,134,0,0,0,1,0,100,66,0,NA,0,0,0,0,0,0,0
1450428,1,"Liga Nacional","Liga Endesa",-402534000,NA,"https://www.acb.com/Documentos/Cabeceras/logo-competicion-1b.png","https://www.acb.com/Documentos/Cabeceras/logo-competicion-4a.png",70,2005,107,NA,NA,1945,12251,NA,NA,FALSE,1343,1338,109,"Winterthur FC Barcelona","Winterthur FCB","FCB",1343,469,"Adecco Estudiantes","Adecco Estu","EST",1,66,12000,3,12,25,24,54,44,9,15,60,17,13,30,10,10,13,0,2,6,1,19,17,52,0,0,11,0,0,66,100,0,0,0,0,0,0,0,0,0
1450453,1,"Liga Nacional","Liga Endesa",-402534000,NA,"https://www.acb.com/Documentos/Cabeceras/logo-competicion-1b.png","https://www.acb.com/Documentos/Cabeceras/logo-competicion-4a.png",70,2005,107,NA,NA,1945,12252,NA,NA,TRUE,1353,1353,1133,"Caja San Fernando","C. San Fernando","CSF",1340,284,"Lagun Aro Bilbao Basket","Lagun Aro BB","LBB",1,74,12000,3,16,18,27,40,67,11,13,84,24,10,34,14,1,19,0,5,4,0,22,17,72,0,0,10,0,0,74,81,0,0,0,0,0,0,0,0,0
1450454,1,"Liga Nacional","Liga Endesa",-402534000,NA,"https://www.acb.com/Documentos/Cabeceras/logo-competicion-1b.png","https://www.acb.com/Documentos/Cabeceras/logo-competicion-4a.png",70,2005,107,NA,NA,1945,12252,NA,NA,FALSE,1340,1353,1133,"Caja San Fernando","C. San Fernando","CSF",1340,284,"Lagun Aro Bilbao Basket","Lagun Aro BB","LBB",1,81,12000,10,17,58.82,20,42,47.62,11,13,84.62,12,7,19,9,11,8,0,4,5,2,17,22,85,0,0,0,1,0,81,74,0,NA,0,0,0,0,0,0,0
1450529,1,"Liga Nacional","Liga Endesa",-402534000,NA,"https://www.acb.com/Documentos/Cabeceras/logo-competicion-1b.png","https://www.acb.com/Documentos/Cabeceras/logo-competicion-4a.png",70,2005,107,NA,NA,1945,12255,NA,NA,TRUE,1350,1350,890,"Llanera Menorca","Llanera Menorca","MEN",1348,768,"Real Madrid","Real Madrid","RMB",1,71,12000,8,21,38.1,16,40,40,15,25,60,21,9,30,6,7,13,0,0,5,1,20,26,55,0,0,1,0,0,71,84,0,NA,0,0,0,0,0,0,0
1450530,1,"Liga Nacional","Liga Endesa",-402534000,NA,"https://www.acb.com/Documentos/Cabeceras/logo-competicion-1b.png","https://www.acb.com/Documentos/Cabeceras/logo-competicion-4a.png",70,2005,107,NA,NA,1945,12255,NA,NA,FALSE,1348,1350,890,"Llanera Menorca","Llanera Menorca","MEN",1348,768,"Real Madrid","Real Madrid","RMB",1,84,12000,14,28,50,15,34,44.12,12,17,70.59,29,10,39,10,8,15,0,5,0,2,26,20,87,0,0,0,1,0,84,71,0,NA,0,0,0,0,0,0,0
1450557,1,"Liga Nacional","Liga Endesa",-402534000,NA,"https://www.acb.com/Documentos/Cabeceras/logo-competicion-1b.png","https://www.acb.com/Documentos/Cabeceras/logo-competicion-4a.png",70,2005,107,NA,NA,1946,12256,NA,NA,FALSE,1338,1337,1285,"Etosa Alicante","Etosa Alicante","ALI",1338,109,"Winterthur FC Barcelona","Winterthur FCB","FCB",1,85,12000,9,15,60,27,44,61.36,4,6,66.67,23,5,28,14,9,13,0,6,3,1,24,16,93,0,0,0,1,0,85,61,0,NA,0,0,0,0,0,0,0
1450556,1,"Liga Nacional","Liga Endesa",-402534000,NA,"https://www.acb.com/Documentos/Cabeceras/logo-competicion-1b.png","https://www.acb.com/Documentos/Cabeceras/logo-competicion-4a.png",70,2005,107,NA,NA,1946,12256,NA,NA,TRUE,1337,1337,1285,"Etosa Alicante","Etosa Alicante","ALI",1338,109,"Winterthur FC Barcelona","Winterthur FCB","FCB",1,61,12000,2,15,13.33,20,45,44.44,15,17,88.24,19,10,29,3,5,15,0,3,6,0,16,24,48,0,0,1,0,0,61,85,0,NA,0,0,0,0,0,0,0
1450662,1,"Liga Nacional","Liga Endesa",-402534000,NA,"https://www.acb.com/Documentos/Cabeceras/logo-competicion-1b.png","https://www.acb.com/Documentos/Cabeceras/logo-competicion-4a.png",70,2005,107,NA,NA,1946,12260,NA,NA,FALSE,1345,1343,469,"Adecco Estudiantes","Adecco Estu","EST",1345,1471,"Akasvayu Girona","Akasvayu Gir.","GIR",1,96,12000,15,26,57.69,14,38,36.84,23,33,69.7,26,9,35,20,13,14,0,5,2,2,26,28,110,0,0,0,1,0,96,88,0,NA,0,0,0,0,0,0,0
1450661,1,"Liga Nacional","Liga Endesa",-402534000,NA,"https://www.acb.com/Documentos/Cabeceras/logo-competicion-1b.png","https://www.acb.com/Documentos/Cabeceras/logo-competicion-4a.png",70,2005,107,NA,NA,1946,12260,NA,NA,TRUE,1343,1343,469,"Adecco Estudiantes","Adecco Estu","EST",1345,1471,"Akasvayu Girona","Akasvayu Gir.","GIR",1,88,12000,4,21,19.05,28,57,49.12,20,29,68.97,30,24,54,13,11,19,0,2,5,4,28,26,87,0,0,1,0,0,88,96,0,NA,0,0,0,0,0,0,0
1450686,1,"Liga Nacional","Liga Endesa",-402534000,NA,"https://www.acb.com/Documentos/Cabeceras/logo-competicion-1b.png","https://www.acb.com/Documentos/Cabeceras/logo-competicion-4a.png",70,2005,107,NA,NA,1946,12261,NA,NA,TRUE,1344,1344,1202,"Alta Gestión Fuenlabrada","Alta Gestión F.","AGF",1350,890,"Llanera Menorca","Llanera Menorca","MEN",1,71,12000,6,19,31.58,18,33,54.55,17,24,70.83,24,5,29,15,9,13,0,1,1,1,21,23,78,0,0,0,1,0,71,67,0,NA,0,0,0,0,0,0,0
1450687,1,"Liga Nacional","Liga Endesa",-402534000,NA,"https://www.acb.com/Documentos/Cabeceras/logo-competicion-1b.png","https://www.acb.com/Documentos/Cabeceras/logo-competicion-4a.png",70,2005,107,NA,NA,1946,12261,NA,NA,FALSE,1350,1344,1202,"Alta Gestión Fuenlabrada","Alta Gestión F.","AGF",1350,890,"Llanera Menorca","Llanera Menorca","MEN",1,67,12000,8,27,29.63,13,27,48.15,17,22,77.27,22,6,28,9,10,15,0,1,1,1,23,21,59,0,0,1,0,0,67,71,0,NA,0,0,0,0,0,0,0
1450711,1,"Liga Nacional","Liga Endesa",-402534000,NA,"https://www.acb.com/Documentos/Cabeceras/logo-competicion-1b.png","https://www.acb.com/Documentos/Cabeceras/logo-competicion-4a.png",70,2005,107,NA,NA,1946,12262,NA,NA,TRUE,1351,1351,969,"Pamesa Valencia","Pamesa Valencia","PAM",1346,8,"CB Granada","CB Granada","GRA",1,80,12000,6,24,25,19,36,52.78,24,36,66.67,24,15,39,11,9,13,0,1,4,0,20,28,84,0,0,1,0,0,80,81,0,NA,0,0,0,0,0,0,0
1450712,1,"Liga Nacional","Liga Endesa",-402534000,NA,"https://www.acb.com/Documentos/Cabeceras/logo-competicion-1b.png","https://www.acb.com/Documentos/Cabeceras/logo-competicion-4a.png",70,2005,107,NA,NA,1946,12262,NA,NA,FALSE,1346,1351,969,"Pamesa Valencia","Pamesa Valencia","PAM",1346,8,"CB Granada","CB Granada","GRA",1,81,12000,7,18,38.89,22,39,56.41,16,19,84.21,27,5,32,15,7,15,0,4,1,1,28,20,84,0,0,0,1,0,81,80,0,NA,0,0,0,0,0,0,0
1450634,1,"Liga Nacional","Liga Endesa",-402534000,NA,"https://www.acb.com/Documentos/Cabeceras/logo-competicion-1b.png","https://www.acb.com/Documentos/Cabeceras/logo-competicion-4a.png",70,2005,107,NA,NA,1946,12259,NA,NA,TRUE,1342,1342,341,"Gran Canaria","Gran Canaria","GCA",1347,631,"DKV Joventut","DKV Joventut","DKV",1,66,12000,9,21,42.86,12,35,34.29,15,26,57.69,24,12,36,11,5,16,0,3,2,0,20,22,59,0,0,1,0,0,66,77,0,NA,0,0,0,0,0,0,0
1450635,1,"Liga Nacional","Liga Endesa",-402534000,NA,"https://www.acb.com/Documentos/Cabeceras/logo-competicion-1b.png","https://www.acb.com/Documentos/Cabeceras/logo-competicion-4a.png",70,2005,107,NA,NA,1946,12259,NA,NA,FALSE,1347,1342,341,"Gran Canaria","Gran Canaria","GCA",1347,631,"DKV Joventut","DKV Joventut","DKV",1,77,12000,8,18,44.44,20,41,48.78,13,17,76.47,26,8,34,9,12,12,0,2,3,2,22,20,82,0,0,0,1,0,77,66,0,NA,0,0,0,0,0,0,0
1450608,1,"Liga Nacional","Liga Endesa",-402534000,NA,"https://www.acb.com/Documentos/Cabeceras/logo-competicion-1b.png","https://www.acb.com/Documentos/Cabeceras/logo-competicion-4a.png",70,2005,107,NA,NA,1946,12258,NA,NA,TRUE,1341,1341,1359,"Leche Río Breogán","Leche Río Bre.","BRE",1353,1133,"Caja San Fernando","C. San Fernando","CSF",1,77,12000,7,17,41.18,22,46,47.83,12,16,75,16,14,30,13,5,6,0,5,4,0,25,19,76,0,0,0,1,0,77,70,0,NA,0,0,0,0,0,0,0
1450609,1,"Liga Nacional","Liga Endesa",-402534000,NA,"https://www.acb.com/Documentos/Cabeceras/logo-competicion-1b.png","https://www.acb.com/Documentos/Cabeceras/logo-competicion-4a.png",70,2005,107,NA,NA,1946,12258,NA,NA,FALSE,1353,1341,1359,"Leche Río Breogán","Leche Río Bre.","BRE",1353,1133,"Caja San Fernando","C. San Fernando","CSF",1,70,12000,6,22,27,18,34,52,16,20,80,21,14,35,12,3,11,0,4,5,1,19,25,78,0,0,10,0,0,70,77,0,0,0,0,0,0,0,0,0
1450762,1,"Liga Nacional","Liga Endesa",-402534000,NA,"https://www.acb.com/Documentos/Cabeceras/logo-competicion-1b.png","https://www.acb.com/Documentos/Cabeceras/logo-competicion-4a.png",70,2005,107,NA,NA,1946,12264,NA,NA,TRUE,1354,1354,1854,"Fórum Valladolid","Fórum Vall.","FOR",1349,870,"Ricoh Manresa","Ricoh Manresa","MAN",1,85,12000,12,28,42.86,19,47,40.43,11,14,78.57,23,13,36,11,7,4,0,3,4,0,24,20,83,0,0,1,0,0,85,89,0,NA,0,0,0,0,0,0,0
1450763,1,"Liga Nacional","Liga Endesa",-402534000,NA,"https://www.acb.com/Documentos/Cabeceras/logo-competicion-1b.png","https://www.acb.com/Documentos/Cabeceras/logo-competicion-4a.png",70,2005,107,NA,NA,1946,12264,NA,NA,FALSE,1349,1354,1854,"Fórum Valladolid","Fórum Vall.","FOR",1349,870,"Ricoh Manresa","Ricoh Manresa","MAN",1,89,12000,7,22,31.82,24,42,57.14,20,26,76.92,29,10,39,14,4,9,0,4,3,1,20,24,103,0,0,0,1,0,89,85,0,NA,0,0,0,0,0,0,0
1450583,1,"Liga Nacional","Liga Endesa",-402534000,NA,"https://www.acb.com/Documentos/Cabeceras/logo-competicion-1b.png","https://www.acb.com/Documentos/Cabeceras/logo-competicion-4a.png",70,2005,107,NA,NA,1946,12257,NA,NA,FALSE,1352,1340,284,"Lagun Aro Bilbao Basket","Lagun Aro BB","LBB",1352,1061,"Unicaja","Unicaja","UNI",1,61,12000,3,15,20,20,39,51.28,12,17,70.59,21,11,32,8,8,12,0,3,4,1,22,22,60,0,0,1,0,0,61,73,0,NA,0,0,0,0,0,0,0
1450582,1,"Liga Nacional","Liga Endesa",-402534000,NA,"https://www.acb.com/Documentos/Cabeceras/logo-competicion-1b.png","https://www.acb.com/Documentos/Cabeceras/logo-competicion-4a.png",70,2005,107,NA,NA,1946,12257,NA,NA,TRUE,1340,1340,284,"Lagun Aro Bilbao Basket","Lagun Aro BB","LBB",1352,1061,"Unicaja","Unicaja","UNI",1,73,12000,5,16,31.25,22,41,53.66,14,18,77.78,24,11,35,8,9,10,0,4,3,0,22,22,82,0,0,0,1,0,73,61,0,NA,0,0,0,0,0,0,0
1450738,1,"Liga Nacional","Liga Endesa",-402534000,NA,"https://www.acb.com/Documentos/Cabeceras/logo-competicion-1b.png","https://www.acb.com/Documentos/Cabeceras/logo-competicion-4a.png",70,2005,107,NA,NA,1946,12263,NA,NA,FALSE,1348,1339,223,"TAU Cerámica","TAU Cerámica","TAU",1348,768,"Real Madrid","Real Madrid","RMB",1,57,12000,0,14,0,25,52,48.08,7,14,50,24,15,39,13,5,15,0,2,2,3,25,21,47,0,0,1,0,0,57,80,0,NA,0,0,0,0,0,0,0
1450737,1,"Liga Nacional","Liga Endesa",-402534000,NA,"https://www.acb.com/Documentos/Cabeceras/logo-competicion-1b.png","https://www.acb.com/Documentos/Cabeceras/logo-competicion-4a.png",70,2005,107,NA,NA,1946,12263,NA,NA,TRUE,1339,1339,223,"TAU Cerámica","TAU Cerámica","TAU",1348,768,"Real Madrid","Real Madrid","RMB",1,80,12000,7,17,41.18,19,36,52.78,21,29,72.41,29,6,35,11,9,10,0,2,2,2,21,25,94,0,0,0,1,0,80,57,0,NA,0,0,0,0,0,0,0
1450944,1,"Liga Nacional","Liga Endesa",-402534000,NA,"https://www.acb.com/Documentos/Cabeceras/logo-competicion-1b.png","https://www.acb.com/Documentos/Cabeceras/logo-competicion-4a.png",70,2005,107,NA,NA,1947,12271,NA,NA,TRUE,1349,1349,870,"Ricoh Manresa","Ricoh Manresa","MAN",1343,469,"Adecco Estudiantes","Adecco Estu","EST",1,106,12000,13,24,54.17,22,41,53.66,23,29,79.31,25,11,36,20,7,10,0,1,3,3,16,27,132,0,0,0,1,0,106,82,0,NA,0,0,0,0,0,0,0
1450945,1,"Liga Nacional","Liga Endesa",-402534000,NA,"https://www.acb.com/Documentos/Cabeceras/logo-competicion-1b.png","https://www.acb.com/Documentos/Cabeceras/logo-competicion-4a.png",70,2005,107,NA,NA,1947,12271,NA,NA,FALSE,1343,1349,870,"Ricoh Manresa","Ricoh Manresa","MAN",1343,469,"Adecco Estudiantes","Adecco Estu","EST",1,82,12000,9,21,42.86,23,38,60.53,9,19,47.37,21,6,27,18,5,13,0,3,1,0,27,16,73,0,0,1,0,0,82,106,0,NA,0,0,0,0,0,0,0
1450970,1,"Liga Nacional","Liga Endesa",-402534000,NA,"https://www.acb.com/Documentos/Cabeceras/logo-competicion-1b.png","https://www.acb.com/Documentos/Cabeceras/logo-competicion-4a.png",70,2005,107,NA,NA,1947,12272,NA,NA,FALSE,1345,1346,8,"CB Granada","CB Granada","GRA",1345,1471,"Akasvayu Girona","Akasvayu Gir.","GIR",1,97,12000,12,23,52.17,25,40,62.5,11,11,100,25,7,32,26,9,11,0,5,2,3,21,17,126,0,0,0,1,0,97,63,0,NA,0,0,0,0,0,0,0
1450969,1,"Liga Nacional","Liga Endesa",-402534000,NA,"https://www.acb.com/Documentos/Cabeceras/logo-competicion-1b.png","https://www.acb.com/Documentos/Cabeceras/logo-competicion-4a.png",70,2005,107,NA,NA,1947,12272,NA,NA,TRUE,1346,1346,8,"CB Granada","CB Granada","GRA",1345,1471,"Akasvayu Girona","Akasvayu Gir.","GIR",1,63,12000,3,19,15.79,19,45,42.22,16,20,80,17,17,34,10,9,15,0,2,5,2,17,21,56,0,0,1,0,0,63,97,0,NA,0,0,0,0,0,0,0
1450788,1,"Liga Nacional","Liga Endesa",-402534000,NA,"https://www.acb.com/Documentos/Cabeceras/logo-competicion-1b.png","https://www.acb.com/Documentos/Cabeceras/logo-competicion-4a.png",70,2005,107,NA,NA,1947,12265,NA,NA,TRUE,1338,1338,109,"Winterthur FC Barcelona","Winterthur FCB","FCB",1351,969,"Pamesa Valencia","Pamesa Valencia","PAM",1,86,12000,10,24,41.67,22,40,55,12,16,75,19,8,27,17,7,8,0,2,0,1,23,19,91,0,0,0,1,0,86,76,0,NA,0,0,0,0,0,0,0
1450789,1,"Liga Nacional","Liga Endesa",-402534000,NA,"https://www.acb.com/Documentos/Cabeceras/logo-competicion-1b.png","https://www.acb.com/Documentos/Cabeceras/logo-competicion-4a.png",70,2005,107,NA,NA,1947,12265,NA,NA,FALSE,1351,1338,109,"Winterthur FC Barcelona","Winterthur FCB","FCB",1351,969,"Pamesa Valencia","Pamesa Valencia","PAM",1,76,12000,6,15,40,23,42,54.76,12,17,70.59,24,9,33,7,4,14,0,0,2,0,19,23,75,0,0,1,0,0,76,86,0,NA,0,0,0,0,0,0,0
1450867,1,"Liga Nacional","Liga Endesa",-402534000,NA,"https://www.acb.com/Documentos/Cabeceras/logo-competicion-1b.png","https://www.acb.com/Documentos/Cabeceras/logo-competicion-4a.png",70,2005,107,NA,NA,1947,12268,NA,NA,FALSE,1337,1350,890,"Llanera Menorca","Llanera Menorca","MEN",1337,1285,"Etosa Alicante","Etosa Alicante","ALI",1,63,12000,9,28,32.14,10,29,34.48,16,23,69.57,20,16,36,6,13,17,0,4,1,0,22,22,59,0,0,1,0,0,63,69,0,NA,0,0,0,0,0,0,0
1450866,1,"Liga Nacional","Liga Endesa",-402534000,NA,"https://www.acb.com/Documentos/Cabeceras/logo-competicion-1b.png","https://www.acb.com/Documentos/Cabeceras/logo-competicion-4a.png",70,2005,107,NA,NA,1947,12268,NA,NA,TRUE,1350,1350,890,"Llanera Menorca","Llanera Menorca","MEN",1337,1285,"Etosa Alicante","Etosa Alicante","ALI",1,69,12000,5,18,27.78,17,29,58.62,20,27,74.07,24,5,29,8,12,18,0,1,4,1,22,22,65,0,0,0,1,0,69,63,0,NA,0,0,0,0,0,0,0
1450892,1,"Liga Nacional","Liga Endesa",-402534000,NA,"https://www.acb.com/Documentos/Cabeceras/logo-competicion-1b.png","https://www.acb.com/Documentos/Cabeceras/logo-competicion-4a.png",70,2005,107,NA,NA,1947,12269,NA,NA,TRUE,1348,1348,768,"Real Madrid","Real Madrid","RMB",1340,284,"Lagun Aro Bilbao Basket","Lagun Aro BB","LBB",1,89,12000,10,21,47.62,25,40,62.5,9,13,69.23,19,11,30,14,13,9,0,5,2,2,26,15,99,0,0,0,1,0,89,48,0,NA,0,0,0,0,0,0,0
1450893,1,"Liga Nacional","Liga Endesa",-402534000,NA,"https://www.acb.com/Documentos/Cabeceras/logo-competicion-1b.png","https://www.acb.com/Documentos/Cabeceras/logo-competicion-4a.png",70,2005,107,NA,NA,1947,12269,NA,NA,FALSE,1340,1348,768,"Real Madrid","Real Madrid","RMB",1340,284,"Lagun Aro Bilbao Basket","Lagun Aro BB","LBB",1,48,12000,1,12,8.33,12,26,46.15,21,25,84,15,5,20,3,5,20,0,2,5,0,15,26,35,0,0,1,0,0,48,89,0,NA,0,0,0,0,0,0,0
1450840,1,"Liga Nacional","Liga Endesa",-402534000,NA,"https://www.acb.com/Documentos/Cabeceras/logo-competicion-1b.png","https://www.acb.com/Documentos/Cabeceras/logo-competicion-4a.png",70,2005,107,NA,NA,1947,12267,NA,NA,TRUE,1347,1347,631,"DKV Joventut","DKV Joventut","DKV",1354,1854,"Fórum Valladolid","Fórum Vall.","FOR",1,90,12000,13,26,50,16,30,53.33,19,25,76,23,8,31,21,14,21,0,8,4,4,28,27,105,0,0,0,1,0,90,76,0,NA,0,0,0,0,0,0,0
1450841,1,"Liga Nacional","Liga Endesa",-402534000,NA,"https://www.acb.com/Documentos/Cabeceras/logo-competicion-1b.png","https://www.acb.com/Documentos/Cabeceras/logo-competicion-4a.png",70,2005,107,NA,NA,1947,12267,NA,NA,FALSE,1354,1347,631,"DKV Joventut","DKV Joventut","DKV",1354,1854,"Fórum Valladolid","Fórum Vall.","FOR",1,76,12000,4,16,25,20,44,45.45,24,33,72.73,21,14,35,8,12,22,0,4,8,1,27,28,61,0,0,1,0,0,76,90,0,NA,0,0,0,0,0,0,0
1450918,1,"Liga Nacional","Liga Endesa",-402534000,NA,"https://www.acb.com/Documentos/Cabeceras/logo-competicion-1b.png","https://www.acb.com/Documentos/Cabeceras/logo-competicion-4a.png",70,2005,107,NA,NA,1947,12270,NA,NA,TRUE,1339,1339,223,"TAU Cerámica","TAU Cerámica","TAU",1341,1359,"Leche Río Breogán","Leche Río Bre.","BRE",1,92,12000,6,18,33.33,27,44,61.36,20,34,58.82,19,11,30,14,9,8,0,3,1,5,22,30,104,0,0,0,1,0,92,79,0,NA,0,0,0,0,0,0,0
1450919,1,"Liga Nacional","Liga Endesa",-402534000,NA,"https://www.acb.com/Documentos/Cabeceras/logo-competicion-1b.png","https://www.acb.com/Documentos/Cabeceras/logo-competicion-4a.png",70,2005,107,NA,NA,1947,12270,NA,NA,FALSE,1341,1339,223,"TAU Cerámica","TAU Cerámica","TAU",1341,1359,"Leche Río Breogán","Leche Río Bre.","BRE",1,79,12000,6,16,37.5,20,39,51.28,21,27,77.78,21,10,31,9,5,14,0,1,3,0,30,22,65,0,0,1,0,0,79,92,0,NA,0,0,0,0,0,0,0
1450813,1,"Liga Nacional","Liga Endesa",-402534000,NA,"https://www.acb.com/Documentos/Cabeceras/logo-competicion-1b.png","https://www.acb.com/Documentos/Cabeceras/logo-competicion-4a.png",70,2005,107,NA,NA,1947,12266,NA,NA,TRUE,1342,1342,341,"Gran Canaria","Gran Canaria","GCA",1344,1202,"Alta Gestión Fuenlabrada","Alta Gestión F.","AGF",1,56,12000,4,25,16,16,33,48.48,12,17,70.59,24,11,35,10,8,13,0,3,1,1,22,20,53,0,0,1,0,0,56,60,0,NA,0,0,0,0,0,0,0
1450814,1,"Liga Nacional","Liga Endesa",-402534000,NA,"https://www.acb.com/Documentos/Cabeceras/logo-competicion-1b.png","https://www.acb.com/Documentos/Cabeceras/logo-competicion-4a.png",70,2005,107,NA,NA,1947,12266,NA,NA,FALSE,1344,1342,341,"Gran Canaria","Gran Canaria","GCA",1344,1202,"Alta Gestión Fuenlabrada","Alta Gestión F.","AGF",1,60,12000,5,15,33.33,16,39,41.03,13,21,61.9,27,13,40,12,8,16,0,1,3,0,20,22,63,0,0,0,1,0,60,56,0,NA,0,0,0,0,0,0,0
1450995,1,"Liga Nacional","Liga Endesa",-402534000,NA,"https://www.acb.com/Documentos/Cabeceras/logo-competicion-1b.png","https://www.acb.com/Documentos/Cabeceras/logo-competicion-4a.png",70,2005,107,NA,NA,1947,12273,NA,NA,TRUE,1353,1353,1133,"Caja San Fernando","C. San Fernando","CSF",1352,1061,"Unicaja","Unicaja","UNI",1,61,12000,6,19,31,19,53,35,5,6,83,21,17,38,7,9,16,0,0,6,1,18,16,43,0,0,11,0,0,61,76,0,0,0,0,0,0,0,0,0
1450996,1,"Liga Nacional","Liga Endesa",-402534000,NA,"https://www.acb.com/Documentos/Cabeceras/logo-competicion-1b.png","https://www.acb.com/Documentos/Cabeceras/logo-competicion-4a.png",70,2005,107,NA,NA,1947,12273,NA,NA,FALSE,1352,1353,1133,"Caja San Fernando","C. San Fernando","CSF",1352,1061,"Unicaja","Unicaja","UNI",1,76,12000,6,25,24,23,35,65.71,12,15,80,27,11,38,10,11,14,0,6,0,1,16,18,95,0,0,0,1,0,76,61,0,NA,0,0,0,0,0,0,0
1451153,1,"Liga Nacional","Liga Endesa",-402534000,NA,"https://www.acb.com/Documentos/Cabeceras/logo-competicion-1b.png","https://www.acb.com/Documentos/Cabeceras/logo-competicion-4a.png",70,2005,107,NA,NA,1948,12279,NA,NA,TRUE,1352,1352,1061,"Unicaja","Unicaja","UNI",1339,223,"TAU Cerámica","TAU Cerámica","TAU",1,87,12000,12,28,42.86,18,29,62.07,15,21,71.43,28,4,32,13,6,15,0,4,1,2,20,21,94,0,0,0,1,0,87,76,0,NA,0,0,0,0,0,0,0
1451154,1,"Liga Nacional","Liga Endesa",-402534000,NA,"https://www.acb.com/Documentos/Cabeceras/logo-competicion-1b.png","https://www.acb.com/Documentos/Cabeceras/logo-competicion-4a.png",70,2005,107,NA,NA,1948,12279,NA,NA,FALSE,1339,1352,1061,"Unicaja","Unicaja","UNI",1339,223,"TAU Cerámica","TAU Cerámica","TAU",1,76,12000,4,16,25,26,50,52,12,18,66.67,26,9,35,14,8,14,0,1,4,0,21,20,73,0,0,1,0,0,76,87,0,NA,0,0,0,0,0,0,0
1451023,1,"Liga Nacional","Liga Endesa",-402534000,NA,"https://www.acb.com/Documentos/Cabeceras/logo-competicion-1b.png","https://www.acb.com/Documentos/Cabeceras/logo-competicion-4a.png",70,2005,107,NA,NA,1948,12274,NA,NA,FALSE,1348,1337,1285,"Etosa Alicante","Etosa Alicante","ALI",1348,768,"Real Madrid","Real Madrid","RMB",1,73,12000,7,17,41.18,18,34,52.94,16,22,72.73,21,6,27,10,13,19,0,2,3,2,30,22,63,0,0,1,0,0,73,77,0,NA,0,0,0,0,0,0,0
1451022,1,"Liga Nacional","Liga Endesa",-402534000,NA,"https://www.acb.com/Documentos/Cabeceras/logo-competicion-1b.png","https://www.acb.com/Documentos/Cabeceras/logo-competicion-4a.png",70,2005,107,NA,NA,1948,12274,NA,NA,TRUE,1337,1337,1285,"Etosa Alicante","Etosa Alicante","ALI",1348,768,"Real Madrid","Real Madrid","RMB",1,77,12000,7,21,33.33,14,32,43.75,28,38,73.68,23,12,35,11,11,15,0,3,2,4,22,30,86,0,0,0,1,0,77,73,0,NA,0,0,0,0,0,0,0
1451127,1,"Liga Nacional","Liga Endesa",-402534000,NA,"https://www.acb.com/Documentos/Cabeceras/logo-competicion-1b.png","https://www.acb.com/Documentos/Cabeceras/logo-competicion-4a.png",70,2005,107,NA,NA,1948,12278,NA,NA,TRUE,1345,1345,1471,"Akasvayu Girona","Akasvayu Gir.","GIR",1349,870,"Ricoh Manresa","Ricoh Manresa","MAN",1,81,12000,7,17,41.18,25,43,58.14,10,15,66.67,22,11,33,15,13,11,0,6,2,0,24,18,96,0,0,0,1,0,81,77,0,NA,0,0,0,0,0,0,0
1451128,1,"Liga Nacional","Liga Endesa",-402534000,NA,"https://www.acb.com/Documentos/Cabeceras/logo-competicion-1b.png","https://www.acb.com/Documentos/Cabeceras/logo-competicion-4a.png",70,2005,107,NA,NA,1948,12278,NA,NA,FALSE,1349,1345,1471,"Akasvayu Girona","Akasvayu Gir.","GIR",1349,870,"Ricoh Manresa","Ricoh Manresa","MAN",1,77,12000,5,20,25,21,40,52.5,20,26,76.92,19,16,35,8,2,13,0,2,6,1,18,24,71,0,0,1,0,0,77,81,0,NA,0,0,0,0,0,0,0
1451048,1,"Liga Nacional","Liga Endesa",-402534000,NA,"https://www.acb.com/Documentos/Cabeceras/logo-competicion-1b.png","https://www.acb.com/Documentos/Cabeceras/logo-competicion-4a.png",70,2005,107,NA,NA,1948,12275,NA,NA,TRUE,1340,1340,284,"Lagun Aro Bilbao Basket","Lagun Aro BB","LBB",1350,890,"Llanera Menorca","Llanera Menorca","MEN",1,86,12000,8,20,40,26,44,59.09,10,13,76.92,26,14,40,10,5,15,0,4,0,1,17,22,102,0,0,0,1,0,86,61,0,NA,0,0,0,0,0,0,0
1451049,1,"Liga Nacional","Liga Endesa",-402534000,NA,"https://www.acb.com/Documentos/Cabeceras/logo-competicion-1b.png","https://www.acb.com/Documentos/Cabeceras/logo-competicion-4a.png",70,2005,107,NA,NA,1948,12275,NA,NA,FALSE,1350,1340,284,"Lagun Aro Bilbao Basket","Lagun Aro BB","LBB",1350,890,"Llanera Menorca","Llanera Menorca","MEN",1,61,12000,4,14,28.57,20,40,50,9,11,81.82,16,4,20,9,10,14,0,0,4,0,22,17,45,0,0,1,0,0,61,86,0,NA,0,0,0,0,0,0,0
1451178,1,"Liga Nacional","Liga Endesa",-402534000,NA,"https://www.acb.com/Documentos/Cabeceras/logo-competicion-1b.png","https://www.acb.com/Documentos/Cabeceras/logo-competicion-4a.png",70,2005,107,NA,NA,1948,12280,NA,NA,TRUE,1341,1341,1359,"Leche Río Breogán","Leche Río Bre.","BRE",1338,109,"Winterthur FC Barcelona","Winterthur FCB","FCB",1,95,13500,9,19,47.37,23,51,45.1,22,27,81.48,20,17,37,12,7,14,0,0,3,1,33,27,85,0,0,1,0,0,95,96,0,NA,0,0,0,0,0,0,0
1451179,1,"Liga Nacional","Liga Endesa",-402534000,NA,"https://www.acb.com/Documentos/Cabeceras/logo-competicion-1b.png","https://www.acb.com/Documentos/Cabeceras/logo-competicion-4a.png",70,2005,107,NA,NA,1948,12280,NA,NA,FALSE,1338,1341,1359,"Leche Río Breogán","Leche Río Bre.","BRE",1338,109,"Winterthur FC Barcelona","Winterthur FCB","FCB",1,96,13500,8,20,40,20,33,60.61,32,37,86.49,22,6,28,14,6,14,0,3,0,2,27,33,109,0,0,0,1,0,96,95,0,NA,0,0,0,0,0,0,0
1451205,1,"Liga Nacional","Liga Endesa",-402534000,NA,"https://www.acb.com/Documentos/Cabeceras/logo-competicion-1b.png","https://www.acb.com/Documentos/Cabeceras/logo-competicion-4a.png",70,2005,107,NA,NA,1948,12281,NA,NA,FALSE,1342,1351,969,"Pamesa Valencia","Pamesa Valencia","PAM",1342,341,"Gran Canaria","Gran Canaria","GCA",1,86,12000,9,22,40.91,19,36,52.78,21,26,80.77,31,9,40,21,4,14,0,9,4,0,20,22,109,0,0,0,1,0,86,73,0,NA,0,0,0,0,0,0,0
1451204,1,"Liga Nacional","Liga Endesa",-402534000,NA,"https://www.acb.com/Documentos/Cabeceras/logo-competicion-1b.png","https://www.acb.com/Documentos/Cabeceras/logo-competicion-4a.png",70,2005,107,NA,NA,1948,12281,NA,NA,TRUE,1351,1351,969,"Pamesa Valencia","Pamesa Valencia","PAM",1342,341,"Gran Canaria","Gran Canaria","GCA",1,73,12000,6,21,28.57,23,54,42.59,9,13,69.23,26,12,38,16,10,7,0,4,9,0,22,20,73,0,0,1,0,0,73,86,0,NA,0,0,0,0,0,0,0
1451077,1,"Liga Nacional","Liga Endesa",-402534000,NA,"https://www.acb.com/Documentos/Cabeceras/logo-competicion-1b.png","https://www.acb.com/Documentos/Cabeceras/logo-competicion-4a.png",70,2005,107,NA,NA,1948,12276,NA,NA,TRUE,1343,1343,469,"Adecco Estudiantes","Adecco Estu","EST",1347,631,"DKV Joventut","DKV Joventut","DKV",1,93,12000,9,27,33,23,42,54,20,21,95,22,12,34,20,11,15,0,3,2,1,21,26,111,0,0,0,11,0,93,82,0,0,0,0,0,0,0,0,0
1451078,1,"Liga Nacional","Liga Endesa",-402534000,NA,"https://www.acb.com/Documentos/Cabeceras/logo-competicion-1b.png","https://www.acb.com/Documentos/Cabeceras/logo-competicion-4a.png",70,2005,107,NA,NA,1948,12276,NA,NA,FALSE,1347,1343,469,"Adecco Estudiantes","Adecco Estu","EST",1347,631,"DKV Joventut","DKV Joventut","DKV",1,82,12000,10,29,34.48,19,36,52.78,14,18,77.78,22,17,39,12,11,23,0,2,3,2,26,21,75,0,0,1,0,0,82,93,0,NA,0,0,0,0,0,0,0
1451102,1,"Liga Nacional","Liga Endesa",-402534000,NA,"https://www.acb.com/Documentos/Cabeceras/logo-competicion-1b.png","https://www.acb.com/Documentos/Cabeceras/logo-competicion-4a.png",70,2005,107,NA,NA,1948,12277,NA,NA,TRUE,1344,1344,1202,"Alta Gestión Fuenlabrada","Alta Gestión F.","AGF",1353,1133,"Caja San Fernando","C. San Fernando","CSF",1,81,12000,8,24,33.33,21,48,43.75,15,22,68.18,21,17,38,10,5,11,0,1,3,2,25,24,70,0,0,1,0,0,81,97,0,NA,0,0,0,0,0,0,0
1451103,1,"Liga Nacional","Liga Endesa",-402534000,NA,"https://www.acb.com/Documentos/Cabeceras/logo-competicion-1b.png","https://www.acb.com/Documentos/Cabeceras/logo-competicion-4a.png",70,2005,107,NA,NA,1948,12277,NA,NA,FALSE,1353,1344,1202,"Alta Gestión Fuenlabrada","Alta Gestión F.","AGF",1353,1133,"Caja San Fernando","C. San Fernando","CSF",1,97,12000,7,18,38,26,39,66,24,29,82,25,6,31,23,8,9,0,3,1,3,24,25,124,0,0,0,9,0,97,81,0,0,0,0,0,0,0,0,0
1451229,1,"Liga Nacional","Liga Endesa",-402534000,NA,"https://www.acb.com/Documentos/Cabeceras/logo-competicion-1b.png","https://www.acb.com/Documentos/Cabeceras/logo-competicion-4a.png",70,2005,107,NA,NA,1948,12282,NA,NA,FALSE,1346,1354,1854,"Fórum Valladolid","Fórum Vall.","FOR",1346,8,"CB Granada","CB Granada","GRA",1,74,12000,5,15,33.33,20,40,50,19,22,86.36,22,8,30,7,9,21,0,5,5,1,18,23,71,0,0,0,1,0,74,73,0,NA,0,0,0,0,0,0,0
1451228,1,"Liga Nacional","Liga Endesa",-402534000,NA,"https://www.acb.com/Documentos/Cabeceras/logo-competicion-1b.png","https://www.acb.com/Documentos/Cabeceras/logo-competicion-4a.png",70,2005,107,NA,NA,1948,12282,NA,NA,TRUE,1354,1354,1854,"Fórum Valladolid","Fórum Vall.","FOR",1346,8,"CB Granada","CB Granada","GRA",1,73,12000,5,20,25,22,43,51.16,14,17,82.35,21,9,30,14,11,16,0,5,5,3,23,18,68,0,0,1,0,0,73,74,0,NA,0,0,0,0,0,0,0
1451438,1,"Liga Nacional","Liga Endesa",-402534000,NA,"https://www.acb.com/Documentos/Cabeceras/logo-competicion-1b.png","https://www.acb.com/Documentos/Cabeceras/logo-competicion-4a.png",70,2005,107,NA,NA,1949,12290,NA,NA,TRUE,1348,1348,768,"Real Madrid","Real Madrid","RMB",1343,469,"Adecco Estudiantes","Adecco Estu","EST",1,79,12000,9,26,34.62,19,40,47.5,14,20,70,26,14,40,12,7,11,0,6,0,1,20,21,90,0,0,0,1,0,79,61,0,NA,0,0,0,0,0,0,0
1451439,1,"Liga Nacional","Liga Endesa",-402534000,NA,"https://www.acb.com/Documentos/Cabeceras/logo-competicion-1b.png","https://www.acb.com/Documentos/Cabeceras/logo-competicion-4a.png",70,2005,107,NA,NA,1949,12290,NA,NA,FALSE,1343,1348,768,"Real Madrid","Real Madrid","RMB",1343,469,"Adecco Estudiantes","Adecco Estu","EST",1,61,12000,4,15,26,18,41,43,13,21,61,21,10,31,11,8,17,0,0,6,2,21,20,45,0,0,11,0,0,61,79,0,0,0,0,0,0,0,0,0
1451465,1,"Liga Nacional","Liga Endesa",-402534000,NA,"https://www.acb.com/Documentos/Cabeceras/logo-competicion-1b.png","https://www.acb.com/Documentos/Cabeceras/logo-competicion-4a.png",70,2005,107,NA,NA,1949,12291,NA,NA,FALSE,1344,1347,631,"DKV Joventut","DKV Joventut","DKV",1344,1202,"Alta Gestión Fuenlabrada","Alta Gestión F.","AGF",1,86,12000,10,23,43.48,16,29,55.17,24,25,96,20,11,31,10,5,18,0,0,2,0,26,22,81,0,0,0,1,0,86,84,0,NA,0,0,0,0,0,0,0
1451464,1,"Liga Nacional","Liga Endesa",-402534000,NA,"https://www.acb.com/Documentos/Cabeceras/logo-competicion-1b.png","https://www.acb.com/Documentos/Cabeceras/logo-competicion-4a.png",70,2005,107,NA,NA,1949,12291,NA,NA,TRUE,1347,1347,631,"DKV Joventut","DKV Joventut","DKV",1344,1202,"Alta Gestión Fuenlabrada","Alta Gestión F.","AGF",1,84,12000,9,20,45,18,38,47.37,21,25,84,15,10,25,9,11,9,0,2,0,2,22,26,91,0,0,1,0,0,84,86,0,NA,0,0,0,0,0,0,0
1451409,1,"Liga Nacional","Liga Endesa",-402534000,NA,"https://www.acb.com/Documentos/Cabeceras/logo-competicion-1b.png","https://www.acb.com/Documentos/Cabeceras/logo-competicion-4a.png",70,2005,107,NA,NA,1949,12289,NA,NA,TRUE,1339,1339,223,"TAU Cerámica","TAU Cerámica","TAU",1342,341,"Gran Canaria","Gran Canaria","GCA",1,71,12000,5,11,45.45,19,41,46.34,18,24,75,30,10,40,13,4,16,0,1,5,1,20,24,78,0,0,1,0,0,71,78,0,NA,0,0,0,0,0,0,0
1451410,1,"Liga Nacional","Liga Endesa",-402534000,NA,"https://www.acb.com/Documentos/Cabeceras/logo-competicion-1b.png","https://www.acb.com/Documentos/Cabeceras/logo-competicion-4a.png",70,2005,107,NA,NA,1949,12289,NA,NA,FALSE,1342,1339,223,"TAU Cerámica","TAU Cerámica","TAU",1342,341,"Gran Canaria","Gran Canaria","GCA",1,78,12000,9,22,40.91,19,42,45.24,13,17,76.47,18,7,25,5,10,5,0,5,1,2,24,20,73,0,0,0,1,0,78,71,0,NA,0,0,0,0,0,0,0
1451253,1,"Liga Nacional","Liga Endesa",-402534000,NA,"https://www.acb.com/Documentos/Cabeceras/logo-competicion-1b.png","https://www.acb.com/Documentos/Cabeceras/logo-competicion-4a.png",70,2005,107,NA,NA,1949,12283,NA,NA,TRUE,1338,1338,109,"Winterthur FC Barcelona","Winterthur FCB","FCB",1340,284,"Lagun Aro Bilbao Basket","Lagun Aro BB","LBB",1,81,12000,10,25,40,21,37,56.76,9,12,75,20,16,36,16,14,15,0,1,0,1,18,18,99,0,0,0,1,0,81,57,0,NA,0,0,0,0,0,0,0
1451254,1,"Liga Nacional","Liga Endesa",-402534000,NA,"https://www.acb.com/Documentos/Cabeceras/logo-competicion-1b.png","https://www.acb.com/Documentos/Cabeceras/logo-competicion-4a.png",70,2005,107,NA,NA,1949,12283,NA,NA,FALSE,1340,1338,109,"Winterthur FC Barcelona","Winterthur FCB","FCB",1340,284,"Lagun Aro Bilbao Basket","Lagun Aro BB","LBB",1,57,12000,3,14,21.43,20,38,52.63,8,13,61.54,15,11,26,11,11,18,0,0,1,0,18,18,52,0,0,1,0,0,57,81,0,NA,0,0,0,0,0,0,0
1451332,1,"Liga Nacional","Liga Endesa",-402534000,NA,"https://www.acb.com/Documentos/Cabeceras/logo-competicion-1b.png","https://www.acb.com/Documentos/Cabeceras/logo-competicion-4a.png",70,2005,107,NA,NA,1949,12286,NA,NA,TRUE,1352,1352,1061,"Unicaja","Unicaja","UNI",1350,890,"Llanera Menorca","Llanera Menorca","MEN",1,83,12000,6,13,46.15,24,35,68.57,17,23,73.91,19,2,21,16,10,15,0,6,0,4,23,21,95,0,0,0,1,0,83,74,0,NA,0,0,0,0,0,0,0
1451333,1,"Liga Nacional","Liga Endesa",-402534000,NA,"https://www.acb.com/Documentos/Cabeceras/logo-competicion-1b.png","https://www.acb.com/Documentos/Cabeceras/logo-competicion-4a.png",70,2005,107,NA,NA,1949,12286,NA,NA,FALSE,1350,1352,1061,"Unicaja","Unicaja","UNI",1350,890,"Llanera Menorca","Llanera Menorca","MEN",1,74,12000,5,19,26.32,23,46,50,13,20,65,19,14,33,9,8,20,0,0,6,3,21,23,56,0,0,1,0,0,74,83,0,NA,0,0,0,0,0,0,0
1451384,1,"Liga Nacional","Liga Endesa",-402534000,NA,"https://www.acb.com/Documentos/Cabeceras/logo-competicion-1b.png","https://www.acb.com/Documentos/Cabeceras/logo-competicion-4a.png",70,2005,107,NA,NA,1949,12288,NA,NA,TRUE,1351,1351,969,"Pamesa Valencia","Pamesa Valencia","PAM",1337,1285,"Etosa Alicante","Etosa Alicante","ALI",1,71,12000,7,22,31.82,18,37,48.65,14,34,41.18,23,16,39,10,9,9,0,0,3,0,26,30,67,0,0,0,1,0,71,70,0,NA,0,0,0,0,0,0,0
1451385,1,"Liga Nacional","Liga Endesa",-402534000,NA,"https://www.acb.com/Documentos/Cabeceras/logo-competicion-1b.png","https://www.acb.com/Documentos/Cabeceras/logo-competicion-4a.png",70,2005,107,NA,NA,1949,12288,NA,NA,FALSE,1337,1351,969,"Pamesa Valencia","Pamesa Valencia","PAM",1337,1285,"Etosa Alicante","Etosa Alicante","ALI",1,70,12000,5,20,25,17,32,53.12,21,28,75,26,7,33,16,4,12,0,3,0,1,30,26,73,0,0,1,0,0,70,71,0,NA,0,0,0,0,0,0,0
1451281,1,"Liga Nacional","Liga Endesa",-402534000,NA,"https://www.acb.com/Documentos/Cabeceras/logo-competicion-1b.png","https://www.acb.com/Documentos/Cabeceras/logo-competicion-4a.png",70,2005,107,NA,NA,1949,12284,NA,NA,FALSE,1345,1341,1359,"Leche Río Breogán","Leche Río Bre.","BRE",1345,1471,"Akasvayu Girona","Akasvayu Gir.","GIR",1,92,12000,10,19,52.63,22,37,59.46,18,27,66.67,19,8,27,19,10,16,0,9,2,4,22,26,110,0,0,0,1,0,92,84,0,NA,0,0,0,0,0,0,0
1451280,1,"Liga Nacional","Liga Endesa",-402534000,NA,"https://www.acb.com/Documentos/Cabeceras/logo-competicion-1b.png","https://www.acb.com/Documentos/Cabeceras/logo-competicion-4a.png",70,2005,107,NA,NA,1949,12284,NA,NA,TRUE,1341,1341,1359,"Leche Río Breogán","Leche Río Bre.","BRE",1345,1471,"Akasvayu Girona","Akasvayu Gir.","GIR",1,84,12000,9,16,56.25,19,42,45.24,19,26,73.08,18,9,27,11,13,16,0,2,9,0,26,22,71,0,0,1,0,0,84,92,0,NA,0,0,0,0,0,0,0
1451359,1,"Liga Nacional","Liga Endesa",-402534000,NA,"https://www.acb.com/Documentos/Cabeceras/logo-competicion-1b.png","https://www.acb.com/Documentos/Cabeceras/logo-competicion-4a.png",70,2005,107,NA,NA,1949,12287,NA,NA,FALSE,1354,1353,1133,"Caja San Fernando","C. San Fernando","CSF",1354,1854,"Fórum Valladolid","Fórum Vall.","FOR",1,91,12000,8,23,34.78,24,37,64.86,19,21,90.48,20,8,28,12,9,8,0,1,3,3,20,22,102,0,0,0,1,0,91,82,0,NA,0,0,0,0,0,0,0
1451358,1,"Liga Nacional","Liga Endesa",-402534000,NA,"https://www.acb.com/Documentos/Cabeceras/logo-competicion-1b.png","https://www.acb.com/Documentos/Cabeceras/logo-competicion-4a.png",70,2005,107,NA,NA,1949,12287,NA,NA,TRUE,1353,1353,1133,"Caja San Fernando","C. San Fernando","CSF",1354,1854,"Fórum Valladolid","Fórum Vall.","FOR",1,82,12000,13,28,46,16,34,47,11,16,68,19,11,30,19,5,13,0,3,1,2,22,20,85,0,0,11,0,0,82,91,0,0,0,0,0,0,0,0,0
1451306,1,"Liga Nacional","Liga Endesa",-402534000,NA,"https://www.acb.com/Documentos/Cabeceras/logo-competicion-1b.png","https://www.acb.com/Documentos/Cabeceras/logo-competicion-4a.png",70,2005,107,NA,NA,1949,12285,NA,NA,TRUE,1346,1346,8,"CB Granada","CB Granada","GRA",1349,870,"Ricoh Manresa","Ricoh Manresa","MAN",1,69,12000,8,18,44.44,19,41,46.34,7,13,53.85,29,8,37,11,6,14,0,4,4,1,24,18,65,0,0,0,1,0,69,61,0,NA,0,0,0,0,0,0,0
1451307,1,"Liga Nacional","Liga Endesa",-402534000,NA,"https://www.acb.com/Documentos/Cabeceras/logo-competicion-1b.png","https://www.acb.com/Documentos/Cabeceras/logo-competicion-4a.png",70,2005,107,NA,NA,1949,12285,NA,NA,FALSE,1349,1346,8,"CB Granada","CB Granada","GRA",1349,870,"Ricoh Manresa","Ricoh Manresa","MAN",1,61,12000,5,22,22.73,16,43,37.21,14,23,60.87,26,15,41,9,8,12,0,4,4,0,18,24,60,0,0,1,0,0,61,69,0,NA,0,0,0,0,0,0,0
1451597,1,"Liga Nacional","Liga Endesa",-402534000,NA,"https://www.acb.com/Documentos/Cabeceras/logo-competicion-1b.png","https://www.acb.com/Documentos/Cabeceras/logo-competicion-4a.png",70,2005,107,NA,NA,1950,12296,NA,NA,TRUE,1349,1349,870,"Ricoh Manresa","Ricoh Manresa","MAN",1353,1133,"Caja San Fernando","C. San Fernando","CSF",1,71,12000,7,25,28,17,51,33.33,16,21,76.19,22,19,41,13,7,5,0,3,6,2,21,23,69,0,0,1,0,0,71,77,0,NA,0,0,0,0,0,0,0
1451598,1,"Liga Nacional","Liga Endesa",-402534000,NA,"https://www.acb.com/Documentos/Cabeceras/logo-competicion-1b.png","https://www.acb.com/Documentos/Cabeceras/logo-competicion-4a.png",70,2005,107,NA,NA,1950,12296,NA,NA,FALSE,1353,1349,870,"Ricoh Manresa","Ricoh Manresa","MAN",1353,1133,"Caja San Fernando","C. San Fernando","CSF",1,77,12000,9,19,47,17,34,50,16,20,80,32,6,38,21,3,12,0,6,3,1,23,21,97,0,0,0,11,0,77,71,0,0,0,0,0,0,0,0,0
1451623,1,"Liga Nacional","Liga Endesa",-402534000,NA,"https://www.acb.com/Documentos/Cabeceras/logo-competicion-1b.png","https://www.acb.com/Documentos/Cabeceras/logo-competicion-4a.png",70,2005,107,NA,NA,1950,12297,NA,NA,FALSE,1338,1350,890,"Llanera Menorca","Llanera Menorca","MEN",1338,109,"Winterthur FC Barcelona","Winterthur FCB","FCB",1,70,12000,6,21,28.57,20,37,54.05,12,19,63.16,20,9,29,11,5,11,0,4,1,1,21,20,67,0,0,1,0,0,70,82,0,NA,0,0,0,0,0,0,0
1451622,1,"Liga Nacional","Liga Endesa",-402534000,NA,"https://www.acb.com/Documentos/Cabeceras/logo-competicion-1b.png","https://www.acb.com/Documentos/Cabeceras/logo-competicion-4a.png",70,2005,107,NA,NA,1950,12297,NA,NA,TRUE,1350,1350,890,"Llanera Menorca","Llanera Menorca","MEN",1338,109,"Winterthur FC Barcelona","Winterthur FCB","FCB",1,82,12000,7,14,50,21,41,51.22,19,21,90.48,25,3,28,13,8,10,0,1,4,2,20,21,90,0,0,0,1,0,82,70,0,NA,0,0,0,0,0,0,0
1451648,1,"Liga Nacional","Liga Endesa",-402534000,NA,"https://www.acb.com/Documentos/Cabeceras/logo-competicion-1b.png","https://www.acb.com/Documentos/Cabeceras/logo-competicion-4a.png",70,2005,107,NA,NA,1950,12298,NA,NA,TRUE,1345,1345,1471,"Akasvayu Girona","Akasvayu Gir.","GIR",1340,284,"Lagun Aro Bilbao Basket","Lagun Aro BB","LBB",1,85,12000,4,13,30.77,27,47,57.45,19,25,76,29,12,41,15,5,18,0,3,1,3,25,25,95,0,0,0,1,0,85,74,0,NA,0,0,0,0,0,0,0
1451649,1,"Liga Nacional","Liga Endesa",-402534000,NA,"https://www.acb.com/Documentos/Cabeceras/logo-competicion-1b.png","https://www.acb.com/Documentos/Cabeceras/logo-competicion-4a.png",70,2005,107,NA,NA,1950,12298,NA,NA,FALSE,1340,1345,1471,"Akasvayu Girona","Akasvayu Gir.","GIR",1340,284,"Lagun Aro Bilbao Basket","Lagun Aro BB","LBB",1,74,12000,4,14,28.57,21,48,43.75,20,27,74.07,19,10,29,10,7,10,0,1,3,0,25,25,64,0,0,1,0,0,74,85,0,NA,0,0,0,0,0,0,0
1451700,1,"Liga Nacional","Liga Endesa",-402534000,NA,"https://www.acb.com/Documentos/Cabeceras/logo-competicion-1b.png","https://www.acb.com/Documentos/Cabeceras/logo-competicion-4a.png",70,2005,107,NA,NA,1950,12300,NA,NA,TRUE,1354,1354,1854,"Fórum Valladolid","Fórum Vall.","FOR",1339,223,"TAU Cerámica","TAU Cerámica","TAU",1,90,12000,10,23,43.48,23,41,56.1,14,21,66.67,21,5,26,21,3,7,0,5,3,1,23,20,94,0,0,1,0,0,90,100,0,NA,0,0,0,0,0,0,0
1451701,1,"Liga Nacional","Liga Endesa",-402534000,NA,"https://www.acb.com/Documentos/Cabeceras/logo-competicion-1b.png","https://www.acb.com/Documentos/Cabeceras/logo-competicion-4a.png",70,2005,107,NA,NA,1950,12300,NA,NA,FALSE,1339,1354,1854,"Fórum Valladolid","Fórum Vall.","FOR",1339,223,"TAU Cerámica","TAU Cerámica","TAU",1,100,12000,5,13,38.46,33,59,55.93,19,25,76,25,14,39,16,6,5,0,3,5,2,20,23,117,0,0,0,1,0,100,90,0,NA,0,0,0,0,0,0,0
1451491,1,"Liga Nacional","Liga Endesa",-402534000,NA,"https://www.acb.com/Documentos/Cabeceras/logo-competicion-1b.png","https://www.acb.com/Documentos/Cabeceras/logo-competicion-4a.png",70,2005,107,NA,NA,1950,12292,NA,NA,TRUE,1337,1337,1285,"Etosa Alicante","Etosa Alicante","ALI",1347,631,"DKV Joventut","DKV Joventut","DKV",1,69,12000,4,17,23.53,19,32,59.38,19,25,76,15,5,20,13,13,20,0,0,0,3,28,29,64,0,0,1,0,0,69,80,0,NA,0,0,0,0,0,0,0
1451492,1,"Liga Nacional","Liga Endesa",-402534000,NA,"https://www.acb.com/Documentos/Cabeceras/logo-competicion-1b.png","https://www.acb.com/Documentos/Cabeceras/logo-competicion-4a.png",70,2005,107,NA,NA,1950,12292,NA,NA,FALSE,1347,1337,1285,"Etosa Alicante","Etosa Alicante","ALI",1347,631,"DKV Joventut","DKV Joventut","DKV",1,80,12000,6,23,26.09,17,29,58.62,28,30,93.33,20,10,30,7,7,20,0,0,0,1,29,28,72,0,0,0,1,0,80,69,0,NA,0,0,0,0,0,0,0
1451545,1,"Liga Nacional","Liga Endesa",-402534000,NA,"https://www.acb.com/Documentos/Cabeceras/logo-competicion-1b.png","https://www.acb.com/Documentos/Cabeceras/logo-competicion-4a.png",70,2005,107,NA,NA,1950,12294,NA,NA,FALSE,1348,1344,1202,"Alta Gestión Fuenlabrada","Alta Gestión F.","AGF",1348,768,"Real Madrid","Real Madrid","RMB",1,63,12000,6,24,25,17,31,54.84,11,16,68.75,19,13,32,8,5,18,0,1,1,3,23,21,51,0,0,1,0,0,63,78,0,NA,0,0,0,0,0,0,0
1451544,1,"Liga Nacional","Liga Endesa",-402534000,NA,"https://www.acb.com/Documentos/Cabeceras/logo-competicion-1b.png","https://www.acb.com/Documentos/Cabeceras/logo-competicion-4a.png",70,2005,107,NA,NA,1950,12294,NA,NA,TRUE,1344,1344,1202,"Alta Gestión Fuenlabrada","Alta Gestión F.","AGF",1348,768,"Real Madrid","Real Madrid","RMB",1,78,12000,9,25,36,14,22,63.64,23,30,76.67,18,7,25,9,8,11,0,1,1,0,21,23,80,0,0,0,1,0,78,63,0,NA,0,0,0,0,0,0,0
1451572,1,"Liga Nacional","Liga Endesa",-402534000,NA,"https://www.acb.com/Documentos/Cabeceras/logo-competicion-1b.png","https://www.acb.com/Documentos/Cabeceras/logo-competicion-4a.png",70,2005,107,NA,NA,1950,12295,NA,NA,TRUE,1346,1346,8,"CB Granada","CB Granada","GRA",1352,1061,"Unicaja","Unicaja","UNI",1,63,12000,4,11,36.36,18,51,35.29,15,18,83.33,23,14,37,4,5,12,0,4,2,1,19,19,56,0,0,1,0,0,63,84,0,NA,0,0,0,0,0,0,0
1451573,1,"Liga Nacional","Liga Endesa",-402534000,NA,"https://www.acb.com/Documentos/Cabeceras/logo-competicion-1b.png","https://www.acb.com/Documentos/Cabeceras/logo-competicion-4a.png",70,2005,107,NA,NA,1950,12295,NA,NA,FALSE,1352,1346,8,"CB Granada","CB Granada","GRA",1352,1061,"Unicaja","Unicaja","UNI",1,84,12000,9,26,34.62,23,34,67.65,11,17,64.71,28,8,36,17,7,13,0,2,4,3,19,19,95,0,0,0,1,0,84,63,0,NA,0,0,0,0,0,0,0
1451521,1,"Liga Nacional","Liga Endesa",-402534000,NA,"https://www.acb.com/Documentos/Cabeceras/logo-competicion-1b.png","https://www.acb.com/Documentos/Cabeceras/logo-competicion-4a.png",70,2005,107,NA,NA,1950,12293,NA,NA,FALSE,1351,1343,469,"Adecco Estudiantes","Adecco Estu","EST",1351,969,"Pamesa Valencia","Pamesa Valencia","PAM",1,65,12000,8,26,30.77,12,34,35.29,17,22,77.27,28,10,38,6,9,20,0,3,3,0,22,23,54,0,0,1,0,0,65,76,0,NA,0,0,0,0,0,0,0
1451520,1,"Liga Nacional","Liga Endesa",-402534000,NA,"https://www.acb.com/Documentos/Cabeceras/logo-competicion-1b.png","https://www.acb.com/Documentos/Cabeceras/logo-competicion-4a.png",70,2005,107,NA,NA,1950,12293,NA,NA,TRUE,1343,1343,469,"Adecco Estudiantes","Adecco Estu","EST",1351,969,"Pamesa Valencia","Pamesa Valencia","PAM",1,76,12000,7,22,31,23,45,51,9,17,52,31,10,41,14,12,15,0,3,3,1,23,22,82,0,0,0,11,0,76,65,0,0,0,0,0,0,0,0,0
1451674,1,"Liga Nacional","Liga Endesa",-402534000,NA,"https://www.acb.com/Documentos/Cabeceras/logo-competicion-1b.png","https://www.acb.com/Documentos/Cabeceras/logo-competicion-4a.png",70,2005,107,NA,NA,1950,12299,NA,NA,TRUE,1342,1342,341,"Gran Canaria","Gran Canaria","GCA",1341,1359,"Leche Río Breogán","Leche Río Bre.","BRE",1,73,12000,7,23,30.43,14,34,41.18,24,36,66.67,21,11,32,13,10,10,0,3,0,0,24,32,81,0,0,0,1,0,73,69,0,NA,0,0,0,0,0,0,0
1451675,1,"Liga Nacional","Liga Endesa",-402534000,NA,"https://www.acb.com/Documentos/Cabeceras/logo-competicion-1b.png","https://www.acb.com/Documentos/Cabeceras/logo-competicion-4a.png",70,2005,107,NA,NA,1950,12299,NA,NA,FALSE,1341,1342,341,"Gran Canaria","Gran Canaria","GCA",1341,1359,"Leche Río Breogán","Leche Río Bre.","BRE",1,69,12000,5,12,41.67,18,39,46.15,18,25,72,27,10,37,10,4,20,0,0,3,0,32,24,54,0,0,1,0,0,69,73,0,NA,0,0,0,0,0,0,0
1451785,1,"Liga Nacional","Liga Endesa",-402534000,NA,"https://www.acb.com/Documentos/Cabeceras/logo-competicion-1b.png","https://www.acb.com/Documentos/Cabeceras/logo-competicion-4a.png",70,2005,107,NA,NA,1951,12303,NA,NA,FALSE,1343,1340,284,"Lagun Aro Bilbao Basket","Lagun Aro BB","LBB",1343,469,"Adecco Estudiantes","Adecco Estu","EST",1,77,12000,5,17,29,20,45,44,22,29,75,22,12,34,8,10,13,0,2,2,1,21,28,79,0,0,0,11,0,77,70,0,0,0,0,0,0,0,0,0
1451784,1,"Liga Nacional","Liga Endesa",-402534000,NA,"https://www.acb.com/Documentos/Cabeceras/logo-competicion-1b.png","https://www.acb.com/Documentos/Cabeceras/logo-competicion-4a.png",70,2005,107,NA,NA,1951,12303,NA,NA,TRUE,1340,1340,284,"Lagun Aro Bilbao Basket","Lagun Aro BB","LBB",1343,469,"Adecco Estudiantes","Adecco Estu","EST",1,70,12000,8,30,26.67,16,31,51.61,14,15,93.33,27,13,40,7,4,21,0,2,2,0,28,21,55,0,0,1,0,0,70,77,0,NA,0,0,0,0,0,0,0
1451837,1,"Liga Nacional","Liga Endesa",-402534000,NA,"https://www.acb.com/Documentos/Cabeceras/logo-competicion-1b.png","https://www.acb.com/Documentos/Cabeceras/logo-competicion-4a.png",70,2005,107,NA,NA,1951,12305,NA,NA,TRUE,1347,1347,631,"DKV Joventut","DKV Joventut","DKV",1345,1471,"Akasvayu Girona","Akasvayu Gir.","GIR",1,82,12000,10,27,37.04,16,40,40,20,31,64.52,22,19,41,19,9,12,0,1,3,2,28,26,83,0,0,1,0,0,82,90,0,NA,0,0,0,0,0,0,0
1451838,1,"Liga Nacional","Liga Endesa",-402534000,NA,"https://www.acb.com/Documentos/Cabeceras/logo-competicion-1b.png","https://www.acb.com/Documentos/Cabeceras/logo-competicion-4a.png",70,2005,107,NA,NA,1951,12305,NA,NA,FALSE,1345,1347,631,"DKV Joventut","DKV Joventut","DKV",1345,1471,"Akasvayu Girona","Akasvayu Gir.","GIR",1,90,12000,12,21,57.14,16,35,45.71,22,31,70.97,27,9,36,13,7,13,0,3,1,1,26,28,100,0,0,0,1,0,90,82,0,NA,0,0,0,0,0,0,0
1451755,1,"Liga Nacional","Liga Endesa",-402534000,NA,"https://www.acb.com/Documentos/Cabeceras/logo-competicion-1b.png","https://www.acb.com/Documentos/Cabeceras/logo-competicion-4a.png",70,2005,107,NA,NA,1951,12302,NA,NA,TRUE,1338,1338,109,"Winterthur FC Barcelona","Winterthur FCB","FCB",1353,1133,"Caja San Fernando","C. San Fernando","CSF",1,83,12000,9,20,45,23,39,58.97,10,14,71.43,26,9,35,18,6,7,0,2,1,1,17,14,102,0,0,0,1,0,83,62,0,NA,0,0,0,0,0,0,0
1451756,1,"Liga Nacional","Liga Endesa",-402534000,NA,"https://www.acb.com/Documentos/Cabeceras/logo-competicion-1b.png","https://www.acb.com/Documentos/Cabeceras/logo-competicion-4a.png",70,2005,107,NA,NA,1951,12302,NA,NA,FALSE,1353,1338,109,"Winterthur FC Barcelona","Winterthur FCB","FCB",1353,1133,"Caja San Fernando","C. San Fernando","CSF",1,62,12000,3,16,18,23,45,51,7,14,50,19,10,29,9,6,9,0,1,2,3,14,17,57,0,0,10,0,0,62,83,0,0,0,0,0,0,0,0,0
1451727,1,"Liga Nacional","Liga Endesa",-402534000,NA,"https://www.acb.com/Documentos/Cabeceras/logo-competicion-1b.png","https://www.acb.com/Documentos/Cabeceras/logo-competicion-4a.png",70,2005,107,NA,NA,1951,12301,NA,NA,TRUE,1337,1337,1285,"Etosa Alicante","Etosa Alicante","ALI",1354,1854,"Fórum Valladolid","Fórum Vall.","FOR",1,93,12000,7,16,43.75,26,38,68.42,20,22,90.91,20,6,26,15,5,14,0,5,0,2,28,21,100,0,0,0,1,0,93,75,0,NA,0,0,0,0,0,0,0
1451728,1,"Liga Nacional","Liga Endesa",-402534000,NA,"https://www.acb.com/Documentos/Cabeceras/logo-competicion-1b.png","https://www.acb.com/Documentos/Cabeceras/logo-competicion-4a.png",70,2005,107,NA,NA,1951,12301,NA,NA,FALSE,1354,1337,1285,"Etosa Alicante","Etosa Alicante","ALI",1354,1854,"Fórum Valladolid","Fórum Vall.","FOR",1,75,12000,8,20,40,17,34,50,17,24,70.83,14,7,21,9,8,15,0,0,5,2,21,28,64,0,0,1,0,0,75,93,0,NA,0,0,0,0,0,0,0
1451863,1,"Liga Nacional","Liga Endesa",-402534000,NA,"https://www.acb.com/Documentos/Cabeceras/logo-competicion-1b.png","https://www.acb.com/Documentos/Cabeceras/logo-competicion-4a.png",70,2005,107,NA,NA,1951,12306,NA,NA,TRUE,1348,1348,768,"Real Madrid","Real Madrid","RMB",1342,341,"Gran Canaria","Gran Canaria","GCA",1,74,13500,8,29,27.59,17,39,43.59,16,21,76.19,27,14,41,7,12,16,0,7,6,0,33,21,59,0,0,1,0,0,74,78,0,NA,0,0,0,0,0,0,0
1451864,1,"Liga Nacional","Liga Endesa",-402534000,NA,"https://www.acb.com/Documentos/Cabeceras/logo-competicion-1b.png","https://www.acb.com/Documentos/Cabeceras/logo-competicion-4a.png",70,2005,107,NA,NA,1951,12306,NA,NA,FALSE,1342,1348,768,"Real Madrid","Real Madrid","RMB",1342,341,"Gran Canaria","Gran Canaria","GCA",1,78,13500,7,24,29.17,13,32,40.62,31,42,73.81,27,12,39,7,11,16,0,6,7,0,21,33,83,0,0,0,1,0,78,74,0,NA,0,0,0,0,0,0,0
1451889,1,"Liga Nacional","Liga Endesa",-402534000,NA,"https://www.acb.com/Documentos/Cabeceras/logo-competicion-1b.png","https://www.acb.com/Documentos/Cabeceras/logo-competicion-4a.png",70,2005,107,NA,NA,1951,12307,NA,NA,TRUE,1352,1352,1061,"Unicaja","Unicaja","UNI",1344,1202,"Alta Gestión Fuenlabrada","Alta Gestión F.","AGF",1,91,12000,13,29,44.83,21,34,61.76,10,21,47.62,28,11,39,19,7,13,0,4,0,0,20,23,110,0,0,0,1,0,91,66,0,NA,0,0,0,0,0,0,0
1451890,1,"Liga Nacional","Liga Endesa",-402534000,NA,"https://www.acb.com/Documentos/Cabeceras/logo-competicion-1b.png","https://www.acb.com/Documentos/Cabeceras/logo-competicion-4a.png",70,2005,107,NA,NA,1951,12307,NA,NA,FALSE,1344,1352,1061,"Unicaja","Unicaja","UNI",1344,1202,"Alta Gestión Fuenlabrada","Alta Gestión F.","AGF",1,66,12000,4,19,21.05,22,49,44.9,10,13,76.92,20,14,34,8,7,16,0,0,4,1,23,20,47,0,0,1,0,0,66,91,0,NA,0,0,0,0,0,0,0
1451943,1,"Liga Nacional","Liga Endesa",-402534000,NA,"https://www.acb.com/Documentos/Cabeceras/logo-competicion-1b.png","https://www.acb.com/Documentos/Cabeceras/logo-competicion-4a.png",70,2005,107,NA,NA,1951,12309,NA,NA,FALSE,1351,1339,223,"TAU Cerámica","TAU Cerámica","TAU",1351,969,"Pamesa Valencia","Pamesa Valencia","PAM",1,91,12000,13,23,56.52,19,33,57.58,14,18,77.78,20,9,29,13,7,19,0,0,1,0,22,23,93,0,0,0,1,0,91,81,0,NA,0,0,0,0,0,0,0
1451942,1,"Liga Nacional","Liga Endesa",-402534000,NA,"https://www.acb.com/Documentos/Cabeceras/logo-competicion-1b.png","https://www.acb.com/Documentos/Cabeceras/logo-competicion-4a.png",70,2005,107,NA,NA,1951,12309,NA,NA,TRUE,1339,1339,223,"TAU Cerámica","TAU Cerámica","TAU",1351,969,"Pamesa Valencia","Pamesa Valencia","PAM",1,81,12000,5,20,25,25,36,69.44,16,23,69.57,15,9,24,17,14,16,0,1,0,3,23,22,87,0,0,1,0,0,81,91,0,NA,0,0,0,0,0,0,0
1451809,1,"Liga Nacional","Liga Endesa",-402534000,NA,"https://www.acb.com/Documentos/Cabeceras/logo-competicion-1b.png","https://www.acb.com/Documentos/Cabeceras/logo-competicion-4a.png",70,2005,107,NA,NA,1951,12304,NA,NA,TRUE,1341,1341,1359,"Leche Río Breogán","Leche Río Bre.","BRE",1349,870,"Ricoh Manresa","Ricoh Manresa","MAN",1,93,13500,6,17,35.29,26,57,45.61,23,30,76.67,22,19,41,7,5,12,0,3,4,2,34,28,78,0,0,1,0,0,93,98,0,NA,0,0,0,0,0,0,0
1451810,1,"Liga Nacional","Liga Endesa",-402534000,NA,"https://www.acb.com/Documentos/Cabeceras/logo-competicion-1b.png","https://www.acb.com/Documentos/Cabeceras/logo-competicion-4a.png",70,2005,107,NA,NA,1951,12304,NA,NA,FALSE,1349,1341,1359,"Leche Río Breogán","Leche Río Bre.","BRE",1349,870,"Ricoh Manresa","Ricoh Manresa","MAN",1,98,13500,8,19,42.11,22,37,59.46,30,43,69.77,26,7,33,13,9,10,0,4,3,2,28,34,111,0,0,0,1,0,98,93,0,NA,0,0,0,0,0,0,0
1451916,1,"Liga Nacional","Liga Endesa",-402534000,NA,"https://www.acb.com/Documentos/Cabeceras/logo-competicion-1b.png","https://www.acb.com/Documentos/Cabeceras/logo-competicion-4a.png",70,2005,107,NA,NA,1951,12308,NA,NA,TRUE,1350,1350,890,"Llanera Menorca","Llanera Menorca","MEN",1346,8,"CB Granada","CB Granada","GRA",1,62,12000,5,28,17.86,17,36,47.22,13,14,92.86,34,14,48,8,7,13,0,1,5,1,18,18,65,0,0,0,1,0,62,58,0,NA,0,0,0,0,0,0,0
1451917,1,"Liga Nacional","Liga Endesa",-402534000,NA,"https://www.acb.com/Documentos/Cabeceras/logo-competicion-1b.png","https://www.acb.com/Documentos/Cabeceras/logo-competicion-4a.png",70,2005,107,NA,NA,1951,12308,NA,NA,FALSE,1346,1350,890,"Llanera Menorca","Llanera Menorca","MEN",1346,8,"CB Granada","CB Granada","GRA",1,58,12000,6,21,28.57,15,42,35.71,10,13,76.92,25,8,33,5,9,11,0,5,1,0,18,18,53,0,0,1,0,0,58,62,0,NA,0,0,0,0,0,0,0
1451970,1,"Liga Nacional","Liga Endesa",-402534000,NA,"https://www.acb.com/Documentos/Cabeceras/logo-competicion-1b.png","https://www.acb.com/Documentos/Cabeceras/logo-competicion-4a.png",70,2005,107,NA,NA,1952,12310,NA,NA,TRUE,1338,1338,109,"Winterthur FC Barcelona","Winterthur FCB","FCB",1352,1061,"Unicaja","Unicaja","UNI",1,104,12000,8,16,50,32,55,58.18,16,18,88.89,11,14,25,12,6,8,0,0,7,1,26,24,97,0,0,1,0,0,104,115,0,NA,0,0,0,0,0,0,0
1451971,1,"Liga Nacional","Liga Endesa",-402534000,NA,"https://www.acb.com/Documentos/Cabeceras/logo-competicion-1b.png","https://www.acb.com/Documentos/Cabeceras/logo-competicion-4a.png",70,2005,107,NA,NA,1952,12310,NA,NA,FALSE,1352,1338,109,"Winterthur FC Barcelona","Winterthur FCB","FCB",1352,1061,"Unicaja","Unicaja","UNI",1,115,12000,15,26,57.69,20,28,71.43,30,33,90.91,15,8,23,21,5,12,0,7,0,1,24,26,139,0,0,0,1,0,115,104,0,NA,0,0,0,0,0,0,0
1452020,1,"Liga Nacional","Liga Endesa",-402534000,NA,"https://www.acb.com/Documentos/Cabeceras/logo-competicion-1b.png","https://www.acb.com/Documentos/Cabeceras/logo-competicion-4a.png",70,2005,107,NA,NA,1952,12312,NA,NA,TRUE,1342,1342,341,"Gran Canaria","Gran Canaria","GCA",1346,8,"CB Granada","CB Granada","GRA",1,85,12000,7,23,30.43,28,43,65.12,8,13,61.54,28,7,35,16,13,15,0,6,1,3,20,16,99,0,0,0,1,0,85,64,0,NA,0,0,0,0,0,0,0
1452021,1,"Liga Nacional","Liga Endesa",-402534000,NA,"https://www.acb.com/Documentos/Cabeceras/logo-competicion-1b.png","https://www.acb.com/Documentos/Cabeceras/logo-competicion-4a.png",70,2005,107,NA,NA,1952,12312,NA,NA,FALSE,1346,1342,341,"Gran Canaria","Gran Canaria","GCA",1346,8,"CB Granada","CB Granada","GRA",1,64,12000,3,10,30,21,48,43.75,13,24,54.17,23,13,36,9,10,21,0,1,6,1,16,20,52,0,0,1,0,0,64,85,0,NA,0,0,0,0,0,0,0
1452180,1,"Liga Nacional","Liga Endesa",-402534000,NA,"https://www.acb.com/Documentos/Cabeceras/logo-competicion-1b.png","https://www.acb.com/Documentos/Cabeceras/logo-competicion-4a.png",70,2005,107,NA,NA,1952,12318,NA,NA,TRUE,1339,1339,223,"TAU Cerámica","TAU Cerámica","TAU",1349,870,"Ricoh Manresa","Ricoh Manresa","MAN",1,78,12000,8,24,33.33,20,32,62.5,14,16,87.5,23,7,30,12,12,11,0,5,0,3,25,19,90,0,0,0,1,0,78,53,0,NA,0,0,0,0,0,0,0
1452181,1,"Liga Nacional","Liga Endesa",-402534000,NA,"https://www.acb.com/Documentos/Cabeceras/logo-competicion-1b.png","https://www.acb.com/Documentos/Cabeceras/logo-competicion-4a.png",70,2005,107,NA,NA,1952,12318,NA,NA,FALSE,1349,1339,223,"TAU Cerámica","TAU Cerámica","TAU",1349,870,"Ricoh Manresa","Ricoh Manresa","MAN",1,53,12000,3,18,16.67,15,40,37.5,14,24,58.33,22,14,36,10,7,15,0,0,5,2,19,25,42,0,0,1,0,0,53,78,0,NA,0,0,0,0,0,0,0
1452050,1,"Liga Nacional","Liga Endesa",-402534000,NA,"https://www.acb.com/Documentos/Cabeceras/logo-competicion-1b.png","https://www.acb.com/Documentos/Cabeceras/logo-competicion-4a.png",70,2005,107,NA,NA,1952,12313,NA,NA,FALSE,1350,1343,469,"Adecco Estudiantes","Adecco Estu","EST",1350,890,"Llanera Menorca","Llanera Menorca","MEN",1,86,12000,11,21,52.38,21,52,40.38,11,18,61.11,23,16,39,10,7,10,0,1,4,1,28,24,77,0,0,1,0,0,86,90,0,NA,0,0,0,0,0,0,0
1452049,1,"Liga Nacional","Liga Endesa",-402534000,NA,"https://www.acb.com/Documentos/Cabeceras/logo-competicion-1b.png","https://www.acb.com/Documentos/Cabeceras/logo-competicion-4a.png",70,2005,107,NA,NA,1952,12313,NA,NA,TRUE,1343,1343,469,"Adecco Estudiantes","Adecco Estu","EST",1350,890,"Llanera Menorca","Llanera Menorca","MEN",1,90,12000,9,22,40,20,39,51,23,33,69,25,13,38,21,9,10,0,4,1,1,24,28,113,0,0,0,9,0,90,86,0,0,0,0,0,0,0,0,0
1452101,1,"Liga Nacional","Liga Endesa",-402534000,NA,"https://www.acb.com/Documentos/Cabeceras/logo-competicion-1b.png","https://www.acb.com/Documentos/Cabeceras/logo-competicion-4a.png",70,2005,107,NA,NA,1952,12315,NA,NA,FALSE,1347,1351,969,"Pamesa Valencia","Pamesa Valencia","PAM",1347,631,"DKV Joventut","DKV Joventut","DKV",1,93,12000,10,21,47.62,22,47,46.81,19,26,73.08,18,12,30,17,10,8,0,3,1,1,24,24,101,0,0,1,0,0,93,100,0,NA,0,0,0,0,0,0,0
1452100,1,"Liga Nacional","Liga Endesa",-402534000,NA,"https://www.acb.com/Documentos/Cabeceras/logo-competicion-1b.png","https://www.acb.com/Documentos/Cabeceras/logo-competicion-4a.png",70,2005,107,NA,NA,1952,12315,NA,NA,TRUE,1351,1351,969,"Pamesa Valencia","Pamesa Valencia","PAM",1347,631,"DKV Joventut","DKV Joventut","DKV",1,100,12000,12,22,54.55,25,38,65.79,14,23,60.87,27,7,34,21,5,12,0,1,3,4,24,24,114,0,0,0,1,0,100,93,0,NA,0,0,0,0,0,0,0
1452155,1,"Liga Nacional","Liga Endesa",-402534000,NA,"https://www.acb.com/Documentos/Cabeceras/logo-competicion-1b.png","https://www.acb.com/Documentos/Cabeceras/logo-competicion-4a.png",70,2005,107,NA,NA,1952,12317,NA,NA,TRUE,1353,1353,1133,"Caja San Fernando","C. San Fernando","CSF",1348,768,"Real Madrid","Real Madrid","RMB",1,63,12000,7,20,35,19,44,43,4,7,57,15,12,27,10,6,10,0,1,3,1,21,19,51,0,0,10,0,0,63,81,0,0,0,0,0,0,0,0,0
1452156,1,"Liga Nacional","Liga Endesa",-402534000,NA,"https://www.acb.com/Documentos/Cabeceras/logo-competicion-1b.png","https://www.acb.com/Documentos/Cabeceras/logo-competicion-4a.png",70,2005,107,NA,NA,1952,12317,NA,NA,FALSE,1348,1353,1133,"Caja San Fernando","C. San Fernando","CSF",1348,768,"Real Madrid","Real Madrid","RMB",1,81,12000,9,17,52.94,20,30,66.67,14,21,66.67,25,4,29,13,8,11,0,3,1,1,19,21,99,0,0,0,1,0,81,63,0,NA,0,0,0,0,0,0,0
1451996,1,"Liga Nacional","Liga Endesa",-402534000,NA,"https://www.acb.com/Documentos/Cabeceras/logo-competicion-1b.png","https://www.acb.com/Documentos/Cabeceras/logo-competicion-4a.png",70,2005,107,NA,NA,1952,12311,NA,NA,FALSE,1344,1340,284,"Lagun Aro Bilbao Basket","Lagun Aro BB","LBB",1344,1202,"Alta Gestión Fuenlabrada","Alta Gestión F.","AGF",1,76,12000,11,23,47.83,14,30,46.67,15,19,78.95,25,4,29,15,6,8,0,2,5,0,22,17,78,0,0,0,1,0,76,61,0,NA,0,0,0,0,0,0,0
1451995,1,"Liga Nacional","Liga Endesa",-402534000,NA,"https://www.acb.com/Documentos/Cabeceras/logo-competicion-1b.png","https://www.acb.com/Documentos/Cabeceras/logo-competicion-4a.png",70,2005,107,NA,NA,1952,12311,NA,NA,TRUE,1340,1340,284,"Lagun Aro Bilbao Basket","Lagun Aro BB","LBB",1344,1202,"Alta Gestión Fuenlabrada","Alta Gestión F.","AGF",1,61,12000,8,23,34.78,14,33,42.42,9,13,69.23,26,11,37,7,4,14,0,5,2,2,17,22,65,0,0,1,0,0,61,76,0,NA,0,0,0,0,0,0,0
1452074,1,"Liga Nacional","Liga Endesa",-402534000,NA,"https://www.acb.com/Documentos/Cabeceras/logo-competicion-1b.png","https://www.acb.com/Documentos/Cabeceras/logo-competicion-4a.png",70,2005,107,NA,NA,1952,12314,NA,NA,TRUE,1341,1341,1359,"Leche Río Breogán","Leche Río Bre.","BRE",1337,1285,"Etosa Alicante","Etosa Alicante","ALI",1,88,12000,9,13,69.23,21,44,47.73,19,26,73.08,19,11,30,7,7,13,0,4,5,1,20,23,87,0,0,0,1,0,88,80,0,NA,0,0,0,0,0,0,0
1452075,1,"Liga Nacional","Liga Endesa",-402534000,NA,"https://www.acb.com/Documentos/Cabeceras/logo-competicion-1b.png","https://www.acb.com/Documentos/Cabeceras/logo-competicion-4a.png",70,2005,107,NA,NA,1952,12314,NA,NA,FALSE,1337,1341,1359,"Leche Río Breogán","Leche Río Bre.","BRE",1337,1285,"Etosa Alicante","Etosa Alicante","ALI",1,80,12000,13,21,61.9,15,33,45.45,11,12,91.67,19,8,27,11,8,16,0,5,4,0,23,20,81,0,0,1,0,0,80,88,0,NA,0,0,0,0,0,0,0
1452128,1,"Liga Nacional","Liga Endesa",-402534000,NA,"https://www.acb.com/Documentos/Cabeceras/logo-competicion-1b.png","https://www.acb.com/Documentos/Cabeceras/logo-competicion-4a.png",70,2005,107,NA,NA,1952,12316,NA,NA,TRUE,1354,1354,1854,"Fórum Valladolid","Fórum Vall.","FOR",1345,1471,"Akasvayu Girona","Akasvayu Gir.","GIR",1,91,12000,6,22,27.27,26,46,56.52,21,26,80.77,23,14,37,9,6,6,0,4,0,0,23,25,102,0,0,0,1,0,91,75,0,NA,0,0,0,0,0,0,0
1452129,1,"Liga Nacional","Liga Endesa",-402534000,NA,"https://www.acb.com/Documentos/Cabeceras/logo-competicion-1b.png","https://www.acb.com/Documentos/Cabeceras/logo-competicion-4a.png",70,2005,107,NA,NA,1952,12316,NA,NA,FALSE,1345,1354,1854,"Fórum Valladolid","Fórum Vall.","FOR",1345,1471,"Akasvayu Girona","Akasvayu Gir.","GIR",1,75,12000,5,16,31.25,20,42,47.62,20,25,80,23,9,32,7,5,11,0,0,4,1,25,23,64,0,0,1,0,0,75,91,0,NA,0,0,0,0,0,0,0
1452232,1,"Liga Nacional","Liga Endesa",-402534000,NA,"https://www.acb.com/Documentos/Cabeceras/logo-competicion-1b.png","https://www.acb.com/Documentos/Cabeceras/logo-competicion-4a.png",70,2005,107,NA,NA,1953,12320,NA,NA,TRUE,1347,1347,631,"DKV Joventut","DKV Joventut","DKV",1353,1133,"Caja San Fernando","C. San Fernando","CSF",1,87,12000,8,19,42.11,24,42,57.14,15,22,68.18,20,11,31,19,14,14,0,1,0,5,25,22,99,0,0,0,1,0,87,64,0,NA,0,0,0,0,0,0,0
1452233,1,"Liga Nacional","Liga Endesa",-402534000,NA,"https://www.acb.com/Documentos/Cabeceras/logo-competicion-1b.png","https://www.acb.com/Documentos/Cabeceras/logo-competicion-4a.png",70,2005,107,NA,NA,1953,12320,NA,NA,FALSE,1353,1347,631,"DKV Joventut","DKV Joventut","DKV",1353,1133,"Caja San Fernando","C. San Fernando","CSF",1,64,12000,9,17,52,10,26,38,17,24,70,18,6,24,11,10,25,0,0,1,2,22,25,55,0,0,10,0,0,64,87,0,0,0,0,0,0,0,0,0
1452337,1,"Liga Nacional","Liga Endesa",-402534000,NA,"https://www.acb.com/Documentos/Cabeceras/logo-competicion-1b.png","https://www.acb.com/Documentos/Cabeceras/logo-competicion-4a.png",70,2005,107,NA,NA,1953,12324,NA,NA,TRUE,1348,1348,768,"Real Madrid","Real Madrid","RMB",1338,109,"Winterthur FC Barcelona","Winterthur FCB","FCB",1,72,12000,11,23,47.83,12,40,30,15,20,75,20,15,35,14,5,3,0,3,4,0,17,22,82,0,0,1,0,0,72,73,0,NA,0,0,0,0,0,0,0
1452338,1,"Liga Nacional","Liga Endesa",-402534000,NA,"https://www.acb.com/Documentos/Cabeceras/logo-competicion-1b.png","https://www.acb.com/Documentos/Cabeceras/logo-competicion-4a.png",70,2005,107,NA,NA,1953,12324,NA,NA,FALSE,1338,1348,768,"Real Madrid","Real Madrid","RMB",1338,109,"Winterthur FC Barcelona","Winterthur FCB","FCB",1,73,12000,6,20,30,23,34,67.65,9,12,75,25,7,32,17,4,8,0,4,3,3,22,17,86,0,0,0,1,0,73,72,0,NA,0,0,0,0,0,0,0
1452388,1,"Liga Nacional","Liga Endesa",-402534000,NA,"https://www.acb.com/Documentos/Cabeceras/logo-competicion-1b.png","https://www.acb.com/Documentos/Cabeceras/logo-competicion-4a.png",70,2005,107,NA,NA,1953,12326,NA,NA,TRUE,1349,1349,870,"Ricoh Manresa","Ricoh Manresa","MAN",1342,341,"Gran Canaria","Gran Canaria","GCA",1,64,12000,6,21,28.57,16,31,51.61,14,23,60.87,22,6,28,10,9,15,0,6,1,0,21,23,64,0,0,1,0,0,64,67,0,NA,0,0,0,0,0,0,0
1452389,1,"Liga Nacional","Liga Endesa",-402534000,NA,"https://www.acb.com/Documentos/Cabeceras/logo-competicion-1b.png","https://www.acb.com/Documentos/Cabeceras/logo-competicion-4a.png",70,2005,107,NA,NA,1953,12326,NA,NA,FALSE,1342,1349,870,"Ricoh Manresa","Ricoh Manresa","MAN",1342,341,"Gran Canaria","Gran Canaria","GCA",1,67,12000,5,19,26.32,20,39,51.28,12,18,66.67,27,10,37,9,11,17,0,1,6,0,23,21,61,0,0,0,1,0,67,64,0,NA,0,0,0,0,0,0,0
1452206,1,"Liga Nacional","Liga Endesa",-402534000,NA,"https://www.acb.com/Documentos/Cabeceras/logo-competicion-1b.png","https://www.acb.com/Documentos/Cabeceras/logo-competicion-4a.png",70,2005,107,NA,NA,1953,12319,NA,NA,TRUE,1337,1337,1285,"Etosa Alicante","Etosa Alicante","ALI",1340,284,"Lagun Aro Bilbao Basket","Lagun Aro BB","LBB",1,72,12000,7,20,35,18,32,56.25,15,17,88.24,21,8,29,12,10,15,0,1,1,2,18,20,81,0,0,1,0,0,72,77,0,NA,0,0,0,0,0,0,0
1452207,1,"Liga Nacional","Liga Endesa",-402534000,NA,"https://www.acb.com/Documentos/Cabeceras/logo-competicion-1b.png","https://www.acb.com/Documentos/Cabeceras/logo-competicion-4a.png",70,2005,107,NA,NA,1953,12319,NA,NA,FALSE,1340,1337,1285,"Etosa Alicante","Etosa Alicante","ALI",1340,284,"Lagun Aro Bilbao Basket","Lagun Aro BB","LBB",1,77,12000,7,20,35,24,42,57.14,8,12,66.67,19,12,31,16,11,11,0,1,1,1,20,18,87,0,0,0,1,0,77,72,0,NA,0,0,0,0,0,0,0
1452258,1,"Liga Nacional","Liga Endesa",-402534000,NA,"https://www.acb.com/Documentos/Cabeceras/logo-competicion-1b.png","https://www.acb.com/Documentos/Cabeceras/logo-competicion-4a.png",70,2005,107,NA,NA,1953,12321,NA,NA,TRUE,1345,1345,1471,"Akasvayu Girona","Akasvayu Gir.","GIR",1351,969,"Pamesa Valencia","Pamesa Valencia","PAM",1,73,12000,5,16,31.25,20,37,54.05,18,27,66.67,23,10,33,14,12,18,0,4,3,1,26,26,78,0,0,1,0,0,73,82,0,NA,0,0,0,0,0,0,0
1452259,1,"Liga Nacional","Liga Endesa",-402534000,NA,"https://www.acb.com/Documentos/Cabeceras/logo-competicion-1b.png","https://www.acb.com/Documentos/Cabeceras/logo-competicion-4a.png",70,2005,107,NA,NA,1953,12321,NA,NA,FALSE,1351,1345,1471,"Akasvayu Girona","Akasvayu Gir.","GIR",1351,969,"Pamesa Valencia","Pamesa Valencia","PAM",1,82,12000,11,20,55,16,37,43.24,17,21,80.95,24,11,35,13,10,19,0,3,4,1,26,26,86,0,0,0,1,0,82,73,0,NA,0,0,0,0,0,0,0
1452283,1,"Liga Nacional","Liga Endesa",-402534000,NA,"https://www.acb.com/Documentos/Cabeceras/logo-competicion-1b.png","https://www.acb.com/Documentos/Cabeceras/logo-competicion-4a.png",70,2005,107,NA,NA,1953,12322,NA,NA,TRUE,1346,1346,8,"CB Granada","CB Granada","GRA",1339,223,"TAU Cerámica","TAU Cerámica","TAU",1,76,12000,6,17,35.29,20,46,43.48,18,19,94.74,22,15,37,9,10,19,0,6,2,3,17,21,83,0,0,1,0,0,76,93,0,NA,0,0,0,0,0,0,0
1452284,1,"Liga Nacional","Liga Endesa",-402534000,NA,"https://www.acb.com/Documentos/Cabeceras/logo-competicion-1b.png","https://www.acb.com/Documentos/Cabeceras/logo-competicion-4a.png",70,2005,107,NA,NA,1953,12322,NA,NA,FALSE,1339,1346,8,"CB Granada","CB Granada","GRA",1339,223,"TAU Cerámica","TAU Cerámica","TAU",1,93,12000,7,16,43.75,29,49,59.18,14,17,82.35,22,7,29,21,16,11,0,2,6,7,21,17,108,0,0,0,1,0,93,76,0,NA,0,0,0,0,0,0,0
1452363,1,"Liga Nacional","Liga Endesa",-402534000,NA,"https://www.acb.com/Documentos/Cabeceras/logo-competicion-1b.png","https://www.acb.com/Documentos/Cabeceras/logo-competicion-4a.png",70,2005,107,NA,NA,1953,12325,NA,NA,TRUE,1352,1352,1061,"Unicaja","Unicaja","UNI",1341,1359,"Leche Río Breogán","Leche Río Bre.","BRE",1,74,12000,6,23,26.09,18,34,52.94,20,24,83.33,19,10,29,11,9,13,0,3,2,2,22,29,81,0,0,1,0,0,74,77,0,NA,0,0,0,0,0,0,0
1452364,1,"Liga Nacional","Liga Endesa",-402534000,NA,"https://www.acb.com/Documentos/Cabeceras/logo-competicion-1b.png","https://www.acb.com/Documentos/Cabeceras/logo-competicion-4a.png",70,2005,107,NA,NA,1953,12325,NA,NA,FALSE,1341,1352,1061,"Unicaja","Unicaja","UNI",1341,1359,"Leche Río Breogán","Leche Río Bre.","BRE",1,77,12000,4,15,26.67,22,42,52.38,21,25,84,25,10,35,14,10,14,0,2,3,2,29,22,79,0,0,0,1,0,77,74,0,NA,0,0,0,0,0,0,0
1452418,1,"Liga Nacional","Liga Endesa",-402534000,NA,"https://www.acb.com/Documentos/Cabeceras/logo-competicion-1b.png","https://www.acb.com/Documentos/Cabeceras/logo-competicion-4a.png",70,2005,107,NA,NA,1953,12327,NA,NA,FALSE,1343,1344,1202,"Alta Gestión Fuenlabrada","Alta Gestión F.","AGF",1343,469,"Adecco Estudiantes","Adecco Estu","EST",1,97,12000,5,18,27,23,39,58,36,44,81,22,15,37,11,11,19,0,0,3,5,28,28,97,0,0,11,0,0,97,104,0,0,0,0,0,0,0,0,0
1452417,1,"Liga Nacional","Liga Endesa",-402534000,NA,"https://www.acb.com/Documentos/Cabeceras/logo-competicion-1b.png","https://www.acb.com/Documentos/Cabeceras/logo-competicion-4a.png",70,2005,107,NA,NA,1953,12327,NA,NA,TRUE,1344,1344,1202,"Alta Gestión Fuenlabrada","Alta Gestión F.","AGF",1343,469,"Adecco Estudiantes","Adecco Estu","EST",1,104,12000,15,33,45.45,15,24,62.5,29,38,76.32,16,9,25,19,7,17,0,3,0,1,28,28,105,0,0,0,1,0,104,97,0,NA,0,0,0,0,0,0,0
1452310,1,"Liga Nacional","Liga Endesa",-402534000,NA,"https://www.acb.com/Documentos/Cabeceras/logo-competicion-1b.png","https://www.acb.com/Documentos/Cabeceras/logo-competicion-4a.png",70,2005,107,NA,NA,1953,12323,NA,NA,TRUE,1350,1350,890,"Llanera Menorca","Llanera Menorca","MEN",1354,1854,"Fórum Valladolid","Fórum Vall.","FOR",1,70,12000,3,25,12,24,34,70.59,13,22,59.09,23,9,32,9,8,12,0,2,3,0,21,20,64,0,0,1,0,0,70,74,0,NA,0,0,0,0,0,0,0
1452311,1,"Liga Nacional","Liga Endesa",-402534000,NA,"https://www.acb.com/Documentos/Cabeceras/logo-competicion-1b.png","https://www.acb.com/Documentos/Cabeceras/logo-competicion-4a.png",70,2005,107,NA,NA,1953,12323,NA,NA,FALSE,1354,1350,890,"Llanera Menorca","Llanera Menorca","MEN",1354,1854,"Fórum Valladolid","Fórum Vall.","FOR",1,74,12000,6,13,46.15,20,36,55.56,16,21,76.19,26,3,29,3,8,15,0,3,2,0,20,21,73,0,0,0,1,0,74,70,0,NA,0,0,0,0,0,0,0
1452528,1,"Liga Nacional","Liga Endesa",-402534000,NA,"https://www.acb.com/Documentos/Cabeceras/logo-competicion-1b.png","https://www.acb.com/Documentos/Cabeceras/logo-competicion-4a.png",70,2005,107,NA,NA,1954,12331,NA,NA,FALSE,1353,1345,1471,"Akasvayu Girona","Akasvayu Gir.","GIR",1353,1133,"Caja San Fernando","C. San Fernando","CSF",1,85,12000,7,15,46,24,42,57,16,20,80,25,11,36,11,8,17,0,3,6,2,24,25,91,0,0,0,10,0,85,74,0,0,0,0,0,0,0,0,0
1452527,1,"Liga Nacional","Liga Endesa",-402534000,NA,"https://www.acb.com/Documentos/Cabeceras/logo-competicion-1b.png","https://www.acb.com/Documentos/Cabeceras/logo-competicion-4a.png",70,2005,107,NA,NA,1954,12331,NA,NA,TRUE,1345,1345,1471,"Akasvayu Girona","Akasvayu Gir.","GIR",1353,1133,"Caja San Fernando","C. San Fernando","CSF",1,74,12000,6,19,31.58,22,44,50,12,15,80,17,12,29,9,12,15,0,6,3,2,25,24,73,0,0,1,0,0,74,85,0,NA,0,0,0,0,0,0,0
1452631,1,"Liga Nacional","Liga Endesa",-402534000,NA,"https://www.acb.com/Documentos/Cabeceras/logo-competicion-1b.png","https://www.acb.com/Documentos/Cabeceras/logo-competicion-4a.png",70,2005,107,NA,NA,1954,12335,NA,NA,TRUE,1351,1351,969,"Pamesa Valencia","Pamesa Valencia","PAM",1344,1202,"Alta Gestión Fuenlabrada","Alta Gestión F.","AGF",1,78,12000,11,24,45.83,17,38,44.74,11,19,57.89,30,7,37,18,9,11,0,1,7,1,21,19,81,0,0,0,1,0,78,59,0,NA,0,0,0,0,0,0,0
1452632,1,"Liga Nacional","Liga Endesa",-402534000,NA,"https://www.acb.com/Documentos/Cabeceras/logo-competicion-1b.png","https://www.acb.com/Documentos/Cabeceras/logo-competicion-4a.png",70,2005,107,NA,NA,1954,12335,NA,NA,FALSE,1344,1351,969,"Pamesa Valencia","Pamesa Valencia","PAM",1344,1202,"Alta Gestión Fuenlabrada","Alta Gestión F.","AGF",1,59,12000,3,19,15.79,19,40,47.5,12,22,54.55,29,13,42,13,7,16,0,7,1,0,19,21,66,0,0,1,0,0,59,78,0,NA,0,0,0,0,0,0,0
1452443,1,"Liga Nacional","Liga Endesa",-402534000,NA,"https://www.acb.com/Documentos/Cabeceras/logo-competicion-1b.png","https://www.acb.com/Documentos/Cabeceras/logo-competicion-4a.png",70,2005,107,NA,NA,1954,12328,NA,NA,TRUE,1342,1342,341,"Gran Canaria","Gran Canaria","GCA",1354,1854,"Fórum Valladolid","Fórum Vall.","FOR",1,69,12000,4,14,28.57,20,50,40,17,23,73.91,24,10,34,8,12,10,0,4,2,2,20,24,73,0,0,0,1,0,69,64,0,NA,0,0,0,0,0,0,0
1452444,1,"Liga Nacional","Liga Endesa",-402534000,NA,"https://www.acb.com/Documentos/Cabeceras/logo-competicion-1b.png","https://www.acb.com/Documentos/Cabeceras/logo-competicion-4a.png",70,2005,107,NA,NA,1954,12328,NA,NA,FALSE,1354,1342,341,"Gran Canaria","Gran Canaria","GCA",1354,1854,"Fórum Valladolid","Fórum Vall.","FOR",1,64,12000,5,17,29.41,19,42,45.24,11,15,73.33,31,11,42,8,9,21,0,2,4,0,24,20,57,0,0,1,0,0,64,69,0,NA,0,0,0,0,0,0,0
1452499,1,"Liga Nacional","Liga Endesa",-402534000,NA,"https://www.acb.com/Documentos/Cabeceras/logo-competicion-1b.png","https://www.acb.com/Documentos/Cabeceras/logo-competicion-4a.png",70,2005,107,NA,NA,1954,12330,NA,NA,TRUE,1347,1347,631,"DKV Joventut","DKV Joventut","DKV",1350,890,"Llanera Menorca","Llanera Menorca","MEN",1,86,12000,8,24,33.33,22,40,55,18,23,78.26,22,12,34,24,13,13,0,4,1,7,21,20,107,0,0,0,1,0,86,64,0,NA,0,0,0,0,0,0,0
1452500,1,"Liga Nacional","Liga Endesa",-402534000,NA,"https://www.acb.com/Documentos/Cabeceras/logo-competicion-1b.png","https://www.acb.com/Documentos/Cabeceras/logo-competicion-4a.png",70,2005,107,NA,NA,1954,12330,NA,NA,FALSE,1350,1347,631,"DKV Joventut","DKV Joventut","DKV",1350,890,"Llanera Menorca","Llanera Menorca","MEN",1,64,12000,4,20,20,20,41,48.78,12,15,80,24,15,39,7,8,21,0,1,4,1,20,21,55,0,0,1,0,0,64,86,0,NA,0,0,0,0,0,0,0
1452553,1,"Liga Nacional","Liga Endesa",-402534000,NA,"https://www.acb.com/Documentos/Cabeceras/logo-competicion-1b.png","https://www.acb.com/Documentos/Cabeceras/logo-competicion-4a.png",70,2005,107,NA,NA,1954,12332,NA,NA,TRUE,1339,1339,223,"TAU Cerámica","TAU Cerámica","TAU",1337,1285,"Etosa Alicante","Etosa Alicante","ALI",1,92,12000,8,22,36.36,27,38,71.05,14,25,56,22,7,29,20,11,9,0,6,4,5,24,27,112,0,0,0,1,0,92,84,0,NA,0,0,0,0,0,0,0
1452554,1,"Liga Nacional","Liga Endesa",-402534000,NA,"https://www.acb.com/Documentos/Cabeceras/logo-competicion-1b.png","https://www.acb.com/Documentos/Cabeceras/logo-competicion-4a.png",70,2005,107,NA,NA,1954,12332,NA,NA,FALSE,1337,1339,223,"TAU Cerámica","TAU Cerámica","TAU",1337,1285,"Etosa Alicante","Etosa Alicante","ALI",1,84,12000,6,13,46.15,22,42,52.38,22,27,81.48,24,7,31,6,6,14,0,4,6,1,27,24,76,0,0,1,0,0,84,92,0,NA,0,0,0,0,0,0,0
1452656,1,"Liga Nacional","Liga Endesa",-402534000,NA,"https://www.acb.com/Documentos/Cabeceras/logo-competicion-1b.png","https://www.acb.com/Documentos/Cabeceras/logo-competicion-4a.png",70,2005,107,NA,NA,1954,12336,NA,NA,TRUE,1349,1349,870,"Ricoh Manresa","Ricoh Manresa","MAN",1348,768,"Real Madrid","Real Madrid","RMB",1,65,12000,5,19,26.32,18,37,48.65,14,19,73.68,26,10,36,14,4,13,0,2,6,4,27,22,59,0,0,1,0,0,65,71,0,NA,0,0,0,0,0,0,0
1452657,1,"Liga Nacional","Liga Endesa",-402534000,NA,"https://www.acb.com/Documentos/Cabeceras/logo-competicion-1b.png","https://www.acb.com/Documentos/Cabeceras/logo-competicion-4a.png",70,2005,107,NA,NA,1954,12336,NA,NA,FALSE,1348,1349,870,"Ricoh Manresa","Ricoh Manresa","MAN",1348,768,"Real Madrid","Real Madrid","RMB",1,71,12000,3,16,18.75,21,46,45.65,20,31,64.52,26,17,43,8,4,12,0,6,2,1,22,27,74,0,0,0,1,0,71,65,0,NA,0,0,0,0,0,0,0
1452607,1,"Liga Nacional","Liga Endesa",-402534000,NA,"https://www.acb.com/Documentos/Cabeceras/logo-competicion-1b.png","https://www.acb.com/Documentos/Cabeceras/logo-competicion-4a.png",70,2005,107,NA,NA,1954,12334,NA,NA,TRUE,1341,1341,1359,"Leche Río Breogán","Leche Río Bre.","BRE",1340,284,"Lagun Aro Bilbao Basket","Lagun Aro BB","LBB",1,70,12000,4,18,22.22,23,31,74.19,12,17,70.59,20,7,27,13,11,25,0,3,2,3,32,25,63,0,0,1,0,0,70,74,0,NA,0,0,0,0,0,0,0
1452608,1,"Liga Nacional","Liga Endesa",-402534000,NA,"https://www.acb.com/Documentos/Cabeceras/logo-competicion-1b.png","https://www.acb.com/Documentos/Cabeceras/logo-competicion-4a.png",70,2005,107,NA,NA,1954,12334,NA,NA,FALSE,1340,1341,1359,"Leche Río Breogán","Leche Río Bre.","BRE",1340,284,"Lagun Aro Bilbao Basket","Lagun Aro BB","LBB",1,74,12000,4,13,30.77,19,40,47.5,24,33,72.73,16,12,28,8,12,19,0,2,3,3,25,32,70,0,0,0,1,0,74,70,0,NA,0,0,0,0,0,0,0
1452472,1,"Liga Nacional","Liga Endesa",-402534000,NA,"https://www.acb.com/Documentos/Cabeceras/logo-competicion-1b.png","https://www.acb.com/Documentos/Cabeceras/logo-competicion-4a.png",70,2005,107,NA,NA,1954,12329,NA,NA,TRUE,1343,1343,469,"Adecco Estudiantes","Adecco Estu","EST",1352,1061,"Unicaja","Unicaja","UNI",1,100,12000,9,16,56,25,44,56,23,31,74,18,8,26,12,8,13,0,2,3,5,28,28,98,0,0,0,10,0,100,98,0,0,0,0,0,0,0,0,0
1452473,1,"Liga Nacional","Liga Endesa",-402534000,NA,"https://www.acb.com/Documentos/Cabeceras/logo-competicion-1b.png","https://www.acb.com/Documentos/Cabeceras/logo-competicion-4a.png",70,2005,107,NA,NA,1954,12329,NA,NA,FALSE,1352,1343,469,"Adecco Estudiantes","Adecco Estu","EST",1352,1061,"Unicaja","Unicaja","UNI",1,98,12000,11,21,52.38,21,37,56.76,23,29,79.31,20,7,27,13,6,14,0,3,2,1,28,28,99,0,0,1,0,0,98,100,0,NA,0,0,0,0,0,0,0
1452581,1,"Liga Nacional","Liga Endesa",-402534000,NA,"https://www.acb.com/Documentos/Cabeceras/logo-competicion-1b.png","https://www.acb.com/Documentos/Cabeceras/logo-competicion-4a.png",70,2005,107,NA,NA,1954,12333,NA,NA,FALSE,1338,1346,8,"CB Granada","CB Granada","GRA",1338,109,"Winterthur FC Barcelona","Winterthur FCB","FCB",1,85,12000,9,24,37.5,19,38,50,20,26,76.92,22,17,39,15,8,13,0,4,5,2,17,23,99,0,0,1,0,0,85,87,0,NA,0,0,0,0,0,0,0
1452580,1,"Liga Nacional","Liga Endesa",-402534000,NA,"https://www.acb.com/Documentos/Cabeceras/logo-competicion-1b.png","https://www.acb.com/Documentos/Cabeceras/logo-competicion-4a.png",70,2005,107,NA,NA,1954,12333,NA,NA,TRUE,1346,1346,8,"CB Granada","CB Granada","GRA",1338,109,"Winterthur FC Barcelona","Winterthur FCB","FCB",1,87,12000,10,21,47.62,23,47,48.94,11,12,91.67,17,13,30,11,6,10,0,5,4,2,23,17,83,0,0,0,1,0,87,85,0,NA,0,0,0,0,0,0,0
1452682,1,"Liga Nacional","Liga Endesa",-402534000,NA,"https://www.acb.com/Documentos/Cabeceras/logo-competicion-1b.png","https://www.acb.com/Documentos/Cabeceras/logo-competicion-4a.png",70,2005,107,NA,NA,1955,12337,NA,NA,TRUE,1337,1337,1285,"Etosa Alicante","Etosa Alicante","ALI",1346,8,"CB Granada","CB Granada","GRA",1,70,12000,6,19,31.58,19,38,50,14,19,73.68,22,16,38,11,4,17,0,1,3,1,21,23,69,0,0,1,0,0,70,78,0,NA,0,0,0,0,0,0,0
1452683,1,"Liga Nacional","Liga Endesa",-402534000,NA,"https://www.acb.com/Documentos/Cabeceras/logo-competicion-1b.png","https://www.acb.com/Documentos/Cabeceras/logo-competicion-4a.png",70,2005,107,NA,NA,1955,12337,NA,NA,FALSE,1346,1337,1285,"Etosa Alicante","Etosa Alicante","ALI",1346,8,"CB Granada","CB Granada","GRA",1,78,12000,5,15,33.33,23,41,56.1,17,25,68,20,9,29,10,8,9,0,3,1,2,23,21,80,0,0,0,1,0,78,70,0,NA,0,0,0,0,0,0,0
1452812,1,"Liga Nacional","Liga Endesa",-402534000,NA,"https://www.acb.com/Documentos/Cabeceras/logo-competicion-1b.png","https://www.acb.com/Documentos/Cabeceras/logo-competicion-4a.png",70,2005,107,NA,NA,1955,12342,NA,NA,TRUE,1353,1353,1133,"Caja San Fernando","C. San Fernando","CSF",1339,223,"TAU Cerámica","TAU Cerámica","TAU",1,67,12000,4,18,22,26,47,55,3,9,33,15,13,28,11,14,18,0,2,1,2,19,15,58,0,0,11,0,0,67,100,0,0,0,0,0,0,0,0,0
1452813,1,"Liga Nacional","Liga Endesa",-402534000,NA,"https://www.acb.com/Documentos/Cabeceras/logo-competicion-1b.png","https://www.acb.com/Documentos/Cabeceras/logo-competicion-4a.png",70,2005,107,NA,NA,1955,12342,NA,NA,FALSE,1339,1353,1133,"Caja San Fernando","C. San Fernando","CSF",1339,223,"TAU Cerámica","TAU Cerámica","TAU",1,100,12000,11,14,78.57,28,42,66.67,11,16,68.75,22,3,25,25,13,14,0,1,2,5,15,19,130,0,0,0,1,0,100,67,0,NA,0,0,0,0,0,0,0
1452840,1,"Liga Nacional","Liga Endesa",-402534000,NA,"https://www.acb.com/Documentos/Cabeceras/logo-competicion-1b.png","https://www.acb.com/Documentos/Cabeceras/logo-competicion-4a.png",70,2005,107,NA,NA,1955,12343,NA,NA,TRUE,1350,1350,890,"Llanera Menorca","Llanera Menorca","MEN",1341,1359,"Leche Río Breogán","Leche Río Bre.","BRE",1,77,12000,6,21,28.57,24,38,63.16,11,17,64.71,24,7,31,4,13,15,0,6,1,1,18,20,82,0,0,0,1,0,77,64,0,NA,0,0,0,0,0,0,0
1452841,1,"Liga Nacional","Liga Endesa",-402534000,NA,"https://www.acb.com/Documentos/Cabeceras/logo-competicion-1b.png","https://www.acb.com/Documentos/Cabeceras/logo-competicion-4a.png",70,2005,107,NA,NA,1955,12343,NA,NA,FALSE,1341,1350,890,"Llanera Menorca","Llanera Menorca","MEN",1341,1359,"Leche Río Breogán","Leche Río Bre.","BRE",1,64,12000,4,17,23.53,18,38,47.37,16,18,88.89,23,11,34,1,9,20,0,1,6,1,20,18,46,0,0,1,0,0,64,77,0,NA,0,0,0,0,0,0,0
1452868,1,"Liga Nacional","Liga Endesa",-402534000,NA,"https://www.acb.com/Documentos/Cabeceras/logo-competicion-1b.png","https://www.acb.com/Documentos/Cabeceras/logo-competicion-4a.png",70,2005,107,NA,NA,1955,12344,NA,NA,TRUE,1352,1352,1061,"Unicaja","Unicaja","UNI",1342,341,"Gran Canaria","Gran Canaria","GCA",1,78,12000,8,20,40,15,29,51.72,24,28,85.71,22,7,29,10,10,14,0,4,2,0,19,28,94,0,0,0,1,0,78,72,0,NA,0,0,0,0,0,0,0
1452869,1,"Liga Nacional","Liga Endesa",-402534000,NA,"https://www.acb.com/Documentos/Cabeceras/logo-competicion-1b.png","https://www.acb.com/Documentos/Cabeceras/logo-competicion-4a.png",70,2005,107,NA,NA,1955,12344,NA,NA,FALSE,1342,1352,1061,"Unicaja","Unicaja","UNI",1342,341,"Gran Canaria","Gran Canaria","GCA",1,72,12000,6,23,26.09,18,37,48.65,18,21,85.71,20,10,30,10,7,13,0,2,4,1,28,19,56,0,0,1,0,0,72,78,0,NA,0,0,0,0,0,0,0
1452762,1,"Liga Nacional","Liga Endesa",-402534000,NA,"https://www.acb.com/Documentos/Cabeceras/logo-competicion-1b.png","https://www.acb.com/Documentos/Cabeceras/logo-competicion-4a.png",70,2005,107,NA,NA,1955,12340,NA,NA,FALSE,1349,1344,1202,"Alta Gestión Fuenlabrada","Alta Gestión F.","AGF",1349,870,"Ricoh Manresa","Ricoh Manresa","MAN",1,66,12000,8,27,29.63,11,26,42.31,20,29,68.97,21,2,23,9,9,16,0,1,1,0,17,26,57,0,0,1,0,0,66,82,0,NA,0,0,0,0,0,0,0
1452761,1,"Liga Nacional","Liga Endesa",-402534000,NA,"https://www.acb.com/Documentos/Cabeceras/logo-competicion-1b.png","https://www.acb.com/Documentos/Cabeceras/logo-competicion-4a.png",70,2005,107,NA,NA,1955,12340,NA,NA,TRUE,1344,1344,1202,"Alta Gestión Fuenlabrada","Alta Gestión F.","AGF",1349,870,"Ricoh Manresa","Ricoh Manresa","MAN",1,82,12000,11,25,44,20,29,68.97,9,13,69.23,26,2,28,15,9,17,0,1,1,0,26,17,81,0,0,0,1,0,82,66,0,NA,0,0,0,0,0,0,0
1452898,1,"Liga Nacional","Liga Endesa",-402534000,NA,"https://www.acb.com/Documentos/Cabeceras/logo-competicion-1b.png","https://www.acb.com/Documentos/Cabeceras/logo-competicion-4a.png",70,2005,107,NA,NA,1955,12345,NA,NA,TRUE,1354,1354,1854,"Fórum Valladolid","Fórum Vall.","FOR",1343,469,"Adecco Estudiantes","Adecco Estu","EST",1,97,12000,10,23,43.48,24,44,54.55,19,26,73.08,27,10,37,12,10,14,0,5,3,1,28,27,103,0,0,0,1,0,97,84,0,NA,0,0,0,0,0,0,0
1452899,1,"Liga Nacional","Liga Endesa",-402534000,NA,"https://www.acb.com/Documentos/Cabeceras/logo-competicion-1b.png","https://www.acb.com/Documentos/Cabeceras/logo-competicion-4a.png",70,2005,107,NA,NA,1955,12345,NA,NA,FALSE,1343,1354,1854,"Fórum Valladolid","Fórum Vall.","FOR",1343,469,"Adecco Estudiantes","Adecco Estu","EST",1,84,12000,4,15,26,25,48,52,22,31,70,22,12,34,22,8,15,0,3,5,2,27,28,89,0,0,12,0,0,84,97,0,0,0,0,0,0,0,0,0
1452736,1,"Liga Nacional","Liga Endesa",-402534000,NA,"https://www.acb.com/Documentos/Cabeceras/logo-competicion-1b.png","https://www.acb.com/Documentos/Cabeceras/logo-competicion-4a.png",70,2005,107,NA,NA,1955,12339,NA,NA,TRUE,1340,1340,284,"Lagun Aro Bilbao Basket","Lagun Aro BB","LBB",1347,631,"DKV Joventut","DKV Joventut","DKV",1,70,12000,6,18,33.33,19,37,51.35,14,18,77.78,19,13,32,4,8,19,0,1,5,1,20,26,63,0,0,1,0,0,70,75,0,NA,0,0,0,0,0,0,0
1452737,1,"Liga Nacional","Liga Endesa",-402534000,NA,"https://www.acb.com/Documentos/Cabeceras/logo-competicion-1b.png","https://www.acb.com/Documentos/Cabeceras/logo-competicion-4a.png",70,2005,107,NA,NA,1955,12339,NA,NA,FALSE,1347,1340,284,"Lagun Aro Bilbao Basket","Lagun Aro BB","LBB",1347,631,"DKV Joventut","DKV Joventut","DKV",1,75,12000,6,25,24,21,33,63.64,15,17,88.24,18,14,32,15,8,18,0,5,1,3,26,20,77,0,0,0,1,0,75,70,0,NA,0,0,0,0,0,0,0
1452787,1,"Liga Nacional","Liga Endesa",-402534000,NA,"https://www.acb.com/Documentos/Cabeceras/logo-competicion-1b.png","https://www.acb.com/Documentos/Cabeceras/logo-competicion-4a.png",70,2005,107,NA,NA,1955,12341,NA,NA,FALSE,1351,1348,768,"Real Madrid","Real Madrid","RMB",1351,969,"Pamesa Valencia","Pamesa Valencia","PAM",1,81,12000,8,21,38.1,22,32,68.75,13,22,59.09,21,11,32,10,4,20,0,1,4,1,28,23,67,0,0,0,1,0,81,80,0,NA,0,0,0,0,0,0,0
1452786,1,"Liga Nacional","Liga Endesa",-402534000,NA,"https://www.acb.com/Documentos/Cabeceras/logo-competicion-1b.png","https://www.acb.com/Documentos/Cabeceras/logo-competicion-4a.png",70,2005,107,NA,NA,1955,12341,NA,NA,TRUE,1348,1348,768,"Real Madrid","Real Madrid","RMB",1351,969,"Pamesa Valencia","Pamesa Valencia","PAM",1,80,12000,11,24,45.83,13,33,39.39,21,29,72.41,13,10,23,13,13,11,0,4,1,0,23,28,85,0,0,1,0,0,80,81,0,NA,0,0,0,0,0,0,0
1452710,1,"Liga Nacional","Liga Endesa",-402534000,NA,"https://www.acb.com/Documentos/Cabeceras/logo-competicion-1b.png","https://www.acb.com/Documentos/Cabeceras/logo-competicion-4a.png",70,2005,107,NA,NA,1955,12338,NA,NA,TRUE,1338,1338,109,"Winterthur FC Barcelona","Winterthur FCB","FCB",1345,1471,"Akasvayu Girona","Akasvayu Gir.","GIR",1,90,12000,9,18,50,23,39,58.97,17,19,89.47,22,9,31,18,13,12,0,4,1,2,19,21,118,0,0,0,1,0,90,67,0,NA,0,0,0,0,0,0,0
1452711,1,"Liga Nacional","Liga Endesa",-402534000,NA,"https://www.acb.com/Documentos/Cabeceras/logo-competicion-1b.png","https://www.acb.com/Documentos/Cabeceras/logo-competicion-4a.png",70,2005,107,NA,NA,1955,12338,NA,NA,FALSE,1345,1338,109,"Winterthur FC Barcelona","Winterthur FCB","FCB",1345,1471,"Akasvayu Girona","Akasvayu Gir.","GIR",1,67,12000,6,19,31.58,18,32,56.25,13,17,76.47,18,7,25,14,9,17,0,1,4,3,21,19,62,0,0,1,0,0,67,90,0,NA,0,0,0,0,0,0,0
1452951,1,"Liga Nacional","Liga Endesa",-402534000,NA,"https://www.acb.com/Documentos/Cabeceras/logo-competicion-1b.png","https://www.acb.com/Documentos/Cabeceras/logo-competicion-4a.png",70,2005,107,NA,NA,1956,12347,NA,NA,TRUE,1342,1342,341,"Gran Canaria","Gran Canaria","GCA",1353,1133,"Caja San Fernando","C. San Fernando","CSF",1,83,12000,11,24,45.83,18,32,56.25,14,17,82.35,23,5,28,16,7,9,0,1,2,1,21,18,91,0,0,0,1,0,83,63,0,NA,0,0,0,0,0,0,0
1452952,1,"Liga Nacional","Liga Endesa",-402534000,NA,"https://www.acb.com/Documentos/Cabeceras/logo-competicion-1b.png","https://www.acb.com/Documentos/Cabeceras/logo-competicion-4a.png",70,2005,107,NA,NA,1956,12347,NA,NA,FALSE,1353,1342,341,"Gran Canaria","Gran Canaria","GCA",1353,1133,"Caja San Fernando","C. San Fernando","CSF",1,63,12000,6,21,28.57,17,35,48.57,11,19,57.89,18,12,30,13,4,15,0,2,1,1,18,21,58,0,0,1,0,0,63,83,0,NA,0,0,0,0,0,0,0
1453003,1,"Liga Nacional","Liga Endesa",-402534000,NA,"https://www.acb.com/Documentos/Cabeceras/logo-competicion-1b.png","https://www.acb.com/Documentos/Cabeceras/logo-competicion-4a.png",70,2005,107,NA,NA,1956,12349,NA,NA,TRUE,1346,1346,8,"CB Granada","CB Granada","GRA",1348,768,"Real Madrid","Real Madrid","RMB",1,83,12000,9,27,33.33,17,35,48.57,22,28,78.57,24,7,31,14,10,10,0,1,2,0,22,25,88,0,0,0,1,0,83,71,0,NA,0,0,0,0,0,0,0
1453004,1,"Liga Nacional","Liga Endesa",-402534000,NA,"https://www.acb.com/Documentos/Cabeceras/logo-competicion-1b.png","https://www.acb.com/Documentos/Cabeceras/logo-competicion-4a.png",70,2005,107,NA,NA,1956,12349,NA,NA,FALSE,1348,1346,8,"CB Granada","CB Granada","GRA",1348,768,"Real Madrid","Real Madrid","RMB",1,71,12000,6,24,25,16,32,50,21,24,87.5,26,11,37,15,6,16,0,2,1,1,25,22,74,0,0,1,0,0,71,83,0,NA,0,0,0,0,0,0,0
1452924,1,"Liga Nacional","Liga Endesa",-402534000,NA,"https://www.acb.com/Documentos/Cabeceras/logo-competicion-1b.png","https://www.acb.com/Documentos/Cabeceras/logo-competicion-4a.png",70,2005,107,NA,NA,1956,12346,NA,NA,TRUE,1341,1341,1359,"Leche Río Breogán","Leche Río Bre.","BRE",1354,1854,"Fórum Valladolid","Fórum Vall.","FOR",1,88,13500,4,17,23.53,24,41,58.54,28,36,77.78,21,16,37,13,9,14,0,2,7,1,34,29,85,0,0,1,0,0,88,89,0,NA,0,0,0,0,0,0,0
1452925,1,"Liga Nacional","Liga Endesa",-402534000,NA,"https://www.acb.com/Documentos/Cabeceras/logo-competicion-1b.png","https://www.acb.com/Documentos/Cabeceras/logo-competicion-4a.png",70,2005,107,NA,NA,1956,12346,NA,NA,FALSE,1354,1341,1359,"Leche Río Breogán","Leche Río Bre.","BRE",1354,1854,"Fórum Valladolid","Fórum Vall.","FOR",1,89,13500,11,17,64.71,17,38,44.74,22,35,62.86,16,9,25,13,11,12,0,7,2,1,29,34,96,0,0,0,1,0,89,88,0,NA,0,0,0,0,0,0,0
1452977,1,"Liga Nacional","Liga Endesa",-402534000,NA,"https://www.acb.com/Documentos/Cabeceras/logo-competicion-1b.png","https://www.acb.com/Documentos/Cabeceras/logo-competicion-4a.png",70,2005,107,NA,NA,1956,12348,NA,NA,TRUE,1347,1347,631,"DKV Joventut","DKV Joventut","DKV",1352,1061,"Unicaja","Unicaja","UNI",1,97,12000,11,18,61.11,24,47,51.06,16,22,72.73,19,12,31,12,14,15,0,1,0,3,27,25,102,0,0,0,1,0,97,87,0,NA,0,0,0,0,0,0,0
1452978,1,"Liga Nacional","Liga Endesa",-402534000,NA,"https://www.acb.com/Documentos/Cabeceras/logo-competicion-1b.png","https://www.acb.com/Documentos/Cabeceras/logo-competicion-4a.png",70,2005,107,NA,NA,1956,12348,NA,NA,FALSE,1352,1347,631,"DKV Joventut","DKV Joventut","DKV",1352,1061,"Unicaja","Unicaja","UNI",1,87,12000,14,24,58.33,12,25,48,21,29,72.41,19,6,25,22,10,20,0,0,1,2,25,27,94,0,0,1,0,0,87,97,0,NA,0,0,0,0,0,0,0
1453028,1,"Liga Nacional","Liga Endesa",-402534000,NA,"https://www.acb.com/Documentos/Cabeceras/logo-competicion-1b.png","https://www.acb.com/Documentos/Cabeceras/logo-competicion-4a.png",70,2005,107,NA,NA,1956,12350,NA,NA,TRUE,1349,1349,870,"Ricoh Manresa","Ricoh Manresa","MAN",1350,890,"Llanera Menorca","Llanera Menorca","MEN",1,70,12000,6,24,25,19,39,48.72,14,21,66.67,16,19,35,12,7,8,0,5,3,1,24,23,72,0,0,1,0,0,70,76,0,NA,0,0,0,0,0,0,0
1453029,1,"Liga Nacional","Liga Endesa",-402534000,NA,"https://www.acb.com/Documentos/Cabeceras/logo-competicion-1b.png","https://www.acb.com/Documentos/Cabeceras/logo-competicion-4a.png",70,2005,107,NA,NA,1956,12350,NA,NA,FALSE,1350,1349,870,"Ricoh Manresa","Ricoh Manresa","MAN",1350,890,"Llanera Menorca","Llanera Menorca","MEN",1,76,12000,6,17,35.29,22,38,57.89,14,19,73.68,22,11,33,9,7,12,0,3,5,1,23,24,80,0,0,0,1,0,76,70,0,NA,0,0,0,0,0,0,0
1453056,1,"Liga Nacional","Liga Endesa",-402534000,NA,"https://www.acb.com/Documentos/Cabeceras/logo-competicion-1b.png","https://www.acb.com/Documentos/Cabeceras/logo-competicion-4a.png",70,2005,107,NA,NA,1956,12351,NA,NA,TRUE,1343,1343,469,"Adecco Estudiantes","Adecco Estu","EST",1337,1285,"Etosa Alicante","Etosa Alicante","ALI",1,81,12000,3,14,21,20,41,48,32,43,74,23,8,31,18,12,12,0,3,1,3,22,33,100,0,0,0,11,0,81,74,0,0,0,0,0,0,0,0,0
1453057,1,"Liga Nacional","Liga Endesa",-402534000,NA,"https://www.acb.com/Documentos/Cabeceras/logo-competicion-1b.png","https://www.acb.com/Documentos/Cabeceras/logo-competicion-4a.png",70,2005,107,NA,NA,1956,12351,NA,NA,FALSE,1337,1343,469,"Adecco Estudiantes","Adecco Estu","EST",1337,1285,"Etosa Alicante","Etosa Alicante","ALI",1,74,12000,7,20,35,20,37,54.05,13,21,61.9,27,9,36,15,6,21,0,1,3,0,33,22,59,0,0,1,0,0,74,81,0,NA,0,0,0,0,0,0,0
1453106,1,"Liga Nacional","Liga Endesa",-402534000,NA,"https://www.acb.com/Documentos/Cabeceras/logo-competicion-1b.png","https://www.acb.com/Documentos/Cabeceras/logo-competicion-4a.png",70,2005,107,NA,NA,1956,12353,NA,NA,TRUE,1351,1351,969,"Pamesa Valencia","Pamesa Valencia","PAM",1340,284,"Lagun Aro Bilbao Basket","Lagun Aro BB","LBB",1,70,12000,8,21,38.1,16,39,41.03,14,19,73.68,23,11,34,14,6,10,0,5,3,1,20,23,78,0,0,0,1,0,70,65,0,NA,0,0,0,0,0,0,0
1453107,1,"Liga Nacional","Liga Endesa",-402534000,NA,"https://www.acb.com/Documentos/Cabeceras/logo-competicion-1b.png","https://www.acb.com/Documentos/Cabeceras/logo-competicion-4a.png",70,2005,107,NA,NA,1956,12353,NA,NA,FALSE,1340,1351,969,"Pamesa Valencia","Pamesa Valencia","PAM",1340,284,"Lagun Aro Bilbao Basket","Lagun Aro BB","LBB",1,65,12000,5,17,29.41,19,41,46.34,12,15,80,26,11,37,8,6,14,0,3,5,1,23,20,60,0,0,1,0,0,65,70,0,NA,0,0,0,0,0,0,0
1453133,1,"Liga Nacional","Liga Endesa",-402534000,NA,"https://www.acb.com/Documentos/Cabeceras/logo-competicion-1b.png","https://www.acb.com/Documentos/Cabeceras/logo-competicion-4a.png",70,2005,107,NA,NA,1956,12354,NA,NA,FALSE,1344,1345,1471,"Akasvayu Girona","Akasvayu Gir.","GIR",1344,1202,"Alta Gestión Fuenlabrada","Alta Gestión F.","AGF",1,75,12000,11,22,50,12,23,52.17,18,21,85.71,28,3,31,9,5,16,0,0,1,1,23,21,76,0,0,1,0,0,75,76,0,NA,0,0,0,0,0,0,0
1453132,1,"Liga Nacional","Liga Endesa",-402534000,NA,"https://www.acb.com/Documentos/Cabeceras/logo-competicion-1b.png","https://www.acb.com/Documentos/Cabeceras/logo-competicion-4a.png",70,2005,107,NA,NA,1956,12354,NA,NA,TRUE,1345,1345,1471,"Akasvayu Girona","Akasvayu Gir.","GIR",1344,1202,"Alta Gestión Fuenlabrada","Alta Gestión F.","AGF",1,76,12000,7,25,28,18,34,52.94,19,26,73.08,19,11,30,11,5,8,0,1,0,2,21,23,76,0,0,0,1,0,76,75,0,NA,0,0,0,0,0,0,0
1453083,1,"Liga Nacional","Liga Endesa",-402534000,NA,"https://www.acb.com/Documentos/Cabeceras/logo-competicion-1b.png","https://www.acb.com/Documentos/Cabeceras/logo-competicion-4a.png",70,2005,107,NA,NA,1956,12352,NA,NA,FALSE,1338,1339,223,"TAU Cerámica","TAU Cerámica","TAU",1338,109,"Winterthur FC Barcelona","Winterthur FCB","FCB",1,66,12000,4,14,28.57,22,48,45.83,10,12,83.33,22,14,36,10,4,16,0,3,5,3,18,18,60,0,0,1,0,0,66,74,0,NA,0,0,0,0,0,0,0
1453082,1,"Liga Nacional","Liga Endesa",-402534000,NA,"https://www.acb.com/Documentos/Cabeceras/logo-competicion-1b.png","https://www.acb.com/Documentos/Cabeceras/logo-competicion-4a.png",70,2005,107,NA,NA,1956,12352,NA,NA,TRUE,1339,1339,223,"TAU Cerámica","TAU Cerámica","TAU",1338,109,"Winterthur FC Barcelona","Winterthur FCB","FCB",1,74,12000,6,14,42.86,24,49,48.98,8,11,72.73,20,8,28,9,9,11,0,5,3,3,18,18,75,0,0,0,1,0,74,66,0,NA,0,0,0,0,0,0,0
1453214,1,"Liga Nacional","Liga Endesa",-402534000,NA,"https://www.acb.com/Documentos/Cabeceras/logo-competicion-1b.png","https://www.acb.com/Documentos/Cabeceras/logo-competicion-4a.png",70,2005,107,NA,NA,1957,12357,NA,NA,TRUE,1340,1340,284,"Lagun Aro Bilbao Basket","Lagun Aro BB","LBB",1349,870,"Ricoh Manresa","Ricoh Manresa","MAN",1,93,12000,5,15,33.33,32,52,61.54,14,20,70,26,13,39,14,5,7,0,2,1,3,23,24,110,0,0,0,1,0,93,76,0,NA,0,0,0,0,0,0,0
1453215,1,"Liga Nacional","Liga Endesa",-402534000,NA,"https://www.acb.com/Documentos/Cabeceras/logo-competicion-1b.png","https://www.acb.com/Documentos/Cabeceras/logo-competicion-4a.png",70,2005,107,NA,NA,1957,12357,NA,NA,FALSE,1349,1340,284,"Lagun Aro Bilbao Basket","Lagun Aro BB","LBB",1349,870,"Ricoh Manresa","Ricoh Manresa","MAN",1,76,12000,8,19,42.11,15,37,40.54,22,28,78.57,20,9,29,12,4,9,0,1,2,4,24,23,71,0,0,1,0,0,76,93,0,NA,0,0,0,0,0,0,0
1453349,1,"Liga Nacional","Liga Endesa",-402534000,NA,"https://www.acb.com/Documentos/Cabeceras/logo-competicion-1b.png","https://www.acb.com/Documentos/Cabeceras/logo-competicion-4a.png",70,2005,107,NA,NA,1957,12362,NA,NA,TRUE,1352,1352,1061,"Unicaja","Unicaja","UNI",1345,1471,"Akasvayu Girona","Akasvayu Gir.","GIR",1,81,12000,4,15,26.67,21,39,53.85,27,28,96.43,19,11,30,10,9,13,0,2,1,1,20,30,98,0,0,0,1,0,81,71,0,NA,0,0,0,0,0,0,0
1453350,1,"Liga Nacional","Liga Endesa",-402534000,NA,"https://www.acb.com/Documentos/Cabeceras/logo-competicion-1b.png","https://www.acb.com/Documentos/Cabeceras/logo-competicion-4a.png",70,2005,107,NA,NA,1957,12362,NA,NA,FALSE,1345,1352,1061,"Unicaja","Unicaja","UNI",1345,1471,"Akasvayu Girona","Akasvayu Gir.","GIR",1,71,12000,9,20,45,18,39,46.15,8,11,72.73,15,11,26,9,3,18,0,1,2,1,30,20,45,0,0,1,0,0,71,81,0,NA,0,0,0,0,0,0,0
1453160,1,"Liga Nacional","Liga Endesa",-402534000,NA,"https://www.acb.com/Documentos/Cabeceras/logo-competicion-1b.png","https://www.acb.com/Documentos/Cabeceras/logo-competicion-4a.png",70,2005,107,NA,NA,1957,12355,NA,NA,TRUE,1337,1337,1285,"Etosa Alicante","Etosa Alicante","ALI",1342,341,"Gran Canaria","Gran Canaria","GCA",1,65,12000,7,25,28,19,44,43.18,6,8,75,19,13,32,12,8,8,0,5,2,0,22,16,61,0,0,1,0,0,65,70,0,NA,0,0,0,0,0,0,0
1453161,1,"Liga Nacional","Liga Endesa",-402534000,NA,"https://www.acb.com/Documentos/Cabeceras/logo-competicion-1b.png","https://www.acb.com/Documentos/Cabeceras/logo-competicion-4a.png",70,2005,107,NA,NA,1957,12355,NA,NA,FALSE,1342,1337,1285,"Etosa Alicante","Etosa Alicante","ALI",1342,341,"Gran Canaria","Gran Canaria","GCA",1,70,12000,4,11,36.36,19,36,52.78,20,26,76.92,28,8,36,10,2,15,0,2,5,2,16,22,76,0,0,0,1,0,70,65,0,NA,0,0,0,0,0,0,0
1453188,1,"Liga Nacional","Liga Endesa",-402534000,NA,"https://www.acb.com/Documentos/Cabeceras/logo-competicion-1b.png","https://www.acb.com/Documentos/Cabeceras/logo-competicion-4a.png",70,2005,107,NA,NA,1957,12356,NA,NA,TRUE,1338,1338,109,"Winterthur FC Barcelona","Winterthur FCB","FCB",1347,631,"DKV Joventut","DKV Joventut","DKV",1,71,12000,9,25,36,15,36,41.67,14,16,87.5,18,8,26,21,15,13,0,2,4,1,17,21,83,0,0,1,0,0,71,76,0,NA,0,0,0,0,0,0,0
1453189,1,"Liga Nacional","Liga Endesa",-402534000,NA,"https://www.acb.com/Documentos/Cabeceras/logo-competicion-1b.png","https://www.acb.com/Documentos/Cabeceras/logo-competicion-4a.png",70,2005,107,NA,NA,1957,12356,NA,NA,FALSE,1347,1338,109,"Winterthur FC Barcelona","Winterthur FCB","FCB",1347,631,"DKV Joventut","DKV Joventut","DKV",1,76,12000,5,13,38.46,28,51,54.9,5,7,71.43,29,12,41,14,8,17,0,4,2,7,21,17,87,0,0,0,1,0,76,71,0,NA,0,0,0,0,0,0,0
1453293,1,"Liga Nacional","Liga Endesa",-402534000,NA,"https://www.acb.com/Documentos/Cabeceras/logo-competicion-1b.png","https://www.acb.com/Documentos/Cabeceras/logo-competicion-4a.png",70,2005,107,NA,NA,1957,12360,NA,NA,TRUE,1348,1348,768,"Real Madrid","Real Madrid","RMB",1341,1359,"Leche Río Breogán","Leche Río Bre.","BRE",1,98,12000,11,22,50,21,34,61.76,23,29,79.31,23,11,34,17,11,12,0,4,1,1,19,26,128,0,0,0,1,0,98,54,0,NA,0,0,0,0,0,0,0
1453294,1,"Liga Nacional","Liga Endesa",-402534000,NA,"https://www.acb.com/Documentos/Cabeceras/logo-competicion-1b.png","https://www.acb.com/Documentos/Cabeceras/logo-competicion-4a.png",70,2005,107,NA,NA,1957,12360,NA,NA,FALSE,1341,1348,768,"Real Madrid","Real Madrid","RMB",1341,1359,"Leche Río Breogán","Leche Río Bre.","BRE",1,54,12000,4,14,28.57,13,36,36.11,16,23,69.57,16,14,30,7,8,20,0,1,4,1,26,19,29,0,0,1,0,0,54,98,0,NA,0,0,0,0,0,0,0
1453322,1,"Liga Nacional","Liga Endesa",-402534000,NA,"https://www.acb.com/Documentos/Cabeceras/logo-competicion-1b.png","https://www.acb.com/Documentos/Cabeceras/logo-competicion-4a.png",70,2005,107,NA,NA,1957,12361,NA,NA,TRUE,1353,1353,1133,"Caja San Fernando","C. San Fernando","CSF",1343,469,"Adecco Estudiantes","Adecco Estu","EST",1,86,12000,9,21,42,22,39,56,15,18,83,19,7,26,16,15,16,0,1,2,1,24,18,88,0,0,0,11,0,86,80,0,0,0,0,0,0,0,0,0
1453323,1,"Liga Nacional","Liga Endesa",-402534000,NA,"https://www.acb.com/Documentos/Cabeceras/logo-competicion-1b.png","https://www.acb.com/Documentos/Cabeceras/logo-competicion-4a.png",70,2005,107,NA,NA,1957,12361,NA,NA,FALSE,1343,1353,1133,"Caja San Fernando","C. San Fernando","CSF",1343,469,"Adecco Estudiantes","Adecco Estu","EST",1,80,12000,5,19,26,22,42,52,21,26,80,21,16,37,19,12,19,0,2,1,5,18,24,97,0,0,10,0,0,80,86,0,0,0,0,0,0,0,0,0
1453241,1,"Liga Nacional","Liga Endesa",-402534000,NA,"https://www.acb.com/Documentos/Cabeceras/logo-competicion-1b.png","https://www.acb.com/Documentos/Cabeceras/logo-competicion-4a.png",70,2005,107,NA,NA,1957,12358,NA,NA,TRUE,1344,1344,1202,"Alta Gestión Fuenlabrada","Alta Gestión F.","AGF",1346,8,"CB Granada","CB Granada","GRA",1,80,12000,9,26,34.62,17,38,44.74,19,20,95,20,16,36,18,11,9,0,1,3,1,20,24,99,0,0,0,1,0,80,77,0,NA,0,0,0,0,0,0,0
1453242,1,"Liga Nacional","Liga Endesa",-402534000,NA,"https://www.acb.com/Documentos/Cabeceras/logo-competicion-1b.png","https://www.acb.com/Documentos/Cabeceras/logo-competicion-4a.png",70,2005,107,NA,NA,1957,12358,NA,NA,FALSE,1346,1344,1202,"Alta Gestión Fuenlabrada","Alta Gestión F.","AGF",1346,8,"CB Granada","CB Granada","GRA",1,77,12000,9,17,52.94,14,30,46.67,22,27,81.48,22,3,25,11,4,11,0,3,1,0,24,20,75,0,0,1,0,0,77,80,0,NA,0,0,0,0,0,0,0
1453267,1,"Liga Nacional","Liga Endesa",-402534000,NA,"https://www.acb.com/Documentos/Cabeceras/logo-competicion-1b.png","https://www.acb.com/Documentos/Cabeceras/logo-competicion-4a.png",70,2005,107,NA,NA,1957,12359,NA,NA,TRUE,1350,1350,890,"Llanera Menorca","Llanera Menorca","MEN",1339,223,"TAU Cerámica","TAU Cerámica","TAU",1,82,12000,6,11,54.55,24,49,48.98,16,21,76.19,26,10,36,10,7,12,0,3,4,0,22,22,87,0,0,0,1,0,82,75,0,NA,0,0,0,0,0,0,0
1453268,1,"Liga Nacional","Liga Endesa",-402534000,NA,"https://www.acb.com/Documentos/Cabeceras/logo-competicion-1b.png","https://www.acb.com/Documentos/Cabeceras/logo-competicion-4a.png",70,2005,107,NA,NA,1957,12359,NA,NA,FALSE,1339,1350,890,"Llanera Menorca","Llanera Menorca","MEN",1339,223,"TAU Cerámica","TAU Cerámica","TAU",1,75,12000,9,32,28.12,17,34,50,14,22,63.64,20,18,38,11,10,13,0,4,3,0,22,22,74,0,0,1,0,0,75,82,0,NA,0,0,0,0,0,0,0
1453375,1,"Liga Nacional","Liga Endesa",-402534000,NA,"https://www.acb.com/Documentos/Cabeceras/logo-competicion-1b.png","https://www.acb.com/Documentos/Cabeceras/logo-competicion-4a.png",70,2005,107,NA,NA,1957,12363,NA,NA,TRUE,1354,1354,1854,"Fórum Valladolid","Fórum Vall.","FOR",1351,969,"Pamesa Valencia","Pamesa Valencia","PAM",1,71,12000,4,14,28.57,20,39,51.28,19,22,86.36,27,9,36,7,6,14,0,2,2,0,27,24,71,0,0,1,0,0,71,75,0,NA,0,0,0,0,0,0,0
1453376,1,"Liga Nacional","Liga Endesa",-402534000,NA,"https://www.acb.com/Documentos/Cabeceras/logo-competicion-1b.png","https://www.acb.com/Documentos/Cabeceras/logo-competicion-4a.png",70,2005,107,NA,NA,1957,12363,NA,NA,FALSE,1351,1354,1854,"Fórum Valladolid","Fórum Vall.","FOR",1351,969,"Pamesa Valencia","Pamesa Valencia","PAM",1,75,12000,10,22,45.45,13,35,37.14,19,30,63.33,18,13,31,10,7,11,0,2,2,0,24,27,70,0,0,0,1,0,75,71,0,NA,0,0,0,0,0,0,0
1453485,1,"Liga Nacional","Liga Endesa",-402534000,NA,"https://www.acb.com/Documentos/Cabeceras/logo-competicion-1b.png","https://www.acb.com/Documentos/Cabeceras/logo-competicion-4a.png",70,2005,107,NA,NA,1958,12367,NA,NA,FALSE,1352,1348,768,"Real Madrid","Real Madrid","RMB",1352,1061,"Unicaja","Unicaja","UNI",1,86,12000,4,15,26.67,22,33,66.67,30,32,93.75,21,7,28,13,6,14,0,3,4,3,25,31,100,0,0,0,1,0,86,77,0,NA,0,0,0,0,0,0,0
1453484,1,"Liga Nacional","Liga Endesa",-402534000,NA,"https://www.acb.com/Documentos/Cabeceras/logo-competicion-1b.png","https://www.acb.com/Documentos/Cabeceras/logo-competicion-4a.png",70,2005,107,NA,NA,1958,12367,NA,NA,TRUE,1348,1348,768,"Real Madrid","Real Madrid","RMB",1352,1061,"Unicaja","Unicaja","UNI",1,77,12000,6,18,33.33,21,41,51.22,17,22,77.27,16,11,27,12,11,12,0,4,3,3,31,25,73,0,0,1,0,0,77,86,0,NA,0,0,0,0,0,0,0
1453511,1,"Liga Nacional","Liga Endesa",-402534000,NA,"https://www.acb.com/Documentos/Cabeceras/logo-competicion-1b.png","https://www.acb.com/Documentos/Cabeceras/logo-competicion-4a.png",70,2005,107,NA,NA,1958,12368,NA,NA,TRUE,1345,1345,1471,"Akasvayu Girona","Akasvayu Gir.","GIR",1337,1285,"Etosa Alicante","Etosa Alicante","ALI",1,66,12000,8,25,32,14,38,36.84,14,21,66.67,25,18,43,14,8,20,0,4,2,1,29,23,59,0,0,1,0,0,66,82,0,NA,0,0,0,0,0,0,0
1453512,1,"Liga Nacional","Liga Endesa",-402534000,NA,"https://www.acb.com/Documentos/Cabeceras/logo-competicion-1b.png","https://www.acb.com/Documentos/Cabeceras/logo-competicion-4a.png",70,2005,107,NA,NA,1958,12368,NA,NA,FALSE,1337,1345,1471,"Akasvayu Girona","Akasvayu Gir.","GIR",1337,1285,"Etosa Alicante","Etosa Alicante","ALI",1,82,12000,6,19,31.58,18,37,48.65,28,38,73.68,26,10,36,14,13,12,0,2,4,2,23,29,95,0,0,0,1,0,82,66,0,NA,0,0,0,0,0,0,0
1453591,1,"Liga Nacional","Liga Endesa",-402534000,NA,"https://www.acb.com/Documentos/Cabeceras/logo-competicion-1b.png","https://www.acb.com/Documentos/Cabeceras/logo-competicion-4a.png",70,2005,107,NA,NA,1958,12371,NA,NA,TRUE,1339,1339,223,"TAU Cerámica","TAU Cerámica","TAU",1344,1202,"Alta Gestión Fuenlabrada","Alta Gestión F.","AGF",1,102,12000,7,18,38.89,29,43,67.44,23,33,69.7,25,11,36,18,13,13,0,4,1,2,19,25,130,0,0,0,1,0,102,75,0,NA,0,0,0,0,0,0,0
1453592,1,"Liga Nacional","Liga Endesa",-402534000,NA,"https://www.acb.com/Documentos/Cabeceras/logo-competicion-1b.png","https://www.acb.com/Documentos/Cabeceras/logo-competicion-4a.png",70,2005,107,NA,NA,1958,12371,NA,NA,FALSE,1344,1339,223,"TAU Cerámica","TAU Cerámica","TAU",1344,1202,"Alta Gestión Fuenlabrada","Alta Gestión F.","AGF",1,75,12000,8,21,38.1,20,41,48.78,11,17,64.71,20,10,30,14,5,18,0,1,4,0,25,19,57,0,0,1,0,0,75,102,0,NA,0,0,0,0,0,0,0
1453430,1,"Liga Nacional","Liga Endesa",-402534000,NA,"https://www.acb.com/Documentos/Cabeceras/logo-competicion-1b.png","https://www.acb.com/Documentos/Cabeceras/logo-competicion-4a.png",70,2005,107,NA,NA,1958,12365,NA,NA,TRUE,1342,1342,341,"Gran Canaria","Gran Canaria","GCA",1343,469,"Adecco Estudiantes","Adecco Estu","EST",1,60,12000,7,24,29.17,15,35,42.86,9,14,64.29,28,9,37,10,5,17,0,3,5,0,22,20,49,0,0,1,0,0,60,68,0,NA,0,0,0,0,0,0,0
1453431,1,"Liga Nacional","Liga Endesa",-402534000,NA,"https://www.acb.com/Documentos/Cabeceras/logo-competicion-1b.png","https://www.acb.com/Documentos/Cabeceras/logo-competicion-4a.png",70,2005,107,NA,NA,1958,12365,NA,NA,FALSE,1343,1342,341,"Gran Canaria","Gran Canaria","GCA",1343,469,"Adecco Estudiantes","Adecco Estu","EST",1,68,12000,5,19,26,21,43,48,11,16,68,30,9,39,15,10,13,0,5,3,0,20,22,82,0,0,0,10,0,68,60,0,0,0,0,0,0,0,0,0
1453458,1,"Liga Nacional","Liga Endesa",-402534000,NA,"https://www.acb.com/Documentos/Cabeceras/logo-competicion-1b.png","https://www.acb.com/Documentos/Cabeceras/logo-competicion-4a.png",70,2005,107,NA,NA,1958,12366,NA,NA,TRUE,1346,1346,8,"CB Granada","CB Granada","GRA",1353,1133,"Caja San Fernando","C. San Fernando","CSF",1,72,12000,6,20,30,21,41,51.22,12,16,75,32,9,41,15,6,9,0,6,5,0,25,19,82,0,0,1,0,0,72,76,0,NA,0,0,0,0,0,0,0
1453459,1,"Liga Nacional","Liga Endesa",-402534000,NA,"https://www.acb.com/Documentos/Cabeceras/logo-competicion-1b.png","https://www.acb.com/Documentos/Cabeceras/logo-competicion-4a.png",70,2005,107,NA,NA,1958,12366,NA,NA,FALSE,1353,1346,8,"CB Granada","CB Granada","GRA",1353,1133,"Caja San Fernando","C. San Fernando","CSF",1,76,12000,7,22,31,19,42,45,17,26,65,24,10,34,11,4,7,0,5,6,1,19,25,76,0,0,0,11,0,76,72,0,0,0,0,0,0,0,0,0
1453539,1,"Liga Nacional","Liga Endesa",-402534000,NA,"https://www.acb.com/Documentos/Cabeceras/logo-competicion-1b.png","https://www.acb.com/Documentos/Cabeceras/logo-competicion-4a.png",70,2005,107,NA,NA,1958,12369,NA,NA,TRUE,1349,1349,870,"Ricoh Manresa","Ricoh Manresa","MAN",1338,109,"Winterthur FC Barcelona","Winterthur FCB","FCB",1,77,12000,5,19,26.32,22,40,55,18,24,75,24,6,30,11,5,9,0,4,5,4,20,24,79,0,0,1,0,0,77,90,0,NA,0,0,0,0,0,0,0
1453540,1,"Liga Nacional","Liga Endesa",-402534000,NA,"https://www.acb.com/Documentos/Cabeceras/logo-competicion-1b.png","https://www.acb.com/Documentos/Cabeceras/logo-competicion-4a.png",70,2005,107,NA,NA,1958,12369,NA,NA,FALSE,1338,1349,870,"Ricoh Manresa","Ricoh Manresa","MAN",1338,109,"Winterthur FC Barcelona","Winterthur FCB","FCB",1,90,12000,11,21,52.38,21,43,48.84,15,18,83.33,27,7,34,17,6,10,0,5,4,2,24,20,99,0,0,0,1,0,90,77,0,NA,0,0,0,0,0,0,0
1453616,1,"Liga Nacional","Liga Endesa",-402534000,NA,"https://www.acb.com/Documentos/Cabeceras/logo-competicion-1b.png","https://www.acb.com/Documentos/Cabeceras/logo-competicion-4a.png",70,2005,107,NA,NA,1958,12372,NA,NA,TRUE,1351,1351,969,"Pamesa Valencia","Pamesa Valencia","PAM",1350,890,"Llanera Menorca","Llanera Menorca","MEN",1,80,12000,8,27,29.63,24,45,53.33,8,13,61.54,21,14,35,14,9,10,0,7,9,2,26,21,76,0,0,1,0,0,80,87,0,NA,0,0,0,0,0,0,0
1453617,1,"Liga Nacional","Liga Endesa",-402534000,NA,"https://www.acb.com/Documentos/Cabeceras/logo-competicion-1b.png","https://www.acb.com/Documentos/Cabeceras/logo-competicion-4a.png",70,2005,107,NA,NA,1958,12372,NA,NA,FALSE,1350,1351,969,"Pamesa Valencia","Pamesa Valencia","PAM",1350,890,"Llanera Menorca","Llanera Menorca","MEN",1,87,12000,7,15,46.67,24,47,51.06,18,24,75,27,11,38,16,3,15,0,9,7,2,21,26,99,0,0,0,1,0,87,80,0,NA,0,0,0,0,0,0,0
1453566,1,"Liga Nacional","Liga Endesa",-402534000,NA,"https://www.acb.com/Documentos/Cabeceras/logo-competicion-1b.png","https://www.acb.com/Documentos/Cabeceras/logo-competicion-4a.png",70,2005,107,NA,NA,1958,12370,NA,NA,TRUE,1354,1354,1854,"Fórum Valladolid","Fórum Vall.","FOR",1340,284,"Lagun Aro Bilbao Basket","Lagun Aro BB","LBB",1,73,12000,9,19,47.37,19,40,47.5,8,12,66.67,23,6,29,18,5,10,0,0,0,2,26,20,74,0,0,0,1,0,73,66,0,NA,0,0,0,0,0,0,0
1453567,1,"Liga Nacional","Liga Endesa",-402534000,NA,"https://www.acb.com/Documentos/Cabeceras/logo-competicion-1b.png","https://www.acb.com/Documentos/Cabeceras/logo-competicion-4a.png",70,2005,107,NA,NA,1958,12370,NA,NA,FALSE,1340,1354,1854,"Fórum Valladolid","Fórum Vall.","FOR",1340,284,"Lagun Aro Bilbao Basket","Lagun Aro BB","LBB",1,66,12000,4,18,22.22,19,34,55.88,16,21,76.19,23,8,31,12,7,11,0,0,0,2,20,26,77,0,0,1,0,0,66,73,0,NA,0,0,0,0,0,0,0
1453402,1,"Liga Nacional","Liga Endesa",-402534000,NA,"https://www.acb.com/Documentos/Cabeceras/logo-competicion-1b.png","https://www.acb.com/Documentos/Cabeceras/logo-competicion-4a.png",70,2005,107,NA,NA,1958,12364,NA,NA,FALSE,1347,1341,1359,"Leche Río Breogán","Leche Río Bre.","BRE",1347,631,"DKV Joventut","DKV Joventut","DKV",1,76,12000,3,17,17.65,19,41,46.34,29,35,82.86,18,10,28,11,11,10,0,7,1,4,26,31,85,0,0,0,1,0,76,74,0,NA,0,0,0,0,0,0,0
1453401,1,"Liga Nacional","Liga Endesa",-402534000,NA,"https://www.acb.com/Documentos/Cabeceras/logo-competicion-1b.png","https://www.acb.com/Documentos/Cabeceras/logo-competicion-4a.png",70,2005,107,NA,NA,1958,12364,NA,NA,TRUE,1341,1341,1359,"Leche Río Breogán","Leche Río Bre.","BRE",1347,631,"DKV Joventut","DKV Joventut","DKV",1,74,12000,4,15,26.67,19,41,46.34,24,30,80,24,14,38,10,6,17,0,1,7,1,31,26,61,0,0,1,0,0,74,76,0,NA,0,0,0,0,0,0,0
1453698,1,"Liga Nacional","Liga Endesa",-402534000,NA,"https://www.acb.com/Documentos/Cabeceras/logo-competicion-1b.png","https://www.acb.com/Documentos/Cabeceras/logo-competicion-4a.png",70,2005,107,NA,NA,1959,12375,NA,NA,FALSE,1339,1340,284,"Lagun Aro Bilbao Basket","Lagun Aro BB","LBB",1339,223,"TAU Cerámica","TAU Cerámica","TAU",1,78,12000,5,16,31.25,24,48,50,15,19,78.95,20,12,32,8,9,11,0,2,0,1,25,21,75,0,0,1,0,0,78,92,0,NA,0,0,0,0,0,0,0
1453697,1,"Liga Nacional","Liga Endesa",-402534000,NA,"https://www.acb.com/Documentos/Cabeceras/logo-competicion-1b.png","https://www.acb.com/Documentos/Cabeceras/logo-competicion-4a.png",70,2005,107,NA,NA,1959,12375,NA,NA,TRUE,1340,1340,284,"Lagun Aro Bilbao Basket","Lagun Aro BB","LBB",1339,223,"TAU Cerámica","TAU Cerámica","TAU",1,92,12000,9,18,50,23,40,57.5,19,26,73.08,25,7,32,12,4,11,0,0,2,2,21,25,98,0,0,0,1,0,92,78,0,NA,0,0,0,0,0,0,0
1453753,1,"Liga Nacional","Liga Endesa",-402534000,NA,"https://www.acb.com/Documentos/Cabeceras/logo-competicion-1b.png","https://www.acb.com/Documentos/Cabeceras/logo-competicion-4a.png",70,2005,107,NA,NA,1959,12377,NA,NA,TRUE,1347,1347,631,"DKV Joventut","DKV Joventut","DKV",1348,768,"Real Madrid","Real Madrid","RMB",1,68,12000,9,21,42.86,16,37,43.24,9,14,64.29,18,15,33,18,6,15,0,2,2,4,31,21,62,0,0,1,0,0,68,73,0,NA,0,0,0,0,0,0,0
1453754,1,"Liga Nacional","Liga Endesa",-402534000,NA,"https://www.acb.com/Documentos/Cabeceras/logo-competicion-1b.png","https://www.acb.com/Documentos/Cabeceras/logo-competicion-4a.png",70,2005,107,NA,NA,1959,12377,NA,NA,FALSE,1348,1347,631,"DKV Joventut","DKV Joventut","DKV",1348,768,"Real Madrid","Real Madrid","RMB",1,73,12000,3,22,13.64,18,30,60,28,36,77.78,18,16,34,7,11,10,0,2,2,1,21,31,86,0,0,0,1,0,73,68,0,NA,0,0,0,0,0,0,0
1453644,1,"Liga Nacional","Liga Endesa",-402534000,NA,"https://www.acb.com/Documentos/Cabeceras/logo-competicion-1b.png","https://www.acb.com/Documentos/Cabeceras/logo-competicion-4a.png",70,2005,107,NA,NA,1959,12373,NA,NA,FALSE,1349,1337,1285,"Etosa Alicante","Etosa Alicante","ALI",1349,870,"Ricoh Manresa","Ricoh Manresa","MAN",1,55,12000,2,22,9.09,12,35,34.29,25,30,83.33,17,18,35,10,7,12,0,1,4,0,22,23,45,0,0,1,0,0,55,77,0,NA,0,0,0,0,0,0,0
1453643,1,"Liga Nacional","Liga Endesa",-402534000,NA,"https://www.acb.com/Documentos/Cabeceras/logo-competicion-1b.png","https://www.acb.com/Documentos/Cabeceras/logo-competicion-4a.png",70,2005,107,NA,NA,1959,12373,NA,NA,TRUE,1337,1337,1285,"Etosa Alicante","Etosa Alicante","ALI",1349,870,"Ricoh Manresa","Ricoh Manresa","MAN",1,77,12000,4,19,21.05,25,37,67.57,15,19,78.95,24,6,30,13,9,8,0,4,1,2,23,22,92,0,0,0,1,0,77,55,0,NA,0,0,0,0,0,0,0
1453671,1,"Liga Nacional","Liga Endesa",-402534000,NA,"https://www.acb.com/Documentos/Cabeceras/logo-competicion-1b.png","https://www.acb.com/Documentos/Cabeceras/logo-competicion-4a.png",70,2005,107,NA,NA,1959,12374,NA,NA,TRUE,1338,1338,109,"Winterthur FC Barcelona","Winterthur FCB","FCB",1342,341,"Gran Canaria","Gran Canaria","GCA",1,87,12000,6,20,30,26,43,60.47,17,21,80.95,22,14,36,17,6,9,0,1,3,0,19,20,101,0,0,0,1,0,87,80,0,NA,0,0,0,0,0,0,0
1453672,1,"Liga Nacional","Liga Endesa",-402534000,NA,"https://www.acb.com/Documentos/Cabeceras/logo-competicion-1b.png","https://www.acb.com/Documentos/Cabeceras/logo-competicion-4a.png",70,2005,107,NA,NA,1959,12374,NA,NA,FALSE,1342,1338,109,"Winterthur FC Barcelona","Winterthur FCB","FCB",1342,341,"Gran Canaria","Gran Canaria","GCA",1,80,12000,7,18,38.89,24,41,58.54,11,16,68.75,16,9,25,13,6,9,0,3,1,2,20,19,83,0,0,1,0,0,80,87,0,NA,0,0,0,0,0,0,0
1453780,1,"Liga Nacional","Liga Endesa",-402534000,NA,"https://www.acb.com/Documentos/Cabeceras/logo-competicion-1b.png","https://www.acb.com/Documentos/Cabeceras/logo-competicion-4a.png",70,2005,107,NA,NA,1959,12378,NA,NA,TRUE,1352,1352,1061,"Unicaja","Unicaja","UNI",1354,1854,"Fórum Valladolid","Fórum Vall.","FOR",1,77,12000,5,15,33.33,18,34,52.94,26,31,83.87,20,7,27,11,8,13,0,1,3,0,26,27,78,0,0,0,1,0,77,76,0,NA,0,0,0,0,0,0,0
1453781,1,"Liga Nacional","Liga Endesa",-402534000,NA,"https://www.acb.com/Documentos/Cabeceras/logo-competicion-1b.png","https://www.acb.com/Documentos/Cabeceras/logo-competicion-4a.png",70,2005,107,NA,NA,1959,12378,NA,NA,FALSE,1354,1352,1061,"Unicaja","Unicaja","UNI",1354,1854,"Fórum Valladolid","Fórum Vall.","FOR",1,76,12000,5,22,22.73,20,34,58.82,21,24,87.5,18,11,29,8,8,13,0,3,1,1,27,26,75,0,0,1,0,0,76,77,0,NA,0,0,0,0,0,0,0
1453831,1,"Liga Nacional","Liga Endesa",-402534000,NA,"https://www.acb.com/Documentos/Cabeceras/logo-competicion-1b.png","https://www.acb.com/Documentos/Cabeceras/logo-competicion-4a.png",70,2005,107,NA,NA,1959,12380,NA,NA,FALSE,1341,1344,1202,"Alta Gestión Fuenlabrada","Alta Gestión F.","AGF",1341,1359,"Leche Río Breogán","Leche Río Bre.","BRE",1,60,12000,4,18,22.22,19,39,48.72,10,15,66.67,15,11,26,10,9,19,0,4,4,0,24,20,43,0,0,1,0,0,60,85,0,NA,0,0,0,0,0,0,0
1453830,1,"Liga Nacional","Liga Endesa",-402534000,NA,"https://www.acb.com/Documentos/Cabeceras/logo-competicion-1b.png","https://www.acb.com/Documentos/Cabeceras/logo-competicion-4a.png",70,2005,107,NA,NA,1959,12380,NA,NA,TRUE,1344,1344,1202,"Alta Gestión Fuenlabrada","Alta Gestión F.","AGF",1341,1359,"Leche Río Breogán","Leche Río Bre.","BRE",1,85,12000,9,21,42.86,22,36,61.11,14,18,77.78,20,10,30,19,8,15,0,4,4,2,20,24,101,0,0,0,1,0,85,60,0,NA,0,0,0,0,0,0,0
1453725,1,"Liga Nacional","Liga Endesa",-402534000,NA,"https://www.acb.com/Documentos/Cabeceras/logo-competicion-1b.png","https://www.acb.com/Documentos/Cabeceras/logo-competicion-4a.png",70,2005,107,NA,NA,1959,12376,NA,NA,TRUE,1343,1343,469,"Adecco Estudiantes","Adecco Estu","EST",1346,8,"CB Granada","CB Granada","GRA",1,88,12000,3,15,20,30,57,52.63,19,24,79.17,25,16,41,15,9,11,0,0,5,3,22,24,95,0,0,0,1,0,88,66,0,NA,0,0,0,0,0,0,0
1453726,1,"Liga Nacional","Liga Endesa",-402534000,NA,"https://www.acb.com/Documentos/Cabeceras/logo-competicion-1b.png","https://www.acb.com/Documentos/Cabeceras/logo-competicion-4a.png",70,2005,107,NA,NA,1959,12376,NA,NA,FALSE,1346,1343,469,"Adecco Estudiantes","Adecco Estu","EST",1346,8,"CB Granada","CB Granada","GRA",1,66,12000,4,22,18.18,21,37,56.76,12,15,80,23,8,31,3,8,18,0,5,0,0,24,22,56,0,0,1,0,0,66,88,0,NA,0,0,0,0,0,0,0
1453806,1,"Liga Nacional","Liga Endesa",-402534000,NA,"https://www.acb.com/Documentos/Cabeceras/logo-competicion-1b.png","https://www.acb.com/Documentos/Cabeceras/logo-competicion-4a.png",70,2005,107,NA,NA,1959,12379,NA,NA,TRUE,1353,1353,1133,"Caja San Fernando","C. San Fernando","CSF",1351,969,"Pamesa Valencia","Pamesa Valencia","PAM",1,85,12000,4,16,25,25,47,53,23,27,85,19,9,28,20,9,10,0,6,1,3,27,24,96,0,0,11,0,0,85,91,0,0,0,0,0,0,0,0,0
1453807,1,"Liga Nacional","Liga Endesa",-402534000,NA,"https://www.acb.com/Documentos/Cabeceras/logo-competicion-1b.png","https://www.acb.com/Documentos/Cabeceras/logo-competicion-4a.png",70,2005,107,NA,NA,1959,12379,NA,NA,FALSE,1351,1353,1133,"Caja San Fernando","C. San Fernando","CSF",1351,969,"Pamesa Valencia","Pamesa Valencia","PAM",1,91,12000,12,25,48,16,28,57.14,23,32,71.88,23,8,31,9,5,12,0,1,6,4,24,27,88,0,0,0,1,0,91,85,0,NA,0,0,0,0,0,0,0
1453858,1,"Liga Nacional","Liga Endesa",-402534000,NA,"https://www.acb.com/Documentos/Cabeceras/logo-competicion-1b.png","https://www.acb.com/Documentos/Cabeceras/logo-competicion-4a.png",70,2005,107,NA,NA,1959,12381,NA,NA,FALSE,1345,1350,890,"Llanera Menorca","Llanera Menorca","MEN",1345,1471,"Akasvayu Girona","Akasvayu Gir.","GIR",1,89,12000,15,33,45.45,18,33,54.55,8,12,66.67,27,9,36,15,5,11,0,3,2,0,25,16,89,0,0,0,1,0,89,69,0,NA,0,0,0,0,0,0,0
1453857,1,"Liga Nacional","Liga Endesa",-402534000,NA,"https://www.acb.com/Documentos/Cabeceras/logo-competicion-1b.png","https://www.acb.com/Documentos/Cabeceras/logo-competicion-4a.png",70,2005,107,NA,NA,1959,12381,NA,NA,TRUE,1350,1350,890,"Llanera Menorca","Llanera Menorca","MEN",1345,1471,"Akasvayu Girona","Akasvayu Gir.","GIR",1,69,12000,2,14,14.29,19,44,43.18,25,35,71.43,24,11,35,10,2,8,0,2,3,4,16,25,69,0,0,1,0,0,69,89,0,NA,0,0,0,0,0,0,0
1453913,1,"Liga Nacional","Liga Endesa",-402534000,NA,"https://www.acb.com/Documentos/Cabeceras/logo-competicion-1b.png","https://www.acb.com/Documentos/Cabeceras/logo-competicion-4a.png",70,2005,107,NA,NA,1960,12383,NA,NA,FALSE,1338,1343,469,"Adecco Estudiantes","Adecco Estu","EST",1338,109,"Winterthur FC Barcelona","Winterthur FCB","FCB",1,91,12000,11,26,42.31,20,36,55.56,18,22,81.82,19,7,26,17,11,9,0,4,1,0,18,22,108,0,0,0,1,0,91,82,0,NA,0,0,0,0,0,0,0
1453912,1,"Liga Nacional","Liga Endesa",-402534000,NA,"https://www.acb.com/Documentos/Cabeceras/logo-competicion-1b.png","https://www.acb.com/Documentos/Cabeceras/logo-competicion-4a.png",70,2005,107,NA,NA,1960,12383,NA,NA,TRUE,1343,1343,469,"Adecco Estudiantes","Adecco Estu","EST",1338,109,"Winterthur FC Barcelona","Winterthur FCB","FCB",1,82,12000,7,15,46,25,46,54,11,16,68,24,14,38,24,7,19,0,1,4,6,22,18,91,0,0,10,0,0,82,91,0,0,0,0,0,0,0,0,0
1453939,1,"Liga Nacional","Liga Endesa",-402534000,NA,"https://www.acb.com/Documentos/Cabeceras/logo-competicion-1b.png","https://www.acb.com/Documentos/Cabeceras/logo-competicion-4a.png",70,2005,107,NA,NA,1960,12384,NA,NA,TRUE,1340,1340,284,"Lagun Aro Bilbao Basket","Lagun Aro BB","LBB",1353,1133,"Caja San Fernando","C. San Fernando","CSF",1,84,12000,7,16,43.75,26,52,50,11,13,84.62,24,18,42,12,6,12,0,4,1,5,22,20,96,0,0,0,1,0,84,72,0,NA,0,0,0,0,0,0,0
1453940,1,"Liga Nacional","Liga Endesa",-402534000,NA,"https://www.acb.com/Documentos/Cabeceras/logo-competicion-1b.png","https://www.acb.com/Documentos/Cabeceras/logo-competicion-4a.png",70,2005,107,NA,NA,1960,12384,NA,NA,FALSE,1353,1340,284,"Lagun Aro Bilbao Basket","Lagun Aro BB","LBB",1353,1133,"Caja San Fernando","C. San Fernando","CSF",1,72,12000,6,20,30,18,42,42,18,19,94,18,15,33,9,11,12,0,1,4,3,20,22,73,0,0,10,0,0,72,84,0,0,0,0,0,0,0,0,0
1453991,1,"Liga Nacional","Liga Endesa",-402534000,NA,"https://www.acb.com/Documentos/Cabeceras/logo-competicion-1b.png","https://www.acb.com/Documentos/Cabeceras/logo-competicion-4a.png",70,2005,107,NA,NA,1960,12386,NA,NA,TRUE,1342,1342,341,"Gran Canaria","Gran Canaria","GCA",1345,1471,"Akasvayu Girona","Akasvayu Gir.","GIR",1,71,12000,8,17,47.06,12,30,40,23,33,69.7,18,5,23,6,8,14,0,2,3,1,15,22,63,0,0,1,0,0,71,90,0,NA,0,0,0,0,0,0,0
1453992,1,"Liga Nacional","Liga Endesa",-402534000,NA,"https://www.acb.com/Documentos/Cabeceras/logo-competicion-1b.png","https://www.acb.com/Documentos/Cabeceras/logo-competicion-4a.png",70,2005,107,NA,NA,1960,12386,NA,NA,FALSE,1345,1342,341,"Gran Canaria","Gran Canaria","GCA",1345,1471,"Akasvayu Girona","Akasvayu Gir.","GIR",1,90,12000,12,24,50,24,39,61.54,6,7,85.71,23,7,30,14,6,13,0,3,2,3,22,15,93,0,0,0,1,0,90,71,0,NA,0,0,0,0,0,0,0
1453884,1,"Liga Nacional","Liga Endesa",-402534000,NA,"https://www.acb.com/Documentos/Cabeceras/logo-competicion-1b.png","https://www.acb.com/Documentos/Cabeceras/logo-competicion-4a.png",70,2005,107,NA,NA,1960,12382,NA,NA,FALSE,1352,1337,1285,"Etosa Alicante","Etosa Alicante","ALI",1352,1061,"Unicaja","Unicaja","UNI",1,83,12000,6,19,31.58,17,30,56.67,31,38,81.58,24,9,33,9,15,17,0,2,2,2,26,30,94,0,0,0,1,0,83,70,0,NA,0,0,0,0,0,0,0
1453883,1,"Liga Nacional","Liga Endesa",-402534000,NA,"https://www.acb.com/Documentos/Cabeceras/logo-competicion-1b.png","https://www.acb.com/Documentos/Cabeceras/logo-competicion-4a.png",70,2005,107,NA,NA,1960,12382,NA,NA,TRUE,1337,1337,1285,"Etosa Alicante","Etosa Alicante","ALI",1352,1061,"Unicaja","Unicaja","UNI",1,70,12000,2,10,20,25,48,52.08,14,20,70,20,8,28,13,6,17,0,2,2,0,30,26,59,0,0,1,0,0,70,83,0,NA,0,0,0,0,0,0,0
1454017,1,"Liga Nacional","Liga Endesa",-402534000,NA,"https://www.acb.com/Documentos/Cabeceras/logo-competicion-1b.png","https://www.acb.com/Documentos/Cabeceras/logo-competicion-4a.png",70,2005,107,NA,NA,1960,12387,NA,NA,TRUE,1348,1348,768,"Real Madrid","Real Madrid","RMB",1350,890,"Llanera Menorca","Llanera Menorca","MEN",1,76,12000,6,22,27.27,22,46,47.83,14,18,77.78,25,20,45,10,8,12,0,5,2,0,31,20,75,0,0,0,1,0,76,64,0,NA,0,0,0,0,0,0,0
1454018,1,"Liga Nacional","Liga Endesa",-402534000,NA,"https://www.acb.com/Documentos/Cabeceras/logo-competicion-1b.png","https://www.acb.com/Documentos/Cabeceras/logo-competicion-4a.png",70,2005,107,NA,NA,1960,12387,NA,NA,FALSE,1350,1348,768,"Real Madrid","Real Madrid","RMB",1350,890,"Llanera Menorca","Llanera Menorca","MEN",1,64,12000,5,15,33.33,13,34,38.24,23,31,74.19,22,7,29,6,7,15,0,2,5,1,20,31,60,0,0,1,0,0,64,76,0,NA,0,0,0,0,0,0,0
1454095,1,"Liga Nacional","Liga Endesa",-402534000,NA,"https://www.acb.com/Documentos/Cabeceras/logo-competicion-1b.png","https://www.acb.com/Documentos/Cabeceras/logo-competicion-4a.png",70,2005,107,NA,NA,1960,12390,NA,NA,FALSE,1349,1351,969,"Pamesa Valencia","Pamesa Valencia","PAM",1349,870,"Ricoh Manresa","Ricoh Manresa","MAN",1,87,12000,6,24,25,21,39,53.85,27,35,77.14,24,15,39,15,10,12,0,2,3,2,32,30,92,0,0,0,1,0,87,81,0,NA,0,0,0,0,0,0,0
1454094,1,"Liga Nacional","Liga Endesa",-402534000,NA,"https://www.acb.com/Documentos/Cabeceras/logo-competicion-1b.png","https://www.acb.com/Documentos/Cabeceras/logo-competicion-4a.png",70,2005,107,NA,NA,1960,12390,NA,NA,TRUE,1351,1351,969,"Pamesa Valencia","Pamesa Valencia","PAM",1349,870,"Ricoh Manresa","Ricoh Manresa","MAN",1,81,12000,7,21,33.33,16,39,41.03,28,38,73.68,22,16,38,7,5,16,0,3,2,0,30,32,71,0,0,1,0,0,81,87,0,NA,0,0,0,0,0,0,0
1453965,1,"Liga Nacional","Liga Endesa",-402534000,NA,"https://www.acb.com/Documentos/Cabeceras/logo-competicion-1b.png","https://www.acb.com/Documentos/Cabeceras/logo-competicion-4a.png",70,2005,107,NA,NA,1960,12385,NA,NA,TRUE,1341,1341,1359,"Leche Río Breogán","Leche Río Bre.","BRE",1346,8,"CB Granada","CB Granada","GRA",1,84,12000,5,18,27.78,22,41,53.66,25,32,78.12,29,11,40,9,10,11,0,1,6,1,24,32,96,0,0,0,1,0,84,78,0,NA,0,0,0,0,0,0,0
1453966,1,"Liga Nacional","Liga Endesa",-402534000,NA,"https://www.acb.com/Documentos/Cabeceras/logo-competicion-1b.png","https://www.acb.com/Documentos/Cabeceras/logo-competicion-4a.png",70,2005,107,NA,NA,1960,12385,NA,NA,FALSE,1346,1341,1359,"Leche Río Breogán","Leche Río Bre.","BRE",1346,8,"CB Granada","CB Granada","GRA",1,78,12000,9,23,39.13,19,36,52.78,13,24,54.17,22,8,30,9,7,15,0,6,1,3,32,24,64,0,0,1,0,0,78,84,0,NA,0,0,0,0,0,0,0
1454043,1,"Liga Nacional","Liga Endesa",-402534000,NA,"https://www.acb.com/Documentos/Cabeceras/logo-competicion-1b.png","https://www.acb.com/Documentos/Cabeceras/logo-competicion-4a.png",70,2005,107,NA,NA,1960,12388,NA,NA,TRUE,1354,1354,1854,"Fórum Valladolid","Fórum Vall.","FOR",1344,1202,"Alta Gestión Fuenlabrada","Alta Gestión F.","AGF",1,79,12000,4,18,22.22,23,34,67.65,21,25,84,22,5,27,18,7,11,0,3,0,0,19,23,98,0,0,1,0,0,79,89,0,NA,0,0,0,0,0,0,0
1454044,1,"Liga Nacional","Liga Endesa",-402534000,NA,"https://www.acb.com/Documentos/Cabeceras/logo-competicion-1b.png","https://www.acb.com/Documentos/Cabeceras/logo-competicion-4a.png",70,2005,107,NA,NA,1960,12388,NA,NA,FALSE,1344,1354,1854,"Fórum Valladolid","Fórum Vall.","FOR",1344,1202,"Alta Gestión Fuenlabrada","Alta Gestión F.","AGF",1,89,12000,7,21,33.33,29,47,61.7,10,12,83.33,21,11,32,12,4,12,0,0,3,1,23,19,84,0,0,0,1,0,89,79,0,NA,0,0,0,0,0,0,0
1454069,1,"Liga Nacional","Liga Endesa",-402534000,NA,"https://www.acb.com/Documentos/Cabeceras/logo-competicion-1b.png","https://www.acb.com/Documentos/Cabeceras/logo-competicion-4a.png",70,2005,107,NA,NA,1960,12389,NA,NA,TRUE,1339,1339,223,"TAU Cerámica","TAU Cerámica","TAU",1347,631,"DKV Joventut","DKV Joventut","DKV",1,88,12000,3,15,20,27,43,62.79,25,31,80.65,22,10,32,14,11,11,0,4,2,3,23,26,105,0,0,0,1,0,88,76,0,NA,0,0,0,0,0,0,0
1454070,1,"Liga Nacional","Liga Endesa",-402534000,NA,"https://www.acb.com/Documentos/Cabeceras/logo-competicion-1b.png","https://www.acb.com/Documentos/Cabeceras/logo-competicion-4a.png",70,2005,107,NA,NA,1960,12389,NA,NA,FALSE,1347,1339,223,"TAU Cerámica","TAU Cerámica","TAU",1347,631,"DKV Joventut","DKV Joventut","DKV",1,76,12000,3,16,18.75,23,52,44.23,21,29,72.41,21,20,41,13,9,15,0,2,4,3,26,23,69,0,0,1,0,0,76,88,0,NA,0,0,0,0,0,0,0
1454146,1,"Liga Nacional","Liga Endesa",-402534000,NA,"https://www.acb.com/Documentos/Cabeceras/logo-competicion-1b.png","https://www.acb.com/Documentos/Cabeceras/logo-competicion-4a.png",70,2005,107,NA,NA,1961,12392,NA,NA,TRUE,1345,1345,1471,"Akasvayu Girona","Akasvayu Gir.","GIR",1339,223,"TAU Cerámica","TAU Cerámica","TAU",1,87,12000,7,13,53.85,20,46,43.48,26,30,86.67,28,15,43,12,10,18,0,2,2,1,24,29,103,0,0,0,1,0,87,83,0,NA,0,0,0,0,0,0,0
1454147,1,"Liga Nacional","Liga Endesa",-402534000,NA,"https://www.acb.com/Documentos/Cabeceras/logo-competicion-1b.png","https://www.acb.com/Documentos/Cabeceras/logo-competicion-4a.png",70,2005,107,NA,NA,1961,12392,NA,NA,FALSE,1339,1345,1471,"Akasvayu Girona","Akasvayu Gir.","GIR",1339,223,"TAU Cerámica","TAU Cerámica","TAU",1,83,12000,8,20,40,18,36,50,23,29,79.31,20,7,27,14,16,17,0,2,2,2,29,24,82,0,0,1,0,0,83,87,0,NA,0,0,0,0,0,0,0
1454200,1,"Liga Nacional","Liga Endesa",-402534000,NA,"https://www.acb.com/Documentos/Cabeceras/logo-competicion-1b.png","https://www.acb.com/Documentos/Cabeceras/logo-competicion-4a.png",70,2005,107,NA,NA,1961,12394,NA,NA,FALSE,1338,1344,1202,"Alta Gestión Fuenlabrada","Alta Gestión F.","AGF",1338,109,"Winterthur FC Barcelona","Winterthur FCB","FCB",1,87,12000,6,22,27.27,28,42,66.67,13,21,61.9,23,9,32,23,10,11,0,2,2,1,19,21,105,0,0,0,1,0,87,82,0,NA,0,0,0,0,0,0,0
1454199,1,"Liga Nacional","Liga Endesa",-402534000,NA,"https://www.acb.com/Documentos/Cabeceras/logo-competicion-1b.png","https://www.acb.com/Documentos/Cabeceras/logo-competicion-4a.png",70,2005,107,NA,NA,1961,12394,NA,NA,TRUE,1344,1344,1202,"Alta Gestión Fuenlabrada","Alta Gestión F.","AGF",1338,109,"Winterthur FC Barcelona","Winterthur FCB","FCB",1,82,12000,13,25,52,16,34,47.06,11,16,68.75,24,10,34,12,4,16,0,2,2,1,21,19,79,0,0,1,0,0,82,87,0,NA,0,0,0,0,0,0,0
1454120,1,"Liga Nacional","Liga Endesa",-402534000,NA,"https://www.acb.com/Documentos/Cabeceras/logo-competicion-1b.png","https://www.acb.com/Documentos/Cabeceras/logo-competicion-4a.png",70,2005,107,NA,NA,1961,12391,NA,NA,TRUE,1342,1342,341,"Gran Canaria","Gran Canaria","GCA",1350,890,"Llanera Menorca","Llanera Menorca","MEN",1,97,12000,10,21,47.62,27,43,62.79,13,15,86.67,17,9,26,16,7,8,0,6,3,5,22,18,108,0,0,0,1,0,97,77,0,NA,0,0,0,0,0,0,0
1454121,1,"Liga Nacional","Liga Endesa",-402534000,NA,"https://www.acb.com/Documentos/Cabeceras/logo-competicion-1b.png","https://www.acb.com/Documentos/Cabeceras/logo-competicion-4a.png",70,2005,107,NA,NA,1961,12391,NA,NA,FALSE,1350,1342,341,"Gran Canaria","Gran Canaria","GCA",1350,890,"Llanera Menorca","Llanera Menorca","MEN",1,77,12000,4,10,40,23,51,45.1,19,23,82.61,18,14,32,9,7,14,0,3,6,1,18,22,74,0,0,1,0,0,77,97,0,NA,0,0,0,0,0,0,0
1454224,1,"Liga Nacional","Liga Endesa",-402534000,NA,"https://www.acb.com/Documentos/Cabeceras/logo-competicion-1b.png","https://www.acb.com/Documentos/Cabeceras/logo-competicion-4a.png",70,2005,107,NA,NA,1961,12395,NA,NA,TRUE,1346,1346,8,"CB Granada","CB Granada","GRA",1340,284,"Lagun Aro Bilbao Basket","Lagun Aro BB","LBB",1,73,12000,7,21,33.33,18,43,41.86,16,22,72.73,20,14,34,11,12,8,0,5,4,3,21,21,78,0,0,0,1,0,73,66,0,NA,0,0,0,0,0,0,0
1454225,1,"Liga Nacional","Liga Endesa",-402534000,NA,"https://www.acb.com/Documentos/Cabeceras/logo-competicion-1b.png","https://www.acb.com/Documentos/Cabeceras/logo-competicion-4a.png",70,2005,107,NA,NA,1961,12395,NA,NA,FALSE,1340,1346,8,"CB Granada","CB Granada","GRA",1340,284,"Lagun Aro Bilbao Basket","Lagun Aro BB","LBB",1,66,12000,3,13,23.08,19,40,47.5,19,21,90.48,20,12,32,12,4,15,0,4,5,0,21,21,65,0,0,1,0,0,66,73,0,NA,0,0,0,0,0,0,0
1454250,1,"Liga Nacional","Liga Endesa",-402534000,NA,"https://www.acb.com/Documentos/Cabeceras/logo-competicion-1b.png","https://www.acb.com/Documentos/Cabeceras/logo-competicion-4a.png",70,2005,107,NA,NA,1961,12396,NA,NA,TRUE,1343,1343,469,"Adecco Estudiantes","Adecco Estu","EST",1341,1359,"Leche Río Breogán","Leche Río Bre.","BRE",1,87,12000,8,28,28,20,34,58,23,33,69,24,14,38,20,6,12,0,4,1,3,29,26,95,0,0,0,12,0,87,81,0,0,0,0,0,0,0,0,0
1454251,1,"Liga Nacional","Liga Endesa",-402534000,NA,"https://www.acb.com/Documentos/Cabeceras/logo-competicion-1b.png","https://www.acb.com/Documentos/Cabeceras/logo-competicion-4a.png",70,2005,107,NA,NA,1961,12396,NA,NA,FALSE,1341,1343,469,"Adecco Estudiantes","Adecco Estu","EST",1341,1359,"Leche Río Breogán","Leche Río Bre.","BRE",1,81,12000,6,16,37.5,20,38,52.63,23,29,79.31,24,8,32,13,6,15,0,1,4,1,26,29,83,0,0,1,0,0,81,87,0,NA,0,0,0,0,0,0,0
1454279,1,"Liga Nacional","Liga Endesa",-402534000,NA,"https://www.acb.com/Documentos/Cabeceras/logo-competicion-1b.png","https://www.acb.com/Documentos/Cabeceras/logo-competicion-4a.png",70,2005,107,NA,NA,1961,12397,NA,NA,FALSE,1347,1349,870,"Ricoh Manresa","Ricoh Manresa","MAN",1347,631,"DKV Joventut","DKV Joventut","DKV",1,75,12000,10,29,34.48,17,47,36.17,11,15,73.33,25,13,38,15,10,10,0,5,3,2,24,20,73,0,0,1,0,0,75,79,0,NA,0,0,0,0,0,0,0
1454278,1,"Liga Nacional","Liga Endesa",-402534000,NA,"https://www.acb.com/Documentos/Cabeceras/logo-competicion-1b.png","https://www.acb.com/Documentos/Cabeceras/logo-competicion-4a.png",70,2005,107,NA,NA,1961,12397,NA,NA,TRUE,1349,1349,870,"Ricoh Manresa","Ricoh Manresa","MAN",1347,631,"DKV Joventut","DKV Joventut","DKV",1,79,12000,12,26,46.15,12,29,41.38,19,24,79.17,33,6,39,15,4,17,0,3,5,2,20,24,86,0,0,0,1,0,79,75,0,NA,0,0,0,0,0,0,0
1454330,1,"Liga Nacional","Liga Endesa",-402534000,NA,"https://www.acb.com/Documentos/Cabeceras/logo-competicion-1b.png","https://www.acb.com/Documentos/Cabeceras/logo-competicion-4a.png",70,2005,107,NA,NA,1961,12399,NA,NA,TRUE,1351,1351,969,"Pamesa Valencia","Pamesa Valencia","PAM",1352,1061,"Unicaja","Unicaja","UNI",1,67,12000,3,17,17.65,23,55,41.82,12,16,75,21,12,33,13,12,11,0,3,5,3,24,21,59,0,0,1,0,0,67,82,0,NA,0,0,0,0,0,0,0
1454331,1,"Liga Nacional","Liga Endesa",-402534000,NA,"https://www.acb.com/Documentos/Cabeceras/logo-competicion-1b.png","https://www.acb.com/Documentos/Cabeceras/logo-competicion-4a.png",70,2005,107,NA,NA,1961,12399,NA,NA,FALSE,1352,1351,969,"Pamesa Valencia","Pamesa Valencia","PAM",1352,1061,"Unicaja","Unicaja","UNI",1,82,12000,9,22,40.91,15,30,50,25,26,96.15,33,6,39,12,8,19,0,5,3,0,21,24,98,0,0,0,1,0,82,67,0,NA,0,0,0,0,0,0,0
1454306,1,"Liga Nacional","Liga Endesa",-402534000,NA,"https://www.acb.com/Documentos/Cabeceras/logo-competicion-1b.png","https://www.acb.com/Documentos/Cabeceras/logo-competicion-4a.png",70,2005,107,NA,NA,1961,12398,NA,NA,TRUE,1354,1354,1854,"Fórum Valladolid","Fórum Vall.","FOR",1348,768,"Real Madrid","Real Madrid","RMB",1,72,12000,8,20,40,14,36,38.89,20,24,83.33,23,11,34,13,4,13,0,2,3,0,18,22,75,0,0,1,0,0,72,90,0,NA,0,0,0,0,0,0,0
1454307,1,"Liga Nacional","Liga Endesa",-402534000,NA,"https://www.acb.com/Documentos/Cabeceras/logo-competicion-1b.png","https://www.acb.com/Documentos/Cabeceras/logo-competicion-4a.png",70,2005,107,NA,NA,1961,12398,NA,NA,FALSE,1348,1354,1854,"Fórum Valladolid","Fórum Vall.","FOR",1348,768,"Real Madrid","Real Madrid","RMB",1,90,12000,12,26,46.15,20,38,52.63,14,20,70,23,10,33,18,5,6,0,3,2,3,22,18,99,0,0,0,1,0,90,72,0,NA,0,0,0,0,0,0,0
1454174,1,"Liga Nacional","Liga Endesa",-402534000,NA,"https://www.acb.com/Documentos/Cabeceras/logo-competicion-1b.png","https://www.acb.com/Documentos/Cabeceras/logo-competicion-4a.png",70,2005,107,NA,NA,1961,12393,NA,NA,FALSE,1337,1353,1133,"Caja San Fernando","C. San Fernando","CSF",1337,1285,"Etosa Alicante","Etosa Alicante","ALI",1,62,12000,2,17,11.76,17,40,42.5,22,28,78.57,13,11,24,10,10,12,0,1,2,2,25,27,51,0,0,1,0,0,62,93,0,NA,0,0,0,0,0,0,0
1454173,1,"Liga Nacional","Liga Endesa",-402534000,NA,"https://www.acb.com/Documentos/Cabeceras/logo-competicion-1b.png","https://www.acb.com/Documentos/Cabeceras/logo-competicion-4a.png",70,2005,107,NA,NA,1961,12393,NA,NA,TRUE,1353,1353,1133,"Caja San Fernando","C. San Fernando","CSF",1337,1285,"Etosa Alicante","Etosa Alicante","ALI",1,93,12000,8,18,44,25,39,64,19,29,65,29,14,43,16,6,15,0,2,1,1,27,25,108,0,0,0,12,0,93,62,0,0,0,0,0,0,0,0,0
1454382,1,"Liga Nacional","Liga Endesa",-402534000,NA,"https://www.acb.com/Documentos/Cabeceras/logo-competicion-1b.png","https://www.acb.com/Documentos/Cabeceras/logo-competicion-4a.png",70,2005,107,NA,NA,1962,12401,NA,NA,TRUE,1338,1338,109,"Winterthur FC Barcelona","Winterthur FCB","FCB",1354,1854,"Fórum Valladolid","Fórum Vall.","FOR",1,80,12000,6,17,35.29,27,36,75,8,10,80,22,3,25,14,9,14,0,3,1,1,24,19,89,0,0,0,1,0,80,72,0,NA,0,0,0,0,0,0,0
1454383,1,"Liga Nacional","Liga Endesa",-402534000,NA,"https://www.acb.com/Documentos/Cabeceras/logo-competicion-1b.png","https://www.acb.com/Documentos/Cabeceras/logo-competicion-4a.png",70,2005,107,NA,NA,1962,12401,NA,NA,FALSE,1354,1338,109,"Winterthur FC Barcelona","Winterthur FCB","FCB",1354,1854,"Fórum Valladolid","Fórum Vall.","FOR",1,72,12000,8,18,44.44,17,36,47.22,14,18,77.78,18,7,25,11,5,12,0,1,3,0,19,24,71,0,0,1,0,0,72,80,0,NA,0,0,0,0,0,0,0
1454408,1,"Liga Nacional","Liga Endesa",-402534000,NA,"https://www.acb.com/Documentos/Cabeceras/logo-competicion-1b.png","https://www.acb.com/Documentos/Cabeceras/logo-competicion-4a.png",70,2005,107,NA,NA,1962,12402,NA,NA,TRUE,1340,1340,284,"Lagun Aro Bilbao Basket","Lagun Aro BB","LBB",1342,341,"Gran Canaria","Gran Canaria","GCA",1,63,12000,4,18,22.22,15,44,34.09,21,26,80.77,27,16,43,5,7,11,0,2,3,0,16,25,67,0,0,1,0,0,63,81,0,NA,0,0,0,0,0,0,0
1454409,1,"Liga Nacional","Liga Endesa",-402534000,NA,"https://www.acb.com/Documentos/Cabeceras/logo-competicion-1b.png","https://www.acb.com/Documentos/Cabeceras/logo-competicion-4a.png",70,2005,107,NA,NA,1962,12402,NA,NA,FALSE,1342,1340,284,"Lagun Aro Bilbao Basket","Lagun Aro BB","LBB",1342,341,"Gran Canaria","Gran Canaria","GCA",1,81,12000,12,25,48,20,42,47.62,5,8,62.5,29,9,38,12,3,8,0,3,2,0,25,16,80,0,0,0,1,0,81,63,0,NA,0,0,0,0,0,0,0
1454460,1,"Liga Nacional","Liga Endesa",-402534000,NA,"https://www.acb.com/Documentos/Cabeceras/logo-competicion-1b.png","https://www.acb.com/Documentos/Cabeceras/logo-competicion-4a.png",70,2005,107,NA,NA,1962,12404,NA,NA,TRUE,1347,1347,631,"DKV Joventut","DKV Joventut","DKV",1346,8,"CB Granada","CB Granada","GRA",1,88,12000,8,23,34.78,28,44,63.64,8,13,61.54,23,14,37,21,8,15,0,7,3,6,19,22,110,0,0,0,1,0,88,74,0,NA,0,0,0,0,0,0,0
1454461,1,"Liga Nacional","Liga Endesa",-402534000,NA,"https://www.acb.com/Documentos/Cabeceras/logo-competicion-1b.png","https://www.acb.com/Documentos/Cabeceras/logo-competicion-4a.png",70,2005,107,NA,NA,1962,12404,NA,NA,FALSE,1346,1347,631,"DKV Joventut","DKV Joventut","DKV",1346,8,"CB Granada","CB Granada","GRA",1,74,12000,9,19,47.37,18,46,39.13,11,17,64.71,19,15,34,10,10,12,0,3,7,0,22,19,65,0,0,1,0,0,74,88,0,NA,0,0,0,0,0,0,0
1454540,1,"Liga Nacional","Liga Endesa",-402534000,NA,"https://www.acb.com/Documentos/Cabeceras/logo-competicion-1b.png","https://www.acb.com/Documentos/Cabeceras/logo-competicion-4a.png",70,2005,107,NA,NA,1962,12407,NA,NA,TRUE,1339,1339,223,"TAU Cerámica","TAU Cerámica","TAU",1343,469,"Adecco Estudiantes","Adecco Estu","EST",1,108,12000,16,29,55.17,19,31,61.29,22,27,81.48,26,7,33,23,12,13,0,6,0,3,21,26,144,0,0,0,1,0,108,76,0,NA,0,0,0,0,0,0,0
1454541,1,"Liga Nacional","Liga Endesa",-402534000,NA,"https://www.acb.com/Documentos/Cabeceras/logo-competicion-1b.png","https://www.acb.com/Documentos/Cabeceras/logo-competicion-4a.png",70,2005,107,NA,NA,1962,12407,NA,NA,FALSE,1343,1339,223,"TAU Cerámica","TAU Cerámica","TAU",1343,469,"Adecco Estudiantes","Adecco Estu","EST",1,76,12000,7,18,38,20,49,40,15,20,75,20,14,34,9,8,17,0,0,6,0,26,21,54,0,0,11,0,0,76,108,0,0,0,0,0,0,0,0,0
1454356,1,"Liga Nacional","Liga Endesa",-402534000,NA,"https://www.acb.com/Documentos/Cabeceras/logo-competicion-1b.png","https://www.acb.com/Documentos/Cabeceras/logo-competicion-4a.png",70,2005,107,NA,NA,1962,12400,NA,NA,TRUE,1337,1337,1285,"Etosa Alicante","Etosa Alicante","ALI",1344,1202,"Alta Gestión Fuenlabrada","Alta Gestión F.","AGF",1,88,13500,9,25,36,17,47,36.17,27,31,87.1,19,18,37,11,18,13,0,0,1,0,29,28,89,0,0,0,1,0,88,87,0,NA,0,0,0,0,0,0,0
1454357,1,"Liga Nacional","Liga Endesa",-402534000,NA,"https://www.acb.com/Documentos/Cabeceras/logo-competicion-1b.png","https://www.acb.com/Documentos/Cabeceras/logo-competicion-4a.png",70,2005,107,NA,NA,1962,12400,NA,NA,FALSE,1344,1337,1285,"Etosa Alicante","Etosa Alicante","ALI",1344,1202,"Alta Gestión Fuenlabrada","Alta Gestión F.","AGF",1,87,13500,7,15,46.67,19,27,70.37,28,38,73.68,26,2,28,12,4,23,0,1,0,1,28,29,84,0,0,1,0,0,87,88,0,NA,0,0,0,0,0,0,0
1454433,1,"Liga Nacional","Liga Endesa",-402534000,NA,"https://www.acb.com/Documentos/Cabeceras/logo-competicion-1b.png","https://www.acb.com/Documentos/Cabeceras/logo-competicion-4a.png",70,2005,107,NA,NA,1962,12403,NA,NA,TRUE,1341,1341,1359,"Leche Río Breogán","Leche Río Bre.","BRE",1351,969,"Pamesa Valencia","Pamesa Valencia","PAM",1,86,12000,6,13,46.15,25,50,50,18,19,94.74,22,10,32,15,8,13,0,6,3,1,22,20,96,0,0,0,1,0,86,69,0,NA,0,0,0,0,0,0,0
1454434,1,"Liga Nacional","Liga Endesa",-402534000,NA,"https://www.acb.com/Documentos/Cabeceras/logo-competicion-1b.png","https://www.acb.com/Documentos/Cabeceras/logo-competicion-4a.png",70,2005,107,NA,NA,1962,12403,NA,NA,FALSE,1351,1341,1359,"Leche Río Breogán","Leche Río Bre.","BRE",1351,969,"Pamesa Valencia","Pamesa Valencia","PAM",1,69,12000,6,19,31.58,18,39,46.15,15,20,75,20,13,33,11,8,15,0,3,6,2,20,22,66,0,0,1,0,0,69,86,0,NA,0,0,0,0,0,0,0
1454567,1,"Liga Nacional","Liga Endesa",-402534000,NA,"https://www.acb.com/Documentos/Cabeceras/logo-competicion-1b.png","https://www.acb.com/Documentos/Cabeceras/logo-competicion-4a.png",70,2005,107,NA,NA,1962,12408,NA,NA,FALSE,1345,1348,768,"Real Madrid","Real Madrid","RMB",1345,1471,"Akasvayu Girona","Akasvayu Gir.","GIR",1,75,12000,8,18,44.44,18,33,54.55,15,26,57.69,17,13,30,14,9,12,0,0,3,3,28,26,75,0,0,0,1,0,75,72,0,NA,0,0,0,0,0,0,0
1454566,1,"Liga Nacional","Liga Endesa",-402534000,NA,"https://www.acb.com/Documentos/Cabeceras/logo-competicion-1b.png","https://www.acb.com/Documentos/Cabeceras/logo-competicion-4a.png",70,2005,107,NA,NA,1962,12408,NA,NA,TRUE,1348,1348,768,"Real Madrid","Real Madrid","RMB",1345,1471,"Akasvayu Girona","Akasvayu Gir.","GIR",1,72,12000,8,25,32,12,27,44.44,24,30,80,19,16,35,13,7,15,0,3,0,0,26,28,79,0,0,1,0,0,72,75,0,NA,0,0,0,0,0,0,0
1454485,1,"Liga Nacional","Liga Endesa",-402534000,NA,"https://www.acb.com/Documentos/Cabeceras/logo-competicion-1b.png","https://www.acb.com/Documentos/Cabeceras/logo-competicion-4a.png",70,2005,107,NA,NA,1962,12405,NA,NA,TRUE,1352,1352,1061,"Unicaja","Unicaja","UNI",1349,870,"Ricoh Manresa","Ricoh Manresa","MAN",1,84,12000,6,18,33.33,23,37,62.16,20,26,76.92,31,6,37,15,7,12,0,2,1,1,20,26,106,0,0,0,1,0,84,66,0,NA,0,0,0,0,0,0,0
1454486,1,"Liga Nacional","Liga Endesa",-402534000,NA,"https://www.acb.com/Documentos/Cabeceras/logo-competicion-1b.png","https://www.acb.com/Documentos/Cabeceras/logo-competicion-4a.png",70,2005,107,NA,NA,1962,12405,NA,NA,FALSE,1349,1352,1061,"Unicaja","Unicaja","UNI",1349,870,"Ricoh Manresa","Ricoh Manresa","MAN",1,66,12000,3,20,15,22,40,55,13,18,72.22,22,6,28,9,8,13,0,1,2,3,26,20,51,0,0,1,0,0,66,84,0,NA,0,0,0,0,0,0,0
1454512,1,"Liga Nacional","Liga Endesa",-402534000,NA,"https://www.acb.com/Documentos/Cabeceras/logo-competicion-1b.png","https://www.acb.com/Documentos/Cabeceras/logo-competicion-4a.png",70,2005,107,NA,NA,1962,12406,NA,NA,TRUE,1350,1350,890,"Llanera Menorca","Llanera Menorca","MEN",1353,1133,"Caja San Fernando","C. San Fernando","CSF",1,91,12000,9,21,42.86,23,41,56.1,18,21,85.71,19,8,27,11,9,12,0,3,4,3,24,22,90,0,0,1,0,0,91,99,0,NA,0,0,0,0,0,0,0
1454513,1,"Liga Nacional","Liga Endesa",-402534000,NA,"https://www.acb.com/Documentos/Cabeceras/logo-competicion-1b.png","https://www.acb.com/Documentos/Cabeceras/logo-competicion-4a.png",70,2005,107,NA,NA,1962,12406,NA,NA,FALSE,1353,1350,890,"Llanera Menorca","Llanera Menorca","MEN",1353,1133,"Caja San Fernando","C. San Fernando","CSF",1,99,12000,12,27,44,21,32,65,21,25,84,20,9,29,23,10,14,0,4,3,1,22,24,120,0,0,0,10,0,99,91,0,0,0,0,0,0,0,0,0
1454670,1,"Liga Nacional","Liga Endesa",-402534000,NA,"https://www.acb.com/Documentos/Cabeceras/logo-competicion-1b.png","https://www.acb.com/Documentos/Cabeceras/logo-competicion-4a.png",70,2005,107,NA,NA,1963,12412,NA,NA,TRUE,1351,1351,969,"Pamesa Valencia","Pamesa Valencia","PAM",1339,223,"TAU Cerámica","TAU Cerámica","TAU",1,79,12000,5,20,25,24,44,54.55,16,23,69.57,21,17,38,10,7,17,0,3,3,0,21,24,78,0,0,1,0,0,79,87,0,NA,0,0,0,0,0,0,0
1454671,1,"Liga Nacional","Liga Endesa",-402534000,NA,"https://www.acb.com/Documentos/Cabeceras/logo-competicion-1b.png","https://www.acb.com/Documentos/Cabeceras/logo-competicion-4a.png",70,2005,107,NA,NA,1963,12412,NA,NA,FALSE,1339,1351,969,"Pamesa Valencia","Pamesa Valencia","PAM",1339,223,"TAU Cerámica","TAU Cerámica","TAU",1,87,12000,7,24,29.17,23,33,69.7,20,22,90.91,18,4,22,14,11,9,0,3,3,3,24,21,93,0,0,0,1,0,87,79,0,NA,0,0,0,0,0,0,0
1454778,1,"Liga Nacional","Liga Endesa",-402534000,NA,"https://www.acb.com/Documentos/Cabeceras/logo-competicion-1b.png","https://www.acb.com/Documentos/Cabeceras/logo-competicion-4a.png",70,2005,107,NA,NA,1963,12416,NA,NA,FALSE,1341,1349,870,"Ricoh Manresa","Ricoh Manresa","MAN",1341,1359,"Leche Río Breogán","Leche Río Bre.","BRE",1,70,12000,5,10,50,21,54,38.89,13,17,76.47,24,15,39,5,12,12,0,2,7,3,20,17,64,0,0,0,1,0,70,63,0,NA,0,0,0,0,0,0,0
1454777,1,"Liga Nacional","Liga Endesa",-402534000,NA,"https://www.acb.com/Documentos/Cabeceras/logo-competicion-1b.png","https://www.acb.com/Documentos/Cabeceras/logo-competicion-4a.png",70,2005,107,NA,NA,1963,12416,NA,NA,TRUE,1349,1349,870,"Ricoh Manresa","Ricoh Manresa","MAN",1341,1359,"Leche Río Breogán","Leche Río Bre.","BRE",1,63,12000,5,30,16.67,16,28,57.14,16,19,84.21,24,12,36,8,3,16,0,7,2,2,17,20,62,0,0,1,0,0,63,70,0,NA,0,0,0,0,0,0,0
1454803,1,"Liga Nacional","Liga Endesa",-402534000,NA,"https://www.acb.com/Documentos/Cabeceras/logo-competicion-1b.png","https://www.acb.com/Documentos/Cabeceras/logo-competicion-4a.png",70,2005,107,NA,NA,1963,12417,NA,NA,TRUE,1345,1345,1471,"Akasvayu Girona","Akasvayu Gir.","GIR",1347,631,"DKV Joventut","DKV Joventut","DKV",1,71,12000,9,20,45,19,35,54.29,6,12,50,24,4,28,6,6,14,0,6,2,0,22,19,65,0,0,1,0,0,71,89,0,NA,0,0,0,0,0,0,0
1454804,1,"Liga Nacional","Liga Endesa",-402534000,NA,"https://www.acb.com/Documentos/Cabeceras/logo-competicion-1b.png","https://www.acb.com/Documentos/Cabeceras/logo-competicion-4a.png",70,2005,107,NA,NA,1963,12417,NA,NA,FALSE,1347,1345,1471,"Akasvayu Girona","Akasvayu Gir.","GIR",1347,631,"DKV Joventut","DKV Joventut","DKV",1,89,12000,10,22,45.45,22,50,44,15,16,93.75,27,16,43,21,8,10,0,2,6,2,19,22,109,0,0,0,1,0,89,71,0,NA,0,0,0,0,0,0,0
1454593,1,"Liga Nacional","Liga Endesa",-402534000,NA,"https://www.acb.com/Documentos/Cabeceras/logo-competicion-1b.png","https://www.acb.com/Documentos/Cabeceras/logo-competicion-4a.png",70,2005,107,NA,NA,1963,12409,NA,NA,TRUE,1342,1342,341,"Gran Canaria","Gran Canaria","GCA",1348,768,"Real Madrid","Real Madrid","RMB",1,83,12000,8,16,50,20,42,47.62,19,29,65.52,16,15,31,12,12,11,0,6,4,1,23,28,94,0,0,0,1,0,83,68,0,NA,0,0,0,0,0,0,0
1454594,1,"Liga Nacional","Liga Endesa",-402534000,NA,"https://www.acb.com/Documentos/Cabeceras/logo-competicion-1b.png","https://www.acb.com/Documentos/Cabeceras/logo-competicion-4a.png",70,2005,107,NA,NA,1963,12409,NA,NA,FALSE,1348,1342,341,"Gran Canaria","Gran Canaria","GCA",1348,768,"Real Madrid","Real Madrid","RMB",1,68,12000,3,13,23.08,18,33,54.55,23,31,74.19,21,9,30,12,6,17,0,4,6,0,28,23,59,0,0,1,0,0,68,83,0,NA,0,0,0,0,0,0,0
1454618,1,"Liga Nacional","Liga Endesa",-402534000,NA,"https://www.acb.com/Documentos/Cabeceras/logo-competicion-1b.png","https://www.acb.com/Documentos/Cabeceras/logo-competicion-4a.png",70,2005,107,NA,NA,1963,12410,NA,NA,TRUE,1344,1344,1202,"Alta Gestión Fuenlabrada","Alta Gestión F.","AGF",1352,1061,"Unicaja","Unicaja","UNI",1,68,12000,6,20,30,17,38,44.74,16,18,88.89,23,8,31,12,6,13,0,1,0,0,17,19,70,0,0,1,0,0,68,77,0,NA,0,0,0,0,0,0,0
1454619,1,"Liga Nacional","Liga Endesa",-402534000,NA,"https://www.acb.com/Documentos/Cabeceras/logo-competicion-1b.png","https://www.acb.com/Documentos/Cabeceras/logo-competicion-4a.png",70,2005,107,NA,NA,1963,12410,NA,NA,FALSE,1352,1344,1202,"Alta Gestión Fuenlabrada","Alta Gestión F.","AGF",1352,1061,"Unicaja","Unicaja","UNI",1,77,12000,9,33,27.27,22,33,66.67,6,10,60,27,12,39,17,7,14,0,0,1,2,19,17,84,0,0,0,1,0,77,68,0,NA,0,0,0,0,0,0,0
1454644,1,"Liga Nacional","Liga Endesa",-402534000,NA,"https://www.acb.com/Documentos/Cabeceras/logo-competicion-1b.png","https://www.acb.com/Documentos/Cabeceras/logo-competicion-4a.png",70,2005,107,NA,NA,1963,12411,NA,NA,TRUE,1346,1346,8,"CB Granada","CB Granada","GRA",1350,890,"Llanera Menorca","Llanera Menorca","MEN",1,109,12000,10,24,41.67,30,40,75,19,25,76,26,9,35,27,9,9,0,4,1,3,20,25,149,0,0,0,1,0,109,71,0,NA,0,0,0,0,0,0,0
1454645,1,"Liga Nacional","Liga Endesa",-402534000,NA,"https://www.acb.com/Documentos/Cabeceras/logo-competicion-1b.png","https://www.acb.com/Documentos/Cabeceras/logo-competicion-4a.png",70,2005,107,NA,NA,1963,12411,NA,NA,FALSE,1350,1346,8,"CB Granada","CB Granada","GRA",1350,890,"Llanera Menorca","Llanera Menorca","MEN",1,71,12000,5,19,26.32,19,44,43.18,18,22,81.82,17,12,29,16,7,14,0,1,4,2,25,20,58,0,0,1,0,0,71,109,0,NA,0,0,0,0,0,0,0
1454725,1,"Liga Nacional","Liga Endesa",-402534000,NA,"https://www.acb.com/Documentos/Cabeceras/logo-competicion-1b.png","https://www.acb.com/Documentos/Cabeceras/logo-competicion-4a.png",70,2005,107,NA,NA,1963,12414,NA,NA,TRUE,1353,1353,1133,"Caja San Fernando","C. San Fernando","CSF",1338,109,"Winterthur FC Barcelona","Winterthur FCB","FCB",1,73,12000,6,17,35,19,43,44,17,23,73,25,12,37,11,6,13,0,4,6,2,19,24,76,0,0,10,0,0,73,77,0,0,0,0,0,0,0,0,0
1454726,1,"Liga Nacional","Liga Endesa",-402534000,NA,"https://www.acb.com/Documentos/Cabeceras/logo-competicion-1b.png","https://www.acb.com/Documentos/Cabeceras/logo-competicion-4a.png",70,2005,107,NA,NA,1963,12414,NA,NA,FALSE,1338,1353,1133,"Caja San Fernando","C. San Fernando","CSF",1338,109,"Winterthur FC Barcelona","Winterthur FCB","FCB",1,77,12000,5,20,25,27,50,54,8,13,61.54,24,14,38,18,9,8,0,6,4,4,24,19,88,0,0,0,1,0,77,73,0,NA,0,0,0,0,0,0,0
1454697,1,"Liga Nacional","Liga Endesa",-402534000,NA,"https://www.acb.com/Documentos/Cabeceras/logo-competicion-1b.png","https://www.acb.com/Documentos/Cabeceras/logo-competicion-4a.png",70,2005,107,NA,NA,1963,12413,NA,NA,TRUE,1354,1354,1854,"Fórum Valladolid","Fórum Vall.","FOR",1337,1285,"Etosa Alicante","Etosa Alicante","ALI",1,83,12000,8,17,47.06,19,32,59.38,21,27,77.78,27,7,34,11,3,16,0,1,2,1,21,21,86,0,0,0,1,0,83,73,0,NA,0,0,0,0,0,0,0
1454698,1,"Liga Nacional","Liga Endesa",-402534000,NA,"https://www.acb.com/Documentos/Cabeceras/logo-competicion-1b.png","https://www.acb.com/Documentos/Cabeceras/logo-competicion-4a.png",70,2005,107,NA,NA,1963,12413,NA,NA,FALSE,1337,1354,1854,"Fórum Valladolid","Fórum Vall.","FOR",1337,1285,"Etosa Alicante","Etosa Alicante","ALI",1,73,12000,6,18,33.33,25,52,48.08,5,7,71.43,17,12,29,14,13,8,0,2,1,1,21,21,81,0,0,1,0,0,73,83,0,NA,0,0,0,0,0,0,0
1454752,1,"Liga Nacional","Liga Endesa",-402534000,NA,"https://www.acb.com/Documentos/Cabeceras/logo-competicion-1b.png","https://www.acb.com/Documentos/Cabeceras/logo-competicion-4a.png",70,2005,107,NA,NA,1963,12415,NA,NA,TRUE,1343,1343,469,"Adecco Estudiantes","Adecco Estu","EST",1340,284,"Lagun Aro Bilbao Basket","Lagun Aro BB","LBB",1,92,12000,6,18,33,27,47,57,20,23,86,22,17,39,14,9,12,0,0,2,3,24,23,104,0,0,0,10,0,92,81,0,0,0,0,0,0,0,0,0
1454753,1,"Liga Nacional","Liga Endesa",-402534000,NA,"https://www.acb.com/Documentos/Cabeceras/logo-competicion-1b.png","https://www.acb.com/Documentos/Cabeceras/logo-competicion-4a.png",70,2005,107,NA,NA,1963,12415,NA,NA,FALSE,1340,1343,469,"Adecco Estudiantes","Adecco Estu","EST",1340,284,"Lagun Aro Bilbao Basket","Lagun Aro BB","LBB",1,81,12000,6,13,46.15,23,43,53.49,17,26,65.38,14,9,23,9,8,14,0,2,0,3,23,24,74,0,0,1,0,0,81,92,0,NA,0,0,0,0,0,0,0
1454830,1,"Liga Nacional","Liga Endesa",-402534000,NA,"https://www.acb.com/Documentos/Cabeceras/logo-competicion-1b.png","https://www.acb.com/Documentos/Cabeceras/logo-competicion-4a.png",70,2005,107,NA,NA,1964,12418,NA,NA,TRUE,1338,1338,109,"Winterthur FC Barcelona","Winterthur FCB","FCB",1350,890,"Llanera Menorca","Llanera Menorca","MEN",1,87,12000,8,22,36.36,27,42,64.29,9,11,81.82,16,9,25,25,6,9,0,7,5,7,19,16,102,0,0,0,1,0,87,81,0,NA,0,0,0,0,0,0,0
1454831,1,"Liga Nacional","Liga Endesa",-402534000,NA,"https://www.acb.com/Documentos/Cabeceras/logo-competicion-1b.png","https://www.acb.com/Documentos/Cabeceras/logo-competicion-4a.png",70,2005,107,NA,NA,1964,12418,NA,NA,FALSE,1350,1338,109,"Winterthur FC Barcelona","Winterthur FCB","FCB",1350,890,"Llanera Menorca","Llanera Menorca","MEN",1,81,12000,6,20,30,23,38,60.53,17,20,85,21,12,33,5,8,15,0,5,7,1,16,19,81,0,0,1,0,0,81,87,0,NA,0,0,0,0,0,0,0
1454858,1,"Liga Nacional","Liga Endesa",-402534000,NA,"https://www.acb.com/Documentos/Cabeceras/logo-competicion-1b.png","https://www.acb.com/Documentos/Cabeceras/logo-competicion-4a.png",70,2005,107,NA,NA,1964,12419,NA,NA,FALSE,1345,1340,284,"Lagun Aro Bilbao Basket","Lagun Aro BB","LBB",1345,1471,"Akasvayu Girona","Akasvayu Gir.","GIR",1,82,12000,4,17,23.53,27,58,46.55,16,27,59.26,17,20,37,10,8,8,0,7,6,3,22,24,77,0,0,1,0,0,82,89,0,NA,0,0,0,0,0,0,0
1454857,1,"Liga Nacional","Liga Endesa",-402534000,NA,"https://www.acb.com/Documentos/Cabeceras/logo-competicion-1b.png","https://www.acb.com/Documentos/Cabeceras/logo-competicion-4a.png",70,2005,107,NA,NA,1964,12419,NA,NA,TRUE,1340,1340,284,"Lagun Aro Bilbao Basket","Lagun Aro BB","LBB",1345,1471,"Akasvayu Girona","Akasvayu Gir.","GIR",1,89,12000,6,11,54.55,22,41,53.66,27,29,93.1,29,6,35,14,4,13,0,6,7,3,24,22,100,0,0,0,1,0,89,82,0,NA,0,0,0,0,0,0,0
1454907,1,"Liga Nacional","Liga Endesa",-402534000,NA,"https://www.acb.com/Documentos/Cabeceras/logo-competicion-1b.png","https://www.acb.com/Documentos/Cabeceras/logo-competicion-4a.png",70,2005,107,NA,NA,1964,12421,NA,NA,TRUE,1339,1339,223,"TAU Cerámica","TAU Cerámica","TAU",1354,1854,"Fórum Valladolid","Fórum Vall.","FOR",1,78,12000,7,16,43.75,21,42,50,15,24,62.5,24,9,33,14,7,9,0,2,1,0,14,24,95,0,0,0,1,0,78,73,0,NA,0,0,0,0,0,0,0
1454908,1,"Liga Nacional","Liga Endesa",-402534000,NA,"https://www.acb.com/Documentos/Cabeceras/logo-competicion-1b.png","https://www.acb.com/Documentos/Cabeceras/logo-competicion-4a.png",70,2005,107,NA,NA,1964,12421,NA,NA,FALSE,1354,1339,223,"TAU Cerámica","TAU Cerámica","TAU",1354,1854,"Fórum Valladolid","Fórum Vall.","FOR",1,73,12000,5,14,35.71,24,48,50,10,13,76.92,25,8,33,11,5,11,0,1,2,1,24,14,64,0,0,1,0,0,73,78,0,NA,0,0,0,0,0,0,0
1454989,1,"Liga Nacional","Liga Endesa",-402534000,NA,"https://www.acb.com/Documentos/Cabeceras/logo-competicion-1b.png","https://www.acb.com/Documentos/Cabeceras/logo-competicion-4a.png",70,2005,107,NA,NA,1964,12424,NA,NA,TRUE,1348,1348,768,"Real Madrid","Real Madrid","RMB",1344,1202,"Alta Gestión Fuenlabrada","Alta Gestión F.","AGF",1,84,12000,10,27,37.04,13,25,52,28,39,71.79,26,12,38,17,13,15,0,3,1,0,26,28,101,0,0,0,1,0,84,66,0,NA,0,0,0,0,0,0,0
1454990,1,"Liga Nacional","Liga Endesa",-402534000,NA,"https://www.acb.com/Documentos/Cabeceras/logo-competicion-1b.png","https://www.acb.com/Documentos/Cabeceras/logo-competicion-4a.png",70,2005,107,NA,NA,1964,12424,NA,NA,FALSE,1344,1348,768,"Real Madrid","Real Madrid","RMB",1344,1202,"Alta Gestión Fuenlabrada","Alta Gestión F.","AGF",1,66,12000,8,18,44.44,11,30,36.67,20,27,74.07,21,5,26,12,9,18,0,1,3,2,28,26,55,0,0,1,0,0,66,84,0,NA,0,0,0,0,0,0,0
1454933,1,"Liga Nacional","Liga Endesa",-402534000,NA,"https://www.acb.com/Documentos/Cabeceras/logo-competicion-1b.png","https://www.acb.com/Documentos/Cabeceras/logo-competicion-4a.png",70,2005,107,NA,NA,1964,12422,NA,NA,TRUE,1347,1347,631,"DKV Joventut","DKV Joventut","DKV",1337,1285,"Etosa Alicante","Etosa Alicante","ALI",1,95,12000,7,20,35,22,43,51.16,30,38,78.95,26,16,42,16,9,11,0,6,4,1,29,30,112,0,0,0,1,0,95,76,0,NA,0,0,0,0,0,0,0
1454934,1,"Liga Nacional","Liga Endesa",-402534000,NA,"https://www.acb.com/Documentos/Cabeceras/logo-competicion-1b.png","https://www.acb.com/Documentos/Cabeceras/logo-competicion-4a.png",70,2005,107,NA,NA,1964,12422,NA,NA,FALSE,1337,1347,631,"DKV Joventut","DKV Joventut","DKV",1337,1285,"Etosa Alicante","Etosa Alicante","ALI",1,76,12000,9,20,45,13,35,37.14,23,30,76.67,22,8,30,10,8,15,0,4,6,0,30,29,66,0,0,1,0,0,76,95,0,NA,0,0,0,0,0,0,0
1454961,1,"Liga Nacional","Liga Endesa",-402534000,NA,"https://www.acb.com/Documentos/Cabeceras/logo-competicion-1b.png","https://www.acb.com/Documentos/Cabeceras/logo-competicion-4a.png",70,2005,107,NA,NA,1964,12423,NA,NA,TRUE,1351,1351,969,"Pamesa Valencia","Pamesa Valencia","PAM",1343,469,"Adecco Estudiantes","Adecco Estu","EST",1,81,12000,10,25,40,19,41,46.34,13,18,72.22,19,14,33,14,12,16,0,2,3,0,23,21,79,0,0,1,0,0,81,88,0,NA,0,0,0,0,0,0,0
1454962,1,"Liga Nacional","Liga Endesa",-402534000,NA,"https://www.acb.com/Documentos/Cabeceras/logo-competicion-1b.png","https://www.acb.com/Documentos/Cabeceras/logo-competicion-4a.png",70,2005,107,NA,NA,1964,12423,NA,NA,FALSE,1343,1351,969,"Pamesa Valencia","Pamesa Valencia","PAM",1343,469,"Adecco Estudiantes","Adecco Estu","EST",1,88,12000,6,17,35,28,43,65,14,19,73,20,8,28,21,12,15,0,3,2,2,21,23,106,0,0,0,11,0,88,81,0,0,0,0,0,0,0,0,0
1455016,1,"Liga Nacional","Liga Endesa",-402534000,NA,"https://www.acb.com/Documentos/Cabeceras/logo-competicion-1b.png","https://www.acb.com/Documentos/Cabeceras/logo-competicion-4a.png",70,2005,107,NA,NA,1964,12425,NA,NA,FALSE,1346,1352,1061,"Unicaja","Unicaja","UNI",1346,8,"CB Granada","CB Granada","GRA",1,75,12000,4,15,26.67,24,46,52.17,15,18,83.33,19,8,27,9,7,14,0,1,2,1,26,24,65,0,0,1,0,0,75,85,0,NA,0,0,0,0,0,0,0
1455015,1,"Liga Nacional","Liga Endesa",-402534000,NA,"https://www.acb.com/Documentos/Cabeceras/logo-competicion-1b.png","https://www.acb.com/Documentos/Cabeceras/logo-competicion-4a.png",70,2005,107,NA,NA,1964,12425,NA,NA,TRUE,1352,1352,1061,"Unicaja","Unicaja","UNI",1346,8,"CB Granada","CB Granada","GRA",1,85,12000,6,14,42.86,21,39,53.85,25,30,83.33,25,9,34,15,9,12,0,2,1,2,24,26,103,0,0,0,1,0,85,75,0,NA,0,0,0,0,0,0,0
1454883,1,"Liga Nacional","Liga Endesa",-402534000,NA,"https://www.acb.com/Documentos/Cabeceras/logo-competicion-1b.png","https://www.acb.com/Documentos/Cabeceras/logo-competicion-4a.png",70,2005,107,NA,NA,1964,12420,NA,NA,FALSE,1342,1341,1359,"Leche Río Breogán","Leche Río Bre.","BRE",1342,341,"Gran Canaria","Gran Canaria","GCA",1,67,12000,11,27,40.74,11,28,39.29,12,19,63.16,21,8,29,12,9,8,0,4,3,0,21,22,71,0,0,1,0,0,67,71,0,NA,0,0,0,0,0,0,0
1454882,1,"Liga Nacional","Liga Endesa",-402534000,NA,"https://www.acb.com/Documentos/Cabeceras/logo-competicion-1b.png","https://www.acb.com/Documentos/Cabeceras/logo-competicion-4a.png",70,2005,107,NA,NA,1964,12420,NA,NA,TRUE,1341,1341,1359,"Leche Río Breogán","Leche Río Bre.","BRE",1342,341,"Gran Canaria","Gran Canaria","GCA",1,71,12000,4,17,23.53,25,46,54.35,9,17,52.94,28,16,44,5,4,11,0,3,4,0,22,21,69,0,0,0,1,0,71,67,0,NA,0,0,0,0,0,0,0
1455043,1,"Liga Nacional","Liga Endesa",-402534000,NA,"https://www.acb.com/Documentos/Cabeceras/logo-competicion-1b.png","https://www.acb.com/Documentos/Cabeceras/logo-competicion-4a.png",70,2005,107,NA,NA,1964,12426,NA,NA,FALSE,1349,1353,1133,"Caja San Fernando","C. San Fernando","CSF",1349,870,"Ricoh Manresa","Ricoh Manresa","MAN",1,86,12000,5,14,35.71,23,41,56.1,25,33,75.76,16,13,29,14,15,16,0,2,2,3,19,26,100,0,0,0,1,0,86,84,0,NA,0,0,0,0,0,0,0
1455042,1,"Liga Nacional","Liga Endesa",-402534000,NA,"https://www.acb.com/Documentos/Cabeceras/logo-competicion-1b.png","https://www.acb.com/Documentos/Cabeceras/logo-competicion-4a.png",70,2005,107,NA,NA,1964,12426,NA,NA,TRUE,1353,1353,1133,"Caja San Fernando","C. San Fernando","CSF",1349,870,"Ricoh Manresa","Ricoh Manresa","MAN",1,84,12000,8,16,50,28,50,56,4,7,57,16,14,30,11,9,18,0,2,2,2,26,19,76,0,0,11,0,0,84,86,0,0,0,0,0,0,0,0,0
1455124,1,"Liga Nacional","Liga Endesa",-402534000,NA,"https://www.acb.com/Documentos/Cabeceras/logo-competicion-1b.png","https://www.acb.com/Documentos/Cabeceras/logo-competicion-4a.png",70,2005,107,NA,NA,1965,12429,NA,NA,FALSE,1348,1343,469,"Adecco Estudiantes","Adecco Estu","EST",1348,768,"Real Madrid","Real Madrid","RMB",1,76,12000,7,24,29.17,17,29,58.62,21,33,63.64,25,10,35,8,7,14,0,3,0,2,23,29,80,0,0,0,1,0,76,73,0,NA,0,0,0,0,0,0,0
1455123,1,"Liga Nacional","Liga Endesa",-402534000,NA,"https://www.acb.com/Documentos/Cabeceras/logo-competicion-1b.png","https://www.acb.com/Documentos/Cabeceras/logo-competicion-4a.png",70,2005,107,NA,NA,1965,12429,NA,NA,TRUE,1343,1343,469,"Adecco Estudiantes","Adecco Estu","EST",1348,768,"Real Madrid","Real Madrid","RMB",1,73,12000,4,19,21,22,42,52,17,29,58,22,13,35,15,9,14,0,0,3,1,29,23,62,0,0,10,0,0,73,76,0,0,0,0,0,0,0,0,0
1455199,1,"Liga Nacional","Liga Endesa",-402534000,NA,"https://www.acb.com/Documentos/Cabeceras/logo-competicion-1b.png","https://www.acb.com/Documentos/Cabeceras/logo-competicion-4a.png",70,2005,107,NA,NA,1965,12432,NA,NA,TRUE,1345,1345,1471,"Akasvayu Girona","Akasvayu Gir.","GIR",1341,1359,"Leche Río Breogán","Leche Río Bre.","BRE",1,84,12000,5,18,27.78,26,43,60.47,17,21,80.95,17,14,31,13,8,11,0,2,1,0,24,21,89,0,0,0,1,0,84,77,0,NA,0,0,0,0,0,0,0
1455200,1,"Liga Nacional","Liga Endesa",-402534000,NA,"https://www.acb.com/Documentos/Cabeceras/logo-competicion-1b.png","https://www.acb.com/Documentos/Cabeceras/logo-competicion-4a.png",70,2005,107,NA,NA,1965,12432,NA,NA,FALSE,1341,1345,1471,"Akasvayu Girona","Akasvayu Gir.","GIR",1341,1359,"Leche Río Breogán","Leche Río Bre.","BRE",1,77,12000,6,14,42.86,18,38,47.37,23,28,82.14,17,13,30,6,9,14,0,1,2,0,21,24,77,0,0,1,0,0,77,84,0,NA,0,0,0,0,0,0,0
1455225,1,"Liga Nacional","Liga Endesa",-402534000,NA,"https://www.acb.com/Documentos/Cabeceras/logo-competicion-1b.png","https://www.acb.com/Documentos/Cabeceras/logo-competicion-4a.png",70,2005,107,NA,NA,1965,12433,NA,NA,FALSE,1346,1349,870,"Ricoh Manresa","Ricoh Manresa","MAN",1346,8,"CB Granada","CB Granada","GRA",1,72,12000,6,21,28.57,22,42,52.38,10,16,62.5,16,12,28,7,14,18,0,4,5,1,16,19,64,0,0,1,0,0,72,95,0,NA,0,0,0,0,0,0,0
1455224,1,"Liga Nacional","Liga Endesa",-402534000,NA,"https://www.acb.com/Documentos/Cabeceras/logo-competicion-1b.png","https://www.acb.com/Documentos/Cabeceras/logo-competicion-4a.png",70,2005,107,NA,NA,1965,12433,NA,NA,TRUE,1349,1349,870,"Ricoh Manresa","Ricoh Manresa","MAN",1346,8,"CB Granada","CB Granada","GRA",1,95,12000,9,19,47.37,29,45,64.44,10,11,90.91,24,10,34,21,11,16,0,5,4,7,19,16,116,0,0,0,1,0,95,72,0,NA,0,0,0,0,0,0,0
1455094,1,"Liga Nacional","Liga Endesa",-402534000,NA,"https://www.acb.com/Documentos/Cabeceras/logo-competicion-1b.png","https://www.acb.com/Documentos/Cabeceras/logo-competicion-4a.png",70,2005,107,NA,NA,1965,12428,NA,NA,TRUE,1342,1342,341,"Gran Canaria","Gran Canaria","GCA",1339,223,"TAU Cerámica","TAU Cerámica","TAU",1,76,12000,4,16,25,24,43,55.81,16,25,64,18,10,28,9,5,7,0,3,2,1,24,24,72,0,0,1,0,0,76,78,0,NA,0,0,0,0,0,0,0
1455095,1,"Liga Nacional","Liga Endesa",-402534000,NA,"https://www.acb.com/Documentos/Cabeceras/logo-competicion-1b.png","https://www.acb.com/Documentos/Cabeceras/logo-competicion-4a.png",70,2005,107,NA,NA,1965,12428,NA,NA,FALSE,1339,1342,341,"Gran Canaria","Gran Canaria","GCA",1339,223,"TAU Cerámica","TAU Cerámica","TAU",1,78,12000,4,13,30.77,26,45,57.78,14,22,63.64,21,11,32,16,4,12,0,2,3,0,24,24,81,0,0,0,1,0,78,76,0,NA,0,0,0,0,0,0,0
1455068,1,"Liga Nacional","Liga Endesa",-402534000,NA,"https://www.acb.com/Documentos/Cabeceras/logo-competicion-1b.png","https://www.acb.com/Documentos/Cabeceras/logo-competicion-4a.png",70,2005,107,NA,NA,1965,12427,NA,NA,TRUE,1337,1337,1285,"Etosa Alicante","Etosa Alicante","ALI",1351,969,"Pamesa Valencia","Pamesa Valencia","PAM",1,81,12000,7,23,30.43,21,43,48.84,18,23,78.26,19,13,32,16,6,8,0,5,4,1,26,21,80,0,0,1,0,0,81,88,0,NA,0,0,0,0,0,0,0
1455069,1,"Liga Nacional","Liga Endesa",-402534000,NA,"https://www.acb.com/Documentos/Cabeceras/logo-competicion-1b.png","https://www.acb.com/Documentos/Cabeceras/logo-competicion-4a.png",70,2005,107,NA,NA,1965,12427,NA,NA,FALSE,1351,1337,1285,"Etosa Alicante","Etosa Alicante","ALI",1351,969,"Pamesa Valencia","Pamesa Valencia","PAM",1,88,12000,10,19,52.63,15,36,41.67,28,35,80,22,12,34,9,4,10,0,4,5,1,21,26,92,0,0,0,1,0,88,81,0,NA,0,0,0,0,0,0,0
1455148,1,"Liga Nacional","Liga Endesa",-402534000,NA,"https://www.acb.com/Documentos/Cabeceras/logo-competicion-1b.png","https://www.acb.com/Documentos/Cabeceras/logo-competicion-4a.png",70,2005,107,NA,NA,1965,12430,NA,NA,TRUE,1344,1344,1202,"Alta Gestión Fuenlabrada","Alta Gestión F.","AGF",1347,631,"DKV Joventut","DKV Joventut","DKV",1,78,12000,8,17,47.06,19,43,44.19,16,22,72.73,24,11,35,16,4,16,0,3,2,0,22,23,80,0,0,1,0,0,78,91,0,NA,0,0,0,0,0,0,0
1455149,1,"Liga Nacional","Liga Endesa",-402534000,NA,"https://www.acb.com/Documentos/Cabeceras/logo-competicion-1b.png","https://www.acb.com/Documentos/Cabeceras/logo-competicion-4a.png",70,2005,107,NA,NA,1965,12430,NA,NA,FALSE,1347,1344,1202,"Alta Gestión Fuenlabrada","Alta Gestión F.","AGF",1347,631,"DKV Joventut","DKV Joventut","DKV",1,91,12000,14,25,56,17,36,47.22,15,17,88.24,23,4,27,19,12,12,0,2,3,5,23,22,103,0,0,0,1,0,91,78,0,NA,0,0,0,0,0,0,0
1455175,1,"Liga Nacional","Liga Endesa",-402534000,NA,"https://www.acb.com/Documentos/Cabeceras/logo-competicion-1b.png","https://www.acb.com/Documentos/Cabeceras/logo-competicion-4a.png",70,2005,107,NA,NA,1965,12431,NA,NA,FALSE,1338,1340,284,"Lagun Aro Bilbao Basket","Lagun Aro BB","LBB",1338,109,"Winterthur FC Barcelona","Winterthur FCB","FCB",1,85,12000,9,24,37.5,21,40,52.5,16,19,84.21,17,13,30,14,9,13,0,1,3,4,28,20,78,0,0,1,0,0,85,94,0,NA,0,0,0,0,0,0,0
1455174,1,"Liga Nacional","Liga Endesa",-402534000,NA,"https://www.acb.com/Documentos/Cabeceras/logo-competicion-1b.png","https://www.acb.com/Documentos/Cabeceras/logo-competicion-4a.png",70,2005,107,NA,NA,1965,12431,NA,NA,TRUE,1340,1340,284,"Lagun Aro Bilbao Basket","Lagun Aro BB","LBB",1338,109,"Winterthur FC Barcelona","Winterthur FCB","FCB",1,94,12000,9,19,47.37,22,35,62.86,23,29,79.31,22,7,29,14,8,12,0,3,1,2,20,28,114,0,0,0,1,0,94,85,0,NA,0,0,0,0,0,0,0
1455251,1,"Liga Nacional","Liga Endesa",-402534000,NA,"https://www.acb.com/Documentos/Cabeceras/logo-competicion-1b.png","https://www.acb.com/Documentos/Cabeceras/logo-competicion-4a.png",70,2005,107,NA,NA,1965,12434,NA,NA,TRUE,1350,1350,890,"Llanera Menorca","Llanera Menorca","MEN",1352,1061,"Unicaja","Unicaja","UNI",1,70,12000,6,18,33.33,20,42,47.62,12,16,75,21,12,33,10,8,16,0,0,2,0,24,17,58,0,0,1,0,0,70,74,0,NA,0,0,0,0,0,0,0
1455252,1,"Liga Nacional","Liga Endesa",-402534000,NA,"https://www.acb.com/Documentos/Cabeceras/logo-competicion-1b.png","https://www.acb.com/Documentos/Cabeceras/logo-competicion-4a.png",70,2005,107,NA,NA,1965,12434,NA,NA,FALSE,1352,1350,890,"Llanera Menorca","Llanera Menorca","MEN",1352,1061,"Unicaja","Unicaja","UNI",1,74,12000,10,26,38.46,12,26,46.15,20,20,100,23,6,29,10,10,14,0,2,0,0,17,24,88,0,0,0,1,0,74,70,0,NA,0,0,0,0,0,0,0
1455279,1,"Liga Nacional","Liga Endesa",-402534000,NA,"https://www.acb.com/Documentos/Cabeceras/logo-competicion-1b.png","https://www.acb.com/Documentos/Cabeceras/logo-competicion-4a.png",70,2005,107,NA,NA,1965,12435,NA,NA,TRUE,1354,1354,1854,"Fórum Valladolid","Fórum Vall.","FOR",1353,1133,"Caja San Fernando","C. San Fernando","CSF",1,88,12000,11,22,50,21,38,55.26,13,16,81.25,26,9,35,17,4,10,0,7,4,0,20,19,105,0,0,0,1,0,88,80,0,NA,0,0,0,0,0,0,0
1455280,1,"Liga Nacional","Liga Endesa",-402534000,NA,"https://www.acb.com/Documentos/Cabeceras/logo-competicion-1b.png","https://www.acb.com/Documentos/Cabeceras/logo-competicion-4a.png",70,2005,107,NA,NA,1965,12435,NA,NA,FALSE,1353,1354,1854,"Fórum Valladolid","Fórum Vall.","FOR",1353,1133,"Caja San Fernando","C. San Fernando","CSF",1,80,12000,9,26,34,19,41,46,15,18,83,20,10,30,15,8,8,0,4,7,1,19,20,81,0,0,11,0,0,80,88,0,0,0,0,0,0,0,0,0
1455306,1,"Liga Nacional","Liga Endesa",-402534000,NA,"https://www.acb.com/Documentos/Cabeceras/logo-competicion-1b.png","https://www.acb.com/Documentos/Cabeceras/logo-competicion-4a.png",70,2005,107,NA,NA,1966,12436,NA,NA,FALSE,1341,1338,109,"Winterthur FC Barcelona","Winterthur FCB","FCB",1341,1359,"Leche Río Breogán","Leche Río Bre.","BRE",1,79,12000,7,15,46.67,25,54,46.3,8,10,80,19,15,34,10,6,13,0,1,8,0,21,18,67,0,0,1,0,0,79,80,0,NA,0,0,0,0,0,0,0
1455305,1,"Liga Nacional","Liga Endesa",-402534000,NA,"https://www.acb.com/Documentos/Cabeceras/logo-competicion-1b.png","https://www.acb.com/Documentos/Cabeceras/logo-competicion-4a.png",70,2005,107,NA,NA,1966,12436,NA,NA,TRUE,1338,1338,109,"Winterthur FC Barcelona","Winterthur FCB","FCB",1341,1359,"Leche Río Breogán","Leche Río Bre.","BRE",1,80,12000,8,23,34.78,22,34,64.71,12,17,70.59,23,8,31,16,8,11,0,8,1,2,18,21,102,0,0,0,1,0,80,79,0,NA,0,0,0,0,0,0,0
1455435,1,"Liga Nacional","Liga Endesa",-402534000,NA,"https://www.acb.com/Documentos/Cabeceras/logo-competicion-1b.png","https://www.acb.com/Documentos/Cabeceras/logo-competicion-4a.png",70,2005,107,NA,NA,1966,12441,NA,NA,TRUE,1347,1347,631,"DKV Joventut","DKV Joventut","DKV",1343,469,"Adecco Estudiantes","Adecco Estu","EST",1,80,12000,15,30,50,13,33,39.39,9,14,64.29,21,9,30,21,10,13,0,4,2,2,22,20,88,0,0,0,1,0,80,63,0,NA,0,0,0,0,0,0,0
1455436,1,"Liga Nacional","Liga Endesa",-402534000,NA,"https://www.acb.com/Documentos/Cabeceras/logo-competicion-1b.png","https://www.acb.com/Documentos/Cabeceras/logo-competicion-4a.png",70,2005,107,NA,NA,1966,12441,NA,NA,FALSE,1343,1347,631,"DKV Joventut","DKV Joventut","DKV",1343,469,"Adecco Estudiantes","Adecco Estu","EST",1,63,12000,3,18,16,20,41,48,14,20,70,27,15,42,13,6,19,0,2,4,1,20,22,63,0,0,11,0,0,63,80,0,0,0,0,0,0,0,0,0
1455513,1,"Liga Nacional","Liga Endesa",-402534000,NA,"https://www.acb.com/Documentos/Cabeceras/logo-competicion-1b.png","https://www.acb.com/Documentos/Cabeceras/logo-competicion-4a.png",70,2005,107,NA,NA,1966,12444,NA,NA,FALSE,1352,1339,223,"TAU Cerámica","TAU Cerámica","TAU",1352,1061,"Unicaja","Unicaja","UNI",1,77,12000,9,20,45,17,34,50,16,26,61.54,27,7,34,13,11,14,0,2,1,6,19,24,89,0,0,0,1,0,77,70,0,NA,0,0,0,0,0,0,0
1455512,1,"Liga Nacional","Liga Endesa",-402534000,NA,"https://www.acb.com/Documentos/Cabeceras/logo-competicion-1b.png","https://www.acb.com/Documentos/Cabeceras/logo-competicion-4a.png",70,2005,107,NA,NA,1966,12444,NA,NA,TRUE,1339,1339,223,"TAU Cerámica","TAU Cerámica","TAU",1352,1061,"Unicaja","Unicaja","UNI",1,70,12000,6,25,24,22,39,56.41,8,13,61.54,26,8,34,14,7,14,0,1,2,0,24,19,64,0,0,1,0,0,70,77,0,NA,0,0,0,0,0,0,0
1455330,1,"Liga Nacional","Liga Endesa",-402534000,NA,"https://www.acb.com/Documentos/Cabeceras/logo-competicion-1b.png","https://www.acb.com/Documentos/Cabeceras/logo-competicion-4a.png",70,2005,107,NA,NA,1966,12437,NA,NA,TRUE,1342,1342,341,"Gran Canaria","Gran Canaria","GCA",1351,969,"Pamesa Valencia","Pamesa Valencia","PAM",1,88,12000,11,20,55,19,41,46.34,17,25,68,20,6,26,10,3,4,0,5,1,1,26,25,87,0,0,0,1,0,88,81,0,NA,0,0,0,0,0,0,0
1455331,1,"Liga Nacional","Liga Endesa",-402534000,NA,"https://www.acb.com/Documentos/Cabeceras/logo-competicion-1b.png","https://www.acb.com/Documentos/Cabeceras/logo-competicion-4a.png",70,2005,107,NA,NA,1966,12437,NA,NA,FALSE,1351,1342,341,"Gran Canaria","Gran Canaria","GCA",1351,969,"Pamesa Valencia","Pamesa Valencia","PAM",1,81,12000,5,18,27.78,24,46,52.17,18,35,51.43,27,20,47,12,3,9,0,1,5,1,25,26,79,0,0,1,0,0,81,88,0,NA,0,0,0,0,0,0,0
1455380,1,"Liga Nacional","Liga Endesa",-402534000,NA,"https://www.acb.com/Documentos/Cabeceras/logo-competicion-1b.png","https://www.acb.com/Documentos/Cabeceras/logo-competicion-4a.png",70,2005,107,NA,NA,1966,12439,NA,NA,TRUE,1348,1348,768,"Real Madrid","Real Madrid","RMB",1337,1285,"Etosa Alicante","Etosa Alicante","ALI",1,85,12000,11,23,47.83,21,34,61.76,10,12,83.33,22,8,30,16,5,14,0,1,2,5,25,17,86,0,0,0,1,0,85,73,0,NA,0,0,0,0,0,0,0
1455381,1,"Liga Nacional","Liga Endesa",-402534000,NA,"https://www.acb.com/Documentos/Cabeceras/logo-competicion-1b.png","https://www.acb.com/Documentos/Cabeceras/logo-competicion-4a.png",70,2005,107,NA,NA,1966,12439,NA,NA,FALSE,1337,1348,768,"Real Madrid","Real Madrid","RMB",1337,1285,"Etosa Alicante","Etosa Alicante","ALI",1,73,12000,3,16,18.75,22,40,55,20,24,83.33,17,8,25,14,9,11,0,2,1,1,17,25,84,0,0,1,0,0,73,85,0,NA,0,0,0,0,0,0,0
1455489,1,"Liga Nacional","Liga Endesa",-402534000,NA,"https://www.acb.com/Documentos/Cabeceras/logo-competicion-1b.png","https://www.acb.com/Documentos/Cabeceras/logo-competicion-4a.png",70,2005,107,NA,NA,1966,12443,NA,NA,FALSE,1345,1349,870,"Ricoh Manresa","Ricoh Manresa","MAN",1345,1471,"Akasvayu Girona","Akasvayu Gir.","GIR",1,70,12000,6,23,26.09,21,38,55.26,10,11,90.91,23,7,30,9,9,17,0,2,2,0,25,17,58,0,0,1,0,0,70,80,0,NA,0,0,0,0,0,0,0
1455488,1,"Liga Nacional","Liga Endesa",-402534000,NA,"https://www.acb.com/Documentos/Cabeceras/logo-competicion-1b.png","https://www.acb.com/Documentos/Cabeceras/logo-competicion-4a.png",70,2005,107,NA,NA,1966,12443,NA,NA,TRUE,1349,1349,870,"Ricoh Manresa","Ricoh Manresa","MAN",1345,1471,"Akasvayu Girona","Akasvayu Gir.","GIR",1,80,12000,9,24,37.5,17,33,51.52,19,26,73.08,25,7,32,11,7,12,0,2,2,3,17,25,88,0,0,0,1,0,80,70,0,NA,0,0,0,0,0,0,0
1455406,1,"Liga Nacional","Liga Endesa",-402534000,NA,"https://www.acb.com/Documentos/Cabeceras/logo-competicion-1b.png","https://www.acb.com/Documentos/Cabeceras/logo-competicion-4a.png",70,2005,107,NA,NA,1966,12440,NA,NA,TRUE,1350,1350,890,"Llanera Menorca","Llanera Menorca","MEN",1340,284,"Lagun Aro Bilbao Basket","Lagun Aro BB","LBB",1,85,12000,5,12,41.67,25,41,60.98,20,29,68.97,21,10,31,13,7,15,0,1,3,2,25,26,88,0,0,0,1,0,85,79,0,NA,0,0,0,0,0,0,0
1455407,1,"Liga Nacional","Liga Endesa",-402534000,NA,"https://www.acb.com/Documentos/Cabeceras/logo-competicion-1b.png","https://www.acb.com/Documentos/Cabeceras/logo-competicion-4a.png",70,2005,107,NA,NA,1966,12440,NA,NA,FALSE,1340,1350,890,"Llanera Menorca","Llanera Menorca","MEN",1340,284,"Lagun Aro Bilbao Basket","Lagun Aro BB","LBB",1,79,12000,9,25,36,16,30,53.33,20,25,80,17,10,27,16,10,14,0,3,1,3,26,25,84,0,0,1,0,0,79,85,0,NA,0,0,0,0,0,0,0
1455462,1,"Liga Nacional","Liga Endesa",-402534000,NA,"https://www.acb.com/Documentos/Cabeceras/logo-competicion-1b.png","https://www.acb.com/Documentos/Cabeceras/logo-competicion-4a.png",70,2005,107,NA,NA,1966,12442,NA,NA,TRUE,1353,1353,1133,"Caja San Fernando","C. San Fernando","CSF",1344,1202,"Alta Gestión Fuenlabrada","Alta Gestión F.","AGF",1,77,12000,4,14,28,26,43,60,13,23,56,22,5,27,16,7,9,0,5,0,0,22,23,87,0,0,11,0,0,77,80,0,0,0,0,0,0,0,0,0
1455463,1,"Liga Nacional","Liga Endesa",-402534000,NA,"https://www.acb.com/Documentos/Cabeceras/logo-competicion-1b.png","https://www.acb.com/Documentos/Cabeceras/logo-competicion-4a.png",70,2005,107,NA,NA,1966,12442,NA,NA,FALSE,1344,1353,1133,"Caja San Fernando","C. San Fernando","CSF",1344,1202,"Alta Gestión Fuenlabrada","Alta Gestión F.","AGF",1,80,12000,10,22,45.45,17,33,51.52,16,24,66.67,23,9,32,10,5,10,0,0,5,0,23,22,75,0,0,0,1,0,80,77,0,NA,0,0,0,0,0,0,0
1455355,1,"Liga Nacional","Liga Endesa",-402534000,NA,"https://www.acb.com/Documentos/Cabeceras/logo-competicion-1b.png","https://www.acb.com/Documentos/Cabeceras/logo-competicion-4a.png",70,2005,107,NA,NA,1966,12438,NA,NA,TRUE,1346,1346,8,"CB Granada","CB Granada","GRA",1354,1854,"Fórum Valladolid","Fórum Vall.","FOR",1,88,12000,4,15,26.67,25,44,56.82,26,30,86.67,21,6,27,11,9,9,0,3,4,2,29,28,90,0,0,1,0,0,88,93,0,NA,0,0,0,0,0,0,0
1455356,1,"Liga Nacional","Liga Endesa",-402534000,NA,"https://www.acb.com/Documentos/Cabeceras/logo-competicion-1b.png","https://www.acb.com/Documentos/Cabeceras/logo-competicion-4a.png",70,2005,107,NA,NA,1966,12438,NA,NA,FALSE,1354,1346,8,"CB Granada","CB Granada","GRA",1354,1854,"Fórum Valladolid","Fórum Vall.","FOR",1,93,12000,8,16,50,19,41,46.34,31,37,83.78,24,10,34,14,6,15,0,4,3,0,28,29,98,0,0,0,1,0,93,88,0,NA,0,0,0,0,0,0,0
1455693,1,"Liga Nacional","Liga Endesa",-402534000,NA,"https://www.acb.com/Documentos/Cabeceras/logo-competicion-1b.png","https://www.acb.com/Documentos/Cabeceras/logo-competicion-4a.png",70,2005,107,NA,NA,1967,12451,NA,NA,TRUE,1351,1351,969,"Pamesa Valencia","Pamesa Valencia","PAM",1338,109,"Winterthur FC Barcelona","Winterthur FCB","FCB",1,72,12000,5,18,27.78,24,50,48,9,17,52.94,21,14,35,15,5,7,0,1,5,3,18,21,72,0,0,1,0,0,72,75,0,NA,0,0,0,0,0,0,0
1455694,1,"Liga Nacional","Liga Endesa",-402534000,NA,"https://www.acb.com/Documentos/Cabeceras/logo-competicion-1b.png","https://www.acb.com/Documentos/Cabeceras/logo-competicion-4a.png",70,2005,107,NA,NA,1967,12451,NA,NA,FALSE,1338,1351,969,"Pamesa Valencia","Pamesa Valencia","PAM",1338,109,"Winterthur FC Barcelona","Winterthur FCB","FCB",1,75,12000,11,23,47.83,18,28,64.29,6,10,60,25,1,26,23,5,12,0,5,1,3,21,18,92,0,0,0,1,0,75,72,0,NA,0,0,0,0,0,0,0
1455539,1,"Liga Nacional","Liga Endesa",-402534000,NA,"https://www.acb.com/Documentos/Cabeceras/logo-competicion-1b.png","https://www.acb.com/Documentos/Cabeceras/logo-competicion-4a.png",70,2005,107,NA,NA,1967,12445,NA,NA,TRUE,1337,1337,1285,"Etosa Alicante","Etosa Alicante","ALI",1350,890,"Llanera Menorca","Llanera Menorca","MEN",1,82,12000,7,20,35,21,41,51.22,19,22,86.36,23,12,35,15,15,16,0,2,2,3,29,26,92,0,0,0,1,0,82,66,0,NA,0,0,0,0,0,0,0
1455540,1,"Liga Nacional","Liga Endesa",-402534000,NA,"https://www.acb.com/Documentos/Cabeceras/logo-competicion-1b.png","https://www.acb.com/Documentos/Cabeceras/logo-competicion-4a.png",70,2005,107,NA,NA,1967,12445,NA,NA,FALSE,1350,1337,1285,"Etosa Alicante","Etosa Alicante","ALI",1350,890,"Llanera Menorca","Llanera Menorca","MEN",1,66,12000,4,15,26.67,17,41,41.46,20,33,60.61,19,14,33,8,10,17,0,2,2,2,26,29,55,0,0,1,0,0,66,82,0,NA,0,0,0,0,0,0,0
1455565,1,"Liga Nacional","Liga Endesa",-402534000,NA,"https://www.acb.com/Documentos/Cabeceras/logo-competicion-1b.png","https://www.acb.com/Documentos/Cabeceras/logo-competicion-4a.png",70,2005,107,NA,NA,1967,12446,NA,NA,TRUE,1340,1340,284,"Lagun Aro Bilbao Basket","Lagun Aro BB","LBB",1348,768,"Real Madrid","Real Madrid","RMB",1,77,12000,5,13,38.46,18,34,52.94,26,34,76.47,15,12,27,11,8,22,0,0,2,3,28,27,66,0,0,1,0,0,77,90,0,NA,0,0,0,0,0,0,0
1455566,1,"Liga Nacional","Liga Endesa",-402534000,NA,"https://www.acb.com/Documentos/Cabeceras/logo-competicion-1b.png","https://www.acb.com/Documentos/Cabeceras/logo-competicion-4a.png",70,2005,107,NA,NA,1967,12446,NA,NA,FALSE,1348,1340,284,"Lagun Aro Bilbao Basket","Lagun Aro BB","LBB",1348,768,"Real Madrid","Real Madrid","RMB",1,90,12000,12,23,52.17,14,29,48.28,26,31,83.87,18,10,28,15,11,18,0,2,0,0,27,28,98,0,0,0,1,0,90,77,0,NA,0,0,0,0,0,0,0
1455642,1,"Liga Nacional","Liga Endesa",-402534000,NA,"https://www.acb.com/Documentos/Cabeceras/logo-competicion-1b.png","https://www.acb.com/Documentos/Cabeceras/logo-competicion-4a.png",70,2005,107,NA,NA,1967,12449,NA,NA,TRUE,1345,1345,1471,"Akasvayu Girona","Akasvayu Gir.","GIR",1346,8,"CB Granada","CB Granada","GRA",1,96,12000,12,20,60,24,43,55.81,12,16,75,25,15,40,14,4,13,0,6,2,1,18,17,113,0,0,0,1,0,96,71,0,NA,0,0,0,0,0,0,0
1455643,1,"Liga Nacional","Liga Endesa",-402534000,NA,"https://www.acb.com/Documentos/Cabeceras/logo-competicion-1b.png","https://www.acb.com/Documentos/Cabeceras/logo-competicion-4a.png",70,2005,107,NA,NA,1967,12449,NA,NA,FALSE,1346,1345,1471,"Akasvayu Girona","Akasvayu Gir.","GIR",1346,8,"CB Granada","CB Granada","GRA",1,71,12000,5,17,29.41,22,45,48.89,12,25,48,13,17,30,13,8,11,0,2,6,2,17,18,60,0,0,1,0,0,71,96,0,NA,0,0,0,0,0,0,0
1455668,1,"Liga Nacional","Liga Endesa",-402534000,NA,"https://www.acb.com/Documentos/Cabeceras/logo-competicion-1b.png","https://www.acb.com/Documentos/Cabeceras/logo-competicion-4a.png",70,2005,107,NA,NA,1967,12450,NA,NA,TRUE,1352,1352,1061,"Unicaja","Unicaja","UNI",1353,1133,"Caja San Fernando","C. San Fernando","CSF",1,71,12000,4,16,25,19,33,57.58,21,25,84,30,6,36,11,6,16,0,7,2,2,19,28,92,0,0,0,1,0,71,59,0,NA,0,0,0,0,0,0,0
1455669,1,"Liga Nacional","Liga Endesa",-402534000,NA,"https://www.acb.com/Documentos/Cabeceras/logo-competicion-1b.png","https://www.acb.com/Documentos/Cabeceras/logo-competicion-4a.png",70,2005,107,NA,NA,1967,12450,NA,NA,FALSE,1353,1352,1061,"Unicaja","Unicaja","UNI",1353,1133,"Caja San Fernando","C. San Fernando","CSF",1,59,12000,5,18,27,16,41,39,12,18,66,19,11,30,5,13,16,0,2,7,1,28,19,33,0,0,11,0,0,59,71,0,0,0,0,0,0,0,0,0
1455618,1,"Liga Nacional","Liga Endesa",-402534000,NA,"https://www.acb.com/Documentos/Cabeceras/logo-competicion-1b.png","https://www.acb.com/Documentos/Cabeceras/logo-competicion-4a.png",70,2005,107,NA,NA,1967,12448,NA,NA,TRUE,1343,1343,469,"Adecco Estudiantes","Adecco Estu","EST",1349,870,"Ricoh Manresa","Ricoh Manresa","MAN",1,83,12000,7,22,31,26,46,56,10,15,66,23,16,39,20,11,16,0,2,0,3,20,17,96,0,0,0,11,0,83,75,0,0,0,0,0,0,0,0,0
1455619,1,"Liga Nacional","Liga Endesa",-402534000,NA,"https://www.acb.com/Documentos/Cabeceras/logo-competicion-1b.png","https://www.acb.com/Documentos/Cabeceras/logo-competicion-4a.png",70,2005,107,NA,NA,1967,12448,NA,NA,FALSE,1349,1343,469,"Adecco Estudiantes","Adecco Estu","EST",1349,870,"Ricoh Manresa","Ricoh Manresa","MAN",1,75,12000,10,26,38.46,15,31,48.39,15,17,88.24,18,10,28,16,10,20,0,0,2,3,17,20,76,0,0,1,0,0,75,83,0,NA,0,0,0,0,0,0,0
1455720,1,"Liga Nacional","Liga Endesa",-402534000,NA,"https://www.acb.com/Documentos/Cabeceras/logo-competicion-1b.png","https://www.acb.com/Documentos/Cabeceras/logo-competicion-4a.png",70,2005,107,NA,NA,1967,12452,NA,NA,TRUE,1344,1344,1202,"Alta Gestión Fuenlabrada","Alta Gestión F.","AGF",1342,341,"Gran Canaria","Gran Canaria","GCA",1,73,12000,3,20,15,21,38,55.26,22,25,88,25,8,33,9,4,11,0,3,2,3,16,19,75,0,0,1,0,0,73,76,0,NA,0,0,0,0,0,0,0
1455721,1,"Liga Nacional","Liga Endesa",-402534000,NA,"https://www.acb.com/Documentos/Cabeceras/logo-competicion-1b.png","https://www.acb.com/Documentos/Cabeceras/logo-competicion-4a.png",70,2005,107,NA,NA,1967,12452,NA,NA,FALSE,1342,1344,1202,"Alta Gestión Fuenlabrada","Alta Gestión F.","AGF",1342,341,"Gran Canaria","Gran Canaria","GCA",1,76,12000,6,18,33.33,25,43,58.14,8,14,57.14,24,8,32,11,8,10,0,2,3,0,19,16,77,0,0,0,1,0,76,73,0,NA,0,0,0,0,0,0,0
1455745,1,"Liga Nacional","Liga Endesa",-402534000,NA,"https://www.acb.com/Documentos/Cabeceras/logo-competicion-1b.png","https://www.acb.com/Documentos/Cabeceras/logo-competicion-4a.png",70,2005,107,NA,NA,1967,12453,NA,NA,FALSE,1347,1354,1854,"Fórum Valladolid","Fórum Vall.","FOR",1347,631,"DKV Joventut","DKV Joventut","DKV",1,89,12000,13,26,50,19,38,50,12,17,70.59,19,13,32,17,14,21,0,1,3,3,25,23,90,0,0,0,1,0,89,79,0,NA,0,0,0,0,0,0,0
1455744,1,"Liga Nacional","Liga Endesa",-402534000,NA,"https://www.acb.com/Documentos/Cabeceras/logo-competicion-1b.png","https://www.acb.com/Documentos/Cabeceras/logo-competicion-4a.png",70,2005,107,NA,NA,1967,12453,NA,NA,TRUE,1354,1354,1854,"Fórum Valladolid","Fórum Vall.","FOR",1347,631,"DKV Joventut","DKV Joventut","DKV",1,79,12000,7,21,33.33,18,33,54.55,22,27,81.48,17,9,26,14,15,22,0,3,1,1,23,25,82,0,0,1,0,0,79,89,0,NA,0,0,0,0,0,0,0
1455590,1,"Liga Nacional","Liga Endesa",-402534000,NA,"https://www.acb.com/Documentos/Cabeceras/logo-competicion-1b.png","https://www.acb.com/Documentos/Cabeceras/logo-competicion-4a.png",70,2005,107,NA,NA,1967,12447,NA,NA,TRUE,1341,1341,1359,"Leche Río Breogán","Leche Río Bre.","BRE",1339,223,"TAU Cerámica","TAU Cerámica","TAU",1,76,12000,2,10,20,28,52,53.85,14,17,82.35,22,9,31,7,7,14,0,4,0,1,29,25,72,0,0,1,0,0,76,79,0,NA,0,0,0,0,0,0,0
1455591,1,"Liga Nacional","Liga Endesa",-402534000,NA,"https://www.acb.com/Documentos/Cabeceras/logo-competicion-1b.png","https://www.acb.com/Documentos/Cabeceras/logo-competicion-4a.png",70,2005,107,NA,NA,1967,12447,NA,NA,FALSE,1339,1341,1359,"Leche Río Breogán","Leche Río Bre.","BRE",1339,223,"TAU Cerámica","TAU Cerámica","TAU",1,79,12000,4,12,33.33,24,39,61.54,19,31,61.29,24,5,29,14,11,14,0,0,4,0,25,29,84,0,0,0,1,0,79,76,0,NA,0,0,0,0,0,0,0
1455794,1,"Liga Nacional","Liga Endesa",-402534000,NA,"https://www.acb.com/Documentos/Cabeceras/logo-competicion-1b.png","https://www.acb.com/Documentos/Cabeceras/logo-competicion-4a.png",70,2005,107,NA,NA,1968,12455,NA,NA,TRUE,1348,1348,768,"Real Madrid","Real Madrid","RMB",1339,223,"TAU Cerámica","TAU Cerámica","TAU",1,62,12000,5,18,27.78,17,38,44.74,13,18,72.22,16,7,23,11,10,12,0,2,5,1,22,22,52,0,0,1,0,0,62,73,0,NA,0,0,0,0,0,0,0
1455795,1,"Liga Nacional","Liga Endesa",-402534000,NA,"https://www.acb.com/Documentos/Cabeceras/logo-competicion-1b.png","https://www.acb.com/Documentos/Cabeceras/logo-competicion-4a.png",70,2005,107,NA,NA,1968,12455,NA,NA,FALSE,1339,1348,768,"Real Madrid","Real Madrid","RMB",1339,223,"TAU Cerámica","TAU Cerámica","TAU",1,73,12000,7,20,35,19,36,52.78,14,19,73.68,27,11,38,10,10,14,0,5,2,3,22,22,85,0,0,0,1,0,73,62,0,NA,0,0,0,0,0,0,0
1455819,1,"Liga Nacional","Liga Endesa",-402534000,NA,"https://www.acb.com/Documentos/Cabeceras/logo-competicion-1b.png","https://www.acb.com/Documentos/Cabeceras/logo-competicion-4a.png",70,2005,107,NA,NA,1968,12456,NA,NA,TRUE,1349,1349,870,"Ricoh Manresa","Ricoh Manresa","MAN",1354,1854,"Fórum Valladolid","Fórum Vall.","FOR",1,79,12000,7,21,33.33,22,54,40.74,14,19,73.68,18,20,38,13,11,9,0,2,7,4,14,21,83,0,0,0,1,0,79,76,0,NA,0,0,0,0,0,0,0
1455820,1,"Liga Nacional","Liga Endesa",-402534000,NA,"https://www.acb.com/Documentos/Cabeceras/logo-competicion-1b.png","https://www.acb.com/Documentos/Cabeceras/logo-competicion-4a.png",70,2005,107,NA,NA,1968,12456,NA,NA,FALSE,1354,1349,870,"Ricoh Manresa","Ricoh Manresa","MAN",1354,1854,"Fórum Valladolid","Fórum Vall.","FOR",1,76,12000,6,15,40,25,40,62.5,8,10,80,25,4,29,15,5,16,0,7,2,3,21,14,81,0,0,1,0,0,76,79,0,NA,0,0,0,0,0,0,0
1455922,1,"Liga Nacional","Liga Endesa",-402534000,NA,"https://www.acb.com/Documentos/Cabeceras/logo-competicion-1b.png","https://www.acb.com/Documentos/Cabeceras/logo-competicion-4a.png",70,2005,107,NA,NA,1968,12460,NA,NA,TRUE,1347,1347,631,"DKV Joventut","DKV Joventut","DKV",1342,341,"Gran Canaria","Gran Canaria","GCA",1,91,12000,7,16,43.75,25,39,64.1,20,25,80,34,8,42,19,7,19,0,4,2,7,26,22,110,0,0,0,1,0,91,77,0,NA,0,0,0,0,0,0,0
1455923,1,"Liga Nacional","Liga Endesa",-402534000,NA,"https://www.acb.com/Documentos/Cabeceras/logo-competicion-1b.png","https://www.acb.com/Documentos/Cabeceras/logo-competicion-4a.png",70,2005,107,NA,NA,1968,12460,NA,NA,FALSE,1342,1347,631,"DKV Joventut","DKV Joventut","DKV",1342,341,"Gran Canaria","Gran Canaria","GCA",1,77,12000,7,23,30.43,19,42,45.24,18,23,78.26,16,7,23,12,10,11,0,2,4,2,22,26,69,0,0,1,0,0,77,91,0,NA,0,0,0,0,0,0,0
1455949,1,"Liga Nacional","Liga Endesa",-402534000,NA,"https://www.acb.com/Documentos/Cabeceras/logo-competicion-1b.png","https://www.acb.com/Documentos/Cabeceras/logo-competicion-4a.png",70,2005,107,NA,NA,1968,12461,NA,NA,FALSE,1343,1345,1471,"Akasvayu Girona","Akasvayu Gir.","GIR",1343,469,"Adecco Estudiantes","Adecco Estu","EST",1,78,12000,7,18,38.89,23,47,48.94,11,17,64.71,28,8,36,17,5,11,0,0,4,3,21,22,81,0,0,1,0,0,78,97,0,NA,0,0,0,0,0,0,0
1455948,1,"Liga Nacional","Liga Endesa",-402534000,NA,"https://www.acb.com/Documentos/Cabeceras/logo-competicion-1b.png","https://www.acb.com/Documentos/Cabeceras/logo-competicion-4a.png",70,2005,107,NA,NA,1968,12461,NA,NA,TRUE,1345,1345,1471,"Akasvayu Girona","Akasvayu Gir.","GIR",1343,469,"Adecco Estudiantes","Adecco Estu","EST",1,97,12000,15,25,60,20,40,50,12,17,70.59,26,7,33,17,9,10,0,4,0,4,22,21,114,0,0,0,1,0,97,78,0,NA,0,0,0,0,0,0,0
1455845,1,"Liga Nacional","Liga Endesa",-402534000,NA,"https://www.acb.com/Documentos/Cabeceras/logo-competicion-1b.png","https://www.acb.com/Documentos/Cabeceras/logo-competicion-4a.png",70,2005,107,NA,NA,1968,12457,NA,NA,TRUE,1338,1338,109,"Winterthur FC Barcelona","Winterthur FCB","FCB",1337,1285,"Etosa Alicante","Etosa Alicante","ALI",1,82,12000,6,20,30,24,43,55.81,16,18,88.89,23,15,38,9,10,21,0,5,3,2,19,20,86,0,0,0,1,0,82,76,0,NA,0,0,0,0,0,0,0
1455846,1,"Liga Nacional","Liga Endesa",-402534000,NA,"https://www.acb.com/Documentos/Cabeceras/logo-competicion-1b.png","https://www.acb.com/Documentos/Cabeceras/logo-competicion-4a.png",70,2005,107,NA,NA,1968,12457,NA,NA,FALSE,1337,1338,109,"Winterthur FC Barcelona","Winterthur FCB","FCB",1337,1285,"Etosa Alicante","Etosa Alicante","ALI",1,76,12000,4,17,23.53,25,45,55.56,14,18,77.78,18,10,28,12,12,16,0,3,5,2,20,19,72,0,0,1,0,0,76,82,0,NA,0,0,0,0,0,0,0
1455871,1,"Liga Nacional","Liga Endesa",-402534000,NA,"https://www.acb.com/Documentos/Cabeceras/logo-competicion-1b.png","https://www.acb.com/Documentos/Cabeceras/logo-competicion-4a.png",70,2005,107,NA,NA,1968,12458,NA,NA,FALSE,1340,1352,1061,"Unicaja","Unicaja","UNI",1340,284,"Lagun Aro Bilbao Basket","Lagun Aro BB","LBB",1,76,12000,6,15,40,19,30,63.33,20,26,76.92,23,7,30,11,9,19,0,1,4,1,21,22,79,0,0,0,1,0,76,71,0,NA,0,0,0,0,0,0,0
1455870,1,"Liga Nacional","Liga Endesa",-402534000,NA,"https://www.acb.com/Documentos/Cabeceras/logo-competicion-1b.png","https://www.acb.com/Documentos/Cabeceras/logo-competicion-4a.png",70,2005,107,NA,NA,1968,12458,NA,NA,TRUE,1352,1352,1061,"Unicaja","Unicaja","UNI",1340,284,"Lagun Aro Bilbao Basket","Lagun Aro BB","LBB",1,71,12000,7,21,33.33,21,37,56.76,8,12,66.67,16,7,23,18,10,15,0,4,1,3,22,21,75,0,0,1,0,0,71,76,0,NA,0,0,0,0,0,0,0
1455896,1,"Liga Nacional","Liga Endesa",-402534000,NA,"https://www.acb.com/Documentos/Cabeceras/logo-competicion-1b.png","https://www.acb.com/Documentos/Cabeceras/logo-competicion-4a.png",70,2005,107,NA,NA,1968,12459,NA,NA,TRUE,1353,1353,1133,"Caja San Fernando","C. San Fernando","CSF",1341,1359,"Leche Río Breogán","Leche Río Bre.","BRE",1,71,12000,5,22,22,16,32,50,24,29,82,27,6,33,14,10,13,0,8,2,1,28,26,81,0,0,0,11,0,71,58,0,0,0,0,0,0,0,0,0
1455897,1,"Liga Nacional","Liga Endesa",-402534000,NA,"https://www.acb.com/Documentos/Cabeceras/logo-competicion-1b.png","https://www.acb.com/Documentos/Cabeceras/logo-competicion-4a.png",70,2005,107,NA,NA,1968,12459,NA,NA,FALSE,1341,1353,1133,"Caja San Fernando","C. San Fernando","CSF",1341,1359,"Leche Río Breogán","Leche Río Bre.","BRE",1,58,12000,2,12,16.67,17,46,36.96,18,28,64.29,28,12,40,3,7,14,0,2,8,1,26,28,41,0,0,1,0,0,58,71,0,NA,0,0,0,0,0,0,0
1455975,1,"Liga Nacional","Liga Endesa",-402534000,NA,"https://www.acb.com/Documentos/Cabeceras/logo-competicion-1b.png","https://www.acb.com/Documentos/Cabeceras/logo-competicion-4a.png",70,2005,107,NA,NA,1968,12462,NA,NA,TRUE,1350,1350,890,"Llanera Menorca","Llanera Menorca","MEN",1344,1202,"Alta Gestión Fuenlabrada","Alta Gestión F.","AGF",1,82,12000,9,15,60,21,37,56.76,13,14,92.86,24,7,31,11,9,15,0,7,2,0,19,20,101,0,0,0,1,0,82,75,0,NA,0,0,0,0,0,0,0
1455976,1,"Liga Nacional","Liga Endesa",-402534000,NA,"https://www.acb.com/Documentos/Cabeceras/logo-competicion-1b.png","https://www.acb.com/Documentos/Cabeceras/logo-competicion-4a.png",70,2005,107,NA,NA,1968,12462,NA,NA,FALSE,1344,1350,890,"Llanera Menorca","Llanera Menorca","MEN",1344,1202,"Alta Gestión Fuenlabrada","Alta Gestión F.","AGF",1,75,12000,11,30,36.67,15,33,45.45,12,18,66.67,15,15,30,19,8,11,0,2,7,3,20,19,72,0,0,1,0,0,75,82,0,NA,0,0,0,0,0,0,0
1455769,1,"Liga Nacional","Liga Endesa",-402534000,NA,"https://www.acb.com/Documentos/Cabeceras/logo-competicion-1b.png","https://www.acb.com/Documentos/Cabeceras/logo-competicion-4a.png",70,2005,107,NA,NA,1968,12454,NA,NA,TRUE,1346,1346,8,"CB Granada","CB Granada","GRA",1351,969,"Pamesa Valencia","Pamesa Valencia","PAM",1,88,12000,10,20,50,19,40,47.5,20,25,80,31,11,42,14,7,14,0,4,6,2,25,22,96,0,0,0,1,0,88,70,0,NA,0,0,0,0,0,0,0
1455770,1,"Liga Nacional","Liga Endesa",-402534000,NA,"https://www.acb.com/Documentos/Cabeceras/logo-competicion-1b.png","https://www.acb.com/Documentos/Cabeceras/logo-competicion-4a.png",70,2005,107,NA,NA,1968,12454,NA,NA,FALSE,1351,1346,8,"CB Granada","CB Granada","GRA",1351,969,"Pamesa Valencia","Pamesa Valencia","PAM",1,70,12000,8,27,29.63,15,31,48.39,16,24,66.67,21,7,28,8,12,8,0,6,4,2,22,25,72,0,0,1,0,0,70,88,0,NA,0,0,0,0,0,0,0
1456132,1,"Liga Nacional","Liga Endesa",-402534000,NA,"https://www.acb.com/Documentos/Cabeceras/logo-competicion-1b.png","https://www.acb.com/Documentos/Cabeceras/logo-competicion-4a.png",70,2005,107,NA,NA,1969,12468,NA,NA,FALSE,1347,1353,1133,"Caja San Fernando","C. San Fernando","CSF",1347,631,"DKV Joventut","DKV Joventut","DKV",1,65,12000,6,29,20.69,19,44,43.18,9,11,81.82,19,14,33,7,11,12,0,3,4,2,24,19,48,0,0,1,0,0,65,80,0,NA,0,0,0,0,0,0,0
1456131,1,"Liga Nacional","Liga Endesa",-402534000,NA,"https://www.acb.com/Documentos/Cabeceras/logo-competicion-1b.png","https://www.acb.com/Documentos/Cabeceras/logo-competicion-4a.png",70,2005,107,NA,NA,1969,12468,NA,NA,TRUE,1353,1353,1133,"Caja San Fernando","C. San Fernando","CSF",1347,631,"DKV Joventut","DKV Joventut","DKV",1,80,12000,9,19,47,17,35,48,19,27,70,30,12,42,20,11,21,0,4,3,3,19,24,102,0,0,0,10,0,80,65,0,0,0,0,0,0,0,0,0
1456107,1,"Liga Nacional","Liga Endesa",-402534000,NA,"https://www.acb.com/Documentos/Cabeceras/logo-competicion-1b.png","https://www.acb.com/Documentos/Cabeceras/logo-competicion-4a.png",70,2005,107,NA,NA,1969,12467,NA,NA,FALSE,1337,1340,284,"Lagun Aro Bilbao Basket","Lagun Aro BB","LBB",1337,1285,"Etosa Alicante","Etosa Alicante","ALI",1,85,12000,6,20,30,24,34,70.59,19,23,82.61,27,8,35,18,6,8,0,0,1,1,25,24,106,0,0,0,1,0,85,70,0,NA,0,0,0,0,0,0,0
1456106,1,"Liga Nacional","Liga Endesa",-402534000,NA,"https://www.acb.com/Documentos/Cabeceras/logo-competicion-1b.png","https://www.acb.com/Documentos/Cabeceras/logo-competicion-4a.png",70,2005,107,NA,NA,1969,12467,NA,NA,TRUE,1340,1340,284,"Lagun Aro Bilbao Basket","Lagun Aro BB","LBB",1337,1285,"Etosa Alicante","Etosa Alicante","ALI",1,70,12000,5,18,27.78,18,45,40,19,28,67.86,18,16,34,13,7,9,0,1,0,1,24,25,68,0,0,1,0,0,70,85,0,NA,0,0,0,0,0,0,0
1456002,1,"Liga Nacional","Liga Endesa",-402534000,NA,"https://www.acb.com/Documentos/Cabeceras/logo-competicion-1b.png","https://www.acb.com/Documentos/Cabeceras/logo-competicion-4a.png",70,2005,107,NA,NA,1969,12463,NA,NA,TRUE,1338,1338,109,"Winterthur FC Barcelona","Winterthur FCB","FCB",1348,768,"Real Madrid","Real Madrid","RMB",1,66,12000,5,16,31.25,18,40,45,15,20,75,22,14,36,9,9,16,0,1,5,3,21,22,63,0,0,1,0,0,66,69,0,NA,0,0,0,0,0,0,0
1456003,1,"Liga Nacional","Liga Endesa",-402534000,NA,"https://www.acb.com/Documentos/Cabeceras/logo-competicion-1b.png","https://www.acb.com/Documentos/Cabeceras/logo-competicion-4a.png",70,2005,107,NA,NA,1969,12463,NA,NA,FALSE,1348,1338,109,"Winterthur FC Barcelona","Winterthur FCB","FCB",1348,768,"Real Madrid","Real Madrid","RMB",1,69,12000,5,11,45.45,18,43,41.86,18,21,85.71,22,10,32,10,13,12,0,5,1,3,22,21,81,0,0,0,1,0,69,66,0,NA,0,0,0,0,0,0,0
1456184,1,"Liga Nacional","Liga Endesa",-402534000,NA,"https://www.acb.com/Documentos/Cabeceras/logo-competicion-1b.png","https://www.acb.com/Documentos/Cabeceras/logo-competicion-4a.png",70,2005,107,NA,NA,1969,12470,NA,NA,FALSE,1346,1339,223,"TAU Cerámica","TAU Cerámica","TAU",1346,8,"CB Granada","CB Granada","GRA",1,66,12000,2,11,18.18,21,50,42,18,23,78.26,24,17,41,6,6,17,0,3,4,0,21,24,61,0,0,1,0,0,66,78,0,NA,0,0,0,0,0,0,0
1456183,1,"Liga Nacional","Liga Endesa",-402534000,NA,"https://www.acb.com/Documentos/Cabeceras/logo-competicion-1b.png","https://www.acb.com/Documentos/Cabeceras/logo-competicion-4a.png",70,2005,107,NA,NA,1969,12470,NA,NA,TRUE,1339,1339,223,"TAU Cerámica","TAU Cerámica","TAU",1346,8,"CB Granada","CB Granada","GRA",1,78,12000,7,21,33.33,20,33,60.61,17,25,68,21,5,26,21,12,12,0,4,3,1,24,21,88,0,0,0,1,0,78,66,0,NA,0,0,0,0,0,0,0
1456054,1,"Liga Nacional","Liga Endesa",-402534000,NA,"https://www.acb.com/Documentos/Cabeceras/logo-competicion-1b.png","https://www.acb.com/Documentos/Cabeceras/logo-competicion-4a.png",70,2005,107,NA,NA,1969,12465,NA,NA,FALSE,1349,1342,341,"Gran Canaria","Gran Canaria","GCA",1349,870,"Ricoh Manresa","Ricoh Manresa","MAN",1,73,12000,5,20,25,22,38,57.89,14,16,87.5,18,10,28,10,7,15,0,4,1,0,19,18,72,0,0,1,0,0,73,91,0,NA,0,0,0,0,0,0,0
1456053,1,"Liga Nacional","Liga Endesa",-402534000,NA,"https://www.acb.com/Documentos/Cabeceras/logo-competicion-1b.png","https://www.acb.com/Documentos/Cabeceras/logo-competicion-4a.png",70,2005,107,NA,NA,1969,12465,NA,NA,TRUE,1342,1342,341,"Gran Canaria","Gran Canaria","GCA",1349,870,"Ricoh Manresa","Ricoh Manresa","MAN",1,91,12000,8,20,40,27,44,61.36,13,18,72.22,22,11,33,18,10,11,0,1,4,1,18,19,105,0,0,0,1,0,91,73,0,NA,0,0,0,0,0,0,0
1456028,1,"Liga Nacional","Liga Endesa",-402534000,NA,"https://www.acb.com/Documentos/Cabeceras/logo-competicion-1b.png","https://www.acb.com/Documentos/Cabeceras/logo-competicion-4a.png",70,2005,107,NA,NA,1969,12464,NA,NA,FALSE,1352,1341,1359,"Leche Río Breogán","Leche Río Bre.","BRE",1352,1061,"Unicaja","Unicaja","UNI",1,104,12000,12,28,42.86,16,20,80,36,40,90,13,5,18,16,10,14,0,6,1,0,27,34,122,0,0,0,1,0,104,99,0,NA,0,0,0,0,0,0,0
1456027,1,"Liga Nacional","Liga Endesa",-402534000,NA,"https://www.acb.com/Documentos/Cabeceras/logo-competicion-1b.png","https://www.acb.com/Documentos/Cabeceras/logo-competicion-4a.png",70,2005,107,NA,NA,1969,12464,NA,NA,TRUE,1341,1341,1359,"Leche Río Breogán","Leche Río Bre.","BRE",1352,1061,"Unicaja","Unicaja","UNI",1,99,12000,3,11,27.27,31,44,70.45,28,31,90.32,14,7,21,15,4,18,0,1,6,1,34,27,85,0,0,1,0,0,99,104,0,NA,0,0,0,0,0,0,0
1456081,1,"Liga Nacional","Liga Endesa",-402534000,NA,"https://www.acb.com/Documentos/Cabeceras/logo-competicion-1b.png","https://www.acb.com/Documentos/Cabeceras/logo-competicion-4a.png",70,2005,107,NA,NA,1969,12466,NA,NA,TRUE,1343,1343,469,"Adecco Estudiantes","Adecco Estu","EST",1344,1202,"Alta Gestión Fuenlabrada","Alta Gestión F.","AGF",1,89,12000,6,20,30,22,36,61,27,35,77,20,11,31,21,14,12,0,1,2,0,24,31,113,0,0,0,10,0,89,75,0,0,0,0,0,0,0,0,0
1456082,1,"Liga Nacional","Liga Endesa",-402534000,NA,"https://www.acb.com/Documentos/Cabeceras/logo-competicion-1b.png","https://www.acb.com/Documentos/Cabeceras/logo-competicion-4a.png",70,2005,107,NA,NA,1969,12466,NA,NA,FALSE,1344,1343,469,"Adecco Estudiantes","Adecco Estu","EST",1344,1202,"Alta Gestión Fuenlabrada","Alta Gestión F.","AGF",1,75,12000,10,25,40,17,27,62.96,11,18,61.11,18,7,25,18,8,19,0,2,1,4,31,24,69,0,0,1,0,0,75,89,0,NA,0,0,0,0,0,0,0
1456157,1,"Liga Nacional","Liga Endesa",-402534000,NA,"https://www.acb.com/Documentos/Cabeceras/logo-competicion-1b.png","https://www.acb.com/Documentos/Cabeceras/logo-competicion-4a.png",70,2005,107,NA,NA,1969,12469,NA,NA,TRUE,1351,1351,969,"Pamesa Valencia","Pamesa Valencia","PAM",1345,1471,"Akasvayu Girona","Akasvayu Gir.","GIR",1,49,12000,3,26,11.54,16,43,37.21,8,12,66.67,20,15,35,5,12,15,0,2,7,3,18,19,28,0,0,1,0,0,49,79,0,NA,0,0,0,0,0,0,0
1456158,1,"Liga Nacional","Liga Endesa",-402534000,NA,"https://www.acb.com/Documentos/Cabeceras/logo-competicion-1b.png","https://www.acb.com/Documentos/Cabeceras/logo-competicion-4a.png",70,2005,107,NA,NA,1969,12469,NA,NA,FALSE,1345,1351,969,"Pamesa Valencia","Pamesa Valencia","PAM",1345,1471,"Akasvayu Girona","Akasvayu Gir.","GIR",1,79,12000,7,13,53.85,25,42,59.52,8,11,72.73,34,3,37,17,11,16,0,7,2,4,19,18,106,0,0,0,1,0,79,49,0,NA,0,0,0,0,0,0,0
1456209,1,"Liga Nacional","Liga Endesa",-402534000,NA,"https://www.acb.com/Documentos/Cabeceras/logo-competicion-1b.png","https://www.acb.com/Documentos/Cabeceras/logo-competicion-4a.png",70,2005,107,NA,NA,1969,12471,NA,NA,TRUE,1354,1354,1854,"Fórum Valladolid","Fórum Vall.","FOR",1350,890,"Llanera Menorca","Llanera Menorca","MEN",1,75,12000,5,29,17.24,18,32,56.25,24,29,82.76,19,18,37,10,16,15,0,1,3,2,26,27,79,0,0,1,0,0,75,79,0,NA,0,0,0,0,0,0,0
1456210,1,"Liga Nacional","Liga Endesa",-402534000,NA,"https://www.acb.com/Documentos/Cabeceras/logo-competicion-1b.png","https://www.acb.com/Documentos/Cabeceras/logo-competicion-4a.png",70,2005,107,NA,NA,1969,12471,NA,NA,FALSE,1350,1354,1854,"Fórum Valladolid","Fórum Vall.","FOR",1350,890,"Llanera Menorca","Llanera Menorca","MEN",1,79,12000,7,15,46.67,22,42,52.38,14,22,63.64,22,14,36,14,7,21,0,3,1,1,27,26,80,0,0,0,1,0,79,75,0,NA,0,0,0,0,0,0,0
1456340,1,"Liga Nacional","Liga Endesa",-402534000,NA,"https://www.acb.com/Documentos/Cabeceras/logo-competicion-1b.png","https://www.acb.com/Documentos/Cabeceras/logo-competicion-4a.png",70,2005,107,NA,NA,1970,12476,NA,NA,TRUE,1349,1349,870,"Ricoh Manresa","Ricoh Manresa","MAN",1339,223,"TAU Cerámica","TAU Cerámica","TAU",1,104,12000,12,23,52.17,25,41,60.98,18,22,81.82,23,13,36,9,5,15,0,7,1,6,21,22,115,0,0,0,1,0,104,92,0,NA,0,0,0,0,0,0,0
1456341,1,"Liga Nacional","Liga Endesa",-402534000,NA,"https://www.acb.com/Documentos/Cabeceras/logo-competicion-1b.png","https://www.acb.com/Documentos/Cabeceras/logo-competicion-4a.png",70,2005,107,NA,NA,1970,12476,NA,NA,FALSE,1339,1349,870,"Ricoh Manresa","Ricoh Manresa","MAN",1339,223,"TAU Cerámica","TAU Cerámica","TAU",1,92,12000,10,22,45.45,23,47,48.94,16,19,84.21,17,16,33,18,9,12,0,1,7,2,22,21,94,0,0,1,0,0,92,104,0,NA,0,0,0,0,0,0,0
1456368,1,"Liga Nacional","Liga Endesa",-402534000,NA,"https://www.acb.com/Documentos/Cabeceras/logo-competicion-1b.png","https://www.acb.com/Documentos/Cabeceras/logo-competicion-4a.png",70,2005,107,NA,NA,1970,12477,NA,NA,TRUE,1352,1352,1061,"Unicaja","Unicaja","UNI",1338,109,"Winterthur FC Barcelona","Winterthur FCB","FCB",1,54,12000,3,13,23.08,17,38,44.74,11,14,78.57,24,11,35,11,5,16,0,1,2,1,19,20,55,0,0,1,0,0,54,57,0,NA,0,0,0,0,0,0,0
1456369,1,"Liga Nacional","Liga Endesa",-402534000,NA,"https://www.acb.com/Documentos/Cabeceras/logo-competicion-1b.png","https://www.acb.com/Documentos/Cabeceras/logo-competicion-4a.png",70,2005,107,NA,NA,1970,12477,NA,NA,FALSE,1338,1352,1061,"Unicaja","Unicaja","UNI",1338,109,"Winterthur FC Barcelona","Winterthur FCB","FCB",1,57,12000,4,19,21.05,18,34,52.94,9,13,69.23,21,6,27,9,6,9,0,2,1,1,20,19,55,0,0,0,1,0,57,54,0,NA,0,0,0,0,0,0,0
1456394,1,"Liga Nacional","Liga Endesa",-402534000,NA,"https://www.acb.com/Documentos/Cabeceras/logo-competicion-1b.png","https://www.acb.com/Documentos/Cabeceras/logo-competicion-4a.png",70,2005,107,NA,NA,1970,12478,NA,NA,TRUE,1344,1344,1202,"Alta Gestión Fuenlabrada","Alta Gestión F.","AGF",1340,284,"Lagun Aro Bilbao Basket","Lagun Aro BB","LBB",1,81,12000,8,30,26.67,18,32,56.25,21,22,95.45,23,8,31,19,11,5,0,1,1,1,25,23,98,0,0,0,1,0,81,66,0,NA,0,0,0,0,0,0,0
1456395,1,"Liga Nacional","Liga Endesa",-402534000,NA,"https://www.acb.com/Documentos/Cabeceras/logo-competicion-1b.png","https://www.acb.com/Documentos/Cabeceras/logo-competicion-4a.png",70,2005,107,NA,NA,1970,12478,NA,NA,FALSE,1340,1344,1202,"Alta Gestión Fuenlabrada","Alta Gestión F.","AGF",1340,284,"Lagun Aro Bilbao Basket","Lagun Aro BB","LBB",1,66,12000,4,16,25,19,37,51.35,16,22,72.73,26,6,32,9,2,14,0,1,1,0,23,25,61,0,0,1,0,0,66,81,0,NA,0,0,0,0,0,0,0
1456421,1,"Liga Nacional","Liga Endesa",-402534000,NA,"https://www.acb.com/Documentos/Cabeceras/logo-competicion-1b.png","https://www.acb.com/Documentos/Cabeceras/logo-competicion-4a.png",70,2005,107,NA,NA,1970,12479,NA,NA,FALSE,1342,1346,8,"CB Granada","CB Granada","GRA",1342,341,"Gran Canaria","Gran Canaria","GCA",1,63,12000,2,18,11.11,23,45,51.11,11,17,64.71,23,11,34,11,4,9,0,5,3,2,21,24,64,0,0,1,0,0,63,76,0,NA,0,0,0,0,0,0,0
1456420,1,"Liga Nacional","Liga Endesa",-402534000,NA,"https://www.acb.com/Documentos/Cabeceras/logo-competicion-1b.png","https://www.acb.com/Documentos/Cabeceras/logo-competicion-4a.png",70,2005,107,NA,NA,1970,12479,NA,NA,TRUE,1346,1346,8,"CB Granada","CB Granada","GRA",1342,341,"Gran Canaria","Gran Canaria","GCA",1,76,12000,3,14,21.43,24,46,52.17,19,25,76,29,11,40,12,6,7,0,3,5,2,24,21,83,0,0,0,1,0,76,63,0,NA,0,0,0,0,0,0,0
1456235,1,"Liga Nacional","Liga Endesa",-402534000,NA,"https://www.acb.com/Documentos/Cabeceras/logo-competicion-1b.png","https://www.acb.com/Documentos/Cabeceras/logo-competicion-4a.png",70,2005,107,NA,NA,1970,12472,NA,NA,TRUE,1337,1337,1285,"Etosa Alicante","Etosa Alicante","ALI",1341,1359,"Leche Río Breogán","Leche Río Bre.","BRE",1,69,12000,7,21,33.33,13,30,43.33,22,30,73.33,20,7,27,19,16,19,0,4,3,1,25,26,75,0,0,0,1,0,69,53,0,NA,0,0,0,0,0,0,0
1456236,1,"Liga Nacional","Liga Endesa",-402534000,NA,"https://www.acb.com/Documentos/Cabeceras/logo-competicion-1b.png","https://www.acb.com/Documentos/Cabeceras/logo-competicion-4a.png",70,2005,107,NA,NA,1970,12472,NA,NA,FALSE,1341,1337,1285,"Etosa Alicante","Etosa Alicante","ALI",1341,1359,"Leche Río Breogán","Leche Río Bre.","BRE",1,53,12000,1,7,14.29,15,39,38.46,20,26,76.92,27,9,36,6,11,26,0,3,4,0,26,25,42,0,0,1,0,0,53,69,0,NA,0,0,0,0,0,0,0
1456262,1,"Liga Nacional","Liga Endesa",-402534000,NA,"https://www.acb.com/Documentos/Cabeceras/logo-competicion-1b.png","https://www.acb.com/Documentos/Cabeceras/logo-competicion-4a.png",70,2005,107,NA,NA,1970,12473,NA,NA,TRUE,1347,1347,631,"DKV Joventut","DKV Joventut","DKV",1351,969,"Pamesa Valencia","Pamesa Valencia","PAM",1,92,12000,9,19,47.37,22,40,55,21,24,87.5,17,10,27,14,10,14,0,3,1,2,20,26,106,0,0,0,1,0,92,85,0,NA,0,0,0,0,0,0,0
1456263,1,"Liga Nacional","Liga Endesa",-402534000,NA,"https://www.acb.com/Documentos/Cabeceras/logo-competicion-1b.png","https://www.acb.com/Documentos/Cabeceras/logo-competicion-4a.png",70,2005,107,NA,NA,1970,12473,NA,NA,FALSE,1351,1347,631,"DKV Joventut","DKV Joventut","DKV",1351,969,"Pamesa Valencia","Pamesa Valencia","PAM",1,85,12000,10,24,41.67,19,37,51.35,17,20,85,19,14,33,10,4,19,0,1,3,1,26,20,70,0,0,1,0,0,85,92,0,NA,0,0,0,0,0,0,0
1456314,1,"Liga Nacional","Liga Endesa",-402534000,NA,"https://www.acb.com/Documentos/Cabeceras/logo-competicion-1b.png","https://www.acb.com/Documentos/Cabeceras/logo-competicion-4a.png",70,2005,107,NA,NA,1970,12475,NA,NA,TRUE,1348,1348,768,"Real Madrid","Real Madrid","RMB",1353,1133,"Caja San Fernando","C. San Fernando","CSF",1,86,13500,8,27,29.63,20,45,44.44,22,25,88,26,15,41,20,10,12,0,4,2,8,27,23,96,0,0,1,0,0,86,90,0,NA,0,0,0,0,0,0,0
1456315,1,"Liga Nacional","Liga Endesa",-402534000,NA,"https://www.acb.com/Documentos/Cabeceras/logo-competicion-1b.png","https://www.acb.com/Documentos/Cabeceras/logo-competicion-4a.png",70,2005,107,NA,NA,1970,12475,NA,NA,FALSE,1353,1348,768,"Real Madrid","Real Madrid","RMB",1353,1133,"Caja San Fernando","C. San Fernando","CSF",1,90,13500,8,23,34,18,39,46,30,38,78,25,13,38,13,11,11,0,2,4,1,23,27,99,0,0,0,11,0,90,86,0,0,0,0,0,0,0,0,0
1456448,1,"Liga Nacional","Liga Endesa",-402534000,NA,"https://www.acb.com/Documentos/Cabeceras/logo-competicion-1b.png","https://www.acb.com/Documentos/Cabeceras/logo-competicion-4a.png",70,2005,107,NA,NA,1970,12480,NA,NA,TRUE,1350,1350,890,"Llanera Menorca","Llanera Menorca","MEN",1343,469,"Adecco Estudiantes","Adecco Estu","EST",1,76,12000,8,16,50,18,37,48.65,16,24,66.67,16,12,28,11,9,17,0,0,0,3,17,23,78,0,0,1,0,0,76,88,0,NA,0,0,0,0,0,0,0
1456449,1,"Liga Nacional","Liga Endesa",-402534000,NA,"https://www.acb.com/Documentos/Cabeceras/logo-competicion-1b.png","https://www.acb.com/Documentos/Cabeceras/logo-competicion-4a.png",70,2005,107,NA,NA,1970,12480,NA,NA,FALSE,1343,1350,890,"Llanera Menorca","Llanera Menorca","MEN",1343,469,"Adecco Estudiantes","Adecco Estu","EST",1,88,12000,8,22,36,26,39,66,12,14,85,18,9,27,22,8,13,0,0,0,3,23,17,97,0,0,0,11,0,88,76,0,0,0,0,0,0,0,0,0
1456287,1,"Liga Nacional","Liga Endesa",-402534000,NA,"https://www.acb.com/Documentos/Cabeceras/logo-competicion-1b.png","https://www.acb.com/Documentos/Cabeceras/logo-competicion-4a.png",70,2005,107,NA,NA,1970,12474,NA,NA,TRUE,1345,1345,1471,"Akasvayu Girona","Akasvayu Gir.","GIR",1354,1854,"Fórum Valladolid","Fórum Vall.","FOR",1,81,12000,5,19,26.32,27,46,58.7,12,22,54.55,24,11,35,18,8,9,0,6,2,2,23,21,92,0,0,1,0,0,81,83,0,NA,0,0,0,0,0,0,0
1456288,1,"Liga Nacional","Liga Endesa",-402534000,NA,"https://www.acb.com/Documentos/Cabeceras/logo-competicion-1b.png","https://www.acb.com/Documentos/Cabeceras/logo-competicion-4a.png",70,2005,107,NA,NA,1970,12474,NA,NA,FALSE,1354,1345,1471,"Akasvayu Girona","Akasvayu Gir.","GIR",1354,1854,"Fórum Valladolid","Fórum Vall.","FOR",1,83,12000,7,20,35,21,44,47.73,20,29,68.97,26,17,43,11,8,11,0,2,6,0,21,23,87,0,0,0,1,0,83,81,0,NA,0,0,0,0,0,0,0
1456656,1,"Liga Nacional","Liga Endesa",-402534000,NA,"https://www.acb.com/Documentos/Cabeceras/logo-competicion-1b.png","https://www.acb.com/Documentos/Cabeceras/logo-competicion-4a.png",70,2005,107,NA,NA,1971,12488,NA,NA,TRUE,1354,1354,1854,"Fórum Valladolid","Fórum Vall.","FOR",1352,1061,"Unicaja","Unicaja","UNI",1,73,12000,7,16,43.75,16,36,44.44,20,22,90.91,25,6,31,14,3,13,0,6,4,1,19,20,80,0,0,1,0,0,73,81,0,NA,0,0,0,0,0,0,0
1456657,1,"Liga Nacional","Liga Endesa",-402534000,NA,"https://www.acb.com/Documentos/Cabeceras/logo-competicion-1b.png","https://www.acb.com/Documentos/Cabeceras/logo-competicion-4a.png",70,2005,107,NA,NA,1971,12488,NA,NA,FALSE,1352,1354,1854,"Fórum Valladolid","Fórum Vall.","FOR",1352,1061,"Unicaja","Unicaja","UNI",1,81,12000,8,21,38.1,26,46,56.52,5,6,83.33,23,7,30,19,10,7,0,4,6,3,20,19,96,0,0,0,1,0,81,73,0,NA,0,0,0,0,0,0,0
1456499,1,"Liga Nacional","Liga Endesa",-402534000,NA,"https://www.acb.com/Documentos/Cabeceras/logo-competicion-1b.png","https://www.acb.com/Documentos/Cabeceras/logo-competicion-4a.png",70,2005,107,NA,NA,1971,12482,NA,NA,TRUE,1345,1345,1471,"Akasvayu Girona","Akasvayu Gir.","GIR",1350,890,"Llanera Menorca","Llanera Menorca","MEN",1,67,12000,8,21,38.1,17,38,44.74,9,13,69.23,18,13,31,13,9,16,0,2,3,1,23,19,61,0,0,1,0,0,67,85,0,NA,0,0,0,0,0,0,0
1456500,1,"Liga Nacional","Liga Endesa",-402534000,NA,"https://www.acb.com/Documentos/Cabeceras/logo-competicion-1b.png","https://www.acb.com/Documentos/Cabeceras/logo-competicion-4a.png",70,2005,107,NA,NA,1971,12482,NA,NA,FALSE,1350,1345,1471,"Akasvayu Girona","Akasvayu Gir.","GIR",1350,890,"Llanera Menorca","Llanera Menorca","MEN",1,85,12000,5,12,41,26,50,52,18,22,81,24,16,40,10,11,16,0,3,2,3,19,23,100,0,0,0,10,0,85,67,0,0,0,0,0,0,0,0,0
1456524,1,"Liga Nacional","Liga Endesa",-402534000,NA,"https://www.acb.com/Documentos/Cabeceras/logo-competicion-1b.png","https://www.acb.com/Documentos/Cabeceras/logo-competicion-4a.png",70,2005,107,NA,NA,1971,12483,NA,NA,TRUE,1349,1349,870,"Ricoh Manresa","Ricoh Manresa","MAN",1337,1285,"Etosa Alicante","Etosa Alicante","ALI",1,78,12000,6,16,37.5,22,36,61.11,16,24,66.67,21,4,25,12,9,16,0,2,4,1,27,26,73,0,0,1,0,0,78,89,0,NA,0,0,0,0,0,0,0
1456525,1,"Liga Nacional","Liga Endesa",-402534000,NA,"https://www.acb.com/Documentos/Cabeceras/logo-competicion-1b.png","https://www.acb.com/Documentos/Cabeceras/logo-competicion-4a.png",70,2005,107,NA,NA,1971,12483,NA,NA,FALSE,1337,1349,870,"Ricoh Manresa","Ricoh Manresa","MAN",1337,1285,"Etosa Alicante","Etosa Alicante","ALI",1,89,12000,9,18,50,22,39,56.41,18,25,72,26,7,33,15,8,15,0,4,2,0,26,27,100,0,0,0,1,0,89,78,0,NA,0,0,0,0,0,0,0
1456682,1,"Liga Nacional","Liga Endesa",-402534000,NA,"https://www.acb.com/Documentos/Cabeceras/logo-competicion-1b.png","https://www.acb.com/Documentos/Cabeceras/logo-competicion-4a.png",70,2005,107,NA,NA,1971,12489,NA,NA,TRUE,1351,1351,969,"Pamesa Valencia","Pamesa Valencia","PAM",1353,1133,"Caja San Fernando","C. San Fernando","CSF",1,87,12000,12,22,54.55,20,37,54.05,11,19,57.89,32,7,39,15,5,12,0,3,2,3,22,21,99,0,0,0,1,0,87,70,0,NA,0,0,0,0,0,0,0
1456683,1,"Liga Nacional","Liga Endesa",-402534000,NA,"https://www.acb.com/Documentos/Cabeceras/logo-competicion-1b.png","https://www.acb.com/Documentos/Cabeceras/logo-competicion-4a.png",70,2005,107,NA,NA,1971,12489,NA,NA,FALSE,1353,1351,969,"Pamesa Valencia","Pamesa Valencia","PAM",1353,1133,"Caja San Fernando","C. San Fernando","CSF",1,70,12000,9,21,42,14,38,36,15,23,65,24,6,30,18,5,10,0,2,3,1,21,22,69,0,0,10,0,0,70,87,0,0,0,0,0,0,0,0,0
1456629,1,"Liga Nacional","Liga Endesa",-402534000,NA,"https://www.acb.com/Documentos/Cabeceras/logo-competicion-1b.png","https://www.acb.com/Documentos/Cabeceras/logo-competicion-4a.png",70,2005,107,NA,NA,1971,12487,NA,NA,TRUE,1348,1348,768,"Real Madrid","Real Madrid","RMB",1347,631,"DKV Joventut","DKV Joventut","DKV",1,86,12000,9,26,34.62,19,34,55.88,21,25,84,27,8,35,8,10,15,0,8,0,3,26,23,93,0,0,0,1,0,86,75,0,NA,0,0,0,0,0,0,0
1456630,1,"Liga Nacional","Liga Endesa",-402534000,NA,"https://www.acb.com/Documentos/Cabeceras/logo-competicion-1b.png","https://www.acb.com/Documentos/Cabeceras/logo-competicion-4a.png",70,2005,107,NA,NA,1971,12487,NA,NA,FALSE,1347,1348,768,"Real Madrid","Real Madrid","RMB",1347,631,"DKV Joventut","DKV Joventut","DKV",1,75,12000,3,19,15.79,22,42,52.38,22,29,75.86,23,13,36,8,10,19,0,0,8,2,23,26,62,0,0,1,0,0,75,86,0,NA,0,0,0,0,0,0,0
1456473,1,"Liga Nacional","Liga Endesa",-402534000,NA,"https://www.acb.com/Documentos/Cabeceras/logo-competicion-1b.png","https://www.acb.com/Documentos/Cabeceras/logo-competicion-4a.png",70,2005,107,NA,NA,1971,12481,NA,NA,TRUE,1341,1341,1359,"Leche Río Breogán","Leche Río Bre.","BRE",1344,1202,"Alta Gestión Fuenlabrada","Alta Gestión F.","AGF",1,80,12000,6,16,37.5,22,31,70.97,18,22,81.82,25,7,32,13,4,22,0,9,5,0,25,22,85,0,0,0,1,0,80,66,0,NA,0,0,0,0,0,0,0
1456474,1,"Liga Nacional","Liga Endesa",-402534000,NA,"https://www.acb.com/Documentos/Cabeceras/logo-competicion-1b.png","https://www.acb.com/Documentos/Cabeceras/logo-competicion-4a.png",70,2005,107,NA,NA,1971,12481,NA,NA,FALSE,1344,1341,1359,"Leche Río Breogán","Leche Río Bre.","BRE",1344,1202,"Alta Gestión Fuenlabrada","Alta Gestión F.","AGF",1,66,12000,4,18,22.22,20,46,43.48,14,21,66.67,12,13,25,14,11,12,0,5,9,1,22,25,56,0,0,1,0,0,66,80,0,NA,0,0,0,0,0,0,0
1456551,1,"Liga Nacional","Liga Endesa",-402534000,NA,"https://www.acb.com/Documentos/Cabeceras/logo-competicion-1b.png","https://www.acb.com/Documentos/Cabeceras/logo-competicion-4a.png",70,2005,107,NA,NA,1971,12484,NA,NA,TRUE,1342,1342,341,"Gran Canaria","Gran Canaria","GCA",1338,109,"Winterthur FC Barcelona","Winterthur FCB","FCB",1,67,12000,3,18,16.67,20,39,51.28,18,34,52.94,24,13,37,9,8,10,0,2,2,0,14,23,70,0,0,0,1,0,67,64,0,NA,0,0,0,0,0,0,0
1456552,1,"Liga Nacional","Liga Endesa",-402534000,NA,"https://www.acb.com/Documentos/Cabeceras/logo-competicion-1b.png","https://www.acb.com/Documentos/Cabeceras/logo-competicion-4a.png",70,2005,107,NA,NA,1971,12484,NA,NA,FALSE,1338,1342,341,"Gran Canaria","Gran Canaria","GCA",1338,109,"Winterthur FC Barcelona","Winterthur FCB","FCB",1,64,12000,9,24,37.5,15,39,38.46,7,7,100,24,12,36,16,5,15,0,2,2,1,23,14,58,0,0,1,0,0,64,67,0,NA,0,0,0,0,0,0,0
1456603,1,"Liga Nacional","Liga Endesa",-402534000,NA,"https://www.acb.com/Documentos/Cabeceras/logo-competicion-1b.png","https://www.acb.com/Documentos/Cabeceras/logo-competicion-4a.png",70,2005,107,NA,NA,1971,12486,NA,NA,TRUE,1346,1346,8,"CB Granada","CB Granada","GRA",1343,469,"Adecco Estudiantes","Adecco Estu","EST",1,82,12000,7,21,33.33,23,46,50,15,20,75,24,12,36,14,9,9,0,2,2,2,22,25,93,0,0,0,1,0,82,80,0,NA,0,0,0,0,0,0,0
1456604,1,"Liga Nacional","Liga Endesa",-402534000,NA,"https://www.acb.com/Documentos/Cabeceras/logo-competicion-1b.png","https://www.acb.com/Documentos/Cabeceras/logo-competicion-4a.png",70,2005,107,NA,NA,1971,12486,NA,NA,FALSE,1343,1346,8,"CB Granada","CB Granada","GRA",1343,469,"Adecco Estudiantes","Adecco Estu","EST",1,80,12000,8,14,57.14,22,48,45.83,12,18,66.67,26,11,37,19,7,13,0,2,2,1,25,22,89,0,0,1,0,0,80,82,0,NA,0,0,0,0,0,0,0
1456577,1,"Liga Nacional","Liga Endesa",-402534000,NA,"https://www.acb.com/Documentos/Cabeceras/logo-competicion-1b.png","https://www.acb.com/Documentos/Cabeceras/logo-competicion-4a.png",70,2005,107,NA,NA,1971,12485,NA,NA,TRUE,1339,1339,223,"TAU Cerámica","TAU Cerámica","TAU",1340,284,"Lagun Aro Bilbao Basket","Lagun Aro BB","LBB",1,88,12000,11,19,57.89,15,31,48.39,25,31,80.65,19,8,27,14,8,11,0,2,4,3,25,28,97,0,0,0,1,0,88,75,0,NA,0,0,0,0,0,0,0
1456578,1,"Liga Nacional","Liga Endesa",-402534000,NA,"https://www.acb.com/Documentos/Cabeceras/logo-competicion-1b.png","https://www.acb.com/Documentos/Cabeceras/logo-competicion-4a.png",70,2005,107,NA,NA,1971,12485,NA,NA,FALSE,1340,1339,223,"TAU Cerámica","TAU Cerámica","TAU",1340,284,"Lagun Aro Bilbao Basket","Lagun Aro BB","LBB",1,75,12000,4,13,30.77,23,43,53.49,17,22,77.27,16,12,28,7,7,14,0,4,2,2,28,25,68,0,0,1,0,0,75,88,0,NA,0,0,0,0,0,0,0
1456760,1,"Liga Nacional","Liga Endesa",-402534000,NA,"https://www.acb.com/Documentos/Cabeceras/logo-competicion-1b.png","https://www.acb.com/Documentos/Cabeceras/logo-competicion-4a.png",70,2005,107,NA,NA,1972,12492,NA,NA,FALSE,1354,1340,284,"Lagun Aro Bilbao Basket","Lagun Aro BB","LBB",1354,1854,"Fórum Valladolid","Fórum Vall.","FOR",1,89,12000,5,17,29.41,24,41,58.54,26,32,81.25,18,15,33,12,5,14,0,0,2,2,22,30,96,0,0,0,1,0,89,84,0,NA,0,0,0,0,0,0,0
1456759,1,"Liga Nacional","Liga Endesa",-402534000,NA,"https://www.acb.com/Documentos/Cabeceras/logo-competicion-1b.png","https://www.acb.com/Documentos/Cabeceras/logo-competicion-4a.png",70,2005,107,NA,NA,1972,12492,NA,NA,TRUE,1340,1340,284,"Lagun Aro Bilbao Basket","Lagun Aro BB","LBB",1354,1854,"Fórum Valladolid","Fórum Vall.","FOR",1,84,12000,7,12,58.33,23,38,60.53,17,21,80.95,18,4,22,9,7,15,0,2,0,1,30,22,77,0,0,1,0,0,84,89,0,NA,0,0,0,0,0,0,0
1456836,1,"Liga Nacional","Liga Endesa",-402534000,NA,"https://www.acb.com/Documentos/Cabeceras/logo-competicion-1b.png","https://www.acb.com/Documentos/Cabeceras/logo-competicion-4a.png",70,2005,107,NA,NA,1972,12495,NA,NA,TRUE,1347,1347,631,"DKV Joventut","DKV Joventut","DKV",1341,1359,"Leche Río Breogán","Leche Río Bre.","BRE",1,86,12000,11,30,36.67,24,34,70.59,5,8,62.5,17,7,24,16,6,10,0,3,2,5,19,14,86,0,0,0,1,0,86,72,0,NA,0,0,0,0,0,0,0
1456837,1,"Liga Nacional","Liga Endesa",-402534000,NA,"https://www.acb.com/Documentos/Cabeceras/logo-competicion-1b.png","https://www.acb.com/Documentos/Cabeceras/logo-competicion-4a.png",70,2005,107,NA,NA,1972,12495,NA,NA,FALSE,1341,1347,631,"DKV Joventut","DKV Joventut","DKV",1341,1359,"Leche Río Breogán","Leche Río Bre.","BRE",1,72,12000,6,12,50,21,38,55.26,12,19,63.16,23,10,33,10,7,18,0,2,3,0,14,19,78,0,0,1,0,0,72,86,0,NA,0,0,0,0,0,0,0
1456917,1,"Liga Nacional","Liga Endesa",-402534000,NA,"https://www.acb.com/Documentos/Cabeceras/logo-competicion-1b.png","https://www.acb.com/Documentos/Cabeceras/logo-competicion-4a.png",70,2005,107,NA,NA,1972,12498,NA,NA,TRUE,1352,1352,1061,"Unicaja","Unicaja","UNI",1348,768,"Real Madrid","Real Madrid","RMB",1,84,12000,8,23,34.78,19,34,55.88,22,28,78.57,23,3,26,21,12,11,0,2,2,2,21,25,100,0,0,0,1,0,84,77,0,NA,0,0,0,0,0,0,0
1456918,1,"Liga Nacional","Liga Endesa",-402534000,NA,"https://www.acb.com/Documentos/Cabeceras/logo-competicion-1b.png","https://www.acb.com/Documentos/Cabeceras/logo-competicion-4a.png",70,2005,107,NA,NA,1972,12498,NA,NA,FALSE,1348,1352,1061,"Unicaja","Unicaja","UNI",1348,768,"Real Madrid","Real Madrid","RMB",1,77,12000,7,18,38.89,19,38,50,18,21,85.71,25,8,33,13,8,18,0,2,2,5,25,21,76,0,0,1,0,0,77,84,0,NA,0,0,0,0,0,0,0
1456709,1,"Liga Nacional","Liga Endesa",-402534000,NA,"https://www.acb.com/Documentos/Cabeceras/logo-competicion-1b.png","https://www.acb.com/Documentos/Cabeceras/logo-competicion-4a.png",70,2005,107,NA,NA,1972,12490,NA,NA,FALSE,1345,1337,1285,"Etosa Alicante","Etosa Alicante","ALI",1345,1471,"Akasvayu Girona","Akasvayu Gir.","GIR",1,72,12000,9,19,47.37,17,36,47.22,11,13,84.62,23,7,30,15,9,17,0,3,0,1,30,18,69,0,0,1,0,0,72,78,0,NA,0,0,0,0,0,0,0
1456708,1,"Liga Nacional","Liga Endesa",-402534000,NA,"https://www.acb.com/Documentos/Cabeceras/logo-competicion-1b.png","https://www.acb.com/Documentos/Cabeceras/logo-competicion-4a.png",70,2005,107,NA,NA,1972,12490,NA,NA,TRUE,1337,1337,1285,"Etosa Alicante","Etosa Alicante","ALI",1345,1471,"Akasvayu Girona","Akasvayu Gir.","GIR",1,78,12000,7,18,38.89,16,32,50,25,35,71.43,21,8,29,16,9,11,0,0,3,1,18,30,93,0,0,0,1,0,78,72,0,NA,0,0,0,0,0,0,0
1456735,1,"Liga Nacional","Liga Endesa",-402534000,NA,"https://www.acb.com/Documentos/Cabeceras/logo-competicion-1b.png","https://www.acb.com/Documentos/Cabeceras/logo-competicion-4a.png",70,2005,107,NA,NA,1972,12491,NA,NA,TRUE,1338,1338,109,"Winterthur FC Barcelona","Winterthur FCB","FCB",1349,870,"Ricoh Manresa","Ricoh Manresa","MAN",1,83,12000,8,25,32,25,45,55.56,9,10,90,28,12,40,15,4,7,0,4,2,1,25,18,92,0,0,0,1,0,83,78,0,NA,0,0,0,0,0,0,0
1456736,1,"Liga Nacional","Liga Endesa",-402534000,NA,"https://www.acb.com/Documentos/Cabeceras/logo-competicion-1b.png","https://www.acb.com/Documentos/Cabeceras/logo-competicion-4a.png",70,2005,107,NA,NA,1972,12491,NA,NA,FALSE,1349,1338,109,"Winterthur FC Barcelona","Winterthur FCB","FCB",1349,870,"Ricoh Manresa","Ricoh Manresa","MAN",1,78,12000,5,20,25,22,40,55,19,27,70.37,23,11,34,16,4,9,0,2,4,2,18,25,87,0,0,1,0,0,78,83,0,NA,0,0,0,0,0,0,0
1456812,1,"Liga Nacional","Liga Endesa",-402534000,NA,"https://www.acb.com/Documentos/Cabeceras/logo-competicion-1b.png","https://www.acb.com/Documentos/Cabeceras/logo-competicion-4a.png",70,2005,107,NA,NA,1972,12494,NA,NA,TRUE,1350,1350,890,"Llanera Menorca","Llanera Menorca","MEN",1351,969,"Pamesa Valencia","Pamesa Valencia","PAM",1,73,12000,7,17,41,13,40,32,26,34,76,23,16,39,12,8,12,0,2,5,1,25,24,71,0,0,12,0,0,73,94,0,0,0,0,0,0,0,0,0
1456813,1,"Liga Nacional","Liga Endesa",-402534000,NA,"https://www.acb.com/Documentos/Cabeceras/logo-competicion-1b.png","https://www.acb.com/Documentos/Cabeceras/logo-competicion-4a.png",70,2005,107,NA,NA,1972,12494,NA,NA,FALSE,1351,1350,890,"Llanera Menorca","Llanera Menorca","MEN",1351,969,"Pamesa Valencia","Pamesa Valencia","PAM",1,94,12000,11,28,39.29,22,35,62.86,17,20,85,23,11,34,14,7,11,0,5,2,2,24,25,109,0,0,0,1,0,94,73,0,NA,0,0,0,0,0,0,0
1456864,1,"Liga Nacional","Liga Endesa",-402534000,NA,"https://www.acb.com/Documentos/Cabeceras/logo-competicion-1b.png","https://www.acb.com/Documentos/Cabeceras/logo-competicion-4a.png",70,2005,107,NA,NA,1972,12496,NA,NA,TRUE,1343,1343,469,"Adecco Estudiantes","Adecco Estu","EST",1342,341,"Gran Canaria","Gran Canaria","GCA",1,70,12000,5,16,31,19,33,57,17,28,60,19,11,30,12,14,22,0,1,0,4,21,26,74,0,0,12,0,0,70,74,0,0,0,0,0,0,0,0,0
1456865,1,"Liga Nacional","Liga Endesa",-402534000,NA,"https://www.acb.com/Documentos/Cabeceras/logo-competicion-1b.png","https://www.acb.com/Documentos/Cabeceras/logo-competicion-4a.png",70,2005,107,NA,NA,1972,12496,NA,NA,FALSE,1342,1343,469,"Adecco Estudiantes","Adecco Estu","EST",1342,341,"Gran Canaria","Gran Canaria","GCA",1,74,12000,8,23,34.78,17,30,56.67,16,22,72.73,19,9,28,12,14,22,0,0,1,1,26,21,66,0,0,0,1,0,74,70,0,NA,0,0,0,0,0,0,0
1456890,1,"Liga Nacional","Liga Endesa",-402534000,NA,"https://www.acb.com/Documentos/Cabeceras/logo-competicion-1b.png","https://www.acb.com/Documentos/Cabeceras/logo-competicion-4a.png",70,2005,107,NA,NA,1972,12497,NA,NA,TRUE,1353,1353,1133,"Caja San Fernando","C. San Fernando","CSF",1346,8,"CB Granada","CB Granada","GRA",1,80,12000,7,18,38,18,39,46,23,25,92,24,9,33,11,10,10,0,4,2,1,24,25,93,0,0,0,11,0,80,72,0,0,0,0,0,0,0,0,0
1456891,1,"Liga Nacional","Liga Endesa",-402534000,NA,"https://www.acb.com/Documentos/Cabeceras/logo-competicion-1b.png","https://www.acb.com/Documentos/Cabeceras/logo-competicion-4a.png",70,2005,107,NA,NA,1972,12497,NA,NA,FALSE,1346,1353,1133,"Caja San Fernando","C. San Fernando","CSF",1346,8,"CB Granada","CB Granada","GRA",1,72,12000,8,20,40,15,31,48.39,18,26,69.23,19,8,27,12,8,12,0,2,4,2,25,24,68,0,0,1,0,0,72,80,0,NA,0,0,0,0,0,0,0
1456786,1,"Liga Nacional","Liga Endesa",-402534000,NA,"https://www.acb.com/Documentos/Cabeceras/logo-competicion-1b.png","https://www.acb.com/Documentos/Cabeceras/logo-competicion-4a.png",70,2005,107,NA,NA,1972,12493,NA,NA,FALSE,1339,1344,1202,"Alta Gestión Fuenlabrada","Alta Gestión F.","AGF",1339,223,"TAU Cerámica","TAU Cerámica","TAU",1,73,12000,8,25,32,18,33,54.55,13,17,76.47,24,7,31,21,7,15,0,0,2,4,23,23,79,0,0,1,0,0,73,81,0,NA,0,0,0,0,0,0,0
1456785,1,"Liga Nacional","Liga Endesa",-402534000,NA,"https://www.acb.com/Documentos/Cabeceras/logo-competicion-1b.png","https://www.acb.com/Documentos/Cabeceras/logo-competicion-4a.png",70,2005,107,NA,NA,1972,12493,NA,NA,TRUE,1344,1344,1202,"Alta Gestión Fuenlabrada","Alta Gestión F.","AGF",1339,223,"TAU Cerámica","TAU Cerámica","TAU",1,81,12000,4,16,25,25,45,55.56,19,21,90.48,25,8,33,12,6,12,0,2,0,3,23,23,88,0,0,0,1,0,81,73,0,NA,0,0,0,0,0,0,0
1457072,1,"Liga Nacional","Liga Endesa",-402534000,NA,"https://www.acb.com/Documentos/Cabeceras/logo-competicion-1b.png","https://www.acb.com/Documentos/Cabeceras/logo-competicion-4a.png",70,2005,107,NA,NA,1973,12504,NA,NA,TRUE,1347,1347,631,"DKV Joventut","DKV Joventut","DKV",1338,109,"Winterthur FC Barcelona","Winterthur FCB","FCB",1,91,12000,8,21,38.1,29,52,55.77,9,13,69.23,20,15,35,20,7,10,0,2,6,4,19,17,97,0,0,0,1,0,91,86,0,NA,0,0,0,0,0,0,0
1457073,1,"Liga Nacional","Liga Endesa",-402534000,NA,"https://www.acb.com/Documentos/Cabeceras/logo-competicion-1b.png","https://www.acb.com/Documentos/Cabeceras/logo-competicion-4a.png",70,2005,107,NA,NA,1973,12504,NA,NA,FALSE,1338,1347,631,"DKV Joventut","DKV Joventut","DKV",1338,109,"Winterthur FC Barcelona","Winterthur FCB","FCB",1,86,12000,12,20,60,20,36,55.56,10,14,71.43,20,5,25,20,7,13,0,6,2,4,17,19,103,0,0,1,0,0,86,91,0,NA,0,0,0,0,0,0,0
1457151,1,"Liga Nacional","Liga Endesa",-402534000,NA,"https://www.acb.com/Documentos/Cabeceras/logo-competicion-1b.png","https://www.acb.com/Documentos/Cabeceras/logo-competicion-4a.png",70,2005,107,NA,NA,1973,12507,NA,NA,TRUE,1339,1339,223,"TAU Cerámica","TAU Cerámica","TAU",1350,890,"Llanera Menorca","Llanera Menorca","MEN",1,86,12000,4,22,18.18,26,36,72.22,22,27,81.48,27,7,34,14,8,12,0,5,0,1,16,26,112,0,0,0,1,0,86,82,0,NA,0,0,0,0,0,0,0
1457152,1,"Liga Nacional","Liga Endesa",-402534000,NA,"https://www.acb.com/Documentos/Cabeceras/logo-competicion-1b.png","https://www.acb.com/Documentos/Cabeceras/logo-competicion-4a.png",70,2005,107,NA,NA,1973,12507,NA,NA,FALSE,1350,1339,223,"TAU Cerámica","TAU Cerámica","TAU",1350,890,"Llanera Menorca","Llanera Menorca","MEN",1,82,12000,6,15,40,29,58,50,6,9,66,24,11,35,10,7,11,0,0,5,1,26,16,67,0,0,10,0,0,82,86,0,0,0,0,0,0,0,0,0
1457022,1,"Liga Nacional","Liga Endesa",-402534000,NA,"https://www.acb.com/Documentos/Cabeceras/logo-competicion-1b.png","https://www.acb.com/Documentos/Cabeceras/logo-competicion-4a.png",70,2005,107,NA,NA,1973,12502,NA,NA,FALSE,1354,1351,969,"Pamesa Valencia","Pamesa Valencia","PAM",1354,1854,"Fórum Valladolid","Fórum Vall.","FOR",1,86,12000,8,18,44.44,23,42,54.76,16,21,76.19,23,9,32,15,5,15,0,5,0,1,21,26,99,0,0,0,1,0,86,82,0,NA,0,0,0,0,0,0,0
1457021,1,"Liga Nacional","Liga Endesa",-402534000,NA,"https://www.acb.com/Documentos/Cabeceras/logo-competicion-1b.png","https://www.acb.com/Documentos/Cabeceras/logo-competicion-4a.png",70,2005,107,NA,NA,1973,12502,NA,NA,TRUE,1351,1351,969,"Pamesa Valencia","Pamesa Valencia","PAM",1354,1854,"Fórum Valladolid","Fórum Vall.","FOR",1,82,12000,6,24,25,22,38,57.89,20,24,83.33,20,12,32,14,7,13,0,0,5,1,26,21,74,0,0,1,0,0,82,86,0,NA,0,0,0,0,0,0,0
1457098,1,"Liga Nacional","Liga Endesa",-402534000,NA,"https://www.acb.com/Documentos/Cabeceras/logo-competicion-1b.png","https://www.acb.com/Documentos/Cabeceras/logo-competicion-4a.png",70,2005,107,NA,NA,1973,12505,NA,NA,TRUE,1349,1349,870,"Ricoh Manresa","Ricoh Manresa","MAN",1340,284,"Lagun Aro Bilbao Basket","Lagun Aro BB","LBB",1,62,12000,7,21,33.33,17,41,41.46,7,13,53.85,31,12,43,12,5,8,0,5,7,2,18,18,68,0,0,0,1,0,62,54,0,NA,0,0,0,0,0,0,0
1457099,1,"Liga Nacional","Liga Endesa",-402534000,NA,"https://www.acb.com/Documentos/Cabeceras/logo-competicion-1b.png","https://www.acb.com/Documentos/Cabeceras/logo-competicion-4a.png",70,2005,107,NA,NA,1973,12505,NA,NA,FALSE,1340,1349,870,"Ricoh Manresa","Ricoh Manresa","MAN",1340,284,"Lagun Aro Bilbao Basket","Lagun Aro BB","LBB",1,54,12000,5,21,23.81,16,43,37.21,7,15,46.67,29,17,46,6,5,12,0,7,5,2,18,18,50,0,0,1,0,0,54,62,0,NA,0,0,0,0,0,0,0
1457124,1,"Liga Nacional","Liga Endesa",-402534000,NA,"https://www.acb.com/Documentos/Cabeceras/logo-competicion-1b.png","https://www.acb.com/Documentos/Cabeceras/logo-competicion-4a.png",70,2005,107,NA,NA,1973,12506,NA,NA,TRUE,1346,1346,8,"CB Granada","CB Granada","GRA",1344,1202,"Alta Gestión Fuenlabrada","Alta Gestión F.","AGF",1,89,12000,11,28,39.29,19,32,59.38,18,21,85.71,25,12,37,20,8,14,0,2,1,1,19,19,108,0,0,0,1,0,89,80,0,NA,0,0,0,0,0,0,0
1457125,1,"Liga Nacional","Liga Endesa",-402534000,NA,"https://www.acb.com/Documentos/Cabeceras/logo-competicion-1b.png","https://www.acb.com/Documentos/Cabeceras/logo-competicion-4a.png",70,2005,107,NA,NA,1973,12506,NA,NA,FALSE,1344,1346,8,"CB Granada","CB Granada","GRA",1344,1202,"Alta Gestión Fuenlabrada","Alta Gestión F.","AGF",1,80,12000,10,27,37.04,19,32,59.38,12,18,66.67,19,7,26,18,7,10,0,1,2,1,19,19,84,0,0,1,0,0,80,89,0,NA,0,0,0,0,0,0,0
1456998,1,"Liga Nacional","Liga Endesa",-402534000,NA,"https://www.acb.com/Documentos/Cabeceras/logo-competicion-1b.png","https://www.acb.com/Documentos/Cabeceras/logo-competicion-4a.png",70,2005,107,NA,NA,1973,12501,NA,NA,FALSE,1352,1345,1471,"Akasvayu Girona","Akasvayu Gir.","GIR",1352,1061,"Unicaja","Unicaja","UNI",1,75,12000,4,21,19.05,23,35,65.71,17,24,70.83,23,8,31,4,13,16,0,1,1,1,23,25,73,0,0,0,1,0,75,73,0,NA,0,0,0,0,0,0,0
1456997,1,"Liga Nacional","Liga Endesa",-402534000,NA,"https://www.acb.com/Documentos/Cabeceras/logo-competicion-1b.png","https://www.acb.com/Documentos/Cabeceras/logo-competicion-4a.png",70,2005,107,NA,NA,1973,12501,NA,NA,TRUE,1345,1345,1471,"Akasvayu Girona","Akasvayu Gir.","GIR",1352,1061,"Unicaja","Unicaja","UNI",1,73,12000,5,21,23.81,22,38,57.89,14,19,73.68,25,9,34,11,5,17,0,1,1,1,25,23,67,0,0,1,0,0,73,75,0,NA,0,0,0,0,0,0,0
1456972,1,"Liga Nacional","Liga Endesa",-402534000,NA,"https://www.acb.com/Documentos/Cabeceras/logo-competicion-1b.png","https://www.acb.com/Documentos/Cabeceras/logo-competicion-4a.png",70,2005,107,NA,NA,1973,12500,NA,NA,FALSE,1353,1343,469,"Adecco Estudiantes","Adecco Estu","EST",1353,1133,"Caja San Fernando","C. San Fernando","CSF",1,84,12000,8,22,36,18,30,60,24,34,70,19,6,25,15,9,14,0,1,1,0,25,28,86,0,0,10,0,0,84,88,0,0,0,0,0,0,0,0,0
1456971,1,"Liga Nacional","Liga Endesa",-402534000,NA,"https://www.acb.com/Documentos/Cabeceras/logo-competicion-1b.png","https://www.acb.com/Documentos/Cabeceras/logo-competicion-4a.png",70,2005,107,NA,NA,1973,12500,NA,NA,TRUE,1343,1343,469,"Adecco Estudiantes","Adecco Estu","EST",1353,1133,"Caja San Fernando","C. San Fernando","CSF",1,88,12000,5,16,31,27,43,62,19,24,79,22,9,31,20,11,12,0,1,1,2,28,25,103,0,0,0,12,0,88,84,0,0,0,0,0,0,0,0,0
1457046,1,"Liga Nacional","Liga Endesa",-402534000,NA,"https://www.acb.com/Documentos/Cabeceras/logo-competicion-1b.png","https://www.acb.com/Documentos/Cabeceras/logo-competicion-4a.png",70,2005,107,NA,NA,1973,12503,NA,NA,TRUE,1342,1342,341,"Gran Canaria","Gran Canaria","GCA",1337,1285,"Etosa Alicante","Etosa Alicante","ALI",1,55,12000,6,24,25,13,31,41.94,11,13,84.62,18,7,25,10,11,19,0,2,2,1,18,20,46,0,0,1,0,0,55,68,0,NA,0,0,0,0,0,0,0
1457047,1,"Liga Nacional","Liga Endesa",-402534000,NA,"https://www.acb.com/Documentos/Cabeceras/logo-competicion-1b.png","https://www.acb.com/Documentos/Cabeceras/logo-competicion-4a.png",70,2005,107,NA,NA,1973,12503,NA,NA,FALSE,1337,1342,341,"Gran Canaria","Gran Canaria","GCA",1337,1285,"Etosa Alicante","Etosa Alicante","ALI",1,68,12000,6,11,54.55,22,45,48.89,6,9,66.67,25,7,32,15,16,15,0,2,2,1,20,18,83,0,0,0,1,0,68,55,0,NA,0,0,0,0,0,0,0
1456943,1,"Liga Nacional","Liga Endesa",-402534000,NA,"https://www.acb.com/Documentos/Cabeceras/logo-competicion-1b.png","https://www.acb.com/Documentos/Cabeceras/logo-competicion-4a.png",70,2005,107,NA,NA,1973,12499,NA,NA,TRUE,1341,1341,1359,"Leche Río Breogán","Leche Río Bre.","BRE",1348,768,"Real Madrid","Real Madrid","RMB",1,57,12000,6,21,28.57,14,32,43.75,11,12,91.67,18,14,32,10,2,11,0,1,4,2,18,20,55,0,0,1,0,0,57,71,0,NA,0,0,0,0,0,0,0
1456944,1,"Liga Nacional","Liga Endesa",-402534000,NA,"https://www.acb.com/Documentos/Cabeceras/logo-competicion-1b.png","https://www.acb.com/Documentos/Cabeceras/logo-competicion-4a.png",70,2005,107,NA,NA,1973,12499,NA,NA,FALSE,1348,1341,1359,"Leche Río Breogán","Leche Río Bre.","BRE",1348,768,"Real Madrid","Real Madrid","RMB",1,71,12000,11,25,44,15,29,51.72,8,11,72.73,19,9,28,15,5,9,0,4,1,3,20,18,80,0,0,0,1,0,71,57,0,NA,0,0,0,0,0,0,0
1457387,1,"Liga Nacional","Liga Endesa",-402534000,NA,"https://www.acb.com/Documentos/Cabeceras/logo-competicion-1b.png","https://www.acb.com/Documentos/Cabeceras/logo-competicion-4a.png",70,2005,107,NA,NA,1974,12516,NA,NA,TRUE,1353,1353,1133,"Caja San Fernando","C. San Fernando","CSF",1345,1471,"Akasvayu Girona","Akasvayu Gir.","GIR",1,92,12000,12,23,52,15,28,53,26,38,68,18,7,25,25,12,12,0,3,1,2,20,29,117,0,0,0,11,0,92,84,0,0,0,0,0,0,0,0,0
1457388,1,"Liga Nacional","Liga Endesa",-402534000,NA,"https://www.acb.com/Documentos/Cabeceras/logo-competicion-1b.png","https://www.acb.com/Documentos/Cabeceras/logo-competicion-4a.png",70,2005,107,NA,NA,1974,12516,NA,NA,FALSE,1345,1353,1133,"Caja San Fernando","C. San Fernando","CSF",1345,1471,"Akasvayu Girona","Akasvayu Gir.","GIR",1,84,12000,8,18,44.44,24,47,51.06,12,13,92.31,24,15,39,7,4,19,0,1,3,1,29,20,70,0,0,1,0,0,84,92,0,NA,0,0,0,0,0,0,0
1457178,1,"Liga Nacional","Liga Endesa",-402534000,NA,"https://www.acb.com/Documentos/Cabeceras/logo-competicion-1b.png","https://www.acb.com/Documentos/Cabeceras/logo-competicion-4a.png",70,2005,107,NA,NA,1974,12508,NA,NA,FALSE,1339,1337,1285,"Etosa Alicante","Etosa Alicante","ALI",1339,223,"TAU Cerámica","TAU Cerámica","TAU",1,82,12000,6,17,35.29,27,45,60,10,13,76.92,20,15,35,13,8,15,0,0,2,2,25,20,84,0,0,0,1,0,82,74,0,NA,0,0,0,0,0,0,0
1457177,1,"Liga Nacional","Liga Endesa",-402534000,NA,"https://www.acb.com/Documentos/Cabeceras/logo-competicion-1b.png","https://www.acb.com/Documentos/Cabeceras/logo-competicion-4a.png",70,2005,107,NA,NA,1974,12508,NA,NA,TRUE,1337,1337,1285,"Etosa Alicante","Etosa Alicante","ALI",1339,223,"TAU Cerámica","TAU Cerámica","TAU",1,74,12000,7,21,33.33,21,36,58.33,11,17,64.71,14,10,24,9,9,14,0,2,0,1,20,25,74,0,0,1,0,0,74,82,0,NA,0,0,0,0,0,0,0
1457229,1,"Liga Nacional","Liga Endesa",-402534000,NA,"https://www.acb.com/Documentos/Cabeceras/logo-competicion-1b.png","https://www.acb.com/Documentos/Cabeceras/logo-competicion-4a.png",70,2005,107,NA,NA,1974,12510,NA,NA,TRUE,1340,1340,284,"Lagun Aro Bilbao Basket","Lagun Aro BB","LBB",1341,1359,"Leche Río Breogán","Leche Río Bre.","BRE",1,85,12000,5,12,41.67,23,37,62.16,24,33,72.73,19,8,27,11,7,12,0,3,0,5,24,31,98,0,0,0,1,0,85,84,0,NA,0,0,0,0,0,0,0
1457230,1,"Liga Nacional","Liga Endesa",-402534000,NA,"https://www.acb.com/Documentos/Cabeceras/logo-competicion-1b.png","https://www.acb.com/Documentos/Cabeceras/logo-competicion-4a.png",70,2005,107,NA,NA,1974,12510,NA,NA,FALSE,1341,1340,284,"Lagun Aro Bilbao Basket","Lagun Aro BB","LBB",1341,1359,"Leche Río Breogán","Leche Río Bre.","BRE",1,84,12000,11,23,47.83,15,33,45.45,21,27,77.78,19,11,30,9,8,11,0,0,3,0,31,24,74,0,0,1,0,0,84,85,0,NA,0,0,0,0,0,0,0
1457281,1,"Liga Nacional","Liga Endesa",-402534000,NA,"https://www.acb.com/Documentos/Cabeceras/logo-competicion-1b.png","https://www.acb.com/Documentos/Cabeceras/logo-competicion-4a.png",70,2005,107,NA,NA,1974,12512,NA,NA,FALSE,1349,1348,768,"Real Madrid","Real Madrid","RMB",1349,870,"Ricoh Manresa","Ricoh Manresa","MAN",1,75,12000,2,12,16.67,26,43,60.47,17,23,73.91,22,6,28,7,4,12,0,1,4,3,21,23,68,0,0,1,0,0,75,89,0,NA,0,0,0,0,0,0,0
1457280,1,"Liga Nacional","Liga Endesa",-402534000,NA,"https://www.acb.com/Documentos/Cabeceras/logo-competicion-1b.png","https://www.acb.com/Documentos/Cabeceras/logo-competicion-4a.png",70,2005,107,NA,NA,1974,12512,NA,NA,TRUE,1348,1348,768,"Real Madrid","Real Madrid","RMB",1349,870,"Ricoh Manresa","Ricoh Manresa","MAN",1,89,12000,13,28,46.43,16,44,36.36,18,24,75,24,22,46,16,7,11,0,4,1,1,23,21,99,0,0,0,1,0,89,75,0,NA,0,0,0,0,0,0,0
1457203,1,"Liga Nacional","Liga Endesa",-402534000,NA,"https://www.acb.com/Documentos/Cabeceras/logo-competicion-1b.png","https://www.acb.com/Documentos/Cabeceras/logo-competicion-4a.png",70,2005,107,NA,NA,1974,12509,NA,NA,TRUE,1338,1338,109,"Winterthur FC Barcelona","Winterthur FCB","FCB",1346,8,"CB Granada","CB Granada","GRA",1,85,12000,10,25,40,20,35,57.14,15,21,71.43,27,13,40,21,9,17,0,4,1,1,14,20,111,0,0,0,1,0,85,69,0,NA,0,0,0,0,0,0,0
1457204,1,"Liga Nacional","Liga Endesa",-402534000,NA,"https://www.acb.com/Documentos/Cabeceras/logo-competicion-1b.png","https://www.acb.com/Documentos/Cabeceras/logo-competicion-4a.png",70,2005,107,NA,NA,1974,12509,NA,NA,FALSE,1346,1338,109,"Winterthur FC Barcelona","Winterthur FCB","FCB",1346,8,"CB Granada","CB Granada","GRA",1,69,12000,5,18,27.78,22,47,46.81,10,10,100,18,10,28,10,12,14,0,1,4,1,20,14,58,0,0,1,0,0,69,85,0,NA,0,0,0,0,0,0,0
1457255,1,"Liga Nacional","Liga Endesa",-402534000,NA,"https://www.acb.com/Documentos/Cabeceras/logo-competicion-1b.png","https://www.acb.com/Documentos/Cabeceras/logo-competicion-4a.png",70,2005,107,NA,NA,1974,12511,NA,NA,FALSE,1351,1344,1202,"Alta Gestión Fuenlabrada","Alta Gestión F.","AGF",1351,969,"Pamesa Valencia","Pamesa Valencia","PAM",1,79,12000,5,18,27.78,22,42,52.38,20,23,86.96,20,10,30,7,7,10,0,4,3,1,22,22,78,0,0,0,1,0,79,76,0,NA,0,0,0,0,0,0,0
1457254,1,"Liga Nacional","Liga Endesa",-402534000,NA,"https://www.acb.com/Documentos/Cabeceras/logo-competicion-1b.png","https://www.acb.com/Documentos/Cabeceras/logo-competicion-4a.png",70,2005,107,NA,NA,1974,12511,NA,NA,TRUE,1344,1344,1202,"Alta Gestión Fuenlabrada","Alta Gestión F.","AGF",1351,969,"Pamesa Valencia","Pamesa Valencia","PAM",1,76,12000,6,21,28.57,20,35,57.14,18,24,75,23,8,31,14,8,12,0,3,4,0,22,22,80,0,0,1,0,0,76,79,0,NA,0,0,0,0,0,0,0
1457307,1,"Liga Nacional","Liga Endesa",-402534000,NA,"https://www.acb.com/Documentos/Cabeceras/logo-competicion-1b.png","https://www.acb.com/Documentos/Cabeceras/logo-competicion-4a.png",70,2005,107,NA,NA,1974,12513,NA,NA,FALSE,1342,1354,1854,"Fórum Valladolid","Fórum Vall.","FOR",1342,341,"Gran Canaria","Gran Canaria","GCA",1,96,12000,8,18,44.44,23,36,63.89,26,31,83.87,23,6,29,11,10,16,0,2,2,1,23,24,103,0,0,0,1,0,96,88,0,NA,0,0,0,0,0,0,0
1457306,1,"Liga Nacional","Liga Endesa",-402534000,NA,"https://www.acb.com/Documentos/Cabeceras/logo-competicion-1b.png","https://www.acb.com/Documentos/Cabeceras/logo-competicion-4a.png",70,2005,107,NA,NA,1974,12513,NA,NA,TRUE,1354,1354,1854,"Fórum Valladolid","Fórum Vall.","FOR",1342,341,"Gran Canaria","Gran Canaria","GCA",1,88,12000,9,20,45,21,41,51.22,19,24,79.17,15,8,23,16,11,12,0,2,2,2,24,23,89,0,0,1,0,0,88,96,0,NA,0,0,0,0,0,0,0
1457335,1,"Liga Nacional","Liga Endesa",-402534000,NA,"https://www.acb.com/Documentos/Cabeceras/logo-competicion-1b.png","https://www.acb.com/Documentos/Cabeceras/logo-competicion-4a.png",70,2005,107,NA,NA,1974,12514,NA,NA,TRUE,1352,1352,1061,"Unicaja","Unicaja","UNI",1343,469,"Adecco Estudiantes","Adecco Estu","EST",1,84,12000,10,19,52.63,21,37,56.76,12,14,85.71,17,8,25,13,5,13,0,6,2,0,17,24,98,0,0,0,1,0,84,82,0,NA,0,0,0,0,0,0,0
1457336,1,"Liga Nacional","Liga Endesa",-402534000,NA,"https://www.acb.com/Documentos/Cabeceras/logo-competicion-1b.png","https://www.acb.com/Documentos/Cabeceras/logo-competicion-4a.png",70,2005,107,NA,NA,1974,12514,NA,NA,FALSE,1343,1352,1061,"Unicaja","Unicaja","UNI",1343,469,"Adecco Estudiantes","Adecco Estu","EST",1,82,12000,5,20,25,29,45,64,9,15,60,17,13,30,23,9,10,0,2,6,1,24,17,86,0,0,10,0,0,82,84,0,0,0,0,0,0,0,0,0
1457362,1,"Liga Nacional","Liga Endesa",-402534000,NA,"https://www.acb.com/Documentos/Cabeceras/logo-competicion-1b.png","https://www.acb.com/Documentos/Cabeceras/logo-competicion-4a.png",70,2005,107,NA,NA,1974,12515,NA,NA,TRUE,1350,1350,890,"Llanera Menorca","Llanera Menorca","MEN",1347,631,"DKV Joventut","DKV Joventut","DKV",1,95,12000,10,21,47,21,44,47,23,29,79,20,16,36,14,5,13,0,2,2,1,25,24,96,0,0,11,0,0,95,104,0,0,0,0,0,0,0,0,0
1457363,1,"Liga Nacional","Liga Endesa",-402534000,NA,"https://www.acb.com/Documentos/Cabeceras/logo-competicion-1b.png","https://www.acb.com/Documentos/Cabeceras/logo-competicion-4a.png",70,2005,107,NA,NA,1974,12515,NA,NA,FALSE,1347,1350,890,"Llanera Menorca","Llanera Menorca","MEN",1347,631,"DKV Joventut","DKV Joventut","DKV",1,104,12000,13,28,46.43,22,34,64.71,21,33,63.64,20,10,30,28,12,8,0,2,2,6,24,25,128,0,0,0,1,0,104,95,0,NA,0,0,0,0,0,0,0
1457415,1,"Liga Nacional","Liga Endesa",-402534000,NA,"https://www.acb.com/Documentos/Cabeceras/logo-competicion-1b.png","https://www.acb.com/Documentos/Cabeceras/logo-competicion-4a.png",70,2005,107,NA,NA,1975,12517,NA,NA,TRUE,1341,1341,1359,"Leche Río Breogán","Leche Río Bre.","BRE",1350,890,"Llanera Menorca","Llanera Menorca","MEN",1,83,12000,5,13,38.46,25,37,67.57,18,23,78.26,17,10,27,15,4,12,0,5,4,0,26,21,88,0,0,0,1,0,83,81,0,NA,0,0,0,0,0,0,0
1457416,1,"Liga Nacional","Liga Endesa",-402534000,NA,"https://www.acb.com/Documentos/Cabeceras/logo-competicion-1b.png","https://www.acb.com/Documentos/Cabeceras/logo-competicion-4a.png",70,2005,107,NA,NA,1975,12517,NA,NA,FALSE,1350,1341,1359,"Leche Río Breogán","Leche Río Bre.","BRE",1350,890,"Llanera Menorca","Llanera Menorca","MEN",1,81,12000,7,20,35,21,34,61,18,29,62,11,13,24,12,9,9,0,4,5,0,21,26,84,0,0,10,0,0,81,83,0,0,0,0,0,0,0,0,0
1457495,1,"Liga Nacional","Liga Endesa",-402534000,NA,"https://www.acb.com/Documentos/Cabeceras/logo-competicion-1b.png","https://www.acb.com/Documentos/Cabeceras/logo-competicion-4a.png",70,2005,107,NA,NA,1975,12520,NA,NA,TRUE,1346,1346,8,"CB Granada","CB Granada","GRA",1337,1285,"Etosa Alicante","Etosa Alicante","ALI",1,79,12000,3,19,15.79,28,46,60.87,14,20,70,29,9,38,15,6,12,0,6,2,1,20,23,93,0,0,1,0,0,79,87,0,NA,0,0,0,0,0,0,0
1457496,1,"Liga Nacional","Liga Endesa",-402534000,NA,"https://www.acb.com/Documentos/Cabeceras/logo-competicion-1b.png","https://www.acb.com/Documentos/Cabeceras/logo-competicion-4a.png",70,2005,107,NA,NA,1975,12520,NA,NA,FALSE,1337,1346,8,"CB Granada","CB Granada","GRA",1337,1285,"Etosa Alicante","Etosa Alicante","ALI",1,87,12000,12,24,50,16,35,45.71,19,23,82.61,28,4,32,21,9,8,0,2,6,1,23,20,99,0,0,0,1,0,87,79,0,NA,0,0,0,0,0,0,0
1457547,1,"Liga Nacional","Liga Endesa",-402534000,NA,"https://www.acb.com/Documentos/Cabeceras/logo-competicion-1b.png","https://www.acb.com/Documentos/Cabeceras/logo-competicion-4a.png",70,2005,107,NA,NA,1975,12522,NA,NA,TRUE,1347,1347,631,"DKV Joventut","DKV Joventut","DKV",1340,284,"Lagun Aro Bilbao Basket","Lagun Aro BB","LBB",1,81,12000,10,25,40,21,31,67.74,9,11,81.82,17,4,21,18,12,12,0,4,1,4,24,18,90,0,0,0,1,0,81,69,0,NA,0,0,0,0,0,0,0
1457548,1,"Liga Nacional","Liga Endesa",-402534000,NA,"https://www.acb.com/Documentos/Cabeceras/logo-competicion-1b.png","https://www.acb.com/Documentos/Cabeceras/logo-competicion-4a.png",70,2005,107,NA,NA,1975,12522,NA,NA,FALSE,1340,1347,631,"DKV Joventut","DKV Joventut","DKV",1340,284,"Lagun Aro Bilbao Basket","Lagun Aro BB","LBB",1,69,12000,0,15,0,25,43,58.14,19,23,82.61,21,20,41,6,4,21,0,1,4,3,18,24,65,0,0,1,0,0,69,81,0,NA,0,0,0,0,0,0,0
1457573,1,"Liga Nacional","Liga Endesa",-402534000,NA,"https://www.acb.com/Documentos/Cabeceras/logo-competicion-1b.png","https://www.acb.com/Documentos/Cabeceras/logo-competicion-4a.png",70,2005,107,NA,NA,1975,12523,NA,NA,TRUE,1349,1349,870,"Ricoh Manresa","Ricoh Manresa","MAN",1344,1202,"Alta Gestión Fuenlabrada","Alta Gestión F.","AGF",1,88,12000,9,24,37.5,22,45,48.89,17,20,85,16,15,31,11,4,8,0,5,3,2,26,23,84,0,0,1,0,0,88,90,0,NA,0,0,0,0,0,0,0
1457574,1,"Liga Nacional","Liga Endesa",-402534000,NA,"https://www.acb.com/Documentos/Cabeceras/logo-competicion-1b.png","https://www.acb.com/Documentos/Cabeceras/logo-competicion-4a.png",70,2005,107,NA,NA,1975,12523,NA,NA,FALSE,1344,1349,870,"Ricoh Manresa","Ricoh Manresa","MAN",1344,1202,"Alta Gestión Fuenlabrada","Alta Gestión F.","AGF",1,90,12000,9,21,42.86,18,31,58.06,27,31,87.1,26,8,34,18,4,15,0,3,5,1,23,26,103,0,0,0,1,0,90,88,0,NA,0,0,0,0,0,0,0
1457625,1,"Liga Nacional","Liga Endesa",-402534000,NA,"https://www.acb.com/Documentos/Cabeceras/logo-competicion-1b.png","https://www.acb.com/Documentos/Cabeceras/logo-competicion-4a.png",70,2005,107,NA,NA,1975,12525,NA,NA,FALSE,1353,1339,223,"TAU Cerámica","TAU Cerámica","TAU",1353,1133,"Caja San Fernando","C. San Fernando","CSF",1,73,12000,6,21,28,22,44,50,11,15,73,20,10,30,14,7,13,0,5,1,0,24,20,70,0,0,10,0,0,73,88,0,0,0,0,0,0,0,0,0
1457624,1,"Liga Nacional","Liga Endesa",-402534000,NA,"https://www.acb.com/Documentos/Cabeceras/logo-competicion-1b.png","https://www.acb.com/Documentos/Cabeceras/logo-competicion-4a.png",70,2005,107,NA,NA,1975,12525,NA,NA,TRUE,1339,1339,223,"TAU Cerámica","TAU Cerámica","TAU",1353,1133,"Caja San Fernando","C. San Fernando","CSF",1,88,12000,7,16,43.75,21,45,46.67,25,27,92.59,29,15,44,14,6,13,0,1,5,2,20,24,104,0,0,0,1,0,88,73,0,NA,0,0,0,0,0,0,0
1457443,1,"Liga Nacional","Liga Endesa",-402534000,NA,"https://www.acb.com/Documentos/Cabeceras/logo-competicion-1b.png","https://www.acb.com/Documentos/Cabeceras/logo-competicion-4a.png",70,2005,107,NA,NA,1975,12518,NA,NA,FALSE,1352,1342,341,"Gran Canaria","Gran Canaria","GCA",1352,1061,"Unicaja","Unicaja","UNI",1,75,12000,6,20,30,20,31,64.52,17,23,73.91,25,3,28,11,7,10,0,2,1,1,21,23,83,0,0,0,1,0,75,67,0,NA,0,0,0,0,0,0,0
1457442,1,"Liga Nacional","Liga Endesa",-402534000,NA,"https://www.acb.com/Documentos/Cabeceras/logo-competicion-1b.png","https://www.acb.com/Documentos/Cabeceras/logo-competicion-4a.png",70,2005,107,NA,NA,1975,12518,NA,NA,TRUE,1342,1342,341,"Gran Canaria","Gran Canaria","GCA",1352,1061,"Unicaja","Unicaja","UNI",1,67,12000,6,16,37.5,16,41,39.02,17,22,77.27,25,13,38,10,4,13,0,1,2,0,23,21,63,0,0,1,0,0,67,75,0,NA,0,0,0,0,0,0,0
1457520,1,"Liga Nacional","Liga Endesa",-402534000,NA,"https://www.acb.com/Documentos/Cabeceras/logo-competicion-1b.png","https://www.acb.com/Documentos/Cabeceras/logo-competicion-4a.png",70,2005,107,NA,NA,1975,12521,NA,NA,TRUE,1345,1345,1471,"Akasvayu Girona","Akasvayu Gir.","GIR",1338,109,"Winterthur FC Barcelona","Winterthur FCB","FCB",1,67,12000,5,15,33.33,22,45,48.89,8,9,88.89,23,14,37,12,7,12,0,2,3,3,19,20,77,0,0,1,0,0,67,73,0,NA,0,0,0,0,0,0,0
1457521,1,"Liga Nacional","Liga Endesa",-402534000,NA,"https://www.acb.com/Documentos/Cabeceras/logo-competicion-1b.png","https://www.acb.com/Documentos/Cabeceras/logo-competicion-4a.png",70,2005,107,NA,NA,1975,12521,NA,NA,FALSE,1338,1345,1471,"Akasvayu Girona","Akasvayu Gir.","GIR",1338,109,"Winterthur FC Barcelona","Winterthur FCB","FCB",1,73,12000,7,20,35,22,47,46.81,8,14,57.14,19,19,38,13,6,8,0,3,2,4,20,19,78,0,0,0,1,0,73,67,0,NA,0,0,0,0,0,0,0
1457598,1,"Liga Nacional","Liga Endesa",-402534000,NA,"https://www.acb.com/Documentos/Cabeceras/logo-competicion-1b.png","https://www.acb.com/Documentos/Cabeceras/logo-competicion-4a.png",70,2005,107,NA,NA,1975,12524,NA,NA,TRUE,1351,1351,969,"Pamesa Valencia","Pamesa Valencia","PAM",1348,768,"Real Madrid","Real Madrid","RMB",1,72,12000,3,14,21.43,24,51,47.06,15,15,100,17,17,34,6,7,10,0,5,4,3,26,21,67,0,0,1,0,0,72,76,0,NA,0,0,0,0,0,0,0
1457599,1,"Liga Nacional","Liga Endesa",-402534000,NA,"https://www.acb.com/Documentos/Cabeceras/logo-competicion-1b.png","https://www.acb.com/Documentos/Cabeceras/logo-competicion-4a.png",70,2005,107,NA,NA,1975,12524,NA,NA,FALSE,1348,1351,969,"Pamesa Valencia","Pamesa Valencia","PAM",1348,768,"Real Madrid","Real Madrid","RMB",1,76,12000,7,18,38.89,16,45,35.56,23,30,76.67,19,22,41,15,9,12,0,4,5,2,21,26,86,0,0,0,1,0,76,72,0,NA,0,0,0,0,0,0,0
1457470,1,"Liga Nacional","Liga Endesa",-402534000,NA,"https://www.acb.com/Documentos/Cabeceras/logo-competicion-1b.png","https://www.acb.com/Documentos/Cabeceras/logo-competicion-4a.png",70,2005,107,NA,NA,1975,12519,NA,NA,FALSE,1354,1343,469,"Adecco Estudiantes","Adecco Estu","EST",1354,1854,"Fórum Valladolid","Fórum Vall.","FOR",1,83,13500,7,20,35,25,40,62.5,12,16,75,31,6,37,9,7,19,0,6,2,0,25,21,85,0,0,1,0,0,83,87,0,NA,0,0,0,0,0,0,0
1457469,1,"Liga Nacional","Liga Endesa",-402534000,NA,"https://www.acb.com/Documentos/Cabeceras/logo-competicion-1b.png","https://www.acb.com/Documentos/Cabeceras/logo-competicion-4a.png",70,2005,107,NA,NA,1975,12519,NA,NA,TRUE,1343,1343,469,"Adecco Estudiantes","Adecco Estu","EST",1354,1854,"Fórum Valladolid","Fórum Vall.","FOR",1,87,13500,8,24,33,24,44,54,15,27,55,22,11,33,21,11,11,0,2,6,2,21,25,93,0,0,0,11,0,87,83,0,0,0,0,0,0,0,0,0
1457653,1,"Liga Nacional","Liga Endesa",-402534000,NA,"https://www.acb.com/Documentos/Cabeceras/logo-competicion-1b.png","https://www.acb.com/Documentos/Cabeceras/logo-competicion-4a.png",70,2005,107,NA,NA,1976,12526,NA,NA,TRUE,1337,1337,1285,"Etosa Alicante","Etosa Alicante","ALI",1343,469,"Adecco Estudiantes","Adecco Estu","EST",1,73,12000,7,24,29.17,19,29,65.52,14,16,87.5,23,4,27,14,3,14,0,5,0,0,19,20,80,0,0,1,0,0,73,85,0,NA,0,0,0,0,0,0,0
1457654,1,"Liga Nacional","Liga Endesa",-402534000,NA,"https://www.acb.com/Documentos/Cabeceras/logo-competicion-1b.png","https://www.acb.com/Documentos/Cabeceras/logo-competicion-4a.png",70,2005,107,NA,NA,1976,12526,NA,NA,FALSE,1343,1337,1285,"Etosa Alicante","Etosa Alicante","ALI",1343,469,"Adecco Estudiantes","Adecco Estu","EST",1,85,12000,10,27,37,21,36,58,13,17,76,24,10,34,22,7,9,0,0,5,5,20,19,97,0,0,0,11,0,85,73,0,0,0,0,0,0,0,0,0
1457680,1,"Liga Nacional","Liga Endesa",-402534000,NA,"https://www.acb.com/Documentos/Cabeceras/logo-competicion-1b.png","https://www.acb.com/Documentos/Cabeceras/logo-competicion-4a.png",70,2005,107,NA,NA,1976,12527,NA,NA,TRUE,1338,1338,109,"Winterthur FC Barcelona","Winterthur FCB","FCB",1339,223,"TAU Cerámica","TAU Cerámica","TAU",1,72,12000,3,17,17.65,28,49,57.14,7,13,53.85,23,11,34,13,6,12,0,5,1,5,21,20,75,0,0,1,0,0,72,78,0,NA,0,0,0,0,0,0,0
1457681,1,"Liga Nacional","Liga Endesa",-402534000,NA,"https://www.acb.com/Documentos/Cabeceras/logo-competicion-1b.png","https://www.acb.com/Documentos/Cabeceras/logo-competicion-4a.png",70,2005,107,NA,NA,1976,12527,NA,NA,FALSE,1339,1338,109,"Winterthur FC Barcelona","Winterthur FCB","FCB",1339,223,"TAU Cerámica","TAU Cerámica","TAU",1,78,12000,5,6,83.33,24,53,45.28,15,21,71.43,27,9,36,12,8,13,0,1,5,3,20,21,82,0,0,0,1,0,78,72,0,NA,0,0,0,0,0,0,0
1457706,1,"Liga Nacional","Liga Endesa",-402534000,NA,"https://www.acb.com/Documentos/Cabeceras/logo-competicion-1b.png","https://www.acb.com/Documentos/Cabeceras/logo-competicion-4a.png",70,2005,107,NA,NA,1976,12528,NA,NA,TRUE,1340,1340,284,"Lagun Aro Bilbao Basket","Lagun Aro BB","LBB",1351,969,"Pamesa Valencia","Pamesa Valencia","PAM",1,82,12000,6,15,40,25,43,58,14,17,82,26,7,33,12,9,12,0,2,1,2,23,21,93,0,0,0,12,0,82,70,0,0,0,0,0,0,0,0,0
1457707,1,"Liga Nacional","Liga Endesa",-402534000,NA,"https://www.acb.com/Documentos/Cabeceras/logo-competicion-1b.png","https://www.acb.com/Documentos/Cabeceras/logo-competicion-4a.png",70,2005,107,NA,NA,1976,12528,NA,NA,FALSE,1351,1340,284,"Lagun Aro Bilbao Basket","Lagun Aro BB","LBB",1351,969,"Pamesa Valencia","Pamesa Valencia","PAM",1,70,12000,10,31,32.26,12,29,41.38,16,21,76.19,22,10,32,7,5,16,0,1,2,0,21,23,56,0,0,1,0,0,70,82,0,NA,0,0,0,0,0,0,0
1457732,1,"Liga Nacional","Liga Endesa",-402534000,NA,"https://www.acb.com/Documentos/Cabeceras/logo-competicion-1b.png","https://www.acb.com/Documentos/Cabeceras/logo-competicion-4a.png",70,2005,107,NA,NA,1976,12529,NA,NA,TRUE,1344,1344,1202,"Alta Gestión Fuenlabrada","Alta Gestión F.","AGF",1345,1471,"Akasvayu Girona","Akasvayu Gir.","GIR",1,89,12000,10,27,37.04,21,37,56.76,17,27,62.96,21,16,37,21,6,11,0,1,1,4,26,24,97,0,0,1,0,0,89,95,0,NA,0,0,0,0,0,0,0
1457733,1,"Liga Nacional","Liga Endesa",-402534000,NA,"https://www.acb.com/Documentos/Cabeceras/logo-competicion-1b.png","https://www.acb.com/Documentos/Cabeceras/logo-competicion-4a.png",70,2005,107,NA,NA,1976,12529,NA,NA,FALSE,1345,1344,1202,"Alta Gestión Fuenlabrada","Alta Gestión F.","AGF",1345,1471,"Akasvayu Girona","Akasvayu Gir.","GIR",1,95,12000,11,23,47.83,18,36,50,26,34,76.47,23,12,35,16,6,7,0,1,1,0,24,26,109,0,0,0,1,0,95,89,0,NA,0,0,0,0,0,0,0
1457760,1,"Liga Nacional","Liga Endesa",-402534000,NA,"https://www.acb.com/Documentos/Cabeceras/logo-competicion-1b.png","https://www.acb.com/Documentos/Cabeceras/logo-competicion-4a.png",70,2005,107,NA,NA,1976,12530,NA,NA,TRUE,1354,1354,1854,"Fórum Valladolid","Fórum Vall.","FOR",1341,1359,"Leche Río Breogán","Leche Río Bre.","BRE",1,84,12000,6,17,35.29,21,32,65.62,24,34,70.59,25,6,31,10,4,15,0,1,1,0,21,33,94,0,0,0,1,0,84,74,0,NA,0,0,0,0,0,0,0
1457761,1,"Liga Nacional","Liga Endesa",-402534000,NA,"https://www.acb.com/Documentos/Cabeceras/logo-competicion-1b.png","https://www.acb.com/Documentos/Cabeceras/logo-competicion-4a.png",70,2005,107,NA,NA,1976,12530,NA,NA,FALSE,1341,1354,1854,"Fórum Valladolid","Fórum Vall.","FOR",1341,1359,"Leche Río Breogán","Leche Río Bre.","BRE",1,74,12000,3,13,23.08,24,51,47.06,17,21,80.95,18,12,30,7,10,14,0,1,1,0,33,21,54,0,0,1,0,0,74,84,0,NA,0,0,0,0,0,0,0
1457788,1,"Liga Nacional","Liga Endesa",-402534000,NA,"https://www.acb.com/Documentos/Cabeceras/logo-competicion-1b.png","https://www.acb.com/Documentos/Cabeceras/logo-competicion-4a.png",70,2005,107,NA,NA,1976,12531,NA,NA,TRUE,1353,1353,1133,"Caja San Fernando","C. San Fernando","CSF",1342,341,"Gran Canaria","Gran Canaria","GCA",1,87,12000,10,23,43,19,42,45,19,21,90,28,14,42,13,5,8,0,4,3,2,17,23,108,0,0,0,12,0,87,76,0,0,0,0,0,0,0,0,0
1457789,1,"Liga Nacional","Liga Endesa",-402534000,NA,"https://www.acb.com/Documentos/Cabeceras/logo-competicion-1b.png","https://www.acb.com/Documentos/Cabeceras/logo-competicion-4a.png",70,2005,107,NA,NA,1976,12531,NA,NA,FALSE,1342,1353,1133,"Caja San Fernando","C. San Fernando","CSF",1342,341,"Gran Canaria","Gran Canaria","GCA",1,76,12000,9,29,31.03,21,45,46.67,7,15,46.67,24,17,41,13,6,6,0,3,4,1,23,17,71,0,0,1,0,0,76,87,0,NA,0,0,0,0,0,0,0
1457813,1,"Liga Nacional","Liga Endesa",-402534000,NA,"https://www.acb.com/Documentos/Cabeceras/logo-competicion-1b.png","https://www.acb.com/Documentos/Cabeceras/logo-competicion-4a.png",70,2005,107,NA,NA,1976,12532,NA,NA,TRUE,1352,1352,1061,"Unicaja","Unicaja","UNI",1347,631,"DKV Joventut","DKV Joventut","DKV",1,81,12000,5,20,25,29,42,69.05,8,10,80,29,5,34,21,7,11,0,3,1,5,19,19,104,0,0,0,1,0,81,64,0,NA,0,0,0,0,0,0,0
1457814,1,"Liga Nacional","Liga Endesa",-402534000,NA,"https://www.acb.com/Documentos/Cabeceras/logo-competicion-1b.png","https://www.acb.com/Documentos/Cabeceras/logo-competicion-4a.png",70,2005,107,NA,NA,1976,12532,NA,NA,FALSE,1347,1352,1061,"Unicaja","Unicaja","UNI",1347,631,"DKV Joventut","DKV Joventut","DKV",1,64,12000,5,19,26.32,19,41,46.34,11,14,78.57,22,8,30,13,9,15,0,1,3,3,19,19,60,0,0,1,0,0,64,81,0,NA,0,0,0,0,0,0,0
1457838,1,"Liga Nacional","Liga Endesa",-402534000,NA,"https://www.acb.com/Documentos/Cabeceras/logo-competicion-1b.png","https://www.acb.com/Documentos/Cabeceras/logo-competicion-4a.png",70,2005,107,NA,NA,1976,12533,NA,NA,FALSE,1346,1348,768,"Real Madrid","Real Madrid","RMB",1346,8,"CB Granada","CB Granada","GRA",1,99,13500,8,19,42.11,23,40,57.5,29,38,76.32,26,8,34,9,6,16,0,2,2,1,26,29,98,0,0,0,1,0,99,97,0,NA,0,0,0,0,0,0,0
1457837,1,"Liga Nacional","Liga Endesa",-402534000,NA,"https://www.acb.com/Documentos/Cabeceras/logo-competicion-1b.png","https://www.acb.com/Documentos/Cabeceras/logo-competicion-4a.png",70,2005,107,NA,NA,1976,12533,NA,NA,TRUE,1348,1348,768,"Real Madrid","Real Madrid","RMB",1346,8,"CB Granada","CB Granada","GRA",1,97,13500,7,28,25,26,54,48.15,24,31,77.42,22,23,45,18,13,13,0,2,2,5,29,26,101,0,0,1,0,0,97,99,0,NA,0,0,0,0,0,0,0
1457865,1,"Liga Nacional","Liga Endesa",-402534000,NA,"https://www.acb.com/Documentos/Cabeceras/logo-competicion-1b.png","https://www.acb.com/Documentos/Cabeceras/logo-competicion-4a.png",70,2005,107,NA,NA,1976,12534,NA,NA,TRUE,1350,1350,890,"Llanera Menorca","Llanera Menorca","MEN",1349,870,"Ricoh Manresa","Ricoh Manresa","MAN",1,75,12000,6,16,37,21,50,42,15,22,68,24,20,44,5,5,9,0,2,3,1,23,22,72,0,0,0,11,0,75,73,0,0,0,0,0,0,0,0,0
1457866,1,"Liga Nacional","Liga Endesa",-402534000,NA,"https://www.acb.com/Documentos/Cabeceras/logo-competicion-1b.png","https://www.acb.com/Documentos/Cabeceras/logo-competicion-4a.png",70,2005,107,NA,NA,1976,12534,NA,NA,FALSE,1349,1350,890,"Llanera Menorca","Llanera Menorca","MEN",1349,870,"Ricoh Manresa","Ricoh Manresa","MAN",1,73,12000,8,23,34.78,16,35,45.71,17,24,70.83,24,12,36,5,5,7,0,3,2,4,22,23,73,0,0,1,0,0,73,75,0,NA,0,0,0,0,0,0,0
1457946,1,"Liga Nacional","Liga Endesa",-402534000,NA,"https://www.acb.com/Documentos/Cabeceras/logo-competicion-1b.png","https://www.acb.com/Documentos/Cabeceras/logo-competicion-4a.png",70,2005,111,NA,NA,1977,12537,NA,NA,TRUE,1338,1338,109,"Winterthur FC Barcelona","Winterthur FCB","FCB",1348,768,"Real Madrid","Real Madrid","RMB",1,79,12000,7,21,33.33,19,41,46.34,20,25,80,19,11,30,16,11,8,0,2,0,4,21,21,89,0,0,0,1,0,79,67,0,NA,0,0,0,0,0,0,0
1457947,1,"Liga Nacional","Liga Endesa",-402534000,NA,"https://www.acb.com/Documentos/Cabeceras/logo-competicion-1b.png","https://www.acb.com/Documentos/Cabeceras/logo-competicion-4a.png",70,2005,111,NA,NA,1977,12537,NA,NA,FALSE,1348,1338,109,"Winterthur FC Barcelona","Winterthur FCB","FCB",1348,768,"Real Madrid","Real Madrid","RMB",1,67,12000,5,17,29.41,19,38,50,14,18,77.78,26,10,36,13,5,16,0,0,2,2,21,21,68,0,0,1,0,0,67,79,0,NA,0,0,0,0,0,0,0
1457894,1,"Liga Nacional","Liga Endesa",-402534000,NA,"https://www.acb.com/Documentos/Cabeceras/logo-competicion-1b.png","https://www.acb.com/Documentos/Cabeceras/logo-competicion-4a.png",70,2005,111,NA,NA,1977,12535,NA,NA,TRUE,1352,1352,1061,"Unicaja","Unicaja","UNI",1343,469,"Adecco Estudiantes","Adecco Estu","EST",1,84,12000,6,16,37.5,23,40,57.5,20,25,80,22,5,27,15,10,10,0,3,1,2,18,25,103,0,0,0,1,0,84,78,0,NA,0,0,0,0,0,0,0
1457895,1,"Liga Nacional","Liga Endesa",-402534000,NA,"https://www.acb.com/Documentos/Cabeceras/logo-competicion-1b.png","https://www.acb.com/Documentos/Cabeceras/logo-competicion-4a.png",70,2005,111,NA,NA,1977,12535,NA,NA,FALSE,1343,1352,1061,"Unicaja","Unicaja","UNI",1343,469,"Adecco Estudiantes","Adecco Estu","EST",1,78,12000,8,21,38,21,44,47,12,15,80,24,14,38,15,7,14,0,1,3,2,25,18,76,0,0,11,0,0,78,84,0,0,0,0,0,0,0,0,0
1457921,1,"Liga Nacional","Liga Endesa",-402534000,NA,"https://www.acb.com/Documentos/Cabeceras/logo-competicion-1b.png","https://www.acb.com/Documentos/Cabeceras/logo-competicion-4a.png",70,2005,111,NA,NA,1977,12536,NA,NA,FALSE,1345,1339,223,"TAU Cerámica","TAU Cerámica","TAU",1345,1471,"Akasvayu Girona","Akasvayu Gir.","GIR",1,68,12000,6,16,37.5,19,42,45.24,12,16,75,23,8,31,7,4,12,0,1,0,0,17,19,64,0,0,1,0,0,68,80,0,NA,0,0,0,0,0,0,0
1457920,1,"Liga Nacional","Liga Endesa",-402534000,NA,"https://www.acb.com/Documentos/Cabeceras/logo-competicion-1b.png","https://www.acb.com/Documentos/Cabeceras/logo-competicion-4a.png",70,2005,111,NA,NA,1977,12536,NA,NA,TRUE,1339,1339,223,"TAU Cerámica","TAU Cerámica","TAU",1345,1471,"Akasvayu Girona","Akasvayu Gir.","GIR",1,80,12000,10,19,52.63,22,43,51.16,6,11,54.55,26,6,32,13,9,11,0,0,1,1,19,17,85,0,0,0,1,0,80,68,0,NA,0,0,0,0,0,0,0
1457972,1,"Liga Nacional","Liga Endesa",-402534000,NA,"https://www.acb.com/Documentos/Cabeceras/logo-competicion-1b.png","https://www.acb.com/Documentos/Cabeceras/logo-competicion-4a.png",70,2005,111,NA,NA,1977,12538,NA,NA,TRUE,1347,1347,631,"DKV Joventut","DKV Joventut","DKV",1342,341,"Gran Canaria","Gran Canaria","GCA",1,81,12000,9,21,42.86,20,38,52.63,14,21,66.67,14,11,25,16,13,16,0,1,1,2,19,24,87,0,0,0,1,0,81,70,0,NA,0,0,0,0,0,0,0
1457973,1,"Liga Nacional","Liga Endesa",-402534000,NA,"https://www.acb.com/Documentos/Cabeceras/logo-competicion-1b.png","https://www.acb.com/Documentos/Cabeceras/logo-competicion-4a.png",70,2005,111,NA,NA,1977,12538,NA,NA,FALSE,1342,1347,631,"DKV Joventut","DKV Joventut","DKV",1342,341,"Gran Canaria","Gran Canaria","GCA",1,70,12000,7,15,46.67,18,35,51.43,13,18,72.22,21,11,32,12,5,26,0,1,1,0,24,19,58,0,0,1,0,0,70,81,0,NA,0,0,0,0,0,0,0
1458055,1,"Liga Nacional","Liga Endesa",-402534000,NA,"https://www.acb.com/Documentos/Cabeceras/logo-competicion-1b.png","https://www.acb.com/Documentos/Cabeceras/logo-competicion-4a.png",70,2005,111,NA,NA,1978,12541,NA,NA,FALSE,1338,1348,768,"Real Madrid","Real Madrid","RMB",1338,109,"Winterthur FC Barcelona","Winterthur FCB","FCB",1,88,12000,8,22,36.36,20,28,71.43,24,33,72.73,25,9,34,16,6,13,0,3,2,3,23,27,105,0,0,0,1,0,88,70,0,NA,0,0,0,0,0,0,0
1458054,1,"Liga Nacional","Liga Endesa",-402534000,NA,"https://www.acb.com/Documentos/Cabeceras/logo-competicion-1b.png","https://www.acb.com/Documentos/Cabeceras/logo-competicion-4a.png",70,2005,111,NA,NA,1978,12541,NA,NA,TRUE,1348,1348,768,"Real Madrid","Real Madrid","RMB",1338,109,"Winterthur FC Barcelona","Winterthur FCB","FCB",1,70,12000,3,21,14.29,20,39,51.28,21,24,87.5,17,11,28,9,10,13,0,2,3,6,27,23,59,0,0,1,0,0,70,88,0,NA,0,0,0,0,0,0,0
1458001,1,"Liga Nacional","Liga Endesa",-402534000,NA,"https://www.acb.com/Documentos/Cabeceras/logo-competicion-1b.png","https://www.acb.com/Documentos/Cabeceras/logo-competicion-4a.png",70,2005,111,NA,NA,1978,12539,NA,NA,TRUE,1343,1343,469,"Adecco Estudiantes","Adecco Estu","EST",1352,1061,"Unicaja","Unicaja","UNI",1,73,12000,5,18,27,22,37,59,14,22,63,18,7,25,14,7,14,0,1,2,2,25,20,63,0,0,11,0,0,73,88,0,0,0,0,0,0,0,0,0
1458002,1,"Liga Nacional","Liga Endesa",-402534000,NA,"https://www.acb.com/Documentos/Cabeceras/logo-competicion-1b.png","https://www.acb.com/Documentos/Cabeceras/logo-competicion-4a.png",70,2005,111,NA,NA,1978,12539,NA,NA,FALSE,1352,1343,469,"Adecco Estudiantes","Adecco Estu","EST",1352,1061,"Unicaja","Unicaja","UNI",1,88,12000,11,21,52.38,18,30,60,19,22,86.36,22,3,25,18,8,15,0,2,1,2,20,25,105,0,0,0,1,0,88,73,0,NA,0,0,0,0,0,0,0
1458028,1,"Liga Nacional","Liga Endesa",-402534000,NA,"https://www.acb.com/Documentos/Cabeceras/logo-competicion-1b.png","https://www.acb.com/Documentos/Cabeceras/logo-competicion-4a.png",70,2005,111,NA,NA,1978,12540,NA,NA,TRUE,1345,1345,1471,"Akasvayu Girona","Akasvayu Gir.","GIR",1339,223,"TAU Cerámica","TAU Cerámica","TAU",1,83,12000,8,15,53.33,20,34,58.82,19,28,67.86,21,5,26,12,10,11,0,4,1,2,20,24,97,0,0,0,1,0,83,74,0,NA,0,0,0,0,0,0,0
1458029,1,"Liga Nacional","Liga Endesa",-402534000,NA,"https://www.acb.com/Documentos/Cabeceras/logo-competicion-1b.png","https://www.acb.com/Documentos/Cabeceras/logo-competicion-4a.png",70,2005,111,NA,NA,1978,12540,NA,NA,FALSE,1339,1345,1471,"Akasvayu Girona","Akasvayu Gir.","GIR",1339,223,"TAU Cerámica","TAU Cerámica","TAU",1,74,12000,6,21,28.57,18,37,48.65,20,26,76.92,22,15,37,15,9,13,0,1,4,2,24,20,75,0,0,1,0,0,74,83,0,NA,0,0,0,0,0,0,0
1458081,1,"Liga Nacional","Liga Endesa",-402534000,NA,"https://www.acb.com/Documentos/Cabeceras/logo-competicion-1b.png","https://www.acb.com/Documentos/Cabeceras/logo-competicion-4a.png",70,2005,111,NA,NA,1978,12542,NA,NA,FALSE,1347,1342,341,"Gran Canaria","Gran Canaria","GCA",1347,631,"DKV Joventut","DKV Joventut","DKV",1,72,12000,8,22,36.36,17,31,54.84,14,17,82.35,20,9,29,13,11,20,0,0,3,0,25,23,69,0,0,0,1,0,72,69,0,NA,0,0,0,0,0,0,0
1458080,1,"Liga Nacional","Liga Endesa",-402534000,NA,"https://www.acb.com/Documentos/Cabeceras/logo-competicion-1b.png","https://www.acb.com/Documentos/Cabeceras/logo-competicion-4a.png",70,2005,111,NA,NA,1978,12542,NA,NA,TRUE,1342,1342,341,"Gran Canaria","Gran Canaria","GCA",1347,631,"DKV Joventut","DKV Joventut","DKV",1,69,12000,5,17,29.41,18,37,48.65,18,22,81.82,16,11,27,13,10,17,0,3,0,0,23,25,72,0,0,1,0,0,69,72,0,NA,0,0,0,0,0,0,0
1458160,1,"Liga Nacional","Liga Endesa",-402534000,NA,"https://www.acb.com/Documentos/Cabeceras/logo-competicion-1b.png","https://www.acb.com/Documentos/Cabeceras/logo-competicion-4a.png",70,2005,111,NA,NA,1979,12545,NA,NA,TRUE,1338,1338,109,"Winterthur FC Barcelona","Winterthur FCB","FCB",1348,768,"Real Madrid","Real Madrid","RMB",1,76,12000,9,24,37.5,19,33,57.58,11,13,84.62,20,8,28,13,9,15,0,0,0,1,19,19,80,0,0,1,0,0,76,84,0,NA,0,0,0,0,0,0,0
1458161,1,"Liga Nacional","Liga Endesa",-402534000,NA,"https://www.acb.com/Documentos/Cabeceras/logo-competicion-1b.png","https://www.acb.com/Documentos/Cabeceras/logo-competicion-4a.png",70,2005,111,NA,NA,1979,12545,NA,NA,FALSE,1348,1338,109,"Winterthur FC Barcelona","Winterthur FCB","FCB",1348,768,"Real Madrid","Real Madrid","RMB",1,84,12000,11,24,45.83,19,39,48.72,13,14,92.86,21,10,31,16,11,12,0,0,0,4,19,19,96,0,0,0,1,0,84,76,0,NA,0,0,0,0,0,0,0
1458109,1,"Liga Nacional","Liga Endesa",-402534000,NA,"https://www.acb.com/Documentos/Cabeceras/logo-competicion-1b.png","https://www.acb.com/Documentos/Cabeceras/logo-competicion-4a.png",70,2005,111,NA,NA,1979,12543,NA,NA,TRUE,1352,1352,1061,"Unicaja","Unicaja","UNI",1343,469,"Adecco Estudiantes","Adecco Estu","EST",1,80,12000,8,23,34.78,19,30,63.33,18,23,78.26,19,8,27,16,13,15,0,2,1,6,17,24,98,0,0,0,1,0,80,75,0,NA,0,0,0,0,0,0,0
1458110,1,"Liga Nacional","Liga Endesa",-402534000,NA,"https://www.acb.com/Documentos/Cabeceras/logo-competicion-1b.png","https://www.acb.com/Documentos/Cabeceras/logo-competicion-4a.png",70,2005,111,NA,NA,1979,12543,NA,NA,FALSE,1343,1352,1061,"Unicaja","Unicaja","UNI",1343,469,"Adecco Estudiantes","Adecco Estu","EST",1,75,12000,4,14,28,26,50,52,11,13,84,18,12,30,21,7,13,0,1,2,6,24,17,76,0,0,11,0,0,75,80,0,0,0,0,0,0,0,0,0
1458136,1,"Liga Nacional","Liga Endesa",-402534000,NA,"https://www.acb.com/Documentos/Cabeceras/logo-competicion-1b.png","https://www.acb.com/Documentos/Cabeceras/logo-competicion-4a.png",70,2005,111,NA,NA,1979,12544,NA,NA,FALSE,1345,1339,223,"TAU Cerámica","TAU Cerámica","TAU",1345,1471,"Akasvayu Girona","Akasvayu Gir.","GIR",1,84,12000,6,15,40,20,40,50,26,32,81.25,20,10,30,9,4,11,0,1,0,1,21,28,89,0,0,1,0,0,84,93,0,NA,0,0,0,0,0,0,0
1458135,1,"Liga Nacional","Liga Endesa",-402534000,NA,"https://www.acb.com/Documentos/Cabeceras/logo-competicion-1b.png","https://www.acb.com/Documentos/Cabeceras/logo-competicion-4a.png",70,2005,111,NA,NA,1979,12544,NA,NA,TRUE,1339,1339,223,"TAU Cerámica","TAU Cerámica","TAU",1345,1471,"Akasvayu Girona","Akasvayu Gir.","GIR",1,93,12000,10,19,52.63,24,42,57.14,15,20,75,23,9,32,15,8,7,0,0,1,3,28,21,101,0,0,0,1,0,93,84,0,NA,0,0,0,0,0,0,0
1458186,1,"Liga Nacional","Liga Endesa",-402534000,NA,"https://www.acb.com/Documentos/Cabeceras/logo-competicion-1b.png","https://www.acb.com/Documentos/Cabeceras/logo-competicion-4a.png",70,2005,111,NA,NA,1979,12546,NA,NA,TRUE,1347,1347,631,"DKV Joventut","DKV Joventut","DKV",1342,341,"Gran Canaria","Gran Canaria","GCA",1,81,12000,8,25,32,17,34,50,23,33,69.7,24,14,38,16,3,9,0,2,0,5,25,28,90,0,0,0,1,0,81,76,0,NA,0,0,0,0,0,0,0
1458187,1,"Liga Nacional","Liga Endesa",-402534000,NA,"https://www.acb.com/Documentos/Cabeceras/logo-competicion-1b.png","https://www.acb.com/Documentos/Cabeceras/logo-competicion-4a.png",70,2005,111,NA,NA,1979,12546,NA,NA,FALSE,1342,1347,631,"DKV Joventut","DKV Joventut","DKV",1342,341,"Gran Canaria","Gran Canaria","GCA",1,76,12000,8,22,36.36,18,37,48.65,16,24,66.67,23,11,34,14,4,8,0,0,2,0,28,25,74,0,0,1,0,0,76,81,0,NA,0,0,0,0,0,0,0
1458238,1,"Liga Nacional","Liga Endesa",-402534000,NA,"https://www.acb.com/Documentos/Cabeceras/logo-competicion-1b.png","https://www.acb.com/Documentos/Cabeceras/logo-competicion-4a.png",70,2005,111,NA,NA,1980,12548,NA,NA,TRUE,1348,1348,768,"Real Madrid","Real Madrid","RMB",1338,109,"Winterthur FC Barcelona","Winterthur FCB","FCB",1,68,12000,4,17,23.53,22,39,56.41,12,19,63.16,17,11,28,13,6,8,0,4,3,5,13,21,79,0,0,1,0,0,68,83,0,NA,0,0,0,0,0,0,0
1458239,1,"Liga Nacional","Liga Endesa",-402534000,NA,"https://www.acb.com/Documentos/Cabeceras/logo-competicion-1b.png","https://www.acb.com/Documentos/Cabeceras/logo-competicion-4a.png",70,2005,111,NA,NA,1980,12548,NA,NA,FALSE,1338,1348,768,"Real Madrid","Real Madrid","RMB",1338,109,"Winterthur FC Barcelona","Winterthur FCB","FCB",1,83,12000,14,34,41.18,18,29,62.07,5,9,55.56,20,16,36,18,6,10,0,3,4,1,21,13,89,0,0,0,1,0,83,68,0,NA,0,0,0,0,0,0,0
1458212,1,"Liga Nacional","Liga Endesa",-402534000,NA,"https://www.acb.com/Documentos/Cabeceras/logo-competicion-1b.png","https://www.acb.com/Documentos/Cabeceras/logo-competicion-4a.png",70,2005,111,NA,NA,1980,12547,NA,NA,TRUE,1345,1345,1471,"Akasvayu Girona","Akasvayu Gir.","GIR",1339,223,"TAU Cerámica","TAU Cerámica","TAU",1,67,12000,7,20,35,16,39,41.03,14,24,58.33,21,9,30,14,7,7,0,3,2,3,29,23,60,0,0,1,0,0,67,73,0,NA,0,0,0,0,0,0,0
1458213,1,"Liga Nacional","Liga Endesa",-402534000,NA,"https://www.acb.com/Documentos/Cabeceras/logo-competicion-1b.png","https://www.acb.com/Documentos/Cabeceras/logo-competicion-4a.png",70,2005,111,NA,NA,1980,12547,NA,NA,FALSE,1339,1345,1471,"Akasvayu Girona","Akasvayu Gir.","GIR",1339,223,"TAU Cerámica","TAU Cerámica","TAU",1,73,12000,1,13,7.69,21,41,51.22,28,34,82.35,30,14,44,5,4,15,0,2,3,2,23,29,78,0,0,0,1,0,73,67,0,NA,0,0,0,0,0,0,0
1458265,1,"Liga Nacional","Liga Endesa",-402534000,NA,"https://www.acb.com/Documentos/Cabeceras/logo-competicion-1b.png","https://www.acb.com/Documentos/Cabeceras/logo-competicion-4a.png",70,2005,111,NA,NA,1981,12549,NA,NA,TRUE,1352,1352,1061,"Unicaja","Unicaja","UNI",1347,631,"DKV Joventut","DKV Joventut","DKV",1,80,12000,8,18,44.44,20,31,64.52,16,20,80,31,5,36,15,9,21,0,2,2,3,18,23,99,0,0,0,1,0,80,66,0,NA,0,0,0,0,0,0,0
1458266,1,"Liga Nacional","Liga Endesa",-402534000,NA,"https://www.acb.com/Documentos/Cabeceras/logo-competicion-1b.png","https://www.acb.com/Documentos/Cabeceras/logo-competicion-4a.png",70,2005,111,NA,NA,1981,12549,NA,NA,FALSE,1347,1352,1061,"Unicaja","Unicaja","UNI",1347,631,"DKV Joventut","DKV Joventut","DKV",1,66,12000,7,22,31.82,18,43,41.86,9,16,56.25,18,10,28,8,15,12,0,2,2,3,23,18,53,0,0,1,0,0,66,80,0,NA,0,0,0,0,0,0,0
1458292,1,"Liga Nacional","Liga Endesa",-402534000,NA,"https://www.acb.com/Documentos/Cabeceras/logo-competicion-1b.png","https://www.acb.com/Documentos/Cabeceras/logo-competicion-4a.png",70,2005,111,NA,NA,1981,12550,NA,NA,TRUE,1339,1339,223,"TAU Cerámica","TAU Cerámica","TAU",1338,109,"Winterthur FC Barcelona","Winterthur FCB","FCB",1,96,12000,8,19,42.11,30,42,71.43,12,16,75,22,4,26,20,5,7,0,1,1,1,20,22,115,0,0,0,1,0,96,83,0,NA,0,0,0,0,0,0,0
1458293,1,"Liga Nacional","Liga Endesa",-402534000,NA,"https://www.acb.com/Documentos/Cabeceras/logo-competicion-1b.png","https://www.acb.com/Documentos/Cabeceras/logo-competicion-4a.png",70,2005,111,NA,NA,1981,12550,NA,NA,FALSE,1338,1339,223,"TAU Cerámica","TAU Cerámica","TAU",1338,109,"Winterthur FC Barcelona","Winterthur FCB","FCB",1,83,12000,5,17,29.41,25,41,60.98,18,21,85.71,19,8,27,13,8,10,0,1,1,3,22,20,88,0,0,1,0,0,83,96,0,NA,0,0,0,0,0,0,0
1458319,1,"Liga Nacional","Liga Endesa",-402534000,NA,"https://www.acb.com/Documentos/Cabeceras/logo-competicion-1b.png","https://www.acb.com/Documentos/Cabeceras/logo-competicion-4a.png",70,2005,111,NA,NA,1982,12551,NA,NA,TRUE,1352,1352,1061,"Unicaja","Unicaja","UNI",1347,631,"DKV Joventut","DKV Joventut","DKV",1,76,12000,10,22,45.45,19,37,51.35,8,10,80,28,9,37,13,6,14,0,6,3,2,21,19,87,0,0,0,1,0,76,61,0,NA,0,0,0,0,0,0,0
1458320,1,"Liga Nacional","Liga Endesa",-402534000,NA,"https://www.acb.com/Documentos/Cabeceras/logo-competicion-1b.png","https://www.acb.com/Documentos/Cabeceras/logo-competicion-4a.png",70,2005,111,NA,NA,1982,12551,NA,NA,FALSE,1347,1352,1061,"Unicaja","Unicaja","UNI",1347,631,"DKV Joventut","DKV Joventut","DKV",1,61,12000,7,28,25,14,43,32.56,12,13,92.31,21,21,42,10,5,12,0,3,6,0,19,21,54,0,0,1,0,0,61,76,0,NA,0,0,0,0,0,0,0
1458346,1,"Liga Nacional","Liga Endesa",-402534000,NA,"https://www.acb.com/Documentos/Cabeceras/logo-competicion-1b.png","https://www.acb.com/Documentos/Cabeceras/logo-competicion-4a.png",70,2005,111,NA,NA,1982,12552,NA,NA,TRUE,1339,1339,223,"TAU Cerámica","TAU Cerámica","TAU",1338,109,"Winterthur FC Barcelona","Winterthur FCB","FCB",1,71,12000,6,14,42.86,21,42,50,11,19,57.89,23,10,33,11,6,11,0,2,2,1,19,22,76,0,0,0,1,0,71,66,0,NA,0,0,0,0,0,0,0
1458347,1,"Liga Nacional","Liga Endesa",-402534000,NA,"https://www.acb.com/Documentos/Cabeceras/logo-competicion-1b.png","https://www.acb.com/Documentos/Cabeceras/logo-competicion-4a.png",70,2005,111,NA,NA,1982,12552,NA,NA,FALSE,1338,1339,223,"TAU Cerámica","TAU Cerámica","TAU",1338,109,"Winterthur FC Barcelona","Winterthur FCB","FCB",1,66,12000,2,11,18.18,24,48,50,12,16,75,16,12,28,11,8,9,0,2,2,0,22,19,64,0,0,1,0,0,66,71,0,NA,0,0,0,0,0,0,0
1458373,1,"Liga Nacional","Liga Endesa",-402534000,NA,"https://www.acb.com/Documentos/Cabeceras/logo-competicion-1b.png","https://www.acb.com/Documentos/Cabeceras/logo-competicion-4a.png",70,2005,111,NA,NA,1983,12553,NA,NA,TRUE,1347,1347,631,"DKV Joventut","DKV Joventut","DKV",1352,1061,"Unicaja","Unicaja","UNI",1,76,12000,10,26,38.46,16,37,43.24,14,19,73.68,20,13,33,14,14,12,0,0,2,3,24,21,78,0,0,0,1,0,76,68,0,NA,0,0,0,0,0,0,0
1458374,1,"Liga Nacional","Liga Endesa",-402534000,NA,"https://www.acb.com/Documentos/Cabeceras/logo-competicion-1b.png","https://www.acb.com/Documentos/Cabeceras/logo-competicion-4a.png",70,2005,111,NA,NA,1983,12553,NA,NA,FALSE,1352,1347,631,"DKV Joventut","DKV Joventut","DKV",1352,1061,"Unicaja","Unicaja","UNI",1,68,12000,3,13,23.08,20,34,58.82,19,22,86.36,22,5,27,10,5,16,0,2,0,1,21,24,72,0,0,1,0,0,68,76,0,NA,0,0,0,0,0,0,0
1458399,1,"Liga Nacional","Liga Endesa",-402534000,NA,"https://www.acb.com/Documentos/Cabeceras/logo-competicion-1b.png","https://www.acb.com/Documentos/Cabeceras/logo-competicion-4a.png",70,2005,111,NA,NA,1983,12554,NA,NA,TRUE,1338,1338,109,"Winterthur FC Barcelona","Winterthur FCB","FCB",1339,223,"TAU Cerámica","TAU Cerámica","TAU",1,78,12000,11,25,44,19,35,54.29,7,16,43.75,16,8,24,23,8,8,0,1,1,4,21,19,84,0,0,1,0,0,78,84,0,NA,0,0,0,0,0,0,0
1458400,1,"Liga Nacional","Liga Endesa",-402534000,NA,"https://www.acb.com/Documentos/Cabeceras/logo-competicion-1b.png","https://www.acb.com/Documentos/Cabeceras/logo-competicion-4a.png",70,2005,111,NA,NA,1983,12554,NA,NA,FALSE,1339,1338,109,"Winterthur FC Barcelona","Winterthur FCB","FCB",1339,223,"TAU Cerámica","TAU Cerámica","TAU",1,84,12000,9,20,45,22,32,68.75,13,16,81.25,24,6,30,14,6,11,0,1,1,2,19,21,101,0,0,0,1,0,84,78,0,NA,0,0,0,0,0,0,0
1458426,1,"Liga Nacional","Liga Endesa",-402534000,NA,"https://www.acb.com/Documentos/Cabeceras/logo-competicion-1b.png","https://www.acb.com/Documentos/Cabeceras/logo-competicion-4a.png",70,2005,111,NA,NA,1984,12555,NA,NA,TRUE,1347,1347,631,"DKV Joventut","DKV Joventut","DKV",1352,1061,"Unicaja","Unicaja","UNI",1,84,12000,6,21,28.57,21,30,70,24,31,77.42,29,7,36,17,9,20,0,4,2,0,30,27,94,0,0,0,1,0,84,75,0,NA,0,0,0,0,0,0,0
1458427,1,"Liga Nacional","Liga Endesa",-402534000,NA,"https://www.acb.com/Documentos/Cabeceras/logo-competicion-1b.png","https://www.acb.com/Documentos/Cabeceras/logo-competicion-4a.png",70,2005,111,NA,NA,1984,12555,NA,NA,FALSE,1352,1347,631,"DKV Joventut","DKV Joventut","DKV",1352,1061,"Unicaja","Unicaja","UNI",1,75,12000,8,28,28.57,11,26,42.31,29,36,80.56,18,9,27,10,15,15,0,2,4,2,27,30,71,0,0,1,0,0,75,84,0,NA,0,0,0,0,0,0,0
1458455,1,"Liga Nacional","Liga Endesa",-402534000,NA,"https://www.acb.com/Documentos/Cabeceras/logo-competicion-1b.png","https://www.acb.com/Documentos/Cabeceras/logo-competicion-4a.png",70,2005,111,NA,NA,1985,12556,NA,NA,FALSE,1347,1352,1061,"Unicaja","Unicaja","UNI",1347,631,"DKV Joventut","DKV Joventut","DKV",1,75,12000,6,19,31.58,18,37,48.65,21,26,80.77,13,11,24,6,11,15,0,2,1,2,35,27,57,0,0,1,0,0,75,88,0,NA,0,0,0,0,0,0,0
1458454,1,"Liga Nacional","Liga Endesa",-402534000,NA,"https://www.acb.com/Documentos/Cabeceras/logo-competicion-1b.png","https://www.acb.com/Documentos/Cabeceras/logo-competicion-4a.png",70,2005,111,NA,NA,1985,12556,NA,NA,TRUE,1352,1352,1061,"Unicaja","Unicaja","UNI",1347,631,"DKV Joventut","DKV Joventut","DKV",1,88,12000,4,14,28.57,18,30,60,40,44,90.91,22,9,31,9,9,15,0,1,2,2,27,35,103,0,0,0,1,0,88,75,0,NA,0,0,0,0,0,0,0
1458480,1,"Liga Nacional","Liga Endesa",-402534000,NA,"https://www.acb.com/Documentos/Cabeceras/logo-competicion-1b.png","https://www.acb.com/Documentos/Cabeceras/logo-competicion-4a.png",70,2005,111,NA,NA,1986,12557,NA,NA,TRUE,1352,1352,1061,"Unicaja","Unicaja","UNI",1339,223,"TAU Cerámica","TAU Cerámica","TAU",1,81,12000,5,18,27.78,26,48,54.17,14,20,70,22,13,35,11,7,5,0,4,3,6,24,24,89,0,0,0,1,0,81,67,0,NA,0,0,0,0,0,0,0
1458481,1,"Liga Nacional","Liga Endesa",-402534000,NA,"https://www.acb.com/Documentos/Cabeceras/logo-competicion-1b.png","https://www.acb.com/Documentos/Cabeceras/logo-competicion-4a.png",70,2005,111,NA,NA,1986,12557,NA,NA,FALSE,1339,1352,1061,"Unicaja","Unicaja","UNI",1339,223,"TAU Cerámica","TAU Cerámica","TAU",1,67,12000,5,16,31.25,20,40,50,12,20,60,26,12,38,6,2,13,0,3,4,1,24,24,60,0,0,1,0,0,67,81,0,NA,0,0,0,0,0,0,0
1458508,1,"Liga Nacional","Liga Endesa",-402534000,NA,"https://www.acb.com/Documentos/Cabeceras/logo-competicion-1b.png","https://www.acb.com/Documentos/Cabeceras/logo-competicion-4a.png",70,2005,111,NA,NA,1987,12558,NA,NA,FALSE,1339,1352,1061,"Unicaja","Unicaja","UNI",1339,223,"TAU Cerámica","TAU Cerámica","TAU",1,78,12000,7,17,41.18,19,44,43.18,19,23,82.61,20,12,32,13,7,12,0,3,5,1,22,23,78,0,0,1,0,0,78,83,0,NA,0,0,0,0,0,0,0
1458507,1,"Liga Nacional","Liga Endesa",-402534000,NA,"https://www.acb.com/Documentos/Cabeceras/logo-competicion-1b.png","https://www.acb.com/Documentos/Cabeceras/logo-competicion-4a.png",70,2005,111,NA,NA,1987,12558,NA,NA,TRUE,1352,1352,1061,"Unicaja","Unicaja","UNI",1339,223,"TAU Cerámica","TAU Cerámica","TAU",1,83,12000,8,18,44.44,24,38,63.16,11,16,68.75,21,6,27,12,9,12,0,5,3,3,23,22,91,0,0,0,1,0,83,78,0,NA,0,0,0,0,0,0,0
1458535,1,"Liga Nacional","Liga Endesa",-402534000,NA,"https://www.acb.com/Documentos/Cabeceras/logo-competicion-1b.png","https://www.acb.com/Documentos/Cabeceras/logo-competicion-4a.png",70,2005,111,NA,NA,1988,12559,NA,NA,FALSE,1352,1339,223,"TAU Cerámica","TAU Cerámica","TAU",1352,1061,"Unicaja","Unicaja","UNI",1,76,12000,8,16,50,18,42,42.86,16,20,80,24,11,35,18,4,8,0,1,1,1,19,21,91,0,0,0,1,0,76,72,0,NA,0,0,0,0,0,0,0
1458534,1,"Liga Nacional","Liga Endesa",-402534000,NA,"https://www.acb.com/Documentos/Cabeceras/logo-competicion-1b.png","https://www.acb.com/Documentos/Cabeceras/logo-competicion-4a.png",70,2005,111,NA,NA,1988,12559,NA,NA,TRUE,1339,1339,223,"TAU Cerámica","TAU Cerámica","TAU",1352,1061,"Unicaja","Unicaja","UNI",1,72,12000,6,17,35.29,21,47,44.68,12,15,80,23,13,36,10,3,8,0,1,1,1,21,19,71,0,0,1,0,0,72,76,0,NA,0,0,0,0,0,0,0
1777596,2,"Copa de España","Copa del Rey",-1142812800,NA,"https://static.acb.com/img/d/15/9/27868934009.png","https://static.acb.com/img/d/15/9/27868934009.png",70,2005,103,293,351,293,823,NA,NA,FALSE,572,577,768,"Real Madrid","Real Madrid","RMB",572,109,"Winterthur FC Barcelona","Winterthur FCB","FCB",1,67,12000,6,23,26,18,33,54,13,18,72,19,9,28,12,8,10,0,2,0,3,19,20,71,0,0,1,0,0,67,77,0,0,0,0,0,0,0,0,0
1777598,2,"Copa de España","Copa del Rey",-1142812800,NA,"https://static.acb.com/img/d/15/9/27868934009.png","https://static.acb.com/img/d/15/9/27868934009.png",70,2005,103,293,351,293,823,NA,NA,TRUE,577,577,768,"Real Madrid","Real Madrid","RMB",572,109,"Winterthur FC Barcelona","Winterthur FCB","FCB",1,77,12000,11,34,32,18,35,51,8,12,66,24,16,40,10,6,11,0,0,2,0,20,19,75,0,0,0,1,0,77,67,0,0,0,0,0,0,0,0,0
1777594,2,"Copa de España","Copa del Rey",-1142812800,NA,"https://static.acb.com/img/d/15/9/27868934009.png","https://static.acb.com/img/d/15/9/27868934009.png",70,2005,103,293,353,293,822,NA,NA,FALSE,576,573,223,"TAU Cerámica","TAU Cerámica","TAU",576,631,"DKV Joventut","DKV Joventut","DKV",1,72,12000,2,13,15,27,55,49,12,20,60,19,12,31,6,8,13,0,1,2,3,25,25,56,0,0,1,0,0,72,92,0,0,0,0,0,0,0,0,0
1777592,2,"Copa de España","Copa del Rey",-1142812800,NA,"https://static.acb.com/img/d/15/9/27868934009.png","https://static.acb.com/img/d/15/9/27868934009.png",70,2005,103,293,353,293,822,NA,NA,TRUE,573,573,223,"TAU Cerámica","TAU Cerámica","TAU",576,631,"DKV Joventut","DKV Joventut","DKV",1,92,12000,8,23,34,22,34,64,24,28,85,25,8,33,16,8,15,0,2,1,5,25,25,104,0,0,0,1,0,92,72,0,0,0,0,0,0,0,0,0
1777588,2,"Copa de España","Copa del Rey",-1142812800,NA,"https://static.acb.com/img/d/15/9/27868934009.png","https://static.acb.com/img/d/15/9/27868934009.png",70,2005,103,293,354,293,821,NA,NA,FALSE,574,579,1061,"Unicaja","Unicaja","UNI",574,341,"Gran Canaria","Gran Canaria","GCA",1,64,12000,8,21,38,14,33,42,12,17,70,24,9,33,9,5,17,0,3,3,1,23,21,55,0,0,1,0,0,64,74,0,0,0,0,0,0,0,0,0
1777590,2,"Copa de España","Copa del Rey",-1142812800,NA,"https://static.acb.com/img/d/15/9/27868934009.png","https://static.acb.com/img/d/15/9/27868934009.png",70,2005,103,293,354,293,821,NA,NA,TRUE,579,579,1061,"Unicaja","Unicaja","UNI",574,341,"Gran Canaria","Gran Canaria","GCA",1,74,12000,7,18,38,17,32,53,19,26,73,23,3,26,11,11,11,0,3,3,1,21,23,80,0,0,0,1,0,74,64,0,0,0,0,0,0,0,0,0
1777584,2,"Copa de España","Copa del Rey",-1142812800,NA,"https://static.acb.com/img/d/15/9/27868934009.png","https://static.acb.com/img/d/15/9/27868934009.png",70,2005,103,NA,NA,293,820,NA,NA,FALSE,575,578,969,"Pamesa Valencia","Pamesa Valencia","PAM",575,1471,"Akasvayu Girona","Akasvayu Gir.","GIR",1,68,12000,10,26,38,13,47,27,12,17,70,19,14,33,6,10,11,0,2,1,2,24,23,51,0,0,1,0,0,816,82,0,0,0,0,0,0,0,0,0
1777586,2,"Copa de España","Copa del Rey",-1142812800,NA,"https://static.acb.com/img/d/15/9/27868934009.png","https://static.acb.com/img/d/15/9/27868934009.png",70,2005,103,NA,NA,293,820,NA,NA,TRUE,578,578,969,"Pamesa Valencia","Pamesa Valencia","PAM",575,1471,"Akasvayu Girona","Akasvayu Gir.","GIR",1,82,12000,8,22,36,20,35,57,18,23,78,33,8,41,9,11,16,0,1,2,2,23,24,93,0,0,0,1,0,1066,68,0,0,0,0,0,0,0,0,0
1777604,2,"Copa de España","Copa del Rey",-1142812800,NA,"https://static.acb.com/img/d/15/9/27868934009.png","https://static.acb.com/img/d/15/9/27868934009.png",70,2005,103,292,302,294,825,NA,NA,FALSE,573,577,768,"Real Madrid","Real Madrid","RMB",573,223,"TAU Cerámica","TAU Cerámica","TAU",1,87,12000,7,17,41,23,43,53,20,31,64,23,8,31,12,11,12,0,2,3,2,23,29,93,0,0,0,1,0,87,75,0,0,0,0,0,0,0,0,0
1777606,2,"Copa de España","Copa del Rey",-1142812800,NA,"https://static.acb.com/img/d/15/9/27868934009.png","https://static.acb.com/img/d/15/9/27868934009.png",70,2005,103,292,302,294,825,NA,NA,TRUE,577,577,768,"Real Madrid","Real Madrid","RMB",573,223,"TAU Cerámica","TAU Cerámica","TAU",1,75,12000,2,14,14,28,49,57,13,15,86,25,8,33,9,5,17,0,3,2,4,29,23,65,0,0,1,0,0,75,87,0,0,0,0,0,0,0,0,0
1777602,2,"Copa de España","Copa del Rey",-1142812800,NA,"https://static.acb.com/img/d/15/9/27868934009.png","https://static.acb.com/img/d/15/9/27868934009.png",70,2005,103,292,301,294,824,NA,NA,FALSE,579,578,969,"Pamesa Valencia","Pamesa Valencia","PAM",579,1061,"Unicaja","Unicaja","UNI",1,74,12000,10,26,38,16,29,55,12,16,75,20,2,22,15,5,9,0,1,4,2,21,20,70,0,0,1,0,0,74,87,0,0,0,0,0,0,0,0,0
1777600,2,"Copa de España","Copa del Rey",-1142812800,NA,"https://static.acb.com/img/d/15/9/27868934009.png","https://static.acb.com/img/d/15/9/27868934009.png",70,2005,103,292,301,294,824,NA,NA,TRUE,578,578,969,"Pamesa Valencia","Pamesa Valencia","PAM",579,1061,"Unicaja","Unicaja","UNI",1,87,12000,8,19,42,25,44,56,13,21,61,29,12,41,18,6,9,0,4,1,1,20,21,109,0,0,0,1,0,87,74,0,0,0,0,0,0,0,0,0
1777610,2,"Copa de España","Copa del Rey",-1142812800,NA,"https://static.acb.com/img/d/15/9/27868934009.png","https://static.acb.com/img/d/15/9/27868934009.png",70,2005,103,291,301,295,826,NA,NA,TRUE,578,578,969,"Pamesa Valencia","Pamesa Valencia","PAM",573,223,"TAU Cerámica","TAU Cerámica","TAU",1,80,12000,3,14,21,26,56,46,19,25,76,23,15,38,9,8,11,0,2,4,2,24,26,77,0,0,1,0,0,80,85,0,0,0,0,0,0,0,0,0
1777608,2,"Copa de España","Copa del Rey",-1142812800,NA,"https://static.acb.com/img/d/15/9/27868934009.png","https://static.acb.com/img/d/15/9/27868934009.png",70,2005,103,291,301,295,826,NA,NA,FALSE,573,578,969,"Pamesa Valencia","Pamesa Valencia","PAM",573,223,"TAU Cerámica","TAU Cerámica","TAU",1,85,12000,10,26,38,18,33,54,19,28,67,25,9,34,19,10,14,0,4,2,0,26,24,94,0,0,0,1,0,85,80,0,0,0,0,0,0,0,0,0
1413330,3,"Supercopa","Supercopa Endesa",477108000,NA,"https://static.acb.com/img/14/39/3/27868634006.png","https://static.acb.com/img/1c/1a/3d/27940034120.png",70,2005,103,NA,NA,2227,14358,NA,NA,TRUE,1432,1432,8,"CB Granada","CB Granada","GRA",1434,1061,"Unicaja","Unicaja","UNI",1,73,12000,8,20,40,17,34,50,15,22,68,23,7,30,13,14,16,0,1,1,1,23,24,79,0,0,0,11,0,73,71,0,0,0,0,0,0,0,0,0
1413331,3,"Supercopa","Supercopa Endesa",477108000,NA,"https://static.acb.com/img/14/39/3/27868634006.png","https://static.acb.com/img/1c/1a/3d/27940034120.png",70,2005,103,NA,NA,2227,14358,NA,NA,FALSE,1434,1432,8,"CB Granada","CB Granada","GRA",1434,1061,"Unicaja","Unicaja","UNI",1,71,12000,7,21,33,18,34,52,14,21,66,23,11,34,15,11,21,0,1,1,2,24,23,72,0,0,10,0,0,71,73,0,0,0,0,0,0,0,0,0
1413356,3,"Supercopa","Supercopa Endesa",477108000,NA,"https://static.acb.com/img/14/39/3/27868634006.png","https://static.acb.com/img/1c/1a/3d/27940034120.png",70,2005,103,NA,NA,2227,14359,NA,NA,FALSE,1431,1433,768,"Real Madrid","Real Madrid","RMB",1431,223,"TAU Cerámica","TAU Cerámica","TAU",1,74,12000,2,8,25,27,52,51,14,18,77,25,9,34,13,8,7,0,1,4,0,22,21,83,0,0,0,11,0,74,69,0,0,0,0,0,0,0,0,0
1413355,3,"Supercopa","Supercopa Endesa",477108000,NA,"https://static.acb.com/img/14/39/3/27868634006.png","https://static.acb.com/img/1c/1a/3d/27940034120.png",70,2005,103,NA,NA,2227,14359,NA,NA,TRUE,1433,1433,768,"Real Madrid","Real Madrid","RMB",1431,223,"TAU Cerámica","TAU Cerámica","TAU",1,69,12000,10,26,38,13,40,32,13,16,81,20,18,38,14,4,10,0,4,1,5,21,22,73,0,0,11,0,0,69,74,0,0,0,0,0,0,0,0,0
1413405,3,"Supercopa","Supercopa Endesa",477108000,NA,"https://static.acb.com/img/14/39/3/27868634006.png","https://static.acb.com/img/1c/1a/3d/27940034120.png",70,2005,103,NA,NA,2228,14361,NA,NA,TRUE,1432,1432,8,"CB Granada","CB Granada","GRA",1431,223,"TAU Cerámica","TAU Cerámica","TAU",1,55,12000,6,24,25,16,37,43,5,5,100,25,11,36,8,9,18,0,2,1,0,17,17,52,0,0,10,0,0,55,61,0,0,0,0,0,0,0,0,0
1413406,3,"Supercopa","Supercopa Endesa",477108000,NA,"https://static.acb.com/img/14/39/3/27868634006.png","https://static.acb.com/img/1c/1a/3d/27940034120.png",70,2005,103,NA,NA,2228,14361,NA,NA,FALSE,1431,1432,8,"CB Granada","CB Granada","GRA",1431,223,"TAU Cerámica","TAU Cerámica","TAU",1,61,12000,4,15,26,22,49,44,5,6,83,26,10,36,15,11,14,0,1,2,2,17,17,69,0,0,0,11,0,61,55,0,0,0,0,0,0,0,0,0
1413382,3,"Supercopa","Supercopa Endesa",477108000,NA,"https://static.acb.com/img/14/39/3/27868634006.png","https://static.acb.com/img/1c/1a/3d/27940034120.png",70,2005,103,NA,NA,2228,14360,NA,NA,FALSE,1434,1433,768,"Real Madrid","Real Madrid","RMB",1434,1061,"Unicaja","Unicaja","UNI",1,74,12000,5,19,26,19,31,61,21,29,72,12,8,20,14,13,8,0,0,7,2,20,29,81,0,0,10,0,0,74,81,0,0,0,0,0,0,0,0,0
1413381,3,"Supercopa","Supercopa Endesa",477108000,NA,"https://static.acb.com/img/14/39/3/27868634006.png","https://static.acb.com/img/1c/1a/3d/27940034120.png",70,2005,103,NA,NA,2228,14360,NA,NA,TRUE,1433,1433,768,"Real Madrid","Real Madrid","RMB",1434,1061,"Unicaja","Unicaja","UNI",1,81,12000,9,23,39,21,31,67,12,13,92,21,8,29,12,5,15,0,7,0,0,29,20,85,0,0,0,11,0,81,74,0,0,0,0,0,0,0,0,0
