"id","id_competition","competition_name","competition_official_name","competition_initial_date","competition_final_date","competition_url_image","competition_url_image_negative","id_edition","edition_year","id_phase","id_subphase","id_round","id_matchweek","id_match","period","id_edition_license_team","is_local","id_team","id_local_team","local_team_id_team_denomination","local_team_team_actual_name","local_team_team_actual_short_name","local_team_team_abbrev_name","id_visitor_team","visitor_team_id_team_denomination","visitor_team_team_actual_name","visitor_team_team_actual_short_name","visitor_team_team_abbrev_name","match_number","points","time_played","3pt_success","3pt_tried","3pt_percentage","2pt_success","2pt_tried","2pt_percentage","1pt_success","1pt_tried","1pt_percentage","defensive_rebound","offensive_rebound","total_rebound","asis","steals","turnovers","counter_attack","blocks","received_blocks","dunks","personal_fouls","received_fouls","val","differential","tournament_number2","defeats","victories","tie","team_score","rival_team_score","timeouts","time_as_leader","leader_changes","maximun_difference","points_after_steal","points_in_the_paint","second_opportinity_points","bench_points","best_streak"
1384772,1,"Liga Nacional","Liga Endesa",-402534000,NA,"https://www.acb.com/Documentos/Cabeceras/logo-competicion-1b.png","https://www.acb.com/Documentos/Cabeceras/logo-competicion-4a.png",77,2012,107,NA,NA,2373,15160,NA,NA,FALSE,2881,2876,794,"Real Madrid","Real Madrid","RMB",2881,1084,"Unicaja","Unicaja","UNI",1,64,12000,7,20,35,18,39,46,7,9,77,21,6,27,9,9,19,0,1,3,0,28,15,39,-75,0,12,0,0,64,79,0,0,0,0,0,0,0,0,0
1384771,1,"Liga Nacional","Liga Endesa",-402534000,NA,"https://www.acb.com/Documentos/Cabeceras/logo-competicion-1b.png","https://www.acb.com/Documentos/Cabeceras/logo-competicion-4a.png",77,2012,107,NA,NA,2373,15160,NA,NA,TRUE,2876,2876,794,"Real Madrid","Real Madrid","RMB",2881,1084,"Unicaja","Unicaja","UNI",1,79,12000,12,27,44,12,23,52,19,27,70,22,7,29,13,12,17,0,3,1,2,15,28,97,75,0,0,12,0,79,64,0,0,0,0,0,0,0,0,0
1384691,1,"Liga Nacional","Liga Endesa",-402534000,NA,"https://www.acb.com/Documentos/Cabeceras/logo-competicion-1b.png","https://www.acb.com/Documentos/Cabeceras/logo-competicion-4a.png",77,2012,107,NA,NA,2373,15157,NA,NA,FALSE,2877,2879,1691,"Blusens Monbus","Blusens Monbus","BSM",2877,880,"Assignia Manresa","Assignia Man.","MAN",1,78,12000,10,25,40,17,31,54,14,17,82,18,5,23,8,5,15,0,0,1,0,20,20,66,-25,0,11,0,0,78,83,0,0,0,0,0,0,0,0,0
1384690,1,"Liga Nacional","Liga Endesa",-402534000,NA,"https://www.acb.com/Documentos/Cabeceras/logo-competicion-1b.png","https://www.acb.com/Documentos/Cabeceras/logo-competicion-4a.png",77,2012,107,NA,NA,2373,15157,NA,NA,TRUE,2879,2879,1691,"Blusens Monbus","Blusens Monbus","BSM",2877,880,"Assignia Manresa","Assignia Man.","MAN",1,83,12000,2,10,20,31,45,68,15,19,78,23,5,28,17,5,13,0,1,0,2,20,20,95,25,0,0,11,0,83,78,0,0,0,0,0,0,0,0,0
1384585,1,"Liga Nacional","Liga Endesa",-402534000,NA,"https://www.acb.com/Documentos/Cabeceras/logo-competicion-1b.png","https://www.acb.com/Documentos/Cabeceras/logo-competicion-4a.png",77,2012,107,NA,NA,2373,15153,NA,NA,TRUE,2871,2871,484,"Asefa Estudiantes","Asefa Estu","ASE",2866,1392,"CB Canarias","CB Canarias","CAN",1,101,12000,10,23,43,28,43,65,15,18,83,27,8,35,16,10,17,0,4,1,2,20,17,114,75,0,0,12,0,101,86,0,0,0,0,0,0,0,0,0
1384586,1,"Liga Nacional","Liga Endesa",-402534000,NA,"https://www.acb.com/Documentos/Cabeceras/logo-competicion-1b.png","https://www.acb.com/Documentos/Cabeceras/logo-competicion-4a.png",77,2012,107,NA,NA,2373,15153,NA,NA,FALSE,2866,2871,484,"Asefa Estudiantes","Asefa Estu","ASE",2866,1392,"CB Canarias","CB Canarias","CAN",1,86,12000,15,28,53,16,37,43,9,10,90,18,6,24,17,8,15,0,1,4,3,17,20,85,-75,0,11,0,0,86,101,0,0,0,0,0,0,0,0,0
1384637,1,"Liga Nacional","Liga Endesa",-402534000,NA,"https://www.acb.com/Documentos/Cabeceras/logo-competicion-1b.png","https://www.acb.com/Documentos/Cabeceras/logo-competicion-4a.png",77,2012,107,NA,NA,2373,15155,NA,NA,FALSE,2878,2882,1145,"Cajasol","Cajasol","CAJ",2878,916,"UCAM Murcia CB","UCAM Murcia CB","UCM",1,93,12000,10,28,35,27,35,77,9,15,60,23,7,30,22,8,11,0,0,1,0,22,16,103,80,0,0,11,0,93,77,0,0,0,0,0,0,0,0,0
1384636,1,"Liga Nacional","Liga Endesa",-402534000,NA,"https://www.acb.com/Documentos/Cabeceras/logo-competicion-1b.png","https://www.acb.com/Documentos/Cabeceras/logo-competicion-4a.png",77,2012,107,NA,NA,2373,15155,NA,NA,TRUE,2882,2882,1145,"Cajasol","Cajasol","CAJ",2878,916,"UCAM Murcia CB","UCAM Murcia CB","UCM",1,77,12000,7,20,35,20,42,47,16,23,69,20,12,32,12,7,13,0,1,0,1,16,22,80,-80,0,12,0,0,77,93,0,0,0,0,0,0,0,0,0
1384718,1,"Liga Nacional","Liga Endesa",-402534000,NA,"https://www.acb.com/Documentos/Cabeceras/logo-competicion-1b.png","https://www.acb.com/Documentos/Cabeceras/logo-competicion-4a.png",77,2012,107,NA,NA,2373,15158,NA,NA,FALSE,2869,2870,358,"Gran Canaria 2014","G. Canaria 2014","GCA",2869,300,"Uxue Bilbao Basket","Uxue Bilbao","UBB",1,59,12000,3,22,13,21,39,53,8,12,66,20,11,31,10,9,17,0,2,5,1,24,22,46,-30,0,11,0,0,59,65,0,0,0,0,0,0,0,0,0
1384717,1,"Liga Nacional","Liga Endesa",-402534000,NA,"https://www.acb.com/Documentos/Cabeceras/logo-competicion-1b.png","https://www.acb.com/Documentos/Cabeceras/logo-competicion-4a.png",77,2012,107,NA,NA,2373,15158,NA,NA,TRUE,2870,2870,358,"Gran Canaria 2014","G. Canaria 2014","GCA",2869,300,"Uxue Bilbao Basket","Uxue Bilbao","UBB",1,65,12000,4,16,25,21,38,55,11,19,57,25,12,37,14,8,21,0,5,2,1,22,24,71,30,0,0,12,0,65,59,0,0,0,0,0,0,0,0,0
1384743,1,"Liga Nacional","Liga Endesa",-402534000,NA,"https://www.acb.com/Documentos/Cabeceras/logo-competicion-1b.png","https://www.acb.com/Documentos/Cabeceras/logo-competicion-4a.png",77,2012,107,NA,NA,2373,15159,NA,NA,TRUE,2867,2867,136,"FC Barcelona Regal","FCB Regal","FCB",2883,1862,"Blancos de Rueda Valladolid","Blancos Rueda","BRV",1,71,12000,4,21,19,25,46,54,9,11,81,21,10,31,13,9,14,0,4,2,2,16,17,73,-35,0,11,0,0,71,78,0,0,0,0,0,0,0,0,0
1384744,1,"Liga Nacional","Liga Endesa",-402534000,NA,"https://www.acb.com/Documentos/Cabeceras/logo-competicion-1b.png","https://www.acb.com/Documentos/Cabeceras/logo-competicion-4a.png",77,2012,107,NA,NA,2373,15159,NA,NA,FALSE,2883,2867,136,"FC Barcelona Regal","FCB Regal","FCB",2883,1862,"Blancos de Rueda Valladolid","Blancos Rueda","BRV",1,78,12000,5,13,38,26,57,45,11,12,91,29,13,42,14,7,15,0,2,4,2,17,16,83,35,0,0,10,0,78,71,0,0,0,0,0,0,0,0,0
1384611,1,"Liga Nacional","Liga Endesa",-402534000,NA,"https://www.acb.com/Documentos/Cabeceras/logo-competicion-1b.png","https://www.acb.com/Documentos/Cabeceras/logo-competicion-4a.png",77,2012,107,NA,NA,2373,15154,NA,NA,TRUE,2874,2874,1164,"CAI Zaragoza","CAI Zaragoza","CAI",2868,248,"Caja Laboral","Caja Laboral","CLA",1,88,12000,7,15,46,24,41,58,19,25,76,21,8,29,17,6,10,0,0,3,3,17,24,103,65,0,0,10,0,88,75,0,0,0,0,0,0,0,0,0
1384612,1,"Liga Nacional","Liga Endesa",-402534000,NA,"https://www.acb.com/Documentos/Cabeceras/logo-competicion-1b.png","https://www.acb.com/Documentos/Cabeceras/logo-competicion-4a.png",77,2012,107,NA,NA,2373,15154,NA,NA,FALSE,2868,2874,1164,"CAI Zaragoza","CAI Zaragoza","CAI",2868,248,"Caja Laboral","Caja Laboral","CLA",1,75,12000,7,12,58,24,50,48,6,8,75,20,10,30,9,4,13,0,3,0,1,24,17,68,-65,0,11,0,0,75,88,0,0,0,0,0,0,0,0,0
1384663,1,"Liga Nacional","Liga Endesa",-402534000,NA,"https://www.acb.com/Documentos/Cabeceras/logo-competicion-1b.png","https://www.acb.com/Documentos/Cabeceras/logo-competicion-4a.png",77,2012,107,NA,NA,2373,15156,NA,NA,TRUE,2880,2880,989,"Valencia Basket Club","Valencia Basket","VBC",2872,1214,"Mad-Croc Fuenlabrada","Mad-Croc Fuenla","MCF",1,93,12000,15,27,55,20,38,52,8,9,88,28,9,37,24,6,16,0,2,1,3,24,17,107,140,0,0,12,0,93,65,0,0,0,0,0,0,0,0,0
1384664,1,"Liga Nacional","Liga Endesa",-402534000,NA,"https://www.acb.com/Documentos/Cabeceras/logo-competicion-1b.png","https://www.acb.com/Documentos/Cabeceras/logo-competicion-4a.png",77,2012,107,NA,NA,2373,15156,NA,NA,FALSE,2872,2880,989,"Valencia Basket Club","Valencia Basket","VBC",2872,1214,"Mad-Croc Fuenlabrada","Mad-Croc Fuenla","MCF",1,65,12000,5,22,22,15,37,40,20,23,86,23,8,31,9,6,19,0,1,2,2,17,24,56,-140,0,13,0,0,65,93,0,0,0,0,0,0,0,0,0
1384798,1,"Liga Nacional","Liga Endesa",-402534000,NA,"https://www.acb.com/Documentos/Cabeceras/logo-competicion-1b.png","https://www.acb.com/Documentos/Cabeceras/logo-competicion-4a.png",77,2012,107,NA,NA,2373,15161,NA,NA,TRUE,2875,2875,649,"FIATC Joventut","FIATC Joventut","CJB",2873,519,"Lagun Aro GBC","Lagun Aro GBC","GBC",1,89,12000,7,18,38,24,40,60,20,23,86,25,5,30,18,10,11,0,1,3,3,24,24,104,80,0,0,12,0,89,73,0,0,0,0,0,0,0,0,0
1384799,1,"Liga Nacional","Liga Endesa",-402534000,NA,"https://www.acb.com/Documentos/Cabeceras/logo-competicion-1b.png","https://www.acb.com/Documentos/Cabeceras/logo-competicion-4a.png",77,2012,107,NA,NA,2373,15161,NA,NA,FALSE,2873,2875,649,"FIATC Joventut","FIATC Joventut","CJB",2873,519,"Lagun Aro GBC","Lagun Aro GBC","GBC",1,73,12000,8,23,34,19,35,54,11,19,57,22,7,29,14,7,15,0,3,1,3,24,24,71,-80,0,11,0,0,73,89,0,0,0,0,0,0,0,0,0
1384850,1,"Liga Nacional","Liga Endesa",-402534000,NA,"https://www.acb.com/Documentos/Cabeceras/logo-competicion-1b.png","https://www.acb.com/Documentos/Cabeceras/logo-competicion-4a.png",77,2012,107,NA,NA,2374,15163,NA,NA,TRUE,2873,2873,519,"Lagun Aro GBC","Lagun Aro GBC","GBC",2871,484,"Asefa Estudiantes","Asefa Estu","ASE",1,71,12000,10,22,45,10,29,34,21,28,75,22,9,31,14,9,22,0,3,4,3,24,23,63,-60,0,12,0,0,71,83,0,0,0,0,0,0,0,0,0
1384851,1,"Liga Nacional","Liga Endesa",-402534000,NA,"https://www.acb.com/Documentos/Cabeceras/logo-competicion-1b.png","https://www.acb.com/Documentos/Cabeceras/logo-competicion-4a.png",77,2012,107,NA,NA,2374,15163,NA,NA,FALSE,2871,2873,519,"Lagun Aro GBC","Lagun Aro GBC","GBC",2871,484,"Asefa Estudiantes","Asefa Estu","ASE",1,83,12000,10,23,43,19,35,54,15,20,75,23,7,30,21,12,18,0,4,3,0,23,24,96,60,0,0,10,0,83,71,0,0,0,0,0,0,0,0,0
1384906,1,"Liga Nacional","Liga Endesa",-402534000,NA,"https://www.acb.com/Documentos/Cabeceras/logo-competicion-1b.png","https://www.acb.com/Documentos/Cabeceras/logo-competicion-4a.png",77,2012,107,NA,NA,2374,15165,NA,NA,FALSE,2867,2869,300,"Uxue Bilbao Basket","Uxue Bilbao","UBB",2867,136,"FC Barcelona Regal","FCB Regal","FCB",1,77,12000,5,25,20,23,42,54,16,26,61,26,18,44,11,8,13,0,2,3,6,23,26,80,-5,0,13,0,0,77,78,0,0,0,0,0,0,0,0,0
1384905,1,"Liga Nacional","Liga Endesa",-402534000,NA,"https://www.acb.com/Documentos/Cabeceras/logo-competicion-1b.png","https://www.acb.com/Documentos/Cabeceras/logo-competicion-4a.png",77,2012,107,NA,NA,2374,15165,NA,NA,TRUE,2869,2869,300,"Uxue Bilbao Basket","Uxue Bilbao","UBB",2867,136,"FC Barcelona Regal","FCB Regal","FCB",1,78,12000,5,12,41,21,44,47,21,26,80,26,6,32,17,9,11,0,3,2,2,26,23,88,5,0,0,12,0,78,77,0,0,0,0,0,0,0,0,0
1384931,1,"Liga Nacional","Liga Endesa",-402534000,NA,"https://www.acb.com/Documentos/Cabeceras/logo-competicion-1b.png","https://www.acb.com/Documentos/Cabeceras/logo-competicion-4a.png",77,2012,107,NA,NA,2374,15166,NA,NA,FALSE,2870,2877,880,"Assignia Manresa","Assignia Man.","MAN",2870,358,"Gran Canaria 2014","G. Canaria 2014","GCA",1,80,12000,8,19,42,26,44,59,4,8,50,26,11,37,11,9,14,0,0,7,3,18,13,78,80,0,0,10,0,80,64,0,0,0,0,0,0,0,0,0
1384930,1,"Liga Nacional","Liga Endesa",-402534000,NA,"https://www.acb.com/Documentos/Cabeceras/logo-competicion-1b.png","https://www.acb.com/Documentos/Cabeceras/logo-competicion-4a.png",77,2012,107,NA,NA,2374,15166,NA,NA,TRUE,2877,2877,880,"Assignia Manresa","Assignia Man.","MAN",2870,358,"Gran Canaria 2014","G. Canaria 2014","GCA",1,64,12000,6,21,28,17,34,50,12,15,80,20,7,27,11,6,15,0,7,0,3,13,18,70,-80,0,11,0,0,64,80,0,0,0,0,0,0,0,0,0
1384984,1,"Liga Nacional","Liga Endesa",-402534000,NA,"https://www.acb.com/Documentos/Cabeceras/logo-competicion-1b.png","https://www.acb.com/Documentos/Cabeceras/logo-competicion-4a.png",77,2012,107,NA,NA,2374,15168,NA,NA,FALSE,2880,2878,916,"UCAM Murcia CB","UCAM Murcia CB","UCM",2880,989,"Valencia Basket Club","Valencia Basket","VBC",1,78,12000,6,23,26,18,41,43,24,30,80,22,20,42,11,9,19,0,5,6,0,25,28,77,5,0,0,12,0,78,77,0,0,0,0,0,0,0,0,0
1384983,1,"Liga Nacional","Liga Endesa",-402534000,NA,"https://www.acb.com/Documentos/Cabeceras/logo-competicion-1b.png","https://www.acb.com/Documentos/Cabeceras/logo-competicion-4a.png",77,2012,107,NA,NA,2374,15168,NA,NA,TRUE,2878,2878,916,"UCAM Murcia CB","UCAM Murcia CB","UCM",2880,989,"Valencia Basket Club","Valencia Basket","VBC",1,77,12000,4,18,22,21,35,60,23,29,79,24,6,30,11,9,20,0,6,5,1,28,25,71,-5,0,10,0,0,77,78,0,0,0,0,0,0,0,0,0
1384825,1,"Liga Nacional","Liga Endesa",-402534000,NA,"https://www.acb.com/Documentos/Cabeceras/logo-competicion-1b.png","https://www.acb.com/Documentos/Cabeceras/logo-competicion-4a.png",77,2012,107,NA,NA,2374,15162,NA,NA,TRUE,2881,2881,1084,"Unicaja","Unicaja","UNI",2875,649,"FIATC Joventut","FIATC Joventut","CJB",1,73,12000,3,11,27,25,47,53,14,23,60,23,17,40,14,7,17,0,5,1,7,22,27,87,10,0,0,12,0,73,71,0,0,0,0,0,0,0,0,0
1384826,1,"Liga Nacional","Liga Endesa",-402534000,NA,"https://www.acb.com/Documentos/Cabeceras/logo-competicion-1b.png","https://www.acb.com/Documentos/Cabeceras/logo-competicion-4a.png",77,2012,107,NA,NA,2374,15162,NA,NA,FALSE,2875,2881,1084,"Unicaja","Unicaja","UNI",2875,649,"FIATC Joventut","FIATC Joventut","CJB",1,71,12000,8,28,28,16,34,47,15,19,78,16,13,29,12,11,14,0,1,5,2,27,22,58,-10,0,11,0,0,71,73,0,0,0,0,0,0,0,0,0
1384959,1,"Liga Nacional","Liga Endesa",-402534000,NA,"https://www.acb.com/Documentos/Cabeceras/logo-competicion-1b.png","https://www.acb.com/Documentos/Cabeceras/logo-competicion-4a.png",77,2012,107,NA,NA,2374,15167,NA,NA,FALSE,2879,2872,1214,"Mad-Croc Fuenlabrada","Mad-Croc Fuenla","MCF",2879,1691,"Blusens Monbus","Blusens Monbus","BSM",1,79,12000,10,22,45,16,37,43,17,24,70,29,9,38,22,5,17,0,5,3,4,18,24,95,40,0,0,11,0,79,71,0,0,0,0,0,0,0,0,0
1384958,1,"Liga Nacional","Liga Endesa",-402534000,NA,"https://www.acb.com/Documentos/Cabeceras/logo-competicion-1b.png","https://www.acb.com/Documentos/Cabeceras/logo-competicion-4a.png",77,2012,107,NA,NA,2374,15167,NA,NA,TRUE,2872,2872,1214,"Mad-Croc Fuenlabrada","Mad-Croc Fuenla","MCF",2879,1691,"Blusens Monbus","Blusens Monbus","BSM",1,71,12000,8,27,29,18,45,40,11,13,84,26,14,40,15,4,15,0,3,5,2,24,18,59,-40,0,12,0,0,71,79,0,0,0,0,0,0,0,0,0
1385008,1,"Liga Nacional","Liga Endesa",-402534000,NA,"https://www.acb.com/Documentos/Cabeceras/logo-competicion-1b.png","https://www.acb.com/Documentos/Cabeceras/logo-competicion-4a.png",77,2012,107,NA,NA,2374,15169,NA,NA,TRUE,2868,2868,248,"Caja Laboral","Caja Laboral","CLA",2882,1145,"Cajasol","Cajasol","CAJ",1,90,12000,10,17,58,21,34,61,18,21,85,21,4,25,19,6,8,0,2,4,1,24,22,105,100,0,0,10,0,90,70,0,0,0,0,0,0,0,0,0
1385009,1,"Liga Nacional","Liga Endesa",-402534000,NA,"https://www.acb.com/Documentos/Cabeceras/logo-competicion-1b.png","https://www.acb.com/Documentos/Cabeceras/logo-competicion-4a.png",77,2012,107,NA,NA,2374,15169,NA,NA,FALSE,2882,2868,248,"Caja Laboral","Caja Laboral","CLA",2882,1145,"Cajasol","Cajasol","CAJ",1,70,12000,6,18,33,19,37,51,14,22,63,20,11,31,10,5,14,0,4,2,2,22,24,68,-100,0,11,0,0,70,90,0,0,0,0,0,0,0,0,0
1385035,1,"Liga Nacional","Liga Endesa",-402534000,NA,"https://www.acb.com/Documentos/Cabeceras/logo-competicion-1b.png","https://www.acb.com/Documentos/Cabeceras/logo-competicion-4a.png",77,2012,107,NA,NA,2374,15170,NA,NA,FALSE,2874,2866,1392,"CB Canarias","CB Canarias","CAN",2874,1164,"CAI Zaragoza","CAI Zaragoza","CAI",1,85,12000,11,22,50,25,46,54,2,4,50,25,12,37,9,9,14,0,2,4,0,21,18,87,100,0,0,12,0,85,65,0,0,0,0,0,0,0,0,0
1385034,1,"Liga Nacional","Liga Endesa",-402534000,NA,"https://www.acb.com/Documentos/Cabeceras/logo-competicion-1b.png","https://www.acb.com/Documentos/Cabeceras/logo-competicion-4a.png",77,2012,107,NA,NA,2374,15170,NA,NA,TRUE,2866,2866,1392,"CB Canarias","CB Canarias","CAN",2874,1164,"CAI Zaragoza","CAI Zaragoza","CAI",1,65,12000,3,12,25,23,45,51,10,15,66,20,11,31,9,9,16,0,4,2,3,18,21,67,-100,0,12,0,0,65,85,0,0,0,0,0,0,0,0,0
1384877,1,"Liga Nacional","Liga Endesa",-402534000,NA,"https://www.acb.com/Documentos/Cabeceras/logo-competicion-1b.png","https://www.acb.com/Documentos/Cabeceras/logo-competicion-4a.png",77,2012,107,NA,NA,2374,15164,NA,NA,TRUE,2883,2883,1862,"Blancos de Rueda Valladolid","Blancos Rueda","BRV",2876,794,"Real Madrid","Real Madrid","RMB",1,75,12000,8,20,40,21,45,46,9,11,81,18,14,32,10,6,20,0,3,8,1,17,20,63,-125,0,12,0,0,75,100,0,0,0,0,0,0,0,0,0
1384878,1,"Liga Nacional","Liga Endesa",-402534000,NA,"https://www.acb.com/Documentos/Cabeceras/logo-competicion-1b.png","https://www.acb.com/Documentos/Cabeceras/logo-competicion-4a.png",77,2012,107,NA,NA,2374,15164,NA,NA,FALSE,2876,2883,1862,"Blancos de Rueda Valladolid","Blancos Rueda","BRV",2876,794,"Real Madrid","Real Madrid","RMB",1,100,12000,15,28,53,25,42,59,5,7,71,23,9,32,17,13,12,0,8,3,3,20,17,120,125,0,0,13,0,100,75,0,0,0,0,0,0,0,0,0
1387452,1,"Liga Nacional","Liga Endesa",-402534000,NA,"https://www.acb.com/Documentos/Cabeceras/logo-competicion-1b.png","https://www.acb.com/Documentos/Cabeceras/logo-competicion-4a.png",77,2012,107,NA,NA,2375,15259,NA,NA,TRUE,2867,2867,136,"FC Barcelona Regal","FCB Regal","FCB",2878,916,"UCAM Murcia CB","UCAM Murcia CB","UCM",1,87,12000,7,22,31,28,40,70,10,13,76,32,6,38,22,9,15,0,3,1,0,18,19,114,95,0,0,13,0,87,68,0,0,0,0,0,0,0,0,0
1387453,1,"Liga Nacional","Liga Endesa",-402534000,NA,"https://www.acb.com/Documentos/Cabeceras/logo-competicion-1b.png","https://www.acb.com/Documentos/Cabeceras/logo-competicion-4a.png",77,2012,107,NA,NA,2375,15259,NA,NA,FALSE,2878,2867,136,"FC Barcelona Regal","FCB Regal","FCB",2878,916,"UCAM Murcia CB","UCAM Murcia CB","UCM",1,68,12000,5,24,20,21,43,48,11,15,73,22,9,31,13,11,12,0,1,3,0,19,18,63,-95,0,11,0,0,68,87,0,0,0,0,0,0,0,0,0
1387481,1,"Liga Nacional","Liga Endesa",-402534000,NA,"https://www.acb.com/Documentos/Cabeceras/logo-competicion-1b.png","https://www.acb.com/Documentos/Cabeceras/logo-competicion-4a.png",77,2012,107,NA,NA,2375,15260,NA,NA,FALSE,2872,2876,794,"Real Madrid","Real Madrid","RMB",2872,1214,"Mad-Croc Fuenlabrada","Mad-Croc Fuenla","MCF",1,79,12000,6,18,33,17,33,51,27,38,71,17,12,29,9,7,23,0,1,1,0,20,26,68,-105,0,12,0,0,79,100,0,0,0,0,0,0,0,0,0
1387480,1,"Liga Nacional","Liga Endesa",-402534000,NA,"https://www.acb.com/Documentos/Cabeceras/logo-competicion-1b.png","https://www.acb.com/Documentos/Cabeceras/logo-competicion-4a.png",77,2012,107,NA,NA,2375,15260,NA,NA,TRUE,2876,2876,794,"Real Madrid","Real Madrid","RMB",2872,1214,"Mad-Croc Fuenlabrada","Mad-Croc Fuenla","MCF",1,100,12000,11,26,42,26,48,54,15,19,78,21,18,39,18,8,19,0,1,1,2,26,20,99,105,0,0,13,0,100,79,0,0,0,0,0,0,0,0,0
1387506,1,"Liga Nacional","Liga Endesa",-402534000,NA,"https://www.acb.com/Documentos/Cabeceras/logo-competicion-1b.png","https://www.acb.com/Documentos/Cabeceras/logo-competicion-4a.png",77,2012,107,NA,NA,2375,15261,NA,NA,TRUE,2875,2875,649,"FIATC Joventut","FIATC Joventut","CJB",2877,880,"Assignia Manresa","Assignia Man.","MAN",1,83,12000,15,27,55,13,37,35,12,17,70,30,9,39,19,6,17,0,4,2,1,24,20,87,60,0,0,11,0,83,71,0,0,0,0,0,0,0,0,0
1387507,1,"Liga Nacional","Liga Endesa",-402534000,NA,"https://www.acb.com/Documentos/Cabeceras/logo-competicion-1b.png","https://www.acb.com/Documentos/Cabeceras/logo-competicion-4a.png",77,2012,107,NA,NA,2375,15261,NA,NA,FALSE,2877,2875,649,"FIATC Joventut","FIATC Joventut","CJB",2877,880,"Assignia Manresa","Assignia Man.","MAN",1,71,12000,9,27,33,13,34,38,18,21,85,24,9,33,14,8,18,0,2,4,0,20,24,68,-60,0,11,0,0,71,83,0,0,0,0,0,0,0,0,0
1385062,1,"Liga Nacional","Liga Endesa",-402534000,NA,"https://www.acb.com/Documentos/Cabeceras/logo-competicion-1b.png","https://www.acb.com/Documentos/Cabeceras/logo-competicion-4a.png",77,2012,107,NA,NA,2375,15171,NA,NA,FALSE,2874,2880,989,"Valencia Basket Club","Valencia Basket","VBC",2874,1164,"CAI Zaragoza","CAI Zaragoza","CAI",1,73,12000,6,16,37,22,37,59,11,18,61,21,6,27,16,8,18,0,2,3,2,18,21,76,-50,0,10,0,0,73,83,0,0,0,0,0,0,0,0,0
1385061,1,"Liga Nacional","Liga Endesa",-402534000,NA,"https://www.acb.com/Documentos/Cabeceras/logo-competicion-1b.png","https://www.acb.com/Documentos/Cabeceras/logo-competicion-4a.png",77,2012,107,NA,NA,2375,15171,NA,NA,TRUE,2880,2880,989,"Valencia Basket Club","Valencia Basket","VBC",2874,1164,"CAI Zaragoza","CAI Zaragoza","CAI",1,83,12000,8,21,38,23,38,60,13,17,76,22,8,30,14,13,15,0,3,2,2,21,18,91,50,0,0,11,0,83,73,0,0,0,0,0,0,0,0,0
1385089,1,"Liga Nacional","Liga Endesa",-402534000,NA,"https://www.acb.com/Documentos/Cabeceras/logo-competicion-1b.png","https://www.acb.com/Documentos/Cabeceras/logo-competicion-4a.png",77,2012,107,NA,NA,2375,15172,NA,NA,FALSE,2866,2879,1691,"Blusens Monbus","Blusens Monbus","BSM",2866,1392,"CB Canarias","CB Canarias","CAN",1,68,12000,6,22,27,15,35,42,20,26,76,28,9,37,11,4,15,0,2,2,2,21,23,65,-15,0,10,0,0,68,71,0,0,0,0,0,0,0,0,0
1385088,1,"Liga Nacional","Liga Endesa",-402534000,NA,"https://www.acb.com/Documentos/Cabeceras/logo-competicion-1b.png","https://www.acb.com/Documentos/Cabeceras/logo-competicion-4a.png",77,2012,107,NA,NA,2375,15172,NA,NA,TRUE,2879,2879,1691,"Blusens Monbus","Blusens Monbus","BSM",2866,1392,"CB Canarias","CB Canarias","CAN",1,71,12000,6,24,25,21,43,48,11,15,73,23,9,32,14,9,9,0,2,2,0,23,21,71,15,0,0,11,0,71,68,0,0,0,0,0,0,0,0,0
1385115,1,"Liga Nacional","Liga Endesa",-402534000,NA,"https://www.acb.com/Documentos/Cabeceras/logo-competicion-1b.png","https://www.acb.com/Documentos/Cabeceras/logo-competicion-4a.png",77,2012,107,NA,NA,2375,15173,NA,NA,FALSE,2882,2871,484,"Asefa Estudiantes","Asefa Estu","ASE",2882,1145,"Cajasol","Cajasol","CAJ",1,46,12000,1,11,9,19,42,45,5,8,62,29,8,37,8,4,20,0,2,3,2,19,15,34,-150,0,12,0,0,46,76,0,0,0,0,0,0,0,0,0
1385114,1,"Liga Nacional","Liga Endesa",-402534000,NA,"https://www.acb.com/Documentos/Cabeceras/logo-competicion-1b.png","https://www.acb.com/Documentos/Cabeceras/logo-competicion-4a.png",77,2012,107,NA,NA,2375,15173,NA,NA,TRUE,2871,2871,484,"Asefa Estudiantes","Asefa Estu","ASE",2882,1145,"Cajasol","Cajasol","CAJ",1,76,12000,10,25,40,18,44,40,10,13,76,25,15,40,14,7,9,0,3,2,0,15,19,89,150,0,0,12,0,76,46,0,0,0,0,0,0,0,0,0
1387534,1,"Liga Nacional","Liga Endesa",-402534000,NA,"https://www.acb.com/Documentos/Cabeceras/logo-competicion-1b.png","https://www.acb.com/Documentos/Cabeceras/logo-competicion-4a.png",77,2012,107,NA,NA,2375,15262,NA,NA,FALSE,2869,2873,519,"Lagun Aro GBC","Lagun Aro GBC","GBC",2869,300,"Uxue Bilbao Basket","Uxue Bilbao","UBB",1,72,12000,7,20,35,20,38,52,11,14,78,33,5,38,13,5,19,0,1,6,0,17,20,73,35,0,0,12,0,72,65,0,0,0,0,0,0,0,0,0
1387533,1,"Liga Nacional","Liga Endesa",-402534000,NA,"https://www.acb.com/Documentos/Cabeceras/logo-competicion-1b.png","https://www.acb.com/Documentos/Cabeceras/logo-competicion-4a.png",77,2012,107,NA,NA,2375,15262,NA,NA,TRUE,2873,2873,519,"Lagun Aro GBC","Lagun Aro GBC","GBC",2869,300,"Uxue Bilbao Basket","Uxue Bilbao","UBB",1,65,12000,9,31,29,14,31,45,10,15,66,28,7,35,12,5,17,0,6,1,2,20,17,58,-35,0,10,0,0,65,72,0,0,0,0,0,0,0,0,0
1387562,1,"Liga Nacional","Liga Endesa",-402534000,NA,"https://www.acb.com/Documentos/Cabeceras/logo-competicion-1b.png","https://www.acb.com/Documentos/Cabeceras/logo-competicion-4a.png",77,2012,107,NA,NA,2375,15263,NA,NA,FALSE,2883,2881,1084,"Unicaja","Unicaja","UNI",2883,1862,"Blancos de Rueda Valladolid","Blancos Rueda","BRV",1,55,12000,4,18,22,18,46,39,7,12,58,29,14,43,10,6,17,0,1,3,4,19,17,46,-120,0,10,0,0,55,79,0,0,0,0,0,0,0,0,0
1387561,1,"Liga Nacional","Liga Endesa",-402534000,NA,"https://www.acb.com/Documentos/Cabeceras/logo-competicion-1b.png","https://www.acb.com/Documentos/Cabeceras/logo-competicion-4a.png",77,2012,107,NA,NA,2375,15263,NA,NA,TRUE,2881,2881,1084,"Unicaja","Unicaja","UNI",2883,1862,"Blancos de Rueda Valladolid","Blancos Rueda","BRV",1,79,12000,3,19,15,29,56,51,12,15,80,32,14,46,17,8,8,0,3,1,2,17,19,100,120,0,0,12,0,79,55,0,0,0,0,0,0,0,0,0
1387427,1,"Liga Nacional","Liga Endesa",-402534000,NA,"https://www.acb.com/Documentos/Cabeceras/logo-competicion-1b.png","https://www.acb.com/Documentos/Cabeceras/logo-competicion-4a.png",77,2012,107,NA,NA,2375,15258,NA,NA,FALSE,2868,2870,358,"Gran Canaria 2014","G. Canaria 2014","GCA",2868,248,"Caja Laboral","Caja Laboral","CLA",1,80,12000,9,21,42,25,40,62,3,5,60,29,5,34,15,6,11,0,4,1,0,17,12,93,80,0,0,11,0,80,64,0,0,0,0,0,0,0,0,0
1387426,1,"Liga Nacional","Liga Endesa",-402534000,NA,"https://www.acb.com/Documentos/Cabeceras/logo-competicion-1b.png","https://www.acb.com/Documentos/Cabeceras/logo-competicion-4a.png",77,2012,107,NA,NA,2375,15258,NA,NA,TRUE,2870,2870,358,"Gran Canaria 2014","G. Canaria 2014","GCA",2868,248,"Caja Laboral","Caja Laboral","CLA",1,64,12000,3,21,14,22,42,52,11,16,68,21,9,30,15,4,11,0,1,4,1,12,17,61,-80,0,10,0,0,64,80,0,0,0,0,0,0,0,0,0
1387589,1,"Liga Nacional","Liga Endesa",-402534000,NA,"https://www.acb.com/Documentos/Cabeceras/logo-competicion-1b.png","https://www.acb.com/Documentos/Cabeceras/logo-competicion-4a.png",77,2012,107,NA,NA,2376,15264,NA,NA,TRUE,2877,2877,880,"Assignia Manresa","Assignia Man.","MAN",2883,1862,"Blancos de Rueda Valladolid","Blancos Rueda","BRV",1,81,12000,12,36,33,17,33,51,11,14,78,24,10,34,13,10,12,0,5,3,0,20,18,83,-10,0,11,0,0,81,83,0,0,0,0,0,0,0,0,0
1387590,1,"Liga Nacional","Liga Endesa",-402534000,NA,"https://www.acb.com/Documentos/Cabeceras/logo-competicion-1b.png","https://www.acb.com/Documentos/Cabeceras/logo-competicion-4a.png",77,2012,107,NA,NA,2376,15264,NA,NA,FALSE,2883,2877,880,"Assignia Manresa","Assignia Man.","MAN",2883,1862,"Blancos de Rueda Valladolid","Blancos Rueda","BRV",1,83,12000,6,16,37,27,47,57,11,15,73,29,8,37,14,7,15,0,3,5,1,18,20,92,10,0,0,11,0,83,81,0,0,0,0,0,0,0,0,0
1387750,1,"Liga Nacional","Liga Endesa",-402534000,NA,"https://www.acb.com/Documentos/Cabeceras/logo-competicion-1b.png","https://www.acb.com/Documentos/Cabeceras/logo-competicion-4a.png",77,2012,107,NA,NA,2376,15270,NA,NA,FALSE,2867,2874,1164,"CAI Zaragoza","CAI Zaragoza","CAI",2867,136,"FC Barcelona Regal","FCB Regal","FCB",1,65,12000,5,16,31,20,36,55,10,15,66,30,8,38,12,8,16,0,2,0,4,18,15,74,75,0,0,13,0,65,50,0,0,0,0,0,0,0,0,0
1387749,1,"Liga Nacional","Liga Endesa",-402534000,NA,"https://www.acb.com/Documentos/Cabeceras/logo-competicion-1b.png","https://www.acb.com/Documentos/Cabeceras/logo-competicion-4a.png",77,2012,107,NA,NA,2376,15270,NA,NA,TRUE,2874,2874,1164,"CAI Zaragoza","CAI Zaragoza","CAI",2867,136,"FC Barcelona Regal","FCB Regal","FCB",1,50,12000,2,12,16,20,49,40,4,5,80,23,7,30,7,6,12,0,0,2,1,15,18,42,-75,0,10,0,0,50,65,0,0,0,0,0,0,0,0,0
1387721,1,"Liga Nacional","Liga Endesa",-402534000,NA,"https://www.acb.com/Documentos/Cabeceras/logo-competicion-1b.png","https://www.acb.com/Documentos/Cabeceras/logo-competicion-4a.png",77,2012,107,NA,NA,2376,15269,NA,NA,TRUE,2866,2866,1392,"CB Canarias","CB Canarias","CAN",2876,794,"Real Madrid","Real Madrid","RMB",1,86,12000,8,19,42,22,46,47,18,21,85,22,10,32,18,5,9,0,1,2,2,23,20,90,-10,0,11,0,0,86,88,0,0,0,0,0,0,0,0,0
1387722,1,"Liga Nacional","Liga Endesa",-402534000,NA,"https://www.acb.com/Documentos/Cabeceras/logo-competicion-1b.png","https://www.acb.com/Documentos/Cabeceras/logo-competicion-4a.png",77,2012,107,NA,NA,2376,15269,NA,NA,FALSE,2876,2866,1392,"CB Canarias","CB Canarias","CAN",2876,794,"Real Madrid","Real Madrid","RMB",1,88,12000,9,25,36,20,35,57,21,26,80,26,9,35,15,8,12,0,2,1,3,20,23,102,10,0,0,12,0,88,86,0,0,0,0,0,0,0,0,0
1387641,1,"Liga Nacional","Liga Endesa",-402534000,NA,"https://www.acb.com/Documentos/Cabeceras/logo-competicion-1b.png","https://www.acb.com/Documentos/Cabeceras/logo-competicion-4a.png",77,2012,107,NA,NA,2376,15266,NA,NA,TRUE,2878,2878,916,"UCAM Murcia CB","UCAM Murcia CB","UCM",2873,519,"Lagun Aro GBC","Lagun Aro GBC","GBC",1,77,12000,5,19,26,22,46,47,18,24,75,25,19,44,12,6,18,0,6,7,1,19,22,79,10,0,0,11,0,77,75,0,0,0,0,0,0,0,0,0
1387642,1,"Liga Nacional","Liga Endesa",-402534000,NA,"https://www.acb.com/Documentos/Cabeceras/logo-competicion-1b.png","https://www.acb.com/Documentos/Cabeceras/logo-competicion-4a.png",77,2012,107,NA,NA,2376,15266,NA,NA,FALSE,2873,2878,916,"UCAM Murcia CB","UCAM Murcia CB","UCM",2873,519,"Lagun Aro GBC","Lagun Aro GBC","GBC",1,75,12000,4,17,23,25,48,52,13,16,81,21,14,35,14,10,14,0,7,6,1,22,19,79,-10,0,12,0,0,75,77,0,0,0,0,0,0,0,0,0
1387695,1,"Liga Nacional","Liga Endesa",-402534000,NA,"https://www.acb.com/Documentos/Cabeceras/logo-competicion-1b.png","https://www.acb.com/Documentos/Cabeceras/logo-competicion-4a.png",77,2012,107,NA,NA,2376,15268,NA,NA,FALSE,2875,2868,248,"Caja Laboral","Caja Laboral","CLA",2875,649,"FIATC Joventut","FIATC Joventut","CJB",1,76,12000,6,22,27,21,39,53,16,21,76,18,10,28,8,8,15,0,0,0,1,17,20,69,-80,0,11,0,0,76,92,0,0,0,0,0,0,0,0,0
1387694,1,"Liga Nacional","Liga Endesa",-402534000,NA,"https://www.acb.com/Documentos/Cabeceras/logo-competicion-1b.png","https://www.acb.com/Documentos/Cabeceras/logo-competicion-4a.png",77,2012,107,NA,NA,2376,15268,NA,NA,TRUE,2868,2868,248,"Caja Laboral","Caja Laboral","CLA",2875,649,"FIATC Joventut","FIATC Joventut","CJB",1,92,12000,7,17,41,31,44,70,9,13,69,22,7,29,13,7,15,0,0,0,3,20,17,96,80,0,0,10,0,92,76,0,0,0,0,0,0,0,0,0
1387801,1,"Liga Nacional","Liga Endesa",-402534000,NA,"https://www.acb.com/Documentos/Cabeceras/logo-competicion-1b.png","https://www.acb.com/Documentos/Cabeceras/logo-competicion-4a.png",77,2012,107,NA,NA,2376,15272,NA,NA,TRUE,2880,2880,989,"Valencia Basket Club","Valencia Basket","VBC",2879,1691,"Blusens Monbus","Blusens Monbus","BSM",1,68,12000,4,21,19,21,46,45,14,16,87,15,16,31,11,9,12,0,3,4,1,21,20,61,20,0,0,11,0,68,64,0,0,0,0,0,0,0,0,0
1387802,1,"Liga Nacional","Liga Endesa",-402534000,NA,"https://www.acb.com/Documentos/Cabeceras/logo-competicion-1b.png","https://www.acb.com/Documentos/Cabeceras/logo-competicion-4a.png",77,2012,107,NA,NA,2376,15272,NA,NA,FALSE,2879,2880,989,"Valencia Basket Club","Valencia Basket","VBC",2879,1691,"Blusens Monbus","Blusens Monbus","BSM",1,64,12000,5,15,33,17,32,53,15,21,71,25,10,35,16,3,21,0,4,3,0,20,21,68,-20,0,12,0,0,64,68,0,0,0,0,0,0,0,0,0
1387668,1,"Liga Nacional","Liga Endesa",-402534000,NA,"https://www.acb.com/Documentos/Cabeceras/logo-competicion-1b.png","https://www.acb.com/Documentos/Cabeceras/logo-competicion-4a.png",77,2012,107,NA,NA,2376,15267,NA,NA,FALSE,2871,2869,300,"Uxue Bilbao Basket","Uxue Bilbao","UBB",2871,484,"Asefa Estudiantes","Asefa Estu","ASE",1,85,12000,6,21,28,23,37,62,21,30,70,18,13,31,8,11,18,0,1,2,2,17,27,88,-5,0,10,0,0,85,86,0,0,0,0,0,0,0,0,0
1387667,1,"Liga Nacional","Liga Endesa",-402534000,NA,"https://www.acb.com/Documentos/Cabeceras/logo-competicion-1b.png","https://www.acb.com/Documentos/Cabeceras/logo-competicion-4a.png",77,2012,107,NA,NA,2376,15267,NA,NA,TRUE,2869,2869,300,"Uxue Bilbao Basket","Uxue Bilbao","UBB",2871,484,"Asefa Estudiantes","Asefa Estu","ASE",1,86,12000,7,19,36,26,39,66,13,16,81,16,7,23,16,12,18,0,2,1,3,27,17,82,5,0,0,11,0,86,85,0,0,0,0,0,0,0,0,0
1387776,1,"Liga Nacional","Liga Endesa",-402534000,NA,"https://www.acb.com/Documentos/Cabeceras/logo-competicion-1b.png","https://www.acb.com/Documentos/Cabeceras/logo-competicion-4a.png",77,2012,107,NA,NA,2376,15271,NA,NA,FALSE,2870,2882,1145,"Cajasol","Cajasol","CAJ",2870,358,"Gran Canaria 2014","G. Canaria 2014","GCA",1,63,12000,6,17,35,17,37,45,11,16,68,27,12,39,10,5,20,0,3,4,2,19,19,60,-55,0,12,0,0,63,74,0,0,0,0,0,0,0,0,0
1387775,1,"Liga Nacional","Liga Endesa",-402534000,NA,"https://www.acb.com/Documentos/Cabeceras/logo-competicion-1b.png","https://www.acb.com/Documentos/Cabeceras/logo-competicion-4a.png",77,2012,107,NA,NA,2376,15271,NA,NA,TRUE,2882,2882,1145,"Cajasol","Cajasol","CAJ",2870,358,"Gran Canaria 2014","G. Canaria 2014","GCA",1,74,12000,8,23,34,20,42,47,10,12,83,18,8,26,12,9,8,0,4,3,3,19,19,75,55,0,0,12,0,74,63,0,0,0,0,0,0,0,0,0
1387616,1,"Liga Nacional","Liga Endesa",-402534000,NA,"https://www.acb.com/Documentos/Cabeceras/logo-competicion-1b.png","https://www.acb.com/Documentos/Cabeceras/logo-competicion-4a.png",77,2012,107,NA,NA,2376,15265,NA,NA,TRUE,2872,2872,1214,"Mad-Croc Fuenlabrada","Mad-Croc Fuenla","MCF",2881,1084,"Unicaja","Unicaja","UNI",1,58,12000,5,24,20,14,38,36,15,17,88,24,8,32,8,6,9,0,3,5,2,16,22,54,-75,0,12,0,0,58,73,0,0,0,0,0,0,0,0,0
1387617,1,"Liga Nacional","Liga Endesa",-402534000,NA,"https://www.acb.com/Documentos/Cabeceras/logo-competicion-1b.png","https://www.acb.com/Documentos/Cabeceras/logo-competicion-4a.png",77,2012,107,NA,NA,2376,15265,NA,NA,FALSE,2881,2872,1214,"Mad-Croc Fuenlabrada","Mad-Croc Fuenla","MCF",2881,1084,"Unicaja","Unicaja","UNI",1,73,12000,6,16,37,22,45,48,11,13,84,33,10,43,12,7,14,0,5,3,3,22,16,82,75,0,0,12,0,73,58,0,0,0,0,0,0,0,0,0
1387906,1,"Liga Nacional","Liga Endesa",-402534000,NA,"https://www.acb.com/Documentos/Cabeceras/logo-competicion-1b.png","https://www.acb.com/Documentos/Cabeceras/logo-competicion-4a.png",77,2012,107,NA,NA,2377,15276,NA,NA,FALSE,2868,2876,794,"Real Madrid","Real Madrid","RMB",2868,248,"Caja Laboral","Caja Laboral","CLA",1,81,13500,8,29,27,23,37,62,11,12,91,24,11,35,10,8,16,0,2,3,0,19,18,80,-10,0,10,0,0,81,83,0,0,0,0,0,0,0,0,0
1387905,1,"Liga Nacional","Liga Endesa",-402534000,NA,"https://www.acb.com/Documentos/Cabeceras/logo-competicion-1b.png","https://www.acb.com/Documentos/Cabeceras/logo-competicion-4a.png",77,2012,107,NA,NA,2377,15276,NA,NA,TRUE,2876,2876,794,"Real Madrid","Real Madrid","RMB",2868,248,"Caja Laboral","Caja Laboral","CLA",1,83,13500,6,16,37,28,54,51,9,10,90,23,10,33,20,9,13,0,3,2,6,18,19,97,10,0,0,11,0,83,81,0,0,0,0,0,0,0,0,0
1387960,1,"Liga Nacional","Liga Endesa",-402534000,NA,"https://www.acb.com/Documentos/Cabeceras/logo-competicion-1b.png","https://www.acb.com/Documentos/Cabeceras/logo-competicion-4a.png",77,2012,107,NA,NA,2377,15278,NA,NA,FALSE,2878,2875,649,"FIATC Joventut","FIATC Joventut","CJB",2878,916,"UCAM Murcia CB","UCAM Murcia CB","UCM",1,70,12000,1,13,7,26,58,44,15,18,83,23,11,34,10,11,20,0,1,4,3,32,19,42,-110,0,11,0,0,70,92,0,0,0,0,0,0,0,0,0
1387959,1,"Liga Nacional","Liga Endesa",-402534000,NA,"https://www.acb.com/Documentos/Cabeceras/logo-competicion-1b.png","https://www.acb.com/Documentos/Cabeceras/logo-competicion-4a.png",77,2012,107,NA,NA,2377,15278,NA,NA,TRUE,2875,2875,649,"FIATC Joventut","FIATC Joventut","CJB",2878,916,"UCAM Murcia CB","UCAM Murcia CB","UCM",1,92,12000,10,26,38,17,32,53,28,32,87,32,5,37,19,9,19,0,4,1,0,19,32,119,110,0,0,11,0,92,70,0,0,0,0,0,0,0,0,0
1387880,1,"Liga Nacional","Liga Endesa",-402534000,NA,"https://www.acb.com/Documentos/Cabeceras/logo-competicion-1b.png","https://www.acb.com/Documentos/Cabeceras/logo-competicion-4a.png",77,2012,107,NA,NA,2377,15275,NA,NA,TRUE,2867,2867,136,"FC Barcelona Regal","FCB Regal","FCB",2866,1392,"CB Canarias","CB Canarias","CAN",1,100,12000,10,19,52,29,44,65,12,16,75,26,9,35,26,7,12,0,2,0,7,16,17,131,125,0,0,13,0,100,75,0,0,0,0,0,0,0,0,0
1387881,1,"Liga Nacional","Liga Endesa",-402534000,NA,"https://www.acb.com/Documentos/Cabeceras/logo-competicion-1b.png","https://www.acb.com/Documentos/Cabeceras/logo-competicion-4a.png",77,2012,107,NA,NA,2377,15275,NA,NA,FALSE,2866,2867,136,"FC Barcelona Regal","FCB Regal","FCB",2866,1392,"CB Canarias","CB Canarias","CAN",1,75,12000,9,21,42,20,43,46,8,14,57,17,10,27,18,10,12,0,0,2,0,17,16,74,-125,0,10,0,0,75,100,0,0,0,0,0,0,0,0,0
1387985,1,"Liga Nacional","Liga Endesa",-402534000,NA,"https://www.acb.com/Documentos/Cabeceras/logo-competicion-1b.png","https://www.acb.com/Documentos/Cabeceras/logo-competicion-4a.png",77,2012,107,NA,NA,2377,15279,NA,NA,TRUE,2873,2873,519,"Lagun Aro GBC","Lagun Aro GBC","GBC",2872,1214,"Mad-Croc Fuenlabrada","Mad-Croc Fuenla","MCF",1,75,12000,11,33,33,18,36,50,6,13,46,23,16,39,17,5,19,0,2,2,1,27,17,60,-55,0,11,0,0,75,86,0,0,0,0,0,0,0,0,0
1387986,1,"Liga Nacional","Liga Endesa",-402534000,NA,"https://www.acb.com/Documentos/Cabeceras/logo-competicion-1b.png","https://www.acb.com/Documentos/Cabeceras/logo-competicion-4a.png",77,2012,107,NA,NA,2377,15279,NA,NA,FALSE,2872,2873,519,"Lagun Aro GBC","Lagun Aro GBC","GBC",2872,1214,"Mad-Croc Fuenlabrada","Mad-Croc Fuenla","MCF",1,86,12000,13,27,48,13,25,52,21,31,67,26,4,30,12,8,15,0,2,2,0,17,27,95,55,0,0,11,0,86,75,0,0,0,0,0,0,0,0,0
1388013,1,"Liga Nacional","Liga Endesa",-402534000,NA,"https://www.acb.com/Documentos/Cabeceras/logo-competicion-1b.png","https://www.acb.com/Documentos/Cabeceras/logo-competicion-4a.png",77,2012,107,NA,NA,2377,15280,NA,NA,FALSE,2877,2881,1084,"Unicaja","Unicaja","UNI",2877,880,"Assignia Manresa","Assignia Man.","MAN",1,70,12000,8,24,33,19,36,52,8,14,57,20,8,28,18,8,19,0,3,2,1,22,18,63,-90,0,12,0,0,70,88,0,0,0,0,0,0,0,0,0
1388012,1,"Liga Nacional","Liga Endesa",-402534000,NA,"https://www.acb.com/Documentos/Cabeceras/logo-competicion-1b.png","https://www.acb.com/Documentos/Cabeceras/logo-competicion-4a.png",77,2012,107,NA,NA,2377,15280,NA,NA,TRUE,2881,2881,1084,"Unicaja","Unicaja","UNI",2877,880,"Assignia Manresa","Assignia Man.","MAN",1,88,12000,10,21,47,22,43,51,14,22,63,25,14,39,17,7,15,0,2,3,2,18,22,99,90,0,0,12,0,88,70,0,0,0,0,0,0,0,0,0
1387855,1,"Liga Nacional","Liga Endesa",-402534000,NA,"https://www.acb.com/Documentos/Cabeceras/logo-competicion-1b.png","https://www.acb.com/Documentos/Cabeceras/logo-competicion-4a.png",77,2012,107,NA,NA,2377,15274,NA,NA,FALSE,2874,2870,358,"Gran Canaria 2014","G. Canaria 2014","GCA",2874,1164,"CAI Zaragoza","CAI Zaragoza","CAI",1,56,12000,4,21,19,17,37,45,10,15,66,23,10,33,5,3,10,0,2,0,0,20,18,45,-90,0,10,0,0,56,74,0,0,0,0,0,0,0,0,0
1387854,1,"Liga Nacional","Liga Endesa",-402534000,NA,"https://www.acb.com/Documentos/Cabeceras/logo-competicion-1b.png","https://www.acb.com/Documentos/Cabeceras/logo-competicion-4a.png",77,2012,107,NA,NA,2377,15274,NA,NA,TRUE,2870,2870,358,"Gran Canaria 2014","G. Canaria 2014","GCA",2874,1164,"CAI Zaragoza","CAI Zaragoza","CAI",1,74,12000,9,27,33,17,37,45,13,18,72,31,13,44,14,3,9,0,0,2,0,18,20,83,90,0,0,11,0,74,56,0,0,0,0,0,0,0,0,0
1387829,1,"Liga Nacional","Liga Endesa",-402534000,NA,"https://www.acb.com/Documentos/Cabeceras/logo-competicion-1b.png","https://www.acb.com/Documentos/Cabeceras/logo-competicion-4a.png",77,2012,107,NA,NA,2377,15273,NA,NA,FALSE,2882,2879,1691,"Blusens Monbus","Blusens Monbus","BSM",2882,1145,"Cajasol","Cajasol","CAJ",1,61,12000,7,19,36,15,33,45,10,12,83,18,7,25,15,9,20,0,2,5,2,17,19,57,-105,0,12,0,0,61,82,0,0,0,0,0,0,0,0,0
1387828,1,"Liga Nacional","Liga Endesa",-402534000,NA,"https://www.acb.com/Documentos/Cabeceras/logo-competicion-1b.png","https://www.acb.com/Documentos/Cabeceras/logo-competicion-4a.png",77,2012,107,NA,NA,2377,15273,NA,NA,TRUE,2879,2879,1691,"Blusens Monbus","Blusens Monbus","BSM",2882,1145,"Cajasol","Cajasol","CAJ",1,82,12000,13,22,59,19,39,48,5,8,62,19,11,30,22,8,14,0,5,2,0,19,17,97,105,0,0,13,0,82,61,0,0,0,0,0,0,0,0,0
1388040,1,"Liga Nacional","Liga Endesa",-402534000,NA,"https://www.acb.com/Documentos/Cabeceras/logo-competicion-1b.png","https://www.acb.com/Documentos/Cabeceras/logo-competicion-4a.png",77,2012,107,NA,NA,2377,15281,NA,NA,TRUE,2883,2883,1862,"Blancos de Rueda Valladolid","Blancos Rueda","BRV",2869,300,"Uxue Bilbao Basket","Uxue Bilbao","UBB",1,70,12000,7,17,41,16,35,45,17,21,80,23,9,32,13,4,19,0,2,1,2,22,21,67,-30,0,11,0,0,70,76,0,0,0,0,0,0,0,0,0
1388041,1,"Liga Nacional","Liga Endesa",-402534000,NA,"https://www.acb.com/Documentos/Cabeceras/logo-competicion-1b.png","https://www.acb.com/Documentos/Cabeceras/logo-competicion-4a.png",77,2012,107,NA,NA,2377,15281,NA,NA,FALSE,2869,2883,1862,"Blancos de Rueda Valladolid","Blancos Rueda","BRV",2869,300,"Uxue Bilbao Basket","Uxue Bilbao","UBB",1,76,12000,4,12,33,24,50,48,16,19,84,19,12,31,12,8,12,0,1,2,3,21,22,78,30,0,0,11,0,76,70,0,0,0,0,0,0,0,0,0
1387933,1,"Liga Nacional","Liga Endesa",-402534000,NA,"https://www.acb.com/Documentos/Cabeceras/logo-competicion-1b.png","https://www.acb.com/Documentos/Cabeceras/logo-competicion-4a.png",77,2012,107,NA,NA,2377,15277,NA,NA,TRUE,2871,2871,484,"Asefa Estudiantes","Asefa Estu","ASE",2880,989,"Valencia Basket Club","Valencia Basket","VBC",1,85,12000,4,15,26,25,37,67,23,30,76,18,9,27,10,7,15,0,2,3,4,18,30,95,15,0,0,11,0,85,82,0,0,0,0,0,0,0,0,0
1387934,1,"Liga Nacional","Liga Endesa",-402534000,NA,"https://www.acb.com/Documentos/Cabeceras/logo-competicion-1b.png","https://www.acb.com/Documentos/Cabeceras/logo-competicion-4a.png",77,2012,107,NA,NA,2377,15277,NA,NA,FALSE,2880,2871,484,"Asefa Estudiantes","Asefa Estu","ASE",2880,989,"Valencia Basket Club","Valencia Basket","VBC",1,82,12000,8,18,44,22,42,52,14,18,77,16,12,28,11,9,16,0,3,2,2,30,18,69,-15,0,12,0,0,82,85,0,0,0,0,0,0,0,0,0
1385143,1,"Liga Nacional","Liga Endesa",-402534000,NA,"https://www.acb.com/Documentos/Cabeceras/logo-competicion-1b.png","https://www.acb.com/Documentos/Cabeceras/logo-competicion-4a.png",77,2012,107,NA,NA,2378,15174,NA,NA,FALSE,2867,2868,248,"Caja Laboral","Caja Laboral","CLA",2867,136,"FC Barcelona Regal","FCB Regal","FCB",1,69,12000,6,18,33,24,47,51,3,4,75,18,7,25,11,7,8,0,0,2,3,16,15,65,-55,0,13,0,0,69,80,0,0,0,0,0,0,0,0,0
1385142,1,"Liga Nacional","Liga Endesa",-402534000,NA,"https://www.acb.com/Documentos/Cabeceras/logo-competicion-1b.png","https://www.acb.com/Documentos/Cabeceras/logo-competicion-4a.png",77,2012,107,NA,NA,2378,15174,NA,NA,TRUE,2868,2868,248,"Caja Laboral","Caja Laboral","CLA",2867,136,"FC Barcelona Regal","FCB Regal","FCB",1,80,12000,5,19,26,32,51,62,1,2,50,27,12,39,12,4,10,0,2,0,5,15,16,94,55,0,0,12,0,80,69,0,0,0,0,0,0,0,0,0
1385197,1,"Liga Nacional","Liga Endesa",-402534000,NA,"https://www.acb.com/Documentos/Cabeceras/logo-competicion-1b.png","https://www.acb.com/Documentos/Cabeceras/logo-competicion-4a.png",77,2012,107,NA,NA,2378,15176,NA,NA,FALSE,2870,2866,1392,"CB Canarias","CB Canarias","CAN",2870,358,"Gran Canaria 2014","G. Canaria 2014","GCA",1,76,12000,10,21,47,18,36,50,10,12,83,24,10,34,8,8,18,0,1,5,2,18,18,73,25,0,0,11,0,76,71,0,0,0,0,0,0,0,0,0
1385196,1,"Liga Nacional","Liga Endesa",-402534000,NA,"https://www.acb.com/Documentos/Cabeceras/logo-competicion-1b.png","https://www.acb.com/Documentos/Cabeceras/logo-competicion-4a.png",77,2012,107,NA,NA,2378,15176,NA,NA,TRUE,2866,2866,1392,"CB Canarias","CB Canarias","CAN",2870,358,"Gran Canaria 2014","G. Canaria 2014","GCA",1,71,12000,7,23,30,22,36,61,6,10,60,19,7,26,11,12,16,0,5,1,2,18,18,74,-25,0,10,0,0,71,76,0,0,0,0,0,0,0,0,0
1385224,1,"Liga Nacional","Liga Endesa",-402534000,NA,"https://www.acb.com/Documentos/Cabeceras/logo-competicion-1b.png","https://www.acb.com/Documentos/Cabeceras/logo-competicion-4a.png",77,2012,107,NA,NA,2378,15177,NA,NA,TRUE,2874,2874,1164,"CAI Zaragoza","CAI Zaragoza","CAI",2879,1691,"Blusens Monbus","Blusens Monbus","BSM",1,76,12000,7,21,33,21,36,58,13,19,68,19,9,28,17,11,12,0,3,4,2,15,20,89,90,0,0,11,0,76,58,0,0,0,0,0,0,0,0,0
1385225,1,"Liga Nacional","Liga Endesa",-402534000,NA,"https://www.acb.com/Documentos/Cabeceras/logo-competicion-1b.png","https://www.acb.com/Documentos/Cabeceras/logo-competicion-4a.png",77,2012,107,NA,NA,2378,15177,NA,NA,FALSE,2879,2874,1164,"CAI Zaragoza","CAI Zaragoza","CAI",2879,1691,"Blusens Monbus","Blusens Monbus","BSM",1,58,12000,5,18,27,19,35,54,5,7,71,20,10,30,10,7,20,0,4,3,2,20,15,50,-90,0,12,0,0,58,76,0,0,0,0,0,0,0,0,0
1388069,1,"Liga Nacional","Liga Endesa",-402534000,NA,"https://www.acb.com/Documentos/Cabeceras/logo-competicion-1b.png","https://www.acb.com/Documentos/Cabeceras/logo-competicion-4a.png",77,2012,107,NA,NA,2378,15282,NA,NA,FALSE,2881,2869,300,"Uxue Bilbao Basket","Uxue Bilbao","UBB",2881,1084,"Unicaja","Unicaja","UNI",1,65,12000,6,22,27,16,35,45,15,22,68,22,11,33,7,5,16,0,3,3,1,22,22,52,-85,0,12,0,0,65,82,0,0,0,0,0,0,0,0,0
1388068,1,"Liga Nacional","Liga Endesa",-402534000,NA,"https://www.acb.com/Documentos/Cabeceras/logo-competicion-1b.png","https://www.acb.com/Documentos/Cabeceras/logo-competicion-4a.png",77,2012,107,NA,NA,2378,15282,NA,NA,TRUE,2869,2869,300,"Uxue Bilbao Basket","Uxue Bilbao","UBB",2881,1084,"Unicaja","Unicaja","UNI",1,82,12000,7,23,30,22,37,59,17,22,77,28,10,38,17,8,13,0,3,3,1,22,22,96,85,0,0,11,0,82,65,0,0,0,0,0,0,0,0,0
1388095,1,"Liga Nacional","Liga Endesa",-402534000,NA,"https://www.acb.com/Documentos/Cabeceras/logo-competicion-1b.png","https://www.acb.com/Documentos/Cabeceras/logo-competicion-4a.png",77,2012,107,NA,NA,2378,15283,NA,NA,FALSE,2873,2877,880,"Assignia Manresa","Assignia Man.","MAN",2873,519,"Lagun Aro GBC","Lagun Aro GBC","GBC",1,89,13500,12,28,42,19,33,57,15,17,88,22,11,33,15,10,19,0,1,2,2,23,21,93,5,0,0,11,0,89,88,0,0,0,0,0,0,0,0,0
1388094,1,"Liga Nacional","Liga Endesa",-402534000,NA,"https://www.acb.com/Documentos/Cabeceras/logo-competicion-1b.png","https://www.acb.com/Documentos/Cabeceras/logo-competicion-4a.png",77,2012,107,NA,NA,2378,15283,NA,NA,TRUE,2877,2877,880,"Assignia Manresa","Assignia Man.","MAN",2873,519,"Lagun Aro GBC","Lagun Aro GBC","GBC",1,88,13500,13,30,43,16,35,45,17,22,77,18,12,30,17,12,19,0,2,1,5,21,23,90,-5,0,11,0,0,88,89,0,0,0,0,0,0,0,0,0
1388148,1,"Liga Nacional","Liga Endesa",-402534000,NA,"https://www.acb.com/Documentos/Cabeceras/logo-competicion-1b.png","https://www.acb.com/Documentos/Cabeceras/logo-competicion-4a.png",77,2012,107,NA,NA,2378,15285,NA,NA,FALSE,2876,2878,916,"UCAM Murcia CB","UCAM Murcia CB","UCM",2876,794,"Real Madrid","Real Madrid","RMB",1,79,12000,5,20,25,23,41,56,18,24,75,33,12,45,14,5,14,0,3,5,4,19,21,90,75,0,0,13,0,79,64,0,0,0,0,0,0,0,0,0
1388147,1,"Liga Nacional","Liga Endesa",-402534000,NA,"https://www.acb.com/Documentos/Cabeceras/logo-competicion-1b.png","https://www.acb.com/Documentos/Cabeceras/logo-competicion-4a.png",77,2012,107,NA,NA,2378,15285,NA,NA,TRUE,2878,2878,916,"UCAM Murcia CB","UCAM Murcia CB","UCM",2876,794,"Real Madrid","Real Madrid","RMB",1,64,12000,7,24,29,18,40,45,7,17,41,26,10,36,12,12,14,0,5,3,1,21,19,61,-75,0,10,0,0,64,79,0,0,0,0,0,0,0,0,0
1385250,1,"Liga Nacional","Liga Endesa",-402534000,NA,"https://www.acb.com/Documentos/Cabeceras/logo-competicion-1b.png","https://www.acb.com/Documentos/Cabeceras/logo-competicion-4a.png",77,2012,107,NA,NA,2378,15178,NA,NA,TRUE,2882,2882,1145,"Cajasol","Cajasol","CAJ",2880,989,"Valencia Basket Club","Valencia Basket","VBC",1,73,12000,7,21,33,18,38,47,16,23,69,23,14,37,18,9,19,0,2,0,2,18,20,81,-45,0,11,0,0,73,82,0,0,0,0,0,0,0,0,0
1385251,1,"Liga Nacional","Liga Endesa",-402534000,NA,"https://www.acb.com/Documentos/Cabeceras/logo-competicion-1b.png","https://www.acb.com/Documentos/Cabeceras/logo-competicion-4a.png",77,2012,107,NA,NA,2378,15178,NA,NA,FALSE,2880,2882,1145,"Cajasol","Cajasol","CAJ",2880,989,"Valencia Basket Club","Valencia Basket","VBC",1,82,12000,8,24,33,24,41,58,10,14,71,26,9,35,13,14,15,0,0,2,5,20,18,88,45,0,0,11,0,82,73,0,0,0,0,0,0,0,0,0
1385169,1,"Liga Nacional","Liga Endesa",-402534000,NA,"https://www.acb.com/Documentos/Cabeceras/logo-competicion-1b.png","https://www.acb.com/Documentos/Cabeceras/logo-competicion-4a.png",77,2012,107,NA,NA,2378,15175,NA,NA,TRUE,2883,2883,1862,"Blancos de Rueda Valladolid","Blancos Rueda","BRV",2871,484,"Asefa Estudiantes","Asefa Estu","ASE",1,86,12000,8,24,33,23,38,60,16,21,76,22,14,36,16,2,12,0,3,3,1,23,20,89,25,0,0,10,0,86,81,0,0,0,0,0,0,0,0,0
1385170,1,"Liga Nacional","Liga Endesa",-402534000,NA,"https://www.acb.com/Documentos/Cabeceras/logo-competicion-1b.png","https://www.acb.com/Documentos/Cabeceras/logo-competicion-4a.png",77,2012,107,NA,NA,2378,15175,NA,NA,FALSE,2871,2883,1862,"Blancos de Rueda Valladolid","Blancos Rueda","BRV",2871,484,"Asefa Estudiantes","Asefa Estu","ASE",1,81,12000,7,21,33,22,40,55,16,21,76,18,10,28,15,8,8,0,3,3,1,20,23,90,-25,0,11,0,0,81,86,0,0,0,0,0,0,0,0,0
1388121,1,"Liga Nacional","Liga Endesa",-402534000,NA,"https://www.acb.com/Documentos/Cabeceras/logo-competicion-1b.png","https://www.acb.com/Documentos/Cabeceras/logo-competicion-4a.png",77,2012,107,NA,NA,2378,15284,NA,NA,FALSE,2875,2872,1214,"Mad-Croc Fuenlabrada","Mad-Croc Fuenla","MCF",2875,649,"FIATC Joventut","FIATC Joventut","CJB",1,82,12000,8,27,29,21,37,56,16,18,88,27,9,36,13,5,13,0,3,4,2,22,25,88,10,0,0,11,0,82,80,0,0,0,0,0,0,0,0,0
1388120,1,"Liga Nacional","Liga Endesa",-402534000,NA,"https://www.acb.com/Documentos/Cabeceras/logo-competicion-1b.png","https://www.acb.com/Documentos/Cabeceras/logo-competicion-4a.png",77,2012,107,NA,NA,2378,15284,NA,NA,TRUE,2872,2872,1214,"Mad-Croc Fuenlabrada","Mad-Croc Fuenla","MCF",2875,649,"FIATC Joventut","FIATC Joventut","CJB",1,80,12000,5,18,27,26,57,45,13,17,76,28,10,38,11,7,8,0,4,3,4,25,22,78,-10,0,12,0,0,80,82,0,0,0,0,0,0,0,0,0
1385303,1,"Liga Nacional","Liga Endesa",-402534000,NA,"https://www.acb.com/Documentos/Cabeceras/logo-competicion-1b.png","https://www.acb.com/Documentos/Cabeceras/logo-competicion-4a.png",77,2012,107,NA,NA,2379,15180,NA,NA,TRUE,2880,2880,989,"Valencia Basket Club","Valencia Basket","VBC",2868,248,"Caja Laboral","Caja Laboral","CLA",1,75,12000,7,26,26,19,28,67,16,24,66,19,7,26,16,7,16,0,4,1,1,28,23,70,-20,0,11,0,0,75,79,0,0,0,0,0,0,0,0,0
1385304,1,"Liga Nacional","Liga Endesa",-402534000,NA,"https://www.acb.com/Documentos/Cabeceras/logo-competicion-1b.png","https://www.acb.com/Documentos/Cabeceras/logo-competicion-4a.png",77,2012,107,NA,NA,2379,15180,NA,NA,FALSE,2868,2880,989,"Valencia Basket Club","Valencia Basket","VBC",2868,248,"Caja Laboral","Caja Laboral","CLA",1,79,12000,3,9,33,23,41,56,24,31,77,21,9,30,7,6,18,0,1,4,1,23,28,75,20,0,0,11,0,79,75,0,0,0,0,0,0,0,0,0
1385438,1,"Liga Nacional","Liga Endesa",-402534000,NA,"https://www.acb.com/Documentos/Cabeceras/logo-competicion-1b.png","https://www.acb.com/Documentos/Cabeceras/logo-competicion-4a.png",77,2012,107,NA,NA,2379,15185,NA,NA,TRUE,2871,2871,484,"Asefa Estudiantes","Asefa Estu","ASE",2874,1164,"CAI Zaragoza","CAI Zaragoza","CAI",1,68,12000,4,21,19,24,44,54,8,10,80,20,12,32,12,8,11,0,4,1,0,18,17,72,-75,0,11,0,0,68,83,0,0,0,0,0,0,0,0,0
1385439,1,"Liga Nacional","Liga Endesa",-402534000,NA,"https://www.acb.com/Documentos/Cabeceras/logo-competicion-1b.png","https://www.acb.com/Documentos/Cabeceras/logo-competicion-4a.png",77,2012,107,NA,NA,2379,15185,NA,NA,FALSE,2874,2871,484,"Asefa Estudiantes","Asefa Estu","ASE",2874,1164,"CAI Zaragoza","CAI Zaragoza","CAI",1,83,12000,15,32,46,16,27,59,6,8,75,23,8,31,11,4,13,0,1,4,1,17,18,84,75,0,0,11,0,83,68,0,0,0,0,0,0,0,0,0
1385492,1,"Liga Nacional","Liga Endesa",-402534000,NA,"https://www.acb.com/Documentos/Cabeceras/logo-competicion-1b.png","https://www.acb.com/Documentos/Cabeceras/logo-competicion-4a.png",77,2012,107,NA,NA,2379,15187,NA,NA,TRUE,2873,2873,519,"Lagun Aro GBC","Lagun Aro GBC","GBC",2881,1084,"Unicaja","Unicaja","UNI",1,54,12000,6,25,24,14,38,36,8,12,66,20,12,32,8,8,16,0,2,5,4,21,20,35,-65,0,12,0,0,54,67,0,0,0,0,0,0,0,0,0
1385493,1,"Liga Nacional","Liga Endesa",-402534000,NA,"https://www.acb.com/Documentos/Cabeceras/logo-competicion-1b.png","https://www.acb.com/Documentos/Cabeceras/logo-competicion-4a.png",77,2012,107,NA,NA,2379,15187,NA,NA,FALSE,2881,2873,519,"Lagun Aro GBC","Lagun Aro GBC","GBC",2881,1084,"Unicaja","Unicaja","UNI",1,67,12000,2,16,12,20,36,55,21,25,84,28,11,39,8,9,18,0,5,2,1,20,21,75,65,0,0,12,0,67,54,0,0,0,0,0,0,0,0,0
1385356,1,"Liga Nacional","Liga Endesa",-402534000,NA,"https://www.acb.com/Documentos/Cabeceras/logo-competicion-1b.png","https://www.acb.com/Documentos/Cabeceras/logo-competicion-4a.png",77,2012,107,NA,NA,2379,15182,NA,NA,TRUE,2870,2870,358,"Gran Canaria 2014","G. Canaria 2014","GCA",2872,1214,"Mad-Croc Fuenlabrada","Mad-Croc Fuenla","MCF",1,73,12000,10,23,43,19,42,45,5,10,50,25,9,34,19,10,12,0,0,5,1,20,15,73,105,0,0,13,0,73,52,0,0,0,0,0,0,0,0,0
1385357,1,"Liga Nacional","Liga Endesa",-402534000,NA,"https://www.acb.com/Documentos/Cabeceras/logo-competicion-1b.png","https://www.acb.com/Documentos/Cabeceras/logo-competicion-4a.png",77,2012,107,NA,NA,2379,15182,NA,NA,FALSE,2872,2870,358,"Gran Canaria 2014","G. Canaria 2014","GCA",2872,1214,"Mad-Croc Fuenlabrada","Mad-Croc Fuenla","MCF",1,52,12000,5,22,22,13,30,43,11,18,61,27,11,38,7,4,22,0,5,0,2,15,20,48,-105,0,12,0,0,52,73,0,0,0,0,0,0,0,0,0
1385385,1,"Liga Nacional","Liga Endesa",-402534000,NA,"https://www.acb.com/Documentos/Cabeceras/logo-competicion-1b.png","https://www.acb.com/Documentos/Cabeceras/logo-competicion-4a.png",77,2012,107,NA,NA,2379,15183,NA,NA,FALSE,2877,2867,136,"FC Barcelona Regal","FCB Regal","FCB",2877,880,"Assignia Manresa","Assignia Man.","MAN",1,47,12000,4,23,17,16,40,40,3,4,75,19,8,27,9,2,13,0,2,1,1,22,15,22,-210,0,12,0,0,47,89,0,0,0,0,0,0,0,0,0
1385384,1,"Liga Nacional","Liga Endesa",-402534000,NA,"https://www.acb.com/Documentos/Cabeceras/logo-competicion-1b.png","https://www.acb.com/Documentos/Cabeceras/logo-competicion-4a.png",77,2012,107,NA,NA,2379,15183,NA,NA,TRUE,2867,2867,136,"FC Barcelona Regal","FCB Regal","FCB",2877,880,"Assignia Manresa","Assignia Man.","MAN",1,89,12000,7,17,41,26,41,63,16,24,66,35,10,45,18,10,12,0,1,2,3,15,22,123,210,0,0,13,0,89,47,0,0,0,0,0,0,0,0,0
1385278,1,"Liga Nacional","Liga Endesa",-402534000,NA,"https://www.acb.com/Documentos/Cabeceras/logo-competicion-1b.png","https://www.acb.com/Documentos/Cabeceras/logo-competicion-4a.png",77,2012,107,NA,NA,2379,15179,NA,NA,FALSE,2866,2882,1145,"Cajasol","Cajasol","CAJ",2866,1392,"CB Canarias","CB Canarias","CAN",1,79,12000,10,20,50,15,29,51,19,24,79,28,7,35,14,6,18,0,1,4,1,21,23,86,55,0,0,12,0,79,68,0,0,0,0,0,0,0,0,0
1385277,1,"Liga Nacional","Liga Endesa",-402534000,NA,"https://www.acb.com/Documentos/Cabeceras/logo-competicion-1b.png","https://www.acb.com/Documentos/Cabeceras/logo-competicion-4a.png",77,2012,107,NA,NA,2379,15179,NA,NA,TRUE,2882,2882,1145,"Cajasol","Cajasol","CAJ",2866,1392,"CB Canarias","CB Canarias","CAN",1,68,12000,4,19,21,21,43,48,14,17,82,21,8,29,8,12,11,0,4,1,4,23,21,67,-55,0,11,0,0,68,79,0,0,0,0,0,0,0,0,0
1385411,1,"Liga Nacional","Liga Endesa",-402534000,NA,"https://www.acb.com/Documentos/Cabeceras/logo-competicion-1b.png","https://www.acb.com/Documentos/Cabeceras/logo-competicion-4a.png",77,2012,107,NA,NA,2379,15184,NA,NA,FALSE,2869,2876,794,"Real Madrid","Real Madrid","RMB",2869,300,"Uxue Bilbao Basket","Uxue Bilbao","UBB",1,84,12000,4,13,30,24,44,54,24,29,82,19,13,32,17,3,9,0,1,5,2,20,23,92,-70,0,9,0,0,84,98,0,0,0,0,0,0,0,0,0
1385410,1,"Liga Nacional","Liga Endesa",-402534000,NA,"https://www.acb.com/Documentos/Cabeceras/logo-competicion-1b.png","https://www.acb.com/Documentos/Cabeceras/logo-competicion-4a.png",77,2012,107,NA,NA,2379,15184,NA,NA,TRUE,2876,2876,794,"Real Madrid","Real Madrid","RMB",2869,300,"Uxue Bilbao Basket","Uxue Bilbao","UBB",1,98,12000,18,34,52,18,30,60,8,9,88,19,9,28,23,5,9,0,5,1,4,23,20,117,70,0,0,12,0,98,84,0,0,0,0,0,0,0,0,0
1385330,1,"Liga Nacional","Liga Endesa",-402534000,NA,"https://www.acb.com/Documentos/Cabeceras/logo-competicion-1b.png","https://www.acb.com/Documentos/Cabeceras/logo-competicion-4a.png",77,2012,107,NA,NA,2379,15181,NA,NA,FALSE,2878,2879,1691,"Blusens Monbus","Blusens Monbus","BSM",2878,916,"UCAM Murcia CB","UCAM Murcia CB","UCM",1,73,12000,12,25,48,14,28,50,9,16,56,20,4,24,13,9,19,0,1,0,1,27,20,60,20,0,0,11,0,73,69,0,0,0,0,0,0,0,0,0
1385329,1,"Liga Nacional","Liga Endesa",-402534000,NA,"https://www.acb.com/Documentos/Cabeceras/logo-competicion-1b.png","https://www.acb.com/Documentos/Cabeceras/logo-competicion-4a.png",77,2012,107,NA,NA,2379,15181,NA,NA,TRUE,2879,2879,1691,"Blusens Monbus","Blusens Monbus","BSM",2878,916,"UCAM Murcia CB","UCAM Murcia CB","UCM",1,69,12000,5,20,25,18,36,50,18,25,72,23,11,34,17,9,20,0,0,1,3,20,27,75,-20,0,11,0,0,69,73,0,0,0,0,0,0,0,0,0
1385465,1,"Liga Nacional","Liga Endesa",-402534000,NA,"https://www.acb.com/Documentos/Cabeceras/logo-competicion-1b.png","https://www.acb.com/Documentos/Cabeceras/logo-competicion-4a.png",77,2012,107,NA,NA,2379,15186,NA,NA,TRUE,2875,2875,649,"FIATC Joventut","FIATC Joventut","CJB",2883,1862,"Blancos de Rueda Valladolid","Blancos Rueda","BRV",1,84,13500,11,29,37,16,39,41,19,25,76,25,9,34,12,6,16,0,2,5,3,22,25,73,-25,0,11,0,0,84,89,0,0,0,0,0,0,0,0,0
1385466,1,"Liga Nacional","Liga Endesa",-402534000,NA,"https://www.acb.com/Documentos/Cabeceras/logo-competicion-1b.png","https://www.acb.com/Documentos/Cabeceras/logo-competicion-4a.png",77,2012,107,NA,NA,2379,15186,NA,NA,FALSE,2883,2875,649,"FIATC Joventut","FIATC Joventut","CJB",2883,1862,"Blancos de Rueda Valladolid","Blancos Rueda","BRV",1,89,13500,9,19,47,25,50,50,12,17,70,32,9,41,14,11,16,0,5,2,1,25,22,99,25,0,0,11,0,89,84,0,0,0,0,0,0,0,0,0
1385576,1,"Liga Nacional","Liga Endesa",-402534000,NA,"https://www.acb.com/Documentos/Cabeceras/logo-competicion-1b.png","https://www.acb.com/Documentos/Cabeceras/logo-competicion-4a.png",77,2012,107,NA,NA,2380,15190,NA,NA,FALSE,2876,2877,880,"Assignia Manresa","Assignia Man.","MAN",2876,794,"Real Madrid","Real Madrid","RMB",1,97,12000,11,22,50,20,31,64,24,35,68,22,5,27,18,14,14,0,5,2,3,24,28,116,65,0,0,12,0,97,84,0,0,0,0,0,0,0,0,0
1385575,1,"Liga Nacional","Liga Endesa",-402534000,NA,"https://www.acb.com/Documentos/Cabeceras/logo-competicion-1b.png","https://www.acb.com/Documentos/Cabeceras/logo-competicion-4a.png",77,2012,107,NA,NA,2380,15190,NA,NA,TRUE,2877,2877,880,"Assignia Manresa","Assignia Man.","MAN",2876,794,"Real Madrid","Real Madrid","RMB",1,84,12000,9,22,40,19,38,50,19,25,76,21,11,32,16,7,18,0,2,5,0,28,24,76,-65,0,12,0,0,84,97,0,0,0,0,0,0,0,0,0
1385658,1,"Liga Nacional","Liga Endesa",-402534000,NA,"https://www.acb.com/Documentos/Cabeceras/logo-competicion-1b.png","https://www.acb.com/Documentos/Cabeceras/logo-competicion-4a.png",77,2012,107,NA,NA,2380,15193,NA,NA,FALSE,2879,2868,248,"Caja Laboral","Caja Laboral","CLA",2879,1691,"Blusens Monbus","Blusens Monbus","BSM",1,77,12000,7,22,31,22,43,51,12,18,66,21,13,34,18,8,8,0,3,3,4,18,19,88,45,0,0,10,0,77,68,0,0,0,0,0,0,0,0,0
1385657,1,"Liga Nacional","Liga Endesa",-402534000,NA,"https://www.acb.com/Documentos/Cabeceras/logo-competicion-1b.png","https://www.acb.com/Documentos/Cabeceras/logo-competicion-4a.png",77,2012,107,NA,NA,2380,15193,NA,NA,TRUE,2868,2868,248,"Caja Laboral","Caja Laboral","CLA",2879,1691,"Blusens Monbus","Blusens Monbus","BSM",1,68,12000,9,21,42,17,33,51,7,9,77,24,5,29,15,4,15,0,3,3,0,19,18,70,-45,0,11,0,0,68,77,0,0,0,0,0,0,0,0,0
1385712,1,"Liga Nacional","Liga Endesa",-402534000,NA,"https://www.acb.com/Documentos/Cabeceras/logo-competicion-1b.png","https://www.acb.com/Documentos/Cabeceras/logo-competicion-4a.png",77,2012,107,NA,NA,2380,15195,NA,NA,FALSE,2871,2881,1084,"Unicaja","Unicaja","UNI",2871,484,"Asefa Estudiantes","Asefa Estu","ASE",1,85,12000,9,23,39,15,29,51,28,32,87,24,9,33,15,7,11,0,2,4,1,22,30,103,55,0,0,12,0,85,74,0,0,0,0,0,0,0,0,0
1385711,1,"Liga Nacional","Liga Endesa",-402534000,NA,"https://www.acb.com/Documentos/Cabeceras/logo-competicion-1b.png","https://www.acb.com/Documentos/Cabeceras/logo-competicion-4a.png",77,2012,107,NA,NA,2380,15195,NA,NA,TRUE,2881,2881,1084,"Unicaja","Unicaja","UNI",2871,484,"Asefa Estudiantes","Asefa Estu","ASE",1,74,12000,8,26,30,17,32,53,16,19,84,21,9,30,12,2,15,0,4,2,1,30,22,61,-55,0,12,0,0,74,85,0,0,0,0,0,0,0,0,0
1385604,1,"Liga Nacional","Liga Endesa",-402534000,NA,"https://www.acb.com/Documentos/Cabeceras/logo-competicion-1b.png","https://www.acb.com/Documentos/Cabeceras/logo-competicion-4a.png",77,2012,107,NA,NA,2380,15191,NA,NA,FALSE,2867,2872,1214,"Mad-Croc Fuenlabrada","Mad-Croc Fuenla","MCF",2867,136,"FC Barcelona Regal","FCB Regal","FCB",1,79,12000,6,20,30,23,44,52,15,19,78,21,13,34,17,10,10,0,2,2,5,16,22,97,15,0,0,12,0,79,76,0,0,0,0,0,0,0,0,0
1385603,1,"Liga Nacional","Liga Endesa",-402534000,NA,"https://www.acb.com/Documentos/Cabeceras/logo-competicion-1b.png","https://www.acb.com/Documentos/Cabeceras/logo-competicion-4a.png",77,2012,107,NA,NA,2380,15191,NA,NA,TRUE,2872,2872,1214,"Mad-Croc Fuenlabrada","Mad-Croc Fuenla","MCF",2867,136,"FC Barcelona Regal","FCB Regal","FCB",1,76,12000,5,24,20,28,52,53,5,5,100,26,18,44,7,3,12,0,2,2,3,22,16,69,-15,0,11,0,0,76,79,0,0,0,0,0,0,0,0,0
1385547,1,"Liga Nacional","Liga Endesa",-402534000,NA,"https://www.acb.com/Documentos/Cabeceras/logo-competicion-1b.png","https://www.acb.com/Documentos/Cabeceras/logo-competicion-4a.png",77,2012,107,NA,NA,2380,15189,NA,NA,TRUE,2869,2869,300,"Uxue Bilbao Basket","Uxue Bilbao","UBB",2875,649,"FIATC Joventut","FIATC Joventut","CJB",1,80,12000,5,13,38,28,52,53,9,12,75,30,11,41,15,4,11,0,3,4,2,13,13,93,90,0,0,12,0,80,62,0,0,0,0,0,0,0,0,0
1385548,1,"Liga Nacional","Liga Endesa",-402534000,NA,"https://www.acb.com/Documentos/Cabeceras/logo-competicion-1b.png","https://www.acb.com/Documentos/Cabeceras/logo-competicion-4a.png",77,2012,107,NA,NA,2380,15189,NA,NA,FALSE,2875,2869,300,"Uxue Bilbao Basket","Uxue Bilbao","UBB",2875,649,"FIATC Joventut","FIATC Joventut","CJB",1,62,12000,6,24,25,20,42,47,4,6,66,20,8,28,10,7,10,0,4,3,5,13,13,56,-90,0,12,0,0,62,80,0,0,0,0,0,0,0,0,0
1385630,1,"Liga Nacional","Liga Endesa",-402534000,NA,"https://www.acb.com/Documentos/Cabeceras/logo-competicion-1b.png","https://www.acb.com/Documentos/Cabeceras/logo-competicion-4a.png",77,2012,107,NA,NA,2380,15192,NA,NA,TRUE,2878,2878,916,"UCAM Murcia CB","UCAM Murcia CB","UCM",2870,358,"Gran Canaria 2014","G. Canaria 2014","GCA",1,97,13500,10,27,37,26,41,63,15,19,78,19,9,28,22,10,16,0,4,3,2,17,20,109,-10,0,11,0,0,97,99,0,0,0,0,0,0,0,0,0
1385631,1,"Liga Nacional","Liga Endesa",-402534000,NA,"https://www.acb.com/Documentos/Cabeceras/logo-competicion-1b.png","https://www.acb.com/Documentos/Cabeceras/logo-competicion-4a.png",77,2012,107,NA,NA,2380,15192,NA,NA,FALSE,2870,2878,916,"UCAM Murcia CB","UCAM Murcia CB","UCM",2870,358,"Gran Canaria 2014","G. Canaria 2014","GCA",1,99,13500,7,17,41,34,51,66,10,15,66,23,10,33,22,9,17,0,3,4,3,20,17,110,10,0,0,12,0,99,97,0,0,0,0,0,0,0,0,0
1385685,1,"Liga Nacional","Liga Endesa",-402534000,NA,"https://www.acb.com/Documentos/Cabeceras/logo-competicion-1b.png","https://www.acb.com/Documentos/Cabeceras/logo-competicion-4a.png",77,2012,107,NA,NA,2380,15194,NA,NA,FALSE,2880,2866,1392,"CB Canarias","CB Canarias","CAN",2880,989,"Valencia Basket Club","Valencia Basket","VBC",1,73,12000,7,22,31,20,35,57,12,17,70,22,11,33,7,4,17,0,4,1,0,23,21,66,20,0,0,10,0,73,69,0,0,0,0,0,0,0,0,0
1385684,1,"Liga Nacional","Liga Endesa",-402534000,NA,"https://www.acb.com/Documentos/Cabeceras/logo-competicion-1b.png","https://www.acb.com/Documentos/Cabeceras/logo-competicion-4a.png",77,2012,107,NA,NA,2380,15194,NA,NA,TRUE,2866,2866,1392,"CB Canarias","CB Canarias","CAN",2880,989,"Valencia Basket Club","Valencia Basket","VBC",1,69,12000,4,20,20,21,43,48,15,15,100,15,11,26,12,8,11,0,1,4,0,21,23,65,-20,0,12,0,0,69,73,0,0,0,0,0,0,0,0,0
1385739,1,"Liga Nacional","Liga Endesa",-402534000,NA,"https://www.acb.com/Documentos/Cabeceras/logo-competicion-1b.png","https://www.acb.com/Documentos/Cabeceras/logo-competicion-4a.png",77,2012,107,NA,NA,2380,15196,NA,NA,FALSE,2882,2874,1164,"CAI Zaragoza","CAI Zaragoza","CAI",2882,1145,"Cajasol","Cajasol","CAJ",1,55,12000,3,16,18,21,43,48,4,9,44,17,10,27,9,2,13,0,2,4,2,21,14,31,-155,0,12,0,0,55,86,0,0,0,0,0,0,0,0,0
1385738,1,"Liga Nacional","Liga Endesa",-402534000,NA,"https://www.acb.com/Documentos/Cabeceras/logo-competicion-1b.png","https://www.acb.com/Documentos/Cabeceras/logo-competicion-4a.png",77,2012,107,NA,NA,2380,15196,NA,NA,TRUE,2874,2874,1164,"CAI Zaragoza","CAI Zaragoza","CAI",2882,1145,"Cajasol","Cajasol","CAJ",1,86,12000,12,22,54,17,34,50,16,23,69,25,10,35,19,9,9,0,4,2,2,14,21,115,155,0,0,12,0,86,55,0,0,0,0,0,0,0,0,0
1385521,1,"Liga Nacional","Liga Endesa",-402534000,NA,"https://www.acb.com/Documentos/Cabeceras/logo-competicion-1b.png","https://www.acb.com/Documentos/Cabeceras/logo-competicion-4a.png",77,2012,107,NA,NA,2380,15188,NA,NA,FALSE,2873,2883,1862,"Blancos de Rueda Valladolid","Blancos Rueda","BRV",2873,519,"Lagun Aro GBC","Lagun Aro GBC","GBC",1,61,12000,6,24,25,17,32,53,9,10,90,22,11,33,8,9,22,0,1,1,0,20,16,51,-75,0,12,0,0,61,76,0,0,0,0,0,0,0,0,0
1385520,1,"Liga Nacional","Liga Endesa",-402534000,NA,"https://www.acb.com/Documentos/Cabeceras/logo-competicion-1b.png","https://www.acb.com/Documentos/Cabeceras/logo-competicion-4a.png",77,2012,107,NA,NA,2380,15188,NA,NA,TRUE,2883,2883,1862,"Blancos de Rueda Valladolid","Blancos Rueda","BRV",2873,519,"Lagun Aro GBC","Lagun Aro GBC","GBC",1,76,12000,11,23,47,14,38,36,15,16,93,21,11,32,14,13,16,0,1,1,1,16,20,86,75,0,0,13,0,76,61,0,0,0,0,0,0,0,0,0
1385981,1,"Liga Nacional","Liga Endesa",-402534000,NA,"https://www.acb.com/Documentos/Cabeceras/logo-competicion-1b.png","https://www.acb.com/Documentos/Cabeceras/logo-competicion-4a.png",77,2012,107,NA,NA,2381,15205,NA,NA,TRUE,2877,2877,880,"Assignia Manresa","Assignia Man.","MAN",2871,484,"Asefa Estudiantes","Asefa Estu","ASE",1,98,12000,18,29,62,15,26,57,14,21,66,14,8,22,15,8,12,0,4,2,2,24,23,103,45,0,0,13,0,98,89,0,0,0,0,0,0,0,0,0
1385982,1,"Liga Nacional","Liga Endesa",-402534000,NA,"https://www.acb.com/Documentos/Cabeceras/logo-competicion-1b.png","https://www.acb.com/Documentos/Cabeceras/logo-competicion-4a.png",77,2012,107,NA,NA,2381,15205,NA,NA,FALSE,2871,2877,880,"Assignia Manresa","Assignia Man.","MAN",2871,484,"Asefa Estudiantes","Asefa Estu","ASE",1,89,12000,10,19,52,22,40,55,15,18,83,18,13,31,13,5,12,0,2,4,2,23,24,95,-45,0,11,0,0,89,98,0,0,0,0,0,0,0,0,0
1385926,1,"Liga Nacional","Liga Endesa",-402534000,NA,"https://www.acb.com/Documentos/Cabeceras/logo-competicion-1b.png","https://www.acb.com/Documentos/Cabeceras/logo-competicion-4a.png",77,2012,107,NA,NA,2381,15203,NA,NA,TRUE,2880,2880,989,"Valencia Basket Club","Valencia Basket","VBC",2867,136,"FC Barcelona Regal","FCB Regal","FCB",1,81,12000,10,20,50,21,44,47,9,9,100,18,13,31,15,10,14,0,1,3,0,22,18,84,15,0,0,11,0,81,78,0,0,0,0,0,0,0,0,0
1385927,1,"Liga Nacional","Liga Endesa",-402534000,NA,"https://www.acb.com/Documentos/Cabeceras/logo-competicion-1b.png","https://www.acb.com/Documentos/Cabeceras/logo-competicion-4a.png",77,2012,107,NA,NA,2381,15203,NA,NA,FALSE,2867,2880,989,"Valencia Basket Club","Valencia Basket","VBC",2867,136,"FC Barcelona Regal","FCB Regal","FCB",1,78,12000,9,20,45,19,34,55,13,16,81,19,8,27,15,6,17,0,3,1,3,18,22,86,-15,0,12,0,0,78,81,0,0,0,0,0,0,0,0,0
1385792,1,"Liga Nacional","Liga Endesa",-402534000,NA,"https://www.acb.com/Documentos/Cabeceras/logo-competicion-1b.png","https://www.acb.com/Documentos/Cabeceras/logo-competicion-4a.png",77,2012,107,NA,NA,2381,15198,NA,NA,FALSE,2883,2878,916,"UCAM Murcia CB","UCAM Murcia CB","UCM",2883,1862,"Blancos de Rueda Valladolid","Blancos Rueda","BRV",1,81,12000,2,12,16,30,47,63,15,19,78,22,7,29,17,9,11,0,3,2,5,19,20,96,-30,0,11,0,0,81,87,0,0,0,0,0,0,0,0,0
1385791,1,"Liga Nacional","Liga Endesa",-402534000,NA,"https://www.acb.com/Documentos/Cabeceras/logo-competicion-1b.png","https://www.acb.com/Documentos/Cabeceras/logo-competicion-4a.png",77,2012,107,NA,NA,2381,15198,NA,NA,TRUE,2878,2878,916,"UCAM Murcia CB","UCAM Murcia CB","UCM",2883,1862,"Blancos de Rueda Valladolid","Blancos Rueda","BRV",1,87,12000,11,26,42,21,34,61,12,15,80,20,6,26,15,4,14,0,2,3,2,20,19,85,30,0,0,10,0,87,81,0,0,0,0,0,0,0,0,0
1385820,1,"Liga Nacional","Liga Endesa",-402534000,NA,"https://www.acb.com/Documentos/Cabeceras/logo-competicion-1b.png","https://www.acb.com/Documentos/Cabeceras/logo-competicion-4a.png",77,2012,107,NA,NA,2381,15199,NA,NA,FALSE,2881,2868,248,"Caja Laboral","Caja Laboral","CLA",2881,1084,"Unicaja","Unicaja","UNI",1,79,12000,7,19,36,22,41,53,14,19,73,21,6,27,12,7,9,0,3,0,4,22,19,80,-55,0,12,0,0,79,90,0,0,0,0,0,0,0,0,0
1385819,1,"Liga Nacional","Liga Endesa",-402534000,NA,"https://www.acb.com/Documentos/Cabeceras/logo-competicion-1b.png","https://www.acb.com/Documentos/Cabeceras/logo-competicion-4a.png",77,2012,107,NA,NA,2381,15199,NA,NA,TRUE,2868,2868,248,"Caja Laboral","Caja Laboral","CLA",2881,1084,"Unicaja","Unicaja","UNI",1,90,12000,10,20,50,20,38,52,20,21,95,25,5,30,16,4,10,0,0,3,2,19,22,101,55,0,0,10,0,90,79,0,0,0,0,0,0,0,0,0
1385873,1,"Liga Nacional","Liga Endesa",-402534000,NA,"https://www.acb.com/Documentos/Cabeceras/logo-competicion-1b.png","https://www.acb.com/Documentos/Cabeceras/logo-competicion-4a.png",77,2012,107,NA,NA,2381,15201,NA,NA,FALSE,2875,2874,1164,"CAI Zaragoza","CAI Zaragoza","CAI",2875,649,"FIATC Joventut","FIATC Joventut","CJB",1,57,12000,7,25,28,13,35,37,10,14,71,24,8,32,10,1,13,0,1,2,4,20,19,41,-100,0,12,0,0,57,77,0,0,0,0,0,0,0,0,0
1385872,1,"Liga Nacional","Liga Endesa",-402534000,NA,"https://www.acb.com/Documentos/Cabeceras/logo-competicion-1b.png","https://www.acb.com/Documentos/Cabeceras/logo-competicion-4a.png",77,2012,107,NA,NA,2381,15201,NA,NA,TRUE,2874,2874,1164,"CAI Zaragoza","CAI Zaragoza","CAI",2875,649,"FIATC Joventut","FIATC Joventut","CJB",1,77,12000,9,24,37,19,33,57,12,14,85,30,5,35,17,6,11,0,2,1,1,19,20,95,100,0,0,11,0,77,57,0,0,0,0,0,0,0,0,0
1385954,1,"Liga Nacional","Liga Endesa",-402534000,NA,"https://www.acb.com/Documentos/Cabeceras/logo-competicion-1b.png","https://www.acb.com/Documentos/Cabeceras/logo-competicion-4a.png",77,2012,107,NA,NA,2381,15204,NA,NA,FALSE,2870,2879,1691,"Blusens Monbus","Blusens Monbus","BSM",2870,358,"Gran Canaria 2014","G. Canaria 2014","GCA",1,78,12000,7,17,41,20,33,60,17,21,80,20,8,28,13,5,14,0,2,1,0,20,22,86,10,0,0,10,0,78,76,0,0,0,0,0,0,0,0,0
1385953,1,"Liga Nacional","Liga Endesa",-402534000,NA,"https://www.acb.com/Documentos/Cabeceras/logo-competicion-1b.png","https://www.acb.com/Documentos/Cabeceras/logo-competicion-4a.png",77,2012,107,NA,NA,2381,15204,NA,NA,TRUE,2879,2879,1691,"Blusens Monbus","Blusens Monbus","BSM",2870,358,"Gran Canaria 2014","G. Canaria 2014","GCA",1,76,12000,9,22,40,19,39,48,11,13,84,16,12,28,19,6,11,0,1,2,2,22,20,80,-10,0,11,0,0,76,78,0,0,0,0,0,0,0,0,0
1385900,1,"Liga Nacional","Liga Endesa",-402534000,NA,"https://www.acb.com/Documentos/Cabeceras/logo-competicion-1b.png","https://www.acb.com/Documentos/Cabeceras/logo-competicion-4a.png",77,2012,107,NA,NA,2381,15202,NA,NA,FALSE,2876,2882,1145,"Cajasol","Cajasol","CAJ",2876,794,"Real Madrid","Real Madrid","RMB",1,71,12000,5,14,35,22,54,40,12,17,70,25,17,42,7,14,15,0,2,5,3,16,21,75,40,0,0,12,0,71,63,0,0,0,0,0,0,0,0,0
1385899,1,"Liga Nacional","Liga Endesa",-402534000,NA,"https://www.acb.com/Documentos/Cabeceras/logo-competicion-1b.png","https://www.acb.com/Documentos/Cabeceras/logo-competicion-4a.png",77,2012,107,NA,NA,2381,15202,NA,NA,TRUE,2882,2882,1145,"Cajasol","Cajasol","CAJ",2876,794,"Real Madrid","Real Madrid","RMB",1,63,12000,3,15,20,20,39,51,14,16,87,27,7,34,11,10,20,0,5,2,6,21,16,63,-40,0,12,0,0,63,71,0,0,0,0,0,0,0,0,0
1385845,1,"Liga Nacional","Liga Endesa",-402534000,NA,"https://www.acb.com/Documentos/Cabeceras/logo-competicion-1b.png","https://www.acb.com/Documentos/Cabeceras/logo-competicion-4a.png",77,2012,107,NA,NA,2381,15200,NA,NA,TRUE,2866,2866,1392,"CB Canarias","CB Canarias","CAN",2873,519,"Lagun Aro GBC","Lagun Aro GBC","GBC",1,93,12000,10,26,38,26,42,61,11,16,68,21,10,31,15,5,9,0,4,2,2,24,22,98,75,0,0,10,0,93,78,0,0,0,0,0,0,0,0,0
1385846,1,"Liga Nacional","Liga Endesa",-402534000,NA,"https://www.acb.com/Documentos/Cabeceras/logo-competicion-1b.png","https://www.acb.com/Documentos/Cabeceras/logo-competicion-4a.png",77,2012,107,NA,NA,2381,15200,NA,NA,FALSE,2873,2866,1392,"CB Canarias","CB Canarias","CAN",2873,519,"Lagun Aro GBC","Lagun Aro GBC","GBC",1,78,12000,6,16,37,19,36,52,22,28,78,22,6,28,6,4,15,0,2,4,3,22,24,68,-75,0,11,0,0,78,93,0,0,0,0,0,0,0,0,0
1385764,1,"Liga Nacional","Liga Endesa",-402534000,NA,"https://www.acb.com/Documentos/Cabeceras/logo-competicion-1b.png","https://www.acb.com/Documentos/Cabeceras/logo-competicion-4a.png",77,2012,107,NA,NA,2381,15197,NA,NA,FALSE,2869,2872,1214,"Mad-Croc Fuenlabrada","Mad-Croc Fuenla","MCF",2869,300,"Uxue Bilbao Basket","Uxue Bilbao","UBB",1,86,12000,7,20,35,24,43,55,17,24,70,30,11,41,16,9,11,0,3,3,1,23,21,100,15,0,0,10,0,86,83,0,0,0,0,0,0,0,0,0
1385763,1,"Liga Nacional","Liga Endesa",-402534000,NA,"https://www.acb.com/Documentos/Cabeceras/logo-competicion-1b.png","https://www.acb.com/Documentos/Cabeceras/logo-competicion-4a.png",77,2012,107,NA,NA,2381,15197,NA,NA,TRUE,2872,2872,1214,"Mad-Croc Fuenlabrada","Mad-Croc Fuenla","MCF",2869,300,"Uxue Bilbao Basket","Uxue Bilbao","UBB",1,83,12000,10,32,31,21,40,52,11,19,57,23,13,36,11,6,10,0,3,3,1,21,23,79,-15,0,10,0,0,83,86,0,0,0,0,0,0,0,0,0
1386064,1,"Liga Nacional","Liga Endesa",-402534000,NA,"https://www.acb.com/Documentos/Cabeceras/logo-competicion-1b.png","https://www.acb.com/Documentos/Cabeceras/logo-competicion-4a.png",77,2012,107,NA,NA,2382,15208,NA,NA,FALSE,2882,2867,136,"FC Barcelona Regal","FCB Regal","FCB",2882,1145,"Cajasol","Cajasol","CAJ",1,64,12000,4,14,28,21,49,42,10,12,83,17,9,26,8,5,10,0,1,5,2,19,17,47,-70,0,11,0,0,64,78,0,0,0,0,0,0,0,0,0
1386063,1,"Liga Nacional","Liga Endesa",-402534000,NA,"https://www.acb.com/Documentos/Cabeceras/logo-competicion-1b.png","https://www.acb.com/Documentos/Cabeceras/logo-competicion-4a.png",77,2012,107,NA,NA,2382,15208,NA,NA,TRUE,2867,2867,136,"FC Barcelona Regal","FCB Regal","FCB",2882,1145,"Cajasol","Cajasol","CAJ",1,78,12000,5,15,33,22,38,57,19,25,76,28,7,35,15,6,13,0,5,1,4,17,19,95,70,0,0,13,0,78,64,0,0,0,0,0,0,0,0,0
1386174,1,"Liga Nacional","Liga Endesa",-402534000,NA,"https://www.acb.com/Documentos/Cabeceras/logo-competicion-1b.png","https://www.acb.com/Documentos/Cabeceras/logo-competicion-4a.png",77,2012,107,NA,NA,2382,15212,NA,NA,FALSE,2878,2881,1084,"Unicaja","Unicaja","UNI",2878,916,"UCAM Murcia CB","UCAM Murcia CB","UCM",1,58,12000,9,30,30,11,33,33,9,14,64,15,11,26,11,11,17,0,2,6,1,24,19,32,-135,0,12,0,0,58,85,0,0,0,0,0,0,0,0,0
1386173,1,"Liga Nacional","Liga Endesa",-402534000,NA,"https://www.acb.com/Documentos/Cabeceras/logo-competicion-1b.png","https://www.acb.com/Documentos/Cabeceras/logo-competicion-4a.png",77,2012,107,NA,NA,2382,15212,NA,NA,TRUE,2881,2881,1084,"Unicaja","Unicaja","UNI",2878,916,"UCAM Murcia CB","UCAM Murcia CB","UCM",1,85,12000,9,17,52,20,34,58,18,22,81,30,6,36,20,9,20,0,6,2,2,19,24,113,135,0,0,12,0,85,58,0,0,0,0,0,0,0,0,0
1386118,1,"Liga Nacional","Liga Endesa",-402534000,NA,"https://www.acb.com/Documentos/Cabeceras/logo-competicion-1b.png","https://www.acb.com/Documentos/Cabeceras/logo-competicion-4a.png",77,2012,107,NA,NA,2382,15210,NA,NA,FALSE,2866,2875,649,"FIATC Joventut","FIATC Joventut","CJB",2866,1392,"CB Canarias","CB Canarias","CAN",1,81,12000,5,14,35,23,46,50,20,22,90,21,9,30,20,10,15,0,3,6,0,21,21,89,-55,0,11,0,0,81,92,0,0,0,0,0,0,0,0,0
1386117,1,"Liga Nacional","Liga Endesa",-402534000,NA,"https://www.acb.com/Documentos/Cabeceras/logo-competicion-1b.png","https://www.acb.com/Documentos/Cabeceras/logo-competicion-4a.png",77,2012,107,NA,NA,2382,15210,NA,NA,TRUE,2875,2875,649,"FIATC Joventut","FIATC Joventut","CJB",2866,1392,"CB Canarias","CB Canarias","CAN",1,92,12000,9,27,33,22,40,55,21,22,95,24,13,37,13,9,13,0,6,3,0,21,21,104,55,0,0,12,0,92,81,0,0,0,0,0,0,0,0,0
1386145,1,"Liga Nacional","Liga Endesa",-402534000,NA,"https://www.acb.com/Documentos/Cabeceras/logo-competicion-1b.png","https://www.acb.com/Documentos/Cabeceras/logo-competicion-4a.png",77,2012,107,NA,NA,2382,15211,NA,NA,TRUE,2873,2873,519,"Lagun Aro GBC","Lagun Aro GBC","GBC",2868,248,"Caja Laboral","Caja Laboral","CLA",1,69,12000,11,26,42,11,30,36,14,20,70,20,8,28,15,9,11,0,3,2,3,20,22,73,-10,0,11,0,0,69,71,0,0,0,0,0,0,0,0,0
1386146,1,"Liga Nacional","Liga Endesa",-402534000,NA,"https://www.acb.com/Documentos/Cabeceras/logo-competicion-1b.png","https://www.acb.com/Documentos/Cabeceras/logo-competicion-4a.png",77,2012,107,NA,NA,2382,15211,NA,NA,FALSE,2868,2873,519,"Lagun Aro GBC","Lagun Aro GBC","GBC",2868,248,"Caja Laboral","Caja Laboral","CLA",1,71,12000,6,20,30,22,42,52,9,14,64,26,16,42,13,1,16,0,2,3,0,22,20,69,10,0,0,11,0,71,69,0,0,0,0,0,0,0,0,0
1386091,1,"Liga Nacional","Liga Endesa",-402534000,NA,"https://www.acb.com/Documentos/Cabeceras/logo-competicion-1b.png","https://www.acb.com/Documentos/Cabeceras/logo-competicion-4a.png",77,2012,107,NA,NA,2382,15209,NA,NA,FALSE,2874,2876,794,"Real Madrid","Real Madrid","RMB",2874,1164,"CAI Zaragoza","CAI Zaragoza","CAI",1,79,12000,6,18,33,26,45,57,9,10,90,16,12,28,16,6,15,0,1,6,1,22,18,73,-75,0,11,0,0,79,94,0,0,0,0,0,0,0,0,0
1386090,1,"Liga Nacional","Liga Endesa",-402534000,NA,"https://www.acb.com/Documentos/Cabeceras/logo-competicion-1b.png","https://www.acb.com/Documentos/Cabeceras/logo-competicion-4a.png",77,2012,107,NA,NA,2382,15209,NA,NA,TRUE,2876,2876,794,"Real Madrid","Real Madrid","RMB",2874,1164,"CAI Zaragoza","CAI Zaragoza","CAI",1,94,12000,7,18,38,28,41,68,17,21,80,16,10,26,15,5,9,0,6,1,7,18,22,112,75,0,0,13,0,94,79,0,0,0,0,0,0,0,0,0
1386010,1,"Liga Nacional","Liga Endesa",-402534000,NA,"https://www.acb.com/Documentos/Cabeceras/logo-competicion-1b.png","https://www.acb.com/Documentos/Cabeceras/logo-competicion-4a.png",77,2012,107,NA,NA,2382,15206,NA,NA,FALSE,2879,2871,484,"Asefa Estudiantes","Asefa Estu","ASE",2879,1691,"Blusens Monbus","Blusens Monbus","BSM",1,66,12000,14,31,45,8,29,27,8,10,80,27,7,34,13,6,14,0,2,3,1,26,14,52,-115,0,13,0,0,66,89,0,0,0,0,0,0,0,0,0
1386009,1,"Liga Nacional","Liga Endesa",-402534000,NA,"https://www.acb.com/Documentos/Cabeceras/logo-competicion-1b.png","https://www.acb.com/Documentos/Cabeceras/logo-competicion-4a.png",77,2012,107,NA,NA,2382,15206,NA,NA,TRUE,2871,2871,484,"Asefa Estudiantes","Asefa Estu","ASE",2879,1691,"Blusens Monbus","Blusens Monbus","BSM",1,89,12000,14,26,53,15,39,38,17,19,89,29,6,35,17,10,10,0,3,2,1,14,26,116,115,0,0,13,0,89,66,0,0,0,0,0,0,0,0,0
1386202,1,"Liga Nacional","Liga Endesa",-402534000,NA,"https://www.acb.com/Documentos/Cabeceras/logo-competicion-1b.png","https://www.acb.com/Documentos/Cabeceras/logo-competicion-4a.png",77,2012,107,NA,NA,2382,15213,NA,NA,FALSE,2872,2883,1862,"Blancos de Rueda Valladolid","Blancos Rueda","BRV",2872,1214,"Mad-Croc Fuenlabrada","Mad-Croc Fuenla","MCF",1,104,13500,13,30,43,24,41,58,17,25,68,27,6,33,14,8,10,0,1,3,2,23,20,102,10,0,0,10,0,104,102,0,0,0,0,0,0,0,0,0
1386201,1,"Liga Nacional","Liga Endesa",-402534000,NA,"https://www.acb.com/Documentos/Cabeceras/logo-competicion-1b.png","https://www.acb.com/Documentos/Cabeceras/logo-competicion-4a.png",77,2012,107,NA,NA,2382,15213,NA,NA,TRUE,2883,2883,1862,"Blancos de Rueda Valladolid","Blancos Rueda","BRV",2872,1214,"Mad-Croc Fuenlabrada","Mad-Croc Fuenla","MCF",1,102,13500,10,26,38,26,47,55,20,27,74,31,12,43,26,5,12,0,3,1,3,20,23,125,-10,0,11,0,0,102,104,0,0,0,0,0,0,0,0,0
1386036,1,"Liga Nacional","Liga Endesa",-402534000,NA,"https://www.acb.com/Documentos/Cabeceras/logo-competicion-1b.png","https://www.acb.com/Documentos/Cabeceras/logo-competicion-4a.png",77,2012,107,NA,NA,2382,15207,NA,NA,TRUE,2870,2870,358,"Gran Canaria 2014","G. Canaria 2014","GCA",2880,989,"Valencia Basket Club","Valencia Basket","VBC",1,65,12000,2,15,13,23,37,62,13,20,65,20,5,25,17,7,13,0,1,3,0,17,23,71,-70,0,11,0,0,65,79,0,0,0,0,0,0,0,0,0
1386037,1,"Liga Nacional","Liga Endesa",-402534000,NA,"https://www.acb.com/Documentos/Cabeceras/logo-competicion-1b.png","https://www.acb.com/Documentos/Cabeceras/logo-competicion-4a.png",77,2012,107,NA,NA,2382,15207,NA,NA,FALSE,2880,2870,358,"Gran Canaria 2014","G. Canaria 2014","GCA",2880,989,"Valencia Basket Club","Valencia Basket","VBC",1,79,12000,9,22,40,23,36,63,6,7,85,20,5,25,15,7,12,0,3,1,2,23,17,83,70,0,0,11,0,79,65,0,0,0,0,0,0,0,0,0
1386228,1,"Liga Nacional","Liga Endesa",-402534000,NA,"https://www.acb.com/Documentos/Cabeceras/logo-competicion-1b.png","https://www.acb.com/Documentos/Cabeceras/logo-competicion-4a.png",77,2012,107,NA,NA,2382,15214,NA,NA,TRUE,2869,2869,300,"Uxue Bilbao Basket","Uxue Bilbao","UBB",2877,880,"Assignia Manresa","Assignia Man.","MAN",1,83,12000,8,19,42,26,42,61,7,9,77,24,8,32,18,10,15,0,3,2,3,18,17,99,100,0,0,11,0,83,63,0,0,0,0,0,0,0,0,0
1386229,1,"Liga Nacional","Liga Endesa",-402534000,NA,"https://www.acb.com/Documentos/Cabeceras/logo-competicion-1b.png","https://www.acb.com/Documentos/Cabeceras/logo-competicion-4a.png",77,2012,107,NA,NA,2382,15214,NA,NA,FALSE,2877,2869,300,"Uxue Bilbao Basket","Uxue Bilbao","UBB",2877,880,"Assignia Manresa","Assignia Man.","MAN",1,63,12000,8,23,34,14,35,40,11,15,73,18,12,30,10,7,17,0,2,3,0,17,18,53,-100,0,11,0,0,63,83,0,0,0,0,0,0,0,0,0
1386284,1,"Liga Nacional","Liga Endesa",-402534000,NA,"https://www.acb.com/Documentos/Cabeceras/logo-competicion-1b.png","https://www.acb.com/Documentos/Cabeceras/logo-competicion-4a.png",77,2012,107,NA,NA,2383,15216,NA,NA,TRUE,2871,2871,484,"Asefa Estudiantes","Asefa Estu","ASE",2876,794,"Real Madrid","Real Madrid","RMB",1,74,12000,8,23,34,17,44,38,16,20,80,17,13,30,12,3,11,0,5,4,2,24,26,65,-65,0,11,0,0,74,87,0,0,0,0,0,0,0,0,0
1386285,1,"Liga Nacional","Liga Endesa",-402534000,NA,"https://www.acb.com/Documentos/Cabeceras/logo-competicion-1b.png","https://www.acb.com/Documentos/Cabeceras/logo-competicion-4a.png",77,2012,107,NA,NA,2383,15216,NA,NA,FALSE,2876,2871,484,"Asefa Estudiantes","Asefa Estu","ASE",2876,794,"Real Madrid","Real Madrid","RMB",1,87,12000,10,29,34,15,27,55,27,32,84,29,12,41,13,6,15,0,4,5,4,26,24,93,65,0,0,13,0,87,74,0,0,0,0,0,0,0,0,0
1386310,1,"Liga Nacional","Liga Endesa",-402534000,NA,"https://www.acb.com/Documentos/Cabeceras/logo-competicion-1b.png","https://www.acb.com/Documentos/Cabeceras/logo-competicion-4a.png",77,2012,107,NA,NA,2383,15217,NA,NA,TRUE,2873,2873,519,"Lagun Aro GBC","Lagun Aro GBC","GBC",2870,358,"Gran Canaria 2014","G. Canaria 2014","GCA",1,72,12000,5,20,25,21,42,50,15,20,75,14,12,26,10,10,17,0,4,1,5,20,24,67,-110,0,12,0,0,72,94,0,0,0,0,0,0,0,0,0
1386311,1,"Liga Nacional","Liga Endesa",-402534000,NA,"https://www.acb.com/Documentos/Cabeceras/logo-competicion-1b.png","https://www.acb.com/Documentos/Cabeceras/logo-competicion-4a.png",77,2012,107,NA,NA,2383,15217,NA,NA,FALSE,2870,2873,519,"Lagun Aro GBC","Lagun Aro GBC","GBC",2870,358,"Gran Canaria 2014","G. Canaria 2014","GCA",1,94,12000,12,23,52,24,36,66,10,17,58,24,9,33,16,13,16,0,1,4,1,24,20,103,110,0,0,11,0,94,72,0,0,0,0,0,0,0,0,0
1386339,1,"Liga Nacional","Liga Endesa",-402534000,NA,"https://www.acb.com/Documentos/Cabeceras/logo-competicion-1b.png","https://www.acb.com/Documentos/Cabeceras/logo-competicion-4a.png",77,2012,107,NA,NA,2383,15218,NA,NA,FALSE,2879,2881,1084,"Unicaja","Unicaja","UNI",2879,1691,"Blusens Monbus","Blusens Monbus","BSM",1,76,12000,8,25,32,19,34,55,14,17,82,27,7,34,18,10,13,0,3,1,0,26,18,84,30,0,0,12,0,76,70,0,0,0,0,0,0,0,0,0
1386338,1,"Liga Nacional","Liga Endesa",-402534000,NA,"https://www.acb.com/Documentos/Cabeceras/logo-competicion-1b.png","https://www.acb.com/Documentos/Cabeceras/logo-competicion-4a.png",77,2012,107,NA,NA,2383,15218,NA,NA,TRUE,2881,2881,1084,"Unicaja","Unicaja","UNI",2879,1691,"Blusens Monbus","Blusens Monbus","BSM",1,70,12000,4,23,17,21,38,55,16,25,64,24,12,36,15,6,15,0,1,3,2,18,26,73,-30,0,12,0,0,70,76,0,0,0,0,0,0,0,0,0
1386474,1,"Liga Nacional","Liga Endesa",-402534000,NA,"https://www.acb.com/Documentos/Cabeceras/logo-competicion-1b.png","https://www.acb.com/Documentos/Cabeceras/logo-competicion-4a.png",77,2012,107,NA,NA,2383,15223,NA,NA,TRUE,2868,2868,248,"Caja Laboral","Caja Laboral","CLA",2878,916,"UCAM Murcia CB","UCAM Murcia CB","UCM",1,87,12000,8,17,47,19,39,48,25,27,92,26,10,36,13,5,14,0,2,2,1,22,26,100,20,0,0,11,0,87,83,0,0,0,0,0,0,0,0,0
1386475,1,"Liga Nacional","Liga Endesa",-402534000,NA,"https://www.acb.com/Documentos/Cabeceras/logo-competicion-1b.png","https://www.acb.com/Documentos/Cabeceras/logo-competicion-4a.png",77,2012,107,NA,NA,2383,15223,NA,NA,FALSE,2878,2868,248,"Caja Laboral","Caja Laboral","CLA",2878,916,"UCAM Murcia CB","UCAM Murcia CB","UCM",1,83,12000,12,29,41,16,33,48,15,20,75,17,11,28,19,7,11,0,2,2,1,26,22,83,-20,0,9,0,0,83,87,0,0,0,0,0,0,0,0,0
1386365,1,"Liga Nacional","Liga Endesa",-402534000,NA,"https://www.acb.com/Documentos/Cabeceras/logo-competicion-1b.png","https://www.acb.com/Documentos/Cabeceras/logo-competicion-4a.png",77,2012,107,NA,NA,2383,15219,NA,NA,TRUE,2883,2883,1862,"Blancos de Rueda Valladolid","Blancos Rueda","BRV",2880,989,"Valencia Basket Club","Valencia Basket","VBC",1,74,12000,7,16,43,24,45,53,5,9,55,27,13,40,15,11,23,0,4,5,3,17,14,79,40,0,0,11,0,74,66,0,0,0,0,0,0,0,0,0
1386366,1,"Liga Nacional","Liga Endesa",-402534000,NA,"https://www.acb.com/Documentos/Cabeceras/logo-competicion-1b.png","https://www.acb.com/Documentos/Cabeceras/logo-competicion-4a.png",77,2012,107,NA,NA,2383,15219,NA,NA,FALSE,2880,2883,1862,"Blancos de Rueda Valladolid","Blancos Rueda","BRV",2880,989,"Valencia Basket Club","Valencia Basket","VBC",1,66,12000,2,22,9,26,51,50,8,10,80,16,20,36,10,13,15,0,5,4,3,14,17,67,-40,0,11,0,0,66,74,0,0,0,0,0,0,0,0,0
1386257,1,"Liga Nacional","Liga Endesa",-402534000,NA,"https://www.acb.com/Documentos/Cabeceras/logo-competicion-1b.png","https://www.acb.com/Documentos/Cabeceras/logo-competicion-4a.png",77,2012,107,NA,NA,2383,15215,NA,NA,FALSE,2867,2875,649,"FIATC Joventut","FIATC Joventut","CJB",2867,136,"FC Barcelona Regal","FCB Regal","FCB",1,78,12000,9,22,40,23,40,57,5,6,83,27,7,34,13,9,14,0,1,5,1,22,15,78,75,0,0,12,0,78,63,0,0,0,0,0,0,0,0,0
1386256,1,"Liga Nacional","Liga Endesa",-402534000,NA,"https://www.acb.com/Documentos/Cabeceras/logo-competicion-1b.png","https://www.acb.com/Documentos/Cabeceras/logo-competicion-4a.png",77,2012,107,NA,NA,2383,15215,NA,NA,TRUE,2875,2875,649,"FIATC Joventut","FIATC Joventut","CJB",2867,136,"FC Barcelona Regal","FCB Regal","FCB",1,63,12000,3,22,13,18,38,47,18,18,100,21,11,32,3,6,15,0,5,1,1,15,22,61,-75,0,11,0,0,63,78,0,0,0,0,0,0,0,0,0
1386392,1,"Liga Nacional","Liga Endesa",-402534000,NA,"https://www.acb.com/Documentos/Cabeceras/logo-competicion-1b.png","https://www.acb.com/Documentos/Cabeceras/logo-competicion-4a.png",77,2012,107,NA,NA,2383,15220,NA,NA,TRUE,2869,2869,300,"Uxue Bilbao Basket","Uxue Bilbao","UBB",2882,1145,"Cajasol","Cajasol","CAJ",1,76,12000,8,15,53,18,32,56,16,19,84,21,5,26,13,9,17,0,2,0,0,23,18,80,-15,0,11,0,0,76,79,0,0,0,0,0,0,0,0,0
1386393,1,"Liga Nacional","Liga Endesa",-402534000,NA,"https://www.acb.com/Documentos/Cabeceras/logo-competicion-1b.png","https://www.acb.com/Documentos/Cabeceras/logo-competicion-4a.png",77,2012,107,NA,NA,2383,15220,NA,NA,FALSE,2882,2869,300,"Uxue Bilbao Basket","Uxue Bilbao","UBB",2882,1145,"Cajasol","Cajasol","CAJ",1,79,12000,6,17,35,23,48,47,15,25,60,17,19,36,10,8,13,0,0,2,1,18,23,77,15,0,0,11,0,79,76,0,0,0,0,0,0,0,0,0
1386421,1,"Liga Nacional","Liga Endesa",-402534000,NA,"https://www.acb.com/Documentos/Cabeceras/logo-competicion-1b.png","https://www.acb.com/Documentos/Cabeceras/logo-competicion-4a.png",77,2012,107,NA,NA,2383,15221,NA,NA,FALSE,2874,2877,880,"Assignia Manresa","Assignia Man.","MAN",2874,1164,"CAI Zaragoza","CAI Zaragoza","CAI",1,82,12000,9,23,39,22,33,66,11,15,73,33,9,42,16,6,24,0,4,2,2,26,23,92,35,0,0,10,0,82,75,0,0,0,0,0,0,0,0,0
1386420,1,"Liga Nacional","Liga Endesa",-402534000,NA,"https://www.acb.com/Documentos/Cabeceras/logo-competicion-1b.png","https://www.acb.com/Documentos/Cabeceras/logo-competicion-4a.png",77,2012,107,NA,NA,2383,15221,NA,NA,TRUE,2877,2877,880,"Assignia Manresa","Assignia Man.","MAN",2874,1164,"CAI Zaragoza","CAI Zaragoza","CAI",1,75,12000,5,21,23,17,37,45,26,36,72,15,7,22,15,9,10,0,2,4,0,23,26,66,-35,0,10,0,0,75,82,0,0,0,0,0,0,0,0,0
1386447,1,"Liga Nacional","Liga Endesa",-402534000,NA,"https://www.acb.com/Documentos/Cabeceras/logo-competicion-1b.png","https://www.acb.com/Documentos/Cabeceras/logo-competicion-4a.png",77,2012,107,NA,NA,2383,15222,NA,NA,TRUE,2872,2872,1214,"Mad-Croc Fuenlabrada","Mad-Croc Fuenla","MCF",2866,1392,"CB Canarias","CB Canarias","CAN",1,65,12000,5,26,19,17,42,40,16,22,72,20,11,31,9,11,13,0,1,6,1,24,22,44,-40,0,13,0,0,65,73,0,0,0,0,0,0,0,0,0
1386448,1,"Liga Nacional","Liga Endesa",-402534000,NA,"https://www.acb.com/Documentos/Cabeceras/logo-competicion-1b.png","https://www.acb.com/Documentos/Cabeceras/logo-competicion-4a.png",77,2012,107,NA,NA,2383,15222,NA,NA,FALSE,2866,2872,1214,"Mad-Croc Fuenlabrada","Mad-Croc Fuenla","MCF",2866,1392,"CB Canarias","CB Canarias","CAN",1,73,12000,3,15,20,25,40,62,14,19,73,33,6,39,14,7,19,0,6,1,1,22,24,89,40,0,0,12,0,73,65,0,0,0,0,0,0,0,0,0
1386693,1,"Liga Nacional","Liga Endesa",-402534000,NA,"https://www.acb.com/Documentos/Cabeceras/logo-competicion-1b.png","https://www.acb.com/Documentos/Cabeceras/logo-competicion-4a.png",77,2012,107,NA,NA,2384,15231,NA,NA,FALSE,2876,2879,1691,"Blusens Monbus","Blusens Monbus","BSM",2876,794,"Real Madrid","Real Madrid","RMB",1,97,12000,12,27,44,19,27,70,23,28,82,20,7,27,13,6,8,0,0,0,3,20,20,107,40,0,0,12,0,97,87,0,0,0,0,0,0,0,0,0
1386692,1,"Liga Nacional","Liga Endesa",-402534000,NA,"https://www.acb.com/Documentos/Cabeceras/logo-competicion-1b.png","https://www.acb.com/Documentos/Cabeceras/logo-competicion-4a.png",77,2012,107,NA,NA,2384,15231,NA,NA,TRUE,2879,2879,1691,"Blusens Monbus","Blusens Monbus","BSM",2876,794,"Real Madrid","Real Madrid","RMB",1,87,12000,7,18,38,26,45,57,14,20,70,13,8,21,13,6,8,0,0,0,2,20,20,83,-50,0,13,0,0,87,97,0,0,0,0,0,0,0,0,0
1386722,1,"Liga Nacional","Liga Endesa",-402534000,NA,"https://www.acb.com/Documentos/Cabeceras/logo-competicion-1b.png","https://www.acb.com/Documentos/Cabeceras/logo-competicion-4a.png",77,2012,107,NA,NA,2384,15232,NA,NA,FALSE,2867,2870,358,"Gran Canaria 2014","G. Canaria 2014","GCA",2867,136,"FC Barcelona Regal","FCB Regal","FCB",1,69,12000,8,23,34,16,35,45,13,20,65,25,12,37,12,3,12,0,4,3,1,23,24,70,-60,0,11,0,0,69,81,0,0,0,0,0,0,0,0,0
1386721,1,"Liga Nacional","Liga Endesa",-402534000,NA,"https://www.acb.com/Documentos/Cabeceras/logo-competicion-1b.png","https://www.acb.com/Documentos/Cabeceras/logo-competicion-4a.png",77,2012,107,NA,NA,2384,15232,NA,NA,TRUE,2870,2870,358,"Gran Canaria 2014","G. Canaria 2014","GCA",2867,136,"FC Barcelona Regal","FCB Regal","FCB",1,81,12000,9,26,34,22,39,56,10,14,71,24,7,31,13,8,5,0,3,4,1,24,23,88,60,0,0,12,0,81,69,0,0,0,0,0,0,0,0,0
1386502,1,"Liga Nacional","Liga Endesa",-402534000,NA,"https://www.acb.com/Documentos/Cabeceras/logo-competicion-1b.png","https://www.acb.com/Documentos/Cabeceras/logo-competicion-4a.png",77,2012,107,NA,NA,2384,15224,NA,NA,FALSE,2877,2878,916,"UCAM Murcia CB","UCAM Murcia CB","UCM",2877,880,"Assignia Manresa","Assignia Man.","MAN",1,80,12000,5,21,23,21,35,60,23,31,74,20,10,30,14,8,15,0,4,1,3,24,25,83,-75,0,12,0,0,80,95,0,0,0,0,0,0,0,0,0
1386501,1,"Liga Nacional","Liga Endesa",-402534000,NA,"https://www.acb.com/Documentos/Cabeceras/logo-competicion-1b.png","https://www.acb.com/Documentos/Cabeceras/logo-competicion-4a.png",77,2012,107,NA,NA,2384,15224,NA,NA,TRUE,2878,2878,916,"UCAM Murcia CB","UCAM Murcia CB","UCM",2877,880,"Assignia Manresa","Assignia Man.","MAN",1,95,12000,13,26,50,19,34,55,18,21,85,26,8,34,14,10,13,0,1,4,1,25,24,105,75,0,0,11,0,95,80,0,0,0,0,0,0,0,0,0
1386528,1,"Liga Nacional","Liga Endesa",-402534000,NA,"https://www.acb.com/Documentos/Cabeceras/logo-competicion-1b.png","https://www.acb.com/Documentos/Cabeceras/logo-competicion-4a.png",77,2012,107,NA,NA,2384,15225,NA,NA,TRUE,2868,2868,248,"Caja Laboral","Caja Laboral","CLA",2869,300,"Uxue Bilbao Basket","Uxue Bilbao","UBB",1,81,12000,10,24,41,18,31,58,15,17,88,23,4,27,15,3,15,0,0,1,0,23,20,78,5,0,0,11,0,81,80,0,0,0,0,0,0,0,0,0
1386529,1,"Liga Nacional","Liga Endesa",-402534000,NA,"https://www.acb.com/Documentos/Cabeceras/logo-competicion-1b.png","https://www.acb.com/Documentos/Cabeceras/logo-competicion-4a.png",77,2012,107,NA,NA,2384,15225,NA,NA,FALSE,2869,2868,248,"Caja Laboral","Caja Laboral","CLA",2869,300,"Uxue Bilbao Basket","Uxue Bilbao","UBB",1,80,12000,6,23,26,19,32,59,24,27,88,20,8,28,20,7,12,0,1,0,0,20,23,94,-5,0,9,0,0,80,81,0,0,0,0,0,0,0,0,0
1386556,1,"Liga Nacional","Liga Endesa",-402534000,NA,"https://www.acb.com/Documentos/Cabeceras/logo-competicion-1b.png","https://www.acb.com/Documentos/Cabeceras/logo-competicion-4a.png",77,2012,107,NA,NA,2384,15226,NA,NA,TRUE,2872,2872,1214,"Mad-Croc Fuenlabrada","Mad-Croc Fuenla","MCF",2871,484,"Asefa Estudiantes","Asefa Estu","ASE",1,70,12000,11,32,34,13,38,34,11,12,91,25,12,37,8,9,14,0,4,2,2,22,19,62,35,0,0,13,0,70,63,0,0,0,0,0,0,0,0,0
1386557,1,"Liga Nacional","Liga Endesa",-402534000,NA,"https://www.acb.com/Documentos/Cabeceras/logo-competicion-1b.png","https://www.acb.com/Documentos/Cabeceras/logo-competicion-4a.png",77,2012,107,NA,NA,2384,15226,NA,NA,FALSE,2871,2872,1214,"Mad-Croc Fuenlabrada","Mad-Croc Fuenla","MCF",2871,484,"Asefa Estudiantes","Asefa Estu","ASE",1,63,12000,2,25,8,19,33,57,19,25,76,32,14,46,10,9,20,0,2,4,3,19,22,66,-35,0,10,0,0,63,70,0,0,0,0,0,0,0,0,0
1386638,1,"Liga Nacional","Liga Endesa",-402534000,NA,"https://www.acb.com/Documentos/Cabeceras/logo-competicion-1b.png","https://www.acb.com/Documentos/Cabeceras/logo-competicion-4a.png",77,2012,107,NA,NA,2384,15229,NA,NA,TRUE,2882,2882,1145,"Cajasol","Cajasol","CAJ",2873,519,"Lagun Aro GBC","Lagun Aro GBC","GBC",1,73,12000,9,14,64,16,44,36,14,17,82,24,8,32,15,10,12,0,6,1,1,20,18,85,80,0,0,11,0,73,57,0,0,0,0,0,0,0,0,0
1386639,1,"Liga Nacional","Liga Endesa",-402534000,NA,"https://www.acb.com/Documentos/Cabeceras/logo-competicion-1b.png","https://www.acb.com/Documentos/Cabeceras/logo-competicion-4a.png",77,2012,107,NA,NA,2384,15229,NA,NA,FALSE,2873,2882,1145,"Cajasol","Cajasol","CAJ",2873,519,"Lagun Aro GBC","Lagun Aro GBC","GBC",1,57,12000,4,13,30,18,41,43,9,16,56,26,12,38,9,5,24,0,1,6,0,18,20,43,-80,0,11,0,0,57,73,0,0,0,0,0,0,0,0,0
1386666,1,"Liga Nacional","Liga Endesa",-402534000,NA,"https://www.acb.com/Documentos/Cabeceras/logo-competicion-1b.png","https://www.acb.com/Documentos/Cabeceras/logo-competicion-4a.png",77,2012,107,NA,NA,2384,15230,NA,NA,FALSE,2875,2880,989,"Valencia Basket Club","Valencia Basket","VBC",2875,649,"FIATC Joventut","FIATC Joventut","CJB",1,75,12000,4,15,26,19,44,43,25,31,80,18,12,30,8,7,22,0,5,3,3,23,28,63,-160,0,13,0,0,75,107,0,0,0,0,0,0,0,0,0
1386665,1,"Liga Nacional","Liga Endesa",-402534000,NA,"https://www.acb.com/Documentos/Cabeceras/logo-competicion-1b.png","https://www.acb.com/Documentos/Cabeceras/logo-competicion-4a.png",77,2012,107,NA,NA,2384,15230,NA,NA,TRUE,2880,2880,989,"Valencia Basket Club","Valencia Basket","VBC",2875,649,"FIATC Joventut","FIATC Joventut","CJB",1,107,12000,12,23,52,23,40,57,25,31,80,24,8,32,25,17,15,0,3,5,3,28,23,125,160,0,0,12,0,107,75,0,0,0,0,0,0,0,0,0
1386584,1,"Liga Nacional","Liga Endesa",-402534000,NA,"https://www.acb.com/Documentos/Cabeceras/logo-competicion-1b.png","https://www.acb.com/Documentos/Cabeceras/logo-competicion-4a.png",77,2012,107,NA,NA,2384,15227,NA,NA,TRUE,2866,2866,1392,"CB Canarias","CB Canarias","CAN",2883,1862,"Blancos de Rueda Valladolid","Blancos Rueda","BRV",1,74,12000,9,21,42,15,40,37,17,24,70,24,9,33,13,11,11,0,2,1,1,19,24,82,30,0,0,11,0,74,68,0,0,0,0,0,0,0,0,0
1386585,1,"Liga Nacional","Liga Endesa",-402534000,NA,"https://www.acb.com/Documentos/Cabeceras/logo-competicion-1b.png","https://www.acb.com/Documentos/Cabeceras/logo-competicion-4a.png",77,2012,107,NA,NA,2384,15227,NA,NA,FALSE,2883,2866,1392,"CB Canarias","CB Canarias","CAN",2883,1862,"Blancos de Rueda Valladolid","Blancos Rueda","BRV",1,68,12000,5,20,25,19,39,48,15,20,75,30,8,38,10,8,16,0,1,2,1,24,19,62,-30,0,10,0,0,68,74,0,0,0,0,0,0,0,0,0
1386612,1,"Liga Nacional","Liga Endesa",-402534000,NA,"https://www.acb.com/Documentos/Cabeceras/logo-competicion-1b.png","https://www.acb.com/Documentos/Cabeceras/logo-competicion-4a.png",77,2012,107,NA,NA,2384,15228,NA,NA,FALSE,2881,2874,1164,"CAI Zaragoza","CAI Zaragoza","CAI",2881,1084,"Unicaja","Unicaja","UNI",1,64,12000,4,21,19,20,43,46,12,15,80,24,12,36,8,6,11,0,3,3,1,19,19,60,-90,0,12,0,0,64,82,0,0,0,0,0,0,0,0,0
1386611,1,"Liga Nacional","Liga Endesa",-402534000,NA,"https://www.acb.com/Documentos/Cabeceras/logo-competicion-1b.png","https://www.acb.com/Documentos/Cabeceras/logo-competicion-4a.png",77,2012,107,NA,NA,2384,15228,NA,NA,TRUE,2874,2874,1164,"CAI Zaragoza","CAI Zaragoza","CAI",2881,1084,"Unicaja","Unicaja","UNI",1,82,12000,12,28,42,17,34,50,12,15,80,27,10,37,17,3,10,0,3,3,4,19,19,93,90,0,0,11,0,82,64,0,0,0,0,0,0,0,0,0
1386776,1,"Liga Nacional","Liga Endesa",-402534000,NA,"https://www.acb.com/Documentos/Cabeceras/logo-competicion-1b.png","https://www.acb.com/Documentos/Cabeceras/logo-competicion-4a.png",77,2012,107,NA,NA,2385,15234,NA,NA,FALSE,2880,2876,794,"Real Madrid","Real Madrid","RMB",2880,989,"Valencia Basket Club","Valencia Basket","VBC",1,84,12000,10,22,45,17,34,50,20,21,95,18,4,22,18,7,14,0,5,3,1,31,21,79,-15,0,11,0,0,84,87,0,0,0,0,0,0,0,0,0
1386775,1,"Liga Nacional","Liga Endesa",-402534000,NA,"https://www.acb.com/Documentos/Cabeceras/logo-competicion-1b.png","https://www.acb.com/Documentos/Cabeceras/logo-competicion-4a.png",77,2012,107,NA,NA,2385,15234,NA,NA,TRUE,2876,2876,794,"Real Madrid","Real Madrid","RMB",2880,989,"Valencia Basket Club","Valencia Basket","VBC",1,87,12000,6,21,28,23,38,60,23,34,67,23,13,36,13,7,16,0,3,5,3,21,31,94,15,0,0,12,0,87,84,0,0,0,0,0,0,0,0,0
1386966,1,"Liga Nacional","Liga Endesa",-402534000,NA,"https://www.acb.com/Documentos/Cabeceras/logo-competicion-1b.png","https://www.acb.com/Documentos/Cabeceras/logo-competicion-4a.png",77,2012,107,NA,NA,2385,15241,NA,NA,TRUE,2877,2877,880,"Assignia Manresa","Assignia Man.","MAN",2872,1214,"Mad-Croc Fuenlabrada","Mad-Croc Fuenla","MCF",1,74,12000,7,22,31,18,36,50,17,24,70,30,10,40,13,4,12,0,4,3,0,23,22,79,40,0,0,12,0,74,66,0,0,0,0,0,0,0,0,0
1386967,1,"Liga Nacional","Liga Endesa",-402534000,NA,"https://www.acb.com/Documentos/Cabeceras/logo-competicion-1b.png","https://www.acb.com/Documentos/Cabeceras/logo-competicion-4a.png",77,2012,107,NA,NA,2385,15241,NA,NA,FALSE,2872,2877,880,"Assignia Manresa","Assignia Man.","MAN",2872,1214,"Mad-Croc Fuenlabrada","Mad-Croc Fuenla","MCF",1,66,12000,7,26,26,15,37,40,15,18,83,26,11,37,14,6,11,0,3,4,2,22,23,68,-40,0,12,0,0,66,74,0,0,0,0,0,0,0,0,0
1386749,1,"Liga Nacional","Liga Endesa",-402534000,NA,"https://www.acb.com/Documentos/Cabeceras/logo-competicion-1b.png","https://www.acb.com/Documentos/Cabeceras/logo-competicion-4a.png",77,2012,107,NA,NA,2385,15233,NA,NA,FALSE,2879,2867,136,"FC Barcelona Regal","FCB Regal","FCB",2879,1691,"Blusens Monbus","Blusens Monbus","BSM",1,62,12000,3,15,20,21,44,47,11,14,78,24,9,33,13,15,13,0,4,3,5,16,21,78,40,0,0,11,0,62,54,0,0,0,0,0,0,0,0,0
1386748,1,"Liga Nacional","Liga Endesa",-402534000,NA,"https://www.acb.com/Documentos/Cabeceras/logo-competicion-1b.png","https://www.acb.com/Documentos/Cabeceras/logo-competicion-4a.png",77,2012,107,NA,NA,2385,15233,NA,NA,TRUE,2867,2867,136,"FC Barcelona Regal","FCB Regal","FCB",2879,1691,"Blusens Monbus","Blusens Monbus","BSM",1,54,12000,3,22,13,18,36,50,9,12,75,26,10,36,10,6,19,0,3,4,1,21,16,41,-40,0,12,0,0,54,62,0,0,0,0,0,0,0,0,0
1386803,1,"Liga Nacional","Liga Endesa",-402534000,NA,"https://www.acb.com/Documentos/Cabeceras/logo-competicion-1b.png","https://www.acb.com/Documentos/Cabeceras/logo-competicion-4a.png",77,2012,107,NA,NA,2385,15235,NA,NA,FALSE,2882,2875,649,"FIATC Joventut","FIATC Joventut","CJB",2882,1145,"Cajasol","Cajasol","CAJ",1,82,12000,8,19,42,23,49,46,12,14,85,20,9,29,14,4,6,0,5,3,2,22,17,81,-10,0,11,0,0,82,84,0,0,0,0,0,0,0,0,0
1386802,1,"Liga Nacional","Liga Endesa",-402534000,NA,"https://www.acb.com/Documentos/Cabeceras/logo-competicion-1b.png","https://www.acb.com/Documentos/Cabeceras/logo-competicion-4a.png",77,2012,107,NA,NA,2385,15235,NA,NA,TRUE,2875,2875,649,"FIATC Joventut","FIATC Joventut","CJB",2882,1145,"Cajasol","Cajasol","CAJ",1,84,12000,9,26,34,21,34,61,15,19,78,27,12,39,11,2,12,0,3,5,0,17,22,93,10,0,0,12,0,84,82,0,0,0,0,0,0,0,0,0
1386886,1,"Liga Nacional","Liga Endesa",-402534000,NA,"https://www.acb.com/Documentos/Cabeceras/logo-competicion-1b.png","https://www.acb.com/Documentos/Cabeceras/logo-competicion-4a.png",77,2012,107,NA,NA,2385,15238,NA,NA,FALSE,2866,2881,1084,"Unicaja","Unicaja","UNI",2866,1392,"CB Canarias","CB Canarias","CAN",1,67,12000,4,20,20,16,30,53,23,23,100,23,7,30,11,6,21,0,2,4,0,19,26,68,-105,0,11,0,0,67,88,0,0,0,0,0,0,0,0,0
1386885,1,"Liga Nacional","Liga Endesa",-402534000,NA,"https://www.acb.com/Documentos/Cabeceras/logo-competicion-1b.png","https://www.acb.com/Documentos/Cabeceras/logo-competicion-4a.png",77,2012,107,NA,NA,2385,15238,NA,NA,TRUE,2881,2881,1084,"Unicaja","Unicaja","UNI",2866,1392,"CB Canarias","CB Canarias","CAN",1,88,12000,12,25,48,22,42,52,8,15,53,20,10,30,15,13,11,0,4,2,2,26,19,90,105,0,0,12,0,88,67,0,0,0,0,0,0,0,0,0
1386831,1,"Liga Nacional","Liga Endesa",-402534000,NA,"https://www.acb.com/Documentos/Cabeceras/logo-competicion-1b.png","https://www.acb.com/Documentos/Cabeceras/logo-competicion-4a.png",77,2012,107,NA,NA,2385,15236,NA,NA,TRUE,2871,2871,484,"Asefa Estudiantes","Asefa Estu","ASE",2870,358,"Gran Canaria 2014","G. Canaria 2014","GCA",1,83,12000,10,23,43,18,36,50,17,22,77,19,11,30,14,12,19,0,2,3,4,20,24,87,40,0,0,11,0,83,75,0,0,0,0,0,0,0,0,0
1386832,1,"Liga Nacional","Liga Endesa",-402534000,NA,"https://www.acb.com/Documentos/Cabeceras/logo-competicion-1b.png","https://www.acb.com/Documentos/Cabeceras/logo-competicion-4a.png",77,2012,107,NA,NA,2385,15236,NA,NA,FALSE,2870,2871,484,"Asefa Estudiantes","Asefa Estu","ASE",2870,358,"Gran Canaria 2014","G. Canaria 2014","GCA",1,75,12000,6,19,31,23,41,56,11,15,73,21,13,34,15,6,22,0,3,2,3,24,20,70,-40,0,12,0,0,75,83,0,0,0,0,0,0,0,0,0
1386912,1,"Liga Nacional","Liga Endesa",-402534000,NA,"https://www.acb.com/Documentos/Cabeceras/logo-competicion-1b.png","https://www.acb.com/Documentos/Cabeceras/logo-competicion-4a.png",77,2012,107,NA,NA,2385,15239,NA,NA,TRUE,2883,2883,1862,"Blancos de Rueda Valladolid","Blancos Rueda","BRV",2868,248,"Caja Laboral","Caja Laboral","CLA",1,71,12000,2,14,14,25,46,54,15,16,93,18,12,30,13,6,16,0,3,1,5,17,21,76,-110,0,12,0,0,71,93,0,0,0,0,0,0,0,0,0
1386913,1,"Liga Nacional","Liga Endesa",-402534000,NA,"https://www.acb.com/Documentos/Cabeceras/logo-competicion-1b.png","https://www.acb.com/Documentos/Cabeceras/logo-competicion-4a.png",77,2012,107,NA,NA,2385,15239,NA,NA,FALSE,2868,2883,1862,"Blancos de Rueda Valladolid","Blancos Rueda","BRV",2868,248,"Caja Laboral","Caja Laboral","CLA",1,93,12000,15,27,55,19,44,43,10,11,90,21,16,37,20,11,12,0,1,3,4,21,17,105,110,0,0,11,0,93,71,0,0,0,0,0,0,0,0,0
1386939,1,"Liga Nacional","Liga Endesa",-402534000,NA,"https://www.acb.com/Documentos/Cabeceras/logo-competicion-1b.png","https://www.acb.com/Documentos/Cabeceras/logo-competicion-4a.png",77,2012,107,NA,NA,2385,15240,NA,NA,FALSE,2878,2869,300,"Uxue Bilbao Basket","Uxue Bilbao","UBB",2878,916,"UCAM Murcia CB","UCAM Murcia CB","UCM",1,75,12000,9,26,34,19,46,41,10,11,90,26,12,38,11,4,11,0,2,4,2,21,18,67,-115,0,11,0,0,75,98,0,0,0,0,0,0,0,0,0
1386938,1,"Liga Nacional","Liga Endesa",-402534000,NA,"https://www.acb.com/Documentos/Cabeceras/logo-competicion-1b.png","https://www.acb.com/Documentos/Cabeceras/logo-competicion-4a.png",77,2012,107,NA,NA,2385,15240,NA,NA,TRUE,2869,2869,300,"Uxue Bilbao Basket","Uxue Bilbao","UBB",2878,916,"UCAM Murcia CB","UCAM Murcia CB","UCM",1,98,12000,7,22,31,31,49,63,15,16,93,30,9,39,24,6,6,0,4,2,3,18,21,132,115,0,0,11,0,98,75,0,0,0,0,0,0,0,0,0
1386858,1,"Liga Nacional","Liga Endesa",-402534000,NA,"https://www.acb.com/Documentos/Cabeceras/logo-competicion-1b.png","https://www.acb.com/Documentos/Cabeceras/logo-competicion-4a.png",77,2012,107,NA,NA,2385,15237,NA,NA,TRUE,2873,2873,519,"Lagun Aro GBC","Lagun Aro GBC","GBC",2874,1164,"CAI Zaragoza","CAI Zaragoza","CAI",1,79,12000,13,29,44,17,34,50,6,8,75,27,5,32,11,5,9,0,5,4,5,19,13,78,45,0,0,12,0,79,70,0,0,0,0,0,0,0,0,0
1386859,1,"Liga Nacional","Liga Endesa",-402534000,NA,"https://www.acb.com/Documentos/Cabeceras/logo-competicion-1b.png","https://www.acb.com/Documentos/Cabeceras/logo-competicion-4a.png",77,2012,107,NA,NA,2385,15237,NA,NA,FALSE,2874,2873,519,"Lagun Aro GBC","Lagun Aro GBC","GBC",2874,1164,"CAI Zaragoza","CAI Zaragoza","CAI",1,70,12000,7,23,30,19,44,43,11,11,100,28,14,42,5,3,11,0,4,5,2,13,19,73,-45,0,10,0,0,70,79,0,0,0,0,0,0,0,0,0
1387132,1,"Liga Nacional","Liga Endesa",-402534000,NA,"https://www.acb.com/Documentos/Cabeceras/logo-competicion-1b.png","https://www.acb.com/Documentos/Cabeceras/logo-competicion-4a.png",77,2012,107,NA,NA,2386,15247,NA,NA,FALSE,2880,2877,880,"Assignia Manresa","Assignia Man.","MAN",2880,989,"Valencia Basket Club","Valencia Basket","VBC",1,87,12000,5,19,26,23,47,48,26,31,83,21,16,37,21,7,13,0,2,5,1,35,28,86,5,0,0,11,0,87,86,0,0,0,0,0,0,0,0,0
1387131,1,"Liga Nacional","Liga Endesa",-402534000,NA,"https://www.acb.com/Documentos/Cabeceras/logo-competicion-1b.png","https://www.acb.com/Documentos/Cabeceras/logo-competicion-4a.png",77,2012,107,NA,NA,2386,15247,NA,NA,TRUE,2877,2877,880,"Assignia Manresa","Assignia Man.","MAN",2880,989,"Valencia Basket Club","Valencia Basket","VBC",1,86,12000,5,20,25,19,29,65,33,45,73,23,8,31,16,10,15,0,5,2,3,28,35,101,-5,0,12,0,0,86,87,0,0,0,0,0,0,0,0,0
1387158,1,"Liga Nacional","Liga Endesa",-402534000,NA,"https://www.acb.com/Documentos/Cabeceras/logo-competicion-1b.png","https://www.acb.com/Documentos/Cabeceras/logo-competicion-4a.png",77,2012,107,NA,NA,2386,15248,NA,NA,TRUE,2872,2872,1214,"Mad-Croc Fuenlabrada","Mad-Croc Fuenla","MCF",2882,1145,"Cajasol","Cajasol","CAJ",1,82,12000,14,32,43,15,27,55,10,16,62,26,7,33,18,10,13,0,3,2,1,16,19,98,20,0,0,11,0,82,78,0,0,0,0,0,0,0,0,0
1387159,1,"Liga Nacional","Liga Endesa",-402534000,NA,"https://www.acb.com/Documentos/Cabeceras/logo-competicion-1b.png","https://www.acb.com/Documentos/Cabeceras/logo-competicion-4a.png",77,2012,107,NA,NA,2386,15248,NA,NA,FALSE,2882,2872,1214,"Mad-Croc Fuenlabrada","Mad-Croc Fuenla","MCF",2882,1145,"Cajasol","Cajasol","CAJ",1,78,12000,10,26,38,20,39,51,8,12,66,25,12,37,16,6,14,0,2,3,6,19,16,80,-20,0,10,0,0,78,82,0,0,0,0,0,0,0,0,0
1387213,1,"Liga Nacional","Liga Endesa",-402534000,NA,"https://www.acb.com/Documentos/Cabeceras/logo-competicion-1b.png","https://www.acb.com/Documentos/Cabeceras/logo-competicion-4a.png",77,2012,107,NA,NA,2386,15250,NA,NA,TRUE,2868,2868,248,"Caja Laboral","Caja Laboral","CLA",2866,1392,"CB Canarias","CB Canarias","CAN",1,81,12000,7,20,35,23,48,47,14,15,93,27,13,40,18,15,16,0,2,0,5,25,18,94,95,0,0,12,0,81,62,0,0,0,0,0,0,0,0,0
1387214,1,"Liga Nacional","Liga Endesa",-402534000,NA,"https://www.acb.com/Documentos/Cabeceras/logo-competicion-1b.png","https://www.acb.com/Documentos/Cabeceras/logo-competicion-4a.png",77,2012,107,NA,NA,2386,15250,NA,NA,FALSE,2866,2868,248,"Caja Laboral","Caja Laboral","CLA",2866,1392,"CB Canarias","CB Canarias","CAN",1,62,12000,4,24,16,14,29,48,22,24,91,23,6,29,7,7,20,0,0,2,0,18,25,53,-95,0,11,0,0,62,81,0,0,0,0,0,0,0,0,0
1387021,1,"Liga Nacional","Liga Endesa",-402534000,NA,"https://www.acb.com/Documentos/Cabeceras/logo-competicion-1b.png","https://www.acb.com/Documentos/Cabeceras/logo-competicion-4a.png",77,2012,107,NA,NA,2386,15243,NA,NA,FALSE,2867,2881,1084,"Unicaja","Unicaja","UNI",2867,136,"FC Barcelona Regal","FCB Regal","FCB",1,69,12000,4,27,14,21,39,53,15,19,78,30,13,43,10,4,9,0,2,4,1,18,24,76,-10,0,13,0,0,69,71,0,0,0,0,0,0,0,0,0
1387020,1,"Liga Nacional","Liga Endesa",-402534000,NA,"https://www.acb.com/Documentos/Cabeceras/logo-competicion-1b.png","https://www.acb.com/Documentos/Cabeceras/logo-competicion-4a.png",77,2012,107,NA,NA,2386,15243,NA,NA,TRUE,2881,2881,1084,"Unicaja","Unicaja","UNI",2867,136,"FC Barcelona Regal","FCB Regal","FCB",1,71,12000,5,18,27,25,55,45,6,10,60,26,12,38,14,4,6,0,4,2,3,24,18,70,10,0,0,12,0,71,69,0,0,0,0,0,0,0,0,0
1387048,1,"Liga Nacional","Liga Endesa",-402534000,NA,"https://www.acb.com/Documentos/Cabeceras/logo-competicion-1b.png","https://www.acb.com/Documentos/Cabeceras/logo-competicion-4a.png",77,2012,107,NA,NA,2386,15244,NA,NA,TRUE,2883,2883,1862,"Blancos de Rueda Valladolid","Blancos Rueda","BRV",2870,358,"Gran Canaria 2014","G. Canaria 2014","GCA",1,73,12000,5,19,26,23,45,51,12,13,92,19,15,34,19,6,17,0,5,1,2,20,18,80,-55,0,10,0,0,73,84,0,0,0,0,0,0,0,0,0
1387049,1,"Liga Nacional","Liga Endesa",-402534000,NA,"https://www.acb.com/Documentos/Cabeceras/logo-competicion-1b.png","https://www.acb.com/Documentos/Cabeceras/logo-competicion-4a.png",77,2012,107,NA,NA,2386,15244,NA,NA,FALSE,2870,2883,1862,"Blancos de Rueda Valladolid","Blancos Rueda","BRV",2870,358,"Gran Canaria 2014","G. Canaria 2014","GCA",1,84,12000,6,16,37,25,49,51,16,18,88,22,14,36,15,9,13,0,1,5,2,18,20,93,55,0,0,11,0,84,73,0,0,0,0,0,0,0,0,0
1386993,1,"Liga Nacional","Liga Endesa",-402534000,NA,"https://www.acb.com/Documentos/Cabeceras/logo-competicion-1b.png","https://www.acb.com/Documentos/Cabeceras/logo-competicion-4a.png",77,2012,107,NA,NA,2386,15242,NA,NA,FALSE,2876,2873,519,"Lagun Aro GBC","Lagun Aro GBC","GBC",2876,794,"Real Madrid","Real Madrid","RMB",1,85,12000,12,29,41,16,34,47,17,22,77,19,10,29,8,13,10,0,9,3,0,17,24,98,70,0,0,10,0,85,71,0,0,0,0,0,0,0,0,0
1386992,1,"Liga Nacional","Liga Endesa",-402534000,NA,"https://www.acb.com/Documentos/Cabeceras/logo-competicion-1b.png","https://www.acb.com/Documentos/Cabeceras/logo-competicion-4a.png",77,2012,107,NA,NA,2386,15242,NA,NA,TRUE,2873,2873,519,"Lagun Aro GBC","Lagun Aro GBC","GBC",2876,794,"Real Madrid","Real Madrid","RMB",1,71,12000,7,16,43,21,41,51,8,14,57,24,10,34,16,6,22,0,3,9,6,24,17,57,-70,0,11,0,0,71,85,0,0,0,0,0,0,0,0,0
1387105,1,"Liga Nacional","Liga Endesa",-402534000,NA,"https://www.acb.com/Documentos/Cabeceras/logo-competicion-1b.png","https://www.acb.com/Documentos/Cabeceras/logo-competicion-4a.png",77,2012,107,NA,NA,2386,15246,NA,NA,FALSE,2871,2875,649,"FIATC Joventut","FIATC Joventut","CJB",2871,484,"Asefa Estudiantes","Asefa Estu","ASE",1,75,12000,6,22,27,22,45,48,13,15,86,26,13,39,13,3,15,0,6,6,4,20,23,77,-105,0,11,0,0,75,96,0,0,0,0,0,0,0,0,0
1387104,1,"Liga Nacional","Liga Endesa",-402534000,NA,"https://www.acb.com/Documentos/Cabeceras/logo-competicion-1b.png","https://www.acb.com/Documentos/Cabeceras/logo-competicion-4a.png",77,2012,107,NA,NA,2386,15246,NA,NA,TRUE,2875,2875,649,"FIATC Joventut","FIATC Joventut","CJB",2871,484,"Asefa Estudiantes","Asefa Estu","ASE",1,96,12000,10,33,30,23,44,52,20,23,86,25,14,39,18,12,5,0,6,6,4,23,20,110,105,0,0,12,0,96,75,0,0,0,0,0,0,0,0,0
1387187,1,"Liga Nacional","Liga Endesa",-402534000,NA,"https://www.acb.com/Documentos/Cabeceras/logo-competicion-1b.png","https://www.acb.com/Documentos/Cabeceras/logo-competicion-4a.png",77,2012,107,NA,NA,2386,15249,NA,NA,FALSE,2874,2878,916,"UCAM Murcia CB","UCAM Murcia CB","UCM",2874,1164,"CAI Zaragoza","CAI Zaragoza","CAI",1,75,12000,9,22,40,19,34,55,10,17,58,24,8,32,15,7,15,0,0,2,3,21,21,77,-10,0,10,0,0,75,77,0,0,0,0,0,0,0,0,0
1387186,1,"Liga Nacional","Liga Endesa",-402534000,NA,"https://www.acb.com/Documentos/Cabeceras/logo-competicion-1b.png","https://www.acb.com/Documentos/Cabeceras/logo-competicion-4a.png",77,2012,107,NA,NA,2386,15249,NA,NA,TRUE,2878,2878,916,"UCAM Murcia CB","UCAM Murcia CB","UCM",2874,1164,"CAI Zaragoza","CAI Zaragoza","CAI",1,77,12000,8,26,30,17,31,54,19,24,79,21,9,30,14,8,12,0,2,0,3,21,21,82,10,0,0,10,0,77,75,0,0,0,0,0,0,0,0,0
1387077,1,"Liga Nacional","Liga Endesa",-402534000,NA,"https://www.acb.com/Documentos/Cabeceras/logo-competicion-1b.png","https://www.acb.com/Documentos/Cabeceras/logo-competicion-4a.png",77,2012,107,NA,NA,2386,15245,NA,NA,FALSE,2879,2869,300,"Uxue Bilbao Basket","Uxue Bilbao","UBB",2879,1691,"Blusens Monbus","Blusens Monbus","BSM",1,70,12000,6,21,28,18,44,40,16,17,94,23,11,34,9,10,12,0,2,4,2,23,20,64,-55,0,12,0,0,70,81,0,0,0,0,0,0,0,0,0
1387076,1,"Liga Nacional","Liga Endesa",-402534000,NA,"https://www.acb.com/Documentos/Cabeceras/logo-competicion-1b.png","https://www.acb.com/Documentos/Cabeceras/logo-competicion-4a.png",77,2012,107,NA,NA,2386,15245,NA,NA,TRUE,2869,2869,300,"Uxue Bilbao Basket","Uxue Bilbao","UBB",2879,1691,"Blusens Monbus","Blusens Monbus","BSM",1,81,12000,9,17,52,21,35,60,12,19,63,29,4,33,19,7,15,0,4,2,2,20,23,101,55,0,0,11,0,81,70,0,0,0,0,0,0,0,0,0
1388203,1,"Liga Nacional","Liga Endesa",-402534000,NA,"https://www.acb.com/Documentos/Cabeceras/logo-competicion-1b.png","https://www.acb.com/Documentos/Cabeceras/logo-competicion-4a.png",77,2012,107,NA,NA,2387,15287,NA,NA,TRUE,2867,2867,136,"FC Barcelona Regal","FCB Regal","FCB",2876,794,"Real Madrid","Real Madrid","RMB",1,96,12000,12,21,57,23,40,57,14,15,93,22,9,31,14,3,12,0,3,3,1,22,22,105,35,0,0,11,0,96,89,0,0,0,0,0,0,0,0,0
1388204,1,"Liga Nacional","Liga Endesa",-402534000,NA,"https://www.acb.com/Documentos/Cabeceras/logo-competicion-1b.png","https://www.acb.com/Documentos/Cabeceras/logo-competicion-4a.png",77,2012,107,NA,NA,2387,15287,NA,NA,FALSE,2876,2867,136,"FC Barcelona Regal","FCB Regal","FCB",2876,794,"Real Madrid","Real Madrid","RMB",1,89,12000,9,24,37,24,41,58,14,20,70,16,8,24,17,7,7,0,3,3,2,22,22,92,-35,0,12,0,0,89,96,0,0,0,0,0,0,0,0,0
1388176,1,"Liga Nacional","Liga Endesa",-402534000,NA,"https://www.acb.com/Documentos/Cabeceras/logo-competicion-1b.png","https://www.acb.com/Documentos/Cabeceras/logo-competicion-4a.png",77,2012,107,NA,NA,2387,15286,NA,NA,FALSE,2875,2870,358,"Gran Canaria 2014","G. Canaria 2014","GCA",2875,649,"FIATC Joventut","FIATC Joventut","CJB",1,50,12000,5,21,23,12,43,27,11,12,91,26,13,39,6,6,17,0,3,4,1,15,19,39,-150,0,12,0,0,50,80,0,0,0,0,0,0,0,0,0
1388175,1,"Liga Nacional","Liga Endesa",-402534000,NA,"https://www.acb.com/Documentos/Cabeceras/logo-competicion-1b.png","https://www.acb.com/Documentos/Cabeceras/logo-competicion-4a.png",77,2012,107,NA,NA,2387,15286,NA,NA,TRUE,2870,2870,358,"Gran Canaria 2014","G. Canaria 2014","GCA",2875,649,"FIATC Joventut","FIATC Joventut","CJB",1,80,12000,7,18,38,22,45,48,15,18,83,33,8,41,24,10,10,0,4,3,4,19,15,105,150,0,0,13,0,80,50,0,0,0,0,0,0,0,0,0
1387240,1,"Liga Nacional","Liga Endesa",-402534000,NA,"https://www.acb.com/Documentos/Cabeceras/logo-competicion-1b.png","https://www.acb.com/Documentos/Cabeceras/logo-competicion-4a.png",77,2012,107,NA,NA,2387,15251,NA,NA,TRUE,2868,2868,248,"Caja Laboral","Caja Laboral","CLA",2872,1214,"Mad-Croc Fuenlabrada","Mad-Croc Fuenla","MCF",1,84,12000,11,28,39,20,33,60,11,12,91,21,6,27,17,13,14,0,2,3,2,22,21,94,35,0,0,11,0,84,77,0,0,0,0,0,0,0,0,0
1387241,1,"Liga Nacional","Liga Endesa",-402534000,NA,"https://www.acb.com/Documentos/Cabeceras/logo-competicion-1b.png","https://www.acb.com/Documentos/Cabeceras/logo-competicion-4a.png",77,2012,107,NA,NA,2387,15251,NA,NA,FALSE,2872,2868,248,"Caja Laboral","Caja Laboral","CLA",2872,1214,"Mad-Croc Fuenlabrada","Mad-Croc Fuenla","MCF",1,77,12000,10,20,50,17,33,51,13,20,65,21,4,25,12,6,16,0,3,2,3,21,22,73,-35,0,11,0,0,77,84,0,0,0,0,0,0,0,0,0
1387295,1,"Liga Nacional","Liga Endesa",-402534000,NA,"https://www.acb.com/Documentos/Cabeceras/logo-competicion-1b.png","https://www.acb.com/Documentos/Cabeceras/logo-competicion-4a.png",77,2012,107,NA,NA,2387,15253,NA,NA,FALSE,2869,2874,1164,"CAI Zaragoza","CAI Zaragoza","CAI",2869,300,"Uxue Bilbao Basket","Uxue Bilbao","UBB",1,74,12000,9,25,36,20,39,51,7,10,70,26,8,34,20,5,13,0,0,2,2,19,16,77,-35,0,11,0,0,74,81,0,0,0,0,0,0,0,0,0
1387294,1,"Liga Nacional","Liga Endesa",-402534000,NA,"https://www.acb.com/Documentos/Cabeceras/logo-competicion-1b.png","https://www.acb.com/Documentos/Cabeceras/logo-competicion-4a.png",77,2012,107,NA,NA,2387,15253,NA,NA,TRUE,2874,2874,1164,"CAI Zaragoza","CAI Zaragoza","CAI",2869,300,"Uxue Bilbao Basket","Uxue Bilbao","UBB",1,81,12000,7,23,30,24,39,61,12,13,92,26,6,32,14,10,10,0,2,0,1,16,19,100,35,0,0,11,0,81,74,0,0,0,0,0,0,0,0,0
1387322,1,"Liga Nacional","Liga Endesa",-402534000,NA,"https://www.acb.com/Documentos/Cabeceras/logo-competicion-1b.png","https://www.acb.com/Documentos/Cabeceras/logo-competicion-4a.png",77,2012,107,NA,NA,2387,15254,NA,NA,FALSE,2883,2882,1145,"Cajasol","Cajasol","CAJ",2883,1862,"Blancos de Rueda Valladolid","Blancos Rueda","BRV",1,57,12000,3,11,27,22,41,53,4,6,66,21,3,24,13,11,20,0,5,0,4,15,15,61,-185,0,11,0,0,57,94,0,0,0,0,0,0,0,0,0
1387321,1,"Liga Nacional","Liga Endesa",-402534000,NA,"https://www.acb.com/Documentos/Cabeceras/logo-competicion-1b.png","https://www.acb.com/Documentos/Cabeceras/logo-competicion-4a.png",77,2012,107,NA,NA,2387,15254,NA,NA,TRUE,2882,2882,1145,"Cajasol","Cajasol","CAJ",2883,1862,"Blancos de Rueda Valladolid","Blancos Rueda","BRV",1,94,12000,14,27,51,21,47,44,10,11,90,25,18,43,23,13,11,0,0,5,4,15,15,117,185,0,0,12,0,94,57,0,0,0,0,0,0,0,0,0
1387374,1,"Liga Nacional","Liga Endesa",-402534000,NA,"https://www.acb.com/Documentos/Cabeceras/logo-competicion-1b.png","https://www.acb.com/Documentos/Cabeceras/logo-competicion-4a.png",77,2012,107,NA,NA,2387,15256,NA,NA,TRUE,2878,2878,916,"UCAM Murcia CB","UCAM Murcia CB","UCM",2871,484,"Asefa Estudiantes","Asefa Estu","ASE",1,68,12000,7,30,23,15,25,60,17,19,89,23,7,30,9,7,14,0,1,1,1,21,20,64,-115,0,11,0,0,68,91,0,0,0,0,0,0,0,0,0
1387375,1,"Liga Nacional","Liga Endesa",-402534000,NA,"https://www.acb.com/Documentos/Cabeceras/logo-competicion-1b.png","https://www.acb.com/Documentos/Cabeceras/logo-competicion-4a.png",77,2012,107,NA,NA,2387,15256,NA,NA,FALSE,2871,2878,916,"UCAM Murcia CB","UCAM Murcia CB","UCM",2871,484,"Asefa Estudiantes","Asefa Estu","ASE",1,91,12000,12,23,52,19,40,47,17,20,85,26,9,35,11,11,7,0,1,1,2,20,21,107,115,0,0,13,0,91,68,0,0,0,0,0,0,0,0,0
1387347,1,"Liga Nacional","Liga Endesa",-402534000,NA,"https://www.acb.com/Documentos/Cabeceras/logo-competicion-1b.png","https://www.acb.com/Documentos/Cabeceras/logo-competicion-4a.png",77,2012,107,NA,NA,2387,15255,NA,NA,TRUE,2880,2880,989,"Valencia Basket Club","Valencia Basket","VBC",2881,1084,"Unicaja","Unicaja","UNI",1,82,12000,8,20,40,21,46,45,16,19,84,24,14,38,14,9,10,0,3,4,4,22,22,92,90,0,0,10,0,82,64,0,0,0,0,0,0,0,0,0
1387348,1,"Liga Nacional","Liga Endesa",-402534000,NA,"https://www.acb.com/Documentos/Cabeceras/logo-competicion-1b.png","https://www.acb.com/Documentos/Cabeceras/logo-competicion-4a.png",77,2012,107,NA,NA,2387,15255,NA,NA,FALSE,2881,2880,989,"Valencia Basket Club","Valencia Basket","VBC",2881,1084,"Unicaja","Unicaja","UNI",1,64,12000,5,18,27,18,44,40,13,18,72,23,14,37,13,5,16,0,4,3,1,22,22,60,-90,0,11,0,0,64,82,0,0,0,0,0,0,0,0,0
1387267,1,"Liga Nacional","Liga Endesa",-402534000,NA,"https://www.acb.com/Documentos/Cabeceras/logo-competicion-1b.png","https://www.acb.com/Documentos/Cabeceras/logo-competicion-4a.png",77,2012,107,NA,NA,2387,15252,NA,NA,FALSE,2877,2866,1392,"CB Canarias","CB Canarias","CAN",2877,880,"Assignia Manresa","Assignia Man.","MAN",1,78,12000,12,25,48,16,35,45,10,11,90,24,7,31,14,4,15,0,4,1,0,20,16,78,-15,0,11,0,0,78,81,0,0,0,0,0,0,0,0,0
1387266,1,"Liga Nacional","Liga Endesa",-402534000,NA,"https://www.acb.com/Documentos/Cabeceras/logo-competicion-1b.png","https://www.acb.com/Documentos/Cabeceras/logo-competicion-4a.png",77,2012,107,NA,NA,2387,15252,NA,NA,TRUE,2866,2866,1392,"CB Canarias","CB Canarias","CAN",2877,880,"Assignia Manresa","Assignia Man.","MAN",1,81,12000,8,22,36,21,51,41,15,17,88,23,20,43,12,8,9,0,1,4,1,16,20,90,15,0,0,11,0,81,78,0,0,0,0,0,0,0,0,0
1387402,1,"Liga Nacional","Liga Endesa",-402534000,NA,"https://www.acb.com/Documentos/Cabeceras/logo-competicion-1b.png","https://www.acb.com/Documentos/Cabeceras/logo-competicion-4a.png",77,2012,107,NA,NA,2387,15257,NA,NA,FALSE,2873,2879,1691,"Blusens Monbus","Blusens Monbus","BSM",2873,519,"Lagun Aro GBC","Lagun Aro GBC","GBC",1,60,12000,5,20,25,17,35,48,11,12,91,15,6,21,9,12,14,0,0,4,4,23,18,45,-55,0,11,0,0,60,71,0,0,0,0,0,0,0,0,0
1387401,1,"Liga Nacional","Liga Endesa",-402534000,NA,"https://www.acb.com/Documentos/Cabeceras/logo-competicion-1b.png","https://www.acb.com/Documentos/Cabeceras/logo-competicion-4a.png",77,2012,107,NA,NA,2387,15257,NA,NA,TRUE,2879,2879,1691,"Blusens Monbus","Blusens Monbus","BSM",2873,519,"Lagun Aro GBC","Lagun Aro GBC","GBC",1,71,12000,7,19,36,18,32,56,14,16,87,20,6,26,14,10,16,0,4,0,2,18,23,86,55,0,0,12,0,71,60,0,0,0,0,0,0,0,0,0
1388283,1,"Liga Nacional","Liga Endesa",-402534000,NA,"https://www.acb.com/Documentos/Cabeceras/logo-competicion-1b.png","https://www.acb.com/Documentos/Cabeceras/logo-competicion-4a.png",77,2012,107,NA,NA,2388,15290,NA,NA,FALSE,2877,2882,1145,"Cajasol","Cajasol","CAJ",2877,880,"Assignia Manresa","Assignia Man.","MAN",1,60,12000,7,23,30,17,35,48,5,10,50,25,7,32,14,10,16,0,4,5,3,22,16,54,-35,0,11,0,0,60,67,0,0,0,0,0,0,0,0,0
1388282,1,"Liga Nacional","Liga Endesa",-402534000,NA,"https://www.acb.com/Documentos/Cabeceras/logo-competicion-1b.png","https://www.acb.com/Documentos/Cabeceras/logo-competicion-4a.png",77,2012,107,NA,NA,2388,15290,NA,NA,TRUE,2882,2882,1145,"Cajasol","Cajasol","CAJ",2877,880,"Assignia Manresa","Assignia Man.","MAN",1,67,12000,6,17,35,16,40,40,17,20,85,28,8,36,11,11,15,0,5,4,2,16,22,79,35,0,0,12,0,67,60,0,0,0,0,0,0,0,0,0
1388363,1,"Liga Nacional","Liga Endesa",-402534000,NA,"https://www.acb.com/Documentos/Cabeceras/logo-competicion-1b.png","https://www.acb.com/Documentos/Cabeceras/logo-competicion-4a.png",77,2012,107,NA,NA,2388,15293,NA,NA,FALSE,2881,2870,358,"Gran Canaria 2014","G. Canaria 2014","GCA",2881,1084,"Unicaja","Unicaja","UNI",1,63,12000,7,19,36,16,37,43,10,19,52,21,6,27,12,11,15,0,4,1,4,22,21,58,-35,0,12,0,0,63,70,0,0,0,0,0,0,0,0,0
1388362,1,"Liga Nacional","Liga Endesa",-402534000,NA,"https://www.acb.com/Documentos/Cabeceras/logo-competicion-1b.png","https://www.acb.com/Documentos/Cabeceras/logo-competicion-4a.png",77,2012,107,NA,NA,2388,15293,NA,NA,TRUE,2870,2870,358,"Gran Canaria 2014","G. Canaria 2014","GCA",2881,1084,"Unicaja","Unicaja","UNI",1,70,12000,8,20,40,17,37,45,12,19,63,28,13,41,11,6,19,0,1,4,1,21,22,68,35,0,0,11,0,70,63,0,0,0,0,0,0,0,0,0
1388390,1,"Liga Nacional","Liga Endesa",-402534000,NA,"https://www.acb.com/Documentos/Cabeceras/logo-competicion-1b.png","https://www.acb.com/Documentos/Cabeceras/logo-competicion-4a.png",77,2012,107,NA,NA,2388,15294,NA,NA,TRUE,2871,2871,484,"Asefa Estudiantes","Asefa Estu","ASE",2868,248,"Caja Laboral","Caja Laboral","CLA",1,68,12000,6,23,26,19,44,43,12,15,80,19,11,30,9,7,10,0,5,3,1,17,23,67,-20,0,11,0,0,68,72,0,0,0,0,0,0,0,0,0
1388391,1,"Liga Nacional","Liga Endesa",-402534000,NA,"https://www.acb.com/Documentos/Cabeceras/logo-competicion-1b.png","https://www.acb.com/Documentos/Cabeceras/logo-competicion-4a.png",77,2012,107,NA,NA,2388,15294,NA,NA,FALSE,2868,2871,484,"Asefa Estudiantes","Asefa Estu","ASE",2868,248,"Caja Laboral","Caja Laboral","CLA",1,72,12000,10,24,41,16,37,43,10,12,83,29,16,45,14,3,17,0,3,5,3,23,17,72,20,0,0,12,0,72,68,0,0,0,0,0,0,0,0,0
1388309,1,"Liga Nacional","Liga Endesa",-402534000,NA,"https://www.acb.com/Documentos/Cabeceras/logo-competicion-1b.png","https://www.acb.com/Documentos/Cabeceras/logo-competicion-4a.png",77,2012,107,NA,NA,2388,15291,NA,NA,FALSE,2869,2880,989,"Valencia Basket Club","Valencia Basket","VBC",2869,300,"Uxue Bilbao Basket","Uxue Bilbao","UBB",1,111,13500,10,20,50,27,43,62,27,40,67,13,12,25,24,19,22,0,3,4,3,37,32,112,-10,0,11,0,0,111,113,0,0,0,0,0,0,0,0,0
1388308,1,"Liga Nacional","Liga Endesa",-402534000,NA,"https://www.acb.com/Documentos/Cabeceras/logo-competicion-1b.png","https://www.acb.com/Documentos/Cabeceras/logo-competicion-4a.png",77,2012,107,NA,NA,2388,15291,NA,NA,TRUE,2880,2880,989,"Valencia Basket Club","Valencia Basket","VBC",2869,300,"Uxue Bilbao Basket","Uxue Bilbao","UBB",1,113,13500,10,23,43,20,28,71,43,47,91,16,7,23,16,9,22,0,4,3,2,32,37,120,10,0,0,10,0,113,111,0,0,0,0,0,0,0,0,0
1388334,1,"Liga Nacional","Liga Endesa",-402534000,NA,"https://www.acb.com/Documentos/Cabeceras/logo-competicion-1b.png","https://www.acb.com/Documentos/Cabeceras/logo-competicion-4a.png",77,2012,107,NA,NA,2388,15292,NA,NA,TRUE,2879,2879,1691,"Blusens Monbus","Blusens Monbus","BSM",2883,1862,"Blancos de Rueda Valladolid","Blancos Rueda","BRV",1,89,12000,10,21,47,27,45,60,5,7,71,27,10,37,25,14,11,0,5,1,5,17,14,124,165,0,0,13,0,89,56,0,0,0,0,0,0,0,0,0
1388335,1,"Liga Nacional","Liga Endesa",-402534000,NA,"https://www.acb.com/Documentos/Cabeceras/logo-competicion-1b.png","https://www.acb.com/Documentos/Cabeceras/logo-competicion-4a.png",77,2012,107,NA,NA,2388,15292,NA,NA,FALSE,2883,2879,1691,"Blusens Monbus","Blusens Monbus","BSM",2883,1862,"Blancos de Rueda Valladolid","Blancos Rueda","BRV",1,56,12000,8,25,32,13,35,37,6,8,75,21,9,30,13,9,18,0,1,5,0,14,17,48,-165,0,11,0,0,56,89,0,0,0,0,0,0,0,0,0
1388445,1,"Liga Nacional","Liga Endesa",-402534000,NA,"https://www.acb.com/Documentos/Cabeceras/logo-competicion-1b.png","https://www.acb.com/Documentos/Cabeceras/logo-competicion-4a.png",77,2012,107,NA,NA,2388,15296,NA,NA,FALSE,2875,2876,794,"Real Madrid","Real Madrid","RMB",2875,649,"FIATC Joventut","FIATC Joventut","CJB",1,77,12000,5,16,31,22,36,61,18,25,72,21,5,26,13,7,14,0,2,2,1,24,23,76,-55,0,11,0,0,77,88,0,0,0,0,0,0,0,0,0
1388444,1,"Liga Nacional","Liga Endesa",-402534000,NA,"https://www.acb.com/Documentos/Cabeceras/logo-competicion-1b.png","https://www.acb.com/Documentos/Cabeceras/logo-competicion-4a.png",77,2012,107,NA,NA,2388,15296,NA,NA,TRUE,2876,2876,794,"Real Madrid","Real Madrid","RMB",2875,649,"FIATC Joventut","FIATC Joventut","CJB",1,88,12000,8,20,40,26,42,61,12,20,60,20,10,30,23,10,10,0,2,2,5,23,24,106,55,0,0,12,0,88,77,0,0,0,0,0,0,0,0,0
1388417,1,"Liga Nacional","Liga Endesa",-402534000,NA,"https://www.acb.com/Documentos/Cabeceras/logo-competicion-1b.png","https://www.acb.com/Documentos/Cabeceras/logo-competicion-4a.png",77,2012,107,NA,NA,2388,15295,NA,NA,TRUE,2867,2867,136,"FC Barcelona Regal","FCB Regal","FCB",2873,519,"Lagun Aro GBC","Lagun Aro GBC","GBC",1,98,12000,7,16,43,29,44,65,19,23,82,31,10,41,19,7,12,0,3,0,3,18,21,131,240,0,0,13,0,98,50,0,0,0,0,0,0,0,0,0
1388418,1,"Liga Nacional","Liga Endesa",-402534000,NA,"https://www.acb.com/Documentos/Cabeceras/logo-competicion-1b.png","https://www.acb.com/Documentos/Cabeceras/logo-competicion-4a.png",77,2012,107,NA,NA,2388,15295,NA,NA,FALSE,2873,2867,136,"FC Barcelona Regal","FCB Regal","FCB",2873,519,"Lagun Aro GBC","Lagun Aro GBC","GBC",1,50,12000,1,12,8,18,42,42,11,17,64,16,5,21,7,5,14,0,0,3,1,21,18,22,-240,0,12,0,0,50,98,0,0,0,0,0,0,0,0,0
1388229,1,"Liga Nacional","Liga Endesa",-402534000,NA,"https://www.acb.com/Documentos/Cabeceras/logo-competicion-1b.png","https://www.acb.com/Documentos/Cabeceras/logo-competicion-4a.png",77,2012,107,NA,NA,2388,15288,NA,NA,TRUE,2866,2866,1392,"CB Canarias","CB Canarias","CAN",2878,916,"UCAM Murcia CB","UCAM Murcia CB","UCM",1,80,12000,8,22,36,18,31,58,20,30,66,28,9,37,14,8,12,0,4,0,1,21,28,101,60,0,0,10,0,80,68,0,0,0,0,0,0,0,0,0
1388230,1,"Liga Nacional","Liga Endesa",-402534000,NA,"https://www.acb.com/Documentos/Cabeceras/logo-competicion-1b.png","https://www.acb.com/Documentos/Cabeceras/logo-competicion-4a.png",77,2012,107,NA,NA,2388,15288,NA,NA,FALSE,2878,2866,1392,"CB Canarias","CB Canarias","CAN",2878,916,"UCAM Murcia CB","UCAM Murcia CB","UCM",1,68,12000,4,23,17,17,40,42,22,23,95,18,12,30,10,6,8,0,0,4,0,28,21,52,-60,0,11,0,0,68,80,0,0,0,0,0,0,0,0,0
1388257,1,"Liga Nacional","Liga Endesa",-402534000,NA,"https://www.acb.com/Documentos/Cabeceras/logo-competicion-1b.png","https://www.acb.com/Documentos/Cabeceras/logo-competicion-4a.png",77,2012,107,NA,NA,2388,15289,NA,NA,FALSE,2872,2874,1164,"CAI Zaragoza","CAI Zaragoza","CAI",2872,1214,"Mad-Croc Fuenlabrada","Mad-Croc Fuenla","MCF",1,74,12000,6,29,20,21,39,53,14,17,82,27,12,39,8,9,15,0,4,1,1,22,20,72,-25,0,11,0,0,74,79,0,0,0,0,0,0,0,0,0
1388256,1,"Liga Nacional","Liga Endesa",-402534000,NA,"https://www.acb.com/Documentos/Cabeceras/logo-competicion-1b.png","https://www.acb.com/Documentos/Cabeceras/logo-competicion-4a.png",77,2012,107,NA,NA,2388,15289,NA,NA,TRUE,2874,2874,1164,"CAI Zaragoza","CAI Zaragoza","CAI",2872,1214,"Mad-Croc Fuenlabrada","Mad-Croc Fuenla","MCF",1,79,12000,8,24,33,18,39,46,19,24,79,26,10,36,18,10,12,0,1,4,2,20,22,88,25,0,0,12,0,79,74,0,0,0,0,0,0,0,0,0
1388635,1,"Liga Nacional","Liga Endesa",-402534000,NA,"https://www.acb.com/Documentos/Cabeceras/logo-competicion-1b.png","https://www.acb.com/Documentos/Cabeceras/logo-competicion-4a.png",77,2012,107,NA,NA,2389,15303,NA,NA,FALSE,2868,2877,880,"Assignia Manresa","Assignia Man.","MAN",2868,248,"Caja Laboral","Caja Laboral","CLA",1,101,13500,8,27,29,26,48,54,25,29,86,23,16,39,23,9,11,0,3,5,4,26,27,115,30,0,0,12,0,101,95,0,0,0,0,0,0,0,0,0
1388634,1,"Liga Nacional","Liga Endesa",-402534000,NA,"https://www.acb.com/Documentos/Cabeceras/logo-competicion-1b.png","https://www.acb.com/Documentos/Cabeceras/logo-competicion-4a.png",77,2012,107,NA,NA,2389,15303,NA,NA,TRUE,2877,2877,880,"Assignia Manresa","Assignia Man.","MAN",2868,248,"Caja Laboral","Caja Laboral","CLA",1,95,13500,11,24,45,19,34,55,24,30,80,28,4,32,18,3,15,0,5,3,5,27,26,100,-30,0,12,0,0,95,101,0,0,0,0,0,0,0,0,0
1388473,1,"Liga Nacional","Liga Endesa",-402534000,NA,"https://www.acb.com/Documentos/Cabeceras/logo-competicion-1b.png","https://www.acb.com/Documentos/Cabeceras/logo-competicion-4a.png",77,2012,107,NA,NA,2389,15297,NA,NA,FALSE,2870,2876,794,"Real Madrid","Real Madrid","RMB",2870,358,"Gran Canaria 2014","G. Canaria 2014","GCA",1,54,12000,4,19,21,16,48,33,10,14,71,26,11,37,11,3,12,0,6,8,3,19,18,39,-180,0,12,0,0,54,90,0,0,0,0,0,0,0,0,0
1388472,1,"Liga Nacional","Liga Endesa",-402534000,NA,"https://www.acb.com/Documentos/Cabeceras/logo-competicion-1b.png","https://www.acb.com/Documentos/Cabeceras/logo-competicion-4a.png",77,2012,107,NA,NA,2389,15297,NA,NA,TRUE,2876,2876,794,"Real Madrid","Real Madrid","RMB",2870,358,"Gran Canaria 2014","G. Canaria 2014","GCA",1,90,12000,12,26,46,21,45,46,12,18,66,35,13,48,18,8,7,0,8,6,4,18,19,116,180,0,0,12,0,90,54,0,0,0,0,0,0,0,0,0
1388500,1,"Liga Nacional","Liga Endesa",-402534000,NA,"https://www.acb.com/Documentos/Cabeceras/logo-competicion-1b.png","https://www.acb.com/Documentos/Cabeceras/logo-competicion-4a.png",77,2012,107,NA,NA,2389,15298,NA,NA,TRUE,2875,2875,649,"FIATC Joventut","FIATC Joventut","CJB",2879,1691,"Blusens Monbus","Blusens Monbus","BSM",1,89,12000,11,19,57,14,32,43,28,32,87,24,8,32,22,5,11,0,4,7,3,21,24,107,10,0,0,12,0,89,87,0,0,0,0,0,0,0,0,0
1388501,1,"Liga Nacional","Liga Endesa",-402534000,NA,"https://www.acb.com/Documentos/Cabeceras/logo-competicion-1b.png","https://www.acb.com/Documentos/Cabeceras/logo-competicion-4a.png",77,2012,107,NA,NA,2389,15298,NA,NA,FALSE,2879,2875,649,"FIATC Joventut","FIATC Joventut","CJB",2879,1691,"Blusens Monbus","Blusens Monbus","BSM",1,87,12000,9,29,31,21,42,50,18,19,94,18,15,33,16,6,6,0,7,4,0,24,21,94,-10,0,11,0,0,87,89,0,0,0,0,0,0,0,0,0
1388553,1,"Liga Nacional","Liga Endesa",-402534000,NA,"https://www.acb.com/Documentos/Cabeceras/logo-competicion-1b.png","https://www.acb.com/Documentos/Cabeceras/logo-competicion-4a.png",77,2012,107,NA,NA,2389,15300,NA,NA,TRUE,2881,2881,1084,"Unicaja","Unicaja","UNI",2882,1145,"Cajasol","Cajasol","CAJ",1,70,12000,5,23,21,22,39,56,11,15,73,23,15,38,17,6,13,0,5,2,2,24,17,75,-55,0,11,0,0,70,81,0,0,0,0,0,0,0,0,0
1388554,1,"Liga Nacional","Liga Endesa",-402534000,NA,"https://www.acb.com/Documentos/Cabeceras/logo-competicion-1b.png","https://www.acb.com/Documentos/Cabeceras/logo-competicion-4a.png",77,2012,107,NA,NA,2389,15300,NA,NA,FALSE,2882,2881,1084,"Unicaja","Unicaja","UNI",2882,1145,"Cajasol","Cajasol","CAJ",1,81,12000,6,19,31,23,44,52,17,24,70,19,14,33,14,9,8,0,2,5,4,17,24,92,55,0,0,12,0,81,70,0,0,0,0,0,0,0,0,0
1388661,1,"Liga Nacional","Liga Endesa",-402534000,NA,"https://www.acb.com/Documentos/Cabeceras/logo-competicion-1b.png","https://www.acb.com/Documentos/Cabeceras/logo-competicion-4a.png",77,2012,107,NA,NA,2389,15304,NA,NA,TRUE,2871,2871,484,"Asefa Estudiantes","Asefa Estu","ASE",2867,136,"FC Barcelona Regal","FCB Regal","FCB",1,88,12000,7,16,43,28,55,50,11,14,78,28,13,41,16,16,12,0,4,5,1,20,17,106,110,0,0,13,0,88,66,0,0,0,0,0,0,0,0,0
1388662,1,"Liga Nacional","Liga Endesa",-402534000,NA,"https://www.acb.com/Documentos/Cabeceras/logo-competicion-1b.png","https://www.acb.com/Documentos/Cabeceras/logo-competicion-4a.png",77,2012,107,NA,NA,2389,15304,NA,NA,FALSE,2867,2871,484,"Asefa Estudiantes","Asefa Estu","ASE",2867,136,"FC Barcelona Regal","FCB Regal","FCB",1,66,12000,7,23,30,15,35,42,15,19,78,21,9,30,11,10,20,0,5,4,1,17,20,61,-110,0,11,0,0,66,88,0,0,0,0,0,0,0,0,0
1388579,1,"Liga Nacional","Liga Endesa",-402534000,NA,"https://www.acb.com/Documentos/Cabeceras/logo-competicion-1b.png","https://www.acb.com/Documentos/Cabeceras/logo-competicion-4a.png",77,2012,107,NA,NA,2389,15301,NA,NA,TRUE,2883,2883,1862,"Blancos de Rueda Valladolid","Blancos Rueda","BRV",2874,1164,"CAI Zaragoza","CAI Zaragoza","CAI",1,93,13500,4,17,23,31,50,62,19,26,73,33,12,45,23,4,20,0,5,4,4,20,23,110,25,0,0,11,0,93,88,0,0,0,0,0,0,0,0,0
1388580,1,"Liga Nacional","Liga Endesa",-402534000,NA,"https://www.acb.com/Documentos/Cabeceras/logo-competicion-1b.png","https://www.acb.com/Documentos/Cabeceras/logo-competicion-4a.png",77,2012,107,NA,NA,2389,15301,NA,NA,FALSE,2874,2883,1862,"Blancos de Rueda Valladolid","Blancos Rueda","BRV",2874,1164,"CAI Zaragoza","CAI Zaragoza","CAI",1,88,13500,11,27,40,21,48,43,13,19,68,21,12,33,15,11,12,0,4,5,4,23,20,82,-25,0,10,0,0,88,93,0,0,0,0,0,0,0,0,0
1388606,1,"Liga Nacional","Liga Endesa",-402534000,NA,"https://www.acb.com/Documentos/Cabeceras/logo-competicion-1b.png","https://www.acb.com/Documentos/Cabeceras/logo-competicion-4a.png",77,2012,107,NA,NA,2389,15302,NA,NA,TRUE,2869,2869,300,"Uxue Bilbao Basket","Uxue Bilbao","UBB",2866,1392,"CB Canarias","CB Canarias","CAN",1,78,12000,5,21,23,23,44,52,17,21,80,26,7,33,13,11,10,0,3,3,3,22,22,84,40,0,0,11,0,78,70,0,0,0,0,0,0,0,0,0
1388607,1,"Liga Nacional","Liga Endesa",-402534000,NA,"https://www.acb.com/Documentos/Cabeceras/logo-competicion-1b.png","https://www.acb.com/Documentos/Cabeceras/logo-competicion-4a.png",77,2012,107,NA,NA,2389,15302,NA,NA,FALSE,2866,2869,300,"Uxue Bilbao Basket","Uxue Bilbao","UBB",2866,1392,"CB Canarias","CB Canarias","CAN",1,70,12000,7,18,38,22,42,52,5,13,38,30,9,39,13,8,18,0,3,3,3,22,22,73,-40,0,12,0,0,70,78,0,0,0,0,0,0,0,0,0
1388689,1,"Liga Nacional","Liga Endesa",-402534000,NA,"https://www.acb.com/Documentos/Cabeceras/logo-competicion-1b.png","https://www.acb.com/Documentos/Cabeceras/logo-competicion-4a.png",77,2012,107,NA,NA,2389,15305,NA,NA,FALSE,2878,2872,1214,"Mad-Croc Fuenlabrada","Mad-Croc Fuenla","MCF",2878,916,"UCAM Murcia CB","UCAM Murcia CB","UCM",1,81,12000,10,17,58,19,40,47,13,16,81,30,5,35,15,7,9,0,6,5,1,20,21,100,30,0,0,10,0,81,75,0,0,0,0,0,0,0,0,0
1388688,1,"Liga Nacional","Liga Endesa",-402534000,NA,"https://www.acb.com/Documentos/Cabeceras/logo-competicion-1b.png","https://www.acb.com/Documentos/Cabeceras/logo-competicion-4a.png",77,2012,107,NA,NA,2389,15305,NA,NA,TRUE,2872,2872,1214,"Mad-Croc Fuenlabrada","Mad-Croc Fuenla","MCF",2878,916,"UCAM Murcia CB","UCAM Murcia CB","UCM",1,75,12000,11,21,52,17,41,41,8,13,61,23,7,30,15,4,10,0,5,6,3,21,20,73,-30,0,10,0,0,75,81,0,0,0,0,0,0,0,0,0
1388526,1,"Liga Nacional","Liga Endesa",-402534000,NA,"https://www.acb.com/Documentos/Cabeceras/logo-competicion-1b.png","https://www.acb.com/Documentos/Cabeceras/logo-competicion-4a.png",77,2012,107,NA,NA,2389,15299,NA,NA,TRUE,2873,2873,519,"Lagun Aro GBC","Lagun Aro GBC","GBC",2880,989,"Valencia Basket Club","Valencia Basket","VBC",1,76,12000,7,20,35,21,37,56,13,15,86,19,10,29,14,11,19,0,1,2,0,23,20,76,40,0,0,11,0,76,68,0,0,0,0,0,0,0,0,0
1388527,1,"Liga Nacional","Liga Endesa",-402534000,NA,"https://www.acb.com/Documentos/Cabeceras/logo-competicion-1b.png","https://www.acb.com/Documentos/Cabeceras/logo-competicion-4a.png",77,2012,107,NA,NA,2389,15299,NA,NA,FALSE,2880,2873,519,"Lagun Aro GBC","Lagun Aro GBC","GBC",2880,989,"Valencia Basket Club","Valencia Basket","VBC",1,68,12000,8,20,40,13,27,48,18,24,75,18,6,24,11,15,21,0,2,1,2,20,23,69,-40,0,10,0,0,68,76,0,0,0,0,0,0,0,0,0
1388931,1,"Liga Nacional","Liga Endesa",-402534000,NA,"https://www.acb.com/Documentos/Cabeceras/logo-competicion-1b.png","https://www.acb.com/Documentos/Cabeceras/logo-competicion-4a.png",77,2012,107,NA,NA,2390,15314,NA,NA,TRUE,2866,2866,1392,"CB Canarias","CB Canarias","CAN",2871,484,"Asefa Estudiantes","Asefa Estu","ASE",1,84,12000,9,26,34,22,45,48,13,19,68,25,15,40,15,14,11,0,3,4,2,21,19,93,25,0,0,11,0,84,79,0,0,0,0,0,0,0,0,0
1388932,1,"Liga Nacional","Liga Endesa",-402534000,NA,"https://www.acb.com/Documentos/Cabeceras/logo-competicion-1b.png","https://www.acb.com/Documentos/Cabeceras/logo-competicion-4a.png",77,2012,107,NA,NA,2390,15314,NA,NA,FALSE,2871,2866,1392,"CB Canarias","CB Canarias","CAN",2871,484,"Asefa Estudiantes","Asefa Estu","ASE",1,79,12000,7,21,33,24,42,57,10,15,66,28,8,36,16,8,17,0,4,3,2,19,21,88,-25,0,11,0,0,79,84,0,0,0,0,0,0,0,0,0
1388795,1,"Liga Nacional","Liga Endesa",-402534000,NA,"https://www.acb.com/Documentos/Cabeceras/logo-competicion-1b.png","https://www.acb.com/Documentos/Cabeceras/logo-competicion-4a.png",77,2012,107,NA,NA,2390,15309,NA,NA,TRUE,2877,2877,880,"Assignia Manresa","Assignia Man.","MAN",2879,1691,"Blusens Monbus","Blusens Monbus","BSM",1,83,12000,10,17,58,16,33,48,21,32,65,27,6,33,14,8,13,0,4,3,2,22,26,95,70,0,0,13,0,83,69,0,0,0,0,0,0,0,0,0
1388796,1,"Liga Nacional","Liga Endesa",-402534000,NA,"https://www.acb.com/Documentos/Cabeceras/logo-competicion-1b.png","https://www.acb.com/Documentos/Cabeceras/logo-competicion-4a.png",77,2012,107,NA,NA,2390,15309,NA,NA,FALSE,2879,2877,880,"Assignia Manresa","Assignia Man.","MAN",2879,1691,"Blusens Monbus","Blusens Monbus","BSM",1,69,12000,7,25,28,21,42,50,6,12,50,24,11,35,19,9,13,0,3,4,4,26,22,69,-70,0,12,0,0,69,83,0,0,0,0,0,0,0,0,0
1388878,1,"Liga Nacional","Liga Endesa",-402534000,NA,"https://www.acb.com/Documentos/Cabeceras/logo-competicion-1b.png","https://www.acb.com/Documentos/Cabeceras/logo-competicion-4a.png",77,2012,107,NA,NA,2390,15312,NA,NA,FALSE,2876,2881,1084,"Unicaja","Unicaja","UNI",2876,794,"Real Madrid","Real Madrid","RMB",1,91,12000,13,25,52,20,36,55,12,18,66,27,8,35,21,10,10,0,1,2,4,16,20,116,120,0,0,12,0,91,67,0,0,0,0,0,0,0,0,0
1388877,1,"Liga Nacional","Liga Endesa",-402534000,NA,"https://www.acb.com/Documentos/Cabeceras/logo-competicion-1b.png","https://www.acb.com/Documentos/Cabeceras/logo-competicion-4a.png",77,2012,107,NA,NA,2390,15312,NA,NA,TRUE,2881,2881,1084,"Unicaja","Unicaja","UNI",2876,794,"Real Madrid","Real Madrid","RMB",1,67,12000,9,24,37,15,35,42,10,13,76,20,9,29,13,7,17,0,2,1,1,20,16,58,-120,0,11,0,0,67,91,0,0,0,0,0,0,0,0,0
1388716,1,"Liga Nacional","Liga Endesa",-402534000,NA,"https://www.acb.com/Documentos/Cabeceras/logo-competicion-1b.png","https://www.acb.com/Documentos/Cabeceras/logo-competicion-4a.png",77,2012,107,NA,NA,2390,15306,NA,NA,FALSE,2874,2868,248,"Caja Laboral","Caja Laboral","CLA",2874,1164,"CAI Zaragoza","CAI Zaragoza","CAI",1,73,12000,9,28,32,19,33,57,8,9,88,17,7,24,11,8,11,0,1,1,4,21,21,71,-5,0,10,0,0,73,74,0,0,0,0,0,0,0,0,0
1388715,1,"Liga Nacional","Liga Endesa",-402534000,NA,"https://www.acb.com/Documentos/Cabeceras/logo-competicion-1b.png","https://www.acb.com/Documentos/Cabeceras/logo-competicion-4a.png",77,2012,107,NA,NA,2390,15306,NA,NA,TRUE,2868,2868,248,"Caja Laboral","Caja Laboral","CLA",2874,1164,"CAI Zaragoza","CAI Zaragoza","CAI",1,74,12000,8,18,44,14,33,42,22,26,84,23,12,35,11,4,15,0,1,1,3,21,21,76,5,0,0,12,0,74,73,0,0,0,0,0,0,0,0,0
1388743,1,"Liga Nacional","Liga Endesa",-402534000,NA,"https://www.acb.com/Documentos/Cabeceras/logo-competicion-1b.png","https://www.acb.com/Documentos/Cabeceras/logo-competicion-4a.png",77,2012,107,NA,NA,2390,15307,NA,NA,FALSE,2882,2878,916,"UCAM Murcia CB","UCAM Murcia CB","UCM",2882,1145,"Cajasol","Cajasol","CAJ",1,81,12000,9,20,45,23,40,57,8,9,88,25,9,34,14,7,16,0,0,0,4,18,15,88,40,0,0,11,0,81,73,0,0,0,0,0,0,0,0,0
1388742,1,"Liga Nacional","Liga Endesa",-402534000,NA,"https://www.acb.com/Documentos/Cabeceras/logo-competicion-1b.png","https://www.acb.com/Documentos/Cabeceras/logo-competicion-4a.png",77,2012,107,NA,NA,2390,15307,NA,NA,TRUE,2878,2878,916,"UCAM Murcia CB","UCAM Murcia CB","UCM",2882,1145,"Cajasol","Cajasol","CAJ",1,73,12000,6,21,28,23,38,60,9,12,75,20,7,27,12,12,15,0,0,0,1,15,18,79,-40,0,12,0,0,73,81,0,0,0,0,0,0,0,0,0
1388851,1,"Liga Nacional","Liga Endesa",-402534000,NA,"https://www.acb.com/Documentos/Cabeceras/logo-competicion-1b.png","https://www.acb.com/Documentos/Cabeceras/logo-competicion-4a.png",77,2012,107,NA,NA,2390,15311,NA,NA,FALSE,2867,2883,1862,"Blancos de Rueda Valladolid","Blancos Rueda","BRV",2867,136,"FC Barcelona Regal","FCB Regal","FCB",1,88,12000,5,14,35,29,50,58,15,20,75,20,7,27,13,8,9,0,2,1,1,20,23,96,30,0,0,11,0,88,82,0,0,0,0,0,0,0,0,0
1388850,1,"Liga Nacional","Liga Endesa",-402534000,NA,"https://www.acb.com/Documentos/Cabeceras/logo-competicion-1b.png","https://www.acb.com/Documentos/Cabeceras/logo-competicion-4a.png",77,2012,107,NA,NA,2390,15311,NA,NA,TRUE,2883,2883,1862,"Blancos de Rueda Valladolid","Blancos Rueda","BRV",2867,136,"FC Barcelona Regal","FCB Regal","FCB",1,82,12000,6,16,37,25,43,58,14,17,82,23,9,32,17,6,15,0,1,2,2,23,20,87,-30,0,10,0,0,82,88,0,0,0,0,0,0,0,0,0
1388769,1,"Liga Nacional","Liga Endesa",-402534000,NA,"https://www.acb.com/Documentos/Cabeceras/logo-competicion-1b.png","https://www.acb.com/Documentos/Cabeceras/logo-competicion-4a.png",77,2012,107,NA,NA,2390,15308,NA,NA,FALSE,2880,2872,1214,"Mad-Croc Fuenlabrada","Mad-Croc Fuenla","MCF",2880,989,"Valencia Basket Club","Valencia Basket","VBC",1,69,12000,7,19,36,18,37,48,12,20,60,22,11,33,14,11,15,0,3,3,1,22,22,73,-15,0,11,0,0,69,72,0,0,0,0,0,0,0,0,0
1388768,1,"Liga Nacional","Liga Endesa",-402534000,NA,"https://www.acb.com/Documentos/Cabeceras/logo-competicion-1b.png","https://www.acb.com/Documentos/Cabeceras/logo-competicion-4a.png",77,2012,107,NA,NA,2390,15308,NA,NA,TRUE,2872,2872,1214,"Mad-Croc Fuenlabrada","Mad-Croc Fuenla","MCF",2880,989,"Valencia Basket Club","Valencia Basket","VBC",1,72,12000,11,28,39,12,34,35,15,16,93,23,15,38,12,5,16,0,3,3,2,22,22,71,15,0,0,10,0,72,69,0,0,0,0,0,0,0,0,0
1388824,1,"Liga Nacional","Liga Endesa",-402534000,NA,"https://www.acb.com/Documentos/Cabeceras/logo-competicion-1b.png","https://www.acb.com/Documentos/Cabeceras/logo-competicion-4a.png",77,2012,107,NA,NA,2390,15310,NA,NA,TRUE,2869,2869,300,"Uxue Bilbao Basket","Uxue Bilbao","UBB",2870,358,"Gran Canaria 2014","G. Canaria 2014","GCA",1,81,12000,7,23,30,22,39,56,16,20,80,19,11,30,12,6,10,0,2,0,3,21,22,85,55,0,0,11,0,81,70,0,0,0,0,0,0,0,0,0
1388825,1,"Liga Nacional","Liga Endesa",-402534000,NA,"https://www.acb.com/Documentos/Cabeceras/logo-competicion-1b.png","https://www.acb.com/Documentos/Cabeceras/logo-competicion-4a.png",77,2012,107,NA,NA,2390,15310,NA,NA,FALSE,2870,2869,300,"Uxue Bilbao Basket","Uxue Bilbao","UBB",2870,358,"Gran Canaria 2014","G. Canaria 2014","GCA",1,70,12000,9,28,32,14,29,48,15,21,71,25,16,41,11,6,19,0,0,2,2,22,21,66,-55,0,11,0,0,70,81,0,0,0,0,0,0,0,0,0
1388903,1,"Liga Nacional","Liga Endesa",-402534000,NA,"https://www.acb.com/Documentos/Cabeceras/logo-competicion-1b.png","https://www.acb.com/Documentos/Cabeceras/logo-competicion-4a.png",77,2012,107,NA,NA,2390,15313,NA,NA,TRUE,2873,2873,519,"Lagun Aro GBC","Lagun Aro GBC","GBC",2875,649,"FIATC Joventut","FIATC Joventut","CJB",1,67,12000,8,25,32,16,40,40,11,16,68,21,18,39,10,6,12,0,2,4,1,20,20,62,-30,0,11,0,0,67,73,0,0,0,0,0,0,0,0,0
1388904,1,"Liga Nacional","Liga Endesa",-402534000,NA,"https://www.acb.com/Documentos/Cabeceras/logo-competicion-1b.png","https://www.acb.com/Documentos/Cabeceras/logo-competicion-4a.png",77,2012,107,NA,NA,2390,15313,NA,NA,FALSE,2875,2873,519,"Lagun Aro GBC","Lagun Aro GBC","GBC",2875,649,"FIATC Joventut","FIATC Joventut","CJB",1,73,12000,4,20,20,22,40,55,17,19,89,23,11,34,9,7,9,0,4,2,1,20,20,80,30,0,0,11,0,73,67,0,0,0,0,0,0,0,0,0
1388986,1,"Liga Nacional","Liga Endesa",-402534000,NA,"https://www.acb.com/Documentos/Cabeceras/logo-competicion-1b.png","https://www.acb.com/Documentos/Cabeceras/logo-competicion-4a.png",77,2012,107,NA,NA,2391,15316,NA,NA,TRUE,2875,2875,649,"FIATC Joventut","FIATC Joventut","CJB",2881,1084,"Unicaja","Unicaja","UNI",1,79,12000,10,30,33,16,32,50,17,22,77,17,16,33,11,11,15,0,4,6,3,19,23,80,40,0,0,11,0,79,71,0,0,0,0,0,0,0,0,0
1388987,1,"Liga Nacional","Liga Endesa",-402534000,NA,"https://www.acb.com/Documentos/Cabeceras/logo-competicion-1b.png","https://www.acb.com/Documentos/Cabeceras/logo-competicion-4a.png",77,2012,107,NA,NA,2391,15316,NA,NA,FALSE,2881,2875,649,"FIATC Joventut","FIATC Joventut","CJB",2881,1084,"Unicaja","Unicaja","UNI",1,71,12000,4,19,21,23,45,51,13,13,100,20,16,36,11,6,19,0,6,4,5,23,19,66,-40,0,11,0,0,71,79,0,0,0,0,0,0,0,0,0
1388958,1,"Liga Nacional","Liga Endesa",-402534000,NA,"https://www.acb.com/Documentos/Cabeceras/logo-competicion-1b.png","https://www.acb.com/Documentos/Cabeceras/logo-competicion-4a.png",77,2012,107,NA,NA,2391,15315,NA,NA,TRUE,2871,2871,484,"Asefa Estudiantes","Asefa Estu","ASE",2873,519,"Lagun Aro GBC","Lagun Aro GBC","GBC",1,79,12000,5,22,22,20,47,42,24,34,70,23,21,44,9,5,6,0,4,5,2,20,27,83,10,0,0,11,0,79,77,0,0,0,0,0,0,0,0,0
1388959,1,"Liga Nacional","Liga Endesa",-402534000,NA,"https://www.acb.com/Documentos/Cabeceras/logo-competicion-1b.png","https://www.acb.com/Documentos/Cabeceras/logo-competicion-4a.png",77,2012,107,NA,NA,2391,15315,NA,NA,FALSE,2873,2871,484,"Asefa Estudiantes","Asefa Estu","ASE",2873,519,"Lagun Aro GBC","Lagun Aro GBC","GBC",1,77,12000,6,22,27,22,41,53,15,16,93,27,9,36,9,6,10,0,5,4,0,27,20,76,-10,0,11,0,0,77,79,0,0,0,0,0,0,0,0,0
1389068,1,"Liga Nacional","Liga Endesa",-402534000,NA,"https://www.acb.com/Documentos/Cabeceras/logo-competicion-1b.png","https://www.acb.com/Documentos/Cabeceras/logo-competicion-4a.png",77,2012,107,NA,NA,2391,15319,NA,NA,FALSE,2877,2870,358,"Gran Canaria 2014","G. Canaria 2014","GCA",2877,880,"Assignia Manresa","Assignia Man.","MAN",1,75,12000,12,23,52,12,24,50,15,15,100,20,8,28,14,5,13,0,2,2,0,21,18,83,50,0,0,11,0,75,65,0,0,0,0,0,0,0,0,0
1389067,1,"Liga Nacional","Liga Endesa",-402534000,NA,"https://www.acb.com/Documentos/Cabeceras/logo-competicion-1b.png","https://www.acb.com/Documentos/Cabeceras/logo-competicion-4a.png",77,2012,107,NA,NA,2391,15319,NA,NA,TRUE,2870,2870,358,"Gran Canaria 2014","G. Canaria 2014","GCA",2877,880,"Assignia Manresa","Assignia Man.","MAN",1,65,12000,6,21,28,18,36,50,11,18,61,14,14,28,16,6,10,0,2,2,1,18,21,68,-50,0,11,0,0,65,75,0,0,0,0,0,0,0,0,0
1389013,1,"Liga Nacional","Liga Endesa",-402534000,NA,"https://www.acb.com/Documentos/Cabeceras/logo-competicion-1b.png","https://www.acb.com/Documentos/Cabeceras/logo-competicion-4a.png",77,2012,107,NA,NA,2391,15317,NA,NA,FALSE,2883,2876,794,"Real Madrid","Real Madrid","RMB",2883,1862,"Blancos de Rueda Valladolid","Blancos Rueda","BRV",1,75,12000,5,12,41,23,48,47,14,18,77,15,13,28,12,7,15,0,1,7,1,24,19,60,-60,0,11,0,0,75,87,0,0,0,0,0,0,0,0,0
1389012,1,"Liga Nacional","Liga Endesa",-402534000,NA,"https://www.acb.com/Documentos/Cabeceras/logo-competicion-1b.png","https://www.acb.com/Documentos/Cabeceras/logo-competicion-4a.png",77,2012,107,NA,NA,2391,15317,NA,NA,TRUE,2876,2876,794,"Real Madrid","Real Madrid","RMB",2883,1862,"Blancos de Rueda Valladolid","Blancos Rueda","BRV",1,87,12000,4,20,20,26,46,56,23,27,85,18,18,36,7,8,11,0,7,1,2,19,24,98,60,0,0,12,0,87,75,0,0,0,0,0,0,0,0,0
1389175,1,"Liga Nacional","Liga Endesa",-402534000,NA,"https://www.acb.com/Documentos/Cabeceras/logo-competicion-1b.png","https://www.acb.com/Documentos/Cabeceras/logo-competicion-4a.png",77,2012,107,NA,NA,2391,15323,NA,NA,FALSE,2866,2874,1164,"CAI Zaragoza","CAI Zaragoza","CAI",2866,1392,"CB Canarias","CB Canarias","CAN",1,67,12000,6,25,24,18,38,47,13,14,92,23,11,34,14,5,9,0,3,1,0,21,19,71,-70,0,12,0,0,67,81,0,0,0,0,0,0,0,0,0
1389174,1,"Liga Nacional","Liga Endesa",-402534000,NA,"https://www.acb.com/Documentos/Cabeceras/logo-competicion-1b.png","https://www.acb.com/Documentos/Cabeceras/logo-competicion-4a.png",77,2012,107,NA,NA,2391,15323,NA,NA,TRUE,2874,2874,1164,"CAI Zaragoza","CAI Zaragoza","CAI",2866,1392,"CB Canarias","CB Canarias","CAN",1,81,12000,10,26,38,19,36,52,13,16,81,27,10,37,12,6,11,0,1,3,1,19,21,89,70,0,0,11,0,81,67,0,0,0,0,0,0,0,0,0
1389040,1,"Liga Nacional","Liga Endesa",-402534000,NA,"https://www.acb.com/Documentos/Cabeceras/logo-competicion-1b.png","https://www.acb.com/Documentos/Cabeceras/logo-competicion-4a.png",77,2012,107,NA,NA,2391,15318,NA,NA,TRUE,2867,2867,136,"FC Barcelona Regal","FCB Regal","FCB",2869,300,"Uxue Bilbao Basket","Uxue Bilbao","UBB",1,87,13500,5,20,25,24,50,48,24,27,88,30,14,44,14,5,12,0,3,4,3,22,26,97,10,0,0,12,0,87,85,0,0,0,0,0,0,0,0,0
1389041,1,"Liga Nacional","Liga Endesa",-402534000,NA,"https://www.acb.com/Documentos/Cabeceras/logo-competicion-1b.png","https://www.acb.com/Documentos/Cabeceras/logo-competicion-4a.png",77,2012,107,NA,NA,2391,15318,NA,NA,FALSE,2869,2867,136,"FC Barcelona Regal","FCB Regal","FCB",2869,300,"Uxue Bilbao Basket","Uxue Bilbao","UBB",1,85,13500,7,19,36,23,52,44,18,21,85,27,11,38,17,7,13,0,4,3,0,26,22,87,-10,0,12,0,0,85,87,0,0,0,0,0,0,0,0,0
1389095,1,"Liga Nacional","Liga Endesa",-402534000,NA,"https://www.acb.com/Documentos/Cabeceras/logo-competicion-1b.png","https://www.acb.com/Documentos/Cabeceras/logo-competicion-4a.png",77,2012,107,NA,NA,2391,15320,NA,NA,FALSE,2872,2879,1691,"Blusens Monbus","Blusens Monbus","BSM",2872,1214,"Mad-Croc Fuenlabrada","Mad-Croc Fuenla","MCF",1,79,12000,11,24,45,18,36,50,10,12,83,18,5,23,15,7,12,0,3,2,2,21,18,77,30,0,0,11,0,79,73,0,0,0,0,0,0,0,0,0
1389094,1,"Liga Nacional","Liga Endesa",-402534000,NA,"https://www.acb.com/Documentos/Cabeceras/logo-competicion-1b.png","https://www.acb.com/Documentos/Cabeceras/logo-competicion-4a.png",77,2012,107,NA,NA,2391,15320,NA,NA,TRUE,2879,2879,1691,"Blusens Monbus","Blusens Monbus","BSM",2872,1214,"Mad-Croc Fuenlabrada","Mad-Croc Fuenla","MCF",1,73,12000,4,16,25,21,42,50,19,21,90,23,14,37,12,5,15,0,2,3,3,18,21,79,-30,0,11,0,0,73,79,0,0,0,0,0,0,0,0,0
1389148,1,"Liga Nacional","Liga Endesa",-402534000,NA,"https://www.acb.com/Documentos/Cabeceras/logo-competicion-1b.png","https://www.acb.com/Documentos/Cabeceras/logo-competicion-4a.png",77,2012,107,NA,NA,2391,15322,NA,NA,FALSE,2868,2882,1145,"Cajasol","Cajasol","CAJ",2868,248,"Caja Laboral","Caja Laboral","CLA",1,86,12000,8,26,30,27,40,67,8,9,88,22,12,34,16,6,9,0,2,5,3,13,14,99,20,0,0,11,0,86,82,0,0,0,0,0,0,0,0,0
1389147,1,"Liga Nacional","Liga Endesa",-402534000,NA,"https://www.acb.com/Documentos/Cabeceras/logo-competicion-1b.png","https://www.acb.com/Documentos/Cabeceras/logo-competicion-4a.png",77,2012,107,NA,NA,2391,15322,NA,NA,TRUE,2882,2882,1145,"Cajasol","Cajasol","CAJ",2868,248,"Caja Laboral","Caja Laboral","CLA",1,82,12000,6,21,28,25,42,59,14,16,87,19,11,30,15,7,10,0,5,2,2,14,13,92,-20,0,11,0,0,82,86,0,0,0,0,0,0,0,0,0
1389122,1,"Liga Nacional","Liga Endesa",-402534000,NA,"https://www.acb.com/Documentos/Cabeceras/logo-competicion-1b.png","https://www.acb.com/Documentos/Cabeceras/logo-competicion-4a.png",77,2012,107,NA,NA,2391,15321,NA,NA,FALSE,2878,2880,989,"Valencia Basket Club","Valencia Basket","VBC",2878,916,"UCAM Murcia CB","UCAM Murcia CB","UCM",1,96,12000,8,17,47,24,42,57,24,36,66,20,8,28,15,10,10,0,2,6,2,30,26,92,10,0,0,11,0,96,94,0,0,0,0,0,0,0,0,0
1389121,1,"Liga Nacional","Liga Endesa",-402534000,NA,"https://www.acb.com/Documentos/Cabeceras/logo-competicion-1b.png","https://www.acb.com/Documentos/Cabeceras/logo-competicion-4a.png",77,2012,107,NA,NA,2391,15321,NA,NA,TRUE,2880,2880,989,"Valencia Basket Club","Valencia Basket","VBC",2878,916,"UCAM Murcia CB","UCAM Murcia CB","UCM",1,94,12000,7,21,33,25,40,62,23,27,85,19,10,29,21,5,12,0,6,2,6,26,30,112,-10,0,11,0,0,94,96,0,0,0,0,0,0,0,0,0
1389365,1,"Liga Nacional","Liga Endesa",-402534000,NA,"https://www.acb.com/Documentos/Cabeceras/logo-competicion-1b.png","https://www.acb.com/Documentos/Cabeceras/logo-competicion-4a.png",77,2012,107,NA,NA,2392,15330,NA,NA,FALSE,2876,2869,300,"Uxue Bilbao Basket","Uxue Bilbao","UBB",2876,794,"Real Madrid","Real Madrid","RMB",1,94,12000,9,27,33,19,28,67,29,35,82,27,11,38,12,8,9,0,0,1,0,26,29,112,100,0,0,11,0,94,74,0,0,0,0,0,0,0,0,0
1389364,1,"Liga Nacional","Liga Endesa",-402534000,NA,"https://www.acb.com/Documentos/Cabeceras/logo-competicion-1b.png","https://www.acb.com/Documentos/Cabeceras/logo-competicion-4a.png",77,2012,107,NA,NA,2392,15330,NA,NA,TRUE,2869,2869,300,"Uxue Bilbao Basket","Uxue Bilbao","UBB",2876,794,"Real Madrid","Real Madrid","RMB",1,74,12000,5,19,26,20,42,47,19,24,79,18,11,29,10,7,10,0,1,0,1,29,26,67,-100,0,11,0,0,74,94,0,0,0,0,0,0,0,0,0
1389201,1,"Liga Nacional","Liga Endesa",-402534000,NA,"https://www.acb.com/Documentos/Cabeceras/logo-competicion-1b.png","https://www.acb.com/Documentos/Cabeceras/logo-competicion-4a.png",77,2012,107,NA,NA,2392,15324,NA,NA,FALSE,2882,2866,1392,"CB Canarias","CB Canarias","CAN",2882,1145,"Cajasol","Cajasol","CAJ",1,68,12000,8,19,42,19,36,52,6,11,54,14,14,28,8,9,20,0,1,2,3,22,16,53,-45,0,12,0,0,68,77,0,0,0,0,0,0,0,0,0
1389200,1,"Liga Nacional","Liga Endesa",-402534000,NA,"https://www.acb.com/Documentos/Cabeceras/logo-competicion-1b.png","https://www.acb.com/Documentos/Cabeceras/logo-competicion-4a.png",77,2012,107,NA,NA,2392,15324,NA,NA,TRUE,2866,2866,1392,"CB Canarias","CB Canarias","CAN",2882,1145,"Cajasol","Cajasol","CAJ",1,77,12000,9,23,39,21,39,53,8,11,72,16,14,30,13,13,15,0,2,1,1,16,22,90,45,0,0,11,0,77,68,0,0,0,0,0,0,0,0,0
1389418,1,"Liga Nacional","Liga Endesa",-402534000,NA,"https://www.acb.com/Documentos/Cabeceras/logo-competicion-1b.png","https://www.acb.com/Documentos/Cabeceras/logo-competicion-4a.png",77,2012,107,NA,NA,2392,15332,NA,NA,TRUE,2881,2881,1084,"Unicaja","Unicaja","UNI",2873,519,"Lagun Aro GBC","Lagun Aro GBC","GBC",1,74,12000,7,23,30,18,36,50,17,18,94,23,10,33,14,7,19,0,3,3,0,27,22,69,20,0,0,12,0,74,70,0,0,0,0,0,0,0,0,0
1389419,1,"Liga Nacional","Liga Endesa",-402534000,NA,"https://www.acb.com/Documentos/Cabeceras/logo-competicion-1b.png","https://www.acb.com/Documentos/Cabeceras/logo-competicion-4a.png",77,2012,107,NA,NA,2392,15332,NA,NA,FALSE,2873,2881,1084,"Unicaja","Unicaja","UNI",2873,519,"Lagun Aro GBC","Lagun Aro GBC","GBC",1,70,12000,8,23,34,12,36,33,22,27,81,23,9,32,10,8,17,0,3,3,0,22,27,64,-20,0,11,0,0,70,74,0,0,0,0,0,0,0,0,0
1389227,1,"Liga Nacional","Liga Endesa",-402534000,NA,"https://www.acb.com/Documentos/Cabeceras/logo-competicion-1b.png","https://www.acb.com/Documentos/Cabeceras/logo-competicion-4a.png",77,2012,107,NA,NA,2392,15325,NA,NA,TRUE,2874,2874,1164,"CAI Zaragoza","CAI Zaragoza","CAI",2871,484,"Asefa Estudiantes","Asefa Estu","ASE",1,77,12000,7,21,33,22,39,56,12,15,80,23,8,31,15,2,13,0,3,1,3,20,16,76,-25,0,10,0,0,77,82,0,0,0,0,0,0,0,0,0
1389228,1,"Liga Nacional","Liga Endesa",-402534000,NA,"https://www.acb.com/Documentos/Cabeceras/logo-competicion-1b.png","https://www.acb.com/Documentos/Cabeceras/logo-competicion-4a.png",77,2012,107,NA,NA,2392,15325,NA,NA,FALSE,2871,2874,1164,"CAI Zaragoza","CAI Zaragoza","CAI",2871,484,"Asefa Estudiantes","Asefa Estu","ASE",1,82,12000,10,20,50,19,38,50,14,18,77,23,8,31,12,11,9,0,1,3,2,16,20,96,25,0,0,10,0,82,77,0,0,0,0,0,0,0,0,0
1389255,1,"Liga Nacional","Liga Endesa",-402534000,NA,"https://www.acb.com/Documentos/Cabeceras/logo-competicion-1b.png","https://www.acb.com/Documentos/Cabeceras/logo-competicion-4a.png",77,2012,107,NA,NA,2392,15326,NA,NA,FALSE,2880,2868,248,"Caja Laboral","Caja Laboral","CLA",2880,989,"Valencia Basket Club","Valencia Basket","VBC",1,75,12000,8,29,27,20,36,55,11,13,84,23,12,35,16,10,20,0,3,5,2,27,23,71,-20,0,10,0,0,75,79,0,0,0,0,0,0,0,0,0
1389254,1,"Liga Nacional","Liga Endesa",-402534000,NA,"https://www.acb.com/Documentos/Cabeceras/logo-competicion-1b.png","https://www.acb.com/Documentos/Cabeceras/logo-competicion-4a.png",77,2012,107,NA,NA,2392,15326,NA,NA,TRUE,2868,2868,248,"Caja Laboral","Caja Laboral","CLA",2880,989,"Valencia Basket Club","Valencia Basket","VBC",1,79,12000,5,19,26,22,43,51,20,26,76,25,11,36,16,13,17,0,5,3,2,23,27,92,20,0,0,12,0,79,75,0,0,0,0,0,0,0,0,0
1389281,1,"Liga Nacional","Liga Endesa",-402534000,NA,"https://www.acb.com/Documentos/Cabeceras/logo-competicion-1b.png","https://www.acb.com/Documentos/Cabeceras/logo-competicion-4a.png",77,2012,107,NA,NA,2392,15327,NA,NA,TRUE,2878,2878,916,"UCAM Murcia CB","UCAM Murcia CB","UCM",2879,1691,"Blusens Monbus","Blusens Monbus","BSM",1,83,12000,11,22,50,16,40,40,18,26,69,23,13,36,14,5,11,0,3,7,2,23,23,80,30,0,0,11,0,83,77,0,0,0,0,0,0,0,0,0
1389282,1,"Liga Nacional","Liga Endesa",-402534000,NA,"https://www.acb.com/Documentos/Cabeceras/logo-competicion-1b.png","https://www.acb.com/Documentos/Cabeceras/logo-competicion-4a.png",77,2012,107,NA,NA,2392,15327,NA,NA,FALSE,2879,2878,916,"UCAM Murcia CB","UCAM Murcia CB","UCM",2879,1691,"Blusens Monbus","Blusens Monbus","BSM",1,77,12000,5,16,31,20,39,51,22,27,81,20,7,27,8,7,11,0,7,3,2,23,23,77,-30,0,12,0,0,77,83,0,0,0,0,0,0,0,0,0
1389338,1,"Liga Nacional","Liga Endesa",-402534000,NA,"https://www.acb.com/Documentos/Cabeceras/logo-competicion-1b.png","https://www.acb.com/Documentos/Cabeceras/logo-competicion-4a.png",77,2012,107,NA,NA,2392,15329,NA,NA,FALSE,2867,2877,880,"Assignia Manresa","Assignia Man.","MAN",2867,136,"FC Barcelona Regal","FCB Regal","FCB",1,88,12000,6,17,35,26,40,65,18,23,78,31,8,39,23,8,17,0,4,2,1,22,21,112,60,0,0,13,0,88,76,0,0,0,0,0,0,0,0,0
1389337,1,"Liga Nacional","Liga Endesa",-402534000,NA,"https://www.acb.com/Documentos/Cabeceras/logo-competicion-1b.png","https://www.acb.com/Documentos/Cabeceras/logo-competicion-4a.png",77,2012,107,NA,NA,2392,15329,NA,NA,TRUE,2877,2877,880,"Assignia Manresa","Assignia Man.","MAN",2867,136,"FC Barcelona Regal","FCB Regal","FCB",1,76,12000,8,21,38,13,37,35,26,30,86,17,8,25,16,12,11,0,2,4,2,21,22,76,-60,0,12,0,0,76,88,0,0,0,0,0,0,0,0,0
1389391,1,"Liga Nacional","Liga Endesa",-402534000,NA,"https://www.acb.com/Documentos/Cabeceras/logo-competicion-1b.png","https://www.acb.com/Documentos/Cabeceras/logo-competicion-4a.png",77,2012,107,NA,NA,2392,15331,NA,NA,TRUE,2883,2883,1862,"Blancos de Rueda Valladolid","Blancos Rueda","BRV",2875,649,"FIATC Joventut","FIATC Joventut","CJB",1,69,12000,4,15,26,23,47,48,11,20,55,29,11,40,13,8,14,0,2,6,5,24,22,66,10,0,0,10,0,69,67,0,0,0,0,0,0,0,0,0
1389392,1,"Liga Nacional","Liga Endesa",-402534000,NA,"https://www.acb.com/Documentos/Cabeceras/logo-competicion-1b.png","https://www.acb.com/Documentos/Cabeceras/logo-competicion-4a.png",77,2012,107,NA,NA,2392,15331,NA,NA,FALSE,2875,2883,1862,"Blancos de Rueda Valladolid","Blancos Rueda","BRV",2875,649,"FIATC Joventut","FIATC Joventut","CJB",1,67,12000,4,23,17,19,44,43,17,23,73,26,14,40,8,10,13,0,6,2,4,22,24,68,-10,0,11,0,0,67,69,0,0,0,0,0,0,0,0,0
1389309,1,"Liga Nacional","Liga Endesa",-402534000,NA,"https://www.acb.com/Documentos/Cabeceras/logo-competicion-1b.png","https://www.acb.com/Documentos/Cabeceras/logo-competicion-4a.png",77,2012,107,NA,NA,2392,15328,NA,NA,TRUE,2872,2872,1214,"Mad-Croc Fuenlabrada","Mad-Croc Fuenla","MCF",2870,358,"Gran Canaria 2014","G. Canaria 2014","GCA",1,66,12000,12,33,36,13,31,41,4,6,66,18,9,27,15,6,15,0,2,3,0,17,12,52,-165,0,12,0,0,66,99,0,0,0,0,0,0,0,0,0
1389310,1,"Liga Nacional","Liga Endesa",-402534000,NA,"https://www.acb.com/Documentos/Cabeceras/logo-competicion-1b.png","https://www.acb.com/Documentos/Cabeceras/logo-competicion-4a.png",77,2012,107,NA,NA,2392,15328,NA,NA,FALSE,2870,2872,1214,"Mad-Croc Fuenlabrada","Mad-Croc Fuenla","MCF",2870,358,"Gran Canaria 2014","G. Canaria 2014","GCA",1,99,12000,11,18,61,28,41,68,10,17,58,28,5,33,20,7,10,0,3,2,6,12,17,128,165,0,0,13,0,99,66,0,0,0,0,0,0,0,0,0
1389553,1,"Liga Nacional","Liga Endesa",-402534000,NA,"https://www.acb.com/Documentos/Cabeceras/logo-competicion-1b.png","https://www.acb.com/Documentos/Cabeceras/logo-competicion-4a.png",77,2012,107,NA,NA,2396,15337,NA,NA,TRUE,2867,2867,136,"FC Barcelona Regal","FCB Regal","FCB",2872,1214,"Mad-Croc Fuenlabrada","Mad-Croc Fuenla","MCF",1,72,12000,6,19,31,22,33,66,10,16,62,29,7,36,15,4,16,0,4,1,2,20,20,84,10,0,0,12,0,72,70,0,0,0,0,0,0,0,0,0
1389554,1,"Liga Nacional","Liga Endesa",-402534000,NA,"https://www.acb.com/Documentos/Cabeceras/logo-competicion-1b.png","https://www.acb.com/Documentos/Cabeceras/logo-competicion-4a.png",77,2012,107,NA,NA,2396,15337,NA,NA,FALSE,2872,2867,136,"FC Barcelona Regal","FCB Regal","FCB",2872,1214,"Mad-Croc Fuenlabrada","Mad-Croc Fuenla","MCF",1,70,12000,14,30,46,10,30,33,8,13,61,17,9,26,16,10,14,0,1,4,1,20,20,64,-10,0,10,0,0,70,72,0,0,0,0,0,0,0,0,0
1389609,1,"Liga Nacional","Liga Endesa",-402534000,NA,"https://www.acb.com/Documentos/Cabeceras/logo-competicion-1b.png","https://www.acb.com/Documentos/Cabeceras/logo-competicion-4a.png",77,2012,107,NA,NA,2396,15339,NA,NA,FALSE,2868,2879,1691,"Blusens Monbus","Blusens Monbus","BSM",2868,248,"Caja Laboral","Caja Laboral","CLA",1,70,12000,6,20,30,18,40,45,16,17,94,23,11,34,13,10,21,0,0,3,5,23,22,65,-70,0,11,0,0,70,84,0,0,0,0,0,0,0,0,0
1389608,1,"Liga Nacional","Liga Endesa",-402534000,NA,"https://www.acb.com/Documentos/Cabeceras/logo-competicion-1b.png","https://www.acb.com/Documentos/Cabeceras/logo-competicion-4a.png",77,2012,107,NA,NA,2396,15339,NA,NA,TRUE,2879,2879,1691,"Blusens Monbus","Blusens Monbus","BSM",2868,248,"Caja Laboral","Caja Laboral","CLA",1,84,12000,8,25,32,26,40,65,8,11,72,20,9,29,19,10,15,0,3,0,4,22,23,97,70,0,0,11,0,84,70,0,0,0,0,0,0,0,0,0
1389526,1,"Liga Nacional","Liga Endesa",-402534000,NA,"https://www.acb.com/Documentos/Cabeceras/logo-competicion-1b.png","https://www.acb.com/Documentos/Cabeceras/logo-competicion-4a.png",77,2012,107,NA,NA,2396,15336,NA,NA,FALSE,2877,2876,794,"Real Madrid","Real Madrid","RMB",2877,880,"Assignia Manresa","Assignia Man.","MAN",1,70,12000,5,20,25,23,41,56,9,13,69,19,2,21,14,6,19,0,3,4,4,25,19,48,-170,0,11,0,0,70,104,0,0,0,0,0,0,0,0,0
1389525,1,"Liga Nacional","Liga Endesa",-402534000,NA,"https://www.acb.com/Documentos/Cabeceras/logo-competicion-1b.png","https://www.acb.com/Documentos/Cabeceras/logo-competicion-4a.png",77,2012,107,NA,NA,2396,15336,NA,NA,TRUE,2876,2876,794,"Real Madrid","Real Madrid","RMB",2877,880,"Assignia Manresa","Assignia Man.","MAN",1,104,12000,9,24,37,30,49,61,17,24,70,26,14,40,26,13,10,0,4,3,5,19,25,139,170,0,0,13,0,104,70,0,0,0,0,0,0,0,0,0
1389582,1,"Liga Nacional","Liga Endesa",-402534000,NA,"https://www.acb.com/Documentos/Cabeceras/logo-competicion-1b.png","https://www.acb.com/Documentos/Cabeceras/logo-competicion-4a.png",77,2012,107,NA,NA,2396,15338,NA,NA,FALSE,2878,2870,358,"Gran Canaria 2014","G. Canaria 2014","GCA",2878,916,"UCAM Murcia CB","UCAM Murcia CB","UCM",1,78,12000,11,25,44,18,37,48,9,11,81,28,6,34,15,10,16,0,0,5,0,23,17,75,50,0,0,11,0,78,68,0,0,0,0,0,0,0,0,0
1389581,1,"Liga Nacional","Liga Endesa",-402534000,NA,"https://www.acb.com/Documentos/Cabeceras/logo-competicion-1b.png","https://www.acb.com/Documentos/Cabeceras/logo-competicion-4a.png",77,2012,107,NA,NA,2396,15338,NA,NA,TRUE,2870,2870,358,"Gran Canaria 2014","G. Canaria 2014","GCA",2878,916,"UCAM Murcia CB","UCAM Murcia CB","UCM",1,68,12000,5,13,38,18,40,45,17,23,73,21,3,24,13,6,14,0,5,0,3,17,23,72,-50,0,11,0,0,68,78,0,0,0,0,0,0,0,0,0
1389500,1,"Liga Nacional","Liga Endesa",-402534000,NA,"https://www.acb.com/Documentos/Cabeceras/logo-competicion-1b.png","https://www.acb.com/Documentos/Cabeceras/logo-competicion-4a.png",77,2012,107,NA,NA,2396,15335,NA,NA,FALSE,2881,2871,484,"Asefa Estudiantes","Asefa Estu","ASE",2881,1084,"Unicaja","Unicaja","UNI",1,68,12000,4,19,21,23,45,51,10,13,76,20,13,33,11,10,21,0,6,6,3,25,19,55,-70,0,11,0,0,68,82,0,0,0,0,0,0,0,0,0
1389499,1,"Liga Nacional","Liga Endesa",-402534000,NA,"https://www.acb.com/Documentos/Cabeceras/logo-competicion-1b.png","https://www.acb.com/Documentos/Cabeceras/logo-competicion-4a.png",77,2012,107,NA,NA,2396,15335,NA,NA,TRUE,2871,2871,484,"Asefa Estudiantes","Asefa Estu","ASE",2881,1084,"Unicaja","Unicaja","UNI",1,82,12000,8,28,28,20,37,54,18,27,66,24,15,39,16,7,15,0,6,6,4,19,25,89,70,0,0,12,0,82,68,0,0,0,0,0,0,0,0,0
1389472,1,"Liga Nacional","Liga Endesa",-402534000,NA,"https://www.acb.com/Documentos/Cabeceras/logo-competicion-1b.png","https://www.acb.com/Documentos/Cabeceras/logo-competicion-4a.png",77,2012,107,NA,NA,2396,15334,NA,NA,TRUE,2875,2875,649,"FIATC Joventut","FIATC Joventut","CJB",2869,300,"Uxue Bilbao Basket","Uxue Bilbao","UBB",1,70,12000,5,30,16,17,36,47,21,27,77,25,17,42,13,8,13,0,4,4,1,19,26,77,-55,0,11,0,0,70,81,0,0,0,0,0,0,0,0,0
1389473,1,"Liga Nacional","Liga Endesa",-402534000,NA,"https://www.acb.com/Documentos/Cabeceras/logo-competicion-1b.png","https://www.acb.com/Documentos/Cabeceras/logo-competicion-4a.png",77,2012,107,NA,NA,2396,15334,NA,NA,FALSE,2869,2875,649,"FIATC Joventut","FIATC Joventut","CJB",2869,300,"Uxue Bilbao Basket","Uxue Bilbao","UBB",1,81,12000,12,22,54,16,37,43,13,18,72,29,6,35,19,9,13,0,4,4,3,26,19,88,55,0,0,11,0,81,70,0,0,0,0,0,0,0,0,0
1389661,1,"Liga Nacional","Liga Endesa",-402534000,NA,"https://www.acb.com/Documentos/Cabeceras/logo-competicion-1b.png","https://www.acb.com/Documentos/Cabeceras/logo-competicion-4a.png",77,2012,107,NA,NA,2396,15341,NA,NA,FALSE,2874,2882,1145,"Cajasol","Cajasol","CAJ",2874,1164,"CAI Zaragoza","CAI Zaragoza","CAI",1,75,12000,8,23,34,19,37,51,13,17,76,22,14,36,12,6,12,0,2,4,4,21,19,76,40,0,0,11,0,75,67,0,0,0,0,0,0,0,0,0
1389660,1,"Liga Nacional","Liga Endesa",-402534000,NA,"https://www.acb.com/Documentos/Cabeceras/logo-competicion-1b.png","https://www.acb.com/Documentos/Cabeceras/logo-competicion-4a.png",77,2012,107,NA,NA,2396,15341,NA,NA,TRUE,2882,2882,1145,"Cajasol","Cajasol","CAJ",2874,1164,"CAI Zaragoza","CAI Zaragoza","CAI",1,67,12000,7,27,25,16,29,55,14,16,87,21,12,33,17,6,11,0,4,2,3,19,21,81,-40,0,10,0,0,67,75,0,0,0,0,0,0,0,0,0
1389445,1,"Liga Nacional","Liga Endesa",-402534000,NA,"https://www.acb.com/Documentos/Cabeceras/logo-competicion-1b.png","https://www.acb.com/Documentos/Cabeceras/logo-competicion-4a.png",77,2012,107,NA,NA,2396,15333,NA,NA,TRUE,2873,2873,519,"Lagun Aro GBC","Lagun Aro GBC","GBC",2883,1862,"Blancos de Rueda Valladolid","Blancos Rueda","BRV",1,94,12000,13,29,44,21,39,53,13,14,92,20,12,32,12,10,14,0,1,0,2,20,18,98,80,0,0,10,0,94,78,0,0,0,0,0,0,0,0,0
1389446,1,"Liga Nacional","Liga Endesa",-402534000,NA,"https://www.acb.com/Documentos/Cabeceras/logo-competicion-1b.png","https://www.acb.com/Documentos/Cabeceras/logo-competicion-4a.png",77,2012,107,NA,NA,2396,15333,NA,NA,FALSE,2883,2873,519,"Lagun Aro GBC","Lagun Aro GBC","GBC",2883,1862,"Blancos de Rueda Valladolid","Blancos Rueda","BRV",1,78,12000,3,13,23,27,47,57,15,18,83,23,10,33,6,10,17,0,0,1,1,18,20,78,-80,0,10,0,0,78,94,0,0,0,0,0,0,0,0,0
1389635,1,"Liga Nacional","Liga Endesa",-402534000,NA,"https://www.acb.com/Documentos/Cabeceras/logo-competicion-1b.png","https://www.acb.com/Documentos/Cabeceras/logo-competicion-4a.png",77,2012,107,NA,NA,2396,15340,NA,NA,FALSE,2866,2880,989,"Valencia Basket Club","Valencia Basket","VBC",2866,1392,"CB Canarias","CB Canarias","CAN",1,85,12000,7,20,35,25,43,58,14,22,63,18,11,29,19,10,18,0,2,0,0,21,23,90,-100,0,12,0,0,85,105,0,0,0,0,0,0,0,0,0
1389634,1,"Liga Nacional","Liga Endesa",-402534000,NA,"https://www.acb.com/Documentos/Cabeceras/logo-competicion-1b.png","https://www.acb.com/Documentos/Cabeceras/logo-competicion-4a.png",77,2012,107,NA,NA,2396,15340,NA,NA,TRUE,2880,2880,989,"Valencia Basket Club","Valencia Basket","VBC",2866,1392,"CB Canarias","CB Canarias","CAN",1,105,12000,13,22,59,25,39,64,16,20,80,21,5,26,28,9,15,0,0,2,8,23,21,122,100,0,0,12,0,105,85,0,0,0,0,0,0,0,0,0
1389713,1,"Liga Nacional","Liga Endesa",-402534000,NA,"https://www.acb.com/Documentos/Cabeceras/logo-competicion-1b.png","https://www.acb.com/Documentos/Cabeceras/logo-competicion-4a.png",77,2012,107,NA,NA,2397,15343,NA,NA,TRUE,2866,2866,1392,"CB Canarias","CB Canarias","CAN",2879,1691,"Blusens Monbus","Blusens Monbus","BSM",1,84,12000,8,14,57,24,35,68,12,16,75,22,6,28,18,11,17,0,0,1,2,20,22,104,35,0,0,11,0,84,77,0,0,0,0,0,0,0,0,0
1389714,1,"Liga Nacional","Liga Endesa",-402534000,NA,"https://www.acb.com/Documentos/Cabeceras/logo-competicion-1b.png","https://www.acb.com/Documentos/Cabeceras/logo-competicion-4a.png",77,2012,107,NA,NA,2397,15343,NA,NA,FALSE,2879,2866,1392,"CB Canarias","CB Canarias","CAN",2879,1691,"Blusens Monbus","Blusens Monbus","BSM",1,77,12000,9,21,42,17,30,56,16,22,72,11,4,15,14,11,13,0,1,0,3,22,20,72,-35,0,11,0,0,77,84,0,0,0,0,0,0,0,0,0
1389824,1,"Liga Nacional","Liga Endesa",-402534000,NA,"https://www.acb.com/Documentos/Cabeceras/logo-competicion-1b.png","https://www.acb.com/Documentos/Cabeceras/logo-competicion-4a.png",77,2012,107,NA,NA,2397,15347,NA,NA,FALSE,2876,2872,1214,"Mad-Croc Fuenlabrada","Mad-Croc Fuenla","MCF",2876,794,"Real Madrid","Real Madrid","RMB",1,88,12000,9,20,45,21,32,65,19,26,73,23,12,35,16,9,16,0,2,1,2,19,24,109,115,0,0,13,0,88,65,0,0,0,0,0,0,0,0,0
1389823,1,"Liga Nacional","Liga Endesa",-402534000,NA,"https://www.acb.com/Documentos/Cabeceras/logo-competicion-1b.png","https://www.acb.com/Documentos/Cabeceras/logo-competicion-4a.png",77,2012,107,NA,NA,2397,15347,NA,NA,TRUE,2872,2872,1214,"Mad-Croc Fuenlabrada","Mad-Croc Fuenla","MCF",2876,794,"Real Madrid","Real Madrid","RMB",1,65,12000,8,26,30,17,34,50,7,9,77,14,10,24,7,8,15,0,1,2,0,24,19,46,-115,0,12,0,0,65,88,0,0,0,0,0,0,0,0,0
1389851,1,"Liga Nacional","Liga Endesa",-402534000,NA,"https://www.acb.com/Documentos/Cabeceras/logo-competicion-1b.png","https://www.acb.com/Documentos/Cabeceras/logo-competicion-4a.png",77,2012,107,NA,NA,2397,15348,NA,NA,FALSE,2875,2877,880,"Assignia Manresa","Assignia Man.","MAN",2875,649,"FIATC Joventut","FIATC Joventut","CJB",1,92,12000,6,25,24,25,40,62,24,28,85,24,12,36,17,7,10,0,5,4,6,23,26,108,20,0,0,12,0,92,88,0,0,0,0,0,0,0,0,0
1389850,1,"Liga Nacional","Liga Endesa",-402534000,NA,"https://www.acb.com/Documentos/Cabeceras/logo-competicion-1b.png","https://www.acb.com/Documentos/Cabeceras/logo-competicion-4a.png",77,2012,107,NA,NA,2397,15348,NA,NA,TRUE,2877,2877,880,"Assignia Manresa","Assignia Man.","MAN",2875,649,"FIATC Joventut","FIATC Joventut","CJB",1,88,12000,11,24,45,20,37,54,15,19,78,23,7,30,15,4,14,0,4,5,2,26,23,85,-20,0,10,0,0,88,92,0,0,0,0,0,0,0,0,0
1389769,1,"Liga Nacional","Liga Endesa",-402534000,NA,"https://www.acb.com/Documentos/Cabeceras/logo-competicion-1b.png","https://www.acb.com/Documentos/Cabeceras/logo-competicion-4a.png",77,2012,107,NA,NA,2397,15345,NA,NA,FALSE,2871,2882,1145,"Cajasol","Cajasol","CAJ",2871,484,"Asefa Estudiantes","Asefa Estu","ASE",1,78,12000,7,18,38,21,36,58,15,19,78,19,7,26,11,14,18,0,0,1,4,19,19,80,-40,0,10,0,0,78,86,0,0,0,0,0,0,0,0,0
1389768,1,"Liga Nacional","Liga Endesa",-402534000,NA,"https://www.acb.com/Documentos/Cabeceras/logo-competicion-1b.png","https://www.acb.com/Documentos/Cabeceras/logo-competicion-4a.png",77,2012,107,NA,NA,2397,15345,NA,NA,TRUE,2882,2882,1145,"Cajasol","Cajasol","CAJ",2871,484,"Asefa Estudiantes","Asefa Estu","ASE",1,86,12000,12,27,44,18,35,51,14,17,82,20,13,33,20,12,14,0,1,0,4,19,19,103,40,0,0,10,0,86,78,0,0,0,0,0,0,0,0,0
1389796,1,"Liga Nacional","Liga Endesa",-402534000,NA,"https://www.acb.com/Documentos/Cabeceras/logo-competicion-1b.png","https://www.acb.com/Documentos/Cabeceras/logo-competicion-4a.png",77,2012,107,NA,NA,2397,15346,NA,NA,FALSE,2867,2878,916,"UCAM Murcia CB","UCAM Murcia CB","UCM",2867,136,"FC Barcelona Regal","FCB Regal","FCB",1,79,12000,6,12,50,24,45,53,13,18,72,26,13,39,12,4,15,0,2,3,2,15,21,92,85,0,0,13,0,79,62,0,0,0,0,0,0,0,0,0
1389795,1,"Liga Nacional","Liga Endesa",-402534000,NA,"https://www.acb.com/Documentos/Cabeceras/logo-competicion-1b.png","https://www.acb.com/Documentos/Cabeceras/logo-competicion-4a.png",77,2012,107,NA,NA,2397,15346,NA,NA,TRUE,2878,2878,916,"UCAM Murcia CB","UCAM Murcia CB","UCM",2867,136,"FC Barcelona Regal","FCB Regal","FCB",1,62,12000,7,24,29,15,38,39,11,12,91,16,12,28,12,12,13,0,3,2,2,21,15,55,-85,0,12,0,0,62,79,0,0,0,0,0,0,0,0,0
1389687,1,"Liga Nacional","Liga Endesa",-402534000,NA,"https://www.acb.com/Documentos/Cabeceras/logo-competicion-1b.png","https://www.acb.com/Documentos/Cabeceras/logo-competicion-4a.png",77,2012,107,NA,NA,2397,15342,NA,NA,FALSE,2880,2874,1164,"CAI Zaragoza","CAI Zaragoza","CAI",2880,989,"Valencia Basket Club","Valencia Basket","VBC",1,62,12000,5,23,21,16,31,51,15,16,93,20,9,29,5,9,18,0,3,3,1,24,21,50,-70,0,11,0,0,62,76,0,0,0,0,0,0,0,0,0
1389686,1,"Liga Nacional","Liga Endesa",-402534000,NA,"https://www.acb.com/Documentos/Cabeceras/logo-competicion-1b.png","https://www.acb.com/Documentos/Cabeceras/logo-competicion-4a.png",77,2012,107,NA,NA,2397,15342,NA,NA,TRUE,2874,2874,1164,"CAI Zaragoza","CAI Zaragoza","CAI",2880,989,"Valencia Basket Club","Valencia Basket","VBC",1,76,12000,6,16,37,20,39,51,18,23,78,25,9,34,17,12,15,0,3,3,1,21,24,93,70,0,0,10,0,76,62,0,0,0,0,0,0,0,0,0
1389742,1,"Liga Nacional","Liga Endesa",-402534000,NA,"https://www.acb.com/Documentos/Cabeceras/logo-competicion-1b.png","https://www.acb.com/Documentos/Cabeceras/logo-competicion-4a.png",77,2012,107,NA,NA,2397,15344,NA,NA,TRUE,2868,2868,248,"Caja Laboral","Caja Laboral","CLA",2870,358,"Gran Canaria 2014","G. Canaria 2014","GCA",1,85,12000,11,29,37,22,38,57,8,10,80,16,13,29,15,8,7,0,3,0,3,21,17,93,55,0,0,11,0,85,74,0,0,0,0,0,0,0,0,0
1389743,1,"Liga Nacional","Liga Endesa",-402534000,NA,"https://www.acb.com/Documentos/Cabeceras/logo-competicion-1b.png","https://www.acb.com/Documentos/Cabeceras/logo-competicion-4a.png",77,2012,107,NA,NA,2397,15344,NA,NA,FALSE,2870,2868,248,"Caja Laboral","Caja Laboral","CLA",2870,358,"Gran Canaria 2014","G. Canaria 2014","GCA",1,74,12000,7,25,28,21,35,60,11,14,78,23,13,36,13,5,12,0,0,3,0,17,21,82,-55,0,10,0,0,74,85,0,0,0,0,0,0,0,0,0
1389878,1,"Liga Nacional","Liga Endesa",-402534000,NA,"https://www.acb.com/Documentos/Cabeceras/logo-competicion-1b.png","https://www.acb.com/Documentos/Cabeceras/logo-competicion-4a.png",77,2012,107,NA,NA,2397,15349,NA,NA,FALSE,2873,2869,300,"Uxue Bilbao Basket","Uxue Bilbao","UBB",2873,519,"Lagun Aro GBC","Lagun Aro GBC","GBC",1,72,12000,9,28,32,17,33,51,11,12,91,17,11,28,8,6,14,0,2,2,1,21,17,60,-95,0,11,0,0,72,91,0,0,0,0,0,0,0,0,0
1389877,1,"Liga Nacional","Liga Endesa",-402534000,NA,"https://www.acb.com/Documentos/Cabeceras/logo-competicion-1b.png","https://www.acb.com/Documentos/Cabeceras/logo-competicion-4a.png",77,2012,107,NA,NA,2397,15349,NA,NA,TRUE,2869,2869,300,"Uxue Bilbao Basket","Uxue Bilbao","UBB",2873,519,"Lagun Aro GBC","Lagun Aro GBC","GBC",1,91,12000,7,10,70,24,44,54,22,26,84,22,7,29,12,6,11,0,2,2,1,17,21,104,95,0,0,13,0,91,72,0,0,0,0,0,0,0,0,0
1389905,1,"Liga Nacional","Liga Endesa",-402534000,NA,"https://www.acb.com/Documentos/Cabeceras/logo-competicion-1b.png","https://www.acb.com/Documentos/Cabeceras/logo-competicion-4a.png",77,2012,107,NA,NA,2397,15350,NA,NA,TRUE,2883,2883,1862,"Blancos de Rueda Valladolid","Blancos Rueda","BRV",2881,1084,"Unicaja","Unicaja","UNI",1,84,12000,9,19,47,20,44,45,17,20,85,12,11,23,18,11,12,0,0,2,3,17,23,91,-25,0,10,0,0,84,89,0,0,0,0,0,0,0,0,0
1389906,1,"Liga Nacional","Liga Endesa",-402534000,NA,"https://www.acb.com/Documentos/Cabeceras/logo-competicion-1b.png","https://www.acb.com/Documentos/Cabeceras/logo-competicion-4a.png",77,2012,107,NA,NA,2397,15350,NA,NA,FALSE,2881,2883,1862,"Blancos de Rueda Valladolid","Blancos Rueda","BRV",2881,1084,"Unicaja","Unicaja","UNI",1,89,12000,6,20,30,28,41,68,15,16,93,20,12,32,19,7,18,0,2,0,7,23,17,97,25,0,0,11,0,89,84,0,0,0,0,0,0,0,0,0
1390043,1,"Liga Nacional","Liga Endesa",-402534000,NA,"https://www.acb.com/Documentos/Cabeceras/logo-competicion-1b.png","https://www.acb.com/Documentos/Cabeceras/logo-competicion-4a.png",77,2012,107,NA,NA,2398,15355,NA,NA,TRUE,2871,2871,484,"Asefa Estudiantes","Asefa Estu","ASE",2883,1862,"Blancos de Rueda Valladolid","Blancos Rueda","BRV",1,77,12000,10,23,43,17,41,41,13,18,72,22,11,33,10,7,10,0,5,0,4,21,21,80,-15,0,11,0,0,77,80,0,0,0,0,0,0,0,0,0
1390044,1,"Liga Nacional","Liga Endesa",-402534000,NA,"https://www.acb.com/Documentos/Cabeceras/logo-competicion-1b.png","https://www.acb.com/Documentos/Cabeceras/logo-competicion-4a.png",77,2012,107,NA,NA,2398,15355,NA,NA,FALSE,2883,2871,484,"Asefa Estudiantes","Asefa Estu","ASE",2883,1862,"Blancos de Rueda Valladolid","Blancos Rueda","BRV",1,80,12000,3,16,18,27,44,61,17,21,80,27,9,36,12,5,10,0,0,5,1,21,21,84,15,0,0,10,0,80,77,0,0,0,0,0,0,0,0,0
1390098,1,"Liga Nacional","Liga Endesa",-402534000,NA,"https://www.acb.com/Documentos/Cabeceras/logo-competicion-1b.png","https://www.acb.com/Documentos/Cabeceras/logo-competicion-4a.png",77,2012,107,NA,NA,2398,15357,NA,NA,FALSE,2866,2870,358,"Gran Canaria 2014","G. Canaria 2014","GCA",2866,1392,"CB Canarias","CB Canarias","CAN",1,70,12000,4,24,16,21,38,55,16,18,88,21,11,32,9,9,15,0,2,4,0,17,21,68,-40,0,12,0,0,70,78,0,0,0,0,0,0,0,0,0
1390097,1,"Liga Nacional","Liga Endesa",-402534000,NA,"https://www.acb.com/Documentos/Cabeceras/logo-competicion-1b.png","https://www.acb.com/Documentos/Cabeceras/logo-competicion-4a.png",77,2012,107,NA,NA,2398,15357,NA,NA,TRUE,2870,2870,358,"Gran Canaria 2014","G. Canaria 2014","GCA",2866,1392,"CB Canarias","CB Canarias","CAN",1,78,12000,11,26,42,17,40,42,11,14,78,24,17,41,11,7,13,0,4,2,0,21,17,81,40,0,0,11,0,78,70,0,0,0,0,0,0,0,0,0
1390016,1,"Liga Nacional","Liga Endesa",-402534000,NA,"https://www.acb.com/Documentos/Cabeceras/logo-competicion-1b.png","https://www.acb.com/Documentos/Cabeceras/logo-competicion-4a.png",77,2012,107,NA,NA,2398,15354,NA,NA,TRUE,2876,2876,794,"Real Madrid","Real Madrid","RMB",2878,916,"UCAM Murcia CB","UCAM Murcia CB","UCM",1,86,12000,13,27,48,20,44,45,7,8,87,26,13,39,17,13,15,0,3,1,3,20,20,103,85,0,0,12,0,86,69,0,0,0,0,0,0,0,0,0
1390017,1,"Liga Nacional","Liga Endesa",-402534000,NA,"https://www.acb.com/Documentos/Cabeceras/logo-competicion-1b.png","https://www.acb.com/Documentos/Cabeceras/logo-competicion-4a.png",77,2012,107,NA,NA,2398,15354,NA,NA,FALSE,2878,2876,794,"Real Madrid","Real Madrid","RMB",2878,916,"UCAM Murcia CB","UCAM Murcia CB","UCM",1,69,12000,4,17,23,17,34,50,23,24,95,22,4,26,14,10,15,0,1,3,5,20,20,71,-85,0,10,0,0,69,86,0,0,0,0,0,0,0,0,0
1389988,1,"Liga Nacional","Liga Endesa",-402534000,NA,"https://www.acb.com/Documentos/Cabeceras/logo-competicion-1b.png","https://www.acb.com/Documentos/Cabeceras/logo-competicion-4a.png",77,2012,107,NA,NA,2398,15353,NA,NA,TRUE,2875,2875,649,"FIATC Joventut","FIATC Joventut","CJB",2872,1214,"Mad-Croc Fuenlabrada","Mad-Croc Fuenla","MCF",1,86,12000,9,24,37,22,38,57,15,19,78,23,8,31,11,6,16,0,4,2,6,24,22,83,-30,0,12,0,0,86,92,0,0,0,0,0,0,0,0,0
1389989,1,"Liga Nacional","Liga Endesa",-402534000,NA,"https://www.acb.com/Documentos/Cabeceras/logo-competicion-1b.png","https://www.acb.com/Documentos/Cabeceras/logo-competicion-4a.png",77,2012,107,NA,NA,2398,15353,NA,NA,FALSE,2872,2875,649,"FIATC Joventut","FIATC Joventut","CJB",2872,1214,"Mad-Croc Fuenlabrada","Mad-Croc Fuenla","MCF",1,92,12000,11,21,52,20,46,43,19,28,67,19,13,32,12,11,11,0,2,4,1,22,24,91,30,0,0,12,0,92,86,0,0,0,0,0,0,0,0,0
1389933,1,"Liga Nacional","Liga Endesa",-402534000,NA,"https://www.acb.com/Documentos/Cabeceras/logo-competicion-1b.png","https://www.acb.com/Documentos/Cabeceras/logo-competicion-4a.png",77,2012,107,NA,NA,2398,15351,NA,NA,TRUE,2881,2881,1084,"Unicaja","Unicaja","UNI",2869,300,"Uxue Bilbao Basket","Uxue Bilbao","UBB",1,63,12000,8,32,25,14,31,45,11,15,73,33,13,46,14,5,17,0,4,2,3,22,23,69,20,0,0,12,0,63,59,0,0,0,0,0,0,0,0,0
1389934,1,"Liga Nacional","Liga Endesa",-402534000,NA,"https://www.acb.com/Documentos/Cabeceras/logo-competicion-1b.png","https://www.acb.com/Documentos/Cabeceras/logo-competicion-4a.png",77,2012,107,NA,NA,2398,15351,NA,NA,FALSE,2869,2881,1084,"Unicaja","Unicaja","UNI",2869,300,"Uxue Bilbao Basket","Uxue Bilbao","UBB",1,59,12000,6,16,37,13,44,29,15,19,78,25,8,33,12,12,12,0,2,4,1,23,22,56,-20,0,10,0,0,59,63,0,0,0,0,0,0,0,0,0
1390069,1,"Liga Nacional","Liga Endesa",-402534000,NA,"https://www.acb.com/Documentos/Cabeceras/logo-competicion-1b.png","https://www.acb.com/Documentos/Cabeceras/logo-competicion-4a.png",77,2012,107,NA,NA,2398,15356,NA,NA,TRUE,2867,2867,136,"FC Barcelona Regal","FCB Regal","FCB",2868,248,"Caja Laboral","Caja Laboral","CLA",1,67,12000,6,24,25,18,46,39,13,19,68,22,22,44,15,8,11,0,4,5,2,20,24,74,-10,0,13,0,0,67,69,0,0,0,0,0,0,0,0,0
1390070,1,"Liga Nacional","Liga Endesa",-402534000,NA,"https://www.acb.com/Documentos/Cabeceras/logo-competicion-1b.png","https://www.acb.com/Documentos/Cabeceras/logo-competicion-4a.png",77,2012,107,NA,NA,2398,15356,NA,NA,FALSE,2868,2867,136,"FC Barcelona Regal","FCB Regal","FCB",2868,248,"Caja Laboral","Caja Laboral","CLA",1,69,12000,6,16,37,17,38,44,17,19,89,24,9,33,13,8,12,0,5,4,1,24,20,75,10,0,0,10,0,69,67,0,0,0,0,0,0,0,0,0
1390126,1,"Liga Nacional","Liga Endesa",-402534000,NA,"https://www.acb.com/Documentos/Cabeceras/logo-competicion-1b.png","https://www.acb.com/Documentos/Cabeceras/logo-competicion-4a.png",77,2012,107,NA,NA,2398,15358,NA,NA,FALSE,2874,2879,1691,"Blusens Monbus","Blusens Monbus","BSM",2874,1164,"CAI Zaragoza","CAI Zaragoza","CAI",1,64,12000,9,17,52,14,39,35,9,12,75,21,5,26,15,13,12,0,1,3,1,20,18,66,-40,0,10,0,0,64,72,0,0,0,0,0,0,0,0,0
1390125,1,"Liga Nacional","Liga Endesa",-402534000,NA,"https://www.acb.com/Documentos/Cabeceras/logo-competicion-1b.png","https://www.acb.com/Documentos/Cabeceras/logo-competicion-4a.png",77,2012,107,NA,NA,2398,15358,NA,NA,TRUE,2879,2879,1691,"Blusens Monbus","Blusens Monbus","BSM",2874,1164,"CAI Zaragoza","CAI Zaragoza","CAI",1,72,12000,8,24,33,18,36,50,12,15,80,26,9,35,15,9,14,0,3,1,4,18,20,84,40,0,0,12,0,72,64,0,0,0,0,0,0,0,0,0
1389961,1,"Liga Nacional","Liga Endesa",-402534000,NA,"https://www.acb.com/Documentos/Cabeceras/logo-competicion-1b.png","https://www.acb.com/Documentos/Cabeceras/logo-competicion-4a.png",77,2012,107,NA,NA,2398,15352,NA,NA,FALSE,2877,2873,519,"Lagun Aro GBC","Lagun Aro GBC","GBC",2877,880,"Assignia Manresa","Assignia Man.","MAN",1,90,12000,12,24,50,20,34,58,14,20,70,17,11,28,10,6,14,0,3,3,0,26,23,85,-20,0,13,0,0,90,94,0,0,0,0,0,0,0,0,0
1389960,1,"Liga Nacional","Liga Endesa",-402534000,NA,"https://www.acb.com/Documentos/Cabeceras/logo-competicion-1b.png","https://www.acb.com/Documentos/Cabeceras/logo-competicion-4a.png",77,2012,107,NA,NA,2398,15352,NA,NA,TRUE,2873,2873,519,"Lagun Aro GBC","Lagun Aro GBC","GBC",2877,880,"Assignia Manresa","Assignia Man.","MAN",1,94,12000,10,25,40,25,47,53,14,23,60,17,17,34,10,6,10,0,3,3,2,23,26,91,20,0,0,12,0,94,90,0,0,0,0,0,0,0,0,0
1390150,1,"Liga Nacional","Liga Endesa",-402534000,NA,"https://www.acb.com/Documentos/Cabeceras/logo-competicion-1b.png","https://www.acb.com/Documentos/Cabeceras/logo-competicion-4a.png",77,2012,107,NA,NA,2398,15359,NA,NA,TRUE,2880,2880,989,"Valencia Basket Club","Valencia Basket","VBC",2882,1145,"Cajasol","Cajasol","CAJ",1,66,12000,6,17,35,20,37,54,8,12,66,22,8,30,20,7,17,0,1,3,5,26,16,62,-30,0,10,0,0,66,72,0,0,0,0,0,0,0,0,0
1390151,1,"Liga Nacional","Liga Endesa",-402534000,NA,"https://www.acb.com/Documentos/Cabeceras/logo-competicion-1b.png","https://www.acb.com/Documentos/Cabeceras/logo-competicion-4a.png",77,2012,107,NA,NA,2398,15359,NA,NA,FALSE,2882,2880,989,"Valencia Basket Club","Valencia Basket","VBC",2882,1145,"Cajasol","Cajasol","CAJ",1,72,12000,3,19,15,22,42,52,19,22,86,21,15,36,11,10,13,0,3,1,4,16,26,89,30,0,0,11,0,72,66,0,0,0,0,0,0,0,0,0
1390364,1,"Liga Nacional","Liga Endesa",-402534000,NA,"https://www.acb.com/Documentos/Cabeceras/logo-competicion-1b.png","https://www.acb.com/Documentos/Cabeceras/logo-competicion-4a.png",77,2012,107,NA,NA,2399,15367,NA,NA,TRUE,2877,2877,880,"Assignia Manresa","Assignia Man.","MAN",2881,1084,"Unicaja","Unicaja","UNI",1,63,12000,4,21,19,17,35,48,17,21,80,22,5,27,11,6,16,0,2,6,0,21,22,49,-85,0,12,0,0,63,80,0,0,0,0,0,0,0,0,0
1390365,1,"Liga Nacional","Liga Endesa",-402534000,NA,"https://www.acb.com/Documentos/Cabeceras/logo-competicion-1b.png","https://www.acb.com/Documentos/Cabeceras/logo-competicion-4a.png",77,2012,107,NA,NA,2399,15367,NA,NA,FALSE,2881,2877,880,"Assignia Manresa","Assignia Man.","MAN",2881,1084,"Unicaja","Unicaja","UNI",1,80,12000,9,23,39,22,40,55,9,15,60,31,8,39,14,9,15,0,6,2,2,22,21,92,85,0,0,12,0,80,63,0,0,0,0,0,0,0,0,0
1390231,1,"Liga Nacional","Liga Endesa",-402534000,NA,"https://www.acb.com/Documentos/Cabeceras/logo-competicion-1b.png","https://www.acb.com/Documentos/Cabeceras/logo-competicion-4a.png",77,2012,107,NA,NA,2399,15362,NA,NA,FALSE,2867,2866,1392,"CB Canarias","CB Canarias","CAN",2867,136,"FC Barcelona Regal","FCB Regal","FCB",1,89,12000,11,18,61,20,32,62,16,21,76,22,5,27,12,8,16,0,4,1,1,26,21,94,40,0,0,13,0,89,81,0,0,0,0,0,0,0,0,0
1390230,1,"Liga Nacional","Liga Endesa",-402534000,NA,"https://www.acb.com/Documentos/Cabeceras/logo-competicion-1b.png","https://www.acb.com/Documentos/Cabeceras/logo-competicion-4a.png",77,2012,107,NA,NA,2399,15362,NA,NA,TRUE,2866,2866,1392,"CB Canarias","CB Canarias","CAN",2867,136,"FC Barcelona Regal","FCB Regal","FCB",1,81,12000,6,17,35,24,45,53,15,20,75,18,12,30,9,10,15,0,1,4,2,21,26,80,-40,0,11,0,0,81,89,0,0,0,0,0,0,0,0,0
1390178,1,"Liga Nacional","Liga Endesa",-402534000,NA,"https://www.acb.com/Documentos/Cabeceras/logo-competicion-1b.png","https://www.acb.com/Documentos/Cabeceras/logo-competicion-4a.png",77,2012,107,NA,NA,2399,15360,NA,NA,FALSE,2879,2882,1145,"Cajasol","Cajasol","CAJ",2879,1691,"Blusens Monbus","Blusens Monbus","BSM",1,71,12000,3,15,20,23,39,58,16,21,76,19,15,34,14,9,14,0,5,0,4,19,21,88,40,0,0,10,0,71,63,0,0,0,0,0,0,0,0,0
1390177,1,"Liga Nacional","Liga Endesa",-402534000,NA,"https://www.acb.com/Documentos/Cabeceras/logo-competicion-1b.png","https://www.acb.com/Documentos/Cabeceras/logo-competicion-4a.png",77,2012,107,NA,NA,2399,15360,NA,NA,TRUE,2882,2882,1145,"Cajasol","Cajasol","CAJ",2879,1691,"Blusens Monbus","Blusens Monbus","BSM",1,63,12000,4,16,25,19,41,46,13,16,81,15,15,30,9,6,16,0,0,5,1,21,19,48,-40,0,12,0,0,63,71,0,0,0,0,0,0,0,0,0
1390203,1,"Liga Nacional","Liga Endesa",-402534000,NA,"https://www.acb.com/Documentos/Cabeceras/logo-competicion-1b.png","https://www.acb.com/Documentos/Cabeceras/logo-competicion-4a.png",77,2012,107,NA,NA,2399,15361,NA,NA,TRUE,2874,2874,1164,"CAI Zaragoza","CAI Zaragoza","CAI",2870,358,"Gran Canaria 2014","G. Canaria 2014","GCA",1,69,12000,8,22,36,16,37,43,13,20,65,28,9,37,15,11,9,0,3,1,0,20,21,84,80,0,0,11,0,69,53,0,0,0,0,0,0,0,0,0
1390204,1,"Liga Nacional","Liga Endesa",-402534000,NA,"https://www.acb.com/Documentos/Cabeceras/logo-competicion-1b.png","https://www.acb.com/Documentos/Cabeceras/logo-competicion-4a.png",77,2012,107,NA,NA,2399,15361,NA,NA,FALSE,2870,2874,1164,"CAI Zaragoza","CAI Zaragoza","CAI",2870,358,"Gran Canaria 2014","G. Canaria 2014","GCA",1,53,12000,5,14,35,13,39,33,12,16,75,30,9,39,12,1,20,0,1,3,2,21,20,43,-80,0,11,0,0,53,69,0,0,0,0,0,0,0,0,0
1390258,1,"Liga Nacional","Liga Endesa",-402534000,NA,"https://www.acb.com/Documentos/Cabeceras/logo-competicion-1b.png","https://www.acb.com/Documentos/Cabeceras/logo-competicion-4a.png",77,2012,107,NA,NA,2399,15363,NA,NA,FALSE,2876,2868,248,"Caja Laboral","Caja Laboral","CLA",2876,794,"Real Madrid","Real Madrid","RMB",1,100,12000,12,27,44,20,33,60,24,27,88,18,7,25,17,9,9,0,0,2,1,24,24,109,40,0,0,12,0,100,92,0,0,0,0,0,0,0,0,0
1390257,1,"Liga Nacional","Liga Endesa",-402534000,NA,"https://www.acb.com/Documentos/Cabeceras/logo-competicion-1b.png","https://www.acb.com/Documentos/Cabeceras/logo-competicion-4a.png",77,2012,107,NA,NA,2399,15363,NA,NA,TRUE,2868,2868,248,"Caja Laboral","Caja Laboral","CLA",2876,794,"Real Madrid","Real Madrid","RMB",1,92,12000,14,25,56,17,32,53,16,24,66,21,7,28,13,3,11,0,2,0,1,24,24,93,-40,0,10,0,0,92,100,0,0,0,0,0,0,0,0,0
1390283,1,"Liga Nacional","Liga Endesa",-402534000,NA,"https://www.acb.com/Documentos/Cabeceras/logo-competicion-1b.png","https://www.acb.com/Documentos/Cabeceras/logo-competicion-4a.png",77,2012,107,NA,NA,2399,15364,NA,NA,TRUE,2878,2878,916,"UCAM Murcia CB","UCAM Murcia CB","UCM",2875,649,"FIATC Joventut","FIATC Joventut","CJB",1,79,12000,8,23,34,22,40,55,11,13,84,24,12,36,10,5,14,0,0,3,1,16,14,76,-5,0,10,0,0,79,80,0,0,0,0,0,0,0,0,0
1390284,1,"Liga Nacional","Liga Endesa",-402534000,NA,"https://www.acb.com/Documentos/Cabeceras/logo-competicion-1b.png","https://www.acb.com/Documentos/Cabeceras/logo-competicion-4a.png",77,2012,107,NA,NA,2399,15364,NA,NA,FALSE,2875,2878,916,"UCAM Murcia CB","UCAM Murcia CB","UCM",2875,649,"FIATC Joventut","FIATC Joventut","CJB",1,80,12000,9,25,36,20,37,54,13,16,81,21,10,31,13,9,11,0,3,0,1,14,16,91,5,0,0,11,0,80,79,0,0,0,0,0,0,0,0,0
1390392,1,"Liga Nacional","Liga Endesa",-402534000,NA,"https://www.acb.com/Documentos/Cabeceras/logo-competicion-1b.png","https://www.acb.com/Documentos/Cabeceras/logo-competicion-4a.png",77,2012,107,NA,NA,2399,15368,NA,NA,FALSE,2883,2869,300,"Uxue Bilbao Basket","Uxue Bilbao","UBB",2883,1862,"Blancos de Rueda Valladolid","Blancos Rueda","BRV",1,81,12000,5,11,45,27,43,62,12,14,85,17,6,23,11,6,18,0,0,3,2,19,17,74,-30,0,10,0,0,81,87,0,0,0,0,0,0,0,0,0
1390391,1,"Liga Nacional","Liga Endesa",-402534000,NA,"https://www.acb.com/Documentos/Cabeceras/logo-competicion-1b.png","https://www.acb.com/Documentos/Cabeceras/logo-competicion-4a.png",77,2012,107,NA,NA,2399,15368,NA,NA,TRUE,2869,2869,300,"Uxue Bilbao Basket","Uxue Bilbao","UBB",2883,1862,"Blancos de Rueda Valladolid","Blancos Rueda","BRV",1,87,12000,9,23,39,26,36,72,8,12,66,16,9,25,19,11,16,0,3,0,0,17,19,103,30,0,0,10,0,87,81,0,0,0,0,0,0,0,0,0
1390310,1,"Liga Nacional","Liga Endesa",-402534000,NA,"https://www.acb.com/Documentos/Cabeceras/logo-competicion-1b.png","https://www.acb.com/Documentos/Cabeceras/logo-competicion-4a.png",77,2012,107,NA,NA,2399,15365,NA,NA,TRUE,2880,2880,989,"Valencia Basket Club","Valencia Basket","VBC",2871,484,"Asefa Estudiantes","Asefa Estu","ASE",1,81,12000,9,28,32,17,34,50,20,22,90,23,11,34,17,12,13,0,3,3,4,29,26,90,50,0,0,11,0,81,71,0,0,0,0,0,0,0,0,0
1390311,1,"Liga Nacional","Liga Endesa",-402534000,NA,"https://www.acb.com/Documentos/Cabeceras/logo-competicion-1b.png","https://www.acb.com/Documentos/Cabeceras/logo-competicion-4a.png",77,2012,107,NA,NA,2399,15365,NA,NA,FALSE,2871,2880,989,"Valencia Basket Club","Valencia Basket","VBC",2871,484,"Asefa Estudiantes","Asefa Estu","ASE",1,71,12000,8,13,61,16,40,40,15,22,68,24,9,33,16,7,18,0,3,3,5,26,29,76,-50,0,11,0,0,71,81,0,0,0,0,0,0,0,0,0
1390338,1,"Liga Nacional","Liga Endesa",-402534000,NA,"https://www.acb.com/Documentos/Cabeceras/logo-competicion-1b.png","https://www.acb.com/Documentos/Cabeceras/logo-competicion-4a.png",77,2012,107,NA,NA,2399,15366,NA,NA,FALSE,2873,2872,1214,"Mad-Croc Fuenlabrada","Mad-Croc Fuenla","MCF",2873,519,"Lagun Aro GBC","Lagun Aro GBC","GBC",1,86,12000,12,21,57,23,45,51,4,5,80,22,13,35,14,10,13,0,1,5,3,24,17,89,70,0,0,10,0,86,72,0,0,0,0,0,0,0,0,0
1390337,1,"Liga Nacional","Liga Endesa",-402534000,NA,"https://www.acb.com/Documentos/Cabeceras/logo-competicion-1b.png","https://www.acb.com/Documentos/Cabeceras/logo-competicion-4a.png",77,2012,107,NA,NA,2399,15366,NA,NA,TRUE,2872,2872,1214,"Mad-Croc Fuenlabrada","Mad-Croc Fuenla","MCF",2873,519,"Lagun Aro GBC","Lagun Aro GBC","GBC",1,72,12000,11,29,37,12,21,57,15,21,71,18,8,26,11,7,16,0,5,1,1,17,24,78,-70,0,11,0,0,72,86,0,0,0,0,0,0,0,0,0
1390446,1,"Liga Nacional","Liga Endesa",-402534000,NA,"https://www.acb.com/Documentos/Cabeceras/logo-competicion-1b.png","https://www.acb.com/Documentos/Cabeceras/logo-competicion-4a.png",77,2012,107,NA,NA,2400,15370,NA,NA,TRUE,2881,2881,1084,"Unicaja","Unicaja","UNI",2872,1214,"Mad-Croc Fuenlabrada","Mad-Croc Fuenla","MCF",1,69,12000,6,21,28,16,34,47,19,27,70,28,7,35,8,7,12,0,3,1,0,18,24,74,25,0,0,13,0,69,64,0,0,0,0,0,0,0,0,0
1390447,1,"Liga Nacional","Liga Endesa",-402534000,NA,"https://www.acb.com/Documentos/Cabeceras/logo-competicion-1b.png","https://www.acb.com/Documentos/Cabeceras/logo-competicion-4a.png",77,2012,107,NA,NA,2400,15370,NA,NA,FALSE,2872,2881,1084,"Unicaja","Unicaja","UNI",2872,1214,"Mad-Croc Fuenlabrada","Mad-Croc Fuenla","MCF",1,64,12000,10,27,37,13,34,38,8,11,72,28,10,38,12,6,15,0,1,3,1,24,18,56,-25,0,11,0,0,64,69,0,0,0,0,0,0,0,0,0
1390525,1,"Liga Nacional","Liga Endesa",-402534000,NA,"https://www.acb.com/Documentos/Cabeceras/logo-competicion-1b.png","https://www.acb.com/Documentos/Cabeceras/logo-competicion-4a.png",77,2012,107,NA,NA,2400,15373,NA,NA,TRUE,2876,2876,794,"Real Madrid","Real Madrid","RMB",2866,1392,"CB Canarias","CB Canarias","CAN",1,83,12000,9,22,40,15,38,39,26,30,86,19,11,30,12,9,12,0,1,3,1,22,28,86,-65,0,11,0,0,83,96,0,0,0,0,0,0,0,0,0
1390526,1,"Liga Nacional","Liga Endesa",-402534000,NA,"https://www.acb.com/Documentos/Cabeceras/logo-competicion-1b.png","https://www.acb.com/Documentos/Cabeceras/logo-competicion-4a.png",77,2012,107,NA,NA,2400,15373,NA,NA,FALSE,2866,2876,794,"Real Madrid","Real Madrid","RMB",2866,1392,"CB Canarias","CB Canarias","CAN",1,96,12000,9,21,42,24,40,60,21,25,84,25,8,33,17,7,13,0,3,1,2,28,22,104,65,0,0,11,0,96,83,0,0,0,0,0,0,0,0,0
1390499,1,"Liga Nacional","Liga Endesa",-402534000,NA,"https://www.acb.com/Documentos/Cabeceras/logo-competicion-1b.png","https://www.acb.com/Documentos/Cabeceras/logo-competicion-4a.png",77,2012,107,NA,NA,2400,15372,NA,NA,TRUE,2875,2875,649,"FIATC Joventut","FIATC Joventut","CJB",2868,248,"Caja Laboral","Caja Laboral","CLA",1,89,12000,11,29,37,18,30,60,20,27,74,23,8,31,16,5,10,0,5,2,0,23,26,100,50,0,0,11,0,89,79,0,0,0,0,0,0,0,0,0
1390500,1,"Liga Nacional","Liga Endesa",-402534000,NA,"https://www.acb.com/Documentos/Cabeceras/logo-competicion-1b.png","https://www.acb.com/Documentos/Cabeceras/logo-competicion-4a.png",77,2012,107,NA,NA,2400,15372,NA,NA,FALSE,2868,2875,649,"FIATC Joventut","FIATC Joventut","CJB",2868,248,"Caja Laboral","Caja Laboral","CLA",1,79,12000,9,21,42,20,42,47,12,17,70,24,11,35,13,8,16,0,2,5,0,26,23,74,-50,0,11,0,0,79,89,0,0,0,0,0,0,0,0,0
1390609,1,"Liga Nacional","Liga Endesa",-402534000,NA,"https://www.acb.com/Documentos/Cabeceras/logo-competicion-1b.png","https://www.acb.com/Documentos/Cabeceras/logo-competicion-4a.png",77,2012,107,NA,NA,2400,15376,NA,NA,FALSE,2882,2870,358,"Gran Canaria 2014","G. Canaria 2014","GCA",2882,1145,"Cajasol","Cajasol","CAJ",1,49,12000,5,21,23,12,43,27,10,13,76,17,17,34,7,13,14,0,2,3,1,17,21,42,-85,0,12,0,0,49,66,0,0,0,0,0,0,0,0,0
1390608,1,"Liga Nacional","Liga Endesa",-402534000,NA,"https://www.acb.com/Documentos/Cabeceras/logo-competicion-1b.png","https://www.acb.com/Documentos/Cabeceras/logo-competicion-4a.png",77,2012,107,NA,NA,2400,15376,NA,NA,TRUE,2870,2870,358,"Gran Canaria 2014","G. Canaria 2014","GCA",2882,1145,"Cajasol","Cajasol","CAJ",1,66,12000,3,12,25,23,43,53,11,12,91,29,11,40,9,8,15,0,3,2,2,21,17,75,85,0,0,13,0,66,49,0,0,0,0,0,0,0,0,0
1390580,1,"Liga Nacional","Liga Endesa",-402534000,NA,"https://www.acb.com/Documentos/Cabeceras/logo-competicion-1b.png","https://www.acb.com/Documentos/Cabeceras/logo-competicion-4a.png",77,2012,107,NA,NA,2400,15375,NA,NA,TRUE,2871,2871,484,"Asefa Estudiantes","Asefa Estu","ASE",2869,300,"Uxue Bilbao Basket","Uxue Bilbao","UBB",1,79,12000,9,27,33,19,31,61,14,19,73,23,7,30,11,5,11,0,6,0,5,23,24,86,-45,0,11,0,0,79,88,0,0,0,0,0,0,0,0,0
1390581,1,"Liga Nacional","Liga Endesa",-402534000,NA,"https://www.acb.com/Documentos/Cabeceras/logo-competicion-1b.png","https://www.acb.com/Documentos/Cabeceras/logo-competicion-4a.png",77,2012,107,NA,NA,2400,15375,NA,NA,FALSE,2869,2871,484,"Asefa Estudiantes","Asefa Estu","ASE",2869,300,"Uxue Bilbao Basket","Uxue Bilbao","UBB",1,88,12000,13,26,50,17,35,48,15,20,75,23,6,29,17,7,7,0,0,6,1,24,23,91,45,0,0,11,0,88,79,0,0,0,0,0,0,0,0,0
1390473,1,"Liga Nacional","Liga Endesa",-402534000,NA,"https://www.acb.com/Documentos/Cabeceras/logo-competicion-1b.png","https://www.acb.com/Documentos/Cabeceras/logo-competicion-4a.png",77,2012,107,NA,NA,2400,15371,NA,NA,FALSE,2878,2873,519,"Lagun Aro GBC","Lagun Aro GBC","GBC",2878,916,"UCAM Murcia CB","UCAM Murcia CB","UCM",1,78,12000,6,16,37,23,38,60,14,18,77,26,4,30,8,7,19,0,1,1,2,22,19,72,-40,0,10,0,0,78,86,0,0,0,0,0,0,0,0,0
1390472,1,"Liga Nacional","Liga Endesa",-402534000,NA,"https://www.acb.com/Documentos/Cabeceras/logo-competicion-1b.png","https://www.acb.com/Documentos/Cabeceras/logo-competicion-4a.png",77,2012,107,NA,NA,2400,15371,NA,NA,TRUE,2873,2873,519,"Lagun Aro GBC","Lagun Aro GBC","GBC",2878,916,"UCAM Murcia CB","UCAM Murcia CB","UCM",1,86,12000,12,33,36,17,36,47,16,22,72,21,14,35,18,9,16,0,1,1,3,19,22,89,40,0,0,11,0,86,78,0,0,0,0,0,0,0,0,0
1390553,1,"Liga Nacional","Liga Endesa",-402534000,NA,"https://www.acb.com/Documentos/Cabeceras/logo-competicion-1b.png","https://www.acb.com/Documentos/Cabeceras/logo-competicion-4a.png",77,2012,107,NA,NA,2400,15374,NA,NA,FALSE,2874,2867,136,"FC Barcelona Regal","FCB Regal","FCB",2874,1164,"CAI Zaragoza","CAI Zaragoza","CAI",1,81,12000,8,17,47,23,44,52,11,16,68,13,8,21,16,3,6,0,1,4,1,13,16,80,-40,0,11,0,0,81,89,0,0,0,0,0,0,0,0,0
1390552,1,"Liga Nacional","Liga Endesa",-402534000,NA,"https://www.acb.com/Documentos/Cabeceras/logo-competicion-1b.png","https://www.acb.com/Documentos/Cabeceras/logo-competicion-4a.png",77,2012,107,NA,NA,2400,15374,NA,NA,TRUE,2867,2867,136,"FC Barcelona Regal","FCB Regal","FCB",2874,1164,"CAI Zaragoza","CAI Zaragoza","CAI",1,89,12000,10,23,43,25,40,62,9,10,90,23,13,36,21,4,11,0,4,1,2,16,13,110,40,0,0,13,0,89,81,0,0,0,0,0,0,0,0,0
1390635,1,"Liga Nacional","Liga Endesa",-402534000,NA,"https://www.acb.com/Documentos/Cabeceras/logo-competicion-1b.png","https://www.acb.com/Documentos/Cabeceras/logo-competicion-4a.png",77,2012,107,NA,NA,2400,15377,NA,NA,TRUE,2879,2879,1691,"Blusens Monbus","Blusens Monbus","BSM",2880,989,"Valencia Basket Club","Valencia Basket","VBC",1,74,12000,9,23,39,21,42,50,5,8,62,23,10,33,18,6,15,0,3,2,3,22,18,75,-30,0,11,0,0,74,80,0,0,0,0,0,0,0,0,0
1390636,1,"Liga Nacional","Liga Endesa",-402534000,NA,"https://www.acb.com/Documentos/Cabeceras/logo-competicion-1b.png","https://www.acb.com/Documentos/Cabeceras/logo-competicion-4a.png",77,2012,107,NA,NA,2400,15377,NA,NA,FALSE,2880,2879,1691,"Blusens Monbus","Blusens Monbus","BSM",2880,989,"Valencia Basket Club","Valencia Basket","VBC",1,80,12000,8,25,32,18,32,56,20,24,83,23,8,31,9,9,11,0,2,3,3,18,22,86,30,0,0,11,0,80,74,0,0,0,0,0,0,0,0,0
1390418,1,"Liga Nacional","Liga Endesa",-402534000,NA,"https://www.acb.com/Documentos/Cabeceras/logo-competicion-1b.png","https://www.acb.com/Documentos/Cabeceras/logo-competicion-4a.png",77,2012,107,NA,NA,2400,15369,NA,NA,TRUE,2883,2883,1862,"Blancos de Rueda Valladolid","Blancos Rueda","BRV",2877,880,"Assignia Manresa","Assignia Man.","MAN",1,86,12000,3,11,27,24,41,58,29,36,80,24,9,33,13,7,12,0,1,4,2,20,30,102,65,0,0,12,0,86,73,0,0,0,0,0,0,0,0,0
1390419,1,"Liga Nacional","Liga Endesa",-402534000,NA,"https://www.acb.com/Documentos/Cabeceras/logo-competicion-1b.png","https://www.acb.com/Documentos/Cabeceras/logo-competicion-4a.png",77,2012,107,NA,NA,2400,15369,NA,NA,FALSE,2877,2883,1862,"Blancos de Rueda Valladolid","Blancos Rueda","BRV",2877,880,"Assignia Manresa","Assignia Man.","MAN",1,73,12000,14,36,38,11,28,39,9,10,90,17,12,29,11,5,16,0,4,1,0,30,20,55,-65,0,12,0,0,73,86,0,0,0,0,0,0,0,0,0
1390745,1,"Liga Nacional","Liga Endesa",-402534000,NA,"https://www.acb.com/Documentos/Cabeceras/logo-competicion-1b.png","https://www.acb.com/Documentos/Cabeceras/logo-competicion-4a.png",77,2012,107,NA,NA,2401,15381,NA,NA,FALSE,2875,2866,1392,"CB Canarias","CB Canarias","CAN",2875,649,"FIATC Joventut","FIATC Joventut","CJB",1,68,12000,10,32,31,14,34,41,10,13,76,29,11,40,9,3,13,0,3,4,0,20,19,60,-15,0,12,0,0,68,71,0,0,0,0,0,0,0,0,0
1390744,1,"Liga Nacional","Liga Endesa",-402534000,NA,"https://www.acb.com/Documentos/Cabeceras/logo-competicion-1b.png","https://www.acb.com/Documentos/Cabeceras/logo-competicion-4a.png",77,2012,107,NA,NA,2401,15381,NA,NA,TRUE,2866,2866,1392,"CB Canarias","CB Canarias","CAN",2875,649,"FIATC Joventut","FIATC Joventut","CJB",1,71,12000,7,21,33,20,44,45,10,15,66,28,13,41,14,10,10,0,4,3,2,19,20,85,15,0,0,12,0,71,68,0,0,0,0,0,0,0,0,0
1390719,1,"Liga Nacional","Liga Endesa",-402534000,NA,"https://www.acb.com/Documentos/Cabeceras/logo-competicion-1b.png","https://www.acb.com/Documentos/Cabeceras/logo-competicion-4a.png",77,2012,107,NA,NA,2401,15380,NA,NA,FALSE,2876,2874,1164,"CAI Zaragoza","CAI Zaragoza","CAI",2876,794,"Real Madrid","Real Madrid","RMB",1,84,12000,7,25,28,22,36,61,19,23,82,23,16,39,16,6,11,0,4,3,6,22,24,101,45,0,0,12,0,84,75,0,0,0,0,0,0,0,0,0
1390718,1,"Liga Nacional","Liga Endesa",-402534000,NA,"https://www.acb.com/Documentos/Cabeceras/logo-competicion-1b.png","https://www.acb.com/Documentos/Cabeceras/logo-competicion-4a.png",77,2012,107,NA,NA,2401,15380,NA,NA,TRUE,2874,2874,1164,"CAI Zaragoza","CAI Zaragoza","CAI",2876,794,"Real Madrid","Real Madrid","RMB",1,75,12000,9,22,40,17,35,48,14,16,87,17,8,25,15,4,11,0,3,4,0,24,22,72,-45,0,11,0,0,75,84,0,0,0,0,0,0,0,0,0
1390796,1,"Liga Nacional","Liga Endesa",-402534000,NA,"https://www.acb.com/Documentos/Cabeceras/logo-competicion-1b.png","https://www.acb.com/Documentos/Cabeceras/logo-competicion-4a.png",77,2012,107,NA,NA,2401,15383,NA,NA,TRUE,2878,2878,916,"UCAM Murcia CB","UCAM Murcia CB","UCM",2881,1084,"Unicaja","Unicaja","UNI",1,76,12000,14,31,45,12,33,36,10,13,76,20,12,32,15,15,15,0,1,2,0,21,17,77,40,0,0,10,0,76,68,0,0,0,0,0,0,0,0,0
1390797,1,"Liga Nacional","Liga Endesa",-402534000,NA,"https://www.acb.com/Documentos/Cabeceras/logo-competicion-1b.png","https://www.acb.com/Documentos/Cabeceras/logo-competicion-4a.png",77,2012,107,NA,NA,2401,15383,NA,NA,FALSE,2881,2878,916,"UCAM Murcia CB","UCAM Murcia CB","UCM",2881,1084,"Unicaja","Unicaja","UNI",1,68,12000,5,16,31,18,34,52,17,21,80,28,8,36,8,9,21,0,2,1,1,17,21,74,-40,0,10,0,0,68,76,0,0,0,0,0,0,0,0,0
1390851,1,"Liga Nacional","Liga Endesa",-402534000,NA,"https://www.acb.com/Documentos/Cabeceras/logo-competicion-1b.png","https://www.acb.com/Documentos/Cabeceras/logo-competicion-4a.png",77,2012,107,NA,NA,2401,15385,NA,NA,TRUE,2879,2879,1691,"Blusens Monbus","Blusens Monbus","BSM",2871,484,"Asefa Estudiantes","Asefa Estu","ASE",1,82,12000,8,18,44,20,40,50,18,24,75,31,8,39,18,10,14,0,5,4,7,15,20,105,55,0,0,12,0,82,71,0,0,0,0,0,0,0,0,0
1390852,1,"Liga Nacional","Liga Endesa",-402534000,NA,"https://www.acb.com/Documentos/Cabeceras/logo-competicion-1b.png","https://www.acb.com/Documentos/Cabeceras/logo-competicion-4a.png",77,2012,107,NA,NA,2401,15385,NA,NA,FALSE,2871,2879,1691,"Blusens Monbus","Blusens Monbus","BSM",2871,484,"Asefa Estudiantes","Asefa Estu","ASE",1,71,12000,9,18,50,19,44,43,6,8,75,21,6,27,16,9,15,0,4,5,3,20,15,66,-55,0,11,0,0,71,82,0,0,0,0,0,0,0,0,0
1390878,1,"Liga Nacional","Liga Endesa",-402534000,NA,"https://www.acb.com/Documentos/Cabeceras/logo-competicion-1b.png","https://www.acb.com/Documentos/Cabeceras/logo-competicion-4a.png",77,2012,107,NA,NA,2401,15386,NA,NA,FALSE,2869,2877,880,"Assignia Manresa","Assignia Man.","MAN",2869,300,"Uxue Bilbao Basket","Uxue Bilbao","UBB",1,79,12000,8,26,30,20,43,46,15,18,83,27,16,43,19,3,12,0,8,4,2,21,15,86,-15,0,10,0,0,79,82,0,0,0,0,0,0,0,0,0
1390877,1,"Liga Nacional","Liga Endesa",-402534000,NA,"https://www.acb.com/Documentos/Cabeceras/logo-competicion-1b.png","https://www.acb.com/Documentos/Cabeceras/logo-competicion-4a.png",77,2012,107,NA,NA,2401,15386,NA,NA,TRUE,2877,2877,880,"Assignia Manresa","Assignia Man.","MAN",2869,300,"Uxue Bilbao Basket","Uxue Bilbao","UBB",1,82,12000,6,20,30,26,51,50,12,14,85,24,12,36,11,7,8,0,4,8,4,15,21,89,15,0,0,12,0,82,79,0,0,0,0,0,0,0,0,0
1390825,1,"Liga Nacional","Liga Endesa",-402534000,NA,"https://www.acb.com/Documentos/Cabeceras/logo-competicion-1b.png","https://www.acb.com/Documentos/Cabeceras/logo-competicion-4a.png",77,2012,107,NA,NA,2401,15384,NA,NA,FALSE,2883,2872,1214,"Mad-Croc Fuenlabrada","Mad-Croc Fuenla","MCF",2883,1862,"Blancos de Rueda Valladolid","Blancos Rueda","BRV",1,74,12000,9,22,40,17,33,51,13,18,72,19,10,29,11,4,9,0,2,5,1,19,17,70,-50,0,11,0,0,74,84,0,0,0,0,0,0,0,0,0
1390824,1,"Liga Nacional","Liga Endesa",-402534000,NA,"https://www.acb.com/Documentos/Cabeceras/logo-competicion-1b.png","https://www.acb.com/Documentos/Cabeceras/logo-competicion-4a.png",77,2012,107,NA,NA,2401,15384,NA,NA,TRUE,2872,2872,1214,"Mad-Croc Fuenlabrada","Mad-Croc Fuenla","MCF",2883,1862,"Blancos de Rueda Valladolid","Blancos Rueda","BRV",1,84,12000,12,28,42,21,34,61,6,7,85,20,11,31,14,4,10,0,5,2,2,17,19,98,50,0,0,11,0,84,74,0,0,0,0,0,0,0,0,0
1390772,1,"Liga Nacional","Liga Endesa",-402534000,NA,"https://www.acb.com/Documentos/Cabeceras/logo-competicion-1b.png","https://www.acb.com/Documentos/Cabeceras/logo-competicion-4a.png",77,2012,107,NA,NA,2401,15382,NA,NA,FALSE,2873,2868,248,"Caja Laboral","Caja Laboral","CLA",2873,519,"Lagun Aro GBC","Lagun Aro GBC","GBC",1,80,12000,7,28,25,19,35,54,21,25,84,19,12,31,11,9,14,0,4,3,2,22,23,78,-40,0,10,0,0,80,88,0,0,0,0,0,0,0,0,0
1390771,1,"Liga Nacional","Liga Endesa",-402534000,NA,"https://www.acb.com/Documentos/Cabeceras/logo-competicion-1b.png","https://www.acb.com/Documentos/Cabeceras/logo-competicion-4a.png",77,2012,107,NA,NA,2401,15382,NA,NA,TRUE,2868,2868,248,"Caja Laboral","Caja Laboral","CLA",2873,519,"Lagun Aro GBC","Lagun Aro GBC","GBC",1,88,12000,9,27,33,22,33,66,17,23,73,27,11,38,15,9,15,0,3,4,0,23,22,98,40,0,0,11,0,88,80,0,0,0,0,0,0,0,0,0
1390662,1,"Liga Nacional","Liga Endesa",-402534000,NA,"https://www.acb.com/Documentos/Cabeceras/logo-competicion-1b.png","https://www.acb.com/Documentos/Cabeceras/logo-competicion-4a.png",77,2012,107,NA,NA,2401,15378,NA,NA,TRUE,2880,2880,989,"Valencia Basket Club","Valencia Basket","VBC",2870,358,"Gran Canaria 2014","G. Canaria 2014","GCA",1,68,12000,4,19,21,20,35,57,16,22,72,20,8,28,11,14,14,0,2,1,2,21,24,75,60,0,0,10,0,68,56,0,0,0,0,0,0,0,0,0
1390663,1,"Liga Nacional","Liga Endesa",-402534000,NA,"https://www.acb.com/Documentos/Cabeceras/logo-competicion-1b.png","https://www.acb.com/Documentos/Cabeceras/logo-competicion-4a.png",77,2012,107,NA,NA,2401,15378,NA,NA,FALSE,2870,2880,989,"Valencia Basket Club","Valencia Basket","VBC",2870,358,"Gran Canaria 2014","G. Canaria 2014","GCA",1,56,12000,1,14,7,24,47,51,5,10,50,23,12,35,12,5,18,0,1,2,3,24,21,45,-60,0,11,0,0,56,68,0,0,0,0,0,0,0,0,0
1390691,1,"Liga Nacional","Liga Endesa",-402534000,NA,"https://www.acb.com/Documentos/Cabeceras/logo-competicion-1b.png","https://www.acb.com/Documentos/Cabeceras/logo-competicion-4a.png",77,2012,107,NA,NA,2401,15379,NA,NA,FALSE,2867,2882,1145,"Cajasol","Cajasol","CAJ",2867,136,"FC Barcelona Regal","FCB Regal","FCB",1,91,12000,9,24,37,27,41,65,10,12,83,23,16,39,13,7,12,0,3,1,3,16,19,112,95,0,0,13,0,91,72,0,0,0,0,0,0,0,0,0
1390690,1,"Liga Nacional","Liga Endesa",-402534000,NA,"https://www.acb.com/Documentos/Cabeceras/logo-competicion-1b.png","https://www.acb.com/Documentos/Cabeceras/logo-competicion-4a.png",77,2012,107,NA,NA,2401,15379,NA,NA,TRUE,2882,2882,1145,"Cajasol","Cajasol","CAJ",2867,136,"FC Barcelona Regal","FCB Regal","FCB",1,72,12000,4,12,33,26,44,59,8,8,100,13,3,16,10,9,12,0,1,3,4,19,16,64,-95,0,12,0,0,72,91,0,0,0,0,0,0,0,0,0
1391067,1,"Liga Nacional","Liga Endesa",-402534000,NA,"https://www.acb.com/Documentos/Cabeceras/logo-competicion-1b.png","https://www.acb.com/Documentos/Cabeceras/logo-competicion-4a.png",77,2012,107,NA,NA,2402,15393,NA,NA,TRUE,2867,2867,136,"FC Barcelona Regal","FCB Regal","FCB",2880,989,"Valencia Basket Club","Valencia Basket","VBC",1,94,12000,12,22,54,26,35,74,6,7,85,25,5,30,24,7,13,0,6,2,2,12,13,127,160,0,0,13,0,94,62,0,0,0,0,0,0,0,0,0
1391068,1,"Liga Nacional","Liga Endesa",-402534000,NA,"https://www.acb.com/Documentos/Cabeceras/logo-competicion-1b.png","https://www.acb.com/Documentos/Cabeceras/logo-competicion-4a.png",77,2012,107,NA,NA,2402,15393,NA,NA,FALSE,2880,2867,136,"FC Barcelona Regal","FCB Regal","FCB",2880,989,"Valencia Basket Club","Valencia Basket","VBC",1,62,12000,4,24,16,23,51,45,4,6,66,14,20,34,13,9,13,0,2,6,1,13,12,50,-160,0,9,0,0,62,94,0,0,0,0,0,0,0,0,0
1391124,1,"Liga Nacional","Liga Endesa",-402534000,NA,"https://www.acb.com/Documentos/Cabeceras/logo-competicion-1b.png","https://www.acb.com/Documentos/Cabeceras/logo-competicion-4a.png",77,2012,107,NA,NA,2402,15395,NA,NA,FALSE,2877,2871,484,"Asefa Estudiantes","Asefa Estu","ASE",2877,880,"Assignia Manresa","Assignia Man.","MAN",1,75,12000,10,21,47,17,40,42,11,14,78,21,9,30,13,3,13,0,3,6,2,24,20,64,-75,0,12,0,0,75,90,0,0,0,0,0,0,0,0,0
1391123,1,"Liga Nacional","Liga Endesa",-402534000,NA,"https://www.acb.com/Documentos/Cabeceras/logo-competicion-1b.png","https://www.acb.com/Documentos/Cabeceras/logo-competicion-4a.png",77,2012,107,NA,NA,2402,15395,NA,NA,TRUE,2871,2871,484,"Asefa Estudiantes","Asefa Estu","ASE",2877,880,"Assignia Manresa","Assignia Man.","MAN",1,90,12000,8,27,29,25,37,67,16,20,80,25,11,36,15,9,11,0,6,3,1,20,24,111,75,0,0,11,0,90,75,0,0,0,0,0,0,0,0,0
1391039,1,"Liga Nacional","Liga Endesa",-402534000,NA,"https://www.acb.com/Documentos/Cabeceras/logo-competicion-1b.png","https://www.acb.com/Documentos/Cabeceras/logo-competicion-4a.png",77,2012,107,NA,NA,2402,15392,NA,NA,TRUE,2876,2876,794,"Real Madrid","Real Madrid","RMB",2882,1145,"Cajasol","Cajasol","CAJ",1,84,12000,7,22,31,19,41,46,25,32,78,22,21,43,14,7,12,0,6,2,1,22,24,98,50,0,0,13,0,84,74,0,0,0,0,0,0,0,0,0
1391040,1,"Liga Nacional","Liga Endesa",-402534000,NA,"https://www.acb.com/Documentos/Cabeceras/logo-competicion-1b.png","https://www.acb.com/Documentos/Cabeceras/logo-competicion-4a.png",77,2012,107,NA,NA,2402,15392,NA,NA,FALSE,2882,2876,794,"Real Madrid","Real Madrid","RMB",2882,1145,"Cajasol","Cajasol","CAJ",1,74,12000,9,18,50,17,42,40,13,20,65,15,13,28,16,7,14,0,2,6,1,24,22,64,-50,0,11,0,0,74,84,0,0,0,0,0,0,0,0,0
1390956,1,"Liga Nacional","Liga Endesa",-402534000,NA,"https://www.acb.com/Documentos/Cabeceras/logo-competicion-1b.png","https://www.acb.com/Documentos/Cabeceras/logo-competicion-4a.png",77,2012,107,NA,NA,2402,15389,NA,NA,TRUE,2881,2881,1084,"Unicaja","Unicaja","UNI",2868,248,"Caja Laboral","Caja Laboral","CLA",1,93,12000,10,24,41,23,33,69,17,20,85,30,6,36,18,14,20,0,3,0,0,19,21,119,105,0,0,11,0,93,72,0,0,0,0,0,0,0,0,0
1390957,1,"Liga Nacional","Liga Endesa",-402534000,NA,"https://www.acb.com/Documentos/Cabeceras/logo-competicion-1b.png","https://www.acb.com/Documentos/Cabeceras/logo-competicion-4a.png",77,2012,107,NA,NA,2402,15389,NA,NA,FALSE,2868,2881,1084,"Unicaja","Unicaja","UNI",2868,248,"Caja Laboral","Caja Laboral","CLA",1,72,12000,9,27,33,18,31,58,9,20,45,18,6,24,19,11,17,0,0,3,1,21,19,62,-105,0,11,0,0,72,93,0,0,0,0,0,0,0,0,0
1390906,1,"Liga Nacional","Liga Endesa",-402534000,NA,"https://www.acb.com/Documentos/Cabeceras/logo-competicion-1b.png","https://www.acb.com/Documentos/Cabeceras/logo-competicion-4a.png",77,2012,107,NA,NA,2402,15387,NA,NA,FALSE,2872,2869,300,"Uxue Bilbao Basket","Uxue Bilbao","UBB",2872,1214,"Mad-Croc Fuenlabrada","Mad-Croc Fuenla","MCF",1,90,12000,13,25,52,18,38,47,15,18,83,26,7,33,17,5,8,0,2,2,3,22,20,100,40,0,0,10,0,90,82,0,0,0,0,0,0,0,0,0
1390905,1,"Liga Nacional","Liga Endesa",-402534000,NA,"https://www.acb.com/Documentos/Cabeceras/logo-competicion-1b.png","https://www.acb.com/Documentos/Cabeceras/logo-competicion-4a.png",77,2012,107,NA,NA,2402,15387,NA,NA,TRUE,2869,2869,300,"Uxue Bilbao Basket","Uxue Bilbao","UBB",2872,1214,"Mad-Croc Fuenlabrada","Mad-Croc Fuenla","MCF",1,82,12000,8,28,28,17,32,53,24,28,85,24,10,34,11,4,10,0,2,2,0,20,22,84,-40,0,11,0,0,82,90,0,0,0,0,0,0,0,0,0
1391012,1,"Liga Nacional","Liga Endesa",-402534000,NA,"https://www.acb.com/Documentos/Cabeceras/logo-competicion-1b.png","https://www.acb.com/Documentos/Cabeceras/logo-competicion-4a.png",77,2012,107,NA,NA,2402,15391,NA,NA,FALSE,2874,2875,649,"FIATC Joventut","FIATC Joventut","CJB",2874,1164,"CAI Zaragoza","CAI Zaragoza","CAI",1,71,12000,6,18,33,21,41,51,11,12,91,29,10,39,16,10,13,0,4,4,2,20,18,88,60,0,0,12,0,71,59,0,0,0,0,0,0,0,0,0
1391011,1,"Liga Nacional","Liga Endesa",-402534000,NA,"https://www.acb.com/Documentos/Cabeceras/logo-competicion-1b.png","https://www.acb.com/Documentos/Cabeceras/logo-competicion-4a.png",77,2012,107,NA,NA,2402,15391,NA,NA,TRUE,2875,2875,649,"FIATC Joventut","FIATC Joventut","CJB",2874,1164,"CAI Zaragoza","CAI Zaragoza","CAI",1,59,12000,8,26,30,13,27,48,9,11,81,20,5,25,10,8,15,0,4,4,2,18,20,55,-60,0,12,0,0,59,71,0,0,0,0,0,0,0,0,0
1390984,1,"Liga Nacional","Liga Endesa",-402534000,NA,"https://www.acb.com/Documentos/Cabeceras/logo-competicion-1b.png","https://www.acb.com/Documentos/Cabeceras/logo-competicion-4a.png",77,2012,107,NA,NA,2402,15390,NA,NA,FALSE,2866,2873,519,"Lagun Aro GBC","Lagun Aro GBC","GBC",2866,1392,"CB Canarias","CB Canarias","CAN",1,77,12000,5,16,31,23,43,53,16,21,76,20,8,28,12,4,13,0,2,4,1,21,24,73,-60,0,12,0,0,77,89,0,0,0,0,0,0,0,0,0
1390983,1,"Liga Nacional","Liga Endesa",-402534000,NA,"https://www.acb.com/Documentos/Cabeceras/logo-competicion-1b.png","https://www.acb.com/Documentos/Cabeceras/logo-competicion-4a.png",77,2012,107,NA,NA,2402,15390,NA,NA,TRUE,2873,2873,519,"Lagun Aro GBC","Lagun Aro GBC","GBC",2866,1392,"CB Canarias","CB Canarias","CAN",1,89,12000,9,22,40,23,40,57,16,20,80,24,11,35,17,8,10,0,4,2,4,24,21,104,60,0,0,11,0,89,77,0,0,0,0,0,0,0,0,0
1390931,1,"Liga Nacional","Liga Endesa",-402534000,NA,"https://www.acb.com/Documentos/Cabeceras/logo-competicion-1b.png","https://www.acb.com/Documentos/Cabeceras/logo-competicion-4a.png",77,2012,107,NA,NA,2402,15388,NA,NA,FALSE,2878,2883,1862,"Blancos de Rueda Valladolid","Blancos Rueda","BRV",2878,916,"UCAM Murcia CB","UCAM Murcia CB","UCM",1,57,12000,7,26,26,14,37,37,8,16,50,22,13,35,10,4,14,0,1,6,2,18,18,37,-170,0,11,0,0,57,91,0,0,0,0,0,0,0,0,0
1390930,1,"Liga Nacional","Liga Endesa",-402534000,NA,"https://www.acb.com/Documentos/Cabeceras/logo-competicion-1b.png","https://www.acb.com/Documentos/Cabeceras/logo-competicion-4a.png",77,2012,107,NA,NA,2402,15388,NA,NA,TRUE,2883,2883,1862,"Blancos de Rueda Valladolid","Blancos Rueda","BRV",2878,916,"UCAM Murcia CB","UCAM Murcia CB","UCM",1,91,12000,8,17,47,24,47,51,19,21,90,32,11,43,13,6,11,0,6,1,1,18,18,113,170,0,0,12,0,91,57,0,0,0,0,0,0,0,0,0
1391096,1,"Liga Nacional","Liga Endesa",-402534000,NA,"https://www.acb.com/Documentos/Cabeceras/logo-competicion-1b.png","https://www.acb.com/Documentos/Cabeceras/logo-competicion-4a.png",77,2012,107,NA,NA,2402,15394,NA,NA,TRUE,2870,2870,358,"Gran Canaria 2014","G. Canaria 2014","GCA",2879,1691,"Blusens Monbus","Blusens Monbus","BSM",1,70,12000,5,13,38,21,42,50,13,18,72,27,11,38,11,5,15,0,2,5,1,12,22,82,-10,0,10,0,0,70,72,0,0,0,0,0,0,0,0,0
1391097,1,"Liga Nacional","Liga Endesa",-402534000,NA,"https://www.acb.com/Documentos/Cabeceras/logo-competicion-1b.png","https://www.acb.com/Documentos/Cabeceras/logo-competicion-4a.png",77,2012,107,NA,NA,2402,15394,NA,NA,FALSE,2879,2870,358,"Gran Canaria 2014","G. Canaria 2014","GCA",2879,1691,"Blusens Monbus","Blusens Monbus","BSM",1,72,12000,9,19,47,18,41,43,9,12,75,19,8,27,16,10,8,0,5,2,2,22,12,74,10,0,0,12,0,72,70,0,0,0,0,0,0,0,0,0
1391150,1,"Liga Nacional","Liga Endesa",-402534000,NA,"https://www.acb.com/Documentos/Cabeceras/logo-competicion-1b.png","https://www.acb.com/Documentos/Cabeceras/logo-competicion-4a.png",77,2012,107,NA,NA,2403,15396,NA,NA,FALSE,2871,2870,358,"Gran Canaria 2014","G. Canaria 2014","GCA",2871,484,"Asefa Estudiantes","Asefa Estu","ASE",1,64,12000,5,26,19,21,37,56,7,10,70,27,8,35,12,5,13,0,3,1,4,19,19,65,-40,0,11,0,0,64,72,0,0,0,0,0,0,0,0,0
1391149,1,"Liga Nacional","Liga Endesa",-402534000,NA,"https://www.acb.com/Documentos/Cabeceras/logo-competicion-1b.png","https://www.acb.com/Documentos/Cabeceras/logo-competicion-4a.png",77,2012,107,NA,NA,2403,15396,NA,NA,TRUE,2870,2870,358,"Gran Canaria 2014","G. Canaria 2014","GCA",2871,484,"Asefa Estudiantes","Asefa Estu","ASE",1,72,12000,11,25,44,13,41,31,13,15,86,29,16,45,15,8,11,0,1,3,0,19,19,83,40,0,0,10,0,72,64,0,0,0,0,0,0,0,0,0
1391177,1,"Liga Nacional","Liga Endesa",-402534000,NA,"https://www.acb.com/Documentos/Cabeceras/logo-competicion-1b.png","https://www.acb.com/Documentos/Cabeceras/logo-competicion-4a.png",77,2012,107,NA,NA,2403,15397,NA,NA,TRUE,2879,2879,1691,"Blusens Monbus","Blusens Monbus","BSM",2867,136,"FC Barcelona Regal","FCB Regal","FCB",1,81,13500,12,30,40,15,40,37,15,17,88,27,6,33,20,13,14,0,3,1,2,27,21,84,-25,0,12,0,0,81,86,0,0,0,0,0,0,0,0,0
1391178,1,"Liga Nacional","Liga Endesa",-402534000,NA,"https://www.acb.com/Documentos/Cabeceras/logo-competicion-1b.png","https://www.acb.com/Documentos/Cabeceras/logo-competicion-4a.png",77,2012,107,NA,NA,2403,15397,NA,NA,FALSE,2867,2879,1691,"Blusens Monbus","Blusens Monbus","BSM",2867,136,"FC Barcelona Regal","FCB Regal","FCB",1,86,13500,8,21,38,22,40,55,18,24,75,25,4,29,16,8,17,0,1,3,2,21,27,89,25,0,0,12,0,86,81,0,0,0,0,0,0,0,0,0
1391205,1,"Liga Nacional","Liga Endesa",-402534000,NA,"https://www.acb.com/Documentos/Cabeceras/logo-competicion-1b.png","https://www.acb.com/Documentos/Cabeceras/logo-competicion-4a.png",77,2012,107,NA,NA,2403,15398,NA,NA,FALSE,2876,2880,989,"Valencia Basket Club","Valencia Basket","VBC",2876,794,"Real Madrid","Real Madrid","RMB",1,79,12000,14,29,48,15,34,44,7,16,43,18,17,35,14,12,19,0,5,3,1,15,22,87,-45,0,13,0,0,79,88,0,0,0,0,0,0,0,0,0
1391204,1,"Liga Nacional","Liga Endesa",-402534000,NA,"https://www.acb.com/Documentos/Cabeceras/logo-competicion-1b.png","https://www.acb.com/Documentos/Cabeceras/logo-competicion-4a.png",77,2012,107,NA,NA,2403,15398,NA,NA,TRUE,2880,2880,989,"Valencia Basket Club","Valencia Basket","VBC",2876,794,"Real Madrid","Real Madrid","RMB",1,88,12000,12,25,48,20,35,57,12,14,85,22,12,34,20,13,17,0,3,5,1,22,15,99,45,0,0,10,0,88,79,0,0,0,0,0,0,0,0,0
1391259,1,"Liga Nacional","Liga Endesa",-402534000,NA,"https://www.acb.com/Documentos/Cabeceras/logo-competicion-1b.png","https://www.acb.com/Documentos/Cabeceras/logo-competicion-4a.png",77,2012,107,NA,NA,2403,15400,NA,NA,TRUE,2874,2874,1164,"CAI Zaragoza","CAI Zaragoza","CAI",2873,519,"Lagun Aro GBC","Lagun Aro GBC","GBC",1,86,12000,4,14,28,28,46,60,18,21,85,27,6,33,13,6,11,0,4,3,2,21,27,103,60,0,0,12,0,86,74,0,0,0,0,0,0,0,0,0
1391260,1,"Liga Nacional","Liga Endesa",-402534000,NA,"https://www.acb.com/Documentos/Cabeceras/logo-competicion-1b.png","https://www.acb.com/Documentos/Cabeceras/logo-competicion-4a.png",77,2012,107,NA,NA,2403,15400,NA,NA,FALSE,2873,2874,1164,"CAI Zaragoza","CAI Zaragoza","CAI",2873,519,"Lagun Aro GBC","Lagun Aro GBC","GBC",1,74,12000,6,25,24,21,38,55,14,18,77,21,11,32,10,11,14,0,3,4,3,27,21,66,-60,0,11,0,0,74,86,0,0,0,0,0,0,0,0,0
1391341,1,"Liga Nacional","Liga Endesa",-402534000,NA,"https://www.acb.com/Documentos/Cabeceras/logo-competicion-1b.png","https://www.acb.com/Documentos/Cabeceras/logo-competicion-4a.png",77,2012,107,NA,NA,2403,15403,NA,NA,FALSE,2869,2878,916,"UCAM Murcia CB","UCAM Murcia CB","UCM",2869,300,"Uxue Bilbao Basket","Uxue Bilbao","UBB",1,80,12000,4,16,25,25,37,67,18,22,81,23,7,30,11,9,15,0,1,0,1,18,23,93,15,0,0,10,0,80,77,0,0,0,0,0,0,0,0,0
1391340,1,"Liga Nacional","Liga Endesa",-402534000,NA,"https://www.acb.com/Documentos/Cabeceras/logo-competicion-1b.png","https://www.acb.com/Documentos/Cabeceras/logo-competicion-4a.png",77,2012,107,NA,NA,2403,15403,NA,NA,TRUE,2878,2878,916,"UCAM Murcia CB","UCAM Murcia CB","UCM",2869,300,"Uxue Bilbao Basket","Uxue Bilbao","UBB",1,77,12000,9,22,40,19,33,57,12,15,80,19,3,22,11,9,13,0,0,1,1,23,18,70,-15,0,11,0,0,77,80,0,0,0,0,0,0,0,0,0
1391315,1,"Liga Nacional","Liga Endesa",-402534000,NA,"https://www.acb.com/Documentos/Cabeceras/logo-competicion-1b.png","https://www.acb.com/Documentos/Cabeceras/logo-competicion-4a.png",77,2012,107,NA,NA,2403,15402,NA,NA,FALSE,2883,2868,248,"Caja Laboral","Caja Laboral","CLA",2883,1862,"Blancos de Rueda Valladolid","Blancos Rueda","BRV",1,80,12000,9,24,37,21,42,50,11,16,68,20,10,30,15,8,11,0,2,2,3,15,22,88,-20,0,10,0,0,80,84,0,0,0,0,0,0,0,0,0
1391314,1,"Liga Nacional","Liga Endesa",-402534000,NA,"https://www.acb.com/Documentos/Cabeceras/logo-competicion-1b.png","https://www.acb.com/Documentos/Cabeceras/logo-competicion-4a.png",77,2012,107,NA,NA,2403,15402,NA,NA,TRUE,2868,2868,248,"Caja Laboral","Caja Laboral","CLA",2883,1862,"Blancos de Rueda Valladolid","Blancos Rueda","BRV",1,84,12000,9,24,37,24,42,57,9,11,81,25,12,37,13,6,13,0,2,2,2,22,15,85,20,0,0,11,0,84,80,0,0,0,0,0,0,0,0,0
1391367,1,"Liga Nacional","Liga Endesa",-402534000,NA,"https://www.acb.com/Documentos/Cabeceras/logo-competicion-1b.png","https://www.acb.com/Documentos/Cabeceras/logo-competicion-4a.png",77,2012,107,NA,NA,2403,15404,NA,NA,TRUE,2872,2872,1214,"Mad-Croc Fuenlabrada","Mad-Croc Fuenla","MCF",2877,880,"Assignia Manresa","Assignia Man.","MAN",1,73,12000,11,28,39,17,36,47,6,7,85,28,9,37,16,13,12,0,5,3,5,18,15,89,110,0,0,13,0,73,51,0,0,0,0,0,0,0,0,0
1391368,1,"Liga Nacional","Liga Endesa",-402534000,NA,"https://www.acb.com/Documentos/Cabeceras/logo-competicion-1b.png","https://www.acb.com/Documentos/Cabeceras/logo-competicion-4a.png",77,2012,107,NA,NA,2403,15404,NA,NA,FALSE,2877,2872,1214,"Mad-Croc Fuenlabrada","Mad-Croc Fuenla","MCF",2877,880,"Assignia Manresa","Assignia Man.","MAN",1,51,12000,6,21,28,11,36,30,11,14,78,26,14,40,8,8,19,0,3,5,2,15,18,46,-110,0,12,0,0,51,73,0,0,0,0,0,0,0,0,0
1391233,1,"Liga Nacional","Liga Endesa",-402534000,NA,"https://www.acb.com/Documentos/Cabeceras/logo-competicion-1b.png","https://www.acb.com/Documentos/Cabeceras/logo-competicion-4a.png",77,2012,107,NA,NA,2403,15399,NA,NA,FALSE,2875,2882,1145,"Cajasol","Cajasol","CAJ",2875,649,"FIATC Joventut","FIATC Joventut","CJB",1,80,12000,7,28,25,21,29,72,17,19,89,22,7,29,13,8,13,0,1,1,1,21,16,81,-35,0,11,0,0,80,87,0,0,0,0,0,0,0,0,0
1391232,1,"Liga Nacional","Liga Endesa",-402534000,NA,"https://www.acb.com/Documentos/Cabeceras/logo-competicion-1b.png","https://www.acb.com/Documentos/Cabeceras/logo-competicion-4a.png",77,2012,107,NA,NA,2403,15399,NA,NA,TRUE,2882,2882,1145,"Cajasol","Cajasol","CAJ",2875,649,"FIATC Joventut","FIATC Joventut","CJB",1,87,12000,11,23,47,20,41,48,14,26,53,23,15,38,16,7,11,0,1,1,1,16,21,97,35,0,0,11,0,87,80,0,0,0,0,0,0,0,0,0
1391287,1,"Liga Nacional","Liga Endesa",-402534000,NA,"https://www.acb.com/Documentos/Cabeceras/logo-competicion-1b.png","https://www.acb.com/Documentos/Cabeceras/logo-competicion-4a.png",77,2012,107,NA,NA,2403,15401,NA,NA,FALSE,2881,2866,1392,"CB Canarias","CB Canarias","CAN",2881,1084,"Unicaja","Unicaja","UNI",1,92,12000,10,20,50,26,46,56,10,11,90,18,9,27,14,6,16,0,5,1,2,29,18,85,-25,0,10,0,0,92,97,0,0,0,0,0,0,0,0,0
1391286,1,"Liga Nacional","Liga Endesa",-402534000,NA,"https://www.acb.com/Documentos/Cabeceras/logo-competicion-1b.png","https://www.acb.com/Documentos/Cabeceras/logo-competicion-4a.png",77,2012,107,NA,NA,2403,15401,NA,NA,TRUE,2866,2866,1392,"CB Canarias","CB Canarias","CAN",2881,1084,"Unicaja","Unicaja","UNI",1,97,12000,11,24,45,17,32,53,30,32,93,19,10,29,22,8,15,0,1,5,1,18,29,118,25,0,0,11,0,97,92,0,0,0,0,0,0,0,0,0
1391451,1,"Liga Nacional","Liga Endesa",-402534000,NA,"https://www.acb.com/Documentos/Cabeceras/logo-competicion-1b.png","https://www.acb.com/Documentos/Cabeceras/logo-competicion-4a.png",77,2012,107,NA,NA,2404,15407,NA,NA,FALSE,2868,2869,300,"Uxue Bilbao Basket","Uxue Bilbao","UBB",2868,248,"Caja Laboral","Caja Laboral","CLA",1,93,12000,9,21,42,26,43,60,14,21,66,24,13,37,16,12,13,0,2,4,3,23,23,107,90,0,0,13,0,93,75,0,0,0,0,0,0,0,0,0
1391450,1,"Liga Nacional","Liga Endesa",-402534000,NA,"https://www.acb.com/Documentos/Cabeceras/logo-competicion-1b.png","https://www.acb.com/Documentos/Cabeceras/logo-competicion-4a.png",77,2012,107,NA,NA,2404,15407,NA,NA,TRUE,2869,2869,300,"Uxue Bilbao Basket","Uxue Bilbao","UBB",2868,248,"Caja Laboral","Caja Laboral","CLA",1,75,12000,9,23,39,16,34,47,16,21,76,19,11,30,12,5,16,0,4,2,3,23,23,71,-90,0,11,0,0,75,93,0,0,0,0,0,0,0,0,0
1391395,1,"Liga Nacional","Liga Endesa",-402534000,NA,"https://www.acb.com/Documentos/Cabeceras/logo-competicion-1b.png","https://www.acb.com/Documentos/Cabeceras/logo-competicion-4a.png",77,2012,107,NA,NA,2404,15405,NA,NA,FALSE,2878,2877,880,"Assignia Manresa","Assignia Man.","MAN",2878,916,"UCAM Murcia CB","UCAM Murcia CB","UCM",1,100,13500,12,28,42,19,45,42,26,33,78,23,17,40,16,14,19,0,1,5,1,29,26,95,-15,0,11,0,0,100,103,0,0,0,0,0,0,0,0,0
1391394,1,"Liga Nacional","Liga Endesa",-402534000,NA,"https://www.acb.com/Documentos/Cabeceras/logo-competicion-1b.png","https://www.acb.com/Documentos/Cabeceras/logo-competicion-4a.png",77,2012,107,NA,NA,2404,15405,NA,NA,TRUE,2877,2877,880,"Assignia Manresa","Assignia Man.","MAN",2878,916,"UCAM Murcia CB","UCAM Murcia CB","UCM",1,103,13500,11,26,42,23,35,65,24,33,72,27,6,33,14,10,21,0,5,1,5,26,29,110,15,0,0,11,0,103,100,0,0,0,0,0,0,0,0,0
1391503,1,"Liga Nacional","Liga Endesa",-402534000,NA,"https://www.acb.com/Documentos/Cabeceras/logo-competicion-1b.png","https://www.acb.com/Documentos/Cabeceras/logo-competicion-4a.png",77,2012,107,NA,NA,2404,15409,NA,NA,FALSE,2874,2881,1084,"Unicaja","Unicaja","UNI",2874,1164,"CAI Zaragoza","CAI Zaragoza","CAI",1,88,12000,10,20,50,19,36,52,20,23,86,25,10,35,17,3,10,0,3,1,3,20,24,109,100,0,0,11,0,88,68,0,0,0,0,0,0,0,0,0
1391502,1,"Liga Nacional","Liga Endesa",-402534000,NA,"https://www.acb.com/Documentos/Cabeceras/logo-competicion-1b.png","https://www.acb.com/Documentos/Cabeceras/logo-competicion-4a.png",77,2012,107,NA,NA,2404,15409,NA,NA,TRUE,2881,2881,1084,"Unicaja","Unicaja","UNI",2874,1164,"CAI Zaragoza","CAI Zaragoza","CAI",1,68,12000,7,26,26,18,35,51,11,14,78,19,8,27,13,4,9,0,1,3,6,24,20,58,-100,0,11,0,0,68,88,0,0,0,0,0,0,0,0,0
1391423,1,"Liga Nacional","Liga Endesa",-402534000,NA,"https://www.acb.com/Documentos/Cabeceras/logo-competicion-1b.png","https://www.acb.com/Documentos/Cabeceras/logo-competicion-4a.png",77,2012,107,NA,NA,2404,15406,NA,NA,FALSE,2879,2876,794,"Real Madrid","Real Madrid","RMB",2879,1691,"Blusens Monbus","Blusens Monbus","BSM",1,64,12000,9,27,33,10,30,33,17,18,94,27,10,37,12,6,14,0,6,2,0,21,17,66,15,0,0,11,0,64,61,0,0,0,0,0,0,0,0,0
1391422,1,"Liga Nacional","Liga Endesa",-402534000,NA,"https://www.acb.com/Documentos/Cabeceras/logo-competicion-1b.png","https://www.acb.com/Documentos/Cabeceras/logo-competicion-4a.png",77,2012,107,NA,NA,2404,15406,NA,NA,TRUE,2876,2876,794,"Real Madrid","Real Madrid","RMB",2879,1691,"Blusens Monbus","Blusens Monbus","BSM",1,61,12000,7,21,33,13,34,38,14,20,70,24,10,34,9,9,13,0,2,6,1,17,21,59,-15,0,13,0,0,61,64,0,0,0,0,0,0,0,0,0
1391531,1,"Liga Nacional","Liga Endesa",-402534000,NA,"https://www.acb.com/Documentos/Cabeceras/logo-competicion-1b.png","https://www.acb.com/Documentos/Cabeceras/logo-competicion-4a.png",77,2012,107,NA,NA,2404,15410,NA,NA,FALSE,2882,2873,519,"Lagun Aro GBC","Lagun Aro GBC","GBC",2882,1145,"Cajasol","Cajasol","CAJ",1,77,12000,8,18,44,24,56,42,5,6,83,24,20,44,9,7,11,0,2,3,0,16,16,82,10,0,0,12,0,77,75,0,0,0,0,0,0,0,0,0
1391530,1,"Liga Nacional","Liga Endesa",-402534000,NA,"https://www.acb.com/Documentos/Cabeceras/logo-competicion-1b.png","https://www.acb.com/Documentos/Cabeceras/logo-competicion-4a.png",77,2012,107,NA,NA,2404,15410,NA,NA,TRUE,2873,2873,519,"Lagun Aro GBC","Lagun Aro GBC","GBC",2882,1145,"Cajasol","Cajasol","CAJ",1,75,12000,11,25,44,17,39,43,8,10,80,22,10,32,13,6,10,0,3,2,3,16,16,79,-10,0,12,0,0,75,77,0,0,0,0,0,0,0,0,0
1391608,1,"Liga Nacional","Liga Endesa",-402534000,NA,"https://www.acb.com/Documentos/Cabeceras/logo-competicion-1b.png","https://www.acb.com/Documentos/Cabeceras/logo-competicion-4a.png",77,2012,107,NA,NA,2404,15413,NA,NA,TRUE,2867,2867,136,"FC Barcelona Regal","FCB Regal","FCB",2870,358,"Gran Canaria 2014","G. Canaria 2014","GCA",1,70,12000,8,24,33,20,41,48,6,7,85,23,10,33,13,4,9,0,6,2,2,21,16,72,-15,0,12,0,0,70,73,0,0,0,0,0,0,0,0,0
1391609,1,"Liga Nacional","Liga Endesa",-402534000,NA,"https://www.acb.com/Documentos/Cabeceras/logo-competicion-1b.png","https://www.acb.com/Documentos/Cabeceras/logo-competicion-4a.png",77,2012,107,NA,NA,2404,15413,NA,NA,FALSE,2870,2867,136,"FC Barcelona Regal","FCB Regal","FCB",2870,358,"Gran Canaria 2014","G. Canaria 2014","GCA",1,73,12000,7,22,31,19,37,51,14,18,77,23,12,35,18,5,8,0,2,6,0,16,21,87,15,0,0,10,0,73,70,0,0,0,0,0,0,0,0,0
1391475,1,"Liga Nacional","Liga Endesa",-402534000,NA,"https://www.acb.com/Documentos/Cabeceras/logo-competicion-1b.png","https://www.acb.com/Documentos/Cabeceras/logo-competicion-4a.png",77,2012,107,NA,NA,2404,15408,NA,NA,TRUE,2883,2883,1862,"Blancos de Rueda Valladolid","Blancos Rueda","BRV",2866,1392,"CB Canarias","CB Canarias","CAN",1,76,12000,6,13,46,22,47,46,14,18,77,20,9,29,17,9,17,0,2,5,1,15,18,78,-80,0,10,0,0,76,92,0,0,0,0,0,0,0,0,0
1391476,1,"Liga Nacional","Liga Endesa",-402534000,NA,"https://www.acb.com/Documentos/Cabeceras/logo-competicion-1b.png","https://www.acb.com/Documentos/Cabeceras/logo-competicion-4a.png",77,2012,107,NA,NA,2404,15408,NA,NA,FALSE,2866,2883,1862,"Blancos de Rueda Valladolid","Blancos Rueda","BRV",2866,1392,"CB Canarias","CB Canarias","CAN",1,92,12000,12,28,42,24,44,54,8,8,100,24,13,37,16,8,15,0,5,2,1,18,15,102,80,0,0,11,0,92,76,0,0,0,0,0,0,0,0,0
1391582,1,"Liga Nacional","Liga Endesa",-402534000,NA,"https://www.acb.com/Documentos/Cabeceras/logo-competicion-1b.png","https://www.acb.com/Documentos/Cabeceras/logo-competicion-4a.png",77,2012,107,NA,NA,2404,15412,NA,NA,TRUE,2871,2871,484,"Asefa Estudiantes","Asefa Estu","ASE",2872,1214,"Mad-Croc Fuenlabrada","Mad-Croc Fuenla","MCF",1,70,12000,7,20,35,19,44,43,11,22,50,22,9,31,10,12,13,0,6,3,4,18,23,69,-20,0,11,0,0,70,74,0,0,0,0,0,0,0,0,0
1391583,1,"Liga Nacional","Liga Endesa",-402534000,NA,"https://www.acb.com/Documentos/Cabeceras/logo-competicion-1b.png","https://www.acb.com/Documentos/Cabeceras/logo-competicion-4a.png",77,2012,107,NA,NA,2404,15412,NA,NA,FALSE,2872,2871,484,"Asefa Estudiantes","Asefa Estu","ASE",2872,1214,"Mad-Croc Fuenlabrada","Mad-Croc Fuenla","MCF",1,74,12000,14,28,50,12,26,46,8,12,66,33,8,41,16,8,23,0,3,6,1,23,18,76,20,0,0,12,0,74,70,0,0,0,0,0,0,0,0,0
1391557,1,"Liga Nacional","Liga Endesa",-402534000,NA,"https://www.acb.com/Documentos/Cabeceras/logo-competicion-1b.png","https://www.acb.com/Documentos/Cabeceras/logo-competicion-4a.png",77,2012,107,NA,NA,2404,15411,NA,NA,FALSE,2880,2875,649,"FIATC Joventut","FIATC Joventut","CJB",2880,989,"Valencia Basket Club","Valencia Basket","VBC",1,92,12000,11,22,50,25,37,67,9,10,90,32,4,36,24,5,15,0,1,1,0,22,17,113,90,0,0,11,0,92,74,0,0,0,0,0,0,0,0,0
1391556,1,"Liga Nacional","Liga Endesa",-402534000,NA,"https://www.acb.com/Documentos/Cabeceras/logo-competicion-1b.png","https://www.acb.com/Documentos/Cabeceras/logo-competicion-4a.png",77,2012,107,NA,NA,2404,15411,NA,NA,TRUE,2875,2875,649,"FIATC Joventut","FIATC Joventut","CJB",2880,989,"Valencia Basket Club","Valencia Basket","VBC",1,74,12000,6,20,30,20,41,48,16,23,69,19,6,25,11,6,10,0,1,1,0,17,22,69,-90,0,13,0,0,74,92,0,0,0,0,0,0,0,0,0
1391690,1,"Liga Nacional","Liga Endesa",-402534000,NA,"https://www.acb.com/Documentos/Cabeceras/logo-competicion-1b.png","https://www.acb.com/Documentos/Cabeceras/logo-competicion-4a.png",77,2012,107,NA,NA,2405,15416,NA,NA,TRUE,2867,2867,136,"FC Barcelona Regal","FCB Regal","FCB",2871,484,"Asefa Estudiantes","Asefa Estu","ASE",1,78,12000,11,24,45,15,31,48,15,18,83,27,12,39,19,3,15,0,4,4,2,21,21,92,65,0,0,13,0,78,65,0,0,0,0,0,0,0,0,0
1391691,1,"Liga Nacional","Liga Endesa",-402534000,NA,"https://www.acb.com/Documentos/Cabeceras/logo-competicion-1b.png","https://www.acb.com/Documentos/Cabeceras/logo-competicion-4a.png",77,2012,107,NA,NA,2405,15416,NA,NA,FALSE,2871,2867,136,"FC Barcelona Regal","FCB Regal","FCB",2871,484,"Asefa Estudiantes","Asefa Estu","ASE",1,65,12000,6,18,33,17,37,45,13,15,86,16,5,21,8,9,10,0,4,4,2,21,21,59,-65,0,10,0,0,65,78,0,0,0,0,0,0,0,0,0
1391823,1,"Liga Nacional","Liga Endesa",-402534000,NA,"https://www.acb.com/Documentos/Cabeceras/logo-competicion-1b.png","https://www.acb.com/Documentos/Cabeceras/logo-competicion-4a.png",77,2012,107,NA,NA,2405,15421,NA,NA,TRUE,2868,2868,248,"Caja Laboral","Caja Laboral","CLA",2877,880,"Assignia Manresa","Assignia Man.","MAN",1,81,12000,2,17,11,25,34,73,25,31,80,34,7,41,10,7,17,0,3,2,3,24,25,94,55,0,0,11,0,81,70,0,0,0,0,0,0,0,0,0
1391824,1,"Liga Nacional","Liga Endesa",-402534000,NA,"https://www.acb.com/Documentos/Cabeceras/logo-competicion-1b.png","https://www.acb.com/Documentos/Cabeceras/logo-competicion-4a.png",77,2012,107,NA,NA,2405,15421,NA,NA,FALSE,2877,2868,248,"Caja Laboral","Caja Laboral","CLA",2877,880,"Assignia Manresa","Assignia Man.","MAN",1,70,12000,10,28,35,13,41,31,14,20,70,20,12,32,14,8,11,0,2,3,2,25,24,59,-55,0,11,0,0,70,81,0,0,0,0,0,0,0,0,0
1391798,1,"Liga Nacional","Liga Endesa",-402534000,NA,"https://www.acb.com/Documentos/Cabeceras/logo-competicion-1b.png","https://www.acb.com/Documentos/Cabeceras/logo-competicion-4a.png",77,2012,107,NA,NA,2405,15420,NA,NA,FALSE,2869,2866,1392,"CB Canarias","CB Canarias","CAN",2869,300,"Uxue Bilbao Basket","Uxue Bilbao","UBB",1,101,12000,11,23,47,22,39,56,24,29,82,16,9,25,20,8,8,0,3,0,4,24,22,113,-15,0,10,0,0,101,104,0,0,0,0,0,0,0,0,0
1391797,1,"Liga Nacional","Liga Endesa",-402534000,NA,"https://www.acb.com/Documentos/Cabeceras/logo-competicion-1b.png","https://www.acb.com/Documentos/Cabeceras/logo-competicion-4a.png",77,2012,107,NA,NA,2405,15420,NA,NA,TRUE,2866,2866,1392,"CB Canarias","CB Canarias","CAN",2869,300,"Uxue Bilbao Basket","Uxue Bilbao","UBB",1,104,12000,8,19,42,26,38,68,28,32,87,18,8,26,18,8,10,0,0,3,0,22,24,118,15,0,0,11,0,104,101,0,0,0,0,0,0,0,0,0
1391637,1,"Liga Nacional","Liga Endesa",-402534000,NA,"https://www.acb.com/Documentos/Cabeceras/logo-competicion-1b.png","https://www.acb.com/Documentos/Cabeceras/logo-competicion-4a.png",77,2012,107,NA,NA,2405,15414,NA,NA,FALSE,2876,2870,358,"Gran Canaria 2014","G. Canaria 2014","GCA",2876,794,"Real Madrid","Real Madrid","RMB",1,76,12000,10,25,40,14,30,46,18,21,85,22,9,31,11,8,14,0,7,2,2,22,21,82,10,0,0,13,0,76,74,0,0,0,0,0,0,0,0,0
1391636,1,"Liga Nacional","Liga Endesa",-402534000,NA,"https://www.acb.com/Documentos/Cabeceras/logo-competicion-1b.png","https://www.acb.com/Documentos/Cabeceras/logo-competicion-4a.png",77,2012,107,NA,NA,2405,15414,NA,NA,TRUE,2870,2870,358,"Gran Canaria 2014","G. Canaria 2014","GCA",2876,794,"Real Madrid","Real Madrid","RMB",1,74,12000,7,22,31,21,42,50,11,16,68,20,11,31,12,6,10,0,2,7,2,21,22,68,-10,0,11,0,0,74,76,0,0,0,0,0,0,0,0,0
1391665,1,"Liga Nacional","Liga Endesa",-402534000,NA,"https://www.acb.com/Documentos/Cabeceras/logo-competicion-1b.png","https://www.acb.com/Documentos/Cabeceras/logo-competicion-4a.png",77,2012,107,NA,NA,2405,15415,NA,NA,FALSE,2875,2879,1691,"Blusens Monbus","Blusens Monbus","BSM",2875,649,"FIATC Joventut","FIATC Joventut","CJB",1,82,12000,10,25,40,18,39,46,16,19,84,22,6,28,11,4,12,0,0,3,1,19,23,75,15,0,0,13,0,82,79,0,0,0,0,0,0,0,0,0
1391664,1,"Liga Nacional","Liga Endesa",-402534000,NA,"https://www.acb.com/Documentos/Cabeceras/logo-competicion-1b.png","https://www.acb.com/Documentos/Cabeceras/logo-competicion-4a.png",77,2012,107,NA,NA,2405,15415,NA,NA,TRUE,2879,2879,1691,"Blusens Monbus","Blusens Monbus","BSM",2875,649,"FIATC Joventut","FIATC Joventut","CJB",1,79,12000,9,25,36,20,33,60,12,12,100,23,4,27,16,6,12,0,3,0,2,23,19,86,-15,0,11,0,0,79,82,0,0,0,0,0,0,0,0,0
1391851,1,"Liga Nacional","Liga Endesa",-402534000,NA,"https://www.acb.com/Documentos/Cabeceras/logo-competicion-1b.png","https://www.acb.com/Documentos/Cabeceras/logo-competicion-4a.png",77,2012,107,NA,NA,2405,15422,NA,NA,FALSE,2872,2878,916,"UCAM Murcia CB","UCAM Murcia CB","UCM",2872,1214,"Mad-Croc Fuenlabrada","Mad-Croc Fuenla","MCF",1,79,12000,7,22,31,19,37,51,20,28,71,25,9,34,14,5,14,0,3,3,3,20,24,81,-40,0,11,0,0,79,87,0,0,0,0,0,0,0,0,0
1391850,1,"Liga Nacional","Liga Endesa",-402534000,NA,"https://www.acb.com/Documentos/Cabeceras/logo-competicion-1b.png","https://www.acb.com/Documentos/Cabeceras/logo-competicion-4a.png",77,2012,107,NA,NA,2405,15422,NA,NA,TRUE,2878,2878,916,"UCAM Murcia CB","UCAM Murcia CB","UCM",2872,1214,"Mad-Croc Fuenlabrada","Mad-Croc Fuenla","MCF",1,87,12000,3,18,16,29,48,60,20,24,83,25,10,35,14,12,10,0,3,3,2,24,20,96,40,0,0,10,0,87,79,0,0,0,0,0,0,0,0,0
1391717,1,"Liga Nacional","Liga Endesa",-402534000,NA,"https://www.acb.com/Documentos/Cabeceras/logo-competicion-1b.png","https://www.acb.com/Documentos/Cabeceras/logo-competicion-4a.png",77,2012,107,NA,NA,2405,15417,NA,NA,TRUE,2880,2880,989,"Valencia Basket Club","Valencia Basket","VBC",2873,519,"Lagun Aro GBC","Lagun Aro GBC","GBC",1,93,12000,10,21,47,24,39,61,15,18,83,26,12,38,20,13,16,0,0,5,3,20,23,117,140,0,0,12,0,93,65,0,0,0,0,0,0,0,0,0
1391718,1,"Liga Nacional","Liga Endesa",-402534000,NA,"https://www.acb.com/Documentos/Cabeceras/logo-competicion-1b.png","https://www.acb.com/Documentos/Cabeceras/logo-competicion-4a.png",77,2012,107,NA,NA,2405,15417,NA,NA,FALSE,2873,2880,989,"Valencia Basket Club","Valencia Basket","VBC",2873,519,"Lagun Aro GBC","Lagun Aro GBC","GBC",1,65,12000,7,24,29,16,35,45,12,17,70,13,9,22,11,9,16,0,5,0,3,23,20,52,-140,0,13,0,0,65,93,0,0,0,0,0,0,0,0,0
1391746,1,"Liga Nacional","Liga Endesa",-402534000,NA,"https://www.acb.com/Documentos/Cabeceras/logo-competicion-1b.png","https://www.acb.com/Documentos/Cabeceras/logo-competicion-4a.png",77,2012,107,NA,NA,2405,15418,NA,NA,FALSE,2881,2882,1145,"Cajasol","Cajasol","CAJ",2881,1084,"Unicaja","Unicaja","UNI",1,77,12000,8,20,40,23,38,60,7,9,77,22,7,29,14,12,12,0,1,1,6,21,13,83,80,0,0,12,0,77,61,0,0,0,0,0,0,0,0,0
1391745,1,"Liga Nacional","Liga Endesa",-402534000,NA,"https://www.acb.com/Documentos/Cabeceras/logo-competicion-1b.png","https://www.acb.com/Documentos/Cabeceras/logo-competicion-4a.png",77,2012,107,NA,NA,2405,15418,NA,NA,TRUE,2882,2882,1145,"Cajasol","Cajasol","CAJ",2881,1084,"Unicaja","Unicaja","UNI",1,61,12000,8,31,25,14,28,50,9,11,81,18,14,32,14,7,15,0,1,1,4,13,21,68,-80,0,13,0,0,61,77,0,0,0,0,0,0,0,0,0
1391772,1,"Liga Nacional","Liga Endesa",-402534000,NA,"https://www.acb.com/Documentos/Cabeceras/logo-competicion-1b.png","https://www.acb.com/Documentos/Cabeceras/logo-competicion-4a.png",77,2012,107,NA,NA,2405,15419,NA,NA,TRUE,2874,2874,1164,"CAI Zaragoza","CAI Zaragoza","CAI",2883,1862,"Blancos de Rueda Valladolid","Blancos Rueda","BRV",1,99,12000,15,23,65,23,48,47,8,10,80,14,11,25,22,15,8,0,0,3,3,22,16,109,65,0,0,12,0,99,86,0,0,0,0,0,0,0,0,0
1391773,1,"Liga Nacional","Liga Endesa",-402534000,NA,"https://www.acb.com/Documentos/Cabeceras/logo-competicion-1b.png","https://www.acb.com/Documentos/Cabeceras/logo-competicion-4a.png",77,2012,107,NA,NA,2405,15419,NA,NA,FALSE,2883,2874,1164,"CAI Zaragoza","CAI Zaragoza","CAI",2883,1862,"Blancos de Rueda Valladolid","Blancos Rueda","BRV",1,86,12000,10,20,50,20,35,57,16,25,64,23,13,36,14,4,23,0,3,0,1,16,22,92,-65,0,11,0,0,86,99,0,0,0,0,0,0,0,0,0
1391902,1,"Liga Nacional","Liga Endesa",-402534000,NA,"https://www.acb.com/Documentos/Cabeceras/logo-competicion-1b.png","https://www.acb.com/Documentos/Cabeceras/logo-competicion-4a.png",77,2012,107,NA,NA,2406,15424,NA,NA,TRUE,2877,2877,880,"Assignia Manresa","Assignia Man.","MAN",2866,1392,"CB Canarias","CB Canarias","CAN",1,86,12000,9,31,29,24,36,66,11,16,68,21,7,28,21,7,5,0,4,1,3,24,22,99,-35,0,12,0,0,86,93,0,0,0,0,0,0,0,0,0
1391903,1,"Liga Nacional","Liga Endesa",-402534000,NA,"https://www.acb.com/Documentos/Cabeceras/logo-competicion-1b.png","https://www.acb.com/Documentos/Cabeceras/logo-competicion-4a.png",77,2012,107,NA,NA,2406,15424,NA,NA,FALSE,2866,2877,880,"Assignia Manresa","Assignia Man.","MAN",2866,1392,"CB Canarias","CB Canarias","CAN",1,93,12000,11,25,44,18,33,54,24,26,92,29,7,36,23,3,12,0,1,4,2,22,24,111,35,0,0,10,0,93,86,0,0,0,0,0,0,0,0,0
1391930,1,"Liga Nacional","Liga Endesa",-402534000,NA,"https://www.acb.com/Documentos/Cabeceras/logo-competicion-1b.png","https://www.acb.com/Documentos/Cabeceras/logo-competicion-4a.png",77,2012,107,NA,NA,2406,15425,NA,NA,FALSE,2874,2869,300,"Uxue Bilbao Basket","Uxue Bilbao","UBB",2874,1164,"CAI Zaragoza","CAI Zaragoza","CAI",1,90,12000,11,27,40,15,29,51,27,32,84,18,9,27,11,6,11,0,3,2,3,25,28,92,-50,0,11,0,0,90,100,0,0,0,0,0,0,0,0,0
1391929,1,"Liga Nacional","Liga Endesa",-402534000,NA,"https://www.acb.com/Documentos/Cabeceras/logo-competicion-1b.png","https://www.acb.com/Documentos/Cabeceras/logo-competicion-4a.png",77,2012,107,NA,NA,2406,15425,NA,NA,TRUE,2869,2869,300,"Uxue Bilbao Basket","Uxue Bilbao","UBB",2874,1164,"CAI Zaragoza","CAI Zaragoza","CAI",1,100,12000,11,24,45,23,35,65,21,25,84,21,8,29,13,9,9,0,2,3,2,28,25,109,50,0,0,11,0,100,90,0,0,0,0,0,0,0,0,0
1391956,1,"Liga Nacional","Liga Endesa",-402534000,NA,"https://www.acb.com/Documentos/Cabeceras/logo-competicion-1b.png","https://www.acb.com/Documentos/Cabeceras/logo-competicion-4a.png",77,2012,107,NA,NA,2406,15426,NA,NA,TRUE,2871,2871,484,"Asefa Estudiantes","Asefa Estu","ASE",2878,916,"UCAM Murcia CB","UCAM Murcia CB","UCM",1,94,12000,6,18,33,27,45,60,22,30,73,32,11,43,18,3,12,0,4,0,6,14,29,127,45,0,0,10,0,94,85,0,0,0,0,0,0,0,0,0
1391957,1,"Liga Nacional","Liga Endesa",-402534000,NA,"https://www.acb.com/Documentos/Cabeceras/logo-competicion-1b.png","https://www.acb.com/Documentos/Cabeceras/logo-competicion-4a.png",77,2012,107,NA,NA,2406,15426,NA,NA,FALSE,2878,2871,484,"Asefa Estudiantes","Asefa Estu","ASE",2878,916,"UCAM Murcia CB","UCAM Murcia CB","UCM",1,85,12000,14,34,41,15,39,38,13,16,81,22,10,32,15,7,9,0,0,4,1,29,14,64,-45,0,11,0,0,85,94,0,0,0,0,0,0,0,0,0
1392066,1,"Liga Nacional","Liga Endesa",-402534000,NA,"https://www.acb.com/Documentos/Cabeceras/logo-competicion-1b.png","https://www.acb.com/Documentos/Cabeceras/logo-competicion-4a.png",77,2012,107,NA,NA,2406,15430,NA,NA,FALSE,2870,2875,649,"FIATC Joventut","FIATC Joventut","CJB",2870,358,"Gran Canaria 2014","G. Canaria 2014","GCA",1,89,12000,9,19,47,27,52,51,8,10,80,21,9,30,15,3,5,0,4,7,0,19,19,92,-40,0,10,0,0,89,97,0,0,0,0,0,0,0,0,0
1392065,1,"Liga Nacional","Liga Endesa",-402534000,NA,"https://www.acb.com/Documentos/Cabeceras/logo-competicion-1b.png","https://www.acb.com/Documentos/Cabeceras/logo-competicion-4a.png",77,2012,107,NA,NA,2406,15430,NA,NA,TRUE,2875,2875,649,"FIATC Joventut","FIATC Joventut","CJB",2870,358,"Gran Canaria 2014","G. Canaria 2014","GCA",1,97,12000,11,25,44,25,41,60,14,16,87,28,8,36,16,5,6,0,7,4,1,19,19,119,40,0,0,13,0,97,89,0,0,0,0,0,0,0,0,0
1392011,1,"Liga Nacional","Liga Endesa",-402534000,NA,"https://www.acb.com/Documentos/Cabeceras/logo-competicion-1b.png","https://www.acb.com/Documentos/Cabeceras/logo-competicion-4a.png",77,2012,107,NA,NA,2406,15428,NA,NA,FALSE,2880,2881,1084,"Unicaja","Unicaja","UNI",2880,989,"Valencia Basket Club","Valencia Basket","VBC",1,73,12000,6,20,30,20,35,57,15,18,83,16,9,25,14,8,14,0,1,2,4,25,24,72,-30,0,11,0,0,73,79,0,0,0,0,0,0,0,0,0
1392010,1,"Liga Nacional","Liga Endesa",-402534000,NA,"https://www.acb.com/Documentos/Cabeceras/logo-competicion-1b.png","https://www.acb.com/Documentos/Cabeceras/logo-competicion-4a.png",77,2012,107,NA,NA,2406,15428,NA,NA,TRUE,2881,2881,1084,"Unicaja","Unicaja","UNI",2880,989,"Valencia Basket Club","Valencia Basket","VBC",1,79,12000,7,17,41,18,36,50,22,23,95,20,11,31,15,6,14,0,2,1,2,24,25,90,30,0,0,11,0,79,73,0,0,0,0,0,0,0,0,0
1392093,1,"Liga Nacional","Liga Endesa",-402534000,NA,"https://www.acb.com/Documentos/Cabeceras/logo-competicion-1b.png","https://www.acb.com/Documentos/Cabeceras/logo-competicion-4a.png",77,2012,107,NA,NA,2406,15431,NA,NA,TRUE,2876,2876,794,"Real Madrid","Real Madrid","RMB",2867,136,"FC Barcelona Regal","FCB Regal","FCB",1,78,12000,4,18,22,27,56,48,12,16,75,29,18,47,9,5,7,0,3,3,3,17,20,88,65,0,0,11,0,78,65,0,0,0,0,0,0,0,0,0
1392094,1,"Liga Nacional","Liga Endesa",-402534000,NA,"https://www.acb.com/Documentos/Cabeceras/logo-competicion-1b.png","https://www.acb.com/Documentos/Cabeceras/logo-competicion-4a.png",77,2012,107,NA,NA,2406,15431,NA,NA,FALSE,2867,2876,794,"Real Madrid","Real Madrid","RMB",2867,136,"FC Barcelona Regal","FCB Regal","FCB",1,65,12000,5,20,25,19,39,48,12,17,70,23,9,32,12,4,12,0,3,3,3,20,17,58,-65,0,12,0,0,65,78,0,0,0,0,0,0,0,0,0
1391878,1,"Liga Nacional","Liga Endesa",-402534000,NA,"https://www.acb.com/Documentos/Cabeceras/logo-competicion-1b.png","https://www.acb.com/Documentos/Cabeceras/logo-competicion-4a.png",77,2012,107,NA,NA,2406,15423,NA,NA,FALSE,2868,2872,1214,"Mad-Croc Fuenlabrada","Mad-Croc Fuenla","MCF",2868,248,"Caja Laboral","Caja Laboral","CLA",1,86,12000,11,22,50,20,37,54,13,20,65,26,12,38,12,4,15,0,5,4,2,15,17,93,15,0,0,11,0,86,83,0,0,0,0,0,0,0,0,0
1391877,1,"Liga Nacional","Liga Endesa",-402534000,NA,"https://www.acb.com/Documentos/Cabeceras/logo-competicion-1b.png","https://www.acb.com/Documentos/Cabeceras/logo-competicion-4a.png",77,2012,107,NA,NA,2406,15423,NA,NA,TRUE,2872,2872,1214,"Mad-Croc Fuenlabrada","Mad-Croc Fuenla","MCF",2868,248,"Caja Laboral","Caja Laboral","CLA",1,83,12000,13,25,52,18,42,42,8,11,72,19,10,29,16,10,9,0,4,5,2,17,15,87,-15,0,11,0,0,83,86,0,0,0,0,0,0,0,0,0
1392039,1,"Liga Nacional","Liga Endesa",-402534000,NA,"https://www.acb.com/Documentos/Cabeceras/logo-competicion-1b.png","https://www.acb.com/Documentos/Cabeceras/logo-competicion-4a.png",77,2012,107,NA,NA,2406,15429,NA,NA,FALSE,2879,2873,519,"Lagun Aro GBC","Lagun Aro GBC","GBC",2879,1691,"Blusens Monbus","Blusens Monbus","BSM",1,77,12000,8,19,42,15,33,45,23,28,82,29,9,38,10,5,17,0,5,1,1,19,24,88,20,0,0,11,0,77,73,0,0,0,0,0,0,0,0,0
1392038,1,"Liga Nacional","Liga Endesa",-402534000,NA,"https://www.acb.com/Documentos/Cabeceras/logo-competicion-1b.png","https://www.acb.com/Documentos/Cabeceras/logo-competicion-4a.png",77,2012,107,NA,NA,2406,15429,NA,NA,TRUE,2873,2873,519,"Lagun Aro GBC","Lagun Aro GBC","GBC",2879,1691,"Blusens Monbus","Blusens Monbus","BSM",1,73,12000,6,27,22,22,46,47,11,12,91,19,15,34,9,10,10,0,1,5,4,24,19,61,-20,0,11,0,0,73,77,0,0,0,0,0,0,0,0,0
1391983,1,"Liga Nacional","Liga Endesa",-402534000,NA,"https://www.acb.com/Documentos/Cabeceras/logo-competicion-1b.png","https://www.acb.com/Documentos/Cabeceras/logo-competicion-4a.png",77,2012,107,NA,NA,2406,15427,NA,NA,TRUE,2883,2883,1862,"Blancos de Rueda Valladolid","Blancos Rueda","BRV",2882,1145,"Cajasol","Cajasol","CAJ",1,88,12000,6,16,37,24,45,53,22,24,91,27,8,35,10,6,9,0,3,4,1,19,24,101,20,0,0,10,0,88,84,0,0,0,0,0,0,0,0,0
1391984,1,"Liga Nacional","Liga Endesa",-402534000,NA,"https://www.acb.com/Documentos/Cabeceras/logo-competicion-1b.png","https://www.acb.com/Documentos/Cabeceras/logo-competicion-4a.png",77,2012,107,NA,NA,2406,15427,NA,NA,FALSE,2882,2883,1862,"Blancos de Rueda Valladolid","Blancos Rueda","BRV",2882,1145,"Cajasol","Cajasol","CAJ",1,84,12000,10,23,43,19,44,43,16,20,80,22,11,33,16,7,9,0,4,3,1,24,19,85,-20,0,11,0,0,84,88,0,0,0,0,0,0,0,0,0
1392148,1,"Liga Nacional","Liga Endesa",-402534000,NA,"https://www.acb.com/Documentos/Cabeceras/logo-competicion-1b.png","https://www.acb.com/Documentos/Cabeceras/logo-competicion-4a.png",77,2012,107,NA,NA,2407,15433,NA,NA,FALSE,2873,2870,358,"Gran Canaria 2014","G. Canaria 2014","GCA",2873,519,"Lagun Aro GBC","Lagun Aro GBC","GBC",1,59,12000,8,27,29,15,35,42,5,8,62,21,7,28,10,6,10,0,0,2,1,27,15,37,-35,0,11,0,0,59,66,0,0,0,0,0,0,0,0,0
1392147,1,"Liga Nacional","Liga Endesa",-402534000,NA,"https://www.acb.com/Documentos/Cabeceras/logo-competicion-1b.png","https://www.acb.com/Documentos/Cabeceras/logo-competicion-4a.png",77,2012,107,NA,NA,2407,15433,NA,NA,TRUE,2870,2870,358,"Gran Canaria 2014","G. Canaria 2014","GCA",2873,519,"Lagun Aro GBC","Lagun Aro GBC","GBC",1,66,12000,3,13,23,20,37,54,17,25,68,30,6,36,12,4,13,0,2,0,1,15,27,84,35,0,0,10,0,66,59,0,0,0,0,0,0,0,0,0
1392309,1,"Liga Nacional","Liga Endesa",-402534000,NA,"https://www.acb.com/Documentos/Cabeceras/logo-competicion-1b.png","https://www.acb.com/Documentos/Cabeceras/logo-competicion-4a.png",77,2012,107,NA,NA,2407,15439,NA,NA,TRUE,2866,2866,1392,"CB Canarias","CB Canarias","CAN",2872,1214,"Mad-Croc Fuenlabrada","Mad-Croc Fuenla","MCF",1,81,12000,12,25,48,19,41,46,7,10,70,30,6,36,13,6,11,0,0,1,0,18,20,88,50,0,0,12,0,81,71,0,0,0,0,0,0,0,0,0
1392310,1,"Liga Nacional","Liga Endesa",-402534000,NA,"https://www.acb.com/Documentos/Cabeceras/logo-competicion-1b.png","https://www.acb.com/Documentos/Cabeceras/logo-competicion-4a.png",77,2012,107,NA,NA,2407,15439,NA,NA,FALSE,2872,2866,1392,"CB Canarias","CB Canarias","CAN",2872,1214,"Mad-Croc Fuenlabrada","Mad-Croc Fuenla","MCF",1,71,12000,9,23,39,17,37,45,10,15,66,27,4,31,9,6,11,0,1,0,1,20,18,66,-50,0,10,0,0,71,81,0,0,0,0,0,0,0,0,0
1392229,1,"Liga Nacional","Liga Endesa",-402534000,NA,"https://www.acb.com/Documentos/Cabeceras/logo-competicion-1b.png","https://www.acb.com/Documentos/Cabeceras/logo-competicion-4a.png",77,2012,107,NA,NA,2407,15436,NA,NA,FALSE,2871,2876,794,"Real Madrid","Real Madrid","RMB",2871,484,"Asefa Estudiantes","Asefa Estu","ASE",1,82,12000,10,25,40,24,54,44,4,6,66,20,16,36,12,8,12,0,1,5,3,25,16,66,-55,0,12,0,0,82,93,0,0,0,0,0,0,0,0,0
1392228,1,"Liga Nacional","Liga Endesa",-402534000,NA,"https://www.acb.com/Documentos/Cabeceras/logo-competicion-1b.png","https://www.acb.com/Documentos/Cabeceras/logo-competicion-4a.png",77,2012,107,NA,NA,2407,15436,NA,NA,TRUE,2876,2876,794,"Real Madrid","Real Madrid","RMB",2871,484,"Asefa Estudiantes","Asefa Estu","ASE",1,93,12000,11,29,37,18,34,52,24,27,88,29,16,45,20,10,17,0,5,1,3,16,25,127,55,0,0,13,0,93,82,0,0,0,0,0,0,0,0,0
1392121,1,"Liga Nacional","Liga Endesa",-402534000,NA,"https://www.acb.com/Documentos/Cabeceras/logo-competicion-1b.png","https://www.acb.com/Documentos/Cabeceras/logo-competicion-4a.png",77,2012,107,NA,NA,2407,15432,NA,NA,TRUE,2867,2867,136,"FC Barcelona Regal","FCB Regal","FCB",2875,649,"FIATC Joventut","FIATC Joventut","CJB",1,80,12000,8,21,38,23,41,56,10,16,62,25,11,36,21,10,11,0,5,0,4,20,16,100,105,0,0,13,0,80,59,0,0,0,0,0,0,0,0,0
1392122,1,"Liga Nacional","Liga Endesa",-402534000,NA,"https://www.acb.com/Documentos/Cabeceras/logo-competicion-1b.png","https://www.acb.com/Documentos/Cabeceras/logo-competicion-4a.png",77,2012,107,NA,NA,2407,15432,NA,NA,FALSE,2875,2867,136,"FC Barcelona Regal","FCB Regal","FCB",2875,649,"FIATC Joventut","FIATC Joventut","CJB",1,59,12000,4,20,20,16,44,36,15,17,88,23,18,41,10,2,18,0,0,5,2,16,20,47,-105,0,13,0,0,59,80,0,0,0,0,0,0,0,0,0
1392335,1,"Liga Nacional","Liga Endesa",-402534000,NA,"https://www.acb.com/Documentos/Cabeceras/logo-competicion-1b.png","https://www.acb.com/Documentos/Cabeceras/logo-competicion-4a.png",77,2012,107,NA,NA,2407,15440,NA,NA,FALSE,2868,2878,916,"UCAM Murcia CB","UCAM Murcia CB","UCM",2868,248,"Caja Laboral","Caja Laboral","CLA",1,98,12000,10,25,40,22,40,55,24,30,80,26,11,37,20,7,17,0,5,3,4,23,24,109,15,0,0,11,0,98,95,0,0,0,0,0,0,0,0,0
1392334,1,"Liga Nacional","Liga Endesa",-402534000,NA,"https://www.acb.com/Documentos/Cabeceras/logo-competicion-1b.png","https://www.acb.com/Documentos/Cabeceras/logo-competicion-4a.png",77,2012,107,NA,NA,2407,15440,NA,NA,TRUE,2878,2878,916,"UCAM Murcia CB","UCAM Murcia CB","UCM",2868,248,"Caja Laboral","Caja Laboral","CLA",1,95,12000,5,24,20,27,42,64,26,31,83,23,10,33,16,7,15,0,3,5,2,24,23,94,-15,0,11,0,0,95,98,0,0,0,0,0,0,0,0,0
1392176,1,"Liga Nacional","Liga Endesa",-402534000,NA,"https://www.acb.com/Documentos/Cabeceras/logo-competicion-1b.png","https://www.acb.com/Documentos/Cabeceras/logo-competicion-4a.png",77,2012,107,NA,NA,2407,15434,NA,NA,FALSE,2881,2879,1691,"Blusens Monbus","Blusens Monbus","BSM",2881,1084,"Unicaja","Unicaja","UNI",1,69,12000,3,13,23,22,37,59,16,20,80,22,6,28,6,4,9,0,1,2,1,20,18,66,20,0,0,11,0,69,65,0,0,0,0,0,0,0,0,0
1392175,1,"Liga Nacional","Liga Endesa",-402534000,NA,"https://www.acb.com/Documentos/Cabeceras/logo-competicion-1b.png","https://www.acb.com/Documentos/Cabeceras/logo-competicion-4a.png",77,2012,107,NA,NA,2407,15434,NA,NA,TRUE,2879,2879,1691,"Blusens Monbus","Blusens Monbus","BSM",2881,1084,"Unicaja","Unicaja","UNI",1,65,12000,6,26,23,17,32,53,13,16,81,21,8,29,13,5,5,0,2,1,3,18,20,72,-20,0,11,0,0,65,69,0,0,0,0,0,0,0,0,0
1392283,1,"Liga Nacional","Liga Endesa",-402534000,NA,"https://www.acb.com/Documentos/Cabeceras/logo-competicion-1b.png","https://www.acb.com/Documentos/Cabeceras/logo-competicion-4a.png",77,2012,107,NA,NA,2407,15438,NA,NA,FALSE,2877,2874,1164,"CAI Zaragoza","CAI Zaragoza","CAI",2877,880,"Assignia Manresa","Assignia Man.","MAN",1,62,12000,4,17,23,21,41,51,8,10,80,21,11,32,14,6,18,0,4,5,3,21,16,55,-135,0,12,0,0,62,89,0,0,0,0,0,0,0,0,0
1392282,1,"Liga Nacional","Liga Endesa",-402534000,NA,"https://www.acb.com/Documentos/Cabeceras/logo-competicion-1b.png","https://www.acb.com/Documentos/Cabeceras/logo-competicion-4a.png",77,2012,107,NA,NA,2407,15438,NA,NA,TRUE,2874,2874,1164,"CAI Zaragoza","CAI Zaragoza","CAI",2877,880,"Assignia Manresa","Assignia Man.","MAN",1,89,12000,12,24,50,21,40,52,11,16,68,20,11,31,19,9,10,0,5,4,5,16,21,108,135,0,0,13,0,89,62,0,0,0,0,0,0,0,0,0
1392255,1,"Liga Nacional","Liga Endesa",-402534000,NA,"https://www.acb.com/Documentos/Cabeceras/logo-competicion-1b.png","https://www.acb.com/Documentos/Cabeceras/logo-competicion-4a.png",77,2012,107,NA,NA,2407,15437,NA,NA,TRUE,2882,2882,1145,"Cajasol","Cajasol","CAJ",2869,300,"Uxue Bilbao Basket","Uxue Bilbao","UBB",1,60,12000,6,19,31,12,32,37,18,26,69,22,8,30,12,6,13,0,2,1,2,13,24,66,-105,0,13,0,0,60,81,0,0,0,0,0,0,0,0,0
1392256,1,"Liga Nacional","Liga Endesa",-402534000,NA,"https://www.acb.com/Documentos/Cabeceras/logo-competicion-1b.png","https://www.acb.com/Documentos/Cabeceras/logo-competicion-4a.png",77,2012,107,NA,NA,2407,15437,NA,NA,FALSE,2869,2882,1145,"Cajasol","Cajasol","CAJ",2869,300,"Uxue Bilbao Basket","Uxue Bilbao","UBB",1,81,12000,7,16,43,25,46,54,10,12,83,27,8,35,13,11,10,0,1,2,4,24,13,86,105,0,0,11,0,81,60,0,0,0,0,0,0,0,0,0
1392201,1,"Liga Nacional","Liga Endesa",-402534000,NA,"https://www.acb.com/Documentos/Cabeceras/logo-competicion-1b.png","https://www.acb.com/Documentos/Cabeceras/logo-competicion-4a.png",77,2012,107,NA,NA,2407,15435,NA,NA,FALSE,2883,2880,989,"Valencia Basket Club","Valencia Basket","VBC",2883,1862,"Blancos de Rueda Valladolid","Blancos Rueda","BRV",1,86,12000,2,10,20,25,43,58,30,38,78,22,13,35,18,5,18,0,2,3,5,21,29,99,-35,0,10,0,0,86,93,0,0,0,0,0,0,0,0,0
1392200,1,"Liga Nacional","Liga Endesa",-402534000,NA,"https://www.acb.com/Documentos/Cabeceras/logo-competicion-1b.png","https://www.acb.com/Documentos/Cabeceras/logo-competicion-4a.png",77,2012,107,NA,NA,2407,15435,NA,NA,TRUE,2880,2880,989,"Valencia Basket Club","Valencia Basket","VBC",2883,1862,"Blancos de Rueda Valladolid","Blancos Rueda","BRV",1,93,12000,12,25,48,18,34,52,21,24,87,14,7,21,21,11,11,0,3,2,1,29,21,96,35,0,0,11,0,93,86,0,0,0,0,0,0,0,0,0
1392577,1,"Liga Nacional","Liga Endesa",-402534000,NA,"https://www.acb.com/Documentos/Cabeceras/logo-competicion-1b.png","https://www.acb.com/Documentos/Cabeceras/logo-competicion-4a.png",77,2012,107,NA,NA,2408,15449,NA,NA,FALSE,2876,2875,649,"FIATC Joventut","FIATC Joventut","CJB",2876,794,"Real Madrid","Real Madrid","RMB",1,85,12000,7,25,28,24,41,58,16,17,94,34,15,49,14,7,13,0,5,0,4,19,21,113,105,0,0,13,0,85,64,0,0,0,0,0,0,0,0,0
1392576,1,"Liga Nacional","Liga Endesa",-402534000,NA,"https://www.acb.com/Documentos/Cabeceras/logo-competicion-1b.png","https://www.acb.com/Documentos/Cabeceras/logo-competicion-4a.png",77,2012,107,NA,NA,2408,15449,NA,NA,TRUE,2875,2875,649,"FIATC Joventut","FIATC Joventut","CJB",2876,794,"Real Madrid","Real Madrid","RMB",1,64,12000,10,29,34,12,40,30,10,15,66,20,13,33,9,8,10,0,0,5,0,21,19,45,-105,0,13,0,0,64,85,0,0,0,0,0,0,0,0,0
1392549,1,"Liga Nacional","Liga Endesa",-402534000,NA,"https://www.acb.com/Documentos/Cabeceras/logo-competicion-1b.png","https://www.acb.com/Documentos/Cabeceras/logo-competicion-4a.png",77,2012,107,NA,NA,2408,15448,NA,NA,FALSE,2867,2873,519,"Lagun Aro GBC","Lagun Aro GBC","GBC",2867,136,"FC Barcelona Regal","FCB Regal","FCB",1,90,12000,8,18,44,23,42,54,20,22,90,26,8,34,14,4,17,0,4,1,0,22,23,98,5,0,0,13,0,90,89,0,0,0,0,0,0,0,0,0
1392548,1,"Liga Nacional","Liga Endesa",-402534000,NA,"https://www.acb.com/Documentos/Cabeceras/logo-competicion-1b.png","https://www.acb.com/Documentos/Cabeceras/logo-competicion-4a.png",77,2012,107,NA,NA,2408,15448,NA,NA,TRUE,2873,2873,519,"Lagun Aro GBC","Lagun Aro GBC","GBC",2867,136,"FC Barcelona Regal","FCB Regal","FCB",1,89,12000,9,18,50,21,43,48,20,25,80,16,4,20,17,8,8,0,1,4,0,23,22,86,-5,0,10,0,0,89,90,0,0,0,0,0,0,0,0,0
1392416,1,"Liga Nacional","Liga Endesa",-402534000,NA,"https://www.acb.com/Documentos/Cabeceras/logo-competicion-1b.png","https://www.acb.com/Documentos/Cabeceras/logo-competicion-4a.png",77,2012,107,NA,NA,2408,15443,NA,NA,FALSE,2882,2877,880,"Assignia Manresa","Assignia Man.","MAN",2882,1145,"Cajasol","Cajasol","CAJ",1,92,12000,11,24,45,21,37,56,17,28,60,28,11,39,25,9,13,0,1,7,7,22,26,110,80,0,0,13,0,92,76,0,0,0,0,0,0,0,0,0
1392415,1,"Liga Nacional","Liga Endesa",-402534000,NA,"https://www.acb.com/Documentos/Cabeceras/logo-competicion-1b.png","https://www.acb.com/Documentos/Cabeceras/logo-competicion-4a.png",77,2012,107,NA,NA,2408,15443,NA,NA,TRUE,2877,2877,880,"Assignia Manresa","Assignia Man.","MAN",2882,1145,"Cajasol","Cajasol","CAJ",1,76,12000,12,30,40,13,28,46,14,25,56,19,7,26,16,8,11,0,7,1,1,26,22,73,-80,0,12,0,0,76,92,0,0,0,0,0,0,0,0,0
1392442,1,"Liga Nacional","Liga Endesa",-402534000,NA,"https://www.acb.com/Documentos/Cabeceras/logo-competicion-1b.png","https://www.acb.com/Documentos/Cabeceras/logo-competicion-4a.png",77,2012,107,NA,NA,2408,15444,NA,NA,TRUE,2869,2869,300,"Uxue Bilbao Basket","Uxue Bilbao","UBB",2880,989,"Valencia Basket Club","Valencia Basket","VBC",1,61,12000,6,28,21,14,29,48,15,19,78,22,9,31,10,7,15,0,1,1,2,24,25,54,-55,0,9,0,0,61,72,0,0,0,0,0,0,0,0,0
1392443,1,"Liga Nacional","Liga Endesa",-402534000,NA,"https://www.acb.com/Documentos/Cabeceras/logo-competicion-1b.png","https://www.acb.com/Documentos/Cabeceras/logo-competicion-4a.png",77,2012,107,NA,NA,2408,15444,NA,NA,FALSE,2880,2869,300,"Uxue Bilbao Basket","Uxue Bilbao","UBB",2880,989,"Valencia Basket Club","Valencia Basket","VBC",1,72,12000,8,28,28,18,32,56,12,15,80,28,10,38,8,10,19,0,1,1,2,25,24,71,55,0,0,11,0,72,61,0,0,0,0,0,0,0,0,0
1392495,1,"Liga Nacional","Liga Endesa",-402534000,NA,"https://www.acb.com/Documentos/Cabeceras/logo-competicion-1b.png","https://www.acb.com/Documentos/Cabeceras/logo-competicion-4a.png",77,2012,107,NA,NA,2408,15446,NA,NA,TRUE,2868,2868,248,"Caja Laboral","Caja Laboral","CLA",2871,484,"Asefa Estudiantes","Asefa Estu","ASE",1,80,12000,10,29,34,18,35,51,14,19,73,18,16,34,13,5,12,0,1,4,1,15,19,80,-50,0,11,0,0,80,90,0,0,0,0,0,0,0,0,0
1392496,1,"Liga Nacional","Liga Endesa",-402534000,NA,"https://www.acb.com/Documentos/Cabeceras/logo-competicion-1b.png","https://www.acb.com/Documentos/Cabeceras/logo-competicion-4a.png",77,2012,107,NA,NA,2408,15446,NA,NA,FALSE,2871,2868,248,"Caja Laboral","Caja Laboral","CLA",2871,484,"Asefa Estudiantes","Asefa Estu","ASE",1,90,12000,11,29,37,28,49,57,1,2,50,23,19,42,18,9,10,0,4,1,4,19,15,108,50,0,0,11,0,90,80,0,0,0,0,0,0,0,0,0
1392360,1,"Liga Nacional","Liga Endesa",-402534000,NA,"https://www.acb.com/Documentos/Cabeceras/logo-competicion-1b.png","https://www.acb.com/Documentos/Cabeceras/logo-competicion-4a.png",77,2012,107,NA,NA,2408,15441,NA,NA,TRUE,2878,2878,916,"UCAM Murcia CB","UCAM Murcia CB","UCM",2866,1392,"CB Canarias","CB Canarias","CAN",1,111,13500,9,22,40,32,55,58,20,28,71,26,16,42,14,8,14,0,2,1,0,35,23,106,15,0,0,13,0,111,108,0,0,0,0,0,0,0,0,0
1392361,1,"Liga Nacional","Liga Endesa",-402534000,NA,"https://www.acb.com/Documentos/Cabeceras/logo-competicion-1b.png","https://www.acb.com/Documentos/Cabeceras/logo-competicion-4a.png",77,2012,107,NA,NA,2408,15441,NA,NA,FALSE,2866,2878,916,"UCAM Murcia CB","UCAM Murcia CB","UCM",2866,1392,"CB Canarias","CB Canarias","CAN",1,108,13500,9,23,39,26,44,59,29,39,74,25,9,34,16,7,12,0,1,2,1,23,35,122,-15,0,11,0,0,108,111,0,0,0,0,0,0,0,0,0
1392388,1,"Liga Nacional","Liga Endesa",-402534000,NA,"https://www.acb.com/Documentos/Cabeceras/logo-competicion-1b.png","https://www.acb.com/Documentos/Cabeceras/logo-competicion-4a.png",77,2012,107,NA,NA,2408,15442,NA,NA,FALSE,2874,2872,1214,"Mad-Croc Fuenlabrada","Mad-Croc Fuenla","MCF",2874,1164,"CAI Zaragoza","CAI Zaragoza","CAI",1,80,12000,13,26,50,18,38,47,5,11,45,32,12,44,14,11,13,0,1,6,2,17,13,88,115,0,0,12,0,80,57,0,0,0,0,0,0,0,0,0
1392387,1,"Liga Nacional","Liga Endesa",-402534000,NA,"https://www.acb.com/Documentos/Cabeceras/logo-competicion-1b.png","https://www.acb.com/Documentos/Cabeceras/logo-competicion-4a.png",77,2012,107,NA,NA,2408,15442,NA,NA,TRUE,2872,2872,1214,"Mad-Croc Fuenlabrada","Mad-Croc Fuenla","MCF",2874,1164,"CAI Zaragoza","CAI Zaragoza","CAI",1,57,12000,6,23,26,14,36,38,11,18,61,25,11,36,8,8,13,0,6,1,3,13,17,59,-115,0,13,0,0,57,80,0,0,0,0,0,0,0,0,0
1392523,1,"Liga Nacional","Liga Endesa",-402534000,NA,"https://www.acb.com/Documentos/Cabeceras/logo-competicion-1b.png","https://www.acb.com/Documentos/Cabeceras/logo-competicion-4a.png",77,2012,107,NA,NA,2408,15447,NA,NA,FALSE,2870,2881,1084,"Unicaja","Unicaja","UNI",2870,358,"Gran Canaria 2014","G. Canaria 2014","GCA",1,65,12000,8,19,42,13,34,38,15,25,60,26,9,35,8,4,17,0,0,4,2,22,25,52,-10,0,10,0,0,65,67,0,0,0,0,0,0,0,0,0
1392522,1,"Liga Nacional","Liga Endesa",-402534000,NA,"https://www.acb.com/Documentos/Cabeceras/logo-competicion-1b.png","https://www.acb.com/Documentos/Cabeceras/logo-competicion-4a.png",77,2012,107,NA,NA,2408,15447,NA,NA,TRUE,2881,2881,1084,"Unicaja","Unicaja","UNI",2870,358,"Gran Canaria 2014","G. Canaria 2014","GCA",1,67,12000,10,25,40,14,31,45,9,14,64,24,7,31,9,8,15,0,4,0,2,25,22,64,10,0,0,11,0,67,65,0,0,0,0,0,0,0,0,0
1392470,1,"Liga Nacional","Liga Endesa",-402534000,NA,"https://www.acb.com/Documentos/Cabeceras/logo-competicion-1b.png","https://www.acb.com/Documentos/Cabeceras/logo-competicion-4a.png",77,2012,107,NA,NA,2408,15445,NA,NA,FALSE,2879,2883,1862,"Blancos de Rueda Valladolid","Blancos Rueda","BRV",2879,1691,"Blusens Monbus","Blusens Monbus","BSM",1,93,12000,10,21,47,25,49,51,13,14,92,27,13,40,14,8,12,0,3,4,4,24,15,97,70,0,0,12,0,93,79,0,0,0,0,0,0,0,0,0
1392469,1,"Liga Nacional","Liga Endesa",-402534000,NA,"https://www.acb.com/Documentos/Cabeceras/logo-competicion-1b.png","https://www.acb.com/Documentos/Cabeceras/logo-competicion-4a.png",77,2012,107,NA,NA,2408,15445,NA,NA,TRUE,2883,2883,1862,"Blancos de Rueda Valladolid","Blancos Rueda","BRV",2879,1691,"Blusens Monbus","Blusens Monbus","BSM",1,79,12000,4,18,22,23,42,54,21,24,87,21,7,28,9,5,11,0,4,3,2,15,24,84,-70,0,10,0,0,79,93,0,0,0,0,0,0,0,0,0
1392601,1,"Liga Nacional","Liga Endesa",-402534000,NA,"https://www.acb.com/Documentos/Cabeceras/logo-competicion-1b.png","https://www.acb.com/Documentos/Cabeceras/logo-competicion-4a.png",77,2012,107,NA,NA,2409,15450,NA,NA,TRUE,2876,2876,794,"Real Madrid","Real Madrid","RMB",2873,519,"Lagun Aro GBC","Lagun Aro GBC","GBC",1,100,12000,12,24,50,20,37,54,24,33,72,34,7,41,16,10,11,0,3,0,2,20,28,129,165,0,0,13,0,100,67,0,0,0,0,0,0,0,0,0
1392602,1,"Liga Nacional","Liga Endesa",-402534000,NA,"https://www.acb.com/Documentos/Cabeceras/logo-competicion-1b.png","https://www.acb.com/Documentos/Cabeceras/logo-competicion-4a.png",77,2012,107,NA,NA,2409,15450,NA,NA,FALSE,2873,2876,794,"Real Madrid","Real Madrid","RMB",2873,519,"Lagun Aro GBC","Lagun Aro GBC","GBC",1,67,12000,7,22,31,17,39,43,12,21,57,23,7,30,9,2,14,0,0,3,0,28,20,37,-165,0,10,0,0,67,100,0,0,0,0,0,0,0,0,0
1392815,1,"Liga Nacional","Liga Endesa",-402534000,NA,"https://www.acb.com/Documentos/Cabeceras/logo-competicion-1b.png","https://www.acb.com/Documentos/Cabeceras/logo-competicion-4a.png",77,2012,107,NA,NA,2409,15458,NA,NA,FALSE,2868,2866,1392,"CB Canarias","CB Canarias","CAN",2868,248,"Caja Laboral","Caja Laboral","CLA",1,94,12000,7,23,30,27,46,58,19,25,76,21,9,30,13,12,11,0,3,0,1,31,25,94,-25,0,11,0,0,94,99,0,0,0,0,0,0,0,0,0
1392814,1,"Liga Nacional","Liga Endesa",-402534000,NA,"https://www.acb.com/Documentos/Cabeceras/logo-competicion-1b.png","https://www.acb.com/Documentos/Cabeceras/logo-competicion-4a.png",77,2012,107,NA,NA,2409,15458,NA,NA,TRUE,2866,2866,1392,"CB Canarias","CB Canarias","CAN",2868,248,"Caja Laboral","Caja Laboral","CLA",1,99,12000,12,28,42,16,32,50,31,38,81,26,13,39,20,9,17,0,0,3,3,25,31,114,25,0,0,12,0,99,94,0,0,0,0,0,0,0,0,0
1392629,1,"Liga Nacional","Liga Endesa",-402534000,NA,"https://www.acb.com/Documentos/Cabeceras/logo-competicion-1b.png","https://www.acb.com/Documentos/Cabeceras/logo-competicion-4a.png",77,2012,107,NA,NA,2409,15451,NA,NA,FALSE,2881,2867,136,"FC Barcelona Regal","FCB Regal","FCB",2881,1084,"Unicaja","Unicaja","UNI",1,50,12000,1,14,7,18,42,42,11,14,78,26,12,38,5,9,13,0,3,2,2,25,18,43,-35,0,11,0,0,50,57,0,0,0,0,0,0,0,0,0
1392628,1,"Liga Nacional","Liga Endesa",-402534000,NA,"https://www.acb.com/Documentos/Cabeceras/logo-competicion-1b.png","https://www.acb.com/Documentos/Cabeceras/logo-competicion-4a.png",77,2012,107,NA,NA,2409,15451,NA,NA,TRUE,2867,2867,136,"FC Barcelona Regal","FCB Regal","FCB",2881,1084,"Unicaja","Unicaja","UNI",1,57,12000,5,25,20,17,30,56,8,20,40,25,11,36,11,10,12,0,2,3,1,18,25,63,35,0,0,13,0,57,50,0,0,0,0,0,0,0,0,0
1392654,1,"Liga Nacional","Liga Endesa",-402534000,NA,"https://www.acb.com/Documentos/Cabeceras/logo-competicion-1b.png","https://www.acb.com/Documentos/Cabeceras/logo-competicion-4a.png",77,2012,107,NA,NA,2409,15452,NA,NA,TRUE,2870,2870,358,"Gran Canaria 2014","G. Canaria 2014","GCA",2883,1862,"Blancos de Rueda Valladolid","Blancos Rueda","BRV",1,78,12000,7,29,24,26,42,61,5,7,71,27,13,40,20,5,9,0,5,1,3,16,15,97,80,0,0,13,0,78,62,0,0,0,0,0,0,0,0,0
1392655,1,"Liga Nacional","Liga Endesa",-402534000,NA,"https://www.acb.com/Documentos/Cabeceras/logo-competicion-1b.png","https://www.acb.com/Documentos/Cabeceras/logo-competicion-4a.png",77,2012,107,NA,NA,2409,15452,NA,NA,FALSE,2883,2870,358,"Gran Canaria 2014","G. Canaria 2014","GCA",2883,1862,"Blancos de Rueda Valladolid","Blancos Rueda","BRV",1,62,12000,2,12,16,26,57,45,4,5,80,25,13,38,7,4,11,0,1,5,1,15,16,55,-80,0,11,0,0,62,78,0,0,0,0,0,0,0,0,0
1392681,1,"Liga Nacional","Liga Endesa",-402534000,NA,"https://www.acb.com/Documentos/Cabeceras/logo-competicion-1b.png","https://www.acb.com/Documentos/Cabeceras/logo-competicion-4a.png",77,2012,107,NA,NA,2409,15453,NA,NA,FALSE,2869,2879,1691,"Blusens Monbus","Blusens Monbus","BSM",2869,300,"Uxue Bilbao Basket","Uxue Bilbao","UBB",1,73,12000,6,18,33,21,39,53,13,18,72,18,9,27,10,5,11,0,1,2,0,23,25,70,-30,0,10,0,0,73,79,0,0,0,0,0,0,0,0,0
1392680,1,"Liga Nacional","Liga Endesa",-402534000,NA,"https://www.acb.com/Documentos/Cabeceras/logo-competicion-1b.png","https://www.acb.com/Documentos/Cabeceras/logo-competicion-4a.png",77,2012,107,NA,NA,2409,15453,NA,NA,TRUE,2879,2879,1691,"Blusens Monbus","Blusens Monbus","BSM",2869,300,"Uxue Bilbao Basket","Uxue Bilbao","UBB",1,79,12000,10,22,45,20,35,57,9,15,60,21,10,31,20,6,14,0,2,1,5,25,23,88,30,0,0,11,0,79,73,0,0,0,0,0,0,0,0,0
1392705,1,"Liga Nacional","Liga Endesa",-402534000,NA,"https://www.acb.com/Documentos/Cabeceras/logo-competicion-1b.png","https://www.acb.com/Documentos/Cabeceras/logo-competicion-4a.png",77,2012,107,NA,NA,2409,15454,NA,NA,TRUE,2880,2880,989,"Valencia Basket Club","Valencia Basket","VBC",2877,880,"Assignia Manresa","Assignia Man.","MAN",1,90,12000,9,23,39,24,42,57,15,16,93,35,7,42,23,9,13,0,7,1,4,17,19,126,155,0,0,12,0,90,59,0,0,0,0,0,0,0,0,0
1392706,1,"Liga Nacional","Liga Endesa",-402534000,NA,"https://www.acb.com/Documentos/Cabeceras/logo-competicion-1b.png","https://www.acb.com/Documentos/Cabeceras/logo-competicion-4a.png",77,2012,107,NA,NA,2409,15454,NA,NA,FALSE,2877,2880,989,"Valencia Basket Club","Valencia Basket","VBC",2877,880,"Assignia Manresa","Assignia Man.","MAN",1,59,12000,7,22,31,14,35,40,10,11,90,22,2,24,10,8,15,0,1,7,4,19,17,41,-155,0,11,0,0,59,90,0,0,0,0,0,0,0,0,0
1392732,1,"Liga Nacional","Liga Endesa",-402534000,NA,"https://www.acb.com/Documentos/Cabeceras/logo-competicion-1b.png","https://www.acb.com/Documentos/Cabeceras/logo-competicion-4a.png",77,2012,107,NA,NA,2409,15455,NA,NA,TRUE,2882,2882,1145,"Cajasol","Cajasol","CAJ",2872,1214,"Mad-Croc Fuenlabrada","Mad-Croc Fuenla","MCF",1,68,12000,8,24,33,17,33,51,10,15,66,22,5,27,15,9,13,0,5,2,7,22,16,66,-40,0,12,0,0,68,76,0,0,0,0,0,0,0,0,0
1392733,1,"Liga Nacional","Liga Endesa",-402534000,NA,"https://www.acb.com/Documentos/Cabeceras/logo-competicion-1b.png","https://www.acb.com/Documentos/Cabeceras/logo-competicion-4a.png",77,2012,107,NA,NA,2409,15455,NA,NA,FALSE,2872,2882,1145,"Cajasol","Cajasol","CAJ",2872,1214,"Mad-Croc Fuenlabrada","Mad-Croc Fuenla","MCF",1,76,12000,8,25,32,17,28,60,18,20,90,27,6,33,10,10,16,0,2,5,1,16,22,86,40,0,0,12,0,76,68,0,0,0,0,0,0,0,0,0
1392761,1,"Liga Nacional","Liga Endesa",-402534000,NA,"https://www.acb.com/Documentos/Cabeceras/logo-competicion-1b.png","https://www.acb.com/Documentos/Cabeceras/logo-competicion-4a.png",77,2012,107,NA,NA,2409,15456,NA,NA,FALSE,2875,2871,484,"Asefa Estudiantes","Asefa Estu","ASE",2875,649,"FIATC Joventut","FIATC Joventut","CJB",1,112,12000,20,35,57,22,36,61,8,10,80,31,13,44,23,7,13,0,4,3,1,18,15,140,185,0,0,13,0,112,75,0,0,0,0,0,0,0,0,0
1392760,1,"Liga Nacional","Liga Endesa",-402534000,NA,"https://www.acb.com/Documentos/Cabeceras/logo-competicion-1b.png","https://www.acb.com/Documentos/Cabeceras/logo-competicion-4a.png",77,2012,107,NA,NA,2409,15456,NA,NA,TRUE,2871,2871,484,"Asefa Estudiantes","Asefa Estu","ASE",2875,649,"FIATC Joventut","FIATC Joventut","CJB",1,75,12000,7,29,24,22,42,52,10,11,90,18,11,29,20,7,8,0,3,4,5,15,18,82,-185,0,13,0,0,75,112,0,0,0,0,0,0,0,0,0
1392789,1,"Liga Nacional","Liga Endesa",-402534000,NA,"https://www.acb.com/Documentos/Cabeceras/logo-competicion-1b.png","https://www.acb.com/Documentos/Cabeceras/logo-competicion-4a.png",77,2012,107,NA,NA,2409,15457,NA,NA,FALSE,2878,2874,1164,"CAI Zaragoza","CAI Zaragoza","CAI",2878,916,"UCAM Murcia CB","UCAM Murcia CB","UCM",1,74,12000,7,22,31,23,38,60,7,12,58,17,8,25,11,4,22,0,3,2,2,26,17,49,-170,0,12,0,0,74,108,0,0,0,0,0,0,0,0,0
1392788,1,"Liga Nacional","Liga Endesa",-402534000,NA,"https://www.acb.com/Documentos/Cabeceras/logo-competicion-1b.png","https://www.acb.com/Documentos/Cabeceras/logo-competicion-4a.png",77,2012,107,NA,NA,2409,15457,NA,NA,TRUE,2874,2874,1164,"CAI Zaragoza","CAI Zaragoza","CAI",2878,916,"UCAM Murcia CB","UCAM Murcia CB","UCM",1,108,12000,6,21,28,35,49,71,20,23,86,25,9,34,19,12,10,0,2,3,7,17,26,139,170,0,0,12,0,108,74,0,0,0,0,0,0,0,0,0
1392843,1,"Liga Nacional","Liga Endesa",-402534000,NA,"https://www.acb.com/Documentos/Cabeceras/logo-competicion-1b.png","https://www.acb.com/Documentos/Cabeceras/logo-competicion-4a.png",77,2012,111,NA,NA,2410,15480,NA,NA,FALSE,2879,2876,794,"Real Madrid","Real Madrid","RMB",2879,1691,"Blusens Monbus","Blusens Monbus","BSM",1,75,12000,8,20,40,17,37,45,17,23,73,16,13,29,16,7,15,0,2,4,3,29,22,65,-75,0,13,0,0,75,90,0,0,0,0,0,0,0,0,0
1392842,1,"Liga Nacional","Liga Endesa",-402534000,NA,"https://www.acb.com/Documentos/Cabeceras/logo-competicion-1b.png","https://www.acb.com/Documentos/Cabeceras/logo-competicion-4a.png",77,2012,111,NA,NA,2410,15480,NA,NA,TRUE,2876,2876,794,"Real Madrid","Real Madrid","RMB",2879,1691,"Blusens Monbus","Blusens Monbus","BSM",1,90,12000,6,16,37,23,39,58,26,30,86,22,7,29,15,10,10,0,4,2,2,22,29,113,75,0,0,13,0,90,75,0,0,0,0,0,0,0,0,0
1392895,1,"Liga Nacional","Liga Endesa",-402534000,NA,"https://www.acb.com/Documentos/Cabeceras/logo-competicion-1b.png","https://www.acb.com/Documentos/Cabeceras/logo-competicion-4a.png",77,2012,111,NA,NA,2410,15482,NA,NA,FALSE,2869,2867,136,"FC Barcelona Regal","FCB Regal","FCB",2869,300,"Uxue Bilbao Basket","Uxue Bilbao","UBB",1,62,12000,5,15,33,19,42,45,9,15,60,20,7,27,13,5,11,0,0,3,2,22,17,49,-130,0,10,0,0,62,88,0,0,0,0,0,0,0,0,0
1392894,1,"Liga Nacional","Liga Endesa",-402534000,NA,"https://www.acb.com/Documentos/Cabeceras/logo-competicion-1b.png","https://www.acb.com/Documentos/Cabeceras/logo-competicion-4a.png",77,2012,111,NA,NA,2410,15482,NA,NA,TRUE,2867,2867,136,"FC Barcelona Regal","FCB Regal","FCB",2869,300,"Uxue Bilbao Basket","Uxue Bilbao","UBB",1,88,12000,7,24,29,30,42,71,7,14,50,28,11,39,21,9,9,0,3,0,5,17,22,120,130,0,0,12,0,88,62,0,0,0,0,0,0,0,0,0
1392921,1,"Liga Nacional","Liga Endesa",-402534000,NA,"https://www.acb.com/Documentos/Cabeceras/logo-competicion-1b.png","https://www.acb.com/Documentos/Cabeceras/logo-competicion-4a.png",77,2012,111,NA,NA,2410,15483,NA,NA,FALSE,2874,2880,989,"Valencia Basket Club","Valencia Basket","VBC",2874,1164,"CAI Zaragoza","CAI Zaragoza","CAI",1,42,12000,5,16,31,12,27,44,3,8,37,22,4,26,9,1,22,0,0,1,4,20,17,21,-190,0,12,0,0,42,80,0,0,0,0,0,0,0,0,0
1392920,1,"Liga Nacional","Liga Endesa",-402534000,NA,"https://www.acb.com/Documentos/Cabeceras/logo-competicion-1b.png","https://www.acb.com/Documentos/Cabeceras/logo-competicion-4a.png",77,2012,111,NA,NA,2410,15483,NA,NA,TRUE,2880,2880,989,"Valencia Basket Club","Valencia Basket","VBC",2874,1164,"CAI Zaragoza","CAI Zaragoza","CAI",1,80,12000,5,22,22,25,42,59,15,17,88,24,9,33,19,15,7,0,1,0,3,17,20,108,190,0,0,12,0,80,42,0,0,0,0,0,0,0,0,0
1392869,1,"Liga Nacional","Liga Endesa",-402534000,NA,"https://www.acb.com/Documentos/Cabeceras/logo-competicion-1b.png","https://www.acb.com/Documentos/Cabeceras/logo-competicion-4a.png",77,2012,111,NA,NA,2410,15481,NA,NA,FALSE,2870,2868,248,"Caja Laboral","Caja Laboral","CLA",2870,358,"Gran Canaria 2014","G. Canaria 2014","GCA",1,56,12000,6,28,21,15,30,50,8,16,50,34,10,44,15,3,9,0,1,2,0,20,21,64,-5,0,11,0,0,56,57,0,0,0,0,0,0,0,0,0
1392868,1,"Liga Nacional","Liga Endesa",-402534000,NA,"https://www.acb.com/Documentos/Cabeceras/logo-competicion-1b.png","https://www.acb.com/Documentos/Cabeceras/logo-competicion-4a.png",77,2012,111,NA,NA,2410,15481,NA,NA,TRUE,2868,2868,248,"Caja Laboral","Caja Laboral","CLA",2870,358,"Gran Canaria 2014","G. Canaria 2014","GCA",1,57,12000,5,23,21,16,38,42,10,14,71,31,6,37,12,6,5,0,2,1,2,21,20,63,5,0,0,11,0,57,56,0,0,0,0,0,0,0,0,0
1392975,1,"Liga Nacional","Liga Endesa",-402534000,NA,"https://www.acb.com/Documentos/Cabeceras/logo-competicion-1b.png","https://www.acb.com/Documentos/Cabeceras/logo-competicion-4a.png",77,2012,111,NA,NA,2411,15485,NA,NA,FALSE,2868,2870,358,"Gran Canaria 2014","G. Canaria 2014","GCA",2868,248,"Caja Laboral","Caja Laboral","CLA",1,78,13500,7,24,29,24,46,52,9,11,81,29,11,40,10,8,13,0,3,1,3,26,18,76,-25,0,10,0,0,78,83,0,0,0,0,0,0,0,0,0
1392974,1,"Liga Nacional","Liga Endesa",-402534000,NA,"https://www.acb.com/Documentos/Cabeceras/logo-competicion-1b.png","https://www.acb.com/Documentos/Cabeceras/logo-competicion-4a.png",77,2012,111,NA,NA,2411,15485,NA,NA,TRUE,2870,2870,358,"Gran Canaria 2014","G. Canaria 2014","GCA",2868,248,"Caja Laboral","Caja Laboral","CLA",1,83,13500,9,26,34,18,32,56,20,27,74,27,6,33,11,7,11,0,1,3,0,18,26,91,25,0,0,11,0,83,78,0,0,0,0,0,0,0,0,0
1392948,1,"Liga Nacional","Liga Endesa",-402534000,NA,"https://www.acb.com/Documentos/Cabeceras/logo-competicion-1b.png","https://www.acb.com/Documentos/Cabeceras/logo-competicion-4a.png",77,2012,111,NA,NA,2411,15484,NA,NA,TRUE,2879,2879,1691,"Blusens Monbus","Blusens Monbus","BSM",2876,794,"Real Madrid","Real Madrid","RMB",1,58,12000,5,16,31,19,40,47,5,7,71,13,7,20,15,10,15,0,3,3,5,21,16,49,-80,0,11,0,0,58,74,0,0,0,0,0,0,0,0,0
1392949,1,"Liga Nacional","Liga Endesa",-402534000,NA,"https://www.acb.com/Documentos/Cabeceras/logo-competicion-1b.png","https://www.acb.com/Documentos/Cabeceras/logo-competicion-4a.png",77,2012,111,NA,NA,2411,15484,NA,NA,FALSE,2876,2879,1691,"Blusens Monbus","Blusens Monbus","BSM",2876,794,"Real Madrid","Real Madrid","RMB",1,74,12000,10,21,47,16,33,48,12,12,100,20,13,33,7,9,19,0,3,3,3,16,21,81,80,0,0,13,0,74,58,0,0,0,0,0,0,0,0,0
1393002,1,"Liga Nacional","Liga Endesa",-402534000,NA,"https://www.acb.com/Documentos/Cabeceras/logo-competicion-1b.png","https://www.acb.com/Documentos/Cabeceras/logo-competicion-4a.png",77,2012,111,NA,NA,2411,15486,NA,NA,FALSE,2867,2869,300,"Uxue Bilbao Basket","Uxue Bilbao","UBB",2867,136,"FC Barcelona Regal","FCB Regal","FCB",1,89,12000,7,25,28,23,39,58,22,28,78,26,15,41,11,8,17,0,2,1,4,24,28,97,-5,0,13,0,0,89,90,0,0,0,0,0,0,0,0,0
1393001,1,"Liga Nacional","Liga Endesa",-402534000,NA,"https://www.acb.com/Documentos/Cabeceras/logo-competicion-1b.png","https://www.acb.com/Documentos/Cabeceras/logo-competicion-4a.png",77,2012,111,NA,NA,2411,15486,NA,NA,TRUE,2869,2869,300,"Uxue Bilbao Basket","Uxue Bilbao","UBB",2867,136,"FC Barcelona Regal","FCB Regal","FCB",1,90,12000,5,21,23,25,42,59,25,26,96,23,7,30,12,12,10,0,1,2,3,28,24,95,5,0,0,10,0,90,89,0,0,0,0,0,0,0,0,0
1393027,1,"Liga Nacional","Liga Endesa",-402534000,NA,"https://www.acb.com/Documentos/Cabeceras/logo-competicion-1b.png","https://www.acb.com/Documentos/Cabeceras/logo-competicion-4a.png",77,2012,111,NA,NA,2411,15487,NA,NA,TRUE,2874,2874,1164,"CAI Zaragoza","CAI Zaragoza","CAI",2880,989,"Valencia Basket Club","Valencia Basket","VBC",1,122,16500,11,25,44,27,44,61,35,41,85,26,7,33,19,9,17,0,0,2,3,29,33,131,10,0,0,10,0,122,120,0,0,0,0,0,0,0,0,0
1393028,1,"Liga Nacional","Liga Endesa",-402534000,NA,"https://www.acb.com/Documentos/Cabeceras/logo-competicion-1b.png","https://www.acb.com/Documentos/Cabeceras/logo-competicion-4a.png",77,2012,111,NA,NA,2411,15487,NA,NA,FALSE,2880,2874,1164,"CAI Zaragoza","CAI Zaragoza","CAI",2880,989,"Valencia Basket Club","Valencia Basket","VBC",1,120,16500,16,38,42,27,40,67,18,27,66,25,8,33,24,7,19,0,2,0,2,33,29,119,-10,0,12,0,0,120,122,0,0,0,0,0,0,0,0,0
1393080,1,"Liga Nacional","Liga Endesa",-402534000,NA,"https://www.acb.com/Documentos/Cabeceras/logo-competicion-1b.png","https://www.acb.com/Documentos/Cabeceras/logo-competicion-4a.png",77,2012,111,NA,NA,2412,15489,NA,NA,FALSE,2869,2867,136,"FC Barcelona Regal","FCB Regal","FCB",2869,300,"Uxue Bilbao Basket","Uxue Bilbao","UBB",1,70,12000,10,20,50,17,43,39,6,10,60,21,7,28,13,11,10,0,0,2,3,19,16,67,-45,0,10,0,0,70,79,0,0,0,0,0,0,0,0,0
1393079,1,"Liga Nacional","Liga Endesa",-402534000,NA,"https://www.acb.com/Documentos/Cabeceras/logo-competicion-1b.png","https://www.acb.com/Documentos/Cabeceras/logo-competicion-4a.png",77,2012,111,NA,NA,2412,15489,NA,NA,TRUE,2867,2867,136,"FC Barcelona Regal","FCB Regal","FCB",2869,300,"Uxue Bilbao Basket","Uxue Bilbao","UBB",1,79,12000,10,31,32,17,23,73,15,16,93,28,7,35,19,7,15,0,2,0,3,16,19,102,45,0,0,12,0,79,70,0,0,0,0,0,0,0,0,0
1393054,1,"Liga Nacional","Liga Endesa",-402534000,NA,"https://www.acb.com/Documentos/Cabeceras/logo-competicion-1b.png","https://www.acb.com/Documentos/Cabeceras/logo-competicion-4a.png",77,2012,111,NA,NA,2412,15488,NA,NA,TRUE,2868,2868,248,"Caja Laboral","Caja Laboral","CLA",2870,358,"Gran Canaria 2014","G. Canaria 2014","GCA",1,66,12000,4,23,17,24,44,54,6,7,85,26,11,37,10,5,11,0,6,1,1,19,15,68,-30,0,10,0,0,66,72,0,0,0,0,0,0,0,0,0
1393055,1,"Liga Nacional","Liga Endesa",-402534000,NA,"https://www.acb.com/Documentos/Cabeceras/logo-competicion-1b.png","https://www.acb.com/Documentos/Cabeceras/logo-competicion-4a.png",77,2012,111,NA,NA,2412,15488,NA,NA,FALSE,2870,2868,248,"Caja Laboral","Caja Laboral","CLA",2870,358,"Gran Canaria 2014","G. Canaria 2014","GCA",1,72,12000,8,21,38,15,36,41,18,22,81,25,8,33,12,5,8,0,1,6,1,15,19,75,30,0,0,11,0,72,66,0,0,0,0,0,0,0,0,0
1393107,1,"Liga Nacional","Liga Endesa",-402534000,NA,"https://www.acb.com/Documentos/Cabeceras/logo-competicion-1b.png","https://www.acb.com/Documentos/Cabeceras/logo-competicion-4a.png",77,2012,111,NA,NA,2412,15490,NA,NA,FALSE,2874,2880,989,"Valencia Basket Club","Valencia Basket","VBC",2874,1164,"CAI Zaragoza","CAI Zaragoza","CAI",1,83,12000,9,20,45,16,36,44,24,26,92,20,10,30,12,5,12,0,2,1,1,20,26,92,30,0,0,11,0,83,77,0,0,0,0,0,0,0,0,0
1393106,1,"Liga Nacional","Liga Endesa",-402534000,NA,"https://www.acb.com/Documentos/Cabeceras/logo-competicion-1b.png","https://www.acb.com/Documentos/Cabeceras/logo-competicion-4a.png",77,2012,111,NA,NA,2412,15490,NA,NA,TRUE,2880,2880,989,"Valencia Basket Club","Valencia Basket","VBC",2874,1164,"CAI Zaragoza","CAI Zaragoza","CAI",1,77,12000,5,29,17,25,36,69,12,13,92,20,10,30,21,6,11,0,1,2,8,26,20,80,-30,0,12,0,0,77,83,0,0,0,0,0,0,0,0,0
1393162,1,"Liga Nacional","Liga Endesa",-402534000,NA,"https://www.acb.com/Documentos/Cabeceras/logo-competicion-1b.png","https://www.acb.com/Documentos/Cabeceras/logo-competicion-4a.png",77,2012,111,NA,NA,2413,15492,NA,NA,TRUE,2867,2867,136,"FC Barcelona Regal","FCB Regal","FCB",2870,358,"Gran Canaria 2014","G. Canaria 2014","GCA",1,69,12000,5,23,21,21,41,51,12,13,92,28,9,37,13,13,9,0,3,2,2,16,19,88,30,0,0,12,0,69,63,0,0,0,0,0,0,0,0,0
1393163,1,"Liga Nacional","Liga Endesa",-402534000,NA,"https://www.acb.com/Documentos/Cabeceras/logo-competicion-1b.png","https://www.acb.com/Documentos/Cabeceras/logo-competicion-4a.png",77,2012,111,NA,NA,2413,15492,NA,NA,FALSE,2870,2867,136,"FC Barcelona Regal","FCB Regal","FCB",2870,358,"Gran Canaria 2014","G. Canaria 2014","GCA",1,63,12000,9,24,37,15,41,36,6,7,85,28,12,40,9,4,14,0,2,3,0,19,16,56,-30,0,11,0,0,63,69,0,0,0,0,0,0,0,0,0
1393134,1,"Liga Nacional","Liga Endesa",-402534000,NA,"https://www.acb.com/Documentos/Cabeceras/logo-competicion-1b.png","https://www.acb.com/Documentos/Cabeceras/logo-competicion-4a.png",77,2012,111,NA,NA,2413,15491,NA,NA,TRUE,2876,2876,794,"Real Madrid","Real Madrid","RMB",2874,1164,"CAI Zaragoza","CAI Zaragoza","CAI",1,84,12000,5,17,29,30,54,55,9,20,45,20,15,35,12,10,4,0,1,0,3,18,20,93,40,0,0,13,0,84,76,0,0,0,0,0,0,0,0,0
1393135,1,"Liga Nacional","Liga Endesa",-402534000,NA,"https://www.acb.com/Documentos/Cabeceras/logo-competicion-1b.png","https://www.acb.com/Documentos/Cabeceras/logo-competicion-4a.png",77,2012,111,NA,NA,2413,15491,NA,NA,FALSE,2874,2876,794,"Real Madrid","Real Madrid","RMB",2874,1164,"CAI Zaragoza","CAI Zaragoza","CAI",1,76,12000,4,16,25,25,41,60,14,17,82,22,7,29,14,3,11,0,0,1,2,20,18,77,-40,0,10,0,0,76,84,0,0,0,0,0,0,0,0,0
1393219,1,"Liga Nacional","Liga Endesa",-402534000,NA,"https://www.acb.com/Documentos/Cabeceras/logo-competicion-1b.png","https://www.acb.com/Documentos/Cabeceras/logo-competicion-4a.png",77,2012,111,NA,NA,2414,15494,NA,NA,FALSE,2870,2867,136,"FC Barcelona Regal","FCB Regal","FCB",2870,358,"Gran Canaria 2014","G. Canaria 2014","GCA",1,73,12000,5,19,26,24,47,51,10,13,76,19,17,36,10,6,11,0,0,2,0,18,19,73,-20,0,12,0,0,73,77,0,0,0,0,0,0,0,0,0
1393218,1,"Liga Nacional","Liga Endesa",-402534000,NA,"https://www.acb.com/Documentos/Cabeceras/logo-competicion-1b.png","https://www.acb.com/Documentos/Cabeceras/logo-competicion-4a.png",77,2012,111,NA,NA,2414,15494,NA,NA,TRUE,2867,2867,136,"FC Barcelona Regal","FCB Regal","FCB",2870,358,"Gran Canaria 2014","G. Canaria 2014","GCA",1,77,12000,9,24,37,17,33,51,16,20,80,22,12,34,13,6,11,0,2,0,0,19,18,85,20,0,0,13,0,77,73,0,0,0,0,0,0,0,0,0
1393191,1,"Liga Nacional","Liga Endesa",-402534000,NA,"https://www.acb.com/Documentos/Cabeceras/logo-competicion-1b.png","https://www.acb.com/Documentos/Cabeceras/logo-competicion-4a.png",77,2012,111,NA,NA,2414,15493,NA,NA,FALSE,2874,2876,794,"Real Madrid","Real Madrid","RMB",2874,1164,"CAI Zaragoza","CAI Zaragoza","CAI",1,65,12000,8,20,40,13,35,37,15,18,83,26,7,33,6,5,13,0,1,2,1,17,20,61,-140,0,12,0,0,65,93,0,0,0,0,0,0,0,0,0
1393190,1,"Liga Nacional","Liga Endesa",-402534000,NA,"https://www.acb.com/Documentos/Cabeceras/logo-competicion-1b.png","https://www.acb.com/Documentos/Cabeceras/logo-competicion-4a.png",77,2012,111,NA,NA,2414,15493,NA,NA,TRUE,2876,2876,794,"Real Madrid","Real Madrid","RMB",2874,1164,"CAI Zaragoza","CAI Zaragoza","CAI",1,93,12000,15,32,46,21,37,56,6,13,46,27,12,39,25,7,6,0,2,1,2,20,17,116,140,0,0,13,0,93,65,0,0,0,0,0,0,0,0,0
1393274,1,"Liga Nacional","Liga Endesa",-402534000,NA,"https://www.acb.com/Documentos/Cabeceras/logo-competicion-1b.png","https://www.acb.com/Documentos/Cabeceras/logo-competicion-4a.png",77,2012,111,NA,NA,2415,15496,NA,NA,FALSE,2867,2870,358,"Gran Canaria 2014","G. Canaria 2014","GCA",2867,136,"FC Barcelona Regal","FCB Regal","FCB",1,84,12000,12,22,54,22,40,55,4,6,66,22,4,26,20,12,7,0,3,0,1,17,12,103,110,0,0,13,0,84,62,0,0,0,0,0,0,0,0,0
1393273,1,"Liga Nacional","Liga Endesa",-402534000,NA,"https://www.acb.com/Documentos/Cabeceras/logo-competicion-1b.png","https://www.acb.com/Documentos/Cabeceras/logo-competicion-4a.png",77,2012,111,NA,NA,2415,15496,NA,NA,TRUE,2870,2870,358,"Gran Canaria 2014","G. Canaria 2014","GCA",2867,136,"FC Barcelona Regal","FCB Regal","FCB",1,62,12000,5,16,31,18,40,45,11,12,91,23,10,33,9,3,16,0,0,3,2,12,17,59,-110,0,12,0,0,62,84,0,0,0,0,0,0,0,0,0
1393247,1,"Liga Nacional","Liga Endesa",-402534000,NA,"https://www.acb.com/Documentos/Cabeceras/logo-competicion-1b.png","https://www.acb.com/Documentos/Cabeceras/logo-competicion-4a.png",77,2012,111,NA,NA,2415,15495,NA,NA,FALSE,2876,2874,1164,"CAI Zaragoza","CAI Zaragoza","CAI",2876,794,"Real Madrid","Real Madrid","RMB",1,77,12000,9,27,33,20,36,55,10,13,76,24,12,36,14,9,12,0,5,1,2,21,19,89,70,0,0,13,0,77,63,0,0,0,0,0,0,0,0,0
1393246,1,"Liga Nacional","Liga Endesa",-402534000,NA,"https://www.acb.com/Documentos/Cabeceras/logo-competicion-1b.png","https://www.acb.com/Documentos/Cabeceras/logo-competicion-4a.png",77,2012,111,NA,NA,2415,15495,NA,NA,TRUE,2874,2874,1164,"CAI Zaragoza","CAI Zaragoza","CAI",2876,794,"Real Madrid","Real Madrid","RMB",1,63,12000,8,20,40,15,38,39,9,11,81,20,8,28,8,2,16,0,1,5,1,19,21,46,-70,0,13,0,0,63,77,0,0,0,0,0,0,0,0,0
1393302,1,"Liga Nacional","Liga Endesa",-402534000,NA,"https://www.acb.com/Documentos/Cabeceras/logo-competicion-1b.png","https://www.acb.com/Documentos/Cabeceras/logo-competicion-4a.png",77,2012,111,NA,NA,2418,15497,NA,NA,FALSE,2867,2876,794,"Real Madrid","Real Madrid","RMB",2867,136,"FC Barcelona Regal","FCB Regal","FCB",1,72,12000,8,17,47,16,35,45,16,19,84,22,6,28,12,10,14,0,1,3,1,28,21,68,-20,0,11,0,0,72,76,0,0,0,0,0,0,0,0,0
1393301,1,"Liga Nacional","Liga Endesa",-402534000,NA,"https://www.acb.com/Documentos/Cabeceras/logo-competicion-1b.png","https://www.acb.com/Documentos/Cabeceras/logo-competicion-4a.png",77,2012,111,NA,NA,2418,15497,NA,NA,TRUE,2876,2876,794,"Real Madrid","Real Madrid","RMB",2867,136,"FC Barcelona Regal","FCB Regal","FCB",1,76,12000,6,23,26,16,36,44,26,32,81,22,15,37,9,6,12,0,3,1,4,21,28,82,20,0,0,12,0,76,72,0,0,0,0,0,0,0,0,0
1393330,1,"Liga Nacional","Liga Endesa",-402534000,NA,"https://www.acb.com/Documentos/Cabeceras/logo-competicion-1b.png","https://www.acb.com/Documentos/Cabeceras/logo-competicion-4a.png",77,2012,111,NA,NA,2419,15498,NA,NA,FALSE,2867,2876,794,"Real Madrid","Real Madrid","RMB",2867,136,"FC Barcelona Regal","FCB Regal","FCB",1,72,12000,7,16,43,16,35,45,19,24,79,22,4,26,14,10,13,0,0,4,0,19,25,78,5,0,0,13,0,72,71,0,0,0,0,0,0,0,0,0
1393329,1,"Liga Nacional","Liga Endesa",-402534000,NA,"https://www.acb.com/Documentos/Cabeceras/logo-competicion-1b.png","https://www.acb.com/Documentos/Cabeceras/logo-competicion-4a.png",77,2012,111,NA,NA,2419,15498,NA,NA,TRUE,2876,2876,794,"Real Madrid","Real Madrid","RMB",2867,136,"FC Barcelona Regal","FCB Regal","FCB",1,71,12000,6,17,35,22,46,47,9,13,69,25,9,34,11,5,15,0,4,0,2,25,19,65,-5,0,12,0,0,71,72,0,0,0,0,0,0,0,0,0
1393358,1,"Liga Nacional","Liga Endesa",-402534000,NA,"https://www.acb.com/Documentos/Cabeceras/logo-competicion-1b.png","https://www.acb.com/Documentos/Cabeceras/logo-competicion-4a.png",77,2012,111,NA,NA,2420,15499,NA,NA,FALSE,2876,2867,136,"FC Barcelona Regal","FCB Regal","FCB",2876,794,"Real Madrid","Real Madrid","RMB",1,84,12000,5,22,22,25,40,62,19,22,86,24,11,35,13,6,12,0,0,4,4,20,24,91,60,0,0,12,0,84,72,0,0,0,0,0,0,0,0,0
1393357,1,"Liga Nacional","Liga Endesa",-402534000,NA,"https://www.acb.com/Documentos/Cabeceras/logo-competicion-1b.png","https://www.acb.com/Documentos/Cabeceras/logo-competicion-4a.png",77,2012,111,NA,NA,2420,15499,NA,NA,TRUE,2867,2867,136,"FC Barcelona Regal","FCB Regal","FCB",2876,794,"Real Madrid","Real Madrid","RMB",1,72,12000,5,19,26,20,38,52,17,25,68,18,11,29,9,5,12,0,4,0,1,24,20,63,-60,0,12,0,0,72,84,0,0,0,0,0,0,0,0,0
1393386,1,"Liga Nacional","Liga Endesa",-402534000,NA,"https://www.acb.com/Documentos/Cabeceras/logo-competicion-1b.png","https://www.acb.com/Documentos/Cabeceras/logo-competicion-4a.png",77,2012,111,NA,NA,2421,15500,NA,NA,FALSE,2876,2867,136,"FC Barcelona Regal","FCB Regal","FCB",2876,794,"Real Madrid","Real Madrid","RMB",1,62,12000,3,18,16,20,33,60,13,17,76,16,7,23,5,12,12,0,2,6,3,17,20,57,-55,0,12,0,0,62,73,0,0,0,0,0,0,0,0,0
1393385,1,"Liga Nacional","Liga Endesa",-402534000,NA,"https://www.acb.com/Documentos/Cabeceras/logo-competicion-1b.png","https://www.acb.com/Documentos/Cabeceras/logo-competicion-4a.png",77,2012,111,NA,NA,2421,15500,NA,NA,TRUE,2867,2867,136,"FC Barcelona Regal","FCB Regal","FCB",2876,794,"Real Madrid","Real Madrid","RMB",1,73,12000,5,19,26,22,37,59,14,21,66,23,13,36,15,8,13,0,6,2,0,20,17,84,55,0,0,13,0,73,62,0,0,0,0,0,0,0,0,0
1393414,1,"Liga Nacional","Liga Endesa",-402534000,NA,"https://www.acb.com/Documentos/Cabeceras/logo-competicion-1b.png","https://www.acb.com/Documentos/Cabeceras/logo-competicion-4a.png",77,2012,111,NA,NA,2422,15501,NA,NA,FALSE,2867,2876,794,"Real Madrid","Real Madrid","RMB",2867,136,"FC Barcelona Regal","FCB Regal","FCB",1,71,12000,8,24,33,15,31,48,17,20,85,28,10,38,12,2,17,0,5,5,1,25,22,68,-40,0,13,0,0,71,79,0,0,0,0,0,0,0,0,0
1393413,1,"Liga Nacional","Liga Endesa",-402534000,NA,"https://www.acb.com/Documentos/Cabeceras/logo-competicion-1b.png","https://www.acb.com/Documentos/Cabeceras/logo-competicion-4a.png",77,2012,111,NA,NA,2422,15501,NA,NA,TRUE,2876,2876,794,"Real Madrid","Real Madrid","RMB",2867,136,"FC Barcelona Regal","FCB Regal","FCB",1,79,12000,5,26,19,23,47,48,18,25,72,22,15,37,11,14,2,0,5,5,3,22,25,90,40,0,0,11,0,79,71,0,0,0,0,0,0,0,0,0
1777794,2,"Copa de España","Copa del Rey",-1142812800,NA,"https://static.acb.com/img/d/15/9/27868934009.png","https://static.acb.com/img/d/15/9/27868934009.png",77,2012,103,293,354,2393,15462,NA,NA,TRUE,2923,2923,358,"Gran Canaria 2014","G. Canaria 2014","GCA",2922,300,"Uxue Bilbao Basket","Uxue Bilbao","UBB",1,74,12000,8,22,36,22,45,48,6,11,54,24,10,34,18,5,12,0,4,1,4,17,21,84,60,0,0,1,0,888,62,0,0,0,0,0,0,0,0,0
1777791,2,"Copa de España","Copa del Rey",-1142812800,NA,"https://static.acb.com/img/d/15/9/27868934009.png","https://static.acb.com/img/d/15/9/27868934009.png",77,2012,103,293,354,2393,15462,NA,NA,FALSE,2922,2923,358,"Gran Canaria 2014","G. Canaria 2014","GCA",2922,300,"Uxue Bilbao Basket","Uxue Bilbao","UBB",1,62,12000,4,18,22,20,40,50,10,12,83,19,9,28,10,10,13,0,1,4,2,21,17,54,-60,0,1,0,0,806,74,0,0,0,0,0,0,0,0,0
1777789,2,"Copa de España","Copa del Rey",-1142812800,NA,"https://static.acb.com/img/d/15/9/27868934009.png","https://static.acb.com/img/d/15/9/27868934009.png",77,2012,103,293,353,2393,15461,NA,NA,TRUE,2926,2926,989,"Valencia Basket Club","Valencia Basket","VBC",2924,484,"Asefa Estudiantes","Asefa Estu","ASE",1,77,12000,10,27,37,15,33,45,17,21,80,32,14,46,13,8,16,0,3,5,3,31,22,78,90,0,0,1,0,77,59,0,0,0,0,0,0,0,0,0
1777787,2,"Copa de España","Copa del Rey",-1142812800,NA,"https://static.acb.com/img/d/15/9/27868934009.png","https://static.acb.com/img/d/15/9/27868934009.png",77,2012,103,293,353,2393,15461,NA,NA,FALSE,2924,2926,989,"Valencia Basket Club","Valencia Basket","VBC",2924,484,"Asefa Estudiantes","Asefa Estu","ASE",1,59,12000,2,16,12,16,38,42,21,28,75,21,7,28,8,5,12,0,5,3,2,22,31,56,-90,0,1,0,0,59,77,0,0,0,0,0,0,0,0,0
1777784,2,"Copa de España","Copa del Rey",-1142812800,NA,"https://static.acb.com/img/d/15/9/27868934009.png","https://static.acb.com/img/d/15/9/27868934009.png",77,2012,103,293,352,2393,15460,NA,NA,TRUE,2921,2921,248,"Caja Laboral","Caja Laboral","CLA",2927,1164,"CAI Zaragoza","CAI Zaragoza","CAI",1,88,12000,9,23,39,22,34,64,17,19,89,24,7,31,18,4,8,0,3,1,5,22,17,102,120,0,0,1,0,88,64,0,0,0,0,0,0,0,0,0
1777785,2,"Copa de España","Copa del Rey",-1142812800,NA,"https://static.acb.com/img/d/15/9/27868934009.png","https://static.acb.com/img/d/15/9/27868934009.png",77,2012,103,293,352,2393,15460,NA,NA,FALSE,2927,2921,248,"Caja Laboral","Caja Laboral","CLA",2927,1164,"CAI Zaragoza","CAI Zaragoza","CAI",1,64,12000,8,21,38,13,33,39,14,18,77,17,7,24,7,5,14,0,1,3,0,17,22,52,-120,0,1,0,0,64,88,0,0,0,0,0,0,0,0,0
1777781,2,"Copa de España","Copa del Rey",-1142812800,NA,"https://static.acb.com/img/d/15/9/27868934009.png","https://static.acb.com/img/d/15/9/27868934009.png",77,2012,103,293,351,2393,15459,NA,NA,TRUE,2925,2925,794,"Real Madrid","Real Madrid","RMB",2920,136,"FC Barcelona Regal","FCB Regal","FCB",1,108,15000,13,39,33,25,48,52,19,29,65,27,14,41,19,9,14,0,4,6,4,32,27,97,-15,0,1,0,0,108,111,0,0,0,0,0,0,0,0,0
1777779,2,"Copa de España","Copa del Rey",-1142812800,NA,"https://static.acb.com/img/d/15/9/27868934009.png","https://static.acb.com/img/d/15/9/27868934009.png",77,2012,103,293,351,2393,15459,NA,NA,FALSE,2920,2925,794,"Real Madrid","Real Madrid","RMB",2920,136,"FC Barcelona Regal","FCB Regal","FCB",1,111,15000,4,22,18,36,58,62,27,36,75,35,11,46,21,11,12,0,6,4,6,27,32,135,15,0,0,1,0,111,108,0,0,0,0,0,0,0,0,0
1777802,2,"Copa de España","Copa del Rey",-1142812800,NA,"https://static.acb.com/img/d/15/9/27868934009.png","https://static.acb.com/img/d/15/9/27868934009.png",77,2012,103,292,302,2394,15464,NA,NA,TRUE,2926,2926,989,"Valencia Basket Club","Valencia Basket","VBC",2923,358,"Gran Canaria 2014","G. Canaria 2014","GCA",1,83,12000,10,20,50,20,42,47,13,14,92,26,8,34,17,8,11,0,2,3,2,26,18,89,55,0,0,1,0,996,72,0,0,0,0,0,0,0,0,0
1777800,2,"Copa de España","Copa del Rey",-1142812800,NA,"https://static.acb.com/img/d/15/9/27868934009.png","https://static.acb.com/img/d/15/9/27868934009.png",77,2012,103,292,302,2394,15464,NA,NA,FALSE,2923,2926,989,"Valencia Basket Club","Valencia Basket","VBC",2923,358,"Gran Canaria 2014","G. Canaria 2014","GCA",1,72,12000,5,16,31,21,46,45,15,22,68,20,10,30,13,5,8,0,3,2,3,18,26,78,-55,0,1,0,0,864,83,0,0,0,0,0,0,0,0,0
1777795,2,"Copa de España","Copa del Rey",-1142812800,NA,"https://static.acb.com/img/d/15/9/27868934009.png","https://static.acb.com/img/d/15/9/27868934009.png",77,2012,103,292,301,2394,15463,NA,NA,FALSE,2920,2921,248,"Caja Laboral","Caja Laboral","CLA",2920,136,"FC Barcelona Regal","FCB Regal","FCB",1,80,12000,11,18,61,16,40,40,15,19,78,32,9,41,20,7,12,0,2,5,4,16,19,101,55,0,0,1,0,80,69,0,0,0,0,0,0,0,0,0
1777798,2,"Copa de España","Copa del Rey",-1142812800,NA,"https://static.acb.com/img/d/15/9/27868934009.png","https://static.acb.com/img/d/15/9/27868934009.png",77,2012,103,292,301,2394,15463,NA,NA,TRUE,2921,2921,248,"Caja Laboral","Caja Laboral","CLA",2920,136,"FC Barcelona Regal","FCB Regal","FCB",1,69,12000,8,23,34,17,43,39,11,11,100,22,8,30,14,7,7,0,5,2,2,19,16,72,-55,0,1,0,0,69,80,0,0,0,0,0,0,0,0,0
1777806,2,"Copa de España","Copa del Rey",-1142812800,NA,"https://static.acb.com/img/d/15/9/27868934009.png","https://static.acb.com/img/d/15/9/27868934009.png",77,2012,103,291,301,2395,15465,NA,NA,FALSE,2926,2920,136,"FC Barcelona Regal","FCB Regal","FCB",2926,989,"Valencia Basket Club","Valencia Basket","VBC",1,69,12000,7,20,35,15,32,46,18,22,81,24,9,33,9,5,15,0,4,2,1,24,22,67,-80,0,1,0,0,69,85,0,0,0,0,0,0,0,0,0
1777803,2,"Copa de España","Copa del Rey",-1142812800,NA,"https://static.acb.com/img/d/15/9/27868934009.png","https://static.acb.com/img/d/15/9/27868934009.png",77,2012,103,291,301,2395,15465,NA,NA,TRUE,2920,2920,136,"FC Barcelona Regal","FCB Regal","FCB",2926,989,"Valencia Basket Club","Valencia Basket","VBC",1,85,12000,5,24,20,27,48,56,16,20,80,20,15,35,19,9,7,0,2,4,5,22,24,97,80,0,0,1,0,85,69,0,0,0,0,0,0,0,0,0
1393909,3,"Supercopa","Supercopa Endesa",477108000,NA,"https://static.acb.com/img/14/39/3/27868634006.png","https://static.acb.com/img/1c/1a/3d/27940034120.png",77,2012,103,NA,NA,2371,15151,NA,NA,TRUE,2865,2865,1164,"CAI Zaragoza","CAI Zaragoza","CAI",2863,794,"Real Madrid","Real Madrid","RMB",1,64,12000,8,20,40,15,37,40,10,17,58,25,12,37,16,8,15,0,2,4,1,25,23,65,-40,0,11,0,0,64,72,0,0,0,0,0,0,0,0,0
1393910,3,"Supercopa","Supercopa Endesa",477108000,NA,"https://static.acb.com/img/14/39/3/27868634006.png","https://static.acb.com/img/1c/1a/3d/27940034120.png",77,2012,103,NA,NA,2371,15151,NA,NA,FALSE,2863,2865,1164,"CAI Zaragoza","CAI Zaragoza","CAI",2863,794,"Real Madrid","Real Madrid","RMB",1,72,12000,5,15,33,19,47,40,19,27,70,26,13,39,13,6,8,0,4,2,4,23,25,80,40,0,0,13,0,72,64,0,0,0,0,0,0,0,0,0
1393882,3,"Supercopa","Supercopa Endesa",477108000,NA,"https://static.acb.com/img/14/39/3/27868634006.png","https://static.acb.com/img/1c/1a/3d/27940034120.png",77,2012,103,NA,NA,2371,15150,NA,NA,FALSE,2864,2862,136,"FC Barcelona Regal","FCB Regal","FCB",2864,989,"Valencia Basket Club","Valencia Basket","VBC",1,63,12000,5,14,35,18,43,41,12,20,60,18,10,28,8,7,17,0,1,2,0,25,24,45,-70,0,12,0,0,63,77,0,0,0,0,0,0,0,0,0
1393881,3,"Supercopa","Supercopa Endesa",477108000,NA,"https://static.acb.com/img/14/39/3/27868634006.png","https://static.acb.com/img/1c/1a/3d/27940034120.png",77,2012,103,NA,NA,2371,15150,NA,NA,TRUE,2862,2862,136,"FC Barcelona Regal","FCB Regal","FCB",2864,989,"Valencia Basket Club","Valencia Basket","VBC",1,77,12000,5,15,33,22,43,51,18,22,81,28,10,38,16,10,15,0,2,1,7,24,25,93,70,0,0,12,0,77,63,0,0,0,0,0,0,0,0,0
1393936,3,"Supercopa","Supercopa Endesa",477108000,NA,"https://static.acb.com/img/14/39/3/27868634006.png","https://static.acb.com/img/1c/1a/3d/27940034120.png",77,2012,103,NA,NA,2372,15152,NA,NA,TRUE,2862,2862,136,"FC Barcelona Regal","FCB Regal","FCB",2863,794,"Real Madrid","Real Madrid","RMB",1,84,12000,9,21,42,19,39,48,19,24,79,21,10,31,16,8,11,0,0,4,5,26,24,85,-55,0,11,0,0,84,95,0,0,0,0,0,0,0,0,0
1393937,3,"Supercopa","Supercopa Endesa",477108000,NA,"https://static.acb.com/img/14/39/3/27868634006.png","https://static.acb.com/img/1c/1a/3d/27940034120.png",77,2012,103,NA,NA,2372,15152,NA,NA,FALSE,2863,2862,136,"FC Barcelona Regal","FCB Regal","FCB",2863,794,"Real Madrid","Real Madrid","RMB",1,95,12000,9,22,40,23,35,65,22,27,81,23,6,29,10,5,9,0,4,0,1,24,26,106,55,0,0,11,0,95,84,0,0,0,0,0,0,0,0,0
