"id","id_competition","competition_name","competition_official_name","competition_initial_date","competition_final_date","competition_url_image","competition_url_image_negative","id_edition","edition_year","id_phase","id_subphase","id_round","id_matchweek","id_match","period","id_edition_license_team","is_local","id_team","id_local_team","local_team_id_team_denomination","local_team_team_actual_name","local_team_team_actual_short_name","local_team_team_abbrev_name","id_visitor_team","visitor_team_id_team_denomination","visitor_team_team_actual_name","visitor_team_team_actual_short_name","visitor_team_team_abbrev_name","match_number","points","time_played","3pt_success","3pt_tried","3pt_percentage","2pt_success","2pt_tried","2pt_percentage","1pt_success","1pt_tried","1pt_percentage","defensive_rebound","offensive_rebound","total_rebound","asis","steals","turnovers","counter_attack","blocks","received_blocks","dunks","personal_fouls","received_fouls","val","differential","tournament_number2","defeats","victories","tie","team_score","rival_team_score","timeouts","time_as_leader","leader_changes","maximun_difference","points_after_steal","points_in_the_paint","second_opportinity_points","bench_points","best_streak"
1527418,1,"Liga Nacional","Liga Endesa",-402534000,NA,"https://www.acb.com/Documentos/Cabeceras/logo-competicion-1b.png","https://www.acb.com/Documentos/Cabeceras/logo-competicion-4a.png",61,1996,107,NA,NA,1514,9220,NA,NA,TRUE,1178,1178,329,"Gran Canaria","Gran Canaria","GCA",1181,1462,"Valvi Girona","Valvi Girona","GIR",1,89,12000,3,8,37.5,32,47,68.09,16,24,66.67,27,9,36,9,13,14,0,3,2,3,23,26,109,0,0,0,1,0,89,59,0,NA,0,0,0,0,0,0,0
1527419,1,"Liga Nacional","Liga Endesa",-402534000,NA,"https://www.acb.com/Documentos/Cabeceras/logo-competicion-1b.png","https://www.acb.com/Documentos/Cabeceras/logo-competicion-4a.png",61,1996,107,NA,NA,1514,9220,NA,NA,FALSE,1181,1178,329,"Gran Canaria","Gran Canaria","GCA",1181,1462,"Valvi Girona","Valvi Girona","GIR",1,59,12000,6,15,40,14,39,35.9,13,20,65,14,10,24,3,13,17,0,2,3,1,26,23,37,0,0,1,0,0,59,89,0,NA,0,0,0,0,0,0,0
1527301,1,"Liga Nacional","Liga Endesa",-402534000,NA,"https://www.acb.com/Documentos/Cabeceras/logo-competicion-1b.png","https://www.acb.com/Documentos/Cabeceras/logo-competicion-4a.png",61,1996,107,NA,NA,1514,9215,NA,NA,FALSE,1180,1177,1368,"Cáceres CB","Cáceres CB","CAC",1180,1193,"Baloncesto Fuenlabrada","B. Fuenlabrada","FUE",1,80,12000,7,18,38,22,38,57,15,20,75,22,8,30,8,6,16,0,1,5,3,25,19,66,0,0,10,0,0,800,94,0,0,0,0,0,0,0,0,0
1527300,1,"Liga Nacional","Liga Endesa",-402534000,NA,"https://www.acb.com/Documentos/Cabeceras/logo-competicion-1b.png","https://www.acb.com/Documentos/Cabeceras/logo-competicion-4a.png",61,1996,107,NA,NA,1514,9215,NA,NA,TRUE,1177,1177,1368,"Cáceres CB","Cáceres CB","CAC",1180,1193,"Baloncesto Fuenlabrada","B. Fuenlabrada","FUE",1,94,12000,10,21,47.62,21,35,60,22,27,81.48,19,8,27,13,10,11,0,5,1,7,19,25,113,0,0,0,1,0,94,80,0,NA,0,0,0,0,0,0,0
1527349,1,"Liga Nacional","Liga Endesa",-402534000,NA,"https://www.acb.com/Documentos/Cabeceras/logo-competicion-1b.png","https://www.acb.com/Documentos/Cabeceras/logo-competicion-4a.png",61,1996,107,NA,NA,1514,9217,NA,NA,TRUE,1186,1186,861,"TDK Manresa","TDK Manresa","MAN",1189,948,"Pamesa Valencia","Pamesa Valencia","PAM",1,88,12000,8,15,53.33,21,41,51.22,22,27,81.48,23,7,30,15,4,9,0,0,4,0,20,23,95,0,0,0,1,0,88,78,0,NA,0,0,0,0,0,0,0
1527350,1,"Liga Nacional","Liga Endesa",-402534000,NA,"https://www.acb.com/Documentos/Cabeceras/logo-competicion-1b.png","https://www.acb.com/Documentos/Cabeceras/logo-competicion-4a.png",61,1996,107,NA,NA,1514,9217,NA,NA,FALSE,1189,1186,861,"TDK Manresa","TDK Manresa","MAN",1189,948,"Pamesa Valencia","Pamesa Valencia","PAM",1,78,12000,3,13,23.08,29,49,59.18,11,17,64.71,22,9,31,17,6,10,0,4,0,3,23,20,87,0,0,1,0,0,78,88,0,NA,0,0,0,0,0,0,0
1527486,1,"Liga Nacional","Liga Endesa",-402534000,NA,"https://www.acb.com/Documentos/Cabeceras/logo-competicion-1b.png","https://www.acb.com/Documentos/Cabeceras/logo-competicion-4a.png",61,1996,107,NA,NA,1514,9223,NA,NA,TRUE,1184,1184,1604,"León Caja España","León C. España","LEO",1185,748,"Real Madrid Teka","Real Madrid","RMB",1,81,12000,3,14,21.43,25,49,51.02,22,29,75.86,15,10,25,6,10,12,0,0,5,3,25,26,64,0,0,1,0,0,81,91,0,NA,0,0,0,0,0,0,0
1527487,1,"Liga Nacional","Liga Endesa",-402534000,NA,"https://www.acb.com/Documentos/Cabeceras/logo-competicion-1b.png","https://www.acb.com/Documentos/Cabeceras/logo-competicion-4a.png",61,1996,107,NA,NA,1514,9223,NA,NA,FALSE,1185,1184,1604,"León Caja España","León C. España","LEO",1185,748,"Real Madrid Teka","Real Madrid","RMB",1,91,12000,7,14,50,24,41,58,22,29,75,29,11,40,10,8,17,0,5,0,1,26,25,105,0,0,0,10,0,910,81,0,0,0,0,0,0,0,0,0
1527372,1,"Liga Nacional","Liga Endesa",-402534000,NA,"https://www.acb.com/Documentos/Cabeceras/logo-competicion-1b.png","https://www.acb.com/Documentos/Cabeceras/logo-competicion-4a.png",61,1996,107,NA,NA,1514,9218,NA,NA,FALSE,1182,1192,1844,"Fórum Valladolid","Fórum Vall.","FOR",1182,1,"Covirán Granada","Covirán Granada","GRA",1,86,12000,5,9,55,31,56,55,9,16,56,24,9,33,14,11,11,0,2,3,4,20,22,98,0,0,0,10,0,860,79,0,0,0,0,0,0,0,0,0
1527371,1,"Liga Nacional","Liga Endesa",-402534000,NA,"https://www.acb.com/Documentos/Cabeceras/logo-competicion-1b.png","https://www.acb.com/Documentos/Cabeceras/logo-competicion-4a.png",61,1996,107,NA,NA,1514,9218,NA,NA,TRUE,1192,1192,1844,"Fórum Valladolid","Fórum Vall.","FOR",1182,1,"Covirán Granada","Covirán Granada","GRA",1,79,12000,10,31,32.26,17,32,53.12,15,20,75,25,10,35,10,7,13,0,3,2,0,22,20,76,0,0,1,0,0,79,86,0,NA,0,0,0,0,0,0,0
1527396,1,"Liga Nacional","Liga Endesa",-402534000,NA,"https://www.acb.com/Documentos/Cabeceras/logo-competicion-1b.png","https://www.acb.com/Documentos/Cabeceras/logo-competicion-4a.png",61,1996,107,NA,NA,1514,9219,NA,NA,FALSE,1183,1179,452,"Estudiantes Argentaria","Estudiantes A.","EST",1183,617,"Festina Joventut","Festina Jov.","JOV",1,85,12000,7,18,38,30,58,51,4,9,44,19,17,36,7,7,12,0,1,4,5,18,17,75,0,0,11,0,0,935,102,0,0,0,0,0,0,0,0,0
1527395,1,"Liga Nacional","Liga Endesa",-402534000,NA,"https://www.acb.com/Documentos/Cabeceras/logo-competicion-1b.png","https://www.acb.com/Documentos/Cabeceras/logo-competicion-4a.png",61,1996,107,NA,NA,1514,9219,NA,NA,TRUE,1179,1179,452,"Estudiantes Argentaria","Estudiantes A.","EST",1183,617,"Festina Joventut","Festina Jov.","JOV",1,102,12000,10,18,55,29,43,67,14,21,66,23,7,30,21,6,10,0,4,1,2,17,18,124,0,0,0,10,0,1020,85,0,0,0,0,0,0,0,0,0
1527443,1,"Liga Nacional","Liga Endesa",-402534000,NA,"https://www.acb.com/Documentos/Cabeceras/logo-competicion-1b.png","https://www.acb.com/Documentos/Cabeceras/logo-competicion-4a.png",61,1996,107,NA,NA,1514,9221,NA,NA,TRUE,1176,1176,205,"Taugrés","Taugrés","TAU",1187,907,"CB Murcia Airtel","Murcia Airtel","MUR",1,78,12000,3,14,21.43,23,50,46,23,29,79.31,33,14,47,11,6,13,0,5,2,3,19,28,97,0,0,0,1,0,78,62,0,NA,0,0,0,0,0,0,0
1527444,1,"Liga Nacional","Liga Endesa",-402534000,NA,"https://www.acb.com/Documentos/Cabeceras/logo-competicion-1b.png","https://www.acb.com/Documentos/Cabeceras/logo-competicion-4a.png",61,1996,107,NA,NA,1514,9221,NA,NA,FALSE,1187,1176,205,"Taugrés","Taugrés","TAU",1187,907,"CB Murcia Airtel","Murcia Airtel","MUR",1,62,12000,1,14,7.14,24,57,42.11,11,14,78.57,24,13,37,5,8,9,0,2,5,2,28,19,42,0,0,1,0,0,62,78,0,NA,0,0,0,0,0,0,0
1527464,1,"Liga Nacional","Liga Endesa",-402534000,NA,"https://www.acb.com/Documentos/Cabeceras/logo-competicion-1b.png","https://www.acb.com/Documentos/Cabeceras/logo-competicion-4a.png",61,1996,107,NA,NA,1514,9222,NA,NA,FALSE,1191,1188,1718,"Xacobeo 99 Ourense","Xacobeo Ourense","OUR",1191,1120,"Caja San Fernando","C. San Fernando","CSF",1,74,12000,6,21,28,23,48,47,10,13,76,24,9,33,5,12,7,0,1,7,2,16,18,70,0,0,0,8,0,592,69,0,0,0,0,0,0,0,0,0
1527463,1,"Liga Nacional","Liga Endesa",-402534000,NA,"https://www.acb.com/Documentos/Cabeceras/logo-competicion-1b.png","https://www.acb.com/Documentos/Cabeceras/logo-competicion-4a.png",61,1996,107,NA,NA,1514,9222,NA,NA,TRUE,1188,1188,1718,"Xacobeo 99 Ourense","Xacobeo Ourense","OUR",1191,1120,"Caja San Fernando","C. San Fernando","CSF",1,69,12000,5,16,31.25,23,43,53.49,8,12,66.67,32,9,41,3,5,18,0,7,1,1,18,16,69,0,0,1,0,0,69,74,0,NA,0,0,0,0,0,0,0
1527326,1,"Liga Nacional","Liga Endesa",-402534000,NA,"https://www.acb.com/Documentos/Cabeceras/logo-competicion-1b.png","https://www.acb.com/Documentos/Cabeceras/logo-competicion-4a.png",61,1996,107,NA,NA,1514,9216,NA,NA,TRUE,1175,1175,91,"FC Barcelona Banca Catalana","FC Barcelona","FCB",1190,1045,"Unicaja","Unicaja","UNI",1,64,12000,7,17,41,18,41,43,7,14,50,26,12,38,7,9,12,0,7,2,0,17,20,74,0,0,0,12,0,768,50,0,0,0,0,0,0,0,0,0
1527327,1,"Liga Nacional","Liga Endesa",-402534000,NA,"https://www.acb.com/Documentos/Cabeceras/logo-competicion-1b.png","https://www.acb.com/Documentos/Cabeceras/logo-competicion-4a.png",61,1996,107,NA,NA,1514,9216,NA,NA,FALSE,1190,1175,91,"FC Barcelona Banca Catalana","FC Barcelona","FCB",1190,1045,"Unicaja","Unicaja","UNI",1,50,12000,6,15,40,13,35,37.14,6,11,54.55,24,8,32,7,5,15,0,2,7,1,20,17,35,0,0,1,0,0,50,64,0,NA,0,0,0,0,0,0,0
1527607,1,"Liga Nacional","Liga Endesa",-402534000,NA,"https://www.acb.com/Documentos/Cabeceras/logo-competicion-1b.png","https://www.acb.com/Documentos/Cabeceras/logo-competicion-4a.png",61,1996,107,NA,NA,1515,9228,NA,NA,FALSE,1179,1181,1462,"Valvi Girona","Valvi Girona","GIR",1179,452,"Estudiantes Argentaria","Estudiantes A.","EST",1,87,12000,6,12,50,30,59,50,9,12,75,24,14,38,15,7,11,0,4,4,9,22,16,92,0,0,0,12,0,1044,72,0,0,0,0,0,0,0,0,0
1527606,1,"Liga Nacional","Liga Endesa",-402534000,NA,"https://www.acb.com/Documentos/Cabeceras/logo-competicion-1b.png","https://www.acb.com/Documentos/Cabeceras/logo-competicion-4a.png",61,1996,107,NA,NA,1515,9228,NA,NA,TRUE,1181,1181,1462,"Valvi Girona","Valvi Girona","GIR",1179,452,"Estudiantes Argentaria","Estudiantes A.","EST",1,72,12000,7,17,41.18,19,42,45.24,13,20,65,20,11,31,9,7,13,0,4,4,1,16,22,72,0,0,1,0,0,72,87,0,NA,0,0,0,0,0,0,0
1527581,1,"Liga Nacional","Liga Endesa",-402534000,NA,"https://www.acb.com/Documentos/Cabeceras/logo-competicion-1b.png","https://www.acb.com/Documentos/Cabeceras/logo-competicion-4a.png",61,1996,107,NA,NA,1515,9227,NA,NA,TRUE,1187,1187,907,"CB Murcia Airtel","Murcia Airtel","MUR",1178,329,"Gran Canaria","Gran Canaria","GCA",1,68,12000,7,19,36.84,15,37,40.54,17,27,62.96,27,8,35,12,5,14,0,3,0,2,28,20,57,0,0,1,0,0,68,75,0,NA,0,0,0,0,0,0,0
1527582,1,"Liga Nacional","Liga Endesa",-402534000,NA,"https://www.acb.com/Documentos/Cabeceras/logo-competicion-1b.png","https://www.acb.com/Documentos/Cabeceras/logo-competicion-4a.png",61,1996,107,NA,NA,1515,9227,NA,NA,FALSE,1178,1187,907,"CB Murcia Airtel","Murcia Airtel","MUR",1178,329,"Gran Canaria","Gran Canaria","GCA",1,75,12000,4,11,36.36,20,50,40,23,39,58.97,26,15,41,7,10,9,0,0,3,3,20,28,76,0,0,0,1,0,75,68,0,NA,0,0,0,0,0,0,0
1527628,1,"Liga Nacional","Liga Endesa",-402534000,NA,"https://www.acb.com/Documentos/Cabeceras/logo-competicion-1b.png","https://www.acb.com/Documentos/Cabeceras/logo-competicion-4a.png",61,1996,107,NA,NA,1515,9229,NA,NA,TRUE,1183,1183,617,"Festina Joventut","Festina Jov.","JOV",1192,1844,"Fórum Valladolid","Fórum Vall.","FOR",1,74,12000,6,25,24,22,43,51.16,12,17,70.59,22,13,35,7,6,12,0,2,1,2,22,21,65,0,0,1,0,0,74,81,0,NA,0,0,0,0,0,0,0
1527629,1,"Liga Nacional","Liga Endesa",-402534000,NA,"https://www.acb.com/Documentos/Cabeceras/logo-competicion-1b.png","https://www.acb.com/Documentos/Cabeceras/logo-competicion-4a.png",61,1996,107,NA,NA,1515,9229,NA,NA,FALSE,1192,1183,617,"Festina Joventut","Festina Jov.","JOV",1192,1844,"Fórum Valladolid","Fórum Vall.","FOR",1,81,12000,4,12,33.33,27,48,56.25,15,22,68.18,28,10,38,14,8,11,0,1,2,2,21,22,94,0,0,0,1,0,81,74,0,NA,0,0,0,0,0,0,0
1527559,1,"Liga Nacional","Liga Endesa",-402534000,NA,"https://www.acb.com/Documentos/Cabeceras/logo-competicion-1b.png","https://www.acb.com/Documentos/Cabeceras/logo-competicion-4a.png",61,1996,107,NA,NA,1515,9226,NA,NA,TRUE,1191,1191,1120,"Caja San Fernando","C. San Fernando","CSF",1176,205,"Taugrés","Taugrés","TAU",1,78,12000,4,10,40,23,53,43,20,26,76,27,16,43,9,6,11,0,5,1,0,23,26,90,0,0,0,9,0,702,68,0,0,0,0,0,0,0,0,0
1527560,1,"Liga Nacional","Liga Endesa",-402534000,NA,"https://www.acb.com/Documentos/Cabeceras/logo-competicion-1b.png","https://www.acb.com/Documentos/Cabeceras/logo-competicion-4a.png",61,1996,107,NA,NA,1515,9226,NA,NA,FALSE,1176,1191,1120,"Caja San Fernando","C. San Fernando","CSF",1176,205,"Taugrés","Taugrés","TAU",1,68,12000,2,17,11.76,22,44,50,18,23,78.26,21,11,32,6,7,15,0,1,5,2,26,23,49,0,0,1,0,0,68,78,0,NA,0,0,0,0,0,0,0
1527699,1,"Liga Nacional","Liga Endesa",-402534000,NA,"https://www.acb.com/Documentos/Cabeceras/logo-competicion-1b.png","https://www.acb.com/Documentos/Cabeceras/logo-competicion-4a.png",61,1996,107,NA,NA,1515,9232,NA,NA,TRUE,1190,1190,1045,"Unicaja","Unicaja","UNI",1177,1368,"Cáceres CB","Cáceres CB","CAC",1,68,12000,6,17,35.29,21,37,56.76,8,12,66.67,22,14,36,8,5,15,0,2,0,1,19,16,70,0,0,0,1,0,68,66,0,NA,0,0,0,0,0,0,0
1527700,1,"Liga Nacional","Liga Endesa",-402534000,NA,"https://www.acb.com/Documentos/Cabeceras/logo-competicion-1b.png","https://www.acb.com/Documentos/Cabeceras/logo-competicion-4a.png",61,1996,107,NA,NA,1515,9232,NA,NA,FALSE,1177,1190,1045,"Unicaja","Unicaja","UNI",1177,1368,"Cáceres CB","Cáceres CB","CAC",1,66,12000,3,15,20,23,42,54.76,11,16,68.75,14,13,27,8,13,9,0,0,2,4,16,19,70,0,0,1,0,0,66,68,0,NA,0,0,0,0,0,0,0
1527511,1,"Liga Nacional","Liga Endesa",-402534000,NA,"https://www.acb.com/Documentos/Cabeceras/logo-competicion-1b.png","https://www.acb.com/Documentos/Cabeceras/logo-competicion-4a.png",61,1996,107,NA,NA,1515,9224,NA,NA,TRUE,1180,1180,1193,"Baloncesto Fuenlabrada","B. Fuenlabrada","FUE",1184,1604,"León Caja España","León C. España","LEO",1,81,12000,5,18,27,21,48,43,24,31,77,17,7,24,7,5,12,0,1,2,0,19,26,64,0,0,11,0,0,891,108,0,0,0,0,0,0,0,0,0
1527512,1,"Liga Nacional","Liga Endesa",-402534000,NA,"https://www.acb.com/Documentos/Cabeceras/logo-competicion-1b.png","https://www.acb.com/Documentos/Cabeceras/logo-competicion-4a.png",61,1996,107,NA,NA,1515,9224,NA,NA,FALSE,1184,1180,1193,"Baloncesto Fuenlabrada","B. Fuenlabrada","FUE",1184,1604,"León Caja España","León C. España","LEO",1,108,12000,9,13,69.23,34,52,65.38,13,17,76.47,30,6,36,11,11,13,0,2,1,4,26,19,121,0,0,0,1,0,108,81,0,NA,0,0,0,0,0,0,0
1527535,1,"Liga Nacional","Liga Endesa",-402534000,NA,"https://www.acb.com/Documentos/Cabeceras/logo-competicion-1b.png","https://www.acb.com/Documentos/Cabeceras/logo-competicion-4a.png",61,1996,107,NA,NA,1515,9225,NA,NA,TRUE,1185,1185,748,"Real Madrid Teka","Real Madrid","RMB",1188,1718,"Xacobeo 99 Ourense","Xacobeo Ourense","OUR",1,87,12000,8,19,42,22,43,51,19,23,82,24,13,37,20,12,16,0,5,0,1,19,20,110,0,0,0,10,0,870,66,0,0,0,0,0,0,0,0,0
1527536,1,"Liga Nacional","Liga Endesa",-402534000,NA,"https://www.acb.com/Documentos/Cabeceras/logo-competicion-1b.png","https://www.acb.com/Documentos/Cabeceras/logo-competicion-4a.png",61,1996,107,NA,NA,1515,9225,NA,NA,FALSE,1188,1185,748,"Real Madrid Teka","Real Madrid","RMB",1188,1718,"Xacobeo 99 Ourense","Xacobeo Ourense","OUR",1,66,12000,1,9,11.11,25,57,43.86,13,16,81.25,17,15,32,5,11,18,0,0,5,1,20,19,47,0,0,1,0,0,66,87,0,NA,0,0,0,0,0,0,0
1527653,1,"Liga Nacional","Liga Endesa",-402534000,NA,"https://www.acb.com/Documentos/Cabeceras/logo-competicion-1b.png","https://www.acb.com/Documentos/Cabeceras/logo-competicion-4a.png",61,1996,107,NA,NA,1515,9230,NA,NA,TRUE,1182,1182,1,"Covirán Granada","Covirán Granada","GRA",1186,861,"TDK Manresa","TDK Manresa","MAN",1,68,12000,5,19,26,20,42,47,13,17,76,28,7,35,5,6,11,0,2,1,2,26,19,57,0,0,11,0,0,748,79,0,0,0,0,0,0,0,0,0
1527654,1,"Liga Nacional","Liga Endesa",-402534000,NA,"https://www.acb.com/Documentos/Cabeceras/logo-competicion-1b.png","https://www.acb.com/Documentos/Cabeceras/logo-competicion-4a.png",61,1996,107,NA,NA,1515,9230,NA,NA,FALSE,1186,1182,1,"Covirán Granada","Covirán Granada","GRA",1186,861,"TDK Manresa","TDK Manresa","MAN",1,79,12000,7,16,43.75,19,42,45.24,20,29,68.97,30,10,40,8,8,6,0,1,2,3,19,26,94,0,0,0,1,0,79,68,0,NA,0,0,0,0,0,0,0
1527679,1,"Liga Nacional","Liga Endesa",-402534000,NA,"https://www.acb.com/Documentos/Cabeceras/logo-competicion-1b.png","https://www.acb.com/Documentos/Cabeceras/logo-competicion-4a.png",61,1996,107,NA,NA,1515,9231,NA,NA,FALSE,1175,1189,948,"Pamesa Valencia","Pamesa Valencia","PAM",1175,91,"FC Barcelona Banca Catalana","FC Barcelona","FCB",1,98,12000,7,19,36,30,43,69,17,22,77,30,10,40,16,7,14,0,3,1,0,33,23,109,0,0,0,12,0,1176,79,0,0,0,0,0,0,0,0,0
1527678,1,"Liga Nacional","Liga Endesa",-402534000,NA,"https://www.acb.com/Documentos/Cabeceras/logo-competicion-1b.png","https://www.acb.com/Documentos/Cabeceras/logo-competicion-4a.png",61,1996,107,NA,NA,1515,9231,NA,NA,TRUE,1189,1189,948,"Pamesa Valencia","Pamesa Valencia","PAM",1175,91,"FC Barcelona Banca Catalana","FC Barcelona","FCB",1,79,12000,4,14,28.57,20,41,48.78,27,42,64.29,17,6,23,5,7,9,0,1,3,3,23,33,67,0,0,1,0,0,79,98,0,NA,0,0,0,0,0,0,0
1527865,1,"Liga Nacional","Liga Endesa",-402534000,NA,"https://www.acb.com/Documentos/Cabeceras/logo-competicion-1b.png","https://www.acb.com/Documentos/Cabeceras/logo-competicion-4a.png",61,1996,107,NA,NA,1516,9239,NA,NA,FALSE,1191,1178,329,"Gran Canaria","Gran Canaria","GCA",1191,1120,"Caja San Fernando","C. San Fernando","CSF",1,81,12000,4,13,30,23,50,46,23,30,76,17,9,26,5,8,6,0,0,2,2,30,24,63,0,0,9,0,0,729,87,0,0,0,0,0,0,0,0,0
1527864,1,"Liga Nacional","Liga Endesa",-402534000,NA,"https://www.acb.com/Documentos/Cabeceras/logo-competicion-1b.png","https://www.acb.com/Documentos/Cabeceras/logo-competicion-4a.png",61,1996,107,NA,NA,1516,9239,NA,NA,TRUE,1178,1178,329,"Gran Canaria","Gran Canaria","GCA",1191,1120,"Caja San Fernando","C. San Fernando","CSF",1,87,12000,4,12,33.33,26,45,57.78,23,32,71.88,32,12,44,9,3,14,0,2,0,2,24,30,101,0,0,0,1,0,87,81,0,NA,0,0,0,0,0,0,0
1527747,1,"Liga Nacional","Liga Endesa",-402534000,NA,"https://www.acb.com/Documentos/Cabeceras/logo-competicion-1b.png","https://www.acb.com/Documentos/Cabeceras/logo-competicion-4a.png",61,1996,107,NA,NA,1516,9234,NA,NA,TRUE,1177,1177,1368,"Cáceres CB","Cáceres CB","CAC",1189,948,"Pamesa Valencia","Pamesa Valencia","PAM",1,92,12000,3,15,20,30,45,66,23,31,74,15,13,28,8,7,12,0,3,6,3,22,23,86,0,0,0,11,0,920,88,0,0,0,0,0,0,0,0,0
1527748,1,"Liga Nacional","Liga Endesa",-402534000,NA,"https://www.acb.com/Documentos/Cabeceras/logo-competicion-1b.png","https://www.acb.com/Documentos/Cabeceras/logo-competicion-4a.png",61,1996,107,NA,NA,1516,9234,NA,NA,FALSE,1189,1177,1368,"Cáceres CB","Cáceres CB","CAC",1189,948,"Pamesa Valencia","Pamesa Valencia","PAM",1,88,12000,3,8,37.5,30,47,63.83,19,22,86.36,15,7,22,10,6,16,0,6,3,5,23,22,87,0,0,1,0,0,88,92,0,NA,0,0,0,0,0,0,0
1527797,1,"Liga Nacional","Liga Endesa",-402534000,NA,"https://www.acb.com/Documentos/Cabeceras/logo-competicion-1b.png","https://www.acb.com/Documentos/Cabeceras/logo-competicion-4a.png",61,1996,107,NA,NA,1516,9236,NA,NA,FALSE,1183,1186,861,"TDK Manresa","TDK Manresa","MAN",1183,617,"Festina Joventut","Festina Jov.","JOV",1,72,13500,4,17,23,24,49,48,12,18,66,24,11,35,8,9,13,0,5,4,1,28,21,61,0,0,9,0,0,648,81,0,0,0,0,0,0,0,0,0
1527796,1,"Liga Nacional","Liga Endesa",-402534000,NA,"https://www.acb.com/Documentos/Cabeceras/logo-competicion-1b.png","https://www.acb.com/Documentos/Cabeceras/logo-competicion-4a.png",61,1996,107,NA,NA,1516,9236,NA,NA,TRUE,1186,1186,861,"TDK Manresa","TDK Manresa","MAN",1183,617,"Festina Joventut","Festina Jov.","JOV",1,81,13500,8,20,40,15,42,35,27,35,77,27,15,42,14,10,14,0,4,5,1,21,28,92,0,0,0,11,0,891,72,0,0,0,0,0,0,0,0,0
1527725,1,"Liga Nacional","Liga Endesa",-402534000,NA,"https://www.acb.com/Documentos/Cabeceras/logo-competicion-1b.png","https://www.acb.com/Documentos/Cabeceras/logo-competicion-4a.png",61,1996,107,NA,NA,1516,9233,NA,NA,TRUE,1180,1180,1193,"Baloncesto Fuenlabrada","B. Fuenlabrada","FUE",1190,1045,"Unicaja","Unicaja","UNI",1,64,12000,6,12,50,21,51,41,4,8,50,14,12,26,8,5,13,0,0,5,0,26,19,38,0,0,11,0,0,704,93,0,0,0,0,0,0,0,0,0
1527726,1,"Liga Nacional","Liga Endesa",-402534000,NA,"https://www.acb.com/Documentos/Cabeceras/logo-competicion-1b.png","https://www.acb.com/Documentos/Cabeceras/logo-competicion-4a.png",61,1996,107,NA,NA,1516,9233,NA,NA,FALSE,1190,1180,1193,"Baloncesto Fuenlabrada","B. Fuenlabrada","FUE",1190,1045,"Unicaja","Unicaja","UNI",1,93,12000,4,11,36.36,32,45,71.11,17,28,60.71,26,12,38,8,7,13,0,5,0,0,19,26,114,0,0,0,1,0,93,64,0,NA,0,0,0,0,0,0,0
1527819,1,"Liga Nacional","Liga Endesa",-402534000,NA,"https://www.acb.com/Documentos/Cabeceras/logo-competicion-1b.png","https://www.acb.com/Documentos/Cabeceras/logo-competicion-4a.png",61,1996,107,NA,NA,1516,9237,NA,NA,TRUE,1192,1192,1844,"Fórum Valladolid","Fórum Vall.","FOR",1181,1462,"Valvi Girona","Valvi Girona","GIR",1,63,12000,7,17,41.18,15,40,37.5,12,17,70.59,23,9,32,7,11,19,0,7,4,2,26,18,49,0,0,1,0,0,63,79,0,NA,0,0,0,0,0,0,0
1527820,1,"Liga Nacional","Liga Endesa",-402534000,NA,"https://www.acb.com/Documentos/Cabeceras/logo-competicion-1b.png","https://www.acb.com/Documentos/Cabeceras/logo-competicion-4a.png",61,1996,107,NA,NA,1516,9237,NA,NA,FALSE,1181,1192,1844,"Fórum Valladolid","Fórum Vall.","FOR",1181,1462,"Valvi Girona","Valvi Girona","GIR",1,79,12000,4,10,40,25,44,56.82,17,29,58.62,27,8,35,13,13,19,0,4,7,2,18,26,89,0,0,0,1,0,79,63,0,NA,0,0,0,0,0,0,0
1527889,1,"Liga Nacional","Liga Endesa",-402534000,NA,"https://www.acb.com/Documentos/Cabeceras/logo-competicion-1b.png","https://www.acb.com/Documentos/Cabeceras/logo-competicion-4a.png",61,1996,107,NA,NA,1516,9240,NA,NA,FALSE,1185,1176,205,"Taugrés","Taugrés","TAU",1185,748,"Real Madrid Teka","Real Madrid","RMB",1,77,12000,4,9,44.44,24,50,48,17,22,77.27,14,10,24,5,8,8,0,1,5,2,23,22,65,0,0,1,0,0,77,80,0,NA,0,0,0,0,0,0,0
1527888,1,"Liga Nacional","Liga Endesa",-402534000,NA,"https://www.acb.com/Documentos/Cabeceras/logo-competicion-1b.png","https://www.acb.com/Documentos/Cabeceras/logo-competicion-4a.png",61,1996,107,NA,NA,1516,9240,NA,NA,TRUE,1176,1176,205,"Taugrés","Taugrés","TAU",1185,748,"Real Madrid Teka","Real Madrid","RMB",1,80,12000,2,8,25,25,41,60.98,24,27,88.89,21,8,29,13,4,12,0,5,1,2,22,22,93,0,0,0,1,0,80,77,0,NA,0,0,0,0,0,0,0
1527913,1,"Liga Nacional","Liga Endesa",-402534000,NA,"https://www.acb.com/Documentos/Cabeceras/logo-competicion-1b.png","https://www.acb.com/Documentos/Cabeceras/logo-competicion-4a.png",61,1996,107,NA,NA,1516,9241,NA,NA,TRUE,1188,1188,1718,"Xacobeo 99 Ourense","Xacobeo Ourense","OUR",1184,1604,"León Caja España","León C. España","LEO",1,88,12000,4,15,26.67,29,49,59.18,18,30,60,31,11,42,8,11,13,0,2,2,5,28,28,93,0,0,0,1,0,88,77,0,NA,0,0,0,0,0,0,0
1527914,1,"Liga Nacional","Liga Endesa",-402534000,NA,"https://www.acb.com/Documentos/Cabeceras/logo-competicion-1b.png","https://www.acb.com/Documentos/Cabeceras/logo-competicion-4a.png",61,1996,107,NA,NA,1516,9241,NA,NA,FALSE,1184,1188,1718,"Xacobeo 99 Ourense","Xacobeo Ourense","OUR",1184,1604,"León Caja España","León C. España","LEO",1,77,12000,6,16,37.5,20,45,44.44,19,29,65.52,24,11,35,2,6,13,0,2,2,0,28,28,62,0,0,1,0,0,77,88,0,NA,0,0,0,0,0,0,0
1527842,1,"Liga Nacional","Liga Endesa",-402534000,NA,"https://www.acb.com/Documentos/Cabeceras/logo-competicion-1b.png","https://www.acb.com/Documentos/Cabeceras/logo-competicion-4a.png",61,1996,107,NA,NA,1516,9238,NA,NA,TRUE,1179,1179,452,"Estudiantes Argentaria","Estudiantes A.","EST",1187,907,"CB Murcia Airtel","Murcia Airtel","MUR",1,82,12000,5,13,38,26,53,49,15,22,68,25,14,39,10,6,7,0,1,1,3,24,18,82,0,0,0,10,0,820,74,0,0,0,0,0,0,0,0,0
1527843,1,"Liga Nacional","Liga Endesa",-402534000,NA,"https://www.acb.com/Documentos/Cabeceras/logo-competicion-1b.png","https://www.acb.com/Documentos/Cabeceras/logo-competicion-4a.png",61,1996,107,NA,NA,1516,9238,NA,NA,FALSE,1187,1179,452,"Estudiantes Argentaria","Estudiantes A.","EST",1187,907,"CB Murcia Airtel","Murcia Airtel","MUR",1,74,12000,2,14,14.29,25,45,55.56,18,28,64.29,21,11,32,6,5,9,0,1,1,1,18,24,72,0,0,1,0,0,74,82,0,NA,0,0,0,0,0,0,0
1527775,1,"Liga Nacional","Liga Endesa",-402534000,NA,"https://www.acb.com/Documentos/Cabeceras/logo-competicion-1b.png","https://www.acb.com/Documentos/Cabeceras/logo-competicion-4a.png",61,1996,107,NA,NA,1516,9235,NA,NA,FALSE,1182,1175,91,"FC Barcelona Banca Catalana","FC Barcelona","FCB",1182,1,"Covirán Granada","Covirán Granada","GRA",1,65,12000,2,16,12,22,47,46,15,19,78,19,14,33,11,10,20,0,1,5,4,20,21,53,0,0,11,0,0,715,107,0,0,0,0,0,0,0,0,0
1527774,1,"Liga Nacional","Liga Endesa",-402534000,NA,"https://www.acb.com/Documentos/Cabeceras/logo-competicion-1b.png","https://www.acb.com/Documentos/Cabeceras/logo-competicion-4a.png",61,1996,107,NA,NA,1516,9235,NA,NA,TRUE,1175,1175,91,"FC Barcelona Banca Catalana","FC Barcelona","FCB",1182,1,"Covirán Granada","Covirán Granada","GRA",1,107,12000,16,27,59,23,38,60,13,18,72,26,9,35,20,11,12,0,5,1,1,21,20,133,0,0,0,12,0,1284,65,0,0,0,0,0,0,0,0,0
1528028,1,"Liga Nacional","Liga Endesa",-402534000,NA,"https://www.acb.com/Documentos/Cabeceras/logo-competicion-1b.png","https://www.acb.com/Documentos/Cabeceras/logo-competicion-4a.png",61,1996,107,NA,NA,1517,9246,NA,NA,TRUE,1187,1187,907,"CB Murcia Airtel","Murcia Airtel","MUR",1192,1844,"Fórum Valladolid","Fórum Vall.","FOR",1,61,12000,3,15,20,24,50,48,4,7,57.14,20,8,28,15,9,10,0,0,1,3,19,14,56,0,0,1,0,0,61,68,0,NA,0,0,0,0,0,0,0
1528029,1,"Liga Nacional","Liga Endesa",-402534000,NA,"https://www.acb.com/Documentos/Cabeceras/logo-competicion-1b.png","https://www.acb.com/Documentos/Cabeceras/logo-competicion-4a.png",61,1996,107,NA,NA,1517,9246,NA,NA,FALSE,1192,1187,907,"CB Murcia Airtel","Murcia Airtel","MUR",1192,1844,"Fórum Valladolid","Fórum Vall.","FOR",1,68,12000,2,9,22.22,23,39,58.97,16,23,69.57,29,7,36,6,6,16,0,1,0,0,14,19,76,0,0,0,1,0,68,61,0,NA,0,0,0,0,0,0,0
1528051,1,"Liga Nacional","Liga Endesa",-402534000,NA,"https://www.acb.com/Documentos/Cabeceras/logo-competicion-1b.png","https://www.acb.com/Documentos/Cabeceras/logo-competicion-4a.png",61,1996,107,NA,NA,1517,9247,NA,NA,TRUE,1181,1181,1462,"Valvi Girona","Valvi Girona","GIR",1186,861,"TDK Manresa","TDK Manresa","MAN",1,64,12000,5,14,35,19,32,59,11,21,52,17,9,26,8,12,16,0,1,0,3,23,22,62,0,0,0,9,0,576,62,0,0,0,0,0,0,0,0,0
1528052,1,"Liga Nacional","Liga Endesa",-402534000,NA,"https://www.acb.com/Documentos/Cabeceras/logo-competicion-1b.png","https://www.acb.com/Documentos/Cabeceras/logo-competicion-4a.png",61,1996,107,NA,NA,1517,9247,NA,NA,FALSE,1186,1181,1462,"Valvi Girona","Valvi Girona","GIR",1186,861,"TDK Manresa","TDK Manresa","MAN",1,62,12000,5,15,33.33,12,25,48,23,27,85.19,16,5,21,9,7,15,0,0,1,1,22,23,57,0,0,1,0,0,62,64,0,NA,0,0,0,0,0,0,0
1528009,1,"Liga Nacional","Liga Endesa",-402534000,NA,"https://www.acb.com/Documentos/Cabeceras/logo-competicion-1b.png","https://www.acb.com/Documentos/Cabeceras/logo-competicion-4a.png",61,1996,107,NA,NA,1517,9245,NA,NA,FALSE,1179,1191,1120,"Caja San Fernando","C. San Fernando","CSF",1179,452,"Estudiantes Argentaria","Estudiantes A.","EST",1,74,12000,1,13,7,30,54,55,11,17,64,23,17,40,9,9,13,0,4,3,10,18,20,80,0,0,10,0,0,740,77,0,0,0,0,0,0,0,0,0
1528008,1,"Liga Nacional","Liga Endesa",-402534000,NA,"https://www.acb.com/Documentos/Cabeceras/logo-competicion-1b.png","https://www.acb.com/Documentos/Cabeceras/logo-competicion-4a.png",61,1996,107,NA,NA,1517,9245,NA,NA,TRUE,1191,1191,1120,"Caja San Fernando","C. San Fernando","CSF",1179,452,"Estudiantes Argentaria","Estudiantes A.","EST",1,77,12000,9,21,42,17,43,39,16,17,94,19,14,33,11,8,11,0,3,4,0,20,18,76,0,0,0,9,0,693,74,0,0,0,0,0,0,0,0,0
1527959,1,"Liga Nacional","Liga Endesa",-402534000,NA,"https://www.acb.com/Documentos/Cabeceras/logo-competicion-1b.png","https://www.acb.com/Documentos/Cabeceras/logo-competicion-4a.png",61,1996,107,NA,NA,1517,9243,NA,NA,TRUE,1184,1184,1604,"León Caja España","León C. España","LEO",1176,205,"Taugrés","Taugrés","TAU",1,99,12000,6,13,46.15,29,50,58,23,31,74.19,20,10,30,6,10,9,0,1,4,2,21,27,103,0,0,0,1,0,99,84,0,NA,0,0,0,0,0,0,0
1527960,1,"Liga Nacional","Liga Endesa",-402534000,NA,"https://www.acb.com/Documentos/Cabeceras/logo-competicion-1b.png","https://www.acb.com/Documentos/Cabeceras/logo-competicion-4a.png",61,1996,107,NA,NA,1517,9243,NA,NA,FALSE,1176,1184,1604,"León Caja España","León C. España","LEO",1176,205,"Taugrés","Taugrés","TAU",1,84,12000,8,19,42.11,22,41,53.66,16,21,76.19,20,8,28,7,3,16,0,4,1,2,27,21,68,0,0,1,0,0,84,99,0,NA,0,0,0,0,0,0,0
1527935,1,"Liga Nacional","Liga Endesa",-402534000,NA,"https://www.acb.com/Documentos/Cabeceras/logo-competicion-1b.png","https://www.acb.com/Documentos/Cabeceras/logo-competicion-4a.png",61,1996,107,NA,NA,1517,9242,NA,NA,FALSE,1180,1188,1718,"Xacobeo 99 Ourense","Xacobeo Ourense","OUR",1180,1193,"Baloncesto Fuenlabrada","B. Fuenlabrada","FUE",1,89,12000,8,18,44,24,41,58,17,19,89,27,7,34,8,5,10,0,0,0,1,15,20,102,0,0,0,8,0,712,83,0,0,0,0,0,0,0,0,0
1527934,1,"Liga Nacional","Liga Endesa",-402534000,NA,"https://www.acb.com/Documentos/Cabeceras/logo-competicion-1b.png","https://www.acb.com/Documentos/Cabeceras/logo-competicion-4a.png",61,1996,107,NA,NA,1517,9242,NA,NA,TRUE,1188,1188,1718,"Xacobeo 99 Ourense","Xacobeo Ourense","OUR",1180,1193,"Baloncesto Fuenlabrada","B. Fuenlabrada","FUE",1,83,12000,9,18,50,23,44,52.27,10,16,62.5,22,7,29,9,8,8,0,0,0,3,20,15,80,0,0,1,0,0,83,89,0,NA,0,0,0,0,0,0,0
1527985,1,"Liga Nacional","Liga Endesa",-402534000,NA,"https://www.acb.com/Documentos/Cabeceras/logo-competicion-1b.png","https://www.acb.com/Documentos/Cabeceras/logo-competicion-4a.png",61,1996,107,NA,NA,1517,9244,NA,NA,FALSE,1178,1185,748,"Real Madrid Teka","Real Madrid","RMB",1178,329,"Gran Canaria","Gran Canaria","GCA",1,68,12000,3,7,42.86,21,49,42.86,17,21,80.95,15,10,25,7,13,15,0,2,3,1,23,23,61,0,0,1,0,0,68,88,0,NA,0,0,0,0,0,0,0
1527984,1,"Liga Nacional","Liga Endesa",-402534000,NA,"https://www.acb.com/Documentos/Cabeceras/logo-competicion-1b.png","https://www.acb.com/Documentos/Cabeceras/logo-competicion-4a.png",61,1996,107,NA,NA,1517,9244,NA,NA,TRUE,1185,1185,748,"Real Madrid Teka","Real Madrid","RMB",1178,329,"Gran Canaria","Gran Canaria","GCA",1,88,12000,6,13,46,29,41,70,12,15,80,24,6,30,13,10,13,0,3,2,5,23,23,107,0,0,0,11,0,968,68,0,0,0,0,0,0,0,0,0
1528100,1,"Liga Nacional","Liga Endesa",-402534000,NA,"https://www.acb.com/Documentos/Cabeceras/logo-competicion-1b.png","https://www.acb.com/Documentos/Cabeceras/logo-competicion-4a.png",61,1996,107,NA,NA,1517,9249,NA,NA,TRUE,1182,1182,1,"Covirán Granada","Covirán Granada","GRA",1177,1368,"Cáceres CB","Cáceres CB","CAC",1,85,12000,6,17,35,23,36,63,21,26,80,21,7,28,9,3,15,0,0,2,3,28,26,77,0,0,12,0,0,1020,91,0,0,0,0,0,0,0,0,0
1528101,1,"Liga Nacional","Liga Endesa",-402534000,NA,"https://www.acb.com/Documentos/Cabeceras/logo-competicion-1b.png","https://www.acb.com/Documentos/Cabeceras/logo-competicion-4a.png",61,1996,107,NA,NA,1517,9249,NA,NA,FALSE,1177,1182,1,"Covirán Granada","Covirán Granada","GRA",1177,1368,"Cáceres CB","Cáceres CB","CAC",1,91,12000,8,22,36.36,22,33,66.67,23,30,76.67,19,7,26,11,7,14,0,2,0,0,26,28,93,0,0,0,1,0,91,85,0,NA,0,0,0,0,0,0,0
1528119,1,"Liga Nacional","Liga Endesa",-402534000,NA,"https://www.acb.com/Documentos/Cabeceras/logo-competicion-1b.png","https://www.acb.com/Documentos/Cabeceras/logo-competicion-4a.png",61,1996,107,NA,NA,1517,9250,NA,NA,FALSE,1190,1189,948,"Pamesa Valencia","Pamesa Valencia","PAM",1190,1045,"Unicaja","Unicaja","UNI",1,78,12000,7,21,33.33,25,45,55.56,7,12,58.33,17,12,29,9,6,9,0,2,3,1,19,15,69,0,0,1,0,0,78,82,0,NA,0,0,0,0,0,0,0
1528118,1,"Liga Nacional","Liga Endesa",-402534000,NA,"https://www.acb.com/Documentos/Cabeceras/logo-competicion-1b.png","https://www.acb.com/Documentos/Cabeceras/logo-competicion-4a.png",61,1996,107,NA,NA,1517,9250,NA,NA,TRUE,1189,1189,948,"Pamesa Valencia","Pamesa Valencia","PAM",1190,1045,"Unicaja","Unicaja","UNI",1,82,12000,5,7,71.43,29,52,55.77,9,14,64.29,24,10,34,12,5,8,0,3,2,4,15,19,100,0,0,0,1,0,82,78,0,NA,0,0,0,0,0,0,0
1528075,1,"Liga Nacional","Liga Endesa",-402534000,NA,"https://www.acb.com/Documentos/Cabeceras/logo-competicion-1b.png","https://www.acb.com/Documentos/Cabeceras/logo-competicion-4a.png",61,1996,107,NA,NA,1517,9248,NA,NA,TRUE,1183,1183,617,"Festina Joventut","Festina Jov.","JOV",1175,91,"FC Barcelona Banca Catalana","FC Barcelona","FCB",1,65,12000,6,21,28,15,33,45,17,22,77,19,12,31,10,7,8,0,3,4,1,18,22,70,0,0,0,10,0,650,63,0,0,0,0,0,0,0,0,0
1528076,1,"Liga Nacional","Liga Endesa",-402534000,NA,"https://www.acb.com/Documentos/Cabeceras/logo-competicion-1b.png","https://www.acb.com/Documentos/Cabeceras/logo-competicion-4a.png",61,1996,107,NA,NA,1517,9248,NA,NA,FALSE,1175,1183,617,"Festina Joventut","Festina Jov.","JOV",1175,91,"FC Barcelona Banca Catalana","FC Barcelona","FCB",1,63,12000,3,17,17,20,35,57,14,15,93,22,7,29,11,8,9,0,4,3,3,22,18,69,0,0,11,0,0,693,65,0,0,0,0,0,0,0,0,0
1528164,1,"Liga Nacional","Liga Endesa",-402534000,NA,"https://www.acb.com/Documentos/Cabeceras/logo-competicion-1b.png","https://www.acb.com/Documentos/Cabeceras/logo-competicion-4a.png",61,1996,107,NA,NA,1518,9252,NA,NA,FALSE,1182,1190,1045,"Unicaja","Unicaja","UNI",1182,1,"Covirán Granada","Covirán Granada","GRA",1,91,13500,5,12,41,28,63,44,20,37,54,23,23,46,6,10,11,0,1,2,1,27,34,89,0,0,0,9,0,819,90,0,0,0,0,0,0,0,0,0
1528163,1,"Liga Nacional","Liga Endesa",-402534000,NA,"https://www.acb.com/Documentos/Cabeceras/logo-competicion-1b.png","https://www.acb.com/Documentos/Cabeceras/logo-competicion-4a.png",61,1996,107,NA,NA,1518,9252,NA,NA,TRUE,1190,1190,1045,"Unicaja","Unicaja","UNI",1182,1,"Covirán Granada","Covirán Granada","GRA",1,90,13500,8,17,47.06,26,47,55.32,14,33,42.42,27,14,41,16,7,15,0,2,1,2,34,27,84,0,0,1,0,0,90,91,0,NA,0,0,0,0,0,0,0
1528233,1,"Liga Nacional","Liga Endesa",-402534000,NA,"https://www.acb.com/Documentos/Cabeceras/logo-competicion-1b.png","https://www.acb.com/Documentos/Cabeceras/logo-competicion-4a.png",61,1996,107,NA,NA,1518,9255,NA,NA,TRUE,1186,1186,861,"TDK Manresa","TDK Manresa","MAN",1187,907,"CB Murcia Airtel","Murcia Airtel","MUR",1,79,12000,7,20,35,22,38,57.89,14,16,87.5,37,6,43,16,7,16,0,4,1,1,19,19,101,0,0,0,1,0,79,54,0,NA,0,0,0,0,0,0,0
1528234,1,"Liga Nacional","Liga Endesa",-402534000,NA,"https://www.acb.com/Documentos/Cabeceras/logo-competicion-1b.png","https://www.acb.com/Documentos/Cabeceras/logo-competicion-4a.png",61,1996,107,NA,NA,1518,9255,NA,NA,FALSE,1187,1186,861,"TDK Manresa","TDK Manresa","MAN",1187,907,"CB Murcia Airtel","Murcia Airtel","MUR",1,54,12000,4,12,33.33,17,53,32.08,8,13,61.54,23,9,32,7,11,12,0,1,4,2,19,19,40,0,0,1,0,0,54,79,0,NA,0,0,0,0,0,0,0
1528326,1,"Liga Nacional","Liga Endesa",-402534000,NA,"https://www.acb.com/Documentos/Cabeceras/logo-competicion-1b.png","https://www.acb.com/Documentos/Cabeceras/logo-competicion-4a.png",61,1996,107,NA,NA,1518,9259,NA,NA,TRUE,1176,1176,205,"Taugrés","Taugrés","TAU",1188,1718,"Xacobeo 99 Ourense","Xacobeo Ourense","OUR",1,97,12000,8,21,38.1,24,41,58.54,25,37,67.57,31,6,37,12,13,8,0,5,3,2,22,34,123,0,0,0,1,0,97,64,0,NA,0,0,0,0,0,0,0
1528327,1,"Liga Nacional","Liga Endesa",-402534000,NA,"https://www.acb.com/Documentos/Cabeceras/logo-competicion-1b.png","https://www.acb.com/Documentos/Cabeceras/logo-competicion-4a.png",61,1996,107,NA,NA,1518,9259,NA,NA,FALSE,1188,1176,205,"Taugrés","Taugrés","TAU",1188,1718,"Xacobeo 99 Ourense","Xacobeo Ourense","OUR",1,64,12000,5,10,50,18,46,39.13,13,24,54.17,28,6,34,8,4,20,0,3,5,2,34,22,32,0,0,1,0,0,64,97,0,NA,0,0,0,0,0,0,0
1528278,1,"Liga Nacional","Liga Endesa",-402534000,NA,"https://www.acb.com/Documentos/Cabeceras/logo-competicion-1b.png","https://www.acb.com/Documentos/Cabeceras/logo-competicion-4a.png",61,1996,107,NA,NA,1518,9257,NA,NA,TRUE,1179,1179,452,"Estudiantes Argentaria","Estudiantes A.","EST",1185,748,"Real Madrid Teka","Real Madrid","RMB",1,68,12000,2,12,16,23,53,43,16,23,69,19,12,31,10,7,12,0,7,0,6,23,23,64,0,0,9,0,0,612,86,0,0,0,0,0,0,0,0,0
1528279,1,"Liga Nacional","Liga Endesa",-402534000,NA,"https://www.acb.com/Documentos/Cabeceras/logo-competicion-1b.png","https://www.acb.com/Documentos/Cabeceras/logo-competicion-4a.png",61,1996,107,NA,NA,1518,9257,NA,NA,FALSE,1185,1179,452,"Estudiantes Argentaria","Estudiantes A.","EST",1185,748,"Real Madrid Teka","Real Madrid","RMB",1,86,12000,5,12,41.67,25,50,50,21,29,72.41,28,13,41,12,7,9,0,0,7,1,23,23,90,0,0,0,1,0,86,68,0,NA,0,0,0,0,0,0,0
1528300,1,"Liga Nacional","Liga Endesa",-402534000,NA,"https://www.acb.com/Documentos/Cabeceras/logo-competicion-1b.png","https://www.acb.com/Documentos/Cabeceras/logo-competicion-4a.png",61,1996,107,NA,NA,1518,9258,NA,NA,TRUE,1178,1178,329,"Gran Canaria","Gran Canaria","GCA",1184,1604,"León Caja España","León C. España","LEO",1,80,12000,3,16,18.75,28,46,60.87,15,20,75,26,11,37,7,10,13,0,4,1,3,26,21,83,0,0,0,1,0,80,64,0,NA,0,0,0,0,0,0,0
1528301,1,"Liga Nacional","Liga Endesa",-402534000,NA,"https://www.acb.com/Documentos/Cabeceras/logo-competicion-1b.png","https://www.acb.com/Documentos/Cabeceras/logo-competicion-4a.png",61,1996,107,NA,NA,1518,9258,NA,NA,FALSE,1184,1178,329,"Gran Canaria","Gran Canaria","GCA",1184,1604,"León Caja España","León C. España","LEO",1,64,12000,4,15,26.67,15,37,40.54,22,29,75.86,22,10,32,6,7,18,0,1,4,1,21,26,53,0,0,1,0,0,64,80,0,NA,0,0,0,0,0,0,0
1528209,1,"Liga Nacional","Liga Endesa",-402534000,NA,"https://www.acb.com/Documentos/Cabeceras/logo-competicion-1b.png","https://www.acb.com/Documentos/Cabeceras/logo-competicion-4a.png",61,1996,107,NA,NA,1518,9254,NA,NA,TRUE,1175,1175,91,"FC Barcelona Banca Catalana","FC Barcelona","FCB",1181,1462,"Valvi Girona","Valvi Girona","GIR",1,93,12000,6,14,42,25,42,59,25,30,83,22,12,34,19,7,11,0,3,1,3,29,29,114,0,0,0,11,0,1023,76,0,0,0,0,0,0,0,0,0
1528210,1,"Liga Nacional","Liga Endesa",-402534000,NA,"https://www.acb.com/Documentos/Cabeceras/logo-competicion-1b.png","https://www.acb.com/Documentos/Cabeceras/logo-competicion-4a.png",61,1996,107,NA,NA,1518,9254,NA,NA,FALSE,1181,1175,91,"FC Barcelona Banca Catalana","FC Barcelona","FCB",1181,1462,"Valvi Girona","Valvi Girona","GIR",1,76,12000,1,10,10,25,41,60.98,23,34,67.65,14,10,24,7,10,13,0,1,3,3,29,29,66,0,0,1,0,0,76,93,0,NA,0,0,0,0,0,0,0
1528140,1,"Liga Nacional","Liga Endesa",-402534000,NA,"https://www.acb.com/Documentos/Cabeceras/logo-competicion-1b.png","https://www.acb.com/Documentos/Cabeceras/logo-competicion-4a.png",61,1996,107,NA,NA,1518,9251,NA,NA,TRUE,1180,1180,1193,"Baloncesto Fuenlabrada","B. Fuenlabrada","FUE",1189,948,"Pamesa Valencia","Pamesa Valencia","PAM",1,84,12000,2,8,25,28,41,68,22,25,88,23,4,27,6,7,16,0,1,1,2,21,22,87,0,0,10,0,0,840,86,0,0,0,0,0,0,0,0,0
1528141,1,"Liga Nacional","Liga Endesa",-402534000,NA,"https://www.acb.com/Documentos/Cabeceras/logo-competicion-1b.png","https://www.acb.com/Documentos/Cabeceras/logo-competicion-4a.png",61,1996,107,NA,NA,1518,9251,NA,NA,FALSE,1189,1180,1193,"Baloncesto Fuenlabrada","B. Fuenlabrada","FUE",1189,948,"Pamesa Valencia","Pamesa Valencia","PAM",1,86,12000,3,11,27.27,32,56,57.14,13,18,72.22,15,11,26,10,12,11,0,1,1,10,22,21,85,0,0,0,1,0,86,84,0,NA,0,0,0,0,0,0,0
1528256,1,"Liga Nacional","Liga Endesa",-402534000,NA,"https://www.acb.com/Documentos/Cabeceras/logo-competicion-1b.png","https://www.acb.com/Documentos/Cabeceras/logo-competicion-4a.png",61,1996,107,NA,NA,1518,9256,NA,NA,FALSE,1191,1192,1844,"Fórum Valladolid","Fórum Vall.","FOR",1191,1120,"Caja San Fernando","C. San Fernando","CSF",1,84,12000,8,19,42,21,39,53,18,25,72,19,5,24,10,13,6,0,1,2,0,16,21,93,0,0,0,9,0,756,82,0,0,0,0,0,0,0,0,0
1528255,1,"Liga Nacional","Liga Endesa",-402534000,NA,"https://www.acb.com/Documentos/Cabeceras/logo-competicion-1b.png","https://www.acb.com/Documentos/Cabeceras/logo-competicion-4a.png",61,1996,107,NA,NA,1518,9256,NA,NA,TRUE,1192,1192,1844,"Fórum Valladolid","Fórum Vall.","FOR",1191,1120,"Caja San Fernando","C. San Fernando","CSF",1,82,12000,12,19,63.16,18,31,58.06,10,13,76.92,25,3,28,15,3,15,0,2,1,3,22,16,85,0,0,1,0,0,82,84,0,NA,0,0,0,0,0,0,0
1528185,1,"Liga Nacional","Liga Endesa",-402534000,NA,"https://www.acb.com/Documentos/Cabeceras/logo-competicion-1b.png","https://www.acb.com/Documentos/Cabeceras/logo-competicion-4a.png",61,1996,107,NA,NA,1518,9253,NA,NA,TRUE,1177,1177,1368,"Cáceres CB","Cáceres CB","CAC",1183,617,"Festina Joventut","Festina Jov.","JOV",1,65,12000,5,20,25,15,35,42,20,25,80,22,9,31,8,12,13,0,3,2,2,23,24,65,0,0,11,0,0,650,71,0,0,0,0,0,0,0,0,0
1528186,1,"Liga Nacional","Liga Endesa",-402534000,NA,"https://www.acb.com/Documentos/Cabeceras/logo-competicion-1b.png","https://www.acb.com/Documentos/Cabeceras/logo-competicion-4a.png",61,1996,107,NA,NA,1518,9253,NA,NA,FALSE,1183,1177,1368,"Cáceres CB","Cáceres CB","CAC",1183,617,"Festina Joventut","Festina Jov.","JOV",1,71,12000,6,19,31.58,17,33,51.52,19,24,79.17,27,9,36,7,8,16,0,2,3,2,24,23,70,0,0,0,1,0,71,65,0,NA,0,0,0,0,0,0,0
1528492,1,"Liga Nacional","Liga Endesa",-402534000,NA,"https://www.acb.com/Documentos/Cabeceras/logo-competicion-1b.png","https://www.acb.com/Documentos/Cabeceras/logo-competicion-4a.png",61,1996,107,NA,NA,1519,9266,NA,NA,TRUE,1181,1181,1462,"Valvi Girona","Valvi Girona","GIR",1177,1368,"Cáceres CB","Cáceres CB","CAC",1,73,13500,4,15,26,20,36,55,21,32,65,28,7,35,7,10,11,0,4,2,1,18,24,84,0,0,0,10,0,730,68,0,0,0,0,0,0,0,0,0
1528493,1,"Liga Nacional","Liga Endesa",-402534000,NA,"https://www.acb.com/Documentos/Cabeceras/logo-competicion-1b.png","https://www.acb.com/Documentos/Cabeceras/logo-competicion-4a.png",61,1996,107,NA,NA,1519,9266,NA,NA,FALSE,1177,1181,1462,"Valvi Girona","Valvi Girona","GIR",1177,1368,"Cáceres CB","Cáceres CB","CAC",1,68,13500,4,21,19.05,23,45,51.11,10,12,83.33,23,13,36,7,4,10,0,2,4,2,24,18,56,0,0,1,0,0,68,73,0,NA,0,0,0,0,0,0,0
1528443,1,"Liga Nacional","Liga Endesa",-402534000,NA,"https://www.acb.com/Documentos/Cabeceras/logo-competicion-1b.png","https://www.acb.com/Documentos/Cabeceras/logo-competicion-4a.png",61,1996,107,NA,NA,1519,9264,NA,NA,TRUE,1191,1191,1120,"Caja San Fernando","C. San Fernando","CSF",1186,861,"TDK Manresa","TDK Manresa","MAN",1,65,12000,7,17,41,17,37,45,10,15,66,20,10,30,12,6,11,0,5,3,0,16,18,71,0,0,9,0,0,585,67,0,0,0,0,0,0,0,0,0
1528444,1,"Liga Nacional","Liga Endesa",-402534000,NA,"https://www.acb.com/Documentos/Cabeceras/logo-competicion-1b.png","https://www.acb.com/Documentos/Cabeceras/logo-competicion-4a.png",61,1996,107,NA,NA,1519,9264,NA,NA,FALSE,1186,1191,1120,"Caja San Fernando","C. San Fernando","CSF",1186,861,"TDK Manresa","TDK Manresa","MAN",1,67,12000,6,13,46.15,20,45,44.44,9,9,100,24,9,33,8,6,9,0,3,5,1,18,16,69,0,0,0,1,0,67,65,0,NA,0,0,0,0,0,0,0
1528470,1,"Liga Nacional","Liga Endesa",-402534000,NA,"https://www.acb.com/Documentos/Cabeceras/logo-competicion-1b.png","https://www.acb.com/Documentos/Cabeceras/logo-competicion-4a.png",61,1996,107,NA,NA,1519,9265,NA,NA,FALSE,1175,1187,907,"CB Murcia Airtel","Murcia Airtel","MUR",1175,91,"FC Barcelona Banca Catalana","FC Barcelona","FCB",1,93,12000,11,24,45,23,46,50,14,19,73,29,12,41,13,8,7,0,2,2,2,19,21,109,0,0,0,10,0,930,67,0,0,0,0,0,0,0,0,0
1528469,1,"Liga Nacional","Liga Endesa",-402534000,NA,"https://www.acb.com/Documentos/Cabeceras/logo-competicion-1b.png","https://www.acb.com/Documentos/Cabeceras/logo-competicion-4a.png",61,1996,107,NA,NA,1519,9265,NA,NA,TRUE,1187,1187,907,"CB Murcia Airtel","Murcia Airtel","MUR",1175,91,"FC Barcelona Banca Catalana","FC Barcelona","FCB",1,67,12000,5,19,26.32,20,48,41.67,12,16,75,24,14,38,11,4,12,0,2,2,0,21,19,60,0,0,1,0,0,67,93,0,NA,0,0,0,0,0,0,0
1528512,1,"Liga Nacional","Liga Endesa",-402534000,NA,"https://www.acb.com/Documentos/Cabeceras/logo-competicion-1b.png","https://www.acb.com/Documentos/Cabeceras/logo-competicion-4a.png",61,1996,107,NA,NA,1519,9267,NA,NA,TRUE,1183,1183,617,"Festina Joventut","Festina Jov.","JOV",1190,1045,"Unicaja","Unicaja","UNI",1,70,12000,3,10,30,26,59,44.07,9,12,75,20,16,36,8,9,7,0,1,3,0,18,13,66,0,0,1,0,0,70,71,0,NA,0,0,0,0,0,0,0
1528513,1,"Liga Nacional","Liga Endesa",-402534000,NA,"https://www.acb.com/Documentos/Cabeceras/logo-competicion-1b.png","https://www.acb.com/Documentos/Cabeceras/logo-competicion-4a.png",61,1996,107,NA,NA,1519,9267,NA,NA,FALSE,1190,1183,617,"Festina Joventut","Festina Jov.","JOV",1190,1045,"Unicaja","Unicaja","UNI",1,71,12000,6,19,31.58,20,34,58.82,13,17,76.47,25,7,32,9,4,12,0,3,1,0,13,18,80,0,0,0,1,0,71,70,0,NA,0,0,0,0,0,0,0
1528397,1,"Liga Nacional","Liga Endesa",-402534000,NA,"https://www.acb.com/Documentos/Cabeceras/logo-competicion-1b.png","https://www.acb.com/Documentos/Cabeceras/logo-competicion-4a.png",61,1996,107,NA,NA,1519,9262,NA,NA,FALSE,1179,1184,1604,"León Caja España","León C. España","LEO",1179,452,"Estudiantes Argentaria","Estudiantes A.","EST",1,76,12000,3,14,21,26,53,49,15,19,78,21,15,36,6,13,12,0,2,1,1,20,23,81,0,0,0,9,0,684,69,0,0,0,0,0,0,0,0,0
1528396,1,"Liga Nacional","Liga Endesa",-402534000,NA,"https://www.acb.com/Documentos/Cabeceras/logo-competicion-1b.png","https://www.acb.com/Documentos/Cabeceras/logo-competicion-4a.png",61,1996,107,NA,NA,1519,9262,NA,NA,TRUE,1184,1184,1604,"León Caja España","León C. España","LEO",1179,452,"Estudiantes Argentaria","Estudiantes A.","EST",1,69,12000,6,18,33.33,19,37,51.35,13,19,68.42,23,11,34,7,6,17,0,1,2,3,23,20,59,0,0,1,0,0,69,76,0,NA,0,0,0,0,0,0,0
1528421,1,"Liga Nacional","Liga Endesa",-402534000,NA,"https://www.acb.com/Documentos/Cabeceras/logo-competicion-1b.png","https://www.acb.com/Documentos/Cabeceras/logo-competicion-4a.png",61,1996,107,NA,NA,1519,9263,NA,NA,TRUE,1185,1185,748,"Real Madrid Teka","Real Madrid","RMB",1192,1844,"Fórum Valladolid","Fórum Vall.","FOR",1,106,12000,7,12,58,36,48,75,13,16,81,21,6,27,25,10,11,0,1,0,4,22,18,134,0,0,0,11,0,1166,78,0,0,0,0,0,0,0,0,0
1528422,1,"Liga Nacional","Liga Endesa",-402534000,NA,"https://www.acb.com/Documentos/Cabeceras/logo-competicion-1b.png","https://www.acb.com/Documentos/Cabeceras/logo-competicion-4a.png",61,1996,107,NA,NA,1519,9263,NA,NA,FALSE,1192,1185,748,"Real Madrid Teka","Real Madrid","RMB",1192,1844,"Fórum Valladolid","Fórum Vall.","FOR",1,78,12000,5,14,35.71,24,39,61.54,15,19,78.95,12,4,16,11,7,12,0,0,1,1,18,22,75,0,0,1,0,0,78,106,0,NA,0,0,0,0,0,0,0
1528353,1,"Liga Nacional","Liga Endesa",-402534000,NA,"https://www.acb.com/Documentos/Cabeceras/logo-competicion-1b.png","https://www.acb.com/Documentos/Cabeceras/logo-competicion-4a.png",61,1996,107,NA,NA,1519,9260,NA,NA,FALSE,1180,1176,205,"Taugrés","Taugrés","TAU",1180,1193,"Baloncesto Fuenlabrada","B. Fuenlabrada","FUE",1,72,12000,4,13,30,23,52,44,14,22,63,28,12,40,6,12,20,0,7,5,2,20,22,68,0,0,10,0,0,720,80,0,0,0,0,0,0,0,0,0
1528352,1,"Liga Nacional","Liga Endesa",-402534000,NA,"https://www.acb.com/Documentos/Cabeceras/logo-competicion-1b.png","https://www.acb.com/Documentos/Cabeceras/logo-competicion-4a.png",61,1996,107,NA,NA,1519,9260,NA,NA,TRUE,1176,1176,205,"Taugrés","Taugrés","TAU",1180,1193,"Baloncesto Fuenlabrada","B. Fuenlabrada","FUE",1,80,12000,3,15,20,27,48,56,17,24,70,29,8,37,8,14,17,0,5,7,2,22,20,78,0,0,0,13,0,960,72,0,0,0,0,0,0,0,0,0
1528374,1,"Liga Nacional","Liga Endesa",-402534000,NA,"https://www.acb.com/Documentos/Cabeceras/logo-competicion-1b.png","https://www.acb.com/Documentos/Cabeceras/logo-competicion-4a.png",61,1996,107,NA,NA,1519,9261,NA,NA,TRUE,1188,1188,1718,"Xacobeo 99 Ourense","Xacobeo Ourense","OUR",1178,329,"Gran Canaria","Gran Canaria","GCA",1,74,12000,7,16,43.75,20,49,40.82,13,15,86.67,24,13,37,6,8,15,0,2,3,2,22,20,67,0,0,0,1,0,74,71,0,NA,0,0,0,0,0,0,0
1528375,1,"Liga Nacional","Liga Endesa",-402534000,NA,"https://www.acb.com/Documentos/Cabeceras/logo-competicion-1b.png","https://www.acb.com/Documentos/Cabeceras/logo-competicion-4a.png",61,1996,107,NA,NA,1519,9261,NA,NA,FALSE,1178,1188,1718,"Xacobeo 99 Ourense","Xacobeo Ourense","OUR",1178,329,"Gran Canaria","Gran Canaria","GCA",1,71,12000,5,15,33.33,18,38,47.37,20,25,80,25,8,33,2,5,15,0,3,2,2,20,22,64,0,0,1,0,0,71,74,0,NA,0,0,0,0,0,0,0
1528535,1,"Liga Nacional","Liga Endesa",-402534000,NA,"https://www.acb.com/Documentos/Cabeceras/logo-competicion-1b.png","https://www.acb.com/Documentos/Cabeceras/logo-competicion-4a.png",61,1996,107,NA,NA,1519,9268,NA,NA,TRUE,1182,1182,1,"Covirán Granada","Covirán Granada","GRA",1189,948,"Pamesa Valencia","Pamesa Valencia","PAM",1,106,12000,10,15,66,28,48,58,20,28,71,19,12,31,7,6,14,0,2,2,2,23,26,106,0,0,0,10,0,1060,89,0,0,0,0,0,0,0,0,0
1528536,1,"Liga Nacional","Liga Endesa",-402534000,NA,"https://www.acb.com/Documentos/Cabeceras/logo-competicion-1b.png","https://www.acb.com/Documentos/Cabeceras/logo-competicion-4a.png",61,1996,107,NA,NA,1519,9268,NA,NA,FALSE,1189,1182,1,"Covirán Granada","Covirán Granada","GRA",1189,948,"Pamesa Valencia","Pamesa Valencia","PAM",1,89,12000,5,15,33.33,29,54,53.7,16,18,88.89,18,15,33,6,9,15,0,2,2,5,26,23,82,0,0,1,0,0,89,106,0,NA,0,0,0,0,0,0,0
1528719,1,"Liga Nacional","Liga Endesa",-402534000,NA,"https://www.acb.com/Documentos/Cabeceras/logo-competicion-1b.png","https://www.acb.com/Documentos/Cabeceras/logo-competicion-4a.png",61,1996,107,NA,NA,1520,9276,NA,NA,TRUE,1179,1179,452,"Estudiantes Argentaria","Estudiantes A.","EST",1188,1718,"Xacobeo 99 Ourense","Xacobeo Ourense","OUR",1,82,12000,8,19,42.11,22,44,50,14,17,82.35,34,9,43,21,12,9,0,2,3,4,21,22,113,0,0,0,1,0,82,46,0,NA,0,0,0,0,0,0,0
1528720,1,"Liga Nacional","Liga Endesa",-402534000,NA,"https://www.acb.com/Documentos/Cabeceras/logo-competicion-1b.png","https://www.acb.com/Documentos/Cabeceras/logo-competicion-4a.png",61,1996,107,NA,NA,1520,9276,NA,NA,FALSE,1188,1179,452,"Estudiantes Argentaria","Estudiantes A.","EST",1188,1718,"Xacobeo 99 Ourense","Xacobeo Ourense","OUR",1,46,12000,5,19,26.32,10,37,27.03,11,22,50,25,11,36,4,9,16,0,3,2,1,22,21,27,0,0,1,0,0,46,82,0,NA,0,0,0,0,0,0,0
1528694,1,"Liga Nacional","Liga Endesa",-402534000,NA,"https://www.acb.com/Documentos/Cabeceras/logo-competicion-1b.png","https://www.acb.com/Documentos/Cabeceras/logo-competicion-4a.png",61,1996,107,NA,NA,1520,9275,NA,NA,TRUE,1192,1192,1844,"Fórum Valladolid","Fórum Vall.","FOR",1184,1604,"León Caja España","León C. España","LEO",1,80,12000,5,18,27.78,25,43,58.14,15,24,62.5,19,13,32,13,6,10,0,2,1,4,27,23,78,0,0,1,0,0,80,86,0,NA,0,0,0,0,0,0,0
1528695,1,"Liga Nacional","Liga Endesa",-402534000,NA,"https://www.acb.com/Documentos/Cabeceras/logo-competicion-1b.png","https://www.acb.com/Documentos/Cabeceras/logo-competicion-4a.png",61,1996,107,NA,NA,1520,9275,NA,NA,FALSE,1184,1192,1844,"Fórum Valladolid","Fórum Vall.","FOR",1184,1604,"León Caja España","León C. España","LEO",1,86,12000,6,20,30,25,32,78.12,18,25,72,23,2,25,17,8,9,0,1,2,1,23,27,102,0,0,0,1,0,86,80,0,NA,0,0,0,0,0,0,0
1528674,1,"Liga Nacional","Liga Endesa",-402534000,NA,"https://www.acb.com/Documentos/Cabeceras/logo-competicion-1b.png","https://www.acb.com/Documentos/Cabeceras/logo-competicion-4a.png",61,1996,107,NA,NA,1520,9274,NA,NA,FALSE,1186,1185,748,"Real Madrid Teka","Real Madrid","RMB",1186,861,"TDK Manresa","TDK Manresa","MAN",1,60,12000,3,12,25,20,49,40.82,11,17,64.71,21,14,35,6,9,8,0,4,6,1,17,17,56,0,0,1,0,0,60,69,0,NA,0,0,0,0,0,0,0
1528673,1,"Liga Nacional","Liga Endesa",-402534000,NA,"https://www.acb.com/Documentos/Cabeceras/logo-competicion-1b.png","https://www.acb.com/Documentos/Cabeceras/logo-competicion-4a.png",61,1996,107,NA,NA,1520,9274,NA,NA,TRUE,1185,1185,748,"Real Madrid Teka","Real Madrid","RMB",1186,861,"TDK Manresa","TDK Manresa","MAN",1,69,12000,9,17,52,17,39,43,8,12,66,26,10,36,10,4,11,0,6,4,1,17,17,76,0,0,0,11,0,759,60,0,0,0,0,0,0,0,0,0
1528602,1,"Liga Nacional","Liga Endesa",-402534000,NA,"https://www.acb.com/Documentos/Cabeceras/logo-competicion-1b.png","https://www.acb.com/Documentos/Cabeceras/logo-competicion-4a.png",61,1996,107,NA,NA,1520,9271,NA,NA,FALSE,1181,1190,1045,"Unicaja","Unicaja","UNI",1181,1462,"Valvi Girona","Valvi Girona","GIR",1,63,12000,1,3,33.33,24,51,47.06,12,18,66.67,19,9,28,4,9,12,0,5,2,2,16,20,64,0,0,1,0,0,63,68,0,NA,0,0,0,0,0,0,0
1528601,1,"Liga Nacional","Liga Endesa",-402534000,NA,"https://www.acb.com/Documentos/Cabeceras/logo-competicion-1b.png","https://www.acb.com/Documentos/Cabeceras/logo-competicion-4a.png",61,1996,107,NA,NA,1520,9271,NA,NA,TRUE,1190,1190,1045,"Unicaja","Unicaja","UNI",1181,1462,"Valvi Girona","Valvi Girona","GIR",1,68,12000,3,16,18.75,24,36,66.67,11,17,64.71,23,9,32,7,9,15,0,2,5,4,20,16,63,0,0,0,1,0,68,63,0,NA,0,0,0,0,0,0,0
1528621,1,"Liga Nacional","Liga Endesa",-402534000,NA,"https://www.acb.com/Documentos/Cabeceras/logo-competicion-1b.png","https://www.acb.com/Documentos/Cabeceras/logo-competicion-4a.png",61,1996,107,NA,NA,1520,9272,NA,NA,TRUE,1177,1177,1368,"Cáceres CB","Cáceres CB","CAC",1187,907,"CB Murcia Airtel","Murcia Airtel","MUR",1,87,12000,5,13,38.46,28,48,58.33,16,22,72.73,14,7,21,7,12,8,0,2,2,3,21,23,87,0,0,0,1,0,87,84,0,NA,0,0,0,0,0,0,0
1528622,1,"Liga Nacional","Liga Endesa",-402534000,NA,"https://www.acb.com/Documentos/Cabeceras/logo-competicion-1b.png","https://www.acb.com/Documentos/Cabeceras/logo-competicion-4a.png",61,1996,107,NA,NA,1520,9272,NA,NA,FALSE,1187,1177,1368,"Cáceres CB","Cáceres CB","CAC",1187,907,"CB Murcia Airtel","Murcia Airtel","MUR",1,84,12000,5,15,33.33,24,38,63.16,21,28,75,24,10,34,7,5,16,0,2,2,3,23,21,81,0,0,1,0,0,84,87,0,NA,0,0,0,0,0,0,0
1528742,1,"Liga Nacional","Liga Endesa",-402534000,NA,"https://www.acb.com/Documentos/Cabeceras/logo-competicion-1b.png","https://www.acb.com/Documentos/Cabeceras/logo-competicion-4a.png",61,1996,107,NA,NA,1520,9277,NA,NA,TRUE,1178,1178,329,"Gran Canaria","Gran Canaria","GCA",1176,205,"Taugrés","Taugrés","TAU",1,71,12000,3,11,27.27,21,46,45.65,20,24,83.33,25,14,39,1,10,18,0,1,1,1,22,25,69,0,0,0,1,0,71,66,0,NA,0,0,0,0,0,0,0
1528743,1,"Liga Nacional","Liga Endesa",-402534000,NA,"https://www.acb.com/Documentos/Cabeceras/logo-competicion-1b.png","https://www.acb.com/Documentos/Cabeceras/logo-competicion-4a.png",61,1996,107,NA,NA,1520,9277,NA,NA,FALSE,1176,1178,329,"Gran Canaria","Gran Canaria","GCA",1176,205,"Taugrés","Taugrés","TAU",1,66,12000,6,20,30,19,40,47.5,10,20,50,18,12,30,5,10,16,0,1,1,1,25,22,47,0,0,1,0,0,66,71,0,NA,0,0,0,0,0,0,0
1528560,1,"Liga Nacional","Liga Endesa",-402534000,NA,"https://www.acb.com/Documentos/Cabeceras/logo-competicion-1b.png","https://www.acb.com/Documentos/Cabeceras/logo-competicion-4a.png",61,1996,107,NA,NA,1520,9269,NA,NA,TRUE,1180,1180,1193,"Baloncesto Fuenlabrada","B. Fuenlabrada","FUE",1182,1,"Covirán Granada","Covirán Granada","GRA",1,94,12000,6,12,50,30,56,53,16,21,76,27,9,36,7,7,5,0,4,3,2,14,17,106,0,0,0,10,0,940,78,0,0,0,0,0,0,0,0,0
1528561,1,"Liga Nacional","Liga Endesa",-402534000,NA,"https://www.acb.com/Documentos/Cabeceras/logo-competicion-1b.png","https://www.acb.com/Documentos/Cabeceras/logo-competicion-4a.png",61,1996,107,NA,NA,1520,9269,NA,NA,FALSE,1182,1180,1193,"Baloncesto Fuenlabrada","B. Fuenlabrada","FUE",1182,1,"Covirán Granada","Covirán Granada","GRA",1,78,12000,4,14,28,28,58,48,10,12,83,24,13,37,6,3,10,0,3,4,2,17,14,68,0,0,11,0,0,858,94,0,0,0,0,0,0,0,0,0
1528581,1,"Liga Nacional","Liga Endesa",-402534000,NA,"https://www.acb.com/Documentos/Cabeceras/logo-competicion-1b.png","https://www.acb.com/Documentos/Cabeceras/logo-competicion-4a.png",61,1996,107,NA,NA,1520,9270,NA,NA,TRUE,1189,1189,948,"Pamesa Valencia","Pamesa Valencia","PAM",1183,617,"Festina Joventut","Festina Jov.","JOV",1,91,12000,5,14,35.71,29,44,65.91,18,27,66.67,25,10,35,10,2,11,0,2,0,5,21,26,101,0,0,0,1,0,91,85,0,NA,0,0,0,0,0,0,0
1528582,1,"Liga Nacional","Liga Endesa",-402534000,NA,"https://www.acb.com/Documentos/Cabeceras/logo-competicion-1b.png","https://www.acb.com/Documentos/Cabeceras/logo-competicion-4a.png",61,1996,107,NA,NA,1520,9270,NA,NA,FALSE,1183,1189,948,"Pamesa Valencia","Pamesa Valencia","PAM",1183,617,"Festina Joventut","Festina Jov.","JOV",1,85,12000,8,22,36.36,21,36,58.33,19,29,65.52,19,6,25,9,5,10,0,0,2,1,26,21,68,0,0,1,0,0,85,91,0,NA,0,0,0,0,0,0,0
1528650,1,"Liga Nacional","Liga Endesa",-402534000,NA,"https://www.acb.com/Documentos/Cabeceras/logo-competicion-1b.png","https://www.acb.com/Documentos/Cabeceras/logo-competicion-4a.png",61,1996,107,NA,NA,1520,9273,NA,NA,FALSE,1191,1175,91,"FC Barcelona Banca Catalana","FC Barcelona","FCB",1191,1120,"Caja San Fernando","C. San Fernando","CSF",1,73,12000,5,13,38,26,46,56,6,9,66,26,7,33,9,8,14,0,1,5,1,23,18,69,0,0,11,0,0,803,85,0,0,0,0,0,0,0,0,0
1528649,1,"Liga Nacional","Liga Endesa",-402534000,NA,"https://www.acb.com/Documentos/Cabeceras/logo-competicion-1b.png","https://www.acb.com/Documentos/Cabeceras/logo-competicion-4a.png",61,1996,107,NA,NA,1520,9273,NA,NA,TRUE,1175,1175,91,"FC Barcelona Banca Catalana","FC Barcelona","FCB",1191,1120,"Caja San Fernando","C. San Fernando","CSF",1,85,12000,9,21,42,18,39,46,22,28,78,22,11,33,13,8,10,0,5,1,3,18,23,99,0,0,0,11,0,935,73,0,0,0,0,0,0,0,0,0
1528766,1,"Liga Nacional","Liga Endesa",-402534000,NA,"https://www.acb.com/Documentos/Cabeceras/logo-competicion-1b.png","https://www.acb.com/Documentos/Cabeceras/logo-competicion-4a.png",61,1996,107,NA,NA,1521,9278,NA,NA,FALSE,1180,1186,861,"TDK Manresa","TDK Manresa","MAN",1180,1193,"Baloncesto Fuenlabrada","B. Fuenlabrada","FUE",1,60,12000,2,7,28,23,48,47,8,15,53,21,9,30,13,4,16,0,2,2,2,17,17,54,0,0,11,0,0,660,78,0,0,0,0,0,0,0,0,0
1528765,1,"Liga Nacional","Liga Endesa",-402534000,NA,"https://www.acb.com/Documentos/Cabeceras/logo-competicion-1b.png","https://www.acb.com/Documentos/Cabeceras/logo-competicion-4a.png",61,1996,107,NA,NA,1521,9278,NA,NA,TRUE,1186,1186,861,"TDK Manresa","TDK Manresa","MAN",1180,1193,"Baloncesto Fuenlabrada","B. Fuenlabrada","FUE",1,78,12000,7,16,43.75,23,44,52.27,11,16,68.75,27,8,35,18,9,12,0,2,2,5,17,17,93,0,0,0,1,0,78,60,0,NA,0,0,0,0,0,0,0
1528811,1,"Liga Nacional","Liga Endesa",-402534000,NA,"https://www.acb.com/Documentos/Cabeceras/logo-competicion-1b.png","https://www.acb.com/Documentos/Cabeceras/logo-competicion-4a.png",61,1996,107,NA,NA,1521,9280,NA,NA,TRUE,1179,1179,452,"Estudiantes Argentaria","Estudiantes A.","EST",1177,1368,"Cáceres CB","Cáceres CB","CAC",1,84,12000,8,17,47,23,45,51,14,21,66,19,13,32,10,13,12,0,3,2,3,15,21,96,0,0,0,9,0,756,66,0,0,0,0,0,0,0,0,0
1528812,1,"Liga Nacional","Liga Endesa",-402534000,NA,"https://www.acb.com/Documentos/Cabeceras/logo-competicion-1b.png","https://www.acb.com/Documentos/Cabeceras/logo-competicion-4a.png",61,1996,107,NA,NA,1521,9280,NA,NA,FALSE,1177,1179,452,"Estudiantes Argentaria","Estudiantes A.","EST",1177,1368,"Cáceres CB","Cáceres CB","CAC",1,66,12000,3,15,20,25,42,59.52,7,11,63.64,24,9,33,9,9,19,0,2,3,1,21,15,58,0,0,1,0,0,66,84,0,NA,0,0,0,0,0,0,0
1528900,1,"Liga Nacional","Liga Endesa",-402534000,NA,"https://www.acb.com/Documentos/Cabeceras/logo-competicion-1b.png","https://www.acb.com/Documentos/Cabeceras/logo-competicion-4a.png",61,1996,107,NA,NA,1521,9284,NA,NA,TRUE,1184,1184,1604,"León Caja España","León C. España","LEO",1183,617,"Festina Joventut","Festina Jov.","JOV",1,92,12000,8,15,53.33,24,45,53.33,20,24,83.33,27,7,34,8,8,15,0,0,2,1,22,25,96,0,0,0,1,0,92,86,0,NA,0,0,0,0,0,0,0
1528901,1,"Liga Nacional","Liga Endesa",-402534000,NA,"https://www.acb.com/Documentos/Cabeceras/logo-competicion-1b.png","https://www.acb.com/Documentos/Cabeceras/logo-competicion-4a.png",61,1996,107,NA,NA,1521,9284,NA,NA,FALSE,1183,1184,1604,"León Caja España","León C. España","LEO",1183,617,"Festina Joventut","Festina Jov.","JOV",1,86,12000,5,20,25,25,56,44.64,21,25,84,22,20,42,7,12,10,0,2,0,2,25,22,86,0,0,1,0,0,86,92,0,NA,0,0,0,0,0,0,0
1528858,1,"Liga Nacional","Liga Endesa",-402534000,NA,"https://www.acb.com/Documentos/Cabeceras/logo-competicion-1b.png","https://www.acb.com/Documentos/Cabeceras/logo-competicion-4a.png",61,1996,107,NA,NA,1521,9282,NA,NA,FALSE,1189,1176,205,"Taugrés","Taugrés","TAU",1189,948,"Pamesa Valencia","Pamesa Valencia","PAM",1,79,12000,6,12,50,22,46,47.83,17,25,68,19,7,26,4,9,14,0,0,6,2,28,23,55,0,0,1,0,0,79,95,0,NA,0,0,0,0,0,0,0
1528857,1,"Liga Nacional","Liga Endesa",-402534000,NA,"https://www.acb.com/Documentos/Cabeceras/logo-competicion-1b.png","https://www.acb.com/Documentos/Cabeceras/logo-competicion-4a.png",61,1996,107,NA,NA,1521,9282,NA,NA,TRUE,1176,1176,205,"Taugrés","Taugrés","TAU",1189,948,"Pamesa Valencia","Pamesa Valencia","PAM",1,95,12000,4,16,25,27,47,57.45,29,36,80.56,28,17,45,1,8,15,0,6,0,1,23,28,106,0,0,0,1,0,95,79,0,NA,0,0,0,0,0,0,0
1528833,1,"Liga Nacional","Liga Endesa",-402534000,NA,"https://www.acb.com/Documentos/Cabeceras/logo-competicion-1b.png","https://www.acb.com/Documentos/Cabeceras/logo-competicion-4a.png",61,1996,107,NA,NA,1521,9281,NA,NA,TRUE,1178,1178,329,"Gran Canaria","Gran Canaria","GCA",1190,1045,"Unicaja","Unicaja","UNI",1,88,12000,2,10,20,30,45,66.67,22,26,84.62,26,8,34,4,6,10,0,1,0,2,21,25,100,0,0,0,1,0,88,82,0,NA,0,0,0,0,0,0,0
1528834,1,"Liga Nacional","Liga Endesa",-402534000,NA,"https://www.acb.com/Documentos/Cabeceras/logo-competicion-1b.png","https://www.acb.com/Documentos/Cabeceras/logo-competicion-4a.png",61,1996,107,NA,NA,1521,9281,NA,NA,FALSE,1190,1178,329,"Gran Canaria","Gran Canaria","GCA",1190,1045,"Unicaja","Unicaja","UNI",1,82,12000,9,22,40.91,20,43,46.51,15,22,68.18,14,11,25,12,10,8,0,0,1,2,25,21,73,0,0,1,0,0,82,88,0,NA,0,0,0,0,0,0,0
1528924,1,"Liga Nacional","Liga Endesa",-402534000,NA,"https://www.acb.com/Documentos/Cabeceras/logo-competicion-1b.png","https://www.acb.com/Documentos/Cabeceras/logo-competicion-4a.png",61,1996,107,NA,NA,1521,9285,NA,NA,TRUE,1185,1185,748,"Real Madrid Teka","Real Madrid","RMB",1181,1462,"Valvi Girona","Valvi Girona","GIR",1,79,12000,3,8,37,28,47,59,14,19,73,25,11,36,11,12,15,0,5,4,2,21,19,93,0,0,0,10,0,790,56,0,0,0,0,0,0,0,0,0
1528925,1,"Liga Nacional","Liga Endesa",-402534000,NA,"https://www.acb.com/Documentos/Cabeceras/logo-competicion-1b.png","https://www.acb.com/Documentos/Cabeceras/logo-competicion-4a.png",61,1996,107,NA,NA,1521,9285,NA,NA,FALSE,1181,1185,748,"Real Madrid Teka","Real Madrid","RMB",1181,1462,"Valvi Girona","Valvi Girona","GIR",1,56,12000,3,10,30,17,39,43.59,13,20,65,16,5,21,8,9,13,0,4,5,2,19,21,46,0,0,1,0,0,56,79,0,NA,0,0,0,0,0,0,0
1528790,1,"Liga Nacional","Liga Endesa",-402534000,NA,"https://www.acb.com/Documentos/Cabeceras/logo-competicion-1b.png","https://www.acb.com/Documentos/Cabeceras/logo-competicion-4a.png",61,1996,107,NA,NA,1521,9279,NA,NA,FALSE,1175,1192,1844,"Fórum Valladolid","Fórum Vall.","FOR",1175,91,"FC Barcelona Banca Catalana","FC Barcelona","FCB",1,91,12000,7,22,31,26,43,60,18,26,69,25,12,37,16,9,10,0,4,1,0,23,25,108,0,0,0,12,0,1092,86,0,0,0,0,0,0,0,0,0
1528789,1,"Liga Nacional","Liga Endesa",-402534000,NA,"https://www.acb.com/Documentos/Cabeceras/logo-competicion-1b.png","https://www.acb.com/Documentos/Cabeceras/logo-competicion-4a.png",61,1996,107,NA,NA,1521,9279,NA,NA,TRUE,1192,1192,1844,"Fórum Valladolid","Fórum Vall.","FOR",1175,91,"FC Barcelona Banca Catalana","FC Barcelona","FCB",1,86,12000,9,20,45,21,40,52.5,17,23,73.91,22,9,31,16,4,14,0,1,4,3,25,23,82,0,0,1,0,0,86,91,0,NA,0,0,0,0,0,0,0
1528880,1,"Liga Nacional","Liga Endesa",-402534000,NA,"https://www.acb.com/Documentos/Cabeceras/logo-competicion-1b.png","https://www.acb.com/Documentos/Cabeceras/logo-competicion-4a.png",61,1996,107,NA,NA,1521,9283,NA,NA,FALSE,1182,1188,1718,"Xacobeo 99 Ourense","Xacobeo Ourense","OUR",1182,1,"Covirán Granada","Covirán Granada","GRA",1,66,12000,4,9,44,18,37,48,18,29,62,22,8,30,5,10,16,0,2,0,1,18,24,68,0,0,0,9,0,594,65,0,0,0,0,0,0,0,0,0
1528879,1,"Liga Nacional","Liga Endesa",-402534000,NA,"https://www.acb.com/Documentos/Cabeceras/logo-competicion-1b.png","https://www.acb.com/Documentos/Cabeceras/logo-competicion-4a.png",61,1996,107,NA,NA,1521,9283,NA,NA,TRUE,1188,1188,1718,"Xacobeo 99 Ourense","Xacobeo Ourense","OUR",1182,1,"Covirán Granada","Covirán Granada","GRA",1,65,12000,4,15,26.67,21,36,58.33,11,13,84.62,21,6,27,1,10,17,0,0,2,3,24,18,50,0,0,1,0,0,65,66,0,NA,0,0,0,0,0,0,0
1528946,1,"Liga Nacional","Liga Endesa",-402534000,NA,"https://www.acb.com/Documentos/Cabeceras/logo-competicion-1b.png","https://www.acb.com/Documentos/Cabeceras/logo-competicion-4a.png",61,1996,107,NA,NA,1521,9286,NA,NA,TRUE,1191,1191,1120,"Caja San Fernando","C. San Fernando","CSF",1187,907,"CB Murcia Airtel","Murcia Airtel","MUR",1,85,12000,7,12,58,23,47,48,18,20,90,27,4,31,6,12,14,0,3,1,1,20,21,92,0,0,0,10,0,850,83,0,0,0,0,0,0,0,0,0
1528947,1,"Liga Nacional","Liga Endesa",-402534000,NA,"https://www.acb.com/Documentos/Cabeceras/logo-competicion-1b.png","https://www.acb.com/Documentos/Cabeceras/logo-competicion-4a.png",61,1996,107,NA,NA,1521,9286,NA,NA,FALSE,1187,1191,1120,"Caja San Fernando","C. San Fernando","CSF",1187,907,"CB Murcia Airtel","Murcia Airtel","MUR",1,83,12000,5,11,45.45,26,58,44.83,16,20,80,26,11,37,9,6,13,0,1,3,3,21,20,77,0,0,1,0,0,83,85,0,NA,0,0,0,0,0,0,0
1529017,1,"Liga Nacional","Liga Endesa",-402534000,NA,"https://www.acb.com/Documentos/Cabeceras/logo-competicion-1b.png","https://www.acb.com/Documentos/Cabeceras/logo-competicion-4a.png",61,1996,107,NA,NA,1522,9289,NA,NA,TRUE,1181,1181,1462,"Valvi Girona","Valvi Girona","GIR",1184,1604,"León Caja España","León C. España","LEO",1,49,12000,1,10,10,19,42,45.24,8,24,33.33,19,12,31,3,8,21,0,4,2,5,26,19,17,0,0,1,0,0,49,83,0,NA,0,0,0,0,0,0,0
1529018,1,"Liga Nacional","Liga Endesa",-402534000,NA,"https://www.acb.com/Documentos/Cabeceras/logo-competicion-1b.png","https://www.acb.com/Documentos/Cabeceras/logo-competicion-4a.png",61,1996,107,NA,NA,1522,9289,NA,NA,FALSE,1184,1181,1462,"Valvi Girona","Valvi Girona","GIR",1184,1604,"León Caja España","León C. España","LEO",1,83,12000,3,13,23.08,26,47,55.32,22,29,75.86,29,14,43,8,12,13,0,2,4,1,19,26,100,0,0,0,1,0,83,49,0,NA,0,0,0,0,0,0,0
1528995,1,"Liga Nacional","Liga Endesa",-402534000,NA,"https://www.acb.com/Documentos/Cabeceras/logo-competicion-1b.png","https://www.acb.com/Documentos/Cabeceras/logo-competicion-4a.png",61,1996,107,NA,NA,1522,9288,NA,NA,FALSE,1185,1187,907,"CB Murcia Airtel","Murcia Airtel","MUR",1185,748,"Real Madrid Teka","Real Madrid","RMB",1,91,12000,8,18,44,25,41,60,17,20,85,18,9,27,9,8,8,0,3,2,0,26,20,93,0,0,0,12,0,1092,66,0,0,0,0,0,0,0,0,0
1528994,1,"Liga Nacional","Liga Endesa",-402534000,NA,"https://www.acb.com/Documentos/Cabeceras/logo-competicion-1b.png","https://www.acb.com/Documentos/Cabeceras/logo-competicion-4a.png",61,1996,107,NA,NA,1522,9288,NA,NA,TRUE,1187,1187,907,"CB Murcia Airtel","Murcia Airtel","MUR",1185,748,"Real Madrid Teka","Real Madrid","RMB",1,66,12000,1,14,7.14,21,39,53.85,21,30,70,15,16,31,10,7,19,0,2,3,1,20,26,60,0,0,1,0,0,66,91,0,NA,0,0,0,0,0,0,0
1528970,1,"Liga Nacional","Liga Endesa",-402534000,NA,"https://www.acb.com/Documentos/Cabeceras/logo-competicion-1b.png","https://www.acb.com/Documentos/Cabeceras/logo-competicion-4a.png",61,1996,107,NA,NA,1522,9287,NA,NA,FALSE,1191,1180,1193,"Baloncesto Fuenlabrada","B. Fuenlabrada","FUE",1191,1120,"Caja San Fernando","C. San Fernando","CSF",1,78,12000,11,19,57,17,43,39,11,14,78,23,6,29,13,12,13,0,3,3,1,15,15,82,0,0,0,8,0,624,72,0,0,0,0,0,0,0,0,0
1528969,1,"Liga Nacional","Liga Endesa",-402534000,NA,"https://www.acb.com/Documentos/Cabeceras/logo-competicion-1b.png","https://www.acb.com/Documentos/Cabeceras/logo-competicion-4a.png",61,1996,107,NA,NA,1522,9287,NA,NA,TRUE,1180,1180,1193,"Baloncesto Fuenlabrada","B. Fuenlabrada","FUE",1191,1120,"Caja San Fernando","C. San Fernando","CSF",1,72,12000,8,17,47,21,44,47,6,7,85,26,7,33,8,9,18,0,3,3,1,15,15,71,0,0,10,0,0,720,78,0,0,0,0,0,0,0,0,0
1529043,1,"Liga Nacional","Liga Endesa",-402534000,NA,"https://www.acb.com/Documentos/Cabeceras/logo-competicion-1b.png","https://www.acb.com/Documentos/Cabeceras/logo-competicion-4a.png",61,1996,107,NA,NA,1522,9290,NA,NA,TRUE,1183,1183,617,"Festina Joventut","Festina Jov.","JOV",1188,1718,"Xacobeo 99 Ourense","Xacobeo Ourense","OUR",1,84,12000,12,19,63.16,17,42,40.48,14,18,77.78,26,11,37,14,6,9,0,1,2,1,19,18,94,0,0,0,1,0,84,61,0,NA,0,0,0,0,0,0,0
1529044,1,"Liga Nacional","Liga Endesa",-402534000,NA,"https://www.acb.com/Documentos/Cabeceras/logo-competicion-1b.png","https://www.acb.com/Documentos/Cabeceras/logo-competicion-4a.png",61,1996,107,NA,NA,1522,9290,NA,NA,FALSE,1188,1183,617,"Festina Joventut","Festina Jov.","JOV",1188,1718,"Xacobeo 99 Ourense","Xacobeo Ourense","OUR",1,61,12000,4,20,20,18,40,45,13,21,61.9,21,15,36,7,4,14,0,2,1,1,18,19,50,0,0,1,0,0,61,84,0,NA,0,0,0,0,0,0,0
1529112,1,"Liga Nacional","Liga Endesa",-402534000,NA,"https://www.acb.com/Documentos/Cabeceras/logo-competicion-1b.png","https://www.acb.com/Documentos/Cabeceras/logo-competicion-4a.png",61,1996,107,NA,NA,1522,9293,NA,NA,FALSE,1179,1190,1045,"Unicaja","Unicaja","UNI",1179,452,"Estudiantes Argentaria","Estudiantes A.","EST",1,77,12000,2,7,28,23,58,39,25,35,71,22,13,35,10,14,10,0,6,4,8,19,29,88,0,0,0,9,0,693,75,0,0,0,0,0,0,0,0,0
1529111,1,"Liga Nacional","Liga Endesa",-402534000,NA,"https://www.acb.com/Documentos/Cabeceras/logo-competicion-1b.png","https://www.acb.com/Documentos/Cabeceras/logo-competicion-4a.png",61,1996,107,NA,NA,1522,9293,NA,NA,TRUE,1190,1190,1045,"Unicaja","Unicaja","UNI",1179,452,"Estudiantes Argentaria","Estudiantes A.","EST",1,75,12000,6,16,37.5,20,42,47.62,17,24,70.83,30,7,37,15,6,18,0,4,6,0,29,19,64,0,0,1,0,0,75,77,0,NA,0,0,0,0,0,0,0
1529132,1,"Liga Nacional","Liga Endesa",-402534000,NA,"https://www.acb.com/Documentos/Cabeceras/logo-competicion-1b.png","https://www.acb.com/Documentos/Cabeceras/logo-competicion-4a.png",61,1996,107,NA,NA,1522,9294,NA,NA,TRUE,1177,1177,1368,"Cáceres CB","Cáceres CB","CAC",1192,1844,"Fórum Valladolid","Fórum Vall.","FOR",1,87,12000,5,12,41.67,33,53,62.26,6,11,54.55,25,7,32,19,12,10,0,3,3,6,17,15,106,0,0,0,1,0,87,64,0,NA,0,0,0,0,0,0,0
1529133,1,"Liga Nacional","Liga Endesa",-402534000,NA,"https://www.acb.com/Documentos/Cabeceras/logo-competicion-1b.png","https://www.acb.com/Documentos/Cabeceras/logo-competicion-4a.png",61,1996,107,NA,NA,1522,9294,NA,NA,FALSE,1192,1177,1368,"Cáceres CB","Cáceres CB","CAC",1192,1844,"Fórum Valladolid","Fórum Vall.","FOR",1,64,12000,1,12,8.33,25,51,49.02,11,13,84.62,22,13,35,7,7,16,0,3,3,0,15,17,60,0,0,1,0,0,64,87,0,NA,0,0,0,0,0,0,0
1529066,1,"Liga Nacional","Liga Endesa",-402534000,NA,"https://www.acb.com/Documentos/Cabeceras/logo-competicion-1b.png","https://www.acb.com/Documentos/Cabeceras/logo-competicion-4a.png",61,1996,107,NA,NA,1522,9291,NA,NA,TRUE,1182,1182,1,"Covirán Granada","Covirán Granada","GRA",1176,205,"Taugrés","Taugrés","TAU",1,75,12000,5,10,50,20,40,50,20,24,83,28,10,38,15,12,21,0,3,5,1,18,22,92,0,0,0,9,0,675,70,0,0,0,0,0,0,0,0,0
1529067,1,"Liga Nacional","Liga Endesa",-402534000,NA,"https://www.acb.com/Documentos/Cabeceras/logo-competicion-1b.png","https://www.acb.com/Documentos/Cabeceras/logo-competicion-4a.png",61,1996,107,NA,NA,1522,9291,NA,NA,FALSE,1176,1182,1,"Covirán Granada","Covirán Granada","GRA",1176,205,"Taugrés","Taugrés","TAU",1,70,12000,3,17,17.65,24,42,57.14,13,19,68.42,20,7,27,8,18,16,0,5,3,6,22,18,67,0,0,1,0,0,70,75,0,NA,0,0,0,0,0,0,0
1529087,1,"Liga Nacional","Liga Endesa",-402534000,NA,"https://www.acb.com/Documentos/Cabeceras/logo-competicion-1b.png","https://www.acb.com/Documentos/Cabeceras/logo-competicion-4a.png",61,1996,107,NA,NA,1522,9292,NA,NA,TRUE,1189,1189,948,"Pamesa Valencia","Pamesa Valencia","PAM",1178,329,"Gran Canaria","Gran Canaria","GCA",1,75,12000,6,17,35.29,27,42,64.29,3,9,33.33,14,9,23,11,12,15,0,2,0,1,20,18,74,0,0,1,0,0,75,79,0,NA,0,0,0,0,0,0,0
1529088,1,"Liga Nacional","Liga Endesa",-402534000,NA,"https://www.acb.com/Documentos/Cabeceras/logo-competicion-1b.png","https://www.acb.com/Documentos/Cabeceras/logo-competicion-4a.png",61,1996,107,NA,NA,1522,9292,NA,NA,FALSE,1178,1189,948,"Pamesa Valencia","Pamesa Valencia","PAM",1178,329,"Gran Canaria","Gran Canaria","GCA",1,79,12000,4,13,30.77,26,45,57.78,15,18,83.33,18,14,32,9,10,18,0,0,2,3,18,20,81,0,0,0,1,0,79,75,0,NA,0,0,0,0,0,0,0
1529155,1,"Liga Nacional","Liga Endesa",-402534000,NA,"https://www.acb.com/Documentos/Cabeceras/logo-competicion-1b.png","https://www.acb.com/Documentos/Cabeceras/logo-competicion-4a.png",61,1996,107,NA,NA,1522,9295,NA,NA,TRUE,1175,1175,91,"FC Barcelona Banca Catalana","FC Barcelona","FCB",1186,861,"TDK Manresa","TDK Manresa","MAN",1,72,12000,4,19,21.05,25,42,59.52,10,15,66.67,20,13,33,12,7,16,0,5,1,2,23,20,72,0,0,1,0,0,72,84,0,NA,0,0,0,0,0,0,0
1529156,1,"Liga Nacional","Liga Endesa",-402534000,NA,"https://www.acb.com/Documentos/Cabeceras/logo-competicion-1b.png","https://www.acb.com/Documentos/Cabeceras/logo-competicion-4a.png",61,1996,107,NA,NA,1522,9295,NA,NA,FALSE,1186,1175,91,"FC Barcelona Banca Catalana","FC Barcelona","FCB",1186,861,"TDK Manresa","TDK Manresa","MAN",1,84,12000,7,16,43.75,21,42,50,21,26,80.77,21,8,29,12,11,7,0,1,5,1,20,23,93,0,0,0,1,0,84,72,0,NA,0,0,0,0,0,0,0
1529358,1,"Liga Nacional","Liga Endesa",-402534000,NA,"https://www.acb.com/Documentos/Cabeceras/logo-competicion-1b.png","https://www.acb.com/Documentos/Cabeceras/logo-competicion-4a.png",61,1996,107,NA,NA,1523,9304,NA,NA,TRUE,1179,1179,452,"Estudiantes Argentaria","Estudiantes A.","EST",1178,329,"Gran Canaria","Gran Canaria","GCA",1,86,12000,12,22,54,18,42,42,14,17,82,25,8,33,17,10,12,0,6,1,3,21,17,98,0,0,0,11,0,946,78,0,0,0,0,0,0,0,0,0
1529359,1,"Liga Nacional","Liga Endesa",-402534000,NA,"https://www.acb.com/Documentos/Cabeceras/logo-competicion-1b.png","https://www.acb.com/Documentos/Cabeceras/logo-competicion-4a.png",61,1996,107,NA,NA,1523,9304,NA,NA,FALSE,1178,1179,452,"Estudiantes Argentaria","Estudiantes A.","EST",1178,329,"Gran Canaria","Gran Canaria","GCA",1,78,12000,7,14,50,20,48,41.67,17,25,68,25,14,39,9,10,14,0,1,6,1,17,21,78,0,0,1,0,0,78,86,0,NA,0,0,0,0,0,0,0
1529199,1,"Liga Nacional","Liga Endesa",-402534000,NA,"https://www.acb.com/Documentos/Cabeceras/logo-competicion-1b.png","https://www.acb.com/Documentos/Cabeceras/logo-competicion-4a.png",61,1996,107,NA,NA,1523,9297,NA,NA,TRUE,1182,1182,1,"Covirán Granada","Covirán Granada","GRA",1181,1462,"Valvi Girona","Valvi Girona","GIR",1,77,12000,10,25,40,20,36,55,7,13,53,19,7,26,9,11,13,0,4,2,5,24,21,72,0,0,9,0,0,693,79,0,0,0,0,0,0,0,0,0
1529200,1,"Liga Nacional","Liga Endesa",-402534000,NA,"https://www.acb.com/Documentos/Cabeceras/logo-competicion-1b.png","https://www.acb.com/Documentos/Cabeceras/logo-competicion-4a.png",61,1996,107,NA,NA,1523,9297,NA,NA,FALSE,1181,1182,1,"Covirán Granada","Covirán Granada","GRA",1181,1462,"Valvi Girona","Valvi Girona","GIR",1,79,12000,7,17,41.18,20,40,50,18,28,64.29,27,13,40,11,10,14,0,2,4,2,21,24,87,0,0,0,1,0,79,77,0,NA,0,0,0,0,0,0,0
1529311,1,"Liga Nacional","Liga Endesa",-402534000,NA,"https://www.acb.com/Documentos/Cabeceras/logo-competicion-1b.png","https://www.acb.com/Documentos/Cabeceras/logo-competicion-4a.png",61,1996,107,NA,NA,1523,9302,NA,NA,TRUE,1186,1186,861,"TDK Manresa","TDK Manresa","MAN",1188,1718,"Xacobeo 99 Ourense","Xacobeo Ourense","OUR",1,67,12000,4,11,36.36,22,43,51.16,11,17,64.71,27,6,33,12,11,15,0,6,4,1,12,17,81,0,0,0,1,0,67,57,0,NA,0,0,0,0,0,0,0
1529312,1,"Liga Nacional","Liga Endesa",-402534000,NA,"https://www.acb.com/Documentos/Cabeceras/logo-competicion-1b.png","https://www.acb.com/Documentos/Cabeceras/logo-competicion-4a.png",61,1996,107,NA,NA,1523,9302,NA,NA,FALSE,1188,1186,861,"TDK Manresa","TDK Manresa","MAN",1188,1718,"Xacobeo 99 Ourense","Xacobeo Ourense","OUR",1,57,12000,3,13,23.08,23,48,47.92,2,3,66.67,23,9,32,6,11,15,0,4,6,0,17,12,48,0,0,1,0,0,57,67,0,NA,0,0,0,0,0,0,0
1529290,1,"Liga Nacional","Liga Endesa",-402534000,NA,"https://www.acb.com/Documentos/Cabeceras/logo-competicion-1b.png","https://www.acb.com/Documentos/Cabeceras/logo-competicion-4a.png",61,1996,107,NA,NA,1523,9301,NA,NA,TRUE,1184,1184,1604,"León Caja España","León C. España","LEO",1175,91,"FC Barcelona Banca Catalana","FC Barcelona","FCB",1,85,12000,11,25,44,20,35,57.14,12,16,75,15,6,21,11,8,7,0,2,2,4,19,18,84,0,0,0,1,0,85,83,0,NA,0,0,0,0,0,0,0
1529291,1,"Liga Nacional","Liga Endesa",-402534000,NA,"https://www.acb.com/Documentos/Cabeceras/logo-competicion-1b.png","https://www.acb.com/Documentos/Cabeceras/logo-competicion-4a.png",61,1996,107,NA,NA,1523,9301,NA,NA,FALSE,1175,1184,1604,"León Caja España","León C. España","LEO",1175,91,"FC Barcelona Banca Catalana","FC Barcelona","FCB",1,83,12000,11,21,52.38,18,41,43.9,14,17,82.35,25,13,38,11,6,14,0,2,2,0,18,19,89,0,0,1,0,0,83,85,0,NA,0,0,0,0,0,0,0
1529178,1,"Liga Nacional","Liga Endesa",-402534000,NA,"https://www.acb.com/Documentos/Cabeceras/logo-competicion-1b.png","https://www.acb.com/Documentos/Cabeceras/logo-competicion-4a.png",61,1996,107,NA,NA,1523,9296,NA,NA,TRUE,1180,1180,1193,"Baloncesto Fuenlabrada","B. Fuenlabrada","FUE",1183,617,"Festina Joventut","Festina Jov.","JOV",1,72,12000,4,10,40,23,54,42,14,21,66,23,9,32,3,8,13,0,2,8,0,25,24,51,0,0,11,0,0,792,83,0,0,0,0,0,0,0,0,0
1529179,1,"Liga Nacional","Liga Endesa",-402534000,NA,"https://www.acb.com/Documentos/Cabeceras/logo-competicion-1b.png","https://www.acb.com/Documentos/Cabeceras/logo-competicion-4a.png",61,1996,107,NA,NA,1523,9296,NA,NA,FALSE,1183,1180,1193,"Baloncesto Fuenlabrada","B. Fuenlabrada","FUE",1183,617,"Festina Joventut","Festina Jov.","JOV",1,83,12000,4,11,36.36,26,60,43.33,19,29,65.52,28,21,49,8,11,15,0,8,2,4,24,25,92,0,0,0,1,0,83,72,0,NA,0,0,0,0,0,0,0
1529221,1,"Liga Nacional","Liga Endesa",-402534000,NA,"https://www.acb.com/Documentos/Cabeceras/logo-competicion-1b.png","https://www.acb.com/Documentos/Cabeceras/logo-competicion-4a.png",61,1996,107,NA,NA,1523,9298,NA,NA,TRUE,1189,1189,948,"Pamesa Valencia","Pamesa Valencia","PAM",1187,907,"CB Murcia Airtel","Murcia Airtel","MUR",1,78,12000,4,4,100,28,49,57.14,10,14,71.43,19,7,26,11,4,7,0,2,0,6,11,14,92,0,0,0,1,0,78,59,0,NA,0,0,0,0,0,0,0
1529222,1,"Liga Nacional","Liga Endesa",-402534000,NA,"https://www.acb.com/Documentos/Cabeceras/logo-competicion-1b.png","https://www.acb.com/Documentos/Cabeceras/logo-competicion-4a.png",61,1996,107,NA,NA,1523,9298,NA,NA,FALSE,1187,1189,948,"Pamesa Valencia","Pamesa Valencia","PAM",1187,907,"CB Murcia Airtel","Murcia Airtel","MUR",1,59,12000,2,18,11.11,23,43,53.49,7,8,87.5,14,11,25,5,1,9,0,0,2,1,14,11,39,0,0,1,0,0,59,78,0,NA,0,0,0,0,0,0,0
1529243,1,"Liga Nacional","Liga Endesa",-402534000,NA,"https://www.acb.com/Documentos/Cabeceras/logo-competicion-1b.png","https://www.acb.com/Documentos/Cabeceras/logo-competicion-4a.png",61,1996,107,NA,NA,1523,9299,NA,NA,TRUE,1190,1190,1045,"Unicaja","Unicaja","UNI",1191,1120,"Caja San Fernando","C. San Fernando","CSF",1,67,12000,4,14,28.57,20,39,51.28,15,18,83.33,19,10,29,8,8,10,0,3,5,4,15,20,73,0,0,1,0,0,67,68,0,NA,0,0,0,0,0,0,0
1529244,1,"Liga Nacional","Liga Endesa",-402534000,NA,"https://www.acb.com/Documentos/Cabeceras/logo-competicion-1b.png","https://www.acb.com/Documentos/Cabeceras/logo-competicion-4a.png",61,1996,107,NA,NA,1523,9299,NA,NA,FALSE,1191,1190,1045,"Unicaja","Unicaja","UNI",1191,1120,"Caja San Fernando","C. San Fernando","CSF",1,68,12000,7,11,63,20,42,47,7,10,70,17,9,26,6,8,13,0,5,3,0,20,15,63,0,0,0,9,0,612,67,0,0,0,0,0,0,0,0,0
1529269,1,"Liga Nacional","Liga Endesa",-402534000,NA,"https://www.acb.com/Documentos/Cabeceras/logo-competicion-1b.png","https://www.acb.com/Documentos/Cabeceras/logo-competicion-4a.png",61,1996,107,NA,NA,1523,9300,NA,NA,FALSE,1185,1177,1368,"Cáceres CB","Cáceres CB","CAC",1185,748,"Real Madrid Teka","Real Madrid","RMB",1,91,12000,10,18,55,19,34,55,23,32,71,17,9,26,16,13,11,0,1,2,5,21,25,106,0,0,0,11,0,1001,80,0,0,0,0,0,0,0,0,0
1529268,1,"Liga Nacional","Liga Endesa",-402534000,NA,"https://www.acb.com/Documentos/Cabeceras/logo-competicion-1b.png","https://www.acb.com/Documentos/Cabeceras/logo-competicion-4a.png",61,1996,107,NA,NA,1523,9300,NA,NA,TRUE,1177,1177,1368,"Cáceres CB","Cáceres CB","CAC",1185,748,"Real Madrid Teka","Real Madrid","RMB",1,80,12000,6,18,33.33,25,42,59.52,12,22,54.55,17,17,34,11,8,16,0,2,1,3,25,21,75,0,0,1,0,0,80,91,0,NA,0,0,0,0,0,0,0
1529336,1,"Liga Nacional","Liga Endesa",-402534000,NA,"https://www.acb.com/Documentos/Cabeceras/logo-competicion-1b.png","https://www.acb.com/Documentos/Cabeceras/logo-competicion-4a.png",61,1996,107,NA,NA,1523,9303,NA,NA,FALSE,1176,1192,1844,"Fórum Valladolid","Fórum Vall.","FOR",1176,205,"Taugrés","Taugrés","TAU",1,99,12000,5,10,50,31,53,58,22,35,62,20,13,33,19,12,9,0,4,4,3,23,29,120,0,0,0,11,0,1089,84,0,0,0,0,0,0,0,0,0
1529335,1,"Liga Nacional","Liga Endesa",-402534000,NA,"https://www.acb.com/Documentos/Cabeceras/logo-competicion-1b.png","https://www.acb.com/Documentos/Cabeceras/logo-competicion-4a.png",61,1996,107,NA,NA,1523,9303,NA,NA,TRUE,1192,1192,1844,"Fórum Valladolid","Fórum Vall.","FOR",1176,205,"Taugrés","Taugrés","TAU",1,84,12000,3,10,30,27,51,52.94,21,28,75,20,13,33,9,5,17,0,4,4,2,29,23,70,0,0,1,0,0,84,99,0,NA,0,0,0,0,0,0,0
1529432,1,"Liga Nacional","Liga Endesa",-402534000,NA,"https://www.acb.com/Documentos/Cabeceras/logo-competicion-1b.png","https://www.acb.com/Documentos/Cabeceras/logo-competicion-4a.png",61,1996,107,NA,NA,1524,9307,NA,NA,TRUE,1188,1188,1718,"Xacobeo 99 Ourense","Xacobeo Ourense","OUR",1192,1844,"Fórum Valladolid","Fórum Vall.","FOR",1,86,12000,5,8,62.5,30,53,56.6,11,17,64.71,26,9,35,8,8,9,0,3,2,3,17,18,98,0,0,0,1,0,86,63,0,NA,0,0,0,0,0,0,0
1529433,1,"Liga Nacional","Liga Endesa",-402534000,NA,"https://www.acb.com/Documentos/Cabeceras/logo-competicion-1b.png","https://www.acb.com/Documentos/Cabeceras/logo-competicion-4a.png",61,1996,107,NA,NA,1524,9307,NA,NA,FALSE,1192,1188,1718,"Xacobeo 99 Ourense","Xacobeo Ourense","OUR",1192,1844,"Fórum Valladolid","Fórum Vall.","FOR",1,63,12000,0,11,0,27,54,50,9,14,64.29,20,16,36,5,6,11,0,2,3,4,18,17,54,0,0,1,0,0,63,86,0,NA,0,0,0,0,0,0,0
1529543,1,"Liga Nacional","Liga Endesa",-402534000,NA,"https://www.acb.com/Documentos/Cabeceras/logo-competicion-1b.png","https://www.acb.com/Documentos/Cabeceras/logo-competicion-4a.png",61,1996,107,NA,NA,1524,9312,NA,NA,TRUE,1181,1181,1462,"Valvi Girona","Valvi Girona","GIR",1189,948,"Pamesa Valencia","Pamesa Valencia","PAM",1,81,12000,6,14,42.86,24,39,61.54,15,17,88.24,23,6,29,9,7,13,0,5,1,1,20,20,92,0,0,0,1,0,81,72,0,NA,0,0,0,0,0,0,0
1529544,1,"Liga Nacional","Liga Endesa",-402534000,NA,"https://www.acb.com/Documentos/Cabeceras/logo-competicion-1b.png","https://www.acb.com/Documentos/Cabeceras/logo-competicion-4a.png",61,1996,107,NA,NA,1524,9312,NA,NA,FALSE,1189,1181,1462,"Valvi Girona","Valvi Girona","GIR",1189,948,"Pamesa Valencia","Pamesa Valencia","PAM",1,72,12000,7,14,50,15,45,33.33,21,23,91.3,19,15,34,6,6,12,0,1,5,2,20,20,63,0,0,1,0,0,72,81,0,NA,0,0,0,0,0,0,0
1529523,1,"Liga Nacional","Liga Endesa",-402534000,NA,"https://www.acb.com/Documentos/Cabeceras/logo-competicion-1b.png","https://www.acb.com/Documentos/Cabeceras/logo-competicion-4a.png",61,1996,107,NA,NA,1524,9311,NA,NA,TRUE,1187,1187,907,"CB Murcia Airtel","Murcia Airtel","MUR",1190,1045,"Unicaja","Unicaja","UNI",1,75,12000,4,11,36.36,24,43,55.81,15,17,88.24,23,4,27,8,3,8,0,1,2,1,16,16,76,0,0,1,0,0,75,87,0,NA,0,0,0,0,0,0,0
1529524,1,"Liga Nacional","Liga Endesa",-402534000,NA,"https://www.acb.com/Documentos/Cabeceras/logo-competicion-1b.png","https://www.acb.com/Documentos/Cabeceras/logo-competicion-4a.png",61,1996,107,NA,NA,1524,9311,NA,NA,FALSE,1190,1187,907,"CB Murcia Airtel","Murcia Airtel","MUR",1190,1045,"Unicaja","Unicaja","UNI",1,87,12000,11,19,57.89,22,42,52.38,10,14,71.43,23,7,30,8,5,8,0,2,1,2,16,16,91,0,0,0,1,0,87,75,0,NA,0,0,0,0,0,0,0
1529456,1,"Liga Nacional","Liga Endesa",-402534000,NA,"https://www.acb.com/Documentos/Cabeceras/logo-competicion-1b.png","https://www.acb.com/Documentos/Cabeceras/logo-competicion-4a.png",61,1996,107,NA,NA,1524,9308,NA,NA,FALSE,1184,1186,861,"TDK Manresa","TDK Manresa","MAN",1184,1604,"León Caja España","León C. España","LEO",1,76,12000,5,15,33.33,21,41,51.22,19,21,90.48,24,10,34,15,7,22,0,0,4,0,24,21,71,0,0,1,0,0,76,94,0,NA,0,0,0,0,0,0,0
1529455,1,"Liga Nacional","Liga Endesa",-402534000,NA,"https://www.acb.com/Documentos/Cabeceras/logo-competicion-1b.png","https://www.acb.com/Documentos/Cabeceras/logo-competicion-4a.png",61,1996,107,NA,NA,1524,9308,NA,NA,TRUE,1186,1186,861,"TDK Manresa","TDK Manresa","MAN",1184,1604,"León Caja España","León C. España","LEO",1,94,12000,6,15,40,29,40,72.5,18,29,62.07,19,2,21,14,16,13,0,4,0,0,21,24,108,0,0,0,1,0,94,76,0,NA,0,0,0,0,0,0,0
1529565,1,"Liga Nacional","Liga Endesa",-402534000,NA,"https://www.acb.com/Documentos/Cabeceras/logo-competicion-1b.png","https://www.acb.com/Documentos/Cabeceras/logo-competicion-4a.png",61,1996,107,NA,NA,1524,9313,NA,NA,FALSE,1182,1183,617,"Festina Joventut","Festina Jov.","JOV",1182,1,"Covirán Granada","Covirán Granada","GRA",1,83,12000,7,12,58,20,37,54,22,28,78,22,9,31,10,7,19,0,3,1,1,20,25,91,0,0,0,9,0,747,79,0,0,0,0,0,0,0,0,0
1529564,1,"Liga Nacional","Liga Endesa",-402534000,NA,"https://www.acb.com/Documentos/Cabeceras/logo-competicion-1b.png","https://www.acb.com/Documentos/Cabeceras/logo-competicion-4a.png",61,1996,107,NA,NA,1524,9313,NA,NA,TRUE,1183,1183,617,"Festina Joventut","Festina Jov.","JOV",1182,1,"Covirán Granada","Covirán Granada","GRA",1,79,12000,5,17,29.41,25,54,46.3,14,18,77.78,16,18,34,11,17,13,0,1,3,3,25,20,76,0,0,1,0,0,79,83,0,NA,0,0,0,0,0,0,0
1529480,1,"Liga Nacional","Liga Endesa",-402534000,NA,"https://www.acb.com/Documentos/Cabeceras/logo-competicion-1b.png","https://www.acb.com/Documentos/Cabeceras/logo-competicion-4a.png",61,1996,107,NA,NA,1524,9309,NA,NA,FALSE,1185,1175,91,"FC Barcelona Banca Catalana","FC Barcelona","FCB",1185,748,"Real Madrid Teka","Real Madrid","RMB",1,76,13500,3,9,33,22,48,45,23,33,69,19,13,32,8,10,18,0,1,7,2,31,26,55,0,0,11,0,0,836,86,0,0,0,0,0,0,0,0,0
1529479,1,"Liga Nacional","Liga Endesa",-402534000,NA,"https://www.acb.com/Documentos/Cabeceras/logo-competicion-1b.png","https://www.acb.com/Documentos/Cabeceras/logo-competicion-4a.png",61,1996,107,NA,NA,1524,9309,NA,NA,TRUE,1175,1175,91,"FC Barcelona Banca Catalana","FC Barcelona","FCB",1185,748,"Real Madrid Teka","Real Madrid","RMB",1,86,13500,5,10,50,20,40,50,31,38,81.58,22,7,29,13,14,16,0,7,1,4,26,31,105,0,0,0,1,0,86,76,0,NA,0,0,0,0,0,0,0
1529408,1,"Liga Nacional","Liga Endesa",-402534000,NA,"https://www.acb.com/Documentos/Cabeceras/logo-competicion-1b.png","https://www.acb.com/Documentos/Cabeceras/logo-competicion-4a.png",61,1996,107,NA,NA,1524,9306,NA,NA,TRUE,1176,1176,205,"Taugrés","Taugrés","TAU",1179,452,"Estudiantes Argentaria","Estudiantes A.","EST",1,101,12000,8,14,57,27,43,62,23,30,76,28,6,34,11,9,14,0,4,1,2,21,22,116,0,0,0,10,0,1010,82,0,0,0,0,0,0,0,0,0
1529409,1,"Liga Nacional","Liga Endesa",-402534000,NA,"https://www.acb.com/Documentos/Cabeceras/logo-competicion-1b.png","https://www.acb.com/Documentos/Cabeceras/logo-competicion-4a.png",61,1996,107,NA,NA,1524,9306,NA,NA,FALSE,1179,1176,205,"Taugrés","Taugrés","TAU",1179,452,"Estudiantes Argentaria","Estudiantes A.","EST",1,82,12000,4,14,28,26,51,50,18,23,78,19,9,28,8,9,12,0,1,4,4,22,21,71,0,0,10,0,0,820,101,0,0,0,0,0,0,0,0,0
1529502,1,"Liga Nacional","Liga Endesa",-402534000,NA,"https://www.acb.com/Documentos/Cabeceras/logo-competicion-1b.png","https://www.acb.com/Documentos/Cabeceras/logo-competicion-4a.png",61,1996,107,NA,NA,1524,9310,NA,NA,TRUE,1191,1191,1120,"Caja San Fernando","C. San Fernando","CSF",1177,1368,"Cáceres CB","Cáceres CB","CAC",1,62,12000,6,22,27,13,29,44,18,23,78,17,6,23,8,13,17,0,3,2,3,26,17,44,0,0,11,0,0,682,79,0,0,0,0,0,0,0,0,0
1529503,1,"Liga Nacional","Liga Endesa",-402534000,NA,"https://www.acb.com/Documentos/Cabeceras/logo-competicion-1b.png","https://www.acb.com/Documentos/Cabeceras/logo-competicion-4a.png",61,1996,107,NA,NA,1524,9310,NA,NA,FALSE,1177,1191,1120,"Caja San Fernando","C. San Fernando","CSF",1177,1368,"Cáceres CB","Cáceres CB","CAC",1,79,12000,5,13,38.46,21,41,51.22,22,28,78.57,27,9,36,10,13,18,0,2,3,5,17,26,94,0,0,0,1,0,79,62,0,NA,0,0,0,0,0,0,0
1529385,1,"Liga Nacional","Liga Endesa",-402534000,NA,"https://www.acb.com/Documentos/Cabeceras/logo-competicion-1b.png","https://www.acb.com/Documentos/Cabeceras/logo-competicion-4a.png",61,1996,107,NA,NA,1524,9305,NA,NA,FALSE,1180,1178,329,"Gran Canaria","Gran Canaria","GCA",1180,1193,"Baloncesto Fuenlabrada","B. Fuenlabrada","FUE",1,55,12000,6,18,33,17,42,40,3,5,60,23,12,35,2,6,19,0,2,3,0,13,16,42,0,0,11,0,0,605,71,0,0,0,0,0,0,0,0,0
1529384,1,"Liga Nacional","Liga Endesa",-402534000,NA,"https://www.acb.com/Documentos/Cabeceras/logo-competicion-1b.png","https://www.acb.com/Documentos/Cabeceras/logo-competicion-4a.png",61,1996,107,NA,NA,1524,9305,NA,NA,TRUE,1178,1178,329,"Gran Canaria","Gran Canaria","GCA",1180,1193,"Baloncesto Fuenlabrada","B. Fuenlabrada","FUE",1,71,12000,5,8,62.5,27,58,46.55,2,4,50,24,8,32,5,13,13,0,3,2,2,16,13,70,0,0,0,1,0,71,55,0,NA,0,0,0,0,0,0,0
1529637,1,"Liga Nacional","Liga Endesa",-402534000,NA,"https://www.acb.com/Documentos/Cabeceras/logo-competicion-1b.png","https://www.acb.com/Documentos/Cabeceras/logo-competicion-4a.png",61,1996,107,NA,NA,1525,9316,NA,NA,TRUE,1188,1188,1718,"Xacobeo 99 Ourense","Xacobeo Ourense","OUR",1187,907,"CB Murcia Airtel","Murcia Airtel","MUR",1,72,12000,5,23,21.74,19,46,41.3,19,28,67.86,16,21,37,0,7,7,0,1,2,0,24,25,55,0,0,1,0,0,72,87,0,NA,0,0,0,0,0,0,0
1529638,1,"Liga Nacional","Liga Endesa",-402534000,NA,"https://www.acb.com/Documentos/Cabeceras/logo-competicion-1b.png","https://www.acb.com/Documentos/Cabeceras/logo-competicion-4a.png",61,1996,107,NA,NA,1525,9316,NA,NA,FALSE,1187,1188,1718,"Xacobeo 99 Ourense","Xacobeo Ourense","OUR",1187,907,"CB Murcia Airtel","Murcia Airtel","MUR",1,87,12000,5,12,41.67,23,41,56.1,26,33,78.79,29,12,41,6,5,11,0,2,1,2,25,24,96,0,0,0,1,0,87,72,0,NA,0,0,0,0,0,0,0
1529705,1,"Liga Nacional","Liga Endesa",-402534000,NA,"https://www.acb.com/Documentos/Cabeceras/logo-competicion-1b.png","https://www.acb.com/Documentos/Cabeceras/logo-competicion-4a.png",61,1996,107,NA,NA,1525,9319,NA,NA,FALSE,1182,1179,452,"Estudiantes Argentaria","Estudiantes A.","EST",1182,1,"Covirán Granada","Covirán Granada","GRA",1,88,12000,6,19,31,24,40,60,22,33,66,27,12,39,14,6,13,0,2,3,1,24,24,93,0,0,8,0,0,704,100,0,0,0,0,0,0,0,0,0
1529704,1,"Liga Nacional","Liga Endesa",-402534000,NA,"https://www.acb.com/Documentos/Cabeceras/logo-competicion-1b.png","https://www.acb.com/Documentos/Cabeceras/logo-competicion-4a.png",61,1996,107,NA,NA,1525,9319,NA,NA,TRUE,1179,1179,452,"Estudiantes Argentaria","Estudiantes A.","EST",1182,1,"Covirán Granada","Covirán Granada","GRA",1,100,12000,8,17,47.06,29,54,53.7,18,28,64.29,22,13,35,23,9,7,0,3,2,3,24,24,117,0,0,0,1,0,100,88,0,NA,0,0,0,0,0,0,0
1529661,1,"Liga Nacional","Liga Endesa",-402534000,NA,"https://www.acb.com/Documentos/Cabeceras/logo-competicion-1b.png","https://www.acb.com/Documentos/Cabeceras/logo-competicion-4a.png",61,1996,107,NA,NA,1525,9317,NA,NA,TRUE,1176,1176,205,"Taugrés","Taugrés","TAU",1181,1462,"Valvi Girona","Valvi Girona","GIR",1,75,12000,5,10,50,26,49,53,8,13,61,26,4,30,8,10,10,0,6,4,5,16,17,83,0,0,0,11,0,825,58,0,0,0,0,0,0,0,0,0
1529662,1,"Liga Nacional","Liga Endesa",-402534000,NA,"https://www.acb.com/Documentos/Cabeceras/logo-competicion-1b.png","https://www.acb.com/Documentos/Cabeceras/logo-competicion-4a.png",61,1996,107,NA,NA,1525,9317,NA,NA,FALSE,1181,1176,205,"Taugrés","Taugrés","TAU",1181,1462,"Valvi Girona","Valvi Girona","GIR",1,58,12000,4,10,40,18,50,36,10,16,62.5,27,14,41,6,8,18,0,4,6,1,17,16,48,0,0,1,0,0,58,75,0,NA,0,0,0,0,0,0,0
1529770,1,"Liga Nacional","Liga Endesa",-402534000,NA,"https://www.acb.com/Documentos/Cabeceras/logo-competicion-1b.png","https://www.acb.com/Documentos/Cabeceras/logo-competicion-4a.png",61,1996,107,NA,NA,1525,9322,NA,NA,TRUE,1175,1175,91,"FC Barcelona Banca Catalana","FC Barcelona","FCB",1177,1368,"Cáceres CB","Cáceres CB","CAC",1,100,12000,7,17,41.18,31,39,79.49,17,19,89.47,22,3,25,23,7,8,0,2,0,1,26,21,124,0,0,0,1,0,100,84,0,NA,0,0,0,0,0,0,0
1529771,1,"Liga Nacional","Liga Endesa",-402534000,NA,"https://www.acb.com/Documentos/Cabeceras/logo-competicion-1b.png","https://www.acb.com/Documentos/Cabeceras/logo-competicion-4a.png",61,1996,107,NA,NA,1525,9322,NA,NA,FALSE,1177,1175,91,"FC Barcelona Banca Catalana","FC Barcelona","FCB",1177,1368,"Cáceres CB","Cáceres CB","CAC",1,84,12000,8,18,44.44,16,38,42.11,28,36,77.78,14,13,27,11,7,9,0,0,2,0,21,26,83,0,0,1,0,0,84,100,0,NA,0,0,0,0,0,0,0
1529684,1,"Liga Nacional","Liga Endesa",-402534000,NA,"https://www.acb.com/Documentos/Cabeceras/logo-competicion-1b.png","https://www.acb.com/Documentos/Cabeceras/logo-competicion-4a.png",61,1996,107,NA,NA,1525,9318,NA,NA,FALSE,1183,1178,329,"Gran Canaria","Gran Canaria","GCA",1183,617,"Festina Joventut","Festina Jov.","JOV",1,84,12000,10,20,50,21,36,58.33,12,18,66.67,20,11,31,8,6,13,0,1,1,3,24,18,79,0,0,0,1,0,84,75,0,NA,0,0,0,0,0,0,0
1529683,1,"Liga Nacional","Liga Endesa",-402534000,NA,"https://www.acb.com/Documentos/Cabeceras/logo-competicion-1b.png","https://www.acb.com/Documentos/Cabeceras/logo-competicion-4a.png",61,1996,107,NA,NA,1525,9318,NA,NA,TRUE,1178,1178,329,"Gran Canaria","Gran Canaria","GCA",1183,617,"Festina Joventut","Festina Jov.","JOV",1,75,12000,6,11,54.55,21,48,43.75,15,22,68.18,14,13,27,6,8,10,0,1,1,1,18,24,73,0,0,1,0,0,75,84,0,NA,0,0,0,0,0,0,0
1529613,1,"Liga Nacional","Liga Endesa",-402534000,NA,"https://www.acb.com/Documentos/Cabeceras/logo-competicion-1b.png","https://www.acb.com/Documentos/Cabeceras/logo-competicion-4a.png",61,1996,107,NA,NA,1525,9315,NA,NA,FALSE,1191,1184,1604,"León Caja España","León C. España","LEO",1191,1120,"Caja San Fernando","C. San Fernando","CSF",1,78,12000,5,19,26,23,42,54,17,19,89,26,8,34,5,10,18,0,5,3,0,22,20,74,0,0,10,0,0,780,83,0,0,0,0,0,0,0,0,0
1529612,1,"Liga Nacional","Liga Endesa",-402534000,NA,"https://www.acb.com/Documentos/Cabeceras/logo-competicion-1b.png","https://www.acb.com/Documentos/Cabeceras/logo-competicion-4a.png",61,1996,107,NA,NA,1525,9315,NA,NA,TRUE,1184,1184,1604,"León Caja España","León C. España","LEO",1191,1120,"Caja San Fernando","C. San Fernando","CSF",1,83,12000,6,12,50,25,53,47.17,15,22,68.18,26,8,34,12,13,11,0,3,5,2,20,22,90,0,0,0,1,0,83,78,0,NA,0,0,0,0,0,0,0
1529723,1,"Liga Nacional","Liga Endesa",-402534000,NA,"https://www.acb.com/Documentos/Cabeceras/logo-competicion-1b.png","https://www.acb.com/Documentos/Cabeceras/logo-competicion-4a.png",61,1996,107,NA,NA,1525,9320,NA,NA,TRUE,1192,1192,1844,"Fórum Valladolid","Fórum Vall.","FOR",1189,948,"Pamesa Valencia","Pamesa Valencia","PAM",1,81,12000,5,14,35.71,27,50,54,12,17,70.59,17,16,33,12,5,12,0,0,3,2,19,20,80,0,0,1,0,0,81,85,0,NA,0,0,0,0,0,0,0
1529724,1,"Liga Nacional","Liga Endesa",-402534000,NA,"https://www.acb.com/Documentos/Cabeceras/logo-competicion-1b.png","https://www.acb.com/Documentos/Cabeceras/logo-competicion-4a.png",61,1996,107,NA,NA,1525,9320,NA,NA,FALSE,1189,1192,1844,"Fórum Valladolid","Fórum Vall.","FOR",1189,948,"Pamesa Valencia","Pamesa Valencia","PAM",1,85,12000,5,11,45.45,30,47,63.83,10,15,66.67,17,8,25,10,6,11,0,3,0,4,20,19,89,0,0,0,1,0,85,81,0,NA,0,0,0,0,0,0,0
1529588,1,"Liga Nacional","Liga Endesa",-402534000,NA,"https://www.acb.com/Documentos/Cabeceras/logo-competicion-1b.png","https://www.acb.com/Documentos/Cabeceras/logo-competicion-4a.png",61,1996,107,NA,NA,1525,9314,NA,NA,TRUE,1185,1185,748,"Real Madrid Teka","Real Madrid","RMB",1180,1193,"Baloncesto Fuenlabrada","B. Fuenlabrada","FUE",1,75,12000,7,18,38,25,43,58,4,7,57,20,10,30,11,8,13,0,0,0,2,15,10,74,0,0,0,11,0,825,64,0,0,0,0,0,0,0,0,0
1529589,1,"Liga Nacional","Liga Endesa",-402534000,NA,"https://www.acb.com/Documentos/Cabeceras/logo-competicion-1b.png","https://www.acb.com/Documentos/Cabeceras/logo-competicion-4a.png",61,1996,107,NA,NA,1525,9314,NA,NA,FALSE,1180,1185,748,"Real Madrid Teka","Real Madrid","RMB",1180,1193,"Baloncesto Fuenlabrada","B. Fuenlabrada","FUE",1,64,12000,4,11,36.36,22,45,48.89,8,10,80,17,8,25,6,8,14,0,0,0,1,10,15,62,0,0,1,0,0,64,75,0,NA,0,0,0,0,0,0,0
1529747,1,"Liga Nacional","Liga Endesa",-402534000,NA,"https://www.acb.com/Documentos/Cabeceras/logo-competicion-1b.png","https://www.acb.com/Documentos/Cabeceras/logo-competicion-4a.png",61,1996,107,NA,NA,1525,9321,NA,NA,TRUE,1190,1190,1045,"Unicaja","Unicaja","UNI",1186,861,"TDK Manresa","TDK Manresa","MAN",1,84,12000,8,16,50,25,45,55.56,10,16,62.5,19,8,27,13,6,9,0,2,1,0,24,21,85,0,0,0,1,0,84,72,0,NA,0,0,0,0,0,0,0
1529748,1,"Liga Nacional","Liga Endesa",-402534000,NA,"https://www.acb.com/Documentos/Cabeceras/logo-competicion-1b.png","https://www.acb.com/Documentos/Cabeceras/logo-competicion-4a.png",61,1996,107,NA,NA,1525,9321,NA,NA,FALSE,1186,1190,1045,"Unicaja","Unicaja","UNI",1186,861,"TDK Manresa","TDK Manresa","MAN",1,72,12000,1,12,8.33,21,46,45.65,27,31,87.1,26,14,40,4,8,11,0,1,2,2,21,24,75,0,0,1,0,0,72,84,0,NA,0,0,0,0,0,0,0
1529843,1,"Liga Nacional","Liga Endesa",-402534000,NA,"https://www.acb.com/Documentos/Cabeceras/logo-competicion-1b.png","https://www.acb.com/Documentos/Cabeceras/logo-competicion-4a.png",61,1996,107,NA,NA,1526,9325,NA,NA,TRUE,1182,1182,1,"Covirán Granada","Covirán Granada","GRA",1191,1120,"Caja San Fernando","C. San Fernando","CSF",1,80,12000,10,20,50,19,37,51,12,17,70,24,9,33,16,7,16,0,3,3,1,14,18,91,0,0,9,0,0,720,82,0,0,0,0,0,0,0,0,0
1529844,1,"Liga Nacional","Liga Endesa",-402534000,NA,"https://www.acb.com/Documentos/Cabeceras/logo-competicion-1b.png","https://www.acb.com/Documentos/Cabeceras/logo-competicion-4a.png",61,1996,107,NA,NA,1526,9325,NA,NA,FALSE,1191,1182,1,"Covirán Granada","Covirán Granada","GRA",1191,1120,"Caja San Fernando","C. San Fernando","CSF",1,82,12000,4,17,23,31,53,58,8,11,72,22,12,34,7,13,10,0,3,3,3,18,14,84,0,0,0,11,0,902,80,0,0,0,0,0,0,0,0,0
1529819,1,"Liga Nacional","Liga Endesa",-402534000,NA,"https://www.acb.com/Documentos/Cabeceras/logo-competicion-1b.png","https://www.acb.com/Documentos/Cabeceras/logo-competicion-4a.png",61,1996,107,NA,NA,1526,9324,NA,NA,FALSE,1187,1183,617,"Festina Joventut","Festina Jov.","JOV",1187,907,"CB Murcia Airtel","Murcia Airtel","MUR",1,62,12000,3,10,30,21,55,38.18,11,13,84.62,17,13,30,7,8,12,0,2,3,1,15,19,55,0,0,1,0,0,62,83,0,NA,0,0,0,0,0,0,0
1529818,1,"Liga Nacional","Liga Endesa",-402534000,NA,"https://www.acb.com/Documentos/Cabeceras/logo-competicion-1b.png","https://www.acb.com/Documentos/Cabeceras/logo-competicion-4a.png",61,1996,107,NA,NA,1526,9324,NA,NA,TRUE,1183,1183,617,"Festina Joventut","Festina Jov.","JOV",1187,907,"CB Murcia Airtel","Murcia Airtel","MUR",1,83,12000,8,14,57.14,26,54,48.15,7,8,87.5,27,16,43,16,7,15,0,3,2,2,19,15,96,0,0,0,1,0,83,62,0,NA,0,0,0,0,0,0,0
1529931,1,"Liga Nacional","Liga Endesa",-402534000,NA,"https://www.acb.com/Documentos/Cabeceras/logo-competicion-1b.png","https://www.acb.com/Documentos/Cabeceras/logo-competicion-4a.png",61,1996,107,NA,NA,1526,9329,NA,NA,FALSE,1176,1175,91,"FC Barcelona Banca Catalana","FC Barcelona","FCB",1176,205,"Taugrés","Taugrés","TAU",1,66,12000,4,15,26.67,17,41,41.46,20,28,71.43,24,11,35,8,11,19,0,3,4,2,32,30,55,0,0,1,0,0,66,74,0,NA,0,0,0,0,0,0,0
1529930,1,"Liga Nacional","Liga Endesa",-402534000,NA,"https://www.acb.com/Documentos/Cabeceras/logo-competicion-1b.png","https://www.acb.com/Documentos/Cabeceras/logo-competicion-4a.png",61,1996,107,NA,NA,1526,9329,NA,NA,TRUE,1175,1175,91,"FC Barcelona Banca Catalana","FC Barcelona","FCB",1176,205,"Taugrés","Taugrés","TAU",1,74,12000,1,9,11.11,25,46,54.35,21,34,61.76,23,10,33,10,13,14,0,4,3,3,30,31,76,0,0,0,1,0,74,66,0,NA,0,0,0,0,0,0,0
1529952,1,"Liga Nacional","Liga Endesa",-402534000,NA,"https://www.acb.com/Documentos/Cabeceras/logo-competicion-1b.png","https://www.acb.com/Documentos/Cabeceras/logo-competicion-4a.png",61,1996,107,NA,NA,1526,9330,NA,NA,TRUE,1186,1186,861,"TDK Manresa","TDK Manresa","MAN",1178,329,"Gran Canaria","Gran Canaria","GCA",1,88,12000,11,21,52.38,25,41,60.98,5,6,83.33,20,12,32,16,6,14,0,7,2,0,22,13,97,0,0,0,1,0,88,87,0,NA,0,0,0,0,0,0,0
1529953,1,"Liga Nacional","Liga Endesa",-402534000,NA,"https://www.acb.com/Documentos/Cabeceras/logo-competicion-1b.png","https://www.acb.com/Documentos/Cabeceras/logo-competicion-4a.png",61,1996,107,NA,NA,1526,9330,NA,NA,FALSE,1178,1186,861,"TDK Manresa","TDK Manresa","MAN",1178,329,"Gran Canaria","Gran Canaria","GCA",1,87,12000,7,11,63.64,27,49,55.1,12,21,57.14,13,11,24,17,13,10,0,2,7,1,13,22,100,0,0,1,0,0,87,88,0,NA,0,0,0,0,0,0,0
1529974,1,"Liga Nacional","Liga Endesa",-402534000,NA,"https://www.acb.com/Documentos/Cabeceras/logo-competicion-1b.png","https://www.acb.com/Documentos/Cabeceras/logo-competicion-4a.png",61,1996,107,NA,NA,1526,9331,NA,NA,FALSE,1179,1192,1844,"Fórum Valladolid","Fórum Vall.","FOR",1179,452,"Estudiantes Argentaria","Estudiantes A.","EST",1,81,12000,3,8,37,30,50,60,12,16,75,22,10,32,7,8,14,0,5,4,5,19,19,86,0,0,0,9,0,729,75,0,0,0,0,0,0,0,0,0
1529973,1,"Liga Nacional","Liga Endesa",-402534000,NA,"https://www.acb.com/Documentos/Cabeceras/logo-competicion-1b.png","https://www.acb.com/Documentos/Cabeceras/logo-competicion-4a.png",61,1996,107,NA,NA,1526,9331,NA,NA,TRUE,1192,1192,1844,"Fórum Valladolid","Fórum Vall.","FOR",1179,452,"Estudiantes Argentaria","Estudiantes A.","EST",1,75,12000,6,16,37.5,23,48,47.92,11,18,61.11,19,15,34,8,7,12,0,4,5,1,19,19,69,0,0,1,0,0,75,81,0,NA,0,0,0,0,0,0,0
1529884,1,"Liga Nacional","Liga Endesa",-402534000,NA,"https://www.acb.com/Documentos/Cabeceras/logo-competicion-1b.png","https://www.acb.com/Documentos/Cabeceras/logo-competicion-4a.png",61,1996,107,NA,NA,1526,9327,NA,NA,TRUE,1190,1190,1045,"Unicaja","Unicaja","UNI",1184,1604,"León Caja España","León C. España","LEO",1,81,12000,8,15,53.33,19,42,45.24,19,25,76,23,9,32,9,7,12,0,2,2,2,22,24,83,0,0,0,1,0,81,70,0,NA,0,0,0,0,0,0,0
1529885,1,"Liga Nacional","Liga Endesa",-402534000,NA,"https://www.acb.com/Documentos/Cabeceras/logo-competicion-1b.png","https://www.acb.com/Documentos/Cabeceras/logo-competicion-4a.png",61,1996,107,NA,NA,1526,9327,NA,NA,FALSE,1184,1190,1045,"Unicaja","Unicaja","UNI",1184,1604,"León Caja España","León C. España","LEO",1,70,12000,3,13,23.08,25,49,51.02,11,19,57.89,21,13,34,6,7,12,0,2,2,0,24,22,61,0,0,1,0,0,70,81,0,NA,0,0,0,0,0,0,0
1529905,1,"Liga Nacional","Liga Endesa",-402534000,NA,"https://www.acb.com/Documentos/Cabeceras/logo-competicion-1b.png","https://www.acb.com/Documentos/Cabeceras/logo-competicion-4a.png",61,1996,107,NA,NA,1526,9328,NA,NA,TRUE,1177,1177,1368,"Cáceres CB","Cáceres CB","CAC",1188,1718,"Xacobeo 99 Ourense","Xacobeo Ourense","OUR",1,83,12000,8,29,27.59,22,36,61.11,15,19,78.95,21,9,30,13,6,4,0,4,3,2,26,20,84,0,0,1,0,0,83,90,0,NA,0,0,0,0,0,0,0
1529906,1,"Liga Nacional","Liga Endesa",-402534000,NA,"https://www.acb.com/Documentos/Cabeceras/logo-competicion-1b.png","https://www.acb.com/Documentos/Cabeceras/logo-competicion-4a.png",61,1996,107,NA,NA,1526,9328,NA,NA,FALSE,1188,1177,1368,"Cáceres CB","Cáceres CB","CAC",1188,1718,"Xacobeo 99 Ourense","Xacobeo Ourense","OUR",1,90,12000,10,21,47.62,21,42,50,18,28,64.29,26,15,41,8,4,10,0,3,4,2,20,26,96,0,0,0,1,0,90,83,0,NA,0,0,0,0,0,0,0
1529794,1,"Liga Nacional","Liga Endesa",-402534000,NA,"https://www.acb.com/Documentos/Cabeceras/logo-competicion-1b.png","https://www.acb.com/Documentos/Cabeceras/logo-competicion-4a.png",61,1996,107,NA,NA,1526,9323,NA,NA,TRUE,1180,1180,1193,"Baloncesto Fuenlabrada","B. Fuenlabrada","FUE",1181,1462,"Valvi Girona","Valvi Girona","GIR",1,68,12000,0,4,0,29,52,55.77,10,14,71.43,20,6,26,6,7,14,0,5,5,5,13,18,67,0,0,1,0,0,68,87,0,NA,0,0,0,0,0,0,0
1529795,1,"Liga Nacional","Liga Endesa",-402534000,NA,"https://www.acb.com/Documentos/Cabeceras/logo-competicion-1b.png","https://www.acb.com/Documentos/Cabeceras/logo-competicion-4a.png",61,1996,107,NA,NA,1526,9323,NA,NA,FALSE,1181,1180,1193,"Baloncesto Fuenlabrada","B. Fuenlabrada","FUE",1181,1462,"Valvi Girona","Valvi Girona","GIR",1,87,12000,9,18,50,29,51,56.86,2,3,66.67,22,11,33,6,14,12,0,5,5,5,18,13,91,0,0,0,1,0,87,68,0,NA,0,0,0,0,0,0,0
1529863,1,"Liga Nacional","Liga Endesa",-402534000,NA,"https://www.acb.com/Documentos/Cabeceras/logo-competicion-1b.png","https://www.acb.com/Documentos/Cabeceras/logo-competicion-4a.png",61,1996,107,NA,NA,1526,9326,NA,NA,FALSE,1185,1189,948,"Pamesa Valencia","Pamesa Valencia","PAM",1185,748,"Real Madrid Teka","Real Madrid","RMB",1,84,12000,8,18,44,25,39,64,10,17,58,15,15,30,18,8,13,0,5,2,1,15,17,101,0,0,0,8,0,672,72,0,0,0,0,0,0,0,0,0
1529862,1,"Liga Nacional","Liga Endesa",-402534000,NA,"https://www.acb.com/Documentos/Cabeceras/logo-competicion-1b.png","https://www.acb.com/Documentos/Cabeceras/logo-competicion-4a.png",61,1996,107,NA,NA,1526,9326,NA,NA,TRUE,1189,1189,948,"Pamesa Valencia","Pamesa Valencia","PAM",1185,748,"Real Madrid Teka","Real Madrid","RMB",1,72,12000,6,12,50,23,47,48.94,8,9,88.89,15,13,28,12,11,13,0,2,4,2,17,15,75,0,0,1,0,0,72,84,0,NA,0,0,0,0,0,0,0
1529997,1,"Liga Nacional","Liga Endesa",-402534000,NA,"https://www.acb.com/Documentos/Cabeceras/logo-competicion-1b.png","https://www.acb.com/Documentos/Cabeceras/logo-competicion-4a.png",61,1996,107,NA,NA,1527,9332,NA,NA,TRUE,1179,1179,452,"Estudiantes Argentaria","Estudiantes A.","EST",1180,1193,"Baloncesto Fuenlabrada","B. Fuenlabrada","FUE",1,77,12000,4,16,25,27,47,57,11,16,68,24,9,33,19,11,10,0,3,1,4,18,18,95,0,0,0,10,0,770,67,0,0,0,0,0,0,0,0,0
1529998,1,"Liga Nacional","Liga Endesa",-402534000,NA,"https://www.acb.com/Documentos/Cabeceras/logo-competicion-1b.png","https://www.acb.com/Documentos/Cabeceras/logo-competicion-4a.png",61,1996,107,NA,NA,1527,9332,NA,NA,FALSE,1180,1179,452,"Estudiantes Argentaria","Estudiantes A.","EST",1180,1193,"Baloncesto Fuenlabrada","B. Fuenlabrada","FUE",1,67,12000,4,15,26.67,21,46,45.65,13,18,72.22,23,12,35,7,7,13,0,1,3,1,18,18,60,0,0,1,0,0,67,77,0,NA,0,0,0,0,0,0,0
1530040,1,"Liga Nacional","Liga Endesa",-402534000,NA,"https://www.acb.com/Documentos/Cabeceras/logo-competicion-1b.png","https://www.acb.com/Documentos/Cabeceras/logo-competicion-4a.png",61,1996,107,NA,NA,1527,9334,NA,NA,FALSE,1186,1176,205,"Taugrés","Taugrés","TAU",1186,861,"TDK Manresa","TDK Manresa","MAN",1,75,12000,5,15,33.33,21,37,56.76,18,27,66.67,26,6,32,7,3,11,0,1,2,0,24,24,70,0,0,1,0,0,75,77,0,NA,0,0,0,0,0,0,0
1530039,1,"Liga Nacional","Liga Endesa",-402534000,NA,"https://www.acb.com/Documentos/Cabeceras/logo-competicion-1b.png","https://www.acb.com/Documentos/Cabeceras/logo-competicion-4a.png",61,1996,107,NA,NA,1527,9334,NA,NA,TRUE,1176,1176,205,"Taugrés","Taugrés","TAU",1186,861,"TDK Manresa","TDK Manresa","MAN",1,77,12000,4,14,28,21,40,52,23,29,79,23,7,30,10,7,8,0,1,1,5,24,24,81,0,0,0,11,0,770,75,0,0,0,0,0,0,0,0,0
1530159,1,"Liga Nacional","Liga Endesa",-402534000,NA,"https://www.acb.com/Documentos/Cabeceras/logo-competicion-1b.png","https://www.acb.com/Documentos/Cabeceras/logo-competicion-4a.png",61,1996,107,NA,NA,1527,9339,NA,NA,FALSE,1182,1187,907,"CB Murcia Airtel","Murcia Airtel","MUR",1182,1,"Covirán Granada","Covirán Granada","GRA",1,88,12000,7,15,46,26,47,55,15,18,83,19,6,25,4,8,10,0,1,3,1,17,19,83,0,0,0,9,0,792,81,0,0,0,0,0,0,0,0,0
1530158,1,"Liga Nacional","Liga Endesa",-402534000,NA,"https://www.acb.com/Documentos/Cabeceras/logo-competicion-1b.png","https://www.acb.com/Documentos/Cabeceras/logo-competicion-4a.png",61,1996,107,NA,NA,1527,9339,NA,NA,TRUE,1187,1187,907,"CB Murcia Airtel","Murcia Airtel","MUR",1182,1,"Covirán Granada","Covirán Granada","GRA",1,81,12000,5,19,26.32,26,44,59.09,14,19,73.68,25,14,39,13,7,15,0,3,1,3,19,17,88,0,0,1,0,0,81,88,0,NA,0,0,0,0,0,0,0
1530178,1,"Liga Nacional","Liga Endesa",-402534000,NA,"https://www.acb.com/Documentos/Cabeceras/logo-competicion-1b.png","https://www.acb.com/Documentos/Cabeceras/logo-competicion-4a.png",61,1996,107,NA,NA,1527,9340,NA,NA,TRUE,1181,1181,1462,"Valvi Girona","Valvi Girona","GIR",1183,617,"Festina Joventut","Festina Jov.","JOV",1,76,12000,5,14,35.71,25,42,59.52,11,18,61.11,20,8,28,14,8,15,0,4,4,3,20,20,78,0,0,1,0,0,76,84,0,NA,0,0,0,0,0,0,0
1530179,1,"Liga Nacional","Liga Endesa",-402534000,NA,"https://www.acb.com/Documentos/Cabeceras/logo-competicion-1b.png","https://www.acb.com/Documentos/Cabeceras/logo-competicion-4a.png",61,1996,107,NA,NA,1527,9340,NA,NA,FALSE,1183,1181,1462,"Valvi Girona","Valvi Girona","GIR",1183,617,"Festina Joventut","Festina Jov.","JOV",1,84,12000,8,14,57.14,25,39,64.1,10,17,58.82,20,4,24,10,9,11,0,4,4,2,20,20,89,0,0,0,1,0,84,76,0,NA,0,0,0,0,0,0,0
1530111,1,"Liga Nacional","Liga Endesa",-402534000,NA,"https://www.acb.com/Documentos/Cabeceras/logo-competicion-1b.png","https://www.acb.com/Documentos/Cabeceras/logo-competicion-4a.png",61,1996,107,NA,NA,1527,9337,NA,NA,TRUE,1185,1185,748,"Real Madrid Teka","Real Madrid","RMB",1190,1045,"Unicaja","Unicaja","UNI",1,80,12000,4,9,44,28,49,57,12,13,92,19,4,23,18,14,11,0,3,0,5,22,22,100,0,0,0,10,0,800,71,0,0,0,0,0,0,0,0,0
1530112,1,"Liga Nacional","Liga Endesa",-402534000,NA,"https://www.acb.com/Documentos/Cabeceras/logo-competicion-1b.png","https://www.acb.com/Documentos/Cabeceras/logo-competicion-4a.png",61,1996,107,NA,NA,1527,9337,NA,NA,FALSE,1190,1185,748,"Real Madrid Teka","Real Madrid","RMB",1190,1045,"Unicaja","Unicaja","UNI",1,71,12000,7,14,50,19,39,48.72,12,21,57.14,20,12,32,9,4,16,0,0,3,4,22,22,61,0,0,1,0,0,71,80,0,NA,0,0,0,0,0,0,0
1530087,1,"Liga Nacional","Liga Endesa",-402534000,NA,"https://www.acb.com/Documentos/Cabeceras/logo-competicion-1b.png","https://www.acb.com/Documentos/Cabeceras/logo-competicion-4a.png",61,1996,107,NA,NA,1527,9336,NA,NA,TRUE,1184,1184,1604,"León Caja España","León C. España","LEO",1177,1368,"Cáceres CB","Cáceres CB","CAC",1,78,12000,6,13,46.15,22,35,62.86,16,27,59.26,25,5,30,13,5,15,0,2,3,1,23,24,80,0,0,0,1,0,78,75,0,NA,0,0,0,0,0,0,0
1530088,1,"Liga Nacional","Liga Endesa",-402534000,NA,"https://www.acb.com/Documentos/Cabeceras/logo-competicion-1b.png","https://www.acb.com/Documentos/Cabeceras/logo-competicion-4a.png",61,1996,107,NA,NA,1527,9336,NA,NA,FALSE,1177,1184,1604,"León Caja España","León C. España","LEO",1177,1368,"Cáceres CB","Cáceres CB","CAC",1,75,12000,6,19,31.58,23,45,51.11,11,21,52.38,19,13,32,12,11,15,0,3,2,4,25,23,69,0,0,1,0,0,75,78,0,NA,0,0,0,0,0,0,0
1530135,1,"Liga Nacional","Liga Endesa",-402534000,NA,"https://www.acb.com/Documentos/Cabeceras/logo-competicion-1b.png","https://www.acb.com/Documentos/Cabeceras/logo-competicion-4a.png",61,1996,107,NA,NA,1527,9338,NA,NA,TRUE,1191,1191,1120,"Caja San Fernando","C. San Fernando","CSF",1189,948,"Pamesa Valencia","Pamesa Valencia","PAM",1,81,12000,11,21,52,16,37,43,16,20,80,25,13,38,16,11,13,0,8,4,0,19,19,102,0,0,0,11,0,891,64,0,0,0,0,0,0,0,0,0
1530136,1,"Liga Nacional","Liga Endesa",-402534000,NA,"https://www.acb.com/Documentos/Cabeceras/logo-competicion-1b.png","https://www.acb.com/Documentos/Cabeceras/logo-competicion-4a.png",61,1996,107,NA,NA,1527,9338,NA,NA,FALSE,1189,1191,1120,"Caja San Fernando","C. San Fernando","CSF",1189,948,"Pamesa Valencia","Pamesa Valencia","PAM",1,64,12000,6,18,33.33,17,40,42.5,12,16,75,20,12,32,5,9,12,0,4,8,2,19,19,55,0,0,1,0,0,64,81,0,NA,0,0,0,0,0,0,0
1530016,1,"Liga Nacional","Liga Endesa",-402534000,NA,"https://www.acb.com/Documentos/Cabeceras/logo-competicion-1b.png","https://www.acb.com/Documentos/Cabeceras/logo-competicion-4a.png",61,1996,107,NA,NA,1527,9333,NA,NA,TRUE,1178,1178,329,"Gran Canaria","Gran Canaria","GCA",1192,1844,"Fórum Valladolid","Fórum Vall.","FOR",1,81,12000,5,15,33.33,27,48,56.25,12,18,66.67,22,15,37,9,7,14,0,0,5,3,18,19,79,0,0,0,1,0,81,80,0,NA,0,0,0,0,0,0,0
1530017,1,"Liga Nacional","Liga Endesa",-402534000,NA,"https://www.acb.com/Documentos/Cabeceras/logo-competicion-1b.png","https://www.acb.com/Documentos/Cabeceras/logo-competicion-4a.png",61,1996,107,NA,NA,1527,9333,NA,NA,FALSE,1192,1178,329,"Gran Canaria","Gran Canaria","GCA",1192,1844,"Fórum Valladolid","Fórum Vall.","FOR",1,80,12000,7,11,63.64,25,49,51.02,9,16,56.25,17,9,26,7,13,13,0,5,0,1,19,18,82,0,0,1,0,0,80,81,0,NA,0,0,0,0,0,0,0
1530066,1,"Liga Nacional","Liga Endesa",-402534000,NA,"https://www.acb.com/Documentos/Cabeceras/logo-competicion-1b.png","https://www.acb.com/Documentos/Cabeceras/logo-competicion-4a.png",61,1996,107,NA,NA,1527,9335,NA,NA,FALSE,1175,1188,1718,"Xacobeo 99 Ourense","Xacobeo Ourense","OUR",1175,91,"FC Barcelona Banca Catalana","FC Barcelona","FCB",1,67,12000,4,19,21,20,38,52,15,23,65,19,8,27,6,7,14,0,3,5,2,25,25,50,0,0,13,0,0,871,81,0,0,0,0,0,0,0,0,0
1530065,1,"Liga Nacional","Liga Endesa",-402534000,NA,"https://www.acb.com/Documentos/Cabeceras/logo-competicion-1b.png","https://www.acb.com/Documentos/Cabeceras/logo-competicion-4a.png",61,1996,107,NA,NA,1527,9335,NA,NA,TRUE,1188,1188,1718,"Xacobeo 99 Ourense","Xacobeo Ourense","OUR",1175,91,"FC Barcelona Banca Catalana","FC Barcelona","FCB",1,81,12000,4,12,33.33,26,47,55.32,17,26,65.38,28,14,42,6,7,14,0,5,3,2,25,25,86,0,0,0,1,0,81,67,0,NA,0,0,0,0,0,0,0
1530225,1,"Liga Nacional","Liga Endesa",-402534000,NA,"https://www.acb.com/Documentos/Cabeceras/logo-competicion-1b.png","https://www.acb.com/Documentos/Cabeceras/logo-competicion-4a.png",61,1996,107,NA,NA,1528,9342,NA,NA,TRUE,1181,1181,1462,"Valvi Girona","Valvi Girona","GIR",1191,1120,"Caja San Fernando","C. San Fernando","CSF",1,70,12000,4,18,22.22,25,53,47.17,8,14,57.14,23,12,35,8,15,13,0,3,2,4,21,16,63,0,0,1,0,0,70,80,0,NA,0,0,0,0,0,0,0
1530226,1,"Liga Nacional","Liga Endesa",-402534000,NA,"https://www.acb.com/Documentos/Cabeceras/logo-competicion-1b.png","https://www.acb.com/Documentos/Cabeceras/logo-competicion-4a.png",61,1996,107,NA,NA,1528,9342,NA,NA,FALSE,1191,1181,1462,"Valvi Girona","Valvi Girona","GIR",1191,1120,"Caja San Fernando","C. San Fernando","CSF",1,80,12000,7,15,46,21,39,53,17,24,70,32,7,39,12,8,20,0,2,3,0,16,21,90,0,0,0,10,0,800,70,0,0,0,0,0,0,0,0,0
1530248,1,"Liga Nacional","Liga Endesa",-402534000,NA,"https://www.acb.com/Documentos/Cabeceras/logo-competicion-1b.png","https://www.acb.com/Documentos/Cabeceras/logo-competicion-4a.png",61,1996,107,NA,NA,1528,9343,NA,NA,TRUE,1183,1183,617,"Festina Joventut","Festina Jov.","JOV",1185,748,"Real Madrid Teka","Real Madrid","RMB",1,103,13500,7,23,30.43,29,48,60.42,24,40,60,22,17,39,10,9,11,0,4,0,4,27,29,105,0,0,0,1,0,103,102,0,NA,0,0,0,0,0,0,0
1530249,1,"Liga Nacional","Liga Endesa",-402534000,NA,"https://www.acb.com/Documentos/Cabeceras/logo-competicion-1b.png","https://www.acb.com/Documentos/Cabeceras/logo-competicion-4a.png",61,1996,107,NA,NA,1528,9343,NA,NA,FALSE,1185,1183,617,"Festina Joventut","Festina Jov.","JOV",1185,748,"Real Madrid Teka","Real Madrid","RMB",1,102,13500,13,22,59,20,42,47,23,28,82,26,11,37,8,6,15,0,0,4,0,29,27,96,0,0,9,0,0,918,103,0,0,0,0,0,0,0,0,0
1530364,1,"Liga Nacional","Liga Endesa",-402534000,NA,"https://www.acb.com/Documentos/Cabeceras/logo-competicion-1b.png","https://www.acb.com/Documentos/Cabeceras/logo-competicion-4a.png",61,1996,107,NA,NA,1528,9348,NA,NA,FALSE,1179,1175,91,"FC Barcelona Banca Catalana","FC Barcelona","FCB",1179,452,"Estudiantes Argentaria","Estudiantes A.","EST",1,79,12000,8,16,50,21,44,47,13,17,76,14,11,25,14,9,16,0,2,4,3,24,17,67,0,0,11,0,0,869,97,0,0,0,0,0,0,0,0,0
1530363,1,"Liga Nacional","Liga Endesa",-402534000,NA,"https://www.acb.com/Documentos/Cabeceras/logo-competicion-1b.png","https://www.acb.com/Documentos/Cabeceras/logo-competicion-4a.png",61,1996,107,NA,NA,1528,9348,NA,NA,TRUE,1175,1175,91,"FC Barcelona Banca Catalana","FC Barcelona","FCB",1179,452,"Estudiantes Argentaria","Estudiantes A.","EST",1,97,12000,9,20,45,22,37,59,26,33,78,22,14,36,17,9,14,0,4,2,2,17,24,121,0,0,0,10,0,970,79,0,0,0,0,0,0,0,0,0
1530388,1,"Liga Nacional","Liga Endesa",-402534000,NA,"https://www.acb.com/Documentos/Cabeceras/logo-competicion-1b.png","https://www.acb.com/Documentos/Cabeceras/logo-competicion-4a.png",61,1996,107,NA,NA,1528,9349,NA,NA,TRUE,1186,1186,861,"TDK Manresa","TDK Manresa","MAN",1192,1844,"Fórum Valladolid","Fórum Vall.","FOR",1,91,12000,8,17,47.06,29,49,59.18,9,10,90,33,7,40,18,7,11,0,3,4,0,18,14,110,0,0,0,1,0,91,61,0,NA,0,0,0,0,0,0,0
1530389,1,"Liga Nacional","Liga Endesa",-402534000,NA,"https://www.acb.com/Documentos/Cabeceras/logo-competicion-1b.png","https://www.acb.com/Documentos/Cabeceras/logo-competicion-4a.png",61,1996,107,NA,NA,1528,9349,NA,NA,FALSE,1192,1186,861,"TDK Manresa","TDK Manresa","MAN",1192,1844,"Fórum Valladolid","Fórum Vall.","FOR",1,61,12000,2,8,25,22,56,39.29,11,23,47.83,22,12,34,3,7,13,0,4,3,1,14,18,45,0,0,1,0,0,61,91,0,NA,0,0,0,0,0,0,0
1530337,1,"Liga Nacional","Liga Endesa",-402534000,NA,"https://www.acb.com/Documentos/Cabeceras/logo-competicion-1b.png","https://www.acb.com/Documentos/Cabeceras/logo-competicion-4a.png",61,1996,107,NA,NA,1528,9347,NA,NA,TRUE,1177,1177,1368,"Cáceres CB","Cáceres CB","CAC",1178,329,"Gran Canaria","Gran Canaria","GCA",1,83,12000,9,17,52.94,22,39,56.41,12,15,80,20,7,27,10,8,14,0,4,2,3,25,18,81,0,0,0,1,0,83,82,0,NA,0,0,0,0,0,0,0
1530338,1,"Liga Nacional","Liga Endesa",-402534000,NA,"https://www.acb.com/Documentos/Cabeceras/logo-competicion-1b.png","https://www.acb.com/Documentos/Cabeceras/logo-competicion-4a.png",61,1996,107,NA,NA,1528,9347,NA,NA,FALSE,1178,1177,1368,"Cáceres CB","Cáceres CB","CAC",1178,329,"Gran Canaria","Gran Canaria","GCA",1,82,12000,4,14,28.57,25,44,56.82,20,28,71.43,18,12,30,11,10,11,0,2,4,1,18,25,90,0,0,1,0,0,82,83,0,NA,0,0,0,0,0,0,0
1530203,1,"Liga Nacional","Liga Endesa",-402534000,NA,"https://www.acb.com/Documentos/Cabeceras/logo-competicion-1b.png","https://www.acb.com/Documentos/Cabeceras/logo-competicion-4a.png",61,1996,107,NA,NA,1528,9341,NA,NA,TRUE,1180,1180,1193,"Baloncesto Fuenlabrada","B. Fuenlabrada","FUE",1187,907,"CB Murcia Airtel","Murcia Airtel","MUR",1,84,12000,10,16,62,20,39,51,14,21,66,26,6,32,8,6,13,0,4,0,2,23,22,88,0,0,0,12,0,1008,78,0,0,0,0,0,0,0,0,0
1530204,1,"Liga Nacional","Liga Endesa",-402534000,NA,"https://www.acb.com/Documentos/Cabeceras/logo-competicion-1b.png","https://www.acb.com/Documentos/Cabeceras/logo-competicion-4a.png",61,1996,107,NA,NA,1528,9341,NA,NA,FALSE,1187,1180,1193,"Baloncesto Fuenlabrada","B. Fuenlabrada","FUE",1187,907,"CB Murcia Airtel","Murcia Airtel","MUR",1,78,12000,2,10,20,29,53,54.72,14,22,63.64,24,10,34,5,6,9,0,0,4,1,22,23,71,0,0,1,0,0,78,84,0,NA,0,0,0,0,0,0,0
1530269,1,"Liga Nacional","Liga Endesa",-402534000,NA,"https://www.acb.com/Documentos/Cabeceras/logo-competicion-1b.png","https://www.acb.com/Documentos/Cabeceras/logo-competicion-4a.png",61,1996,107,NA,NA,1528,9344,NA,NA,TRUE,1182,1182,1,"Covirán Granada","Covirán Granada","GRA",1184,1604,"León Caja España","León C. España","LEO",1,88,12000,6,16,37.5,24,50,48,22,37,59.46,28,12,40,11,12,12,0,5,3,3,25,31,96,0,0,1,0,0,88,91,0,NA,0,0,0,0,0,0,0
1530270,1,"Liga Nacional","Liga Endesa",-402534000,NA,"https://www.acb.com/Documentos/Cabeceras/logo-competicion-1b.png","https://www.acb.com/Documentos/Cabeceras/logo-competicion-4a.png",61,1996,107,NA,NA,1528,9344,NA,NA,FALSE,1184,1182,1,"Covirán Granada","Covirán Granada","GRA",1184,1604,"León Caja España","León C. España","LEO",1,91,12000,9,21,42.86,24,45,53.33,16,26,61.54,31,11,42,12,10,17,0,3,5,1,31,25,87,0,0,0,1,0,91,88,0,NA,0,0,0,0,0,0,0
1530292,1,"Liga Nacional","Liga Endesa",-402534000,NA,"https://www.acb.com/Documentos/Cabeceras/logo-competicion-1b.png","https://www.acb.com/Documentos/Cabeceras/logo-competicion-4a.png",61,1996,107,NA,NA,1528,9345,NA,NA,TRUE,1189,1189,948,"Pamesa Valencia","Pamesa Valencia","PAM",1188,1718,"Xacobeo 99 Ourense","Xacobeo Ourense","OUR",1,78,12000,8,12,66.67,17,35,48.57,20,27,74.07,18,6,24,12,7,10,0,1,0,2,18,24,89,0,0,0,1,0,78,64,0,NA,0,0,0,0,0,0,0
1530293,1,"Liga Nacional","Liga Endesa",-402534000,NA,"https://www.acb.com/Documentos/Cabeceras/logo-competicion-1b.png","https://www.acb.com/Documentos/Cabeceras/logo-competicion-4a.png",61,1996,107,NA,NA,1528,9345,NA,NA,FALSE,1188,1189,948,"Pamesa Valencia","Pamesa Valencia","PAM",1188,1718,"Xacobeo 99 Ourense","Xacobeo Ourense","OUR",1,64,12000,5,10,50,20,37,54.05,9,13,69.23,14,5,19,10,6,14,0,0,1,2,24,18,52,0,0,1,0,0,64,78,0,NA,0,0,0,0,0,0,0
1530317,1,"Liga Nacional","Liga Endesa",-402534000,NA,"https://www.acb.com/Documentos/Cabeceras/logo-competicion-1b.png","https://www.acb.com/Documentos/Cabeceras/logo-competicion-4a.png",61,1996,107,NA,NA,1528,9346,NA,NA,FALSE,1176,1190,1045,"Unicaja","Unicaja","UNI",1176,205,"Taugrés","Taugrés","TAU",1,70,12000,3,9,33,22,46,47,17,21,80,19,9,28,5,6,14,0,4,3,2,19,23,66,0,0,11,0,0,700,90,0,0,0,0,0,0,0,0,0
1530316,1,"Liga Nacional","Liga Endesa",-402534000,NA,"https://www.acb.com/Documentos/Cabeceras/logo-competicion-1b.png","https://www.acb.com/Documentos/Cabeceras/logo-competicion-4a.png",61,1996,107,NA,NA,1528,9346,NA,NA,TRUE,1190,1190,1045,"Unicaja","Unicaja","UNI",1176,205,"Taugrés","Taugrés","TAU",1,90,12000,9,19,47.37,26,42,61.9,11,15,73.33,21,9,30,17,8,10,0,3,4,1,23,19,100,0,0,0,1,0,90,70,0,NA,0,0,0,0,0,0,0
1530478,1,"Liga Nacional","Liga Endesa",-402534000,NA,"https://www.acb.com/Documentos/Cabeceras/logo-competicion-1b.png","https://www.acb.com/Documentos/Cabeceras/logo-competicion-4a.png",61,1996,107,NA,NA,1529,9353,NA,NA,TRUE,1176,1176,205,"Taugrés","Taugrés","TAU",1177,1368,"Cáceres CB","Cáceres CB","CAC",1,65,12000,3,18,16.67,26,49,53.06,4,7,57.14,17,10,27,5,10,14,0,2,4,3,20,13,43,0,0,1,0,0,65,73,0,NA,0,0,0,0,0,0,0
1530479,1,"Liga Nacional","Liga Endesa",-402534000,NA,"https://www.acb.com/Documentos/Cabeceras/logo-competicion-1b.png","https://www.acb.com/Documentos/Cabeceras/logo-competicion-4a.png",61,1996,107,NA,NA,1529,9353,NA,NA,FALSE,1177,1176,205,"Taugrés","Taugrés","TAU",1177,1368,"Cáceres CB","Cáceres CB","CAC",1,73,12000,4,10,40,25,46,54.35,11,18,61.11,28,12,40,11,8,21,0,4,2,2,13,20,86,0,0,0,1,0,73,65,0,NA,0,0,0,0,0,0,0
1530595,1,"Liga Nacional","Liga Endesa",-402534000,NA,"https://www.acb.com/Documentos/Cabeceras/logo-competicion-1b.png","https://www.acb.com/Documentos/Cabeceras/logo-competicion-4a.png",61,1996,107,NA,NA,1529,9358,NA,NA,FALSE,1181,1187,907,"CB Murcia Airtel","Murcia Airtel","MUR",1181,1462,"Valvi Girona","Valvi Girona","GIR",1,85,12000,6,11,54.55,24,44,54.55,19,32,59.38,24,6,30,8,15,13,0,5,5,1,21,26,92,0,0,0,1,0,85,68,0,NA,0,0,0,0,0,0,0
1530594,1,"Liga Nacional","Liga Endesa",-402534000,NA,"https://www.acb.com/Documentos/Cabeceras/logo-competicion-1b.png","https://www.acb.com/Documentos/Cabeceras/logo-competicion-4a.png",61,1996,107,NA,NA,1529,9358,NA,NA,TRUE,1187,1187,907,"CB Murcia Airtel","Murcia Airtel","MUR",1181,1462,"Valvi Girona","Valvi Girona","GIR",1,68,12000,6,21,28.57,18,39,46.15,14,21,66.67,21,15,36,8,8,19,0,5,5,1,26,21,53,0,0,1,0,0,68,85,0,NA,0,0,0,0,0,0,0
1530433,1,"Liga Nacional","Liga Endesa",-402534000,NA,"https://www.acb.com/Documentos/Cabeceras/logo-competicion-1b.png","https://www.acb.com/Documentos/Cabeceras/logo-competicion-4a.png",61,1996,107,NA,NA,1529,9351,NA,NA,TRUE,1179,1179,452,"Estudiantes Argentaria","Estudiantes A.","EST",1186,861,"TDK Manresa","TDK Manresa","MAN",1,63,12000,4,14,28.57,22,44,50,7,15,46.67,27,6,33,10,5,8,0,5,0,1,20,20,68,0,0,0,1,0,63,61,0,NA,0,0,0,0,0,0,0
1530434,1,"Liga Nacional","Liga Endesa",-402534000,NA,"https://www.acb.com/Documentos/Cabeceras/logo-competicion-1b.png","https://www.acb.com/Documentos/Cabeceras/logo-competicion-4a.png",61,1996,107,NA,NA,1529,9351,NA,NA,FALSE,1186,1179,452,"Estudiantes Argentaria","Estudiantes A.","EST",1186,861,"TDK Manresa","TDK Manresa","MAN",1,61,12000,6,17,35.29,11,40,27.5,21,25,84,31,12,43,4,7,10,0,0,5,2,20,20,56,0,0,1,0,0,61,63,0,NA,0,0,0,0,0,0,0
1530573,1,"Liga Nacional","Liga Endesa",-402534000,NA,"https://www.acb.com/Documentos/Cabeceras/logo-competicion-1b.png","https://www.acb.com/Documentos/Cabeceras/logo-competicion-4a.png",61,1996,107,NA,NA,1529,9357,NA,NA,TRUE,1191,1191,1120,"Caja San Fernando","C. San Fernando","CSF",1183,617,"Festina Joventut","Festina Jov.","JOV",1,88,12000,5,15,33,28,57,49,17,26,65,37,10,47,17,9,11,0,2,7,1,29,25,93,0,0,0,10,0,880,80,0,0,0,0,0,0,0,0,0
1530574,1,"Liga Nacional","Liga Endesa",-402534000,NA,"https://www.acb.com/Documentos/Cabeceras/logo-competicion-1b.png","https://www.acb.com/Documentos/Cabeceras/logo-competicion-4a.png",61,1996,107,NA,NA,1529,9357,NA,NA,FALSE,1183,1191,1120,"Caja San Fernando","C. San Fernando","CSF",1183,617,"Festina Joventut","Festina Jov.","JOV",1,80,12000,9,26,34.62,16,47,34.04,21,30,70,30,15,45,13,9,12,0,7,2,2,25,29,87,0,0,1,0,0,80,88,0,NA,0,0,0,0,0,0,0
1530552,1,"Liga Nacional","Liga Endesa",-402534000,NA,"https://www.acb.com/Documentos/Cabeceras/logo-competicion-1b.png","https://www.acb.com/Documentos/Cabeceras/logo-competicion-4a.png",61,1996,107,NA,NA,1529,9356,NA,NA,FALSE,1182,1185,748,"Real Madrid Teka","Real Madrid","RMB",1182,1,"Covirán Granada","Covirán Granada","GRA",1,77,12000,2,15,13,25,39,64,21,34,61,23,5,28,9,8,12,0,2,0,5,16,28,84,0,0,10,0,0,770,97,0,0,0,0,0,0,0,0,0
1530551,1,"Liga Nacional","Liga Endesa",-402534000,NA,"https://www.acb.com/Documentos/Cabeceras/logo-competicion-1b.png","https://www.acb.com/Documentos/Cabeceras/logo-competicion-4a.png",61,1996,107,NA,NA,1529,9356,NA,NA,TRUE,1185,1185,748,"Real Madrid Teka","Real Madrid","RMB",1182,1,"Covirán Granada","Covirán Granada","GRA",1,97,12000,10,21,47,28,50,56,11,12,91,29,8,37,12,9,10,0,0,2,0,28,16,97,0,0,0,13,0,1261,77,0,0,0,0,0,0,0,0,0
1530412,1,"Liga Nacional","Liga Endesa",-402534000,NA,"https://www.acb.com/Documentos/Cabeceras/logo-competicion-1b.png","https://www.acb.com/Documentos/Cabeceras/logo-competicion-4a.png",61,1996,107,NA,NA,1529,9350,NA,NA,FALSE,1180,1192,1844,"Fórum Valladolid","Fórum Vall.","FOR",1180,1193,"Baloncesto Fuenlabrada","B. Fuenlabrada","FUE",1,62,12000,5,20,25,18,39,46,11,17,64,12,10,22,8,8,14,0,3,2,2,20,20,45,0,0,11,0,0,682,79,0,0,0,0,0,0,0,0,0
1530411,1,"Liga Nacional","Liga Endesa",-402534000,NA,"https://www.acb.com/Documentos/Cabeceras/logo-competicion-1b.png","https://www.acb.com/Documentos/Cabeceras/logo-competicion-4a.png",61,1996,107,NA,NA,1529,9350,NA,NA,TRUE,1192,1192,1844,"Fórum Valladolid","Fórum Vall.","FOR",1180,1193,"Baloncesto Fuenlabrada","B. Fuenlabrada","FUE",1,79,12000,4,17,23.53,24,39,61.54,19,26,73.08,28,16,44,15,8,18,0,2,3,4,20,20,92,0,0,0,1,0,79,62,0,NA,0,0,0,0,0,0,0
1530457,1,"Liga Nacional","Liga Endesa",-402534000,NA,"https://www.acb.com/Documentos/Cabeceras/logo-competicion-1b.png","https://www.acb.com/Documentos/Cabeceras/logo-competicion-4a.png",61,1996,107,NA,NA,1529,9352,NA,NA,FALSE,1175,1178,329,"Gran Canaria","Gran Canaria","GCA",1175,91,"FC Barcelona Banca Catalana","FC Barcelona","FCB",1,93,12000,10,13,76,20,38,52,23,25,92,23,2,25,11,11,15,0,4,1,4,22,21,104,0,0,0,10,0,930,90,0,0,0,0,0,0,0,0,0
1530456,1,"Liga Nacional","Liga Endesa",-402534000,NA,"https://www.acb.com/Documentos/Cabeceras/logo-competicion-1b.png","https://www.acb.com/Documentos/Cabeceras/logo-competicion-4a.png",61,1996,107,NA,NA,1529,9352,NA,NA,TRUE,1178,1178,329,"Gran Canaria","Gran Canaria","GCA",1175,91,"FC Barcelona Banca Catalana","FC Barcelona","FCB",1,90,12000,9,18,50,22,47,46.81,19,27,70.37,20,10,30,2,13,14,0,1,4,0,21,22,77,0,0,1,0,0,90,93,0,NA,0,0,0,0,0,0,0
1530502,1,"Liga Nacional","Liga Endesa",-402534000,NA,"https://www.acb.com/Documentos/Cabeceras/logo-competicion-1b.png","https://www.acb.com/Documentos/Cabeceras/logo-competicion-4a.png",61,1996,107,NA,NA,1529,9354,NA,NA,TRUE,1188,1188,1718,"Xacobeo 99 Ourense","Xacobeo Ourense","OUR",1190,1045,"Unicaja","Unicaja","UNI",1,89,12000,5,11,45.45,30,48,62.5,14,21,66.67,26,10,36,10,7,11,0,1,1,2,22,22,100,0,0,0,1,0,89,72,0,NA,0,0,0,0,0,0,0
1530503,1,"Liga Nacional","Liga Endesa",-402534000,NA,"https://www.acb.com/Documentos/Cabeceras/logo-competicion-1b.png","https://www.acb.com/Documentos/Cabeceras/logo-competicion-4a.png",61,1996,107,NA,NA,1529,9354,NA,NA,FALSE,1190,1188,1718,"Xacobeo 99 Ourense","Xacobeo Ourense","OUR",1190,1045,"Unicaja","Unicaja","UNI",1,72,12000,7,18,38.89,18,38,47.37,15,22,68.18,14,7,21,8,6,10,0,1,1,1,22,22,59,0,0,1,0,0,72,89,0,NA,0,0,0,0,0,0,0
1530523,1,"Liga Nacional","Liga Endesa",-402534000,NA,"https://www.acb.com/Documentos/Cabeceras/logo-competicion-1b.png","https://www.acb.com/Documentos/Cabeceras/logo-competicion-4a.png",61,1996,107,NA,NA,1529,9355,NA,NA,TRUE,1184,1184,1604,"León Caja España","León C. España","LEO",1189,948,"Pamesa Valencia","Pamesa Valencia","PAM",1,71,12000,4,16,25,24,39,61.54,11,14,78.57,19,4,23,9,14,12,0,2,2,3,21,18,72,0,0,0,1,0,71,60,0,NA,0,0,0,0,0,0,0
1530524,1,"Liga Nacional","Liga Endesa",-402534000,NA,"https://www.acb.com/Documentos/Cabeceras/logo-competicion-1b.png","https://www.acb.com/Documentos/Cabeceras/logo-competicion-4a.png",61,1996,107,NA,NA,1529,9355,NA,NA,FALSE,1189,1184,1604,"León Caja España","León C. España","LEO",1189,948,"Pamesa Valencia","Pamesa Valencia","PAM",1,60,12000,2,11,18.18,21,39,53.85,12,21,57.14,24,6,30,8,9,17,0,2,2,5,18,21,57,0,0,1,0,0,60,71,0,NA,0,0,0,0,0,0,0
1530755,1,"Liga Nacional","Liga Endesa",-402534000,NA,"https://www.acb.com/Documentos/Cabeceras/logo-competicion-1b.png","https://www.acb.com/Documentos/Cabeceras/logo-competicion-4a.png",61,1996,107,NA,NA,1530,9365,NA,NA,TRUE,1181,1181,1462,"Valvi Girona","Valvi Girona","GIR",1188,1718,"Xacobeo 99 Ourense","Xacobeo Ourense","OUR",1,99,12000,8,14,57.14,25,42,59.52,25,33,75.76,23,4,27,19,9,13,0,7,4,4,23,26,116,0,0,0,1,0,99,89,0,NA,0,0,0,0,0,0,0
1530756,1,"Liga Nacional","Liga Endesa",-402534000,NA,"https://www.acb.com/Documentos/Cabeceras/logo-competicion-1b.png","https://www.acb.com/Documentos/Cabeceras/logo-competicion-4a.png",61,1996,107,NA,NA,1530,9365,NA,NA,FALSE,1188,1181,1462,"Valvi Girona","Valvi Girona","GIR",1188,1718,"Xacobeo 99 Ourense","Xacobeo Ourense","OUR",1,89,12000,4,8,50,26,47,55.32,25,34,73.53,19,6,25,9,8,15,0,4,7,1,26,23,76,0,0,1,0,0,89,99,0,NA,0,0,0,0,0,0,0
1530776,1,"Liga Nacional","Liga Endesa",-402534000,NA,"https://www.acb.com/Documentos/Cabeceras/logo-competicion-1b.png","https://www.acb.com/Documentos/Cabeceras/logo-competicion-4a.png",61,1996,107,NA,NA,1530,9366,NA,NA,TRUE,1187,1187,907,"CB Murcia Airtel","Murcia Airtel","MUR",1184,1604,"León Caja España","León C. España","LEO",1,94,12000,7,15,46.67,25,43,58.14,23,31,74.19,26,12,38,15,9,16,0,2,1,0,23,23,107,0,0,0,1,0,94,83,0,NA,0,0,0,0,0,0,0
1530777,1,"Liga Nacional","Liga Endesa",-402534000,NA,"https://www.acb.com/Documentos/Cabeceras/logo-competicion-1b.png","https://www.acb.com/Documentos/Cabeceras/logo-competicion-4a.png",61,1996,107,NA,NA,1530,9366,NA,NA,FALSE,1184,1187,907,"CB Murcia Airtel","Murcia Airtel","MUR",1184,1604,"León Caja España","León C. España","LEO",1,83,12000,3,19,15.79,28,47,59.57,18,25,72,18,9,27,11,16,14,0,1,2,1,23,23,80,0,0,1,0,0,83,94,0,NA,0,0,0,0,0,0,0
1530734,1,"Liga Nacional","Liga Endesa",-402534000,NA,"https://www.acb.com/Documentos/Cabeceras/logo-competicion-1b.png","https://www.acb.com/Documentos/Cabeceras/logo-competicion-4a.png",61,1996,107,NA,NA,1530,9364,NA,NA,TRUE,1183,1183,617,"Festina Joventut","Festina Jov.","JOV",1176,205,"Taugrés","Taugrés","TAU",1,74,12000,4,22,18.18,23,41,56.1,16,19,84.21,20,13,33,9,13,8,0,2,2,2,15,21,88,0,0,0,1,0,74,63,0,NA,0,0,0,0,0,0,0
1530735,1,"Liga Nacional","Liga Endesa",-402534000,NA,"https://www.acb.com/Documentos/Cabeceras/logo-competicion-1b.png","https://www.acb.com/Documentos/Cabeceras/logo-competicion-4a.png",61,1996,107,NA,NA,1530,9364,NA,NA,FALSE,1176,1183,617,"Festina Joventut","Festina Jov.","JOV",1176,205,"Taugrés","Taugrés","TAU",1,63,12000,5,10,50,22,42,52.38,4,8,50,26,6,32,11,4,19,0,2,2,2,21,15,56,0,0,1,0,0,63,74,0,NA,0,0,0,0,0,0,0
1530803,1,"Liga Nacional","Liga Endesa",-402534000,NA,"https://www.acb.com/Documentos/Cabeceras/logo-competicion-1b.png","https://www.acb.com/Documentos/Cabeceras/logo-competicion-4a.png",61,1996,107,NA,NA,1530,9367,NA,NA,FALSE,1185,1191,1120,"Caja San Fernando","C. San Fernando","CSF",1185,748,"Real Madrid Teka","Real Madrid","RMB",1,85,12000,7,15,46,24,46,52,16,23,69,20,13,33,13,11,16,0,3,1,1,19,24,96,0,0,0,12,0,1020,78,0,0,0,0,0,0,0,0,0
1530802,1,"Liga Nacional","Liga Endesa",-402534000,NA,"https://www.acb.com/Documentos/Cabeceras/logo-competicion-1b.png","https://www.acb.com/Documentos/Cabeceras/logo-competicion-4a.png",61,1996,107,NA,NA,1530,9367,NA,NA,TRUE,1191,1191,1120,"Caja San Fernando","C. San Fernando","CSF",1185,748,"Real Madrid Teka","Real Madrid","RMB",1,78,12000,8,18,44,20,37,54,14,16,87,19,4,23,12,6,18,0,1,3,0,24,19,65,0,0,9,0,0,702,85,0,0,0,0,0,0,0,0,0
1530643,1,"Liga Nacional","Liga Endesa",-402534000,NA,"https://www.acb.com/Documentos/Cabeceras/logo-competicion-1b.png","https://www.acb.com/Documentos/Cabeceras/logo-competicion-4a.png",61,1996,107,NA,NA,1530,9360,NA,NA,TRUE,1177,1177,1368,"Cáceres CB","Cáceres CB","CAC",1186,861,"TDK Manresa","TDK Manresa","MAN",1,84,12000,6,15,40,23,43,53.49,20,22,90.91,12,15,27,12,8,9,0,3,2,4,21,24,95,0,0,0,1,0,84,79,0,NA,0,0,0,0,0,0,0
1530644,1,"Liga Nacional","Liga Endesa",-402534000,NA,"https://www.acb.com/Documentos/Cabeceras/logo-competicion-1b.png","https://www.acb.com/Documentos/Cabeceras/logo-competicion-4a.png",61,1996,107,NA,NA,1530,9360,NA,NA,FALSE,1186,1177,1368,"Cáceres CB","Cáceres CB","CAC",1186,861,"TDK Manresa","TDK Manresa","MAN",1,79,12000,5,13,38.46,26,43,60.47,12,16,75,15,12,27,8,5,9,0,2,3,1,24,21,77,0,0,1,0,0,79,84,0,NA,0,0,0,0,0,0,0
1530687,1,"Liga Nacional","Liga Endesa",-402534000,NA,"https://www.acb.com/Documentos/Cabeceras/logo-competicion-1b.png","https://www.acb.com/Documentos/Cabeceras/logo-competicion-4a.png",61,1996,107,NA,NA,1530,9362,NA,NA,FALSE,1179,1189,948,"Pamesa Valencia","Pamesa Valencia","PAM",1179,452,"Estudiantes Argentaria","Estudiantes A.","EST",1,84,12000,7,22,31,25,46,54,13,15,86,13,15,28,13,9,15,0,4,2,0,29,17,71,0,0,9,0,0,756,95,0,0,0,0,0,0,0,0,0
1530686,1,"Liga Nacional","Liga Endesa",-402534000,NA,"https://www.acb.com/Documentos/Cabeceras/logo-competicion-1b.png","https://www.acb.com/Documentos/Cabeceras/logo-competicion-4a.png",61,1996,107,NA,NA,1530,9362,NA,NA,TRUE,1189,1189,948,"Pamesa Valencia","Pamesa Valencia","PAM",1179,452,"Estudiantes Argentaria","Estudiantes A.","EST",1,95,12000,5,11,45.45,29,43,67.44,22,30,73.33,21,10,31,10,11,14,0,2,4,6,17,29,115,0,0,0,1,0,95,84,0,NA,0,0,0,0,0,0,0
1530712,1,"Liga Nacional","Liga Endesa",-402534000,NA,"https://www.acb.com/Documentos/Cabeceras/logo-competicion-1b.png","https://www.acb.com/Documentos/Cabeceras/logo-competicion-4a.png",61,1996,107,NA,NA,1530,9363,NA,NA,TRUE,1182,1182,1,"Covirán Granada","Covirán Granada","GRA",1178,329,"Gran Canaria","Gran Canaria","GCA",1,95,12000,3,14,21,31,51,60,24,32,75,26,11,37,13,10,7,0,2,1,4,25,27,112,0,0,0,12,0,1140,84,0,0,0,0,0,0,0,0,0
1530713,1,"Liga Nacional","Liga Endesa",-402534000,NA,"https://www.acb.com/Documentos/Cabeceras/logo-competicion-1b.png","https://www.acb.com/Documentos/Cabeceras/logo-competicion-4a.png",61,1996,107,NA,NA,1530,9363,NA,NA,FALSE,1178,1182,1,"Covirán Granada","Covirán Granada","GRA",1178,329,"Gran Canaria","Gran Canaria","GCA",1,84,12000,7,15,46.67,21,44,47.73,21,31,67.74,24,13,37,8,6,17,0,1,2,0,27,25,74,0,0,1,0,0,84,95,0,NA,0,0,0,0,0,0,0
1530622,1,"Liga Nacional","Liga Endesa",-402534000,NA,"https://www.acb.com/Documentos/Cabeceras/logo-competicion-1b.png","https://www.acb.com/Documentos/Cabeceras/logo-competicion-4a.png",61,1996,107,NA,NA,1530,9359,NA,NA,FALSE,1175,1180,1193,"Baloncesto Fuenlabrada","B. Fuenlabrada","FUE",1175,91,"FC Barcelona Banca Catalana","FC Barcelona","FCB",1,81,12000,7,15,46,22,40,55,16,21,76,22,8,30,11,12,15,0,0,6,4,22,21,81,0,0,0,11,0,891,63,0,0,0,0,0,0,0,0,0
1530621,1,"Liga Nacional","Liga Endesa",-402534000,NA,"https://www.acb.com/Documentos/Cabeceras/logo-competicion-1b.png","https://www.acb.com/Documentos/Cabeceras/logo-competicion-4a.png",61,1996,107,NA,NA,1530,9359,NA,NA,TRUE,1180,1180,1193,"Baloncesto Fuenlabrada","B. Fuenlabrada","FUE",1175,91,"FC Barcelona Banca Catalana","FC Barcelona","FCB",1,63,12000,3,15,20,22,45,48,10,19,52,17,14,31,8,6,18,0,6,0,1,21,22,53,0,0,12,0,0,756,81,0,0,0,0,0,0,0,0,0
1530665,1,"Liga Nacional","Liga Endesa",-402534000,NA,"https://www.acb.com/Documentos/Cabeceras/logo-competicion-1b.png","https://www.acb.com/Documentos/Cabeceras/logo-competicion-4a.png",61,1996,107,NA,NA,1530,9361,NA,NA,FALSE,1192,1190,1045,"Unicaja","Unicaja","UNI",1192,1844,"Fórum Valladolid","Fórum Vall.","FOR",1,87,12000,1,8,12.5,25,48,52.08,34,48,70.83,17,15,32,9,17,14,0,1,1,2,23,34,98,0,0,0,1,0,87,83,0,NA,0,0,0,0,0,0,0
1530664,1,"Liga Nacional","Liga Endesa",-402534000,NA,"https://www.acb.com/Documentos/Cabeceras/logo-competicion-1b.png","https://www.acb.com/Documentos/Cabeceras/logo-competicion-4a.png",61,1996,107,NA,NA,1530,9361,NA,NA,TRUE,1190,1190,1045,"Unicaja","Unicaja","UNI",1192,1844,"Fórum Valladolid","Fórum Vall.","FOR",1,83,12000,5,14,35.71,26,45,57.78,16,22,72.73,22,10,32,8,10,17,0,1,1,1,34,23,71,0,0,1,0,0,83,87,0,NA,0,0,0,0,0,0,0
1530981,1,"Liga Nacional","Liga Endesa",-402534000,NA,"https://www.acb.com/Documentos/Cabeceras/logo-competicion-1b.png","https://www.acb.com/Documentos/Cabeceras/logo-competicion-4a.png",61,1996,107,NA,NA,1531,9375,NA,NA,TRUE,1175,1175,91,"FC Barcelona Banca Catalana","FC Barcelona","FCB",1189,948,"Pamesa Valencia","Pamesa Valencia","PAM",1,103,12000,9,19,47,30,42,71,16,20,80,29,7,36,23,7,11,0,2,0,2,16,18,136,0,0,0,11,0,1133,68,0,0,0,0,0,0,0,0,0
1530982,1,"Liga Nacional","Liga Endesa",-402534000,NA,"https://www.acb.com/Documentos/Cabeceras/logo-competicion-1b.png","https://www.acb.com/Documentos/Cabeceras/logo-competicion-4a.png",61,1996,107,NA,NA,1531,9375,NA,NA,FALSE,1189,1175,91,"FC Barcelona Banca Catalana","FC Barcelona","FCB",1189,948,"Pamesa Valencia","Pamesa Valencia","PAM",1,68,12000,3,17,17.65,26,48,54.17,7,9,77.78,17,7,24,7,7,13,0,0,2,2,18,16,51,0,0,1,0,0,68,103,0,NA,0,0,0,0,0,0,0
1530889,1,"Liga Nacional","Liga Endesa",-402534000,NA,"https://www.acb.com/Documentos/Cabeceras/logo-competicion-1b.png","https://www.acb.com/Documentos/Cabeceras/logo-competicion-4a.png",61,1996,107,NA,NA,1531,9371,NA,NA,TRUE,1178,1178,329,"Gran Canaria","Gran Canaria","GCA",1187,907,"CB Murcia Airtel","Murcia Airtel","MUR",1,84,12000,5,16,31.25,25,47,53.19,19,34,55.88,26,16,42,10,14,14,0,2,0,2,22,29,97,0,0,0,1,0,84,69,0,NA,0,0,0,0,0,0,0
1530890,1,"Liga Nacional","Liga Endesa",-402534000,NA,"https://www.acb.com/Documentos/Cabeceras/logo-competicion-1b.png","https://www.acb.com/Documentos/Cabeceras/logo-competicion-4a.png",61,1996,107,NA,NA,1531,9371,NA,NA,FALSE,1187,1178,329,"Gran Canaria","Gran Canaria","GCA",1187,907,"CB Murcia Airtel","Murcia Airtel","MUR",1,69,12000,5,15,33.33,20,46,43.48,14,19,73.68,20,13,33,5,11,17,0,0,2,1,29,22,51,0,0,1,0,0,69,84,0,NA,0,0,0,0,0,0,0
1530956,1,"Liga Nacional","Liga Endesa",-402534000,NA,"https://www.acb.com/Documentos/Cabeceras/logo-competicion-1b.png","https://www.acb.com/Documentos/Cabeceras/logo-competicion-4a.png",61,1996,107,NA,NA,1531,9374,NA,NA,FALSE,1182,1186,861,"TDK Manresa","TDK Manresa","MAN",1182,1,"Covirán Granada","Covirán Granada","GRA",1,80,12000,4,19,21,24,45,53,20,29,68,24,11,35,8,12,9,0,7,1,1,23,24,88,0,0,11,0,0,880,84,0,0,0,0,0,0,0,0,0
1530955,1,"Liga Nacional","Liga Endesa",-402534000,NA,"https://www.acb.com/Documentos/Cabeceras/logo-competicion-1b.png","https://www.acb.com/Documentos/Cabeceras/logo-competicion-4a.png",61,1996,107,NA,NA,1531,9374,NA,NA,TRUE,1186,1186,861,"TDK Manresa","TDK Manresa","MAN",1182,1,"Covirán Granada","Covirán Granada","GRA",1,84,12000,9,16,56.25,19,48,39.58,19,30,63.33,30,16,46,10,5,13,0,1,7,2,24,23,78,0,0,0,1,0,84,80,0,NA,0,0,0,0,0,0,0
1530910,1,"Liga Nacional","Liga Endesa",-402534000,NA,"https://www.acb.com/Documentos/Cabeceras/logo-competicion-1b.png","https://www.acb.com/Documentos/Cabeceras/logo-competicion-4a.png",61,1996,107,NA,NA,1531,9372,NA,NA,TRUE,1179,1179,452,"Estudiantes Argentaria","Estudiantes A.","EST",1181,1462,"Valvi Girona","Valvi Girona","GIR",1,83,12000,2,7,28.57,30,55,54.55,17,35,48.57,27,14,41,15,9,17,0,7,7,4,24,29,88,0,0,0,1,0,83,78,0,NA,0,0,0,0,0,0,0
1530911,1,"Liga Nacional","Liga Endesa",-402534000,NA,"https://www.acb.com/Documentos/Cabeceras/logo-competicion-1b.png","https://www.acb.com/Documentos/Cabeceras/logo-competicion-4a.png",61,1996,107,NA,NA,1531,9372,NA,NA,FALSE,1181,1179,452,"Estudiantes Argentaria","Estudiantes A.","EST",1181,1462,"Valvi Girona","Valvi Girona","GIR",1,78,12000,6,17,35.29,20,48,41.67,20,27,74.07,28,12,40,7,12,18,0,7,7,3,29,24,68,0,0,1,0,0,78,83,0,NA,0,0,0,0,0,0,0
1530868,1,"Liga Nacional","Liga Endesa",-402534000,NA,"https://www.acb.com/Documentos/Cabeceras/logo-competicion-1b.png","https://www.acb.com/Documentos/Cabeceras/logo-competicion-4a.png",61,1996,107,NA,NA,1531,9370,NA,NA,FALSE,1191,1176,205,"Taugrés","Taugrés","TAU",1191,1120,"Caja San Fernando","C. San Fernando","CSF",1,75,12000,3,16,18,27,51,52,12,16,75,23,12,35,6,6,9,0,2,3,1,28,21,64,0,0,10,0,0,750,80,0,0,0,0,0,0,0,0,0
1530867,1,"Liga Nacional","Liga Endesa",-402534000,NA,"https://www.acb.com/Documentos/Cabeceras/logo-competicion-1b.png","https://www.acb.com/Documentos/Cabeceras/logo-competicion-4a.png",61,1996,107,NA,NA,1531,9370,NA,NA,TRUE,1176,1176,205,"Taugrés","Taugrés","TAU",1191,1120,"Caja San Fernando","C. San Fernando","CSF",1,80,12000,4,10,40,21,45,46.67,26,34,76.47,27,11,38,6,7,11,0,3,2,4,21,28,90,0,0,0,1,0,80,75,0,NA,0,0,0,0,0,0,0
1530930,1,"Liga Nacional","Liga Endesa",-402534000,NA,"https://www.acb.com/Documentos/Cabeceras/logo-competicion-1b.png","https://www.acb.com/Documentos/Cabeceras/logo-competicion-4a.png",61,1996,107,NA,NA,1531,9373,NA,NA,TRUE,1192,1192,1844,"Fórum Valladolid","Fórum Vall.","FOR",1183,617,"Festina Joventut","Festina Jov.","JOV",1,95,12000,10,21,47.62,24,45,53.33,17,31,54.84,16,17,33,11,12,12,0,6,3,2,23,26,99,0,0,0,1,0,95,84,0,NA,0,0,0,0,0,0,0
1530931,1,"Liga Nacional","Liga Endesa",-402534000,NA,"https://www.acb.com/Documentos/Cabeceras/logo-competicion-1b.png","https://www.acb.com/Documentos/Cabeceras/logo-competicion-4a.png",61,1996,107,NA,NA,1531,9373,NA,NA,FALSE,1183,1192,1844,"Fórum Valladolid","Fórum Vall.","FOR",1183,617,"Festina Joventut","Festina Jov.","JOV",1,84,12000,9,17,52.94,21,41,51.22,15,24,62.5,20,16,36,10,5,18,0,3,6,4,26,23,74,0,0,1,0,0,84,95,0,NA,0,0,0,0,0,0,0
1530824,1,"Liga Nacional","Liga Endesa",-402534000,NA,"https://www.acb.com/Documentos/Cabeceras/logo-competicion-1b.png","https://www.acb.com/Documentos/Cabeceras/logo-competicion-4a.png",61,1996,107,NA,NA,1531,9368,NA,NA,TRUE,1184,1184,1604,"León Caja España","León C. España","LEO",1180,1193,"Baloncesto Fuenlabrada","B. Fuenlabrada","FUE",1,85,12000,7,19,36.84,22,38,57.89,20,25,80,28,8,36,6,12,11,0,1,3,4,20,21,94,0,0,0,1,0,85,71,0,NA,0,0,0,0,0,0,0
1530825,1,"Liga Nacional","Liga Endesa",-402534000,NA,"https://www.acb.com/Documentos/Cabeceras/logo-competicion-1b.png","https://www.acb.com/Documentos/Cabeceras/logo-competicion-4a.png",61,1996,107,NA,NA,1531,9368,NA,NA,FALSE,1180,1184,1604,"León Caja España","León C. España","LEO",1180,1193,"Baloncesto Fuenlabrada","B. Fuenlabrada","FUE",1,71,12000,4,18,22.22,20,44,45.45,19,21,90.48,23,10,33,3,4,13,0,3,1,2,21,20,59,0,0,1,0,0,71,85,0,NA,0,0,0,0,0,0,0
1530846,1,"Liga Nacional","Liga Endesa",-402534000,NA,"https://www.acb.com/Documentos/Cabeceras/logo-competicion-1b.png","https://www.acb.com/Documentos/Cabeceras/logo-competicion-4a.png",61,1996,107,NA,NA,1531,9369,NA,NA,FALSE,1185,1188,1718,"Xacobeo 99 Ourense","Xacobeo Ourense","OUR",1185,748,"Real Madrid Teka","Real Madrid","RMB",1,86,12000,10,24,41,21,44,47,14,17,82,19,17,36,6,8,7,0,3,5,2,16,19,90,0,0,0,10,0,860,79,0,0,0,0,0,0,0,0,0
1530845,1,"Liga Nacional","Liga Endesa",-402534000,NA,"https://www.acb.com/Documentos/Cabeceras/logo-competicion-1b.png","https://www.acb.com/Documentos/Cabeceras/logo-competicion-4a.png",61,1996,107,NA,NA,1531,9369,NA,NA,TRUE,1188,1188,1718,"Xacobeo 99 Ourense","Xacobeo Ourense","OUR",1185,748,"Real Madrid Teka","Real Madrid","RMB",1,79,12000,5,15,33.33,28,45,62.22,8,15,53.33,21,13,34,12,5,12,0,5,3,1,19,16,83,0,0,1,0,0,79,86,0,NA,0,0,0,0,0,0,0
1531003,1,"Liga Nacional","Liga Endesa",-402534000,NA,"https://www.acb.com/Documentos/Cabeceras/logo-competicion-1b.png","https://www.acb.com/Documentos/Cabeceras/logo-competicion-4a.png",61,1996,107,NA,NA,1531,9376,NA,NA,FALSE,1190,1177,1368,"Cáceres CB","Cáceres CB","CAC",1190,1045,"Unicaja","Unicaja","UNI",1,85,12000,2,14,14.29,30,39,76.92,19,26,73.08,18,4,22,11,7,9,0,4,0,4,26,24,90,0,0,1,0,0,85,92,0,NA,0,0,0,0,0,0,0
1531002,1,"Liga Nacional","Liga Endesa",-402534000,NA,"https://www.acb.com/Documentos/Cabeceras/logo-competicion-1b.png","https://www.acb.com/Documentos/Cabeceras/logo-competicion-4a.png",61,1996,107,NA,NA,1531,9376,NA,NA,TRUE,1177,1177,1368,"Cáceres CB","Cáceres CB","CAC",1190,1045,"Unicaja","Unicaja","UNI",1,92,12000,6,12,50,25,48,52.08,24,28,85.71,21,12,33,10,6,10,0,0,4,1,24,26,96,0,0,0,1,0,92,85,0,NA,0,0,0,0,0,0,0
1531210,1,"Liga Nacional","Liga Endesa",-402534000,NA,"https://www.acb.com/Documentos/Cabeceras/logo-competicion-1b.png","https://www.acb.com/Documentos/Cabeceras/logo-competicion-4a.png",61,1996,107,NA,NA,1532,9385,NA,NA,TRUE,1185,1185,748,"Real Madrid Teka","Real Madrid","RMB",1184,1604,"León Caja España","León C. España","LEO",1,84,12000,8,21,38,23,37,62,14,16,87,21,6,27,12,11,18,0,2,1,2,21,20,87,0,0,0,10,0,840,81,0,0,0,0,0,0,0,0,0
1531211,1,"Liga Nacional","Liga Endesa",-402534000,NA,"https://www.acb.com/Documentos/Cabeceras/logo-competicion-1b.png","https://www.acb.com/Documentos/Cabeceras/logo-competicion-4a.png",61,1996,107,NA,NA,1532,9385,NA,NA,FALSE,1184,1185,748,"Real Madrid Teka","Real Madrid","RMB",1184,1604,"León Caja España","León C. España","LEO",1,81,12000,3,10,30,28,48,58.33,16,23,69.57,20,10,30,7,8,18,0,1,2,2,20,21,74,0,0,1,0,0,81,84,0,NA,0,0,0,0,0,0,0
1531096,1,"Liga Nacional","Liga Endesa",-402534000,NA,"https://www.acb.com/Documentos/Cabeceras/logo-competicion-1b.png","https://www.acb.com/Documentos/Cabeceras/logo-competicion-4a.png",61,1996,107,NA,NA,1532,9380,NA,NA,TRUE,1182,1182,1,"Covirán Granada","Covirán Granada","GRA",1192,1844,"Fórum Valladolid","Fórum Vall.","FOR",1,93,12000,3,11,27,30,48,62,24,36,66,27,11,38,18,17,13,0,4,0,1,16,28,131,0,0,0,10,0,930,80,0,0,0,0,0,0,0,0,0
1531097,1,"Liga Nacional","Liga Endesa",-402534000,NA,"https://www.acb.com/Documentos/Cabeceras/logo-competicion-1b.png","https://www.acb.com/Documentos/Cabeceras/logo-competicion-4a.png",61,1996,107,NA,NA,1532,9380,NA,NA,FALSE,1192,1182,1,"Covirán Granada","Covirán Granada","GRA",1192,1844,"Fórum Valladolid","Fórum Vall.","FOR",1,80,12000,7,20,35,23,45,51.11,13,19,68.42,21,15,36,7,12,21,0,0,4,1,28,16,57,0,0,1,0,0,80,93,0,NA,0,0,0,0,0,0,0
1531163,1,"Liga Nacional","Liga Endesa",-402534000,NA,"https://www.acb.com/Documentos/Cabeceras/logo-competicion-1b.png","https://www.acb.com/Documentos/Cabeceras/logo-competicion-4a.png",61,1996,107,NA,NA,1532,9383,NA,NA,FALSE,1176,1187,907,"CB Murcia Airtel","Murcia Airtel","MUR",1176,205,"Taugrés","Taugrés","TAU",1,95,12000,6,17,35,32,50,64,13,24,54,18,14,32,10,10,14,0,1,3,3,28,23,86,0,0,0,11,0,1045,93,0,0,0,0,0,0,0,0,0
1531162,1,"Liga Nacional","Liga Endesa",-402534000,NA,"https://www.acb.com/Documentos/Cabeceras/logo-competicion-1b.png","https://www.acb.com/Documentos/Cabeceras/logo-competicion-4a.png",61,1996,107,NA,NA,1532,9383,NA,NA,TRUE,1187,1187,907,"CB Murcia Airtel","Murcia Airtel","MUR",1176,205,"Taugrés","Taugrés","TAU",1,93,12000,5,11,45.45,26,42,61.9,26,39,66.67,23,7,30,11,7,13,0,3,1,2,23,28,100,0,0,1,0,0,93,95,0,NA,0,0,0,0,0,0,0
1531026,1,"Liga Nacional","Liga Endesa",-402534000,NA,"https://www.acb.com/Documentos/Cabeceras/logo-competicion-1b.png","https://www.acb.com/Documentos/Cabeceras/logo-competicion-4a.png",61,1996,107,NA,NA,1532,9377,NA,NA,TRUE,1180,1180,1193,"Baloncesto Fuenlabrada","B. Fuenlabrada","FUE",1177,1368,"Cáceres CB","Cáceres CB","CAC",1,75,12000,3,16,18.75,30,48,62.5,6,10,60,23,7,30,7,8,14,0,1,0,3,15,14,71,0,0,1,0,0,75,97,0,NA,0,0,0,0,0,0,0
1531027,1,"Liga Nacional","Liga Endesa",-402534000,NA,"https://www.acb.com/Documentos/Cabeceras/logo-competicion-1b.png","https://www.acb.com/Documentos/Cabeceras/logo-competicion-4a.png",61,1996,107,NA,NA,1532,9377,NA,NA,FALSE,1177,1180,1193,"Baloncesto Fuenlabrada","B. Fuenlabrada","FUE",1177,1368,"Cáceres CB","Cáceres CB","CAC",1,97,12000,6,13,46.15,31,49,63.27,17,21,80.95,26,6,32,22,10,12,0,0,1,1,14,15,120,0,0,0,1,0,97,75,0,NA,0,0,0,0,0,0,0
1531051,1,"Liga Nacional","Liga Endesa",-402534000,NA,"https://www.acb.com/Documentos/Cabeceras/logo-competicion-1b.png","https://www.acb.com/Documentos/Cabeceras/logo-competicion-4a.png",61,1996,107,NA,NA,1532,9378,NA,NA,FALSE,1175,1190,1045,"Unicaja","Unicaja","UNI",1175,91,"FC Barcelona Banca Catalana","FC Barcelona","FCB",1,72,12000,4,14,28,21,48,43,18,23,78,27,8,35,4,9,17,0,7,4,3,27,23,60,0,0,11,0,0,792,87,0,0,0,0,0,0,0,0,0
1531050,1,"Liga Nacional","Liga Endesa",-402534000,NA,"https://www.acb.com/Documentos/Cabeceras/logo-competicion-1b.png","https://www.acb.com/Documentos/Cabeceras/logo-competicion-4a.png",61,1996,107,NA,NA,1532,9378,NA,NA,TRUE,1190,1190,1045,"Unicaja","Unicaja","UNI",1175,91,"FC Barcelona Banca Catalana","FC Barcelona","FCB",1,87,12000,7,15,46.67,21,45,46.67,24,35,68.57,31,12,43,15,11,17,0,4,7,6,23,27,97,0,0,0,1,0,87,72,0,NA,0,0,0,0,0,0,0
1531074,1,"Liga Nacional","Liga Endesa",-402534000,NA,"https://www.acb.com/Documentos/Cabeceras/logo-competicion-1b.png","https://www.acb.com/Documentos/Cabeceras/logo-competicion-4a.png",61,1996,107,NA,NA,1532,9379,NA,NA,TRUE,1189,1189,948,"Pamesa Valencia","Pamesa Valencia","PAM",1186,861,"TDK Manresa","TDK Manresa","MAN",1,105,13500,8,16,50,29,43,67.44,23,32,71.88,21,3,24,16,8,12,0,2,1,2,27,29,113,0,0,0,1,0,105,104,0,NA,0,0,0,0,0,0,0
1531075,1,"Liga Nacional","Liga Endesa",-402534000,NA,"https://www.acb.com/Documentos/Cabeceras/logo-competicion-1b.png","https://www.acb.com/Documentos/Cabeceras/logo-competicion-4a.png",61,1996,107,NA,NA,1532,9379,NA,NA,FALSE,1186,1189,948,"Pamesa Valencia","Pamesa Valencia","PAM",1186,861,"TDK Manresa","TDK Manresa","MAN",1,104,13500,9,18,50,28,49,57.14,21,37,56.76,22,14,36,17,10,10,0,1,2,3,29,27,108,0,0,1,0,0,104,105,0,NA,0,0,0,0,0,0,0
1531119,1,"Liga Nacional","Liga Endesa",-402534000,NA,"https://www.acb.com/Documentos/Cabeceras/logo-competicion-1b.png","https://www.acb.com/Documentos/Cabeceras/logo-competicion-4a.png",61,1996,107,NA,NA,1532,9381,NA,NA,FALSE,1179,1183,617,"Festina Joventut","Festina Jov.","JOV",1179,452,"Estudiantes Argentaria","Estudiantes A.","EST",1,89,12000,8,21,38,25,42,59,15,23,65,25,4,29,11,10,15,0,3,0,1,26,19,82,0,0,10,0,0,890,102,0,0,0,0,0,0,0,0,0
1531118,1,"Liga Nacional","Liga Endesa",-402534000,NA,"https://www.acb.com/Documentos/Cabeceras/logo-competicion-1b.png","https://www.acb.com/Documentos/Cabeceras/logo-competicion-4a.png",61,1996,107,NA,NA,1532,9381,NA,NA,TRUE,1183,1183,617,"Festina Joventut","Festina Jov.","JOV",1179,452,"Estudiantes Argentaria","Estudiantes A.","EST",1,102,12000,7,14,50,26,52,50,29,32,90.62,30,10,40,11,9,13,0,0,3,1,19,26,117,0,0,0,1,0,102,89,0,NA,0,0,0,0,0,0,0
1531138,1,"Liga Nacional","Liga Endesa",-402534000,NA,"https://www.acb.com/Documentos/Cabeceras/logo-competicion-1b.png","https://www.acb.com/Documentos/Cabeceras/logo-competicion-4a.png",61,1996,107,NA,NA,1532,9382,NA,NA,TRUE,1181,1181,1462,"Valvi Girona","Valvi Girona","GIR",1178,329,"Gran Canaria","Gran Canaria","GCA",1,85,13500,6,19,31.58,27,51,52.94,13,18,72.22,19,15,34,10,11,14,0,1,1,2,25,23,82,0,0,1,0,0,85,90,0,NA,0,0,0,0,0,0,0
1531139,1,"Liga Nacional","Liga Endesa",-402534000,NA,"https://www.acb.com/Documentos/Cabeceras/logo-competicion-1b.png","https://www.acb.com/Documentos/Cabeceras/logo-competicion-4a.png",61,1996,107,NA,NA,1532,9382,NA,NA,FALSE,1178,1181,1462,"Valvi Girona","Valvi Girona","GIR",1178,329,"Gran Canaria","Gran Canaria","GCA",1,90,13500,4,12,33.33,32,55,58.18,14,26,53.85,23,16,39,8,10,14,0,1,1,2,23,25,92,0,0,0,1,0,90,85,0,NA,0,0,0,0,0,0,0
1531188,1,"Liga Nacional","Liga Endesa",-402534000,NA,"https://www.acb.com/Documentos/Cabeceras/logo-competicion-1b.png","https://www.acb.com/Documentos/Cabeceras/logo-competicion-4a.png",61,1996,107,NA,NA,1532,9384,NA,NA,FALSE,1188,1191,1120,"Caja San Fernando","C. San Fernando","CSF",1188,1718,"Xacobeo 99 Ourense","Xacobeo Ourense","OUR",1,58,12000,2,16,12.5,24,52,46.15,4,11,36.36,24,14,38,5,7,16,0,3,4,0,26,16,32,0,0,1,0,0,58,77,0,NA,0,0,0,0,0,0,0
1531187,1,"Liga Nacional","Liga Endesa",-402534000,NA,"https://www.acb.com/Documentos/Cabeceras/logo-competicion-1b.png","https://www.acb.com/Documentos/Cabeceras/logo-competicion-4a.png",61,1996,107,NA,NA,1532,9384,NA,NA,TRUE,1191,1191,1120,"Caja San Fernando","C. San Fernando","CSF",1188,1718,"Xacobeo 99 Ourense","Xacobeo Ourense","OUR",1,77,12000,4,14,28,24,45,53,17,29,58,32,12,44,16,8,12,0,4,3,2,16,26,101,0,0,0,11,0,847,58,0,0,0,0,0,0,0,0,0
1531281,1,"Liga Nacional","Liga Endesa",-402534000,NA,"https://www.acb.com/Documentos/Cabeceras/logo-competicion-1b.png","https://www.acb.com/Documentos/Cabeceras/logo-competicion-4a.png",61,1996,107,NA,NA,1533,9388,NA,NA,TRUE,1178,1178,329,"Gran Canaria","Gran Canaria","GCA",1185,748,"Real Madrid Teka","Real Madrid","RMB",1,90,12000,6,16,37.5,27,55,49.09,18,24,75,18,19,37,7,5,9,0,1,0,2,22,21,86,0,0,1,0,0,90,94,0,NA,0,0,0,0,0,0,0
1531282,1,"Liga Nacional","Liga Endesa",-402534000,NA,"https://www.acb.com/Documentos/Cabeceras/logo-competicion-1b.png","https://www.acb.com/Documentos/Cabeceras/logo-competicion-4a.png",61,1996,107,NA,NA,1533,9388,NA,NA,FALSE,1185,1178,329,"Gran Canaria","Gran Canaria","GCA",1185,748,"Real Madrid Teka","Real Madrid","RMB",1,94,12000,7,18,38,28,41,68,17,24,70,23,10,33,13,9,10,0,0,1,1,21,22,108,0,0,0,12,0,1128,90,0,0,0,0,0,0,0,0,0
1531348,1,"Liga Nacional","Liga Endesa",-402534000,NA,"https://www.acb.com/Documentos/Cabeceras/logo-competicion-1b.png","https://www.acb.com/Documentos/Cabeceras/logo-competicion-4a.png",61,1996,107,NA,NA,1533,9391,NA,NA,TRUE,1186,1186,861,"TDK Manresa","TDK Manresa","MAN",1181,1462,"Valvi Girona","Valvi Girona","GIR",1,70,12000,10,14,71.43,15,45,33.33,10,15,66.67,26,10,36,10,6,8,0,7,9,2,19,20,74,0,0,0,1,0,70,63,0,NA,0,0,0,0,0,0,0
1531349,1,"Liga Nacional","Liga Endesa",-402534000,NA,"https://www.acb.com/Documentos/Cabeceras/logo-competicion-1b.png","https://www.acb.com/Documentos/Cabeceras/logo-competicion-4a.png",61,1996,107,NA,NA,1533,9391,NA,NA,FALSE,1181,1186,861,"TDK Manresa","TDK Manresa","MAN",1181,1462,"Valvi Girona","Valvi Girona","GIR",1,63,12000,7,19,36.84,16,38,42.11,10,15,66.67,21,10,31,10,6,11,0,9,7,1,20,19,61,0,0,1,0,0,63,70,0,NA,0,0,0,0,0,0,0
1531414,1,"Liga Nacional","Liga Endesa",-402534000,NA,"https://www.acb.com/Documentos/Cabeceras/logo-competicion-1b.png","https://www.acb.com/Documentos/Cabeceras/logo-competicion-4a.png",61,1996,107,NA,NA,1533,9394,NA,NA,TRUE,1190,1190,1045,"Unicaja","Unicaja","UNI",1189,948,"Pamesa Valencia","Pamesa Valencia","PAM",1,57,12000,4,17,23.53,19,41,46.34,7,16,43.75,18,9,27,5,8,12,0,1,2,0,27,19,32,0,0,1,0,0,57,74,0,NA,0,0,0,0,0,0,0
1531415,1,"Liga Nacional","Liga Endesa",-402534000,NA,"https://www.acb.com/Documentos/Cabeceras/logo-competicion-1b.png","https://www.acb.com/Documentos/Cabeceras/logo-competicion-4a.png",61,1996,107,NA,NA,1533,9394,NA,NA,FALSE,1189,1190,1045,"Unicaja","Unicaja","UNI",1189,948,"Pamesa Valencia","Pamesa Valencia","PAM",1,74,12000,1,3,33.33,24,48,50,23,30,76.67,30,8,38,6,7,12,0,2,1,3,19,27,89,0,0,0,1,0,74,57,0,NA,0,0,0,0,0,0,0
1531255,1,"Liga Nacional","Liga Endesa",-402534000,NA,"https://www.acb.com/Documentos/Cabeceras/logo-competicion-1b.png","https://www.acb.com/Documentos/Cabeceras/logo-competicion-4a.png",61,1996,107,NA,NA,1533,9387,NA,NA,TRUE,1176,1176,205,"Taugrés","Taugrés","TAU",1184,1604,"León Caja España","León C. España","LEO",1,113,12000,10,18,55,29,50,58,25,33,75,24,14,38,13,10,14,0,6,0,4,21,30,138,0,0,0,10,0,1017,87,0,0,0,0,0,0,0,0,0
1531256,1,"Liga Nacional","Liga Endesa",-402534000,NA,"https://www.acb.com/Documentos/Cabeceras/logo-competicion-1b.png","https://www.acb.com/Documentos/Cabeceras/logo-competicion-4a.png",61,1996,107,NA,NA,1533,9387,NA,NA,FALSE,1184,1176,205,"Taugrés","Taugrés","TAU",1184,1604,"León Caja España","León C. España","LEO",1,87,12000,4,13,30.77,32,66,48.48,11,14,78.57,19,19,38,8,9,15,0,0,6,0,30,21,66,0,0,1,0,0,87,113,0,NA,0,0,0,0,0,0,0
1531305,1,"Liga Nacional","Liga Endesa",-402534000,NA,"https://www.acb.com/Documentos/Cabeceras/logo-competicion-1b.png","https://www.acb.com/Documentos/Cabeceras/logo-competicion-4a.png",61,1996,107,NA,NA,1533,9389,NA,NA,FALSE,1191,1179,452,"Estudiantes Argentaria","Estudiantes A.","EST",1191,1120,"Caja San Fernando","C. San Fernando","CSF",1,70,12000,6,17,35,21,47,44,10,13,76,22,17,39,10,6,14,0,1,2,1,17,18,71,0,0,0,9,0,630,66,0,0,0,0,0,0,0,0,0
1531304,1,"Liga Nacional","Liga Endesa",-402534000,NA,"https://www.acb.com/Documentos/Cabeceras/logo-competicion-1b.png","https://www.acb.com/Documentos/Cabeceras/logo-competicion-4a.png",61,1996,107,NA,NA,1533,9389,NA,NA,TRUE,1179,1179,452,"Estudiantes Argentaria","Estudiantes A.","EST",1191,1120,"Caja San Fernando","C. San Fernando","CSF",1,66,12000,3,12,25,21,43,48,15,18,83,21,8,29,10,9,11,0,2,1,0,18,17,69,0,0,10,0,0,660,70,0,0,0,0,0,0,0,0,0
1531394,1,"Liga Nacional","Liga Endesa",-402534000,NA,"https://www.acb.com/Documentos/Cabeceras/logo-competicion-1b.png","https://www.acb.com/Documentos/Cabeceras/logo-competicion-4a.png",61,1996,107,NA,NA,1533,9393,NA,NA,TRUE,1177,1177,1368,"Cáceres CB","Cáceres CB","CAC",1182,1,"Covirán Granada","Covirán Granada","GRA",1,108,12000,10,20,50,27,44,61.36,24,33,72.73,23,14,37,18,9,9,0,1,4,5,23,26,127,0,0,0,1,0,108,92,0,NA,0,0,0,0,0,0,0
1531395,1,"Liga Nacional","Liga Endesa",-402534000,NA,"https://www.acb.com/Documentos/Cabeceras/logo-competicion-1b.png","https://www.acb.com/Documentos/Cabeceras/logo-competicion-4a.png",61,1996,107,NA,NA,1533,9393,NA,NA,FALSE,1182,1177,1368,"Cáceres CB","Cáceres CB","CAC",1182,1,"Covirán Granada","Covirán Granada","GRA",1,92,12000,9,22,40,25,44,56,15,23,65,18,13,31,12,7,11,0,4,1,1,26,23,91,0,0,10,0,0,920,108,0,0,0,0,0,0,0,0,0
1531372,1,"Liga Nacional","Liga Endesa",-402534000,NA,"https://www.acb.com/Documentos/Cabeceras/logo-competicion-1b.png","https://www.acb.com/Documentos/Cabeceras/logo-competicion-4a.png",61,1996,107,NA,NA,1533,9392,NA,NA,TRUE,1175,1175,91,"FC Barcelona Banca Catalana","FC Barcelona","FCB",1183,617,"Festina Joventut","Festina Jov.","JOV",1,87,12000,2,8,25,24,48,50,33,43,76,20,11,31,16,10,6,0,3,0,3,27,32,106,0,0,0,10,0,870,73,0,0,0,0,0,0,0,0,0
1531373,1,"Liga Nacional","Liga Endesa",-402534000,NA,"https://www.acb.com/Documentos/Cabeceras/logo-competicion-1b.png","https://www.acb.com/Documentos/Cabeceras/logo-competicion-4a.png",61,1996,107,NA,NA,1533,9392,NA,NA,FALSE,1183,1175,91,"FC Barcelona Banca Catalana","FC Barcelona","FCB",1183,617,"Festina Joventut","Festina Jov.","JOV",1,73,12000,4,19,21.05,20,34,58.82,21,29,72.41,22,11,33,12,3,14,0,0,3,3,32,27,62,0,0,1,0,0,73,87,0,NA,0,0,0,0,0,0,0
1531232,1,"Liga Nacional","Liga Endesa",-402534000,NA,"https://www.acb.com/Documentos/Cabeceras/logo-competicion-1b.png","https://www.acb.com/Documentos/Cabeceras/logo-competicion-4a.png",61,1996,107,NA,NA,1533,9386,NA,NA,TRUE,1180,1180,1193,"Baloncesto Fuenlabrada","B. Fuenlabrada","FUE",1188,1718,"Xacobeo 99 Ourense","Xacobeo Ourense","OUR",1,81,12000,9,18,50,16,43,37.21,22,27,81.48,28,14,42,7,6,11,0,2,1,1,23,21,83,0,0,0,1,0,81,76,0,NA,0,0,0,0,0,0,0
1531233,1,"Liga Nacional","Liga Endesa",-402534000,NA,"https://www.acb.com/Documentos/Cabeceras/logo-competicion-1b.png","https://www.acb.com/Documentos/Cabeceras/logo-competicion-4a.png",61,1996,107,NA,NA,1533,9386,NA,NA,FALSE,1188,1180,1193,"Baloncesto Fuenlabrada","B. Fuenlabrada","FUE",1188,1718,"Xacobeo 99 Ourense","Xacobeo Ourense","OUR",1,76,12000,7,16,43.75,20,42,47.62,15,22,68.18,19,8,27,4,7,10,0,1,2,2,21,23,67,0,0,1,0,0,76,81,0,NA,0,0,0,0,0,0,0
1531326,1,"Liga Nacional","Liga Endesa",-402534000,NA,"https://www.acb.com/Documentos/Cabeceras/logo-competicion-1b.png","https://www.acb.com/Documentos/Cabeceras/logo-competicion-4a.png",61,1996,107,NA,NA,1533,9390,NA,NA,TRUE,1192,1192,1844,"Fórum Valladolid","Fórum Vall.","FOR",1187,907,"CB Murcia Airtel","Murcia Airtel","MUR",1,92,12000,8,18,44.44,27,47,57.45,14,20,70,24,9,33,9,7,12,0,1,1,4,23,17,87,0,0,0,1,0,92,81,0,NA,0,0,0,0,0,0,0
1531327,1,"Liga Nacional","Liga Endesa",-402534000,NA,"https://www.acb.com/Documentos/Cabeceras/logo-competicion-1b.png","https://www.acb.com/Documentos/Cabeceras/logo-competicion-4a.png",61,1996,107,NA,NA,1533,9390,NA,NA,FALSE,1187,1192,1844,"Fórum Valladolid","Fórum Vall.","FOR",1187,907,"CB Murcia Airtel","Murcia Airtel","MUR",1,81,12000,3,11,27.27,27,52,51.92,18,29,62.07,25,12,37,14,8,15,0,1,1,0,17,23,87,0,0,1,0,0,81,92,0,NA,0,0,0,0,0,0,0
1531438,1,"Liga Nacional","Liga Endesa",-402534000,NA,"https://www.acb.com/Documentos/Cabeceras/logo-competicion-1b.png","https://www.acb.com/Documentos/Cabeceras/logo-competicion-4a.png",61,1996,107,NA,NA,1534,9395,NA,NA,TRUE,1190,1190,1045,"Unicaja","Unicaja","UNI",1180,1193,"Baloncesto Fuenlabrada","B. Fuenlabrada","FUE",1,88,13500,8,25,32,22,42,52.38,20,30,66.67,26,11,37,15,10,8,0,3,4,3,19,23,98,0,0,0,1,0,88,85,0,NA,0,0,0,0,0,0,0
1531439,1,"Liga Nacional","Liga Endesa",-402534000,NA,"https://www.acb.com/Documentos/Cabeceras/logo-competicion-1b.png","https://www.acb.com/Documentos/Cabeceras/logo-competicion-4a.png",61,1996,107,NA,NA,1534,9395,NA,NA,FALSE,1180,1190,1045,"Unicaja","Unicaja","UNI",1180,1193,"Baloncesto Fuenlabrada","B. Fuenlabrada","FUE",1,85,13500,5,7,71.43,30,61,49.18,10,17,58.82,32,10,42,15,8,13,0,4,3,4,23,19,94,0,0,1,0,0,85,88,0,NA,0,0,0,0,0,0,0
1531481,1,"Liga Nacional","Liga Endesa",-402534000,NA,"https://www.acb.com/Documentos/Cabeceras/logo-competicion-1b.png","https://www.acb.com/Documentos/Cabeceras/logo-competicion-4a.png",61,1996,107,NA,NA,1534,9397,NA,NA,TRUE,1182,1182,1,"Covirán Granada","Covirán Granada","GRA",1175,91,"FC Barcelona Banca Catalana","FC Barcelona","FCB",1,85,12000,6,16,37,23,39,58,21,26,80,21,6,27,12,12,16,0,2,1,2,23,25,92,0,0,9,0,0,765,90,0,0,0,0,0,0,0,0,0
1531482,1,"Liga Nacional","Liga Endesa",-402534000,NA,"https://www.acb.com/Documentos/Cabeceras/logo-competicion-1b.png","https://www.acb.com/Documentos/Cabeceras/logo-competicion-4a.png",61,1996,107,NA,NA,1534,9397,NA,NA,FALSE,1175,1182,1,"Covirán Granada","Covirán Granada","GRA",1175,91,"FC Barcelona Banca Catalana","FC Barcelona","FCB",1,90,12000,9,17,52,24,46,52,15,19,78,22,10,32,17,13,16,0,1,2,2,25,23,99,0,0,0,10,0,900,85,0,0,0,0,0,0,0,0,0
1531548,1,"Liga Nacional","Liga Endesa",-402534000,NA,"https://www.acb.com/Documentos/Cabeceras/logo-competicion-1b.png","https://www.acb.com/Documentos/Cabeceras/logo-competicion-4a.png",61,1996,107,NA,NA,1534,9400,NA,NA,FALSE,1179,1187,907,"CB Murcia Airtel","Murcia Airtel","MUR",1179,452,"Estudiantes Argentaria","Estudiantes A.","EST",1,96,12000,9,19,47,26,43,60,17,25,68,20,7,27,7,6,9,0,4,0,3,21,22,97,0,0,0,10,0,960,83,0,0,0,0,0,0,0,0,0
1531547,1,"Liga Nacional","Liga Endesa",-402534000,NA,"https://www.acb.com/Documentos/Cabeceras/logo-competicion-1b.png","https://www.acb.com/Documentos/Cabeceras/logo-competicion-4a.png",61,1996,107,NA,NA,1534,9400,NA,NA,TRUE,1187,1187,907,"CB Murcia Airtel","Murcia Airtel","MUR",1179,452,"Estudiantes Argentaria","Estudiantes A.","EST",1,83,12000,7,24,29.17,23,42,54.76,16,20,80,23,12,35,13,4,13,0,0,4,5,22,21,77,0,0,1,0,0,83,96,0,NA,0,0,0,0,0,0,0
1531621,1,"Liga Nacional","Liga Endesa",-402534000,NA,"https://www.acb.com/Documentos/Cabeceras/logo-competicion-1b.png","https://www.acb.com/Documentos/Cabeceras/logo-competicion-4a.png",61,1996,107,NA,NA,1534,9403,NA,NA,TRUE,1184,1184,1604,"León Caja España","León C. España","LEO",1188,1718,"Xacobeo 99 Ourense","Xacobeo Ourense","OUR",1,92,12000,5,16,31,25,39,64,27,34,79,21,7,28,6,9,12,0,3,0,6,20,28,102,0,0,0,11,0,1012,79,0,0,0,0,0,0,0,0,0
1531622,1,"Liga Nacional","Liga Endesa",-402534000,NA,"https://www.acb.com/Documentos/Cabeceras/logo-competicion-1b.png","https://www.acb.com/Documentos/Cabeceras/logo-competicion-4a.png",61,1996,107,NA,NA,1534,9403,NA,NA,FALSE,1188,1184,1604,"León Caja España","León C. España","LEO",1188,1718,"Xacobeo 99 Ourense","Xacobeo Ourense","OUR",1,79,12000,3,9,33.33,28,53,52.83,14,21,66.67,20,12,32,8,10,16,0,0,3,1,28,20,64,0,0,1,0,0,79,92,0,NA,0,0,0,0,0,0,0
1531459,1,"Liga Nacional","Liga Endesa",-402534000,NA,"https://www.acb.com/Documentos/Cabeceras/logo-competicion-1b.png","https://www.acb.com/Documentos/Cabeceras/logo-competicion-4a.png",61,1996,107,NA,NA,1534,9396,NA,NA,FALSE,1177,1189,948,"Pamesa Valencia","Pamesa Valencia","PAM",1177,1368,"Cáceres CB","Cáceres CB","CAC",1,91,12000,9,19,47.37,22,39,56.41,20,25,80,18,12,30,17,7,15,0,3,2,0,24,24,99,0,0,1,0,0,91,93,0,NA,0,0,0,0,0,0,0
1531458,1,"Liga Nacional","Liga Endesa",-402534000,NA,"https://www.acb.com/Documentos/Cabeceras/logo-competicion-1b.png","https://www.acb.com/Documentos/Cabeceras/logo-competicion-4a.png",61,1996,107,NA,NA,1534,9396,NA,NA,TRUE,1189,1189,948,"Pamesa Valencia","Pamesa Valencia","PAM",1177,1368,"Cáceres CB","Cáceres CB","CAC",1,93,12000,7,11,63.64,25,45,55.56,22,29,75.86,17,8,25,14,8,10,0,2,3,4,24,24,98,0,0,0,1,0,93,91,0,NA,0,0,0,0,0,0,0
1531503,1,"Liga Nacional","Liga Endesa",-402534000,NA,"https://www.acb.com/Documentos/Cabeceras/logo-competicion-1b.png","https://www.acb.com/Documentos/Cabeceras/logo-competicion-4a.png",61,1996,107,NA,NA,1534,9398,NA,NA,TRUE,1183,1183,617,"Festina Joventut","Festina Jov.","JOV",1186,861,"TDK Manresa","TDK Manresa","MAN",1,84,12000,8,21,38.1,24,43,55.81,12,15,80,20,8,28,14,13,10,0,1,0,2,19,18,94,0,0,0,1,0,84,74,0,NA,0,0,0,0,0,0,0
1531504,1,"Liga Nacional","Liga Endesa",-402534000,NA,"https://www.acb.com/Documentos/Cabeceras/logo-competicion-1b.png","https://www.acb.com/Documentos/Cabeceras/logo-competicion-4a.png",61,1996,107,NA,NA,1534,9398,NA,NA,FALSE,1186,1183,617,"Festina Joventut","Festina Jov.","JOV",1186,861,"TDK Manresa","TDK Manresa","MAN",1,74,12000,2,10,20,24,40,60,20,27,74.07,25,7,32,7,9,16,0,0,1,1,18,19,75,0,0,1,0,0,74,84,0,NA,0,0,0,0,0,0,0
1531526,1,"Liga Nacional","Liga Endesa",-402534000,NA,"https://www.acb.com/Documentos/Cabeceras/logo-competicion-1b.png","https://www.acb.com/Documentos/Cabeceras/logo-competicion-4a.png",61,1996,107,NA,NA,1534,9399,NA,NA,FALSE,1192,1181,1462,"Valvi Girona","Valvi Girona","GIR",1192,1844,"Fórum Valladolid","Fórum Vall.","FOR",1,85,12000,6,15,40,20,52,38.46,27,34,79.41,27,20,47,12,10,14,0,1,9,0,28,28,84,0,0,0,1,0,85,71,0,NA,0,0,0,0,0,0,0
1531525,1,"Liga Nacional","Liga Endesa",-402534000,NA,"https://www.acb.com/Documentos/Cabeceras/logo-competicion-1b.png","https://www.acb.com/Documentos/Cabeceras/logo-competicion-4a.png",61,1996,107,NA,NA,1534,9399,NA,NA,TRUE,1181,1181,1462,"Valvi Girona","Valvi Girona","GIR",1192,1844,"Fórum Valladolid","Fórum Vall.","FOR",1,71,12000,2,15,13.33,21,48,43.75,23,30,76.67,24,13,37,7,8,12,0,9,1,2,28,28,72,0,0,1,0,0,71,85,0,NA,0,0,0,0,0,0,0
1531573,1,"Liga Nacional","Liga Endesa",-402534000,NA,"https://www.acb.com/Documentos/Cabeceras/logo-competicion-1b.png","https://www.acb.com/Documentos/Cabeceras/logo-competicion-4a.png",61,1996,107,NA,NA,1534,9401,NA,NA,TRUE,1191,1191,1120,"Caja San Fernando","C. San Fernando","CSF",1178,329,"Gran Canaria","Gran Canaria","GCA",1,88,12000,11,21,52,22,43,51,11,13,84,29,9,38,19,9,10,0,4,3,3,15,12,109,0,0,0,12,0,1056,63,0,0,0,0,0,0,0,0,0
1531574,1,"Liga Nacional","Liga Endesa",-402534000,NA,"https://www.acb.com/Documentos/Cabeceras/logo-competicion-1b.png","https://www.acb.com/Documentos/Cabeceras/logo-competicion-4a.png",61,1996,107,NA,NA,1534,9401,NA,NA,FALSE,1178,1191,1120,"Caja San Fernando","C. San Fernando","CSF",1178,329,"Gran Canaria","Gran Canaria","GCA",1,63,12000,6,24,25,20,47,42.55,5,9,55.56,23,16,39,10,6,13,0,3,4,3,12,15,58,0,0,1,0,0,63,88,0,NA,0,0,0,0,0,0,0
1531597,1,"Liga Nacional","Liga Endesa",-402534000,NA,"https://www.acb.com/Documentos/Cabeceras/logo-competicion-1b.png","https://www.acb.com/Documentos/Cabeceras/logo-competicion-4a.png",61,1996,107,NA,NA,1534,9402,NA,NA,FALSE,1176,1185,748,"Real Madrid Teka","Real Madrid","RMB",1176,205,"Taugrés","Taugrés","TAU",1,82,12000,4,9,44.44,30,53,56.6,10,17,58.82,13,10,23,10,8,10,0,3,3,4,21,19,76,0,0,1,0,0,82,84,0,NA,0,0,0,0,0,0,0
1531596,1,"Liga Nacional","Liga Endesa",-402534000,NA,"https://www.acb.com/Documentos/Cabeceras/logo-competicion-1b.png","https://www.acb.com/Documentos/Cabeceras/logo-competicion-4a.png",61,1996,107,NA,NA,1534,9402,NA,NA,TRUE,1185,1185,748,"Real Madrid Teka","Real Madrid","RMB",1176,205,"Taugrés","Taugrés","TAU",1,84,12000,7,10,70,26,55,47,11,21,52,22,19,41,10,10,14,0,3,3,1,19,21,91,0,0,0,10,0,840,82,0,0,0,0,0,0,0,0,0
1531808,1,"Liga Nacional","Liga Endesa",-402534000,NA,"https://www.acb.com/Documentos/Cabeceras/logo-competicion-1b.png","https://www.acb.com/Documentos/Cabeceras/logo-competicion-4a.png",61,1996,107,NA,NA,1535,9411,NA,NA,FALSE,1179,1188,1718,"Xacobeo 99 Ourense","Xacobeo Ourense","OUR",1179,452,"Estudiantes Argentaria","Estudiantes A.","EST",1,80,12000,11,29,37,14,29,48,19,32,59,21,12,33,6,7,21,0,2,4,3,31,32,58,0,0,10,0,0,800,94,0,0,0,0,0,0,0,0,0
1531807,1,"Liga Nacional","Liga Endesa",-402534000,NA,"https://www.acb.com/Documentos/Cabeceras/logo-competicion-1b.png","https://www.acb.com/Documentos/Cabeceras/logo-competicion-4a.png",61,1996,107,NA,NA,1535,9411,NA,NA,TRUE,1188,1188,1718,"Xacobeo 99 Ourense","Xacobeo Ourense","OUR",1179,452,"Estudiantes Argentaria","Estudiantes A.","EST",1,94,12000,9,18,50,20,34,58.82,27,40,67.5,26,8,34,13,14,18,0,4,2,2,32,31,102,0,0,0,1,0,94,80,0,NA,0,0,0,0,0,0,0
1531709,1,"Liga Nacional","Liga Endesa",-402534000,NA,"https://www.acb.com/Documentos/Cabeceras/logo-competicion-1b.png","https://www.acb.com/Documentos/Cabeceras/logo-competicion-4a.png",61,1996,107,NA,NA,1535,9407,NA,NA,TRUE,1187,1187,907,"CB Murcia Airtel","Murcia Airtel","MUR",1177,1368,"Cáceres CB","Cáceres CB","CAC",1,78,12000,9,18,50,20,45,44.44,11,15,73.33,20,12,32,8,6,10,0,1,3,1,18,17,73,0,0,1,0,0,78,80,0,NA,0,0,0,0,0,0,0
1531710,1,"Liga Nacional","Liga Endesa",-402534000,NA,"https://www.acb.com/Documentos/Cabeceras/logo-competicion-1b.png","https://www.acb.com/Documentos/Cabeceras/logo-competicion-4a.png",61,1996,107,NA,NA,1535,9407,NA,NA,FALSE,1177,1187,907,"CB Murcia Airtel","Murcia Airtel","MUR",1177,1368,"Cáceres CB","Cáceres CB","CAC",1,80,12000,6,19,31.58,27,42,64.29,8,10,80,22,7,29,10,7,9,0,3,1,1,17,18,90,0,0,0,1,0,80,78,0,NA,0,0,0,0,0,0,0
1531828,1,"Liga Nacional","Liga Endesa",-402534000,NA,"https://www.acb.com/Documentos/Cabeceras/logo-competicion-1b.png","https://www.acb.com/Documentos/Cabeceras/logo-competicion-4a.png",61,1996,107,NA,NA,1535,9412,NA,NA,TRUE,1176,1176,205,"Taugrés","Taugrés","TAU",1178,329,"Gran Canaria","Gran Canaria","GCA",1,86,12000,4,12,33.33,28,51,54.9,18,23,78.26,24,8,32,11,11,10,0,5,5,6,20,26,100,0,0,0,1,0,86,68,0,NA,0,0,0,0,0,0,0
1531829,1,"Liga Nacional","Liga Endesa",-402534000,NA,"https://www.acb.com/Documentos/Cabeceras/logo-competicion-1b.png","https://www.acb.com/Documentos/Cabeceras/logo-competicion-4a.png",61,1996,107,NA,NA,1535,9412,NA,NA,FALSE,1178,1176,205,"Taugrés","Taugrés","TAU",1178,329,"Gran Canaria","Gran Canaria","GCA",1,68,12000,2,10,20,22,48,45.83,18,19,94.74,22,10,32,12,5,18,0,5,5,3,26,20,58,0,0,1,0,0,68,86,0,NA,0,0,0,0,0,0,0
1531736,1,"Liga Nacional","Liga Endesa",-402534000,NA,"https://www.acb.com/Documentos/Cabeceras/logo-competicion-1b.png","https://www.acb.com/Documentos/Cabeceras/logo-competicion-4a.png",61,1996,107,NA,NA,1535,9408,NA,NA,TRUE,1191,1191,1120,"Caja San Fernando","C. San Fernando","CSF",1175,91,"FC Barcelona Banca Catalana","FC Barcelona","FCB",1,84,12000,5,22,22,26,45,57,17,24,70,25,16,41,11,5,11,0,2,2,1,23,24,88,0,0,12,0,0,1008,90,0,0,0,0,0,0,0,0,0
1531737,1,"Liga Nacional","Liga Endesa",-402534000,NA,"https://www.acb.com/Documentos/Cabeceras/logo-competicion-1b.png","https://www.acb.com/Documentos/Cabeceras/logo-competicion-4a.png",61,1996,107,NA,NA,1535,9408,NA,NA,FALSE,1175,1191,1120,"Caja San Fernando","C. San Fernando","CSF",1175,91,"FC Barcelona Banca Catalana","FC Barcelona","FCB",1,90,12000,10,16,62,17,39,43,26,31,83,24,4,28,17,5,8,0,2,2,1,24,23,98,0,0,0,11,0,990,84,0,0,0,0,0,0,0,0,0
1531760,1,"Liga Nacional","Liga Endesa",-402534000,NA,"https://www.acb.com/Documentos/Cabeceras/logo-competicion-1b.png","https://www.acb.com/Documentos/Cabeceras/logo-competicion-4a.png",61,1996,107,NA,NA,1535,9409,NA,NA,TRUE,1186,1186,861,"TDK Manresa","TDK Manresa","MAN",1185,748,"Real Madrid Teka","Real Madrid","RMB",1,81,12000,8,20,40,22,46,47.83,13,19,68.42,22,12,34,14,3,4,0,2,3,4,23,19,81,0,0,1,0,0,81,83,0,NA,0,0,0,0,0,0,0
1531761,1,"Liga Nacional","Liga Endesa",-402534000,NA,"https://www.acb.com/Documentos/Cabeceras/logo-competicion-1b.png","https://www.acb.com/Documentos/Cabeceras/logo-competicion-4a.png",61,1996,107,NA,NA,1535,9409,NA,NA,FALSE,1185,1186,861,"TDK Manresa","TDK Manresa","MAN",1185,748,"Real Madrid Teka","Real Madrid","RMB",1,83,12000,5,13,38,25,42,59,18,24,75,25,7,32,16,3,7,0,3,2,1,19,23,101,0,0,0,11,0,913,81,0,0,0,0,0,0,0,0,0
1531783,1,"Liga Nacional","Liga Endesa",-402534000,NA,"https://www.acb.com/Documentos/Cabeceras/logo-competicion-1b.png","https://www.acb.com/Documentos/Cabeceras/logo-competicion-4a.png",61,1996,107,NA,NA,1535,9410,NA,NA,TRUE,1184,1184,1604,"León Caja España","León C. España","LEO",1192,1844,"Fórum Valladolid","Fórum Vall.","FOR",1,97,12000,7,17,41.18,26,45,57.78,24,28,85.71,31,11,42,15,6,16,0,3,6,4,28,27,107,0,0,0,1,0,97,85,0,NA,0,0,0,0,0,0,0
1531784,1,"Liga Nacional","Liga Endesa",-402534000,NA,"https://www.acb.com/Documentos/Cabeceras/logo-competicion-1b.png","https://www.acb.com/Documentos/Cabeceras/logo-competicion-4a.png",61,1996,107,NA,NA,1535,9410,NA,NA,FALSE,1192,1184,1604,"León Caja España","León C. España","LEO",1192,1844,"Fórum Valladolid","Fórum Vall.","FOR",1,85,12000,5,15,33.33,25,62,40.32,20,25,80,17,17,34,6,13,13,0,6,3,2,27,28,77,0,0,1,0,0,85,97,0,NA,0,0,0,0,0,0,0
1531645,1,"Liga Nacional","Liga Endesa",-402534000,NA,"https://www.acb.com/Documentos/Cabeceras/logo-competicion-1b.png","https://www.acb.com/Documentos/Cabeceras/logo-competicion-4a.png",61,1996,107,NA,NA,1535,9404,NA,NA,TRUE,1182,1182,1,"Covirán Granada","Covirán Granada","GRA",1180,1193,"Baloncesto Fuenlabrada","B. Fuenlabrada","FUE",1,86,12000,4,17,23,25,47,53,24,39,61,26,11,37,11,13,10,0,3,0,4,19,29,100,0,0,0,10,0,860,76,0,0,0,0,0,0,0,0,0
1531646,1,"Liga Nacional","Liga Endesa",-402534000,NA,"https://www.acb.com/Documentos/Cabeceras/logo-competicion-1b.png","https://www.acb.com/Documentos/Cabeceras/logo-competicion-4a.png",61,1996,107,NA,NA,1535,9404,NA,NA,FALSE,1180,1182,1,"Covirán Granada","Covirán Granada","GRA",1180,1193,"Baloncesto Fuenlabrada","B. Fuenlabrada","FUE",1,76,12000,3,8,37.5,24,49,48.98,19,23,82.61,29,6,35,9,6,17,0,0,3,3,29,19,62,0,0,1,0,0,76,86,0,NA,0,0,0,0,0,0,0
1531668,1,"Liga Nacional","Liga Endesa",-402534000,NA,"https://www.acb.com/Documentos/Cabeceras/logo-competicion-1b.png","https://www.acb.com/Documentos/Cabeceras/logo-competicion-4a.png",61,1996,107,NA,NA,1535,9405,NA,NA,TRUE,1183,1183,617,"Festina Joventut","Festina Jov.","JOV",1189,948,"Pamesa Valencia","Pamesa Valencia","PAM",1,82,12000,5,18,27.78,22,43,51.16,23,30,76.67,19,9,28,9,10,7,0,2,2,3,23,27,85,0,0,0,1,0,82,78,0,NA,0,0,0,0,0,0,0
1531669,1,"Liga Nacional","Liga Endesa",-402534000,NA,"https://www.acb.com/Documentos/Cabeceras/logo-competicion-1b.png","https://www.acb.com/Documentos/Cabeceras/logo-competicion-4a.png",61,1996,107,NA,NA,1535,9405,NA,NA,FALSE,1189,1183,617,"Festina Joventut","Festina Jov.","JOV",1189,948,"Pamesa Valencia","Pamesa Valencia","PAM",1,78,12000,3,11,27.27,23,44,52.27,23,25,92,29,10,39,6,4,14,0,2,2,5,27,23,78,0,0,1,0,0,78,82,0,NA,0,0,0,0,0,0,0
1531689,1,"Liga Nacional","Liga Endesa",-402534000,NA,"https://www.acb.com/Documentos/Cabeceras/logo-competicion-1b.png","https://www.acb.com/Documentos/Cabeceras/logo-competicion-4a.png",61,1996,107,NA,NA,1535,9406,NA,NA,TRUE,1181,1181,1462,"Valvi Girona","Valvi Girona","GIR",1190,1045,"Unicaja","Unicaja","UNI",1,87,12000,4,6,66.67,20,40,50,35,46,76.09,20,11,31,7,9,13,0,7,2,1,20,35,108,0,0,0,1,0,87,76,0,NA,0,0,0,0,0,0,0
1531690,1,"Liga Nacional","Liga Endesa",-402534000,NA,"https://www.acb.com/Documentos/Cabeceras/logo-competicion-1b.png","https://www.acb.com/Documentos/Cabeceras/logo-competicion-4a.png",61,1996,107,NA,NA,1535,9406,NA,NA,FALSE,1190,1181,1462,"Valvi Girona","Valvi Girona","GIR",1190,1045,"Unicaja","Unicaja","UNI",1,76,12000,7,15,46.67,22,47,46.81,11,20,55,16,14,30,6,6,14,0,2,7,0,35,20,42,0,0,1,0,0,76,87,0,NA,0,0,0,0,0,0,0
1531877,1,"Liga Nacional","Liga Endesa",-402534000,NA,"https://www.acb.com/Documentos/Cabeceras/logo-competicion-1b.png","https://www.acb.com/Documentos/Cabeceras/logo-competicion-4a.png",61,1996,107,NA,NA,1536,9414,NA,NA,TRUE,1178,1178,329,"Gran Canaria","Gran Canaria","GCA",1188,1718,"Xacobeo 99 Ourense","Xacobeo Ourense","OUR",1,89,12000,9,19,47.37,25,41,60.98,12,16,75,17,7,24,7,15,12,0,3,2,2,21,23,96,0,0,0,1,0,89,74,0,NA,0,0,0,0,0,0,0
1531878,1,"Liga Nacional","Liga Endesa",-402534000,NA,"https://www.acb.com/Documentos/Cabeceras/logo-competicion-1b.png","https://www.acb.com/Documentos/Cabeceras/logo-competicion-4a.png",61,1996,107,NA,NA,1536,9414,NA,NA,FALSE,1188,1178,329,"Gran Canaria","Gran Canaria","GCA",1188,1718,"Xacobeo 99 Ourense","Xacobeo Ourense","OUR",1,74,12000,5,17,29.41,20,30,66.67,19,22,86.36,18,7,25,7,8,21,0,2,3,2,23,21,65,0,0,1,0,0,74,89,0,NA,0,0,0,0,0,0,0
1531899,1,"Liga Nacional","Liga Endesa",-402534000,NA,"https://www.acb.com/Documentos/Cabeceras/logo-competicion-1b.png","https://www.acb.com/Documentos/Cabeceras/logo-competicion-4a.png",61,1996,107,NA,NA,1536,9415,NA,NA,TRUE,1179,1179,452,"Estudiantes Argentaria","Estudiantes A.","EST",1184,1604,"León Caja España","León C. España","LEO",1,88,13500,9,18,50,25,55,45,11,22,50,22,14,36,15,14,15,0,2,2,4,21,21,88,0,0,9,0,0,792,92,0,0,0,0,0,0,0,0,0
1531900,1,"Liga Nacional","Liga Endesa",-402534000,NA,"https://www.acb.com/Documentos/Cabeceras/logo-competicion-1b.png","https://www.acb.com/Documentos/Cabeceras/logo-competicion-4a.png",61,1996,107,NA,NA,1536,9415,NA,NA,FALSE,1184,1179,452,"Estudiantes Argentaria","Estudiantes A.","EST",1184,1604,"León Caja España","León C. España","LEO",1,92,13500,5,14,35.71,29,53,54.72,19,25,76,28,13,41,16,9,18,0,2,2,0,21,21,101,0,0,0,1,0,92,88,0,NA,0,0,0,0,0,0,0
1531966,1,"Liga Nacional","Liga Endesa",-402534000,NA,"https://www.acb.com/Documentos/Cabeceras/logo-competicion-1b.png","https://www.acb.com/Documentos/Cabeceras/logo-competicion-4a.png",61,1996,107,NA,NA,1536,9418,NA,NA,TRUE,1175,1175,91,"FC Barcelona Banca Catalana","FC Barcelona","FCB",1187,907,"CB Murcia Airtel","Murcia Airtel","MUR",1,105,12000,10,18,55,31,46,67,13,17,76,24,6,30,18,7,10,0,3,1,4,17,18,126,0,0,0,9,0,945,88,0,0,0,0,0,0,0,0,0
1531967,1,"Liga Nacional","Liga Endesa",-402534000,NA,"https://www.acb.com/Documentos/Cabeceras/logo-competicion-1b.png","https://www.acb.com/Documentos/Cabeceras/logo-competicion-4a.png",61,1996,107,NA,NA,1536,9418,NA,NA,FALSE,1187,1175,91,"FC Barcelona Banca Catalana","FC Barcelona","FCB",1187,907,"CB Murcia Airtel","Murcia Airtel","MUR",1,88,12000,6,14,42.86,28,54,51.85,14,14,100,16,10,26,8,2,10,0,1,3,1,18,17,77,0,0,1,0,0,88,105,0,NA,0,0,0,0,0,0,0
1531945,1,"Liga Nacional","Liga Endesa",-402534000,NA,"https://www.acb.com/Documentos/Cabeceras/logo-competicion-1b.png","https://www.acb.com/Documentos/Cabeceras/logo-competicion-4a.png",61,1996,107,NA,NA,1536,9417,NA,NA,TRUE,1186,1186,861,"TDK Manresa","TDK Manresa","MAN",1191,1120,"Caja San Fernando","C. San Fernando","CSF",1,86,12000,6,13,46.15,25,47,53.19,18,24,75,29,12,41,16,4,14,0,1,4,4,17,21,99,0,0,0,1,0,86,76,0,NA,0,0,0,0,0,0,0
1531946,1,"Liga Nacional","Liga Endesa",-402534000,NA,"https://www.acb.com/Documentos/Cabeceras/logo-competicion-1b.png","https://www.acb.com/Documentos/Cabeceras/logo-competicion-4a.png",61,1996,107,NA,NA,1536,9417,NA,NA,FALSE,1191,1186,861,"TDK Manresa","TDK Manresa","MAN",1191,1120,"Caja San Fernando","C. San Fernando","CSF",1,76,12000,8,25,32,20,41,48,12,13,92,20,7,27,11,13,10,0,4,1,3,21,17,77,0,0,10,0,0,760,86,0,0,0,0,0,0,0,0,0
1532006,1,"Liga Nacional","Liga Endesa",-402534000,NA,"https://www.acb.com/Documentos/Cabeceras/logo-competicion-1b.png","https://www.acb.com/Documentos/Cabeceras/logo-competicion-4a.png",61,1996,107,NA,NA,1536,9420,NA,NA,TRUE,1190,1190,1045,"Unicaja","Unicaja","UNI",1183,617,"Festina Joventut","Festina Jov.","JOV",1,83,12000,8,22,36.36,21,45,46.67,17,27,62.96,21,19,40,12,11,13,0,4,6,1,23,23,83,0,0,0,1,0,83,76,0,NA,0,0,0,0,0,0,0
1532007,1,"Liga Nacional","Liga Endesa",-402534000,NA,"https://www.acb.com/Documentos/Cabeceras/logo-competicion-1b.png","https://www.acb.com/Documentos/Cabeceras/logo-competicion-4a.png",61,1996,107,NA,NA,1536,9420,NA,NA,FALSE,1183,1190,1045,"Unicaja","Unicaja","UNI",1183,617,"Festina Joventut","Festina Jov.","JOV",1,76,12000,1,12,8.33,30,48,62.5,13,23,56.52,25,8,33,9,7,13,0,6,4,2,23,23,75,0,0,1,0,0,76,83,0,NA,0,0,0,0,0,0,0
1531985,1,"Liga Nacional","Liga Endesa",-402534000,NA,"https://www.acb.com/Documentos/Cabeceras/logo-competicion-1b.png","https://www.acb.com/Documentos/Cabeceras/logo-competicion-4a.png",61,1996,107,NA,NA,1536,9419,NA,NA,TRUE,1177,1177,1368,"Cáceres CB","Cáceres CB","CAC",1181,1462,"Valvi Girona","Valvi Girona","GIR",1,60,12000,4,12,33.33,18,40,45,12,20,60,22,15,37,12,5,17,0,0,4,3,21,18,52,0,0,1,0,0,60,62,0,NA,0,0,0,0,0,0,0
1531986,1,"Liga Nacional","Liga Endesa",-402534000,NA,"https://www.acb.com/Documentos/Cabeceras/logo-competicion-1b.png","https://www.acb.com/Documentos/Cabeceras/logo-competicion-4a.png",61,1996,107,NA,NA,1536,9419,NA,NA,FALSE,1181,1177,1368,"Cáceres CB","Cáceres CB","CAC",1181,1462,"Valvi Girona","Valvi Girona","GIR",1,62,12000,3,11,27.27,21,45,46.67,11,14,78.57,19,11,30,10,8,11,0,4,0,3,18,21,71,0,0,0,1,0,62,60,0,NA,0,0,0,0,0,0,0
1531856,1,"Liga Nacional","Liga Endesa",-402534000,NA,"https://www.acb.com/Documentos/Cabeceras/logo-competicion-1b.png","https://www.acb.com/Documentos/Cabeceras/logo-competicion-4a.png",61,1996,107,NA,NA,1536,9413,NA,NA,FALSE,1176,1180,1193,"Baloncesto Fuenlabrada","B. Fuenlabrada","FUE",1176,205,"Taugrés","Taugrés","TAU",1,100,12000,6,15,40,29,46,63,24,33,72,27,8,35,11,10,13,0,3,1,4,20,25,115,0,0,0,12,0,1100,86,0,0,0,0,0,0,0,0,0
1531855,1,"Liga Nacional","Liga Endesa",-402534000,NA,"https://www.acb.com/Documentos/Cabeceras/logo-competicion-1b.png","https://www.acb.com/Documentos/Cabeceras/logo-competicion-4a.png",61,1996,107,NA,NA,1536,9413,NA,NA,TRUE,1180,1180,1193,"Baloncesto Fuenlabrada","B. Fuenlabrada","FUE",1176,205,"Taugrés","Taugrés","TAU",1,86,12000,3,15,20,32,54,59.26,13,19,68.42,19,13,32,9,9,15,0,1,3,4,25,20,74,0,0,1,0,0,86,100,0,NA,0,0,0,0,0,0,0
1532028,1,"Liga Nacional","Liga Endesa",-402534000,NA,"https://www.acb.com/Documentos/Cabeceras/logo-competicion-1b.png","https://www.acb.com/Documentos/Cabeceras/logo-competicion-4a.png",61,1996,107,NA,NA,1536,9421,NA,NA,TRUE,1189,1189,948,"Pamesa Valencia","Pamesa Valencia","PAM",1182,1,"Covirán Granada","Covirán Granada","GRA",1,76,12000,5,16,31.25,24,45,53.33,13,14,92.86,26,9,35,13,8,15,0,1,3,1,18,19,83,0,0,0,1,0,76,73,0,NA,0,0,0,0,0,0,0
1532029,1,"Liga Nacional","Liga Endesa",-402534000,NA,"https://www.acb.com/Documentos/Cabeceras/logo-competicion-1b.png","https://www.acb.com/Documentos/Cabeceras/logo-competicion-4a.png",61,1996,107,NA,NA,1536,9421,NA,NA,FALSE,1182,1189,948,"Pamesa Valencia","Pamesa Valencia","PAM",1182,1,"Covirán Granada","Covirán Granada","GRA",1,73,12000,2,12,16,26,44,59,15,22,68,23,6,29,10,10,16,0,3,1,3,19,18,72,0,0,10,0,0,730,76,0,0,0,0,0,0,0,0,0
1531923,1,"Liga Nacional","Liga Endesa",-402534000,NA,"https://www.acb.com/Documentos/Cabeceras/logo-competicion-1b.png","https://www.acb.com/Documentos/Cabeceras/logo-competicion-4a.png",61,1996,107,NA,NA,1536,9416,NA,NA,TRUE,1192,1192,1844,"Fórum Valladolid","Fórum Vall.","FOR",1185,748,"Real Madrid Teka","Real Madrid","RMB",1,72,12000,5,12,41.67,24,53,45.28,9,12,75,18,12,30,9,10,15,0,2,6,1,18,16,61,0,0,1,0,0,72,84,0,NA,0,0,0,0,0,0,0
1531924,1,"Liga Nacional","Liga Endesa",-402534000,NA,"https://www.acb.com/Documentos/Cabeceras/logo-competicion-1b.png","https://www.acb.com/Documentos/Cabeceras/logo-competicion-4a.png",61,1996,107,NA,NA,1536,9416,NA,NA,FALSE,1185,1192,1844,"Fórum Valladolid","Fórum Vall.","FOR",1185,748,"Real Madrid Teka","Real Madrid","RMB",1,84,12000,3,9,33,33,54,61,9,11,81,24,7,31,16,13,13,0,6,2,1,16,18,108,0,0,0,9,0,756,72,0,0,0,0,0,0,0,0,0
1532121,1,"Liga Nacional","Liga Endesa",-402534000,NA,"https://www.acb.com/Documentos/Cabeceras/logo-competicion-1b.png","https://www.acb.com/Documentos/Cabeceras/logo-competicion-4a.png",61,1996,107,NA,NA,1537,9425,NA,NA,TRUE,1181,1181,1462,"Valvi Girona","Valvi Girona","GIR",1175,91,"FC Barcelona Banca Catalana","FC Barcelona","FCB",1,85,12000,8,14,57.14,17,37,45.95,27,31,87.1,17,7,24,10,12,16,0,3,1,0,27,28,88,0,0,1,0,0,85,90,0,NA,0,0,0,0,0,0,0
1532122,1,"Liga Nacional","Liga Endesa",-402534000,NA,"https://www.acb.com/Documentos/Cabeceras/logo-competicion-1b.png","https://www.acb.com/Documentos/Cabeceras/logo-competicion-4a.png",61,1996,107,NA,NA,1537,9425,NA,NA,FALSE,1175,1181,1462,"Valvi Girona","Valvi Girona","GIR",1175,91,"FC Barcelona Banca Catalana","FC Barcelona","FCB",1,90,12000,5,14,35,23,43,53,29,34,85,20,15,35,8,10,18,0,1,3,1,28,27,88,0,0,0,10,0,900,85,0,0,0,0,0,0,0,0,0
1532143,1,"Liga Nacional","Liga Endesa",-402534000,NA,"https://www.acb.com/Documentos/Cabeceras/logo-competicion-1b.png","https://www.acb.com/Documentos/Cabeceras/logo-competicion-4a.png",61,1996,107,NA,NA,1537,9426,NA,NA,TRUE,1187,1187,907,"CB Murcia Airtel","Murcia Airtel","MUR",1186,861,"TDK Manresa","TDK Manresa","MAN",1,84,12000,6,17,35.29,18,33,54.55,30,39,76.92,33,5,38,14,12,15,0,4,0,0,20,25,107,0,0,0,1,0,84,70,0,NA,0,0,0,0,0,0,0
1532144,1,"Liga Nacional","Liga Endesa",-402534000,NA,"https://www.acb.com/Documentos/Cabeceras/logo-competicion-1b.png","https://www.acb.com/Documentos/Cabeceras/logo-competicion-4a.png",61,1996,107,NA,NA,1537,9426,NA,NA,FALSE,1186,1187,907,"CB Murcia Airtel","Murcia Airtel","MUR",1186,861,"TDK Manresa","TDK Manresa","MAN",1,70,12000,4,16,25,24,53,45.28,10,16,62.5,24,9,33,6,12,14,0,0,4,1,25,20,51,0,0,1,0,0,70,84,0,NA,0,0,0,0,0,0,0
1532098,1,"Liga Nacional","Liga Endesa",-402534000,NA,"https://www.acb.com/Documentos/Cabeceras/logo-competicion-1b.png","https://www.acb.com/Documentos/Cabeceras/logo-competicion-4a.png",61,1996,107,NA,NA,1537,9424,NA,NA,TRUE,1183,1183,617,"Festina Joventut","Festina Jov.","JOV",1177,1368,"Cáceres CB","Cáceres CB","CAC",1,81,12000,11,21,52.38,18,46,39.13,12,18,66.67,23,9,32,10,7,7,0,0,2,2,22,22,77,0,0,1,0,0,81,84,0,NA,0,0,0,0,0,0,0
1532099,1,"Liga Nacional","Liga Endesa",-402534000,NA,"https://www.acb.com/Documentos/Cabeceras/logo-competicion-1b.png","https://www.acb.com/Documentos/Cabeceras/logo-competicion-4a.png",61,1996,107,NA,NA,1537,9424,NA,NA,FALSE,1177,1183,617,"Festina Joventut","Festina Jov.","JOV",1177,1368,"Cáceres CB","Cáceres CB","CAC",1,84,12000,3,12,25,29,49,59.18,17,25,68,29,11,40,13,3,10,0,2,0,0,22,22,95,0,0,0,1,0,84,81,0,NA,0,0,0,0,0,0,0
1532192,1,"Liga Nacional","Liga Endesa",-402534000,NA,"https://www.acb.com/Documentos/Cabeceras/logo-competicion-1b.png","https://www.acb.com/Documentos/Cabeceras/logo-competicion-4a.png",61,1996,107,NA,NA,1537,9428,NA,NA,TRUE,1185,1185,748,"Real Madrid Teka","Real Madrid","RMB",1179,452,"Estudiantes Argentaria","Estudiantes A.","EST",1,89,12000,6,15,40,26,48,54,19,24,79,30,15,45,16,8,16,0,2,3,1,19,21,107,0,0,0,10,0,890,87,0,0,0,0,0,0,0,0,0
1532193,1,"Liga Nacional","Liga Endesa",-402534000,NA,"https://www.acb.com/Documentos/Cabeceras/logo-competicion-1b.png","https://www.acb.com/Documentos/Cabeceras/logo-competicion-4a.png",61,1996,107,NA,NA,1537,9428,NA,NA,FALSE,1179,1185,748,"Real Madrid Teka","Real Madrid","RMB",1179,452,"Estudiantes Argentaria","Estudiantes A.","EST",1,87,12000,8,20,40,28,54,51,7,13,53,17,11,28,17,12,10,0,3,2,2,21,19,89,0,0,10,0,0,870,89,0,0,0,0,0,0,0,0,0
1532212,1,"Liga Nacional","Liga Endesa",-402534000,NA,"https://www.acb.com/Documentos/Cabeceras/logo-competicion-1b.png","https://www.acb.com/Documentos/Cabeceras/logo-competicion-4a.png",61,1996,107,NA,NA,1537,9429,NA,NA,TRUE,1184,1184,1604,"León Caja España","León C. España","LEO",1178,329,"Gran Canaria","Gran Canaria","GCA",1,87,12000,10,22,45.45,23,42,54.76,11,14,78.57,19,13,32,6,11,13,0,1,0,4,17,20,93,0,0,0,1,0,87,85,0,NA,0,0,0,0,0,0,0
1532213,1,"Liga Nacional","Liga Endesa",-402534000,NA,"https://www.acb.com/Documentos/Cabeceras/logo-competicion-1b.png","https://www.acb.com/Documentos/Cabeceras/logo-competicion-4a.png",61,1996,107,NA,NA,1537,9429,NA,NA,FALSE,1178,1184,1604,"León Caja España","León C. España","LEO",1178,329,"Gran Canaria","Gran Canaria","GCA",1,85,12000,8,17,47.06,26,47,55.32,9,11,81.82,20,8,28,10,11,12,0,0,1,1,20,17,86,0,0,1,0,0,85,87,0,NA,0,0,0,0,0,0,0
1532167,1,"Liga Nacional","Liga Endesa",-402534000,NA,"https://www.acb.com/Documentos/Cabeceras/logo-competicion-1b.png","https://www.acb.com/Documentos/Cabeceras/logo-competicion-4a.png",61,1996,107,NA,NA,1537,9427,NA,NA,TRUE,1191,1191,1120,"Caja San Fernando","C. San Fernando","CSF",1192,1844,"Fórum Valladolid","Fórum Vall.","FOR",1,84,12000,7,21,33,22,32,68,19,25,76,21,5,26,16,8,12,0,5,0,1,22,19,94,0,0,10,0,0,840,95,0,0,0,0,0,0,0,0,0
1532168,1,"Liga Nacional","Liga Endesa",-402534000,NA,"https://www.acb.com/Documentos/Cabeceras/logo-competicion-1b.png","https://www.acb.com/Documentos/Cabeceras/logo-competicion-4a.png",61,1996,107,NA,NA,1537,9427,NA,NA,FALSE,1192,1191,1120,"Caja San Fernando","C. San Fernando","CSF",1192,1844,"Fórum Valladolid","Fórum Vall.","FOR",1,95,12000,9,16,56.25,26,48,54.17,16,22,72.73,21,11,32,12,11,11,0,0,5,0,19,22,102,0,0,0,1,0,95,84,0,NA,0,0,0,0,0,0,0
1532057,1,"Liga Nacional","Liga Endesa",-402534000,NA,"https://www.acb.com/Documentos/Cabeceras/logo-competicion-1b.png","https://www.acb.com/Documentos/Cabeceras/logo-competicion-4a.png",61,1996,107,NA,NA,1537,9422,NA,NA,FALSE,1180,1189,948,"Pamesa Valencia","Pamesa Valencia","PAM",1180,1193,"Baloncesto Fuenlabrada","B. Fuenlabrada","FUE",1,68,12000,5,10,50,17,43,39,19,28,67,23,8,31,11,1,16,0,0,5,1,25,23,48,0,0,12,0,0,816,100,0,0,0,0,0,0,0,0,0
1532056,1,"Liga Nacional","Liga Endesa",-402534000,NA,"https://www.acb.com/Documentos/Cabeceras/logo-competicion-1b.png","https://www.acb.com/Documentos/Cabeceras/logo-competicion-4a.png",61,1996,107,NA,NA,1537,9422,NA,NA,TRUE,1189,1189,948,"Pamesa Valencia","Pamesa Valencia","PAM",1180,1193,"Baloncesto Fuenlabrada","B. Fuenlabrada","FUE",1,100,12000,6,15,40,28,47,59.57,26,30,86.67,29,6,35,15,9,5,0,6,0,3,23,25,130,0,0,0,1,0,100,68,0,NA,0,0,0,0,0,0,0
1532233,1,"Liga Nacional","Liga Endesa",-402534000,NA,"https://www.acb.com/Documentos/Cabeceras/logo-competicion-1b.png","https://www.acb.com/Documentos/Cabeceras/logo-competicion-4a.png",61,1996,107,NA,NA,1537,9430,NA,NA,TRUE,1188,1188,1718,"Xacobeo 99 Ourense","Xacobeo Ourense","OUR",1176,205,"Taugrés","Taugrés","TAU",1,69,12000,5,18,27.78,19,38,50,16,21,76.19,14,18,32,6,11,19,0,0,1,1,25,18,54,0,0,1,0,0,69,80,0,NA,0,0,0,0,0,0,0
1532234,1,"Liga Nacional","Liga Endesa",-402534000,NA,"https://www.acb.com/Documentos/Cabeceras/logo-competicion-1b.png","https://www.acb.com/Documentos/Cabeceras/logo-competicion-4a.png",61,1996,107,NA,NA,1537,9430,NA,NA,FALSE,1176,1188,1718,"Xacobeo 99 Ourense","Xacobeo Ourense","OUR",1176,205,"Taugrés","Taugrés","TAU",1,80,12000,5,14,35.71,23,35,65.71,19,25,76,15,10,25,10,13,17,0,1,0,0,18,25,92,0,0,0,1,0,80,69,0,NA,0,0,0,0,0,0,0
1532078,1,"Liga Nacional","Liga Endesa",-402534000,NA,"https://www.acb.com/Documentos/Cabeceras/logo-competicion-1b.png","https://www.acb.com/Documentos/Cabeceras/logo-competicion-4a.png",61,1996,107,NA,NA,1537,9423,NA,NA,TRUE,1182,1182,1,"Covirán Granada","Covirán Granada","GRA",1190,1045,"Unicaja","Unicaja","UNI",1,75,12000,2,11,18,28,53,52,13,20,65,26,10,36,9,9,12,0,2,2,1,28,23,71,0,0,10,0,0,750,83,0,0,0,0,0,0,0,0,0
1532079,1,"Liga Nacional","Liga Endesa",-402534000,NA,"https://www.acb.com/Documentos/Cabeceras/logo-competicion-1b.png","https://www.acb.com/Documentos/Cabeceras/logo-competicion-4a.png",61,1996,107,NA,NA,1537,9423,NA,NA,FALSE,1190,1182,1,"Covirán Granada","Covirán Granada","GRA",1190,1045,"Unicaja","Unicaja","UNI",1,83,12000,4,12,33.33,23,41,56.1,25,43,58.14,30,9,39,11,13,12,0,2,2,2,23,28,95,0,0,0,1,0,83,75,0,NA,0,0,0,0,0,0,0
1532373,1,"Liga Nacional","Liga Endesa",-402534000,NA,"https://www.acb.com/Documentos/Cabeceras/logo-competicion-1b.png","https://www.acb.com/Documentos/Cabeceras/logo-competicion-4a.png",61,1996,107,NA,NA,1538,9436,NA,NA,TRUE,1178,1178,329,"Gran Canaria","Gran Canaria","GCA",1189,948,"Pamesa Valencia","Pamesa Valencia","PAM",1,74,12000,7,17,41.18,24,43,55.81,5,9,55.56,21,13,34,12,5,16,0,4,2,2,21,15,72,0,0,1,0,0,74,79,0,NA,0,0,0,0,0,0,0
1532374,1,"Liga Nacional","Liga Endesa",-402534000,NA,"https://www.acb.com/Documentos/Cabeceras/logo-competicion-1b.png","https://www.acb.com/Documentos/Cabeceras/logo-competicion-4a.png",61,1996,107,NA,NA,1538,9436,NA,NA,FALSE,1189,1178,329,"Gran Canaria","Gran Canaria","GCA",1189,948,"Pamesa Valencia","Pamesa Valencia","PAM",1,79,12000,8,15,53.33,20,43,46.51,15,18,83.33,18,10,28,7,13,11,0,2,4,3,15,21,87,0,0,0,1,0,79,74,0,NA,0,0,0,0,0,0,0
1532352,1,"Liga Nacional","Liga Endesa",-402534000,NA,"https://www.acb.com/Documentos/Cabeceras/logo-competicion-1b.png","https://www.acb.com/Documentos/Cabeceras/logo-competicion-4a.png",61,1996,107,NA,NA,1538,9435,NA,NA,TRUE,1176,1176,205,"Taugrés","Taugrés","TAU",1182,1,"Covirán Granada","Covirán Granada","GRA",1,104,12000,4,14,28,29,52,55,34,44,77,27,10,37,12,11,13,0,2,1,2,31,32,110,0,0,0,13,0,1248,91,0,0,0,0,0,0,0,0,0
1532353,1,"Liga Nacional","Liga Endesa",-402534000,NA,"https://www.acb.com/Documentos/Cabeceras/logo-competicion-1b.png","https://www.acb.com/Documentos/Cabeceras/logo-competicion-4a.png",61,1996,107,NA,NA,1538,9435,NA,NA,FALSE,1182,1176,205,"Taugrés","Taugrés","TAU",1182,1,"Covirán Granada","Covirán Granada","GRA",1,91,12000,4,12,33,25,49,51,29,43,67,24,8,32,12,7,17,0,1,2,1,32,31,77,0,0,12,0,0,1092,104,0,0,0,0,0,0,0,0,0
1532397,1,"Liga Nacional","Liga Endesa",-402534000,NA,"https://www.acb.com/Documentos/Cabeceras/logo-competicion-1b.png","https://www.acb.com/Documentos/Cabeceras/logo-competicion-4a.png",61,1996,107,NA,NA,1538,9437,NA,NA,TRUE,1179,1179,452,"Estudiantes Argentaria","Estudiantes A.","EST",1190,1045,"Unicaja","Unicaja","UNI",1,83,12000,5,16,31,22,51,43,24,36,66,21,14,35,13,9,11,0,3,0,3,27,31,84,0,0,10,0,0,830,96,0,0,0,0,0,0,0,0,0
1532398,1,"Liga Nacional","Liga Endesa",-402534000,NA,"https://www.acb.com/Documentos/Cabeceras/logo-competicion-1b.png","https://www.acb.com/Documentos/Cabeceras/logo-competicion-4a.png",61,1996,107,NA,NA,1538,9437,NA,NA,FALSE,1190,1179,452,"Estudiantes Argentaria","Estudiantes A.","EST",1190,1045,"Unicaja","Unicaja","UNI",1,96,12000,8,14,57.14,23,42,54.76,26,38,68.42,28,10,38,9,6,12,0,0,3,0,31,27,93,0,0,0,1,0,96,83,0,NA,0,0,0,0,0,0,0
1532443,1,"Liga Nacional","Liga Endesa",-402534000,NA,"https://www.acb.com/Documentos/Cabeceras/logo-competicion-1b.png","https://www.acb.com/Documentos/Cabeceras/logo-competicion-4a.png",61,1996,107,NA,NA,1538,9439,NA,NA,FALSE,1175,1186,861,"TDK Manresa","TDK Manresa","MAN",1175,91,"FC Barcelona Banca Catalana","FC Barcelona","FCB",1,85,12000,10,20,50,20,36,55,15,17,88,24,9,33,17,5,14,0,3,4,3,19,19,97,0,0,0,10,0,850,77,0,0,0,0,0,0,0,0,0
1532442,1,"Liga Nacional","Liga Endesa",-402534000,NA,"https://www.acb.com/Documentos/Cabeceras/logo-competicion-1b.png","https://www.acb.com/Documentos/Cabeceras/logo-competicion-4a.png",61,1996,107,NA,NA,1538,9439,NA,NA,TRUE,1186,1186,861,"TDK Manresa","TDK Manresa","MAN",1175,91,"FC Barcelona Banca Catalana","FC Barcelona","FCB",1,77,12000,4,16,25,25,54,46.3,15,16,93.75,17,16,33,9,12,9,0,4,3,0,19,19,81,0,0,1,0,0,77,85,0,NA,0,0,0,0,0,0,0
1532301,1,"Liga Nacional","Liga Endesa",-402534000,NA,"https://www.acb.com/Documentos/Cabeceras/logo-competicion-1b.png","https://www.acb.com/Documentos/Cabeceras/logo-competicion-4a.png",61,1996,107,NA,NA,1538,9433,NA,NA,TRUE,1184,1184,1604,"León Caja España","León C. España","LEO",1181,1462,"Valvi Girona","Valvi Girona","GIR",1,81,12000,7,14,50,21,41,51.22,18,21,85.71,14,7,21,6,6,13,0,1,4,2,23,19,64,0,0,1,0,0,81,98,0,NA,0,0,0,0,0,0,0
1532302,1,"Liga Nacional","Liga Endesa",-402534000,NA,"https://www.acb.com/Documentos/Cabeceras/logo-competicion-1b.png","https://www.acb.com/Documentos/Cabeceras/logo-competicion-4a.png",61,1996,107,NA,NA,1538,9433,NA,NA,FALSE,1181,1184,1604,"León Caja España","León C. España","LEO",1181,1462,"Valvi Girona","Valvi Girona","GIR",1,98,12000,4,8,50,30,49,61.22,26,29,89.66,21,10,31,12,11,10,0,4,1,3,19,23,123,0,0,0,1,0,98,81,0,NA,0,0,0,0,0,0,0
1532420,1,"Liga Nacional","Liga Endesa",-402534000,NA,"https://www.acb.com/Documentos/Cabeceras/logo-competicion-1b.png","https://www.acb.com/Documentos/Cabeceras/logo-competicion-4a.png",61,1996,107,NA,NA,1538,9438,NA,NA,TRUE,1192,1192,1844,"Fórum Valladolid","Fórum Vall.","FOR",1177,1368,"Cáceres CB","Cáceres CB","CAC",1,77,12000,6,15,40,21,47,44.68,17,28,60.71,24,10,34,10,8,7,0,2,4,3,27,21,68,0,0,1,0,0,77,79,0,NA,0,0,0,0,0,0,0
1532421,1,"Liga Nacional","Liga Endesa",-402534000,NA,"https://www.acb.com/Documentos/Cabeceras/logo-competicion-1b.png","https://www.acb.com/Documentos/Cabeceras/logo-competicion-4a.png",61,1996,107,NA,NA,1538,9438,NA,NA,FALSE,1177,1192,1844,"Fórum Valladolid","Fórum Vall.","FOR",1177,1368,"Cáceres CB","Cáceres CB","CAC",1,79,12000,4,13,30.77,21,46,45.65,25,34,73.53,29,11,40,10,7,10,0,4,2,2,21,27,91,0,0,0,1,0,79,77,0,NA,0,0,0,0,0,0,0
1532253,1,"Liga Nacional","Liga Endesa",-402534000,NA,"https://www.acb.com/Documentos/Cabeceras/logo-competicion-1b.png","https://www.acb.com/Documentos/Cabeceras/logo-competicion-4a.png",61,1996,107,NA,NA,1538,9431,NA,NA,TRUE,1191,1191,1120,"Caja San Fernando","C. San Fernando","CSF",1180,1193,"Baloncesto Fuenlabrada","B. Fuenlabrada","FUE",1,78,12000,7,17,41.18,19,38,50,19,25,76,21,10,31,10,7,12,0,3,2,1,16,21,85,0,0,0,1,0,78,71,0,NA,0,0,0,0,0,0,0
1532254,1,"Liga Nacional","Liga Endesa",-402534000,NA,"https://www.acb.com/Documentos/Cabeceras/logo-competicion-1b.png","https://www.acb.com/Documentos/Cabeceras/logo-competicion-4a.png",61,1996,107,NA,NA,1538,9431,NA,NA,FALSE,1180,1191,1120,"Caja San Fernando","C. San Fernando","CSF",1180,1193,"Baloncesto Fuenlabrada","B. Fuenlabrada","FUE",1,71,12000,5,9,55.56,23,46,50,10,17,58.82,20,7,27,8,7,14,0,2,3,1,21,16,59,0,0,1,0,0,71,78,0,NA,0,0,0,0,0,0,0
1532324,1,"Liga Nacional","Liga Endesa",-402534000,NA,"https://www.acb.com/Documentos/Cabeceras/logo-competicion-1b.png","https://www.acb.com/Documentos/Cabeceras/logo-competicion-4a.png",61,1996,107,NA,NA,1538,9434,NA,NA,TRUE,1188,1188,1718,"Xacobeo 99 Ourense","Xacobeo Ourense","OUR",1183,617,"Festina Joventut","Festina Jov.","JOV",1,69,12000,4,15,26.67,22,38,57.89,13,20,65,23,13,36,11,10,22,0,3,1,3,26,20,66,0,0,1,0,0,69,80,0,NA,0,0,0,0,0,0,0
1532325,1,"Liga Nacional","Liga Endesa",-402534000,NA,"https://www.acb.com/Documentos/Cabeceras/logo-competicion-1b.png","https://www.acb.com/Documentos/Cabeceras/logo-competicion-4a.png",61,1996,107,NA,NA,1538,9434,NA,NA,FALSE,1183,1188,1718,"Xacobeo 99 Ourense","Xacobeo Ourense","OUR",1183,617,"Festina Joventut","Festina Jov.","JOV",1,80,12000,10,21,47.62,17,33,51.52,16,23,69.57,17,7,24,7,14,12,0,1,3,1,20,26,83,0,0,0,1,0,80,69,0,NA,0,0,0,0,0,0,0
1532279,1,"Liga Nacional","Liga Endesa",-402534000,NA,"https://www.acb.com/Documentos/Cabeceras/logo-competicion-1b.png","https://www.acb.com/Documentos/Cabeceras/logo-competicion-4a.png",61,1996,107,NA,NA,1538,9432,NA,NA,TRUE,1185,1185,748,"Real Madrid Teka","Real Madrid","RMB",1187,907,"CB Murcia Airtel","Murcia Airtel","MUR",1,85,12000,4,11,36,28,50,56,17,22,77,29,12,41,14,12,16,0,4,2,1,19,17,102,0,0,0,13,0,1105,55,0,0,0,0,0,0,0,0,0
1532280,1,"Liga Nacional","Liga Endesa",-402534000,NA,"https://www.acb.com/Documentos/Cabeceras/logo-competicion-1b.png","https://www.acb.com/Documentos/Cabeceras/logo-competicion-4a.png",61,1996,107,NA,NA,1538,9432,NA,NA,FALSE,1187,1185,748,"Real Madrid Teka","Real Madrid","RMB",1187,907,"CB Murcia Airtel","Murcia Airtel","MUR",1,55,12000,6,16,37.5,13,42,30.95,11,14,78.57,17,12,29,8,8,21,0,2,4,1,17,19,37,0,0,1,0,0,55,85,0,NA,0,0,0,0,0,0,0
1532652,1,"Liga Nacional","Liga Endesa",-402534000,NA,"https://www.acb.com/Documentos/Cabeceras/logo-competicion-1b.png","https://www.acb.com/Documentos/Cabeceras/logo-competicion-4a.png",61,1996,107,NA,NA,1539,9448,NA,NA,FALSE,1191,1187,907,"CB Murcia Airtel","Murcia Airtel","MUR",1191,1120,"Caja San Fernando","C. San Fernando","CSF",1,95,12000,8,18,44,30,44,68,11,14,78,22,6,28,15,10,9,0,1,1,3,15,16,113,0,0,0,8,0,760,83,0,0,0,0,0,0,0,0,0
1532651,1,"Liga Nacional","Liga Endesa",-402534000,NA,"https://www.acb.com/Documentos/Cabeceras/logo-competicion-1b.png","https://www.acb.com/Documentos/Cabeceras/logo-competicion-4a.png",61,1996,107,NA,NA,1539,9448,NA,NA,TRUE,1187,1187,907,"CB Murcia Airtel","Murcia Airtel","MUR",1191,1120,"Caja San Fernando","C. San Fernando","CSF",1,83,12000,9,20,45,24,44,54.55,8,9,88.89,19,9,28,13,6,12,0,1,1,0,16,15,85,0,0,1,0,0,83,95,0,NA,0,0,0,0,0,0,0
1532604,1,"Liga Nacional","Liga Endesa",-402534000,NA,"https://www.acb.com/Documentos/Cabeceras/logo-competicion-1b.png","https://www.acb.com/Documentos/Cabeceras/logo-competicion-4a.png",61,1996,107,NA,NA,1539,9446,NA,NA,TRUE,1183,1183,617,"Festina Joventut","Festina Jov.","JOV",1184,1604,"León Caja España","León C. España","LEO",1,103,12000,9,23,39.13,26,44,59.09,24,29,82.76,22,12,34,12,14,8,0,2,0,5,23,26,123,0,0,0,1,0,103,76,0,NA,0,0,0,0,0,0,0
1532605,1,"Liga Nacional","Liga Endesa",-402534000,NA,"https://www.acb.com/Documentos/Cabeceras/logo-competicion-1b.png","https://www.acb.com/Documentos/Cabeceras/logo-competicion-4a.png",61,1996,107,NA,NA,1539,9446,NA,NA,FALSE,1184,1183,617,"Festina Joventut","Festina Jov.","JOV",1184,1604,"León Caja España","León C. España","LEO",1,76,12000,5,16,31.25,20,38,52.63,21,25,84,19,8,27,12,4,18,0,0,2,1,26,23,63,0,0,1,0,0,76,103,0,NA,0,0,0,0,0,0,0
1532630,1,"Liga Nacional","Liga Endesa",-402534000,NA,"https://www.acb.com/Documentos/Cabeceras/logo-competicion-1b.png","https://www.acb.com/Documentos/Cabeceras/logo-competicion-4a.png",61,1996,107,NA,NA,1539,9447,NA,NA,TRUE,1181,1181,1462,"Valvi Girona","Valvi Girona","GIR",1185,748,"Real Madrid Teka","Real Madrid","RMB",1,72,12000,6,18,33.33,21,39,53.85,12,14,85.71,11,8,19,11,7,15,0,3,6,0,23,20,56,0,0,1,0,0,72,98,0,NA,0,0,0,0,0,0,0
1532631,1,"Liga Nacional","Liga Endesa",-402534000,NA,"https://www.acb.com/Documentos/Cabeceras/logo-competicion-1b.png","https://www.acb.com/Documentos/Cabeceras/logo-competicion-4a.png",61,1996,107,NA,NA,1539,9447,NA,NA,FALSE,1185,1181,1462,"Valvi Girona","Valvi Girona","GIR",1185,748,"Real Madrid Teka","Real Madrid","RMB",1,98,12000,3,12,25,35,44,79,19,24,79,22,9,31,16,14,13,0,6,3,4,20,23,129,0,0,0,10,0,980,72,0,0,0,0,0,0,0,0,0
1532490,1,"Liga Nacional","Liga Endesa",-402534000,NA,"https://www.acb.com/Documentos/Cabeceras/logo-competicion-1b.png","https://www.acb.com/Documentos/Cabeceras/logo-competicion-4a.png",61,1996,107,NA,NA,1539,9441,NA,NA,TRUE,1175,1175,91,"FC Barcelona Banca Catalana","FC Barcelona","FCB",1192,1844,"Fórum Valladolid","Fórum Vall.","FOR",1,85,12000,7,17,41,26,48,54,12,14,85,25,8,33,19,13,13,0,1,1,5,22,19,100,0,0,0,11,0,935,67,0,0,0,0,0,0,0,0,0
1532491,1,"Liga Nacional","Liga Endesa",-402534000,NA,"https://www.acb.com/Documentos/Cabeceras/logo-competicion-1b.png","https://www.acb.com/Documentos/Cabeceras/logo-competicion-4a.png",61,1996,107,NA,NA,1539,9441,NA,NA,FALSE,1192,1175,91,"FC Barcelona Banca Catalana","FC Barcelona","FCB",1192,1844,"Fórum Valladolid","Fórum Vall.","FOR",1,67,12000,3,12,25,23,52,44.23,12,16,75,24,13,37,8,11,19,0,1,1,5,19,22,65,0,0,1,0,0,67,85,0,NA,0,0,0,0,0,0,0
1532512,1,"Liga Nacional","Liga Endesa",-402534000,NA,"https://www.acb.com/Documentos/Cabeceras/logo-competicion-1b.png","https://www.acb.com/Documentos/Cabeceras/logo-competicion-4a.png",61,1996,107,NA,NA,1539,9442,NA,NA,FALSE,1179,1177,1368,"Cáceres CB","Cáceres CB","CAC",1179,452,"Estudiantes Argentaria","Estudiantes A.","EST",1,79,12000,5,14,35.71,22,42,52.38,20,28,71.43,23,9,32,12,14,13,0,2,0,3,19,21,91,0,0,0,1,0,79,75,0,NA,0,0,0,0,0,0,0
1532511,1,"Liga Nacional","Liga Endesa",-402534000,NA,"https://www.acb.com/Documentos/Cabeceras/logo-competicion-1b.png","https://www.acb.com/Documentos/Cabeceras/logo-competicion-4a.png",61,1996,107,NA,NA,1539,9442,NA,NA,TRUE,1177,1177,1368,"Cáceres CB","Cáceres CB","CAC",1179,452,"Estudiantes Argentaria","Estudiantes A.","EST",1,75,12000,7,18,38.89,21,35,60,12,17,70.59,21,5,26,7,10,16,0,0,2,3,21,19,68,0,0,1,0,0,75,79,0,NA,0,0,0,0,0,0,0
1532533,1,"Liga Nacional","Liga Endesa",-402534000,NA,"https://www.acb.com/Documentos/Cabeceras/logo-competicion-1b.png","https://www.acb.com/Documentos/Cabeceras/logo-competicion-4a.png",61,1996,107,NA,NA,1539,9443,NA,NA,TRUE,1190,1190,1045,"Unicaja","Unicaja","UNI",1178,329,"Gran Canaria","Gran Canaria","GCA",1,74,13500,5,14,35.71,25,46,54.35,9,14,64.29,24,12,36,14,10,16,0,4,2,5,30,19,74,0,0,0,1,0,74,72,0,NA,0,0,0,0,0,0,0
1532534,1,"Liga Nacional","Liga Endesa",-402534000,NA,"https://www.acb.com/Documentos/Cabeceras/logo-competicion-1b.png","https://www.acb.com/Documentos/Cabeceras/logo-competicion-4a.png",61,1996,107,NA,NA,1539,9443,NA,NA,FALSE,1178,1190,1045,"Unicaja","Unicaja","UNI",1178,329,"Gran Canaria","Gran Canaria","GCA",1,72,13500,2,10,20,23,43,53.49,20,37,54.05,20,14,34,9,11,14,0,2,4,2,19,30,76,0,0,1,0,0,72,74,0,NA,0,0,0,0,0,0,0
1532464,1,"Liga Nacional","Liga Endesa",-402534000,NA,"https://www.acb.com/Documentos/Cabeceras/logo-competicion-1b.png","https://www.acb.com/Documentos/Cabeceras/logo-competicion-4a.png",61,1996,107,NA,NA,1539,9440,NA,NA,TRUE,1180,1180,1193,"Baloncesto Fuenlabrada","B. Fuenlabrada","FUE",1186,861,"TDK Manresa","TDK Manresa","MAN",1,85,12000,6,12,50,29,46,63.04,9,13,69.23,19,4,23,8,2,11,0,2,2,0,24,19,75,0,0,1,0,0,85,95,0,NA,0,0,0,0,0,0,0
1532465,1,"Liga Nacional","Liga Endesa",-402534000,NA,"https://www.acb.com/Documentos/Cabeceras/logo-competicion-1b.png","https://www.acb.com/Documentos/Cabeceras/logo-competicion-4a.png",61,1996,107,NA,NA,1539,9440,NA,NA,FALSE,1186,1180,1193,"Baloncesto Fuenlabrada","B. Fuenlabrada","FUE",1186,861,"TDK Manresa","TDK Manresa","MAN",1,95,12000,13,19,68.42,20,42,47.62,16,21,76.19,14,9,23,8,6,9,0,2,2,2,19,24,95,0,0,0,1,0,95,85,0,NA,0,0,0,0,0,0,0
1532578,1,"Liga Nacional","Liga Endesa",-402534000,NA,"https://www.acb.com/Documentos/Cabeceras/logo-competicion-1b.png","https://www.acb.com/Documentos/Cabeceras/logo-competicion-4a.png",61,1996,107,NA,NA,1539,9445,NA,NA,TRUE,1182,1182,1,"Covirán Granada","Covirán Granada","GRA",1188,1718,"Xacobeo 99 Ourense","Xacobeo Ourense","OUR",1,89,12000,4,17,23,25,49,51,27,32,84,29,13,42,12,12,16,0,5,4,4,20,28,106,0,0,0,10,0,890,81,0,0,0,0,0,0,0,0,0
1532579,1,"Liga Nacional","Liga Endesa",-402534000,NA,"https://www.acb.com/Documentos/Cabeceras/logo-competicion-1b.png","https://www.acb.com/Documentos/Cabeceras/logo-competicion-4a.png",61,1996,107,NA,NA,1539,9445,NA,NA,FALSE,1188,1182,1,"Covirán Granada","Covirán Granada","GRA",1188,1718,"Xacobeo 99 Ourense","Xacobeo Ourense","OUR",1,81,12000,7,20,35,24,45,53.33,12,20,60,25,13,38,12,15,19,0,4,5,1,28,20,76,0,0,1,0,0,81,89,0,NA,0,0,0,0,0,0,0
1532555,1,"Liga Nacional","Liga Endesa",-402534000,NA,"https://www.acb.com/Documentos/Cabeceras/logo-competicion-1b.png","https://www.acb.com/Documentos/Cabeceras/logo-competicion-4a.png",61,1996,107,NA,NA,1539,9444,NA,NA,FALSE,1176,1189,948,"Pamesa Valencia","Pamesa Valencia","PAM",1176,205,"Taugrés","Taugrés","TAU",1,85,12000,3,10,30,30,47,63,16,23,69,23,10,33,17,8,13,0,4,3,5,16,20,104,0,0,0,8,0,680,78,0,0,0,0,0,0,0,0,0
1532554,1,"Liga Nacional","Liga Endesa",-402534000,NA,"https://www.acb.com/Documentos/Cabeceras/logo-competicion-1b.png","https://www.acb.com/Documentos/Cabeceras/logo-competicion-4a.png",61,1996,107,NA,NA,1539,9444,NA,NA,TRUE,1189,1189,948,"Pamesa Valencia","Pamesa Valencia","PAM",1176,205,"Taugrés","Taugrés","TAU",1,78,12000,7,16,43.75,25,44,56.82,7,9,77.78,16,5,21,11,10,14,0,3,3,4,20,16,72,0,0,1,0,0,78,85,0,NA,0,0,0,0,0,0,0
1532676,1,"Liga Nacional","Liga Endesa",-402534000,NA,"https://www.acb.com/Documentos/Cabeceras/logo-competicion-1b.png","https://www.acb.com/Documentos/Cabeceras/logo-competicion-4a.png",61,1996,107,NA,NA,1540,9449,NA,NA,TRUE,1175,1175,91,"FC Barcelona Banca Catalana","FC Barcelona","FCB",1180,1193,"Baloncesto Fuenlabrada","B. Fuenlabrada","FUE",1,105,12000,8,15,53,30,44,68,21,26,80,27,6,33,20,11,12,0,1,2,2,22,22,130,0,0,0,10,0,1050,73,0,0,0,0,0,0,0,0,0
1532677,1,"Liga Nacional","Liga Endesa",-402534000,NA,"https://www.acb.com/Documentos/Cabeceras/logo-competicion-1b.png","https://www.acb.com/Documentos/Cabeceras/logo-competicion-4a.png",61,1996,107,NA,NA,1540,9449,NA,NA,FALSE,1180,1175,91,"FC Barcelona Banca Catalana","FC Barcelona","FCB",1180,1193,"Baloncesto Fuenlabrada","B. Fuenlabrada","FUE",1,73,12000,3,6,50,27,47,57.45,10,25,40,19,6,25,13,8,20,0,2,1,2,22,22,62,0,0,1,0,0,73,105,0,NA,0,0,0,0,0,0,0
1532745,1,"Liga Nacional","Liga Endesa",-402534000,NA,"https://www.acb.com/Documentos/Cabeceras/logo-competicion-1b.png","https://www.acb.com/Documentos/Cabeceras/logo-competicion-4a.png",61,1996,107,NA,NA,1540,9452,NA,NA,TRUE,1179,1179,452,"Estudiantes Argentaria","Estudiantes A.","EST",1189,948,"Pamesa Valencia","Pamesa Valencia","PAM",1,86,12000,9,21,42,20,51,39,19,24,79,19,21,40,12,8,6,0,0,2,5,22,24,92,0,0,0,10,0,860,82,0,0,0,0,0,0,0,0,0
1532746,1,"Liga Nacional","Liga Endesa",-402534000,NA,"https://www.acb.com/Documentos/Cabeceras/logo-competicion-1b.png","https://www.acb.com/Documentos/Cabeceras/logo-competicion-4a.png",61,1996,107,NA,NA,1540,9452,NA,NA,FALSE,1189,1179,452,"Estudiantes Argentaria","Estudiantes A.","EST",1189,948,"Pamesa Valencia","Pamesa Valencia","PAM",1,82,12000,6,14,42.86,26,41,63.41,12,19,63.16,24,8,32,7,3,11,0,2,0,3,24,22,83,0,0,1,0,0,82,86,0,NA,0,0,0,0,0,0,0
1532767,1,"Liga Nacional","Liga Endesa",-402534000,NA,"https://www.acb.com/Documentos/Cabeceras/logo-competicion-1b.png","https://www.acb.com/Documentos/Cabeceras/logo-competicion-4a.png",61,1996,107,NA,NA,1540,9453,NA,NA,TRUE,1178,1178,329,"Gran Canaria","Gran Canaria","GCA",1182,1,"Covirán Granada","Covirán Granada","GRA",1,89,12000,8,17,47.06,22,41,53.66,21,26,80.77,19,13,32,9,8,13,0,3,5,1,20,22,92,0,0,0,1,0,89,86,0,NA,0,0,0,0,0,0,0
1532768,1,"Liga Nacional","Liga Endesa",-402534000,NA,"https://www.acb.com/Documentos/Cabeceras/logo-competicion-1b.png","https://www.acb.com/Documentos/Cabeceras/logo-competicion-4a.png",61,1996,107,NA,NA,1540,9453,NA,NA,FALSE,1182,1178,329,"Gran Canaria","Gran Canaria","GCA",1182,1,"Covirán Granada","Covirán Granada","GRA",1,86,12000,7,19,36,28,40,70,9,16,56,14,9,23,12,7,10,0,5,3,2,22,20,87,0,0,9,0,0,774,89,0,0,0,0,0,0,0,0,0
1532722,1,"Liga Nacional","Liga Endesa",-402534000,NA,"https://www.acb.com/Documentos/Cabeceras/logo-competicion-1b.png","https://www.acb.com/Documentos/Cabeceras/logo-competicion-4a.png",61,1996,107,NA,NA,1540,9451,NA,NA,TRUE,1192,1192,1844,"Fórum Valladolid","Fórum Vall.","FOR",1190,1045,"Unicaja","Unicaja","UNI",1,84,12000,5,20,25,25,46,54.35,19,28,67.86,15,17,32,6,13,12,0,3,2,2,27,27,79,0,0,1,0,0,84,90,0,NA,0,0,0,0,0,0,0
1532723,1,"Liga Nacional","Liga Endesa",-402534000,NA,"https://www.acb.com/Documentos/Cabeceras/logo-competicion-1b.png","https://www.acb.com/Documentos/Cabeceras/logo-competicion-4a.png",61,1996,107,NA,NA,1540,9451,NA,NA,FALSE,1190,1192,1844,"Fórum Valladolid","Fórum Vall.","FOR",1190,1045,"Unicaja","Unicaja","UNI",1,90,12000,3,12,25,28,41,68.29,25,32,78.12,24,9,33,8,8,13,0,2,3,2,27,27,96,0,0,0,1,0,90,84,0,NA,0,0,0,0,0,0,0
1532865,1,"Liga Nacional","Liga Endesa",-402534000,NA,"https://www.acb.com/Documentos/Cabeceras/logo-competicion-1b.png","https://www.acb.com/Documentos/Cabeceras/logo-competicion-4a.png",61,1996,107,NA,NA,1540,9457,NA,NA,FALSE,1191,1185,748,"Real Madrid Teka","Real Madrid","RMB",1191,1120,"Caja San Fernando","C. San Fernando","CSF",1,78,12000,3,13,23,30,50,60,9,14,64,19,9,28,12,8,16,0,0,3,3,23,16,65,0,0,9,0,0,702,87,0,0,0,0,0,0,0,0,0
1532864,1,"Liga Nacional","Liga Endesa",-402534000,NA,"https://www.acb.com/Documentos/Cabeceras/logo-competicion-1b.png","https://www.acb.com/Documentos/Cabeceras/logo-competicion-4a.png",61,1996,107,NA,NA,1540,9457,NA,NA,TRUE,1185,1185,748,"Real Madrid Teka","Real Madrid","RMB",1191,1120,"Caja San Fernando","C. San Fernando","CSF",1,87,12000,5,12,41,25,39,64,22,28,78,23,4,27,13,12,12,0,3,0,2,16,23,110,0,0,0,10,0,870,78,0,0,0,0,0,0,0,0,0
1532839,1,"Liga Nacional","Liga Endesa",-402534000,NA,"https://www.acb.com/Documentos/Cabeceras/logo-competicion-1b.png","https://www.acb.com/Documentos/Cabeceras/logo-competicion-4a.png",61,1996,107,NA,NA,1540,9456,NA,NA,FALSE,1187,1184,1604,"León Caja España","León C. España","LEO",1187,907,"CB Murcia Airtel","Murcia Airtel","MUR",1,79,12000,6,21,28,23,40,57,15,24,62,13,8,21,15,12,9,0,1,2,1,25,21,72,0,0,10,0,0,790,91,0,0,0,0,0,0,0,0,0
1532838,1,"Liga Nacional","Liga Endesa",-402534000,NA,"https://www.acb.com/Documentos/Cabeceras/logo-competicion-1b.png","https://www.acb.com/Documentos/Cabeceras/logo-competicion-4a.png",61,1996,107,NA,NA,1540,9456,NA,NA,TRUE,1184,1184,1604,"León Caja España","León C. España","LEO",1187,907,"CB Murcia Airtel","Murcia Airtel","MUR",1,91,12000,8,10,80,22,36,61.11,23,31,74.19,24,8,32,12,9,22,0,2,1,0,21,25,103,0,0,0,1,0,91,79,0,NA,0,0,0,0,0,0,0
1532791,1,"Liga Nacional","Liga Endesa",-402534000,NA,"https://www.acb.com/Documentos/Cabeceras/logo-competicion-1b.png","https://www.acb.com/Documentos/Cabeceras/logo-competicion-4a.png",61,1996,107,NA,NA,1540,9454,NA,NA,TRUE,1176,1176,205,"Taugrés","Taugrés","TAU",1183,617,"Festina Joventut","Festina Jov.","JOV",1,82,12000,5,16,31,27,43,62,13,19,68,25,7,32,12,6,12,0,3,4,3,23,21,84,0,0,11,0,0,820,93,0,0,0,0,0,0,0,0,0
1532792,1,"Liga Nacional","Liga Endesa",-402534000,NA,"https://www.acb.com/Documentos/Cabeceras/logo-competicion-1b.png","https://www.acb.com/Documentos/Cabeceras/logo-competicion-4a.png",61,1996,107,NA,NA,1540,9454,NA,NA,FALSE,1183,1176,205,"Taugrés","Taugrés","TAU",1183,617,"Festina Joventut","Festina Jov.","JOV",1,93,12000,5,14,35.71,30,54,55.56,18,27,66.67,21,14,35,5,11,12,0,4,3,0,21,23,93,0,0,0,1,0,93,82,0,NA,0,0,0,0,0,0,0
1532815,1,"Liga Nacional","Liga Endesa",-402534000,NA,"https://www.acb.com/Documentos/Cabeceras/logo-competicion-1b.png","https://www.acb.com/Documentos/Cabeceras/logo-competicion-4a.png",61,1996,107,NA,NA,1540,9455,NA,NA,TRUE,1188,1188,1718,"Xacobeo 99 Ourense","Xacobeo Ourense","OUR",1181,1462,"Valvi Girona","Valvi Girona","GIR",1,90,12000,8,14,57.14,26,44,59.09,14,23,60.87,30,8,38,8,7,14,0,2,1,1,28,21,90,0,0,0,1,0,90,81,0,NA,0,0,0,0,0,0,0
1532816,1,"Liga Nacional","Liga Endesa",-402534000,NA,"https://www.acb.com/Documentos/Cabeceras/logo-competicion-1b.png","https://www.acb.com/Documentos/Cabeceras/logo-competicion-4a.png",61,1996,107,NA,NA,1540,9455,NA,NA,FALSE,1181,1188,1718,"Xacobeo 99 Ourense","Xacobeo Ourense","OUR",1181,1462,"Valvi Girona","Valvi Girona","GIR",1,81,12000,5,21,23.81,22,43,51.16,22,32,68.75,20,16,36,12,8,12,0,1,2,3,21,28,84,0,0,1,0,0,81,90,0,NA,0,0,0,0,0,0,0
1532699,1,"Liga Nacional","Liga Endesa",-402534000,NA,"https://www.acb.com/Documentos/Cabeceras/logo-competicion-1b.png","https://www.acb.com/Documentos/Cabeceras/logo-competicion-4a.png",61,1996,107,NA,NA,1540,9450,NA,NA,FALSE,1177,1186,861,"TDK Manresa","TDK Manresa","MAN",1177,1368,"Cáceres CB","Cáceres CB","CAC",1,63,12000,6,20,30,20,39,51.28,5,9,55.56,24,12,36,14,6,13,0,9,5,4,21,15,67,0,0,1,0,0,63,71,0,NA,0,0,0,0,0,0,0
1532698,1,"Liga Nacional","Liga Endesa",-402534000,NA,"https://www.acb.com/Documentos/Cabeceras/logo-competicion-1b.png","https://www.acb.com/Documentos/Cabeceras/logo-competicion-4a.png",61,1996,107,NA,NA,1540,9450,NA,NA,TRUE,1186,1186,861,"TDK Manresa","TDK Manresa","MAN",1177,1368,"Cáceres CB","Cáceres CB","CAC",1,71,12000,7,17,41.18,17,40,42.5,16,21,76.19,23,11,34,11,11,11,0,5,9,1,15,21,80,0,0,0,1,0,71,63,0,NA,0,0,0,0,0,0,0
1532888,1,"Liga Nacional","Liga Endesa",-402534000,NA,"https://www.acb.com/Documentos/Cabeceras/logo-competicion-1b.png","https://www.acb.com/Documentos/Cabeceras/logo-competicion-4a.png",61,1996,107,NA,NA,1541,9458,NA,NA,TRUE,1181,1181,1462,"Valvi Girona","Valvi Girona","GIR",1180,1193,"Baloncesto Fuenlabrada","B. Fuenlabrada","FUE",1,72,12000,4,12,33.33,24,43,55.81,12,17,70.59,24,7,31,10,10,14,0,5,2,0,21,18,77,0,0,0,1,0,72,63,0,NA,0,0,0,0,0,0,0
1532889,1,"Liga Nacional","Liga Endesa",-402534000,NA,"https://www.acb.com/Documentos/Cabeceras/logo-competicion-1b.png","https://www.acb.com/Documentos/Cabeceras/logo-competicion-4a.png",61,1996,107,NA,NA,1541,9458,NA,NA,FALSE,1180,1181,1462,"Valvi Girona","Valvi Girona","GIR",1180,1193,"Baloncesto Fuenlabrada","B. Fuenlabrada","FUE",1,63,12000,3,12,25,18,43,41,18,25,72,23,11,34,9,8,15,0,2,5,3,18,21,58,0,0,10,0,0,630,72,0,0,0,0,0,0,0,0,0
1532912,1,"Liga Nacional","Liga Endesa",-402534000,NA,"https://www.acb.com/Documentos/Cabeceras/logo-competicion-1b.png","https://www.acb.com/Documentos/Cabeceras/logo-competicion-4a.png",61,1996,107,NA,NA,1541,9459,NA,NA,TRUE,1187,1187,907,"CB Murcia Airtel","Murcia Airtel","MUR",1183,617,"Festina Joventut","Festina Jov.","JOV",1,64,12000,6,19,31.58,15,44,34.09,16,28,57.14,20,12,32,10,9,11,0,3,1,0,24,22,50,0,0,1,0,0,64,104,0,NA,0,0,0,0,0,0,0
1532913,1,"Liga Nacional","Liga Endesa",-402534000,NA,"https://www.acb.com/Documentos/Cabeceras/logo-competicion-1b.png","https://www.acb.com/Documentos/Cabeceras/logo-competicion-4a.png",61,1996,107,NA,NA,1541,9459,NA,NA,FALSE,1183,1187,907,"CB Murcia Airtel","Murcia Airtel","MUR",1183,617,"Festina Joventut","Festina Jov.","JOV",1,104,12000,12,21,57.14,27,47,57.45,14,20,70,34,13,47,14,10,13,0,1,3,6,22,24,127,0,0,0,1,0,104,64,0,NA,0,0,0,0,0,0,0
1533009,1,"Liga Nacional","Liga Endesa",-402534000,NA,"https://www.acb.com/Documentos/Cabeceras/logo-competicion-1b.png","https://www.acb.com/Documentos/Cabeceras/logo-competicion-4a.png",61,1996,107,NA,NA,1541,9463,NA,NA,TRUE,1188,1188,1718,"Xacobeo 99 Ourense","Xacobeo Ourense","OUR",1177,1368,"Cáceres CB","Cáceres CB","CAC",1,99,13500,4,11,36.36,30,52,57.69,27,45,60,27,15,42,7,10,14,0,6,1,4,23,30,109,0,0,0,1,0,99,91,0,NA,0,0,0,0,0,0,0
1533010,1,"Liga Nacional","Liga Endesa",-402534000,NA,"https://www.acb.com/Documentos/Cabeceras/logo-competicion-1b.png","https://www.acb.com/Documentos/Cabeceras/logo-competicion-4a.png",61,1996,107,NA,NA,1541,9463,NA,NA,FALSE,1177,1188,1718,"Xacobeo 99 Ourense","Xacobeo Ourense","OUR",1177,1368,"Cáceres CB","Cáceres CB","CAC",1,91,13500,7,27,25.93,26,43,60.47,18,24,75,22,13,35,15,8,14,0,1,6,6,30,23,80,0,0,1,0,0,91,99,0,NA,0,0,0,0,0,0,0
1533077,1,"Liga Nacional","Liga Endesa",-402534000,NA,"https://www.acb.com/Documentos/Cabeceras/logo-competicion-1b.png","https://www.acb.com/Documentos/Cabeceras/logo-competicion-4a.png",61,1996,107,NA,NA,1541,9466,NA,NA,TRUE,1179,1179,452,"Estudiantes Argentaria","Estudiantes A.","EST",1192,1844,"Fórum Valladolid","Fórum Vall.","FOR",1,90,12000,7,19,36,27,45,60,15,18,83,21,5,26,17,5,5,0,4,1,3,19,21,105,0,0,0,10,0,900,89,0,0,0,0,0,0,0,0,0
1533078,1,"Liga Nacional","Liga Endesa",-402534000,NA,"https://www.acb.com/Documentos/Cabeceras/logo-competicion-1b.png","https://www.acb.com/Documentos/Cabeceras/logo-competicion-4a.png",61,1996,107,NA,NA,1541,9466,NA,NA,FALSE,1192,1179,452,"Estudiantes Argentaria","Estudiantes A.","EST",1192,1844,"Fórum Valladolid","Fórum Vall.","FOR",1,89,12000,6,16,37.5,30,51,58.82,11,17,64.71,25,13,38,9,5,13,0,1,4,3,21,19,86,0,0,1,0,0,89,90,0,NA,0,0,0,0,0,0,0
1533033,1,"Liga Nacional","Liga Endesa",-402534000,NA,"https://www.acb.com/Documentos/Cabeceras/logo-competicion-1b.png","https://www.acb.com/Documentos/Cabeceras/logo-competicion-4a.png",61,1996,107,NA,NA,1541,9464,NA,NA,FALSE,1175,1176,205,"Taugrés","Taugrés","TAU",1175,91,"FC Barcelona Banca Catalana","FC Barcelona","FCB",1,102,13500,9,20,45,27,51,52,21,26,80,26,12,38,11,10,18,0,2,2,1,25,23,101,0,0,0,10,0,1020,98,0,0,0,0,0,0,0,0,0
1533032,1,"Liga Nacional","Liga Endesa",-402534000,NA,"https://www.acb.com/Documentos/Cabeceras/logo-competicion-1b.png","https://www.acb.com/Documentos/Cabeceras/logo-competicion-4a.png",61,1996,107,NA,NA,1541,9464,NA,NA,TRUE,1176,1176,205,"Taugrés","Taugrés","TAU",1175,91,"FC Barcelona Banca Catalana","FC Barcelona","FCB",1,98,13500,1,15,6.67,36,64,56.25,23,32,71.88,25,17,42,15,14,12,0,2,2,9,23,25,108,0,0,1,0,0,98,102,0,NA,0,0,0,0,0,0,0
1532986,1,"Liga Nacional","Liga Endesa",-402534000,NA,"https://www.acb.com/Documentos/Cabeceras/logo-competicion-1b.png","https://www.acb.com/Documentos/Cabeceras/logo-competicion-4a.png",61,1996,107,NA,NA,1541,9462,NA,NA,TRUE,1184,1184,1604,"León Caja España","León C. España","LEO",1190,1045,"Unicaja","Unicaja","UNI",1,70,12000,0,10,0,27,44,61.36,16,19,84.21,20,12,32,11,11,14,0,0,1,1,19,18,78,0,0,0,1,0,70,61,0,NA,0,0,0,0,0,0,0
1532987,1,"Liga Nacional","Liga Endesa",-402534000,NA,"https://www.acb.com/Documentos/Cabeceras/logo-competicion-1b.png","https://www.acb.com/Documentos/Cabeceras/logo-competicion-4a.png",61,1996,107,NA,NA,1541,9462,NA,NA,FALSE,1190,1184,1604,"León Caja España","León C. España","LEO",1190,1045,"Unicaja","Unicaja","UNI",1,61,12000,4,12,33.33,20,40,50,9,18,50,16,7,23,8,5,13,0,1,0,1,18,19,49,0,0,1,0,0,61,70,0,NA,0,0,0,0,0,0,0
1532936,1,"Liga Nacional","Liga Endesa",-402534000,NA,"https://www.acb.com/Documentos/Cabeceras/logo-competicion-1b.png","https://www.acb.com/Documentos/Cabeceras/logo-competicion-4a.png",61,1996,107,NA,NA,1541,9460,NA,NA,FALSE,1182,1191,1120,"Caja San Fernando","C. San Fernando","CSF",1182,1,"Covirán Granada","Covirán Granada","GRA",1,99,12000,12,22,54,24,43,55,15,20,75,26,8,34,12,10,13,0,3,1,2,21,21,110,0,0,10,0,0,990,102,0,0,0,0,0,0,0,0,0
1532935,1,"Liga Nacional","Liga Endesa",-402534000,NA,"https://www.acb.com/Documentos/Cabeceras/logo-competicion-1b.png","https://www.acb.com/Documentos/Cabeceras/logo-competicion-4a.png",61,1996,107,NA,NA,1541,9460,NA,NA,TRUE,1191,1191,1120,"Caja San Fernando","C. San Fernando","CSF",1182,1,"Covirán Granada","Covirán Granada","GRA",1,102,12000,15,26,57,21,39,53,15,23,65,23,7,30,17,11,11,0,1,3,0,21,21,110,0,0,0,9,0,918,99,0,0,0,0,0,0,0,0,0
1533055,1,"Liga Nacional","Liga Endesa",-402534000,NA,"https://www.acb.com/Documentos/Cabeceras/logo-competicion-1b.png","https://www.acb.com/Documentos/Cabeceras/logo-competicion-4a.png",61,1996,107,NA,NA,1541,9465,NA,NA,FALSE,1186,1178,329,"Gran Canaria","Gran Canaria","GCA",1186,861,"TDK Manresa","TDK Manresa","MAN",1,71,12000,6,18,33.33,18,34,52.94,17,24,70.83,18,14,32,9,10,16,0,5,1,1,21,22,76,0,0,1,0,0,71,73,0,NA,0,0,0,0,0,0,0
1533054,1,"Liga Nacional","Liga Endesa",-402534000,NA,"https://www.acb.com/Documentos/Cabeceras/logo-competicion-1b.png","https://www.acb.com/Documentos/Cabeceras/logo-competicion-4a.png",61,1996,107,NA,NA,1541,9465,NA,NA,TRUE,1178,1178,329,"Gran Canaria","Gran Canaria","GCA",1186,861,"TDK Manresa","TDK Manresa","MAN",1,73,12000,2,11,18.18,22,36,61.11,23,27,85.19,19,8,27,7,10,16,0,1,5,0,22,21,69,0,0,0,1,0,73,71,0,NA,0,0,0,0,0,0,0
1532964,1,"Liga Nacional","Liga Endesa",-402534000,NA,"https://www.acb.com/Documentos/Cabeceras/logo-competicion-1b.png","https://www.acb.com/Documentos/Cabeceras/logo-competicion-4a.png",61,1996,107,NA,NA,1541,9461,NA,NA,TRUE,1185,1185,748,"Real Madrid Teka","Real Madrid","RMB",1189,948,"Pamesa Valencia","Pamesa Valencia","PAM",1,82,12000,6,11,54,26,40,65,12,19,63,22,6,28,14,9,15,0,0,0,3,20,18,90,0,0,0,12,0,984,67,0,0,0,0,0,0,0,0,0
1532965,1,"Liga Nacional","Liga Endesa",-402534000,NA,"https://www.acb.com/Documentos/Cabeceras/logo-competicion-1b.png","https://www.acb.com/Documentos/Cabeceras/logo-competicion-4a.png",61,1996,107,NA,NA,1541,9461,NA,NA,FALSE,1189,1185,748,"Real Madrid Teka","Real Madrid","RMB",1189,948,"Pamesa Valencia","Pamesa Valencia","PAM",1,67,12000,1,10,10,24,47,51.06,16,22,72.73,16,13,29,2,5,12,0,0,0,1,18,20,55,0,0,1,0,0,67,82,0,NA,0,0,0,0,0,0,0
1533170,1,"Liga Nacional","Liga Endesa",-402534000,NA,"https://www.acb.com/Documentos/Cabeceras/logo-competicion-1b.png","https://www.acb.com/Documentos/Cabeceras/logo-competicion-4a.png",61,1996,107,NA,NA,1542,9470,NA,NA,TRUE,1177,1177,1368,"Cáceres CB","Cáceres CB","CAC",1176,205,"Taugrés","Taugrés","TAU",1,81,12000,6,26,23.08,19,31,61.29,25,34,73.53,27,15,42,15,11,15,0,1,7,3,20,20,87,0,0,0,1,0,81,79,0,NA,0,0,0,0,0,0,0
1533171,1,"Liga Nacional","Liga Endesa",-402534000,NA,"https://www.acb.com/Documentos/Cabeceras/logo-competicion-1b.png","https://www.acb.com/Documentos/Cabeceras/logo-competicion-4a.png",61,1996,107,NA,NA,1542,9470,NA,NA,FALSE,1176,1177,1368,"Cáceres CB","Cáceres CB","CAC",1176,205,"Taugrés","Taugrés","TAU",1,79,12000,5,11,45.45,25,53,47.17,14,22,63.64,20,12,32,10,8,10,0,7,1,3,20,20,83,0,0,1,0,0,79,81,0,NA,0,0,0,0,0,0,0
1533125,1,"Liga Nacional","Liga Endesa",-402534000,NA,"https://www.acb.com/Documentos/Cabeceras/logo-competicion-1b.png","https://www.acb.com/Documentos/Cabeceras/logo-competicion-4a.png",61,1996,107,NA,NA,1542,9468,NA,NA,FALSE,1179,1186,861,"TDK Manresa","TDK Manresa","MAN",1179,452,"Estudiantes Argentaria","Estudiantes A.","EST",1,84,13500,5,20,25,27,57,47,15,25,60,24,14,38,18,13,8,0,8,6,5,25,23,90,0,0,10,0,0,840,92,0,0,0,0,0,0,0,0,0
1533124,1,"Liga Nacional","Liga Endesa",-402534000,NA,"https://www.acb.com/Documentos/Cabeceras/logo-competicion-1b.png","https://www.acb.com/Documentos/Cabeceras/logo-competicion-4a.png",61,1996,107,NA,NA,1542,9468,NA,NA,TRUE,1186,1186,861,"TDK Manresa","TDK Manresa","MAN",1179,452,"Estudiantes Argentaria","Estudiantes A.","EST",1,92,13500,9,21,42.86,21,50,42,23,32,71.88,36,18,54,19,5,14,0,6,8,2,23,25,106,0,0,0,1,0,92,84,0,NA,0,0,0,0,0,0,0
1533147,1,"Liga Nacional","Liga Endesa",-402534000,NA,"https://www.acb.com/Documentos/Cabeceras/logo-competicion-1b.png","https://www.acb.com/Documentos/Cabeceras/logo-competicion-4a.png",61,1996,107,NA,NA,1542,9469,NA,NA,TRUE,1175,1175,91,"FC Barcelona Banca Catalana","FC Barcelona","FCB",1178,329,"Gran Canaria","Gran Canaria","GCA",1,83,12000,9,19,47,23,36,63,10,12,83,18,4,22,22,9,9,0,1,1,2,23,15,94,0,0,0,11,0,913,80,0,0,0,0,0,0,0,0,0
1533148,1,"Liga Nacional","Liga Endesa",-402534000,NA,"https://www.acb.com/Documentos/Cabeceras/logo-competicion-1b.png","https://www.acb.com/Documentos/Cabeceras/logo-competicion-4a.png",61,1996,107,NA,NA,1542,9469,NA,NA,FALSE,1178,1175,91,"FC Barcelona Banca Catalana","FC Barcelona","FCB",1178,329,"Gran Canaria","Gran Canaria","GCA",1,80,12000,5,13,38.46,23,42,54.76,19,27,70.37,18,11,29,7,7,10,0,1,1,2,15,23,86,0,0,1,0,0,80,83,0,NA,0,0,0,0,0,0,0
1533194,1,"Liga Nacional","Liga Endesa",-402534000,NA,"https://www.acb.com/Documentos/Cabeceras/logo-competicion-1b.png","https://www.acb.com/Documentos/Cabeceras/logo-competicion-4a.png",61,1996,107,NA,NA,1542,9471,NA,NA,FALSE,1188,1190,1045,"Unicaja","Unicaja","UNI",1188,1718,"Xacobeo 99 Ourense","Xacobeo Ourense","OUR",1,70,12000,4,12,33.33,20,36,55.56,18,23,78.26,18,3,21,4,6,14,0,3,1,2,20,20,60,0,0,1,0,0,70,84,0,NA,0,0,0,0,0,0,0
1533193,1,"Liga Nacional","Liga Endesa",-402534000,NA,"https://www.acb.com/Documentos/Cabeceras/logo-competicion-1b.png","https://www.acb.com/Documentos/Cabeceras/logo-competicion-4a.png",61,1996,107,NA,NA,1542,9471,NA,NA,TRUE,1190,1190,1045,"Unicaja","Unicaja","UNI",1188,1718,"Xacobeo 99 Ourense","Xacobeo Ourense","OUR",1,84,12000,11,23,47.83,19,32,59.38,13,22,59.09,21,9,30,16,7,13,0,1,3,6,20,20,88,0,0,0,1,0,84,70,0,NA,0,0,0,0,0,0,0
1533286,1,"Liga Nacional","Liga Endesa",-402534000,NA,"https://www.acb.com/Documentos/Cabeceras/logo-competicion-1b.png","https://www.acb.com/Documentos/Cabeceras/logo-competicion-4a.png",61,1996,107,NA,NA,1542,9475,NA,NA,FALSE,1187,1181,1462,"Valvi Girona","Valvi Girona","GIR",1187,907,"CB Murcia Airtel","Murcia Airtel","MUR",1,82,12000,5,9,55,23,48,47,21,27,77,19,11,30,10,7,12,0,1,6,3,21,22,78,0,0,10,0,0,820,84,0,0,0,0,0,0,0,0,0
1533285,1,"Liga Nacional","Liga Endesa",-402534000,NA,"https://www.acb.com/Documentos/Cabeceras/logo-competicion-1b.png","https://www.acb.com/Documentos/Cabeceras/logo-competicion-4a.png",61,1996,107,NA,NA,1542,9475,NA,NA,TRUE,1181,1181,1462,"Valvi Girona","Valvi Girona","GIR",1187,907,"CB Murcia Airtel","Murcia Airtel","MUR",1,84,12000,6,15,40,25,46,54.35,16,27,59.26,22,16,38,14,5,13,0,6,1,2,22,21,91,0,0,0,1,0,84,82,0,NA,0,0,0,0,0,0,0
1533263,1,"Liga Nacional","Liga Endesa",-402534000,NA,"https://www.acb.com/Documentos/Cabeceras/logo-competicion-1b.png","https://www.acb.com/Documentos/Cabeceras/logo-competicion-4a.png",61,1996,107,NA,NA,1542,9474,NA,NA,TRUE,1183,1183,617,"Festina Joventut","Festina Jov.","JOV",1191,1120,"Caja San Fernando","C. San Fernando","CSF",1,97,12000,11,22,50,24,45,53.33,16,21,76.19,18,14,32,15,11,9,0,1,1,1,20,21,110,0,0,0,1,0,97,85,0,NA,0,0,0,0,0,0,0
1533264,1,"Liga Nacional","Liga Endesa",-402534000,NA,"https://www.acb.com/Documentos/Cabeceras/logo-competicion-1b.png","https://www.acb.com/Documentos/Cabeceras/logo-competicion-4a.png",61,1996,107,NA,NA,1542,9474,NA,NA,FALSE,1191,1183,617,"Festina Joventut","Festina Jov.","JOV",1191,1120,"Caja San Fernando","C. San Fernando","CSF",1,85,12000,7,15,46,25,43,58,14,20,70,19,11,30,8,6,14,0,1,1,0,21,20,82,0,0,10,0,0,850,97,0,0,0,0,0,0,0,0,0
1533215,1,"Liga Nacional","Liga Endesa",-402534000,NA,"https://www.acb.com/Documentos/Cabeceras/logo-competicion-1b.png","https://www.acb.com/Documentos/Cabeceras/logo-competicion-4a.png",61,1996,107,NA,NA,1542,9472,NA,NA,TRUE,1189,1189,948,"Pamesa Valencia","Pamesa Valencia","PAM",1184,1604,"León Caja España","León C. España","LEO",1,94,12000,9,19,47.37,24,39,61.54,19,26,73.08,23,8,31,13,7,10,0,1,1,0,20,26,109,0,0,0,1,0,94,78,0,NA,0,0,0,0,0,0,0
1533216,1,"Liga Nacional","Liga Endesa",-402534000,NA,"https://www.acb.com/Documentos/Cabeceras/logo-competicion-1b.png","https://www.acb.com/Documentos/Cabeceras/logo-competicion-4a.png",61,1996,107,NA,NA,1542,9472,NA,NA,FALSE,1184,1189,948,"Pamesa Valencia","Pamesa Valencia","PAM",1184,1604,"León Caja España","León C. España","LEO",1,78,12000,10,20,50,19,35,54.29,10,18,55.56,20,5,25,15,8,13,0,1,1,3,26,20,73,0,0,1,0,0,78,94,0,NA,0,0,0,0,0,0,0
1533101,1,"Liga Nacional","Liga Endesa",-402534000,NA,"https://www.acb.com/Documentos/Cabeceras/logo-competicion-1b.png","https://www.acb.com/Documentos/Cabeceras/logo-competicion-4a.png",61,1996,107,NA,NA,1542,9467,NA,NA,TRUE,1180,1180,1193,"Baloncesto Fuenlabrada","B. Fuenlabrada","FUE",1192,1844,"Fórum Valladolid","Fórum Vall.","FOR",1,86,12000,5,13,38,30,47,63,11,14,78,20,4,24,13,5,13,0,3,1,5,26,18,81,0,0,10,0,0,860,93,0,0,0,0,0,0,0,0,0
1533102,1,"Liga Nacional","Liga Endesa",-402534000,NA,"https://www.acb.com/Documentos/Cabeceras/logo-competicion-1b.png","https://www.acb.com/Documentos/Cabeceras/logo-competicion-4a.png",61,1996,107,NA,NA,1542,9467,NA,NA,FALSE,1192,1180,1193,"Baloncesto Fuenlabrada","B. Fuenlabrada","FUE",1192,1844,"Fórum Valladolid","Fórum Vall.","FOR",1,93,12000,3,11,27.27,30,53,56.6,24,31,77.42,21,11,32,12,3,7,0,1,3,4,18,26,101,0,0,0,1,0,93,86,0,NA,0,0,0,0,0,0,0
1533241,1,"Liga Nacional","Liga Endesa",-402534000,NA,"https://www.acb.com/Documentos/Cabeceras/logo-competicion-1b.png","https://www.acb.com/Documentos/Cabeceras/logo-competicion-4a.png",61,1996,107,NA,NA,1542,9473,NA,NA,FALSE,1185,1182,1,"Covirán Granada","Covirán Granada","GRA",1185,748,"Real Madrid Teka","Real Madrid","RMB",1,97,12000,6,18,33,25,43,58,29,39,74,22,15,37,16,11,16,0,3,4,2,27,26,103,0,0,0,11,0,1067,92,0,0,0,0,0,0,0,0,0
1533240,1,"Liga Nacional","Liga Endesa",-402534000,NA,"https://www.acb.com/Documentos/Cabeceras/logo-competicion-1b.png","https://www.acb.com/Documentos/Cabeceras/logo-competicion-4a.png",61,1996,107,NA,NA,1542,9473,NA,NA,TRUE,1182,1182,1,"Covirán Granada","Covirán Granada","GRA",1185,748,"Real Madrid Teka","Real Madrid","RMB",1,92,12000,7,16,43.75,23,46,50,25,32,78.12,17,12,29,10,13,14,0,4,3,1,26,27,93,0,0,1,0,0,92,97,0,NA,0,0,0,0,0,0,0
1533308,1,"Liga Nacional","Liga Endesa",-402534000,NA,"https://www.acb.com/Documentos/Cabeceras/logo-competicion-1b.png","https://www.acb.com/Documentos/Cabeceras/logo-competicion-4a.png",61,1996,107,NA,NA,1543,9476,NA,NA,FALSE,1180,1187,907,"CB Murcia Airtel","Murcia Airtel","MUR",1180,1193,"Baloncesto Fuenlabrada","B. Fuenlabrada","FUE",1,77,12000,6,12,50,25,49,51,9,14,64,26,14,40,11,2,20,0,2,1,3,24,16,68,0,0,9,0,0,693,91,0,0,0,0,0,0,0,0,0
1533307,1,"Liga Nacional","Liga Endesa",-402534000,NA,"https://www.acb.com/Documentos/Cabeceras/logo-competicion-1b.png","https://www.acb.com/Documentos/Cabeceras/logo-competicion-4a.png",61,1996,107,NA,NA,1543,9476,NA,NA,TRUE,1187,1187,907,"CB Murcia Airtel","Murcia Airtel","MUR",1180,1193,"Baloncesto Fuenlabrada","B. Fuenlabrada","FUE",1,91,12000,6,19,31.58,23,42,54.76,27,34,79.41,16,8,24,17,17,4,0,1,2,1,16,24,113,0,0,0,1,0,91,77,0,NA,0,0,0,0,0,0,0
1533425,1,"Liga Nacional","Liga Endesa",-402534000,NA,"https://www.acb.com/Documentos/Cabeceras/logo-competicion-1b.png","https://www.acb.com/Documentos/Cabeceras/logo-competicion-4a.png",61,1996,107,NA,NA,1543,9481,NA,NA,FALSE,1190,1176,205,"Taugrés","Taugrés","TAU",1190,1045,"Unicaja","Unicaja","UNI",1,92,12000,14,24,58.33,8,27,29.63,34,38,89.47,16,10,26,6,7,13,0,1,5,0,29,26,78,0,0,1,0,0,92,93,0,NA,0,0,0,0,0,0,0
1533424,1,"Liga Nacional","Liga Endesa",-402534000,NA,"https://www.acb.com/Documentos/Cabeceras/logo-competicion-1b.png","https://www.acb.com/Documentos/Cabeceras/logo-competicion-4a.png",61,1996,107,NA,NA,1543,9481,NA,NA,TRUE,1176,1176,205,"Taugrés","Taugrés","TAU",1190,1045,"Unicaja","Unicaja","UNI",1,93,12000,2,6,33.33,32,49,65.31,23,32,71.88,21,8,29,9,11,11,0,5,1,3,26,29,108,0,0,0,1,0,93,92,0,NA,0,0,0,0,0,0,0
1533472,1,"Liga Nacional","Liga Endesa",-402534000,NA,"https://www.acb.com/Documentos/Cabeceras/logo-competicion-1b.png","https://www.acb.com/Documentos/Cabeceras/logo-competicion-4a.png",61,1996,107,NA,NA,1543,9483,NA,NA,TRUE,1179,1179,452,"Estudiantes Argentaria","Estudiantes A.","EST",1175,91,"FC Barcelona Banca Catalana","FC Barcelona","FCB",1,80,12000,8,19,42,19,41,46,18,29,62,21,12,33,15,16,13,0,4,1,4,16,25,99,0,0,0,10,0,800,73,0,0,0,0,0,0,0,0,0
1533473,1,"Liga Nacional","Liga Endesa",-402534000,NA,"https://www.acb.com/Documentos/Cabeceras/logo-competicion-1b.png","https://www.acb.com/Documentos/Cabeceras/logo-competicion-4a.png",61,1996,107,NA,NA,1543,9483,NA,NA,FALSE,1175,1179,452,"Estudiantes Argentaria","Estudiantes A.","EST",1175,91,"FC Barcelona Banca Catalana","FC Barcelona","FCB",1,73,12000,9,24,37,20,39,51,6,11,54,24,15,39,15,6,22,0,1,4,0,25,16,60,0,0,11,0,0,803,80,0,0,0,0,0,0,0,0,0
1533381,1,"Liga Nacional","Liga Endesa",-402534000,NA,"https://www.acb.com/Documentos/Cabeceras/logo-competicion-1b.png","https://www.acb.com/Documentos/Cabeceras/logo-competicion-4a.png",61,1996,107,NA,NA,1543,9479,NA,NA,TRUE,1184,1184,1604,"León Caja España","León C. España","LEO",1182,1,"Covirán Granada","Covirán Granada","GRA",1,102,12000,9,17,52.94,27,48,56.25,21,29,72.41,22,10,32,7,12,17,0,0,0,1,19,27,107,0,0,0,1,0,102,90,0,NA,0,0,0,0,0,0,0
1533382,1,"Liga Nacional","Liga Endesa",-402534000,NA,"https://www.acb.com/Documentos/Cabeceras/logo-competicion-1b.png","https://www.acb.com/Documentos/Cabeceras/logo-competicion-4a.png",61,1996,107,NA,NA,1543,9479,NA,NA,FALSE,1182,1184,1604,"León Caja España","León C. España","LEO",1182,1,"Covirán Granada","Covirán Granada","GRA",1,90,12000,4,17,23.53,33,53,62.26,12,17,70.59,22,9,31,13,7,14,0,0,0,2,27,19,81,0,0,1,0,0,90,102,0,NA,0,0,0,0,0,0,0
1533495,1,"Liga Nacional","Liga Endesa",-402534000,NA,"https://www.acb.com/Documentos/Cabeceras/logo-competicion-1b.png","https://www.acb.com/Documentos/Cabeceras/logo-competicion-4a.png",61,1996,107,NA,NA,1543,9484,NA,NA,TRUE,1192,1192,1844,"Fórum Valladolid","Fórum Vall.","FOR",1186,861,"TDK Manresa","TDK Manresa","MAN",1,84,12000,9,19,47.37,24,45,53.33,9,13,69.23,17,12,29,7,6,17,0,0,1,1,29,16,60,0,0,1,0,0,84,94,0,NA,0,0,0,0,0,0,0
1533496,1,"Liga Nacional","Liga Endesa",-402534000,NA,"https://www.acb.com/Documentos/Cabeceras/logo-competicion-1b.png","https://www.acb.com/Documentos/Cabeceras/logo-competicion-4a.png",61,1996,107,NA,NA,1543,9484,NA,NA,FALSE,1186,1192,1844,"Fórum Valladolid","Fórum Vall.","FOR",1186,861,"TDK Manresa","TDK Manresa","MAN",1,94,12000,6,13,46.15,22,41,53.66,32,37,86.49,20,11,31,11,9,11,0,1,0,1,16,29,117,0,0,0,1,0,94,84,0,NA,0,0,0,0,0,0,0
1533330,1,"Liga Nacional","Liga Endesa",-402534000,NA,"https://www.acb.com/Documentos/Cabeceras/logo-competicion-1b.png","https://www.acb.com/Documentos/Cabeceras/logo-competicion-4a.png",61,1996,107,NA,NA,1543,9477,NA,NA,TRUE,1191,1191,1120,"Caja San Fernando","C. San Fernando","CSF",1181,1462,"Valvi Girona","Valvi Girona","GIR",1,67,12000,6,16,37,21,52,40,7,7,100,24,12,36,9,9,15,0,4,4,1,22,14,57,0,0,11,0,0,737,79,0,0,0,0,0,0,0,0,0
1533331,1,"Liga Nacional","Liga Endesa",-402534000,NA,"https://www.acb.com/Documentos/Cabeceras/logo-competicion-1b.png","https://www.acb.com/Documentos/Cabeceras/logo-competicion-4a.png",61,1996,107,NA,NA,1543,9477,NA,NA,FALSE,1181,1191,1120,"Caja San Fernando","C. San Fernando","CSF",1181,1462,"Valvi Girona","Valvi Girona","GIR",1,79,12000,5,11,45.45,21,43,48.84,22,32,68.75,28,6,34,9,12,11,0,4,4,4,14,22,93,0,0,0,1,0,79,67,0,NA,0,0,0,0,0,0,0
1533447,1,"Liga Nacional","Liga Endesa",-402534000,NA,"https://www.acb.com/Documentos/Cabeceras/logo-competicion-1b.png","https://www.acb.com/Documentos/Cabeceras/logo-competicion-4a.png",61,1996,107,NA,NA,1543,9482,NA,NA,TRUE,1178,1178,329,"Gran Canaria","Gran Canaria","GCA",1177,1368,"Cáceres CB","Cáceres CB","CAC",1,99,12000,5,14,35.71,34,53,64.15,16,21,76.19,13,15,28,14,13,11,0,1,2,3,22,21,108,0,0,0,1,0,99,91,0,NA,0,0,0,0,0,0,0
1533448,1,"Liga Nacional","Liga Endesa",-402534000,NA,"https://www.acb.com/Documentos/Cabeceras/logo-competicion-1b.png","https://www.acb.com/Documentos/Cabeceras/logo-competicion-4a.png",61,1996,107,NA,NA,1543,9482,NA,NA,FALSE,1177,1178,329,"Gran Canaria","Gran Canaria","GCA",1177,1368,"Cáceres CB","Cáceres CB","CAC",1,91,12000,6,16,37.5,25,37,67.57,23,25,92,14,10,24,9,6,15,0,2,1,3,21,22,93,0,0,1,0,0,91,99,0,NA,0,0,0,0,0,0,0
1533401,1,"Liga Nacional","Liga Endesa",-402534000,NA,"https://www.acb.com/Documentos/Cabeceras/logo-competicion-1b.png","https://www.acb.com/Documentos/Cabeceras/logo-competicion-4a.png",61,1996,107,NA,NA,1543,9480,NA,NA,TRUE,1188,1188,1718,"Xacobeo 99 Ourense","Xacobeo Ourense","OUR",1189,948,"Pamesa Valencia","Pamesa Valencia","PAM",1,74,12000,4,14,28.57,24,40,60,14,20,70,18,9,27,9,8,8,0,6,1,1,17,18,84,0,0,1,0,0,74,75,0,NA,0,0,0,0,0,0,0
1533402,1,"Liga Nacional","Liga Endesa",-402534000,NA,"https://www.acb.com/Documentos/Cabeceras/logo-competicion-1b.png","https://www.acb.com/Documentos/Cabeceras/logo-competicion-4a.png",61,1996,107,NA,NA,1543,9480,NA,NA,FALSE,1189,1188,1718,"Xacobeo 99 Ourense","Xacobeo Ourense","OUR",1189,948,"Pamesa Valencia","Pamesa Valencia","PAM",1,75,12000,3,10,30,26,53,49.06,14,18,77.78,20,17,37,5,5,7,0,1,6,4,18,17,71,0,0,0,1,0,75,74,0,NA,0,0,0,0,0,0,0
1533356,1,"Liga Nacional","Liga Endesa",-402534000,NA,"https://www.acb.com/Documentos/Cabeceras/logo-competicion-1b.png","https://www.acb.com/Documentos/Cabeceras/logo-competicion-4a.png",61,1996,107,NA,NA,1543,9478,NA,NA,TRUE,1185,1185,748,"Real Madrid Teka","Real Madrid","RMB",1183,617,"Festina Joventut","Festina Jov.","JOV",1,74,12000,5,13,38,23,47,48,13,15,86,27,11,38,11,4,13,0,7,4,0,20,17,80,0,0,12,0,0,888,80,0,0,0,0,0,0,0,0,0
1533357,1,"Liga Nacional","Liga Endesa",-402534000,NA,"https://www.acb.com/Documentos/Cabeceras/logo-competicion-1b.png","https://www.acb.com/Documentos/Cabeceras/logo-competicion-4a.png",61,1996,107,NA,NA,1543,9478,NA,NA,FALSE,1183,1185,748,"Real Madrid Teka","Real Madrid","RMB",1183,617,"Festina Joventut","Festina Jov.","JOV",1,80,12000,8,19,42.11,21,48,43.75,14,21,66.67,22,13,35,8,8,9,0,4,7,3,17,20,77,0,0,0,1,0,80,74,0,NA,0,0,0,0,0,0,0
1533708,1,"Liga Nacional","Liga Endesa",-402534000,NA,"https://www.acb.com/Documentos/Cabeceras/logo-competicion-1b.png","https://www.acb.com/Documentos/Cabeceras/logo-competicion-4a.png",61,1996,107,NA,NA,1544,9493,NA,NA,TRUE,1183,1183,617,"Festina Joventut","Festina Jov.","JOV",1181,1462,"Valvi Girona","Valvi Girona","GIR",1,82,12000,6,13,46.15,21,37,56.76,22,31,70.97,21,3,24,9,11,12,0,2,1,1,17,24,90,0,0,0,1,0,82,71,0,NA,0,0,0,0,0,0,0
1533709,1,"Liga Nacional","Liga Endesa",-402534000,NA,"https://www.acb.com/Documentos/Cabeceras/logo-competicion-1b.png","https://www.acb.com/Documentos/Cabeceras/logo-competicion-4a.png",61,1996,107,NA,NA,1544,9493,NA,NA,FALSE,1181,1183,617,"Festina Joventut","Festina Jov.","JOV",1181,1462,"Valvi Girona","Valvi Girona","GIR",1,71,12000,6,18,33.33,20,43,46.51,13,18,72.22,23,13,36,8,8,16,0,1,2,1,24,17,59,0,0,1,0,0,71,82,0,NA,0,0,0,0,0,0,0
1533564,1,"Liga Nacional","Liga Endesa",-402534000,NA,"https://www.acb.com/Documentos/Cabeceras/logo-competicion-1b.png","https://www.acb.com/Documentos/Cabeceras/logo-competicion-4a.png",61,1996,107,NA,NA,1544,9487,NA,NA,TRUE,1186,1186,861,"TDK Manresa","TDK Manresa","MAN",1176,205,"Taugrés","Taugrés","TAU",1,75,12000,4,14,28.57,23,43,53.49,17,21,80.95,22,10,32,14,4,12,0,4,6,2,21,20,76,0,0,1,0,0,75,79,0,NA,0,0,0,0,0,0,0
1533565,1,"Liga Nacional","Liga Endesa",-402534000,NA,"https://www.acb.com/Documentos/Cabeceras/logo-competicion-1b.png","https://www.acb.com/Documentos/Cabeceras/logo-competicion-4a.png",61,1996,107,NA,NA,1544,9487,NA,NA,FALSE,1176,1186,861,"TDK Manresa","TDK Manresa","MAN",1176,205,"Taugrés","Taugrés","TAU",1,79,12000,5,12,41.67,23,52,44.23,18,21,85.71,20,12,32,13,9,9,0,6,4,2,20,21,88,0,0,0,1,0,79,75,0,NA,0,0,0,0,0,0,0
1533664,1,"Liga Nacional","Liga Endesa",-402534000,NA,"https://www.acb.com/Documentos/Cabeceras/logo-competicion-1b.png","https://www.acb.com/Documentos/Cabeceras/logo-competicion-4a.png",61,1996,107,NA,NA,1544,9491,NA,NA,FALSE,1191,1189,948,"Pamesa Valencia","Pamesa Valencia","PAM",1191,1120,"Caja San Fernando","C. San Fernando","CSF",1,90,12000,10,22,45,20,34,58,20,24,83,27,7,34,16,3,11,0,1,2,2,22,21,100,0,0,0,9,0,810,79,0,0,0,0,0,0,0,0,0
1533663,1,"Liga Nacional","Liga Endesa",-402534000,NA,"https://www.acb.com/Documentos/Cabeceras/logo-competicion-1b.png","https://www.acb.com/Documentos/Cabeceras/logo-competicion-4a.png",61,1996,107,NA,NA,1544,9491,NA,NA,TRUE,1189,1189,948,"Pamesa Valencia","Pamesa Valencia","PAM",1191,1120,"Caja San Fernando","C. San Fernando","CSF",1,79,12000,5,16,31.25,23,43,53.49,18,24,75,21,8,29,14,9,11,0,2,1,3,21,22,85,0,0,1,0,0,79,90,0,NA,0,0,0,0,0,0,0
1533590,1,"Liga Nacional","Liga Endesa",-402534000,NA,"https://www.acb.com/Documentos/Cabeceras/logo-competicion-1b.png","https://www.acb.com/Documentos/Cabeceras/logo-competicion-4a.png",61,1996,107,NA,NA,1544,9488,NA,NA,TRUE,1175,1175,91,"FC Barcelona Banca Catalana","FC Barcelona","FCB",1188,1718,"Xacobeo 99 Ourense","Xacobeo Ourense","OUR",1,95,12000,8,17,47,32,53,60,7,13,53,29,12,41,21,8,10,0,3,2,4,17,16,119,0,0,0,11,0,1045,79,0,0,0,0,0,0,0,0,0
1533591,1,"Liga Nacional","Liga Endesa",-402534000,NA,"https://www.acb.com/Documentos/Cabeceras/logo-competicion-1b.png","https://www.acb.com/Documentos/Cabeceras/logo-competicion-4a.png",61,1996,107,NA,NA,1544,9488,NA,NA,FALSE,1188,1175,91,"FC Barcelona Banca Catalana","FC Barcelona","FCB",1188,1718,"Xacobeo 99 Ourense","Xacobeo Ourense","OUR",1,79,12000,7,15,46.67,23,49,46.94,12,20,60,22,9,31,11,7,9,0,2,3,4,16,17,77,0,0,1,0,0,79,95,0,NA,0,0,0,0,0,0,0
1533612,1,"Liga Nacional","Liga Endesa",-402534000,NA,"https://www.acb.com/Documentos/Cabeceras/logo-competicion-1b.png","https://www.acb.com/Documentos/Cabeceras/logo-competicion-4a.png",61,1996,107,NA,NA,1544,9489,NA,NA,TRUE,1177,1177,1368,"Cáceres CB","Cáceres CB","CAC",1184,1604,"León Caja España","León C. España","LEO",1,92,12000,3,11,27.27,30,49,61.22,23,29,79.31,20,4,24,14,12,9,0,9,2,4,20,28,115,0,0,0,1,0,92,71,0,NA,0,0,0,0,0,0,0
1533613,1,"Liga Nacional","Liga Endesa",-402534000,NA,"https://www.acb.com/Documentos/Cabeceras/logo-competicion-1b.png","https://www.acb.com/Documentos/Cabeceras/logo-competicion-4a.png",61,1996,107,NA,NA,1544,9489,NA,NA,FALSE,1184,1177,1368,"Cáceres CB","Cáceres CB","CAC",1184,1604,"León Caja España","León C. España","LEO",1,71,12000,5,19,26.32,23,44,52.27,10,17,58.82,24,18,42,12,6,22,0,2,9,5,28,20,52,0,0,1,0,0,71,92,0,NA,0,0,0,0,0,0,0
1533521,1,"Liga Nacional","Liga Endesa",-402534000,NA,"https://www.acb.com/Documentos/Cabeceras/logo-competicion-1b.png","https://www.acb.com/Documentos/Cabeceras/logo-competicion-4a.png",61,1996,107,NA,NA,1544,9485,NA,NA,TRUE,1180,1180,1193,"Baloncesto Fuenlabrada","B. Fuenlabrada","FUE",1179,452,"Estudiantes Argentaria","Estudiantes A.","EST",1,70,12000,6,18,33,21,41,51,10,13,76,21,14,35,6,7,20,0,2,3,1,26,20,56,0,0,12,0,0,840,75,0,0,0,0,0,0,0,0,0
1533522,1,"Liga Nacional","Liga Endesa",-402534000,NA,"https://www.acb.com/Documentos/Cabeceras/logo-competicion-1b.png","https://www.acb.com/Documentos/Cabeceras/logo-competicion-4a.png",61,1996,107,NA,NA,1544,9485,NA,NA,FALSE,1179,1180,1193,"Baloncesto Fuenlabrada","B. Fuenlabrada","FUE",1179,452,"Estudiantes Argentaria","Estudiantes A.","EST",1,75,12000,6,13,46,18,42,42,21,32,65,17,11,28,9,11,14,0,3,2,2,20,26,74,0,0,0,10,0,750,70,0,0,0,0,0,0,0,0,0
1533542,1,"Liga Nacional","Liga Endesa",-402534000,NA,"https://www.acb.com/Documentos/Cabeceras/logo-competicion-1b.png","https://www.acb.com/Documentos/Cabeceras/logo-competicion-4a.png",61,1996,107,NA,NA,1544,9486,NA,NA,TRUE,1192,1192,1844,"Fórum Valladolid","Fórum Vall.","FOR",1178,329,"Gran Canaria","Gran Canaria","GCA",1,84,12000,5,15,33.33,28,52,53.85,13,18,72.22,25,18,43,8,9,11,0,1,0,1,17,20,98,0,0,0,1,0,84,77,0,NA,0,0,0,0,0,0,0
1533543,1,"Liga Nacional","Liga Endesa",-402534000,NA,"https://www.acb.com/Documentos/Cabeceras/logo-competicion-1b.png","https://www.acb.com/Documentos/Cabeceras/logo-competicion-4a.png",61,1996,107,NA,NA,1544,9486,NA,NA,FALSE,1178,1192,1844,"Fórum Valladolid","Fórum Vall.","FOR",1178,329,"Gran Canaria","Gran Canaria","GCA",1,77,12000,7,16,43.75,23,49,46.94,10,15,66.67,19,11,30,15,7,12,0,0,1,0,20,17,73,0,0,1,0,0,77,84,0,NA,0,0,0,0,0,0,0
1533686,1,"Liga Nacional","Liga Endesa",-402534000,NA,"https://www.acb.com/Documentos/Cabeceras/logo-competicion-1b.png","https://www.acb.com/Documentos/Cabeceras/logo-competicion-4a.png",61,1996,107,NA,NA,1544,9492,NA,NA,TRUE,1182,1182,1,"Covirán Granada","Covirán Granada","GRA",1187,907,"CB Murcia Airtel","Murcia Airtel","MUR",1,93,12000,4,11,36,33,57,57,15,27,55,31,16,47,14,12,12,0,5,1,5,16,25,124,0,0,0,10,0,930,75,0,0,0,0,0,0,0,0,0
1533687,1,"Liga Nacional","Liga Endesa",-402534000,NA,"https://www.acb.com/Documentos/Cabeceras/logo-competicion-1b.png","https://www.acb.com/Documentos/Cabeceras/logo-competicion-4a.png",61,1996,107,NA,NA,1544,9492,NA,NA,FALSE,1187,1182,1,"Covirán Granada","Covirán Granada","GRA",1187,907,"CB Murcia Airtel","Murcia Airtel","MUR",1,75,12000,10,30,33.33,17,45,37.78,11,18,61.11,18,19,37,10,10,12,0,1,5,0,25,16,52,0,0,1,0,0,75,93,0,NA,0,0,0,0,0,0,0
1533641,1,"Liga Nacional","Liga Endesa",-402534000,NA,"https://www.acb.com/Documentos/Cabeceras/logo-competicion-1b.png","https://www.acb.com/Documentos/Cabeceras/logo-competicion-4a.png",61,1996,107,NA,NA,1544,9490,NA,NA,FALSE,1185,1190,1045,"Unicaja","Unicaja","UNI",1185,748,"Real Madrid Teka","Real Madrid","RMB",1,72,12000,2,6,33,23,41,56,20,33,60,26,7,33,14,5,11,0,2,1,1,21,25,83,0,0,0,11,0,792,69,0,0,0,0,0,0,0,0,0
1533640,1,"Liga Nacional","Liga Endesa",-402534000,NA,"https://www.acb.com/Documentos/Cabeceras/logo-competicion-1b.png","https://www.acb.com/Documentos/Cabeceras/logo-competicion-4a.png",61,1996,107,NA,NA,1544,9490,NA,NA,TRUE,1190,1190,1045,"Unicaja","Unicaja","UNI",1185,748,"Real Madrid Teka","Real Madrid","RMB",1,69,12000,4,15,26.67,22,46,47.83,13,22,59.09,21,12,33,9,8,9,0,1,2,3,25,21,61,0,0,1,0,0,69,72,0,NA,0,0,0,0,0,0,0
1533921,1,"Liga Nacional","Liga Endesa",-402534000,NA,"https://www.acb.com/Documentos/Cabeceras/logo-competicion-1b.png","https://www.acb.com/Documentos/Cabeceras/logo-competicion-4a.png",61,1996,107,NA,NA,1545,9502,NA,NA,FALSE,1179,1178,329,"Gran Canaria","Gran Canaria","GCA",1179,452,"Estudiantes Argentaria","Estudiantes A.","EST",1,71,12000,4,16,25,27,46,58,5,6,83,19,11,30,20,5,11,0,2,1,6,20,15,79,0,0,10,0,0,710,76,0,0,0,0,0,0,0,0,0
1533920,1,"Liga Nacional","Liga Endesa",-402534000,NA,"https://www.acb.com/Documentos/Cabeceras/logo-competicion-1b.png","https://www.acb.com/Documentos/Cabeceras/logo-competicion-4a.png",61,1996,107,NA,NA,1545,9502,NA,NA,TRUE,1178,1178,329,"Gran Canaria","Gran Canaria","GCA",1179,452,"Estudiantes Argentaria","Estudiantes A.","EST",1,76,12000,7,18,38.89,22,42,52.38,11,16,68.75,21,11,32,10,8,10,0,1,2,1,15,20,84,0,0,0,1,0,76,71,0,NA,0,0,0,0,0,0,0
1533733,1,"Liga Nacional","Liga Endesa",-402534000,NA,"https://www.acb.com/Documentos/Cabeceras/logo-competicion-1b.png","https://www.acb.com/Documentos/Cabeceras/logo-competicion-4a.png",61,1996,107,NA,NA,1545,9494,NA,NA,FALSE,1180,1183,617,"Festina Joventut","Festina Jov.","JOV",1180,1193,"Baloncesto Fuenlabrada","B. Fuenlabrada","FUE",1,78,12000,2,8,25,31,51,60,10,15,66,16,12,28,11,6,18,0,1,0,1,17,18,76,0,0,9,0,0,702,97,0,0,0,0,0,0,0,0,0
1533732,1,"Liga Nacional","Liga Endesa",-402534000,NA,"https://www.acb.com/Documentos/Cabeceras/logo-competicion-1b.png","https://www.acb.com/Documentos/Cabeceras/logo-competicion-4a.png",61,1996,107,NA,NA,1545,9494,NA,NA,TRUE,1183,1183,617,"Festina Joventut","Festina Jov.","JOV",1180,1193,"Baloncesto Fuenlabrada","B. Fuenlabrada","FUE",1,97,12000,6,15,40,34,54,62.96,11,13,84.62,17,12,29,12,14,10,0,0,1,4,18,17,109,0,0,0,1,0,97,78,0,NA,0,0,0,0,0,0,0
1533760,1,"Liga Nacional","Liga Endesa",-402534000,NA,"https://www.acb.com/Documentos/Cabeceras/logo-competicion-1b.png","https://www.acb.com/Documentos/Cabeceras/logo-competicion-4a.png",61,1996,107,NA,NA,1545,9495,NA,NA,FALSE,1182,1181,1462,"Valvi Girona","Valvi Girona","GIR",1182,1,"Covirán Granada","Covirán Granada","GRA",1,90,12000,3,12,25,30,44,68,21,32,65,26,8,34,20,14,14,0,1,4,6,22,25,110,0,0,0,13,0,1170,78,0,0,0,0,0,0,0,0,0
1533759,1,"Liga Nacional","Liga Endesa",-402534000,NA,"https://www.acb.com/Documentos/Cabeceras/logo-competicion-1b.png","https://www.acb.com/Documentos/Cabeceras/logo-competicion-4a.png",61,1996,107,NA,NA,1545,9495,NA,NA,TRUE,1181,1181,1462,"Valvi Girona","Valvi Girona","GIR",1182,1,"Covirán Granada","Covirán Granada","GRA",1,78,12000,7,20,35,19,34,55.88,19,25,76,19,5,24,8,12,16,0,4,1,3,25,22,72,0,0,1,0,0,78,90,0,NA,0,0,0,0,0,0,0
1533780,1,"Liga Nacional","Liga Endesa",-402534000,NA,"https://www.acb.com/Documentos/Cabeceras/logo-competicion-1b.png","https://www.acb.com/Documentos/Cabeceras/logo-competicion-4a.png",61,1996,107,NA,NA,1545,9496,NA,NA,TRUE,1187,1187,907,"CB Murcia Airtel","Murcia Airtel","MUR",1189,948,"Pamesa Valencia","Pamesa Valencia","PAM",1,86,12000,3,13,23.08,34,55,61.82,9,16,56.25,20,9,29,17,13,9,0,4,1,3,24,16,93,0,0,1,0,0,86,88,0,NA,0,0,0,0,0,0,0
1533781,1,"Liga Nacional","Liga Endesa",-402534000,NA,"https://www.acb.com/Documentos/Cabeceras/logo-competicion-1b.png","https://www.acb.com/Documentos/Cabeceras/logo-competicion-4a.png",61,1996,107,NA,NA,1545,9496,NA,NA,FALSE,1189,1187,907,"CB Murcia Airtel","Murcia Airtel","MUR",1189,948,"Pamesa Valencia","Pamesa Valencia","PAM",1,88,12000,10,20,50,21,40,52.5,16,28,57.14,24,15,39,7,3,14,0,1,4,3,16,24,87,0,0,0,1,0,88,86,0,NA,0,0,0,0,0,0,0
1533804,1,"Liga Nacional","Liga Endesa",-402534000,NA,"https://www.acb.com/Documentos/Cabeceras/logo-competicion-1b.png","https://www.acb.com/Documentos/Cabeceras/logo-competicion-4a.png",61,1996,107,NA,NA,1545,9497,NA,NA,TRUE,1191,1191,1120,"Caja San Fernando","C. San Fernando","CSF",1190,1045,"Unicaja","Unicaja","UNI",1,76,12000,3,11,27,29,44,65,9,13,69,13,5,18,8,6,8,0,2,0,1,14,16,77,0,0,10,0,0,760,87,0,0,0,0,0,0,0,0,0
1533805,1,"Liga Nacional","Liga Endesa",-402534000,NA,"https://www.acb.com/Documentos/Cabeceras/logo-competicion-1b.png","https://www.acb.com/Documentos/Cabeceras/logo-competicion-4a.png",61,1996,107,NA,NA,1545,9497,NA,NA,FALSE,1190,1191,1120,"Caja San Fernando","C. San Fernando","CSF",1190,1045,"Unicaja","Unicaja","UNI",1,87,12000,10,18,55.56,23,37,62.16,11,15,73.33,19,9,28,13,7,10,0,0,2,6,16,14,95,0,0,0,1,0,87,76,0,NA,0,0,0,0,0,0,0
1533828,1,"Liga Nacional","Liga Endesa",-402534000,NA,"https://www.acb.com/Documentos/Cabeceras/logo-competicion-1b.png","https://www.acb.com/Documentos/Cabeceras/logo-competicion-4a.png",61,1996,107,NA,NA,1545,9498,NA,NA,TRUE,1185,1185,748,"Real Madrid Teka","Real Madrid","RMB",1177,1368,"Cáceres CB","Cáceres CB","CAC",1,89,12000,4,16,25,28,48,58,21,27,77,22,10,32,19,12,10,0,1,5,3,22,23,101,0,0,0,11,0,979,83,0,0,0,0,0,0,0,0,0
1533829,1,"Liga Nacional","Liga Endesa",-402534000,NA,"https://www.acb.com/Documentos/Cabeceras/logo-competicion-1b.png","https://www.acb.com/Documentos/Cabeceras/logo-competicion-4a.png",61,1996,107,NA,NA,1545,9498,NA,NA,FALSE,1177,1185,748,"Real Madrid Teka","Real Madrid","RMB",1177,1368,"Cáceres CB","Cáceres CB","CAC",1,83,12000,10,15,66.67,21,48,43.75,11,17,64.71,24,9,33,10,7,17,0,5,1,4,23,22,81,0,0,1,0,0,83,89,0,NA,0,0,0,0,0,0,0
1533852,1,"Liga Nacional","Liga Endesa",-402534000,NA,"https://www.acb.com/Documentos/Cabeceras/logo-competicion-1b.png","https://www.acb.com/Documentos/Cabeceras/logo-competicion-4a.png",61,1996,107,NA,NA,1545,9499,NA,NA,TRUE,1175,1175,91,"FC Barcelona Banca Catalana","FC Barcelona","FCB",1184,1604,"León Caja España","León C. España","LEO",1,69,12000,4,21,19,21,34,61,15,19,78,17,4,21,12,14,17,0,1,0,2,22,23,67,0,0,11,0,0,759,84,0,0,0,0,0,0,0,0,0
1533853,1,"Liga Nacional","Liga Endesa",-402534000,NA,"https://www.acb.com/Documentos/Cabeceras/logo-competicion-1b.png","https://www.acb.com/Documentos/Cabeceras/logo-competicion-4a.png",61,1996,107,NA,NA,1545,9499,NA,NA,FALSE,1184,1175,91,"FC Barcelona Banca Catalana","FC Barcelona","FCB",1184,1604,"León Caja España","León C. España","LEO",1,84,12000,4,12,33.33,26,44,59.09,20,21,95.24,28,8,36,12,12,20,0,0,1,2,23,22,95,0,0,0,1,0,84,69,0,NA,0,0,0,0,0,0,0
1533874,1,"Liga Nacional","Liga Endesa",-402534000,NA,"https://www.acb.com/Documentos/Cabeceras/logo-competicion-1b.png","https://www.acb.com/Documentos/Cabeceras/logo-competicion-4a.png",61,1996,107,NA,NA,1545,9500,NA,NA,TRUE,1188,1188,1718,"Xacobeo 99 Ourense","Xacobeo Ourense","OUR",1186,861,"TDK Manresa","TDK Manresa","MAN",1,63,12000,7,18,38.89,18,40,45,6,9,66.67,19,15,34,8,5,16,0,2,1,4,20,14,53,0,0,1,0,0,63,72,0,NA,0,0,0,0,0,0,0
1533875,1,"Liga Nacional","Liga Endesa",-402534000,NA,"https://www.acb.com/Documentos/Cabeceras/logo-competicion-1b.png","https://www.acb.com/Documentos/Cabeceras/logo-competicion-4a.png",61,1996,107,NA,NA,1545,9500,NA,NA,FALSE,1186,1188,1718,"Xacobeo 99 Ourense","Xacobeo Ourense","OUR",1186,861,"TDK Manresa","TDK Manresa","MAN",1,72,12000,10,19,52.63,16,36,44.44,10,13,76.92,20,11,31,9,10,13,0,1,2,0,14,20,82,0,0,0,1,0,72,63,0,NA,0,0,0,0,0,0,0
1533897,1,"Liga Nacional","Liga Endesa",-402534000,NA,"https://www.acb.com/Documentos/Cabeceras/logo-competicion-1b.png","https://www.acb.com/Documentos/Cabeceras/logo-competicion-4a.png",61,1996,107,NA,NA,1545,9501,NA,NA,TRUE,1176,1176,205,"Taugrés","Taugrés","TAU",1192,1844,"Fórum Valladolid","Fórum Vall.","FOR",1,87,12000,7,19,36.84,24,49,48.98,18,23,78.26,22,9,31,11,4,10,0,3,2,8,26,23,79,0,0,1,0,0,87,94,0,NA,0,0,0,0,0,0,0
1533898,1,"Liga Nacional","Liga Endesa",-402534000,NA,"https://www.acb.com/Documentos/Cabeceras/logo-competicion-1b.png","https://www.acb.com/Documentos/Cabeceras/logo-competicion-4a.png",61,1996,107,NA,NA,1545,9501,NA,NA,FALSE,1192,1176,205,"Taugrés","Taugrés","TAU",1192,1844,"Fórum Valladolid","Fórum Vall.","FOR",1,94,12000,3,10,30,27,57,47.37,31,37,83.78,27,15,42,7,8,7,0,2,3,3,23,26,103,0,0,0,1,0,94,87,0,NA,0,0,0,0,0,0,0
1533968,1,"Liga Nacional","Liga Endesa",-402534000,NA,"https://www.acb.com/Documentos/Cabeceras/logo-competicion-1b.png","https://www.acb.com/Documentos/Cabeceras/logo-competicion-4a.png",61,1996,107,NA,NA,1546,9504,NA,NA,FALSE,1176,1179,452,"Estudiantes Argentaria","Estudiantes A.","EST",1176,205,"Taugrés","Taugrés","TAU",1,71,12000,5,13,38,19,42,45,18,30,60,23,15,38,7,5,21,0,3,6,3,25,25,54,0,0,11,0,0,781,90,0,0,0,0,0,0,0,0,0
1533967,1,"Liga Nacional","Liga Endesa",-402534000,NA,"https://www.acb.com/Documentos/Cabeceras/logo-competicion-1b.png","https://www.acb.com/Documentos/Cabeceras/logo-competicion-4a.png",61,1996,107,NA,NA,1546,9504,NA,NA,TRUE,1179,1179,452,"Estudiantes Argentaria","Estudiantes A.","EST",1176,205,"Taugrés","Taugrés","TAU",1,90,12000,8,18,44,27,49,55,12,21,57,20,11,31,20,14,8,0,6,3,6,25,25,109,0,0,0,9,0,810,71,0,0,0,0,0,0,0,0,0
1534033,1,"Liga Nacional","Liga Endesa",-402534000,NA,"https://www.acb.com/Documentos/Cabeceras/logo-competicion-1b.png","https://www.acb.com/Documentos/Cabeceras/logo-competicion-4a.png",61,1996,107,NA,NA,1546,9507,NA,NA,FALSE,1175,1185,748,"Real Madrid Teka","Real Madrid","RMB",1175,91,"FC Barcelona Banca Catalana","FC Barcelona","FCB",1,85,12000,3,8,37,28,48,58,20,21,95,23,8,31,13,9,15,0,4,2,4,26,21,94,0,0,0,11,0,935,77,0,0,0,0,0,0,0,0,0
1534032,1,"Liga Nacional","Liga Endesa",-402534000,NA,"https://www.acb.com/Documentos/Cabeceras/logo-competicion-1b.png","https://www.acb.com/Documentos/Cabeceras/logo-competicion-4a.png",61,1996,107,NA,NA,1546,9507,NA,NA,TRUE,1185,1185,748,"Real Madrid Teka","Real Madrid","RMB",1175,91,"FC Barcelona Banca Catalana","FC Barcelona","FCB",1,77,12000,2,8,25,29,61,47,13,21,61,16,20,36,12,10,14,0,2,4,2,21,26,78,0,0,9,0,0,693,85,0,0,0,0,0,0,0,0,0
1533988,1,"Liga Nacional","Liga Endesa",-402534000,NA,"https://www.acb.com/Documentos/Cabeceras/logo-competicion-1b.png","https://www.acb.com/Documentos/Cabeceras/logo-competicion-4a.png",61,1996,107,NA,NA,1546,9505,NA,NA,FALSE,1188,1192,1844,"Fórum Valladolid","Fórum Vall.","FOR",1188,1718,"Xacobeo 99 Ourense","Xacobeo Ourense","OUR",1,85,12000,6,14,42.86,26,47,55.32,15,20,75,22,11,33,10,13,12,0,2,4,3,16,22,99,0,0,0,1,0,85,81,0,NA,0,0,0,0,0,0,0
1533987,1,"Liga Nacional","Liga Endesa",-402534000,NA,"https://www.acb.com/Documentos/Cabeceras/logo-competicion-1b.png","https://www.acb.com/Documentos/Cabeceras/logo-competicion-4a.png",61,1996,107,NA,NA,1546,9505,NA,NA,TRUE,1192,1192,1844,"Fórum Valladolid","Fórum Vall.","FOR",1188,1718,"Xacobeo 99 Ourense","Xacobeo Ourense","OUR",1,81,12000,10,20,50,22,43,51.16,7,14,50,22,12,34,14,9,14,0,4,2,0,22,16,82,0,0,1,0,0,81,85,0,NA,0,0,0,0,0,0,0
1534009,1,"Liga Nacional","Liga Endesa",-402534000,NA,"https://www.acb.com/Documentos/Cabeceras/logo-competicion-1b.png","https://www.acb.com/Documentos/Cabeceras/logo-competicion-4a.png",61,1996,107,NA,NA,1546,9506,NA,NA,FALSE,1186,1184,1604,"León Caja España","León C. España","LEO",1186,861,"TDK Manresa","TDK Manresa","MAN",1,67,12000,3,16,18.75,19,40,47.5,20,26,76.92,17,10,27,9,9,7,0,1,0,0,22,22,66,0,0,1,0,0,67,70,0,NA,0,0,0,0,0,0,0
1534008,1,"Liga Nacional","Liga Endesa",-402534000,NA,"https://www.acb.com/Documentos/Cabeceras/logo-competicion-1b.png","https://www.acb.com/Documentos/Cabeceras/logo-competicion-4a.png",61,1996,107,NA,NA,1546,9506,NA,NA,TRUE,1184,1184,1604,"León Caja España","León C. España","LEO",1186,861,"TDK Manresa","TDK Manresa","MAN",1,70,12000,7,17,41.18,14,27,51.85,21,24,87.5,24,7,31,8,5,16,0,0,1,0,22,22,71,0,0,0,1,0,70,67,0,NA,0,0,0,0,0,0,0
1534076,1,"Liga Nacional","Liga Endesa",-402534000,NA,"https://www.acb.com/Documentos/Cabeceras/logo-competicion-1b.png","https://www.acb.com/Documentos/Cabeceras/logo-competicion-4a.png",61,1996,107,NA,NA,1546,9509,NA,NA,TRUE,1190,1190,1045,"Unicaja","Unicaja","UNI",1187,907,"CB Murcia Airtel","Murcia Airtel","MUR",1,91,12000,7,15,46.67,22,44,50,26,42,61.9,29,13,42,12,9,9,0,2,1,5,11,27,116,0,0,0,1,0,91,76,0,NA,0,0,0,0,0,0,0
1534077,1,"Liga Nacional","Liga Endesa",-402534000,NA,"https://www.acb.com/Documentos/Cabeceras/logo-competicion-1b.png","https://www.acb.com/Documentos/Cabeceras/logo-competicion-4a.png",61,1996,107,NA,NA,1546,9509,NA,NA,FALSE,1187,1190,1045,"Unicaja","Unicaja","UNI",1187,907,"CB Murcia Airtel","Murcia Airtel","MUR",1,76,12000,6,15,40,25,52,48.08,8,11,72.73,24,7,31,9,6,9,0,1,2,0,27,11,57,0,0,1,0,0,76,91,0,NA,0,0,0,0,0,0,0
1533943,1,"Liga Nacional","Liga Endesa",-402534000,NA,"https://www.acb.com/Documentos/Cabeceras/logo-competicion-1b.png","https://www.acb.com/Documentos/Cabeceras/logo-competicion-4a.png",61,1996,107,NA,NA,1546,9503,NA,NA,TRUE,1180,1180,1193,"Baloncesto Fuenlabrada","B. Fuenlabrada","FUE",1178,329,"Gran Canaria","Gran Canaria","GCA",1,76,12000,7,18,38,22,45,48,11,16,68,21,11,32,8,4,8,0,0,2,1,23,17,65,0,0,10,0,0,760,86,0,0,0,0,0,0,0,0,0
1533944,1,"Liga Nacional","Liga Endesa",-402534000,NA,"https://www.acb.com/Documentos/Cabeceras/logo-competicion-1b.png","https://www.acb.com/Documentos/Cabeceras/logo-competicion-4a.png",61,1996,107,NA,NA,1546,9503,NA,NA,FALSE,1178,1180,1193,"Baloncesto Fuenlabrada","B. Fuenlabrada","FUE",1178,329,"Gran Canaria","Gran Canaria","GCA",1,86,12000,3,13,23.08,29,47,61.7,19,24,79.17,23,10,33,15,6,5,0,2,0,3,17,23,110,0,0,0,1,0,86,76,0,NA,0,0,0,0,0,0,0
1534102,1,"Liga Nacional","Liga Endesa",-402534000,NA,"https://www.acb.com/Documentos/Cabeceras/logo-competicion-1b.png","https://www.acb.com/Documentos/Cabeceras/logo-competicion-4a.png",61,1996,107,NA,NA,1546,9510,NA,NA,TRUE,1189,1189,948,"Pamesa Valencia","Pamesa Valencia","PAM",1181,1462,"Valvi Girona","Valvi Girona","GIR",1,90,12000,5,15,33.33,27,54,50,21,27,77.78,25,21,46,14,14,9,0,2,9,2,17,26,114,0,0,0,1,0,90,64,0,NA,0,0,0,0,0,0,0
1534103,1,"Liga Nacional","Liga Endesa",-402534000,NA,"https://www.acb.com/Documentos/Cabeceras/logo-competicion-1b.png","https://www.acb.com/Documentos/Cabeceras/logo-competicion-4a.png",61,1996,107,NA,NA,1546,9510,NA,NA,FALSE,1181,1189,948,"Pamesa Valencia","Pamesa Valencia","PAM",1181,1462,"Valvi Girona","Valvi Girona","GIR",1,64,12000,6,21,28.57,20,37,54.05,6,13,46.15,17,9,26,10,5,17,0,10,1,1,26,17,49,0,0,1,0,0,64,90,0,NA,0,0,0,0,0,0,0
1534127,1,"Liga Nacional","Liga Endesa",-402534000,NA,"https://www.acb.com/Documentos/Cabeceras/logo-competicion-1b.png","https://www.acb.com/Documentos/Cabeceras/logo-competicion-4a.png",61,1996,107,NA,NA,1546,9511,NA,NA,TRUE,1182,1182,1,"Covirán Granada","Covirán Granada","GRA",1183,617,"Festina Joventut","Festina Jov.","JOV",1,89,12000,6,21,28,26,46,56,19,27,70,32,11,43,13,6,11,0,4,5,1,20,24,100,0,0,0,12,0,1068,86,0,0,0,0,0,0,0,0,0
1534128,1,"Liga Nacional","Liga Endesa",-402534000,NA,"https://www.acb.com/Documentos/Cabeceras/logo-competicion-1b.png","https://www.acb.com/Documentos/Cabeceras/logo-competicion-4a.png",61,1996,107,NA,NA,1546,9511,NA,NA,FALSE,1183,1182,1,"Covirán Granada","Covirán Granada","GRA",1183,617,"Festina Joventut","Festina Jov.","JOV",1,86,12000,6,22,27.27,26,50,52,16,25,64,27,12,39,10,9,9,0,5,4,2,24,20,83,0,0,1,0,0,86,89,0,NA,0,0,0,0,0,0,0
1534055,1,"Liga Nacional","Liga Endesa",-402534000,NA,"https://www.acb.com/Documentos/Cabeceras/logo-competicion-1b.png","https://www.acb.com/Documentos/Cabeceras/logo-competicion-4a.png",61,1996,107,NA,NA,1546,9508,NA,NA,FALSE,1191,1177,1368,"Cáceres CB","Cáceres CB","CAC",1191,1120,"Caja San Fernando","C. San Fernando","CSF",1,89,12000,7,21,33,25,43,58,18,27,66,21,12,33,14,9,11,0,5,2,2,23,24,97,0,0,9,0,0,801,99,0,0,0,0,0,0,0,0,0
1534054,1,"Liga Nacional","Liga Endesa",-402534000,NA,"https://www.acb.com/Documentos/Cabeceras/logo-competicion-1b.png","https://www.acb.com/Documentos/Cabeceras/logo-competicion-4a.png",61,1996,107,NA,NA,1546,9508,NA,NA,TRUE,1177,1177,1368,"Cáceres CB","Cáceres CB","CAC",1191,1120,"Caja San Fernando","C. San Fernando","CSF",1,99,12000,9,17,52.94,26,49,53.06,20,24,83.33,24,12,36,12,11,13,0,2,5,1,24,23,106,0,0,0,1,0,99,89,0,NA,0,0,0,0,0,0,0
1534154,1,"Liga Nacional","Liga Endesa",-402534000,NA,"https://www.acb.com/Documentos/Cabeceras/logo-competicion-1b.png","https://www.acb.com/Documentos/Cabeceras/logo-competicion-4a.png",61,1996,107,NA,NA,1547,9512,NA,NA,TRUE,1180,1180,1193,"Baloncesto Fuenlabrada","B. Fuenlabrada","FUE",1185,748,"Real Madrid Teka","Real Madrid","RMB",1,75,12000,5,13,38,27,57,47,6,10,60,18,17,35,5,10,14,0,0,2,0,16,15,66,0,0,9,0,0,675,89,0,0,0,0,0,0,0,0,0
1534155,1,"Liga Nacional","Liga Endesa",-402534000,NA,"https://www.acb.com/Documentos/Cabeceras/logo-competicion-1b.png","https://www.acb.com/Documentos/Cabeceras/logo-competicion-4a.png",61,1996,107,NA,NA,1547,9512,NA,NA,FALSE,1185,1180,1193,"Baloncesto Fuenlabrada","B. Fuenlabrada","FUE",1185,748,"Real Madrid Teka","Real Madrid","RMB",1,89,12000,9,17,52,25,37,67,12,17,70,24,5,29,17,13,16,0,2,0,2,15,16,110,0,0,0,13,0,1157,75,0,0,0,0,0,0,0,0,0
1534182,1,"Liga Nacional","Liga Endesa",-402534000,NA,"https://www.acb.com/Documentos/Cabeceras/logo-competicion-1b.png","https://www.acb.com/Documentos/Cabeceras/logo-competicion-4a.png",61,1996,107,NA,NA,1547,9513,NA,NA,TRUE,1191,1191,1120,"Caja San Fernando","C. San Fernando","CSF",1184,1604,"León Caja España","León C. España","LEO",1,98,12000,8,23,34,28,42,66,18,22,81,18,7,25,9,15,9,0,2,1,0,23,20,103,0,0,0,12,0,1176,79,0,0,0,0,0,0,0,0,0
1534183,1,"Liga Nacional","Liga Endesa",-402534000,NA,"https://www.acb.com/Documentos/Cabeceras/logo-competicion-1b.png","https://www.acb.com/Documentos/Cabeceras/logo-competicion-4a.png",61,1996,107,NA,NA,1547,9513,NA,NA,FALSE,1184,1191,1120,"Caja San Fernando","C. San Fernando","CSF",1184,1604,"León Caja España","León C. España","LEO",1,79,12000,8,16,50,18,40,45,19,27,70.37,25,11,36,10,7,20,0,1,2,3,20,23,76,0,0,1,0,0,79,98,0,NA,0,0,0,0,0,0,0
1534203,1,"Liga Nacional","Liga Endesa",-402534000,NA,"https://www.acb.com/Documentos/Cabeceras/logo-competicion-1b.png","https://www.acb.com/Documentos/Cabeceras/logo-competicion-4a.png",61,1996,107,NA,NA,1547,9514,NA,NA,TRUE,1187,1187,907,"CB Murcia Airtel","Murcia Airtel","MUR",1188,1718,"Xacobeo 99 Ourense","Xacobeo Ourense","OUR",1,98,12000,10,25,40,28,52,53.85,12,18,66.67,16,16,32,20,8,10,0,3,4,2,25,19,96,0,0,0,1,0,98,85,0,NA,0,0,0,0,0,0,0
1534204,1,"Liga Nacional","Liga Endesa",-402534000,NA,"https://www.acb.com/Documentos/Cabeceras/logo-competicion-1b.png","https://www.acb.com/Documentos/Cabeceras/logo-competicion-4a.png",61,1996,107,NA,NA,1547,9514,NA,NA,FALSE,1188,1187,907,"CB Murcia Airtel","Murcia Airtel","MUR",1188,1718,"Xacobeo 99 Ourense","Xacobeo Ourense","OUR",1,85,12000,0,7,0,31,50,62,23,31,74.19,23,12,35,11,7,16,0,4,3,2,19,25,95,0,0,1,0,0,85,98,0,NA,0,0,0,0,0,0,0
1534229,1,"Liga Nacional","Liga Endesa",-402534000,NA,"https://www.acb.com/Documentos/Cabeceras/logo-competicion-1b.png","https://www.acb.com/Documentos/Cabeceras/logo-competicion-4a.png",61,1996,107,NA,NA,1547,9515,NA,NA,TRUE,1181,1181,1462,"Valvi Girona","Valvi Girona","GIR",1176,205,"Taugrés","Taugrés","TAU",1,65,12000,3,14,21,21,50,42,14,15,93,14,11,25,6,13,11,0,0,9,1,27,20,41,0,0,12,0,0,780,83,0,0,0,0,0,0,0,0,0
1534230,1,"Liga Nacional","Liga Endesa",-402534000,NA,"https://www.acb.com/Documentos/Cabeceras/logo-competicion-1b.png","https://www.acb.com/Documentos/Cabeceras/logo-competicion-4a.png",61,1996,107,NA,NA,1547,9515,NA,NA,FALSE,1176,1181,1462,"Valvi Girona","Valvi Girona","GIR",1176,205,"Taugrés","Taugrés","TAU",1,83,12000,2,8,25,32,49,65.31,13,18,72.22,27,10,37,14,10,18,0,9,0,7,20,27,114,0,0,0,1,0,83,65,0,NA,0,0,0,0,0,0,0
1534253,1,"Liga Nacional","Liga Endesa",-402534000,NA,"https://www.acb.com/Documentos/Cabeceras/logo-competicion-1b.png","https://www.acb.com/Documentos/Cabeceras/logo-competicion-4a.png",61,1996,107,NA,NA,1547,9516,NA,NA,FALSE,1178,1183,617,"Festina Joventut","Festina Jov.","JOV",1178,329,"Gran Canaria","Gran Canaria","GCA",1,97,13500,3,9,33.33,33,64,51.56,22,27,81.48,27,16,43,18,10,18,0,1,3,3,29,23,100,0,0,1,0,0,97,98,0,NA,0,0,0,0,0,0,0
1534252,1,"Liga Nacional","Liga Endesa",-402534000,NA,"https://www.acb.com/Documentos/Cabeceras/logo-competicion-1b.png","https://www.acb.com/Documentos/Cabeceras/logo-competicion-4a.png",61,1996,107,NA,NA,1547,9516,NA,NA,TRUE,1183,1183,617,"Festina Joventut","Festina Jov.","JOV",1178,329,"Gran Canaria","Gran Canaria","GCA",1,98,13500,13,26,50,19,39,48.72,21,34,61.76,25,12,37,15,13,21,0,3,1,1,23,29,104,0,0,0,1,0,98,97,0,NA,0,0,0,0,0,0,0
1534278,1,"Liga Nacional","Liga Endesa",-402534000,NA,"https://www.acb.com/Documentos/Cabeceras/logo-competicion-1b.png","https://www.acb.com/Documentos/Cabeceras/logo-competicion-4a.png",61,1996,107,NA,NA,1547,9517,NA,NA,TRUE,1182,1182,1,"Covirán Granada","Covirán Granada","GRA",1179,452,"Estudiantes Argentaria","Estudiantes A.","EST",1,82,12000,7,16,43,25,49,51,11,18,61,26,13,39,16,9,18,0,3,4,3,23,19,83,0,0,12,0,0,984,93,0,0,0,0,0,0,0,0,0
1534279,1,"Liga Nacional","Liga Endesa",-402534000,NA,"https://www.acb.com/Documentos/Cabeceras/logo-competicion-1b.png","https://www.acb.com/Documentos/Cabeceras/logo-competicion-4a.png",61,1996,107,NA,NA,1547,9517,NA,NA,FALSE,1179,1182,1,"Covirán Granada","Covirán Granada","GRA",1179,452,"Estudiantes Argentaria","Estudiantes A.","EST",1,93,12000,6,12,50,27,56,48,21,27,77,22,14,36,14,13,8,0,4,3,3,19,23,112,0,0,0,10,0,930,82,0,0,0,0,0,0,0,0,0
1534297,1,"Liga Nacional","Liga Endesa",-402534000,NA,"https://www.acb.com/Documentos/Cabeceras/logo-competicion-1b.png","https://www.acb.com/Documentos/Cabeceras/logo-competicion-4a.png",61,1996,107,NA,NA,1547,9518,NA,NA,FALSE,1192,1189,948,"Pamesa Valencia","Pamesa Valencia","PAM",1192,1844,"Fórum Valladolid","Fórum Vall.","FOR",1,90,12000,8,18,44.44,26,48,54.17,14,20,70,23,14,37,15,5,12,0,2,0,2,15,19,103,0,0,0,1,0,90,86,0,NA,0,0,0,0,0,0,0
1534296,1,"Liga Nacional","Liga Endesa",-402534000,NA,"https://www.acb.com/Documentos/Cabeceras/logo-competicion-1b.png","https://www.acb.com/Documentos/Cabeceras/logo-competicion-4a.png",61,1996,107,NA,NA,1547,9518,NA,NA,TRUE,1189,1189,948,"Pamesa Valencia","Pamesa Valencia","PAM",1192,1844,"Fórum Valladolid","Fórum Vall.","FOR",1,86,12000,7,19,36.84,28,49,57.14,9,10,90,21,8,29,9,8,8,0,0,2,2,19,15,84,0,0,1,0,0,86,90,0,NA,0,0,0,0,0,0,0
1534320,1,"Liga Nacional","Liga Endesa",-402534000,NA,"https://www.acb.com/Documentos/Cabeceras/logo-competicion-1b.png","https://www.acb.com/Documentos/Cabeceras/logo-competicion-4a.png",61,1996,107,NA,NA,1547,9519,NA,NA,TRUE,1186,1186,861,"TDK Manresa","TDK Manresa","MAN",1190,1045,"Unicaja","Unicaja","UNI",1,78,12000,2,15,13.33,23,54,42.59,26,37,70.27,20,26,46,8,9,13,0,3,3,3,32,30,71,0,0,1,0,0,78,86,0,NA,0,0,0,0,0,0,0
1534321,1,"Liga Nacional","Liga Endesa",-402534000,NA,"https://www.acb.com/Documentos/Cabeceras/logo-competicion-1b.png","https://www.acb.com/Documentos/Cabeceras/logo-competicion-4a.png",61,1996,107,NA,NA,1547,9519,NA,NA,FALSE,1190,1186,861,"TDK Manresa","TDK Manresa","MAN",1190,1045,"Unicaja","Unicaja","UNI",1,86,12000,10,17,58.82,15,28,53.57,26,39,66.67,21,6,27,13,6,13,0,3,3,2,30,32,88,0,0,0,1,0,86,78,0,NA,0,0,0,0,0,0,0
1534346,1,"Liga Nacional","Liga Endesa",-402534000,NA,"https://www.acb.com/Documentos/Cabeceras/logo-competicion-1b.png","https://www.acb.com/Documentos/Cabeceras/logo-competicion-4a.png",61,1996,107,NA,NA,1547,9520,NA,NA,FALSE,1175,1177,1368,"Cáceres CB","Cáceres CB","CAC",1175,91,"FC Barcelona Banca Catalana","FC Barcelona","FCB",1,96,12000,5,15,33,23,49,46,35,44,79,26,21,47,9,9,14,0,2,0,2,26,33,111,0,0,0,11,0,1056,89,0,0,0,0,0,0,0,0,0
1534345,1,"Liga Nacional","Liga Endesa",-402534000,NA,"https://www.acb.com/Documentos/Cabeceras/logo-competicion-1b.png","https://www.acb.com/Documentos/Cabeceras/logo-competicion-4a.png",61,1996,107,NA,NA,1547,9520,NA,NA,TRUE,1177,1177,1368,"Cáceres CB","Cáceres CB","CAC",1175,91,"FC Barcelona Banca Catalana","FC Barcelona","FCB",1,89,12000,9,21,42.86,21,41,51.22,20,27,74.07,16,6,22,11,8,11,0,0,2,1,33,26,71,0,0,1,0,0,89,96,0,NA,0,0,0,0,0,0,0
1534400,1,"Liga Nacional","Liga Endesa",-402534000,NA,"https://www.acb.com/Documentos/Cabeceras/logo-competicion-1b.png","https://www.acb.com/Documentos/Cabeceras/logo-competicion-4a.png",61,1996,111,NA,NA,1548,9522,NA,NA,FALSE,1190,1175,91,"FC Barcelona Banca Catalana","FC Barcelona","FCB",1190,1045,"Unicaja","Unicaja","UNI",1,75,12000,9,22,40.91,20,36,55.56,8,21,38.1,19,7,26,11,7,14,0,3,3,2,22,24,65,0,0,1,0,0,75,88,0,NA,0,0,0,0,0,0,0
1534399,1,"Liga Nacional","Liga Endesa",-402534000,NA,"https://www.acb.com/Documentos/Cabeceras/logo-competicion-1b.png","https://www.acb.com/Documentos/Cabeceras/logo-competicion-4a.png",61,1996,111,NA,NA,1548,9522,NA,NA,TRUE,1175,1175,91,"FC Barcelona Banca Catalana","FC Barcelona","FCB",1190,1045,"Unicaja","Unicaja","UNI",1,88,12000,4,11,36,27,50,54,22,30,73,29,12,41,12,8,12,0,3,3,3,24,22,97,0,0,0,11,0,968,75,0,0,0,0,0,0,0,0,0
1534422,1,"Liga Nacional","Liga Endesa",-402534000,NA,"https://www.acb.com/Documentos/Cabeceras/logo-competicion-1b.png","https://www.acb.com/Documentos/Cabeceras/logo-competicion-4a.png",61,1996,111,NA,NA,1548,9523,NA,NA,TRUE,1179,1179,452,"Estudiantes Argentaria","Estudiantes A.","EST",1184,1604,"León Caja España","León C. España","LEO",1,71,12000,3,16,18,27,54,50,8,12,66,23,10,33,9,13,10,0,3,3,3,20,18,70,0,0,0,10,0,710,67,0,0,0,0,0,0,0,0,0
1534423,1,"Liga Nacional","Liga Endesa",-402534000,NA,"https://www.acb.com/Documentos/Cabeceras/logo-competicion-1b.png","https://www.acb.com/Documentos/Cabeceras/logo-competicion-4a.png",61,1996,111,NA,NA,1548,9523,NA,NA,FALSE,1184,1179,452,"Estudiantes Argentaria","Estudiantes A.","EST",1184,1604,"León Caja España","León C. España","LEO",1,67,12000,5,13,38.46,19,38,50,14,19,73.68,32,7,39,8,6,19,0,3,3,3,18,20,71,0,0,1,0,0,67,71,0,NA,0,0,0,0,0,0,0
1534444,1,"Liga Nacional","Liga Endesa",-402534000,NA,"https://www.acb.com/Documentos/Cabeceras/logo-competicion-1b.png","https://www.acb.com/Documentos/Cabeceras/logo-competicion-4a.png",61,1996,111,NA,NA,1548,9524,NA,NA,FALSE,1176,1183,617,"Festina Joventut","Festina Jov.","JOV",1176,205,"Taugrés","Taugrés","TAU",1,73,12000,6,13,46.15,18,36,50,19,24,79.17,22,12,34,9,2,14,0,1,2,1,20,22,75,0,0,1,0,0,73,79,0,NA,0,0,0,0,0,0,0
1534443,1,"Liga Nacional","Liga Endesa",-402534000,NA,"https://www.acb.com/Documentos/Cabeceras/logo-competicion-1b.png","https://www.acb.com/Documentos/Cabeceras/logo-competicion-4a.png",61,1996,111,NA,NA,1548,9524,NA,NA,TRUE,1183,1183,617,"Festina Joventut","Festina Jov.","JOV",1176,205,"Taugrés","Taugrés","TAU",1,79,12000,7,16,43.75,21,38,55.26,16,22,72.73,13,8,21,8,9,6,0,2,1,3,22,20,78,0,0,0,1,0,79,73,0,NA,0,0,0,0,0,0,0
1534373,1,"Liga Nacional","Liga Endesa",-402534000,NA,"https://www.acb.com/Documentos/Cabeceras/logo-competicion-1b.png","https://www.acb.com/Documentos/Cabeceras/logo-competicion-4a.png",61,1996,111,NA,NA,1548,9521,NA,NA,TRUE,1185,1185,748,"Real Madrid Teka","Real Madrid","RMB",1186,861,"TDK Manresa","TDK Manresa","MAN",1,93,12000,5,11,45,31,39,79,16,23,69,25,6,31,23,11,18,0,1,1,2,24,19,114,0,0,0,13,0,1209,77,0,0,0,0,0,0,0,0,0
1534374,1,"Liga Nacional","Liga Endesa",-402534000,NA,"https://www.acb.com/Documentos/Cabeceras/logo-competicion-1b.png","https://www.acb.com/Documentos/Cabeceras/logo-competicion-4a.png",61,1996,111,NA,NA,1548,9521,NA,NA,FALSE,1186,1185,748,"Real Madrid Teka","Real Madrid","RMB",1186,861,"TDK Manresa","TDK Manresa","MAN",1,77,12000,3,15,20,26,51,50.98,16,25,64,12,17,29,7,9,13,0,1,1,4,19,24,68,0,0,1,0,0,77,93,0,NA,0,0,0,0,0,0,0
1534538,1,"Liga Nacional","Liga Endesa",-402534000,NA,"https://www.acb.com/Documentos/Cabeceras/logo-competicion-1b.png","https://www.acb.com/Documentos/Cabeceras/logo-competicion-4a.png",61,1996,111,NA,NA,1549,9528,NA,NA,FALSE,1176,1183,617,"Festina Joventut","Festina Jov.","JOV",1176,205,"Taugrés","Taugrés","TAU",1,92,12000,5,12,41,23,40,57,31,37,83,28,8,36,11,5,14,0,4,3,4,23,29,107,0,0,0,11,0,920,84,0,0,0,0,0,0,0,0,0
1534537,1,"Liga Nacional","Liga Endesa",-402534000,NA,"https://www.acb.com/Documentos/Cabeceras/logo-competicion-1b.png","https://www.acb.com/Documentos/Cabeceras/logo-competicion-4a.png",61,1996,111,NA,NA,1549,9528,NA,NA,TRUE,1183,1183,617,"Festina Joventut","Festina Jov.","JOV",1176,205,"Taugrés","Taugrés","TAU",1,84,12000,10,21,47.62,21,45,46.67,12,17,70.59,16,8,24,12,6,11,0,3,4,1,29,23,68,0,0,1,0,0,84,92,0,NA,0,0,0,0,0,0,0
1534489,1,"Liga Nacional","Liga Endesa",-402534000,NA,"https://www.acb.com/Documentos/Cabeceras/logo-competicion-1b.png","https://www.acb.com/Documentos/Cabeceras/logo-competicion-4a.png",61,1996,111,NA,NA,1549,9526,NA,NA,TRUE,1175,1175,91,"FC Barcelona Banca Catalana","FC Barcelona","FCB",1190,1045,"Unicaja","Unicaja","UNI",1,93,12000,5,9,55,32,55,58,14,22,63,23,11,34,10,7,11,0,3,3,0,27,21,92,0,0,10,0,0,930,99,0,0,0,0,0,0,0,0,0
1534490,1,"Liga Nacional","Liga Endesa",-402534000,NA,"https://www.acb.com/Documentos/Cabeceras/logo-competicion-1b.png","https://www.acb.com/Documentos/Cabeceras/logo-competicion-4a.png",61,1996,111,NA,NA,1549,9526,NA,NA,FALSE,1190,1175,91,"FC Barcelona Banca Catalana","FC Barcelona","FCB",1190,1045,"Unicaja","Unicaja","UNI",1,99,12000,9,18,50,26,44,59.09,20,30,66.67,17,10,27,11,7,11,0,3,3,1,21,27,102,0,0,0,1,0,99,93,0,NA,0,0,0,0,0,0,0
1534513,1,"Liga Nacional","Liga Endesa",-402534000,NA,"https://www.acb.com/Documentos/Cabeceras/logo-competicion-1b.png","https://www.acb.com/Documentos/Cabeceras/logo-competicion-4a.png",61,1996,111,NA,NA,1549,9527,NA,NA,FALSE,1184,1179,452,"Estudiantes Argentaria","Estudiantes A.","EST",1184,1604,"León Caja España","León C. España","LEO",1,65,12000,4,23,17,18,38,47,17,23,73,22,11,33,10,7,8,0,0,1,1,22,22,61,0,0,9,0,0,585,82,0,0,0,0,0,0,0,0,0
1534512,1,"Liga Nacional","Liga Endesa",-402534000,NA,"https://www.acb.com/Documentos/Cabeceras/logo-competicion-1b.png","https://www.acb.com/Documentos/Cabeceras/logo-competicion-4a.png",61,1996,111,NA,NA,1549,9527,NA,NA,TRUE,1179,1179,452,"Estudiantes Argentaria","Estudiantes A.","EST",1184,1604,"León Caja España","León C. España","LEO",1,82,12000,6,13,46,21,46,45,22,28,78,31,10,41,14,4,10,0,1,0,1,22,22,94,0,0,0,10,0,820,65,0,0,0,0,0,0,0,0,0
1534467,1,"Liga Nacional","Liga Endesa",-402534000,NA,"https://www.acb.com/Documentos/Cabeceras/logo-competicion-1b.png","https://www.acb.com/Documentos/Cabeceras/logo-competicion-4a.png",61,1996,111,NA,NA,1549,9525,NA,NA,FALSE,1186,1185,748,"Real Madrid Teka","Real Madrid","RMB",1186,861,"TDK Manresa","TDK Manresa","MAN",1,84,12000,5,13,38.46,23,32,71.88,23,29,79.31,17,3,20,13,7,12,0,1,0,2,20,24,94,0,0,1,0,0,84,88,0,NA,0,0,0,0,0,0,0
1534466,1,"Liga Nacional","Liga Endesa",-402534000,NA,"https://www.acb.com/Documentos/Cabeceras/logo-competicion-1b.png","https://www.acb.com/Documentos/Cabeceras/logo-competicion-4a.png",61,1996,111,NA,NA,1549,9525,NA,NA,TRUE,1185,1185,748,"Real Madrid Teka","Real Madrid","RMB",1186,861,"TDK Manresa","TDK Manresa","MAN",1,88,12000,5,11,45,30,48,62,13,17,76,12,7,19,11,8,8,0,0,1,1,24,20,85,0,0,0,10,0,880,84,0,0,0,0,0,0,0,0,0
1534580,1,"Liga Nacional","Liga Endesa",-402534000,NA,"https://www.acb.com/Documentos/Cabeceras/logo-competicion-1b.png","https://www.acb.com/Documentos/Cabeceras/logo-competicion-4a.png",61,1996,110,NA,NA,1550,9530,NA,NA,TRUE,1188,1188,1718,"Xacobeo 99 Ourense","Xacobeo Ourense","OUR",1187,907,"CB Murcia Airtel","Murcia Airtel","MUR",1,88,12000,5,6,83,23,41,56,27,39,69,28,11,39,15,9,18,0,5,1,4,18,30,118,0,0,0,8,0,704,75,0,0,0,0,0,0,0,0,0
1534581,1,"Liga Nacional","Liga Endesa",-402534000,NA,"https://www.acb.com/Documentos/Cabeceras/logo-competicion-1b.png","https://www.acb.com/Documentos/Cabeceras/logo-competicion-4a.png",61,1996,110,NA,NA,1550,9530,NA,NA,FALSE,1187,1188,1718,"Xacobeo 99 Ourense","Xacobeo Ourense","OUR",1187,907,"CB Murcia Airtel","Murcia Airtel","MUR",1,75,12000,4,18,22.22,25,55,45.45,13,17,76.47,17,16,33,6,11,11,0,1,5,2,30,18,50,0,0,1,0,0,75,88,0,NA,0,0,0,0,0,0,0
1534651,1,"Liga Nacional","Liga Endesa",-402534000,NA,"https://www.acb.com/Documentos/Cabeceras/logo-competicion-1b.png","https://www.acb.com/Documentos/Cabeceras/logo-competicion-4a.png",61,1996,111,NA,NA,1550,9533,NA,NA,FALSE,1179,1184,1604,"León Caja España","León C. España","LEO",1179,452,"Estudiantes Argentaria","Estudiantes A.","EST",1,80,12000,7,23,30,24,43,55,11,18,61,16,11,27,12,13,14,0,2,0,3,28,21,71,0,0,10,0,0,800,88,0,0,0,0,0,0,0,0,0
1534650,1,"Liga Nacional","Liga Endesa",-402534000,NA,"https://www.acb.com/Documentos/Cabeceras/logo-competicion-1b.png","https://www.acb.com/Documentos/Cabeceras/logo-competicion-4a.png",61,1996,111,NA,NA,1550,9533,NA,NA,TRUE,1184,1184,1604,"León Caja España","León C. España","LEO",1179,452,"Estudiantes Argentaria","Estudiantes A.","EST",1,88,12000,7,17,41.18,22,35,62.86,23,32,71.88,28,10,38,15,8,21,0,0,2,2,21,28,101,0,0,0,1,0,88,80,0,NA,0,0,0,0,0,0,0
1534674,1,"Liga Nacional","Liga Endesa",-402534000,NA,"https://www.acb.com/Documentos/Cabeceras/logo-competicion-1b.png","https://www.acb.com/Documentos/Cabeceras/logo-competicion-4a.png",61,1996,111,NA,NA,1550,9534,NA,NA,TRUE,1176,1176,205,"Taugrés","Taugrés","TAU",1183,617,"Festina Joventut","Festina Jov.","JOV",1,61,12000,4,15,26,17,44,38,15,20,75,25,15,40,7,4,17,0,1,0,1,21,20,52,0,0,12,0,0,671,75,0,0,0,0,0,0,0,0,0
1534675,1,"Liga Nacional","Liga Endesa",-402534000,NA,"https://www.acb.com/Documentos/Cabeceras/logo-competicion-1b.png","https://www.acb.com/Documentos/Cabeceras/logo-competicion-4a.png",61,1996,111,NA,NA,1550,9534,NA,NA,FALSE,1183,1176,205,"Taugrés","Taugrés","TAU",1183,617,"Festina Joventut","Festina Jov.","JOV",1,75,12000,7,19,36.84,19,48,39.58,16,25,64,26,17,43,6,12,13,0,0,1,1,20,21,73,0,0,0,1,0,75,61,0,NA,0,0,0,0,0,0,0
1534627,1,"Liga Nacional","Liga Endesa",-402534000,NA,"https://www.acb.com/Documentos/Cabeceras/logo-competicion-1b.png","https://www.acb.com/Documentos/Cabeceras/logo-competicion-4a.png",61,1996,111,NA,NA,1550,9532,NA,NA,TRUE,1190,1190,1045,"Unicaja","Unicaja","UNI",1175,91,"FC Barcelona Banca Catalana","FC Barcelona","FCB",1,91,12000,6,12,50,22,37,59.46,29,38,76.32,18,11,29,12,11,15,0,0,1,4,23,29,103,0,0,0,1,0,91,78,0,NA,0,0,0,0,0,0,0
1534628,1,"Liga Nacional","Liga Endesa",-402534000,NA,"https://www.acb.com/Documentos/Cabeceras/logo-competicion-1b.png","https://www.acb.com/Documentos/Cabeceras/logo-competicion-4a.png",61,1996,111,NA,NA,1550,9532,NA,NA,FALSE,1175,1190,1045,"Unicaja","Unicaja","UNI",1175,91,"FC Barcelona Banca Catalana","FC Barcelona","FCB",1,78,12000,1,11,9.09,30,50,60,15,18,83.33,16,12,28,11,9,16,0,1,0,2,29,23,72,0,0,1,0,0,78,91,0,NA,0,0,0,0,0,0,0
1534560,1,"Liga Nacional","Liga Endesa",-402534000,NA,"https://www.acb.com/Documentos/Cabeceras/logo-competicion-1b.png","https://www.acb.com/Documentos/Cabeceras/logo-competicion-4a.png",61,1996,110,NA,NA,1550,9529,NA,NA,FALSE,1180,1192,1844,"Fórum Valladolid","Fórum Vall.","FOR",1180,1193,"Baloncesto Fuenlabrada","B. Fuenlabrada","FUE",1,77,12000,6,15,40,26,60,43,7,10,70,23,14,37,7,7,7,0,3,4,1,22,16,68,0,0,9,0,0,693,85,0,0,0,0,0,0,0,0,0
1534559,1,"Liga Nacional","Liga Endesa",-402534000,NA,"https://www.acb.com/Documentos/Cabeceras/logo-competicion-1b.png","https://www.acb.com/Documentos/Cabeceras/logo-competicion-4a.png",61,1996,110,NA,NA,1550,9529,NA,NA,TRUE,1192,1192,1844,"Fórum Valladolid","Fórum Vall.","FOR",1180,1193,"Baloncesto Fuenlabrada","B. Fuenlabrada","FUE",1,85,12000,9,17,52.94,21,43,48.84,16,23,69.57,27,11,38,10,6,11,0,4,3,4,16,22,98,0,0,0,1,0,85,77,0,NA,0,0,0,0,0,0,0
1534605,1,"Liga Nacional","Liga Endesa",-402534000,NA,"https://www.acb.com/Documentos/Cabeceras/logo-competicion-1b.png","https://www.acb.com/Documentos/Cabeceras/logo-competicion-4a.png",61,1996,111,NA,NA,1550,9531,NA,NA,FALSE,1185,1186,861,"TDK Manresa","TDK Manresa","MAN",1185,748,"Real Madrid Teka","Real Madrid","RMB",1,77,12000,4,13,30,30,46,65,5,10,50,23,8,31,22,9,14,0,1,1,1,16,17,96,0,0,0,10,0,770,65,0,0,0,0,0,0,0,0,0
1534604,1,"Liga Nacional","Liga Endesa",-402534000,NA,"https://www.acb.com/Documentos/Cabeceras/logo-competicion-1b.png","https://www.acb.com/Documentos/Cabeceras/logo-competicion-4a.png",61,1996,111,NA,NA,1550,9531,NA,NA,TRUE,1186,1186,861,"TDK Manresa","TDK Manresa","MAN",1185,748,"Real Madrid Teka","Real Madrid","RMB",1,65,12000,2,11,18.18,25,46,54.35,9,16,56.25,18,9,27,15,12,13,0,1,1,3,17,16,68,0,0,1,0,0,65,77,0,NA,0,0,0,0,0,0,0
1534719,1,"Liga Nacional","Liga Endesa",-402534000,NA,"https://www.acb.com/Documentos/Cabeceras/logo-competicion-1b.png","https://www.acb.com/Documentos/Cabeceras/logo-competicion-4a.png",61,1996,110,NA,NA,1551,9536,NA,NA,TRUE,1188,1188,1718,"Xacobeo 99 Ourense","Xacobeo Ourense","OUR",1187,907,"CB Murcia Airtel","Murcia Airtel","MUR",1,75,12000,5,14,35,25,41,60,10,14,71,21,6,27,9,7,11,0,2,0,3,13,16,83,0,0,9,0,0,675,77,0,0,0,0,0,0,0,0,0
1534720,1,"Liga Nacional","Liga Endesa",-402534000,NA,"https://www.acb.com/Documentos/Cabeceras/logo-competicion-1b.png","https://www.acb.com/Documentos/Cabeceras/logo-competicion-4a.png",61,1996,110,NA,NA,1551,9536,NA,NA,FALSE,1187,1188,1718,"Xacobeo 99 Ourense","Xacobeo Ourense","OUR",1187,907,"CB Murcia Airtel","Murcia Airtel","MUR",1,77,12000,10,21,47.62,17,38,44.74,13,15,86.67,22,11,33,8,5,11,0,0,2,0,16,13,73,0,0,0,1,0,77,75,0,NA,0,0,0,0,0,0,0
1534767,1,"Liga Nacional","Liga Endesa",-402534000,NA,"https://www.acb.com/Documentos/Cabeceras/logo-competicion-1b.png","https://www.acb.com/Documentos/Cabeceras/logo-competicion-4a.png",61,1996,111,NA,NA,1551,9538,NA,NA,FALSE,1179,1184,1604,"León Caja España","León C. España","LEO",1179,452,"Estudiantes Argentaria","Estudiantes A.","EST",1,94,12000,9,20,45,24,46,52,19,28,67,18,13,31,13,12,10,0,2,2,1,22,24,100,0,0,0,10,0,940,82,0,0,0,0,0,0,0,0,0
1534766,1,"Liga Nacional","Liga Endesa",-402534000,NA,"https://www.acb.com/Documentos/Cabeceras/logo-competicion-1b.png","https://www.acb.com/Documentos/Cabeceras/logo-competicion-4a.png",61,1996,111,NA,NA,1551,9538,NA,NA,TRUE,1184,1184,1604,"León Caja España","León C. España","LEO",1179,452,"Estudiantes Argentaria","Estudiantes A.","EST",1,82,12000,7,17,41.18,23,34,67.65,15,21,71.43,21,5,26,13,4,19,0,2,2,2,24,22,77,0,0,1,0,0,82,94,0,NA,0,0,0,0,0,0,0
1534790,1,"Liga Nacional","Liga Endesa",-402534000,NA,"https://www.acb.com/Documentos/Cabeceras/logo-competicion-1b.png","https://www.acb.com/Documentos/Cabeceras/logo-competicion-4a.png",61,1996,111,NA,NA,1551,9539,NA,NA,TRUE,1176,1176,205,"Taugrés","Taugrés","TAU",1183,617,"Festina Joventut","Festina Jov.","JOV",1,82,12000,6,11,54.55,20,37,54.05,24,27,88.89,14,6,20,8,4,13,0,2,2,3,26,20,70,0,0,1,0,0,82,93,0,NA,0,0,0,0,0,0,0
1534791,1,"Liga Nacional","Liga Endesa",-402534000,NA,"https://www.acb.com/Documentos/Cabeceras/logo-competicion-1b.png","https://www.acb.com/Documentos/Cabeceras/logo-competicion-4a.png",61,1996,111,NA,NA,1551,9539,NA,NA,FALSE,1183,1176,205,"Taugrés","Taugrés","TAU",1183,617,"Festina Joventut","Festina Jov.","JOV",1,93,12000,7,17,41.18,26,43,60.47,20,27,74.07,15,13,28,9,13,10,0,2,2,2,20,26,105,0,0,0,1,0,93,82,0,NA,0,0,0,0,0,0,0
1534744,1,"Liga Nacional","Liga Endesa",-402534000,NA,"https://www.acb.com/Documentos/Cabeceras/logo-competicion-1b.png","https://www.acb.com/Documentos/Cabeceras/logo-competicion-4a.png",61,1996,111,NA,NA,1551,9537,NA,NA,FALSE,1175,1190,1045,"Unicaja","Unicaja","UNI",1175,91,"FC Barcelona Banca Catalana","FC Barcelona","FCB",1,103,12000,3,6,50,31,54,57,32,35,91,26,14,40,12,5,9,0,2,1,3,23,28,128,0,0,0,11,0,1133,80,0,0,0,0,0,0,0,0,0
1534743,1,"Liga Nacional","Liga Endesa",-402534000,NA,"https://www.acb.com/Documentos/Cabeceras/logo-competicion-1b.png","https://www.acb.com/Documentos/Cabeceras/logo-competicion-4a.png",61,1996,111,NA,NA,1551,9537,NA,NA,TRUE,1190,1190,1045,"Unicaja","Unicaja","UNI",1175,91,"FC Barcelona Banca Catalana","FC Barcelona","FCB",1,80,12000,5,13,38.46,25,49,51.02,15,25,60,13,8,21,10,6,8,0,1,2,0,28,23,61,0,0,1,0,0,80,103,0,NA,0,0,0,0,0,0,0
1534699,1,"Liga Nacional","Liga Endesa",-402534000,NA,"https://www.acb.com/Documentos/Cabeceras/logo-competicion-1b.png","https://www.acb.com/Documentos/Cabeceras/logo-competicion-4a.png",61,1996,110,NA,NA,1551,9535,NA,NA,FALSE,1180,1192,1844,"Fórum Valladolid","Fórum Vall.","FOR",1180,1193,"Baloncesto Fuenlabrada","B. Fuenlabrada","FUE",1,70,12000,4,12,33,24,46,52,10,18,55,16,10,26,9,7,16,0,0,0,1,28,18,48,0,0,10,0,0,700,82,0,0,0,0,0,0,0,0,0
1534698,1,"Liga Nacional","Liga Endesa",-402534000,NA,"https://www.acb.com/Documentos/Cabeceras/logo-competicion-1b.png","https://www.acb.com/Documentos/Cabeceras/logo-competicion-4a.png",61,1996,110,NA,NA,1551,9535,NA,NA,TRUE,1192,1192,1844,"Fórum Valladolid","Fórum Vall.","FOR",1180,1193,"Baloncesto Fuenlabrada","B. Fuenlabrada","FUE",1,82,12000,5,14,35.71,21,41,51.22,25,35,71.43,20,13,33,13,10,11,0,0,0,1,18,28,98,0,0,0,1,0,82,70,0,NA,0,0,0,0,0,0,0
1534839,1,"Liga Nacional","Liga Endesa",-402534000,NA,"https://www.acb.com/Documentos/Cabeceras/logo-competicion-1b.png","https://www.acb.com/Documentos/Cabeceras/logo-competicion-4a.png",61,1996,110,NA,NA,1552,9541,NA,NA,FALSE,1188,1187,907,"CB Murcia Airtel","Murcia Airtel","MUR",1188,1718,"Xacobeo 99 Ourense","Xacobeo Ourense","OUR",1,89,12000,7,13,53,22,39,56,24,27,88,24,7,31,8,7,9,0,3,1,1,20,24,106,0,0,0,11,0,979,77,0,0,0,0,0,0,0,0,0
1534838,1,"Liga Nacional","Liga Endesa",-402534000,NA,"https://www.acb.com/Documentos/Cabeceras/logo-competicion-1b.png","https://www.acb.com/Documentos/Cabeceras/logo-competicion-4a.png",61,1996,110,NA,NA,1552,9541,NA,NA,TRUE,1187,1187,907,"CB Murcia Airtel","Murcia Airtel","MUR",1188,1718,"Xacobeo 99 Ourense","Xacobeo Ourense","OUR",1,77,12000,9,24,37.5,18,51,35.29,14,21,66.67,17,28,45,16,8,10,0,1,3,0,24,20,75,0,0,1,0,0,77,89,0,NA,0,0,0,0,0,0,0
1534814,1,"Liga Nacional","Liga Endesa",-402534000,NA,"https://www.acb.com/Documentos/Cabeceras/logo-competicion-1b.png","https://www.acb.com/Documentos/Cabeceras/logo-competicion-4a.png",61,1996,110,NA,NA,1552,9540,NA,NA,TRUE,1180,1180,1193,"Baloncesto Fuenlabrada","B. Fuenlabrada","FUE",1192,1844,"Fórum Valladolid","Fórum Vall.","FOR",1,102,12000,8,15,53,31,55,56,16,27,59,23,11,34,8,8,14,0,0,0,2,34,21,83,0,0,10,0,0,1020,105,0,0,0,0,0,0,0,0,0
1534815,1,"Liga Nacional","Liga Endesa",-402534000,NA,"https://www.acb.com/Documentos/Cabeceras/logo-competicion-1b.png","https://www.acb.com/Documentos/Cabeceras/logo-competicion-4a.png",61,1996,110,NA,NA,1552,9540,NA,NA,FALSE,1192,1180,1193,"Baloncesto Fuenlabrada","B. Fuenlabrada","FUE",1192,1844,"Fórum Valladolid","Fórum Vall.","FOR",1,105,12000,5,16,31.25,29,44,65.91,32,50,64,24,11,35,10,10,11,0,0,0,3,21,34,118,0,0,0,1,0,105,102,0,NA,0,0,0,0,0,0,0
1534886,1,"Liga Nacional","Liga Endesa",-402534000,NA,"https://www.acb.com/Documentos/Cabeceras/logo-competicion-1b.png","https://www.acb.com/Documentos/Cabeceras/logo-competicion-4a.png",61,1996,110,NA,NA,1553,9543,NA,NA,FALSE,1188,1187,907,"CB Murcia Airtel","Murcia Airtel","MUR",1188,1718,"Xacobeo 99 Ourense","Xacobeo Ourense","OUR",1,82,12000,7,10,70,19,38,50,23,38,60,35,7,42,12,10,17,0,6,1,5,18,28,107,0,0,0,9,0,738,71,0,0,0,0,0,0,0,0,0
1534885,1,"Liga Nacional","Liga Endesa",-402534000,NA,"https://www.acb.com/Documentos/Cabeceras/logo-competicion-1b.png","https://www.acb.com/Documentos/Cabeceras/logo-competicion-4a.png",61,1996,110,NA,NA,1553,9543,NA,NA,TRUE,1187,1187,907,"CB Murcia Airtel","Murcia Airtel","MUR",1188,1718,"Xacobeo 99 Ourense","Xacobeo Ourense","OUR",1,71,12000,9,27,33.33,19,50,38,6,7,85.71,20,13,33,12,14,10,0,1,6,2,28,18,55,0,0,1,0,0,71,82,0,NA,0,0,0,0,0,0,0
1534863,1,"Liga Nacional","Liga Endesa",-402534000,NA,"https://www.acb.com/Documentos/Cabeceras/logo-competicion-1b.png","https://www.acb.com/Documentos/Cabeceras/logo-competicion-4a.png",61,1996,111,NA,NA,1553,9542,NA,NA,TRUE,1175,1175,91,"FC Barcelona Banca Catalana","FC Barcelona","FCB",1190,1045,"Unicaja","Unicaja","UNI",1,95,12000,4,11,36,30,56,53,23,32,71,22,20,42,12,7,13,0,2,2,6,22,26,105,0,0,0,12,0,1140,85,0,0,0,0,0,0,0,0,0
1534864,1,"Liga Nacional","Liga Endesa",-402534000,NA,"https://www.acb.com/Documentos/Cabeceras/logo-competicion-1b.png","https://www.acb.com/Documentos/Cabeceras/logo-competicion-4a.png",61,1996,111,NA,NA,1553,9542,NA,NA,FALSE,1190,1175,91,"FC Barcelona Banca Catalana","FC Barcelona","FCB",1190,1045,"Unicaja","Unicaja","UNI",1,85,12000,7,21,33.33,23,45,51.11,18,24,75,13,17,30,12,10,12,0,2,2,3,26,22,79,0,0,1,0,0,85,95,0,NA,0,0,0,0,0,0,0
1534934,1,"Liga Nacional","Liga Endesa",-402534000,NA,"https://www.acb.com/Documentos/Cabeceras/logo-competicion-1b.png","https://www.acb.com/Documentos/Cabeceras/logo-competicion-4a.png",61,1996,111,NA,NA,1554,9545,NA,NA,TRUE,1175,1175,91,"FC Barcelona Banca Catalana","FC Barcelona","FCB",1179,452,"Estudiantes Argentaria","Estudiantes A.","EST",1,90,12000,5,13,38,27,39,69,21,27,77,26,9,35,11,6,21,0,3,1,1,26,24,95,0,0,0,10,0,900,88,0,0,0,0,0,0,0,0,0
1534935,1,"Liga Nacional","Liga Endesa",-402534000,NA,"https://www.acb.com/Documentos/Cabeceras/logo-competicion-1b.png","https://www.acb.com/Documentos/Cabeceras/logo-competicion-4a.png",61,1996,111,NA,NA,1554,9545,NA,NA,FALSE,1179,1175,91,"FC Barcelona Banca Catalana","FC Barcelona","FCB",1179,452,"Estudiantes Argentaria","Estudiantes A.","EST",1,88,12000,10,20,50,17,46,36.96,24,32,75,14,15,29,10,11,11,0,1,3,2,24,26,80,0,0,1,0,0,88,90,0,NA,0,0,0,0,0,0,0
1534911,1,"Liga Nacional","Liga Endesa",-402534000,NA,"https://www.acb.com/Documentos/Cabeceras/logo-competicion-1b.png","https://www.acb.com/Documentos/Cabeceras/logo-competicion-4a.png",61,1996,111,NA,NA,1554,9544,NA,NA,TRUE,1185,1185,748,"Real Madrid Teka","Real Madrid","RMB",1183,617,"Festina Joventut","Festina Jov.","JOV",1,85,12000,3,11,27,29,41,70,18,27,66,28,7,35,17,5,13,0,6,0,2,24,24,106,0,0,0,11,0,935,76,0,0,0,0,0,0,0,0,0
1534912,1,"Liga Nacional","Liga Endesa",-402534000,NA,"https://www.acb.com/Documentos/Cabeceras/logo-competicion-1b.png","https://www.acb.com/Documentos/Cabeceras/logo-competicion-4a.png",61,1996,111,NA,NA,1554,9544,NA,NA,FALSE,1183,1185,748,"Real Madrid Teka","Real Madrid","RMB",1183,617,"Festina Joventut","Festina Jov.","JOV",1,76,12000,3,15,20,25,55,45.45,17,25,68,16,17,33,4,7,7,0,0,6,3,24,24,57,0,0,1,0,0,76,85,0,NA,0,0,0,0,0,0,0
1534984,1,"Liga Nacional","Liga Endesa",-402534000,NA,"https://www.acb.com/Documentos/Cabeceras/logo-competicion-1b.png","https://www.acb.com/Documentos/Cabeceras/logo-competicion-4a.png",61,1996,111,NA,NA,1555,9547,NA,NA,FALSE,1179,1175,91,"FC Barcelona Banca Catalana","FC Barcelona","FCB",1179,452,"Estudiantes Argentaria","Estudiantes A.","EST",1,71,12000,5,16,31,20,57,35,16,21,76,23,17,40,10,9,9,0,1,4,2,21,22,66,0,0,10,0,0,710,73,0,0,0,0,0,0,0,0,0
1534983,1,"Liga Nacional","Liga Endesa",-402534000,NA,"https://www.acb.com/Documentos/Cabeceras/logo-competicion-1b.png","https://www.acb.com/Documentos/Cabeceras/logo-competicion-4a.png",61,1996,111,NA,NA,1555,9547,NA,NA,TRUE,1175,1175,91,"FC Barcelona Banca Catalana","FC Barcelona","FCB",1179,452,"Estudiantes Argentaria","Estudiantes A.","EST",1,73,12000,4,14,28,20,44,45,21,28,75,31,14,45,7,5,15,0,4,1,2,22,21,76,0,0,0,10,0,730,71,0,0,0,0,0,0,0,0,0
1534959,1,"Liga Nacional","Liga Endesa",-402534000,NA,"https://www.acb.com/Documentos/Cabeceras/logo-competicion-1b.png","https://www.acb.com/Documentos/Cabeceras/logo-competicion-4a.png",61,1996,111,NA,NA,1555,9546,NA,NA,TRUE,1185,1185,748,"Real Madrid Teka","Real Madrid","RMB",1183,617,"Festina Joventut","Festina Jov.","JOV",1,88,12000,3,9,33,32,56,57,15,20,75,23,15,38,17,8,12,0,2,2,3,23,22,103,0,0,0,11,0,968,81,0,0,0,0,0,0,0,0,0
1534960,1,"Liga Nacional","Liga Endesa",-402534000,NA,"https://www.acb.com/Documentos/Cabeceras/logo-competicion-1b.png","https://www.acb.com/Documentos/Cabeceras/logo-competicion-4a.png",61,1996,111,NA,NA,1555,9546,NA,NA,FALSE,1183,1185,748,"Real Madrid Teka","Real Madrid","RMB",1183,617,"Festina Joventut","Festina Jov.","JOV",1,81,12000,4,15,26.67,26,45,57.78,17,32,53.12,12,17,29,8,5,12,0,2,2,1,22,23,67,0,0,1,0,0,81,88,0,NA,0,0,0,0,0,0,0
1535033,1,"Liga Nacional","Liga Endesa",-402534000,NA,"https://www.acb.com/Documentos/Cabeceras/logo-competicion-1b.png","https://www.acb.com/Documentos/Cabeceras/logo-competicion-4a.png",61,1996,111,NA,NA,1556,9549,NA,NA,TRUE,1179,1179,452,"Estudiantes Argentaria","Estudiantes A.","EST",1175,91,"FC Barcelona Banca Catalana","FC Barcelona","FCB",1,88,12000,5,14,35,26,48,54,21,30,70,26,16,42,19,11,17,0,3,1,3,25,25,105,0,0,0,11,0,968,74,0,0,0,0,0,0,0,0,0
1535034,1,"Liga Nacional","Liga Endesa",-402534000,NA,"https://www.acb.com/Documentos/Cabeceras/logo-competicion-1b.png","https://www.acb.com/Documentos/Cabeceras/logo-competicion-4a.png",61,1996,111,NA,NA,1556,9549,NA,NA,FALSE,1175,1179,452,"Estudiantes Argentaria","Estudiantes A.","EST",1175,91,"FC Barcelona Banca Catalana","FC Barcelona","FCB",1,74,12000,5,17,29,20,48,41,19,27,70,19,17,36,7,11,16,0,1,3,1,25,25,62,0,0,11,0,0,814,88,0,0,0,0,0,0,0,0,0
1535008,1,"Liga Nacional","Liga Endesa",-402534000,NA,"https://www.acb.com/Documentos/Cabeceras/logo-competicion-1b.png","https://www.acb.com/Documentos/Cabeceras/logo-competicion-4a.png",61,1996,111,NA,NA,1556,9548,NA,NA,FALSE,1185,1183,617,"Festina Joventut","Festina Jov.","JOV",1185,748,"Real Madrid Teka","Real Madrid","RMB",1,83,12000,4,15,26,27,40,67,17,24,70,20,9,29,9,10,15,0,0,1,0,24,23,83,0,0,0,10,0,830,80,0,0,0,0,0,0,0,0,0
1535007,1,"Liga Nacional","Liga Endesa",-402534000,NA,"https://www.acb.com/Documentos/Cabeceras/logo-competicion-1b.png","https://www.acb.com/Documentos/Cabeceras/logo-competicion-4a.png",61,1996,111,NA,NA,1556,9548,NA,NA,TRUE,1183,1183,617,"Festina Joventut","Festina Jov.","JOV",1185,748,"Real Madrid Teka","Real Madrid","RMB",1,80,12000,4,19,21.05,26,43,60.47,16,21,76.19,18,11,29,5,8,12,0,1,0,2,23,24,75,0,0,1,0,0,80,83,0,NA,0,0,0,0,0,0,0
1535060,1,"Liga Nacional","Liga Endesa",-402534000,NA,"https://www.acb.com/Documentos/Cabeceras/logo-competicion-1b.png","https://www.acb.com/Documentos/Cabeceras/logo-competicion-4a.png",61,1996,111,NA,NA,1557,9550,NA,NA,TRUE,1179,1179,452,"Estudiantes Argentaria","Estudiantes A.","EST",1175,91,"FC Barcelona Banca Catalana","FC Barcelona","FCB",1,82,12000,5,16,31,29,54,53,9,16,56,14,12,26,13,10,12,0,2,3,3,32,21,64,0,0,12,0,0,984,92,0,0,0,0,0,0,0,0,0
1535061,1,"Liga Nacional","Liga Endesa",-402534000,NA,"https://www.acb.com/Documentos/Cabeceras/logo-competicion-1b.png","https://www.acb.com/Documentos/Cabeceras/logo-competicion-4a.png",61,1996,111,NA,NA,1557,9550,NA,NA,FALSE,1175,1179,452,"Estudiantes Argentaria","Estudiantes A.","EST",1175,91,"FC Barcelona Banca Catalana","FC Barcelona","FCB",1,92,12000,7,14,50,20,39,51,31,41,75,26,13,39,11,9,17,0,3,2,1,21,32,110,0,0,0,10,0,920,82,0,0,0,0,0,0,0,0,0
1535086,1,"Liga Nacional","Liga Endesa",-402534000,NA,"https://www.acb.com/Documentos/Cabeceras/logo-competicion-1b.png","https://www.acb.com/Documentos/Cabeceras/logo-competicion-4a.png",61,1996,111,NA,NA,1558,9551,NA,NA,TRUE,1185,1185,748,"Real Madrid Teka","Real Madrid","RMB",1175,91,"FC Barcelona Banca Catalana","FC Barcelona","FCB",1,79,12000,3,10,30,29,51,56,12,19,63,21,9,30,13,8,9,0,4,1,2,28,21,81,0,0,11,0,0,869,83,0,0,0,0,0,0,0,0,0
1535087,1,"Liga Nacional","Liga Endesa",-402534000,NA,"https://www.acb.com/Documentos/Cabeceras/logo-competicion-1b.png","https://www.acb.com/Documentos/Cabeceras/logo-competicion-4a.png",61,1996,111,NA,NA,1558,9551,NA,NA,FALSE,1175,1185,748,"Real Madrid Teka","Real Madrid","RMB",1175,91,"FC Barcelona Banca Catalana","FC Barcelona","FCB",1,83,12000,3,10,30,24,45,53,26,30,86,23,10,33,7,7,9,0,1,4,3,21,28,93,0,0,0,11,0,913,79,0,0,0,0,0,0,0,0,0
1535110,1,"Liga Nacional","Liga Endesa",-402534000,NA,"https://www.acb.com/Documentos/Cabeceras/logo-competicion-1b.png","https://www.acb.com/Documentos/Cabeceras/logo-competicion-4a.png",61,1996,111,NA,NA,1559,9552,NA,NA,TRUE,1185,1185,748,"Real Madrid Teka","Real Madrid","RMB",1175,91,"FC Barcelona Banca Catalana","FC Barcelona","FCB",1,93,12000,1,5,20,30,46,65,30,37,81,17,10,27,13,7,8,0,0,0,4,26,32,111,0,0,0,10,0,930,86,0,0,0,0,0,0,0,0,0
1535111,1,"Liga Nacional","Liga Endesa",-402534000,NA,"https://www.acb.com/Documentos/Cabeceras/logo-competicion-1b.png","https://www.acb.com/Documentos/Cabeceras/logo-competicion-4a.png",61,1996,111,NA,NA,1559,9552,NA,NA,FALSE,1175,1185,748,"Real Madrid Teka","Real Madrid","RMB",1175,91,"FC Barcelona Banca Catalana","FC Barcelona","FCB",1,86,12000,6,13,46.15,21,42,50,26,33,78.79,13,14,27,10,7,10,0,0,0,0,32,26,79,0,0,1,0,0,86,93,0,NA,0,0,0,0,0,0,0
1535136,1,"Liga Nacional","Liga Endesa",-402534000,NA,"https://www.acb.com/Documentos/Cabeceras/logo-competicion-1b.png","https://www.acb.com/Documentos/Cabeceras/logo-competicion-4a.png",61,1996,111,NA,NA,1560,9553,NA,NA,FALSE,1185,1175,91,"FC Barcelona Banca Catalana","FC Barcelona","FCB",1185,748,"Real Madrid Teka","Real Madrid","RMB",1,90,13500,4,18,22,30,54,55,18,27,66,20,15,35,12,10,9,0,4,2,1,27,26,92,0,0,10,0,0,900,94,0,0,0,0,0,0,0,0,0
1535135,1,"Liga Nacional","Liga Endesa",-402534000,NA,"https://www.acb.com/Documentos/Cabeceras/logo-competicion-1b.png","https://www.acb.com/Documentos/Cabeceras/logo-competicion-4a.png",61,1996,111,NA,NA,1560,9553,NA,NA,TRUE,1175,1175,91,"FC Barcelona Banca Catalana","FC Barcelona","FCB",1185,748,"Real Madrid Teka","Real Madrid","RMB",1,94,13500,5,15,33,29,51,56,21,30,70,29,15,44,18,4,11,0,2,4,2,26,27,107,0,0,0,11,0,1034,90,0,0,0,0,0,0,0,0,0
1535160,1,"Liga Nacional","Liga Endesa",-402534000,NA,"https://www.acb.com/Documentos/Cabeceras/logo-competicion-1b.png","https://www.acb.com/Documentos/Cabeceras/logo-competicion-4a.png",61,1996,111,NA,NA,1561,9554,NA,NA,FALSE,1185,1175,91,"FC Barcelona Banca Catalana","FC Barcelona","FCB",1185,748,"Real Madrid Teka","Real Madrid","RMB",1,89,12000,3,10,30,29,50,58,22,33,66,24,10,34,13,2,4,0,2,2,1,24,28,99,0,0,0,10,0,890,83,0,0,0,0,0,0,0,0,0
1535159,1,"Liga Nacional","Liga Endesa",-402534000,NA,"https://www.acb.com/Documentos/Cabeceras/logo-competicion-1b.png","https://www.acb.com/Documentos/Cabeceras/logo-competicion-4a.png",61,1996,111,NA,NA,1561,9554,NA,NA,TRUE,1175,1175,91,"FC Barcelona Banca Catalana","FC Barcelona","FCB",1185,748,"Real Madrid Teka","Real Madrid","RMB",1,83,12000,6,18,33.33,21,35,60,23,34,67.65,22,6,28,15,4,5,0,2,2,4,28,24,84,0,0,1,0,0,83,89,0,NA,0,0,0,0,0,0,0
1535182,1,"Liga Nacional","Liga Endesa",-402534000,NA,"https://www.acb.com/Documentos/Cabeceras/logo-competicion-1b.png","https://www.acb.com/Documentos/Cabeceras/logo-competicion-4a.png",61,1996,111,NA,NA,1562,9555,NA,NA,TRUE,1185,1185,748,"Real Madrid Teka","Real Madrid","RMB",1175,91,"FC Barcelona Banca Catalana","FC Barcelona","FCB",1,69,12000,3,11,27,29,52,55,2,5,40,21,8,29,12,7,12,0,1,3,0,20,14,63,0,0,10,0,0,690,82,0,0,0,0,0,0,0,0,0
1535183,1,"Liga Nacional","Liga Endesa",-402534000,NA,"https://www.acb.com/Documentos/Cabeceras/logo-competicion-1b.png","https://www.acb.com/Documentos/Cabeceras/logo-competicion-4a.png",61,1996,111,NA,NA,1562,9555,NA,NA,FALSE,1175,1185,748,"Real Madrid Teka","Real Madrid","RMB",1175,91,"FC Barcelona Banca Catalana","FC Barcelona","FCB",1,82,12000,1,8,12.5,31,55,56.36,17,22,77.27,23,12,35,9,6,10,0,3,1,4,14,21,95,0,0,0,1,0,82,69,0,NA,0,0,0,0,0,0,0
1777346,2,"Copa de España","Copa del Rey",-1142812800,NA,"https://static.acb.com/img/d/15/9/27868934009.png","https://static.acb.com/img/d/15/9/27868934009.png",61,1996,103,NA,NA,266,760,NA,NA,TRUE,502,502,452,"Estudiantes Argentaria","Estudiantes A.","EST",501,1368,"Cáceres CB","Cáceres CB","CAC",1,81,12000,6,21,28,22,43,51,19,24,79,24,13,37,10,6,14,0,3,1,2,27,21,75,0,0,1,0,0,891,88,0,0,0,0,0,0,0,0,0
1777344,2,"Copa de España","Copa del Rey",-1142812800,NA,"https://static.acb.com/img/d/15/9/27868934009.png","https://static.acb.com/img/d/15/9/27868934009.png",61,1996,103,NA,NA,266,760,NA,NA,FALSE,501,502,452,"Estudiantes Argentaria","Estudiantes A.","EST",501,1368,"Cáceres CB","Cáceres CB","CAC",1,88,12000,8,19,42,19,38,50,26,35,74,22,8,30,10,12,10,0,1,3,3,21,27,95,0,0,0,1,0,968,81,0,0,0,0,0,0,0,0,0
1777340,2,"Copa de España","Copa del Rey",-1142812800,NA,"https://static.acb.com/img/d/15/9/27868934009.png","https://static.acb.com/img/d/15/9/27868934009.png",61,1996,103,293,351,266,759,NA,NA,TRUE,500,500,91,"FC Barcelona Banca Catalana","FC Barcelona","FCB",505,748,"Real Madrid Teka","Real Madrid","RMB",1,115,15000,8,17,47,33,54,61,25,31,80,22,10,32,13,9,15,0,3,4,3,25,26,118,0,0,0,1,0,1380,110,0,0,0,0,0,0,0,0,0
1777342,2,"Copa de España","Copa del Rey",-1142812800,NA,"https://static.acb.com/img/d/15/9/27868934009.png","https://static.acb.com/img/d/15/9/27868934009.png",61,1996,103,293,351,266,759,NA,NA,FALSE,505,500,91,"FC Barcelona Banca Catalana","FC Barcelona","FCB",505,748,"Real Madrid Teka","Real Madrid","RMB",1,110,15000,7,14,50,37,56,66,15,27,55,20,6,26,23,13,12,0,4,3,4,26,25,122,0,0,1,0,0,1320,115,0,0,0,0,0,0,0,0,0
1777336,2,"Copa de España","Copa del Rey",-1142812800,NA,"https://static.acb.com/img/d/15/9/27868934009.png","https://static.acb.com/img/d/15/9/27868934009.png",61,1996,103,NA,NA,266,758,NA,NA,TRUE,504,504,1604,"León Caja España","León C. España","LEO",506,861,"TDK Manresa","TDK Manresa","MAN",1,88,12000,8,20,40,22,37,59,20,27,74,16,12,28,15,8,8,0,3,0,1,24,25,101,0,0,0,1,0,880,85,0,0,0,0,0,0,0,0,0
1777338,2,"Copa de España","Copa del Rey",-1142812800,NA,"https://static.acb.com/img/d/15/9/27868934009.png","https://static.acb.com/img/d/15/9/27868934009.png",61,1996,103,NA,NA,266,758,NA,NA,FALSE,506,504,1604,"León Caja España","León C. España","LEO",506,861,"TDK Manresa","TDK Manresa","MAN",1,85,12000,4,12,33,25,41,60,23,29,79,22,8,30,9,4,9,0,0,3,1,25,24,85,0,0,1,0,0,935,88,0,0,0,0,0,0,0,0,0
1777334,2,"Copa de España","Copa del Rey",-1142812800,NA,"https://static.acb.com/img/d/15/9/27868934009.png","https://static.acb.com/img/d/15/9/27868934009.png",61,1996,103,293,352,266,757,NA,NA,TRUE,507,507,1120,"Caja San Fernando","C. San Fernando","CSF",503,617,"Festina Joventut","Festina Jov.","JOV",1,88,13500,9,20,45,25,50,50,11,15,73,24,10,34,15,3,7,0,3,3,1,22,15,86,0,0,1,0,0,1056,97,0,0,0,0,0,0,0,0,0
1777332,2,"Copa de España","Copa del Rey",-1142812800,NA,"https://static.acb.com/img/d/15/9/27868934009.png","https://static.acb.com/img/d/15/9/27868934009.png",61,1996,103,293,352,266,757,NA,NA,FALSE,503,507,1120,"Caja San Fernando","C. San Fernando","CSF",503,617,"Festina Joventut","Festina Jov.","JOV",1,97,13500,6,21,28,29,60,48,21,25,84,29,17,46,7,7,7,0,3,3,4,15,22,107,0,0,0,1,0,1164,88,0,0,0,0,0,0,0,0,0
1777352,2,"Copa de España","Copa del Rey",-1142812800,NA,"https://static.acb.com/img/d/15/9/27868934009.png","https://static.acb.com/img/d/15/9/27868934009.png",61,1996,103,NA,NA,267,762,NA,NA,TRUE,500,500,91,"FC Barcelona Banca Catalana","FC Barcelona","FCB",501,1368,"Cáceres CB","Cáceres CB","CAC",1,88,13500,5,26,19,26,40,65,21,26,80,24,6,30,10,6,6,0,5,2,5,28,25,88,0,0,1,0,0,1056,94,0,0,0,0,0,0,0,0,0
1777354,2,"Copa de España","Copa del Rey",-1142812800,NA,"https://static.acb.com/img/d/15/9/27868934009.png","https://static.acb.com/img/d/15/9/27868934009.png",61,1996,103,NA,NA,267,762,NA,NA,FALSE,501,500,91,"FC Barcelona Banca Catalana","FC Barcelona","FCB",501,1368,"Cáceres CB","Cáceres CB","CAC",1,94,13500,9,22,40,20,39,51,27,34,79,28,10,38,10,6,9,0,2,5,2,25,28,100,0,0,0,1,0,1128,88,0,0,0,0,0,0,0,0,0
1777350,2,"Copa de España","Copa del Rey",-1142812800,NA,"https://static.acb.com/img/d/15/9/27868934009.png","https://static.acb.com/img/d/15/9/27868934009.png",61,1996,103,NA,NA,267,761,NA,NA,TRUE,504,504,1604,"León Caja España","León C. España","LEO",503,617,"Festina Joventut","Festina Jov.","JOV",1,72,12000,8,16,50,18,34,52,12,21,57,17,5,22,13,8,17,0,3,1,2,21,22,68,0,0,1,0,0,792,80,0,0,0,0,0,0,0,0,0
1777348,2,"Copa de España","Copa del Rey",-1142812800,NA,"https://static.acb.com/img/d/15/9/27868934009.png","https://static.acb.com/img/d/15/9/27868934009.png",61,1996,103,NA,NA,267,761,NA,NA,FALSE,503,504,1604,"León Caja España","León C. España","LEO",503,617,"Festina Joventut","Festina Jov.","JOV",1,80,12000,8,19,42,22,47,46,12,16,75,18,16,34,9,10,13,0,1,3,1,22,21,77,0,0,0,1,0,1040,72,0,0,0,0,0,0,0,0,0
1777358,2,"Copa de España","Copa del Rey",-1142812800,NA,"https://static.acb.com/img/d/15/9/27868934009.png","https://static.acb.com/img/d/15/9/27868934009.png",61,1996,103,NA,NA,268,763,NA,NA,FALSE,503,501,1368,"Cáceres CB","Cáceres CB","CAC",503,617,"Festina Joventut","Festina Jov.","JOV",1,79,12000,7,20,35,21,40,52,16,21,76,16,17,33,9,8,9,0,1,5,0,18,23,84,0,0,0,1,0,869,71,0,0,0,0,0,0,0,0,0
1777356,2,"Copa de España","Copa del Rey",-1142812800,NA,"https://static.acb.com/img/d/15/9/27868934009.png","https://static.acb.com/img/d/15/9/27868934009.png",61,1996,103,NA,NA,268,763,NA,NA,TRUE,501,501,1368,"Cáceres CB","Cáceres CB","CAC",503,617,"Festina Joventut","Festina Jov.","JOV",1,71,12000,6,23,26,22,34,64,9,12,75,17,11,28,13,8,14,0,5,1,4,23,18,73,0,0,1,0,0,781,79,0,0,0,0,0,0,0,0,0
