"id","id_competition","competition_name","competition_official_name","competition_initial_date","competition_final_date","competition_url_image","competition_url_image_negative","id_edition","edition_year","id_phase","id_subphase","id_round","id_matchweek","id_match","period","id_edition_license_team","is_local","id_team","id_local_team","local_team_id_team_denomination","local_team_team_actual_name","local_team_team_actual_short_name","local_team_team_abbrev_name","id_visitor_team","visitor_team_id_team_denomination","visitor_team_team_actual_name","visitor_team_team_actual_short_name","visitor_team_team_abbrev_name","match_number","points","time_played","3pt_success","3pt_tried","3pt_percentage","2pt_success","2pt_tried","2pt_percentage","1pt_success","1pt_tried","1pt_percentage","defensive_rebound","offensive_rebound","total_rebound","asis","steals","turnovers","counter_attack","blocks","received_blocks","dunks","personal_fouls","received_fouls","val","differential","tournament_number2","defeats","victories","tie","team_score","rival_team_score","timeouts","time_as_leader","leader_changes","maximun_difference","points_after_steal","points_in_the_paint","second_opportinity_points","bench_points","best_streak"
1639013,1,"Liga Nacional","Liga Endesa",-402534000,NA,"https://www.acb.com/Documentos/Cabeceras/logo-competicion-1b.png","https://www.acb.com/Documentos/Cabeceras/logo-competicion-4a.png",49,1984,107,NA,NA,954,4656,NA,NA,TRUE,933,933,65,"FC Barcelona","FC Barcelona","FCB",939,1438,"Español","Español","ESP",1,93,12000,2,4,50,37,64,57.81,13,19,68.42,26,12,38,8,17,19,0,8,0,0,29,0,81,0,0,0,1,0,93,70,0,NA,0,0,0,0,0,0,0
1639014,1,"Liga Nacional","Liga Endesa",-402534000,NA,"https://www.acb.com/Documentos/Cabeceras/logo-competicion-1b.png","https://www.acb.com/Documentos/Cabeceras/logo-competicion-4a.png",49,1984,107,NA,NA,954,4656,NA,NA,FALSE,939,933,65,"FC Barcelona","FC Barcelona","FCB",939,1438,"Español","Español","ESP",1,70,12000,1,6,16.67,28,53,52.83,11,20,55,24,13,37,10,15,21,0,6,0,0,24,0,54,0,0,1,0,0,70,93,0,NA,0,0,0,0,0,0,0
1638896,1,"Liga Nacional","Liga Endesa",-402534000,NA,"https://www.acb.com/Documentos/Cabeceras/logo-competicion-1b.png","https://www.acb.com/Documentos/Cabeceras/logo-competicion-4a.png",49,1984,107,NA,NA,954,4650,NA,NA,FALSE,943,936,1377,"Cajamadrid","Cajamadrid","CJM",943,722,"Real Madrid","Real Madrid","RMB",1,85,12000,0,2,0,36,65,55.38,13,20,65,24,14,38,10,18,18,0,9,0,0,25,0,79,0,0,0,1,0,85,67,0,NA,0,0,0,0,0,0,0
1638895,1,"Liga Nacional","Liga Endesa",-402534000,NA,"https://www.acb.com/Documentos/Cabeceras/logo-competicion-1b.png","https://www.acb.com/Documentos/Cabeceras/logo-competicion-4a.png",49,1984,107,NA,NA,954,4650,NA,NA,TRUE,936,936,1377,"Cajamadrid","Cajamadrid","CJM",943,722,"Real Madrid","Real Madrid","RMB",1,67,12000,1,6,16.67,27,51,52.94,10,16,62.5,24,13,37,11,14,18,0,8,0,0,29,0,55,0,0,1,0,0,67,85,0,NA,0,0,0,0,0,0,0
1638916,1,"Liga Nacional","Liga Endesa",-402534000,NA,"https://www.acb.com/Documentos/Cabeceras/logo-competicion-1b.png","https://www.acb.com/Documentos/Cabeceras/logo-competicion-4a.png",49,1984,107,NA,NA,954,4651,NA,NA,TRUE,942,942,590,"Ron Negrita Joventut","Joventut","JOV",944,1667,"Clesa Ferrol","Clesa Ferrol","FER",1,92,12000,2,5,40,39,67,58.21,8,10,80,24,15,39,8,14,17,0,6,0,0,24,0,85,0,0,0,1,0,92,86,0,NA,0,0,0,0,0,0,0
1638917,1,"Liga Nacional","Liga Endesa",-402534000,NA,"https://www.acb.com/Documentos/Cabeceras/logo-competicion-1b.png","https://www.acb.com/Documentos/Cabeceras/logo-competicion-4a.png",49,1984,107,NA,NA,954,4651,NA,NA,FALSE,944,942,590,"Ron Negrita Joventut","Joventut","JOV",944,1667,"Clesa Ferrol","Clesa Ferrol","FER",1,86,12000,2,9,22.22,32,55,58.18,16,20,80,23,15,38,10,14,17,0,9,0,0,27,0,79,0,0,1,0,0,86,92,0,NA,0,0,0,0,0,0,0
1638934,1,"Liga Nacional","Liga Endesa",-402534000,NA,"https://www.acb.com/Documentos/Cabeceras/logo-competicion-1b.png","https://www.acb.com/Documentos/Cabeceras/logo-competicion-4a.png",49,1984,107,NA,NA,954,4652,NA,NA,TRUE,934,934,186,"Caja Álava","Caja Álava","BAS",935,1336,"Breogán Caixa Galicia","Breogán","BRE",1,80,12000,2,5,40,30,57,52.63,14,18,77.78,24,15,39,8,13,20,0,7,0,0,20,0,73,0,0,1,0,0,80,85,0,NA,0,0,0,0,0,0,0
1638935,1,"Liga Nacional","Liga Endesa",-402534000,NA,"https://www.acb.com/Documentos/Cabeceras/logo-competicion-1b.png","https://www.acb.com/Documentos/Cabeceras/logo-competicion-4a.png",49,1984,107,NA,NA,954,4652,NA,NA,FALSE,935,934,186,"Caja Álava","Caja Álava","BAS",935,1336,"Breogán Caixa Galicia","Breogán","BRE",1,85,12000,2,6,33.33,33,65,50.77,13,18,72.22,22,14,36,6,11,13,0,5,0,0,20,0,69,0,0,0,1,0,85,80,0,NA,0,0,0,0,0,0,0
1638955,1,"Liga Nacional","Liga Endesa",-402534000,NA,"https://www.acb.com/Documentos/Cabeceras/logo-competicion-1b.png","https://www.acb.com/Documentos/Cabeceras/logo-competicion-4a.png",49,1984,107,NA,NA,954,4653,NA,NA,TRUE,940,940,431,"Estudiantes Caja Postal","Estudiantes CP","EST",937,1381,"Lucky Canarias","Lucky Canarias","CAN",1,88,12000,1,5,20,36,75,48,13,24,54.17,24,16,40,10,15,17,0,7,0,0,31,0,58,0,0,0,1,0,88,80,0,NA,0,0,0,0,0,0,0
1638956,1,"Liga Nacional","Liga Endesa",-402534000,NA,"https://www.acb.com/Documentos/Cabeceras/logo-competicion-1b.png","https://www.acb.com/Documentos/Cabeceras/logo-competicion-4a.png",49,1984,107,NA,NA,954,4653,NA,NA,FALSE,937,940,431,"Estudiantes Caja Postal","Estudiantes CP","EST",937,1381,"Lucky Canarias","Lucky Canarias","CAN",1,80,12000,3,7,42.86,30,62,48.39,11,16,68.75,22,14,36,11,16,17,0,10,0,0,26,0,69,0,0,1,0,0,80,88,0,NA,0,0,0,0,0,0,0
1638975,1,"Liga Nacional","Liga Endesa",-402534000,NA,"https://www.acb.com/Documentos/Cabeceras/logo-competicion-1b.png","https://www.acb.com/Documentos/Cabeceras/logo-competicion-4a.png",49,1984,107,NA,NA,954,4654,NA,NA,FALSE,945,947,1866,"Collado Villalba","Coll. Villalba","VIL",945,1027,"Caja de Ronda","Caja de Ronda","RON",1,83,12000,1,3,33.33,33,57,57.89,14,17,82.35,21,11,32,7,11,17,0,7,0,0,25,0,69,0,0,0,1,0,83,82,0,NA,0,0,0,0,0,0,0
1638974,1,"Liga Nacional","Liga Endesa",-402534000,NA,"https://www.acb.com/Documentos/Cabeceras/logo-competicion-1b.png","https://www.acb.com/Documentos/Cabeceras/logo-competicion-4a.png",49,1984,107,NA,NA,954,4654,NA,NA,TRUE,947,947,1866,"Collado Villalba","Coll. Villalba","VIL",945,1027,"Caja de Ronda","Caja de Ronda","RON",1,82,12000,2,6,33.33,33,70,47.14,10,18,55.56,22,16,38,7,15,14,0,9,0,0,31,0,57,0,0,1,0,0,82,83,0,NA,0,0,0,0,0,0,0
1638992,1,"Liga Nacional","Liga Endesa",-402534000,NA,"https://www.acb.com/Documentos/Cabeceras/logo-competicion-1b.png","https://www.acb.com/Documentos/Cabeceras/logo-competicion-4a.png",49,1984,107,NA,NA,954,4655,NA,NA,TRUE,938,938,1428,"Licor 43","Licor 43","CCA",946,1817,"Fórum Valladolid","Fórum Vall.","FOR",1,82,12000,2,5,40,31,57,54.39,14,17,82.35,21,9,30,6,16,13,0,6,0,0,24,0,71,0,0,1,0,0,82,87,0,NA,0,0,0,0,0,0,0
1638993,1,"Liga Nacional","Liga Endesa",-402534000,NA,"https://www.acb.com/Documentos/Cabeceras/logo-competicion-1b.png","https://www.acb.com/Documentos/Cabeceras/logo-competicion-4a.png",49,1984,107,NA,NA,954,4655,NA,NA,FALSE,946,938,1428,"Licor 43","Licor 43","CCA",946,1817,"Fórum Valladolid","Fórum Vall.","FOR",1,87,12000,1,2,50,37,66,56.06,10,18,55.56,24,13,37,9,11,17,0,6,0,0,22,0,73,0,0,0,1,0,87,82,0,NA,0,0,0,0,0,0,0
1639032,1,"Liga Nacional","Liga Endesa",-402534000,NA,"https://www.acb.com/Documentos/Cabeceras/logo-competicion-1b.png","https://www.acb.com/Documentos/Cabeceras/logo-competicion-4a.png",49,1984,107,NA,NA,954,4657,NA,NA,TRUE,941,941,1487,"Cacaolat Granollers","C. Granollers","GRN",948,1884,"CAI Zaragoza","CAI Zaragoza","CBZ",1,70,12000,0,4,0,29,61,47,12,14,85,24,11,35,8,12,15,0,9,0,0,24,0,57,0,0,9,0,0,630,648,0,0,0,0,0,0,0,0,0
1639033,1,"Liga Nacional","Liga Endesa",-402534000,NA,"https://www.acb.com/Documentos/Cabeceras/logo-competicion-1b.png","https://www.acb.com/Documentos/Cabeceras/logo-competicion-4a.png",49,1984,107,NA,NA,954,4657,NA,NA,FALSE,948,941,1487,"Cacaolat Granollers","C. Granollers","GRN",948,1884,"CAI Zaragoza","CAI Zaragoza","CBZ",1,72,12000,3,7,42.86,28,58,48.28,7,9,77.78,24,15,39,6,12,17,0,7,0,0,23,0,60,0,0,0,1,0,72,70,0,NA,0,0,0,0,0,0,0
1639053,1,"Liga Nacional","Liga Endesa",-402534000,NA,"https://www.acb.com/Documentos/Cabeceras/logo-competicion-1b.png","https://www.acb.com/Documentos/Cabeceras/logo-competicion-4a.png",49,1984,107,NA,NA,955,4658,NA,NA,TRUE,937,937,1381,"Lucky Canarias","Lucky Canarias","CAN",936,1377,"Cajamadrid","Cajamadrid","CJM",1,75,12000,4,8,50,26,52,50,11,17,64.71,22,14,36,11,16,16,0,9,0,0,26,0,69,0,0,1,0,0,75,92,0,NA,0,0,0,0,0,0,0
1639054,1,"Liga Nacional","Liga Endesa",-402534000,NA,"https://www.acb.com/Documentos/Cabeceras/logo-competicion-1b.png","https://www.acb.com/Documentos/Cabeceras/logo-competicion-4a.png",49,1984,107,NA,NA,955,4658,NA,NA,FALSE,936,937,1381,"Lucky Canarias","Lucky Canarias","CAN",936,1377,"Cajamadrid","Cajamadrid","CJM",1,92,12000,1,7,14.29,37,62,59.68,15,22,68.18,22,13,35,10,12,18,0,7,0,0,28,0,72,0,0,0,1,0,92,75,0,NA,0,0,0,0,0,0,0
1639074,1,"Liga Nacional","Liga Endesa",-402534000,NA,"https://www.acb.com/Documentos/Cabeceras/logo-competicion-1b.png","https://www.acb.com/Documentos/Cabeceras/logo-competicion-4a.png",49,1984,107,NA,NA,955,4659,NA,NA,FALSE,940,935,1336,"Breogán Caixa Galicia","Breogán","BRE",940,431,"Estudiantes Caja Postal","Estudiantes CP","EST",1,105,13500,4,7,57.14,40,75,53.33,13,16,81.25,22,15,37,8,12,13,0,4,0,0,27,0,85,0,0,1,0,0,105,108,0,NA,0,0,0,0,0,0,0
1639073,1,"Liga Nacional","Liga Endesa",-402534000,NA,"https://www.acb.com/Documentos/Cabeceras/logo-competicion-1b.png","https://www.acb.com/Documentos/Cabeceras/logo-competicion-4a.png",49,1984,107,NA,NA,955,4659,NA,NA,TRUE,935,935,1336,"Breogán Caixa Galicia","Breogán","BRE",940,431,"Estudiantes Caja Postal","Estudiantes CP","EST",1,108,13500,1,3,33.33,42,81,51.85,21,32,65.62,24,15,39,8,12,16,0,6,0,0,23,0,82,0,0,0,1,0,108,105,0,NA,0,0,0,0,0,0,0
1639092,1,"Liga Nacional","Liga Endesa",-402534000,NA,"https://www.acb.com/Documentos/Cabeceras/logo-competicion-1b.png","https://www.acb.com/Documentos/Cabeceras/logo-competicion-4a.png",49,1984,107,NA,NA,955,4660,NA,NA,TRUE,944,944,1667,"Clesa Ferrol","Clesa Ferrol","FER",934,186,"Caja Álava","Caja Álava","BAS",1,89,12000,2,9,22.22,36,63,57.14,11,12,91.67,22,13,35,9,13,16,0,7,0,0,25,0,77,0,0,0,1,0,89,81,0,NA,0,0,0,0,0,0,0
1639093,1,"Liga Nacional","Liga Endesa",-402534000,NA,"https://www.acb.com/Documentos/Cabeceras/logo-competicion-1b.png","https://www.acb.com/Documentos/Cabeceras/logo-competicion-4a.png",49,1984,107,NA,NA,955,4660,NA,NA,FALSE,934,944,1667,"Clesa Ferrol","Clesa Ferrol","FER",934,186,"Caja Álava","Caja Álava","BAS",1,81,12000,0,1,0,34,64,53.12,13,18,72.22,22,13,35,7,10,19,0,5,0,0,19,0,64,0,0,1,0,0,81,89,0,NA,0,0,0,0,0,0,0
1639114,1,"Liga Nacional","Liga Endesa",-402534000,NA,"https://www.acb.com/Documentos/Cabeceras/logo-competicion-1b.png","https://www.acb.com/Documentos/Cabeceras/logo-competicion-4a.png",49,1984,107,NA,NA,955,4661,NA,NA,FALSE,942,943,722,"Real Madrid","Real Madrid","RMB",942,590,"Ron Negrita Joventut","Joventut","JOV",1,87,12000,2,7,28.57,35,59,59.32,11,12,91.67,26,15,41,10,15,19,0,6,0,0,26,0,84,0,0,0,1,0,87,82,0,NA,0,0,0,0,0,0,0
1639113,1,"Liga Nacional","Liga Endesa",-402534000,NA,"https://www.acb.com/Documentos/Cabeceras/logo-competicion-1b.png","https://www.acb.com/Documentos/Cabeceras/logo-competicion-4a.png",49,1984,107,NA,NA,955,4661,NA,NA,TRUE,943,943,722,"Real Madrid","Real Madrid","RMB",942,590,"Ron Negrita Joventut","Joventut","JOV",1,82,12000,1,5,20,36,63,57.14,7,10,70,25,13,38,9,16,18,0,8,0,0,25,0,76,0,0,1,0,0,82,87,0,NA,0,0,0,0,0,0,0
1639135,1,"Liga Nacional","Liga Endesa",-402534000,NA,"https://www.acb.com/Documentos/Cabeceras/logo-competicion-1b.png","https://www.acb.com/Documentos/Cabeceras/logo-competicion-4a.png",49,1984,107,NA,NA,955,4662,NA,NA,FALSE,947,948,1884,"CAI Zaragoza","CAI Zaragoza","CBZ",947,1866,"Collado Villalba","Coll. Villalba","VIL",1,63,12000,2,5,40,24,52,46.15,9,10,90,19,15,34,5,14,12,0,5,0,0,26,0,51,0,0,1,0,0,63,100,0,NA,0,0,0,0,0,0,0
1639134,1,"Liga Nacional","Liga Endesa",-402534000,NA,"https://www.acb.com/Documentos/Cabeceras/logo-competicion-1b.png","https://www.acb.com/Documentos/Cabeceras/logo-competicion-4a.png",49,1984,107,NA,NA,955,4662,NA,NA,TRUE,948,948,1884,"CAI Zaragoza","CAI Zaragoza","CBZ",947,1866,"Collado Villalba","Coll. Villalba","VIL",1,100,12000,4,11,36.36,39,74,52.7,10,13,76.92,26,17,43,8,13,20,0,7,0,0,27,0,79,0,0,0,1,0,100,63,0,NA,0,0,0,0,0,0,0
1639153,1,"Liga Nacional","Liga Endesa",-402534000,NA,"https://www.acb.com/Documentos/Cabeceras/logo-competicion-1b.png","https://www.acb.com/Documentos/Cabeceras/logo-competicion-4a.png",49,1984,107,NA,NA,955,4663,NA,NA,TRUE,939,939,1438,"Español","Español","ESP",941,1487,"Cacaolat Granollers","C. Granollers","GRN",1,79,13500,2,7,28.57,32,59,54.24,9,14,64.29,22,13,35,10,15,20,0,6,0,0,24,0,64,0,0,0,1,0,79,76,0,NA,0,0,0,0,0,0,0
1639154,1,"Liga Nacional","Liga Endesa",-402534000,NA,"https://www.acb.com/Documentos/Cabeceras/logo-competicion-1b.png","https://www.acb.com/Documentos/Cabeceras/logo-competicion-4a.png",49,1984,107,NA,NA,955,4663,NA,NA,FALSE,941,939,1438,"Español","Español","ESP",941,1487,"Cacaolat Granollers","C. Granollers","GRN",1,76,13500,1,6,16.67,33,61,54.1,7,10,70,23,9,32,7,9,14,0,7,0,0,21,0,60,0,0,1,0,0,76,79,0,NA,0,0,0,0,0,0,0
1639172,1,"Liga Nacional","Liga Endesa",-402534000,NA,"https://www.acb.com/Documentos/Cabeceras/logo-competicion-1b.png","https://www.acb.com/Documentos/Cabeceras/logo-competicion-4a.png",49,1984,107,NA,NA,955,4664,NA,NA,TRUE,946,946,1817,"Fórum Valladolid","Fórum Vall.","FOR",933,65,"FC Barcelona","FC Barcelona","FCB",1,95,12000,2,4,50,36,64,56.25,17,24,70.83,23,13,36,9,11,16,0,5,0,0,22,0,81,0,0,0,1,0,95,92,0,NA,0,0,0,0,0,0,0
1639173,1,"Liga Nacional","Liga Endesa",-402534000,NA,"https://www.acb.com/Documentos/Cabeceras/logo-competicion-1b.png","https://www.acb.com/Documentos/Cabeceras/logo-competicion-4a.png",49,1984,107,NA,NA,955,4664,NA,NA,FALSE,933,946,1817,"Fórum Valladolid","Fórum Vall.","FOR",933,65,"FC Barcelona","FC Barcelona","FCB",1,92,12000,1,2,50,34,61,55.74,21,25,84,25,11,36,8,16,18,0,5,0,0,26,0,81,0,0,1,0,0,92,95,0,NA,0,0,0,0,0,0,0
1639191,1,"Liga Nacional","Liga Endesa",-402534000,NA,"https://www.acb.com/Documentos/Cabeceras/logo-competicion-1b.png","https://www.acb.com/Documentos/Cabeceras/logo-competicion-4a.png",49,1984,107,NA,NA,955,4665,NA,NA,TRUE,945,945,1027,"Caja de Ronda","Caja de Ronda","RON",938,1428,"Licor 43","Licor 43","CCA",1,86,12000,3,6,50,34,56,60.71,9,12,75,22,12,34,8,12,19,0,5,0,0,27,0,71,0,0,0,1,0,86,78,0,NA,0,0,0,0,0,0,0
1639192,1,"Liga Nacional","Liga Endesa",-402534000,NA,"https://www.acb.com/Documentos/Cabeceras/logo-competicion-1b.png","https://www.acb.com/Documentos/Cabeceras/logo-competicion-4a.png",49,1984,107,NA,NA,955,4665,NA,NA,FALSE,938,945,1027,"Caja de Ronda","Caja de Ronda","RON",938,1428,"Licor 43","Licor 43","CCA",1,78,12000,4,9,44.44,27,46,58.7,12,17,70.59,22,10,32,7,16,14,0,6,0,0,25,0,71,0,0,1,0,0,78,86,0,NA,0,0,0,0,0,0,0
1639215,1,"Liga Nacional","Liga Endesa",-402534000,NA,"https://www.acb.com/Documentos/Cabeceras/logo-competicion-1b.png","https://www.acb.com/Documentos/Cabeceras/logo-competicion-4a.png",49,1984,107,NA,NA,956,4666,NA,NA,FALSE,942,936,1377,"Cajamadrid","Cajamadrid","CJM",942,590,"Ron Negrita Joventut","Joventut","JOV",1,114,12000,1,6,16.67,45,82,54.88,21,25,84,26,14,40,10,16,19,0,5,0,0,27,0,93,0,0,0,1,0,114,79,0,NA,0,0,0,0,0,0,0
1639214,1,"Liga Nacional","Liga Endesa",-402534000,NA,"https://www.acb.com/Documentos/Cabeceras/logo-competicion-1b.png","https://www.acb.com/Documentos/Cabeceras/logo-competicion-4a.png",49,1984,107,NA,NA,956,4666,NA,NA,TRUE,936,936,1377,"Cajamadrid","Cajamadrid","CJM",942,590,"Ron Negrita Joventut","Joventut","JOV",1,79,12000,1,3,33.33,35,64,54.69,6,13,46.15,22,12,34,10,12,17,0,7,0,0,28,0,59,0,0,1,0,0,79,114,0,NA,0,0,0,0,0,0,0
1639237,1,"Liga Nacional","Liga Endesa",-402534000,NA,"https://www.acb.com/Documentos/Cabeceras/logo-competicion-1b.png","https://www.acb.com/Documentos/Cabeceras/logo-competicion-4a.png",49,1984,107,NA,NA,956,4667,NA,NA,FALSE,943,934,186,"Caja Álava","Caja Álava","BAS",943,722,"Real Madrid","Real Madrid","RMB",1,120,12000,1,4,25,51,80,63.75,15,20,75,26,15,41,10,18,19,0,9,0,0,29,0,113,0,0,0,1,0,120,91,0,NA,0,0,0,0,0,0,0
1639236,1,"Liga Nacional","Liga Endesa",-402534000,NA,"https://www.acb.com/Documentos/Cabeceras/logo-competicion-1b.png","https://www.acb.com/Documentos/Cabeceras/logo-competicion-4a.png",49,1984,107,NA,NA,956,4667,NA,NA,TRUE,934,934,186,"Caja Álava","Caja Álava","BAS",943,722,"Real Madrid","Real Madrid","RMB",1,91,12000,1,2,50,36,67,53.73,16,25,64,23,13,36,8,11,19,0,3,0,0,19,0,70,0,0,1,0,0,91,120,0,NA,0,0,0,0,0,0,0
1639257,1,"Liga Nacional","Liga Endesa",-402534000,NA,"https://www.acb.com/Documentos/Cabeceras/logo-competicion-1b.png","https://www.acb.com/Documentos/Cabeceras/logo-competicion-4a.png",49,1984,107,NA,NA,956,4668,NA,NA,FALSE,944,940,431,"Estudiantes Caja Postal","Estudiantes CP","EST",944,1667,"Clesa Ferrol","Clesa Ferrol","FER",1,77,12000,2,5,40,30,53,56.6,11,13,84.62,21,13,34,8,11,14,0,6,0,0,23,0,71,0,0,1,0,0,77,78,0,NA,0,0,0,0,0,0,0
1639256,1,"Liga Nacional","Liga Endesa",-402534000,NA,"https://www.acb.com/Documentos/Cabeceras/logo-competicion-1b.png","https://www.acb.com/Documentos/Cabeceras/logo-competicion-4a.png",49,1984,107,NA,NA,956,4668,NA,NA,TRUE,940,940,431,"Estudiantes Caja Postal","Estudiantes CP","EST",944,1667,"Clesa Ferrol","Clesa Ferrol","FER",1,78,12000,2,4,50,31,67,46.27,10,12,83.33,22,13,35,6,12,12,0,2,0,0,27,0,54,0,0,0,1,0,78,77,0,NA,0,0,0,0,0,0,0
1639277,1,"Liga Nacional","Liga Endesa",-402534000,NA,"https://www.acb.com/Documentos/Cabeceras/logo-competicion-1b.png","https://www.acb.com/Documentos/Cabeceras/logo-competicion-4a.png",49,1984,107,NA,NA,956,4669,NA,NA,TRUE,937,937,1381,"Lucky Canarias","Lucky Canarias","CAN",935,1336,"Breogán Caixa Galicia","Breogán","BRE",1,80,12000,5,8,62.5,26,55,47.27,13,21,61.9,22,14,36,11,15,16,0,7,0,0,26,0,67,0,0,0,1,0,80,75,0,NA,0,0,0,0,0,0,0
1639278,1,"Liga Nacional","Liga Endesa",-402534000,NA,"https://www.acb.com/Documentos/Cabeceras/logo-competicion-1b.png","https://www.acb.com/Documentos/Cabeceras/logo-competicion-4a.png",49,1984,107,NA,NA,956,4669,NA,NA,FALSE,935,937,1381,"Lucky Canarias","Lucky Canarias","CAN",935,1336,"Breogán Caixa Galicia","Breogán","BRE",1,75,12000,1,3,33.33,31,62,50,10,16,62.5,24,15,39,7,12,15,0,5,0,0,22,0,62,0,0,1,0,0,75,80,0,NA,0,0,0,0,0,0,0
1639296,1,"Liga Nacional","Liga Endesa",-402534000,NA,"https://www.acb.com/Documentos/Cabeceras/logo-competicion-1b.png","https://www.acb.com/Documentos/Cabeceras/logo-competicion-4a.png",49,1984,107,NA,NA,956,4670,NA,NA,TRUE,947,947,1866,"Collado Villalba","Coll. Villalba","VIL",938,1428,"Licor 43","Licor 43","CCA",1,94,12000,1,5,20,40,84,47.62,11,14,78.57,21,16,37,6,15,14,0,5,0,0,30,0,62,0,0,0,1,0,94,82,0,NA,0,0,0,0,0,0,0
1639297,1,"Liga Nacional","Liga Endesa",-402534000,NA,"https://www.acb.com/Documentos/Cabeceras/logo-competicion-1b.png","https://www.acb.com/Documentos/Cabeceras/logo-competicion-4a.png",49,1984,107,NA,NA,956,4670,NA,NA,FALSE,938,947,1866,"Collado Villalba","Coll. Villalba","VIL",938,1428,"Licor 43","Licor 43","CCA",1,82,12000,5,9,55.56,29,50,58,9,11,81.82,22,10,32,7,16,13,0,5,0,0,25,0,77,0,0,1,0,0,82,94,0,NA,0,0,0,0,0,0,0
1639315,1,"Liga Nacional","Liga Endesa",-402534000,NA,"https://www.acb.com/Documentos/Cabeceras/logo-competicion-1b.png","https://www.acb.com/Documentos/Cabeceras/logo-competicion-4a.png",49,1984,107,NA,NA,956,4671,NA,NA,TRUE,933,933,65,"FC Barcelona","FC Barcelona","FCB",945,1027,"Caja de Ronda","Caja de Ronda","RON",1,95,12000,2,6,33.33,38,66,57.58,13,21,61.9,23,7,30,6,14,16,0,3,0,0,22,0,70,0,0,0,1,0,95,88,0,NA,0,0,0,0,0,0,0
1639316,1,"Liga Nacional","Liga Endesa",-402534000,NA,"https://www.acb.com/Documentos/Cabeceras/logo-competicion-1b.png","https://www.acb.com/Documentos/Cabeceras/logo-competicion-4a.png",49,1984,107,NA,NA,956,4671,NA,NA,FALSE,945,933,65,"FC Barcelona","FC Barcelona","FCB",945,1027,"Caja de Ronda","Caja de Ronda","RON",1,88,12000,2,5,40,36,65,55.38,10,13,76.92,22,12,34,7,10,18,0,5,0,0,27,0,64,0,0,1,0,0,88,95,0,NA,0,0,0,0,0,0,0
1639336,1,"Liga Nacional","Liga Endesa",-402534000,NA,"https://www.acb.com/Documentos/Cabeceras/logo-competicion-1b.png","https://www.acb.com/Documentos/Cabeceras/logo-competicion-4a.png",49,1984,107,NA,NA,956,4672,NA,NA,FALSE,946,941,1487,"Cacaolat Granollers","C. Granollers","GRN",946,1817,"Fórum Valladolid","Fórum Vall.","FOR",1,84,12000,2,4,50,31,56,55.36,16,19,84.21,25,15,40,9,12,17,0,6,0,0,25,0,79,0,0,0,1,0,84,82,0,NA,0,0,0,0,0,0,0
1639335,1,"Liga Nacional","Liga Endesa",-402534000,NA,"https://www.acb.com/Documentos/Cabeceras/logo-competicion-1b.png","https://www.acb.com/Documentos/Cabeceras/logo-competicion-4a.png",49,1984,107,NA,NA,956,4672,NA,NA,TRUE,941,941,1487,"Cacaolat Granollers","C. Granollers","GRN",946,1817,"Fórum Valladolid","Fórum Vall.","FOR",1,82,12000,2,5,40,33,69,47.83,10,12,83.33,24,10,34,5,8,14,0,6,0,0,23,0,57,0,0,1,0,0,82,84,0,NA,0,0,0,0,0,0,0
1639354,1,"Liga Nacional","Liga Endesa",-402534000,NA,"https://www.acb.com/Documentos/Cabeceras/logo-competicion-1b.png","https://www.acb.com/Documentos/Cabeceras/logo-competicion-4a.png",49,1984,107,NA,NA,956,4673,NA,NA,TRUE,948,948,1884,"CAI Zaragoza","CAI Zaragoza","CBZ",939,1438,"Español","Español","ESP",1,81,12000,2,5,40,30,62,48.39,15,20,75,23,13,36,6,11,17,0,6,0,0,22,0,61,0,0,0,1,0,81,73,0,NA,0,0,0,0,0,0,0
1639355,1,"Liga Nacional","Liga Endesa",-402534000,NA,"https://www.acb.com/Documentos/Cabeceras/logo-competicion-1b.png","https://www.acb.com/Documentos/Cabeceras/logo-competicion-4a.png",49,1984,107,NA,NA,956,4673,NA,NA,FALSE,939,948,1884,"CAI Zaragoza","CAI Zaragoza","CBZ",939,1438,"Español","Español","ESP",1,73,12000,2,7,28.57,29,53,54.72,9,12,75,22,13,35,10,14,20,0,6,0,0,24,0,62,0,0,1,0,0,73,81,0,NA,0,0,0,0,0,0,0
1639374,1,"Liga Nacional","Liga Endesa",-402534000,NA,"https://www.acb.com/Documentos/Cabeceras/logo-competicion-1b.png","https://www.acb.com/Documentos/Cabeceras/logo-competicion-4a.png",49,1984,107,NA,NA,957,4674,NA,NA,FALSE,936,935,1336,"Breogán Caixa Galicia","Breogán","BRE",936,1377,"Cajamadrid","Cajamadrid","CJM",1,97,12000,1,3,33.33,40,68,58.82,14,19,73.68,19,10,29,9,10,15,0,4,0,0,22,0,77,0,0,1,0,0,97,100,0,NA,0,0,0,0,0,0,0
1639373,1,"Liga Nacional","Liga Endesa",-402534000,NA,"https://www.acb.com/Documentos/Cabeceras/logo-competicion-1b.png","https://www.acb.com/Documentos/Cabeceras/logo-competicion-4a.png",49,1984,107,NA,NA,957,4674,NA,NA,TRUE,935,935,1336,"Breogán Caixa Galicia","Breogán","BRE",936,1377,"Cajamadrid","Cajamadrid","CJM",1,100,12000,4,9,44.44,37,76,48.68,14,21,66.67,25,15,40,8,12,13,0,5,0,0,23,0,78,0,0,0,1,0,100,97,0,NA,0,0,0,0,0,0,0
1639394,1,"Liga Nacional","Liga Endesa",-402534000,NA,"https://www.acb.com/Documentos/Cabeceras/logo-competicion-1b.png","https://www.acb.com/Documentos/Cabeceras/logo-competicion-4a.png",49,1984,107,NA,NA,957,4675,NA,NA,TRUE,944,944,1667,"Clesa Ferrol","Clesa Ferrol","FER",937,1381,"Lucky Canarias","Lucky Canarias","CAN",1,79,12000,3,11,27.27,29,53,54.72,12,16,75,23,13,36,7,14,16,0,5,0,0,27,0,62,0,0,0,1,0,79,73,0,NA,0,0,0,0,0,0,0
1639395,1,"Liga Nacional","Liga Endesa",-402534000,NA,"https://www.acb.com/Documentos/Cabeceras/logo-competicion-1b.png","https://www.acb.com/Documentos/Cabeceras/logo-competicion-4a.png",49,1984,107,NA,NA,957,4675,NA,NA,FALSE,937,944,1667,"Clesa Ferrol","Clesa Ferrol","FER",937,1381,"Lucky Canarias","Lucky Canarias","CAN",1,73,12000,1,4,25,29,60,48.33,12,20,60,22,14,36,10,15,16,0,6,0,0,26,0,56,0,0,1,0,0,73,79,0,NA,0,0,0,0,0,0,0
1639416,1,"Liga Nacional","Liga Endesa",-402534000,NA,"https://www.acb.com/Documentos/Cabeceras/logo-competicion-1b.png","https://www.acb.com/Documentos/Cabeceras/logo-competicion-4a.png",49,1984,107,NA,NA,957,4676,NA,NA,FALSE,940,943,722,"Real Madrid","Real Madrid","RMB",940,431,"Estudiantes Caja Postal","Estudiantes CP","EST",1,86,12000,1,5,20,36,72,50,11,14,78.57,21,15,36,8,14,13,0,4,0,0,30,0,62,0,0,1,0,0,86,98,0,NA,0,0,0,0,0,0,0
1639415,1,"Liga Nacional","Liga Endesa",-402534000,NA,"https://www.acb.com/Documentos/Cabeceras/logo-competicion-1b.png","https://www.acb.com/Documentos/Cabeceras/logo-competicion-4a.png",49,1984,107,NA,NA,957,4676,NA,NA,TRUE,943,943,722,"Real Madrid","Real Madrid","RMB",940,431,"Estudiantes Caja Postal","Estudiantes CP","EST",1,98,12000,1,3,33.33,42,71,59.15,11,14,78.57,25,14,39,9,16,16,0,9,0,0,25,0,96,0,0,0,1,0,98,86,0,NA,0,0,0,0,0,0,0
1639435,1,"Liga Nacional","Liga Endesa",-402534000,NA,"https://www.acb.com/Documentos/Cabeceras/logo-competicion-1b.png","https://www.acb.com/Documentos/Cabeceras/logo-competicion-4a.png",49,1984,107,NA,NA,957,4677,NA,NA,TRUE,942,942,590,"Ron Negrita Joventut","Joventut","JOV",934,186,"Caja Álava","Caja Álava","BAS",1,106,12000,2,7,28.57,45,85,52.94,10,18,55.56,25,14,39,8,15,18,0,5,0,0,26,0,76,0,0,0,1,0,106,90,0,NA,0,0,0,0,0,0,0
1639436,1,"Liga Nacional","Liga Endesa",-402534000,NA,"https://www.acb.com/Documentos/Cabeceras/logo-competicion-1b.png","https://www.acb.com/Documentos/Cabeceras/logo-competicion-4a.png",49,1984,107,NA,NA,957,4677,NA,NA,FALSE,934,942,590,"Ron Negrita Joventut","Joventut","JOV",934,186,"Caja Álava","Caja Álava","BAS",1,90,12000,0,3,0,36,65,55.38,18,23,78.26,22,11,33,6,11,16,0,4,0,0,19,0,72,0,0,1,0,0,90,106,0,NA,0,0,0,0,0,0,0
1639453,1,"Liga Nacional","Liga Endesa",-402534000,NA,"https://www.acb.com/Documentos/Cabeceras/logo-competicion-1b.png","https://www.acb.com/Documentos/Cabeceras/logo-competicion-4a.png",49,1984,107,NA,NA,957,4678,NA,NA,TRUE,939,939,1438,"Español","Español","ESP",947,1866,"Collado Villalba","Coll. Villalba","VIL",1,96,12000,2,7,28.57,39,66,59.09,12,19,63.16,18,10,28,5,10,14,0,4,0,0,17,0,73,0,0,0,1,0,96,84,0,NA,0,0,0,0,0,0,0
1639454,1,"Liga Nacional","Liga Endesa",-402534000,NA,"https://www.acb.com/Documentos/Cabeceras/logo-competicion-1b.png","https://www.acb.com/Documentos/Cabeceras/logo-competicion-4a.png",49,1984,107,NA,NA,957,4678,NA,NA,FALSE,947,939,1438,"Español","Español","ESP",947,1866,"Collado Villalba","Coll. Villalba","VIL",1,84,12000,2,8,25,34,76,44.74,10,14,71.43,22,16,38,7,17,15,0,6,0,0,33,0,52,0,0,1,0,0,84,96,0,NA,0,0,0,0,0,0,0
1639473,1,"Liga Nacional","Liga Endesa",-402534000,NA,"https://www.acb.com/Documentos/Cabeceras/logo-competicion-1b.png","https://www.acb.com/Documentos/Cabeceras/logo-competicion-4a.png",49,1984,107,NA,NA,957,4679,NA,NA,FALSE,948,946,1817,"Fórum Valladolid","Fórum Vall.","FOR",948,1884,"CAI Zaragoza","CAI Zaragoza","CBZ",1,78,12000,3,7,42.86,29,57,50.88,11,17,64.71,23,12,35,6,10,17,0,6,0,0,22,0,58,0,0,1,0,0,78,87,0,NA,0,0,0,0,0,0,0
1639472,1,"Liga Nacional","Liga Endesa",-402534000,NA,"https://www.acb.com/Documentos/Cabeceras/logo-competicion-1b.png","https://www.acb.com/Documentos/Cabeceras/logo-competicion-4a.png",49,1984,107,NA,NA,957,4679,NA,NA,TRUE,946,946,1817,"Fórum Valladolid","Fórum Vall.","FOR",948,1884,"CAI Zaragoza","CAI Zaragoza","CBZ",1,87,12000,2,4,50,35,58,60.34,11,13,84.62,25,15,40,9,12,17,0,6,0,0,25,0,85,0,0,0,1,0,87,78,0,NA,0,0,0,0,0,0,0
1639492,1,"Liga Nacional","Liga Endesa",-402534000,NA,"https://www.acb.com/Documentos/Cabeceras/logo-competicion-1b.png","https://www.acb.com/Documentos/Cabeceras/logo-competicion-4a.png",49,1984,107,NA,NA,957,4680,NA,NA,FALSE,941,945,1027,"Caja de Ronda","Caja de Ronda","RON",941,1487,"Cacaolat Granollers","C. Granollers","GRN",1,82,12000,1,3,33.33,36,70,51.43,7,12,58.33,24,10,34,5,8,14,0,6,0,0,23,0,57,0,0,0,1,0,82,76,0,NA,0,0,0,0,0,0,0
1639491,1,"Liga Nacional","Liga Endesa",-402534000,NA,"https://www.acb.com/Documentos/Cabeceras/logo-competicion-1b.png","https://www.acb.com/Documentos/Cabeceras/logo-competicion-4a.png",49,1984,107,NA,NA,957,4680,NA,NA,TRUE,945,945,1027,"Caja de Ronda","Caja de Ronda","RON",941,1487,"Cacaolat Granollers","C. Granollers","GRN",1,76,12000,2,5,40,29,49,59.18,12,16,75,21,12,33,7,10,17,0,5,0,0,26,0,61,0,0,1,0,0,76,82,0,NA,0,0,0,0,0,0,0
1639510,1,"Liga Nacional","Liga Endesa",-402534000,NA,"https://www.acb.com/Documentos/Cabeceras/logo-competicion-1b.png","https://www.acb.com/Documentos/Cabeceras/logo-competicion-4a.png",49,1984,107,NA,NA,957,4681,NA,NA,TRUE,938,938,1428,"Licor 43","Licor 43","CCA",933,65,"FC Barcelona","FC Barcelona","FCB",1,101,12000,4,9,44.44,38,66,57.58,13,16,81.25,21,10,31,6,15,12,0,5,0,0,25,0,85,0,0,0,1,0,101,83,0,NA,0,0,0,0,0,0,0
1639511,1,"Liga Nacional","Liga Endesa",-402534000,NA,"https://www.acb.com/Documentos/Cabeceras/logo-competicion-1b.png","https://www.acb.com/Documentos/Cabeceras/logo-competicion-4a.png",49,1984,107,NA,NA,957,4681,NA,NA,FALSE,933,938,1428,"Licor 43","Licor 43","CCA",933,65,"FC Barcelona","FC Barcelona","FCB",1,83,12000,2,4,50,32,53,60.38,13,16,81.25,25,9,34,7,15,18,0,4,0,0,25,0,74,0,0,1,0,0,83,101,0,NA,0,0,0,0,0,0,0
1639529,1,"Liga Nacional","Liga Endesa",-402534000,NA,"https://www.acb.com/Documentos/Cabeceras/logo-competicion-1b.png","https://www.acb.com/Documentos/Cabeceras/logo-competicion-4a.png",49,1984,107,NA,NA,958,4682,NA,NA,FALSE,934,936,1377,"Cajamadrid","Cajamadrid","CJM",934,186,"Caja Álava","Caja Álava","BAS",1,99,12000,1,5,20,40,75,53.33,16,20,80,22,12,34,6,12,17,0,4,0,0,20,0,75,0,0,0,1,0,99,92,0,NA,0,0,0,0,0,0,0
1639528,1,"Liga Nacional","Liga Endesa",-402534000,NA,"https://www.acb.com/Documentos/Cabeceras/logo-competicion-1b.png","https://www.acb.com/Documentos/Cabeceras/logo-competicion-4a.png",49,1984,107,NA,NA,958,4682,NA,NA,TRUE,936,936,1377,"Cajamadrid","Cajamadrid","CJM",934,186,"Caja Álava","Caja Álava","BAS",1,92,12000,2,3,66.67,36,68,52.94,14,18,77.78,19,9,28,9,10,16,0,4,0,0,25,0,65,0,0,1,0,0,92,99,0,NA,0,0,0,0,0,0,0
1639547,1,"Liga Nacional","Liga Endesa",-402534000,NA,"https://www.acb.com/Documentos/Cabeceras/logo-competicion-1b.png","https://www.acb.com/Documentos/Cabeceras/logo-competicion-4a.png",49,1984,107,NA,NA,958,4683,NA,NA,TRUE,940,940,431,"Estudiantes Caja Postal","Estudiantes CP","EST",942,590,"Ron Negrita Joventut","Joventut","JOV",1,84,12000,2,5,40,32,65,49.23,14,21,66.67,18,13,31,7,12,11,0,3,0,0,25,0,58,0,0,0,1,0,84,78,0,NA,0,0,0,0,0,0,0
1639548,1,"Liga Nacional","Liga Endesa",-402534000,NA,"https://www.acb.com/Documentos/Cabeceras/logo-competicion-1b.png","https://www.acb.com/Documentos/Cabeceras/logo-competicion-4a.png",49,1984,107,NA,NA,958,4683,NA,NA,FALSE,942,940,431,"Estudiantes Caja Postal","Estudiantes CP","EST",942,590,"Ron Negrita Joventut","Joventut","JOV",1,78,12000,4,10,40,29,58,50,8,11,72.73,24,13,37,8,14,15,0,5,0,0,24,0,65,0,0,1,0,0,78,84,0,NA,0,0,0,0,0,0,0
1639570,1,"Liga Nacional","Liga Endesa",-402534000,NA,"https://www.acb.com/Documentos/Cabeceras/logo-competicion-1b.png","https://www.acb.com/Documentos/Cabeceras/logo-competicion-4a.png",49,1984,107,NA,NA,958,4684,NA,NA,FALSE,943,937,1381,"Lucky Canarias","Lucky Canarias","CAN",943,722,"Real Madrid","Real Madrid","RMB",1,101,12000,2,7,28.57,42,72,58.33,11,16,68.75,26,14,40,9,17,18,0,8,0,0,29,0,88,0,0,0,1,0,101,74,0,NA,0,0,0,0,0,0,0
1639569,1,"Liga Nacional","Liga Endesa",-402534000,NA,"https://www.acb.com/Documentos/Cabeceras/logo-competicion-1b.png","https://www.acb.com/Documentos/Cabeceras/logo-competicion-4a.png",49,1984,107,NA,NA,958,4684,NA,NA,TRUE,937,937,1381,"Lucky Canarias","Lucky Canarias","CAN",943,722,"Real Madrid","Real Madrid","RMB",1,74,12000,3,8,37.5,28,56,50,9,15,60,22,13,35,10,15,16,0,6,0,0,26,0,59,0,0,1,0,0,74,101,0,NA,0,0,0,0,0,0,0
1639588,1,"Liga Nacional","Liga Endesa",-402534000,NA,"https://www.acb.com/Documentos/Cabeceras/logo-competicion-1b.png","https://www.acb.com/Documentos/Cabeceras/logo-competicion-4a.png",49,1984,107,NA,NA,958,4685,NA,NA,TRUE,935,935,1336,"Breogán Caixa Galicia","Breogán","BRE",944,1667,"Clesa Ferrol","Clesa Ferrol","FER",1,77,12000,1,2,50,33,65,50.77,8,14,57.14,22,13,35,6,10,11,0,5,0,0,19,0,64,0,0,0,1,0,77,72,0,NA,0,0,0,0,0,0,0
1639589,1,"Liga Nacional","Liga Endesa",-402534000,NA,"https://www.acb.com/Documentos/Cabeceras/logo-competicion-1b.png","https://www.acb.com/Documentos/Cabeceras/logo-competicion-4a.png",49,1984,107,NA,NA,958,4685,NA,NA,FALSE,944,935,1336,"Breogán Caixa Galicia","Breogán","BRE",944,1667,"Clesa Ferrol","Clesa Ferrol","FER",1,72,12000,1,6,16.67,31,53,58.49,7,7,100,23,12,35,7,14,15,0,5,0,0,27,0,64,0,0,1,0,0,72,77,0,NA,0,0,0,0,0,0,0
1639605,1,"Liga Nacional","Liga Endesa",-402534000,NA,"https://www.acb.com/Documentos/Cabeceras/logo-competicion-1b.png","https://www.acb.com/Documentos/Cabeceras/logo-competicion-4a.png",49,1984,107,NA,NA,958,4686,NA,NA,TRUE,947,947,1866,"Collado Villalba","Coll. Villalba","VIL",933,65,"FC Barcelona","FC Barcelona","FCB",1,90,12000,3,7,42.86,36,75,48,9,12,75,18,12,30,6,13,11,0,5,0,0,25,0,62,0,0,1,0,0,90,101,0,NA,0,0,0,0,0,0,0
1639606,1,"Liga Nacional","Liga Endesa",-402534000,NA,"https://www.acb.com/Documentos/Cabeceras/logo-competicion-1b.png","https://www.acb.com/Documentos/Cabeceras/logo-competicion-4a.png",49,1984,107,NA,NA,958,4686,NA,NA,FALSE,933,947,1866,"Collado Villalba","Coll. Villalba","VIL",933,65,"FC Barcelona","FC Barcelona","FCB",1,101,12000,5,9,55.56,35,58,60.34,16,22,72.73,17,5,22,6,12,13,0,3,0,0,19,0,79,0,0,0,1,0,101,90,0,NA,0,0,0,0,0,0,0
1639627,1,"Liga Nacional","Liga Endesa",-402534000,NA,"https://www.acb.com/Documentos/Cabeceras/logo-competicion-1b.png","https://www.acb.com/Documentos/Cabeceras/logo-competicion-4a.png",49,1984,107,NA,NA,958,4687,NA,NA,TRUE,941,941,1487,"Cacaolat Granollers","C. Granollers","GRN",938,1428,"Licor 43","Licor 43","CCA",1,55,12000,1,4,25,22,44,50,8,10,80,23,10,33,4,8,14,0,5,0,0,26,0,38,0,0,1,0,0,55,88,0,NA,0,0,0,0,0,0,0
1639628,1,"Liga Nacional","Liga Endesa",-402534000,NA,"https://www.acb.com/Documentos/Cabeceras/logo-competicion-1b.png","https://www.acb.com/Documentos/Cabeceras/logo-competicion-4a.png",49,1984,107,NA,NA,958,4687,NA,NA,FALSE,938,941,1487,"Cacaolat Granollers","C. Granollers","GRN",938,1428,"Licor 43","Licor 43","CCA",1,88,12000,4,9,44.44,31,62,50,14,20,70,22,10,32,6,16,13,0,5,0,0,26,0,66,0,0,0,1,0,88,55,0,NA,0,0,0,0,0,0,0
1639645,1,"Liga Nacional","Liga Endesa",-402534000,NA,"https://www.acb.com/Documentos/Cabeceras/logo-competicion-1b.png","https://www.acb.com/Documentos/Cabeceras/logo-competicion-4a.png",49,1984,107,NA,NA,958,4688,NA,NA,TRUE,948,948,1884,"CAI Zaragoza","CAI Zaragoza","CBZ",945,1027,"Caja de Ronda","Caja de Ronda","RON",1,95,12000,5,9,55.56,33,66,50,14,19,73.68,25,14,39,7,11,18,0,6,0,0,25,0,73,0,0,0,1,0,95,86,0,NA,0,0,0,0,0,0,0
1639646,1,"Liga Nacional","Liga Endesa",-402534000,NA,"https://www.acb.com/Documentos/Cabeceras/logo-competicion-1b.png","https://www.acb.com/Documentos/Cabeceras/logo-competicion-4a.png",49,1984,107,NA,NA,958,4688,NA,NA,FALSE,945,948,1884,"CAI Zaragoza","CAI Zaragoza","CBZ",945,1027,"Caja de Ronda","Caja de Ronda","RON",1,86,12000,2,7,28.57,35,62,56.45,10,12,83.33,19,10,29,6,9,15,0,5,0,0,21,0,65,0,0,1,0,0,86,95,0,NA,0,0,0,0,0,0,0
1639664,1,"Liga Nacional","Liga Endesa",-402534000,NA,"https://www.acb.com/Documentos/Cabeceras/logo-competicion-1b.png","https://www.acb.com/Documentos/Cabeceras/logo-competicion-4a.png",49,1984,107,NA,NA,958,4689,NA,NA,FALSE,946,939,1438,"Español","Español","ESP",946,1817,"Fórum Valladolid","Fórum Vall.","FOR",1,88,12000,1,3,33.33,37,62,59.68,11,20,55,22,12,34,7,10,15,0,5,0,0,19,0,74,0,0,0,1,0,88,71,0,NA,0,0,0,0,0,0,0
1639663,1,"Liga Nacional","Liga Endesa",-402534000,NA,"https://www.acb.com/Documentos/Cabeceras/logo-competicion-1b.png","https://www.acb.com/Documentos/Cabeceras/logo-competicion-4a.png",49,1984,107,NA,NA,958,4689,NA,NA,TRUE,939,939,1438,"Español","Español","ESP",946,1817,"Fórum Valladolid","Fórum Vall.","FOR",1,71,12000,1,5,20,29,52,55.77,10,18,55.56,22,12,34,8,14,19,0,4,0,0,24,0,53,0,0,1,0,0,71,88,0,NA,0,0,0,0,0,0,0
1639684,1,"Liga Nacional","Liga Endesa",-402534000,NA,"https://www.acb.com/Documentos/Cabeceras/logo-competicion-1b.png","https://www.acb.com/Documentos/Cabeceras/logo-competicion-4a.png",49,1984,107,NA,NA,959,4690,NA,NA,TRUE,936,936,1377,"Cajamadrid","Cajamadrid","CJM",944,1667,"Clesa Ferrol","Clesa Ferrol","FER",1,82,12000,0,1,0,36,71,50.7,10,12,83.33,21,10,31,9,11,16,0,4,0,0,28,0,55,0,0,1,0,0,82,100,0,NA,0,0,0,0,0,0,0
1639685,1,"Liga Nacional","Liga Endesa",-402534000,NA,"https://www.acb.com/Documentos/Cabeceras/logo-competicion-1b.png","https://www.acb.com/Documentos/Cabeceras/logo-competicion-4a.png",49,1984,107,NA,NA,959,4690,NA,NA,FALSE,944,936,1377,"Cajamadrid","Cajamadrid","CJM",944,1667,"Clesa Ferrol","Clesa Ferrol","FER",1,100,12000,3,7,42.86,37,67,55.22,17,20,85,17,8,25,6,11,12,0,3,0,0,24,0,72,0,0,0,1,0,100,82,0,NA,0,0,0,0,0,0,0
1639706,1,"Liga Nacional","Liga Endesa",-402534000,NA,"https://www.acb.com/Documentos/Cabeceras/logo-competicion-1b.png","https://www.acb.com/Documentos/Cabeceras/logo-competicion-4a.png",49,1984,107,NA,NA,959,4691,NA,NA,TRUE,943,943,722,"Real Madrid","Real Madrid","RMB",935,1336,"Breogán Caixa Galicia","Breogán","BRE",1,102,12000,2,6,33.33,42,77,54.55,12,15,80,26,13,39,8,17,17,0,8,0,0,28,0,87,0,0,0,1,0,102,81,0,NA,0,0,0,0,0,0,0
1639707,1,"Liga Nacional","Liga Endesa",-402534000,NA,"https://www.acb.com/Documentos/Cabeceras/logo-competicion-1b.png","https://www.acb.com/Documentos/Cabeceras/logo-competicion-4a.png",49,1984,107,NA,NA,959,4691,NA,NA,FALSE,935,943,722,"Real Madrid","Real Madrid","RMB",935,1336,"Breogán Caixa Galicia","Breogán","BRE",1,81,12000,2,5,40,33,66,50,9,13,69.23,25,15,40,7,12,13,0,5,0,0,23,0,69,0,0,1,0,0,81,102,0,NA,0,0,0,0,0,0,0
1639728,1,"Liga Nacional","Liga Endesa",-402534000,NA,"https://www.acb.com/Documentos/Cabeceras/logo-competicion-1b.png","https://www.acb.com/Documentos/Cabeceras/logo-competicion-4a.png",49,1984,107,NA,NA,959,4692,NA,NA,FALSE,937,942,590,"Ron Negrita Joventut","Joventut","JOV",937,1381,"Lucky Canarias","Lucky Canarias","CAN",1,95,12000,4,8,50,36,70,51.43,11,13,84.62,22,13,35,10,14,16,0,4,0,0,26,0,76,0,0,1,0,0,95,100,0,NA,0,0,0,0,0,0,0
1639727,1,"Liga Nacional","Liga Endesa",-402534000,NA,"https://www.acb.com/Documentos/Cabeceras/logo-competicion-1b.png","https://www.acb.com/Documentos/Cabeceras/logo-competicion-4a.png",49,1984,107,NA,NA,959,4692,NA,NA,TRUE,942,942,590,"Ron Negrita Joventut","Joventut","JOV",937,1381,"Lucky Canarias","Lucky Canarias","CAN",1,100,12000,4,10,40,38,76,50,12,17,70.59,25,13,38,8,15,16,0,5,0,0,25,0,76,0,0,0,1,0,100,95,0,NA,0,0,0,0,0,0,0
1639745,1,"Liga Nacional","Liga Endesa",-402534000,NA,"https://www.acb.com/Documentos/Cabeceras/logo-competicion-1b.png","https://www.acb.com/Documentos/Cabeceras/logo-competicion-4a.png",49,1984,107,NA,NA,959,4693,NA,NA,FALSE,940,934,186,"Caja Álava","Caja Álava","BAS",940,431,"Estudiantes Caja Postal","Estudiantes CP","EST",1,89,12000,2,4,50,33,59,55.93,17,25,68,18,13,31,7,12,11,0,3,0,0,25,0,70,0,0,1,0,0,89,107,0,NA,0,0,0,0,0,0,0
1639744,1,"Liga Nacional","Liga Endesa",-402534000,NA,"https://www.acb.com/Documentos/Cabeceras/logo-competicion-1b.png","https://www.acb.com/Documentos/Cabeceras/logo-competicion-4a.png",49,1984,107,NA,NA,959,4693,NA,NA,TRUE,934,934,186,"Caja Álava","Caja Álava","BAS",940,431,"Estudiantes Caja Postal","Estudiantes CP","EST",1,107,12000,2,5,40,44,82,53.66,13,18,72.22,21,11,32,6,9,15,0,3,0,0,18,0,78,0,0,0,1,0,107,89,0,NA,0,0,0,0,0,0,0
1639764,1,"Liga Nacional","Liga Endesa",-402534000,NA,"https://www.acb.com/Documentos/Cabeceras/logo-competicion-1b.png","https://www.acb.com/Documentos/Cabeceras/logo-competicion-4a.png",49,1984,107,NA,NA,959,4694,NA,NA,TRUE,947,947,1866,"Collado Villalba","Coll. Villalba","VIL",946,1817,"Fórum Valladolid","Fórum Vall.","FOR",1,75,12000,3,9,33.33,29,63,46.03,8,13,61.54,19,13,32,6,15,12,0,6,0,0,28,0,49,0,0,1,0,0,75,82,0,NA,0,0,0,0,0,0,0
1639765,1,"Liga Nacional","Liga Endesa",-402534000,NA,"https://www.acb.com/Documentos/Cabeceras/logo-competicion-1b.png","https://www.acb.com/Documentos/Cabeceras/logo-competicion-4a.png",49,1984,107,NA,NA,959,4694,NA,NA,FALSE,946,947,1866,"Collado Villalba","Coll. Villalba","VIL",946,1817,"Fórum Valladolid","Fórum Vall.","FOR",1,82,12000,1,3,33.33,32,59,54.24,15,19,78.95,24,14,38,8,12,17,0,5,0,0,24,0,71,0,0,0,1,0,82,75,0,NA,0,0,0,0,0,0,0
1639784,1,"Liga Nacional","Liga Endesa",-402534000,NA,"https://www.acb.com/Documentos/Cabeceras/logo-competicion-1b.png","https://www.acb.com/Documentos/Cabeceras/logo-competicion-4a.png",49,1984,107,NA,NA,959,4695,NA,NA,TRUE,945,945,1027,"Caja de Ronda","Caja de Ronda","RON",939,1438,"Español","Español","ESP",1,111,12000,3,7,42.86,42,72,58.33,18,23,78.26,20,11,31,6,10,16,0,5,0,0,24,0,84,0,0,0,1,0,111,100,0,NA,0,0,0,0,0,0,0
1639785,1,"Liga Nacional","Liga Endesa",-402534000,NA,"https://www.acb.com/Documentos/Cabeceras/logo-competicion-1b.png","https://www.acb.com/Documentos/Cabeceras/logo-competicion-4a.png",49,1984,107,NA,NA,959,4695,NA,NA,FALSE,939,945,1027,"Caja de Ronda","Caja de Ronda","RON",939,1438,"Español","Español","ESP",1,100,12000,2,6,33.33,40,75,53.33,14,21,66.67,22,13,35,8,14,20,0,5,0,0,27,0,69,0,0,1,0,0,100,111,0,NA,0,0,0,0,0,0,0
1639805,1,"Liga Nacional","Liga Endesa",-402534000,NA,"https://www.acb.com/Documentos/Cabeceras/logo-competicion-1b.png","https://www.acb.com/Documentos/Cabeceras/logo-competicion-4a.png",49,1984,107,NA,NA,959,4696,NA,NA,FALSE,948,938,1428,"Licor 43","Licor 43","CCA",948,1884,"CAI Zaragoza","CAI Zaragoza","CBZ",1,81,12000,5,10,50,25,55,45.45,16,23,69.57,24,13,37,7,9,17,0,5,0,0,23,0,57,0,0,1,0,0,81,107,0,NA,0,0,0,0,0,0,0
1639804,1,"Liga Nacional","Liga Endesa",-402534000,NA,"https://www.acb.com/Documentos/Cabeceras/logo-competicion-1b.png","https://www.acb.com/Documentos/Cabeceras/logo-competicion-4a.png",49,1984,107,NA,NA,959,4696,NA,NA,TRUE,938,938,1428,"Licor 43","Licor 43","CCA",948,1884,"CAI Zaragoza","CAI Zaragoza","CBZ",1,107,12000,5,12,41.67,39,70,55.71,14,16,87.5,21,9,30,6,14,12,0,4,0,0,25,0,84,0,0,0,1,0,107,81,0,NA,0,0,0,0,0,0,0
1639824,1,"Liga Nacional","Liga Endesa",-402534000,NA,"https://www.acb.com/Documentos/Cabeceras/logo-competicion-1b.png","https://www.acb.com/Documentos/Cabeceras/logo-competicion-4a.png",49,1984,107,NA,NA,959,4697,NA,NA,TRUE,933,933,65,"FC Barcelona","FC Barcelona","FCB",941,1487,"Cacaolat Granollers","C. Granollers","GRN",1,84,12000,2,6,33.33,32,60,53.33,14,23,60.87,25,8,33,7,15,18,0,4,0,0,25,0,59,0,0,0,1,0,84,61,0,NA,0,0,0,0,0,0,0
1639825,1,"Liga Nacional","Liga Endesa",-402534000,NA,"https://www.acb.com/Documentos/Cabeceras/logo-competicion-1b.png","https://www.acb.com/Documentos/Cabeceras/logo-competicion-4a.png",49,1984,107,NA,NA,959,4697,NA,NA,FALSE,941,933,65,"FC Barcelona","FC Barcelona","FCB",941,1487,"Cacaolat Granollers","C. Granollers","GRN",1,61,12000,0,2,0,26,52,50,9,13,69.23,22,10,32,3,7,11,0,4,0,0,21,0,43,0,0,1,0,0,61,84,0,NA,0,0,0,0,0,0,0
1639846,1,"Liga Nacional","Liga Endesa",-402534000,NA,"https://www.acb.com/Documentos/Cabeceras/logo-competicion-1b.png","https://www.acb.com/Documentos/Cabeceras/logo-competicion-4a.png",49,1984,107,NA,NA,960,4698,NA,NA,FALSE,936,940,431,"Estudiantes Caja Postal","Estudiantes CP","EST",936,1377,"Cajamadrid","Cajamadrid","CJM",1,93,12000,2,4,50,37,67,55.22,13,18,72.22,14,8,22,8,10,14,0,2,0,0,23,0,61,0,0,1,0,0,93,94,0,NA,0,0,0,0,0,0,0
1639845,1,"Liga Nacional","Liga Endesa",-402534000,NA,"https://www.acb.com/Documentos/Cabeceras/logo-competicion-1b.png","https://www.acb.com/Documentos/Cabeceras/logo-competicion-4a.png",49,1984,107,NA,NA,960,4698,NA,NA,TRUE,940,940,431,"Estudiantes Caja Postal","Estudiantes CP","EST",936,1377,"Cajamadrid","Cajamadrid","CJM",1,94,12000,3,6,50,36,75,48,13,16,81.25,19,12,31,6,11,11,0,2,0,0,26,0,62,0,0,0,1,0,94,93,0,NA,0,0,0,0,0,0,0
1639863,1,"Liga Nacional","Liga Endesa",-402534000,NA,"https://www.acb.com/Documentos/Cabeceras/logo-competicion-1b.png","https://www.acb.com/Documentos/Cabeceras/logo-competicion-4a.png",49,1984,107,NA,NA,960,4699,NA,NA,TRUE,937,937,1381,"Lucky Canarias","Lucky Canarias","CAN",934,186,"Caja Álava","Caja Álava","BAS",1,89,12000,3,8,37.5,32,65,49.23,16,23,69.57,20,12,32,10,13,15,0,3,0,0,23,0,64,0,0,0,1,0,89,87,0,NA,0,0,0,0,0,0,0
1639864,1,"Liga Nacional","Liga Endesa",-402534000,NA,"https://www.acb.com/Documentos/Cabeceras/logo-competicion-1b.png","https://www.acb.com/Documentos/Cabeceras/logo-competicion-4a.png",49,1984,107,NA,NA,960,4699,NA,NA,FALSE,934,937,1381,"Lucky Canarias","Lucky Canarias","CAN",934,186,"Caja Álava","Caja Álava","BAS",1,87,12000,0,1,0,38,71,53.52,11,22,50,22,12,34,6,10,15,0,3,0,0,19,0,61,0,0,1,0,0,87,89,0,NA,0,0,0,0,0,0,0
1639882,1,"Liga Nacional","Liga Endesa",-402534000,NA,"https://www.acb.com/Documentos/Cabeceras/logo-competicion-1b.png","https://www.acb.com/Documentos/Cabeceras/logo-competicion-4a.png",49,1984,107,NA,NA,960,4700,NA,NA,FALSE,942,935,1336,"Breogán Caixa Galicia","Breogán","BRE",942,590,"Ron Negrita Joventut","Joventut","JOV",1,84,12000,3,7,42.86,32,62,51.61,11,14,78.57,23,12,35,8,13,15,0,4,0,0,23,0,69,0,0,0,1,0,84,80,0,NA,0,0,0,0,0,0,0
1639881,1,"Liga Nacional","Liga Endesa",-402534000,NA,"https://www.acb.com/Documentos/Cabeceras/logo-competicion-1b.png","https://www.acb.com/Documentos/Cabeceras/logo-competicion-4a.png",49,1984,107,NA,NA,960,4700,NA,NA,TRUE,935,935,1336,"Breogán Caixa Galicia","Breogán","BRE",942,590,"Ron Negrita Joventut","Joventut","JOV",1,80,12000,1,2,50,32,65,49.23,13,20,65,23,14,37,5,11,12,0,5,0,0,21,0,64,0,0,1,0,0,80,84,0,NA,0,0,0,0,0,0,0
1639901,1,"Liga Nacional","Liga Endesa",-402534000,NA,"https://www.acb.com/Documentos/Cabeceras/logo-competicion-1b.png","https://www.acb.com/Documentos/Cabeceras/logo-competicion-4a.png",49,1984,107,NA,NA,960,4701,NA,NA,TRUE,944,944,1667,"Clesa Ferrol","Clesa Ferrol","FER",943,722,"Real Madrid","Real Madrid","RMB",1,82,12000,1,6,16.67,35,70,50,9,12,75,17,6,23,6,11,12,0,2,0,0,24,0,45,0,0,1,0,0,82,86,0,NA,0,0,0,0,0,0,0
1639902,1,"Liga Nacional","Liga Endesa",-402534000,NA,"https://www.acb.com/Documentos/Cabeceras/logo-competicion-1b.png","https://www.acb.com/Documentos/Cabeceras/logo-competicion-4a.png",49,1984,107,NA,NA,960,4701,NA,NA,FALSE,943,944,1667,"Clesa Ferrol","Clesa Ferrol","FER",943,722,"Real Madrid","Real Madrid","RMB",1,86,12000,0,3,0,38,63,60.32,10,16,62.5,24,12,36,7,16,16,0,7,0,0,25,0,77,0,0,0,1,0,86,82,0,NA,0,0,0,0,0,0,0
1639922,1,"Liga Nacional","Liga Endesa",-402534000,NA,"https://www.acb.com/Documentos/Cabeceras/logo-competicion-1b.png","https://www.acb.com/Documentos/Cabeceras/logo-competicion-4a.png",49,1984,107,NA,NA,960,4702,NA,NA,TRUE,941,941,1487,"Cacaolat Granollers","C. Granollers","GRN",947,1866,"Collado Villalba","Coll. Villalba","VIL",1,84,12000,1,4,25,34,69,49.28,13,16,81.25,22,10,32,2,7,12,0,4,0,0,21,0,55,0,0,0,1,0,84,76,0,NA,0,0,0,0,0,0,0
1639923,1,"Liga Nacional","Liga Endesa",-402534000,NA,"https://www.acb.com/Documentos/Cabeceras/logo-competicion-1b.png","https://www.acb.com/Documentos/Cabeceras/logo-competicion-4a.png",49,1984,107,NA,NA,960,4702,NA,NA,FALSE,947,941,1487,"Cacaolat Granollers","C. Granollers","GRN",947,1866,"Collado Villalba","Coll. Villalba","VIL",1,76,12000,1,3,33.33,32,66,48.48,9,13,69.23,19,13,32,6,14,12,0,5,0,0,27,0,54,0,0,1,0,0,76,84,0,NA,0,0,0,0,0,0,0
1639941,1,"Liga Nacional","Liga Endesa",-402534000,NA,"https://www.acb.com/Documentos/Cabeceras/logo-competicion-1b.png","https://www.acb.com/Documentos/Cabeceras/logo-competicion-4a.png",49,1984,107,NA,NA,960,4703,NA,NA,FALSE,933,948,1884,"CAI Zaragoza","CAI Zaragoza","CBZ",933,65,"FC Barcelona","FC Barcelona","FCB",1,95,13500,4,8,50,34,58,58.62,15,18,83.33,22,6,28,3,12,15,0,3,0,0,21,0,74,0,0,0,1,0,95,94,0,NA,0,0,0,0,0,0,0
1639940,1,"Liga Nacional","Liga Endesa",-402534000,NA,"https://www.acb.com/Documentos/Cabeceras/logo-competicion-1b.png","https://www.acb.com/Documentos/Cabeceras/logo-competicion-4a.png",49,1984,107,NA,NA,960,4703,NA,NA,TRUE,948,948,1884,"CAI Zaragoza","CAI Zaragoza","CBZ",933,65,"FC Barcelona","FC Barcelona","FCB",1,94,13500,3,8,37.5,35,67,52.24,15,18,83.33,22,12,34,5,9,16,0,5,0,0,22,0,69,0,0,1,0,0,94,95,0,NA,0,0,0,0,0,0,0
1639959,1,"Liga Nacional","Liga Endesa",-402534000,NA,"https://www.acb.com/Documentos/Cabeceras/logo-competicion-1b.png","https://www.acb.com/Documentos/Cabeceras/logo-competicion-4a.png",49,1984,107,NA,NA,960,4704,NA,NA,TRUE,939,939,1438,"Español","Español","ESP",938,1428,"Licor 43","Licor 43","CCA",1,79,12000,1,4,25,33,61,54.1,10,20,50,19,10,29,6,10,17,0,3,0,0,22,0,47,0,0,0,1,0,79,76,0,NA,0,0,0,0,0,0,0
1639960,1,"Liga Nacional","Liga Endesa",-402534000,NA,"https://www.acb.com/Documentos/Cabeceras/logo-competicion-1b.png","https://www.acb.com/Documentos/Cabeceras/logo-competicion-4a.png",49,1984,107,NA,NA,960,4704,NA,NA,FALSE,938,939,1438,"Español","Español","ESP",938,1428,"Licor 43","Licor 43","CCA",1,76,12000,3,8,37.5,29,56,51.79,9,12,75,21,9,30,4,14,12,0,3,0,0,25,0,55,0,0,1,0,0,76,79,0,NA,0,0,0,0,0,0,0
1639977,1,"Liga Nacional","Liga Endesa",-402534000,NA,"https://www.acb.com/Documentos/Cabeceras/logo-competicion-1b.png","https://www.acb.com/Documentos/Cabeceras/logo-competicion-4a.png",49,1984,107,NA,NA,960,4705,NA,NA,FALSE,945,946,1817,"Fórum Valladolid","Fórum Vall.","FOR",945,1027,"Caja de Ronda","Caja de Ronda","RON",1,83,12000,4,9,44.44,29,52,55.77,13,16,81.25,19,10,29,5,9,14,0,5,0,0,21,0,65,0,0,1,0,0,83,84,0,NA,0,0,0,0,0,0,0
1639976,1,"Liga Nacional","Liga Endesa",-402534000,NA,"https://www.acb.com/Documentos/Cabeceras/logo-competicion-1b.png","https://www.acb.com/Documentos/Cabeceras/logo-competicion-4a.png",49,1984,107,NA,NA,960,4705,NA,NA,TRUE,946,946,1817,"Fórum Valladolid","Fórum Vall.","FOR",945,1027,"Caja de Ronda","Caja de Ronda","RON",1,84,12000,1,2,50,34,61,55.74,13,19,68.42,22,11,33,7,9,15,0,4,0,0,21,0,67,0,0,0,1,0,84,83,0,NA,0,0,0,0,0,0,0
1640039,1,"Liga Nacional","Liga Endesa",-402534000,NA,"https://www.acb.com/Documentos/Cabeceras/logo-competicion-1b.png","https://www.acb.com/Documentos/Cabeceras/logo-competicion-4a.png",49,1984,107,NA,NA,961,4708,NA,NA,FALSE,934,935,1336,"Breogán Caixa Galicia","Breogán","BRE",934,186,"Caja Álava","Caja Álava","BAS",1,91,12000,0,0,0,38,72,52.78,15,20,75,22,11,33,6,10,14,0,3,0,0,19,0,71,0,0,0,1,0,91,89,0,NA,0,0,0,0,0,0,0
1640038,1,"Liga Nacional","Liga Endesa",-402534000,NA,"https://www.acb.com/Documentos/Cabeceras/logo-competicion-1b.png","https://www.acb.com/Documentos/Cabeceras/logo-competicion-4a.png",49,1984,107,NA,NA,961,4708,NA,NA,TRUE,935,935,1336,"Breogán Caixa Galicia","Breogán","BRE",934,186,"Caja Álava","Caja Álava","BAS",1,89,12000,1,3,33.33,38,75,50.67,10,18,55.56,26,15,41,5,13,14,0,5,0,0,24,0,68,0,0,1,0,0,89,91,0,NA,0,0,0,0,0,0,0
1639995,1,"Liga Nacional","Liga Endesa",-402534000,NA,"https://www.acb.com/Documentos/Cabeceras/logo-competicion-1b.png","https://www.acb.com/Documentos/Cabeceras/logo-competicion-4a.png",49,1984,107,NA,NA,961,4706,NA,NA,TRUE,943,943,722,"Real Madrid","Real Madrid","RMB",936,1377,"Cajamadrid","Cajamadrid","CJM",1,115,12000,2,6,33.33,49,81,60.49,11,16,68.75,21,11,32,7,16,15,0,4,0,0,22,0,96,0,0,0,1,0,115,79,0,NA,0,0,0,0,0,0,0
1639996,1,"Liga Nacional","Liga Endesa",-402534000,NA,"https://www.acb.com/Documentos/Cabeceras/logo-competicion-1b.png","https://www.acb.com/Documentos/Cabeceras/logo-competicion-4a.png",49,1984,107,NA,NA,961,4706,NA,NA,FALSE,936,943,722,"Real Madrid","Real Madrid","RMB",936,1377,"Cajamadrid","Cajamadrid","CJM",1,79,12000,2,7,28.57,33,68,48.53,7,14,50,14,7,21,6,10,14,0,2,0,0,22,0,35,0,0,1,0,0,79,115,0,NA,0,0,0,0,0,0,0
1640018,1,"Liga Nacional","Liga Endesa",-402534000,NA,"https://www.acb.com/Documentos/Cabeceras/logo-competicion-1b.png","https://www.acb.com/Documentos/Cabeceras/logo-competicion-4a.png",49,1984,107,NA,NA,961,4707,NA,NA,TRUE,944,944,1667,"Clesa Ferrol","Clesa Ferrol","FER",942,590,"Ron Negrita Joventut","Joventut","JOV",1,82,12000,3,6,50,29,54,53.7,15,22,68.18,23,10,33,7,13,14,0,3,0,0,27,0,62,0,0,1,0,0,82,108,0,NA,0,0,0,0,0,0,0
1640019,1,"Liga Nacional","Liga Endesa",-402534000,NA,"https://www.acb.com/Documentos/Cabeceras/logo-competicion-1b.png","https://www.acb.com/Documentos/Cabeceras/logo-competicion-4a.png",49,1984,107,NA,NA,961,4707,NA,NA,FALSE,942,944,1667,"Clesa Ferrol","Clesa Ferrol","FER",942,590,"Ron Negrita Joventut","Joventut","JOV",1,108,12000,2,5,40,44,80,55,14,17,82.35,25,13,38,8,14,17,0,3,0,0,25,0,87,0,0,0,1,0,108,82,0,NA,0,0,0,0,0,0,0
1640060,1,"Liga Nacional","Liga Endesa",-402534000,NA,"https://www.acb.com/Documentos/Cabeceras/logo-competicion-1b.png","https://www.acb.com/Documentos/Cabeceras/logo-competicion-4a.png",49,1984,107,NA,NA,961,4709,NA,NA,FALSE,940,937,1381,"Lucky Canarias","Lucky Canarias","CAN",940,431,"Estudiantes Caja Postal","Estudiantes CP","EST",1,68,12000,2,5,40,26,54,48.15,10,14,71.43,21,12,33,5,13,13,0,3,0,0,28,0,46,0,0,1,0,0,68,96,0,NA,0,0,0,0,0,0,0
1640059,1,"Liga Nacional","Liga Endesa",-402534000,NA,"https://www.acb.com/Documentos/Cabeceras/logo-competicion-1b.png","https://www.acb.com/Documentos/Cabeceras/logo-competicion-4a.png",49,1984,107,NA,NA,961,4709,NA,NA,TRUE,937,937,1381,"Lucky Canarias","Lucky Canarias","CAN",940,431,"Estudiantes Caja Postal","Estudiantes CP","EST",1,96,12000,3,7,42.86,36,73,49.32,15,21,71.43,21,13,34,10,13,16,0,4,0,0,24,0,70,0,0,0,1,0,96,68,0,NA,0,0,0,0,0,0,0
1640078,1,"Liga Nacional","Liga Endesa",-402534000,NA,"https://www.acb.com/Documentos/Cabeceras/logo-competicion-1b.png","https://www.acb.com/Documentos/Cabeceras/logo-competicion-4a.png",49,1984,107,NA,NA,961,4710,NA,NA,FALSE,947,945,1027,"Caja de Ronda","Caja de Ronda","RON",947,1866,"Collado Villalba","Coll. Villalba","VIL",1,93,12000,2,5,40,37,74,50,13,21,61.9,18,12,30,5,11,11,0,4,0,0,24,0,60,0,0,1,0,0,93,94,0,NA,0,0,0,0,0,0,0
1640077,1,"Liga Nacional","Liga Endesa",-402534000,NA,"https://www.acb.com/Documentos/Cabeceras/logo-competicion-1b.png","https://www.acb.com/Documentos/Cabeceras/logo-competicion-4a.png",49,1984,107,NA,NA,961,4710,NA,NA,TRUE,945,945,1027,"Caja de Ronda","Caja de Ronda","RON",947,1866,"Collado Villalba","Coll. Villalba","VIL",1,94,12000,3,6,50,33,57,57.89,19,29,65.52,19,11,30,5,10,15,0,4,0,0,24,0,67,0,0,0,1,0,94,93,0,NA,0,0,0,0,0,0,0
1640094,1,"Liga Nacional","Liga Endesa",-402534000,NA,"https://www.acb.com/Documentos/Cabeceras/logo-competicion-1b.png","https://www.acb.com/Documentos/Cabeceras/logo-competicion-4a.png",49,1984,107,NA,NA,961,4711,NA,NA,TRUE,946,946,1817,"Fórum Valladolid","Fórum Vall.","FOR",938,1428,"Licor 43","Licor 43","CCA",1,62,12000,0,0,0,26,52,50,10,16,62.5,23,12,35,7,10,15,0,5,0,0,22,0,50,0,0,1,0,0,62,70,0,NA,0,0,0,0,0,0,0
1640095,1,"Liga Nacional","Liga Endesa",-402534000,NA,"https://www.acb.com/Documentos/Cabeceras/logo-competicion-1b.png","https://www.acb.com/Documentos/Cabeceras/logo-competicion-4a.png",49,1984,107,NA,NA,961,4711,NA,NA,FALSE,938,946,1817,"Fórum Valladolid","Fórum Vall.","FOR",938,1428,"Licor 43","Licor 43","CCA",1,70,12000,3,10,30,26,50,52,9,16,56.25,18,7,25,4,11,11,0,3,0,0,20,0,44,0,0,0,1,0,70,62,0,NA,0,0,0,0,0,0,0
1640111,1,"Liga Nacional","Liga Endesa",-402534000,NA,"https://www.acb.com/Documentos/Cabeceras/logo-competicion-1b.png","https://www.acb.com/Documentos/Cabeceras/logo-competicion-4a.png",49,1984,107,NA,NA,961,4712,NA,NA,TRUE,939,939,1438,"Español","Español","ESP",933,65,"FC Barcelona","FC Barcelona","FCB",1,83,12000,3,8,37.5,29,51,56.86,16,22,72.73,18,10,28,6,8,15,0,1,0,0,19,0,59,0,0,1,0,0,83,98,0,NA,0,0,0,0,0,0,0
1640112,1,"Liga Nacional","Liga Endesa",-402534000,NA,"https://www.acb.com/Documentos/Cabeceras/logo-competicion-1b.png","https://www.acb.com/Documentos/Cabeceras/logo-competicion-4a.png",49,1984,107,NA,NA,961,4712,NA,NA,FALSE,933,939,1438,"Español","Español","ESP",933,65,"FC Barcelona","FC Barcelona","FCB",1,98,12000,2,6,33.33,40,68,58.82,12,15,80,22,6,28,3,12,15,0,3,0,0,21,0,73,0,0,0,1,0,98,83,0,NA,0,0,0,0,0,0,0
1640131,1,"Liga Nacional","Liga Endesa",-402534000,NA,"https://www.acb.com/Documentos/Cabeceras/logo-competicion-1b.png","https://www.acb.com/Documentos/Cabeceras/logo-competicion-4a.png",49,1984,107,NA,NA,961,4713,NA,NA,TRUE,948,948,1884,"CAI Zaragoza","CAI Zaragoza","CBZ",941,1487,"Cacaolat Granollers","C. Granollers","GRN",1,75,12000,3,6,50,26,55,47.27,14,26,53.85,24,13,37,5,9,17,0,5,0,0,23,0,47,0,0,1,0,0,75,87,0,NA,0,0,0,0,0,0,0
1640132,1,"Liga Nacional","Liga Endesa",-402534000,NA,"https://www.acb.com/Documentos/Cabeceras/logo-competicion-1b.png","https://www.acb.com/Documentos/Cabeceras/logo-competicion-4a.png",49,1984,107,NA,NA,961,4713,NA,NA,FALSE,941,948,1884,"CAI Zaragoza","CAI Zaragoza","CBZ",941,1487,"Cacaolat Granollers","C. Granollers","GRN",1,87,12000,3,5,60,33,66,50,12,18,66.67,21,10,31,2,7,12,0,4,0,0,19,0,59,0,0,0,1,0,87,75,0,NA,0,0,0,0,0,0,0
1640150,1,"Liga Nacional","Liga Endesa",-402534000,NA,"https://www.acb.com/Documentos/Cabeceras/logo-competicion-1b.png","https://www.acb.com/Documentos/Cabeceras/logo-competicion-4a.png",49,1984,107,NA,NA,962,4714,NA,NA,TRUE,936,936,1377,"Cajamadrid","Cajamadrid","CJM",937,1381,"Lucky Canarias","Lucky Canarias","CAN",1,109,12000,1,3,33.33,49,88,55.68,8,16,50,19,9,28,6,11,16,0,3,0,0,27,0,65,0,0,0,1,0,109,95,0,NA,0,0,0,0,0,0,0
1640151,1,"Liga Nacional","Liga Endesa",-402534000,NA,"https://www.acb.com/Documentos/Cabeceras/logo-competicion-1b.png","https://www.acb.com/Documentos/Cabeceras/logo-competicion-4a.png",49,1984,107,NA,NA,962,4714,NA,NA,FALSE,937,936,1377,"Cajamadrid","Cajamadrid","CJM",937,1381,"Lucky Canarias","Lucky Canarias","CAN",1,95,12000,2,7,28.57,35,72,48.61,19,24,79.17,19,12,31,9,11,15,0,3,0,0,22,0,65,0,0,1,0,0,95,109,0,NA,0,0,0,0,0,0,0
1640206,1,"Liga Nacional","Liga Endesa",-402534000,NA,"https://www.acb.com/Documentos/Cabeceras/logo-competicion-1b.png","https://www.acb.com/Documentos/Cabeceras/logo-competicion-4a.png",49,1984,107,NA,NA,962,4717,NA,NA,TRUE,942,942,590,"Ron Negrita Joventut","Joventut","JOV",943,722,"Real Madrid","Real Madrid","RMB",1,76,12000,1,5,20,31,58,53.45,11,17,64.71,24,12,36,7,14,16,0,3,0,0,24,0,59,0,0,1,0,0,76,86,0,NA,0,0,0,0,0,0,0
1640207,1,"Liga Nacional","Liga Endesa",-402534000,NA,"https://www.acb.com/Documentos/Cabeceras/logo-competicion-1b.png","https://www.acb.com/Documentos/Cabeceras/logo-competicion-4a.png",49,1984,107,NA,NA,962,4717,NA,NA,FALSE,943,942,590,"Ron Negrita Joventut","Joventut","JOV",943,722,"Real Madrid","Real Madrid","RMB",1,86,12000,1,3,33.33,34,61,55.74,15,22,68.18,22,10,32,4,12,14,0,7,0,0,20,0,71,0,0,0,1,0,86,76,0,NA,0,0,0,0,0,0,0
1640167,1,"Liga Nacional","Liga Endesa",-402534000,NA,"https://www.acb.com/Documentos/Cabeceras/logo-competicion-1b.png","https://www.acb.com/Documentos/Cabeceras/logo-competicion-4a.png",49,1984,107,NA,NA,962,4715,NA,NA,TRUE,940,940,431,"Estudiantes Caja Postal","Estudiantes CP","EST",935,1336,"Breogán Caixa Galicia","Breogán","BRE",1,70,12000,1,4,25,27,53,50.94,13,18,72.22,18,9,27,4,11,11,0,2,0,0,24,0,45,0,0,1,0,0,70,72,0,NA,0,0,0,0,0,0,0
1640168,1,"Liga Nacional","Liga Endesa",-402534000,NA,"https://www.acb.com/Documentos/Cabeceras/logo-competicion-1b.png","https://www.acb.com/Documentos/Cabeceras/logo-competicion-4a.png",49,1984,107,NA,NA,962,4715,NA,NA,FALSE,935,940,431,"Estudiantes Caja Postal","Estudiantes CP","EST",935,1336,"Breogán Caixa Galicia","Breogán","BRE",1,72,12000,4,8,50,27,53,50.94,6,8,75,21,12,33,3,10,11,0,4,0,0,18,0,61,0,0,0,1,0,72,70,0,NA,0,0,0,0,0,0,0
1640188,1,"Liga Nacional","Liga Endesa",-402534000,NA,"https://www.acb.com/Documentos/Cabeceras/logo-competicion-1b.png","https://www.acb.com/Documentos/Cabeceras/logo-competicion-4a.png",49,1984,107,NA,NA,962,4716,NA,NA,TRUE,934,934,186,"Caja Álava","Caja Álava","BAS",944,1667,"Clesa Ferrol","Clesa Ferrol","FER",1,87,12000,1,2,50,37,71,52.11,10,16,62.5,22,11,33,6,11,16,0,3,0,0,20,0,63,0,0,0,1,0,87,85,0,NA,0,0,0,0,0,0,0
1640189,1,"Liga Nacional","Liga Endesa",-402534000,NA,"https://www.acb.com/Documentos/Cabeceras/logo-competicion-1b.png","https://www.acb.com/Documentos/Cabeceras/logo-competicion-4a.png",49,1984,107,NA,NA,962,4716,NA,NA,FALSE,944,934,186,"Caja Álava","Caja Álava","BAS",944,1667,"Clesa Ferrol","Clesa Ferrol","FER",1,85,12000,3,7,42.86,32,60,53.33,12,16,75,23,10,33,7,12,14,0,3,0,0,27,0,63,0,0,1,0,0,85,87,0,NA,0,0,0,0,0,0,0
1640224,1,"Liga Nacional","Liga Endesa",-402534000,NA,"https://www.acb.com/Documentos/Cabeceras/logo-competicion-1b.png","https://www.acb.com/Documentos/Cabeceras/logo-competicion-4a.png",49,1984,107,NA,NA,962,4718,NA,NA,TRUE,947,947,1866,"Collado Villalba","Coll. Villalba","VIL",948,1884,"CAI Zaragoza","CAI Zaragoza","CBZ",1,91,12000,2,6,33.33,39,79,49.37,7,9,77.78,17,11,28,6,12,10,0,4,0,0,23,0,62,0,0,1,0,0,91,99,0,NA,0,0,0,0,0,0,0
1640225,1,"Liga Nacional","Liga Endesa",-402534000,NA,"https://www.acb.com/Documentos/Cabeceras/logo-competicion-1b.png","https://www.acb.com/Documentos/Cabeceras/logo-competicion-4a.png",49,1984,107,NA,NA,962,4718,NA,NA,FALSE,948,947,1866,"Collado Villalba","Coll. Villalba","VIL",948,1884,"CAI Zaragoza","CAI Zaragoza","CBZ",1,99,12000,6,11,54.55,33,68,48.53,15,20,75,22,11,33,3,7,12,0,4,0,0,18,0,71,0,0,0,1,0,99,91,0,NA,0,0,0,0,0,0,0
1640245,1,"Liga Nacional","Liga Endesa",-402534000,NA,"https://www.acb.com/Documentos/Cabeceras/logo-competicion-1b.png","https://www.acb.com/Documentos/Cabeceras/logo-competicion-4a.png",49,1984,107,NA,NA,962,4719,NA,NA,TRUE,941,941,1487,"Cacaolat Granollers","C. Granollers","GRN",939,1438,"Español","Español","ESP",1,77,12000,1,4,25,30,56,53.57,14,18,77.78,23,12,35,5,11,15,0,5,0,0,22,0,63,0,0,0,1,0,77,73,0,NA,0,0,0,0,0,0,0
1640246,1,"Liga Nacional","Liga Endesa",-402534000,NA,"https://www.acb.com/Documentos/Cabeceras/logo-competicion-1b.png","https://www.acb.com/Documentos/Cabeceras/logo-competicion-4a.png",49,1984,107,NA,NA,962,4719,NA,NA,FALSE,939,941,1487,"Cacaolat Granollers","C. Granollers","GRN",939,1438,"Español","Español","ESP",1,73,12000,2,7,28.57,29,58,50,9,20,45,22,9,31,8,12,19,0,2,0,0,26,0,36,0,0,1,0,0,73,77,0,NA,0,0,0,0,0,0,0
1640265,1,"Liga Nacional","Liga Endesa",-402534000,NA,"https://www.acb.com/Documentos/Cabeceras/logo-competicion-1b.png","https://www.acb.com/Documentos/Cabeceras/logo-competicion-4a.png",49,1984,107,NA,NA,962,4720,NA,NA,FALSE,946,933,65,"FC Barcelona","FC Barcelona","FCB",946,1817,"Fórum Valladolid","Fórum Vall.","FOR",1,82,12000,1,3,33.33,33,55,60,13,24,54.17,22,11,33,7,9,15,0,4,0,0,21,0,64,0,0,1,0,0,82,92,0,NA,0,0,0,0,0,0,0
1640264,1,"Liga Nacional","Liga Endesa",-402534000,NA,"https://www.acb.com/Documentos/Cabeceras/logo-competicion-1b.png","https://www.acb.com/Documentos/Cabeceras/logo-competicion-4a.png",49,1984,107,NA,NA,962,4720,NA,NA,TRUE,933,933,65,"FC Barcelona","FC Barcelona","FCB",946,1817,"Fórum Valladolid","Fórum Vall.","FOR",1,92,12000,1,3,33.33,37,66,56.06,15,19,78.95,22,6,28,3,12,15,0,3,0,0,22,0,66,0,0,0,1,0,92,82,0,NA,0,0,0,0,0,0,0
1640283,1,"Liga Nacional","Liga Endesa",-402534000,NA,"https://www.acb.com/Documentos/Cabeceras/logo-competicion-1b.png","https://www.acb.com/Documentos/Cabeceras/logo-competicion-4a.png",49,1984,107,NA,NA,962,4721,NA,NA,TRUE,938,938,1428,"Licor 43","Licor 43","CCA",945,1027,"Caja de Ronda","Caja de Ronda","RON",1,117,12000,3,7,42.86,44,81,54.32,20,26,76.92,22,10,32,4,13,13,0,2,0,0,25,0,83,0,0,0,1,0,117,87,0,NA,0,0,0,0,0,0,0
1640284,1,"Liga Nacional","Liga Endesa",-402534000,NA,"https://www.acb.com/Documentos/Cabeceras/logo-competicion-1b.png","https://www.acb.com/Documentos/Cabeceras/logo-competicion-4a.png",49,1984,107,NA,NA,962,4721,NA,NA,FALSE,945,938,1428,"Licor 43","Licor 43","CCA",945,1027,"Caja de Ronda","Caja de Ronda","RON",1,87,12000,2,6,33.33,33,58,56.9,15,17,88.24,18,8,26,4,8,14,0,4,0,0,21,0,63,0,0,1,0,0,87,117,0,NA,0,0,0,0,0,0,0
1640306,1,"Liga Nacional","Liga Endesa",-402534000,NA,"https://www.acb.com/Documentos/Cabeceras/logo-competicion-1b.png","https://www.acb.com/Documentos/Cabeceras/logo-competicion-4a.png",49,1984,107,NA,NA,963,4722,NA,NA,TRUE,942,942,590,"Ron Negrita Joventut","Joventut","JOV",936,1377,"Cajamadrid","Cajamadrid","CJM",1,109,12000,4,8,50,43,81,53.09,11,19,57.89,25,13,38,6,14,16,0,3,0,0,23,0,81,0,0,0,1,0,109,80,0,NA,0,0,0,0,0,0,0
1640307,1,"Liga Nacional","Liga Endesa",-402534000,NA,"https://www.acb.com/Documentos/Cabeceras/logo-competicion-1b.png","https://www.acb.com/Documentos/Cabeceras/logo-competicion-4a.png",49,1984,107,NA,NA,963,4722,NA,NA,FALSE,936,942,590,"Ron Negrita Joventut","Joventut","JOV",936,1377,"Cajamadrid","Cajamadrid","CJM",1,80,12000,2,5,40,33,63,52.38,8,15,53.33,20,10,30,7,12,17,0,4,0,0,29,0,47,0,0,1,0,0,80,109,0,NA,0,0,0,0,0,0,0
1640329,1,"Liga Nacional","Liga Endesa",-402534000,NA,"https://www.acb.com/Documentos/Cabeceras/logo-competicion-1b.png","https://www.acb.com/Documentos/Cabeceras/logo-competicion-4a.png",49,1984,107,NA,NA,963,4723,NA,NA,FALSE,934,943,722,"Real Madrid","Real Madrid","RMB",934,186,"Caja Álava","Caja Álava","BAS",1,75,12000,0,0,0,31,61,50.82,13,16,81.25,22,10,32,6,11,16,0,3,0,0,20,0,58,0,0,1,0,0,75,97,0,NA,0,0,0,0,0,0,0
1640328,1,"Liga Nacional","Liga Endesa",-402534000,NA,"https://www.acb.com/Documentos/Cabeceras/logo-competicion-1b.png","https://www.acb.com/Documentos/Cabeceras/logo-competicion-4a.png",49,1984,107,NA,NA,963,4723,NA,NA,TRUE,943,943,722,"Real Madrid","Real Madrid","RMB",934,186,"Caja Álava","Caja Álava","BAS",1,97,12000,2,4,50,41,70,58.57,9,15,60,26,13,39,6,17,18,0,8,0,0,30,0,82,0,0,0,1,0,97,75,0,NA,0,0,0,0,0,0,0
1640348,1,"Liga Nacional","Liga Endesa",-402534000,NA,"https://www.acb.com/Documentos/Cabeceras/logo-competicion-1b.png","https://www.acb.com/Documentos/Cabeceras/logo-competicion-4a.png",49,1984,107,NA,NA,963,4724,NA,NA,TRUE,944,944,1667,"Clesa Ferrol","Clesa Ferrol","FER",940,431,"Estudiantes Caja Postal","Estudiantes CP","EST",1,103,12000,1,4,25,42,73,57.53,16,23,69.57,21,9,30,7,10,13,0,3,0,0,25,0,74,0,0,0,1,0,103,89,0,NA,0,0,0,0,0,0,0
1640349,1,"Liga Nacional","Liga Endesa",-402534000,NA,"https://www.acb.com/Documentos/Cabeceras/logo-competicion-1b.png","https://www.acb.com/Documentos/Cabeceras/logo-competicion-4a.png",49,1984,107,NA,NA,963,4724,NA,NA,FALSE,940,944,1667,"Clesa Ferrol","Clesa Ferrol","FER",940,431,"Estudiantes Caja Postal","Estudiantes CP","EST",1,89,12000,2,3,66.67,34,68,50,15,21,71.43,19,10,29,4,11,12,0,3,0,0,26,0,57,0,0,1,0,0,89,103,0,NA,0,0,0,0,0,0,0
1640367,1,"Liga Nacional","Liga Endesa",-402534000,NA,"https://www.acb.com/Documentos/Cabeceras/logo-competicion-1b.png","https://www.acb.com/Documentos/Cabeceras/logo-competicion-4a.png",49,1984,107,NA,NA,963,4725,NA,NA,TRUE,935,935,1336,"Breogán Caixa Galicia","Breogán","BRE",937,1381,"Lucky Canarias","Lucky Canarias","CAN",1,82,12000,3,8,37.5,32,65,49.23,9,16,56.25,23,13,36,3,10,11,0,4,0,0,19,0,60,0,0,0,1,0,82,69,0,NA,0,0,0,0,0,0,0
1640368,1,"Liga Nacional","Liga Endesa",-402534000,NA,"https://www.acb.com/Documentos/Cabeceras/logo-competicion-1b.png","https://www.acb.com/Documentos/Cabeceras/logo-competicion-4a.png",49,1984,107,NA,NA,963,4725,NA,NA,FALSE,937,935,1336,"Breogán Caixa Galicia","Breogán","BRE",937,1381,"Lucky Canarias","Lucky Canarias","CAN",1,69,12000,2,6,33.33,28,53,52.83,7,12,58.33,20,13,33,8,12,16,0,4,0,0,23,0,53,0,0,1,0,0,69,82,0,NA,0,0,0,0,0,0,0
1640387,1,"Liga Nacional","Liga Endesa",-402534000,NA,"https://www.acb.com/Documentos/Cabeceras/logo-competicion-1b.png","https://www.acb.com/Documentos/Cabeceras/logo-competicion-4a.png",49,1984,107,NA,NA,963,4726,NA,NA,TRUE,938,938,1428,"Licor 43","Licor 43","CCA",947,1866,"Collado Villalba","Coll. Villalba","VIL",1,93,12000,2,5,40,37,62,59.68,13,20,65,21,9,30,4,12,12,0,2,0,0,22,0,72,0,0,0,1,0,93,68,0,NA,0,0,0,0,0,0,0
1640388,1,"Liga Nacional","Liga Endesa",-402534000,NA,"https://www.acb.com/Documentos/Cabeceras/logo-competicion-1b.png","https://www.acb.com/Documentos/Cabeceras/logo-competicion-4a.png",49,1984,107,NA,NA,963,4726,NA,NA,FALSE,947,938,1428,"Licor 43","Licor 43","CCA",947,1866,"Collado Villalba","Coll. Villalba","VIL",1,68,12000,3,9,33.33,26,49,53.06,7,14,50,20,13,33,6,14,12,0,3,0,0,28,0,48,0,0,1,0,0,68,93,0,NA,0,0,0,0,0,0,0
1640407,1,"Liga Nacional","Liga Endesa",-402534000,NA,"https://www.acb.com/Documentos/Cabeceras/logo-competicion-1b.png","https://www.acb.com/Documentos/Cabeceras/logo-competicion-4a.png",49,1984,107,NA,NA,963,4727,NA,NA,FALSE,933,945,1027,"Caja de Ronda","Caja de Ronda","RON",933,65,"FC Barcelona","FC Barcelona","FCB",1,105,12000,2,5,40,41,73,56.16,17,20,85,23,7,30,3,13,14,0,3,0,0,22,0,80,0,0,0,1,0,105,85,0,NA,0,0,0,0,0,0,0
1640406,1,"Liga Nacional","Liga Endesa",-402534000,NA,"https://www.acb.com/Documentos/Cabeceras/logo-competicion-1b.png","https://www.acb.com/Documentos/Cabeceras/logo-competicion-4a.png",49,1984,107,NA,NA,963,4727,NA,NA,TRUE,945,945,1027,"Caja de Ronda","Caja de Ronda","RON",933,65,"FC Barcelona","FC Barcelona","FCB",1,85,12000,1,4,25,36,62,58.06,10,18,55.56,19,9,28,5,9,15,0,4,0,0,23,0,56,0,0,1,0,0,85,105,0,NA,0,0,0,0,0,0,0
1640424,1,"Liga Nacional","Liga Endesa",-402534000,NA,"https://www.acb.com/Documentos/Cabeceras/logo-competicion-1b.png","https://www.acb.com/Documentos/Cabeceras/logo-competicion-4a.png",49,1984,107,NA,NA,963,4728,NA,NA,TRUE,946,946,1817,"Fórum Valladolid","Fórum Vall.","FOR",941,1487,"Cacaolat Granollers","C. Granollers","GRN",1,89,12000,0,0,0,39,69,56.52,11,17,64.71,24,12,36,6,11,16,0,5,0,0,23,0,72,0,0,1,0,0,89,91,0,NA,0,0,0,0,0,0,0
1640425,1,"Liga Nacional","Liga Endesa",-402534000,NA,"https://www.acb.com/Documentos/Cabeceras/logo-competicion-1b.png","https://www.acb.com/Documentos/Cabeceras/logo-competicion-4a.png",49,1984,107,NA,NA,963,4728,NA,NA,FALSE,941,946,1817,"Fórum Valladolid","Fórum Vall.","FOR",941,1487,"Cacaolat Granollers","C. Granollers","GRN",1,91,12000,3,4,75,32,59,54.24,18,22,81.82,20,11,31,5,9,13,0,4,0,0,18,0,77,0,0,0,1,0,91,89,0,NA,0,0,0,0,0,0,0
1640442,1,"Liga Nacional","Liga Endesa",-402534000,NA,"https://www.acb.com/Documentos/Cabeceras/logo-competicion-1b.png","https://www.acb.com/Documentos/Cabeceras/logo-competicion-4a.png",49,1984,107,NA,NA,963,4729,NA,NA,TRUE,939,939,1438,"Español","Español","ESP",948,1884,"CAI Zaragoza","CAI Zaragoza","CBZ",1,88,12000,3,7,42.86,34,62,54.84,11,18,61.11,20,9,29,6,9,15,0,2,0,0,22,0,58,0,0,0,1,0,88,85,0,NA,0,0,0,0,0,0,0
1640443,1,"Liga Nacional","Liga Endesa",-402534000,NA,"https://www.acb.com/Documentos/Cabeceras/logo-competicion-1b.png","https://www.acb.com/Documentos/Cabeceras/logo-competicion-4a.png",49,1984,107,NA,NA,963,4729,NA,NA,FALSE,948,939,1438,"Español","Español","ESP",948,1884,"CAI Zaragoza","CAI Zaragoza","CBZ",1,85,12000,2,5,40,32,63,50.79,15,18,83.33,21,12,33,4,9,15,0,5,0,0,21,0,63,0,0,1,0,0,85,88,0,NA,0,0,0,0,0,0,0
1640459,1,"Liga Nacional","Liga Endesa",-402534000,NA,"https://www.acb.com/Documentos/Cabeceras/logo-competicion-1b.png","https://www.acb.com/Documentos/Cabeceras/logo-competicion-4a.png",49,1984,107,NA,NA,964,4730,NA,NA,TRUE,936,936,1377,"Cajamadrid","Cajamadrid","CJM",935,1336,"Breogán Caixa Galicia","Breogán","BRE",1,81,12000,5,11,45.45,29,57,50.88,8,12,66.67,18,9,27,4,8,12,0,3,0,0,22,0,51,0,0,1,0,0,81,83,0,NA,0,0,0,0,0,0,0
1640460,1,"Liga Nacional","Liga Endesa",-402534000,NA,"https://www.acb.com/Documentos/Cabeceras/logo-competicion-1b.png","https://www.acb.com/Documentos/Cabeceras/logo-competicion-4a.png",49,1984,107,NA,NA,964,4730,NA,NA,FALSE,935,936,1377,"Cajamadrid","Cajamadrid","CJM",935,1336,"Breogán Caixa Galicia","Breogán","BRE",1,83,12000,1,2,50,35,68,51.47,10,16,62.5,21,10,31,2,8,10,0,4,0,0,18,0,60,0,0,0,1,0,83,81,0,NA,0,0,0,0,0,0,0
1640479,1,"Liga Nacional","Liga Endesa",-402534000,NA,"https://www.acb.com/Documentos/Cabeceras/logo-competicion-1b.png","https://www.acb.com/Documentos/Cabeceras/logo-competicion-4a.png",49,1984,107,NA,NA,964,4731,NA,NA,TRUE,937,937,1381,"Lucky Canarias","Lucky Canarias","CAN",944,1667,"Clesa Ferrol","Clesa Ferrol","FER",1,87,12000,2,6,33.33,34,65,52.31,13,20,65,18,12,30,8,10,15,0,3,0,0,21,0,60,0,0,0,1,0,87,78,0,NA,0,0,0,0,0,0,0
1640480,1,"Liga Nacional","Liga Endesa",-402534000,NA,"https://www.acb.com/Documentos/Cabeceras/logo-competicion-1b.png","https://www.acb.com/Documentos/Cabeceras/logo-competicion-4a.png",49,1984,107,NA,NA,964,4731,NA,NA,FALSE,944,937,1381,"Lucky Canarias","Lucky Canarias","CAN",944,1667,"Clesa Ferrol","Clesa Ferrol","FER",1,78,12000,2,5,40,29,47,61.7,14,16,87.5,22,9,31,6,10,14,0,3,0,0,27,0,64,0,0,1,0,0,78,87,0,NA,0,0,0,0,0,0,0
1640499,1,"Liga Nacional","Liga Endesa",-402534000,NA,"https://www.acb.com/Documentos/Cabeceras/logo-competicion-1b.png","https://www.acb.com/Documentos/Cabeceras/logo-competicion-4a.png",49,1984,107,NA,NA,964,4732,NA,NA,FALSE,943,940,431,"Estudiantes Caja Postal","Estudiantes CP","EST",943,722,"Real Madrid","Real Madrid","RMB",1,95,12000,1,4,25,38,66,57.58,16,21,76.19,22,11,33,4,13,14,0,8,0,0,22,0,81,0,0,0,1,0,95,90,0,NA,0,0,0,0,0,0,0
1640498,1,"Liga Nacional","Liga Endesa",-402534000,NA,"https://www.acb.com/Documentos/Cabeceras/logo-competicion-1b.png","https://www.acb.com/Documentos/Cabeceras/logo-competicion-4a.png",49,1984,107,NA,NA,964,4732,NA,NA,TRUE,940,940,431,"Estudiantes Caja Postal","Estudiantes CP","EST",943,722,"Real Madrid","Real Madrid","RMB",1,90,12000,1,4,25,37,66,56.06,13,18,72.22,18,10,28,3,9,10,0,2,0,0,25,0,60,0,0,1,0,0,90,95,0,NA,0,0,0,0,0,0,0
1640520,1,"Liga Nacional","Liga Endesa",-402534000,NA,"https://www.acb.com/Documentos/Cabeceras/logo-competicion-1b.png","https://www.acb.com/Documentos/Cabeceras/logo-competicion-4a.png",49,1984,107,NA,NA,964,4733,NA,NA,FALSE,942,934,186,"Caja Álava","Caja Álava","BAS",942,590,"Ron Negrita Joventut","Joventut","JOV",1,100,12000,3,9,33.33,39,69,56.52,13,22,59.09,23,12,35,3,13,14,0,1,0,0,22,0,71,0,0,0,1,0,100,85,0,NA,0,0,0,0,0,0,0
1640519,1,"Liga Nacional","Liga Endesa",-402534000,NA,"https://www.acb.com/Documentos/Cabeceras/logo-competicion-1b.png","https://www.acb.com/Documentos/Cabeceras/logo-competicion-4a.png",49,1984,107,NA,NA,964,4733,NA,NA,TRUE,934,934,186,"Caja Álava","Caja Álava","BAS",942,590,"Ron Negrita Joventut","Joventut","JOV",1,85,12000,1,3,33.33,37,73,50.68,8,15,53.33,22,11,33,7,10,15,0,3,0,0,21,0,57,0,0,1,0,0,85,100,0,NA,0,0,0,0,0,0,0
1640540,1,"Liga Nacional","Liga Endesa",-402534000,NA,"https://www.acb.com/Documentos/Cabeceras/logo-competicion-1b.png","https://www.acb.com/Documentos/Cabeceras/logo-competicion-4a.png",49,1984,107,NA,NA,964,4734,NA,NA,TRUE,947,947,1866,"Collado Villalba","Coll. Villalba","VIL",939,1438,"Español","Español","ESP",1,98,12000,3,9,33.33,39,78,50,11,14,78.57,19,11,30,5,14,12,0,3,0,0,28,0,62,0,0,0,1,0,98,83,0,NA,0,0,0,0,0,0,0
1640541,1,"Liga Nacional","Liga Endesa",-402534000,NA,"https://www.acb.com/Documentos/Cabeceras/logo-competicion-1b.png","https://www.acb.com/Documentos/Cabeceras/logo-competicion-4a.png",49,1984,107,NA,NA,964,4734,NA,NA,FALSE,939,947,1866,"Collado Villalba","Coll. Villalba","VIL",939,1438,"Español","Español","ESP",1,83,12000,1,4,25,34,65,52.31,12,22,54.55,21,8,29,7,11,16,0,1,0,0,23,0,48,0,0,1,0,0,83,98,0,NA,0,0,0,0,0,0,0
1640560,1,"Liga Nacional","Liga Endesa",-402534000,NA,"https://www.acb.com/Documentos/Cabeceras/logo-competicion-1b.png","https://www.acb.com/Documentos/Cabeceras/logo-competicion-4a.png",49,1984,107,NA,NA,964,4735,NA,NA,TRUE,948,948,1884,"CAI Zaragoza","CAI Zaragoza","CBZ",946,1817,"Fórum Valladolid","Fórum Vall.","FOR",1,101,12000,2,6,33.33,37,74,50,21,27,77.78,22,13,35,5,9,17,0,5,0,0,22,0,69,0,0,0,1,0,101,86,0,NA,0,0,0,0,0,0,0
1640561,1,"Liga Nacional","Liga Endesa",-402534000,NA,"https://www.acb.com/Documentos/Cabeceras/logo-competicion-1b.png","https://www.acb.com/Documentos/Cabeceras/logo-competicion-4a.png",49,1984,107,NA,NA,964,4735,NA,NA,FALSE,946,948,1884,"CAI Zaragoza","CAI Zaragoza","CBZ",946,1817,"Fórum Valladolid","Fórum Vall.","FOR",1,86,12000,3,6,50,32,60,53.33,13,23,56.52,22,9,31,6,9,15,0,4,0,0,21,0,59,0,0,1,0,0,86,101,0,NA,0,0,0,0,0,0,0
1640580,1,"Liga Nacional","Liga Endesa",-402534000,NA,"https://www.acb.com/Documentos/Cabeceras/logo-competicion-1b.png","https://www.acb.com/Documentos/Cabeceras/logo-competicion-4a.png",49,1984,107,NA,NA,964,4736,NA,NA,FALSE,945,941,1487,"Cacaolat Granollers","C. Granollers","GRN",945,1027,"Caja de Ronda","Caja de Ronda","RON",1,83,12000,1,2,50,33,60,55,14,16,87.5,19,9,28,5,10,15,0,4,0,0,24,0,61,0,0,1,0,0,83,95,0,NA,0,0,0,0,0,0,0
1640579,1,"Liga Nacional","Liga Endesa",-402534000,NA,"https://www.acb.com/Documentos/Cabeceras/logo-competicion-1b.png","https://www.acb.com/Documentos/Cabeceras/logo-competicion-4a.png",49,1984,107,NA,NA,964,4736,NA,NA,TRUE,941,941,1487,"Cacaolat Granollers","C. Granollers","GRN",945,1027,"Caja de Ronda","Caja de Ronda","RON",1,95,12000,0,4,0,39,76,51.32,17,24,70.83,21,10,31,5,10,14,0,4,0,0,20,0,63,0,0,0,1,0,95,83,0,NA,0,0,0,0,0,0,0
1640600,1,"Liga Nacional","Liga Endesa",-402534000,NA,"https://www.acb.com/Documentos/Cabeceras/logo-competicion-1b.png","https://www.acb.com/Documentos/Cabeceras/logo-competicion-4a.png",49,1984,107,NA,NA,964,4737,NA,NA,FALSE,938,933,65,"FC Barcelona","FC Barcelona","FCB",938,1428,"Licor 43","Licor 43","CCA",1,101,12000,3,8,37.5,40,77,51.95,12,21,57.14,22,9,31,4,13,13,0,2,0,0,21,0,66,0,0,1,0,0,101,109,0,NA,0,0,0,0,0,0,0
1640599,1,"Liga Nacional","Liga Endesa",-402534000,NA,"https://www.acb.com/Documentos/Cabeceras/logo-competicion-1b.png","https://www.acb.com/Documentos/Cabeceras/logo-competicion-4a.png",49,1984,107,NA,NA,964,4737,NA,NA,TRUE,933,933,65,"FC Barcelona","FC Barcelona","FCB",938,1428,"Licor 43","Licor 43","CCA",1,109,12000,3,7,42.86,42,72,58.33,16,22,72.73,24,7,31,4,12,15,0,3,0,0,23,0,81,0,0,0,1,0,109,101,0,NA,0,0,0,0,0,0,0
1640618,1,"Liga Nacional","Liga Endesa",-402534000,NA,"https://www.acb.com/Documentos/Cabeceras/logo-competicion-1b.png","https://www.acb.com/Documentos/Cabeceras/logo-competicion-4a.png",49,1984,107,NA,NA,965,4738,NA,NA,TRUE,934,934,186,"Caja Álava","Caja Álava","BAS",936,1377,"Cajamadrid","Cajamadrid","CJM",1,82,12000,0,2,0,35,68,51.47,12,16,75,20,10,30,6,9,14,0,3,0,0,18,0,59,0,0,0,1,0,82,81,0,NA,0,0,0,0,0,0,0
1640619,1,"Liga Nacional","Liga Endesa",-402534000,NA,"https://www.acb.com/Documentos/Cabeceras/logo-competicion-1b.png","https://www.acb.com/Documentos/Cabeceras/logo-competicion-4a.png",49,1984,107,NA,NA,965,4738,NA,NA,FALSE,936,934,186,"Caja Álava","Caja Álava","BAS",936,1377,"Cajamadrid","Cajamadrid","CJM",1,81,12000,1,4,25,34,58,58.62,10,16,62.5,17,7,24,7,10,13,0,3,0,0,22,0,57,0,0,1,0,0,81,82,0,NA,0,0,0,0,0,0,0
1640642,1,"Liga Nacional","Liga Endesa",-402534000,NA,"https://www.acb.com/Documentos/Cabeceras/logo-competicion-1b.png","https://www.acb.com/Documentos/Cabeceras/logo-competicion-4a.png",49,1984,107,NA,NA,965,4739,NA,NA,FALSE,940,942,590,"Ron Negrita Joventut","Joventut","JOV",940,431,"Estudiantes Caja Postal","Estudiantes CP","EST",1,83,12000,0,3,0,35,67,52.24,13,21,61.9,20,11,31,4,11,12,0,3,0,0,28,0,49,0,0,1,0,0,83,103,0,NA,0,0,0,0,0,0,0
1640641,1,"Liga Nacional","Liga Endesa",-402534000,NA,"https://www.acb.com/Documentos/Cabeceras/logo-competicion-1b.png","https://www.acb.com/Documentos/Cabeceras/logo-competicion-4a.png",49,1984,107,NA,NA,965,4739,NA,NA,TRUE,942,942,590,"Ron Negrita Joventut","Joventut","JOV",940,431,"Estudiantes Caja Postal","Estudiantes CP","EST",1,103,12000,4,9,44.44,39,71,54.93,13,20,65,22,11,33,3,14,15,0,1,0,0,23,0,72,0,0,0,1,0,103,83,0,NA,0,0,0,0,0,0,0
1640662,1,"Liga Nacional","Liga Endesa",-402534000,NA,"https://www.acb.com/Documentos/Cabeceras/logo-competicion-1b.png","https://www.acb.com/Documentos/Cabeceras/logo-competicion-4a.png",49,1984,107,NA,NA,965,4740,NA,NA,TRUE,943,943,722,"Real Madrid","Real Madrid","RMB",937,1381,"Lucky Canarias","Lucky Canarias","CAN",1,93,12000,1,4,25,40,74,54.05,10,12,83.33,24,12,36,5,13,15,0,8,0,0,24,0,77,0,0,0,1,0,93,75,0,NA,0,0,0,0,0,0,0
1640663,1,"Liga Nacional","Liga Endesa",-402534000,NA,"https://www.acb.com/Documentos/Cabeceras/logo-competicion-1b.png","https://www.acb.com/Documentos/Cabeceras/logo-competicion-4a.png",49,1984,107,NA,NA,965,4740,NA,NA,FALSE,937,943,722,"Real Madrid","Real Madrid","RMB",937,1381,"Lucky Canarias","Lucky Canarias","CAN",1,75,12000,1,5,20,30,62,48.39,12,20,60,19,13,32,7,10,16,0,3,0,0,23,0,44,0,0,1,0,0,75,93,0,NA,0,0,0,0,0,0,0
1640683,1,"Liga Nacional","Liga Endesa",-402534000,NA,"https://www.acb.com/Documentos/Cabeceras/logo-competicion-1b.png","https://www.acb.com/Documentos/Cabeceras/logo-competicion-4a.png",49,1984,107,NA,NA,965,4741,NA,NA,TRUE,944,944,1667,"Clesa Ferrol","Clesa Ferrol","FER",935,1336,"Breogán Caixa Galicia","Breogán","BRE",1,102,12000,3,7,42.86,39,66,59.09,15,22,68.18,22,8,30,6,10,14,0,2,0,0,25,0,73,0,0,0,1,0,102,86,0,NA,0,0,0,0,0,0,0
1640684,1,"Liga Nacional","Liga Endesa",-402534000,NA,"https://www.acb.com/Documentos/Cabeceras/logo-competicion-1b.png","https://www.acb.com/Documentos/Cabeceras/logo-competicion-4a.png",49,1984,107,NA,NA,965,4741,NA,NA,FALSE,935,944,1667,"Clesa Ferrol","Clesa Ferrol","FER",935,1336,"Breogán Caixa Galicia","Breogán","BRE",1,86,12000,1,5,20,35,74,47.3,13,16,81.25,22,10,32,3,10,11,0,3,0,0,19,0,58,0,0,1,0,0,86,102,0,NA,0,0,0,0,0,0,0
1640705,1,"Liga Nacional","Liga Endesa",-402534000,NA,"https://www.acb.com/Documentos/Cabeceras/logo-competicion-1b.png","https://www.acb.com/Documentos/Cabeceras/logo-competicion-4a.png",49,1984,107,NA,NA,965,4742,NA,NA,TRUE,933,933,65,"FC Barcelona","FC Barcelona","FCB",947,1866,"Collado Villalba","Coll. Villalba","VIL",1,100,12000,4,8,50,37,70,52.86,14,18,77.78,24,8,32,4,13,16,0,2,0,0,25,0,69,0,0,0,1,0,100,85,0,NA,0,0,0,0,0,0,0
1640706,1,"Liga Nacional","Liga Endesa",-402534000,NA,"https://www.acb.com/Documentos/Cabeceras/logo-competicion-1b.png","https://www.acb.com/Documentos/Cabeceras/logo-competicion-4a.png",49,1984,107,NA,NA,965,4742,NA,NA,FALSE,947,933,65,"FC Barcelona","FC Barcelona","FCB",947,1866,"Collado Villalba","Coll. Villalba","VIL",1,85,12000,3,9,33.33,34,69,49.28,8,14,57.14,17,11,28,4,10,11,0,3,0,0,26,0,46,0,0,1,0,0,85,100,0,NA,0,0,0,0,0,0,0
1640724,1,"Liga Nacional","Liga Endesa",-402534000,NA,"https://www.acb.com/Documentos/Cabeceras/logo-competicion-1b.png","https://www.acb.com/Documentos/Cabeceras/logo-competicion-4a.png",49,1984,107,NA,NA,965,4743,NA,NA,FALSE,941,938,1428,"Licor 43","Licor 43","CCA",941,1487,"Cacaolat Granollers","C. Granollers","GRN",1,86,12000,1,5,20,36,68,52.94,11,17,64.71,20,9,29,4,9,14,0,3,0,0,20,0,55,0,0,1,0,0,86,95,0,NA,0,0,0,0,0,0,0
1640723,1,"Liga Nacional","Liga Endesa",-402534000,NA,"https://www.acb.com/Documentos/Cabeceras/logo-competicion-1b.png","https://www.acb.com/Documentos/Cabeceras/logo-competicion-4a.png",49,1984,107,NA,NA,965,4743,NA,NA,TRUE,938,938,1428,"Licor 43","Licor 43","CCA",941,1487,"Cacaolat Granollers","C. Granollers","GRN",1,95,12000,4,8,50,37,68,54.41,9,15,60,19,8,27,4,12,12,0,2,0,0,20,0,67,0,0,0,1,0,95,86,0,NA,0,0,0,0,0,0,0
1640743,1,"Liga Nacional","Liga Endesa",-402534000,NA,"https://www.acb.com/Documentos/Cabeceras/logo-competicion-1b.png","https://www.acb.com/Documentos/Cabeceras/logo-competicion-4a.png",49,1984,107,NA,NA,965,4744,NA,NA,TRUE,945,945,1027,"Caja de Ronda","Caja de Ronda","RON",948,1884,"CAI Zaragoza","CAI Zaragoza","CBZ",1,108,12000,1,2,50,45,75,60,15,20,75,18,9,27,4,8,13,0,3,0,0,23,0,78,0,0,0,1,0,108,107,0,NA,0,0,0,0,0,0,0
1640744,1,"Liga Nacional","Liga Endesa",-402534000,NA,"https://www.acb.com/Documentos/Cabeceras/logo-competicion-1b.png","https://www.acb.com/Documentos/Cabeceras/logo-competicion-4a.png",49,1984,107,NA,NA,965,4744,NA,NA,FALSE,948,945,1027,"Caja de Ronda","Caja de Ronda","RON",948,1884,"CAI Zaragoza","CAI Zaragoza","CBZ",1,107,12000,3,8,37.5,40,77,51.95,18,20,90,22,13,35,5,9,16,0,6,0,0,22,0,80,0,0,1,0,0,107,108,0,NA,0,0,0,0,0,0,0
1640761,1,"Liga Nacional","Liga Endesa",-402534000,NA,"https://www.acb.com/Documentos/Cabeceras/logo-competicion-1b.png","https://www.acb.com/Documentos/Cabeceras/logo-competicion-4a.png",49,1984,107,NA,NA,965,4745,NA,NA,TRUE,946,946,1817,"Fórum Valladolid","Fórum Vall.","FOR",939,1438,"Español","Español","ESP",1,83,12000,1,2,50,33,53,62.26,14,20,70,20,9,29,6,9,12,0,4,0,0,19,0,73,0,0,0,1,0,83,77,0,NA,0,0,0,0,0,0,0
1640762,1,"Liga Nacional","Liga Endesa",-402534000,NA,"https://www.acb.com/Documentos/Cabeceras/logo-competicion-1b.png","https://www.acb.com/Documentos/Cabeceras/logo-competicion-4a.png",49,1984,107,NA,NA,965,4745,NA,NA,FALSE,939,946,1817,"Fórum Valladolid","Fórum Vall.","FOR",939,1438,"Español","Español","ESP",1,77,12000,1,4,25,33,59,55.93,8,12,66.67,21,7,28,7,11,16,0,1,0,0,23,0,52,0,0,1,0,0,77,83,0,NA,0,0,0,0,0,0,0
1640875,1,"Liga Nacional","Liga Endesa",-402534000,NA,"https://www.acb.com/Documentos/Cabeceras/logo-competicion-1b.png","https://www.acb.com/Documentos/Cabeceras/logo-competicion-4a.png",49,1984,107,NA,NA,966,4751,NA,NA,FALSE,945,939,1438,"Español","Español","ESP",945,1027,"Caja de Ronda","Caja de Ronda","RON",1,99,12000,2,6,33.33,40,73,54.79,13,19,68.42,17,8,25,3,7,11,0,3,0,0,20,0,63,0,0,0,1,0,99,72,0,NA,0,0,0,0,0,0,0
1640874,1,"Liga Nacional","Liga Endesa",-402534000,NA,"https://www.acb.com/Documentos/Cabeceras/logo-competicion-1b.png","https://www.acb.com/Documentos/Cabeceras/logo-competicion-4a.png",49,1984,107,NA,NA,966,4751,NA,NA,TRUE,939,939,1438,"Español","Español","ESP",945,1027,"Caja de Ronda","Caja de Ronda","RON",1,72,12000,1,3,33.33,28,53,52.83,13,20,65,21,8,29,4,9,13,0,1,0,0,22,0,46,0,0,1,0,0,72,99,0,NA,0,0,0,0,0,0,0
1640856,1,"Liga Nacional","Liga Endesa",-402534000,NA,"https://www.acb.com/Documentos/Cabeceras/logo-competicion-1b.png","https://www.acb.com/Documentos/Cabeceras/logo-competicion-4a.png",49,1984,107,NA,NA,966,4750,NA,NA,TRUE,946,946,1817,"Fórum Valladolid","Fórum Vall.","FOR",947,1866,"Collado Villalba","Coll. Villalba","VIL",1,91,12000,2,5,40,34,59,57.63,17,27,62.96,20,9,29,6,9,12,0,4,0,0,18,0,71,0,0,0,1,0,91,88,0,NA,0,0,0,0,0,0,0
1640857,1,"Liga Nacional","Liga Endesa",-402534000,NA,"https://www.acb.com/Documentos/Cabeceras/logo-competicion-1b.png","https://www.acb.com/Documentos/Cabeceras/logo-competicion-4a.png",49,1984,107,NA,NA,966,4750,NA,NA,FALSE,947,946,1817,"Fórum Valladolid","Fórum Vall.","FOR",947,1866,"Collado Villalba","Coll. Villalba","VIL",1,88,12000,2,4,50,39,79,49.37,4,9,44.44,18,11,29,3,10,11,0,3,0,0,27,0,48,0,0,1,0,0,88,91,0,NA,0,0,0,0,0,0,0
1640894,1,"Liga Nacional","Liga Endesa",-402534000,NA,"https://www.acb.com/Documentos/Cabeceras/logo-competicion-1b.png","https://www.acb.com/Documentos/Cabeceras/logo-competicion-4a.png",49,1984,107,NA,NA,966,4752,NA,NA,TRUE,948,948,1884,"CAI Zaragoza","CAI Zaragoza","CBZ",938,1428,"Licor 43","Licor 43","CCA",1,98,12000,1,5,20,38,78,48.72,19,28,67.86,23,12,35,3,9,16,0,5,0,0,22,0,59,0,0,0,1,0,98,97,0,NA,0,0,0,0,0,0,0
1640895,1,"Liga Nacional","Liga Endesa",-402534000,NA,"https://www.acb.com/Documentos/Cabeceras/logo-competicion-1b.png","https://www.acb.com/Documentos/Cabeceras/logo-competicion-4a.png",49,1984,107,NA,NA,966,4752,NA,NA,FALSE,938,948,1884,"CAI Zaragoza","CAI Zaragoza","CBZ",938,1428,"Licor 43","Licor 43","CCA",1,97,12000,3,5,60,39,69,56.52,10,16,62.5,19,7,26,3,12,11,0,2,0,0,20,0,71,0,0,1,0,0,97,98,0,NA,0,0,0,0,0,0,0
1640914,1,"Liga Nacional","Liga Endesa",-402534000,NA,"https://www.acb.com/Documentos/Cabeceras/logo-competicion-1b.png","https://www.acb.com/Documentos/Cabeceras/logo-competicion-4a.png",49,1984,107,NA,NA,966,4753,NA,NA,TRUE,941,941,1487,"Cacaolat Granollers","C. Granollers","GRN",933,65,"FC Barcelona","FC Barcelona","FCB",1,81,12000,2,4,50,30,61,49.18,15,22,68.18,22,9,31,3,10,14,0,3,0,0,22,0,52,0,0,1,0,0,81,91,0,NA,0,0,0,0,0,0,0
1640915,1,"Liga Nacional","Liga Endesa",-402534000,NA,"https://www.acb.com/Documentos/Cabeceras/logo-competicion-1b.png","https://www.acb.com/Documentos/Cabeceras/logo-competicion-4a.png",49,1984,107,NA,NA,966,4753,NA,NA,FALSE,933,941,1487,"Cacaolat Granollers","C. Granollers","GRN",933,65,"FC Barcelona","FC Barcelona","FCB",1,91,12000,3,9,33.33,35,63,55.56,12,17,70.59,21,6,27,4,11,15,0,2,0,0,23,0,58,0,0,0,1,0,91,81,0,NA,0,0,0,0,0,0,0
1640781,1,"Liga Nacional","Liga Endesa",-402534000,NA,"https://www.acb.com/Documentos/Cabeceras/logo-competicion-1b.png","https://www.acb.com/Documentos/Cabeceras/logo-competicion-4a.png",49,1984,107,NA,NA,966,4746,NA,NA,TRUE,944,944,1667,"Clesa Ferrol","Clesa Ferrol","FER",936,1377,"Cajamadrid","Cajamadrid","CJM",1,88,12000,2,4,50,35,59,59.32,12,16,75,20,7,27,6,10,12,0,2,0,0,22,0,69,0,0,1,0,0,88,90,0,NA,0,0,0,0,0,0,0
1640782,1,"Liga Nacional","Liga Endesa",-402534000,NA,"https://www.acb.com/Documentos/Cabeceras/logo-competicion-1b.png","https://www.acb.com/Documentos/Cabeceras/logo-competicion-4a.png",49,1984,107,NA,NA,966,4746,NA,NA,FALSE,936,944,1667,"Clesa Ferrol","Clesa Ferrol","FER",936,1377,"Cajamadrid","Cajamadrid","CJM",1,90,12000,3,7,42.86,34,61,55.74,13,22,59.09,18,8,26,7,11,14,0,3,0,0,24,0,59,0,0,0,1,0,90,88,0,NA,0,0,0,0,0,0,0
1640803,1,"Liga Nacional","Liga Endesa",-402534000,NA,"https://www.acb.com/Documentos/Cabeceras/logo-competicion-1b.png","https://www.acb.com/Documentos/Cabeceras/logo-competicion-4a.png",49,1984,107,NA,NA,966,4747,NA,NA,FALSE,943,935,1336,"Breogán Caixa Galicia","Breogán","BRE",943,722,"Real Madrid","Real Madrid","RMB",1,101,12000,2,4,50,40,74,54.05,15,19,78.95,24,12,36,5,12,14,0,8,0,0,23,0,85,0,0,0,1,0,101,70,0,NA,0,0,0,0,0,0,0
1640802,1,"Liga Nacional","Liga Endesa",-402534000,NA,"https://www.acb.com/Documentos/Cabeceras/logo-competicion-1b.png","https://www.acb.com/Documentos/Cabeceras/logo-competicion-4a.png",49,1984,107,NA,NA,966,4747,NA,NA,TRUE,935,935,1336,"Breogán Caixa Galicia","Breogán","BRE",943,722,"Real Madrid","Real Madrid","RMB",1,70,12000,2,4,50,27,58,46.55,10,17,58.82,16,10,26,3,10,11,0,2,0,0,18,0,42,0,0,1,0,0,70,101,0,NA,0,0,0,0,0,0,0
1640820,1,"Liga Nacional","Liga Endesa",-402534000,NA,"https://www.acb.com/Documentos/Cabeceras/logo-competicion-1b.png","https://www.acb.com/Documentos/Cabeceras/logo-competicion-4a.png",49,1984,107,NA,NA,966,4748,NA,NA,FALSE,942,937,1381,"Lucky Canarias","Lucky Canarias","CAN",942,590,"Ron Negrita Joventut","Joventut","JOV",1,91,12000,2,3,66.67,36,69,52.17,13,17,76.47,21,10,31,2,12,13,0,1,0,0,19,0,67,0,0,0,1,0,91,80,0,NA,0,0,0,0,0,0,0
1640819,1,"Liga Nacional","Liga Endesa",-402534000,NA,"https://www.acb.com/Documentos/Cabeceras/logo-competicion-1b.png","https://www.acb.com/Documentos/Cabeceras/logo-competicion-4a.png",49,1984,107,NA,NA,966,4748,NA,NA,TRUE,937,937,1381,"Lucky Canarias","Lucky Canarias","CAN",942,590,"Ron Negrita Joventut","Joventut","JOV",1,80,12000,1,5,20,31,61,50.82,15,19,78.95,17,11,28,5,8,14,0,3,0,0,18,0,54,0,0,1,0,0,80,91,0,NA,0,0,0,0,0,0,0
1640838,1,"Liga Nacional","Liga Endesa",-402534000,NA,"https://www.acb.com/Documentos/Cabeceras/logo-competicion-1b.png","https://www.acb.com/Documentos/Cabeceras/logo-competicion-4a.png",49,1984,107,NA,NA,966,4749,NA,NA,FALSE,934,940,431,"Estudiantes Caja Postal","Estudiantes CP","EST",934,186,"Caja Álava","Caja Álava","BAS",1,79,12000,1,2,50,33,64,51.56,10,15,66.67,20,9,29,6,9,13,0,3,0,0,17,0,59,0,0,0,1,0,79,70,0,NA,0,0,0,0,0,0,0
1640837,1,"Liga Nacional","Liga Endesa",-402534000,NA,"https://www.acb.com/Documentos/Cabeceras/logo-competicion-1b.png","https://www.acb.com/Documentos/Cabeceras/logo-competicion-4a.png",49,1984,107,NA,NA,966,4749,NA,NA,TRUE,940,940,431,"Estudiantes Caja Postal","Estudiantes CP","EST",934,186,"Caja Álava","Caja Álava","BAS",1,70,12000,0,3,0,30,53,56.6,10,14,71.43,19,10,29,3,10,11,0,3,0,0,26,0,48,0,0,1,0,0,70,79,0,NA,0,0,0,0,0,0,0
1641056,1,"Liga Nacional","Liga Endesa",-402534000,NA,"https://www.acb.com/Documentos/Cabeceras/logo-competicion-1b.png","https://www.acb.com/Documentos/Cabeceras/logo-competicion-4a.png",49,1984,107,NA,NA,967,4760,NA,NA,TRUE,938,938,1428,"Licor 43","Licor 43","CCA",939,1438,"Español","Español","ESP",1,90,12000,1,3,33.33,36,66,54.55,15,22,68.18,13,6,19,3,11,9,0,2,0,0,15,0,62,0,0,0,1,0,90,88,0,NA,0,0,0,0,0,0,0
1641057,1,"Liga Nacional","Liga Endesa",-402534000,NA,"https://www.acb.com/Documentos/Cabeceras/logo-competicion-1b.png","https://www.acb.com/Documentos/Cabeceras/logo-competicion-4a.png",49,1984,107,NA,NA,967,4760,NA,NA,FALSE,939,938,1428,"Licor 43","Licor 43","CCA",939,1438,"Español","Español","ESP",1,88,12000,2,5,40,35,70,50,12,16,75,20,7,27,6,11,15,0,1,0,0,23,0,53,0,0,1,0,0,88,90,0,NA,0,0,0,0,0,0,0
1640932,1,"Liga Nacional","Liga Endesa",-402534000,NA,"https://www.acb.com/Documentos/Cabeceras/logo-competicion-1b.png","https://www.acb.com/Documentos/Cabeceras/logo-competicion-4a.png",49,1984,107,NA,NA,967,4754,NA,NA,TRUE,936,936,1377,"Cajamadrid","Cajamadrid","CJM",940,431,"Estudiantes Caja Postal","Estudiantes CP","EST",1,85,12000,0,0,0,35,60,58.33,15,18,83.33,17,8,25,4,10,14,0,3,0,0,23,0,62,0,0,1,0,0,85,106,0,NA,0,0,0,0,0,0,0
1640933,1,"Liga Nacional","Liga Endesa",-402534000,NA,"https://www.acb.com/Documentos/Cabeceras/logo-competicion-1b.png","https://www.acb.com/Documentos/Cabeceras/logo-competicion-4a.png",49,1984,107,NA,NA,967,4754,NA,NA,FALSE,940,936,1377,"Cajamadrid","Cajamadrid","CJM",940,431,"Estudiantes Caja Postal","Estudiantes CP","EST",1,106,12000,1,2,50,43,84,51.19,17,22,77.27,17,8,25,2,8,8,0,3,0,0,20,0,69,0,0,0,1,0,106,85,0,NA,0,0,0,0,0,0,0
1640953,1,"Liga Nacional","Liga Endesa",-402534000,NA,"https://www.acb.com/Documentos/Cabeceras/logo-competicion-1b.png","https://www.acb.com/Documentos/Cabeceras/logo-competicion-4a.png",49,1984,107,NA,NA,967,4755,NA,NA,TRUE,934,934,186,"Caja Álava","Caja Álava","BAS",937,1381,"Lucky Canarias","Lucky Canarias","CAN",1,68,12000,1,2,50,27,55,49.09,11,18,61.11,22,9,31,6,11,14,0,3,0,0,20,0,49,0,0,1,0,0,68,80,0,NA,0,0,0,0,0,0,0
1640954,1,"Liga Nacional","Liga Endesa",-402534000,NA,"https://www.acb.com/Documentos/Cabeceras/logo-competicion-1b.png","https://www.acb.com/Documentos/Cabeceras/logo-competicion-4a.png",49,1984,107,NA,NA,967,4755,NA,NA,FALSE,937,934,186,"Caja Álava","Caja Álava","BAS",937,1381,"Lucky Canarias","Lucky Canarias","CAN",1,80,12000,1,6,16.67,32,63,50.79,13,16,81.25,18,12,30,6,9,14,0,3,0,0,21,0,54,0,0,0,1,0,80,68,0,NA,0,0,0,0,0,0,0
1640973,1,"Liga Nacional","Liga Endesa",-402534000,NA,"https://www.acb.com/Documentos/Cabeceras/logo-competicion-1b.png","https://www.acb.com/Documentos/Cabeceras/logo-competicion-4a.png",49,1984,107,NA,NA,967,4756,NA,NA,TRUE,942,942,590,"Ron Negrita Joventut","Joventut","JOV",935,1336,"Breogán Caixa Galicia","Breogán","BRE",1,89,12000,1,4,25,36,65,55.38,14,21,66.67,22,10,32,3,12,15,0,1,0,0,21,0,62,0,0,0,1,0,89,71,0,NA,0,0,0,0,0,0,0
1640974,1,"Liga Nacional","Liga Endesa",-402534000,NA,"https://www.acb.com/Documentos/Cabeceras/logo-competicion-1b.png","https://www.acb.com/Documentos/Cabeceras/logo-competicion-4a.png",49,1984,107,NA,NA,967,4756,NA,NA,FALSE,935,942,590,"Ron Negrita Joventut","Joventut","JOV",935,1336,"Breogán Caixa Galicia","Breogán","BRE",1,71,12000,1,2,50,28,59,47.46,12,19,63.16,14,9,23,2,9,8,0,2,0,0,15,0,45,0,0,1,0,0,71,89,0,NA,0,0,0,0,0,0,0
1640992,1,"Liga Nacional","Liga Endesa",-402534000,NA,"https://www.acb.com/Documentos/Cabeceras/logo-competicion-1b.png","https://www.acb.com/Documentos/Cabeceras/logo-competicion-4a.png",49,1984,107,NA,NA,967,4757,NA,NA,TRUE,943,943,722,"Real Madrid","Real Madrid","RMB",944,1667,"Clesa Ferrol","Clesa Ferrol","FER",1,97,12000,0,3,0,43,77,55.84,11,16,68.75,22,11,33,5,11,13,0,7,0,0,22,0,76,0,0,0,1,0,97,89,0,NA,0,0,0,0,0,0,0
1640993,1,"Liga Nacional","Liga Endesa",-402534000,NA,"https://www.acb.com/Documentos/Cabeceras/logo-competicion-1b.png","https://www.acb.com/Documentos/Cabeceras/logo-competicion-4a.png",49,1984,107,NA,NA,967,4757,NA,NA,FALSE,944,943,722,"Real Madrid","Real Madrid","RMB",944,1667,"Clesa Ferrol","Clesa Ferrol","FER",1,89,12000,4,6,66.67,34,55,61.82,9,17,52.94,18,7,25,5,8,10,0,2,0,0,20,0,68,0,0,1,0,0,89,97,0,NA,0,0,0,0,0,0,0
1641012,1,"Liga Nacional","Liga Endesa",-402534000,NA,"https://www.acb.com/Documentos/Cabeceras/logo-competicion-1b.png","https://www.acb.com/Documentos/Cabeceras/logo-competicion-4a.png",49,1984,107,NA,NA,967,4758,NA,NA,TRUE,947,947,1866,"Collado Villalba","Coll. Villalba","VIL",941,1487,"Cacaolat Granollers","C. Granollers","GRN",1,103,12000,5,11,45.45,37,76,48.68,14,16,87.5,17,11,28,3,9,10,0,3,0,0,25,0,64,0,0,1,0,0,103,105,0,NA,0,0,0,0,0,0,0
1641013,1,"Liga Nacional","Liga Endesa",-402534000,NA,"https://www.acb.com/Documentos/Cabeceras/logo-competicion-1b.png","https://www.acb.com/Documentos/Cabeceras/logo-competicion-4a.png",49,1984,107,NA,NA,967,4758,NA,NA,FALSE,941,947,1866,"Collado Villalba","Coll. Villalba","VIL",941,1487,"Cacaolat Granollers","C. Granollers","GRN",1,105,12000,2,7,28.57,43,74,58.11,13,14,92.86,21,9,30,3,10,14,0,3,0,0,22,0,78,0,0,0,1,0,105,103,0,NA,0,0,0,0,0,0,0
1641037,1,"Liga Nacional","Liga Endesa",-402534000,NA,"https://www.acb.com/Documentos/Cabeceras/logo-competicion-1b.png","https://www.acb.com/Documentos/Cabeceras/logo-competicion-4a.png",49,1984,107,NA,NA,967,4759,NA,NA,FALSE,948,933,65,"FC Barcelona","FC Barcelona","FCB",948,1884,"CAI Zaragoza","CAI Zaragoza","CBZ",1,89,12000,2,6,33.33,36,74,48.65,11,18,61.11,22,12,34,3,9,15,0,5,0,0,23,0,53,0,0,1,0,0,89,117,0,NA,0,0,0,0,0,0,0
1641036,1,"Liga Nacional","Liga Endesa",-402534000,NA,"https://www.acb.com/Documentos/Cabeceras/logo-competicion-1b.png","https://www.acb.com/Documentos/Cabeceras/logo-competicion-4a.png",49,1984,107,NA,NA,967,4759,NA,NA,TRUE,933,933,65,"FC Barcelona","FC Barcelona","FCB",948,1884,"CAI Zaragoza","CAI Zaragoza","CBZ",1,117,12000,2,8,25,48,78,61.54,15,21,71.43,22,7,29,4,11,14,0,2,0,0,25,0,82,0,0,0,1,0,117,89,0,NA,0,0,0,0,0,0,0
1641076,1,"Liga Nacional","Liga Endesa",-402534000,NA,"https://www.acb.com/Documentos/Cabeceras/logo-competicion-1b.png","https://www.acb.com/Documentos/Cabeceras/logo-competicion-4a.png",49,1984,107,NA,NA,967,4761,NA,NA,FALSE,946,945,1027,"Caja de Ronda","Caja de Ronda","RON",946,1817,"Fórum Valladolid","Fórum Vall.","FOR",1,94,12000,3,6,50,35,61,57.38,15,21,71.43,21,9,30,3,7,11,0,5,0,0,17,0,76,0,0,0,1,0,94,85,0,NA,0,0,0,0,0,0,0
1641075,1,"Liga Nacional","Liga Endesa",-402534000,NA,"https://www.acb.com/Documentos/Cabeceras/logo-competicion-1b.png","https://www.acb.com/Documentos/Cabeceras/logo-competicion-4a.png",49,1984,107,NA,NA,967,4761,NA,NA,TRUE,945,945,1027,"Caja de Ronda","Caja de Ronda","RON",946,1817,"Fórum Valladolid","Fórum Vall.","FOR",1,85,12000,2,5,40,34,64,53.12,11,17,64.71,19,7,26,4,9,14,0,3,0,0,24,0,50,0,0,1,0,0,85,94,0,NA,0,0,0,0,0,0,0
1641095,1,"Liga Nacional","Liga Endesa",-402534000,NA,"https://www.acb.com/Documentos/Cabeceras/logo-competicion-1b.png","https://www.acb.com/Documentos/Cabeceras/logo-competicion-4a.png",49,1984,107,NA,NA,968,4762,NA,NA,FALSE,935,941,1487,"Cacaolat Granollers","C. Granollers","GRN",935,1336,"Breogán Caixa Galicia","Breogán","BRE",1,70,12000,1,3,33.33,28,62,45.16,11,16,68.75,14,9,23,3,10,9,0,2,0,0,17,0,41,0,0,1,0,0,70,94,0,NA,0,0,0,0,0,0,0
1641094,1,"Liga Nacional","Liga Endesa",-402534000,NA,"https://www.acb.com/Documentos/Cabeceras/logo-competicion-1b.png","https://www.acb.com/Documentos/Cabeceras/logo-competicion-4a.png",49,1984,107,NA,NA,968,4762,NA,NA,TRUE,941,941,1487,"Cacaolat Granollers","C. Granollers","GRN",935,1336,"Breogán Caixa Galicia","Breogán","BRE",1,94,12000,1,5,20,37,77,48.05,17,22,77.27,19,10,29,4,9,15,0,1,0,0,23,0,50,0,0,0,1,0,94,70,0,NA,0,0,0,0,0,0,0
1641214,1,"Liga Nacional","Liga Endesa",-402534000,NA,"https://www.acb.com/Documentos/Cabeceras/logo-competicion-1b.png","https://www.acb.com/Documentos/Cabeceras/logo-competicion-4a.png",49,1984,107,NA,NA,968,4768,NA,NA,FALSE,944,936,1377,"Cajamadrid","Cajamadrid","CJM",944,1667,"Clesa Ferrol","Clesa Ferrol","FER",1,88,12000,2,4,50,35,62,56.45,12,15,80,19,8,27,5,7,11,0,2,0,0,22,0,64,0,0,1,0,0,88,97,0,NA,0,0,0,0,0,0,0
1641213,1,"Liga Nacional","Liga Endesa",-402534000,NA,"https://www.acb.com/Documentos/Cabeceras/logo-competicion-1b.png","https://www.acb.com/Documentos/Cabeceras/logo-competicion-4a.png",49,1984,107,NA,NA,968,4768,NA,NA,TRUE,936,936,1377,"Cajamadrid","Cajamadrid","CJM",944,1667,"Clesa Ferrol","Clesa Ferrol","FER",1,97,12000,1,2,50,42,67,62.69,10,18,55.56,16,6,22,4,10,13,0,3,0,0,21,0,68,0,0,0,1,0,97,88,0,NA,0,0,0,0,0,0,0
1641117,1,"Liga Nacional","Liga Endesa",-402534000,NA,"https://www.acb.com/Documentos/Cabeceras/logo-competicion-1b.png","https://www.acb.com/Documentos/Cabeceras/logo-competicion-4a.png",49,1984,107,NA,NA,968,4763,NA,NA,FALSE,934,933,65,"FC Barcelona","FC Barcelona","FCB",934,186,"Caja Álava","Caja Álava","BAS",1,97,12000,1,2,50,40,75,53.33,14,19,73.68,20,9,29,6,9,14,0,3,0,0,18,0,71,0,0,1,0,0,97,121,0,NA,0,0,0,0,0,0,0
1641116,1,"Liga Nacional","Liga Endesa",-402534000,NA,"https://www.acb.com/Documentos/Cabeceras/logo-competicion-1b.png","https://www.acb.com/Documentos/Cabeceras/logo-competicion-4a.png",49,1984,107,NA,NA,968,4763,NA,NA,TRUE,933,933,65,"FC Barcelona","FC Barcelona","FCB",934,186,"Caja Álava","Caja Álava","BAS",1,121,12000,4,9,44.44,46,74,62.16,17,23,73.91,22,6,28,4,11,14,0,2,0,0,24,0,89,0,0,0,1,0,121,97,0,NA,0,0,0,0,0,0,0
1641135,1,"Liga Nacional","Liga Endesa",-402534000,NA,"https://www.acb.com/Documentos/Cabeceras/logo-competicion-1b.png","https://www.acb.com/Documentos/Cabeceras/logo-competicion-4a.png",49,1984,107,NA,NA,968,4764,NA,NA,TRUE,942,942,590,"Ron Negrita Joventut","Joventut","JOV",938,1428,"Licor 43","Licor 43","CCA",1,102,12000,5,6,83.33,35,55,63.64,17,22,77.27,22,10,32,3,10,14,0,1,0,0,19,0,89,0,0,0,1,0,102,79,0,NA,0,0,0,0,0,0,0
1641136,1,"Liga Nacional","Liga Endesa",-402534000,NA,"https://www.acb.com/Documentos/Cabeceras/logo-competicion-1b.png","https://www.acb.com/Documentos/Cabeceras/logo-competicion-4a.png",49,1984,107,NA,NA,968,4764,NA,NA,FALSE,938,942,590,"Ron Negrita Joventut","Joventut","JOV",938,1428,"Licor 43","Licor 43","CCA",1,79,12000,1,2,50,31,54,57.41,14,24,58.33,16,6,22,2,10,10,0,2,0,0,19,0,52,0,0,1,0,0,79,102,0,NA,0,0,0,0,0,0,0
1641159,1,"Liga Nacional","Liga Endesa",-402534000,NA,"https://www.acb.com/Documentos/Cabeceras/logo-competicion-1b.png","https://www.acb.com/Documentos/Cabeceras/logo-competicion-4a.png",49,1984,107,NA,NA,968,4765,NA,NA,FALSE,943,946,1817,"Fórum Valladolid","Fórum Vall.","FOR",943,722,"Real Madrid","Real Madrid","RMB",1,97,12000,0,4,0,44,72,61.11,9,13,69.23,25,11,36,6,13,15,0,6,0,0,25,0,82,0,0,0,1,0,97,74,0,NA,0,0,0,0,0,0,0
1641158,1,"Liga Nacional","Liga Endesa",-402534000,NA,"https://www.acb.com/Documentos/Cabeceras/logo-competicion-1b.png","https://www.acb.com/Documentos/Cabeceras/logo-competicion-4a.png",49,1984,107,NA,NA,968,4765,NA,NA,TRUE,946,946,1817,"Fórum Valladolid","Fórum Vall.","FOR",943,722,"Real Madrid","Real Madrid","RMB",1,74,12000,0,0,0,28,54,51.85,18,28,64.29,21,10,31,5,10,14,0,5,0,0,23,0,52,0,0,1,0,0,74,97,0,NA,0,0,0,0,0,0,0
1641177,1,"Liga Nacional","Liga Endesa",-402534000,NA,"https://www.acb.com/Documentos/Cabeceras/logo-competicion-1b.png","https://www.acb.com/Documentos/Cabeceras/logo-competicion-4a.png",49,1984,107,NA,NA,968,4766,NA,NA,TRUE,945,945,1027,"Caja de Ronda","Caja de Ronda","RON",947,1866,"Collado Villalba","Coll. Villalba","VIL",1,96,12000,2,5,40,38,70,54.29,14,19,73.68,18,7,25,4,8,13,0,3,0,0,23,0,60,0,0,0,1,0,96,86,0,NA,0,0,0,0,0,0,0
1641178,1,"Liga Nacional","Liga Endesa",-402534000,NA,"https://www.acb.com/Documentos/Cabeceras/logo-competicion-1b.png","https://www.acb.com/Documentos/Cabeceras/logo-competicion-4a.png",49,1984,107,NA,NA,968,4766,NA,NA,FALSE,947,945,1027,"Caja de Ronda","Caja de Ronda","RON",947,1866,"Collado Villalba","Coll. Villalba","VIL",1,86,12000,3,7,42.86,36,72,50,5,8,62.5,17,10,27,3,8,10,0,2,0,0,25,0,48,0,0,1,0,0,86,96,0,NA,0,0,0,0,0,0,0
1641194,1,"Liga Nacional","Liga Endesa",-402534000,NA,"https://www.acb.com/Documentos/Cabeceras/logo-competicion-1b.png","https://www.acb.com/Documentos/Cabeceras/logo-competicion-4a.png",49,1984,107,NA,NA,968,4767,NA,NA,TRUE,940,940,431,"Estudiantes Caja Postal","Estudiantes CP","EST",937,1381,"Lucky Canarias","Lucky Canarias","CAN",1,82,12000,1,2,50,34,65,52.31,11,17,64.71,16,8,24,2,8,8,0,3,0,0,20,0,53,0,0,0,1,0,82,74,0,NA,0,0,0,0,0,0,0
1641195,1,"Liga Nacional","Liga Endesa",-402534000,NA,"https://www.acb.com/Documentos/Cabeceras/logo-competicion-1b.png","https://www.acb.com/Documentos/Cabeceras/logo-competicion-4a.png",49,1984,107,NA,NA,968,4767,NA,NA,FALSE,937,940,431,"Estudiantes Caja Postal","Estudiantes CP","EST",937,1381,"Lucky Canarias","Lucky Canarias","CAN",1,74,12000,1,6,16.67,28,56,50,15,22,68.18,18,12,30,6,9,14,0,3,0,0,21,0,47,0,0,1,0,0,74,82,0,NA,0,0,0,0,0,0,0
1641233,1,"Liga Nacional","Liga Endesa",-402534000,NA,"https://www.acb.com/Documentos/Cabeceras/logo-competicion-1b.png","https://www.acb.com/Documentos/Cabeceras/logo-competicion-4a.png",49,1984,107,NA,NA,968,4769,NA,NA,FALSE,939,948,1884,"CAI Zaragoza","CAI Zaragoza","CBZ",939,1438,"Español","Español","ESP",1,83,12000,1,3,33.33,35,63,55.56,10,18,55.56,19,7,26,6,11,15,0,1,0,0,20,0,54,0,0,0,1,0,83,71,0,NA,0,0,0,0,0,0,0
1641232,1,"Liga Nacional","Liga Endesa",-402534000,NA,"https://www.acb.com/Documentos/Cabeceras/logo-competicion-1b.png","https://www.acb.com/Documentos/Cabeceras/logo-competicion-4a.png",49,1984,107,NA,NA,968,4769,NA,NA,TRUE,948,948,1884,"CAI Zaragoza","CAI Zaragoza","CBZ",939,1438,"Español","Español","ESP",1,71,12000,0,3,0,28,57,49.12,15,22,68.18,22,12,34,3,9,15,0,5,0,0,21,0,47,0,0,1,0,0,71,83,0,NA,0,0,0,0,0,0,0
1641350,1,"Liga Nacional","Liga Endesa",-402534000,NA,"https://www.acb.com/Documentos/Cabeceras/logo-competicion-1b.png","https://www.acb.com/Documentos/Cabeceras/logo-competicion-4a.png",49,1984,107,NA,NA,969,4775,NA,NA,TRUE,944,944,1667,"Clesa Ferrol","Clesa Ferrol","FER",948,1884,"CAI Zaragoza","CAI Zaragoza","CBZ",1,82,12000,2,5,40,30,50,60,16,26,61.54,19,8,27,4,7,10,0,2,0,0,21,0,58,0,0,1,0,0,82,90,0,NA,0,0,0,0,0,0,0
1641351,1,"Liga Nacional","Liga Endesa",-402534000,NA,"https://www.acb.com/Documentos/Cabeceras/logo-competicion-1b.png","https://www.acb.com/Documentos/Cabeceras/logo-competicion-4a.png",49,1984,107,NA,NA,969,4775,NA,NA,FALSE,948,944,1667,"Clesa Ferrol","Clesa Ferrol","FER",948,1884,"CAI Zaragoza","CAI Zaragoza","CBZ",1,90,12000,3,7,42.86,31,61,50.82,19,23,82.61,21,11,32,3,8,14,0,2,0,0,19,0,64,0,0,0,1,0,90,82,0,NA,0,0,0,0,0,0,0
1641253,1,"Liga Nacional","Liga Endesa",-402534000,NA,"https://www.acb.com/Documentos/Cabeceras/logo-competicion-1b.png","https://www.acb.com/Documentos/Cabeceras/logo-competicion-4a.png",49,1984,107,NA,NA,969,4770,NA,NA,TRUE,943,943,722,"Real Madrid","Real Madrid","RMB",941,1487,"Cacaolat Granollers","C. Granollers","GRN",1,91,12000,0,4,0,41,71,57.75,9,19,47.37,25,11,36,5,12,15,0,6,0,0,25,0,66,0,0,0,1,0,91,70,0,NA,0,0,0,0,0,0,0
1641254,1,"Liga Nacional","Liga Endesa",-402534000,NA,"https://www.acb.com/Documentos/Cabeceras/logo-competicion-1b.png","https://www.acb.com/Documentos/Cabeceras/logo-competicion-4a.png",49,1984,107,NA,NA,969,4770,NA,NA,FALSE,941,943,722,"Real Madrid","Real Madrid","RMB",941,1487,"Cacaolat Granollers","C. Granollers","GRN",1,70,12000,0,3,0,31,62,50,8,14,57.14,18,9,27,4,8,14,0,1,0,0,20,0,36,0,0,1,0,0,70,91,0,NA,0,0,0,0,0,0,0
1641271,1,"Liga Nacional","Liga Endesa",-402534000,NA,"https://www.acb.com/Documentos/Cabeceras/logo-competicion-1b.png","https://www.acb.com/Documentos/Cabeceras/logo-competicion-4a.png",49,1984,107,NA,NA,969,4771,NA,NA,TRUE,938,938,1428,"Licor 43","Licor 43","CCA",946,1817,"Fórum Valladolid","Fórum Vall.","FOR",1,96,12000,5,11,45.45,34,64,53.12,13,13,100,20,7,27,2,11,10,0,2,0,0,19,0,73,0,0,0,1,0,96,82,0,NA,0,0,0,0,0,0,0
1641272,1,"Liga Nacional","Liga Endesa",-402534000,NA,"https://www.acb.com/Documentos/Cabeceras/logo-competicion-1b.png","https://www.acb.com/Documentos/Cabeceras/logo-competicion-4a.png",49,1984,107,NA,NA,969,4771,NA,NA,FALSE,946,938,1428,"Licor 43","Licor 43","CCA",946,1817,"Fórum Valladolid","Fórum Vall.","FOR",1,82,12000,1,3,33.33,30,53,56.6,19,24,79.17,21,9,30,5,10,13,0,4,0,0,20,0,68,0,0,1,0,0,82,96,0,NA,0,0,0,0,0,0,0
1641289,1,"Liga Nacional","Liga Endesa",-402534000,NA,"https://www.acb.com/Documentos/Cabeceras/logo-competicion-1b.png","https://www.acb.com/Documentos/Cabeceras/logo-competicion-4a.png",49,1984,107,NA,NA,969,4772,NA,NA,TRUE,934,934,186,"Caja Álava","Caja Álava","BAS",942,590,"Ron Negrita Joventut","Joventut","JOV",1,81,12000,0,0,0,33,59,55.93,15,24,62.5,20,9,29,6,9,13,0,3,0,0,16,0,64,0,0,1,0,0,81,84,0,NA,0,0,0,0,0,0,0
1641290,1,"Liga Nacional","Liga Endesa",-402534000,NA,"https://www.acb.com/Documentos/Cabeceras/logo-competicion-1b.png","https://www.acb.com/Documentos/Cabeceras/logo-competicion-4a.png",49,1984,107,NA,NA,969,4772,NA,NA,FALSE,942,934,186,"Caja Álava","Caja Álava","BAS",942,590,"Ron Negrita Joventut","Joventut","JOV",1,84,12000,2,7,28.57,33,58,56.9,12,15,80,22,10,32,3,10,14,0,1,0,0,18,0,65,0,0,0,1,0,84,81,0,NA,0,0,0,0,0,0,0
1641312,1,"Liga Nacional","Liga Endesa",-402534000,NA,"https://www.acb.com/Documentos/Cabeceras/logo-competicion-1b.png","https://www.acb.com/Documentos/Cabeceras/logo-competicion-4a.png",49,1984,107,NA,NA,969,4773,NA,NA,FALSE,933,935,1336,"Breogán Caixa Galicia","Breogán","BRE",933,65,"FC Barcelona","FC Barcelona","FCB",1,95,12000,2,6,33.33,36,60,60,17,19,89.47,21,6,27,3,10,13,0,2,0,0,22,0,72,0,0,0,1,0,95,76,0,NA,0,0,0,0,0,0,0
1641311,1,"Liga Nacional","Liga Endesa",-402534000,NA,"https://www.acb.com/Documentos/Cabeceras/logo-competicion-1b.png","https://www.acb.com/Documentos/Cabeceras/logo-competicion-4a.png",49,1984,107,NA,NA,969,4773,NA,NA,TRUE,935,935,1336,"Breogán Caixa Galicia","Breogán","BRE",933,65,"FC Barcelona","FC Barcelona","FCB",1,76,12000,1,3,33.33,31,71,43.66,11,16,68.75,21,10,31,3,11,10,0,3,0,0,20,0,47,0,0,1,0,0,76,95,0,NA,0,0,0,0,0,0,0
1641332,1,"Liga Nacional","Liga Endesa",-402534000,NA,"https://www.acb.com/Documentos/Cabeceras/logo-competicion-1b.png","https://www.acb.com/Documentos/Cabeceras/logo-competicion-4a.png",49,1984,107,NA,NA,969,4774,NA,NA,FALSE,945,939,1438,"Español","Español","ESP",945,1027,"Caja de Ronda","Caja de Ronda","RON",1,74,12000,1,3,33.33,30,55,54.55,11,14,78.57,19,6,25,5,9,16,0,3,0,0,27,0,43,0,0,1,0,0,74,85,0,NA,0,0,0,0,0,0,0
1641331,1,"Liga Nacional","Liga Endesa",-402534000,NA,"https://www.acb.com/Documentos/Cabeceras/logo-competicion-1b.png","https://www.acb.com/Documentos/Cabeceras/logo-competicion-4a.png",49,1984,107,NA,NA,969,4774,NA,NA,TRUE,939,939,1438,"Español","Español","ESP",945,1027,"Caja de Ronda","Caja de Ronda","RON",1,85,12000,2,4,50,33,60,55,13,16,81.25,18,7,25,6,9,15,0,1,0,0,20,0,59,0,0,0,1,0,85,74,0,NA,0,0,0,0,0,0,0
1641370,1,"Liga Nacional","Liga Endesa",-402534000,NA,"https://www.acb.com/Documentos/Cabeceras/logo-competicion-1b.png","https://www.acb.com/Documentos/Cabeceras/logo-competicion-4a.png",49,1984,107,NA,NA,969,4776,NA,NA,TRUE,937,937,1381,"Lucky Canarias","Lucky Canarias","CAN",936,1377,"Cajamadrid","Cajamadrid","CJM",1,84,12000,2,7,28.57,31,59,52.54,16,22,72.73,18,11,29,5,9,13,0,3,0,0,21,0,57,0,0,0,1,0,84,83,0,NA,0,0,0,0,0,0,0
1641371,1,"Liga Nacional","Liga Endesa",-402534000,NA,"https://www.acb.com/Documentos/Cabeceras/logo-competicion-1b.png","https://www.acb.com/Documentos/Cabeceras/logo-competicion-4a.png",49,1984,107,NA,NA,969,4776,NA,NA,FALSE,936,937,1381,"Lucky Canarias","Lucky Canarias","CAN",936,1377,"Cajamadrid","Cajamadrid","CJM",1,83,12000,3,4,75,29,53,54.72,16,25,64,18,8,26,4,11,15,0,3,0,0,26,0,52,0,0,1,0,0,83,84,0,NA,0,0,0,0,0,0,0
1641390,1,"Liga Nacional","Liga Endesa",-402534000,NA,"https://www.acb.com/Documentos/Cabeceras/logo-competicion-1b.png","https://www.acb.com/Documentos/Cabeceras/logo-competicion-4a.png",49,1984,107,NA,NA,969,4777,NA,NA,TRUE,947,947,1866,"Collado Villalba","Coll. Villalba","VIL",940,431,"Estudiantes Caja Postal","Estudiantes CP","EST",1,109,13500,6,11,54.55,40,83,48.19,11,14,78.57,19,12,31,3,9,11,0,2,0,0,27,0,65,0,0,1,0,0,109,114,0,NA,0,0,0,0,0,0,0
1641391,1,"Liga Nacional","Liga Endesa",-402534000,NA,"https://www.acb.com/Documentos/Cabeceras/logo-competicion-1b.png","https://www.acb.com/Documentos/Cabeceras/logo-competicion-4a.png",49,1984,107,NA,NA,969,4777,NA,NA,FALSE,940,947,1866,"Collado Villalba","Coll. Villalba","VIL",940,431,"Estudiantes Caja Postal","Estudiantes CP","EST",1,114,13500,2,5,40,45,81,55.56,18,28,64.29,17,9,26,3,9,11,0,3,0,0,26,0,69,0,0,0,1,0,114,109,0,NA,0,0,0,0,0,0,0
1641411,1,"Liga Nacional","Liga Endesa",-402534000,NA,"https://www.acb.com/Documentos/Cabeceras/logo-competicion-1b.png","https://www.acb.com/Documentos/Cabeceras/logo-competicion-4a.png",49,1984,107,NA,NA,970,4778,NA,NA,FALSE,933,941,1487,"Cacaolat Granollers","C. Granollers","GRN",933,65,"FC Barcelona","FC Barcelona","FCB",1,109,12000,3,8,37.5,39,66,59.09,22,28,78.57,20,6,26,4,11,13,0,2,0,0,22,0,79,0,0,0,1,0,109,97,0,NA,0,0,0,0,0,0,0
1641410,1,"Liga Nacional","Liga Endesa",-402534000,NA,"https://www.acb.com/Documentos/Cabeceras/logo-competicion-1b.png","https://www.acb.com/Documentos/Cabeceras/logo-competicion-4a.png",49,1984,107,NA,NA,970,4778,NA,NA,TRUE,941,941,1487,"Cacaolat Granollers","C. Granollers","GRN",933,65,"FC Barcelona","FC Barcelona","FCB",1,97,12000,2,4,50,39,74,52.7,13,21,61.9,19,8,27,2,8,14,0,1,0,0,22,0,54,0,0,1,0,0,97,109,0,NA,0,0,0,0,0,0,0
1641434,1,"Liga Nacional","Liga Endesa",-402534000,NA,"https://www.acb.com/Documentos/Cabeceras/logo-competicion-1b.png","https://www.acb.com/Documentos/Cabeceras/logo-competicion-4a.png",49,1984,107,NA,NA,970,4779,NA,NA,FALSE,935,942,590,"Ron Negrita Joventut","Joventut","JOV",935,1336,"Breogán Caixa Galicia","Breogán","BRE",1,68,12000,2,4,50,28,59,47.46,6,10,60,22,10,32,3,11,11,0,2,0,0,22,0,46,0,0,1,0,0,68,99,0,NA,0,0,0,0,0,0,0
1641433,1,"Liga Nacional","Liga Endesa",-402534000,NA,"https://www.acb.com/Documentos/Cabeceras/logo-competicion-1b.png","https://www.acb.com/Documentos/Cabeceras/logo-competicion-4a.png",49,1984,107,NA,NA,970,4779,NA,NA,TRUE,942,942,590,"Ron Negrita Joventut","Joventut","JOV",935,1336,"Breogán Caixa Galicia","Breogán","BRE",1,99,12000,3,7,42.86,38,66,57.58,14,23,60.87,22,11,33,4,12,16,0,2,0,0,21,0,72,0,0,0,1,0,99,68,0,NA,0,0,0,0,0,0,0
1641451,1,"Liga Nacional","Liga Endesa",-402534000,NA,"https://www.acb.com/Documentos/Cabeceras/logo-competicion-1b.png","https://www.acb.com/Documentos/Cabeceras/logo-competicion-4a.png",49,1984,107,NA,NA,970,4780,NA,NA,TRUE,946,946,1817,"Fórum Valladolid","Fórum Vall.","FOR",934,186,"Caja Álava","Caja Álava","BAS",1,78,12000,0,0,0,31,54,57.41,16,26,61.54,21,9,30,5,9,14,0,3,0,0,22,0,56,0,0,1,0,0,78,93,0,NA,0,0,0,0,0,0,0
1641452,1,"Liga Nacional","Liga Endesa",-402534000,NA,"https://www.acb.com/Documentos/Cabeceras/logo-competicion-1b.png","https://www.acb.com/Documentos/Cabeceras/logo-competicion-4a.png",49,1984,107,NA,NA,970,4780,NA,NA,FALSE,934,946,1817,"Fórum Valladolid","Fórum Vall.","FOR",934,186,"Caja Álava","Caja Álava","BAS",1,93,12000,1,5,20,38,70,54.29,14,20,70,11,5,16,5,7,9,0,2,0,0,12,0,60,0,0,0,1,0,93,78,0,NA,0,0,0,0,0,0,0
1641472,1,"Liga Nacional","Liga Endesa",-402534000,NA,"https://www.acb.com/Documentos/Cabeceras/logo-competicion-1b.png","https://www.acb.com/Documentos/Cabeceras/logo-competicion-4a.png",49,1984,107,NA,NA,970,4781,NA,NA,TRUE,943,943,722,"Real Madrid","Real Madrid","RMB",938,1428,"Licor 43","Licor 43","CCA",1,110,12000,0,4,0,46,74,62.16,18,26,69.23,23,10,33,5,12,14,0,6,0,0,25,0,87,0,0,0,1,0,110,73,0,NA,0,0,0,0,0,0,0
1641473,1,"Liga Nacional","Liga Endesa",-402534000,NA,"https://www.acb.com/Documentos/Cabeceras/logo-competicion-1b.png","https://www.acb.com/Documentos/Cabeceras/logo-competicion-4a.png",49,1984,107,NA,NA,970,4781,NA,NA,FALSE,938,943,722,"Real Madrid","Real Madrid","RMB",938,1428,"Licor 43","Licor 43","CCA",1,73,12000,4,8,50,25,44,56.82,11,20,55,19,6,25,2,11,10,0,2,0,0,20,0,51,0,0,1,0,0,73,110,0,NA,0,0,0,0,0,0,0
1641491,1,"Liga Nacional","Liga Endesa",-402534000,NA,"https://www.acb.com/Documentos/Cabeceras/logo-competicion-1b.png","https://www.acb.com/Documentos/Cabeceras/logo-competicion-4a.png",49,1984,107,NA,NA,970,4782,NA,NA,TRUE,945,945,1027,"Caja de Ronda","Caja de Ronda","RON",940,431,"Estudiantes Caja Postal","Estudiantes CP","EST",1,77,12000,0,2,0,28,49,57.14,21,27,77.78,18,6,24,4,7,16,0,3,0,0,27,0,43,0,0,1,0,0,77,87,0,NA,0,0,0,0,0,0,0
1641492,1,"Liga Nacional","Liga Endesa",-402534000,NA,"https://www.acb.com/Documentos/Cabeceras/logo-competicion-1b.png","https://www.acb.com/Documentos/Cabeceras/logo-competicion-4a.png",49,1984,107,NA,NA,970,4782,NA,NA,FALSE,940,945,1027,"Caja de Ronda","Caja de Ronda","RON",940,431,"Estudiantes Caja Postal","Estudiantes CP","EST",1,87,12000,3,4,75,32,65,49.23,14,22,63.64,15,8,23,3,7,9,0,2,0,0,19,0,52,0,0,0,1,0,87,77,0,NA,0,0,0,0,0,0,0
1641510,1,"Liga Nacional","Liga Endesa",-402534000,NA,"https://www.acb.com/Documentos/Cabeceras/logo-competicion-1b.png","https://www.acb.com/Documentos/Cabeceras/logo-competicion-4a.png",49,1984,107,NA,NA,970,4783,NA,NA,TRUE,936,936,1377,"Cajamadrid","Cajamadrid","CJM",947,1866,"Collado Villalba","Coll. Villalba","VIL",1,95,12000,3,6,50,38,62,61.29,10,15,66.67,17,7,24,3,9,11,0,2,0,0,21,0,69,0,0,0,1,0,95,87,0,NA,0,0,0,0,0,0,0
1641511,1,"Liga Nacional","Liga Endesa",-402534000,NA,"https://www.acb.com/Documentos/Cabeceras/logo-competicion-1b.png","https://www.acb.com/Documentos/Cabeceras/logo-competicion-4a.png",49,1984,107,NA,NA,970,4783,NA,NA,FALSE,947,936,1377,"Cajamadrid","Cajamadrid","CJM",947,1866,"Collado Villalba","Coll. Villalba","VIL",1,87,12000,2,6,33.33,36,75,48,9,14,64.29,15,10,25,2,8,9,0,2,0,0,23,0,44,0,0,1,0,0,87,95,0,NA,0,0,0,0,0,0,0
1641529,1,"Liga Nacional","Liga Endesa",-402534000,NA,"https://www.acb.com/Documentos/Cabeceras/logo-competicion-1b.png","https://www.acb.com/Documentos/Cabeceras/logo-competicion-4a.png",49,1984,107,NA,NA,970,4784,NA,NA,TRUE,948,948,1884,"CAI Zaragoza","CAI Zaragoza","CBZ",937,1381,"Lucky Canarias","Lucky Canarias","CAN",1,99,12000,1,5,20,37,73,50.68,22,25,88,21,11,32,2,9,15,0,2,0,0,21,0,65,0,0,0,1,0,99,89,0,NA,0,0,0,0,0,0,0
1641530,1,"Liga Nacional","Liga Endesa",-402534000,NA,"https://www.acb.com/Documentos/Cabeceras/logo-competicion-1b.png","https://www.acb.com/Documentos/Cabeceras/logo-competicion-4a.png",49,1984,107,NA,NA,970,4784,NA,NA,FALSE,937,948,1884,"CAI Zaragoza","CAI Zaragoza","CBZ",937,1381,"Lucky Canarias","Lucky Canarias","CAN",1,89,12000,2,8,25,32,65,49.23,19,29,65.52,18,10,28,5,8,12,0,3,0,0,21,0,51,0,0,1,0,0,89,99,0,NA,0,0,0,0,0,0,0
1641547,1,"Liga Nacional","Liga Endesa",-402534000,NA,"https://www.acb.com/Documentos/Cabeceras/logo-competicion-1b.png","https://www.acb.com/Documentos/Cabeceras/logo-competicion-4a.png",49,1984,107,NA,NA,970,4785,NA,NA,TRUE,939,939,1438,"Español","Español","ESP",944,1667,"Clesa Ferrol","Clesa Ferrol","FER",1,97,12000,3,6,50,37,71,52.11,14,20,70,18,6,24,5,9,15,0,1,0,0,21,0,57,0,0,1,0,0,97,100,0,NA,0,0,0,0,0,0,0
1641548,1,"Liga Nacional","Liga Endesa",-402534000,NA,"https://www.acb.com/Documentos/Cabeceras/logo-competicion-1b.png","https://www.acb.com/Documentos/Cabeceras/logo-competicion-4a.png",49,1984,107,NA,NA,970,4785,NA,NA,FALSE,944,939,1438,"Español","Español","ESP",944,1667,"Clesa Ferrol","Clesa Ferrol","FER",1,100,12000,4,7,57.14,37,67,55.22,14,16,87.5,17,7,24,3,7,10,0,2,0,0,18,0,73,0,0,0,1,0,100,97,0,NA,0,0,0,0,0,0,0
1641668,1,"Liga Nacional","Liga Endesa",-402534000,NA,"https://www.acb.com/Documentos/Cabeceras/logo-competicion-1b.png","https://www.acb.com/Documentos/Cabeceras/logo-competicion-4a.png",49,1984,107,NA,NA,971,4791,NA,NA,FALSE,939,937,1381,"Lucky Canarias","Lucky Canarias","CAN",939,1438,"Español","Español","ESP",1,91,12000,0,2,0,35,67,52.24,21,24,87.5,18,6,24,4,9,14,0,1,0,0,20,0,58,0,0,0,1,0,91,76,0,NA,0,0,0,0,0,0,0
1641667,1,"Liga Nacional","Liga Endesa",-402534000,NA,"https://www.acb.com/Documentos/Cabeceras/logo-competicion-1b.png","https://www.acb.com/Documentos/Cabeceras/logo-competicion-4a.png",49,1984,107,NA,NA,971,4791,NA,NA,TRUE,937,937,1381,"Lucky Canarias","Lucky Canarias","CAN",939,1438,"Español","Español","ESP",1,76,12000,2,7,28.57,29,61,47.54,12,16,75,18,10,28,4,8,13,0,2,0,0,23,0,41,0,0,1,0,0,76,91,0,NA,0,0,0,0,0,0,0
1641567,1,"Liga Nacional","Liga Endesa",-402534000,NA,"https://www.acb.com/Documentos/Cabeceras/logo-competicion-1b.png","https://www.acb.com/Documentos/Cabeceras/logo-competicion-4a.png",49,1984,107,NA,NA,971,4786,NA,NA,TRUE,938,938,1428,"Licor 43","Licor 43","CCA",941,1487,"Cacaolat Granollers","C. Granollers","GRN",1,95,12000,3,6,50,36,58,62.07,14,20,70,19,7,26,2,11,10,0,2,0,0,21,0,74,0,0,0,1,0,95,82,0,NA,0,0,0,0,0,0,0
1641568,1,"Liga Nacional","Liga Endesa",-402534000,NA,"https://www.acb.com/Documentos/Cabeceras/logo-competicion-1b.png","https://www.acb.com/Documentos/Cabeceras/logo-competicion-4a.png",49,1984,107,NA,NA,971,4786,NA,NA,FALSE,941,938,1428,"Licor 43","Licor 43","CCA",941,1487,"Cacaolat Granollers","C. Granollers","GRN",1,82,12000,2,6,33.33,32,61,52.46,12,14,85.71,18,8,26,2,8,12,0,1,0,0,22,0,50,0,0,1,0,0,82,95,0,NA,0,0,0,0,0,0,0
1641586,1,"Liga Nacional","Liga Endesa",-402534000,NA,"https://www.acb.com/Documentos/Cabeceras/logo-competicion-1b.png","https://www.acb.com/Documentos/Cabeceras/logo-competicion-4a.png",49,1984,107,NA,NA,971,4787,NA,NA,FALSE,943,934,186,"Caja Álava","Caja Álava","BAS",943,722,"Real Madrid","Real Madrid","RMB",1,100,12000,0,4,0,42,74,56.76,16,18,88.89,21,9,30,4,11,13,0,6,0,0,21,0,79,0,0,0,1,0,100,98,0,NA,0,0,0,0,0,0,0
1641585,1,"Liga Nacional","Liga Endesa",-402534000,NA,"https://www.acb.com/Documentos/Cabeceras/logo-competicion-1b.png","https://www.acb.com/Documentos/Cabeceras/logo-competicion-4a.png",49,1984,107,NA,NA,971,4787,NA,NA,TRUE,934,934,186,"Caja Álava","Caja Álava","BAS",943,722,"Real Madrid","Real Madrid","RMB",1,98,12000,3,7,42.86,37,68,54.41,15,19,78.95,12,5,17,5,8,10,0,2,0,0,14,0,67,0,0,1,0,0,98,100,0,NA,0,0,0,0,0,0,0
1641607,1,"Liga Nacional","Liga Endesa",-402534000,NA,"https://www.acb.com/Documentos/Cabeceras/logo-competicion-1b.png","https://www.acb.com/Documentos/Cabeceras/logo-competicion-4a.png",49,1984,107,NA,NA,971,4788,NA,NA,TRUE,935,935,1336,"Breogán Caixa Galicia","Breogán","BRE",946,1817,"Fórum Valladolid","Fórum Vall.","FOR",1,93,12000,4,10,40,35,70,50,11,18,61.11,21,11,32,4,11,13,0,3,0,0,21,0,61,0,0,0,1,0,93,89,0,NA,0,0,0,0,0,0,0
1641608,1,"Liga Nacional","Liga Endesa",-402534000,NA,"https://www.acb.com/Documentos/Cabeceras/logo-competicion-1b.png","https://www.acb.com/Documentos/Cabeceras/logo-competicion-4a.png",49,1984,107,NA,NA,971,4788,NA,NA,FALSE,946,935,1336,"Breogán Caixa Galicia","Breogán","BRE",946,1817,"Fórum Valladolid","Fórum Vall.","FOR",1,89,12000,3,6,50,33,56,58.93,14,18,77.78,20,9,29,5,7,13,0,3,0,0,23,0,67,0,0,1,0,0,89,93,0,NA,0,0,0,0,0,0,0
1641628,1,"Liga Nacional","Liga Endesa",-402534000,NA,"https://www.acb.com/Documentos/Cabeceras/logo-competicion-1b.png","https://www.acb.com/Documentos/Cabeceras/logo-competicion-4a.png",49,1984,107,NA,NA,971,4789,NA,NA,TRUE,933,933,65,"FC Barcelona","FC Barcelona","FCB",942,590,"Ron Negrita Joventut","Joventut","JOV",1,108,12000,3,8,37.5,41,65,63.08,17,24,70.83,20,6,26,4,11,13,0,2,0,0,22,0,80,0,0,0,1,0,108,104,0,NA,0,0,0,0,0,0,0
1641629,1,"Liga Nacional","Liga Endesa",-402534000,NA,"https://www.acb.com/Documentos/Cabeceras/logo-competicion-1b.png","https://www.acb.com/Documentos/Cabeceras/logo-competicion-4a.png",49,1984,107,NA,NA,971,4789,NA,NA,FALSE,942,933,65,"FC Barcelona","FC Barcelona","FCB",942,590,"Ron Negrita Joventut","Joventut","JOV",1,104,12000,5,8,62.5,35,60,58.33,19,29,65.52,22,10,32,3,12,15,0,1,0,0,21,0,78,0,0,1,0,0,104,108,0,NA,0,0,0,0,0,0,0
1641649,1,"Liga Nacional","Liga Endesa",-402534000,NA,"https://www.acb.com/Documentos/Cabeceras/logo-competicion-1b.png","https://www.acb.com/Documentos/Cabeceras/logo-competicion-4a.png",49,1984,107,NA,NA,971,4790,NA,NA,FALSE,945,944,1667,"Clesa Ferrol","Clesa Ferrol","FER",945,1027,"Caja de Ronda","Caja de Ronda","RON",1,92,12000,2,4,50,39,64,60,8,12,66,19,7,26,6,7,15,0,3,0,0,27,0,61,0,0,10,0,0,920,980,0,0,0,0,0,0,0,0,0
1641648,1,"Liga Nacional","Liga Endesa",-402534000,NA,"https://www.acb.com/Documentos/Cabeceras/logo-competicion-1b.png","https://www.acb.com/Documentos/Cabeceras/logo-competicion-4a.png",49,1984,107,NA,NA,971,4790,NA,NA,TRUE,944,944,1667,"Clesa Ferrol","Clesa Ferrol","FER",945,1027,"Caja de Ronda","Caja de Ronda","RON",1,98,12000,3,6,50,38,63,60.32,13,18,72.22,18,7,25,3,7,10,0,2,0,0,19,0,73,0,0,0,1,0,98,92,0,NA,0,0,0,0,0,0,0
1641687,1,"Liga Nacional","Liga Endesa",-402534000,NA,"https://www.acb.com/Documentos/Cabeceras/logo-competicion-1b.png","https://www.acb.com/Documentos/Cabeceras/logo-competicion-4a.png",49,1984,107,NA,NA,971,4792,NA,NA,TRUE,947,947,1866,"Collado Villalba","Coll. Villalba","VIL",948,1884,"CAI Zaragoza","CAI Zaragoza","CBZ",1,76,12000,2,4,50,33,72,45.83,4,7,57.14,15,9,24,2,8,9,0,2,0,0,24,0,35,0,0,1,0,0,76,90,0,NA,0,0,0,0,0,0,0
1641688,1,"Liga Nacional","Liga Endesa",-402534000,NA,"https://www.acb.com/Documentos/Cabeceras/logo-competicion-1b.png","https://www.acb.com/Documentos/Cabeceras/logo-competicion-4a.png",49,1984,107,NA,NA,971,4792,NA,NA,FALSE,948,947,1866,"Collado Villalba","Coll. Villalba","VIL",948,1884,"CAI Zaragoza","CAI Zaragoza","CBZ",1,90,12000,2,6,33.33,33,65,50.77,18,24,75,21,11,32,2,9,15,0,2,0,0,20,0,58,0,0,0,1,0,90,76,0,NA,0,0,0,0,0,0,0
1641704,1,"Liga Nacional","Liga Endesa",-402534000,NA,"https://www.acb.com/Documentos/Cabeceras/logo-competicion-1b.png","https://www.acb.com/Documentos/Cabeceras/logo-competicion-4a.png",49,1984,107,NA,NA,971,4793,NA,NA,TRUE,940,940,431,"Estudiantes Caja Postal","Estudiantes CP","EST",936,1377,"Cajamadrid","Cajamadrid","CJM",1,88,12000,1,1,100,37,71,52.11,11,16,68.75,15,8,23,1,7,7,0,2,0,0,18,0,57,0,0,0,1,0,88,86,0,NA,0,0,0,0,0,0,0
1641705,1,"Liga Nacional","Liga Endesa",-402534000,NA,"https://www.acb.com/Documentos/Cabeceras/logo-competicion-1b.png","https://www.acb.com/Documentos/Cabeceras/logo-competicion-4a.png",49,1984,107,NA,NA,971,4793,NA,NA,FALSE,936,940,431,"Estudiantes Caja Postal","Estudiantes CP","EST",936,1377,"Cajamadrid","Cajamadrid","CJM",1,86,12000,2,3,66.67,34,62,54.84,12,22,54.55,16,6,22,3,7,10,0,1,0,0,18,0,52,0,0,1,0,0,86,88,0,NA,0,0,0,0,0,0,0
1641747,1,"Liga Nacional","Liga Endesa",-402534000,NA,"https://www.acb.com/Documentos/Cabeceras/logo-competicion-1b.png","https://www.acb.com/Documentos/Cabeceras/logo-competicion-4a.png",49,1984,107,NA,NA,972,4795,NA,NA,TRUE,946,946,1817,"Fórum Valladolid","Fórum Vall.","FOR",933,65,"FC Barcelona","FC Barcelona","FCB",1,108,13500,5,10,50,36,56,64.29,21,27,77.78,20,9,29,5,7,13,0,3,0,0,22,0,86,0,0,1,0,0,108,110,0,NA,0,0,0,0,0,0,0
1641748,1,"Liga Nacional","Liga Endesa",-402534000,NA,"https://www.acb.com/Documentos/Cabeceras/logo-competicion-1b.png","https://www.acb.com/Documentos/Cabeceras/logo-competicion-4a.png",49,1984,107,NA,NA,972,4795,NA,NA,FALSE,933,946,1817,"Fórum Valladolid","Fórum Vall.","FOR",933,65,"FC Barcelona","FC Barcelona","FCB",1,110,13500,3,6,50,41,69,59.42,19,28,67.86,20,6,26,3,11,13,0,2,0,0,21,0,78,0,0,0,1,0,110,108,0,NA,0,0,0,0,0,0,0
1641727,1,"Liga Nacional","Liga Endesa",-402534000,NA,"https://www.acb.com/Documentos/Cabeceras/logo-competicion-1b.png","https://www.acb.com/Documentos/Cabeceras/logo-competicion-4a.png",49,1984,107,NA,NA,972,4794,NA,NA,TRUE,941,941,1487,"Cacaolat Granollers","C. Granollers","GRN",942,590,"Ron Negrita Joventut","Joventut","JOV",1,86,12000,1,3,33.33,37,69,53.62,9,12,75,18,8,26,2,8,12,0,1,0,0,21,0,53,0,0,1,0,0,86,106,0,NA,0,0,0,0,0,0,0
1641728,1,"Liga Nacional","Liga Endesa",-402534000,NA,"https://www.acb.com/Documentos/Cabeceras/logo-competicion-1b.png","https://www.acb.com/Documentos/Cabeceras/logo-competicion-4a.png",49,1984,107,NA,NA,972,4794,NA,NA,FALSE,942,941,1487,"Cacaolat Granollers","C. Granollers","GRN",942,590,"Ron Negrita Joventut","Joventut","JOV",1,106,12000,4,9,44.44,37,67,55.22,20,24,83.33,22,10,32,3,11,15,0,1,0,0,20,0,79,0,0,0,1,0,106,86,0,NA,0,0,0,0,0,0,0
1641768,1,"Liga Nacional","Liga Endesa",-402534000,NA,"https://www.acb.com/Documentos/Cabeceras/logo-competicion-1b.png","https://www.acb.com/Documentos/Cabeceras/logo-competicion-4a.png",49,1984,107,NA,NA,972,4796,NA,NA,TRUE,943,943,722,"Real Madrid","Real Madrid","RMB",935,1336,"Breogán Caixa Galicia","Breogán","BRE",1,95,12000,0,2,0,37,61,60.66,21,34,61.76,22,8,30,4,11,12,0,6,0,0,21,0,74,0,0,0,1,0,95,57,0,NA,0,0,0,0,0,0,0
1641769,1,"Liga Nacional","Liga Endesa",-402534000,NA,"https://www.acb.com/Documentos/Cabeceras/logo-competicion-1b.png","https://www.acb.com/Documentos/Cabeceras/logo-competicion-4a.png",49,1984,107,NA,NA,972,4796,NA,NA,FALSE,935,943,722,"Real Madrid","Real Madrid","RMB",935,1336,"Breogán Caixa Galicia","Breogán","BRE",1,57,12000,2,6,33.33,22,46,47.83,7,12,58.33,20,10,30,4,11,12,0,3,0,0,20,0,40,0,0,1,0,0,57,95,0,NA,0,0,0,0,0,0,0
1641786,1,"Liga Nacional","Liga Endesa",-402534000,NA,"https://www.acb.com/Documentos/Cabeceras/logo-competicion-1b.png","https://www.acb.com/Documentos/Cabeceras/logo-competicion-4a.png",49,1984,107,NA,NA,972,4797,NA,NA,TRUE,938,938,1428,"Licor 43","Licor 43","CCA",934,186,"Caja Álava","Caja Álava","BAS",1,94,12000,3,7,42.86,35,61,57.38,15,20,75,18,6,24,2,10,9,0,2,0,0,18,0,70,0,0,0,1,0,94,90,0,NA,0,0,0,0,0,0,0
1641787,1,"Liga Nacional","Liga Endesa",-402534000,NA,"https://www.acb.com/Documentos/Cabeceras/logo-competicion-1b.png","https://www.acb.com/Documentos/Cabeceras/logo-competicion-4a.png",49,1984,107,NA,NA,972,4797,NA,NA,FALSE,934,938,1428,"Licor 43","Licor 43","CCA",934,186,"Caja Álava","Caja Álava","BAS",1,90,12000,1,5,20,36,66,54.55,15,21,71.43,11,3,14,3,7,7,0,2,0,0,12,0,57,0,0,1,0,0,90,94,0,NA,0,0,0,0,0,0,0
1641804,1,"Liga Nacional","Liga Endesa",-402534000,NA,"https://www.acb.com/Documentos/Cabeceras/logo-competicion-1b.png","https://www.acb.com/Documentos/Cabeceras/logo-competicion-4a.png",49,1984,107,NA,NA,972,4798,NA,NA,TRUE,945,945,1027,"Caja de Ronda","Caja de Ronda","RON",936,1377,"Cajamadrid","Cajamadrid","CJM",1,97,12000,3,4,75,39,65,60,10,16,62,18,7,25,6,6,11,0,3,0,0,22,0,71,0,0,0,8,0,776,712,0,0,0,0,0,0,0,0,0
1641805,1,"Liga Nacional","Liga Endesa",-402534000,NA,"https://www.acb.com/Documentos/Cabeceras/logo-competicion-1b.png","https://www.acb.com/Documentos/Cabeceras/logo-competicion-4a.png",49,1984,107,NA,NA,972,4798,NA,NA,FALSE,936,945,1027,"Caja de Ronda","Caja de Ronda","RON",936,1377,"Cajamadrid","Cajamadrid","CJM",1,89,12000,1,2,50,39,72,54.17,8,16,50,16,6,22,2,7,11,0,1,0,0,20,0,48,0,0,1,0,0,89,97,0,NA,0,0,0,0,0,0,0
1641824,1,"Liga Nacional","Liga Endesa",-402534000,NA,"https://www.acb.com/Documentos/Cabeceras/logo-competicion-1b.png","https://www.acb.com/Documentos/Cabeceras/logo-competicion-4a.png",49,1984,107,NA,NA,972,4799,NA,NA,FALSE,940,948,1884,"CAI Zaragoza","CAI Zaragoza","CBZ",940,431,"Estudiantes Caja Postal","Estudiantes CP","EST",1,82,12000,0,1,0,34,66,51.52,14,20,70,13,7,20,1,4,6,0,2,0,0,15,0,49,0,0,0,1,0,82,71,0,NA,0,0,0,0,0,0,0
1641823,1,"Liga Nacional","Liga Endesa",-402534000,NA,"https://www.acb.com/Documentos/Cabeceras/logo-competicion-1b.png","https://www.acb.com/Documentos/Cabeceras/logo-competicion-4a.png",49,1984,107,NA,NA,972,4799,NA,NA,TRUE,948,948,1884,"CAI Zaragoza","CAI Zaragoza","CBZ",940,431,"Estudiantes Caja Postal","Estudiantes CP","EST",1,71,12000,3,6,50,24,47,51.06,14,16,87.5,21,11,32,2,9,15,0,2,0,0,20,0,53,0,0,1,0,0,71,82,0,NA,0,0,0,0,0,0,0
1641843,1,"Liga Nacional","Liga Endesa",-402534000,NA,"https://www.acb.com/Documentos/Cabeceras/logo-competicion-1b.png","https://www.acb.com/Documentos/Cabeceras/logo-competicion-4a.png",49,1984,107,NA,NA,972,4800,NA,NA,TRUE,939,939,1438,"Español","Español","ESP",947,1866,"Collado Villalba","Coll. Villalba","VIL",1,88,12000,0,1,0,36,74,48.65,16,22,72.73,20,6,26,4,9,15,0,1,0,0,21,0,47,0,0,1,0,0,88,89,0,NA,0,0,0,0,0,0,0
1641844,1,"Liga Nacional","Liga Endesa",-402534000,NA,"https://www.acb.com/Documentos/Cabeceras/logo-competicion-1b.png","https://www.acb.com/Documentos/Cabeceras/logo-competicion-4a.png",49,1984,107,NA,NA,972,4800,NA,NA,FALSE,947,939,1438,"Español","Español","ESP",947,1866,"Collado Villalba","Coll. Villalba","VIL",1,89,12000,3,6,50,33,71,46.48,14,19,73.68,15,8,23,2,7,8,0,2,0,0,22,0,47,0,0,0,1,0,89,88,0,NA,0,0,0,0,0,0,0
1641862,1,"Liga Nacional","Liga Endesa",-402534000,NA,"https://www.acb.com/Documentos/Cabeceras/logo-competicion-1b.png","https://www.acb.com/Documentos/Cabeceras/logo-competicion-4a.png",49,1984,107,NA,NA,972,4801,NA,NA,TRUE,944,944,1667,"Clesa Ferrol","Clesa Ferrol","FER",937,1381,"Lucky Canarias","Lucky Canarias","CAN",1,77,12000,2,6,33.33,28,51,54.9,15,20,75,16,7,23,2,7,11,0,1,0,0,21,0,46,0,0,0,1,0,77,71,0,NA,0,0,0,0,0,0,0
1641863,1,"Liga Nacional","Liga Endesa",-402534000,NA,"https://www.acb.com/Documentos/Cabeceras/logo-competicion-1b.png","https://www.acb.com/Documentos/Cabeceras/logo-competicion-4a.png",49,1984,107,NA,NA,972,4801,NA,NA,FALSE,937,944,1667,"Clesa Ferrol","Clesa Ferrol","FER",937,1381,"Lucky Canarias","Lucky Canarias","CAN",1,71,12000,0,3,0,26,53,49.06,19,28,67.86,18,10,28,4,8,12,0,2,0,0,21,0,41,0,0,1,0,0,71,77,0,NA,0,0,0,0,0,0,0
1641923,1,"Liga Nacional","Liga Endesa",-402534000,NA,"https://www.acb.com/Documentos/Cabeceras/logo-competicion-1b.png","https://www.acb.com/Documentos/Cabeceras/logo-competicion-4a.png",49,1984,107,NA,NA,973,4804,NA,NA,FALSE,943,933,65,"FC Barcelona","FC Barcelona","FCB",943,722,"Real Madrid","Real Madrid","RMB",1,82,12000,0,1,0,34,52,65.38,14,16,87.5,15,7,22,2,9,9,0,3,0,0,12,0,76,0,0,0,1,0,82,67,0,NA,0,0,0,0,0,0,0
1641922,1,"Liga Nacional","Liga Endesa",-402534000,NA,"https://www.acb.com/Documentos/Cabeceras/logo-competicion-1b.png","https://www.acb.com/Documentos/Cabeceras/logo-competicion-4a.png",49,1984,107,NA,NA,973,4804,NA,NA,TRUE,933,933,65,"FC Barcelona","FC Barcelona","FCB",943,722,"Real Madrid","Real Madrid","RMB",1,67,12000,3,6,50,24,41,58.54,10,14,71.43,20,6,26,2,10,13,0,2,0,0,20,0,50,0,0,1,0,0,67,82,0,NA,0,0,0,0,0,0,0
1641945,1,"Liga Nacional","Liga Endesa",-402534000,NA,"https://www.acb.com/Documentos/Cabeceras/logo-competicion-1b.png","https://www.acb.com/Documentos/Cabeceras/logo-competicion-4a.png",49,1984,107,NA,NA,973,4805,NA,NA,FALSE,946,942,590,"Ron Negrita Joventut","Joventut","JOV",946,1817,"Fórum Valladolid","Fórum Vall.","FOR",1,69,12000,2,4,50,24,39,61.54,15,22,68.18,19,8,27,5,7,13,0,3,0,0,21,0,53,0,0,1,0,0,69,92,0,NA,0,0,0,0,0,0,0
1641944,1,"Liga Nacional","Liga Endesa",-402534000,NA,"https://www.acb.com/Documentos/Cabeceras/logo-competicion-1b.png","https://www.acb.com/Documentos/Cabeceras/logo-competicion-4a.png",49,1984,107,NA,NA,973,4805,NA,NA,TRUE,942,942,590,"Ron Negrita Joventut","Joventut","JOV",946,1817,"Fórum Valladolid","Fórum Vall.","FOR",1,92,12000,2,4,50,37,68,54.41,12,19,63.16,22,10,32,2,11,14,0,1,0,0,20,0,64,0,0,0,1,0,92,69,0,NA,0,0,0,0,0,0,0
1641886,1,"Liga Nacional","Liga Endesa",-402534000,NA,"https://www.acb.com/Documentos/Cabeceras/logo-competicion-1b.png","https://www.acb.com/Documentos/Cabeceras/logo-competicion-4a.png",49,1984,107,NA,NA,973,4802,NA,NA,TRUE,941,941,1487,"Cacaolat Granollers","C. Granollers","GRN",934,186,"Caja Álava","Caja Álava","BAS",1,91,12000,1,3,33.33,37,72,51.39,14,24,58.33,17,8,25,2,8,12,0,1,0,0,21,0,47,0,0,0,1,0,91,86,0,NA,0,0,0,0,0,0,0
1641887,1,"Liga Nacional","Liga Endesa",-402534000,NA,"https://www.acb.com/Documentos/Cabeceras/logo-competicion-1b.png","https://www.acb.com/Documentos/Cabeceras/logo-competicion-4a.png",49,1984,107,NA,NA,973,4802,NA,NA,FALSE,934,941,1487,"Cacaolat Granollers","C. Granollers","GRN",934,186,"Caja Álava","Caja Álava","BAS",1,86,12000,1,3,33.33,35,67,52.24,13,22,59.09,20,7,27,3,10,13,0,3,0,0,18,0,55,0,0,1,0,0,86,91,0,NA,0,0,0,0,0,0,0
1641906,1,"Liga Nacional","Liga Endesa",-402534000,NA,"https://www.acb.com/Documentos/Cabeceras/logo-competicion-1b.png","https://www.acb.com/Documentos/Cabeceras/logo-competicion-4a.png",49,1984,107,NA,NA,973,4803,NA,NA,FALSE,938,935,1336,"Breogán Caixa Galicia","Breogán","BRE",938,1428,"Licor 43","Licor 43","CCA",1,98,12000,2,5,40,37,68,54.41,18,24,75,18,5,23,2,10,9,0,2,0,0,18,0,68,0,0,0,1,0,98,95,0,NA,0,0,0,0,0,0,0
1641905,1,"Liga Nacional","Liga Endesa",-402534000,NA,"https://www.acb.com/Documentos/Cabeceras/logo-competicion-1b.png","https://www.acb.com/Documentos/Cabeceras/logo-competicion-4a.png",49,1984,107,NA,NA,973,4803,NA,NA,TRUE,935,935,1336,"Breogán Caixa Galicia","Breogán","BRE",938,1428,"Licor 43","Licor 43","CCA",1,95,12000,0,3,0,40,80,50,15,20,75,19,10,29,3,9,12,0,3,0,0,20,0,59,0,0,1,0,0,95,98,0,NA,0,0,0,0,0,0,0
1641961,1,"Liga Nacional","Liga Endesa",-402534000,NA,"https://www.acb.com/Documentos/Cabeceras/logo-competicion-1b.png","https://www.acb.com/Documentos/Cabeceras/logo-competicion-4a.png",49,1984,107,NA,NA,973,4806,NA,NA,TRUE,945,945,1027,"Caja de Ronda","Caja de Ronda","RON",937,1381,"Lucky Canarias","Lucky Canarias","CAN",1,92,12000,1,3,33,36,65,55,17,22,77,18,7,25,6,5,12,0,3,0,0,23,0,60,0,0,9,0,0,828,927,0,0,0,0,0,0,0,0,0
1641962,1,"Liga Nacional","Liga Endesa",-402534000,NA,"https://www.acb.com/Documentos/Cabeceras/logo-competicion-1b.png","https://www.acb.com/Documentos/Cabeceras/logo-competicion-4a.png",49,1984,107,NA,NA,973,4806,NA,NA,FALSE,937,945,1027,"Caja de Ronda","Caja de Ronda","RON",937,1381,"Lucky Canarias","Lucky Canarias","CAN",1,103,12000,3,7,42.86,37,72,51.39,20,26,76.92,15,9,24,4,7,10,0,2,0,0,14,0,71,0,0,0,1,0,103,92,0,NA,0,0,0,0,0,0,0
1641982,1,"Liga Nacional","Liga Endesa",-402534000,NA,"https://www.acb.com/Documentos/Cabeceras/logo-competicion-1b.png","https://www.acb.com/Documentos/Cabeceras/logo-competicion-4a.png",49,1984,107,NA,NA,973,4807,NA,NA,FALSE,944,947,1866,"Collado Villalba","Coll. Villalba","VIL",944,1667,"Clesa Ferrol","Clesa Ferrol","FER",1,89,12000,1,4,25,36,61,59.02,14,20,70,15,7,22,2,7,10,0,1,0,0,21,0,56,0,0,0,1,0,89,87,0,NA,0,0,0,0,0,0,0
1641981,1,"Liga Nacional","Liga Endesa",-402534000,NA,"https://www.acb.com/Documentos/Cabeceras/logo-competicion-1b.png","https://www.acb.com/Documentos/Cabeceras/logo-competicion-4a.png",49,1984,107,NA,NA,973,4807,NA,NA,TRUE,947,947,1866,"Collado Villalba","Coll. Villalba","VIL",944,1667,"Clesa Ferrol","Clesa Ferrol","FER",1,87,12000,1,2,50,37,76,48.68,10,15,66.67,14,8,22,1,8,9,0,2,0,0,24,0,42,0,0,1,0,0,87,89,0,NA,0,0,0,0,0,0,0
1642001,1,"Liga Nacional","Liga Endesa",-402534000,NA,"https://www.acb.com/Documentos/Cabeceras/logo-competicion-1b.png","https://www.acb.com/Documentos/Cabeceras/logo-competicion-4a.png",49,1984,107,NA,NA,973,4808,NA,NA,FALSE,939,940,431,"Estudiantes Caja Postal","Estudiantes CP","EST",939,1438,"Español","Español","ESP",1,60,12000,0,1,0,24,50,48,12,15,80,18,6,24,4,9,14,0,1,0,0,18,0,36,0,0,1,0,0,60,62,0,NA,0,0,0,0,0,0,0
1642000,1,"Liga Nacional","Liga Endesa",-402534000,NA,"https://www.acb.com/Documentos/Cabeceras/logo-competicion-1b.png","https://www.acb.com/Documentos/Cabeceras/logo-competicion-4a.png",49,1984,107,NA,NA,973,4808,NA,NA,TRUE,940,940,431,"Estudiantes Caja Postal","Estudiantes CP","EST",939,1438,"Español","Español","ESP",1,62,12000,1,1,100,26,54,48.15,7,14,50,15,7,22,1,5,7,0,0,0,0,18,0,30,0,0,0,1,0,62,60,0,NA,0,0,0,0,0,0,0
1642022,1,"Liga Nacional","Liga Endesa",-402534000,NA,"https://www.acb.com/Documentos/Cabeceras/logo-competicion-1b.png","https://www.acb.com/Documentos/Cabeceras/logo-competicion-4a.png",49,1984,107,NA,NA,973,4809,NA,NA,TRUE,936,936,1377,"Cajamadrid","Cajamadrid","CJM",948,1884,"CAI Zaragoza","CAI Zaragoza","CBZ",1,69,12000,1,3,33.33,29,58,50,8,15,53.33,16,7,23,3,9,14,0,1,0,0,25,0,28,0,0,1,0,0,69,89,0,NA,0,0,0,0,0,0,0
1642023,1,"Liga Nacional","Liga Endesa",-402534000,NA,"https://www.acb.com/Documentos/Cabeceras/logo-competicion-1b.png","https://www.acb.com/Documentos/Cabeceras/logo-competicion-4a.png",49,1984,107,NA,NA,973,4809,NA,NA,FALSE,948,936,1377,"Cajamadrid","Cajamadrid","CJM",948,1884,"CAI Zaragoza","CAI Zaragoza","CBZ",1,89,12000,0,2,0,34,63,53.97,21,29,72.41,20,11,31,2,8,15,0,3,0,0,18,0,61,0,0,0,1,0,89,69,0,NA,0,0,0,0,0,0,0
1642126,1,"Liga Nacional","Liga Endesa",-402534000,NA,"https://www.acb.com/Documentos/Cabeceras/logo-competicion-1b.png","https://www.acb.com/Documentos/Cabeceras/logo-competicion-4a.png",49,1984,107,NA,NA,974,4814,NA,NA,FALSE,945,948,1884,"CAI Zaragoza","CAI Zaragoza","CBZ",945,1027,"Caja de Ronda","Caja de Ronda","RON",1,87,12000,0,1,0,34,60,56,19,22,86,18,6,24,5,6,13,0,3,0,0,25,0,57,0,0,0,10,0,870,810,0,0,0,0,0,0,0,0,0
1642125,1,"Liga Nacional","Liga Endesa",-402534000,NA,"https://www.acb.com/Documentos/Cabeceras/logo-competicion-1b.png","https://www.acb.com/Documentos/Cabeceras/logo-competicion-4a.png",49,1984,107,NA,NA,974,4814,NA,NA,TRUE,948,948,1884,"CAI Zaragoza","CAI Zaragoza","CBZ",945,1027,"Caja de Ronda","Caja de Ronda","RON",1,81,12000,1,4,25,31,59,52.54,16,24,66.67,21,11,32,2,9,14,0,2,0,0,19,0,54,0,0,1,0,0,81,87,0,NA,0,0,0,0,0,0,0
1642043,1,"Liga Nacional","Liga Endesa",-402534000,NA,"https://www.acb.com/Documentos/Cabeceras/logo-competicion-1b.png","https://www.acb.com/Documentos/Cabeceras/logo-competicion-4a.png",49,1984,107,NA,NA,974,4810,NA,NA,TRUE,946,946,1817,"Fórum Valladolid","Fórum Vall.","FOR",941,1487,"Cacaolat Granollers","C. Granollers","GRN",1,77,12000,1,2,50,29,51,56.86,16,21,76.19,19,8,27,5,7,13,0,3,0,0,19,0,59,0,0,0,1,0,77,74,0,NA,0,0,0,0,0,0,0
1642044,1,"Liga Nacional","Liga Endesa",-402534000,NA,"https://www.acb.com/Documentos/Cabeceras/logo-competicion-1b.png","https://www.acb.com/Documentos/Cabeceras/logo-competicion-4a.png",49,1984,107,NA,NA,974,4810,NA,NA,FALSE,941,946,1817,"Fórum Valladolid","Fórum Vall.","FOR",941,1487,"Cacaolat Granollers","C. Granollers","GRN",1,74,12000,1,3,33.33,29,58,50,13,20,65,17,8,25,2,8,12,0,1,0,0,20,0,40,0,0,1,0,0,74,77,0,NA,0,0,0,0,0,0,0
1642067,1,"Liga Nacional","Liga Endesa",-402534000,NA,"https://www.acb.com/Documentos/Cabeceras/logo-competicion-1b.png","https://www.acb.com/Documentos/Cabeceras/logo-competicion-4a.png",49,1984,107,NA,NA,974,4811,NA,NA,TRUE,943,943,722,"Real Madrid","Real Madrid","RMB",942,590,"Ron Negrita Joventut","Joventut","JOV",1,96,12000,2,4,50,37,64,57.81,16,24,66.67,23,9,32,3,12,13,0,6,0,0,23,0,76,0,0,0,1,0,96,68,0,NA,0,0,0,0,0,0,0
1642068,1,"Liga Nacional","Liga Endesa",-402534000,NA,"https://www.acb.com/Documentos/Cabeceras/logo-competicion-1b.png","https://www.acb.com/Documentos/Cabeceras/logo-competicion-4a.png",49,1984,107,NA,NA,974,4811,NA,NA,FALSE,942,943,722,"Real Madrid","Real Madrid","RMB",942,590,"Ron Negrita Joventut","Joventut","JOV",1,68,12000,4,6,66.67,22,40,55,12,21,57.14,21,8,29,2,11,11,0,1,0,0,20,0,51,0,0,1,0,0,68,96,0,NA,0,0,0,0,0,0,0
1642085,1,"Liga Nacional","Liga Endesa",-402534000,NA,"https://www.acb.com/Documentos/Cabeceras/logo-competicion-1b.png","https://www.acb.com/Documentos/Cabeceras/logo-competicion-4a.png",49,1984,107,NA,NA,974,4812,NA,NA,TRUE,938,938,1428,"Licor 43","Licor 43","CCA",933,65,"FC Barcelona","FC Barcelona","FCB",1,111,12000,4,8,50,41,65,63.08,17,26,65.38,16,5,21,2,10,7,0,2,0,0,15,0,87,0,0,0,1,0,111,75,0,NA,0,0,0,0,0,0,0
1642086,1,"Liga Nacional","Liga Endesa",-402534000,NA,"https://www.acb.com/Documentos/Cabeceras/logo-competicion-1b.png","https://www.acb.com/Documentos/Cabeceras/logo-competicion-4a.png",49,1984,107,NA,NA,974,4812,NA,NA,FALSE,933,938,1428,"Licor 43","Licor 43","CCA",933,65,"FC Barcelona","FC Barcelona","FCB",1,75,12000,1,5,20,29,48,60.42,14,22,63.64,19,6,25,2,10,12,0,2,0,0,19,0,52,0,0,1,0,0,75,111,0,NA,0,0,0,0,0,0,0
1642105,1,"Liga Nacional","Liga Endesa",-402534000,NA,"https://www.acb.com/Documentos/Cabeceras/logo-competicion-1b.png","https://www.acb.com/Documentos/Cabeceras/logo-competicion-4a.png",49,1984,107,NA,NA,974,4813,NA,NA,FALSE,935,934,186,"Caja Álava","Caja Álava","BAS",935,1336,"Breogán Caixa Galicia","Breogán","BRE",1,86,12000,0,2,0,36,69,52.17,14,22,63.64,18,10,28,1,9,11,0,3,0,0,18,0,55,0,0,0,1,0,86,83,0,NA,0,0,0,0,0,0,0
1642104,1,"Liga Nacional","Liga Endesa",-402534000,NA,"https://www.acb.com/Documentos/Cabeceras/logo-competicion-1b.png","https://www.acb.com/Documentos/Cabeceras/logo-competicion-4a.png",49,1984,107,NA,NA,974,4813,NA,NA,TRUE,934,934,186,"Caja Álava","Caja Álava","BAS",935,1336,"Breogán Caixa Galicia","Breogán","BRE",1,83,12000,0,1,0,36,67,53.73,11,18,61.11,20,7,27,3,9,13,0,3,0,0,18,0,55,0,0,1,0,0,83,86,0,NA,0,0,0,0,0,0,0
1642145,1,"Liga Nacional","Liga Endesa",-402534000,NA,"https://www.acb.com/Documentos/Cabeceras/logo-competicion-1b.png","https://www.acb.com/Documentos/Cabeceras/logo-competicion-4a.png",49,1984,107,NA,NA,974,4815,NA,NA,FALSE,936,939,1438,"Español","Español","ESP",936,1377,"Cajamadrid","Cajamadrid","CJM",1,104,12000,3,6,50,39,70,55.71,17,22,77.27,15,7,22,2,7,11,0,1,0,0,20,0,66,0,0,0,1,0,104,92,0,NA,0,0,0,0,0,0,0
1642144,1,"Liga Nacional","Liga Endesa",-402534000,NA,"https://www.acb.com/Documentos/Cabeceras/logo-competicion-1b.png","https://www.acb.com/Documentos/Cabeceras/logo-competicion-4a.png",49,1984,107,NA,NA,974,4815,NA,NA,TRUE,939,939,1438,"Español","Español","ESP",936,1377,"Cajamadrid","Cajamadrid","CJM",1,92,12000,0,1,0,34,63,53.97,24,32,75,19,6,25,4,9,14,0,1,0,0,20,0,59,0,0,1,0,0,92,104,0,NA,0,0,0,0,0,0,0
1642165,1,"Liga Nacional","Liga Endesa",-402534000,NA,"https://www.acb.com/Documentos/Cabeceras/logo-competicion-1b.png","https://www.acb.com/Documentos/Cabeceras/logo-competicion-4a.png",49,1984,107,NA,NA,974,4816,NA,NA,FALSE,940,944,1667,"Clesa Ferrol","Clesa Ferrol","FER",940,431,"Estudiantes Caja Postal","Estudiantes CP","EST",1,96,12000,2,3,66.67,38,73,52.05,14,20,70,17,7,24,2,6,9,0,0,0,0,24,0,53,0,0,1,0,0,96,100,0,NA,0,0,0,0,0,0,0
1642164,1,"Liga Nacional","Liga Endesa",-402534000,NA,"https://www.acb.com/Documentos/Cabeceras/logo-competicion-1b.png","https://www.acb.com/Documentos/Cabeceras/logo-competicion-4a.png",49,1984,107,NA,NA,974,4816,NA,NA,TRUE,944,944,1667,"Clesa Ferrol","Clesa Ferrol","FER",940,431,"Estudiantes Caja Postal","Estudiantes CP","EST",1,100,12000,4,7,57.14,34,56,60.71,20,24,83.33,16,6,22,2,7,10,0,1,0,0,21,0,72,0,0,0,1,0,100,96,0,NA,0,0,0,0,0,0,0
1642184,1,"Liga Nacional","Liga Endesa",-402534000,NA,"https://www.acb.com/Documentos/Cabeceras/logo-competicion-1b.png","https://www.acb.com/Documentos/Cabeceras/logo-competicion-4a.png",49,1984,107,NA,NA,974,4817,NA,NA,TRUE,937,937,1381,"Lucky Canarias","Lucky Canarias","CAN",947,1866,"Collado Villalba","Coll. Villalba","VIL",1,78,12000,2,6,33.33,28,59,47.46,16,22,72.73,18,11,29,4,9,13,0,2,0,0,20,0,48,0,0,0,1,0,78,73,0,NA,0,0,0,0,0,0,0
1642185,1,"Liga Nacional","Liga Endesa",-402534000,NA,"https://www.acb.com/Documentos/Cabeceras/logo-competicion-1b.png","https://www.acb.com/Documentos/Cabeceras/logo-competicion-4a.png",49,1984,107,NA,NA,974,4817,NA,NA,FALSE,947,937,1381,"Lucky Canarias","Lucky Canarias","CAN",947,1866,"Collado Villalba","Coll. Villalba","VIL",1,73,12000,1,2,50,29,64,45.31,12,16,75,14,8,22,1,8,8,0,2,0,0,24,0,34,0,0,1,0,0,73,78,0,NA,0,0,0,0,0,0,0
1642324,1,"Liga Nacional","Liga Endesa",-402534000,NA,"https://www.acb.com/Documentos/Cabeceras/logo-competicion-1b.png","https://www.acb.com/Documentos/Cabeceras/logo-competicion-4a.png",49,1984,107,NA,NA,975,4824,NA,NA,FALSE,936,944,1667,"Clesa Ferrol","Clesa Ferrol","FER",936,1377,"Cajamadrid","Cajamadrid","CJM",1,103,12000,3,7,42.86,40,72,55.56,14,21,66.67,16,7,23,3,9,14,0,1,0,0,24,0,58,0,0,0,1,0,103,83,0,NA,0,0,0,0,0,0,0
1642323,1,"Liga Nacional","Liga Endesa",-402534000,NA,"https://www.acb.com/Documentos/Cabeceras/logo-competicion-1b.png","https://www.acb.com/Documentos/Cabeceras/logo-competicion-4a.png",49,1984,107,NA,NA,975,4824,NA,NA,TRUE,944,944,1667,"Clesa Ferrol","Clesa Ferrol","FER",936,1377,"Cajamadrid","Cajamadrid","CJM",1,83,12000,3,7,42.86,28,48,58.33,18,21,85.71,16,6,22,2,7,9,0,1,0,0,20,0,59,0,0,1,0,0,83,103,0,NA,0,0,0,0,0,0,0
1642203,1,"Liga Nacional","Liga Endesa",-402534000,NA,"https://www.acb.com/Documentos/Cabeceras/logo-competicion-1b.png","https://www.acb.com/Documentos/Cabeceras/logo-competicion-4a.png",49,1984,107,NA,NA,975,4818,NA,NA,FALSE,941,935,1336,"Breogán Caixa Galicia","Breogán","BRE",941,1487,"Cacaolat Granollers","C. Granollers","GRN",1,80,12000,2,3,66.67,31,61,50.82,12,16,75,17,6,23,2,8,10,0,1,0,0,20,0,49,0,0,0,1,0,80,77,0,NA,0,0,0,0,0,0,0
1642202,1,"Liga Nacional","Liga Endesa",-402534000,NA,"https://www.acb.com/Documentos/Cabeceras/logo-competicion-1b.png","https://www.acb.com/Documentos/Cabeceras/logo-competicion-4a.png",49,1984,107,NA,NA,975,4818,NA,NA,TRUE,935,935,1336,"Breogán Caixa Galicia","Breogán","BRE",941,1487,"Cacaolat Granollers","C. Granollers","GRN",1,77,12000,1,6,16.67,31,64,48.44,12,17,70.59,18,8,26,1,8,11,0,3,0,0,17,0,44,0,0,1,0,0,77,80,0,NA,0,0,0,0,0,0,0
1642222,1,"Liga Nacional","Liga Endesa",-402534000,NA,"https://www.acb.com/Documentos/Cabeceras/logo-competicion-1b.png","https://www.acb.com/Documentos/Cabeceras/logo-competicion-4a.png",49,1984,107,NA,NA,975,4819,NA,NA,FALSE,933,934,186,"Caja Álava","Caja Álava","BAS",933,65,"FC Barcelona","FC Barcelona","FCB",1,94,12000,2,4,50,35,57,61.4,18,24,75,18,6,24,2,9,10,0,2,0,0,18,0,73,0,0,0,1,0,94,81,0,NA,0,0,0,0,0,0,0
1642221,1,"Liga Nacional","Liga Endesa",-402534000,NA,"https://www.acb.com/Documentos/Cabeceras/logo-competicion-1b.png","https://www.acb.com/Documentos/Cabeceras/logo-competicion-4a.png",49,1984,107,NA,NA,975,4819,NA,NA,TRUE,934,934,186,"Caja Álava","Caja Álava","BAS",933,65,"FC Barcelona","FC Barcelona","FCB",1,81,12000,0,1,0,32,67,47.76,17,25,68,19,7,26,3,8,13,0,2,0,0,18,0,45,0,0,1,0,0,81,94,0,NA,0,0,0,0,0,0,0
1642240,1,"Liga Nacional","Liga Endesa",-402534000,NA,"https://www.acb.com/Documentos/Cabeceras/logo-competicion-1b.png","https://www.acb.com/Documentos/Cabeceras/logo-competicion-4a.png",49,1984,107,NA,NA,975,4820,NA,NA,TRUE,938,938,1428,"Licor 43","Licor 43","CCA",942,590,"Ron Negrita Joventut","Joventut","JOV",1,84,12000,2,4,50,34,58,58.62,10,16,62.5,19,6,25,2,11,9,0,2,0,0,19,0,64,0,0,1,0,0,84,94,0,NA,0,0,0,0,0,0,0
1642241,1,"Liga Nacional","Liga Endesa",-402534000,NA,"https://www.acb.com/Documentos/Cabeceras/logo-competicion-1b.png","https://www.acb.com/Documentos/Cabeceras/logo-competicion-4a.png",49,1984,107,NA,NA,975,4820,NA,NA,FALSE,942,938,1428,"Licor 43","Licor 43","CCA",942,590,"Ron Negrita Joventut","Joventut","JOV",1,94,12000,4,8,50,33,59,55.93,16,19,84.21,20,8,28,2,9,11,0,1,0,0,18,0,72,0,0,0,1,0,94,84,0,NA,0,0,0,0,0,0,0
1642263,1,"Liga Nacional","Liga Endesa",-402534000,NA,"https://www.acb.com/Documentos/Cabeceras/logo-competicion-1b.png","https://www.acb.com/Documentos/Cabeceras/logo-competicion-4a.png",49,1984,107,NA,NA,975,4821,NA,NA,FALSE,946,943,722,"Real Madrid","Real Madrid","RMB",946,1817,"Fórum Valladolid","Fórum Vall.","FOR",1,77,12000,0,0,0,31,48,64.58,15,26,57.69,18,8,26,5,6,11,0,3,0,0,18,0,60,0,0,1,0,0,77,86,0,NA,0,0,0,0,0,0,0
1642262,1,"Liga Nacional","Liga Endesa",-402534000,NA,"https://www.acb.com/Documentos/Cabeceras/logo-competicion-1b.png","https://www.acb.com/Documentos/Cabeceras/logo-competicion-4a.png",49,1984,107,NA,NA,975,4821,NA,NA,TRUE,943,943,722,"Real Madrid","Real Madrid","RMB",946,1817,"Fórum Valladolid","Fórum Vall.","FOR",1,86,12000,0,3,0,36,63,57.14,14,18,77.78,21,8,29,2,12,13,0,6,0,0,22,0,66,0,0,0,1,0,86,77,0,NA,0,0,0,0,0,0,0
1642281,1,"Liga Nacional","Liga Endesa",-402534000,NA,"https://www.acb.com/Documentos/Cabeceras/logo-competicion-1b.png","https://www.acb.com/Documentos/Cabeceras/logo-competicion-4a.png",49,1984,107,NA,NA,975,4822,NA,NA,TRUE,947,947,1866,"Collado Villalba","Coll. Villalba","VIL",945,1027,"Caja de Ronda","Caja de Ronda","RON",1,83,12000,1,3,33.33,35,72,48.61,10,14,71.43,14,8,22,1,8,8,0,2,0,0,23,0,42,0,0,1,0,0,83,85,0,NA,0,0,0,0,0,0,0
1642282,1,"Liga Nacional","Liga Endesa",-402534000,NA,"https://www.acb.com/Documentos/Cabeceras/logo-competicion-1b.png","https://www.acb.com/Documentos/Cabeceras/logo-competicion-4a.png",49,1984,107,NA,NA,975,4822,NA,NA,FALSE,945,947,1866,"Collado Villalba","Coll. Villalba","VIL",945,1027,"Caja de Ronda","Caja de Ronda","RON",1,85,12000,2,6,33,31,54,57,17,27,62,17,6,23,5,5,11,0,2,0,0,22,0,50,0,0,0,8,0,680,664,0,0,0,0,0,0,0,0,0
1642301,1,"Liga Nacional","Liga Endesa",-402534000,NA,"https://www.acb.com/Documentos/Cabeceras/logo-competicion-1b.png","https://www.acb.com/Documentos/Cabeceras/logo-competicion-4a.png",49,1984,107,NA,NA,975,4823,NA,NA,TRUE,937,937,1381,"Lucky Canarias","Lucky Canarias","CAN",940,431,"Estudiantes Caja Postal","Estudiantes CP","EST",1,87,12000,1,4,25,34,67,50,16,24,66,18,11,29,4,8,13,0,2,0,0,20,0,53,0,0,11,0,0,957,1034,0,0,0,0,0,0,0,0,0
1642302,1,"Liga Nacional","Liga Endesa",-402534000,NA,"https://www.acb.com/Documentos/Cabeceras/logo-competicion-1b.png","https://www.acb.com/Documentos/Cabeceras/logo-competicion-4a.png",49,1984,107,NA,NA,975,4823,NA,NA,FALSE,940,937,1381,"Lucky Canarias","Lucky Canarias","CAN",940,431,"Estudiantes Caja Postal","Estudiantes CP","EST",1,94,12000,1,3,33.33,37,69,53.62,17,26,65.38,13,7,20,2,5,8,0,0,0,0,19,0,51,0,0,0,1,0,94,87,0,NA,0,0,0,0,0,0,0
1642342,1,"Liga Nacional","Liga Endesa",-402534000,NA,"https://www.acb.com/Documentos/Cabeceras/logo-competicion-1b.png","https://www.acb.com/Documentos/Cabeceras/logo-competicion-4a.png",49,1984,107,NA,NA,975,4825,NA,NA,TRUE,939,939,1438,"Español","Español","ESP",948,1884,"CAI Zaragoza","CAI Zaragoza","CBZ",1,86,12000,1,3,33.33,32,61,52.46,19,22,86.36,18,6,24,4,8,12,0,1,0,0,17,0,60,0,0,0,1,0,86,82,0,NA,0,0,0,0,0,0,0
1642343,1,"Liga Nacional","Liga Endesa",-402534000,NA,"https://www.acb.com/Documentos/Cabeceras/logo-competicion-1b.png","https://www.acb.com/Documentos/Cabeceras/logo-competicion-4a.png",49,1984,107,NA,NA,975,4825,NA,NA,FALSE,948,939,1438,"Español","Español","ESP",948,1884,"CAI Zaragoza","CAI Zaragoza","CBZ",1,82,12000,3,6,50,28,49,57.14,17,22,77.27,20,10,30,1,7,13,0,2,0,0,18,0,62,0,0,1,0,0,82,86,0,NA,0,0,0,0,0,0,0
1642465,1,"Liga Nacional","Liga Endesa",-402534000,NA,"https://www.acb.com/Documentos/Cabeceras/logo-competicion-1b.png","https://www.acb.com/Documentos/Cabeceras/logo-competicion-4a.png",49,1984,107,NA,NA,976,4831,NA,NA,TRUE,948,948,1884,"CAI Zaragoza","CAI Zaragoza","CBZ",944,1667,"Clesa Ferrol","Clesa Ferrol","FER",1,103,13500,3,7,42.86,37,64,57.81,20,26,76.92,21,10,31,1,8,14,0,2,0,0,18,0,76,0,0,0,1,0,103,97,0,NA,0,0,0,0,0,0,0
1642466,1,"Liga Nacional","Liga Endesa",-402534000,NA,"https://www.acb.com/Documentos/Cabeceras/logo-competicion-1b.png","https://www.acb.com/Documentos/Cabeceras/logo-competicion-4a.png",49,1984,107,NA,NA,976,4831,NA,NA,FALSE,944,948,1884,"CAI Zaragoza","CAI Zaragoza","CBZ",944,1667,"Clesa Ferrol","Clesa Ferrol","FER",1,97,13500,4,8,50,37,62,59.68,11,15,73.33,15,6,21,2,6,7,0,1,0,0,16,0,71,0,0,1,0,0,97,103,0,NA,0,0,0,0,0,0,0
1642359,1,"Liga Nacional","Liga Endesa",-402534000,NA,"https://www.acb.com/Documentos/Cabeceras/logo-competicion-1b.png","https://www.acb.com/Documentos/Cabeceras/logo-competicion-4a.png",49,1984,107,NA,NA,976,4826,NA,NA,TRUE,941,941,1487,"Cacaolat Granollers","C. Granollers","GRN",943,722,"Real Madrid","Real Madrid","RMB",1,73,12000,0,4,0,32,63,50.79,9,11,81.82,16,6,22,2,7,9,0,1,0,0,16,0,43,0,0,1,0,0,73,84,0,NA,0,0,0,0,0,0,0
1642360,1,"Liga Nacional","Liga Endesa",-402534000,NA,"https://www.acb.com/Documentos/Cabeceras/logo-competicion-1b.png","https://www.acb.com/Documentos/Cabeceras/logo-competicion-4a.png",49,1984,107,NA,NA,976,4826,NA,NA,FALSE,943,941,1487,"Cacaolat Granollers","C. Granollers","GRN",943,722,"Real Madrid","Real Madrid","RMB",1,84,12000,0,2,0,36,65,55.38,12,14,85.71,19,8,27,2,10,11,0,5,0,0,18,0,66,0,0,0,1,0,84,73,0,NA,0,0,0,0,0,0,0
1642378,1,"Liga Nacional","Liga Endesa",-402534000,NA,"https://www.acb.com/Documentos/Cabeceras/logo-competicion-1b.png","https://www.acb.com/Documentos/Cabeceras/logo-competicion-4a.png",49,1984,107,NA,NA,976,4827,NA,NA,TRUE,946,946,1817,"Fórum Valladolid","Fórum Vall.","FOR",938,1428,"Licor 43","Licor 43","CCA",1,98,12000,5,10,50,32,53,60.38,19,27,70.37,18,8,26,3,6,11,0,3,0,0,17,0,74,0,0,0,1,0,98,96,0,NA,0,0,0,0,0,0,0
1642379,1,"Liga Nacional","Liga Endesa",-402534000,NA,"https://www.acb.com/Documentos/Cabeceras/logo-competicion-1b.png","https://www.acb.com/Documentos/Cabeceras/logo-competicion-4a.png",49,1984,107,NA,NA,976,4827,NA,NA,FALSE,938,946,1817,"Fórum Valladolid","Fórum Vall.","FOR",938,1428,"Licor 43","Licor 43","CCA",1,96,12000,4,7,57.14,36,66,54.55,12,20,60,19,5,24,2,10,9,0,2,0,0,19,0,65,0,0,1,0,0,96,98,0,NA,0,0,0,0,0,0,0
1642402,1,"Liga Nacional","Liga Endesa",-402534000,NA,"https://www.acb.com/Documentos/Cabeceras/logo-competicion-1b.png","https://www.acb.com/Documentos/Cabeceras/logo-competicion-4a.png",49,1984,107,NA,NA,976,4828,NA,NA,FALSE,934,942,590,"Ron Negrita Joventut","Joventut","JOV",934,186,"Caja Álava","Caja Álava","BAS",1,86,12000,1,3,33.33,34,65,52.31,15,20,75,18,7,25,3,7,12,0,2,0,0,16,0,57,0,0,1,0,0,86,112,0,NA,0,0,0,0,0,0,0
1642401,1,"Liga Nacional","Liga Endesa",-402534000,NA,"https://www.acb.com/Documentos/Cabeceras/logo-competicion-1b.png","https://www.acb.com/Documentos/Cabeceras/logo-competicion-4a.png",49,1984,107,NA,NA,976,4828,NA,NA,TRUE,942,942,590,"Ron Negrita Joventut","Joventut","JOV",934,186,"Caja Álava","Caja Álava","BAS",1,112,12000,5,10,50,37,59,62.71,23,28,82.14,21,8,29,2,9,11,0,0,0,0,20,0,89,0,0,0,1,0,112,86,0,NA,0,0,0,0,0,0,0
1642423,1,"Liga Nacional","Liga Endesa",-402534000,NA,"https://www.acb.com/Documentos/Cabeceras/logo-competicion-1b.png","https://www.acb.com/Documentos/Cabeceras/logo-competicion-4a.png",49,1984,107,NA,NA,976,4829,NA,NA,TRUE,933,933,65,"FC Barcelona","FC Barcelona","FCB",935,1336,"Breogán Caixa Galicia","Breogán","BRE",1,113,12000,3,5,60,40,68,58.82,24,29,82.76,20,6,26,2,10,12,0,2,0,0,21,0,85,0,0,0,1,0,113,93,0,NA,0,0,0,0,0,0,0
1642424,1,"Liga Nacional","Liga Endesa",-402534000,NA,"https://www.acb.com/Documentos/Cabeceras/logo-competicion-1b.png","https://www.acb.com/Documentos/Cabeceras/logo-competicion-4a.png",49,1984,107,NA,NA,976,4829,NA,NA,FALSE,935,933,65,"FC Barcelona","FC Barcelona","FCB",935,1336,"Breogán Caixa Galicia","Breogán","BRE",1,93,12000,0,1,0,42,82,51.22,9,14,64.29,20,9,29,1,9,11,0,3,0,0,18,0,60,0,0,1,0,0,93,113,0,NA,0,0,0,0,0,0,0
1642446,1,"Liga Nacional","Liga Endesa",-402534000,NA,"https://www.acb.com/Documentos/Cabeceras/logo-competicion-1b.png","https://www.acb.com/Documentos/Cabeceras/logo-competicion-4a.png",49,1984,107,NA,NA,976,4830,NA,NA,FALSE,939,945,1027,"Caja de Ronda","Caja de Ronda","RON",939,1438,"Español","Español","ESP",1,99,12000,1,4,25,37,65,56.92,22,30,73.33,19,10,29,5,10,12,0,3,0,0,20,0,75,0,0,0,1,0,99,96,0,NA,0,0,0,0,0,0,0
1642445,1,"Liga Nacional","Liga Endesa",-402534000,NA,"https://www.acb.com/Documentos/Cabeceras/logo-competicion-1b.png","https://www.acb.com/Documentos/Cabeceras/logo-competicion-4a.png",49,1984,107,NA,NA,976,4830,NA,NA,TRUE,945,945,1027,"Caja de Ronda","Caja de Ronda","RON",939,1438,"Español","Español","ESP",1,96,12000,0,1,0,39,69,56,18,22,81,17,6,23,3,5,13,0,2,0,0,25,0,56,0,0,11,0,0,1056,1089,0,0,0,0,0,0,0,0,0
1642486,1,"Liga Nacional","Liga Endesa",-402534000,NA,"https://www.acb.com/Documentos/Cabeceras/logo-competicion-1b.png","https://www.acb.com/Documentos/Cabeceras/logo-competicion-4a.png",49,1984,107,NA,NA,976,4832,NA,NA,FALSE,937,936,1377,"Cajamadrid","Cajamadrid","CJM",937,1381,"Lucky Canarias","Lucky Canarias","CAN",1,69,12000,1,5,20,29,61,47.54,8,12,66.67,17,10,27,4,8,12,0,2,0,0,19,0,39,0,0,1,0,0,69,71,0,NA,0,0,0,0,0,0,0
1642485,1,"Liga Nacional","Liga Endesa",-402534000,NA,"https://www.acb.com/Documentos/Cabeceras/logo-competicion-1b.png","https://www.acb.com/Documentos/Cabeceras/logo-competicion-4a.png",49,1984,107,NA,NA,976,4832,NA,NA,TRUE,936,936,1377,"Cajamadrid","Cajamadrid","CJM",937,1381,"Lucky Canarias","Lucky Canarias","CAN",1,71,12000,0,3,0,31,56,55.36,9,15,60,16,6,22,2,8,12,0,1,0,0,21,0,37,0,0,0,1,0,71,69,0,NA,0,0,0,0,0,0,0
1642506,1,"Liga Nacional","Liga Endesa",-402534000,NA,"https://www.acb.com/Documentos/Cabeceras/logo-competicion-1b.png","https://www.acb.com/Documentos/Cabeceras/logo-competicion-4a.png",49,1984,107,NA,NA,976,4833,NA,NA,FALSE,947,940,431,"Estudiantes Caja Postal","Estudiantes CP","EST",947,1866,"Collado Villalba","Coll. Villalba","VIL",1,70,12000,0,2,0,31,69,44.93,8,14,57.14,17,10,27,1,8,9,0,2,0,0,27,0,26,0,0,1,0,0,70,97,0,NA,0,0,0,0,0,0,0
1642505,1,"Liga Nacional","Liga Endesa",-402534000,NA,"https://www.acb.com/Documentos/Cabeceras/logo-competicion-1b.png","https://www.acb.com/Documentos/Cabeceras/logo-competicion-4a.png",49,1984,107,NA,NA,976,4833,NA,NA,TRUE,940,940,431,"Estudiantes Caja Postal","Estudiantes CP","EST",947,1866,"Collado Villalba","Coll. Villalba","VIL",1,97,12000,3,5,60,35,68,51.47,18,28,64.29,12,4,16,2,7,8,0,0,0,0,22,0,47,0,0,0,1,0,97,70,0,NA,0,0,0,0,0,0,0
1642583,1,"Liga Nacional","Liga Endesa",-402534000,NA,"https://www.acb.com/Documentos/Cabeceras/logo-competicion-1b.png","https://www.acb.com/Documentos/Cabeceras/logo-competicion-4a.png",49,1984,107,NA,NA,977,4837,NA,NA,FALSE,943,938,1428,"Licor 43","Licor 43","CCA",943,722,"Real Madrid","Real Madrid","RMB",1,106,12000,2,3,66.67,42,68,61.76,16,24,66.67,18,7,25,2,9,10,0,4,0,0,16,0,85,0,0,0,1,0,106,96,0,NA,0,0,0,0,0,0,0
1642582,1,"Liga Nacional","Liga Endesa",-402534000,NA,"https://www.acb.com/Documentos/Cabeceras/logo-competicion-1b.png","https://www.acb.com/Documentos/Cabeceras/logo-competicion-4a.png",49,1984,107,NA,NA,977,4837,NA,NA,TRUE,938,938,1428,"Licor 43","Licor 43","CCA",943,722,"Real Madrid","Real Madrid","RMB",1,96,12000,4,8,50,35,59,59.32,14,22,63.64,18,5,23,2,9,8,0,2,0,0,18,0,70,0,0,1,0,0,96,106,0,NA,0,0,0,0,0,0,0
1642525,1,"Liga Nacional","Liga Endesa",-402534000,NA,"https://www.acb.com/Documentos/Cabeceras/logo-competicion-1b.png","https://www.acb.com/Documentos/Cabeceras/logo-competicion-4a.png",49,1984,107,NA,NA,977,4834,NA,NA,FALSE,941,933,65,"FC Barcelona","FC Barcelona","FCB",941,1487,"Cacaolat Granollers","C. Granollers","GRN",1,84,12000,0,3,0,34,69,49.28,16,20,80,17,6,23,1,8,10,0,0,0,0,17,0,47,0,0,1,0,0,84,94,0,NA,0,0,0,0,0,0,0
1642524,1,"Liga Nacional","Liga Endesa",-402534000,NA,"https://www.acb.com/Documentos/Cabeceras/logo-competicion-1b.png","https://www.acb.com/Documentos/Cabeceras/logo-competicion-4a.png",49,1984,107,NA,NA,977,4834,NA,NA,TRUE,933,933,65,"FC Barcelona","FC Barcelona","FCB",941,1487,"Cacaolat Granollers","C. Granollers","GRN",1,94,12000,1,4,25,36,56,64.29,19,30,63.33,18,6,24,2,10,11,0,2,0,0,18,0,69,0,0,0,1,0,94,84,0,NA,0,0,0,0,0,0,0
1642548,1,"Liga Nacional","Liga Endesa",-402534000,NA,"https://www.acb.com/Documentos/Cabeceras/logo-competicion-1b.png","https://www.acb.com/Documentos/Cabeceras/logo-competicion-4a.png",49,1984,107,NA,NA,977,4835,NA,NA,FALSE,942,935,1336,"Breogán Caixa Galicia","Breogán","BRE",942,590,"Ron Negrita Joventut","Joventut","JOV",1,101,12000,3,6,50,39,65,60,14,18,77.78,19,8,27,2,7,9,0,0,0,0,20,0,75,0,0,0,1,0,101,72,0,NA,0,0,0,0,0,0,0
1642547,1,"Liga Nacional","Liga Endesa",-402534000,NA,"https://www.acb.com/Documentos/Cabeceras/logo-competicion-1b.png","https://www.acb.com/Documentos/Cabeceras/logo-competicion-4a.png",49,1984,107,NA,NA,977,4835,NA,NA,TRUE,935,935,1336,"Breogán Caixa Galicia","Breogán","BRE",942,590,"Ron Negrita Joventut","Joventut","JOV",1,72,12000,1,3,33.33,27,59,45.76,15,21,71.43,19,9,28,1,8,12,0,2,0,0,20,0,39,0,0,1,0,0,72,101,0,NA,0,0,0,0,0,0,0
1642566,1,"Liga Nacional","Liga Endesa",-402534000,NA,"https://www.acb.com/Documentos/Cabeceras/logo-competicion-1b.png","https://www.acb.com/Documentos/Cabeceras/logo-competicion-4a.png",49,1984,107,NA,NA,977,4836,NA,NA,FALSE,946,934,186,"Caja Álava","Caja Álava","BAS",946,1817,"Fórum Valladolid","Fórum Vall.","FOR",1,84,12000,0,0,0,33,55,60,18,24,75,18,8,26,3,6,10,0,3,0,0,16,0,68,0,0,0,1,0,84,82,0,NA,0,0,0,0,0,0,0
1642565,1,"Liga Nacional","Liga Endesa",-402534000,NA,"https://www.acb.com/Documentos/Cabeceras/logo-competicion-1b.png","https://www.acb.com/Documentos/Cabeceras/logo-competicion-4a.png",49,1984,107,NA,NA,977,4836,NA,NA,TRUE,934,934,186,"Caja Álava","Caja Álava","BAS",946,1817,"Fórum Valladolid","Fórum Vall.","FOR",1,82,12000,0,2,0,35,66,53.03,12,18,66.67,18,7,25,2,6,12,0,1,0,0,14,0,51,0,0,1,0,0,82,84,0,NA,0,0,0,0,0,0,0
1642602,1,"Liga Nacional","Liga Endesa",-402534000,NA,"https://www.acb.com/Documentos/Cabeceras/logo-competicion-1b.png","https://www.acb.com/Documentos/Cabeceras/logo-competicion-4a.png",49,1984,107,NA,NA,977,4838,NA,NA,FALSE,945,940,431,"Estudiantes Caja Postal","Estudiantes CP","EST",945,1027,"Caja de Ronda","Caja de Ronda","RON",1,91,13500,1,3,33,35,64,54,18,20,90,16,5,21,3,5,13,0,2,0,0,24,0,52,0,0,9,0,0,819,828,0,0,0,0,0,0,0,0,0
1642601,1,"Liga Nacional","Liga Endesa",-402534000,NA,"https://www.acb.com/Documentos/Cabeceras/logo-competicion-1b.png","https://www.acb.com/Documentos/Cabeceras/logo-competicion-4a.png",49,1984,107,NA,NA,977,4838,NA,NA,TRUE,940,940,431,"Estudiantes Caja Postal","Estudiantes CP","EST",945,1027,"Caja de Ronda","Caja de Ronda","RON",1,92,13500,1,3,33,38,78,48,13,22,59,14,6,20,1,9,8,0,0,0,0,21,0,42,0,0,0,8,0,736,728,0,0,0,0,0,0,0,0,0
1642620,1,"Liga Nacional","Liga Endesa",-402534000,NA,"https://www.acb.com/Documentos/Cabeceras/logo-competicion-1b.png","https://www.acb.com/Documentos/Cabeceras/logo-competicion-4a.png",49,1984,107,NA,NA,977,4839,NA,NA,FALSE,936,947,1866,"Collado Villalba","Coll. Villalba","VIL",936,1377,"Cajamadrid","Cajamadrid","CJM",1,80,12000,3,6,50,31,52,59.62,9,16,56.25,15,6,21,2,7,10,0,1,0,0,18,0,52,0,0,1,0,0,80,84,0,NA,0,0,0,0,0,0,0
1642619,1,"Liga Nacional","Liga Endesa",-402534000,NA,"https://www.acb.com/Documentos/Cabeceras/logo-competicion-1b.png","https://www.acb.com/Documentos/Cabeceras/logo-competicion-4a.png",49,1984,107,NA,NA,977,4839,NA,NA,TRUE,947,947,1866,"Collado Villalba","Coll. Villalba","VIL",936,1377,"Cajamadrid","Cajamadrid","CJM",1,84,12000,2,4,50,33,72,45.83,12,19,63.16,15,9,24,1,8,8,0,2,0,0,23,0,40,0,0,0,1,0,84,80,0,NA,0,0,0,0,0,0,0
1642637,1,"Liga Nacional","Liga Endesa",-402534000,NA,"https://www.acb.com/Documentos/Cabeceras/logo-competicion-1b.png","https://www.acb.com/Documentos/Cabeceras/logo-competicion-4a.png",49,1984,107,NA,NA,977,4840,NA,NA,TRUE,937,937,1381,"Lucky Canarias","Lucky Canarias","CAN",948,1884,"CAI Zaragoza","CAI Zaragoza","CBZ",1,87,12000,1,5,20,34,66,51.52,16,22,72.73,19,11,30,4,8,13,0,2,0,0,17,0,59,0,0,1,0,0,87,98,0,NA,0,0,0,0,0,0,0
1642638,1,"Liga Nacional","Liga Endesa",-402534000,NA,"https://www.acb.com/Documentos/Cabeceras/logo-competicion-1b.png","https://www.acb.com/Documentos/Cabeceras/logo-competicion-4a.png",49,1984,107,NA,NA,977,4840,NA,NA,FALSE,948,937,1381,"Lucky Canarias","Lucky Canarias","CAN",948,1884,"CAI Zaragoza","CAI Zaragoza","CBZ",1,98,12000,2,6,33.33,38,69,55.07,16,18,88.89,18,10,28,0,7,13,0,2,0,0,17,0,68,0,0,0,1,0,98,87,0,NA,0,0,0,0,0,0,0
1642654,1,"Liga Nacional","Liga Endesa",-402534000,NA,"https://www.acb.com/Documentos/Cabeceras/logo-competicion-1b.png","https://www.acb.com/Documentos/Cabeceras/logo-competicion-4a.png",49,1984,107,NA,NA,977,4841,NA,NA,TRUE,944,944,1667,"Clesa Ferrol","Clesa Ferrol","FER",939,1438,"Español","Español","ESP",1,77,12000,4,10,40,24,43,55.81,17,22,77.27,14,6,20,1,6,8,0,1,0,0,17,0,50,0,0,1,0,0,77,84,0,NA,0,0,0,0,0,0,0
1642655,1,"Liga Nacional","Liga Endesa",-402534000,NA,"https://www.acb.com/Documentos/Cabeceras/logo-competicion-1b.png","https://www.acb.com/Documentos/Cabeceras/logo-competicion-4a.png",49,1984,107,NA,NA,977,4841,NA,NA,FALSE,939,944,1667,"Clesa Ferrol","Clesa Ferrol","FER",939,1438,"Español","Español","ESP",1,84,12000,1,2,50,33,62,53.23,15,22,68.18,18,9,27,5,10,12,0,2,0,0,17,0,62,0,0,0,1,0,84,77,0,NA,0,0,0,0,0,0,0
1642771,1,"Liga Nacional","Liga Endesa",-402534000,NA,"https://www.acb.com/Documentos/Cabeceras/logo-competicion-1b.png","https://www.acb.com/Documentos/Cabeceras/logo-competicion-4a.png",49,1984,107,NA,NA,978,4847,NA,NA,TRUE,939,939,1438,"Español","Español","ESP",937,1381,"Lucky Canarias","Lucky Canarias","CAN",1,90,12000,2,4,50,34,58,58.62,16,16,100,17,9,26,3,8,11,0,2,0,0,18,0,74,0,0,0,1,0,90,81,0,NA,0,0,0,0,0,0,0
1642772,1,"Liga Nacional","Liga Endesa",-402534000,NA,"https://www.acb.com/Documentos/Cabeceras/logo-competicion-1b.png","https://www.acb.com/Documentos/Cabeceras/logo-competicion-4a.png",49,1984,107,NA,NA,978,4847,NA,NA,FALSE,937,939,1438,"Español","Español","ESP",937,1381,"Lucky Canarias","Lucky Canarias","CAN",1,81,12000,1,5,20,30,58,51.72,18,25,72,19,10,29,3,8,13,0,1,0,0,20,0,50,0,0,1,0,0,81,90,0,NA,0,0,0,0,0,0,0
1642673,1,"Liga Nacional","Liga Endesa",-402534000,NA,"https://www.acb.com/Documentos/Cabeceras/logo-competicion-1b.png","https://www.acb.com/Documentos/Cabeceras/logo-competicion-4a.png",49,1984,107,NA,NA,978,4842,NA,NA,TRUE,941,941,1487,"Cacaolat Granollers","C. Granollers","GRN",938,1428,"Licor 43","Licor 43","CCA",1,77,12000,1,3,33.33,30,60,50,14,19,73.68,17,6,23,1,8,10,0,0,0,0,19,0,43,0,0,1,0,0,77,78,0,NA,0,0,0,0,0,0,0
1642674,1,"Liga Nacional","Liga Endesa",-402534000,NA,"https://www.acb.com/Documentos/Cabeceras/logo-competicion-1b.png","https://www.acb.com/Documentos/Cabeceras/logo-competicion-4a.png",49,1984,107,NA,NA,978,4842,NA,NA,FALSE,938,941,1487,"Cacaolat Granollers","C. Granollers","GRN",938,1428,"Licor 43","Licor 43","CCA",1,78,12000,4,12,33.33,28,46,60.87,10,16,62.5,18,4,22,1,9,6,0,2,0,0,17,0,57,0,0,0,1,0,78,77,0,NA,0,0,0,0,0,0,0
1642693,1,"Liga Nacional","Liga Endesa",-402534000,NA,"https://www.acb.com/Documentos/Cabeceras/logo-competicion-1b.png","https://www.acb.com/Documentos/Cabeceras/logo-competicion-4a.png",49,1984,107,NA,NA,978,4843,NA,NA,TRUE,943,943,722,"Real Madrid","Real Madrid","RMB",934,186,"Caja Álava","Caja Álava","BAS",1,132,12000,4,7,57.14,50,88,56.82,20,26,76.92,21,6,27,2,11,12,0,4,0,0,20,0,97,0,0,0,1,0,132,84,0,NA,0,0,0,0,0,0,0
1642694,1,"Liga Nacional","Liga Endesa",-402534000,NA,"https://www.acb.com/Documentos/Cabeceras/logo-competicion-1b.png","https://www.acb.com/Documentos/Cabeceras/logo-competicion-4a.png",49,1984,107,NA,NA,978,4843,NA,NA,FALSE,934,943,722,"Real Madrid","Real Madrid","RMB",934,186,"Caja Álava","Caja Álava","BAS",1,84,12000,1,4,25,33,61,54.1,15,24,62.5,17,7,24,2,5,10,0,1,0,0,10,0,56,0,0,1,0,0,84,132,0,NA,0,0,0,0,0,0,0
1642713,1,"Liga Nacional","Liga Endesa",-402534000,NA,"https://www.acb.com/Documentos/Cabeceras/logo-competicion-1b.png","https://www.acb.com/Documentos/Cabeceras/logo-competicion-4a.png",49,1984,107,NA,NA,978,4844,NA,NA,TRUE,946,946,1817,"Fórum Valladolid","Fórum Vall.","FOR",935,1336,"Breogán Caixa Galicia","Breogán","BRE",1,78,12000,1,1,100,27,43,62.79,21,30,70,18,8,26,3,5,10,0,3,0,0,17,0,63,0,0,0,1,0,78,62,0,NA,0,0,0,0,0,0,0
1642714,1,"Liga Nacional","Liga Endesa",-402534000,NA,"https://www.acb.com/Documentos/Cabeceras/logo-competicion-1b.png","https://www.acb.com/Documentos/Cabeceras/logo-competicion-4a.png",49,1984,107,NA,NA,978,4844,NA,NA,FALSE,935,946,1817,"Fórum Valladolid","Fórum Vall.","FOR",935,1336,"Breogán Caixa Galicia","Breogán","BRE",1,62,12000,0,0,0,22,53,41.51,18,25,72,19,9,28,1,8,10,0,2,0,0,20,0,33,0,0,1,0,0,62,78,0,NA,0,0,0,0,0,0,0
1642734,1,"Liga Nacional","Liga Endesa",-402534000,NA,"https://www.acb.com/Documentos/Cabeceras/logo-competicion-1b.png","https://www.acb.com/Documentos/Cabeceras/logo-competicion-4a.png",49,1984,107,NA,NA,978,4845,NA,NA,FALSE,933,942,590,"Ron Negrita Joventut","Joventut","JOV",933,65,"FC Barcelona","FC Barcelona","FCB",1,77,12000,1,3,33.33,30,50,60,14,24,58.33,18,6,24,1,9,11,0,2,0,0,18,0,52,0,0,0,1,0,77,68,0,NA,0,0,0,0,0,0,0
1642733,1,"Liga Nacional","Liga Endesa",-402534000,NA,"https://www.acb.com/Documentos/Cabeceras/logo-competicion-1b.png","https://www.acb.com/Documentos/Cabeceras/logo-competicion-4a.png",49,1984,107,NA,NA,978,4845,NA,NA,TRUE,942,942,590,"Ron Negrita Joventut","Joventut","JOV",933,65,"FC Barcelona","FC Barcelona","FCB",1,68,12000,2,4,50,25,45,55.56,12,17,70.59,18,8,26,2,7,9,0,0,0,0,19,0,48,0,0,1,0,0,68,77,0,NA,0,0,0,0,0,0,0
1642752,1,"Liga Nacional","Liga Endesa",-402534000,NA,"https://www.acb.com/Documentos/Cabeceras/logo-competicion-1b.png","https://www.acb.com/Documentos/Cabeceras/logo-competicion-4a.png",49,1984,107,NA,NA,978,4846,NA,NA,TRUE,945,945,1027,"Caja de Ronda","Caja de Ronda","RON",944,1667,"Clesa Ferrol","Clesa Ferrol","FER",1,96,12000,2,4,50,34,63,53,22,29,75,16,5,21,3,4,13,0,1,0,0,24,0,50,0,0,9,0,0,864,936,0,0,0,0,0,0,0,0,0
1642753,1,"Liga Nacional","Liga Endesa",-402534000,NA,"https://www.acb.com/Documentos/Cabeceras/logo-competicion-1b.png","https://www.acb.com/Documentos/Cabeceras/logo-competicion-4a.png",49,1984,107,NA,NA,978,4846,NA,NA,FALSE,944,945,1027,"Caja de Ronda","Caja de Ronda","RON",944,1667,"Clesa Ferrol","Clesa Ferrol","FER",1,104,12000,3,7,42.86,35,58,60.34,25,31,80.65,14,6,20,1,4,7,0,1,0,0,14,0,76,0,0,0,1,0,104,96,0,NA,0,0,0,0,0,0,0
1642794,1,"Liga Nacional","Liga Endesa",-402534000,NA,"https://www.acb.com/Documentos/Cabeceras/logo-competicion-1b.png","https://www.acb.com/Documentos/Cabeceras/logo-competicion-4a.png",49,1984,107,NA,NA,978,4848,NA,NA,FALSE,947,948,1884,"CAI Zaragoza","CAI Zaragoza","CBZ",947,1866,"Collado Villalba","Coll. Villalba","VIL",1,84,12000,2,4,50,34,74,45.95,10,14,71.43,15,10,25,1,7,8,0,2,0,0,26,0,39,0,0,1,0,0,84,99,0,NA,0,0,0,0,0,0,0
1642793,1,"Liga Nacional","Liga Endesa",-402534000,NA,"https://www.acb.com/Documentos/Cabeceras/logo-competicion-1b.png","https://www.acb.com/Documentos/Cabeceras/logo-competicion-4a.png",49,1984,107,NA,NA,978,4848,NA,NA,TRUE,948,948,1884,"CAI Zaragoza","CAI Zaragoza","CBZ",947,1866,"Collado Villalba","Coll. Villalba","VIL",1,99,12000,2,5,40,38,66,57.58,17,22,77.27,18,10,28,0,7,14,0,2,0,0,18,0,68,0,0,0,1,0,99,84,0,NA,0,0,0,0,0,0,0
1642814,1,"Liga Nacional","Liga Endesa",-402534000,NA,"https://www.acb.com/Documentos/Cabeceras/logo-competicion-1b.png","https://www.acb.com/Documentos/Cabeceras/logo-competicion-4a.png",49,1984,107,NA,NA,978,4849,NA,NA,FALSE,940,936,1377,"Cajamadrid","Cajamadrid","CJM",940,431,"Estudiantes Caja Postal","Estudiantes CP","EST",1,91,12000,2,5,40,34,72,47.22,17,28,60.71,14,6,20,2,9,8,0,0,0,0,23,0,39,0,0,0,1,0,91,83,0,NA,0,0,0,0,0,0,0
1642813,1,"Liga Nacional","Liga Endesa",-402534000,NA,"https://www.acb.com/Documentos/Cabeceras/logo-competicion-1b.png","https://www.acb.com/Documentos/Cabeceras/logo-competicion-4a.png",49,1984,107,NA,NA,978,4849,NA,NA,TRUE,936,936,1377,"Cajamadrid","Cajamadrid","CJM",940,431,"Estudiantes Caja Postal","Estudiantes CP","EST",1,83,12000,2,6,33.33,31,55,56.36,15,24,62.5,16,6,22,3,8,11,0,1,0,0,22,0,47,0,0,1,0,0,83,91,0,NA,0,0,0,0,0,0,0
1642952,1,"Liga Nacional","Liga Endesa",-402534000,NA,"https://www.acb.com/Documentos/Cabeceras/logo-competicion-1b.png","https://www.acb.com/Documentos/Cabeceras/logo-competicion-4a.png",49,1984,107,NA,NA,979,4856,NA,NA,TRUE,947,947,1866,"Collado Villalba","Coll. Villalba","VIL",939,1438,"Español","Español","ESP",1,80,13500,1,1,100,32,68,47.06,13,21,61.9,15,9,24,1,7,8,0,2,0,0,26,0,36,0,0,1,0,0,80,87,0,NA,0,0,0,0,0,0,0
1642953,1,"Liga Nacional","Liga Endesa",-402534000,NA,"https://www.acb.com/Documentos/Cabeceras/logo-competicion-1b.png","https://www.acb.com/Documentos/Cabeceras/logo-competicion-4a.png",49,1984,107,NA,NA,979,4856,NA,NA,FALSE,939,947,1866,"Collado Villalba","Coll. Villalba","VIL",939,1438,"Español","Español","ESP",1,87,13500,1,3,33.33,35,64,54.69,14,16,87.5,18,8,26,3,8,11,0,2,0,0,17,0,65,0,0,0,1,0,87,80,0,NA,0,0,0,0,0,0,0
1642833,1,"Liga Nacional","Liga Endesa",-402534000,NA,"https://www.acb.com/Documentos/Cabeceras/logo-competicion-1b.png","https://www.acb.com/Documentos/Cabeceras/logo-competicion-4a.png",49,1984,107,NA,NA,979,4850,NA,NA,TRUE,942,942,590,"Ron Negrita Joventut","Joventut","JOV",941,1487,"Cacaolat Granollers","C. Granollers","GRN",1,66,12000,3,8,37.5,21,40,52.5,15,20,75,17,7,24,2,8,10,0,0,0,0,18,0,43,0,0,0,1,0,66,60,0,NA,0,0,0,0,0,0,0
1642834,1,"Liga Nacional","Liga Endesa",-402534000,NA,"https://www.acb.com/Documentos/Cabeceras/logo-competicion-1b.png","https://www.acb.com/Documentos/Cabeceras/logo-competicion-4a.png",49,1984,107,NA,NA,979,4850,NA,NA,FALSE,941,942,590,"Ron Negrita Joventut","Joventut","JOV",941,1487,"Cacaolat Granollers","C. Granollers","GRN",1,60,12000,1,2,50,23,47,48.94,11,18,61.11,17,6,23,1,7,10,0,0,0,0,18,0,31,0,0,1,0,0,60,66,0,NA,0,0,0,0,0,0,0
1642854,1,"Liga Nacional","Liga Endesa",-402534000,NA,"https://www.acb.com/Documentos/Cabeceras/logo-competicion-1b.png","https://www.acb.com/Documentos/Cabeceras/logo-competicion-4a.png",49,1984,107,NA,NA,979,4851,NA,NA,FALSE,946,933,65,"FC Barcelona","FC Barcelona","FCB",946,1817,"Fórum Valladolid","Fórum Vall.","FOR",1,74,12000,1,2,50,26,40,65,19,28,67.86,18,8,26,3,4,10,0,3,0,0,17,0,59,0,0,1,0,0,74,97,0,NA,0,0,0,0,0,0,0
1642853,1,"Liga Nacional","Liga Endesa",-402534000,NA,"https://www.acb.com/Documentos/Cabeceras/logo-competicion-1b.png","https://www.acb.com/Documentos/Cabeceras/logo-competicion-4a.png",49,1984,107,NA,NA,979,4851,NA,NA,TRUE,933,933,65,"FC Barcelona","FC Barcelona","FCB",946,1817,"Fórum Valladolid","Fórum Vall.","FOR",1,97,12000,3,10,30,34,56,60.71,20,26,76.92,18,6,24,1,8,11,0,2,0,0,18,0,68,0,0,0,1,0,97,74,0,NA,0,0,0,0,0,0,0
1642876,1,"Liga Nacional","Liga Endesa",-402534000,NA,"https://www.acb.com/Documentos/Cabeceras/logo-competicion-1b.png","https://www.acb.com/Documentos/Cabeceras/logo-competicion-4a.png",49,1984,107,NA,NA,979,4852,NA,NA,FALSE,943,935,1336,"Breogán Caixa Galicia","Breogán","BRE",943,722,"Real Madrid","Real Madrid","RMB",1,103,12000,0,2,0,39,72,54.17,25,34,73.53,20,6,26,2,12,13,0,4,0,0,21,0,69,0,0,0,1,0,103,74,0,NA,0,0,0,0,0,0,0
1642875,1,"Liga Nacional","Liga Endesa",-402534000,NA,"https://www.acb.com/Documentos/Cabeceras/logo-competicion-1b.png","https://www.acb.com/Documentos/Cabeceras/logo-competicion-4a.png",49,1984,107,NA,NA,979,4852,NA,NA,TRUE,935,935,1336,"Breogán Caixa Galicia","Breogán","BRE",943,722,"Real Madrid","Real Madrid","RMB",1,74,12000,1,2,50,27,57,47.37,17,22,77.27,18,9,27,1,7,9,0,2,0,0,18,0,48,0,0,1,0,0,74,103,0,NA,0,0,0,0,0,0,0
1642894,1,"Liga Nacional","Liga Endesa",-402534000,NA,"https://www.acb.com/Documentos/Cabeceras/logo-competicion-1b.png","https://www.acb.com/Documentos/Cabeceras/logo-competicion-4a.png",49,1984,107,NA,NA,979,4853,NA,NA,FALSE,938,934,186,"Caja Álava","Caja Álava","BAS",938,1428,"Licor 43","Licor 43","CCA",1,98,12000,3,7,42.86,38,64,59.38,13,18,72.22,16,3,19,1,9,7,0,1,0,0,18,0,68,0,0,0,1,0,98,89,0,NA,0,0,0,0,0,0,0
1642893,1,"Liga Nacional","Liga Endesa",-402534000,NA,"https://www.acb.com/Documentos/Cabeceras/logo-competicion-1b.png","https://www.acb.com/Documentos/Cabeceras/logo-competicion-4a.png",49,1984,107,NA,NA,979,4853,NA,NA,TRUE,934,934,186,"Caja Álava","Caja Álava","BAS",938,1428,"Licor 43","Licor 43","CCA",1,89,12000,1,5,20,34,64,53.12,18,25,72,18,7,25,2,7,12,0,1,0,0,15,0,56,0,0,1,0,0,89,98,0,NA,0,0,0,0,0,0,0
1642911,1,"Liga Nacional","Liga Endesa",-402534000,NA,"https://www.acb.com/Documentos/Cabeceras/logo-competicion-1b.png","https://www.acb.com/Documentos/Cabeceras/logo-competicion-4a.png",49,1984,107,NA,NA,979,4854,NA,NA,TRUE,936,936,1377,"Cajamadrid","Cajamadrid","CJM",945,1027,"Caja de Ronda","Caja de Ronda","RON",1,93,12000,1,3,33.33,37,65,56.92,16,18,88.89,15,6,21,2,6,9,0,1,0,0,17,0,65,0,0,0,1,0,93,87,0,NA,0,0,0,0,0,0,0
1642912,1,"Liga Nacional","Liga Endesa",-402534000,NA,"https://www.acb.com/Documentos/Cabeceras/logo-competicion-1b.png","https://www.acb.com/Documentos/Cabeceras/logo-competicion-4a.png",49,1984,107,NA,NA,979,4854,NA,NA,FALSE,945,936,1377,"Cajamadrid","Cajamadrid","CJM",945,1027,"Caja de Ronda","Caja de Ronda","RON",1,87,12000,0,0,0,35,64,54,17,21,80,16,5,21,2,3,9,0,1,0,0,20,0,52,0,0,8,0,0,696,744,0,0,0,0,0,0,0,0,0
1642933,1,"Liga Nacional","Liga Endesa",-402534000,NA,"https://www.acb.com/Documentos/Cabeceras/logo-competicion-1b.png","https://www.acb.com/Documentos/Cabeceras/logo-competicion-4a.png",49,1984,107,NA,NA,979,4855,NA,NA,FALSE,948,940,431,"Estudiantes Caja Postal","Estudiantes CP","EST",948,1884,"CAI Zaragoza","CAI Zaragoza","CBZ",1,75,12000,1,4,25,29,57,50.88,14,20,70,17,10,27,0,7,13,0,2,0,0,18,0,43,0,0,1,0,0,75,76,0,NA,0,0,0,0,0,0,0
1642932,1,"Liga Nacional","Liga Endesa",-402534000,NA,"https://www.acb.com/Documentos/Cabeceras/logo-competicion-1b.png","https://www.acb.com/Documentos/Cabeceras/logo-competicion-4a.png",49,1984,107,NA,NA,979,4855,NA,NA,TRUE,940,940,431,"Estudiantes Caja Postal","Estudiantes CP","EST",948,1884,"CAI Zaragoza","CAI Zaragoza","CBZ",1,76,12000,1,6,16.67,29,65,44.62,15,22,68.18,15,6,21,2,10,8,0,0,0,0,24,0,29,0,0,0,1,0,76,75,0,NA,0,0,0,0,0,0,0
1642972,1,"Liga Nacional","Liga Endesa",-402534000,NA,"https://www.acb.com/Documentos/Cabeceras/logo-competicion-1b.png","https://www.acb.com/Documentos/Cabeceras/logo-competicion-4a.png",49,1984,107,NA,NA,979,4857,NA,NA,FALSE,944,937,1381,"Lucky Canarias","Lucky Canarias","CAN",944,1667,"Clesa Ferrol","Clesa Ferrol","FER",1,104,12000,7,14,50,30,48,62.5,23,31,74.19,14,6,20,1,5,8,0,1,0,0,17,0,73,0,0,0,1,0,104,91,0,NA,0,0,0,0,0,0,0
1642971,1,"Liga Nacional","Liga Endesa",-402534000,NA,"https://www.acb.com/Documentos/Cabeceras/logo-competicion-1b.png","https://www.acb.com/Documentos/Cabeceras/logo-competicion-4a.png",49,1984,107,NA,NA,979,4857,NA,NA,TRUE,937,937,1381,"Lucky Canarias","Lucky Canarias","CAN",944,1667,"Clesa Ferrol","Clesa Ferrol","FER",1,91,12000,2,5,40,32,64,50,21,32,65.62,19,10,29,3,8,11,0,1,0,0,18,0,57,0,0,1,0,0,91,104,0,NA,0,0,0,0,0,0,0
1643031,1,"Liga Nacional","Liga Endesa",-402534000,NA,"https://www.acb.com/Documentos/Cabeceras/logo-competicion-1b.png","https://www.acb.com/Documentos/Cabeceras/logo-competicion-4a.png",49,1984,107,NA,NA,980,4860,NA,NA,FALSE,933,943,722,"Real Madrid","Real Madrid","RMB",933,65,"FC Barcelona","FC Barcelona","FCB",1,72,12000,3,8,37.5,22,39,56.41,19,25,76,18,5,23,0,7,9,0,2,0,0,18,0,49,0,0,1,0,0,72,75,0,NA,0,0,0,0,0,0,0
1643030,1,"Liga Nacional","Liga Endesa",-402534000,NA,"https://www.acb.com/Documentos/Cabeceras/logo-competicion-1b.png","https://www.acb.com/Documentos/Cabeceras/logo-competicion-4a.png",49,1984,107,NA,NA,980,4860,NA,NA,TRUE,943,943,722,"Real Madrid","Real Madrid","RMB",933,65,"FC Barcelona","FC Barcelona","FCB",1,75,12000,2,4,50,23,38,60.53,23,25,92,19,6,25,2,10,12,0,4,0,0,19,0,66,0,0,0,1,0,75,72,0,NA,0,0,0,0,0,0,0
1642992,1,"Liga Nacional","Liga Endesa",-402534000,NA,"https://www.acb.com/Documentos/Cabeceras/logo-competicion-1b.png","https://www.acb.com/Documentos/Cabeceras/logo-competicion-4a.png",49,1984,107,NA,NA,980,4858,NA,NA,FALSE,941,934,186,"Caja Álava","Caja Álava","BAS",941,1487,"Cacaolat Granollers","C. Granollers","GRN",1,83,12000,1,2,50,30,61,49.18,20,28,71.43,17,6,23,1,6,9,0,0,0,0,18,0,46,0,0,1,0,0,83,93,0,NA,0,0,0,0,0,0,0
1642991,1,"Liga Nacional","Liga Endesa",-402534000,NA,"https://www.acb.com/Documentos/Cabeceras/logo-competicion-1b.png","https://www.acb.com/Documentos/Cabeceras/logo-competicion-4a.png",49,1984,107,NA,NA,980,4858,NA,NA,TRUE,934,934,186,"Caja Álava","Caja Álava","BAS",941,1487,"Cacaolat Granollers","C. Granollers","GRN",1,93,12000,1,7,14.29,35,62,56.45,20,32,62.5,17,7,24,1,8,13,0,1,0,0,16,0,53,0,0,0,1,0,93,83,0,NA,0,0,0,0,0,0,0
1643011,1,"Liga Nacional","Liga Endesa",-402534000,NA,"https://www.acb.com/Documentos/Cabeceras/logo-competicion-1b.png","https://www.acb.com/Documentos/Cabeceras/logo-competicion-4a.png",49,1984,107,NA,NA,980,4859,NA,NA,FALSE,935,938,1428,"Licor 43","Licor 43","CCA",935,1336,"Breogán Caixa Galicia","Breogán","BRE",1,83,12000,0,1,0,33,66,50,17,28,60.71,15,8,23,1,7,9,0,2,0,0,16,0,46,0,0,1,0,0,83,102,0,NA,0,0,0,0,0,0,0
1643010,1,"Liga Nacional","Liga Endesa",-402534000,NA,"https://www.acb.com/Documentos/Cabeceras/logo-competicion-1b.png","https://www.acb.com/Documentos/Cabeceras/logo-competicion-4a.png",49,1984,107,NA,NA,980,4859,NA,NA,TRUE,938,938,1428,"Licor 43","Licor 43","CCA",935,1336,"Breogán Caixa Galicia","Breogán","BRE",1,102,12000,4,10,40,37,68,54.41,16,24,66.67,15,3,18,1,10,7,0,1,0,0,19,0,61,0,0,0,1,0,102,83,0,NA,0,0,0,0,0,0,0
1643047,1,"Liga Nacional","Liga Endesa",-402534000,NA,"https://www.acb.com/Documentos/Cabeceras/logo-competicion-1b.png","https://www.acb.com/Documentos/Cabeceras/logo-competicion-4a.png",49,1984,107,NA,NA,980,4861,NA,NA,TRUE,946,946,1817,"Fórum Valladolid","Fórum Vall.","FOR",942,590,"Ron Negrita Joventut","Joventut","JOV",1,80,12000,2,3,66.67,28,47,59.57,18,24,75,17,6,23,2,4,10,0,2,0,0,14,0,61,0,0,0,1,0,80,72,0,NA,0,0,0,0,0,0,0
1643048,1,"Liga Nacional","Liga Endesa",-402534000,NA,"https://www.acb.com/Documentos/Cabeceras/logo-competicion-1b.png","https://www.acb.com/Documentos/Cabeceras/logo-competicion-4a.png",49,1984,107,NA,NA,980,4861,NA,NA,FALSE,942,946,1817,"Fórum Valladolid","Fórum Vall.","FOR",942,590,"Ron Negrita Joventut","Joventut","JOV",1,72,12000,1,5,20,25,41,60.98,19,24,79.17,17,7,24,1,6,8,0,0,0,0,15,0,55,0,0,1,0,0,72,80,0,NA,0,0,0,0,0,0,0
1643065,1,"Liga Nacional","Liga Endesa",-402534000,NA,"https://www.acb.com/Documentos/Cabeceras/logo-competicion-1b.png","https://www.acb.com/Documentos/Cabeceras/logo-competicion-4a.png",49,1984,107,NA,NA,980,4862,NA,NA,TRUE,937,937,1381,"Lucky Canarias","Lucky Canarias","CAN",945,1027,"Caja de Ronda","Caja de Ronda","RON",1,111,12000,1,2,50,41,73,56,26,35,74,16,9,25,3,6,9,0,1,0,0,14,0,81,0,0,0,7,0,777,616,0,0,0,0,0,0,0,0,0
1643066,1,"Liga Nacional","Liga Endesa",-402534000,NA,"https://www.acb.com/Documentos/Cabeceras/logo-competicion-1b.png","https://www.acb.com/Documentos/Cabeceras/logo-competicion-4a.png",49,1984,107,NA,NA,980,4862,NA,NA,FALSE,945,937,1381,"Lucky Canarias","Lucky Canarias","CAN",945,1027,"Caja de Ronda","Caja de Ronda","RON",1,88,12000,1,3,33,33,55,60,19,24,79,16,5,21,1,3,9,0,1,0,0,21,0,55,0,0,9,0,0,792,999,0,0,0,0,0,0,0,0,0
1643085,1,"Liga Nacional","Liga Endesa",-402534000,NA,"https://www.acb.com/Documentos/Cabeceras/logo-competicion-1b.png","https://www.acb.com/Documentos/Cabeceras/logo-competicion-4a.png",49,1984,107,NA,NA,980,4863,NA,NA,TRUE,944,944,1667,"Clesa Ferrol","Clesa Ferrol","FER",947,1866,"Collado Villalba","Coll. Villalba","VIL",1,111,12000,2,6,33.33,39,66,59.09,27,36,75,14,6,20,1,5,8,0,1,0,0,17,0,73,0,0,0,1,0,111,97,0,NA,0,0,0,0,0,0,0
1643086,1,"Liga Nacional","Liga Endesa",-402534000,NA,"https://www.acb.com/Documentos/Cabeceras/logo-competicion-1b.png","https://www.acb.com/Documentos/Cabeceras/logo-competicion-4a.png",49,1984,107,NA,NA,980,4863,NA,NA,FALSE,947,944,1667,"Clesa Ferrol","Clesa Ferrol","FER",947,1866,"Collado Villalba","Coll. Villalba","VIL",1,97,12000,3,7,42.86,36,80,45,16,21,76.19,15,9,24,1,7,7,0,2,0,0,25,0,46,0,0,1,0,0,97,111,0,NA,0,0,0,0,0,0,0
1643106,1,"Liga Nacional","Liga Endesa",-402534000,NA,"https://www.acb.com/Documentos/Cabeceras/logo-competicion-1b.png","https://www.acb.com/Documentos/Cabeceras/logo-competicion-4a.png",49,1984,107,NA,NA,980,4864,NA,NA,FALSE,940,939,1438,"Español","Español","ESP",940,431,"Estudiantes Caja Postal","Estudiantes CP","EST",1,107,12000,3,6,50,38,81,46.91,22,33,66.67,14,6,20,2,9,7,0,0,0,0,24,0,50,0,0,0,1,0,107,82,0,NA,0,0,0,0,0,0,0
1643105,1,"Liga Nacional","Liga Endesa",-402534000,NA,"https://www.acb.com/Documentos/Cabeceras/logo-competicion-1b.png","https://www.acb.com/Documentos/Cabeceras/logo-competicion-4a.png",49,1984,107,NA,NA,980,4864,NA,NA,TRUE,939,939,1438,"Español","Español","ESP",940,431,"Estudiantes Caja Postal","Estudiantes CP","EST",1,82,12000,3,5,60,29,48,60.42,15,20,75,17,8,25,3,8,11,0,2,0,0,17,0,66,0,0,1,0,0,82,107,0,NA,0,0,0,0,0,0,0
1643126,1,"Liga Nacional","Liga Endesa",-402534000,NA,"https://www.acb.com/Documentos/Cabeceras/logo-competicion-1b.png","https://www.acb.com/Documentos/Cabeceras/logo-competicion-4a.png",49,1984,107,NA,NA,980,4865,NA,NA,FALSE,936,948,1884,"CAI Zaragoza","CAI Zaragoza","CBZ",936,1377,"Cajamadrid","Cajamadrid","CJM",1,87,12000,3,5,60,30,52,57.69,18,26,69.23,15,5,20,3,7,11,0,1,0,0,20,0,55,0,0,1,0,0,87,98,0,NA,0,0,0,0,0,0,0
1643125,1,"Liga Nacional","Liga Endesa",-402534000,NA,"https://www.acb.com/Documentos/Cabeceras/logo-competicion-1b.png","https://www.acb.com/Documentos/Cabeceras/logo-competicion-4a.png",49,1984,107,NA,NA,980,4865,NA,NA,TRUE,948,948,1884,"CAI Zaragoza","CAI Zaragoza","CBZ",936,1377,"Cajamadrid","Cajamadrid","CJM",1,98,12000,4,8,50,34,64,53.12,18,22,81.82,16,10,26,0,7,13,0,2,0,0,18,0,64,0,0,0,1,0,98,87,0,NA,0,0,0,0,0,0,0
1643266,1,"Liga Nacional","Liga Endesa",-402534000,NA,"https://www.acb.com/Documentos/Cabeceras/logo-competicion-1b.png","https://www.acb.com/Documentos/Cabeceras/logo-competicion-4a.png",49,1984,107,NA,NA,981,4872,NA,NA,TRUE,940,940,431,"Estudiantes Caja Postal","Estudiantes CP","EST",944,1667,"Clesa Ferrol","Clesa Ferrol","FER",1,81,12000,2,6,33.33,29,68,42.65,17,30,56.67,14,6,20,2,9,7,0,0,0,0,23,0,26,0,0,1,0,0,81,95,0,NA,0,0,0,0,0,0,0
1643267,1,"Liga Nacional","Liga Endesa",-402534000,NA,"https://www.acb.com/Documentos/Cabeceras/logo-competicion-1b.png","https://www.acb.com/Documentos/Cabeceras/logo-competicion-4a.png",49,1984,107,NA,NA,981,4872,NA,NA,FALSE,944,940,431,"Estudiantes Caja Postal","Estudiantes CP","EST",944,1667,"Clesa Ferrol","Clesa Ferrol","FER",1,95,12000,7,11,63.64,29,53,54.72,16,22,72.73,13,5,18,1,5,7,0,1,0,0,16,0,63,0,0,0,1,0,95,81,0,NA,0,0,0,0,0,0,0
1643145,1,"Liga Nacional","Liga Endesa",-402534000,NA,"https://www.acb.com/Documentos/Cabeceras/logo-competicion-1b.png","https://www.acb.com/Documentos/Cabeceras/logo-competicion-4a.png",49,1984,107,NA,NA,981,4866,NA,NA,TRUE,941,941,1487,"Cacaolat Granollers","C. Granollers","GRN",946,1817,"Fórum Valladolid","Fórum Vall.","FOR",1,78,12000,2,4,50,29,52,55.77,14,19,73.68,15,6,21,1,6,8,0,0,0,0,18,0,50,0,0,0,1,0,78,72,0,NA,0,0,0,0,0,0,0
1643146,1,"Liga Nacional","Liga Endesa",-402534000,NA,"https://www.acb.com/Documentos/Cabeceras/logo-competicion-1b.png","https://www.acb.com/Documentos/Cabeceras/logo-competicion-4a.png",49,1984,107,NA,NA,981,4866,NA,NA,FALSE,946,941,1487,"Cacaolat Granollers","C. Granollers","GRN",946,1817,"Fórum Valladolid","Fórum Vall.","FOR",1,72,12000,3,4,75,24,43,55.81,15,21,71.43,17,7,24,1,3,8,0,2,0,0,14,0,54,0,0,1,0,0,72,78,0,NA,0,0,0,0,0,0,0
1643165,1,"Liga Nacional","Liga Endesa",-402534000,NA,"https://www.acb.com/Documentos/Cabeceras/logo-competicion-1b.png","https://www.acb.com/Documentos/Cabeceras/logo-competicion-4a.png",49,1984,107,NA,NA,981,4867,NA,NA,TRUE,942,942,590,"Ron Negrita Joventut","Joventut","JOV",943,722,"Real Madrid","Real Madrid","RMB",1,82,12000,2,4,50,29,53,54.72,18,26,69.23,12,5,17,1,5,6,0,0,0,0,13,0,52,0,0,1,0,0,82,83,0,NA,0,0,0,0,0,0,0
1643166,1,"Liga Nacional","Liga Endesa",-402534000,NA,"https://www.acb.com/Documentos/Cabeceras/logo-competicion-1b.png","https://www.acb.com/Documentos/Cabeceras/logo-competicion-4a.png",49,1984,107,NA,NA,981,4867,NA,NA,FALSE,943,942,590,"Ron Negrita Joventut","Joventut","JOV",943,722,"Real Madrid","Real Madrid","RMB",1,83,12000,0,1,0,31,52,59.62,21,25,84,18,6,24,2,11,11,0,4,0,0,20,0,67,0,0,0,1,0,83,82,0,NA,0,0,0,0,0,0,0
1643185,1,"Liga Nacional","Liga Endesa",-402534000,NA,"https://www.acb.com/Documentos/Cabeceras/logo-competicion-1b.png","https://www.acb.com/Documentos/Cabeceras/logo-competicion-4a.png",49,1984,107,NA,NA,981,4868,NA,NA,TRUE,933,933,65,"FC Barcelona","FC Barcelona","FCB",938,1428,"Licor 43","Licor 43","CCA",1,90,12000,0,3,0,34,60,56.67,22,32,68.75,19,3,22,0,7,10,0,2,0,0,19,0,53,0,0,0,1,0,90,81,0,NA,0,0,0,0,0,0,0
1643186,1,"Liga Nacional","Liga Endesa",-402534000,NA,"https://www.acb.com/Documentos/Cabeceras/logo-competicion-1b.png","https://www.acb.com/Documentos/Cabeceras/logo-competicion-4a.png",49,1984,107,NA,NA,981,4868,NA,NA,FALSE,938,933,65,"FC Barcelona","FC Barcelona","FCB",938,1428,"Licor 43","Licor 43","CCA",1,81,12000,5,12,41.67,24,45,53.33,18,26,69.23,15,3,18,1,10,7,0,1,0,0,19,0,49,0,0,1,0,0,81,90,0,NA,0,0,0,0,0,0,0
1643205,1,"Liga Nacional","Liga Endesa",-402534000,NA,"https://www.acb.com/Documentos/Cabeceras/logo-competicion-1b.png","https://www.acb.com/Documentos/Cabeceras/logo-competicion-4a.png",49,1984,107,NA,NA,981,4869,NA,NA,TRUE,935,935,1336,"Breogán Caixa Galicia","Breogán","BRE",934,186,"Caja Álava","Caja Álava","BAS",1,86,12000,4,6,66.67,31,65,47.69,12,19,63.16,16,9,25,0,6,9,0,2,0,0,16,0,51,0,0,0,1,0,86,84,0,NA,0,0,0,0,0,0,0
1643206,1,"Liga Nacional","Liga Endesa",-402534000,NA,"https://www.acb.com/Documentos/Cabeceras/logo-competicion-1b.png","https://www.acb.com/Documentos/Cabeceras/logo-competicion-4a.png",49,1984,107,NA,NA,981,4869,NA,NA,FALSE,934,935,1336,"Breogán Caixa Galicia","Breogán","BRE",934,186,"Caja Álava","Caja Álava","BAS",1,84,12000,0,2,0,34,59,57.63,16,25,64,17,7,24,1,7,13,0,1,0,0,16,0,52,0,0,1,0,0,84,86,0,NA,0,0,0,0,0,0,0
1643225,1,"Liga Nacional","Liga Endesa",-402534000,NA,"https://www.acb.com/Documentos/Cabeceras/logo-competicion-1b.png","https://www.acb.com/Documentos/Cabeceras/logo-competicion-4a.png",49,1984,107,NA,NA,981,4870,NA,NA,TRUE,945,945,1027,"Caja de Ronda","Caja de Ronda","RON",948,1884,"CAI Zaragoza","CAI Zaragoza","CBZ",1,97,12000,1,2,50,36,62,58,22,32,68,16,5,21,2,4,10,0,1,0,0,22,0,56,0,0,0,9,0,873,864,0,0,0,0,0,0,0,0,0
1643226,1,"Liga Nacional","Liga Endesa",-402534000,NA,"https://www.acb.com/Documentos/Cabeceras/logo-competicion-1b.png","https://www.acb.com/Documentos/Cabeceras/logo-competicion-4a.png",49,1984,107,NA,NA,981,4870,NA,NA,FALSE,948,945,1027,"Caja de Ronda","Caja de Ronda","RON",948,1884,"CAI Zaragoza","CAI Zaragoza","CBZ",1,96,12000,2,6,33.33,33,61,54.1,24,29,82.76,16,9,25,0,6,13,0,2,0,0,18,0,61,0,0,1,0,0,96,97,0,NA,0,0,0,0,0,0,0
1643246,1,"Liga Nacional","Liga Endesa",-402534000,NA,"https://www.acb.com/Documentos/Cabeceras/logo-competicion-1b.png","https://www.acb.com/Documentos/Cabeceras/logo-competicion-4a.png",49,1984,107,NA,NA,981,4871,NA,NA,FALSE,939,936,1377,"Cajamadrid","Cajamadrid","CJM",939,1438,"Español","Español","ESP",1,79,12000,0,2,0,29,49,59.18,21,30,70,17,8,25,2,7,11,0,2,0,0,17,0,56,0,0,1,0,0,79,88,0,NA,0,0,0,0,0,0,0
1643245,1,"Liga Nacional","Liga Endesa",-402534000,NA,"https://www.acb.com/Documentos/Cabeceras/logo-competicion-1b.png","https://www.acb.com/Documentos/Cabeceras/logo-competicion-4a.png",49,1984,107,NA,NA,981,4871,NA,NA,TRUE,936,936,1377,"Cajamadrid","Cajamadrid","CJM",939,1438,"Español","Español","ESP",1,88,12000,4,8,50,29,51,56.86,18,24,75,15,5,20,3,6,11,0,1,0,0,22,0,53,0,0,0,1,0,88,79,0,NA,0,0,0,0,0,0,0
1643289,1,"Liga Nacional","Liga Endesa",-402534000,NA,"https://www.acb.com/Documentos/Cabeceras/logo-competicion-1b.png","https://www.acb.com/Documentos/Cabeceras/logo-competicion-4a.png",49,1984,107,NA,NA,981,4873,NA,NA,FALSE,937,947,1866,"Collado Villalba","Coll. Villalba","VIL",937,1381,"Lucky Canarias","Lucky Canarias","CAN",1,85,12000,1,3,33.33,35,63,55.56,12,12,100,17,7,24,3,8,11,0,1,0,0,18,0,62,0,0,0,1,0,85,77,0,NA,0,0,0,0,0,0,0
1643288,1,"Liga Nacional","Liga Endesa",-402534000,NA,"https://www.acb.com/Documentos/Cabeceras/logo-competicion-1b.png","https://www.acb.com/Documentos/Cabeceras/logo-competicion-4a.png",49,1984,107,NA,NA,981,4873,NA,NA,TRUE,947,947,1866,"Collado Villalba","Coll. Villalba","VIL",937,1381,"Lucky Canarias","Lucky Canarias","CAN",1,77,12000,4,7,57.14,28,62,45.16,9,14,64.29,14,9,23,1,7,6,0,2,0,0,25,0,37,0,0,1,0,0,77,85,0,NA,0,0,0,0,0,0,0
1643306,1,"Liga Nacional","Liga Endesa",-402534000,NA,"https://www.acb.com/Documentos/Cabeceras/logo-competicion-1b.png","https://www.acb.com/Documentos/Cabeceras/logo-competicion-4a.png",49,1984,111,NA,NA,982,4874,NA,NA,TRUE,934,934,186,"Caja Álava","Caja Álava","BAS",940,431,"Estudiantes Caja Postal","Estudiantes CP","EST",1,73,12000,1,3,33.33,30,57,52.63,10,14,71.43,20,11,31,2,6,16,0,8,0,0,25,0,46,0,0,1,0,0,73,90,0,NA,0,0,0,0,0,0,0
1643307,1,"Liga Nacional","Liga Endesa",-402534000,NA,"https://www.acb.com/Documentos/Cabeceras/logo-competicion-1b.png","https://www.acb.com/Documentos/Cabeceras/logo-competicion-4a.png",49,1984,111,NA,NA,982,4874,NA,NA,FALSE,940,934,186,"Caja Álava","Caja Álava","BAS",940,431,"Estudiantes Caja Postal","Estudiantes CP","EST",1,90,12000,2,4,50,34,66,51.52,16,22,72.73,16,10,26,7,10,10,0,5,0,0,19,0,69,0,0,0,1,0,90,73,0,NA,0,0,0,0,0,0,0
1643328,1,"Liga Nacional","Liga Endesa",-402534000,NA,"https://www.acb.com/Documentos/Cabeceras/logo-competicion-1b.png","https://www.acb.com/Documentos/Cabeceras/logo-competicion-4a.png",49,1984,111,NA,NA,982,4875,NA,NA,FALSE,944,935,1336,"Breogán Caixa Galicia","Breogán","BRE",944,1667,"Clesa Ferrol","Clesa Ferrol","FER",1,81,12000,2,11,18.18,34,53,64.15,7,11,63.64,24,9,33,4,9,12,0,4,0,0,26,0,61,0,0,1,0,0,81,86,0,NA,0,0,0,0,0,0,0
1643327,1,"Liga Nacional","Liga Endesa",-402534000,NA,"https://www.acb.com/Documentos/Cabeceras/logo-competicion-1b.png","https://www.acb.com/Documentos/Cabeceras/logo-competicion-4a.png",49,1984,111,NA,NA,982,4875,NA,NA,TRUE,935,935,1336,"Breogán Caixa Galicia","Breogán","BRE",944,1667,"Clesa Ferrol","Clesa Ferrol","FER",1,86,12000,1,3,33.33,35,73,47.95,13,20,65,25,17,42,8,13,16,0,5,0,0,24,0,67,0,0,0,1,0,86,81,0,NA,0,0,0,0,0,0,0
1643347,1,"Liga Nacional","Liga Endesa",-402534000,NA,"https://www.acb.com/Documentos/Cabeceras/logo-competicion-1b.png","https://www.acb.com/Documentos/Cabeceras/logo-competicion-4a.png",49,1984,111,NA,NA,982,4876,NA,NA,TRUE,941,941,1487,"Cacaolat Granollers","C. Granollers","GRN",939,1438,"Español","Español","ESP",1,84,13500,3,6,50,32,61,52.46,11,14,78.57,24,14,38,6,14,15,0,4,0,0,26,0,70,0,0,0,1,0,84,81,0,NA,0,0,0,0,0,0,0
1643348,1,"Liga Nacional","Liga Endesa",-402534000,NA,"https://www.acb.com/Documentos/Cabeceras/logo-competicion-1b.png","https://www.acb.com/Documentos/Cabeceras/logo-competicion-4a.png",49,1984,111,NA,NA,982,4876,NA,NA,FALSE,939,941,1487,"Cacaolat Granollers","C. Granollers","GRN",939,1438,"Español","Español","ESP",1,81,13500,1,6,16.67,36,69,52.17,6,11,54.55,24,10,34,6,10,19,0,5,0,0,24,0,50,0,0,1,0,0,81,84,0,NA,0,0,0,0,0,0,0
1643368,1,"Liga Nacional","Liga Endesa",-402534000,NA,"https://www.acb.com/Documentos/Cabeceras/logo-competicion-1b.png","https://www.acb.com/Documentos/Cabeceras/logo-competicion-4a.png",49,1984,111,NA,NA,982,4877,NA,NA,TRUE,946,946,1817,"Fórum Valladolid","Fórum Vall.","FOR",948,1884,"CAI Zaragoza","CAI Zaragoza","CBZ",1,102,12000,4,8,50,36,58,62.07,18,26,69.23,23,12,35,11,14,18,0,5,0,0,25,0,90,0,0,0,1,0,102,81,0,NA,0,0,0,0,0,0,0
1643369,1,"Liga Nacional","Liga Endesa",-402534000,NA,"https://www.acb.com/Documentos/Cabeceras/logo-competicion-1b.png","https://www.acb.com/Documentos/Cabeceras/logo-competicion-4a.png",49,1984,111,NA,NA,982,4877,NA,NA,FALSE,948,946,1817,"Fórum Valladolid","Fórum Vall.","FOR",948,1884,"CAI Zaragoza","CAI Zaragoza","CBZ",1,81,12000,1,3,33.33,32,60,53.33,14,21,66.67,20,15,35,6,11,16,0,7,0,0,31,0,56,0,0,1,0,0,81,102,0,NA,0,0,0,0,0,0,0
1643388,1,"Liga Nacional","Liga Endesa",-402534000,NA,"https://www.acb.com/Documentos/Cabeceras/logo-competicion-1b.png","https://www.acb.com/Documentos/Cabeceras/logo-competicion-4a.png",49,1984,110,NA,NA,982,4878,NA,NA,TRUE,936,936,1377,"Cajamadrid","Cajamadrid","CJM",947,1866,"Collado Villalba","Coll. Villalba","VIL",1,96,12000,1,5,20,36,59,61.02,21,26,80.77,20,8,28,9,13,12,0,5,0,0,24,0,83,0,0,0,1,0,96,65,0,NA,0,0,0,0,0,0,0
1643389,1,"Liga Nacional","Liga Endesa",-402534000,NA,"https://www.acb.com/Documentos/Cabeceras/logo-competicion-1b.png","https://www.acb.com/Documentos/Cabeceras/logo-competicion-4a.png",49,1984,110,NA,NA,982,4878,NA,NA,FALSE,947,936,1377,"Cajamadrid","Cajamadrid","CJM",947,1866,"Collado Villalba","Coll. Villalba","VIL",1,65,12000,1,5,20,27,62,43.55,8,12,66.67,17,14,31,4,10,16,0,3,0,0,27,0,27,0,0,1,0,0,65,96,0,NA,0,0,0,0,0,0,0
1643407,1,"Liga Nacional","Liga Endesa",-402534000,NA,"https://www.acb.com/Documentos/Cabeceras/logo-competicion-1b.png","https://www.acb.com/Documentos/Cabeceras/logo-competicion-4a.png",49,1984,110,NA,NA,982,4879,NA,NA,FALSE,945,937,1381,"Lucky Canarias","Lucky Canarias","CAN",945,1027,"Caja de Ronda","Caja de Ronda","RON",1,75,12000,2,9,22,28,50,56,13,20,65,23,15,38,10,8,13,0,9,0,0,18,0,73,0,0,0,7,0,525,518,0,0,0,0,0,0,0,0,0
1643406,1,"Liga Nacional","Liga Endesa",-402534000,NA,"https://www.acb.com/Documentos/Cabeceras/logo-competicion-1b.png","https://www.acb.com/Documentos/Cabeceras/logo-competicion-4a.png",49,1984,110,NA,NA,982,4879,NA,NA,TRUE,937,937,1381,"Lucky Canarias","Lucky Canarias","CAN",945,1027,"Caja de Ronda","Caja de Ronda","RON",1,74,12000,4,7,57.14,26,51,50.98,10,14,71.43,21,10,31,4,9,11,0,5,0,0,26,0,54,0,0,1,0,0,74,75,0,NA,0,0,0,0,0,0,0
1643520,1,"Liga Nacional","Liga Endesa",-402534000,NA,"https://www.acb.com/Documentos/Cabeceras/logo-competicion-1b.png","https://www.acb.com/Documentos/Cabeceras/logo-competicion-4a.png",49,1984,110,NA,NA,983,4885,NA,NA,TRUE,945,945,1027,"Caja de Ronda","Caja de Ronda","RON",937,1381,"Lucky Canarias","Lucky Canarias","CAN",1,94,12000,4,9,44,32,66,48,18,20,90,23,14,37,11,8,14,0,6,0,0,25,0,76,0,0,0,9,0,846,810,0,0,0,0,0,0,0,0,0
1643521,1,"Liga Nacional","Liga Endesa",-402534000,NA,"https://www.acb.com/Documentos/Cabeceras/logo-competicion-1b.png","https://www.acb.com/Documentos/Cabeceras/logo-competicion-4a.png",49,1984,110,NA,NA,983,4885,NA,NA,FALSE,937,945,1027,"Caja de Ronda","Caja de Ronda","RON",937,1381,"Lucky Canarias","Lucky Canarias","CAN",1,90,12000,1,6,16.67,35,64,54.69,17,19,89.47,15,7,22,1,3,7,0,3,0,0,29,0,47,0,0,1,0,0,90,94,0,NA,0,0,0,0,0,0,0
1643424,1,"Liga Nacional","Liga Endesa",-402534000,NA,"https://www.acb.com/Documentos/Cabeceras/logo-competicion-1b.png","https://www.acb.com/Documentos/Cabeceras/logo-competicion-4a.png",49,1984,111,NA,NA,983,4880,NA,NA,FALSE,934,940,431,"Estudiantes Caja Postal","Estudiantes CP","EST",934,186,"Caja Álava","Caja Álava","BAS",1,70,12000,1,3,33.33,31,53,58.49,5,10,50,18,10,28,1,2,13,0,6,0,0,20,0,45,0,0,1,0,0,70,77,0,NA,0,0,0,0,0,0,0
1643423,1,"Liga Nacional","Liga Endesa",-402534000,NA,"https://www.acb.com/Documentos/Cabeceras/logo-competicion-1b.png","https://www.acb.com/Documentos/Cabeceras/logo-competicion-4a.png",49,1984,111,NA,NA,983,4880,NA,NA,TRUE,940,940,431,"Estudiantes Caja Postal","Estudiantes CP","EST",934,186,"Caja Álava","Caja Álava","BAS",1,77,12000,2,4,50,29,61,47.54,13,21,61.9,19,10,29,7,11,11,0,4,0,0,23,0,52,0,0,0,1,0,77,70,0,NA,0,0,0,0,0,0,0
1643442,1,"Liga Nacional","Liga Endesa",-402534000,NA,"https://www.acb.com/Documentos/Cabeceras/logo-competicion-1b.png","https://www.acb.com/Documentos/Cabeceras/logo-competicion-4a.png",49,1984,111,NA,NA,983,4881,NA,NA,FALSE,935,944,1667,"Clesa Ferrol","Clesa Ferrol","FER",935,1336,"Breogán Caixa Galicia","Breogán","BRE",1,78,12000,1,4,25,31,61,50.82,13,20,65,23,16,39,5,9,13,0,5,0,0,15,0,68,0,0,0,1,0,78,77,0,NA,0,0,0,0,0,0,0
1643441,1,"Liga Nacional","Liga Endesa",-402534000,NA,"https://www.acb.com/Documentos/Cabeceras/logo-competicion-1b.png","https://www.acb.com/Documentos/Cabeceras/logo-competicion-4a.png",49,1984,111,NA,NA,983,4881,NA,NA,TRUE,944,944,1667,"Clesa Ferrol","Clesa Ferrol","FER",935,1336,"Breogán Caixa Galicia","Breogán","BRE",1,77,12000,3,11,27.27,28,48,58.33,12,18,66.67,20,6,26,2,5,8,0,1,0,0,17,0,52,0,0,1,0,0,77,78,0,NA,0,0,0,0,0,0,0
1643463,1,"Liga Nacional","Liga Endesa",-402534000,NA,"https://www.acb.com/Documentos/Cabeceras/logo-competicion-1b.png","https://www.acb.com/Documentos/Cabeceras/logo-competicion-4a.png",49,1984,111,NA,NA,983,4882,NA,NA,FALSE,941,939,1438,"Español","Español","ESP",941,1487,"Cacaolat Granollers","C. Granollers","GRN",1,102,12000,5,8,62.5,38,68,55.88,11,16,68.75,20,11,31,6,12,13,0,1,0,0,24,0,77,0,0,0,1,0,102,77,0,NA,0,0,0,0,0,0,0
1643462,1,"Liga Nacional","Liga Endesa",-402534000,NA,"https://www.acb.com/Documentos/Cabeceras/logo-competicion-1b.png","https://www.acb.com/Documentos/Cabeceras/logo-competicion-4a.png",49,1984,111,NA,NA,983,4882,NA,NA,TRUE,939,939,1438,"Español","Español","ESP",941,1487,"Cacaolat Granollers","C. Granollers","GRN",1,77,12000,3,7,42.86,29,61,47.54,10,16,62.5,13,7,20,2,4,11,0,1,0,0,15,0,36,0,0,1,0,0,77,102,0,NA,0,0,0,0,0,0,0
1643483,1,"Liga Nacional","Liga Endesa",-402534000,NA,"https://www.acb.com/Documentos/Cabeceras/logo-competicion-1b.png","https://www.acb.com/Documentos/Cabeceras/logo-competicion-4a.png",49,1984,111,NA,NA,983,4883,NA,NA,FALSE,946,948,1884,"CAI Zaragoza","CAI Zaragoza","CBZ",946,1817,"Fórum Valladolid","Fórum Vall.","FOR",1,81,12000,2,6,33.33,28,49,57.14,19,27,70.37,20,11,31,9,13,16,0,4,0,0,28,0,61,0,0,1,0,0,81,89,0,NA,0,0,0,0,0,0,0
1643482,1,"Liga Nacional","Liga Endesa",-402534000,NA,"https://www.acb.com/Documentos/Cabeceras/logo-competicion-1b.png","https://www.acb.com/Documentos/Cabeceras/logo-competicion-4a.png",49,1984,111,NA,NA,983,4883,NA,NA,TRUE,948,948,1884,"CAI Zaragoza","CAI Zaragoza","CBZ",946,1817,"Fórum Valladolid","Fórum Vall.","FOR",1,89,12000,2,6,33.33,34,61,55.74,15,20,75,19,12,31,5,10,16,0,5,0,0,29,0,59,0,0,0,1,0,89,81,0,NA,0,0,0,0,0,0,0
1643500,1,"Liga Nacional","Liga Endesa",-402534000,NA,"https://www.acb.com/Documentos/Cabeceras/logo-competicion-1b.png","https://www.acb.com/Documentos/Cabeceras/logo-competicion-4a.png",49,1984,110,NA,NA,983,4884,NA,NA,TRUE,947,947,1866,"Collado Villalba","Coll. Villalba","VIL",936,1377,"Cajamadrid","Cajamadrid","CJM",1,82,12000,4,9,44.44,30,68,44.12,10,21,47.62,15,13,28,4,7,11,0,2,0,0,22,0,36,0,0,0,1,0,82,78,0,NA,0,0,0,0,0,0,0
1643501,1,"Liga Nacional","Liga Endesa",-402534000,NA,"https://www.acb.com/Documentos/Cabeceras/logo-competicion-1b.png","https://www.acb.com/Documentos/Cabeceras/logo-competicion-4a.png",49,1984,110,NA,NA,983,4884,NA,NA,FALSE,936,947,1866,"Collado Villalba","Coll. Villalba","VIL",936,1377,"Cajamadrid","Cajamadrid","CJM",1,78,12000,4,8,50,26,43,60.47,14,20,70,18,6,24,6,9,11,0,3,0,0,20,0,62,0,0,1,0,0,78,82,0,NA,0,0,0,0,0,0,0
1643558,1,"Liga Nacional","Liga Endesa",-402534000,NA,"https://www.acb.com/Documentos/Cabeceras/logo-competicion-1b.png","https://www.acb.com/Documentos/Cabeceras/logo-competicion-4a.png",49,1984,110,NA,NA,984,4887,NA,NA,TRUE,936,936,1377,"Cajamadrid","Cajamadrid","CJM",947,1866,"Collado Villalba","Coll. Villalba","VIL",1,104,12000,6,11,54.55,35,56,62.5,16,20,80,22,9,31,4,6,10,0,2,0,0,26,0,81,0,0,0,1,0,104,77,0,NA,0,0,0,0,0,0,0
1643559,1,"Liga Nacional","Liga Endesa",-402534000,NA,"https://www.acb.com/Documentos/Cabeceras/logo-competicion-1b.png","https://www.acb.com/Documentos/Cabeceras/logo-competicion-4a.png",49,1984,110,NA,NA,984,4887,NA,NA,FALSE,947,936,1377,"Cajamadrid","Cajamadrid","CJM",947,1866,"Collado Villalba","Coll. Villalba","VIL",1,77,12000,3,6,50,28,62,45.16,12,17,70.59,12,12,24,1,5,9,0,1,0,0,22,0,35,0,0,1,0,0,77,104,0,NA,0,0,0,0,0,0,0
1643539,1,"Liga Nacional","Liga Endesa",-402534000,NA,"https://www.acb.com/Documentos/Cabeceras/logo-competicion-1b.png","https://www.acb.com/Documentos/Cabeceras/logo-competicion-4a.png",49,1984,111,NA,NA,984,4886,NA,NA,FALSE,948,946,1817,"Fórum Valladolid","Fórum Vall.","FOR",948,1884,"CAI Zaragoza","CAI Zaragoza","CBZ",1,86,12000,2,4,50,32,61,52.46,16,24,66.67,18,8,26,2,7,13,0,3,0,0,23,0,49,0,0,0,1,0,86,80,0,NA,0,0,0,0,0,0,0
1643538,1,"Liga Nacional","Liga Endesa",-402534000,NA,"https://www.acb.com/Documentos/Cabeceras/logo-competicion-1b.png","https://www.acb.com/Documentos/Cabeceras/logo-competicion-4a.png",49,1984,111,NA,NA,984,4886,NA,NA,TRUE,946,946,1817,"Fórum Valladolid","Fórum Vall.","FOR",948,1884,"CAI Zaragoza","CAI Zaragoza","CBZ",1,80,12000,3,5,60,26,47,55.32,19,22,86.36,18,9,27,5,11,12,0,3,0,0,20,0,68,0,0,1,0,0,80,86,0,NA,0,0,0,0,0,0,0
1643622,1,"Liga Nacional","Liga Endesa",-402534000,NA,"https://www.acb.com/Documentos/Cabeceras/logo-competicion-1b.png","https://www.acb.com/Documentos/Cabeceras/logo-competicion-4a.png",49,1984,111,NA,NA,985,4890,NA,NA,TRUE,942,942,590,"Ron Negrita Joventut","Joventut","JOV",941,1487,"Cacaolat Granollers","C. Granollers","GRN",1,87,12000,5,11,45.45,31,55,56.36,10,16,62.5,22,13,35,7,15,16,0,6,0,0,21,0,77,0,0,1,0,0,87,88,0,NA,0,0,0,0,0,0,0
1643623,1,"Liga Nacional","Liga Endesa",-402534000,NA,"https://www.acb.com/Documentos/Cabeceras/logo-competicion-1b.png","https://www.acb.com/Documentos/Cabeceras/logo-competicion-4a.png",49,1984,111,NA,NA,985,4890,NA,NA,FALSE,941,942,590,"Ron Negrita Joventut","Joventut","JOV",941,1487,"Cacaolat Granollers","C. Granollers","GRN",1,88,12000,3,8,37.5,33,64,51.56,13,16,81.25,20,9,29,2,11,12,0,0,0,0,21,0,58,0,0,0,1,0,88,87,0,NA,0,0,0,0,0,0,0
1643580,1,"Liga Nacional","Liga Endesa",-402534000,NA,"https://www.acb.com/Documentos/Cabeceras/logo-competicion-1b.png","https://www.acb.com/Documentos/Cabeceras/logo-competicion-4a.png",49,1984,111,NA,NA,985,4888,NA,NA,TRUE,943,943,722,"Real Madrid","Real Madrid","RMB",940,431,"Estudiantes Caja Postal","Estudiantes CP","EST",1,103,12000,2,6,33.33,39,66,59.09,19,24,79.17,25,14,39,8,12,16,0,8,0,0,34,0,84,0,0,0,1,0,103,87,0,NA,0,0,0,0,0,0,0
1643581,1,"Liga Nacional","Liga Endesa",-402534000,NA,"https://www.acb.com/Documentos/Cabeceras/logo-competicion-1b.png","https://www.acb.com/Documentos/Cabeceras/logo-competicion-4a.png",49,1984,111,NA,NA,985,4888,NA,NA,FALSE,940,943,722,"Real Madrid","Real Madrid","RMB",940,431,"Estudiantes Caja Postal","Estudiantes CP","EST",1,87,12000,3,7,42.86,30,68,44.12,18,25,72,20,12,32,7,11,10,0,2,0,0,28,0,52,0,0,1,0,0,87,103,0,NA,0,0,0,0,0,0,0
1643603,1,"Liga Nacional","Liga Endesa",-402534000,NA,"https://www.acb.com/Documentos/Cabeceras/logo-competicion-1b.png","https://www.acb.com/Documentos/Cabeceras/logo-competicion-4a.png",49,1984,111,NA,NA,985,4889,NA,NA,TRUE,938,938,1428,"Licor 43","Licor 43","CCA",948,1884,"CAI Zaragoza","CAI Zaragoza","CBZ",1,104,12000,5,9,55.56,37,67,55.22,15,20,75,21,10,31,7,12,14,0,4,0,0,32,0,73,0,0,0,1,0,104,99,0,NA,0,0,0,0,0,0,0
1643604,1,"Liga Nacional","Liga Endesa",-402534000,NA,"https://www.acb.com/Documentos/Cabeceras/logo-competicion-1b.png","https://www.acb.com/Documentos/Cabeceras/logo-competicion-4a.png",49,1984,111,NA,NA,985,4889,NA,NA,FALSE,948,938,1428,"Licor 43","Licor 43","CCA",948,1884,"CAI Zaragoza","CAI Zaragoza","CBZ",1,99,12000,1,3,33.33,37,66,56.06,22,29,75.86,15,8,23,1,7,14,0,3,0,0,35,0,46,0,0,1,0,0,99,104,0,NA,0,0,0,0,0,0,0
1643644,1,"Liga Nacional","Liga Endesa",-402534000,NA,"https://www.acb.com/Documentos/Cabeceras/logo-competicion-1b.png","https://www.acb.com/Documentos/Cabeceras/logo-competicion-4a.png",49,1984,111,NA,NA,985,4891,NA,NA,TRUE,933,933,65,"FC Barcelona","FC Barcelona","FCB",935,1336,"Breogán Caixa Galicia","Breogán","BRE",1,105,12000,2,8,25,40,69,57.97,19,25,76,26,10,36,7,18,15,0,4,0,0,28,0,86,0,0,0,1,0,105,87,0,NA,0,0,0,0,0,0,0
1643645,1,"Liga Nacional","Liga Endesa",-402534000,NA,"https://www.acb.com/Documentos/Cabeceras/logo-competicion-1b.png","https://www.acb.com/Documentos/Cabeceras/logo-competicion-4a.png",49,1984,111,NA,NA,985,4891,NA,NA,FALSE,935,933,65,"FC Barcelona","FC Barcelona","FCB",935,1336,"Breogán Caixa Galicia","Breogán","BRE",1,87,12000,1,4,25,35,67,52.24,14,23,60.87,22,13,35,3,8,13,0,4,0,0,22,0,58,0,0,1,0,0,87,105,0,NA,0,0,0,0,0,0,0
1643664,1,"Liga Nacional","Liga Endesa",-402534000,NA,"https://www.acb.com/Documentos/Cabeceras/logo-competicion-1b.png","https://www.acb.com/Documentos/Cabeceras/logo-competicion-4a.png",49,1984,110,NA,NA,985,4892,NA,NA,FALSE,945,936,1377,"Cajamadrid","Cajamadrid","CJM",945,1027,"Caja de Ronda","Caja de Ronda","RON",1,82,12000,5,11,45,26,54,48,15,24,62,18,10,28,8,6,12,0,5,0,0,17,0,57,0,0,7,0,0,574,630,0,0,0,0,0,0,0,0,0
1643663,1,"Liga Nacional","Liga Endesa",-402534000,NA,"https://www.acb.com/Documentos/Cabeceras/logo-competicion-1b.png","https://www.acb.com/Documentos/Cabeceras/logo-competicion-4a.png",49,1984,110,NA,NA,985,4892,NA,NA,TRUE,936,936,1377,"Cajamadrid","Cajamadrid","CJM",945,1027,"Caja de Ronda","Caja de Ronda","RON",1,90,12000,2,6,33.33,36,62,58.06,12,20,60,20,10,30,4,6,9,0,2,0,0,18,0,67,0,0,0,1,0,90,82,0,NA,0,0,0,0,0,0,0
1643761,1,"Liga Nacional","Liga Endesa",-402534000,NA,"https://www.acb.com/Documentos/Cabeceras/logo-competicion-1b.png","https://www.acb.com/Documentos/Cabeceras/logo-competicion-4a.png",49,1984,110,NA,NA,986,4897,NA,NA,TRUE,945,945,1027,"Caja de Ronda","Caja de Ronda","RON",936,1377,"Cajamadrid","Cajamadrid","CJM",1,86,12000,3,8,37,29,53,54,19,22,86,17,9,26,8,6,11,0,5,0,0,24,0,64,0,0,9,0,0,774,909,0,0,0,0,0,0,0,0,0
1643762,1,"Liga Nacional","Liga Endesa",-402534000,NA,"https://www.acb.com/Documentos/Cabeceras/logo-competicion-1b.png","https://www.acb.com/Documentos/Cabeceras/logo-competicion-4a.png",49,1984,110,NA,NA,986,4897,NA,NA,FALSE,936,945,1027,"Caja de Ronda","Caja de Ronda","RON",936,1377,"Cajamadrid","Cajamadrid","CJM",1,101,12000,3,5,60,35,55,63.64,22,25,88,19,6,25,4,5,6,0,1,0,0,17,0,88,0,0,0,1,0,101,86,0,NA,0,0,0,0,0,0,0
1643685,1,"Liga Nacional","Liga Endesa",-402534000,NA,"https://www.acb.com/Documentos/Cabeceras/logo-competicion-1b.png","https://www.acb.com/Documentos/Cabeceras/logo-competicion-4a.png",49,1984,111,NA,NA,986,4893,NA,NA,TRUE,940,940,431,"Estudiantes Caja Postal","Estudiantes CP","EST",943,722,"Real Madrid","Real Madrid","RMB",1,83,12000,4,8,50,29,60,48.33,13,21,61.9,19,9,28,7,10,10,0,1,0,0,23,0,53,0,0,0,1,0,83,80,0,NA,0,0,0,0,0,0,0
1643686,1,"Liga Nacional","Liga Endesa",-402534000,NA,"https://www.acb.com/Documentos/Cabeceras/logo-competicion-1b.png","https://www.acb.com/Documentos/Cabeceras/logo-competicion-4a.png",49,1984,111,NA,NA,986,4893,NA,NA,FALSE,943,940,431,"Estudiantes Caja Postal","Estudiantes CP","EST",943,722,"Real Madrid","Real Madrid","RMB",1,80,12000,0,4,0,31,57,54.39,18,26,69.23,24,11,35,7,10,16,0,7,0,0,35,0,50,0,0,1,0,0,80,83,0,NA,0,0,0,0,0,0,0
1643703,1,"Liga Nacional","Liga Endesa",-402534000,NA,"https://www.acb.com/Documentos/Cabeceras/logo-competicion-1b.png","https://www.acb.com/Documentos/Cabeceras/logo-competicion-4a.png",49,1984,111,NA,NA,986,4894,NA,NA,TRUE,948,948,1884,"CAI Zaragoza","CAI Zaragoza","CBZ",938,1428,"Licor 43","Licor 43","CCA",1,87,12000,2,5,40,32,63,50.79,17,21,80.95,12,7,19,1,6,9,0,2,0,0,23,0,45,0,0,1,0,0,87,88,0,NA,0,0,0,0,0,0,0
1643704,1,"Liga Nacional","Liga Endesa",-402534000,NA,"https://www.acb.com/Documentos/Cabeceras/logo-competicion-1b.png","https://www.acb.com/Documentos/Cabeceras/logo-competicion-4a.png",49,1984,111,NA,NA,986,4894,NA,NA,FALSE,938,948,1884,"CAI Zaragoza","CAI Zaragoza","CBZ",938,1428,"Licor 43","Licor 43","CCA",1,88,12000,5,9,55.56,28,55,50.91,17,22,77.27,16,7,23,5,11,10,0,3,0,0,19,0,65,0,0,0,1,0,88,87,0,NA,0,0,0,0,0,0,0
1643721,1,"Liga Nacional","Liga Endesa",-402534000,NA,"https://www.acb.com/Documentos/Cabeceras/logo-competicion-1b.png","https://www.acb.com/Documentos/Cabeceras/logo-competicion-4a.png",49,1984,111,NA,NA,986,4895,NA,NA,TRUE,941,941,1487,"Cacaolat Granollers","C. Granollers","GRN",942,590,"Ron Negrita Joventut","Joventut","JOV",1,87,12000,2,4,50,30,56,53.57,21,28,75,19,8,27,2,9,10,0,0,0,0,21,0,59,0,0,1,0,0,87,92,0,NA,0,0,0,0,0,0,0
1643722,1,"Liga Nacional","Liga Endesa",-402534000,NA,"https://www.acb.com/Documentos/Cabeceras/logo-competicion-1b.png","https://www.acb.com/Documentos/Cabeceras/logo-competicion-4a.png",49,1984,111,NA,NA,986,4895,NA,NA,FALSE,942,941,1487,"Cacaolat Granollers","C. Granollers","GRN",942,590,"Ron Negrita Joventut","Joventut","JOV",1,92,12000,2,4,50,35,57,61.4,16,28,57.14,21,13,34,6,15,15,0,4,0,0,21,0,79,0,0,0,1,0,92,87,0,NA,0,0,0,0,0,0,0
1643741,1,"Liga Nacional","Liga Endesa",-402534000,NA,"https://www.acb.com/Documentos/Cabeceras/logo-competicion-1b.png","https://www.acb.com/Documentos/Cabeceras/logo-competicion-4a.png",49,1984,111,NA,NA,986,4896,NA,NA,FALSE,933,935,1336,"Breogán Caixa Galicia","Breogán","BRE",933,65,"FC Barcelona","FC Barcelona","FCB",1,90,12000,2,7,28.57,33,64,51.56,18,23,78.26,19,7,26,6,12,13,0,4,0,0,17,0,67,0,0,0,1,0,90,82,0,NA,0,0,0,0,0,0,0
1643740,1,"Liga Nacional","Liga Endesa",-402534000,NA,"https://www.acb.com/Documentos/Cabeceras/logo-competicion-1b.png","https://www.acb.com/Documentos/Cabeceras/logo-competicion-4a.png",49,1984,111,NA,NA,986,4896,NA,NA,TRUE,935,935,1336,"Breogán Caixa Galicia","Breogán","BRE",933,65,"FC Barcelona","FC Barcelona","FCB",1,82,12000,1,2,50,31,59,52.54,17,18,94.44,20,11,31,3,7,11,0,3,0,0,16,0,69,0,0,1,0,0,82,90,0,NA,0,0,0,0,0,0,0
1643804,1,"Liga Nacional","Liga Endesa",-402534000,NA,"https://www.acb.com/Documentos/Cabeceras/logo-competicion-1b.png","https://www.acb.com/Documentos/Cabeceras/logo-competicion-4a.png",49,1984,111,NA,NA,987,4899,NA,NA,TRUE,943,943,722,"Real Madrid","Real Madrid","RMB",940,431,"Estudiantes Caja Postal","Estudiantes CP","EST",1,116,12000,3,7,42.86,44,71,61.97,19,23,82.61,21,10,31,5,8,13,0,5,0,0,24,0,93,0,0,0,1,0,116,98,0,NA,0,0,0,0,0,0,0
1643805,1,"Liga Nacional","Liga Endesa",-402534000,NA,"https://www.acb.com/Documentos/Cabeceras/logo-competicion-1b.png","https://www.acb.com/Documentos/Cabeceras/logo-competicion-4a.png",49,1984,111,NA,NA,987,4899,NA,NA,FALSE,940,943,722,"Real Madrid","Real Madrid","RMB",940,431,"Estudiantes Caja Postal","Estudiantes CP","EST",1,98,12000,1,2,50,37,66,56.06,21,29,72.41,13,9,22,4,8,9,0,1,0,0,24,0,62,0,0,1,0,0,98,116,0,NA,0,0,0,0,0,0,0
1643785,1,"Liga Nacional","Liga Endesa",-402534000,NA,"https://www.acb.com/Documentos/Cabeceras/logo-competicion-1b.png","https://www.acb.com/Documentos/Cabeceras/logo-competicion-4a.png",49,1984,111,NA,NA,987,4898,NA,NA,TRUE,942,942,590,"Ron Negrita Joventut","Joventut","JOV",941,1487,"Cacaolat Granollers","C. Granollers","GRN",1,94,12000,5,9,55.56,33,65,50.77,13,22,59.09,23,11,34,6,14,17,0,5,0,0,27,0,64,0,0,0,1,0,94,84,0,NA,0,0,0,0,0,0,0
1643786,1,"Liga Nacional","Liga Endesa",-402534000,NA,"https://www.acb.com/Documentos/Cabeceras/logo-competicion-1b.png","https://www.acb.com/Documentos/Cabeceras/logo-competicion-4a.png",49,1984,111,NA,NA,987,4898,NA,NA,FALSE,941,942,590,"Ron Negrita Joventut","Joventut","JOV",941,1487,"Cacaolat Granollers","C. Granollers","GRN",1,84,12000,3,6,50,31,57,54.39,13,16,81.25,19,7,26,1,8,9,0,0,0,0,20,0,58,0,0,1,0,0,84,94,0,NA,0,0,0,0,0,0,0
1643845,1,"Liga Nacional","Liga Endesa",-402534000,NA,"https://www.acb.com/Documentos/Cabeceras/logo-competicion-1b.png","https://www.acb.com/Documentos/Cabeceras/logo-competicion-4a.png",49,1984,111,NA,NA,988,4901,NA,NA,TRUE,943,943,722,"Real Madrid","Real Madrid","RMB",938,1428,"Licor 43","Licor 43","CCA",1,96,12000,1,3,33.33,39,66,59.09,15,16,93.75,24,9,33,3,8,13,0,4,0,0,24,0,77,0,0,0,1,0,96,78,0,NA,0,0,0,0,0,0,0
1643846,1,"Liga Nacional","Liga Endesa",-402534000,NA,"https://www.acb.com/Documentos/Cabeceras/logo-competicion-1b.png","https://www.acb.com/Documentos/Cabeceras/logo-competicion-4a.png",49,1984,111,NA,NA,988,4901,NA,NA,FALSE,938,943,722,"Real Madrid","Real Madrid","RMB",938,1428,"Licor 43","Licor 43","CCA",1,78,12000,3,8,37.5,28,50,56,13,19,68.42,18,5,23,2,6,9,0,2,0,0,21,0,48,0,0,1,0,0,78,96,0,NA,0,0,0,0,0,0,0
1643826,1,"Liga Nacional","Liga Endesa",-402534000,NA,"https://www.acb.com/Documentos/Cabeceras/logo-competicion-1b.png","https://www.acb.com/Documentos/Cabeceras/logo-competicion-4a.png",49,1984,111,NA,NA,988,4900,NA,NA,FALSE,942,933,65,"FC Barcelona","FC Barcelona","FCB",942,590,"Ron Negrita Joventut","Joventut","JOV",1,86,12000,5,11,45.45,29,52,55.77,13,20,65,20,11,31,4,14,15,0,3,0,0,20,0,67,0,0,1,0,0,86,90,0,NA,0,0,0,0,0,0,0
1643825,1,"Liga Nacional","Liga Endesa",-402534000,NA,"https://www.acb.com/Documentos/Cabeceras/logo-competicion-1b.png","https://www.acb.com/Documentos/Cabeceras/logo-competicion-4a.png",49,1984,111,NA,NA,988,4900,NA,NA,TRUE,933,933,65,"FC Barcelona","FC Barcelona","FCB",942,590,"Ron Negrita Joventut","Joventut","JOV",1,90,12000,2,9,22.22,34,63,53.97,16,22,72.73,20,8,28,4,13,13,0,1,0,0,17,0,64,0,0,0,1,0,90,86,0,NA,0,0,0,0,0,0,0
1643888,1,"Liga Nacional","Liga Endesa",-402534000,NA,"https://www.acb.com/Documentos/Cabeceras/logo-competicion-1b.png","https://www.acb.com/Documentos/Cabeceras/logo-competicion-4a.png",49,1984,111,NA,NA,989,4903,NA,NA,TRUE,942,942,590,"Ron Negrita Joventut","Joventut","JOV",933,65,"FC Barcelona","FC Barcelona","FCB",1,82,12000,3,5,60,31,57,54.39,11,18,61.11,20,10,30,4,12,13,0,2,0,0,28,0,54,0,0,0,1,0,82,66,0,NA,0,0,0,0,0,0,0
1643889,1,"Liga Nacional","Liga Endesa",-402534000,NA,"https://www.acb.com/Documentos/Cabeceras/logo-competicion-1b.png","https://www.acb.com/Documentos/Cabeceras/logo-competicion-4a.png",49,1984,111,NA,NA,989,4903,NA,NA,FALSE,933,942,590,"Ron Negrita Joventut","Joventut","JOV",933,65,"FC Barcelona","FC Barcelona","FCB",1,66,12000,2,6,33.33,23,43,53.49,14,21,66.67,20,7,27,3,13,10,0,0,0,0,30,0,38,0,0,1,0,0,66,82,0,NA,0,0,0,0,0,0,0
1643865,1,"Liga Nacional","Liga Endesa",-402534000,NA,"https://www.acb.com/Documentos/Cabeceras/logo-competicion-1b.png","https://www.acb.com/Documentos/Cabeceras/logo-competicion-4a.png",49,1984,111,NA,NA,989,4902,NA,NA,TRUE,938,938,1428,"Licor 43","Licor 43","CCA",943,722,"Real Madrid","Real Madrid","RMB",1,98,12000,4,9,44.44,33,59,55.93,20,28,71.43,16,4,20,3,8,9,0,2,0,0,24,0,59,0,0,1,0,0,98,99,0,NA,0,0,0,0,0,0,0
1643866,1,"Liga Nacional","Liga Endesa",-402534000,NA,"https://www.acb.com/Documentos/Cabeceras/logo-competicion-1b.png","https://www.acb.com/Documentos/Cabeceras/logo-competicion-4a.png",49,1984,111,NA,NA,989,4902,NA,NA,FALSE,943,938,1428,"Licor 43","Licor 43","CCA",943,722,"Real Madrid","Real Madrid","RMB",1,99,12000,2,4,50,38,68,55.88,17,27,62.96,22,8,30,1,7,12,0,4,0,0,25,0,62,0,0,0,1,0,99,98,0,NA,0,0,0,0,0,0,0
1643907,1,"Liga Nacional","Liga Endesa",-402534000,NA,"https://www.acb.com/Documentos/Cabeceras/logo-competicion-1b.png","https://www.acb.com/Documentos/Cabeceras/logo-competicion-4a.png",49,1984,111,NA,NA,990,4904,NA,NA,FALSE,942,933,65,"FC Barcelona","FC Barcelona","FCB",942,590,"Ron Negrita Joventut","Joventut","JOV",1,89,12000,4,7,57.14,31,51,60.78,15,23,65.22,16,9,25,3,12,13,0,2,0,0,21,0,66,0,0,0,1,0,89,87,0,NA,0,0,0,0,0,0,0
1643906,1,"Liga Nacional","Liga Endesa",-402534000,NA,"https://www.acb.com/Documentos/Cabeceras/logo-competicion-1b.png","https://www.acb.com/Documentos/Cabeceras/logo-competicion-4a.png",49,1984,111,NA,NA,990,4904,NA,NA,TRUE,933,933,65,"FC Barcelona","FC Barcelona","FCB",942,590,"Ron Negrita Joventut","Joventut","JOV",1,87,12000,1,4,25,33,64,51.56,18,23,78.26,13,5,18,3,11,9,0,0,0,0,20,0,51,0,0,1,0,0,87,89,0,NA,0,0,0,0,0,0,0
1643926,1,"Liga Nacional","Liga Endesa",-402534000,NA,"https://www.acb.com/Documentos/Cabeceras/logo-competicion-1b.png","https://www.acb.com/Documentos/Cabeceras/logo-competicion-4a.png",49,1984,111,NA,NA,991,4905,NA,NA,TRUE,943,943,722,"Real Madrid","Real Madrid","RMB",942,590,"Ron Negrita Joventut","Joventut","JOV",1,86,12000,1,3,33.33,31,58,53.45,21,25,84,21,8,29,1,6,10,0,3,0,0,28,0,54,0,0,1,0,0,86,111,0,NA,0,0,0,0,0,0,0
1643927,1,"Liga Nacional","Liga Endesa",-402534000,NA,"https://www.acb.com/Documentos/Cabeceras/logo-competicion-1b.png","https://www.acb.com/Documentos/Cabeceras/logo-competicion-4a.png",49,1984,111,NA,NA,991,4905,NA,NA,FALSE,942,943,722,"Real Madrid","Real Madrid","RMB",942,590,"Ron Negrita Joventut","Joventut","JOV",1,111,12000,3,7,42.86,43,74,58.11,16,24,66.67,16,8,24,3,10,11,0,2,0,0,20,0,76,0,0,0,1,0,111,86,0,NA,0,0,0,0,0,0,0
1643946,1,"Liga Nacional","Liga Endesa",-402534000,NA,"https://www.acb.com/Documentos/Cabeceras/logo-competicion-1b.png","https://www.acb.com/Documentos/Cabeceras/logo-competicion-4a.png",49,1984,111,NA,NA,992,4906,NA,NA,TRUE,942,942,590,"Ron Negrita Joventut","Joventut","JOV",943,722,"Real Madrid","Real Madrid","RMB",1,76,12000,2,5,40,29,51,56.86,12,24,50,15,8,23,3,8,10,0,1,0,0,24,0,40,0,0,1,0,0,76,97,0,NA,0,0,0,0,0,0,0
1643947,1,"Liga Nacional","Liga Endesa",-402534000,NA,"https://www.acb.com/Documentos/Cabeceras/logo-competicion-1b.png","https://www.acb.com/Documentos/Cabeceras/logo-competicion-4a.png",49,1984,111,NA,NA,992,4906,NA,NA,FALSE,943,942,590,"Ron Negrita Joventut","Joventut","JOV",943,722,"Real Madrid","Real Madrid","RMB",1,97,12000,2,4,50,36,60,60,19,25,76,19,6,25,1,5,9,0,3,0,0,22,0,68,0,0,0,1,0,97,76,0,NA,0,0,0,0,0,0,0
1643964,1,"Liga Nacional","Liga Endesa",-402534000,NA,"https://www.acb.com/Documentos/Cabeceras/logo-competicion-1b.png","https://www.acb.com/Documentos/Cabeceras/logo-competicion-4a.png",49,1984,111,NA,NA,993,4907,NA,NA,TRUE,943,943,722,"Real Madrid","Real Madrid","RMB",942,590,"Ron Negrita Joventut","Joventut","JOV",1,91,12000,1,2,50,35,57,61.4,18,20,90,16,6,22,0,4,9,0,2,0,0,19,0,66,0,0,0,1,0,91,83,0,NA,0,0,0,0,0,0,0
1643965,1,"Liga Nacional","Liga Endesa",-402534000,NA,"https://www.acb.com/Documentos/Cabeceras/logo-competicion-1b.png","https://www.acb.com/Documentos/Cabeceras/logo-competicion-4a.png",49,1984,111,NA,NA,993,4907,NA,NA,FALSE,942,943,722,"Real Madrid","Real Madrid","RMB",942,590,"Ron Negrita Joventut","Joventut","JOV",1,83,12000,4,10,40,26,51,50.98,19,27,70.37,15,8,23,1,8,10,0,1,0,0,22,0,45,0,0,1,0,0,83,91,0,NA,0,0,0,0,0,0,0
1776998,2,"Copa de España","Copa del Rey",-1142812800,NA,"https://static.acb.com/img/d/15/9/27868934009.png","https://static.acb.com/img/d/15/9/27868934009.png",49,1984,103,NA,NA,188,457,NA,NA,TRUE,316,316,722,"Real Madrid","Real Madrid","RMB",317,1817,"Fórum Valladolid","Fórum Vall.","FOR",1,94,12000,3,5,60,34,66,51,17,22,77,24,13,37,0,0,0,0,0,0,0,24,0,68,0,0,0,1,0,658,77,0,0,0,0,0,0,0,0,0
1777000,2,"Copa de España","Copa del Rey",-1142812800,NA,"https://static.acb.com/img/d/15/9/27868934009.png","https://static.acb.com/img/d/15/9/27868934009.png",49,1984,103,NA,NA,188,457,NA,NA,FALSE,317,316,722,"Real Madrid","Real Madrid","RMB",317,1817,"Fórum Valladolid","Fórum Vall.","FOR",1,77,12000,0,2,0,30,67,44,17,24,70,20,15,35,0,0,0,0,0,0,0,22,0,44,0,0,1,0,0,539,94,0,0,0,0,0,0,0,0,0
1776996,2,"Copa de España","Copa del Rey",-1142812800,NA,"https://static.acb.com/img/d/15/9/27868934009.png","https://static.acb.com/img/d/15/9/27868934009.png",49,1984,103,292,NA,188,456,NA,NA,TRUE,315,315,590,"Ron Negrita Joventut","Joventut","JOV",314,65,"FC Barcelona","FC Barcelona","FCB",1,83,12000,0,0,0,37,72,51,9,16,56,23,6,29,0,0,0,0,0,0,0,26,0,44,0,0,0,1,0,581,79,0,0,0,0,0,0,0,0,0
1776994,2,"Copa de España","Copa del Rey",-1142812800,NA,"https://static.acb.com/img/d/15/9/27868934009.png","https://static.acb.com/img/d/15/9/27868934009.png",49,1984,103,292,NA,188,456,NA,NA,FALSE,314,315,590,"Ron Negrita Joventut","Joventut","JOV",314,65,"FC Barcelona","FC Barcelona","FCB",1,79,12000,5,13,38,23,58,39,18,27,66,21,11,32,0,0,0,0,0,0,0,26,0,33,0,0,1,0,0,711,83,0,0,0,0,0,0,0,0,0
1777003,2,"Copa de España","Copa del Rey",-1142812800,NA,"https://static.acb.com/img/d/15/9/27868934009.png","https://static.acb.com/img/d/15/9/27868934009.png",49,1984,103,NA,NA,189,458,NA,NA,TRUE,314,314,65,"FC Barcelona","FC Barcelona","FCB",317,1817,"Fórum Valladolid","Fórum Vall.","FOR",1,103,12000,0,0,0,42,69,60,19,30,63,14,5,19,0,0,0,0,0,0,0,20,0,64,0,0,0,1,0,824,83,0,0,0,0,0,0,0,0,0
1777005,2,"Copa de España","Copa del Rey",-1142812800,NA,"https://static.acb.com/img/d/15/9/27868934009.png","https://static.acb.com/img/d/15/9/27868934009.png",49,1984,103,NA,NA,189,458,NA,NA,FALSE,317,314,65,"FC Barcelona","FC Barcelona","FCB",317,1817,"Fórum Valladolid","Fórum Vall.","FOR",1,83,12000,1,2,50,34,62,54,12,22,54,21,10,31,0,0,0,0,0,0,0,24,0,51,0,0,1,0,0,830,103,0,0,0,0,0,0,0,0,0
1777009,2,"Copa de España","Copa del Rey",-1142812800,NA,"https://static.acb.com/img/d/15/9/27868934009.png","https://static.acb.com/img/d/15/9/27868934009.png",49,1984,103,291,301,189,459,NA,NA,TRUE,316,316,722,"Real Madrid","Real Madrid","RMB",315,590,"Ron Negrita Joventut","Joventut","JOV",1,90,12000,0,2,0,38,59,64,14,20,70,21,5,26,1,11,12,0,0,0,22,0,0,87,0,0,0,1,0,900,76,0,0,0,0,0,0,0,0,0
1777007,2,"Copa de España","Copa del Rey",-1142812800,NA,"https://static.acb.com/img/d/15/9/27868934009.png","https://static.acb.com/img/d/15/9/27868934009.png",49,1984,103,291,301,189,459,NA,NA,FALSE,315,316,722,"Real Madrid","Real Madrid","RMB",315,590,"Ron Negrita Joventut","Joventut","JOV",1,76,12000,3,7,42,27,61,44,13,23,56,15,11,26,1,13,8,0,0,0,22,0,0,60,0,0,1,0,0,684,90,0,0,0,0,0,0,0,0,0
1413744,3,"Supercopa","Supercopa Endesa",477108000,NA,"https://static.acb.com/img/14/39/3/27868634006.png","https://static.acb.com/img/1c/1a/3d/27940034120.png",49,1984,103,NA,NA,2295,14768,NA,NA,FALSE,2845,2844,722,"Real Madrid","Real Madrid","RMB",2845,1884,"CAI Zaragoza","CAI Zaragoza","CBZ",1,61,12000,3,5,60,17,56,30.36,18,21,85.71,14,8,22,4,14,28,0,4,0,0,10,0,23,0,0,1,0,0,61,101,0,NA,0,0,0,0,0,0,0
1413743,3,"Supercopa","Supercopa Endesa",477108000,NA,"https://static.acb.com/img/14/39/3/27868634006.png","https://static.acb.com/img/1c/1a/3d/27940034120.png",49,1984,103,NA,NA,2295,14768,NA,NA,TRUE,2844,2844,722,"Real Madrid","Real Madrid","RMB",2845,1884,"CAI Zaragoza","CAI Zaragoza","CBZ",1,101,12000,2,3,66.67,44,71,61.97,7,12,58.33,24,4,28,5,23,12,0,2,0,0,20,0,94,0,0,0,1,0,101,61,0,NA,0,0,0,0,0,0,0
