"id","id_competition","competition_name","competition_official_name","competition_initial_date","competition_final_date","competition_url_image","competition_url_image_negative","id_edition","edition_year","id_phase","id_subphase","id_round","id_matchweek","id_match","period","id_edition_license_team","is_local","id_team","id_local_team","local_team_id_team_denomination","local_team_team_actual_name","local_team_team_actual_short_name","local_team_team_abbrev_name","id_visitor_team","visitor_team_id_team_denomination","visitor_team_team_actual_name","visitor_team_team_actual_short_name","visitor_team_team_abbrev_name","match_number","points","time_played","3pt_success","3pt_tried","3pt_percentage","2pt_success","2pt_tried","2pt_percentage","1pt_success","1pt_tried","1pt_percentage","defensive_rebound","offensive_rebound","total_rebound","asis","steals","turnovers","counter_attack","blocks","received_blocks","dunks","personal_fouls","received_fouls","val","differential","tournament_number2","defeats","victories","tie","team_score","rival_team_score","timeouts","time_as_leader","leader_changes","maximun_difference","points_after_steal","points_in_the_paint","second_opportinity_points","bench_points","best_streak"
1518862,1,"Liga Nacional","Liga Endesa",-402534000,NA,"https://www.acb.com/Documentos/Cabeceras/logo-competicion-1b.png","https://www.acb.com/Documentos/Cabeceras/logo-competicion-4a.png",62,1997,107,NA,NA,1563,9560,NA,NA,FALSE,1194,1195,1369,"Cáceres CB","Cáceres CB","CAC",1194,207,"TAU Cerámica","TAU Cerámica","TAU",1,72,12000,5,17,29,21,41,51,15,22,68,24,17,41,8,7,19,0,3,4,3,21,18,66,0,0,0,11,0,792,69,0,0,0,0,0,0,0,0,0
1518861,1,"Liga Nacional","Liga Endesa",-402534000,NA,"https://www.acb.com/Documentos/Cabeceras/logo-competicion-1b.png","https://www.acb.com/Documentos/Cabeceras/logo-competicion-4a.png",62,1997,107,NA,NA,1563,9560,NA,NA,TRUE,1195,1195,1369,"Cáceres CB","Cáceres CB","CAC",1194,207,"TAU Cerámica","TAU Cerámica","TAU",1,69,12000,3,13,23.08,25,42,59.52,10,17,58.82,19,8,27,8,12,15,0,4,3,3,18,21,71,0,0,1,0,0,69,72,0,NA,0,0,0,0,0,0,0
1518909,1,"Liga Nacional","Liga Endesa",-402534000,NA,"https://www.acb.com/Documentos/Cabeceras/logo-competicion-1b.png","https://www.acb.com/Documentos/Cabeceras/logo-competicion-4a.png",62,1997,107,NA,NA,1563,9562,NA,NA,FALSE,1207,1193,92,"FC Barcelona Banca Catalana","FC Barcelona","FCB",1207,1046,"Unicaja","Unicaja","UNI",1,77,12000,6,13,46,20,46,43,19,31,61,15,15,30,9,8,16,0,1,2,1,24,27,65,0,0,10,0,0,770,91,0,0,0,0,0,0,0,0,0
1518908,1,"Liga Nacional","Liga Endesa",-402534000,NA,"https://www.acb.com/Documentos/Cabeceras/logo-competicion-1b.png","https://www.acb.com/Documentos/Cabeceras/logo-competicion-4a.png",62,1997,107,NA,NA,1563,9562,NA,NA,TRUE,1193,1193,92,"FC Barcelona Banca Catalana","FC Barcelona","FCB",1207,1046,"Unicaja","Unicaja","UNI",1,91,12000,5,8,62.5,26,47,55.32,24,29,82.76,22,8,30,14,12,14,0,2,1,3,27,24,102,0,0,0,1,0,91,77,0,NA,0,0,0,0,0,0,0
1518767,1,"Liga Nacional","Liga Endesa",-402534000,NA,"https://www.acb.com/Documentos/Cabeceras/logo-competicion-1b.png","https://www.acb.com/Documentos/Cabeceras/logo-competicion-4a.png",62,1997,107,NA,NA,1563,9556,NA,NA,FALSE,1198,1201,618,"Festina Joventut","Festina Jov.","JOV",1198,1463,"Valvi Girona","Valvi Girona","GIR",1,99,12000,9,24,37,22,40,55,28,36,77,23,14,37,12,11,16,0,0,4,1,26,27,99,0,0,10,0,0,990,100,0,0,0,0,0,0,0,0,0
1518766,1,"Liga Nacional","Liga Endesa",-402534000,NA,"https://www.acb.com/Documentos/Cabeceras/logo-competicion-1b.png","https://www.acb.com/Documentos/Cabeceras/logo-competicion-4a.png",62,1997,107,NA,NA,1563,9556,NA,NA,TRUE,1201,1201,618,"Festina Joventut","Festina Jov.","JOV",1198,1463,"Valvi Girona","Valvi Girona","GIR",1,100,12000,8,25,32,30,47,63.83,16,28,57.14,22,13,35,12,13,11,0,4,0,1,27,26,106,0,0,0,1,0,100,99,0,NA,0,0,0,0,0,0,0
1518884,1,"Liga Nacional","Liga Endesa",-402534000,NA,"https://www.acb.com/Documentos/Cabeceras/logo-competicion-1b.png","https://www.acb.com/Documentos/Cabeceras/logo-competicion-4a.png",62,1997,107,NA,NA,1563,9561,NA,NA,TRUE,1202,1202,1605,"León Caja España","León C. España","LEO",1204,863,"TDK Manresa","TDK Manresa","TDK",1,76,12000,7,17,41,19,40,47,17,22,77,21,7,28,10,13,12,0,1,2,1,19,20,79,0,0,0,9,0,684,75,0,0,0,0,0,0,0,0,0
1518885,1,"Liga Nacional","Liga Endesa",-402534000,NA,"https://www.acb.com/Documentos/Cabeceras/logo-competicion-1b.png","https://www.acb.com/Documentos/Cabeceras/logo-competicion-4a.png",62,1997,107,NA,NA,1563,9561,NA,NA,FALSE,1204,1202,1605,"León Caja España","León C. España","LEO",1204,863,"TDK Manresa","TDK Manresa","TDK",1,75,12000,2,9,22.22,24,48,50,21,26,80.77,26,11,37,6,6,14,0,2,1,5,20,19,74,0,0,1,0,0,75,76,0,NA,0,0,0,0,0,0,0
1518954,1,"Liga Nacional","Liga Endesa",-402534000,NA,"https://www.acb.com/Documentos/Cabeceras/logo-competicion-1b.png","https://www.acb.com/Documentos/Cabeceras/logo-competicion-4a.png",62,1997,107,NA,NA,1563,9564,NA,NA,TRUE,1208,1208,1121,"Caja San Fernando","C. San Fernando","CSF",1209,1801,"Caja Cantabria","Caja Cantabria","CAN",1,71,12000,4,10,40,26,55,47,7,16,43,26,12,38,9,10,10,0,4,2,1,24,21,73,0,0,0,11,0,781,70,0,0,0,0,0,0,0,0,0
1518955,1,"Liga Nacional","Liga Endesa",-402534000,NA,"https://www.acb.com/Documentos/Cabeceras/logo-competicion-1b.png","https://www.acb.com/Documentos/Cabeceras/logo-competicion-4a.png",62,1997,107,NA,NA,1563,9564,NA,NA,FALSE,1209,1208,1121,"Caja San Fernando","C. San Fernando","CSF",1209,1801,"Caja Cantabria","Caja Cantabria","CAN",1,70,12000,4,12,33.33,22,48,45.83,14,26,53.85,29,16,45,10,7,15,0,2,4,1,21,24,72,0,0,1,0,0,70,71,0,NA,0,0,0,0,0,0,0
1518792,1,"Liga Nacional","Liga Endesa",-402534000,NA,"https://www.acb.com/Documentos/Cabeceras/logo-competicion-1b.png","https://www.acb.com/Documentos/Cabeceras/logo-competicion-4a.png",62,1997,107,NA,NA,1563,9557,NA,NA,FALSE,1199,1203,751,"Real Madrid Teka","Real Madrid","RMB",1199,2,"Covirán Sierra Nevada","Covirán","GRA",1,66,12000,1,8,12,19,44,43,25,33,75,17,11,28,8,7,10,0,2,7,0,24,23,53,0,0,9,0,0,594,89,0,0,0,0,0,0,0,0,0
1518791,1,"Liga Nacional","Liga Endesa",-402534000,NA,"https://www.acb.com/Documentos/Cabeceras/logo-competicion-1b.png","https://www.acb.com/Documentos/Cabeceras/logo-competicion-4a.png",62,1997,107,NA,NA,1563,9557,NA,NA,TRUE,1203,1203,751,"Real Madrid Teka","Real Madrid","RMB",1199,2,"Covirán Sierra Nevada","Covirán","GRA",1,89,12000,5,8,62,27,49,55,20,27,74,23,10,33,16,7,8,0,7,2,3,23,24,111,0,0,0,12,0,1068,66,0,0,0,0,0,0,0,0,0
1518813,1,"Liga Nacional","Liga Endesa",-402534000,NA,"https://www.acb.com/Documentos/Cabeceras/logo-competicion-1b.png","https://www.acb.com/Documentos/Cabeceras/logo-competicion-4a.png",62,1997,107,NA,NA,1563,9558,NA,NA,TRUE,1205,1205,1719,"Ourense Xacobeo 99","Ourense Xacobeo","OUR",1200,1527,"Ciudad de Huelva","Ciudad Huelva","HUE",1,87,13500,5,11,45.45,30,57,52.63,12,19,63.16,30,18,48,14,10,18,0,1,4,4,20,17,95,0,0,0,1,0,87,84,0,NA,0,0,0,0,0,0,0
1518814,1,"Liga Nacional","Liga Endesa",-402534000,NA,"https://www.acb.com/Documentos/Cabeceras/logo-competicion-1b.png","https://www.acb.com/Documentos/Cabeceras/logo-competicion-4a.png",62,1997,107,NA,NA,1563,9558,NA,NA,FALSE,1200,1205,1719,"Ourense Xacobeo 99","Ourense Xacobeo","OUR",1200,1527,"Ciudad de Huelva","Ciudad Huelva","HUE",1,84,13500,7,23,30.43,23,44,52.27,17,22,77.27,17,10,27,15,12,13,0,4,1,4,17,20,89,0,0,1,0,0,84,87,0,NA,0,0,0,0,0,0,0
1518838,1,"Liga Nacional","Liga Endesa",-402534000,NA,"https://www.acb.com/Documentos/Cabeceras/logo-competicion-1b.png","https://www.acb.com/Documentos/Cabeceras/logo-competicion-4a.png",62,1997,107,NA,NA,1563,9559,NA,NA,TRUE,1206,1206,950,"Pamesa Valencia","Pamesa Valencia","PAM",1197,455,"Adecco Estudiantes","Adecco Estu","EST",1,78,12000,6,14,42,21,38,55,18,27,66,21,8,29,12,9,11,0,4,2,2,20,25,90,0,0,0,10,0,780,74,0,0,0,0,0,0,0,0,0
1518839,1,"Liga Nacional","Liga Endesa",-402534000,NA,"https://www.acb.com/Documentos/Cabeceras/logo-competicion-1b.png","https://www.acb.com/Documentos/Cabeceras/logo-competicion-4a.png",62,1997,107,NA,NA,1563,9559,NA,NA,FALSE,1197,1206,950,"Pamesa Valencia","Pamesa Valencia","PAM",1197,455,"Adecco Estudiantes","Adecco Estu","EST",1,74,12000,6,12,50,19,42,45,18,22,81,18,8,26,12,5,13,0,2,4,0,25,20,64,0,0,11,0,0,814,78,0,0,0,0,0,0,0,0,0
1518930,1,"Liga Nacional","Liga Endesa",-402534000,NA,"https://www.acb.com/Documentos/Cabeceras/logo-competicion-1b.png","https://www.acb.com/Documentos/Cabeceras/logo-competicion-4a.png",62,1997,107,NA,NA,1563,9563,NA,NA,TRUE,1210,1210,1845,"Fórum Valladolid","Fórum Vall.","FOR",1196,330,"Gran Canaria","Gran Canaria","GCA",1,86,12000,8,21,38.1,22,45,48.89,18,26,69.23,14,16,30,9,11,13,0,2,0,0,27,27,81,0,0,1,0,0,86,99,0,NA,0,0,0,0,0,0,0
1518931,1,"Liga Nacional","Liga Endesa",-402534000,NA,"https://www.acb.com/Documentos/Cabeceras/logo-competicion-1b.png","https://www.acb.com/Documentos/Cabeceras/logo-competicion-4a.png",62,1997,107,NA,NA,1563,9563,NA,NA,FALSE,1196,1210,1845,"Fórum Valladolid","Fórum Vall.","FOR",1196,330,"Gran Canaria","Gran Canaria","GCA",1,99,12000,4,10,40,32,41,78.05,23,34,67.65,23,7,30,20,10,19,0,0,2,2,27,27,112,0,0,0,1,0,99,86,0,NA,0,0,0,0,0,0,0
1519003,1,"Liga Nacional","Liga Endesa",-402534000,NA,"https://www.acb.com/Documentos/Cabeceras/logo-competicion-1b.png","https://www.acb.com/Documentos/Cabeceras/logo-competicion-4a.png",62,1997,107,NA,NA,1564,9566,NA,NA,FALSE,1208,1196,330,"Gran Canaria","Gran Canaria","GCA",1208,1121,"Caja San Fernando","C. San Fernando","CSF",1,77,12000,3,15,20,26,46,56,16,25,64,20,10,30,9,12,16,0,0,5,0,28,24,62,0,0,11,0,0,847,89,0,0,0,0,0,0,0,0,0
1519002,1,"Liga Nacional","Liga Endesa",-402534000,NA,"https://www.acb.com/Documentos/Cabeceras/logo-competicion-1b.png","https://www.acb.com/Documentos/Cabeceras/logo-competicion-4a.png",62,1997,107,NA,NA,1564,9566,NA,NA,TRUE,1196,1196,330,"Gran Canaria","Gran Canaria","GCA",1208,1121,"Caja San Fernando","C. San Fernando","CSF",1,89,12000,4,10,40,28,49,57.14,21,30,70,24,10,34,14,13,16,0,5,0,3,24,28,107,0,0,0,1,0,89,77,0,NA,0,0,0,0,0,0,0
1519120,1,"Liga Nacional","Liga Endesa",-402534000,NA,"https://www.acb.com/Documentos/Cabeceras/logo-competicion-1b.png","https://www.acb.com/Documentos/Cabeceras/logo-competicion-4a.png",62,1997,107,NA,NA,1564,9571,NA,NA,FALSE,1206,1200,1527,"Ciudad de Huelva","Ciudad Huelva","HUE",1206,950,"Pamesa Valencia","Pamesa Valencia","PAM",1,71,12000,6,14,42,20,43,46,13,17,76,24,7,31,3,8,9,0,6,1,1,22,20,72,0,0,0,9,0,639,67,0,0,0,0,0,0,0,0,0
1519119,1,"Liga Nacional","Liga Endesa",-402534000,NA,"https://www.acb.com/Documentos/Cabeceras/logo-competicion-1b.png","https://www.acb.com/Documentos/Cabeceras/logo-competicion-4a.png",62,1997,107,NA,NA,1564,9571,NA,NA,TRUE,1200,1200,1527,"Ciudad de Huelva","Ciudad Huelva","HUE",1206,950,"Pamesa Valencia","Pamesa Valencia","PAM",1,67,12000,5,9,55.56,17,43,39.53,18,26,69.23,24,8,32,6,9,7,0,1,6,1,20,22,66,0,0,1,0,0,67,71,0,NA,0,0,0,0,0,0,0
1519144,1,"Liga Nacional","Liga Endesa",-402534000,NA,"https://www.acb.com/Documentos/Cabeceras/logo-competicion-1b.png","https://www.acb.com/Documentos/Cabeceras/logo-competicion-4a.png",62,1997,107,NA,NA,1564,9572,NA,NA,TRUE,1199,1199,2,"Covirán Sierra Nevada","Covirán","GRA",1205,1719,"Ourense Xacobeo 99","Ourense Xacobeo","OUR",1,81,12000,4,11,36,26,47,55,17,21,80,24,8,32,11,10,10,0,3,1,4,21,23,96,0,0,0,11,0,891,73,0,0,0,0,0,0,0,0,0
1519145,1,"Liga Nacional","Liga Endesa",-402534000,NA,"https://www.acb.com/Documentos/Cabeceras/logo-competicion-1b.png","https://www.acb.com/Documentos/Cabeceras/logo-competicion-4a.png",62,1997,107,NA,NA,1564,9572,NA,NA,FALSE,1205,1199,2,"Covirán Sierra Nevada","Covirán","GRA",1205,1719,"Ourense Xacobeo 99","Ourense Xacobeo","OUR",1,73,12000,7,22,31.82,21,40,52.5,10,22,45.45,21,14,35,13,7,10,0,1,3,1,23,21,68,0,0,1,0,0,73,81,0,NA,0,0,0,0,0,0,0
1518976,1,"Liga Nacional","Liga Endesa",-402534000,NA,"https://www.acb.com/Documentos/Cabeceras/logo-competicion-1b.png","https://www.acb.com/Documentos/Cabeceras/logo-competicion-4a.png",62,1997,107,NA,NA,1564,9565,NA,NA,TRUE,1209,1209,1801,"Caja Cantabria","Caja Cantabria","CAN",1201,618,"Festina Joventut","Festina Jov.","JOV",1,81,12000,6,19,31.58,22,40,55,19,32,59.38,29,14,43,9,10,16,0,1,1,1,31,28,80,0,0,1,0,0,81,88,0,NA,0,0,0,0,0,0,0
1518977,1,"Liga Nacional","Liga Endesa",-402534000,NA,"https://www.acb.com/Documentos/Cabeceras/logo-competicion-1b.png","https://www.acb.com/Documentos/Cabeceras/logo-competicion-4a.png",62,1997,107,NA,NA,1564,9565,NA,NA,FALSE,1201,1209,1801,"Caja Cantabria","Caja Cantabria","CAN",1201,618,"Festina Joventut","Festina Jov.","JOV",1,88,12000,10,23,43.48,17,40,42.5,24,37,64.86,21,14,35,2,7,10,0,1,1,0,28,31,76,0,0,0,1,0,88,81,0,NA,0,0,0,0,0,0,0
1519074,1,"Liga Nacional","Liga Endesa",-402534000,NA,"https://www.acb.com/Documentos/Cabeceras/logo-competicion-1b.png","https://www.acb.com/Documentos/Cabeceras/logo-competicion-4a.png",62,1997,107,NA,NA,1564,9569,NA,NA,FALSE,1202,1194,207,"TAU Cerámica","TAU Cerámica","TAU",1202,1605,"León Caja España","León C. España","LEO",1,82,12000,1,12,8,27,43,62,25,33,75,18,4,22,9,6,12,0,2,2,1,26,25,71,0,0,10,0,0,820,87,0,0,0,0,0,0,0,0,0
1519073,1,"Liga Nacional","Liga Endesa",-402534000,NA,"https://www.acb.com/Documentos/Cabeceras/logo-competicion-1b.png","https://www.acb.com/Documentos/Cabeceras/logo-competicion-4a.png",62,1997,107,NA,NA,1564,9569,NA,NA,TRUE,1194,1194,207,"TAU Cerámica","TAU Cerámica","TAU",1202,1605,"León Caja España","León C. España","LEO",1,87,12000,1,7,14,30,56,53,24,29,82,25,15,40,13,10,16,0,2,2,6,25,26,98,0,0,0,12,0,957,82,0,0,0,0,0,0,0,0,0
1519171,1,"Liga Nacional","Liga Endesa",-402534000,NA,"https://www.acb.com/Documentos/Cabeceras/logo-competicion-1b.png","https://www.acb.com/Documentos/Cabeceras/logo-competicion-4a.png",62,1997,107,NA,NA,1564,9573,NA,NA,FALSE,1203,1198,1463,"Valvi Girona","Valvi Girona","GIR",1203,751,"Real Madrid Teka","Real Madrid","RMB",1,96,12000,2,13,15,32,58,55,26,33,78,23,13,36,9,11,12,0,1,2,1,19,26,102,0,0,12,0,0,1152,99,0,0,0,0,0,0,0,0,0
1519170,1,"Liga Nacional","Liga Endesa",-402534000,NA,"https://www.acb.com/Documentos/Cabeceras/logo-competicion-1b.png","https://www.acb.com/Documentos/Cabeceras/logo-competicion-4a.png",62,1997,107,NA,NA,1564,9573,NA,NA,TRUE,1198,1198,1463,"Valvi Girona","Valvi Girona","GIR",1203,751,"Real Madrid Teka","Real Madrid","RMB",1,99,12000,8,23,34,30,47,63,15,17,88,26,8,34,15,11,15,0,2,1,2,26,19,104,0,0,0,10,0,990,96,0,0,0,0,0,0,0,0,0
1519097,1,"Liga Nacional","Liga Endesa",-402534000,NA,"https://www.acb.com/Documentos/Cabeceras/logo-competicion-1b.png","https://www.acb.com/Documentos/Cabeceras/logo-competicion-4a.png",62,1997,107,NA,NA,1564,9570,NA,NA,TRUE,1197,1197,455,"Adecco Estudiantes","Adecco Estu","EST",1195,1369,"Cáceres CB","Cáceres CB","CAC",1,98,12000,5,17,29,29,62,46,25,35,71,29,24,53,14,12,11,0,1,0,1,23,28,117,0,0,0,11,0,1078,72,0,0,0,0,0,0,0,0,0
1519098,1,"Liga Nacional","Liga Endesa",-402534000,NA,"https://www.acb.com/Documentos/Cabeceras/logo-competicion-1b.png","https://www.acb.com/Documentos/Cabeceras/logo-competicion-4a.png",62,1997,107,NA,NA,1564,9570,NA,NA,FALSE,1195,1197,455,"Adecco Estudiantes","Adecco Estu","EST",1195,1369,"Cáceres CB","Cáceres CB","CAC",1,72,12000,5,19,26.32,19,33,57.58,19,30,63.33,23,6,29,4,4,21,0,0,1,0,28,23,43,0,0,1,0,0,72,98,0,NA,0,0,0,0,0,0,0
1519024,1,"Liga Nacional","Liga Endesa",-402534000,NA,"https://www.acb.com/Documentos/Cabeceras/logo-competicion-1b.png","https://www.acb.com/Documentos/Cabeceras/logo-competicion-4a.png",62,1997,107,NA,NA,1564,9567,NA,NA,TRUE,1193,1193,92,"FC Barcelona Banca Catalana","FC Barcelona","FCB",1210,1845,"Fórum Valladolid","Fórum Vall.","FOR",1,91,12000,7,17,41.18,28,48,58.33,14,21,66.67,28,11,39,15,9,12,0,3,1,4,20,20,107,0,0,0,1,0,91,68,0,NA,0,0,0,0,0,0,0
1519025,1,"Liga Nacional","Liga Endesa",-402534000,NA,"https://www.acb.com/Documentos/Cabeceras/logo-competicion-1b.png","https://www.acb.com/Documentos/Cabeceras/logo-competicion-4a.png",62,1997,107,NA,NA,1564,9567,NA,NA,FALSE,1210,1193,92,"FC Barcelona Banca Catalana","FC Barcelona","FCB",1210,1845,"Fórum Valladolid","Fórum Vall.","FOR",1,68,12000,5,18,27.78,21,45,46.67,11,14,78.57,21,9,30,7,10,13,0,1,3,1,20,20,60,0,0,1,0,0,68,91,0,NA,0,0,0,0,0,0,0
1519048,1,"Liga Nacional","Liga Endesa",-402534000,NA,"https://www.acb.com/Documentos/Cabeceras/logo-competicion-1b.png","https://www.acb.com/Documentos/Cabeceras/logo-competicion-4a.png",62,1997,107,NA,NA,1564,9568,NA,NA,FALSE,1207,1204,863,"TDK Manresa","TDK Manresa","TDK",1207,1046,"Unicaja","Unicaja","UNI",1,71,12000,3,14,21,21,47,44,20,24,83,24,19,43,8,5,17,0,4,8,2,27,22,60,0,0,10,0,0,710,77,0,0,0,0,0,0,0,0,0
1519047,1,"Liga Nacional","Liga Endesa",-402534000,NA,"https://www.acb.com/Documentos/Cabeceras/logo-competicion-1b.png","https://www.acb.com/Documentos/Cabeceras/logo-competicion-4a.png",62,1997,107,NA,NA,1564,9568,NA,NA,TRUE,1204,1204,863,"TDK Manresa","TDK Manresa","TDK",1207,1046,"Unicaja","Unicaja","UNI",1,77,12000,4,10,40,23,43,53.49,19,36,52.78,18,9,27,15,15,10,0,8,4,3,22,27,90,0,0,0,1,0,77,71,0,NA,0,0,0,0,0,0,0
1519223,1,"Liga Nacional","Liga Endesa",-402534000,NA,"https://www.acb.com/Documentos/Cabeceras/logo-competicion-1b.png","https://www.acb.com/Documentos/Cabeceras/logo-competicion-4a.png",62,1997,107,NA,NA,1565,9575,NA,NA,FALSE,1198,1205,1719,"Ourense Xacobeo 99","Ourense Xacobeo","OUR",1198,1463,"Valvi Girona","Valvi Girona","GIR",1,102,12000,11,21,52,26,41,63,17,24,70,24,9,33,14,7,17,0,4,0,2,27,24,108,0,0,0,11,0,1122,81,0,0,0,0,0,0,0,0,0
1519222,1,"Liga Nacional","Liga Endesa",-402534000,NA,"https://www.acb.com/Documentos/Cabeceras/logo-competicion-1b.png","https://www.acb.com/Documentos/Cabeceras/logo-competicion-4a.png",62,1997,107,NA,NA,1565,9575,NA,NA,TRUE,1205,1205,1719,"Ourense Xacobeo 99","Ourense Xacobeo","OUR",1198,1463,"Valvi Girona","Valvi Girona","GIR",1,81,12000,3,12,25,28,61,45.9,16,25,64,19,21,40,7,15,12,0,0,4,2,24,27,79,0,0,1,0,0,81,102,0,NA,0,0,0,0,0,0,0
1519319,1,"Liga Nacional","Liga Endesa",-402534000,NA,"https://www.acb.com/Documentos/Cabeceras/logo-competicion-1b.png","https://www.acb.com/Documentos/Cabeceras/logo-competicion-4a.png",62,1997,107,NA,NA,1565,9579,NA,NA,TRUE,1207,1207,1046,"Unicaja","Unicaja","UNI",1194,207,"TAU Cerámica","TAU Cerámica","TAU",1,80,12000,1,11,9,26,41,63,25,39,64,15,7,22,11,9,11,0,5,1,5,23,27,80,0,0,10,0,0,800,95,0,0,0,0,0,0,0,0,0
1519320,1,"Liga Nacional","Liga Endesa",-402534000,NA,"https://www.acb.com/Documentos/Cabeceras/logo-competicion-1b.png","https://www.acb.com/Documentos/Cabeceras/logo-competicion-4a.png",62,1997,107,NA,NA,1565,9579,NA,NA,FALSE,1194,1207,1046,"Unicaja","Unicaja","UNI",1194,207,"TAU Cerámica","TAU Cerámica","TAU",1,95,12000,5,9,55,27,42,64,26,33,78,23,6,29,13,8,16,0,1,5,4,27,23,95,0,0,0,12,0,1045,80,0,0,0,0,0,0,0,0,0
1519342,1,"Liga Nacional","Liga Endesa",-402534000,NA,"https://www.acb.com/Documentos/Cabeceras/logo-competicion-1b.png","https://www.acb.com/Documentos/Cabeceras/logo-competicion-4a.png",62,1997,107,NA,NA,1565,9580,NA,NA,TRUE,1210,1210,1845,"Fórum Valladolid","Fórum Vall.","FOR",1204,863,"TDK Manresa","TDK Manresa","TDK",1,81,13500,10,21,47,22,46,47,7,15,46,27,6,33,10,5,19,0,2,6,1,31,18,50,0,0,10,0,0,810,85,0,0,0,0,0,0,0,0,0
1519343,1,"Liga Nacional","Liga Endesa",-402534000,NA,"https://www.acb.com/Documentos/Cabeceras/logo-competicion-1b.png","https://www.acb.com/Documentos/Cabeceras/logo-competicion-4a.png",62,1997,107,NA,NA,1565,9580,NA,NA,FALSE,1204,1210,1845,"Fórum Valladolid","Fórum Vall.","FOR",1204,863,"TDK Manresa","TDK Manresa","TDK",1,85,13500,1,10,10,28,47,59.57,26,44,59.09,31,7,38,7,12,14,0,6,2,1,18,31,99,0,0,0,1,0,85,81,0,NA,0,0,0,0,0,0,0
1519293,1,"Liga Nacional","Liga Endesa",-402534000,NA,"https://www.acb.com/Documentos/Cabeceras/logo-competicion-1b.png","https://www.acb.com/Documentos/Cabeceras/logo-competicion-4a.png",62,1997,107,NA,NA,1565,9578,NA,NA,TRUE,1202,1202,1605,"León Caja España","León C. España","LEO",1197,455,"Adecco Estudiantes","Adecco Estu","EST",1,77,12000,5,15,33,23,38,60,16,18,88,19,5,24,12,9,12,0,1,0,0,15,19,88,0,0,0,9,0,693,75,0,0,0,0,0,0,0,0,0
1519294,1,"Liga Nacional","Liga Endesa",-402534000,NA,"https://www.acb.com/Documentos/Cabeceras/logo-competicion-1b.png","https://www.acb.com/Documentos/Cabeceras/logo-competicion-4a.png",62,1997,107,NA,NA,1565,9578,NA,NA,FALSE,1197,1202,1605,"León Caja España","León C. España","LEO",1197,455,"Adecco Estudiantes","Adecco Estu","EST",1,75,12000,5,15,33,25,43,58,10,15,66,20,10,30,8,8,14,0,0,1,1,19,15,69,0,0,10,0,0,750,77,0,0,0,0,0,0,0,0,0
1519247,1,"Liga Nacional","Liga Endesa",-402534000,NA,"https://www.acb.com/Documentos/Cabeceras/logo-competicion-1b.png","https://www.acb.com/Documentos/Cabeceras/logo-competicion-4a.png",62,1997,107,NA,NA,1565,9576,NA,NA,FALSE,1199,1206,950,"Pamesa Valencia","Pamesa Valencia","PAM",1199,2,"Covirán Sierra Nevada","Covirán","GRA",1,62,12000,2,12,16,19,42,45,18,24,75,27,10,37,9,4,12,0,0,5,0,25,22,53,0,0,9,0,0,558,68,0,0,0,0,0,0,0,0,0
1519246,1,"Liga Nacional","Liga Endesa",-402534000,NA,"https://www.acb.com/Documentos/Cabeceras/logo-competicion-1b.png","https://www.acb.com/Documentos/Cabeceras/logo-competicion-4a.png",62,1997,107,NA,NA,1565,9576,NA,NA,TRUE,1206,1206,950,"Pamesa Valencia","Pamesa Valencia","PAM",1199,2,"Covirán Sierra Nevada","Covirán","GRA",1,68,12000,5,20,25,16,39,41,21,25,84,28,10,38,8,8,7,0,5,0,3,22,25,81,0,0,0,11,0,748,62,0,0,0,0,0,0,0,0,0
1519389,1,"Liga Nacional","Liga Endesa",-402534000,NA,"https://www.acb.com/Documentos/Cabeceras/logo-competicion-1b.png","https://www.acb.com/Documentos/Cabeceras/logo-competicion-4a.png",62,1997,107,NA,NA,1565,9582,NA,NA,TRUE,1209,1209,1801,"Caja Cantabria","Caja Cantabria","CAN",1196,330,"Gran Canaria","Gran Canaria","GCA",1,104,12000,7,13,53.85,29,50,58,25,35,71.43,31,11,42,22,6,8,0,4,1,0,24,25,133,0,0,0,1,0,104,84,0,NA,0,0,0,0,0,0,0
1519390,1,"Liga Nacional","Liga Endesa",-402534000,NA,"https://www.acb.com/Documentos/Cabeceras/logo-competicion-1b.png","https://www.acb.com/Documentos/Cabeceras/logo-competicion-4a.png",62,1997,107,NA,NA,1565,9582,NA,NA,FALSE,1196,1209,1801,"Caja Cantabria","Caja Cantabria","CAN",1196,330,"Gran Canaria","Gran Canaria","GCA",1,84,12000,3,15,20,30,63,47.62,15,22,68.18,23,16,39,6,4,7,0,1,4,2,25,24,70,0,0,1,0,0,84,104,0,NA,0,0,0,0,0,0,0
1519196,1,"Liga Nacional","Liga Endesa",-402534000,NA,"https://www.acb.com/Documentos/Cabeceras/logo-competicion-1b.png","https://www.acb.com/Documentos/Cabeceras/logo-competicion-4a.png",62,1997,107,NA,NA,1565,9574,NA,NA,TRUE,1203,1203,751,"Real Madrid Teka","Real Madrid","RMB",1201,618,"Festina Joventut","Festina Jov.","JOV",1,95,12000,7,13,53,29,55,52,16,22,72,29,14,43,15,9,11,0,7,4,0,18,23,121,0,0,0,12,0,1140,75,0,0,0,0,0,0,0,0,0
1519197,1,"Liga Nacional","Liga Endesa",-402534000,NA,"https://www.acb.com/Documentos/Cabeceras/logo-competicion-1b.png","https://www.acb.com/Documentos/Cabeceras/logo-competicion-4a.png",62,1997,107,NA,NA,1565,9574,NA,NA,FALSE,1201,1203,751,"Real Madrid Teka","Real Madrid","RMB",1201,618,"Festina Joventut","Festina Jov.","JOV",1,75,12000,7,19,36.84,21,50,42,12,18,66.67,19,13,32,5,6,10,0,4,7,2,23,18,53,0,0,1,0,0,75,95,0,NA,0,0,0,0,0,0,0
1519270,1,"Liga Nacional","Liga Endesa",-402534000,NA,"https://www.acb.com/Documentos/Cabeceras/logo-competicion-1b.png","https://www.acb.com/Documentos/Cabeceras/logo-competicion-4a.png",62,1997,107,NA,NA,1565,9577,NA,NA,TRUE,1195,1195,1369,"Cáceres CB","Cáceres CB","CAC",1200,1527,"Ciudad de Huelva","Ciudad Huelva","HUE",1,99,12000,13,29,44.83,22,38,57.89,16,18,88.89,17,10,27,15,5,7,0,5,3,0,20,21,108,0,0,0,1,0,99,93,0,NA,0,0,0,0,0,0,0
1519271,1,"Liga Nacional","Liga Endesa",-402534000,NA,"https://www.acb.com/Documentos/Cabeceras/logo-competicion-1b.png","https://www.acb.com/Documentos/Cabeceras/logo-competicion-4a.png",62,1997,107,NA,NA,1565,9577,NA,NA,FALSE,1200,1195,1369,"Cáceres CB","Cáceres CB","CAC",1200,1527,"Ciudad de Huelva","Ciudad Huelva","HUE",1,93,12000,6,9,66.67,29,47,61.7,17,24,70.83,21,5,26,13,5,10,0,3,5,0,21,20,96,0,0,1,0,0,93,99,0,NA,0,0,0,0,0,0,0
1519365,1,"Liga Nacional","Liga Endesa",-402534000,NA,"https://www.acb.com/Documentos/Cabeceras/logo-competicion-1b.png","https://www.acb.com/Documentos/Cabeceras/logo-competicion-4a.png",62,1997,107,NA,NA,1565,9581,NA,NA,TRUE,1208,1208,1121,"Caja San Fernando","C. San Fernando","CSF",1193,92,"FC Barcelona Banca Catalana","FC Barcelona","FCB",1,68,12000,4,15,26,18,40,45,20,34,58,26,11,37,10,7,12,0,2,2,1,23,30,70,0,0,0,10,0,680,62,0,0,0,0,0,0,0,0,0
1519366,1,"Liga Nacional","Liga Endesa",-402534000,NA,"https://www.acb.com/Documentos/Cabeceras/logo-competicion-1b.png","https://www.acb.com/Documentos/Cabeceras/logo-competicion-4a.png",62,1997,107,NA,NA,1565,9581,NA,NA,FALSE,1193,1208,1121,"Caja San Fernando","C. San Fernando","CSF",1193,92,"FC Barcelona Banca Catalana","FC Barcelona","FCB",1,62,12000,4,21,19.05,17,31,54.84,16,20,80,28,6,34,5,9,19,0,2,2,0,30,23,49,0,0,1,0,0,62,68,0,NA,0,0,0,0,0,0,0
1519437,1,"Liga Nacional","Liga Endesa",-402534000,NA,"https://www.acb.com/Documentos/Cabeceras/logo-competicion-1b.png","https://www.acb.com/Documentos/Cabeceras/logo-competicion-4a.png",62,1997,107,NA,NA,1566,9584,NA,NA,TRUE,1193,1193,92,"FC Barcelona Banca Catalana","FC Barcelona","FCB",1209,1801,"Caja Cantabria","Caja Cantabria","CAN",1,99,12000,4,13,30.77,30,57,52.63,27,33,81.82,35,9,44,13,10,9,0,5,5,1,23,26,118,0,0,0,1,0,99,74,0,NA,0,0,0,0,0,0,0
1519438,1,"Liga Nacional","Liga Endesa",-402534000,NA,"https://www.acb.com/Documentos/Cabeceras/logo-competicion-1b.png","https://www.acb.com/Documentos/Cabeceras/logo-competicion-4a.png",62,1997,107,NA,NA,1566,9584,NA,NA,FALSE,1209,1193,92,"FC Barcelona Banca Catalana","FC Barcelona","FCB",1209,1801,"Caja Cantabria","Caja Cantabria","CAN",1,74,12000,6,19,31.58,21,55,38.18,14,25,56,26,15,41,14,6,14,0,5,5,0,26,23,60,0,0,1,0,0,74,99,0,NA,0,0,0,0,0,0,0
1519585,1,"Liga Nacional","Liga Endesa",-402534000,NA,"https://www.acb.com/Documentos/Cabeceras/logo-competicion-1b.png","https://www.acb.com/Documentos/Cabeceras/logo-competicion-4a.png",62,1997,107,NA,NA,1566,9590,NA,NA,FALSE,1206,1198,1463,"Valvi Girona","Valvi Girona","GIR",1206,950,"Pamesa Valencia","Pamesa Valencia","PAM",1,86,12000,5,13,38,26,39,66,19,27,70,20,6,26,6,6,12,0,5,0,5,25,24,87,0,0,0,9,0,774,85,0,0,0,0,0,0,0,0,0
1519584,1,"Liga Nacional","Liga Endesa",-402534000,NA,"https://www.acb.com/Documentos/Cabeceras/logo-competicion-1b.png","https://www.acb.com/Documentos/Cabeceras/logo-competicion-4a.png",62,1997,107,NA,NA,1566,9590,NA,NA,TRUE,1198,1198,1463,"Valvi Girona","Valvi Girona","GIR",1206,950,"Pamesa Valencia","Pamesa Valencia","PAM",1,85,12000,5,12,41,27,51,52,16,21,76,18,12,30,10,12,9,0,0,5,0,24,25,88,0,0,11,0,0,935,86,0,0,0,0,0,0,0,0,0
1519515,1,"Liga Nacional","Liga Endesa",-402534000,NA,"https://www.acb.com/Documentos/Cabeceras/logo-competicion-1b.png","https://www.acb.com/Documentos/Cabeceras/logo-competicion-4a.png",62,1997,107,NA,NA,1566,9587,NA,NA,FALSE,1207,1197,455,"Adecco Estudiantes","Adecco Estu","EST",1207,1046,"Unicaja","Unicaja","UNI",1,84,12000,8,16,50,22,37,59,16,25,64,21,8,29,13,5,17,0,2,3,0,26,24,79,0,0,12,0,0,1008,92,0,0,0,0,0,0,0,0,0
1519514,1,"Liga Nacional","Liga Endesa",-402534000,NA,"https://www.acb.com/Documentos/Cabeceras/logo-competicion-1b.png","https://www.acb.com/Documentos/Cabeceras/logo-competicion-4a.png",62,1997,107,NA,NA,1566,9587,NA,NA,TRUE,1197,1197,455,"Adecco Estudiantes","Adecco Estu","EST",1207,1046,"Unicaja","Unicaja","UNI",1,92,12000,6,13,46,28,54,51,18,27,66,20,16,36,14,14,12,0,3,2,5,24,26,105,0,0,0,9,0,828,84,0,0,0,0,0,0,0,0,0
1519462,1,"Liga Nacional","Liga Endesa",-402534000,NA,"https://www.acb.com/Documentos/Cabeceras/logo-competicion-1b.png","https://www.acb.com/Documentos/Cabeceras/logo-competicion-4a.png",62,1997,107,NA,NA,1566,9585,NA,NA,FALSE,1208,1204,863,"TDK Manresa","TDK Manresa","TDK",1208,1121,"Caja San Fernando","C. San Fernando","CSF",1,55,12000,5,14,35,19,44,43,2,2,100,26,8,34,6,7,20,0,4,9,1,16,14,41,0,0,10,0,0,550,74,0,0,0,0,0,0,0,0,0
1519461,1,"Liga Nacional","Liga Endesa",-402534000,NA,"https://www.acb.com/Documentos/Cabeceras/logo-competicion-1b.png","https://www.acb.com/Documentos/Cabeceras/logo-competicion-4a.png",62,1997,107,NA,NA,1566,9585,NA,NA,TRUE,1204,1204,863,"TDK Manresa","TDK Manresa","TDK",1208,1121,"Caja San Fernando","C. San Fernando","CSF",1,74,12000,5,16,31.25,26,58,44.83,7,11,63.64,26,16,42,13,13,10,0,9,4,0,14,16,92,0,0,0,1,0,74,55,0,NA,0,0,0,0,0,0,0
1519611,1,"Liga Nacional","Liga Endesa",-402534000,NA,"https://www.acb.com/Documentos/Cabeceras/logo-competicion-1b.png","https://www.acb.com/Documentos/Cabeceras/logo-competicion-4a.png",62,1997,107,NA,NA,1566,9591,NA,NA,TRUE,1203,1203,751,"Real Madrid Teka","Real Madrid","RMB",1205,1719,"Ourense Xacobeo 99","Ourense Xacobeo","OUR",1,105,12000,7,13,53,33,55,60,18,24,75,20,15,35,19,13,12,0,3,0,3,18,18,129,0,0,0,13,0,1365,89,0,0,0,0,0,0,0,0,0
1519612,1,"Liga Nacional","Liga Endesa",-402534000,NA,"https://www.acb.com/Documentos/Cabeceras/logo-competicion-1b.png","https://www.acb.com/Documentos/Cabeceras/logo-competicion-4a.png",62,1997,107,NA,NA,1566,9591,NA,NA,FALSE,1205,1203,751,"Real Madrid Teka","Real Madrid","RMB",1205,1719,"Ourense Xacobeo 99","Ourense Xacobeo","OUR",1,89,12000,10,20,50,26,46,56.52,7,15,46.67,16,12,28,12,7,16,0,0,3,3,18,18,79,0,0,1,0,0,89,105,0,NA,0,0,0,0,0,0,0
1519412,1,"Liga Nacional","Liga Endesa",-402534000,NA,"https://www.acb.com/Documentos/Cabeceras/logo-competicion-1b.png","https://www.acb.com/Documentos/Cabeceras/logo-competicion-4a.png",62,1997,107,NA,NA,1566,9583,NA,NA,TRUE,1201,1201,618,"Festina Joventut","Festina Jov.","JOV",1196,330,"Gran Canaria","Gran Canaria","GCA",1,96,12000,7,19,36.84,32,60,53.33,11,20,55,21,16,37,13,8,14,0,3,3,2,31,21,81,0,0,1,0,0,96,104,0,NA,0,0,0,0,0,0,0
1519413,1,"Liga Nacional","Liga Endesa",-402534000,NA,"https://www.acb.com/Documentos/Cabeceras/logo-competicion-1b.png","https://www.acb.com/Documentos/Cabeceras/logo-competicion-4a.png",62,1997,107,NA,NA,1566,9583,NA,NA,FALSE,1196,1201,618,"Festina Joventut","Festina Jov.","JOV",1196,330,"Gran Canaria","Gran Canaria","GCA",1,104,12000,3,13,23.08,30,54,55.56,35,41,85.37,27,14,41,12,13,14,0,3,3,3,21,31,126,0,0,0,1,0,104,96,0,NA,0,0,0,0,0,0,0
1519489,1,"Liga Nacional","Liga Endesa",-402534000,NA,"https://www.acb.com/Documentos/Cabeceras/logo-competicion-1b.png","https://www.acb.com/Documentos/Cabeceras/logo-competicion-4a.png",62,1997,107,NA,NA,1566,9586,NA,NA,TRUE,1194,1194,207,"TAU Cerámica","TAU Cerámica","TAU",1210,1845,"Fórum Valladolid","Fórum Vall.","FOR",1,83,12000,6,11,54,27,45,60,11,22,50,22,10,32,15,13,16,0,0,3,7,18,20,92,0,0,0,14,0,1079,67,0,0,0,0,0,0,0,0,0
1519490,1,"Liga Nacional","Liga Endesa",-402534000,NA,"https://www.acb.com/Documentos/Cabeceras/logo-competicion-1b.png","https://www.acb.com/Documentos/Cabeceras/logo-competicion-4a.png",62,1997,107,NA,NA,1566,9586,NA,NA,FALSE,1210,1194,207,"TAU Cerámica","TAU Cerámica","TAU",1210,1845,"Fórum Valladolid","Fórum Vall.","FOR",1,67,12000,4,12,33,23,43,53,9,15,60,17,10,27,10,7,18,0,3,0,0,20,18,60,0,0,10,0,0,670,83,0,0,0,0,0,0,0,0,0
1519538,1,"Liga Nacional","Liga Endesa",-402534000,NA,"https://www.acb.com/Documentos/Cabeceras/logo-competicion-1b.png","https://www.acb.com/Documentos/Cabeceras/logo-competicion-4a.png",62,1997,107,NA,NA,1566,9588,NA,NA,FALSE,1202,1200,1527,"Ciudad de Huelva","Ciudad Huelva","HUE",1202,1605,"León Caja España","León C. España","LEO",1,68,12000,4,15,26,24,52,46,8,8,100,21,13,34,8,13,12,0,4,4,1,22,14,64,0,0,10,0,0,680,75,0,0,0,0,0,0,0,0,0
1519537,1,"Liga Nacional","Liga Endesa",-402534000,NA,"https://www.acb.com/Documentos/Cabeceras/logo-competicion-1b.png","https://www.acb.com/Documentos/Cabeceras/logo-competicion-4a.png",62,1997,107,NA,NA,1566,9588,NA,NA,TRUE,1200,1200,1527,"Ciudad de Huelva","Ciudad Huelva","HUE",1202,1605,"León Caja España","León C. España","LEO",1,75,12000,7,12,58.33,19,36,52.78,16,24,66.67,25,5,30,14,8,13,0,4,4,1,14,22,92,0,0,0,1,0,75,68,0,NA,0,0,0,0,0,0,0
1519561,1,"Liga Nacional","Liga Endesa",-402534000,NA,"https://www.acb.com/Documentos/Cabeceras/logo-competicion-1b.png","https://www.acb.com/Documentos/Cabeceras/logo-competicion-4a.png",62,1997,107,NA,NA,1566,9589,NA,NA,FALSE,1195,1199,2,"Covirán Sierra Nevada","Covirán","GRA",1195,1369,"Cáceres CB","Cáceres CB","CAC",1,91,12000,6,16,37,28,42,66,17,20,85,20,6,26,13,10,6,0,3,1,3,20,21,110,0,0,0,11,0,910,79,0,0,0,0,0,0,0,0,0
1519560,1,"Liga Nacional","Liga Endesa",-402534000,NA,"https://www.acb.com/Documentos/Cabeceras/logo-competicion-1b.png","https://www.acb.com/Documentos/Cabeceras/logo-competicion-4a.png",62,1997,107,NA,NA,1566,9589,NA,NA,TRUE,1199,1199,2,"Covirán Sierra Nevada","Covirán","GRA",1195,1369,"Cáceres CB","Cáceres CB","CAC",1,79,12000,5,16,31,25,48,52,14,22,63,21,15,36,9,6,11,0,1,3,0,21,20,74,0,0,9,0,0,711,91,0,0,0,0,0,0,0,0,0
1519828,1,"Liga Nacional","Liga Endesa",-402534000,NA,"https://www.acb.com/Documentos/Cabeceras/logo-competicion-1b.png","https://www.acb.com/Documentos/Cabeceras/logo-competicion-4a.png",62,1997,107,NA,NA,1567,9600,NA,NA,FALSE,1193,1196,330,"Gran Canaria","Gran Canaria","GCA",1193,92,"FC Barcelona Banca Catalana","FC Barcelona","FCB",1,97,12000,6,14,42.86,30,49,61.22,19,28,67.86,23,7,30,9,6,6,0,3,3,1,25,21,96,0,0,0,1,0,97,92,0,NA,0,0,0,0,0,0,0
1519827,1,"Liga Nacional","Liga Endesa",-402534000,NA,"https://www.acb.com/Documentos/Cabeceras/logo-competicion-1b.png","https://www.acb.com/Documentos/Cabeceras/logo-competicion-4a.png",62,1997,107,NA,NA,1567,9600,NA,NA,TRUE,1196,1196,330,"Gran Canaria","Gran Canaria","GCA",1193,92,"FC Barcelona Banca Catalana","FC Barcelona","FCB",1,92,12000,5,20,25,30,49,61.22,17,27,62.96,23,14,37,12,6,8,0,3,3,0,21,25,99,0,0,1,0,0,92,97,0,NA,0,0,0,0,0,0,0
1519634,1,"Liga Nacional","Liga Endesa",-402534000,NA,"https://www.acb.com/Documentos/Cabeceras/logo-competicion-1b.png","https://www.acb.com/Documentos/Cabeceras/logo-competicion-4a.png",62,1997,107,NA,NA,1567,9592,NA,NA,TRUE,1201,1201,618,"Festina Joventut","Festina Jov.","JOV",1205,1719,"Ourense Xacobeo 99","Ourense Xacobeo","OUR",1,84,12000,8,15,53.33,24,51,47.06,12,21,57.14,27,14,41,11,7,13,0,6,3,0,20,21,91,0,0,0,1,0,84,76,0,NA,0,0,0,0,0,0,0
1519635,1,"Liga Nacional","Liga Endesa",-402534000,NA,"https://www.acb.com/Documentos/Cabeceras/logo-competicion-1b.png","https://www.acb.com/Documentos/Cabeceras/logo-competicion-4a.png",62,1997,107,NA,NA,1567,9592,NA,NA,FALSE,1205,1201,618,"Festina Joventut","Festina Jov.","JOV",1205,1719,"Ourense Xacobeo 99","Ourense Xacobeo","OUR",1,76,12000,6,15,40,22,57,38.6,14,23,60.87,25,20,45,7,8,9,0,3,6,3,21,20,70,0,0,1,0,0,76,84,0,NA,0,0,0,0,0,0,0
1519704,1,"Liga Nacional","Liga Endesa",-402534000,NA,"https://www.acb.com/Documentos/Cabeceras/logo-competicion-1b.png","https://www.acb.com/Documentos/Cabeceras/logo-competicion-4a.png",62,1997,107,NA,NA,1567,9595,NA,NA,FALSE,1199,1202,1605,"León Caja España","León C. España","LEO",1199,2,"Covirán Sierra Nevada","Covirán","GRA",1,70,12000,4,17,23,25,40,62,8,14,57,25,7,32,6,7,12,0,2,3,0,22,18,64,0,0,9,0,0,630,75,0,0,0,0,0,0,0,0,0
1519703,1,"Liga Nacional","Liga Endesa",-402534000,NA,"https://www.acb.com/Documentos/Cabeceras/logo-competicion-1b.png","https://www.acb.com/Documentos/Cabeceras/logo-competicion-4a.png",62,1997,107,NA,NA,1567,9595,NA,NA,TRUE,1202,1202,1605,"León Caja España","León C. España","LEO",1199,2,"Covirán Sierra Nevada","Covirán","GRA",1,75,12000,4,12,33,25,45,55,13,19,68,21,10,31,7,7,11,0,3,2,2,18,22,80,0,0,0,10,0,750,70,0,0,0,0,0,0,0,0,0
1519757,1,"Liga Nacional","Liga Endesa",-402534000,NA,"https://www.acb.com/Documentos/Cabeceras/logo-competicion-1b.png","https://www.acb.com/Documentos/Cabeceras/logo-competicion-4a.png",62,1997,107,NA,NA,1567,9597,NA,NA,FALSE,1197,1210,1845,"Fórum Valladolid","Fórum Vall.","FOR",1197,455,"Adecco Estudiantes","Adecco Estu","EST",1,94,12000,5,15,33,25,44,56,29,40,72,28,15,43,9,9,16,0,1,1,2,20,28,107,0,0,0,12,0,1128,68,0,0,0,0,0,0,0,0,0
1519756,1,"Liga Nacional","Liga Endesa",-402534000,NA,"https://www.acb.com/Documentos/Cabeceras/logo-competicion-1b.png","https://www.acb.com/Documentos/Cabeceras/logo-competicion-4a.png",62,1997,107,NA,NA,1567,9597,NA,NA,TRUE,1210,1210,1845,"Fórum Valladolid","Fórum Vall.","FOR",1197,455,"Adecco Estudiantes","Adecco Estu","EST",1,68,12000,5,13,38,19,51,37,15,25,60,17,14,31,6,11,14,0,1,1,0,28,20,44,0,0,12,0,0,816,94,0,0,0,0,0,0,0,0,0
1519727,1,"Liga Nacional","Liga Endesa",-402534000,NA,"https://www.acb.com/Documentos/Cabeceras/logo-competicion-1b.png","https://www.acb.com/Documentos/Cabeceras/logo-competicion-4a.png",62,1997,107,NA,NA,1567,9596,NA,NA,TRUE,1207,1207,1046,"Unicaja","Unicaja","UNI",1200,1527,"Ciudad de Huelva","Ciudad Huelva","HUE",1,90,12000,10,22,45.45,27,42,64.29,6,11,54.55,21,9,30,16,12,9,0,2,0,6,19,13,103,0,0,0,1,0,90,62,0,NA,0,0,0,0,0,0,0
1519728,1,"Liga Nacional","Liga Endesa",-402534000,NA,"https://www.acb.com/Documentos/Cabeceras/logo-competicion-1b.png","https://www.acb.com/Documentos/Cabeceras/logo-competicion-4a.png",62,1997,107,NA,NA,1567,9596,NA,NA,FALSE,1200,1207,1046,"Unicaja","Unicaja","UNI",1200,1527,"Ciudad de Huelva","Ciudad Huelva","HUE",1,62,12000,1,10,10,26,40,65,7,19,36.84,21,8,29,6,5,20,0,0,2,4,13,19,51,0,0,1,0,0,62,90,0,NA,0,0,0,0,0,0,0
1519659,1,"Liga Nacional","Liga Endesa",-402534000,NA,"https://www.acb.com/Documentos/Cabeceras/logo-competicion-1b.png","https://www.acb.com/Documentos/Cabeceras/logo-competicion-4a.png",62,1997,107,NA,NA,1567,9593,NA,NA,TRUE,1206,1206,950,"Pamesa Valencia","Pamesa Valencia","PAM",1203,751,"Real Madrid Teka","Real Madrid","RMB",1,85,12000,8,18,44,20,38,52,21,27,77,12,8,20,10,5,8,0,1,3,2,24,21,73,0,0,11,0,0,935,96,0,0,0,0,0,0,0,0,0
1519660,1,"Liga Nacional","Liga Endesa",-402534000,NA,"https://www.acb.com/Documentos/Cabeceras/logo-competicion-1b.png","https://www.acb.com/Documentos/Cabeceras/logo-competicion-4a.png",62,1997,107,NA,NA,1567,9593,NA,NA,FALSE,1203,1206,950,"Pamesa Valencia","Pamesa Valencia","PAM",1203,751,"Real Madrid Teka","Real Madrid","RMB",1,96,12000,6,14,42,30,40,75,18,25,72,23,4,27,8,5,10,0,4,1,2,21,24,107,0,0,0,9,0,864,85,0,0,0,0,0,0,0,0,0
1519805,1,"Liga Nacional","Liga Endesa",-402534000,NA,"https://www.acb.com/Documentos/Cabeceras/logo-competicion-1b.png","https://www.acb.com/Documentos/Cabeceras/logo-competicion-4a.png",62,1997,107,NA,NA,1567,9599,NA,NA,TRUE,1209,1209,1801,"Caja Cantabria","Caja Cantabria","CAN",1204,863,"TDK Manresa","TDK Manresa","TDK",1,72,12000,7,16,43.75,23,45,51.11,5,6,83.33,21,9,30,12,8,19,0,1,4,3,20,16,64,0,0,1,0,0,72,77,0,NA,0,0,0,0,0,0,0
1519806,1,"Liga Nacional","Liga Endesa",-402534000,NA,"https://www.acb.com/Documentos/Cabeceras/logo-competicion-1b.png","https://www.acb.com/Documentos/Cabeceras/logo-competicion-4a.png",62,1997,107,NA,NA,1567,9599,NA,NA,FALSE,1204,1209,1801,"Caja Cantabria","Caja Cantabria","CAN",1204,863,"TDK Manresa","TDK Manresa","TDK",1,77,12000,4,10,40,24,48,50,17,25,68,21,11,32,7,16,17,0,4,1,3,16,20,84,0,0,0,1,0,77,72,0,NA,0,0,0,0,0,0,0
1519681,1,"Liga Nacional","Liga Endesa",-402534000,NA,"https://www.acb.com/Documentos/Cabeceras/logo-competicion-1b.png","https://www.acb.com/Documentos/Cabeceras/logo-competicion-4a.png",62,1997,107,NA,NA,1567,9594,NA,NA,FALSE,1198,1195,1369,"Cáceres CB","Cáceres CB","CAC",1198,1463,"Valvi Girona","Valvi Girona","GIR",1,84,12000,5,16,31,25,39,64,19,30,63,21,5,26,15,11,11,0,0,4,2,17,20,88,0,0,9,0,0,756,85,0,0,0,0,0,0,0,0,0
1519680,1,"Liga Nacional","Liga Endesa",-402534000,NA,"https://www.acb.com/Documentos/Cabeceras/logo-competicion-1b.png","https://www.acb.com/Documentos/Cabeceras/logo-competicion-4a.png",62,1997,107,NA,NA,1567,9594,NA,NA,TRUE,1195,1195,1369,"Cáceres CB","Cáceres CB","CAC",1198,1463,"Valvi Girona","Valvi Girona","GIR",1,85,12000,6,19,31.58,28,48,58.33,11,14,78.57,23,14,37,11,4,13,0,4,0,3,20,17,89,0,0,0,1,0,85,84,0,NA,0,0,0,0,0,0,0
1519783,1,"Liga Nacional","Liga Endesa",-402534000,NA,"https://www.acb.com/Documentos/Cabeceras/logo-competicion-1b.png","https://www.acb.com/Documentos/Cabeceras/logo-competicion-4a.png",62,1997,107,NA,NA,1567,9598,NA,NA,FALSE,1194,1208,1121,"Caja San Fernando","C. San Fernando","CSF",1194,207,"TAU Cerámica","TAU Cerámica","TAU",1,83,12000,4,13,30,30,61,49,11,19,57,23,17,40,12,5,10,0,2,6,4,25,20,73,0,0,12,0,0,913,89,0,0,0,0,0,0,0,0,0
1519782,1,"Liga Nacional","Liga Endesa",-402534000,NA,"https://www.acb.com/Documentos/Cabeceras/logo-competicion-1b.png","https://www.acb.com/Documentos/Cabeceras/logo-competicion-4a.png",62,1997,107,NA,NA,1567,9598,NA,NA,TRUE,1208,1208,1121,"Caja San Fernando","C. San Fernando","CSF",1194,207,"TAU Cerámica","TAU Cerámica","TAU",1,89,12000,3,7,42,30,54,55,20,32,62,28,11,39,11,8,10,0,6,2,5,20,25,106,0,0,0,10,0,890,83,0,0,0,0,0,0,0,0,0
1519995,1,"Liga Nacional","Liga Endesa",-402534000,NA,"https://www.acb.com/Documentos/Cabeceras/logo-competicion-1b.png","https://www.acb.com/Documentos/Cabeceras/logo-competicion-4a.png",62,1997,107,NA,NA,1568,9607,NA,NA,FALSE,1202,1198,1463,"Valvi Girona","Valvi Girona","GIR",1202,1605,"León Caja España","León C. España","LEO",1,93,12000,11,16,68,22,38,57,16,20,80,20,7,27,10,7,17,0,3,3,1,22,22,95,0,0,0,10,0,930,90,0,0,0,0,0,0,0,0,0
1519994,1,"Liga Nacional","Liga Endesa",-402534000,NA,"https://www.acb.com/Documentos/Cabeceras/logo-competicion-1b.png","https://www.acb.com/Documentos/Cabeceras/logo-competicion-4a.png",62,1997,107,NA,NA,1568,9607,NA,NA,TRUE,1198,1198,1463,"Valvi Girona","Valvi Girona","GIR",1202,1605,"León Caja España","León C. España","LEO",1,90,12000,4,11,36,32,56,57,14,20,70,17,14,31,15,16,13,0,3,3,3,22,22,102,0,0,10,0,0,900,93,0,0,0,0,0,0,0,0,0
1519871,1,"Liga Nacional","Liga Endesa",-402534000,NA,"https://www.acb.com/Documentos/Cabeceras/logo-competicion-1b.png","https://www.acb.com/Documentos/Cabeceras/logo-competicion-4a.png",62,1997,107,NA,NA,1568,9602,NA,NA,TRUE,1204,1204,863,"TDK Manresa","TDK Manresa","TDK",1196,330,"Gran Canaria","Gran Canaria","GCA",1,86,12000,4,10,40,27,52,51.92,20,26,76.92,25,10,35,15,17,18,0,7,2,3,21,26,108,0,0,0,1,0,86,73,0,NA,0,0,0,0,0,0,0
1519872,1,"Liga Nacional","Liga Endesa",-402534000,NA,"https://www.acb.com/Documentos/Cabeceras/logo-competicion-1b.png","https://www.acb.com/Documentos/Cabeceras/logo-competicion-4a.png",62,1997,107,NA,NA,1568,9602,NA,NA,FALSE,1196,1204,863,"TDK Manresa","TDK Manresa","TDK",1196,330,"Gran Canaria","Gran Canaria","GCA",1,73,12000,4,14,28.57,24,49,48.98,13,16,81.25,23,11,34,6,15,22,0,2,7,0,26,21,58,0,0,1,0,0,73,86,0,NA,0,0,0,0,0,0,0
1519849,1,"Liga Nacional","Liga Endesa",-402534000,NA,"https://www.acb.com/Documentos/Cabeceras/logo-competicion-1b.png","https://www.acb.com/Documentos/Cabeceras/logo-competicion-4a.png",62,1997,107,NA,NA,1568,9601,NA,NA,TRUE,1193,1193,92,"FC Barcelona Banca Catalana","FC Barcelona","FCB",1201,618,"Festina Joventut","Festina Jov.","JOV",1,93,12000,5,9,55,26,48,54,26,34,76,22,8,30,9,13,12,0,3,1,3,20,23,104,0,0,0,9,0,837,92,0,0,0,0,0,0,0,0,0
1519850,1,"Liga Nacional","Liga Endesa",-402534000,NA,"https://www.acb.com/Documentos/Cabeceras/logo-competicion-1b.png","https://www.acb.com/Documentos/Cabeceras/logo-competicion-4a.png",62,1997,107,NA,NA,1568,9601,NA,NA,FALSE,1201,1193,92,"FC Barcelona Banca Catalana","FC Barcelona","FCB",1201,618,"Festina Joventut","Festina Jov.","JOV",1,92,12000,10,20,50,26,47,55.32,10,14,71.43,21,12,33,10,8,17,0,1,3,3,23,20,86,0,0,1,0,0,92,93,0,NA,0,0,0,0,0,0,0
1520023,1,"Liga Nacional","Liga Endesa",-402534000,NA,"https://www.acb.com/Documentos/Cabeceras/logo-competicion-1b.png","https://www.acb.com/Documentos/Cabeceras/logo-competicion-4a.png",62,1997,107,NA,NA,1568,9608,NA,NA,TRUE,1203,1203,751,"Real Madrid Teka","Real Madrid","RMB",1195,1369,"Cáceres CB","Cáceres CB","CAC",1,92,12000,3,7,42,28,49,57,27,32,84,28,9,37,17,9,11,0,6,2,3,21,25,122,0,0,0,13,0,1196,59,0,0,0,0,0,0,0,0,0
1520024,1,"Liga Nacional","Liga Endesa",-402534000,NA,"https://www.acb.com/Documentos/Cabeceras/logo-competicion-1b.png","https://www.acb.com/Documentos/Cabeceras/logo-competicion-4a.png",62,1997,107,NA,NA,1568,9608,NA,NA,FALSE,1195,1203,751,"Real Madrid Teka","Real Madrid","RMB",1195,1369,"Cáceres CB","Cáceres CB","CAC",1,59,12000,4,21,19.05,15,41,36.59,17,18,94.44,16,14,30,3,4,15,0,2,6,1,25,21,29,0,0,1,0,0,59,92,0,NA,0,0,0,0,0,0,0
1519894,1,"Liga Nacional","Liga Endesa",-402534000,NA,"https://www.acb.com/Documentos/Cabeceras/logo-competicion-1b.png","https://www.acb.com/Documentos/Cabeceras/logo-competicion-4a.png",62,1997,107,NA,NA,1568,9603,NA,NA,TRUE,1194,1194,207,"TAU Cerámica","TAU Cerámica","TAU",1209,1801,"Caja Cantabria","Caja Cantabria","CAN",1,115,15000,9,16,56,35,53,66,18,22,81,23,6,29,19,11,17,0,5,1,1,31,23,124,0,0,0,11,0,1150,113,0,0,0,0,0,0,0,0,0
1519895,1,"Liga Nacional","Liga Endesa",-402534000,NA,"https://www.acb.com/Documentos/Cabeceras/logo-competicion-1b.png","https://www.acb.com/Documentos/Cabeceras/logo-competicion-4a.png",62,1997,107,NA,NA,1568,9603,NA,NA,FALSE,1209,1194,207,"TAU Cerámica","TAU Cerámica","TAU",1209,1801,"Caja Cantabria","Caja Cantabria","CAN",1,113,15000,7,13,53.85,30,63,47.62,32,38,84.21,19,16,35,9,15,15,0,1,5,1,23,31,116,0,0,1,0,0,113,115,0,NA,0,0,0,0,0,0,0
1519970,1,"Liga Nacional","Liga Endesa",-402534000,NA,"https://www.acb.com/Documentos/Cabeceras/logo-competicion-1b.png","https://www.acb.com/Documentos/Cabeceras/logo-competicion-4a.png",62,1997,107,NA,NA,1568,9606,NA,NA,TRUE,1207,1207,1046,"Unicaja","Unicaja","UNI",1199,2,"Covirán Sierra Nevada","Covirán","GRA",1,73,12000,4,19,21,24,43,55,13,16,81,17,15,32,5,7,11,0,1,1,3,20,19,68,0,0,0,11,0,803,72,0,0,0,0,0,0,0,0,0
1519971,1,"Liga Nacional","Liga Endesa",-402534000,NA,"https://www.acb.com/Documentos/Cabeceras/logo-competicion-1b.png","https://www.acb.com/Documentos/Cabeceras/logo-competicion-4a.png",62,1997,107,NA,NA,1568,9606,NA,NA,FALSE,1199,1207,1046,"Unicaja","Unicaja","UNI",1199,2,"Covirán Sierra Nevada","Covirán","GRA",1,72,12000,2,7,28,27,47,57,12,17,70,19,9,28,7,6,12,0,1,1,0,19,20,72,0,0,9,0,0,648,73,0,0,0,0,0,0,0,0,0
1519947,1,"Liga Nacional","Liga Endesa",-402534000,NA,"https://www.acb.com/Documentos/Cabeceras/logo-competicion-1b.png","https://www.acb.com/Documentos/Cabeceras/logo-competicion-4a.png",62,1997,107,NA,NA,1568,9605,NA,NA,FALSE,1210,1200,1527,"Ciudad de Huelva","Ciudad Huelva","HUE",1210,1845,"Fórum Valladolid","Fórum Vall.","FOR",1,88,12000,3,8,37,30,47,63,19,21,90,17,6,23,7,17,17,0,2,1,0,22,24,97,0,0,0,10,0,880,81,0,0,0,0,0,0,0,0,0
1519946,1,"Liga Nacional","Liga Endesa",-402534000,NA,"https://www.acb.com/Documentos/Cabeceras/logo-competicion-1b.png","https://www.acb.com/Documentos/Cabeceras/logo-competicion-4a.png",62,1997,107,NA,NA,1568,9605,NA,NA,TRUE,1200,1200,1527,"Ciudad de Huelva","Ciudad Huelva","HUE",1210,1845,"Fórum Valladolid","Fórum Vall.","FOR",1,81,12000,4,14,28.57,28,39,71.79,13,19,68.42,17,5,22,8,15,19,0,1,2,2,24,21,76,0,0,1,0,0,81,88,0,NA,0,0,0,0,0,0,0
1520048,1,"Liga Nacional","Liga Endesa",-402534000,NA,"https://www.acb.com/Documentos/Cabeceras/logo-competicion-1b.png","https://www.acb.com/Documentos/Cabeceras/logo-competicion-4a.png",62,1997,107,NA,NA,1568,9609,NA,NA,FALSE,1206,1205,1719,"Ourense Xacobeo 99","Ourense Xacobeo","OUR",1206,950,"Pamesa Valencia","Pamesa Valencia","PAM",1,89,12000,6,18,33,27,36,75,17,26,65,20,8,28,11,11,16,0,3,0,7,20,23,99,0,0,0,9,0,801,80,0,0,0,0,0,0,0,0,0
1520047,1,"Liga Nacional","Liga Endesa",-402534000,NA,"https://www.acb.com/Documentos/Cabeceras/logo-competicion-1b.png","https://www.acb.com/Documentos/Cabeceras/logo-competicion-4a.png",62,1997,107,NA,NA,1568,9609,NA,NA,TRUE,1205,1205,1719,"Ourense Xacobeo 99","Ourense Xacobeo","OUR",1206,950,"Pamesa Valencia","Pamesa Valencia","PAM",1,80,12000,8,17,47.06,22,47,46.81,12,19,63.16,17,16,33,8,8,16,0,0,3,1,23,20,66,0,0,1,0,0,80,89,0,NA,0,0,0,0,0,0,0
1519921,1,"Liga Nacional","Liga Endesa",-402534000,NA,"https://www.acb.com/Documentos/Cabeceras/logo-competicion-1b.png","https://www.acb.com/Documentos/Cabeceras/logo-competicion-4a.png",62,1997,107,NA,NA,1568,9604,NA,NA,TRUE,1197,1197,455,"Adecco Estudiantes","Adecco Estu","EST",1208,1121,"Caja San Fernando","C. San Fernando","CSF",1,69,12000,5,14,35,19,48,39,16,29,55,21,14,35,11,13,16,0,2,3,1,21,26,65,0,0,0,11,0,759,63,0,0,0,0,0,0,0,0,0
1519922,1,"Liga Nacional","Liga Endesa",-402534000,NA,"https://www.acb.com/Documentos/Cabeceras/logo-competicion-1b.png","https://www.acb.com/Documentos/Cabeceras/logo-competicion-4a.png",62,1997,107,NA,NA,1568,9604,NA,NA,FALSE,1208,1197,455,"Adecco Estudiantes","Adecco Estu","EST",1208,1121,"Caja San Fernando","C. San Fernando","CSF",1,63,12000,6,15,40,17,33,51,11,18,61,30,9,39,11,7,28,0,3,2,1,26,21,56,0,0,11,0,0,693,69,0,0,0,0,0,0,0,0,0
1520069,1,"Liga Nacional","Liga Endesa",-402534000,NA,"https://www.acb.com/Documentos/Cabeceras/logo-competicion-1b.png","https://www.acb.com/Documentos/Cabeceras/logo-competicion-4a.png",62,1997,107,NA,NA,1569,9610,NA,NA,TRUE,1201,1201,618,"Festina Joventut","Festina Jov.","JOV",1204,863,"TDK Manresa","TDK Manresa","TDK",1,95,12000,13,22,59.09,22,46,47.83,12,17,70.59,19,20,39,17,10,16,0,3,0,5,22,17,105,0,0,0,1,0,95,84,0,NA,0,0,0,0,0,0,0
1520070,1,"Liga Nacional","Liga Endesa",-402534000,NA,"https://www.acb.com/Documentos/Cabeceras/logo-competicion-1b.png","https://www.acb.com/Documentos/Cabeceras/logo-competicion-4a.png",62,1997,107,NA,NA,1569,9610,NA,NA,FALSE,1204,1201,618,"Festina Joventut","Festina Jov.","JOV",1204,863,"TDK Manresa","TDK Manresa","TDK",1,84,12000,6,19,31.58,22,45,48.89,22,26,84.62,17,17,34,14,13,15,0,0,3,3,17,22,92,0,0,1,0,0,84,95,0,NA,0,0,0,0,0,0,0
1520094,1,"Liga Nacional","Liga Endesa",-402534000,NA,"https://www.acb.com/Documentos/Cabeceras/logo-competicion-1b.png","https://www.acb.com/Documentos/Cabeceras/logo-competicion-4a.png",62,1997,107,NA,NA,1569,9611,NA,NA,TRUE,1194,1194,207,"TAU Cerámica","TAU Cerámica","TAU",1193,92,"FC Barcelona Banca Catalana","FC Barcelona","FCB",1,87,12000,10,19,52,17,35,48,23,28,82,18,10,28,7,8,18,0,1,4,2,30,24,71,0,0,0,12,0,957,82,0,0,0,0,0,0,0,0,0
1520095,1,"Liga Nacional","Liga Endesa",-402534000,NA,"https://www.acb.com/Documentos/Cabeceras/logo-competicion-1b.png","https://www.acb.com/Documentos/Cabeceras/logo-competicion-4a.png",62,1997,107,NA,NA,1569,9611,NA,NA,FALSE,1193,1194,207,"TAU Cerámica","TAU Cerámica","TAU",1193,92,"FC Barcelona Banca Catalana","FC Barcelona","FCB",1,82,12000,4,7,57.14,20,41,48.78,30,39,76.92,16,10,26,7,10,17,0,4,1,1,24,30,84,0,0,1,0,0,82,87,0,NA,0,0,0,0,0,0,0
1520217,1,"Liga Nacional","Liga Endesa",-402534000,NA,"https://www.acb.com/Documentos/Cabeceras/logo-competicion-1b.png","https://www.acb.com/Documentos/Cabeceras/logo-competicion-4a.png",62,1997,107,NA,NA,1569,9616,NA,NA,TRUE,1203,1203,751,"Real Madrid Teka","Real Madrid","RMB",1207,1046,"Unicaja","Unicaja","UNI",1,78,12000,2,3,66,27,43,62,18,23,78,17,7,24,9,11,14,0,2,2,4,18,24,92,0,0,0,11,0,858,59,0,0,0,0,0,0,0,0,0
1520218,1,"Liga Nacional","Liga Endesa",-402534000,NA,"https://www.acb.com/Documentos/Cabeceras/logo-competicion-1b.png","https://www.acb.com/Documentos/Cabeceras/logo-competicion-4a.png",62,1997,107,NA,NA,1569,9616,NA,NA,FALSE,1207,1203,751,"Real Madrid Teka","Real Madrid","RMB",1207,1046,"Unicaja","Unicaja","UNI",1,59,12000,3,7,42,22,51,43,6,9,66,11,16,27,3,13,19,0,2,2,3,24,18,41,0,0,9,0,0,531,78,0,0,0,0,0,0,0,0,0
1520193,1,"Liga Nacional","Liga Endesa",-402534000,NA,"https://www.acb.com/Documentos/Cabeceras/logo-competicion-1b.png","https://www.acb.com/Documentos/Cabeceras/logo-competicion-4a.png",62,1997,107,NA,NA,1569,9615,NA,NA,TRUE,1210,1210,1845,"Fórum Valladolid","Fórum Vall.","FOR",1198,1463,"Valvi Girona","Valvi Girona","GIR",1,103,12000,7,20,35,24,48,50,34,41,82,20,17,37,9,8,9,0,3,5,0,26,31,107,0,0,0,10,0,1030,92,0,0,0,0,0,0,0,0,0
1520194,1,"Liga Nacional","Liga Endesa",-402534000,NA,"https://www.acb.com/Documentos/Cabeceras/logo-competicion-1b.png","https://www.acb.com/Documentos/Cabeceras/logo-competicion-4a.png",62,1997,107,NA,NA,1569,9615,NA,NA,FALSE,1198,1210,1845,"Fórum Valladolid","Fórum Vall.","FOR",1198,1463,"Valvi Girona","Valvi Girona","GIR",1,92,12000,4,12,33,26,45,57,28,34,82,21,7,28,8,8,14,0,5,3,0,31,26,86,0,0,10,0,0,920,103,0,0,0,0,0,0,0,0,0
1520143,1,"Liga Nacional","Liga Endesa",-402534000,NA,"https://www.acb.com/Documentos/Cabeceras/logo-competicion-1b.png","https://www.acb.com/Documentos/Cabeceras/logo-competicion-4a.png",62,1997,107,NA,NA,1569,9613,NA,NA,FALSE,1209,1200,1527,"Ciudad de Huelva","Ciudad Huelva","HUE",1209,1801,"Caja Cantabria","Caja Cantabria","CAN",1,74,12000,4,11,36.36,23,39,58.97,16,23,69.57,22,7,29,8,5,11,0,2,1,0,17,23,82,0,0,0,1,0,74,72,0,NA,0,0,0,0,0,0,0
1520142,1,"Liga Nacional","Liga Endesa",-402534000,NA,"https://www.acb.com/Documentos/Cabeceras/logo-competicion-1b.png","https://www.acb.com/Documentos/Cabeceras/logo-competicion-4a.png",62,1997,107,NA,NA,1569,9613,NA,NA,TRUE,1200,1200,1527,"Ciudad de Huelva","Ciudad Huelva","HUE",1209,1801,"Caja Cantabria","Caja Cantabria","CAN",1,72,12000,3,13,23.08,27,48,56.25,9,13,69.23,19,8,27,9,12,5,0,1,2,0,23,17,73,0,0,1,0,0,72,74,0,NA,0,0,0,0,0,0,0
1520169,1,"Liga Nacional","Liga Endesa",-402534000,NA,"https://www.acb.com/Documentos/Cabeceras/logo-competicion-1b.png","https://www.acb.com/Documentos/Cabeceras/logo-competicion-4a.png",62,1997,107,NA,NA,1569,9614,NA,NA,FALSE,1208,1199,2,"Covirán Sierra Nevada","Covirán","GRA",1208,1121,"Caja San Fernando","C. San Fernando","CSF",1,83,12000,6,15,40,20,35,57,25,34,73,28,8,36,8,9,16,0,2,3,1,23,26,89,0,0,0,12,0,996,68,0,0,0,0,0,0,0,0,0
1520168,1,"Liga Nacional","Liga Endesa",-402534000,NA,"https://www.acb.com/Documentos/Cabeceras/logo-competicion-1b.png","https://www.acb.com/Documentos/Cabeceras/logo-competicion-4a.png",62,1997,107,NA,NA,1569,9614,NA,NA,TRUE,1199,1199,2,"Covirán Sierra Nevada","Covirán","GRA",1208,1121,"Caja San Fernando","C. San Fernando","CSF",1,68,12000,1,13,7,22,46,47,21,27,77,20,9,29,7,10,10,0,3,2,1,26,23,60,0,0,10,0,0,680,83,0,0,0,0,0,0,0,0,0
1520242,1,"Liga Nacional","Liga Endesa",-402534000,NA,"https://www.acb.com/Documentos/Cabeceras/logo-competicion-1b.png","https://www.acb.com/Documentos/Cabeceras/logo-competicion-4a.png",62,1997,107,NA,NA,1569,9617,NA,NA,FALSE,1202,1205,1719,"Ourense Xacobeo 99","Ourense Xacobeo","OUR",1202,1605,"León Caja España","León C. España","LEO",1,68,12000,7,23,30,18,38,47,11,20,55,20,9,29,14,10,12,0,2,5,1,24,17,54,0,0,10,0,0,680,88,0,0,0,0,0,0,0,0,0
1520241,1,"Liga Nacional","Liga Endesa",-402534000,NA,"https://www.acb.com/Documentos/Cabeceras/logo-competicion-1b.png","https://www.acb.com/Documentos/Cabeceras/logo-competicion-4a.png",62,1997,107,NA,NA,1569,9617,NA,NA,TRUE,1205,1205,1719,"Ourense Xacobeo 99","Ourense Xacobeo","OUR",1202,1605,"León Caja España","León C. España","LEO",1,88,12000,6,12,50,25,48,52.08,20,27,74.07,29,13,42,13,9,14,0,5,2,1,17,24,112,0,0,0,1,0,88,68,0,NA,0,0,0,0,0,0,0
1520263,1,"Liga Nacional","Liga Endesa",-402534000,NA,"https://www.acb.com/Documentos/Cabeceras/logo-competicion-1b.png","https://www.acb.com/Documentos/Cabeceras/logo-competicion-4a.png",62,1997,107,NA,NA,1569,9618,NA,NA,TRUE,1206,1206,950,"Pamesa Valencia","Pamesa Valencia","PAM",1195,1369,"Cáceres CB","Cáceres CB","CAC",1,77,12000,6,17,35,20,32,62,19,27,70,17,11,28,13,4,9,0,4,0,4,15,26,97,0,0,0,8,0,616,64,0,0,0,0,0,0,0,0,0
1520264,1,"Liga Nacional","Liga Endesa",-402534000,NA,"https://www.acb.com/Documentos/Cabeceras/logo-competicion-1b.png","https://www.acb.com/Documentos/Cabeceras/logo-competicion-4a.png",62,1997,107,NA,NA,1569,9618,NA,NA,FALSE,1195,1206,950,"Pamesa Valencia","Pamesa Valencia","PAM",1195,1369,"Cáceres CB","Cáceres CB","CAC",1,64,12000,3,13,23,22,43,51,11,13,84,15,13,28,14,6,9,0,0,4,1,26,15,55,0,0,10,0,0,640,77,0,0,0,0,0,0,0,0,0
1520120,1,"Liga Nacional","Liga Endesa",-402534000,NA,"https://www.acb.com/Documentos/Cabeceras/logo-competicion-1b.png","https://www.acb.com/Documentos/Cabeceras/logo-competicion-4a.png",62,1997,107,NA,NA,1569,9612,NA,NA,TRUE,1197,1197,455,"Adecco Estudiantes","Adecco Estu","EST",1196,330,"Gran Canaria","Gran Canaria","GCA",1,104,12000,6,18,33,26,38,68,34,44,77,27,10,37,17,13,14,0,2,2,8,26,31,128,0,0,0,11,0,1144,85,0,0,0,0,0,0,0,0,0
1520121,1,"Liga Nacional","Liga Endesa",-402534000,NA,"https://www.acb.com/Documentos/Cabeceras/logo-competicion-1b.png","https://www.acb.com/Documentos/Cabeceras/logo-competicion-4a.png",62,1997,107,NA,NA,1569,9612,NA,NA,FALSE,1196,1197,455,"Adecco Estudiantes","Adecco Estu","EST",1196,330,"Gran Canaria","Gran Canaria","GCA",1,85,12000,5,13,38.46,23,42,54.76,24,35,68.57,18,9,27,12,9,19,0,2,2,2,31,26,71,0,0,1,0,0,85,104,0,NA,0,0,0,0,0,0,0
1520360,1,"Liga Nacional","Liga Endesa",-402534000,NA,"https://www.acb.com/Documentos/Cabeceras/logo-competicion-1b.png","https://www.acb.com/Documentos/Cabeceras/logo-competicion-4a.png",62,1997,107,NA,NA,1570,9622,NA,NA,TRUE,1198,1198,1463,"Valvi Girona","Valvi Girona","GIR",1207,1046,"Unicaja","Unicaja","UNI",1,95,12000,3,6,50,29,55,52,28,36,77,25,13,38,6,6,15,0,3,3,1,22,33,104,0,0,0,10,0,950,84,0,0,0,0,0,0,0,0,0
1520361,1,"Liga Nacional","Liga Endesa",-402534000,NA,"https://www.acb.com/Documentos/Cabeceras/logo-competicion-1b.png","https://www.acb.com/Documentos/Cabeceras/logo-competicion-4a.png",62,1997,107,NA,NA,1570,9622,NA,NA,FALSE,1207,1198,1463,"Valvi Girona","Valvi Girona","GIR",1207,1046,"Unicaja","Unicaja","UNI",1,84,12000,3,9,33,28,54,51,19,28,67,21,11,32,11,11,14,0,3,3,2,33,22,72,0,0,11,0,0,924,95,0,0,0,0,0,0,0,0,0
1520287,1,"Liga Nacional","Liga Endesa",-402534000,NA,"https://www.acb.com/Documentos/Cabeceras/logo-competicion-1b.png","https://www.acb.com/Documentos/Cabeceras/logo-competicion-4a.png",62,1997,107,NA,NA,1570,9619,NA,NA,TRUE,1201,1201,618,"Festina Joventut","Festina Jov.","JOV",1206,950,"Pamesa Valencia","Pamesa Valencia","PAM",1,80,12000,7,18,38.89,19,37,51.35,21,27,77.78,24,13,37,8,6,11,0,3,4,2,21,19,82,0,0,0,1,0,80,61,0,NA,0,0,0,0,0,0,0
1520288,1,"Liga Nacional","Liga Endesa",-402534000,NA,"https://www.acb.com/Documentos/Cabeceras/logo-competicion-1b.png","https://www.acb.com/Documentos/Cabeceras/logo-competicion-4a.png",62,1997,107,NA,NA,1570,9619,NA,NA,FALSE,1206,1201,618,"Festina Joventut","Festina Jov.","JOV",1206,950,"Pamesa Valencia","Pamesa Valencia","PAM",1,61,12000,6,21,28,15,36,41,13,17,76,18,11,29,5,7,11,0,4,3,0,19,21,54,0,0,10,0,0,610,80,0,0,0,0,0,0,0,0,0
1520336,1,"Liga Nacional","Liga Endesa",-402534000,NA,"https://www.acb.com/Documentos/Cabeceras/logo-competicion-1b.png","https://www.acb.com/Documentos/Cabeceras/logo-competicion-4a.png",62,1997,107,NA,NA,1570,9621,NA,NA,FALSE,1203,1202,1605,"León Caja España","León C. España","LEO",1203,751,"Real Madrid Teka","Real Madrid","RMB",1,85,12000,5,8,62,26,43,60,18,24,75,26,7,33,11,4,16,0,4,3,1,21,22,93,0,0,0,12,0,1020,78,0,0,0,0,0,0,0,0,0
1520335,1,"Liga Nacional","Liga Endesa",-402534000,NA,"https://www.acb.com/Documentos/Cabeceras/logo-competicion-1b.png","https://www.acb.com/Documentos/Cabeceras/logo-competicion-4a.png",62,1997,107,NA,NA,1570,9621,NA,NA,TRUE,1202,1202,1605,"León Caja España","León C. España","LEO",1203,751,"Real Madrid Teka","Real Madrid","RMB",1,78,12000,3,8,37,25,57,43,19,21,90,16,12,28,7,10,9,0,3,4,2,22,21,73,0,0,10,0,0,780,85,0,0,0,0,0,0,0,0,0
1520404,1,"Liga Nacional","Liga Endesa",-402534000,NA,"https://www.acb.com/Documentos/Cabeceras/logo-competicion-1b.png","https://www.acb.com/Documentos/Cabeceras/logo-competicion-4a.png",62,1997,107,NA,NA,1570,9624,NA,NA,TRUE,1208,1208,1121,"Caja San Fernando","C. San Fernando","CSF",1200,1527,"Ciudad de Huelva","Ciudad Huelva","HUE",1,79,12000,3,14,21,29,49,59,12,16,75,21,10,31,14,13,10,0,3,0,5,19,17,93,0,0,0,10,0,790,66,0,0,0,0,0,0,0,0,0
1520405,1,"Liga Nacional","Liga Endesa",-402534000,NA,"https://www.acb.com/Documentos/Cabeceras/logo-competicion-1b.png","https://www.acb.com/Documentos/Cabeceras/logo-competicion-4a.png",62,1997,107,NA,NA,1570,9624,NA,NA,FALSE,1200,1208,1121,"Caja San Fernando","C. San Fernando","CSF",1200,1527,"Ciudad de Huelva","Ciudad Huelva","HUE",1,66,12000,4,17,23.53,20,34,58.82,14,20,70,21,8,29,6,6,21,0,0,3,0,17,19,52,0,0,1,0,0,66,79,0,NA,0,0,0,0,0,0,0
1520453,1,"Liga Nacional","Liga Endesa",-402534000,NA,"https://www.acb.com/Documentos/Cabeceras/logo-competicion-1b.png","https://www.acb.com/Documentos/Cabeceras/logo-competicion-4a.png",62,1997,107,NA,NA,1570,9626,NA,NA,TRUE,1196,1196,330,"Gran Canaria","Gran Canaria","GCA",1194,207,"TAU Cerámica","TAU Cerámica","TAU",1,88,12000,2,6,33.33,30,54,55.56,22,36,61.11,22,20,42,5,10,16,0,3,0,1,17,28,101,0,0,0,1,0,88,70,0,NA,0,0,0,0,0,0,0
1520454,1,"Liga Nacional","Liga Endesa",-402534000,NA,"https://www.acb.com/Documentos/Cabeceras/logo-competicion-1b.png","https://www.acb.com/Documentos/Cabeceras/logo-competicion-4a.png",62,1997,107,NA,NA,1570,9626,NA,NA,FALSE,1194,1196,330,"Gran Canaria","Gran Canaria","GCA",1194,207,"TAU Cerámica","TAU Cerámica","TAU",1,70,12000,3,15,20,22,37,59,17,23,73,17,7,24,9,8,15,0,0,3,0,28,17,49,0,0,11,0,0,700,88,0,0,0,0,0,0,0,0,0
1520383,1,"Liga Nacional","Liga Endesa",-402534000,NA,"https://www.acb.com/Documentos/Cabeceras/logo-competicion-1b.png","https://www.acb.com/Documentos/Cabeceras/logo-competicion-4a.png",62,1997,107,NA,NA,1570,9623,NA,NA,FALSE,1210,1199,2,"Covirán Sierra Nevada","Covirán","GRA",1210,1845,"Fórum Valladolid","Fórum Vall.","FOR",1,80,12000,8,21,38,19,36,52,18,26,69,21,8,29,14,12,12,0,2,3,1,23,21,82,0,0,0,9,0,720,78,0,0,0,0,0,0,0,0,0
1520382,1,"Liga Nacional","Liga Endesa",-402534000,NA,"https://www.acb.com/Documentos/Cabeceras/logo-competicion-1b.png","https://www.acb.com/Documentos/Cabeceras/logo-competicion-4a.png",62,1997,107,NA,NA,1570,9623,NA,NA,TRUE,1199,1199,2,"Covirán Sierra Nevada","Covirán","GRA",1210,1845,"Fórum Valladolid","Fórum Vall.","FOR",1,78,12000,2,12,16,25,37,67,22,32,68,24,5,29,15,8,14,0,3,2,0,21,23,87,0,0,9,0,0,702,80,0,0,0,0,0,0,0,0,0
1520309,1,"Liga Nacional","Liga Endesa",-402534000,NA,"https://www.acb.com/Documentos/Cabeceras/logo-competicion-1b.png","https://www.acb.com/Documentos/Cabeceras/logo-competicion-4a.png",62,1997,107,NA,NA,1570,9620,NA,NA,TRUE,1195,1195,1369,"Cáceres CB","Cáceres CB","CAC",1205,1719,"Ourense Xacobeo 99","Ourense Xacobeo","OUR",1,74,12000,5,20,25,22,45,48,15,23,65,19,11,30,10,9,9,0,3,1,2,24,22,68,0,0,9,0,0,666,87,0,0,0,0,0,0,0,0,0
1520310,1,"Liga Nacional","Liga Endesa",-402534000,NA,"https://www.acb.com/Documentos/Cabeceras/logo-competicion-1b.png","https://www.acb.com/Documentos/Cabeceras/logo-competicion-4a.png",62,1997,107,NA,NA,1570,9620,NA,NA,FALSE,1205,1195,1369,"Cáceres CB","Cáceres CB","CAC",1205,1719,"Ourense Xacobeo 99","Ourense Xacobeo","OUR",1,87,12000,6,14,42.86,21,40,52.5,27,34,79.41,29,11,40,7,7,13,0,1,3,3,22,24,94,0,0,0,1,0,87,74,0,NA,0,0,0,0,0,0,0
1520429,1,"Liga Nacional","Liga Endesa",-402534000,NA,"https://www.acb.com/Documentos/Cabeceras/logo-competicion-1b.png","https://www.acb.com/Documentos/Cabeceras/logo-competicion-4a.png",62,1997,107,NA,NA,1570,9625,NA,NA,FALSE,1197,1209,1801,"Caja Cantabria","Caja Cantabria","CAN",1197,455,"Adecco Estudiantes","Adecco Estu","EST",1,93,12000,4,14,28,30,51,58,21,25,84,14,12,26,9,9,7,0,1,1,5,17,25,103,0,0,0,11,0,1023,83,0,0,0,0,0,0,0,0,0
1520428,1,"Liga Nacional","Liga Endesa",-402534000,NA,"https://www.acb.com/Documentos/Cabeceras/logo-competicion-1b.png","https://www.acb.com/Documentos/Cabeceras/logo-competicion-4a.png",62,1997,107,NA,NA,1570,9625,NA,NA,TRUE,1209,1209,1801,"Caja Cantabria","Caja Cantabria","CAN",1197,455,"Adecco Estudiantes","Adecco Estu","EST",1,83,12000,6,17,35.29,29,45,64.44,7,19,36.84,19,17,36,12,2,18,0,1,1,0,25,17,68,0,0,1,0,0,83,93,0,NA,0,0,0,0,0,0,0
1520474,1,"Liga Nacional","Liga Endesa",-402534000,NA,"https://www.acb.com/Documentos/Cabeceras/logo-competicion-1b.png","https://www.acb.com/Documentos/Cabeceras/logo-competicion-4a.png",62,1997,107,NA,NA,1570,9627,NA,NA,TRUE,1204,1204,863,"TDK Manresa","TDK Manresa","TDK",1193,92,"FC Barcelona Banca Catalana","FC Barcelona","FCB",1,84,12000,4,13,30.77,27,44,61.36,18,25,72,24,6,30,16,10,8,0,8,0,4,14,22,115,0,0,0,1,0,84,68,0,NA,0,0,0,0,0,0,0
1520475,1,"Liga Nacional","Liga Endesa",-402534000,NA,"https://www.acb.com/Documentos/Cabeceras/logo-competicion-1b.png","https://www.acb.com/Documentos/Cabeceras/logo-competicion-4a.png",62,1997,107,NA,NA,1570,9627,NA,NA,FALSE,1193,1204,863,"TDK Manresa","TDK Manresa","TDK",1193,92,"FC Barcelona Banca Catalana","FC Barcelona","FCB",1,68,12000,7,20,35,23,48,47.92,1,5,20,23,16,39,10,5,17,0,0,8,1,22,14,47,0,0,1,0,0,68,84,0,NA,0,0,0,0,0,0,0
1520664,1,"Liga Nacional","Liga Endesa",-402534000,NA,"https://www.acb.com/Documentos/Cabeceras/logo-competicion-1b.png","https://www.acb.com/Documentos/Cabeceras/logo-competicion-4a.png",62,1997,107,NA,NA,1571,9635,NA,NA,FALSE,1197,1193,92,"FC Barcelona Banca Catalana","FC Barcelona","FCB",1197,455,"Adecco Estudiantes","Adecco Estu","EST",1,78,12000,6,14,42,24,56,42,12,30,40,23,21,44,7,9,10,0,3,2,4,19,23,75,0,0,0,10,0,780,76,0,0,0,0,0,0,0,0,0
1520663,1,"Liga Nacional","Liga Endesa",-402534000,NA,"https://www.acb.com/Documentos/Cabeceras/logo-competicion-1b.png","https://www.acb.com/Documentos/Cabeceras/logo-competicion-4a.png",62,1997,107,NA,NA,1571,9635,NA,NA,TRUE,1193,1193,92,"FC Barcelona Banca Catalana","FC Barcelona","FCB",1197,455,"Adecco Estudiantes","Adecco Estu","EST",1,76,12000,5,17,29.41,23,43,53.49,15,21,71.43,28,13,41,9,5,14,0,2,3,3,23,19,74,0,0,1,0,0,76,78,0,NA,0,0,0,0,0,0,0
1520687,1,"Liga Nacional","Liga Endesa",-402534000,NA,"https://www.acb.com/Documentos/Cabeceras/logo-competicion-1b.png","https://www.acb.com/Documentos/Cabeceras/logo-competicion-4a.png",62,1997,107,NA,NA,1571,9636,NA,NA,FALSE,1194,1204,863,"TDK Manresa","TDK Manresa","TDK",1194,207,"TAU Cerámica","TAU Cerámica","TAU",1,66,12000,2,15,13,23,40,57,14,24,58,28,14,42,9,4,21,0,4,6,1,25,20,53,0,0,12,0,0,726,73,0,0,0,0,0,0,0,0,0
1520686,1,"Liga Nacional","Liga Endesa",-402534000,NA,"https://www.acb.com/Documentos/Cabeceras/logo-competicion-1b.png","https://www.acb.com/Documentos/Cabeceras/logo-competicion-4a.png",62,1997,107,NA,NA,1571,9636,NA,NA,TRUE,1204,1204,863,"TDK Manresa","TDK Manresa","TDK",1194,207,"TAU Cerámica","TAU Cerámica","TAU",1,73,12000,3,12,25,23,49,46.94,18,21,85.71,18,9,27,11,13,11,0,6,4,2,20,25,82,0,0,0,1,0,73,66,0,NA,0,0,0,0,0,0,0
1520568,1,"Liga Nacional","Liga Endesa",-402534000,NA,"https://www.acb.com/Documentos/Cabeceras/logo-competicion-1b.png","https://www.acb.com/Documentos/Cabeceras/logo-competicion-4a.png",62,1997,107,NA,NA,1571,9631,NA,NA,TRUE,1210,1210,1845,"Fórum Valladolid","Fórum Vall.","FOR",1203,751,"Real Madrid Teka","Real Madrid","RMB",1,75,12000,4,12,33,28,57,49,7,16,43,18,15,33,6,8,8,0,1,3,0,25,19,60,0,0,11,0,0,825,82,0,0,0,0,0,0,0,0,0
1520569,1,"Liga Nacional","Liga Endesa",-402534000,NA,"https://www.acb.com/Documentos/Cabeceras/logo-competicion-1b.png","https://www.acb.com/Documentos/Cabeceras/logo-competicion-4a.png",62,1997,107,NA,NA,1571,9631,NA,NA,FALSE,1203,1210,1845,"Fórum Valladolid","Fórum Vall.","FOR",1203,751,"Real Madrid Teka","Real Madrid","RMB",1,82,12000,2,10,20,26,47,55,24,29,82,24,12,36,13,4,11,0,3,1,0,19,25,98,0,0,0,12,0,984,75,0,0,0,0,0,0,0,0,0
1520540,1,"Liga Nacional","Liga Endesa",-402534000,NA,"https://www.acb.com/Documentos/Cabeceras/logo-competicion-1b.png","https://www.acb.com/Documentos/Cabeceras/logo-competicion-4a.png",62,1997,107,NA,NA,1571,9630,NA,NA,TRUE,1207,1207,1046,"Unicaja","Unicaja","UNI",1205,1719,"Ourense Xacobeo 99","Ourense Xacobeo","OUR",1,88,12000,9,22,40.91,23,30,76.67,15,20,75,16,6,22,13,12,13,0,2,0,1,21,20,98,0,0,0,1,0,88,71,0,NA,0,0,0,0,0,0,0
1520541,1,"Liga Nacional","Liga Endesa",-402534000,NA,"https://www.acb.com/Documentos/Cabeceras/logo-competicion-1b.png","https://www.acb.com/Documentos/Cabeceras/logo-competicion-4a.png",62,1997,107,NA,NA,1571,9630,NA,NA,FALSE,1205,1207,1046,"Unicaja","Unicaja","UNI",1205,1719,"Ourense Xacobeo 99","Ourense Xacobeo","OUR",1,71,12000,2,9,22.22,26,42,61.9,13,22,59.09,17,10,27,7,9,16,0,0,2,2,20,21,65,0,0,1,0,0,71,88,0,NA,0,0,0,0,0,0,0
1520594,1,"Liga Nacional","Liga Endesa",-402534000,NA,"https://www.acb.com/Documentos/Cabeceras/logo-competicion-1b.png","https://www.acb.com/Documentos/Cabeceras/logo-competicion-4a.png",62,1997,107,NA,NA,1571,9632,NA,NA,FALSE,1198,1208,1121,"Caja San Fernando","C. San Fernando","CSF",1198,1463,"Valvi Girona","Valvi Girona","GIR",1,77,12000,6,18,33,19,46,41,21,29,72,23,18,41,15,16,17,0,3,6,0,25,24,81,0,0,0,10,0,770,76,0,0,0,0,0,0,0,0,0
1520593,1,"Liga Nacional","Liga Endesa",-402534000,NA,"https://www.acb.com/Documentos/Cabeceras/logo-competicion-1b.png","https://www.acb.com/Documentos/Cabeceras/logo-competicion-4a.png",62,1997,107,NA,NA,1571,9632,NA,NA,TRUE,1208,1208,1121,"Caja San Fernando","C. San Fernando","CSF",1198,1463,"Valvi Girona","Valvi Girona","GIR",1,76,12000,2,5,40,27,54,50,16,30,53,24,12,36,9,12,17,0,6,3,3,24,25,76,0,0,11,0,0,836,77,0,0,0,0,0,0,0,0,0
1520639,1,"Liga Nacional","Liga Endesa",-402534000,NA,"https://www.acb.com/Documentos/Cabeceras/logo-competicion-1b.png","https://www.acb.com/Documentos/Cabeceras/logo-competicion-4a.png",62,1997,107,NA,NA,1571,9634,NA,NA,TRUE,1196,1196,330,"Gran Canaria","Gran Canaria","GCA",1200,1527,"Ciudad de Huelva","Ciudad Huelva","HUE",1,67,12000,7,17,41.18,16,40,40,14,20,70,21,12,33,11,11,12,0,6,1,3,18,21,78,0,0,0,1,0,67,59,0,NA,0,0,0,0,0,0,0
1520640,1,"Liga Nacional","Liga Endesa",-402534000,NA,"https://www.acb.com/Documentos/Cabeceras/logo-competicion-1b.png","https://www.acb.com/Documentos/Cabeceras/logo-competicion-4a.png",62,1997,107,NA,NA,1571,9634,NA,NA,FALSE,1200,1196,330,"Gran Canaria","Gran Canaria","GCA",1200,1527,"Ciudad de Huelva","Ciudad Huelva","HUE",1,59,12000,2,8,25,22,41,53.66,9,18,50,26,8,34,2,7,15,0,1,6,0,21,18,45,0,0,1,0,0,59,67,0,NA,0,0,0,0,0,0,0
1520618,1,"Liga Nacional","Liga Endesa",-402534000,NA,"https://www.acb.com/Documentos/Cabeceras/logo-competicion-1b.png","https://www.acb.com/Documentos/Cabeceras/logo-competicion-4a.png",62,1997,107,NA,NA,1571,9633,NA,NA,FALSE,1199,1209,1801,"Caja Cantabria","Caja Cantabria","CAN",1199,2,"Covirán Sierra Nevada","Covirán","GRA",1,93,12000,3,8,37,25,40,62,34,44,77,28,1,29,5,9,17,0,4,0,1,27,33,99,0,0,0,9,0,837,83,0,0,0,0,0,0,0,0,0
1520617,1,"Liga Nacional","Liga Endesa",-402534000,NA,"https://www.acb.com/Documentos/Cabeceras/logo-competicion-1b.png","https://www.acb.com/Documentos/Cabeceras/logo-competicion-4a.png",62,1997,107,NA,NA,1571,9633,NA,NA,TRUE,1209,1209,1801,"Caja Cantabria","Caja Cantabria","CAN",1199,2,"Covirán Sierra Nevada","Covirán","GRA",1,83,12000,5,20,25,23,51,45.1,22,32,68.75,19,17,36,8,9,16,0,0,4,2,33,27,57,0,0,1,0,0,83,93,0,NA,0,0,0,0,0,0,0
1520497,1,"Liga Nacional","Liga Endesa",-402534000,NA,"https://www.acb.com/Documentos/Cabeceras/logo-competicion-1b.png","https://www.acb.com/Documentos/Cabeceras/logo-competicion-4a.png",62,1997,107,NA,NA,1571,9628,NA,NA,TRUE,1195,1195,1369,"Cáceres CB","Cáceres CB","CAC",1201,618,"Festina Joventut","Festina Jov.","JOV",1,93,12000,10,19,52,21,43,48,21,28,75,21,17,38,8,2,13,0,4,2,1,31,24,85,0,0,10,0,0,930,102,0,0,0,0,0,0,0,0,0
1520498,1,"Liga Nacional","Liga Endesa",-402534000,NA,"https://www.acb.com/Documentos/Cabeceras/logo-competicion-1b.png","https://www.acb.com/Documentos/Cabeceras/logo-competicion-4a.png",62,1997,107,NA,NA,1571,9628,NA,NA,FALSE,1201,1195,1369,"Cáceres CB","Cáceres CB","CAC",1201,618,"Festina Joventut","Festina Jov.","JOV",1,102,12000,11,20,55,17,36,47.22,35,42,83.33,19,9,28,13,8,7,0,2,4,1,24,31,114,0,0,0,1,0,102,93,0,NA,0,0,0,0,0,0,0
1520519,1,"Liga Nacional","Liga Endesa",-402534000,NA,"https://www.acb.com/Documentos/Cabeceras/logo-competicion-1b.png","https://www.acb.com/Documentos/Cabeceras/logo-competicion-4a.png",62,1997,107,NA,NA,1571,9629,NA,NA,FALSE,1206,1202,1605,"León Caja España","León C. España","LEO",1206,950,"Pamesa Valencia","Pamesa Valencia","PAM",1,81,12000,3,13,23,28,46,60,16,22,72,28,13,41,6,7,8,0,2,2,4,15,20,98,0,0,0,9,0,729,62,0,0,0,0,0,0,0,0,0
1520518,1,"Liga Nacional","Liga Endesa",-402534000,NA,"https://www.acb.com/Documentos/Cabeceras/logo-competicion-1b.png","https://www.acb.com/Documentos/Cabeceras/logo-competicion-4a.png",62,1997,107,NA,NA,1571,9629,NA,NA,TRUE,1202,1202,1605,"León Caja España","León C. España","LEO",1206,950,"Pamesa Valencia","Pamesa Valencia","PAM",1,62,12000,3,14,21.43,21,50,42,11,13,84.62,18,13,31,7,6,7,0,2,2,1,20,15,52,0,0,1,0,0,62,81,0,NA,0,0,0,0,0,0,0
1520736,1,"Liga Nacional","Liga Endesa",-402534000,NA,"https://www.acb.com/Documentos/Cabeceras/logo-competicion-1b.png","https://www.acb.com/Documentos/Cabeceras/logo-competicion-4a.png",62,1997,107,NA,NA,1572,9638,NA,NA,FALSE,1194,1200,1527,"Ciudad de Huelva","Ciudad Huelva","HUE",1194,207,"TAU Cerámica","TAU Cerámica","TAU",1,100,12000,9,16,56,29,47,61,15,22,68,21,16,37,14,14,11,0,1,2,4,28,19,112,0,0,0,12,0,1100,62,0,0,0,0,0,0,0,0,0
1520735,1,"Liga Nacional","Liga Endesa",-402534000,NA,"https://www.acb.com/Documentos/Cabeceras/logo-competicion-1b.png","https://www.acb.com/Documentos/Cabeceras/logo-competicion-4a.png",62,1997,107,NA,NA,1572,9638,NA,NA,TRUE,1200,1200,1527,"Ciudad de Huelva","Ciudad Huelva","HUE",1194,207,"TAU Cerámica","TAU Cerámica","TAU",1,62,12000,0,8,0,17,34,50,28,37,75.68,11,6,17,4,10,16,0,2,1,0,19,28,53,0,0,1,0,0,62,100,0,NA,0,0,0,0,0,0,0
1520758,1,"Liga Nacional","Liga Endesa",-402534000,NA,"https://www.acb.com/Documentos/Cabeceras/logo-competicion-1b.png","https://www.acb.com/Documentos/Cabeceras/logo-competicion-4a.png",62,1997,107,NA,NA,1572,9639,NA,NA,TRUE,1199,1199,2,"Covirán Sierra Nevada","Covirán","GRA",1204,863,"TDK Manresa","TDK Manresa","TDK",1,77,12000,6,22,27,21,42,50,17,23,73,25,13,38,6,13,15,0,0,4,2,18,20,74,0,0,0,10,0,770,69,0,0,0,0,0,0,0,0,0
1520759,1,"Liga Nacional","Liga Endesa",-402534000,NA,"https://www.acb.com/Documentos/Cabeceras/logo-competicion-1b.png","https://www.acb.com/Documentos/Cabeceras/logo-competicion-4a.png",62,1997,107,NA,NA,1572,9639,NA,NA,FALSE,1204,1199,2,"Covirán Sierra Nevada","Covirán","GRA",1204,863,"TDK Manresa","TDK Manresa","TDK",1,69,12000,9,19,47.37,17,39,43.59,8,13,61.54,26,7,33,13,10,20,0,4,0,3,20,18,70,0,0,1,0,0,69,77,0,NA,0,0,0,0,0,0,0
1520878,1,"Liga Nacional","Liga Endesa",-402534000,NA,"https://www.acb.com/Documentos/Cabeceras/logo-competicion-1b.png","https://www.acb.com/Documentos/Cabeceras/logo-competicion-4a.png",62,1997,107,NA,NA,1572,9644,NA,NA,FALSE,1210,1195,1369,"Cáceres CB","Cáceres CB","CAC",1210,1845,"Fórum Valladolid","Fórum Vall.","FOR",1,85,12000,5,12,41,21,39,53,28,33,84,18,4,22,8,9,12,0,1,1,2,18,26,90,0,0,0,9,0,765,81,0,0,0,0,0,0,0,0,0
1520877,1,"Liga Nacional","Liga Endesa",-402534000,NA,"https://www.acb.com/Documentos/Cabeceras/logo-competicion-1b.png","https://www.acb.com/Documentos/Cabeceras/logo-competicion-4a.png",62,1997,107,NA,NA,1572,9644,NA,NA,TRUE,1195,1195,1369,"Cáceres CB","Cáceres CB","CAC",1210,1845,"Fórum Valladolid","Fórum Vall.","FOR",1,81,12000,6,17,35.29,23,47,48.94,17,18,94.44,24,12,36,7,9,17,0,1,1,1,26,18,72,0,0,1,0,0,81,85,0,NA,0,0,0,0,0,0,0
1520901,1,"Liga Nacional","Liga Endesa",-402534000,NA,"https://www.acb.com/Documentos/Cabeceras/logo-competicion-1b.png","https://www.acb.com/Documentos/Cabeceras/logo-competicion-4a.png",62,1997,107,NA,NA,1572,9645,NA,NA,TRUE,1202,1202,1605,"León Caja España","León C. España","LEO",1207,1046,"Unicaja","Unicaja","UNI",1,92,12000,4,7,57,21,43,48,38,47,80,18,11,29,12,7,10,0,2,4,1,27,34,101,0,0,0,10,0,920,87,0,0,0,0,0,0,0,0,0
1520902,1,"Liga Nacional","Liga Endesa",-402534000,NA,"https://www.acb.com/Documentos/Cabeceras/logo-competicion-1b.png","https://www.acb.com/Documentos/Cabeceras/logo-competicion-4a.png",62,1997,107,NA,NA,1572,9645,NA,NA,FALSE,1207,1202,1605,"León Caja España","León C. España","LEO",1207,1046,"Unicaja","Unicaja","UNI",1,87,12000,4,16,25,24,43,55,27,33,81,19,16,35,7,4,10,0,4,2,5,34,27,81,0,0,10,0,0,870,92,0,0,0,0,0,0,0,0,0
1520710,1,"Liga Nacional","Liga Endesa",-402534000,NA,"https://www.acb.com/Documentos/Cabeceras/logo-competicion-1b.png","https://www.acb.com/Documentos/Cabeceras/logo-competicion-4a.png",62,1997,107,NA,NA,1572,9637,NA,NA,FALSE,1197,1201,618,"Festina Joventut","Festina Jov.","JOV",1197,455,"Adecco Estudiantes","Adecco Estu","EST",1,85,12000,9,24,37,19,40,47,20,26,76,23,13,36,10,6,14,0,1,4,1,30,22,70,0,0,9,0,0,765,93,0,0,0,0,0,0,0,0,0
1520709,1,"Liga Nacional","Liga Endesa",-402534000,NA,"https://www.acb.com/Documentos/Cabeceras/logo-competicion-1b.png","https://www.acb.com/Documentos/Cabeceras/logo-competicion-4a.png",62,1997,107,NA,NA,1572,9637,NA,NA,TRUE,1201,1201,618,"Festina Joventut","Festina Jov.","JOV",1197,455,"Adecco Estudiantes","Adecco Estu","EST",1,93,12000,9,24,37.5,18,30,60,30,39,76.92,26,6,32,12,9,12,0,4,1,2,22,30,109,0,0,0,1,0,93,85,0,NA,0,0,0,0,0,0,0
1520812,1,"Liga Nacional","Liga Endesa",-402534000,NA,"https://www.acb.com/Documentos/Cabeceras/logo-competicion-1b.png","https://www.acb.com/Documentos/Cabeceras/logo-competicion-4a.png",62,1997,107,NA,NA,1572,9641,NA,NA,TRUE,1203,1203,751,"Real Madrid Teka","Real Madrid","RMB",1196,330,"Gran Canaria","Gran Canaria","GCA",1,77,12000,6,13,46,23,46,50,13,23,56,29,9,38,17,13,11,0,4,2,1,18,23,101,0,0,0,13,0,1001,57,0,0,0,0,0,0,0,0,0
1520813,1,"Liga Nacional","Liga Endesa",-402534000,NA,"https://www.acb.com/Documentos/Cabeceras/logo-competicion-1b.png","https://www.acb.com/Documentos/Cabeceras/logo-competicion-4a.png",62,1997,107,NA,NA,1572,9641,NA,NA,FALSE,1196,1203,751,"Real Madrid Teka","Real Madrid","RMB",1196,330,"Gran Canaria","Gran Canaria","GCA",1,57,12000,4,14,28.57,19,49,38.78,7,16,43.75,25,16,41,5,10,18,0,2,4,2,23,18,39,0,0,1,0,0,57,77,0,NA,0,0,0,0,0,0,0
1520834,1,"Liga Nacional","Liga Endesa",-402534000,NA,"https://www.acb.com/Documentos/Cabeceras/logo-competicion-1b.png","https://www.acb.com/Documentos/Cabeceras/logo-competicion-4a.png",62,1997,107,NA,NA,1572,9642,NA,NA,FALSE,1209,1205,1719,"Ourense Xacobeo 99","Ourense Xacobeo","OUR",1209,1801,"Caja Cantabria","Caja Cantabria","CAN",1,78,12000,2,10,20,25,46,54.35,22,32,68.75,27,14,41,11,5,15,0,4,2,0,18,25,90,0,0,0,1,0,78,74,0,NA,0,0,0,0,0,0,0
1520833,1,"Liga Nacional","Liga Endesa",-402534000,NA,"https://www.acb.com/Documentos/Cabeceras/logo-competicion-1b.png","https://www.acb.com/Documentos/Cabeceras/logo-competicion-4a.png",62,1997,107,NA,NA,1572,9642,NA,NA,TRUE,1205,1205,1719,"Ourense Xacobeo 99","Ourense Xacobeo","OUR",1209,1801,"Caja Cantabria","Caja Cantabria","CAN",1,74,12000,5,14,35.71,24,54,44.44,11,16,68.75,19,13,32,9,13,13,0,2,4,1,25,18,62,0,0,1,0,0,74,78,0,NA,0,0,0,0,0,0,0
1520855,1,"Liga Nacional","Liga Endesa",-402534000,NA,"https://www.acb.com/Documentos/Cabeceras/logo-competicion-1b.png","https://www.acb.com/Documentos/Cabeceras/logo-competicion-4a.png",62,1997,107,NA,NA,1572,9643,NA,NA,FALSE,1208,1206,950,"Pamesa Valencia","Pamesa Valencia","PAM",1208,1121,"Caja San Fernando","C. San Fernando","CSF",1,85,13500,5,14,35,24,46,52,22,28,78,24,13,37,18,9,15,0,3,2,5,23,24,99,0,0,9,0,0,765,90,0,0,0,0,0,0,0,0,0
1520854,1,"Liga Nacional","Liga Endesa",-402534000,NA,"https://www.acb.com/Documentos/Cabeceras/logo-competicion-1b.png","https://www.acb.com/Documentos/Cabeceras/logo-competicion-4a.png",62,1997,107,NA,NA,1572,9643,NA,NA,TRUE,1206,1206,950,"Pamesa Valencia","Pamesa Valencia","PAM",1208,1121,"Caja San Fernando","C. San Fernando","CSF",1,90,13500,7,26,26,25,45,55,19,25,76,19,15,34,13,12,15,0,2,3,3,24,23,87,0,0,0,8,0,720,85,0,0,0,0,0,0,0,0,0
1520784,1,"Liga Nacional","Liga Endesa",-402534000,NA,"https://www.acb.com/Documentos/Cabeceras/logo-competicion-1b.png","https://www.acb.com/Documentos/Cabeceras/logo-competicion-4a.png",62,1997,107,NA,NA,1572,9640,NA,NA,TRUE,1198,1198,1463,"Valvi Girona","Valvi Girona","GIR",1193,92,"FC Barcelona Banca Catalana","FC Barcelona","FCB",1,93,12000,8,22,36,23,43,53,23,30,76,22,8,30,18,11,8,0,1,1,1,20,28,111,0,0,0,11,0,1023,79,0,0,0,0,0,0,0,0,0
1520785,1,"Liga Nacional","Liga Endesa",-402534000,NA,"https://www.acb.com/Documentos/Cabeceras/logo-competicion-1b.png","https://www.acb.com/Documentos/Cabeceras/logo-competicion-4a.png",62,1997,107,NA,NA,1572,9640,NA,NA,FALSE,1193,1198,1463,"Valvi Girona","Valvi Girona","GIR",1193,92,"FC Barcelona Banca Catalana","FC Barcelona","FCB",1,79,12000,4,14,28.57,24,46,52.17,19,25,76,27,12,39,13,4,15,0,1,1,1,28,20,74,0,0,1,0,0,79,93,0,NA,0,0,0,0,0,0,0
1521089,1,"Liga Nacional","Liga Endesa",-402534000,NA,"https://www.acb.com/Documentos/Cabeceras/logo-competicion-1b.png","https://www.acb.com/Documentos/Cabeceras/logo-competicion-4a.png",62,1997,107,NA,NA,1573,9653,NA,NA,FALSE,1199,1194,207,"TAU Cerámica","TAU Cerámica","TAU",1199,2,"Covirán Sierra Nevada","Covirán","GRA",1,63,12000,3,9,33,18,45,40,18,27,66,19,9,28,4,8,14,0,1,2,0,19,24,51,0,0,9,0,0,567,92,0,0,0,0,0,0,0,0,0
1521088,1,"Liga Nacional","Liga Endesa",-402534000,NA,"https://www.acb.com/Documentos/Cabeceras/logo-competicion-1b.png","https://www.acb.com/Documentos/Cabeceras/logo-competicion-4a.png",62,1997,107,NA,NA,1573,9653,NA,NA,TRUE,1194,1194,207,"TAU Cerámica","TAU Cerámica","TAU",1199,2,"Covirán Sierra Nevada","Covirán","GRA",1,92,12000,11,21,52,22,38,57,15,19,78,27,9,36,14,8,14,0,2,1,2,24,19,102,0,0,0,12,0,1012,63,0,0,0,0,0,0,0,0,0
1520971,1,"Liga Nacional","Liga Endesa",-402534000,NA,"https://www.acb.com/Documentos/Cabeceras/logo-competicion-1b.png","https://www.acb.com/Documentos/Cabeceras/logo-competicion-4a.png",62,1997,107,NA,NA,1573,9648,NA,NA,TRUE,1208,1208,1121,"Caja San Fernando","C. San Fernando","CSF",1195,1369,"Cáceres CB","Cáceres CB","CAC",1,85,12000,4,14,28,27,52,51,19,30,63,20,16,36,13,10,6,0,5,3,4,22,23,95,0,0,0,10,0,850,80,0,0,0,0,0,0,0,0,0
1520972,1,"Liga Nacional","Liga Endesa",-402534000,NA,"https://www.acb.com/Documentos/Cabeceras/logo-competicion-1b.png","https://www.acb.com/Documentos/Cabeceras/logo-competicion-4a.png",62,1997,107,NA,NA,1573,9648,NA,NA,FALSE,1195,1208,1121,"Caja San Fernando","C. San Fernando","CSF",1195,1369,"Cáceres CB","Cáceres CB","CAC",1,80,12000,6,20,30,21,40,52.5,20,25,80,25,13,38,5,4,11,0,3,5,0,23,22,75,0,0,1,0,0,80,85,0,NA,0,0,0,0,0,0,0
1521016,1,"Liga Nacional","Liga Endesa",-402534000,NA,"https://www.acb.com/Documentos/Cabeceras/logo-competicion-1b.png","https://www.acb.com/Documentos/Cabeceras/logo-competicion-4a.png",62,1997,107,NA,NA,1573,9650,NA,NA,TRUE,1196,1196,330,"Gran Canaria","Gran Canaria","GCA",1205,1719,"Ourense Xacobeo 99","Ourense Xacobeo","OUR",1,95,12000,8,19,42.11,25,48,52.08,21,37,56.76,19,18,37,17,10,12,0,3,3,2,21,25,101,0,0,0,1,0,95,79,0,NA,0,0,0,0,0,0,0
1521017,1,"Liga Nacional","Liga Endesa",-402534000,NA,"https://www.acb.com/Documentos/Cabeceras/logo-competicion-1b.png","https://www.acb.com/Documentos/Cabeceras/logo-competicion-4a.png",62,1997,107,NA,NA,1573,9650,NA,NA,FALSE,1205,1196,330,"Gran Canaria","Gran Canaria","GCA",1205,1719,"Ourense Xacobeo 99","Ourense Xacobeo","OUR",1,79,12000,5,13,38.46,27,46,58.7,10,14,71.43,21,6,27,6,9,16,0,3,3,0,25,21,70,0,0,1,0,0,79,95,0,NA,0,0,0,0,0,0,0
1521064,1,"Liga Nacional","Liga Endesa",-402534000,NA,"https://www.acb.com/Documentos/Cabeceras/logo-competicion-1b.png","https://www.acb.com/Documentos/Cabeceras/logo-competicion-4a.png",62,1997,107,NA,NA,1573,9652,NA,NA,TRUE,1204,1204,863,"TDK Manresa","TDK Manresa","TDK",1198,1463,"Valvi Girona","Valvi Girona","GIR",1,83,12000,1,7,14.29,26,63,41.27,28,39,71.79,29,15,44,15,11,8,0,4,5,3,17,25,98,0,0,0,1,0,83,81,0,NA,0,0,0,0,0,0,0
1521065,1,"Liga Nacional","Liga Endesa",-402534000,NA,"https://www.acb.com/Documentos/Cabeceras/logo-competicion-1b.png","https://www.acb.com/Documentos/Cabeceras/logo-competicion-4a.png",62,1997,107,NA,NA,1573,9652,NA,NA,FALSE,1198,1204,863,"TDK Manresa","TDK Manresa","TDK",1198,1463,"Valvi Girona","Valvi Girona","GIR",1,81,12000,10,26,38,20,40,50,11,17,64,31,10,41,11,6,16,0,5,4,1,25,17,74,0,0,9,0,0,729,83,0,0,0,0,0,0,0,0,0
1521043,1,"Liga Nacional","Liga Endesa",-402534000,NA,"https://www.acb.com/Documentos/Cabeceras/logo-competicion-1b.png","https://www.acb.com/Documentos/Cabeceras/logo-competicion-4a.png",62,1997,107,NA,NA,1573,9651,NA,NA,FALSE,1203,1193,92,"FC Barcelona Banca Catalana","FC Barcelona","FCB",1203,751,"Real Madrid Teka","Real Madrid","RMB",1,91,12000,6,11,54,25,42,59,23,41,56,18,11,29,7,11,9,0,1,1,2,23,27,93,0,0,0,13,0,1183,73,0,0,0,0,0,0,0,0,0
1521042,1,"Liga Nacional","Liga Endesa",-402534000,NA,"https://www.acb.com/Documentos/Cabeceras/logo-competicion-1b.png","https://www.acb.com/Documentos/Cabeceras/logo-competicion-4a.png",62,1997,107,NA,NA,1573,9651,NA,NA,TRUE,1193,1193,92,"FC Barcelona Banca Catalana","FC Barcelona","FCB",1203,751,"Real Madrid Teka","Real Madrid","RMB",1,73,12000,1,11,9.09,27,42,64.29,16,21,76.19,20,8,28,4,4,16,0,1,1,2,27,23,59,0,0,1,0,0,73,91,0,NA,0,0,0,0,0,0,0
1520947,1,"Liga Nacional","Liga Endesa",-402534000,NA,"https://www.acb.com/Documentos/Cabeceras/logo-competicion-1b.png","https://www.acb.com/Documentos/Cabeceras/logo-competicion-4a.png",62,1997,107,NA,NA,1573,9647,NA,NA,TRUE,1210,1210,1845,"Fórum Valladolid","Fórum Vall.","FOR",1202,1605,"León Caja España","León C. España","LEO",1,68,12000,4,13,30,19,35,54,18,27,66,26,5,31,11,10,14,0,1,2,0,25,22,68,0,0,0,10,0,680,65,0,0,0,0,0,0,0,0,0
1520948,1,"Liga Nacional","Liga Endesa",-402534000,NA,"https://www.acb.com/Documentos/Cabeceras/logo-competicion-1b.png","https://www.acb.com/Documentos/Cabeceras/logo-competicion-4a.png",62,1997,107,NA,NA,1573,9647,NA,NA,FALSE,1202,1210,1845,"Fórum Valladolid","Fórum Vall.","FOR",1202,1605,"León Caja España","León C. España","LEO",1,65,12000,6,14,42,15,37,40,17,26,65,25,7,32,10,7,16,0,2,1,0,22,25,63,0,0,9,0,0,585,68,0,0,0,0,0,0,0,0,0
1521113,1,"Liga Nacional","Liga Endesa",-402534000,NA,"https://www.acb.com/Documentos/Cabeceras/logo-competicion-1b.png","https://www.acb.com/Documentos/Cabeceras/logo-competicion-4a.png",62,1997,107,NA,NA,1573,9654,NA,NA,TRUE,1197,1197,455,"Adecco Estudiantes","Adecco Estu","EST",1200,1527,"Ciudad de Huelva","Ciudad Huelva","HUE",1,86,12000,9,19,47,23,41,56,13,22,59,24,10,34,25,9,10,0,2,0,5,18,18,109,0,0,0,10,0,860,67,0,0,0,0,0,0,0,0,0
1521114,1,"Liga Nacional","Liga Endesa",-402534000,NA,"https://www.acb.com/Documentos/Cabeceras/logo-competicion-1b.png","https://www.acb.com/Documentos/Cabeceras/logo-competicion-4a.png",62,1997,107,NA,NA,1573,9654,NA,NA,FALSE,1200,1197,455,"Adecco Estudiantes","Adecco Estu","EST",1200,1527,"Ciudad de Huelva","Ciudad Huelva","HUE",1,67,12000,8,17,47.06,15,36,41.67,13,19,68.42,21,7,28,10,7,17,0,0,2,0,18,18,57,0,0,1,0,0,67,86,0,NA,0,0,0,0,0,0,0
1520993,1,"Liga Nacional","Liga Endesa",-402534000,NA,"https://www.acb.com/Documentos/Cabeceras/logo-competicion-1b.png","https://www.acb.com/Documentos/Cabeceras/logo-competicion-4a.png",62,1997,107,NA,NA,1573,9649,NA,NA,FALSE,1206,1209,1801,"Caja Cantabria","Caja Cantabria","CAN",1206,950,"Pamesa Valencia","Pamesa Valencia","PAM",1,74,12000,4,12,33,26,47,55,10,17,58,20,6,26,0,11,12,0,4,5,0,19,17,60,0,0,9,0,0,666,81,0,0,0,0,0,0,0,0,0
1520992,1,"Liga Nacional","Liga Endesa",-402534000,NA,"https://www.acb.com/Documentos/Cabeceras/logo-competicion-1b.png","https://www.acb.com/Documentos/Cabeceras/logo-competicion-4a.png",62,1997,107,NA,NA,1573,9649,NA,NA,TRUE,1209,1209,1801,"Caja Cantabria","Caja Cantabria","CAN",1206,950,"Pamesa Valencia","Pamesa Valencia","PAM",1,81,12000,3,11,27.27,30,55,54.55,12,17,70.59,25,18,43,7,8,14,0,5,4,4,17,19,90,0,0,0,1,0,81,74,0,NA,0,0,0,0,0,0,0
1520924,1,"Liga Nacional","Liga Endesa",-402534000,NA,"https://www.acb.com/Documentos/Cabeceras/logo-competicion-1b.png","https://www.acb.com/Documentos/Cabeceras/logo-competicion-4a.png",62,1997,107,NA,NA,1573,9646,NA,NA,TRUE,1207,1207,1046,"Unicaja","Unicaja","UNI",1201,618,"Festina Joventut","Festina Jov.","JOV",1,76,12000,7,18,38,21,38,55,13,20,65,23,8,31,6,6,9,0,4,5,5,20,20,74,0,0,0,10,0,760,74,0,0,0,0,0,0,0,0,0
1520925,1,"Liga Nacional","Liga Endesa",-402534000,NA,"https://www.acb.com/Documentos/Cabeceras/logo-competicion-1b.png","https://www.acb.com/Documentos/Cabeceras/logo-competicion-4a.png",62,1997,107,NA,NA,1573,9646,NA,NA,FALSE,1201,1207,1046,"Unicaja","Unicaja","UNI",1201,618,"Festina Joventut","Festina Jov.","JOV",1,74,12000,5,14,35.71,23,49,46.94,13,19,68.42,23,17,40,4,8,13,0,5,4,0,20,20,73,0,0,1,0,0,74,76,0,NA,0,0,0,0,0,0,0
1521228,1,"Liga Nacional","Liga Endesa",-402534000,NA,"https://www.acb.com/Documentos/Cabeceras/logo-competicion-1b.png","https://www.acb.com/Documentos/Cabeceras/logo-competicion-4a.png",62,1997,107,NA,NA,1574,9659,NA,NA,TRUE,1198,1198,1463,"Valvi Girona","Valvi Girona","GIR",1209,1801,"Caja Cantabria","Caja Cantabria","CAN",1,104,12000,5,10,50,38,59,64,13,24,54,28,12,40,13,8,19,0,2,1,2,25,23,108,0,0,0,11,0,1144,94,0,0,0,0,0,0,0,0,0
1521229,1,"Liga Nacional","Liga Endesa",-402534000,NA,"https://www.acb.com/Documentos/Cabeceras/logo-competicion-1b.png","https://www.acb.com/Documentos/Cabeceras/logo-competicion-4a.png",62,1997,107,NA,NA,1574,9659,NA,NA,FALSE,1209,1198,1463,"Valvi Girona","Valvi Girona","GIR",1209,1801,"Caja Cantabria","Caja Cantabria","CAN",1,94,12000,2,12,16.67,37,62,59.68,14,32,43.75,19,18,37,15,12,19,0,1,2,0,23,25,87,0,0,1,0,0,94,104,0,NA,0,0,0,0,0,0,0
1521137,1,"Liga Nacional","Liga Endesa",-402534000,NA,"https://www.acb.com/Documentos/Cabeceras/logo-competicion-1b.png","https://www.acb.com/Documentos/Cabeceras/logo-competicion-4a.png",62,1997,107,NA,NA,1574,9655,NA,NA,FALSE,1194,1201,618,"Festina Joventut","Festina Jov.","JOV",1194,207,"TAU Cerámica","TAU Cerámica","TAU",1,88,12000,6,13,46,20,33,60,30,39,76,21,7,28,16,7,14,0,0,1,6,26,27,96,0,0,0,11,0,880,87,0,0,0,0,0,0,0,0,0
1521136,1,"Liga Nacional","Liga Endesa",-402534000,NA,"https://www.acb.com/Documentos/Cabeceras/logo-competicion-1b.png","https://www.acb.com/Documentos/Cabeceras/logo-competicion-4a.png",62,1997,107,NA,NA,1574,9655,NA,NA,TRUE,1201,1201,618,"Festina Joventut","Festina Jov.","JOV",1194,207,"TAU Cerámica","TAU Cerámica","TAU",1,87,12000,8,22,36.36,22,45,48.89,19,23,82.61,16,16,32,14,12,11,0,1,0,2,27,26,93,0,0,1,0,0,87,88,0,NA,0,0,0,0,0,0,0
1521159,1,"Liga Nacional","Liga Endesa",-402534000,NA,"https://www.acb.com/Documentos/Cabeceras/logo-competicion-1b.png","https://www.acb.com/Documentos/Cabeceras/logo-competicion-4a.png",62,1997,107,NA,NA,1574,9656,NA,NA,TRUE,1197,1197,455,"Adecco Estudiantes","Adecco Estu","EST",1204,863,"TDK Manresa","TDK Manresa","TDK",1,88,12000,7,20,35,27,48,56,13,17,76,24,10,34,14,7,12,0,1,3,1,24,20,87,0,0,0,10,0,880,87,0,0,0,0,0,0,0,0,0
1521160,1,"Liga Nacional","Liga Endesa",-402534000,NA,"https://www.acb.com/Documentos/Cabeceras/logo-competicion-1b.png","https://www.acb.com/Documentos/Cabeceras/logo-competicion-4a.png",62,1997,107,NA,NA,1574,9656,NA,NA,FALSE,1204,1197,455,"Adecco Estudiantes","Adecco Estu","EST",1204,863,"TDK Manresa","TDK Manresa","TDK",1,87,12000,7,18,38.89,24,52,46.15,18,25,72,21,17,38,9,10,14,0,3,1,1,20,24,90,0,0,1,0,0,87,88,0,NA,0,0,0,0,0,0,0
1521181,1,"Liga Nacional","Liga Endesa",-402534000,NA,"https://www.acb.com/Documentos/Cabeceras/logo-competicion-1b.png","https://www.acb.com/Documentos/Cabeceras/logo-competicion-4a.png",62,1997,107,NA,NA,1574,9657,NA,NA,TRUE,1200,1200,1527,"Ciudad de Huelva","Ciudad Huelva","HUE",1193,92,"FC Barcelona Banca Catalana","FC Barcelona","FCB",1,84,12000,9,19,47.37,22,44,50,13,21,61.9,18,8,26,11,6,8,0,1,2,2,19,19,78,0,0,1,0,0,84,93,0,NA,0,0,0,0,0,0,0
1521182,1,"Liga Nacional","Liga Endesa",-402534000,NA,"https://www.acb.com/Documentos/Cabeceras/logo-competicion-1b.png","https://www.acb.com/Documentos/Cabeceras/logo-competicion-4a.png",62,1997,107,NA,NA,1574,9657,NA,NA,FALSE,1193,1200,1527,"Ciudad de Huelva","Ciudad Huelva","HUE",1193,92,"FC Barcelona Banca Catalana","FC Barcelona","FCB",1,93,12000,2,11,18.18,35,53,66.04,17,18,94.44,27,8,35,11,8,9,0,2,1,3,19,19,111,0,0,0,1,0,93,84,0,NA,0,0,0,0,0,0,0
1521204,1,"Liga Nacional","Liga Endesa",-402534000,NA,"https://www.acb.com/Documentos/Cabeceras/logo-competicion-1b.png","https://www.acb.com/Documentos/Cabeceras/logo-competicion-4a.png",62,1997,107,NA,NA,1574,9658,NA,NA,TRUE,1199,1199,2,"Covirán Sierra Nevada","Covirán","GRA",1196,330,"Gran Canaria","Gran Canaria","GCA",1,98,12000,8,12,66,27,44,61,20,32,62,28,10,38,16,9,17,0,3,2,2,27,24,109,0,0,0,10,0,980,88,0,0,0,0,0,0,0,0,0
1521205,1,"Liga Nacional","Liga Endesa",-402534000,NA,"https://www.acb.com/Documentos/Cabeceras/logo-competicion-1b.png","https://www.acb.com/Documentos/Cabeceras/logo-competicion-4a.png",62,1997,107,NA,NA,1574,9658,NA,NA,FALSE,1196,1199,2,"Covirán Sierra Nevada","Covirán","GRA",1196,330,"Gran Canaria","Gran Canaria","GCA",1,88,12000,5,20,25,27,45,60,19,31,61.29,19,9,28,14,10,9,0,2,3,1,24,27,88,0,0,1,0,0,88,98,0,NA,0,0,0,0,0,0,0
1521279,1,"Liga Nacional","Liga Endesa",-402534000,NA,"https://www.acb.com/Documentos/Cabeceras/logo-competicion-1b.png","https://www.acb.com/Documentos/Cabeceras/logo-competicion-4a.png",62,1997,107,NA,NA,1574,9661,NA,NA,FALSE,1210,1205,1719,"Ourense Xacobeo 99","Ourense Xacobeo","OUR",1210,1845,"Fórum Valladolid","Fórum Vall.","FOR",1,102,13500,8,19,42,33,49,67,12,26,46,13,10,23,9,15,13,0,4,0,1,25,24,98,0,0,0,10,0,1020,98,0,0,0,0,0,0,0,0,0
1521278,1,"Liga Nacional","Liga Endesa",-402534000,NA,"https://www.acb.com/Documentos/Cabeceras/logo-competicion-1b.png","https://www.acb.com/Documentos/Cabeceras/logo-competicion-4a.png",62,1997,107,NA,NA,1574,9661,NA,NA,TRUE,1205,1205,1719,"Ourense Xacobeo 99","Ourense Xacobeo","OUR",1210,1845,"Fórum Valladolid","Fórum Vall.","FOR",1,98,13500,5,13,38.46,29,49,59.18,25,32,78.12,24,16,40,6,8,20,0,0,4,2,24,25,94,0,0,1,0,0,98,102,0,NA,0,0,0,0,0,0,0
1521304,1,"Liga Nacional","Liga Endesa",-402534000,NA,"https://www.acb.com/Documentos/Cabeceras/logo-competicion-1b.png","https://www.acb.com/Documentos/Cabeceras/logo-competicion-4a.png",62,1997,107,NA,NA,1574,9662,NA,NA,FALSE,1207,1206,950,"Pamesa Valencia","Pamesa Valencia","PAM",1207,1046,"Unicaja","Unicaja","UNI",1,78,12000,5,16,31,22,43,51,19,25,76,23,14,37,9,2,11,0,5,4,6,27,23,74,0,0,11,0,0,858,85,0,0,0,0,0,0,0,0,0
1521303,1,"Liga Nacional","Liga Endesa",-402534000,NA,"https://www.acb.com/Documentos/Cabeceras/logo-competicion-1b.png","https://www.acb.com/Documentos/Cabeceras/logo-competicion-4a.png",62,1997,107,NA,NA,1574,9662,NA,NA,TRUE,1206,1206,950,"Pamesa Valencia","Pamesa Valencia","PAM",1207,1046,"Unicaja","Unicaja","UNI",1,85,12000,4,10,40,23,41,56,27,38,71,18,7,25,11,7,6,0,4,3,6,23,27,92,0,0,0,10,0,850,78,0,0,0,0,0,0,0,0,0
1521255,1,"Liga Nacional","Liga Endesa",-402534000,NA,"https://www.acb.com/Documentos/Cabeceras/logo-competicion-1b.png","https://www.acb.com/Documentos/Cabeceras/logo-competicion-4a.png",62,1997,107,NA,NA,1574,9660,NA,NA,FALSE,1208,1203,751,"Real Madrid Teka","Real Madrid","RMB",1208,1121,"Caja San Fernando","C. San Fernando","CSF",1,70,12000,5,13,38,23,44,52,9,14,64,20,9,29,5,3,15,0,1,4,1,17,18,56,0,0,10,0,0,700,79,0,0,0,0,0,0,0,0,0
1521254,1,"Liga Nacional","Liga Endesa",-402534000,NA,"https://www.acb.com/Documentos/Cabeceras/logo-competicion-1b.png","https://www.acb.com/Documentos/Cabeceras/logo-competicion-4a.png",62,1997,107,NA,NA,1574,9660,NA,NA,TRUE,1203,1203,751,"Real Madrid Teka","Real Madrid","RMB",1208,1121,"Caja San Fernando","C. San Fernando","CSF",1,79,12000,4,15,26,28,48,58,11,16,68,19,9,28,10,8,7,0,4,1,1,18,17,84,0,0,0,11,0,869,70,0,0,0,0,0,0,0,0,0
1521325,1,"Liga Nacional","Liga Endesa",-402534000,NA,"https://www.acb.com/Documentos/Cabeceras/logo-competicion-1b.png","https://www.acb.com/Documentos/Cabeceras/logo-competicion-4a.png",62,1997,107,NA,NA,1574,9663,NA,NA,TRUE,1195,1195,1369,"Cáceres CB","Cáceres CB","CAC",1202,1605,"León Caja España","León C. España","LEO",1,71,12000,7,17,41,20,44,45,10,16,62,20,10,30,6,6,13,0,3,2,3,25,17,53,0,0,11,0,0,710,82,0,0,0,0,0,0,0,0,0
1521326,1,"Liga Nacional","Liga Endesa",-402534000,NA,"https://www.acb.com/Documentos/Cabeceras/logo-competicion-1b.png","https://www.acb.com/Documentos/Cabeceras/logo-competicion-4a.png",62,1997,107,NA,NA,1574,9663,NA,NA,FALSE,1202,1195,1369,"Cáceres CB","Cáceres CB","CAC",1202,1605,"León Caja España","León C. España","LEO",1,82,12000,5,19,26.32,22,37,59.46,23,30,76.67,25,10,35,15,10,13,0,2,3,2,17,25,100,0,0,0,1,0,82,71,0,NA,0,0,0,0,0,0,0
1521448,1,"Liga Nacional","Liga Endesa",-402534000,NA,"https://www.acb.com/Documentos/Cabeceras/logo-competicion-1b.png","https://www.acb.com/Documentos/Cabeceras/logo-competicion-4a.png",62,1997,107,NA,NA,1575,9668,NA,NA,TRUE,1209,1209,1801,"Caja Cantabria","Caja Cantabria","CAN",1203,751,"Real Madrid Teka","Real Madrid","RMB",1,74,12000,4,15,26.67,24,48,50,14,18,77.78,17,15,32,8,3,15,0,2,0,2,22,19,62,0,0,1,0,0,74,99,0,NA,0,0,0,0,0,0,0
1521449,1,"Liga Nacional","Liga Endesa",-402534000,NA,"https://www.acb.com/Documentos/Cabeceras/logo-competicion-1b.png","https://www.acb.com/Documentos/Cabeceras/logo-competicion-4a.png",62,1997,107,NA,NA,1575,9668,NA,NA,FALSE,1203,1209,1801,"Caja Cantabria","Caja Cantabria","CAN",1203,751,"Real Madrid Teka","Real Madrid","RMB",1,99,12000,6,9,66.67,33,49,67.35,15,21,71.43,22,4,26,15,14,8,0,0,2,2,19,22,122,0,0,0,1,0,99,74,0,NA,0,0,0,0,0,0,0
1521497,1,"Liga Nacional","Liga Endesa",-402534000,NA,"https://www.acb.com/Documentos/Cabeceras/logo-competicion-1b.png","https://www.acb.com/Documentos/Cabeceras/logo-competicion-4a.png",62,1997,107,NA,NA,1575,9670,NA,NA,FALSE,1199,1193,92,"FC Barcelona Banca Catalana","FC Barcelona","FCB",1199,2,"Covirán Sierra Nevada","Covirán","GRA",1,75,12000,5,13,38,22,45,48,16,25,64,21,8,29,12,6,17,0,2,3,0,25,26,65,0,0,10,0,0,750,99,0,0,0,0,0,0,0,0,0
1521496,1,"Liga Nacional","Liga Endesa",-402534000,NA,"https://www.acb.com/Documentos/Cabeceras/logo-competicion-1b.png","https://www.acb.com/Documentos/Cabeceras/logo-competicion-4a.png",62,1997,107,NA,NA,1575,9670,NA,NA,TRUE,1193,1193,92,"FC Barcelona Banca Catalana","FC Barcelona","FCB",1199,2,"Covirán Sierra Nevada","Covirán","GRA",1,99,12000,7,16,43.75,28,47,59.57,22,26,84.62,28,7,35,12,14,14,0,3,2,1,26,25,114,0,0,0,1,0,99,75,0,NA,0,0,0,0,0,0,0
1521518,1,"Liga Nacional","Liga Endesa",-402534000,NA,"https://www.acb.com/Documentos/Cabeceras/logo-competicion-1b.png","https://www.acb.com/Documentos/Cabeceras/logo-competicion-4a.png",62,1997,107,NA,NA,1575,9671,NA,NA,FALSE,1200,1204,863,"TDK Manresa","TDK Manresa","TDK",1200,1527,"Ciudad de Huelva","Ciudad Huelva","HUE",1,81,12000,7,16,43.75,23,36,63.89,14,16,87.5,26,6,32,8,5,14,0,1,7,2,21,17,78,0,0,0,1,0,81,80,0,NA,0,0,0,0,0,0,0
1521517,1,"Liga Nacional","Liga Endesa",-402534000,NA,"https://www.acb.com/Documentos/Cabeceras/logo-competicion-1b.png","https://www.acb.com/Documentos/Cabeceras/logo-competicion-4a.png",62,1997,107,NA,NA,1575,9671,NA,NA,TRUE,1204,1204,863,"TDK Manresa","TDK Manresa","TDK",1200,1527,"Ciudad de Huelva","Ciudad Huelva","HUE",1,80,12000,3,10,30,27,52,51.92,17,22,77.27,16,11,27,10,6,8,0,7,1,4,17,21,88,0,0,1,0,0,80,81,0,NA,0,0,0,0,0,0,0
1521401,1,"Liga Nacional","Liga Endesa",-402534000,NA,"https://www.acb.com/Documentos/Cabeceras/logo-competicion-1b.png","https://www.acb.com/Documentos/Cabeceras/logo-competicion-4a.png",62,1997,107,NA,NA,1575,9666,NA,NA,TRUE,1210,1210,1845,"Fórum Valladolid","Fórum Vall.","FOR",1206,950,"Pamesa Valencia","Pamesa Valencia","PAM",1,70,12000,7,24,29,22,43,51,5,12,41,16,9,25,7,8,11,0,3,3,0,18,15,51,0,0,11,0,0,770,94,0,0,0,0,0,0,0,0,0
1521402,1,"Liga Nacional","Liga Endesa",-402534000,NA,"https://www.acb.com/Documentos/Cabeceras/logo-competicion-1b.png","https://www.acb.com/Documentos/Cabeceras/logo-competicion-4a.png",62,1997,107,NA,NA,1575,9666,NA,NA,FALSE,1206,1210,1845,"Fórum Valladolid","Fórum Vall.","FOR",1206,950,"Pamesa Valencia","Pamesa Valencia","PAM",1,94,12000,5,13,38,32,54,59,15,19,78,31,15,46,13,3,12,0,3,3,6,15,18,113,0,0,0,13,0,1222,70,0,0,0,0,0,0,0,0,0
1521542,1,"Liga Nacional","Liga Endesa",-402534000,NA,"https://www.acb.com/Documentos/Cabeceras/logo-competicion-1b.png","https://www.acb.com/Documentos/Cabeceras/logo-competicion-4a.png",62,1997,107,NA,NA,1575,9672,NA,NA,FALSE,1197,1194,207,"TAU Cerámica","TAU Cerámica","TAU",1197,455,"Adecco Estudiantes","Adecco Estu","EST",1,84,12000,5,13,38,25,50,50,19,25,76,16,12,28,7,6,14,0,3,0,3,28,25,72,0,0,9,0,0,756,101,0,0,0,0,0,0,0,0,0
1521541,1,"Liga Nacional","Liga Endesa",-402534000,NA,"https://www.acb.com/Documentos/Cabeceras/logo-competicion-1b.png","https://www.acb.com/Documentos/Cabeceras/logo-competicion-4a.png",62,1997,107,NA,NA,1575,9672,NA,NA,TRUE,1194,1194,207,"TAU Cerámica","TAU Cerámica","TAU",1197,455,"Adecco Estudiantes","Adecco Estu","EST",1,101,12000,11,17,64,22,36,61,24,28,85,19,7,26,22,10,14,0,0,3,4,25,28,121,0,0,0,12,0,1111,84,0,0,0,0,0,0,0,0,0
1521373,1,"Liga Nacional","Liga Endesa",-402534000,NA,"https://www.acb.com/Documentos/Cabeceras/logo-competicion-1b.png","https://www.acb.com/Documentos/Cabeceras/logo-competicion-4a.png",62,1997,107,NA,NA,1575,9665,NA,NA,TRUE,1207,1207,1046,"Unicaja","Unicaja","UNI",1195,1369,"Cáceres CB","Cáceres CB","CAC",1,104,12000,10,14,71,25,42,59,24,33,72,27,5,32,18,6,8,0,2,2,2,25,26,123,0,0,0,13,0,1352,63,0,0,0,0,0,0,0,0,0
1521374,1,"Liga Nacional","Liga Endesa",-402534000,NA,"https://www.acb.com/Documentos/Cabeceras/logo-competicion-1b.png","https://www.acb.com/Documentos/Cabeceras/logo-competicion-4a.png",62,1997,107,NA,NA,1575,9665,NA,NA,FALSE,1195,1207,1046,"Unicaja","Unicaja","UNI",1195,1369,"Cáceres CB","Cáceres CB","CAC",1,63,12000,3,17,17.65,19,40,47.5,16,21,76.19,18,9,27,9,4,15,0,2,2,2,26,25,47,0,0,1,0,0,63,104,0,NA,0,0,0,0,0,0,0
1521424,1,"Liga Nacional","Liga Endesa",-402534000,NA,"https://www.acb.com/Documentos/Cabeceras/logo-competicion-1b.png","https://www.acb.com/Documentos/Cabeceras/logo-competicion-4a.png",62,1997,107,NA,NA,1575,9667,NA,NA,TRUE,1208,1208,1121,"Caja San Fernando","C. San Fernando","CSF",1205,1719,"Ourense Xacobeo 99","Ourense Xacobeo","OUR",1,71,12000,7,15,46,17,35,48,16,26,61,23,11,34,8,5,13,0,4,2,1,21,20,70,0,0,0,10,0,710,66,0,0,0,0,0,0,0,0,0
1521425,1,"Liga Nacional","Liga Endesa",-402534000,NA,"https://www.acb.com/Documentos/Cabeceras/logo-competicion-1b.png","https://www.acb.com/Documentos/Cabeceras/logo-competicion-4a.png",62,1997,107,NA,NA,1575,9667,NA,NA,FALSE,1205,1208,1121,"Caja San Fernando","C. San Fernando","CSF",1205,1719,"Ourense Xacobeo 99","Ourense Xacobeo","OUR",1,66,12000,6,19,31.58,21,39,53.85,6,17,35.29,17,12,29,8,9,14,0,2,4,0,20,21,55,0,0,1,0,0,66,71,0,NA,0,0,0,0,0,0,0
1521472,1,"Liga Nacional","Liga Endesa",-402534000,NA,"https://www.acb.com/Documentos/Cabeceras/logo-competicion-1b.png","https://www.acb.com/Documentos/Cabeceras/logo-competicion-4a.png",62,1997,107,NA,NA,1575,9669,NA,NA,FALSE,1198,1196,330,"Gran Canaria","Gran Canaria","GCA",1198,1463,"Valvi Girona","Valvi Girona","GIR",1,89,12000,6,12,50,20,39,51,31,38,81,24,5,29,15,11,16,0,2,2,1,20,26,102,0,0,0,9,0,801,85,0,0,0,0,0,0,0,0,0
1521471,1,"Liga Nacional","Liga Endesa",-402534000,NA,"https://www.acb.com/Documentos/Cabeceras/logo-competicion-1b.png","https://www.acb.com/Documentos/Cabeceras/logo-competicion-4a.png",62,1997,107,NA,NA,1575,9669,NA,NA,TRUE,1196,1196,330,"Gran Canaria","Gran Canaria","GCA",1198,1463,"Valvi Girona","Valvi Girona","GIR",1,85,12000,8,15,53.33,25,57,43.86,11,15,73.33,22,13,35,12,13,15,0,2,2,3,26,20,81,0,0,1,0,0,85,89,0,NA,0,0,0,0,0,0,0
1521347,1,"Liga Nacional","Liga Endesa",-402534000,NA,"https://www.acb.com/Documentos/Cabeceras/logo-competicion-1b.png","https://www.acb.com/Documentos/Cabeceras/logo-competicion-4a.png",62,1997,107,NA,NA,1575,9664,NA,NA,FALSE,1201,1202,1605,"León Caja España","León C. España","LEO",1201,618,"Festina Joventut","Festina Jov.","JOV",1,88,12000,7,23,30.43,20,38,52.63,27,36,75,26,11,37,7,7,8,0,2,2,2,22,31,97,0,0,0,1,0,88,81,0,NA,0,0,0,0,0,0,0
1521346,1,"Liga Nacional","Liga Endesa",-402534000,NA,"https://www.acb.com/Documentos/Cabeceras/logo-competicion-1b.png","https://www.acb.com/Documentos/Cabeceras/logo-competicion-4a.png",62,1997,107,NA,NA,1575,9664,NA,NA,TRUE,1202,1202,1605,"León Caja España","León C. España","LEO",1201,618,"Festina Joventut","Festina Jov.","JOV",1,81,12000,7,16,43.75,21,46,45.65,18,26,69.23,26,11,37,7,6,10,0,2,2,0,31,22,70,0,0,1,0,0,81,88,0,NA,0,0,0,0,0,0,0
1521566,1,"Liga Nacional","Liga Endesa",-402534000,NA,"https://www.acb.com/Documentos/Cabeceras/logo-competicion-1b.png","https://www.acb.com/Documentos/Cabeceras/logo-competicion-4a.png",62,1997,107,NA,NA,1576,9673,NA,NA,TRUE,1201,1201,618,"Festina Joventut","Festina Jov.","JOV",1200,1527,"Ciudad de Huelva","Ciudad Huelva","HUE",1,101,12000,5,16,31.25,33,58,56.9,20,27,74.07,20,17,37,17,16,11,0,4,0,7,18,24,127,0,0,0,1,0,101,78,0,NA,0,0,0,0,0,0,0
1521567,1,"Liga Nacional","Liga Endesa",-402534000,NA,"https://www.acb.com/Documentos/Cabeceras/logo-competicion-1b.png","https://www.acb.com/Documentos/Cabeceras/logo-competicion-4a.png",62,1997,107,NA,NA,1576,9673,NA,NA,FALSE,1200,1201,618,"Festina Joventut","Festina Jov.","JOV",1200,1527,"Ciudad de Huelva","Ciudad Huelva","HUE",1,78,12000,2,8,25,27,50,54,18,19,94.74,21,9,30,7,5,22,0,0,4,1,24,18,58,0,0,1,0,0,78,101,0,NA,0,0,0,0,0,0,0
1521588,1,"Liga Nacional","Liga Endesa",-402534000,NA,"https://www.acb.com/Documentos/Cabeceras/logo-competicion-1b.png","https://www.acb.com/Documentos/Cabeceras/logo-competicion-4a.png",62,1997,107,NA,NA,1576,9674,NA,NA,TRUE,1199,1199,2,"Covirán Sierra Nevada","Covirán","GRA",1197,455,"Adecco Estudiantes","Adecco Estu","EST",1,79,12000,3,17,17,20,39,51,30,35,85,26,13,39,14,14,18,0,0,0,0,22,24,92,0,0,9,0,0,711,83,0,0,0,0,0,0,0,0,0
1521589,1,"Liga Nacional","Liga Endesa",-402534000,NA,"https://www.acb.com/Documentos/Cabeceras/logo-competicion-1b.png","https://www.acb.com/Documentos/Cabeceras/logo-competicion-4a.png",62,1997,107,NA,NA,1576,9674,NA,NA,FALSE,1197,1199,2,"Covirán Sierra Nevada","Covirán","GRA",1197,455,"Adecco Estudiantes","Adecco Estu","EST",1,83,12000,8,21,38.1,23,48,47.92,13,22,59.09,21,16,37,14,14,17,0,0,0,3,24,22,82,0,0,0,1,0,83,79,0,NA,0,0,0,0,0,0,0
1521634,1,"Liga Nacional","Liga Endesa",-402534000,NA,"https://www.acb.com/Documentos/Cabeceras/logo-competicion-1b.png","https://www.acb.com/Documentos/Cabeceras/logo-competicion-4a.png",62,1997,107,NA,NA,1576,9676,NA,NA,TRUE,1203,1203,751,"Real Madrid Teka","Real Madrid","RMB",1204,863,"TDK Manresa","TDK Manresa","TDK",1,72,12000,8,14,57,20,44,45,8,10,80,18,10,28,14,8,16,0,2,5,0,23,17,65,0,0,11,0,0,792,84,0,0,0,0,0,0,0,0,0
1521635,1,"Liga Nacional","Liga Endesa",-402534000,NA,"https://www.acb.com/Documentos/Cabeceras/logo-competicion-1b.png","https://www.acb.com/Documentos/Cabeceras/logo-competicion-4a.png",62,1997,107,NA,NA,1576,9676,NA,NA,FALSE,1204,1203,751,"Real Madrid Teka","Real Madrid","RMB",1204,863,"TDK Manresa","TDK Manresa","TDK",1,84,12000,2,7,28.57,30,51,58.82,18,27,66.67,21,12,33,13,9,8,0,5,2,5,17,23,105,0,0,0,1,0,84,72,0,NA,0,0,0,0,0,0,0
1521724,1,"Liga Nacional","Liga Endesa",-402534000,NA,"https://www.acb.com/Documentos/Cabeceras/logo-competicion-1b.png","https://www.acb.com/Documentos/Cabeceras/logo-competicion-4a.png",62,1997,107,NA,NA,1576,9680,NA,NA,TRUE,1202,1202,1605,"León Caja España","León C. España","LEO",1208,1121,"Caja San Fernando","C. San Fernando","CSF",1,90,12000,8,17,47.06,22,41,53.66,22,25,88,27,8,35,9,8,13,0,1,4,0,20,25,100,0,0,0,1,0,90,79,0,NA,0,0,0,0,0,0,0
1521725,1,"Liga Nacional","Liga Endesa",-402534000,NA,"https://www.acb.com/Documentos/Cabeceras/logo-competicion-1b.png","https://www.acb.com/Documentos/Cabeceras/logo-competicion-4a.png",62,1997,107,NA,NA,1576,9680,NA,NA,FALSE,1208,1202,1605,"León Caja España","León C. España","LEO",1208,1121,"Caja San Fernando","C. San Fernando","CSF",1,79,12000,5,10,50,27,53,50,10,13,76,22,4,26,14,10,11,0,4,1,2,25,20,82,0,0,10,0,0,790,90,0,0,0,0,0,0,0,0,0
1521746,1,"Liga Nacional","Liga Endesa",-402534000,NA,"https://www.acb.com/Documentos/Cabeceras/logo-competicion-1b.png","https://www.acb.com/Documentos/Cabeceras/logo-competicion-4a.png",62,1997,107,NA,NA,1576,9681,NA,NA,TRUE,1207,1207,1046,"Unicaja","Unicaja","UNI",1210,1845,"Fórum Valladolid","Fórum Vall.","FOR",1,77,12000,6,20,30,24,45,53,11,13,84,26,13,39,11,7,10,0,4,3,2,21,18,85,0,0,0,10,0,770,76,0,0,0,0,0,0,0,0,0
1521747,1,"Liga Nacional","Liga Endesa",-402534000,NA,"https://www.acb.com/Documentos/Cabeceras/logo-competicion-1b.png","https://www.acb.com/Documentos/Cabeceras/logo-competicion-4a.png",62,1997,107,NA,NA,1576,9681,NA,NA,FALSE,1210,1207,1046,"Unicaja","Unicaja","UNI",1210,1845,"Fórum Valladolid","Fórum Vall.","FOR",1,76,12000,7,17,41.18,23,44,52.27,9,18,50,20,10,30,10,8,7,0,3,4,1,18,21,79,0,0,1,0,0,76,77,0,NA,0,0,0,0,0,0,0
1521659,1,"Liga Nacional","Liga Endesa",-402534000,NA,"https://www.acb.com/Documentos/Cabeceras/logo-competicion-1b.png","https://www.acb.com/Documentos/Cabeceras/logo-competicion-4a.png",62,1997,107,NA,NA,1576,9677,NA,NA,TRUE,1205,1205,1719,"Ourense Xacobeo 99","Ourense Xacobeo","OUR",1193,92,"FC Barcelona Banca Catalana","FC Barcelona","FCB",1,73,12000,5,16,31.25,23,45,51.11,12,23,52.17,17,9,26,13,11,8,0,4,5,4,25,20,65,0,0,1,0,0,73,95,0,NA,0,0,0,0,0,0,0
1521660,1,"Liga Nacional","Liga Endesa",-402534000,NA,"https://www.acb.com/Documentos/Cabeceras/logo-competicion-1b.png","https://www.acb.com/Documentos/Cabeceras/logo-competicion-4a.png",62,1997,107,NA,NA,1576,9677,NA,NA,FALSE,1193,1205,1719,"Ourense Xacobeo 99","Ourense Xacobeo","OUR",1193,92,"FC Barcelona Banca Catalana","FC Barcelona","FCB",1,95,12000,11,19,57.89,20,39,51.28,22,27,81.48,31,12,43,9,3,14,0,5,4,1,20,25,110,0,0,0,1,0,95,73,0,NA,0,0,0,0,0,0,0
1521681,1,"Liga Nacional","Liga Endesa",-402534000,NA,"https://www.acb.com/Documentos/Cabeceras/logo-competicion-1b.png","https://www.acb.com/Documentos/Cabeceras/logo-competicion-4a.png",62,1997,107,NA,NA,1576,9678,NA,NA,TRUE,1206,1206,950,"Pamesa Valencia","Pamesa Valencia","PAM",1196,330,"Gran Canaria","Gran Canaria","GCA",1,84,12000,8,19,42,21,41,51,18,24,75,17,10,27,18,13,11,0,1,2,2,21,24,96,0,0,9,0,0,756,85,0,0,0,0,0,0,0,0,0
1521682,1,"Liga Nacional","Liga Endesa",-402534000,NA,"https://www.acb.com/Documentos/Cabeceras/logo-competicion-1b.png","https://www.acb.com/Documentos/Cabeceras/logo-competicion-4a.png",62,1997,107,NA,NA,1576,9678,NA,NA,FALSE,1196,1206,950,"Pamesa Valencia","Pamesa Valencia","PAM",1196,330,"Gran Canaria","Gran Canaria","GCA",1,85,12000,4,7,57.14,30,54,55.56,13,22,59.09,24,16,40,14,7,16,0,3,1,1,24,21,93,0,0,0,1,0,85,84,0,NA,0,0,0,0,0,0,0
1521611,1,"Liga Nacional","Liga Endesa",-402534000,NA,"https://www.acb.com/Documentos/Cabeceras/logo-competicion-1b.png","https://www.acb.com/Documentos/Cabeceras/logo-competicion-4a.png",62,1997,107,NA,NA,1576,9675,NA,NA,TRUE,1198,1198,1463,"Valvi Girona","Valvi Girona","GIR",1194,207,"TAU Cerámica","TAU Cerámica","TAU",1,87,12000,5,15,33,27,47,57,18,27,66,18,9,27,11,11,18,0,2,1,1,28,27,79,0,0,9,0,0,783,103,0,0,0,0,0,0,0,0,0
1521612,1,"Liga Nacional","Liga Endesa",-402534000,NA,"https://www.acb.com/Documentos/Cabeceras/logo-competicion-1b.png","https://www.acb.com/Documentos/Cabeceras/logo-competicion-4a.png",62,1997,107,NA,NA,1576,9675,NA,NA,FALSE,1194,1198,1463,"Valvi Girona","Valvi Girona","GIR",1194,207,"TAU Cerámica","TAU Cerámica","TAU",1,103,12000,4,10,40,30,40,75,31,44,70,26,6,32,14,17,19,0,1,2,5,27,28,118,0,0,0,11,0,1030,87,0,0,0,0,0,0,0,0,0
1521702,1,"Liga Nacional","Liga Endesa",-402534000,NA,"https://www.acb.com/Documentos/Cabeceras/logo-competicion-1b.png","https://www.acb.com/Documentos/Cabeceras/logo-competicion-4a.png",62,1997,107,NA,NA,1576,9679,NA,NA,TRUE,1195,1195,1369,"Cáceres CB","Cáceres CB","CAC",1209,1801,"Caja Cantabria","Caja Cantabria","CAN",1,76,12000,5,17,29.41,22,39,56.41,17,24,70.83,13,9,22,3,11,12,0,2,3,1,29,22,56,0,0,1,0,0,76,86,0,NA,0,0,0,0,0,0,0
1521703,1,"Liga Nacional","Liga Endesa",-402534000,NA,"https://www.acb.com/Documentos/Cabeceras/logo-competicion-1b.png","https://www.acb.com/Documentos/Cabeceras/logo-competicion-4a.png",62,1997,107,NA,NA,1576,9679,NA,NA,FALSE,1209,1195,1369,"Cáceres CB","Cáceres CB","CAC",1209,1801,"Caja Cantabria","Caja Cantabria","CAN",1,86,12000,5,10,50,21,47,44.68,29,40,72.5,18,19,37,9,8,14,0,3,2,1,22,29,92,0,0,0,1,0,86,76,0,NA,0,0,0,0,0,0,0
1521837,1,"Liga Nacional","Liga Endesa",-402534000,NA,"https://www.acb.com/Documentos/Cabeceras/logo-competicion-1b.png","https://www.acb.com/Documentos/Cabeceras/logo-competicion-4a.png",62,1997,107,NA,NA,1577,9685,NA,NA,TRUE,1196,1196,330,"Gran Canaria","Gran Canaria","GCA",1195,1369,"Cáceres CB","Cáceres CB","CAC",1,89,12000,10,17,58.82,22,43,51.16,15,19,78.95,22,12,34,17,9,12,0,1,2,2,18,22,108,0,0,0,1,0,89,77,0,NA,0,0,0,0,0,0,0
1521838,1,"Liga Nacional","Liga Endesa",-402534000,NA,"https://www.acb.com/Documentos/Cabeceras/logo-competicion-1b.png","https://www.acb.com/Documentos/Cabeceras/logo-competicion-4a.png",62,1997,107,NA,NA,1577,9685,NA,NA,FALSE,1195,1196,330,"Gran Canaria","Gran Canaria","GCA",1195,1369,"Cáceres CB","Cáceres CB","CAC",1,77,12000,5,14,35.71,25,42,59.52,12,18,66.67,16,7,23,13,8,9,0,2,1,3,22,18,77,0,0,1,0,0,77,89,0,NA,0,0,0,0,0,0,0
1521881,1,"Liga Nacional","Liga Endesa",-402534000,NA,"https://www.acb.com/Documentos/Cabeceras/logo-competicion-1b.png","https://www.acb.com/Documentos/Cabeceras/logo-competicion-4a.png",62,1997,107,NA,NA,1577,9687,NA,NA,TRUE,1204,1204,863,"TDK Manresa","TDK Manresa","TDK",1205,1719,"Ourense Xacobeo 99","Ourense Xacobeo","OUR",1,61,12000,4,12,33.33,21,46,45.65,7,14,50,19,7,26,10,14,14,0,2,6,3,21,17,49,0,0,1,0,0,61,64,0,NA,0,0,0,0,0,0,0
1521882,1,"Liga Nacional","Liga Endesa",-402534000,NA,"https://www.acb.com/Documentos/Cabeceras/logo-competicion-1b.png","https://www.acb.com/Documentos/Cabeceras/logo-competicion-4a.png",62,1997,107,NA,NA,1577,9687,NA,NA,FALSE,1205,1204,863,"TDK Manresa","TDK Manresa","TDK",1205,1719,"Ourense Xacobeo 99","Ourense Xacobeo","OUR",1,64,12000,2,11,18.18,24,46,52.17,10,16,62.5,29,13,42,11,9,19,0,6,2,3,17,21,78,0,0,0,1,0,64,61,0,NA,0,0,0,0,0,0,0
1521862,1,"Liga Nacional","Liga Endesa",-402534000,NA,"https://www.acb.com/Documentos/Cabeceras/logo-competicion-1b.png","https://www.acb.com/Documentos/Cabeceras/logo-competicion-4a.png",62,1997,107,NA,NA,1577,9686,NA,NA,FALSE,1206,1193,92,"FC Barcelona Banca Catalana","FC Barcelona","FCB",1206,950,"Pamesa Valencia","Pamesa Valencia","PAM",1,80,12000,6,12,50,24,49,48,14,18,77,15,13,28,8,11,10,0,2,4,3,15,20,85,0,0,10,0,0,800,82,0,0,0,0,0,0,0,0,0
1521861,1,"Liga Nacional","Liga Endesa",-402534000,NA,"https://www.acb.com/Documentos/Cabeceras/logo-competicion-1b.png","https://www.acb.com/Documentos/Cabeceras/logo-competicion-4a.png",62,1997,107,NA,NA,1577,9686,NA,NA,TRUE,1193,1193,92,"FC Barcelona Banca Catalana","FC Barcelona","FCB",1206,950,"Pamesa Valencia","Pamesa Valencia","PAM",1,82,12000,6,14,42.86,24,36,66.67,16,17,94.12,21,6,27,14,7,13,0,4,2,1,20,15,93,0,0,0,1,0,82,80,0,NA,0,0,0,0,0,0,0
1521908,1,"Liga Nacional","Liga Endesa",-402534000,NA,"https://www.acb.com/Documentos/Cabeceras/logo-competicion-1b.png","https://www.acb.com/Documentos/Cabeceras/logo-competicion-4a.png",62,1997,107,NA,NA,1577,9688,NA,NA,FALSE,1203,1194,207,"TAU Cerámica","TAU Cerámica","TAU",1203,751,"Real Madrid Teka","Real Madrid","RMB",1,66,12000,2,5,40,25,47,53,10,12,83,21,5,26,8,3,10,0,3,2,1,21,17,63,0,0,11,0,0,726,81,0,0,0,0,0,0,0,0,0
1521907,1,"Liga Nacional","Liga Endesa",-402534000,NA,"https://www.acb.com/Documentos/Cabeceras/logo-competicion-1b.png","https://www.acb.com/Documentos/Cabeceras/logo-competicion-4a.png",62,1997,107,NA,NA,1577,9688,NA,NA,TRUE,1194,1194,207,"TAU Cerámica","TAU Cerámica","TAU",1203,751,"Real Madrid Teka","Real Madrid","RMB",1,81,12000,5,15,33,23,43,53,20,27,74,20,13,33,9,9,7,0,2,3,2,17,21,91,0,0,0,12,0,891,66,0,0,0,0,0,0,0,0,0
1521767,1,"Liga Nacional","Liga Endesa",-402534000,NA,"https://www.acb.com/Documentos/Cabeceras/logo-competicion-1b.png","https://www.acb.com/Documentos/Cabeceras/logo-competicion-4a.png",62,1997,107,NA,NA,1577,9682,NA,NA,TRUE,1210,1210,1845,"Fórum Valladolid","Fórum Vall.","FOR",1201,618,"Festina Joventut","Festina Jov.","JOV",1,89,12000,8,18,44,19,36,52,27,35,77,22,6,28,6,4,14,0,4,6,1,20,24,80,0,0,9,0,0,801,102,0,0,0,0,0,0,0,0,0
1521768,1,"Liga Nacional","Liga Endesa",-402534000,NA,"https://www.acb.com/Documentos/Cabeceras/logo-competicion-1b.png","https://www.acb.com/Documentos/Cabeceras/logo-competicion-4a.png",62,1997,107,NA,NA,1577,9682,NA,NA,FALSE,1201,1210,1845,"Fórum Valladolid","Fórum Vall.","FOR",1201,618,"Festina Joventut","Festina Jov.","JOV",1,102,12000,9,21,42.86,28,50,56,19,24,79.17,25,14,39,12,9,10,0,6,4,1,24,21,112,0,0,0,1,0,102,89,0,NA,0,0,0,0,0,0,0
1521793,1,"Liga Nacional","Liga Endesa",-402534000,NA,"https://www.acb.com/Documentos/Cabeceras/logo-competicion-1b.png","https://www.acb.com/Documentos/Cabeceras/logo-competicion-4a.png",62,1997,107,NA,NA,1577,9683,NA,NA,FALSE,1207,1208,1121,"Caja San Fernando","C. San Fernando","CSF",1207,1046,"Unicaja","Unicaja","UNI",1,89,12000,8,18,44,21,38,55,23,34,67,24,11,35,10,11,15,0,3,3,4,21,27,98,0,0,0,10,0,890,70,0,0,0,0,0,0,0,0,0
1521792,1,"Liga Nacional","Liga Endesa",-402534000,NA,"https://www.acb.com/Documentos/Cabeceras/logo-competicion-1b.png","https://www.acb.com/Documentos/Cabeceras/logo-competicion-4a.png",62,1997,107,NA,NA,1577,9683,NA,NA,TRUE,1208,1208,1121,"Caja San Fernando","C. San Fernando","CSF",1207,1046,"Unicaja","Unicaja","UNI",1,70,12000,7,17,41,17,35,48,15,22,68,18,7,25,9,5,18,0,3,3,0,27,21,50,0,0,11,0,0,770,89,0,0,0,0,0,0,0,0,0
1521951,1,"Liga Nacional","Liga Endesa",-402534000,NA,"https://www.acb.com/Documentos/Cabeceras/logo-competicion-1b.png","https://www.acb.com/Documentos/Cabeceras/logo-competicion-4a.png",62,1997,107,NA,NA,1577,9690,NA,NA,FALSE,1199,1200,1527,"Ciudad de Huelva","Ciudad Huelva","HUE",1199,2,"Covirán Sierra Nevada","Covirán","GRA",1,97,12000,5,11,45,36,51,70,10,14,71,28,7,35,12,4,9,0,2,0,1,19,16,113,0,0,0,9,0,873,84,0,0,0,0,0,0,0,0,0
1521950,1,"Liga Nacional","Liga Endesa",-402534000,NA,"https://www.acb.com/Documentos/Cabeceras/logo-competicion-1b.png","https://www.acb.com/Documentos/Cabeceras/logo-competicion-4a.png",62,1997,107,NA,NA,1577,9690,NA,NA,TRUE,1200,1200,1527,"Ciudad de Huelva","Ciudad Huelva","HUE",1199,2,"Covirán Sierra Nevada","Covirán","GRA",1,84,12000,6,20,30,27,48,56.25,12,18,66.67,15,11,26,5,11,5,0,0,2,1,16,19,81,0,0,1,0,0,84,97,0,NA,0,0,0,0,0,0,0
1521816,1,"Liga Nacional","Liga Endesa",-402534000,NA,"https://www.acb.com/Documentos/Cabeceras/logo-competicion-1b.png","https://www.acb.com/Documentos/Cabeceras/logo-competicion-4a.png",62,1997,107,NA,NA,1577,9684,NA,NA,TRUE,1209,1209,1801,"Caja Cantabria","Caja Cantabria","CAN",1202,1605,"León Caja España","León C. España","LEO",1,92,12000,8,13,61.54,27,53,50.94,14,22,63.64,30,14,44,9,6,10,0,3,1,2,19,16,101,0,0,0,1,0,92,71,0,NA,0,0,0,0,0,0,0
1521817,1,"Liga Nacional","Liga Endesa",-402534000,NA,"https://www.acb.com/Documentos/Cabeceras/logo-competicion-1b.png","https://www.acb.com/Documentos/Cabeceras/logo-competicion-4a.png",62,1997,107,NA,NA,1577,9684,NA,NA,FALSE,1202,1209,1801,"Caja Cantabria","Caja Cantabria","CAN",1202,1605,"León Caja España","León C. España","LEO",1,71,12000,5,13,38.46,24,46,52.17,8,14,57.14,21,4,25,8,7,10,0,1,3,1,16,19,66,0,0,1,0,0,71,92,0,NA,0,0,0,0,0,0,0
1521930,1,"Liga Nacional","Liga Endesa",-402534000,NA,"https://www.acb.com/Documentos/Cabeceras/logo-competicion-1b.png","https://www.acb.com/Documentos/Cabeceras/logo-competicion-4a.png",62,1997,107,NA,NA,1577,9689,NA,NA,FALSE,1198,1197,455,"Adecco Estudiantes","Adecco Estu","EST",1198,1463,"Valvi Girona","Valvi Girona","GIR",1,71,12000,6,15,40,18,42,42,17,24,70,17,9,26,11,9,20,0,2,3,1,24,26,58,0,0,10,0,0,710,92,0,0,0,0,0,0,0,0,0
1521929,1,"Liga Nacional","Liga Endesa",-402534000,NA,"https://www.acb.com/Documentos/Cabeceras/logo-competicion-1b.png","https://www.acb.com/Documentos/Cabeceras/logo-competicion-4a.png",62,1997,107,NA,NA,1577,9689,NA,NA,TRUE,1197,1197,455,"Adecco Estudiantes","Adecco Estu","EST",1198,1463,"Valvi Girona","Valvi Girona","GIR",1,92,12000,5,16,31.25,29,50,58,19,27,70.37,27,16,43,12,15,16,0,3,2,0,26,24,105,0,0,0,1,0,92,71,0,NA,0,0,0,0,0,0,0
1521995,1,"Liga Nacional","Liga Endesa",-402534000,NA,"https://www.acb.com/Documentos/Cabeceras/logo-competicion-1b.png","https://www.acb.com/Documentos/Cabeceras/logo-competicion-4a.png",62,1997,107,NA,NA,1578,9692,NA,NA,TRUE,1198,1198,1463,"Valvi Girona","Valvi Girona","GIR",1200,1527,"Ciudad de Huelva","Ciudad Huelva","HUE",1,93,12000,6,21,28,33,49,67,9,12,75,25,6,31,19,11,11,0,3,0,7,18,18,112,0,0,0,11,0,1023,79,0,0,0,0,0,0,0,0,0
1521996,1,"Liga Nacional","Liga Endesa",-402534000,NA,"https://www.acb.com/Documentos/Cabeceras/logo-competicion-1b.png","https://www.acb.com/Documentos/Cabeceras/logo-competicion-4a.png",62,1997,107,NA,NA,1578,9692,NA,NA,FALSE,1200,1198,1463,"Valvi Girona","Valvi Girona","GIR",1200,1527,"Ciudad de Huelva","Ciudad Huelva","HUE",1,79,12000,9,17,52.94,20,44,45.45,12,14,85.71,24,7,31,12,7,20,0,0,3,5,18,18,72,0,0,1,0,0,79,93,0,NA,0,0,0,0,0,0,0
1521973,1,"Liga Nacional","Liga Endesa",-402534000,NA,"https://www.acb.com/Documentos/Cabeceras/logo-competicion-1b.png","https://www.acb.com/Documentos/Cabeceras/logo-competicion-4a.png",62,1997,107,NA,NA,1578,9691,NA,NA,FALSE,1199,1201,618,"Festina Joventut","Festina Jov.","JOV",1199,2,"Covirán Sierra Nevada","Covirán","GRA",1,95,12000,7,17,41,22,47,46,30,39,76,19,12,31,10,10,11,0,2,2,1,27,26,90,0,0,10,0,0,950,102,0,0,0,0,0,0,0,0,0
1521972,1,"Liga Nacional","Liga Endesa",-402534000,NA,"https://www.acb.com/Documentos/Cabeceras/logo-competicion-1b.png","https://www.acb.com/Documentos/Cabeceras/logo-competicion-4a.png",62,1997,107,NA,NA,1578,9691,NA,NA,TRUE,1201,1201,618,"Festina Joventut","Festina Jov.","JOV",1199,2,"Covirán Sierra Nevada","Covirán","GRA",1,102,12000,8,23,34.78,27,43,62.79,24,27,88.89,28,13,41,11,10,15,0,2,2,2,26,27,116,0,0,0,1,0,102,95,0,NA,0,0,0,0,0,0,0
1522064,1,"Liga Nacional","Liga Endesa",-402534000,NA,"https://www.acb.com/Documentos/Cabeceras/logo-competicion-1b.png","https://www.acb.com/Documentos/Cabeceras/logo-competicion-4a.png",62,1997,107,NA,NA,1578,9695,NA,NA,TRUE,1206,1206,950,"Pamesa Valencia","Pamesa Valencia","PAM",1204,863,"TDK Manresa","TDK Manresa","TDK",1,88,12000,7,21,33,25,34,73,17,29,58,18,7,25,12,13,16,0,3,0,3,19,25,96,0,0,0,9,0,792,78,0,0,0,0,0,0,0,0,0
1522065,1,"Liga Nacional","Liga Endesa",-402534000,NA,"https://www.acb.com/Documentos/Cabeceras/logo-competicion-1b.png","https://www.acb.com/Documentos/Cabeceras/logo-competicion-4a.png",62,1997,107,NA,NA,1578,9695,NA,NA,FALSE,1204,1206,950,"Pamesa Valencia","Pamesa Valencia","PAM",1204,863,"TDK Manresa","TDK Manresa","TDK",1,78,12000,6,17,35.29,23,40,57.5,14,18,77.78,21,10,31,17,9,19,0,0,3,1,25,19,75,0,0,1,0,0,78,88,0,NA,0,0,0,0,0,0,0
1522020,1,"Liga Nacional","Liga Endesa",-402534000,NA,"https://www.acb.com/Documentos/Cabeceras/logo-competicion-1b.png","https://www.acb.com/Documentos/Cabeceras/logo-competicion-4a.png",62,1997,107,NA,NA,1578,9693,NA,NA,TRUE,1203,1203,751,"Real Madrid Teka","Real Madrid","RMB",1197,455,"Adecco Estudiantes","Adecco Estu","EST",1,73,12000,5,12,41,19,44,43,20,28,71,22,8,30,9,6,8,0,6,5,0,27,23,67,0,0,11,0,0,803,74,0,0,0,0,0,0,0,0,0
1522021,1,"Liga Nacional","Liga Endesa",-402534000,NA,"https://www.acb.com/Documentos/Cabeceras/logo-competicion-1b.png","https://www.acb.com/Documentos/Cabeceras/logo-competicion-4a.png",62,1997,107,NA,NA,1578,9693,NA,NA,FALSE,1197,1203,751,"Real Madrid Teka","Real Madrid","RMB",1197,455,"Adecco Estudiantes","Adecco Estu","EST",1,74,12000,3,11,27,22,52,42,21,36,58,22,23,45,7,6,10,0,5,6,1,23,27,72,0,0,0,9,0,666,73,0,0,0,0,0,0,0,0,0
1522157,1,"Liga Nacional","Liga Endesa",-402534000,NA,"https://www.acb.com/Documentos/Cabeceras/logo-competicion-1b.png","https://www.acb.com/Documentos/Cabeceras/logo-competicion-4a.png",62,1997,107,NA,NA,1578,9699,NA,NA,TRUE,1210,1210,1845,"Fórum Valladolid","Fórum Vall.","FOR",1208,1121,"Caja San Fernando","C. San Fernando","CSF",1,85,12000,11,25,44,20,36,55,12,17,70,8,6,14,11,16,11,0,3,3,1,22,19,77,0,0,0,11,0,935,84,0,0,0,0,0,0,0,0,0
1522158,1,"Liga Nacional","Liga Endesa",-402534000,NA,"https://www.acb.com/Documentos/Cabeceras/logo-competicion-1b.png","https://www.acb.com/Documentos/Cabeceras/logo-competicion-4a.png",62,1997,107,NA,NA,1578,9699,NA,NA,FALSE,1208,1210,1845,"Fórum Valladolid","Fórum Vall.","FOR",1208,1121,"Caja San Fernando","C. San Fernando","CSF",1,84,12000,9,13,69,18,33,54,21,26,80,24,12,36,13,8,23,0,3,3,2,19,22,97,0,0,10,0,0,840,85,0,0,0,0,0,0,0,0,0
1522108,1,"Liga Nacional","Liga Endesa",-402534000,NA,"https://www.acb.com/Documentos/Cabeceras/logo-competicion-1b.png","https://www.acb.com/Documentos/Cabeceras/logo-competicion-4a.png",62,1997,107,NA,NA,1578,9697,NA,NA,TRUE,1202,1202,1605,"León Caja España","León C. España","LEO",1196,330,"Gran Canaria","Gran Canaria","GCA",1,94,12000,6,19,31,27,42,64,22,31,70,23,8,31,10,3,6,0,1,5,0,21,25,95,0,0,0,9,0,846,83,0,0,0,0,0,0,0,0,0
1522109,1,"Liga Nacional","Liga Endesa",-402534000,NA,"https://www.acb.com/Documentos/Cabeceras/logo-competicion-1b.png","https://www.acb.com/Documentos/Cabeceras/logo-competicion-4a.png",62,1997,107,NA,NA,1578,9697,NA,NA,FALSE,1196,1202,1605,"León Caja España","León C. España","LEO",1196,330,"Gran Canaria","Gran Canaria","GCA",1,83,12000,2,11,18.18,29,52,55.77,19,26,73.08,24,11,35,13,6,7,0,5,1,7,25,21,91,0,0,1,0,0,83,94,0,NA,0,0,0,0,0,0,0
1522131,1,"Liga Nacional","Liga Endesa",-402534000,NA,"https://www.acb.com/Documentos/Cabeceras/logo-competicion-1b.png","https://www.acb.com/Documentos/Cabeceras/logo-competicion-4a.png",62,1997,107,NA,NA,1578,9698,NA,NA,TRUE,1207,1207,1046,"Unicaja","Unicaja","UNI",1209,1801,"Caja Cantabria","Caja Cantabria","CAN",1,69,12000,5,12,41,15,36,41,24,33,72,25,9,34,8,5,8,0,3,2,2,22,26,76,0,0,0,10,0,690,62,0,0,0,0,0,0,0,0,0
1522132,1,"Liga Nacional","Liga Endesa",-402534000,NA,"https://www.acb.com/Documentos/Cabeceras/logo-competicion-1b.png","https://www.acb.com/Documentos/Cabeceras/logo-competicion-4a.png",62,1997,107,NA,NA,1578,9698,NA,NA,FALSE,1209,1207,1046,"Unicaja","Unicaja","UNI",1209,1801,"Caja Cantabria","Caja Cantabria","CAN",1,62,12000,2,9,22.22,21,43,48.84,14,22,63.64,19,9,28,7,6,13,0,2,3,2,26,22,48,0,0,1,0,0,62,69,0,NA,0,0,0,0,0,0,0
1522042,1,"Liga Nacional","Liga Endesa",-402534000,NA,"https://www.acb.com/Documentos/Cabeceras/logo-competicion-1b.png","https://www.acb.com/Documentos/Cabeceras/logo-competicion-4a.png",62,1997,107,NA,NA,1578,9694,NA,NA,TRUE,1205,1205,1719,"Ourense Xacobeo 99","Ourense Xacobeo","OUR",1194,207,"TAU Cerámica","TAU Cerámica","TAU",1,66,12000,3,11,27.27,23,46,50,11,22,50,17,12,29,5,9,11,0,2,3,4,23,20,52,0,0,1,0,0,66,71,0,NA,0,0,0,0,0,0,0
1522043,1,"Liga Nacional","Liga Endesa",-402534000,NA,"https://www.acb.com/Documentos/Cabeceras/logo-competicion-1b.png","https://www.acb.com/Documentos/Cabeceras/logo-competicion-4a.png",62,1997,107,NA,NA,1578,9694,NA,NA,FALSE,1194,1205,1719,"Ourense Xacobeo 99","Ourense Xacobeo","OUR",1194,207,"TAU Cerámica","TAU Cerámica","TAU",1,71,12000,7,15,46,14,30,46,22,29,75,24,8,32,7,8,14,0,3,2,1,20,23,77,0,0,0,10,0,639,66,0,0,0,0,0,0,0,0,0
1522087,1,"Liga Nacional","Liga Endesa",-402534000,NA,"https://www.acb.com/Documentos/Cabeceras/logo-competicion-1b.png","https://www.acb.com/Documentos/Cabeceras/logo-competicion-4a.png",62,1997,107,NA,NA,1578,9696,NA,NA,TRUE,1195,1195,1369,"Cáceres CB","Cáceres CB","CAC",1193,92,"FC Barcelona Banca Catalana","FC Barcelona","FCB",1,81,12000,6,18,33.33,26,46,56.52,11,13,84.62,20,12,32,8,4,6,0,0,3,2,17,16,81,0,0,0,1,0,81,77,0,NA,0,0,0,0,0,0,0
1522088,1,"Liga Nacional","Liga Endesa",-402534000,NA,"https://www.acb.com/Documentos/Cabeceras/logo-competicion-1b.png","https://www.acb.com/Documentos/Cabeceras/logo-competicion-4a.png",62,1997,107,NA,NA,1578,9696,NA,NA,FALSE,1193,1195,1369,"Cáceres CB","Cáceres CB","CAC",1193,92,"FC Barcelona Banca Catalana","FC Barcelona","FCB",1,77,12000,2,13,15.38,30,48,62.5,11,18,61.11,20,12,32,14,3,6,0,3,0,4,16,17,88,0,0,1,0,0,77,81,0,NA,0,0,0,0,0,0,0
1522281,1,"Liga Nacional","Liga Endesa",-402534000,NA,"https://www.acb.com/Documentos/Cabeceras/logo-competicion-1b.png","https://www.acb.com/Documentos/Cabeceras/logo-competicion-4a.png",62,1997,107,NA,NA,1579,9704,NA,NA,FALSE,1195,1204,863,"TDK Manresa","TDK Manresa","TDK",1195,1369,"Cáceres CB","Cáceres CB","CAC",1,73,12000,3,13,23,26,51,50,12,19,63,26,17,43,13,7,16,0,5,6,2,19,18,76,0,0,9,0,0,657,88,0,0,0,0,0,0,0,0,0
1522280,1,"Liga Nacional","Liga Endesa",-402534000,NA,"https://www.acb.com/Documentos/Cabeceras/logo-competicion-1b.png","https://www.acb.com/Documentos/Cabeceras/logo-competicion-4a.png",62,1997,107,NA,NA,1579,9704,NA,NA,TRUE,1204,1204,863,"TDK Manresa","TDK Manresa","TDK",1195,1369,"Cáceres CB","Cáceres CB","CAC",1,88,12000,8,14,57.14,25,57,43.86,14,21,66.67,21,16,37,21,12,9,0,6,5,5,18,19,106,0,0,0,1,0,88,73,0,NA,0,0,0,0,0,0,0
1522371,1,"Liga Nacional","Liga Endesa",-402534000,NA,"https://www.acb.com/Documentos/Cabeceras/logo-competicion-1b.png","https://www.acb.com/Documentos/Cabeceras/logo-competicion-4a.png",62,1997,107,NA,NA,1579,9708,NA,NA,FALSE,1198,1199,2,"Covirán Sierra Nevada","Covirán","GRA",1198,1463,"Valvi Girona","Valvi Girona","GIR",1,78,12000,8,25,32,18,33,54,18,27,66,26,8,34,5,14,19,0,3,0,1,24,20,70,0,0,10,0,0,780,86,0,0,0,0,0,0,0,0,0
1522370,1,"Liga Nacional","Liga Endesa",-402534000,NA,"https://www.acb.com/Documentos/Cabeceras/logo-competicion-1b.png","https://www.acb.com/Documentos/Cabeceras/logo-competicion-4a.png",62,1997,107,NA,NA,1579,9708,NA,NA,TRUE,1199,1199,2,"Covirán Sierra Nevada","Covirán","GRA",1198,1463,"Valvi Girona","Valvi Girona","GIR",1,86,12000,2,8,25,29,52,55,22,28,78,30,5,35,20,16,15,0,0,3,4,20,24,108,0,0,0,8,0,688,78,0,0,0,0,0,0,0,0,0
1522207,1,"Liga Nacional","Liga Endesa",-402534000,NA,"https://www.acb.com/Documentos/Cabeceras/logo-competicion-1b.png","https://www.acb.com/Documentos/Cabeceras/logo-competicion-4a.png",62,1997,107,NA,NA,1579,9701,NA,NA,FALSE,1210,1209,1801,"Caja Cantabria","Caja Cantabria","CAN",1210,1845,"Fórum Valladolid","Fórum Vall.","FOR",1,92,12000,6,11,54,28,52,53,18,22,81,20,7,27,4,8,5,0,4,1,1,17,21,100,0,0,0,12,0,1104,81,0,0,0,0,0,0,0,0,0
1522206,1,"Liga Nacional","Liga Endesa",-402534000,NA,"https://www.acb.com/Documentos/Cabeceras/logo-competicion-1b.png","https://www.acb.com/Documentos/Cabeceras/logo-competicion-4a.png",62,1997,107,NA,NA,1579,9701,NA,NA,TRUE,1209,1209,1801,"Caja Cantabria","Caja Cantabria","CAN",1210,1845,"Fórum Valladolid","Fórum Vall.","FOR",1,81,12000,7,16,43.75,27,45,60,6,15,40,22,11,33,10,5,12,0,1,4,1,21,17,74,0,0,1,0,0,81,92,0,NA,0,0,0,0,0,0,0
1522258,1,"Liga Nacional","Liga Endesa",-402534000,NA,"https://www.acb.com/Documentos/Cabeceras/logo-competicion-1b.png","https://www.acb.com/Documentos/Cabeceras/logo-competicion-4a.png",62,1997,107,NA,NA,1579,9703,NA,NA,FALSE,1202,1193,92,"FC Barcelona Banca Catalana","FC Barcelona","FCB",1202,1605,"León Caja España","León C. España","LEO",1,87,12000,3,18,16,28,48,58,22,28,78,20,8,28,8,11,9,0,3,6,3,27,24,78,0,0,9,0,0,783,99,0,0,0,0,0,0,0,0,0
1522257,1,"Liga Nacional","Liga Endesa",-402534000,NA,"https://www.acb.com/Documentos/Cabeceras/logo-competicion-1b.png","https://www.acb.com/Documentos/Cabeceras/logo-competicion-4a.png",62,1997,107,NA,NA,1579,9703,NA,NA,TRUE,1193,1193,92,"FC Barcelona Banca Catalana","FC Barcelona","FCB",1202,1605,"León Caja España","León C. España","LEO",1,99,12000,3,8,37.5,28,46,60.87,34,42,80.95,28,8,36,17,3,13,0,6,3,1,24,27,117,0,0,0,1,0,99,87,0,NA,0,0,0,0,0,0,0
1522303,1,"Liga Nacional","Liga Endesa",-402534000,NA,"https://www.acb.com/Documentos/Cabeceras/logo-competicion-1b.png","https://www.acb.com/Documentos/Cabeceras/logo-competicion-4a.png",62,1997,107,NA,NA,1579,9705,NA,NA,TRUE,1194,1194,207,"TAU Cerámica","TAU Cerámica","TAU",1206,950,"Pamesa Valencia","Pamesa Valencia","PAM",1,80,12000,9,18,50,19,33,57,15,22,68,19,6,25,15,8,14,0,1,1,2,26,21,79,0,0,0,10,0,720,79,0,0,0,0,0,0,0,0,0
1522304,1,"Liga Nacional","Liga Endesa",-402534000,NA,"https://www.acb.com/Documentos/Cabeceras/logo-competicion-1b.png","https://www.acb.com/Documentos/Cabeceras/logo-competicion-4a.png",62,1997,107,NA,NA,1579,9705,NA,NA,FALSE,1206,1194,207,"TAU Cerámica","TAU Cerámica","TAU",1206,950,"Pamesa Valencia","Pamesa Valencia","PAM",1,79,12000,6,13,46,17,46,36,27,32,84,21,14,35,6,11,10,0,1,1,2,21,26,85,0,0,10,0,0,790,80,0,0,0,0,0,0,0,0,0
1522235,1,"Liga Nacional","Liga Endesa",-402534000,NA,"https://www.acb.com/Documentos/Cabeceras/logo-competicion-1b.png","https://www.acb.com/Documentos/Cabeceras/logo-competicion-4a.png",62,1997,107,NA,NA,1579,9702,NA,NA,FALSE,1207,1196,330,"Gran Canaria","Gran Canaria","GCA",1207,1046,"Unicaja","Unicaja","UNI",1,71,12000,3,17,17,23,40,57,16,23,69,16,9,25,7,10,17,0,1,3,4,17,19,58,0,0,12,0,0,852,97,0,0,0,0,0,0,0,0,0
1522234,1,"Liga Nacional","Liga Endesa",-402534000,NA,"https://www.acb.com/Documentos/Cabeceras/logo-competicion-1b.png","https://www.acb.com/Documentos/Cabeceras/logo-competicion-4a.png",62,1997,107,NA,NA,1579,9702,NA,NA,TRUE,1196,1196,330,"Gran Canaria","Gran Canaria","GCA",1207,1046,"Unicaja","Unicaja","UNI",1,97,12000,2,9,22.22,36,57,63.16,19,21,90.48,24,10,34,16,16,13,0,3,1,4,19,17,120,0,0,0,1,0,97,71,0,NA,0,0,0,0,0,0,0
1522324,1,"Liga Nacional","Liga Endesa",-402534000,NA,"https://www.acb.com/Documentos/Cabeceras/logo-competicion-1b.png","https://www.acb.com/Documentos/Cabeceras/logo-competicion-4a.png",62,1997,107,NA,NA,1579,9706,NA,NA,TRUE,1197,1197,455,"Adecco Estudiantes","Adecco Estu","EST",1205,1719,"Ourense Xacobeo 99","Ourense Xacobeo","OUR",1,102,12000,7,11,63.64,30,55,54.55,21,29,72.41,19,13,32,17,12,13,0,5,0,5,18,24,124,0,0,0,1,0,102,88,0,NA,0,0,0,0,0,0,0
1522325,1,"Liga Nacional","Liga Endesa",-402534000,NA,"https://www.acb.com/Documentos/Cabeceras/logo-competicion-1b.png","https://www.acb.com/Documentos/Cabeceras/logo-competicion-4a.png",62,1997,107,NA,NA,1579,9706,NA,NA,FALSE,1205,1197,455,"Adecco Estudiantes","Adecco Estu","EST",1205,1719,"Ourense Xacobeo 99","Ourense Xacobeo","OUR",1,88,12000,7,19,36.84,26,48,54.17,15,23,65.22,20,16,36,13,8,17,0,0,5,3,24,18,75,0,0,1,0,0,88,102,0,NA,0,0,0,0,0,0,0
1522348,1,"Liga Nacional","Liga Endesa",-402534000,NA,"https://www.acb.com/Documentos/Cabeceras/logo-competicion-1b.png","https://www.acb.com/Documentos/Cabeceras/logo-competicion-4a.png",62,1997,107,NA,NA,1579,9707,NA,NA,FALSE,1203,1200,1527,"Ciudad de Huelva","Ciudad Huelva","HUE",1203,751,"Real Madrid Teka","Real Madrid","RMB",1,84,12000,2,8,25,29,44,65,20,23,86,26,7,33,5,7,13,0,2,2,1,18,21,95,0,0,0,9,0,756,70,0,0,0,0,0,0,0,0,0
1522347,1,"Liga Nacional","Liga Endesa",-402534000,NA,"https://www.acb.com/Documentos/Cabeceras/logo-competicion-1b.png","https://www.acb.com/Documentos/Cabeceras/logo-competicion-4a.png",62,1997,107,NA,NA,1579,9707,NA,NA,TRUE,1200,1200,1527,"Ciudad de Huelva","Ciudad Huelva","HUE",1203,751,"Real Madrid Teka","Real Madrid","RMB",1,70,12000,2,8,25,26,49,53.06,12,19,63.16,14,5,19,7,7,7,0,2,2,2,21,18,57,0,0,1,0,0,70,84,0,NA,0,0,0,0,0,0,0
1522180,1,"Liga Nacional","Liga Endesa",-402534000,NA,"https://www.acb.com/Documentos/Cabeceras/logo-competicion-1b.png","https://www.acb.com/Documentos/Cabeceras/logo-competicion-4a.png",62,1997,107,NA,NA,1579,9700,NA,NA,TRUE,1208,1208,1121,"Caja San Fernando","C. San Fernando","CSF",1201,618,"Festina Joventut","Festina Jov.","JOV",1,75,12000,6,17,35,19,34,55,19,29,65,20,18,38,12,4,14,0,2,2,0,22,20,77,0,0,0,9,0,675,73,0,0,0,0,0,0,0,0,0
1522181,1,"Liga Nacional","Liga Endesa",-402534000,NA,"https://www.acb.com/Documentos/Cabeceras/logo-competicion-1b.png","https://www.acb.com/Documentos/Cabeceras/logo-competicion-4a.png",62,1997,107,NA,NA,1579,9700,NA,NA,FALSE,1201,1208,1121,"Caja San Fernando","C. San Fernando","CSF",1201,618,"Festina Joventut","Festina Jov.","JOV",1,73,12000,10,19,52.63,11,37,29.73,21,24,87.5,13,15,28,14,8,11,0,2,2,2,20,22,76,0,0,1,0,0,73,75,0,NA,0,0,0,0,0,0,0
1522416,1,"Liga Nacional","Liga Endesa",-402534000,NA,"https://www.acb.com/Documentos/Cabeceras/logo-competicion-1b.png","https://www.acb.com/Documentos/Cabeceras/logo-competicion-4a.png",62,1997,107,NA,NA,1580,9710,NA,NA,FALSE,1203,1199,2,"Covirán Sierra Nevada","Covirán","GRA",1203,751,"Real Madrid Teka","Real Madrid","RMB",1,84,12000,5,10,50,24,40,60,21,27,77,23,10,33,16,9,18,0,1,1,6,21,23,99,0,0,0,11,0,924,66,0,0,0,0,0,0,0,0,0
1522415,1,"Liga Nacional","Liga Endesa",-402534000,NA,"https://www.acb.com/Documentos/Cabeceras/logo-competicion-1b.png","https://www.acb.com/Documentos/Cabeceras/logo-competicion-4a.png",62,1997,107,NA,NA,1580,9710,NA,NA,TRUE,1199,1199,2,"Covirán Sierra Nevada","Covirán","GRA",1203,751,"Real Madrid Teka","Real Madrid","RMB",1,66,12000,1,10,10,27,54,50,9,17,52,12,16,28,8,18,15,0,1,1,3,23,21,59,0,0,9,0,0,594,84,0,0,0,0,0,0,0,0,0
1522502,1,"Liga Nacional","Liga Endesa",-402534000,NA,"https://www.acb.com/Documentos/Cabeceras/logo-competicion-1b.png","https://www.acb.com/Documentos/Cabeceras/logo-competicion-4a.png",62,1997,107,NA,NA,1580,9714,NA,NA,TRUE,1204,1204,863,"TDK Manresa","TDK Manresa","TDK",1202,1605,"León Caja España","León C. España","LEO",1,70,12000,6,19,31.58,25,48,52.08,2,6,33.33,26,13,39,18,9,15,0,6,3,2,15,13,82,0,0,1,0,0,70,72,0,NA,0,0,0,0,0,0,0
1522503,1,"Liga Nacional","Liga Endesa",-402534000,NA,"https://www.acb.com/Documentos/Cabeceras/logo-competicion-1b.png","https://www.acb.com/Documentos/Cabeceras/logo-competicion-4a.png",62,1997,107,NA,NA,1580,9714,NA,NA,FALSE,1202,1204,863,"TDK Manresa","TDK Manresa","TDK",1202,1605,"León Caja España","León C. España","LEO",1,72,12000,7,17,41,24,46,52,3,8,37,23,9,32,10,8,12,0,3,6,2,13,15,72,0,0,0,9,0,648,70,0,0,0,0,0,0,0,0,0
1522391,1,"Liga Nacional","Liga Endesa",-402534000,NA,"https://www.acb.com/Documentos/Cabeceras/logo-competicion-1b.png","https://www.acb.com/Documentos/Cabeceras/logo-competicion-4a.png",62,1997,107,NA,NA,1580,9709,NA,NA,TRUE,1198,1198,1463,"Valvi Girona","Valvi Girona","GIR",1201,618,"Festina Joventut","Festina Jov.","JOV",1,83,12000,7,24,29,22,47,46,18,24,75,27,13,40,12,8,12,0,2,3,1,28,20,74,0,0,9,0,0,747,91,0,0,0,0,0,0,0,0,0
1522392,1,"Liga Nacional","Liga Endesa",-402534000,NA,"https://www.acb.com/Documentos/Cabeceras/logo-competicion-1b.png","https://www.acb.com/Documentos/Cabeceras/logo-competicion-4a.png",62,1997,107,NA,NA,1580,9709,NA,NA,FALSE,1201,1198,1463,"Valvi Girona","Valvi Girona","GIR",1201,618,"Festina Joventut","Festina Jov.","JOV",1,91,12000,9,18,50,20,45,44.44,24,40,60,35,14,49,12,6,15,0,3,2,3,20,28,102,0,0,0,1,0,91,83,0,NA,0,0,0,0,0,0,0
1522579,1,"Liga Nacional","Liga Endesa",-402534000,NA,"https://www.acb.com/Documentos/Cabeceras/logo-competicion-1b.png","https://www.acb.com/Documentos/Cabeceras/logo-competicion-4a.png",62,1997,107,NA,NA,1580,9717,NA,NA,FALSE,1208,1209,1801,"Caja Cantabria","Caja Cantabria","CAN",1208,1121,"Caja San Fernando","C. San Fernando","CSF",1,84,12000,7,14,50,27,50,54,9,11,81,17,14,31,4,9,15,0,0,8,1,25,19,67,0,0,11,0,0,924,97,0,0,0,0,0,0,0,0,0
1522578,1,"Liga Nacional","Liga Endesa",-402534000,NA,"https://www.acb.com/Documentos/Cabeceras/logo-competicion-1b.png","https://www.acb.com/Documentos/Cabeceras/logo-competicion-4a.png",62,1997,107,NA,NA,1580,9717,NA,NA,TRUE,1209,1209,1801,"Caja Cantabria","Caja Cantabria","CAN",1208,1121,"Caja San Fernando","C. San Fernando","CSF",1,97,12000,5,12,41.67,30,47,63.83,22,30,73.33,19,9,28,10,10,12,0,8,0,1,19,25,115,0,0,0,1,0,97,84,0,NA,0,0,0,0,0,0,0
1522528,1,"Liga Nacional","Liga Endesa",-402534000,NA,"https://www.acb.com/Documentos/Cabeceras/logo-competicion-1b.png","https://www.acb.com/Documentos/Cabeceras/logo-competicion-4a.png",62,1997,107,NA,NA,1580,9715,NA,NA,TRUE,1207,1207,1046,"Unicaja","Unicaja","UNI",1193,92,"FC Barcelona Banca Catalana","FC Barcelona","FCB",1,78,12000,3,13,23,26,46,56,17,26,65,26,13,39,5,5,16,0,2,2,4,25,27,74,0,0,12,0,0,936,86,0,0,0,0,0,0,0,0,0
1522529,1,"Liga Nacional","Liga Endesa",-402534000,NA,"https://www.acb.com/Documentos/Cabeceras/logo-competicion-1b.png","https://www.acb.com/Documentos/Cabeceras/logo-competicion-4a.png",62,1997,107,NA,NA,1580,9715,NA,NA,FALSE,1193,1207,1046,"Unicaja","Unicaja","UNI",1193,92,"FC Barcelona Banca Catalana","FC Barcelona","FCB",1,86,12000,6,12,50,22,41,53.66,24,26,92.31,16,1,17,11,9,9,0,2,2,1,27,25,85,0,0,0,1,0,86,78,0,NA,0,0,0,0,0,0,0
1522482,1,"Liga Nacional","Liga Endesa",-402534000,NA,"https://www.acb.com/Documentos/Cabeceras/logo-competicion-1b.png","https://www.acb.com/Documentos/Cabeceras/logo-competicion-4a.png",62,1997,107,NA,NA,1580,9713,NA,NA,FALSE,1195,1194,207,"TAU Cerámica","TAU Cerámica","TAU",1195,1369,"Cáceres CB","Cáceres CB","CAC",1,52,12000,1,11,9,19,47,40,11,22,50,17,15,32,4,9,9,0,4,6,4,22,22,37,0,0,10,0,0,520,63,0,0,0,0,0,0,0,0,0
1522481,1,"Liga Nacional","Liga Endesa",-402534000,NA,"https://www.acb.com/Documentos/Cabeceras/logo-competicion-1b.png","https://www.acb.com/Documentos/Cabeceras/logo-competicion-4a.png",62,1997,107,NA,NA,1580,9713,NA,NA,TRUE,1194,1194,207,"TAU Cerámica","TAU Cerámica","TAU",1195,1369,"Cáceres CB","Cáceres CB","CAC",1,63,12000,3,16,18,17,34,50,20,25,80,29,12,41,11,6,16,0,6,4,2,22,22,72,0,0,0,12,0,693,52,0,0,0,0,0,0,0,0,0
1522552,1,"Liga Nacional","Liga Endesa",-402534000,NA,"https://www.acb.com/Documentos/Cabeceras/logo-competicion-1b.png","https://www.acb.com/Documentos/Cabeceras/logo-competicion-4a.png",62,1997,107,NA,NA,1580,9716,NA,NA,FALSE,1210,1196,330,"Gran Canaria","Gran Canaria","GCA",1210,1845,"Fórum Valladolid","Fórum Vall.","FOR",1,79,12000,7,22,31,22,36,61,14,18,77,20,11,31,10,13,18,0,1,2,2,23,20,78,0,0,0,10,0,790,65,0,0,0,0,0,0,0,0,0
1522551,1,"Liga Nacional","Liga Endesa",-402534000,NA,"https://www.acb.com/Documentos/Cabeceras/logo-competicion-1b.png","https://www.acb.com/Documentos/Cabeceras/logo-competicion-4a.png",62,1997,107,NA,NA,1580,9716,NA,NA,TRUE,1196,1196,330,"Gran Canaria","Gran Canaria","GCA",1210,1845,"Fórum Valladolid","Fórum Vall.","FOR",1,65,12000,4,13,30.77,21,39,53.85,11,17,64.71,18,10,28,13,15,23,0,2,1,3,20,23,69,0,0,1,0,0,65,79,0,NA,0,0,0,0,0,0,0
1522434,1,"Liga Nacional","Liga Endesa",-402534000,NA,"https://www.acb.com/Documentos/Cabeceras/logo-competicion-1b.png","https://www.acb.com/Documentos/Cabeceras/logo-competicion-4a.png",62,1997,107,NA,NA,1580,9711,NA,NA,TRUE,1200,1200,1527,"Ciudad de Huelva","Ciudad Huelva","HUE",1205,1719,"Ourense Xacobeo 99","Ourense Xacobeo","OUR",1,85,12000,8,15,53.33,26,45,57.78,9,11,81.82,19,9,28,19,9,8,0,2,4,2,19,16,100,0,0,0,1,0,85,76,0,NA,0,0,0,0,0,0,0
1522435,1,"Liga Nacional","Liga Endesa",-402534000,NA,"https://www.acb.com/Documentos/Cabeceras/logo-competicion-1b.png","https://www.acb.com/Documentos/Cabeceras/logo-competicion-4a.png",62,1997,107,NA,NA,1580,9711,NA,NA,FALSE,1205,1200,1527,"Ciudad de Huelva","Ciudad Huelva","HUE",1205,1719,"Ourense Xacobeo 99","Ourense Xacobeo","OUR",1,76,12000,1,7,14.29,28,48,58.33,17,19,89.47,18,9,27,8,5,11,0,4,2,4,16,19,82,0,0,1,0,0,76,85,0,NA,0,0,0,0,0,0,0
1522457,1,"Liga Nacional","Liga Endesa",-402534000,NA,"https://www.acb.com/Documentos/Cabeceras/logo-competicion-1b.png","https://www.acb.com/Documentos/Cabeceras/logo-competicion-4a.png",62,1997,107,NA,NA,1580,9712,NA,NA,FALSE,1206,1197,455,"Adecco Estudiantes","Adecco Estu","EST",1206,950,"Pamesa Valencia","Pamesa Valencia","PAM",1,65,12000,3,9,33,24,47,51,8,12,66,19,7,26,10,9,10,0,4,4,5,13,18,72,0,0,8,0,0,520,76,0,0,0,0,0,0,0,0,0
1522456,1,"Liga Nacional","Liga Endesa",-402534000,NA,"https://www.acb.com/Documentos/Cabeceras/logo-competicion-1b.png","https://www.acb.com/Documentos/Cabeceras/logo-competicion-4a.png",62,1997,107,NA,NA,1580,9712,NA,NA,TRUE,1197,1197,455,"Adecco Estudiantes","Adecco Estu","EST",1206,950,"Pamesa Valencia","Pamesa Valencia","PAM",1,76,12000,7,15,46,23,44,52,9,14,64,22,12,34,12,8,8,0,4,4,4,18,13,83,0,0,0,10,0,760,65,0,0,0,0,0,0,0,0,0
1522786,1,"Liga Nacional","Liga Endesa",-402534000,NA,"https://www.acb.com/Documentos/Cabeceras/logo-competicion-1b.png","https://www.acb.com/Documentos/Cabeceras/logo-competicion-4a.png",62,1997,107,NA,NA,1581,9726,NA,NA,FALSE,1198,1203,751,"Real Madrid Teka","Real Madrid","RMB",1198,1463,"Valvi Girona","Valvi Girona","GIR",1,72,12000,6,16,37,22,48,45,10,14,71,15,8,23,9,11,9,0,1,2,0,22,16,59,0,0,10,0,0,720,98,0,0,0,0,0,0,0,0,0
1522785,1,"Liga Nacional","Liga Endesa",-402534000,NA,"https://www.acb.com/Documentos/Cabeceras/logo-competicion-1b.png","https://www.acb.com/Documentos/Cabeceras/logo-competicion-4a.png",62,1997,107,NA,NA,1581,9726,NA,NA,TRUE,1203,1203,751,"Real Madrid Teka","Real Madrid","RMB",1198,1463,"Valvi Girona","Valvi Girona","GIR",1,98,12000,6,10,60,34,51,66,12,17,70,30,8,38,17,8,14,0,2,1,3,16,22,128,0,0,0,11,0,1078,72,0,0,0,0,0,0,0,0,0
1522647,1,"Liga Nacional","Liga Endesa",-402534000,NA,"https://www.acb.com/Documentos/Cabeceras/logo-competicion-1b.png","https://www.acb.com/Documentos/Cabeceras/logo-competicion-4a.png",62,1997,107,NA,NA,1581,9720,NA,NA,TRUE,1210,1210,1845,"Fórum Valladolid","Fórum Vall.","FOR",1193,92,"FC Barcelona Banca Catalana","FC Barcelona","FCB",1,78,12000,11,17,64,20,47,42,5,6,83,24,5,29,12,11,11,0,5,2,2,18,13,83,0,0,0,11,0,858,66,0,0,0,0,0,0,0,0,0
1522648,1,"Liga Nacional","Liga Endesa",-402534000,NA,"https://www.acb.com/Documentos/Cabeceras/logo-competicion-1b.png","https://www.acb.com/Documentos/Cabeceras/logo-competicion-4a.png",62,1997,107,NA,NA,1581,9720,NA,NA,FALSE,1193,1210,1845,"Fórum Valladolid","Fórum Vall.","FOR",1193,92,"FC Barcelona Banca Catalana","FC Barcelona","FCB",1,66,12000,5,19,26.32,19,47,40.43,13,18,72.22,28,17,45,12,4,15,0,2,5,3,13,18,67,0,0,1,0,0,66,78,0,NA,0,0,0,0,0,0,0
1522600,1,"Liga Nacional","Liga Endesa",-402534000,NA,"https://www.acb.com/Documentos/Cabeceras/logo-competicion-1b.png","https://www.acb.com/Documentos/Cabeceras/logo-competicion-4a.png",62,1997,107,NA,NA,1581,9718,NA,NA,TRUE,1201,1201,618,"Festina Joventut","Festina Jov.","JOV",1209,1801,"Caja Cantabria","Caja Cantabria","CAN",1,93,12000,7,23,30.43,30,51,58.82,12,16,75,28,13,41,17,9,12,0,6,3,2,22,20,108,0,0,0,1,0,93,85,0,NA,0,0,0,0,0,0,0
1522601,1,"Liga Nacional","Liga Endesa",-402534000,NA,"https://www.acb.com/Documentos/Cabeceras/logo-competicion-1b.png","https://www.acb.com/Documentos/Cabeceras/logo-competicion-4a.png",62,1997,107,NA,NA,1581,9718,NA,NA,FALSE,1209,1201,618,"Festina Joventut","Festina Jov.","JOV",1209,1801,"Caja Cantabria","Caja Cantabria","CAN",1,85,12000,7,23,30.43,24,54,44.44,16,26,61.54,25,22,47,10,6,13,0,3,6,3,20,22,78,0,0,1,0,0,85,93,0,NA,0,0,0,0,0,0,0
1522694,1,"Liga Nacional","Liga Endesa",-402534000,NA,"https://www.acb.com/Documentos/Cabeceras/logo-competicion-1b.png","https://www.acb.com/Documentos/Cabeceras/logo-competicion-4a.png",62,1997,107,NA,NA,1581,9722,NA,NA,FALSE,1194,1202,1605,"León Caja España","León C. España","LEO",1194,207,"TAU Cerámica","TAU Cerámica","TAU",1,90,12000,4,12,33,28,36,77,22,28,78,21,6,27,7,11,11,0,2,1,5,19,25,109,0,0,0,10,0,810,71,0,0,0,0,0,0,0,0,0
1522693,1,"Liga Nacional","Liga Endesa",-402534000,NA,"https://www.acb.com/Documentos/Cabeceras/logo-competicion-1b.png","https://www.acb.com/Documentos/Cabeceras/logo-competicion-4a.png",62,1997,107,NA,NA,1581,9722,NA,NA,TRUE,1202,1202,1605,"León Caja España","León C. España","LEO",1194,207,"TAU Cerámica","TAU Cerámica","TAU",1,71,12000,8,21,38.1,17,34,50,13,16,81.25,12,8,20,8,9,17,0,1,2,1,25,19,51,0,0,1,0,0,71,90,0,NA,0,0,0,0,0,0,0
1522623,1,"Liga Nacional","Liga Endesa",-402534000,NA,"https://www.acb.com/Documentos/Cabeceras/logo-competicion-1b.png","https://www.acb.com/Documentos/Cabeceras/logo-competicion-4a.png",62,1997,107,NA,NA,1581,9719,NA,NA,TRUE,1208,1208,1121,"Caja San Fernando","C. San Fernando","CSF",1196,330,"Gran Canaria","Gran Canaria","GCA",1,87,12000,7,16,43,23,40,57,20,24,83,19,12,31,10,6,12,0,2,0,1,19,20,95,0,0,0,10,0,870,84,0,0,0,0,0,0,0,0,0
1522624,1,"Liga Nacional","Liga Endesa",-402534000,NA,"https://www.acb.com/Documentos/Cabeceras/logo-competicion-1b.png","https://www.acb.com/Documentos/Cabeceras/logo-competicion-4a.png",62,1997,107,NA,NA,1581,9719,NA,NA,FALSE,1196,1208,1121,"Caja San Fernando","C. San Fernando","CSF",1196,330,"Gran Canaria","Gran Canaria","GCA",1,84,12000,6,18,33.33,27,46,58.7,12,18,66.67,17,13,30,11,10,10,0,0,2,5,20,19,85,0,0,1,0,0,84,87,0,NA,0,0,0,0,0,0,0
1522736,1,"Liga Nacional","Liga Endesa",-402534000,NA,"https://www.acb.com/Documentos/Cabeceras/logo-competicion-1b.png","https://www.acb.com/Documentos/Cabeceras/logo-competicion-4a.png",62,1997,107,NA,NA,1581,9724,NA,NA,TRUE,1206,1206,950,"Pamesa Valencia","Pamesa Valencia","PAM",1200,1527,"Ciudad de Huelva","Ciudad Huelva","HUE",1,74,13500,1,9,11,29,58,50,13,21,61,25,13,38,7,6,7,0,5,3,4,17,19,77,0,0,9,0,0,666,75,0,0,0,0,0,0,0,0,0
1522737,1,"Liga Nacional","Liga Endesa",-402534000,NA,"https://www.acb.com/Documentos/Cabeceras/logo-competicion-1b.png","https://www.acb.com/Documentos/Cabeceras/logo-competicion-4a.png",62,1997,107,NA,NA,1581,9724,NA,NA,FALSE,1200,1206,950,"Pamesa Valencia","Pamesa Valencia","PAM",1200,1527,"Ciudad de Huelva","Ciudad Huelva","HUE",1,75,13500,3,15,20,28,48,58.33,10,14,71.43,23,7,30,17,4,7,0,3,5,6,19,17,79,0,0,0,1,0,75,74,0,NA,0,0,0,0,0,0,0
1522761,1,"Liga Nacional","Liga Endesa",-402534000,NA,"https://www.acb.com/Documentos/Cabeceras/logo-competicion-1b.png","https://www.acb.com/Documentos/Cabeceras/logo-competicion-4a.png",62,1997,107,NA,NA,1581,9725,NA,NA,FALSE,1199,1205,1719,"Ourense Xacobeo 99","Ourense Xacobeo","OUR",1199,2,"Covirán Sierra Nevada","Covirán","GRA",1,75,12000,3,12,25,25,49,51,16,20,80,31,12,43,5,8,19,0,3,2,1,18,24,82,0,0,0,10,0,750,65,0,0,0,0,0,0,0,0,0
1522760,1,"Liga Nacional","Liga Endesa",-402534000,NA,"https://www.acb.com/Documentos/Cabeceras/logo-competicion-1b.png","https://www.acb.com/Documentos/Cabeceras/logo-competicion-4a.png",62,1997,107,NA,NA,1581,9725,NA,NA,TRUE,1205,1205,1719,"Ourense Xacobeo 99","Ourense Xacobeo","OUR",1199,2,"Covirán Sierra Nevada","Covirán","GRA",1,65,12000,6,16,37.5,17,43,39.53,13,17,76.47,22,6,28,7,12,13,0,2,3,2,24,18,52,0,0,1,0,0,65,75,0,NA,0,0,0,0,0,0,0
1522670,1,"Liga Nacional","Liga Endesa",-402534000,NA,"https://www.acb.com/Documentos/Cabeceras/logo-competicion-1b.png","https://www.acb.com/Documentos/Cabeceras/logo-competicion-4a.png",62,1997,107,NA,NA,1581,9721,NA,NA,TRUE,1207,1207,1046,"Unicaja","Unicaja","UNI",1204,863,"TDK Manresa","TDK Manresa","TDK",1,91,12000,12,21,57,23,40,57,9,16,56,21,9,30,14,6,10,0,4,3,4,14,18,103,0,0,0,10,0,910,79,0,0,0,0,0,0,0,0,0
1522671,1,"Liga Nacional","Liga Endesa",-402534000,NA,"https://www.acb.com/Documentos/Cabeceras/logo-competicion-1b.png","https://www.acb.com/Documentos/Cabeceras/logo-competicion-4a.png",62,1997,107,NA,NA,1581,9721,NA,NA,FALSE,1204,1207,1046,"Unicaja","Unicaja","UNI",1204,863,"TDK Manresa","TDK Manresa","TDK",1,79,12000,3,6,50,30,54,55.56,10,15,66.67,21,8,29,10,5,10,0,3,4,3,18,14,76,0,0,1,0,0,79,91,0,NA,0,0,0,0,0,0,0
1522717,1,"Liga Nacional","Liga Endesa",-402534000,NA,"https://www.acb.com/Documentos/Cabeceras/logo-competicion-1b.png","https://www.acb.com/Documentos/Cabeceras/logo-competicion-4a.png",62,1997,107,NA,NA,1581,9723,NA,NA,FALSE,1197,1195,1369,"Cáceres CB","Cáceres CB","CAC",1197,455,"Adecco Estudiantes","Adecco Estu","EST",1,79,12000,2,10,20,29,51,56,15,28,53,21,15,36,6,9,7,0,0,2,1,15,23,86,0,0,0,9,0,711,69,0,0,0,0,0,0,0,0,0
1522716,1,"Liga Nacional","Liga Endesa",-402534000,NA,"https://www.acb.com/Documentos/Cabeceras/logo-competicion-1b.png","https://www.acb.com/Documentos/Cabeceras/logo-competicion-4a.png",62,1997,107,NA,NA,1581,9723,NA,NA,TRUE,1195,1195,1369,"Cáceres CB","Cáceres CB","CAC",1197,455,"Adecco Estudiantes","Adecco Estu","EST",1,69,12000,6,20,30,20,37,54,11,16,68,21,10,31,14,5,12,0,2,0,1,23,15,65,0,0,10,0,0,690,79,0,0,0,0,0,0,0,0,0
1522831,1,"Liga Nacional","Liga Endesa",-402534000,NA,"https://www.acb.com/Documentos/Cabeceras/logo-competicion-1b.png","https://www.acb.com/Documentos/Cabeceras/logo-competicion-4a.png",62,1997,107,NA,NA,1582,9728,NA,NA,TRUE,1198,1198,1463,"Valvi Girona","Valvi Girona","GIR",1205,1719,"Ourense Xacobeo 99","Ourense Xacobeo","OUR",1,88,12000,8,16,50,24,37,64,16,22,72,21,3,24,15,11,19,0,4,2,1,22,20,92,0,0,10,0,0,880,95,0,0,0,0,0,0,0,0,0
1522832,1,"Liga Nacional","Liga Endesa",-402534000,NA,"https://www.acb.com/Documentos/Cabeceras/logo-competicion-1b.png","https://www.acb.com/Documentos/Cabeceras/logo-competicion-4a.png",62,1997,107,NA,NA,1582,9728,NA,NA,FALSE,1205,1198,1463,"Valvi Girona","Valvi Girona","GIR",1205,1719,"Ourense Xacobeo 99","Ourense Xacobeo","OUR",1,95,12000,4,12,33.33,34,54,62.96,15,21,71.43,22,9,31,10,12,12,0,2,4,4,20,22,102,0,0,0,1,0,95,88,0,NA,0,0,0,0,0,0,0
1522951,1,"Liga Nacional","Liga Endesa",-402534000,NA,"https://www.acb.com/Documentos/Cabeceras/logo-competicion-1b.png","https://www.acb.com/Documentos/Cabeceras/logo-competicion-4a.png",62,1997,107,NA,NA,1582,9733,NA,NA,FALSE,1210,1204,863,"TDK Manresa","TDK Manresa","TDK",1210,1845,"Fórum Valladolid","Fórum Vall.","FOR",1,70,12000,6,15,40,19,49,38,14,18,77,25,14,39,11,7,13,0,4,6,0,21,16,64,0,0,11,0,0,770,80,0,0,0,0,0,0,0,0,0
1522950,1,"Liga Nacional","Liga Endesa",-402534000,NA,"https://www.acb.com/Documentos/Cabeceras/logo-competicion-1b.png","https://www.acb.com/Documentos/Cabeceras/logo-competicion-4a.png",62,1997,107,NA,NA,1582,9733,NA,NA,TRUE,1204,1204,863,"TDK Manresa","TDK Manresa","TDK",1210,1845,"Fórum Valladolid","Fórum Vall.","FOR",1,80,12000,5,14,35.71,25,48,52.08,15,24,62.5,23,11,34,17,11,8,0,6,4,3,16,21,100,0,0,0,1,0,80,70,0,NA,0,0,0,0,0,0,0
1522997,1,"Liga Nacional","Liga Endesa",-402534000,NA,"https://www.acb.com/Documentos/Cabeceras/logo-competicion-1b.png","https://www.acb.com/Documentos/Cabeceras/logo-competicion-4a.png",62,1997,107,NA,NA,1582,9735,NA,NA,FALSE,1209,1196,330,"Gran Canaria","Gran Canaria","GCA",1209,1801,"Caja Cantabria","Caja Cantabria","CAN",1,95,12000,5,11,45.45,27,40,67.5,26,36,72.22,26,8,34,9,8,17,0,2,3,2,20,24,103,0,0,0,1,0,95,82,0,NA,0,0,0,0,0,0,0
1522996,1,"Liga Nacional","Liga Endesa",-402534000,NA,"https://www.acb.com/Documentos/Cabeceras/logo-competicion-1b.png","https://www.acb.com/Documentos/Cabeceras/logo-competicion-4a.png",62,1997,107,NA,NA,1582,9735,NA,NA,TRUE,1196,1196,330,"Gran Canaria","Gran Canaria","GCA",1209,1801,"Caja Cantabria","Caja Cantabria","CAN",1,82,12000,5,14,35.71,25,54,46.3,17,19,89.47,17,10,27,10,9,12,0,3,2,3,24,20,73,0,0,1,0,0,82,95,0,NA,0,0,0,0,0,0,0
1522809,1,"Liga Nacional","Liga Endesa",-402534000,NA,"https://www.acb.com/Documentos/Cabeceras/logo-competicion-1b.png","https://www.acb.com/Documentos/Cabeceras/logo-competicion-4a.png",62,1997,107,NA,NA,1582,9727,NA,NA,FALSE,1203,1201,618,"Festina Joventut","Festina Jov.","JOV",1203,751,"Real Madrid Teka","Real Madrid","RMB",1,62,12000,2,8,25,20,48,41,16,21,76,25,15,40,11,5,9,0,1,4,1,18,17,66,0,0,10,0,0,620,72,0,0,0,0,0,0,0,0,0
1522808,1,"Liga Nacional","Liga Endesa",-402534000,NA,"https://www.acb.com/Documentos/Cabeceras/logo-competicion-1b.png","https://www.acb.com/Documentos/Cabeceras/logo-competicion-4a.png",62,1997,107,NA,NA,1582,9727,NA,NA,TRUE,1201,1201,618,"Festina Joventut","Festina Jov.","JOV",1203,751,"Real Madrid Teka","Real Madrid","RMB",1,72,12000,8,19,42.11,20,42,47.62,8,17,47.06,24,13,37,15,7,6,0,4,1,2,17,18,87,0,0,0,1,0,72,62,0,NA,0,0,0,0,0,0,0
1522975,1,"Liga Nacional","Liga Endesa",-402534000,NA,"https://www.acb.com/Documentos/Cabeceras/logo-competicion-1b.png","https://www.acb.com/Documentos/Cabeceras/logo-competicion-4a.png",62,1997,107,NA,NA,1582,9734,NA,NA,FALSE,1208,1193,92,"FC Barcelona Banca Catalana","FC Barcelona","FCB",1208,1121,"Caja San Fernando","C. San Fernando","CSF",1,79,12000,3,13,23,29,47,61,12,17,70,18,10,28,8,8,13,0,3,3,3,19,18,76,0,0,10,0,0,790,82,0,0,0,0,0,0,0,0,0
1522974,1,"Liga Nacional","Liga Endesa",-402534000,NA,"https://www.acb.com/Documentos/Cabeceras/logo-competicion-1b.png","https://www.acb.com/Documentos/Cabeceras/logo-competicion-4a.png",62,1997,107,NA,NA,1582,9734,NA,NA,TRUE,1193,1193,92,"FC Barcelona Banca Catalana","FC Barcelona","FCB",1208,1121,"Caja San Fernando","C. San Fernando","CSF",1,82,12000,8,15,53.33,19,39,48.72,20,24,83.33,19,10,29,13,7,14,0,3,3,0,18,19,87,0,0,0,1,0,82,79,0,NA,0,0,0,0,0,0,0
1522927,1,"Liga Nacional","Liga Endesa",-402534000,NA,"https://www.acb.com/Documentos/Cabeceras/logo-competicion-1b.png","https://www.acb.com/Documentos/Cabeceras/logo-competicion-4a.png",62,1997,107,NA,NA,1582,9732,NA,NA,FALSE,1207,1194,207,"TAU Cerámica","TAU Cerámica","TAU",1207,1046,"Unicaja","Unicaja","UNI",1,62,12000,5,13,38,20,46,43,7,15,46,9,13,22,8,13,18,0,1,2,1,25,19,38,0,0,13,0,0,806,91,0,0,0,0,0,0,0,0,0
1522926,1,"Liga Nacional","Liga Endesa",-402534000,NA,"https://www.acb.com/Documentos/Cabeceras/logo-competicion-1b.png","https://www.acb.com/Documentos/Cabeceras/logo-competicion-4a.png",62,1997,107,NA,NA,1582,9732,NA,NA,TRUE,1194,1194,207,"TAU Cerámica","TAU Cerámica","TAU",1207,1046,"Unicaja","Unicaja","UNI",1,91,12000,3,8,37,31,43,72,20,28,71,26,9,35,18,9,16,0,2,1,7,19,25,119,0,0,0,12,0,1001,62,0,0,0,0,0,0,0,0,0
1522852,1,"Liga Nacional","Liga Endesa",-402534000,NA,"https://www.acb.com/Documentos/Cabeceras/logo-competicion-1b.png","https://www.acb.com/Documentos/Cabeceras/logo-competicion-4a.png",62,1997,107,NA,NA,1582,9729,NA,NA,FALSE,1206,1199,2,"Covirán Sierra Nevada","Covirán","GRA",1206,950,"Pamesa Valencia","Pamesa Valencia","PAM",1,75,12000,6,13,46,23,41,56,11,20,55,20,10,30,13,8,12,0,3,1,2,14,17,85,0,0,0,7,0,525,74,0,0,0,0,0,0,0,0,0
1522851,1,"Liga Nacional","Liga Endesa",-402534000,NA,"https://www.acb.com/Documentos/Cabeceras/logo-competicion-1b.png","https://www.acb.com/Documentos/Cabeceras/logo-competicion-4a.png",62,1997,107,NA,NA,1582,9729,NA,NA,TRUE,1199,1199,2,"Covirán Sierra Nevada","Covirán","GRA",1206,950,"Pamesa Valencia","Pamesa Valencia","PAM",1,74,12000,6,11,54,21,42,50,14,18,77,19,8,27,8,8,11,0,1,3,1,17,14,71,0,0,9,0,0,666,75,0,0,0,0,0,0,0,0,0
1522875,1,"Liga Nacional","Liga Endesa",-402534000,NA,"https://www.acb.com/Documentos/Cabeceras/logo-competicion-1b.png","https://www.acb.com/Documentos/Cabeceras/logo-competicion-4a.png",62,1997,107,NA,NA,1582,9730,NA,NA,FALSE,1195,1200,1527,"Ciudad de Huelva","Ciudad Huelva","HUE",1195,1369,"Cáceres CB","Cáceres CB","CAC",1,94,12000,7,11,63,31,52,59,11,18,61,23,9,32,8,6,9,0,2,4,2,26,18,89,0,0,0,11,0,1034,78,0,0,0,0,0,0,0,0,0
1522874,1,"Liga Nacional","Liga Endesa",-402534000,NA,"https://www.acb.com/Documentos/Cabeceras/logo-competicion-1b.png","https://www.acb.com/Documentos/Cabeceras/logo-competicion-4a.png",62,1997,107,NA,NA,1582,9730,NA,NA,TRUE,1200,1200,1527,"Ciudad de Huelva","Ciudad Huelva","HUE",1195,1369,"Cáceres CB","Cáceres CB","CAC",1,78,12000,6,15,40,19,36,52.78,22,28,78.57,16,5,21,11,3,9,0,4,2,1,18,26,82,0,0,1,0,0,78,94,0,NA,0,0,0,0,0,0,0
1522898,1,"Liga Nacional","Liga Endesa",-402534000,NA,"https://www.acb.com/Documentos/Cabeceras/logo-competicion-1b.png","https://www.acb.com/Documentos/Cabeceras/logo-competicion-4a.png",62,1997,107,NA,NA,1582,9731,NA,NA,TRUE,1197,1197,455,"Adecco Estudiantes","Adecco Estu","EST",1202,1605,"León Caja España","León C. España","LEO",1,94,12000,4,12,33,28,45,62,26,32,81,29,5,34,23,14,19,0,3,0,5,22,23,119,0,0,0,10,0,940,76,0,0,0,0,0,0,0,0,0
1522899,1,"Liga Nacional","Liga Endesa",-402534000,NA,"https://www.acb.com/Documentos/Cabeceras/logo-competicion-1b.png","https://www.acb.com/Documentos/Cabeceras/logo-competicion-4a.png",62,1997,107,NA,NA,1582,9731,NA,NA,FALSE,1202,1197,455,"Adecco Estudiantes","Adecco Estu","EST",1202,1605,"León Caja España","León C. España","LEO",1,76,12000,5,19,26,16,38,42,29,35,82,23,7,30,10,14,17,0,0,3,1,23,22,67,0,0,10,0,0,760,94,0,0,0,0,0,0,0,0,0
1523210,1,"Liga Nacional","Liga Endesa",-402534000,NA,"https://www.acb.com/Documentos/Cabeceras/logo-competicion-1b.png","https://www.acb.com/Documentos/Cabeceras/logo-competicion-4a.png",62,1997,107,NA,NA,1583,9744,NA,NA,FALSE,1203,1205,1719,"Ourense Xacobeo 99","Ourense Xacobeo","OUR",1203,751,"Real Madrid Teka","Real Madrid","RMB",1,93,12000,6,9,66,29,50,58,17,18,94,23,9,32,10,6,13,0,0,1,1,14,14,102,0,0,0,11,0,1023,75,0,0,0,0,0,0,0,0,0
1523209,1,"Liga Nacional","Liga Endesa",-402534000,NA,"https://www.acb.com/Documentos/Cabeceras/logo-competicion-1b.png","https://www.acb.com/Documentos/Cabeceras/logo-competicion-4a.png",62,1997,107,NA,NA,1583,9744,NA,NA,TRUE,1205,1205,1719,"Ourense Xacobeo 99","Ourense Xacobeo","OUR",1203,751,"Real Madrid Teka","Real Madrid","RMB",1,75,12000,3,15,20,29,54,53.7,8,16,50,15,14,29,10,6,10,0,1,0,4,14,14,66,0,0,1,0,0,75,93,0,NA,0,0,0,0,0,0,0
1523116,1,"Liga Nacional","Liga Endesa",-402534000,NA,"https://www.acb.com/Documentos/Cabeceras/logo-competicion-1b.png","https://www.acb.com/Documentos/Cabeceras/logo-competicion-4a.png",62,1997,107,NA,NA,1583,9740,NA,NA,TRUE,1207,1207,1046,"Unicaja","Unicaja","UNI",1197,455,"Adecco Estudiantes","Adecco Estu","EST",1,69,12000,3,12,25,24,42,57,12,18,66,18,10,28,7,4,11,0,2,3,3,17,18,64,0,0,0,9,0,621,67,0,0,0,0,0,0,0,0,0
1523117,1,"Liga Nacional","Liga Endesa",-402534000,NA,"https://www.acb.com/Documentos/Cabeceras/logo-competicion-1b.png","https://www.acb.com/Documentos/Cabeceras/logo-competicion-4a.png",62,1997,107,NA,NA,1583,9740,NA,NA,FALSE,1197,1207,1046,"Unicaja","Unicaja","UNI",1197,455,"Adecco Estudiantes","Adecco Estu","EST",1,67,12000,3,18,16,25,44,56,8,10,80,21,13,34,9,8,11,0,3,2,1,18,17,71,0,0,10,0,0,670,69,0,0,0,0,0,0,0,0,0
1523040,1,"Liga Nacional","Liga Endesa",-402534000,NA,"https://www.acb.com/Documentos/Cabeceras/logo-competicion-1b.png","https://www.acb.com/Documentos/Cabeceras/logo-competicion-4a.png",62,1997,107,NA,NA,1583,9737,NA,NA,TRUE,1209,1209,1801,"Caja Cantabria","Caja Cantabria","CAN",1193,92,"FC Barcelona Banca Catalana","FC Barcelona","FCB",1,77,12000,3,14,21.43,25,49,51.02,18,30,60,22,11,33,10,4,10,0,5,4,4,22,25,71,0,0,1,0,0,77,87,0,NA,0,0,0,0,0,0,0
1523041,1,"Liga Nacional","Liga Endesa",-402534000,NA,"https://www.acb.com/Documentos/Cabeceras/logo-competicion-1b.png","https://www.acb.com/Documentos/Cabeceras/logo-competicion-4a.png",62,1997,107,NA,NA,1583,9737,NA,NA,FALSE,1193,1209,1801,"Caja Cantabria","Caja Cantabria","CAN",1193,92,"FC Barcelona Banca Catalana","FC Barcelona","FCB",1,87,12000,3,11,27.27,31,55,56.36,16,17,94.12,24,11,35,8,7,9,0,4,5,6,25,22,91,0,0,0,1,0,87,77,0,NA,0,0,0,0,0,0,0
1523138,1,"Liga Nacional","Liga Endesa",-402534000,NA,"https://www.acb.com/Documentos/Cabeceras/logo-competicion-1b.png","https://www.acb.com/Documentos/Cabeceras/logo-competicion-4a.png",62,1997,107,NA,NA,1583,9741,NA,NA,TRUE,1202,1202,1605,"León Caja España","León C. España","LEO",1200,1527,"Ciudad de Huelva","Ciudad Huelva","HUE",1,87,12000,6,14,42,27,45,60,15,16,93,25,8,33,12,8,11,0,4,0,2,17,18,107,0,0,0,9,0,783,75,0,0,0,0,0,0,0,0,0
1523139,1,"Liga Nacional","Liga Endesa",-402534000,NA,"https://www.acb.com/Documentos/Cabeceras/logo-competicion-1b.png","https://www.acb.com/Documentos/Cabeceras/logo-competicion-4a.png",62,1997,107,NA,NA,1583,9741,NA,NA,FALSE,1200,1202,1605,"León Caja España","León C. España","LEO",1200,1527,"Ciudad de Huelva","Ciudad Huelva","HUE",1,75,12000,3,13,23.08,27,49,55.1,12,16,75,19,9,28,3,4,10,0,0,4,1,18,17,59,0,0,1,0,0,75,87,0,NA,0,0,0,0,0,0,0
1523017,1,"Liga Nacional","Liga Endesa",-402534000,NA,"https://www.acb.com/Documentos/Cabeceras/logo-competicion-1b.png","https://www.acb.com/Documentos/Cabeceras/logo-competicion-4a.png",62,1997,107,NA,NA,1583,9736,NA,NA,TRUE,1196,1196,330,"Gran Canaria","Gran Canaria","GCA",1201,618,"Festina Joventut","Festina Jov.","JOV",1,81,12000,5,18,27.78,23,43,53.49,20,29,68.97,20,15,35,12,7,15,0,2,4,2,25,23,74,0,0,1,0,0,81,85,0,NA,0,0,0,0,0,0,0
1523018,1,"Liga Nacional","Liga Endesa",-402534000,NA,"https://www.acb.com/Documentos/Cabeceras/logo-competicion-1b.png","https://www.acb.com/Documentos/Cabeceras/logo-competicion-4a.png",62,1997,107,NA,NA,1583,9736,NA,NA,FALSE,1201,1196,330,"Gran Canaria","Gran Canaria","GCA",1201,618,"Festina Joventut","Festina Jov.","JOV",1,85,12000,4,13,30.77,25,44,56.82,23,31,74.19,22,10,32,11,9,10,0,4,2,3,23,25,95,0,0,0,1,0,85,81,0,NA,0,0,0,0,0,0,0
1523066,1,"Liga Nacional","Liga Endesa",-402534000,NA,"https://www.acb.com/Documentos/Cabeceras/logo-competicion-1b.png","https://www.acb.com/Documentos/Cabeceras/logo-competicion-4a.png",62,1997,107,NA,NA,1583,9738,NA,NA,TRUE,1208,1208,1121,"Caja San Fernando","C. San Fernando","CSF",1204,863,"TDK Manresa","TDK Manresa","TDK",1,70,12000,7,19,36,19,48,39,11,15,73,19,16,35,10,13,20,0,0,5,1,23,18,53,0,0,12,0,0,840,88,0,0,0,0,0,0,0,0,0
1523067,1,"Liga Nacional","Liga Endesa",-402534000,NA,"https://www.acb.com/Documentos/Cabeceras/logo-competicion-1b.png","https://www.acb.com/Documentos/Cabeceras/logo-competicion-4a.png",62,1997,107,NA,NA,1583,9738,NA,NA,FALSE,1204,1208,1121,"Caja San Fernando","C. San Fernando","CSF",1204,863,"TDK Manresa","TDK Manresa","TDK",1,88,12000,3,13,23.08,30,42,71.43,19,33,57.58,24,10,34,12,16,19,0,5,0,1,18,23,105,0,0,0,1,0,88,70,0,NA,0,0,0,0,0,0,0
1523184,1,"Liga Nacional","Liga Endesa",-402534000,NA,"https://www.acb.com/Documentos/Cabeceras/logo-competicion-1b.png","https://www.acb.com/Documentos/Cabeceras/logo-competicion-4a.png",62,1997,107,NA,NA,1583,9743,NA,NA,FALSE,1198,1206,950,"Pamesa Valencia","Pamesa Valencia","PAM",1198,1463,"Valvi Girona","Valvi Girona","GIR",1,85,12000,5,16,31,29,42,69,12,17,70,20,5,25,16,9,12,0,2,1,3,23,19,91,0,0,9,0,0,765,91,0,0,0,0,0,0,0,0,0
1523183,1,"Liga Nacional","Liga Endesa",-402534000,NA,"https://www.acb.com/Documentos/Cabeceras/logo-competicion-1b.png","https://www.acb.com/Documentos/Cabeceras/logo-competicion-4a.png",62,1997,107,NA,NA,1583,9743,NA,NA,TRUE,1206,1206,950,"Pamesa Valencia","Pamesa Valencia","PAM",1198,1463,"Valvi Girona","Valvi Girona","GIR",1,91,12000,6,17,35,27,45,60,19,24,79,18,9,27,8,5,10,0,1,2,5,19,23,90,0,0,0,9,0,819,85,0,0,0,0,0,0,0,0,0
1523094,1,"Liga Nacional","Liga Endesa",-402534000,NA,"https://www.acb.com/Documentos/Cabeceras/logo-competicion-1b.png","https://www.acb.com/Documentos/Cabeceras/logo-competicion-4a.png",62,1997,107,NA,NA,1583,9739,NA,NA,FALSE,1194,1210,1845,"Fórum Valladolid","Fórum Vall.","FOR",1194,207,"TAU Cerámica","TAU Cerámica","TAU",1,76,12000,4,13,30,22,41,53,20,28,71,29,14,43,13,3,14,0,1,3,5,15,25,93,0,0,0,12,0,836,65,0,0,0,0,0,0,0,0,0
1523093,1,"Liga Nacional","Liga Endesa",-402534000,NA,"https://www.acb.com/Documentos/Cabeceras/logo-competicion-1b.png","https://www.acb.com/Documentos/Cabeceras/logo-competicion-4a.png",62,1997,107,NA,NA,1583,9739,NA,NA,TRUE,1210,1210,1845,"Fórum Valladolid","Fórum Vall.","FOR",1194,207,"TAU Cerámica","TAU Cerámica","TAU",1,65,12000,5,19,26,18,39,46,14,16,87,17,4,21,11,7,6,0,3,1,1,25,15,53,0,0,11,0,0,715,76,0,0,0,0,0,0,0,0,0
1523162,1,"Liga Nacional","Liga Endesa",-402534000,NA,"https://www.acb.com/Documentos/Cabeceras/logo-competicion-1b.png","https://www.acb.com/Documentos/Cabeceras/logo-competicion-4a.png",62,1997,107,NA,NA,1583,9742,NA,NA,FALSE,1199,1195,1369,"Cáceres CB","Cáceres CB","CAC",1199,2,"Covirán Sierra Nevada","Covirán","GRA",1,82,12000,5,12,41,25,54,46,17,27,62,21,21,42,9,7,13,0,0,7,0,27,23,70,0,0,9,0,0,738,94,0,0,0,0,0,0,0,0,0
1523161,1,"Liga Nacional","Liga Endesa",-402534000,NA,"https://www.acb.com/Documentos/Cabeceras/logo-competicion-1b.png","https://www.acb.com/Documentos/Cabeceras/logo-competicion-4a.png",62,1997,107,NA,NA,1583,9742,NA,NA,TRUE,1195,1195,1369,"Cáceres CB","Cáceres CB","CAC",1199,2,"Covirán Sierra Nevada","Covirán","GRA",1,94,12000,11,24,45.83,18,34,52.94,25,34,73.53,19,11,30,12,12,12,0,7,0,1,23,27,109,0,0,0,1,0,94,82,0,NA,0,0,0,0,0,0,0
1523273,1,"Liga Nacional","Liga Endesa",-402534000,NA,"https://www.acb.com/Documentos/Cabeceras/logo-competicion-1b.png","https://www.acb.com/Documentos/Cabeceras/logo-competicion-4a.png",62,1997,107,NA,NA,1584,9747,NA,NA,TRUE,1198,1198,1463,"Valvi Girona","Valvi Girona","GIR",1195,1369,"Cáceres CB","Cáceres CB","CAC",1,69,12000,6,22,27.27,19,35,54.29,13,17,76.47,24,7,31,10,8,12,0,2,3,0,21,19,67,0,0,0,1,0,69,68,0,NA,0,0,0,0,0,0,0
1523274,1,"Liga Nacional","Liga Endesa",-402534000,NA,"https://www.acb.com/Documentos/Cabeceras/logo-competicion-1b.png","https://www.acb.com/Documentos/Cabeceras/logo-competicion-4a.png",62,1997,107,NA,NA,1584,9747,NA,NA,FALSE,1195,1198,1463,"Valvi Girona","Valvi Girona","GIR",1195,1369,"Cáceres CB","Cáceres CB","CAC",1,68,12000,3,12,25,22,40,55,15,21,71.43,26,5,31,8,5,14,0,3,2,1,19,21,68,0,0,1,0,0,68,69,0,NA,0,0,0,0,0,0,0
1523344,1,"Liga Nacional","Liga Endesa",-402534000,NA,"https://www.acb.com/Documentos/Cabeceras/logo-competicion-1b.png","https://www.acb.com/Documentos/Cabeceras/logo-competicion-4a.png",62,1997,107,NA,NA,1584,9750,NA,NA,TRUE,1197,1197,455,"Adecco Estudiantes","Adecco Estu","EST",1210,1845,"Fórum Valladolid","Fórum Vall.","FOR",1,87,12000,3,16,18,27,54,50,24,43,55,22,19,41,22,16,12,0,3,1,2,24,32,105,0,0,0,10,0,870,78,0,0,0,0,0,0,0,0,0
1523345,1,"Liga Nacional","Liga Endesa",-402534000,NA,"https://www.acb.com/Documentos/Cabeceras/logo-competicion-1b.png","https://www.acb.com/Documentos/Cabeceras/logo-competicion-4a.png",62,1997,107,NA,NA,1584,9750,NA,NA,FALSE,1210,1197,455,"Adecco Estudiantes","Adecco Estu","EST",1210,1845,"Fórum Valladolid","Fórum Vall.","FOR",1,78,12000,4,11,36,26,45,57,14,21,66,26,7,33,9,7,18,0,1,3,0,32,24,66,0,0,11,0,0,858,87,0,0,0,0,0,0,0,0,0
1523391,1,"Liga Nacional","Liga Endesa",-402534000,NA,"https://www.acb.com/Documentos/Cabeceras/logo-competicion-1b.png","https://www.acb.com/Documentos/Cabeceras/logo-competicion-4a.png",62,1997,107,NA,NA,1584,9752,NA,NA,TRUE,1204,1204,863,"TDK Manresa","TDK Manresa","TDK",1209,1801,"Caja Cantabria","Caja Cantabria","CAN",1,91,12000,5,13,38.46,34,63,53.97,8,17,47.06,23,13,36,21,16,10,0,4,1,4,19,22,114,0,0,0,1,0,91,76,0,NA,0,0,0,0,0,0,0
1523392,1,"Liga Nacional","Liga Endesa",-402534000,NA,"https://www.acb.com/Documentos/Cabeceras/logo-competicion-1b.png","https://www.acb.com/Documentos/Cabeceras/logo-competicion-4a.png",62,1997,107,NA,NA,1584,9752,NA,NA,FALSE,1209,1204,863,"TDK Manresa","TDK Manresa","TDK",1209,1801,"Caja Cantabria","Caja Cantabria","CAN",1,76,12000,3,9,33.33,26,47,55.32,15,21,71.43,27,8,35,11,8,23,0,1,4,3,22,19,68,0,0,1,0,0,76,91,0,NA,0,0,0,0,0,0,0
1523413,1,"Liga Nacional","Liga Endesa",-402534000,NA,"https://www.acb.com/Documentos/Cabeceras/logo-competicion-1b.png","https://www.acb.com/Documentos/Cabeceras/logo-competicion-4a.png",62,1997,107,NA,NA,1584,9753,NA,NA,TRUE,1193,1193,92,"FC Barcelona Banca Catalana","FC Barcelona","FCB",1196,330,"Gran Canaria","Gran Canaria","GCA",1,85,12000,7,17,41,26,52,50,12,16,75,15,4,19,8,9,6,0,2,2,1,27,18,66,0,0,10,0,0,850,107,0,0,0,0,0,0,0,0,0
1523414,1,"Liga Nacional","Liga Endesa",-402534000,NA,"https://www.acb.com/Documentos/Cabeceras/logo-competicion-1b.png","https://www.acb.com/Documentos/Cabeceras/logo-competicion-4a.png",62,1997,107,NA,NA,1584,9753,NA,NA,FALSE,1196,1193,92,"FC Barcelona Banca Catalana","FC Barcelona","FCB",1196,330,"Gran Canaria","Gran Canaria","GCA",1,107,12000,6,17,35.29,34,52,65.38,21,31,67.74,31,17,48,19,6,15,0,2,2,4,18,27,135,0,0,0,1,0,107,85,0,NA,0,0,0,0,0,0,0
1523255,1,"Liga Nacional","Liga Endesa",-402534000,NA,"https://www.acb.com/Documentos/Cabeceras/logo-competicion-1b.png","https://www.acb.com/Documentos/Cabeceras/logo-competicion-4a.png",62,1997,107,NA,NA,1584,9746,NA,NA,FALSE,1206,1203,751,"Real Madrid Teka","Real Madrid","RMB",1206,950,"Pamesa Valencia","Pamesa Valencia","PAM",1,72,12000,6,17,35,23,41,56,8,17,47,16,10,26,5,8,9,0,2,3,3,13,16,66,0,0,9,0,0,648,74,0,0,0,0,0,0,0,0,0
1523254,1,"Liga Nacional","Liga Endesa",-402534000,NA,"https://www.acb.com/Documentos/Cabeceras/logo-competicion-1b.png","https://www.acb.com/Documentos/Cabeceras/logo-competicion-4a.png",62,1997,107,NA,NA,1584,9746,NA,NA,TRUE,1203,1203,751,"Real Madrid Teka","Real Madrid","RMB",1206,950,"Pamesa Valencia","Pamesa Valencia","PAM",1,74,12000,8,17,47,20,36,55,10,14,71,23,7,30,11,7,10,0,3,2,3,16,13,81,0,0,0,10,0,740,72,0,0,0,0,0,0,0,0,0
1523297,1,"Liga Nacional","Liga Endesa",-402534000,NA,"https://www.acb.com/Documentos/Cabeceras/logo-competicion-1b.png","https://www.acb.com/Documentos/Cabeceras/logo-competicion-4a.png",62,1997,107,NA,NA,1584,9748,NA,NA,FALSE,1202,1199,2,"Covirán Sierra Nevada","Covirán","GRA",1202,1605,"León Caja España","León C. España","LEO",1,95,12000,12,21,57,16,29,55,27,30,90,19,3,22,15,7,15,0,5,1,1,22,27,108,0,0,0,9,0,855,91,0,0,0,0,0,0,0,0,0
1523296,1,"Liga Nacional","Liga Endesa",-402534000,NA,"https://www.acb.com/Documentos/Cabeceras/logo-competicion-1b.png","https://www.acb.com/Documentos/Cabeceras/logo-competicion-4a.png",62,1997,107,NA,NA,1584,9748,NA,NA,TRUE,1199,1199,2,"Covirán Sierra Nevada","Covirán","GRA",1202,1605,"León Caja España","León C. España","LEO",1,91,12000,4,9,44,31,58,53,17,30,56,19,16,35,13,12,12,0,1,5,0,27,22,85,0,0,10,0,0,910,95,0,0,0,0,0,0,0,0,0
1523231,1,"Liga Nacional","Liga Endesa",-402534000,NA,"https://www.acb.com/Documentos/Cabeceras/logo-competicion-1b.png","https://www.acb.com/Documentos/Cabeceras/logo-competicion-4a.png",62,1997,107,NA,NA,1584,9745,NA,NA,FALSE,1201,1205,1719,"Ourense Xacobeo 99","Ourense Xacobeo","OUR",1201,618,"Festina Joventut","Festina Jov.","JOV",1,75,12000,5,19,26.32,24,42,57.14,12,18,66.67,22,11,33,7,8,10,0,0,3,4,17,19,74,0,0,0,1,0,75,66,0,NA,0,0,0,0,0,0,0
1523230,1,"Liga Nacional","Liga Endesa",-402534000,NA,"https://www.acb.com/Documentos/Cabeceras/logo-competicion-1b.png","https://www.acb.com/Documentos/Cabeceras/logo-competicion-4a.png",62,1997,107,NA,NA,1584,9745,NA,NA,TRUE,1205,1205,1719,"Ourense Xacobeo 99","Ourense Xacobeo","OUR",1201,618,"Festina Joventut","Festina Jov.","JOV",1,66,12000,4,18,22.22,24,54,44.44,6,9,66.67,24,22,46,11,6,14,0,3,0,4,19,17,69,0,0,1,0,0,66,75,0,NA,0,0,0,0,0,0,0
1523319,1,"Liga Nacional","Liga Endesa",-402534000,NA,"https://www.acb.com/Documentos/Cabeceras/logo-competicion-1b.png","https://www.acb.com/Documentos/Cabeceras/logo-competicion-4a.png",62,1997,107,NA,NA,1584,9749,NA,NA,FALSE,1207,1200,1527,"Ciudad de Huelva","Ciudad Huelva","HUE",1207,1046,"Unicaja","Unicaja","UNI",1,87,12000,9,22,40.91,23,39,58.97,14,19,73.68,17,15,32,4,7,11,0,1,1,2,18,20,87,0,0,0,1,0,87,77,0,NA,0,0,0,0,0,0,0
1523318,1,"Liga Nacional","Liga Endesa",-402534000,NA,"https://www.acb.com/Documentos/Cabeceras/logo-competicion-1b.png","https://www.acb.com/Documentos/Cabeceras/logo-competicion-4a.png",62,1997,107,NA,NA,1584,9749,NA,NA,TRUE,1200,1200,1527,"Ciudad de Huelva","Ciudad Huelva","HUE",1207,1046,"Unicaja","Unicaja","UNI",1,77,12000,2,5,40,29,47,61.7,13,19,68.42,17,7,24,12,8,14,0,1,1,4,20,18,78,0,0,1,0,0,77,87,0,NA,0,0,0,0,0,0,0
1523367,1,"Liga Nacional","Liga Endesa",-402534000,NA,"https://www.acb.com/Documentos/Cabeceras/logo-competicion-1b.png","https://www.acb.com/Documentos/Cabeceras/logo-competicion-4a.png",62,1997,107,NA,NA,1584,9751,NA,NA,TRUE,1194,1194,207,"TAU Cerámica","TAU Cerámica","TAU",1208,1121,"Caja San Fernando","C. San Fernando","CSF",1,93,12000,11,16,68,22,31,70,16,22,72,18,6,24,14,6,17,0,5,3,3,21,20,101,0,0,0,11,0,930,87,0,0,0,0,0,0,0,0,0
1523368,1,"Liga Nacional","Liga Endesa",-402534000,NA,"https://www.acb.com/Documentos/Cabeceras/logo-competicion-1b.png","https://www.acb.com/Documentos/Cabeceras/logo-competicion-4a.png",62,1997,107,NA,NA,1584,9751,NA,NA,FALSE,1208,1194,207,"TAU Cerámica","TAU Cerámica","TAU",1208,1121,"Caja San Fernando","C. San Fernando","CSF",1,87,12000,6,15,40,28,51,54,13,18,72,9,14,23,10,10,8,0,3,5,4,20,21,84,0,0,9,0,0,783,93,0,0,0,0,0,0,0,0,0
1523504,1,"Liga Nacional","Liga Endesa",-402534000,NA,"https://www.acb.com/Documentos/Cabeceras/logo-competicion-1b.png","https://www.acb.com/Documentos/Cabeceras/logo-competicion-4a.png",62,1997,107,NA,NA,1585,9757,NA,NA,TRUE,1208,1208,1121,"Caja San Fernando","C. San Fernando","CSF",1197,455,"Adecco Estudiantes","Adecco Estu","EST",1,70,12000,4,24,16,21,38,55,16,18,88,23,13,36,14,7,11,0,0,3,0,25,19,68,0,0,10,0,0,700,74,0,0,0,0,0,0,0,0,0
1523505,1,"Liga Nacional","Liga Endesa",-402534000,NA,"https://www.acb.com/Documentos/Cabeceras/logo-competicion-1b.png","https://www.acb.com/Documentos/Cabeceras/logo-competicion-4a.png",62,1997,107,NA,NA,1585,9757,NA,NA,FALSE,1197,1208,1121,"Caja San Fernando","C. San Fernando","CSF",1197,455,"Adecco Estudiantes","Adecco Estu","EST",1,74,12000,6,18,33,19,39,48,18,29,62,25,14,39,10,8,12,0,3,0,1,19,25,85,0,0,0,9,0,666,70,0,0,0,0,0,0,0,0,0
1523435,1,"Liga Nacional","Liga Endesa",-402534000,NA,"https://www.acb.com/Documentos/Cabeceras/logo-competicion-1b.png","https://www.acb.com/Documentos/Cabeceras/logo-competicion-4a.png",62,1997,107,NA,NA,1585,9754,NA,NA,TRUE,1201,1201,618,"Festina Joventut","Festina Jov.","JOV",1193,92,"FC Barcelona Banca Catalana","FC Barcelona","FCB",1,89,12000,9,23,39.13,23,37,62.16,16,28,57.14,18,10,28,14,7,12,0,4,2,1,28,23,83,0,0,1,0,0,89,94,0,NA,0,0,0,0,0,0,0
1523436,1,"Liga Nacional","Liga Endesa",-402534000,NA,"https://www.acb.com/Documentos/Cabeceras/logo-competicion-1b.png","https://www.acb.com/Documentos/Cabeceras/logo-competicion-4a.png",62,1997,107,NA,NA,1585,9754,NA,NA,FALSE,1193,1201,618,"Festina Joventut","Festina Jov.","JOV",1193,92,"FC Barcelona Banca Catalana","FC Barcelona","FCB",1,94,12000,7,16,43.75,20,39,51.28,33,42,78.57,24,8,32,19,9,10,0,2,4,2,23,28,110,0,0,0,1,0,94,89,0,NA,0,0,0,0,0,0,0
1523529,1,"Liga Nacional","Liga Endesa",-402534000,NA,"https://www.acb.com/Documentos/Cabeceras/logo-competicion-1b.png","https://www.acb.com/Documentos/Cabeceras/logo-competicion-4a.png",62,1997,107,NA,NA,1585,9758,NA,NA,TRUE,1210,1210,1845,"Fórum Valladolid","Fórum Vall.","FOR",1200,1527,"Ciudad de Huelva","Ciudad Huelva","HUE",1,87,12000,6,13,46,27,46,58,15,21,71,25,5,30,16,8,10,0,1,1,0,16,25,108,0,0,0,11,0,957,72,0,0,0,0,0,0,0,0,0
1523530,1,"Liga Nacional","Liga Endesa",-402534000,NA,"https://www.acb.com/Documentos/Cabeceras/logo-competicion-1b.png","https://www.acb.com/Documentos/Cabeceras/logo-competicion-4a.png",62,1997,107,NA,NA,1585,9758,NA,NA,FALSE,1200,1210,1845,"Fórum Valladolid","Fórum Vall.","FOR",1200,1527,"Ciudad de Huelva","Ciudad Huelva","HUE",1,72,12000,6,19,31.58,23,42,54.76,8,18,44.44,24,10,34,11,8,15,0,1,1,2,25,16,59,0,0,1,0,0,72,87,0,NA,0,0,0,0,0,0,0
1523573,1,"Liga Nacional","Liga Endesa",-402534000,NA,"https://www.acb.com/Documentos/Cabeceras/logo-competicion-1b.png","https://www.acb.com/Documentos/Cabeceras/logo-competicion-4a.png",62,1997,107,NA,NA,1585,9760,NA,NA,TRUE,1202,1202,1605,"León Caja España","León C. España","LEO",1198,1463,"Valvi Girona","Valvi Girona","GIR",1,74,12000,5,20,25,23,44,52,13,19,68,26,10,36,6,5,12,0,2,3,1,18,19,67,0,0,0,10,0,740,72,0,0,0,0,0,0,0,0,0
1523574,1,"Liga Nacional","Liga Endesa",-402534000,NA,"https://www.acb.com/Documentos/Cabeceras/logo-competicion-1b.png","https://www.acb.com/Documentos/Cabeceras/logo-competicion-4a.png",62,1997,107,NA,NA,1585,9760,NA,NA,FALSE,1198,1202,1605,"León Caja España","León C. España","LEO",1198,1463,"Valvi Girona","Valvi Girona","GIR",1,72,12000,3,12,25,24,45,53.33,15,18,83.33,27,4,31,6,8,12,0,3,2,0,19,18,72,0,0,1,0,0,72,74,0,NA,0,0,0,0,0,0,0
1523458,1,"Liga Nacional","Liga Endesa",-402534000,NA,"https://www.acb.com/Documentos/Cabeceras/logo-competicion-1b.png","https://www.acb.com/Documentos/Cabeceras/logo-competicion-4a.png",62,1997,107,NA,NA,1585,9755,NA,NA,FALSE,1204,1196,330,"Gran Canaria","Gran Canaria","GCA",1204,863,"TDK Manresa","TDK Manresa","TDK",1,86,12000,7,13,53.85,23,37,62.16,19,30,63.33,18,10,28,8,7,14,0,2,2,1,20,20,84,0,0,0,1,0,86,80,0,NA,0,0,0,0,0,0,0
1523457,1,"Liga Nacional","Liga Endesa",-402534000,NA,"https://www.acb.com/Documentos/Cabeceras/logo-competicion-1b.png","https://www.acb.com/Documentos/Cabeceras/logo-competicion-4a.png",62,1997,107,NA,NA,1585,9755,NA,NA,TRUE,1196,1196,330,"Gran Canaria","Gran Canaria","GCA",1204,863,"TDK Manresa","TDK Manresa","TDK",1,80,12000,7,20,35,21,41,51.22,17,21,80.95,17,15,32,9,6,12,0,2,2,0,20,20,78,0,0,1,0,0,80,86,0,NA,0,0,0,0,0,0,0
1523481,1,"Liga Nacional","Liga Endesa",-402534000,NA,"https://www.acb.com/Documentos/Cabeceras/logo-competicion-1b.png","https://www.acb.com/Documentos/Cabeceras/logo-competicion-4a.png",62,1997,107,NA,NA,1585,9756,NA,NA,FALSE,1194,1209,1801,"Caja Cantabria","Caja Cantabria","CAN",1194,207,"TAU Cerámica","TAU Cerámica","TAU",1,62,12000,2,10,20,21,46,45,14,17,82,25,10,35,4,7,15,0,1,4,3,22,17,49,0,0,12,0,0,682,67,0,0,0,0,0,0,0,0,0
1523480,1,"Liga Nacional","Liga Endesa",-402534000,NA,"https://www.acb.com/Documentos/Cabeceras/logo-competicion-1b.png","https://www.acb.com/Documentos/Cabeceras/logo-competicion-4a.png",62,1997,107,NA,NA,1585,9756,NA,NA,TRUE,1209,1209,1801,"Caja Cantabria","Caja Cantabria","CAN",1194,207,"TAU Cerámica","TAU Cerámica","TAU",1,67,12000,5,17,29.41,20,45,44.44,12,24,50,23,15,38,15,6,9,0,4,1,3,17,22,76,0,0,0,1,0,67,62,0,NA,0,0,0,0,0,0,0
1523551,1,"Liga Nacional","Liga Endesa",-402534000,NA,"https://www.acb.com/Documentos/Cabeceras/logo-competicion-1b.png","https://www.acb.com/Documentos/Cabeceras/logo-competicion-4a.png",62,1997,107,NA,NA,1585,9759,NA,NA,TRUE,1199,1199,2,"Covirán Sierra Nevada","Covirán","GRA",1207,1046,"Unicaja","Unicaja","UNI",1,67,12000,2,8,25,23,37,62,15,19,78,21,5,26,5,6,12,0,0,0,0,17,16,67,0,0,9,0,0,603,69,0,0,0,0,0,0,0,0,0
1523552,1,"Liga Nacional","Liga Endesa",-402534000,NA,"https://www.acb.com/Documentos/Cabeceras/logo-competicion-1b.png","https://www.acb.com/Documentos/Cabeceras/logo-competicion-4a.png",62,1997,107,NA,NA,1585,9759,NA,NA,FALSE,1207,1199,2,"Covirán Sierra Nevada","Covirán","GRA",1207,1046,"Unicaja","Unicaja","UNI",1,69,12000,7,15,46.67,19,45,42.22,10,16,62.5,17,12,29,9,11,6,0,0,0,0,16,17,73,0,0,0,1,0,69,67,0,NA,0,0,0,0,0,0,0
1523617,1,"Liga Nacional","Liga Endesa",-402534000,NA,"https://www.acb.com/Documentos/Cabeceras/logo-competicion-1b.png","https://www.acb.com/Documentos/Cabeceras/logo-competicion-4a.png",62,1997,107,NA,NA,1585,9762,NA,NA,TRUE,1206,1206,950,"Pamesa Valencia","Pamesa Valencia","PAM",1205,1719,"Ourense Xacobeo 99","Ourense Xacobeo","OUR",1,88,12000,3,13,23,32,40,80,15,22,68,16,5,21,16,3,6,0,5,2,6,13,22,109,0,0,0,9,0,792,83,0,0,0,0,0,0,0,0,0
1523618,1,"Liga Nacional","Liga Endesa",-402534000,NA,"https://www.acb.com/Documentos/Cabeceras/logo-competicion-1b.png","https://www.acb.com/Documentos/Cabeceras/logo-competicion-4a.png",62,1997,107,NA,NA,1585,9762,NA,NA,FALSE,1205,1206,950,"Pamesa Valencia","Pamesa Valencia","PAM",1205,1719,"Ourense Xacobeo 99","Ourense Xacobeo","OUR",1,83,12000,3,6,50,32,54,59.26,10,12,83.33,15,8,23,10,6,10,0,2,4,1,22,13,74,0,0,1,0,0,83,88,0,NA,0,0,0,0,0,0,0
1523598,1,"Liga Nacional","Liga Endesa",-402534000,NA,"https://www.acb.com/Documentos/Cabeceras/logo-competicion-1b.png","https://www.acb.com/Documentos/Cabeceras/logo-competicion-4a.png",62,1997,107,NA,NA,1585,9761,NA,NA,FALSE,1203,1195,1369,"Cáceres CB","Cáceres CB","CAC",1203,751,"Real Madrid Teka","Real Madrid","RMB",1,64,13500,2,14,14,21,44,47,16,26,61,25,13,38,9,10,15,0,1,1,0,20,25,66,0,0,0,10,0,640,61,0,0,0,0,0,0,0,0,0
1523597,1,"Liga Nacional","Liga Endesa",-402534000,NA,"https://www.acb.com/Documentos/Cabeceras/logo-competicion-1b.png","https://www.acb.com/Documentos/Cabeceras/logo-competicion-4a.png",62,1997,107,NA,NA,1585,9761,NA,NA,TRUE,1195,1195,1369,"Cáceres CB","Cáceres CB","CAC",1203,751,"Real Madrid Teka","Real Madrid","RMB",1,61,13500,2,12,16.67,21,47,44.68,13,15,86.67,27,8,35,9,13,13,0,1,1,2,25,20,62,0,0,1,0,0,61,64,0,NA,0,0,0,0,0,0,0
1523830,1,"Liga Nacional","Liga Endesa",-402534000,NA,"https://www.acb.com/Documentos/Cabeceras/logo-competicion-1b.png","https://www.acb.com/Documentos/Cabeceras/logo-competicion-4a.png",62,1997,107,NA,NA,1586,9771,NA,NA,FALSE,1204,1193,92,"FC Barcelona Banca Catalana","FC Barcelona","FCB",1204,863,"TDK Manresa","TDK Manresa","TDK",1,56,12000,3,17,17.65,16,42,38.1,15,18,83.33,20,6,26,8,9,14,0,5,2,3,13,18,50,0,0,1,0,0,56,94,0,NA,0,0,0,0,0,0,0
1523829,1,"Liga Nacional","Liga Endesa",-402534000,NA,"https://www.acb.com/Documentos/Cabeceras/logo-competicion-1b.png","https://www.acb.com/Documentos/Cabeceras/logo-competicion-4a.png",62,1997,107,NA,NA,1586,9771,NA,NA,TRUE,1193,1193,92,"FC Barcelona Banca Catalana","FC Barcelona","FCB",1204,863,"TDK Manresa","TDK Manresa","TDK",1,94,12000,14,21,66.67,23,46,50,6,8,75,36,10,46,15,10,15,0,2,5,3,18,13,110,0,0,0,1,0,94,56,0,NA,0,0,0,0,0,0,0
1523642,1,"Liga Nacional","Liga Endesa",-402534000,NA,"https://www.acb.com/Documentos/Cabeceras/logo-competicion-1b.png","https://www.acb.com/Documentos/Cabeceras/logo-competicion-4a.png",62,1997,107,NA,NA,1586,9763,NA,NA,TRUE,1206,1206,950,"Pamesa Valencia","Pamesa Valencia","PAM",1201,618,"Festina Joventut","Festina Jov.","JOV",1,60,12000,2,16,12,23,50,46,8,17,47,20,14,34,12,10,8,0,1,3,6,17,18,57,0,0,11,0,0,660,84,0,0,0,0,0,0,0,0,0
1523643,1,"Liga Nacional","Liga Endesa",-402534000,NA,"https://www.acb.com/Documentos/Cabeceras/logo-competicion-1b.png","https://www.acb.com/Documentos/Cabeceras/logo-competicion-4a.png",62,1997,107,NA,NA,1586,9763,NA,NA,FALSE,1201,1206,950,"Pamesa Valencia","Pamesa Valencia","PAM",1201,618,"Festina Joventut","Festina Jov.","JOV",1,84,12000,6,16,37.5,24,39,61.54,18,23,78.26,32,9,41,13,4,11,0,3,1,1,18,17,102,0,0,0,1,0,84,60,0,NA,0,0,0,0,0,0,0
1523781,1,"Liga Nacional","Liga Endesa",-402534000,NA,"https://www.acb.com/Documentos/Cabeceras/logo-competicion-1b.png","https://www.acb.com/Documentos/Cabeceras/logo-competicion-4a.png",62,1997,107,NA,NA,1586,9769,NA,NA,TRUE,1197,1197,455,"Adecco Estudiantes","Adecco Estu","EST",1209,1801,"Caja Cantabria","Caja Cantabria","CAN",1,92,12000,3,12,25,31,58,53,21,29,72,30,16,46,15,12,11,0,0,1,4,21,25,113,0,0,0,11,0,1012,76,0,0,0,0,0,0,0,0,0
1523782,1,"Liga Nacional","Liga Endesa",-402534000,NA,"https://www.acb.com/Documentos/Cabeceras/logo-competicion-1b.png","https://www.acb.com/Documentos/Cabeceras/logo-competicion-4a.png",62,1997,107,NA,NA,1586,9769,NA,NA,FALSE,1209,1197,455,"Adecco Estudiantes","Adecco Estu","EST",1209,1801,"Caja Cantabria","Caja Cantabria","CAN",1,76,12000,9,26,34.62,18,32,56.25,13,23,56.52,23,8,31,8,7,17,0,1,0,0,25,21,61,0,0,1,0,0,76,92,0,NA,0,0,0,0,0,0,0
1523736,1,"Liga Nacional","Liga Endesa",-402534000,NA,"https://www.acb.com/Documentos/Cabeceras/logo-competicion-1b.png","https://www.acb.com/Documentos/Cabeceras/logo-competicion-4a.png",62,1997,107,NA,NA,1586,9767,NA,NA,FALSE,1199,1210,1845,"Fórum Valladolid","Fórum Vall.","FOR",1199,2,"Covirán Sierra Nevada","Covirán","GRA",1,69,12000,4,7,57,21,44,47,15,26,57,30,9,39,10,9,17,0,1,5,3,22,23,70,0,0,0,10,0,690,62,0,0,0,0,0,0,0,0,0
1523735,1,"Liga Nacional","Liga Endesa",-402534000,NA,"https://www.acb.com/Documentos/Cabeceras/logo-competicion-1b.png","https://www.acb.com/Documentos/Cabeceras/logo-competicion-4a.png",62,1997,107,NA,NA,1586,9767,NA,NA,TRUE,1210,1210,1845,"Fórum Valladolid","Fórum Vall.","FOR",1199,2,"Covirán Sierra Nevada","Covirán","GRA",1,62,12000,3,11,27,17,37,45,19,28,67,20,2,22,6,9,13,0,5,1,1,23,22,52,0,0,10,0,0,620,69,0,0,0,0,0,0,0,0,0
1523806,1,"Liga Nacional","Liga Endesa",-402534000,NA,"https://www.acb.com/Documentos/Cabeceras/logo-competicion-1b.png","https://www.acb.com/Documentos/Cabeceras/logo-competicion-4a.png",62,1997,107,NA,NA,1586,9770,NA,NA,FALSE,1196,1194,207,"TAU Cerámica","TAU Cerámica","TAU",1196,330,"Gran Canaria","Gran Canaria","GCA",1,80,12000,6,11,54.55,18,38,47.37,26,31,83.87,8,9,17,9,10,12,0,0,2,3,21,24,75,0,0,1,0,0,80,91,0,NA,0,0,0,0,0,0,0
1523805,1,"Liga Nacional","Liga Endesa",-402534000,NA,"https://www.acb.com/Documentos/Cabeceras/logo-competicion-1b.png","https://www.acb.com/Documentos/Cabeceras/logo-competicion-4a.png",62,1997,107,NA,NA,1586,9770,NA,NA,TRUE,1194,1194,207,"TAU Cerámica","TAU Cerámica","TAU",1196,330,"Gran Canaria","Gran Canaria","GCA",1,91,12000,9,14,64,27,35,77,10,15,66,15,7,22,16,6,16,0,2,0,3,24,21,100,0,0,0,12,0,1001,80,0,0,0,0,0,0,0,0,0
1523710,1,"Liga Nacional","Liga Endesa",-402534000,NA,"https://www.acb.com/Documentos/Cabeceras/logo-competicion-1b.png","https://www.acb.com/Documentos/Cabeceras/logo-competicion-4a.png",62,1997,107,NA,NA,1586,9766,NA,NA,TRUE,1207,1207,1046,"Unicaja","Unicaja","UNI",1198,1463,"Valvi Girona","Valvi Girona","GIR",1,94,12000,8,13,61.54,25,41,60.98,20,27,74.07,22,5,27,19,7,7,0,2,1,10,21,23,115,0,0,0,1,0,94,75,0,NA,0,0,0,0,0,0,0
1523711,1,"Liga Nacional","Liga Endesa",-402534000,NA,"https://www.acb.com/Documentos/Cabeceras/logo-competicion-1b.png","https://www.acb.com/Documentos/Cabeceras/logo-competicion-4a.png",62,1997,107,NA,NA,1586,9766,NA,NA,FALSE,1198,1207,1046,"Unicaja","Unicaja","UNI",1198,1463,"Valvi Girona","Valvi Girona","GIR",1,75,12000,6,13,46.15,24,43,55.81,9,19,47.37,21,7,28,7,6,14,0,1,2,1,23,21,63,0,0,1,0,0,75,94,0,NA,0,0,0,0,0,0,0
1523666,1,"Liga Nacional","Liga Endesa",-402534000,NA,"https://www.acb.com/Documentos/Cabeceras/logo-competicion-1b.png","https://www.acb.com/Documentos/Cabeceras/logo-competicion-4a.png",62,1997,107,NA,NA,1586,9764,NA,NA,FALSE,1195,1205,1719,"Ourense Xacobeo 99","Ourense Xacobeo","OUR",1195,1369,"Cáceres CB","Cáceres CB","CAC",1,83,12000,9,21,42.86,17,38,44.74,22,33,66.67,27,17,44,10,11,15,0,1,3,2,20,23,90,0,0,0,1,0,83,69,0,NA,0,0,0,0,0,0,0
1523665,1,"Liga Nacional","Liga Endesa",-402534000,NA,"https://www.acb.com/Documentos/Cabeceras/logo-competicion-1b.png","https://www.acb.com/Documentos/Cabeceras/logo-competicion-4a.png",62,1997,107,NA,NA,1586,9764,NA,NA,TRUE,1205,1205,1719,"Ourense Xacobeo 99","Ourense Xacobeo","OUR",1195,1369,"Cáceres CB","Cáceres CB","CAC",1,69,12000,5,16,31.25,21,38,55.26,12,21,57.14,21,5,26,6,5,13,0,3,1,3,23,20,55,0,0,1,0,0,69,83,0,NA,0,0,0,0,0,0,0
1523757,1,"Liga Nacional","Liga Endesa",-402534000,NA,"https://www.acb.com/Documentos/Cabeceras/logo-competicion-1b.png","https://www.acb.com/Documentos/Cabeceras/logo-competicion-4a.png",62,1997,107,NA,NA,1586,9768,NA,NA,FALSE,1208,1200,1527,"Ciudad de Huelva","Ciudad Huelva","HUE",1208,1121,"Caja San Fernando","C. San Fernando","CSF",1,83,12000,13,28,46,19,36,52,6,7,85,20,8,28,6,10,14,0,1,1,1,20,16,76,0,0,9,0,0,747,84,0,0,0,0,0,0,0,0,0
1523756,1,"Liga Nacional","Liga Endesa",-402534000,NA,"https://www.acb.com/Documentos/Cabeceras/logo-competicion-1b.png","https://www.acb.com/Documentos/Cabeceras/logo-competicion-4a.png",62,1997,107,NA,NA,1586,9768,NA,NA,TRUE,1200,1200,1527,"Ciudad de Huelva","Ciudad Huelva","HUE",1208,1121,"Caja San Fernando","C. San Fernando","CSF",1,84,12000,9,21,42.86,21,34,61.76,15,20,75,21,9,30,19,10,12,0,1,1,3,16,20,105,0,0,0,1,0,84,83,0,NA,0,0,0,0,0,0,0
1523689,1,"Liga Nacional","Liga Endesa",-402534000,NA,"https://www.acb.com/Documentos/Cabeceras/logo-competicion-1b.png","https://www.acb.com/Documentos/Cabeceras/logo-competicion-4a.png",62,1997,107,NA,NA,1586,9765,NA,NA,TRUE,1203,1203,751,"Real Madrid Teka","Real Madrid","RMB",1202,1605,"León Caja España","León C. España","LEO",1,83,12000,1,3,33,36,64,56,8,14,57,31,14,45,11,13,11,0,2,3,5,10,16,110,0,0,0,10,0,830,57,0,0,0,0,0,0,0,0,0
1523690,1,"Liga Nacional","Liga Endesa",-402534000,NA,"https://www.acb.com/Documentos/Cabeceras/logo-competicion-1b.png","https://www.acb.com/Documentos/Cabeceras/logo-competicion-4a.png",62,1997,107,NA,NA,1586,9765,NA,NA,FALSE,1202,1203,751,"Real Madrid Teka","Real Madrid","RMB",1202,1605,"León Caja España","León C. España","LEO",1,57,12000,6,28,21.43,18,32,56.25,3,3,100,16,5,21,5,7,13,0,3,2,0,16,10,36,0,0,1,0,0,57,83,0,NA,0,0,0,0,0,0,0
1523898,1,"Liga Nacional","Liga Endesa",-402534000,NA,"https://www.acb.com/Documentos/Cabeceras/logo-competicion-1b.png","https://www.acb.com/Documentos/Cabeceras/logo-competicion-4a.png",62,1997,107,NA,NA,1587,9774,NA,NA,FALSE,1197,1196,330,"Gran Canaria","Gran Canaria","GCA",1197,455,"Adecco Estudiantes","Adecco Estu","EST",1,79,12000,9,26,34,24,42,57,4,11,36,16,14,30,10,6,14,0,3,0,4,30,19,61,0,0,9,0,0,711,90,0,0,0,0,0,0,0,0,0
1523897,1,"Liga Nacional","Liga Endesa",-402534000,NA,"https://www.acb.com/Documentos/Cabeceras/logo-competicion-1b.png","https://www.acb.com/Documentos/Cabeceras/logo-competicion-4a.png",62,1997,107,NA,NA,1587,9774,NA,NA,TRUE,1196,1196,330,"Gran Canaria","Gran Canaria","GCA",1197,455,"Adecco Estudiantes","Adecco Estu","EST",1,90,12000,1,10,10,26,44,59.09,35,44,79.55,24,12,36,17,12,11,0,0,3,7,19,30,116,0,0,0,1,0,90,79,0,NA,0,0,0,0,0,0,0
1523967,1,"Liga Nacional","Liga Endesa",-402534000,NA,"https://www.acb.com/Documentos/Cabeceras/logo-competicion-1b.png","https://www.acb.com/Documentos/Cabeceras/logo-competicion-4a.png",62,1997,107,NA,NA,1587,9777,NA,NA,FALSE,1210,1198,1463,"Valvi Girona","Valvi Girona","GIR",1210,1845,"Fórum Valladolid","Fórum Vall.","FOR",1,85,12000,9,17,52,18,46,39,22,23,95,23,9,32,8,10,11,0,1,5,1,25,20,78,0,0,10,0,0,850,87,0,0,0,0,0,0,0,0,0
1523966,1,"Liga Nacional","Liga Endesa",-402534000,NA,"https://www.acb.com/Documentos/Cabeceras/logo-competicion-1b.png","https://www.acb.com/Documentos/Cabeceras/logo-competicion-4a.png",62,1997,107,NA,NA,1587,9777,NA,NA,TRUE,1198,1198,1463,"Valvi Girona","Valvi Girona","GIR",1210,1845,"Fórum Valladolid","Fórum Vall.","FOR",1,87,12000,8,18,44.44,21,40,52.5,21,26,80.77,26,8,34,13,5,13,0,5,1,1,20,25,101,0,0,0,1,0,87,85,0,NA,0,0,0,0,0,0,0
1523851,1,"Liga Nacional","Liga Endesa",-402534000,NA,"https://www.acb.com/Documentos/Cabeceras/logo-competicion-1b.png","https://www.acb.com/Documentos/Cabeceras/logo-competicion-4a.png",62,1997,107,NA,NA,1587,9772,NA,NA,TRUE,1204,1204,863,"TDK Manresa","TDK Manresa","TDK",1201,618,"Festina Joventut","Festina Jov.","JOV",1,89,12000,4,14,28.57,31,59,52.54,15,23,65.22,20,17,37,9,10,11,0,7,6,2,26,21,84,0,0,1,0,0,89,91,0,NA,0,0,0,0,0,0,0
1523852,1,"Liga Nacional","Liga Endesa",-402534000,NA,"https://www.acb.com/Documentos/Cabeceras/logo-competicion-1b.png","https://www.acb.com/Documentos/Cabeceras/logo-competicion-4a.png",62,1997,107,NA,NA,1587,9772,NA,NA,FALSE,1201,1204,863,"TDK Manresa","TDK Manresa","TDK",1201,618,"Festina Joventut","Festina Jov.","JOV",1,91,12000,11,21,52.38,20,41,48.78,18,29,62.07,24,14,38,13,6,17,0,6,7,1,21,26,93,0,0,0,1,0,91,89,0,NA,0,0,0,0,0,0,0
1523878,1,"Liga Nacional","Liga Endesa",-402534000,NA,"https://www.acb.com/Documentos/Cabeceras/logo-competicion-1b.png","https://www.acb.com/Documentos/Cabeceras/logo-competicion-4a.png",62,1997,107,NA,NA,1587,9773,NA,NA,FALSE,1194,1193,92,"FC Barcelona Banca Catalana","FC Barcelona","FCB",1194,207,"TAU Cerámica","TAU Cerámica","TAU",1,85,12000,3,10,30,26,37,70,24,42,57,21,7,28,15,6,13,0,0,1,5,22,31,93,0,0,0,11,0,850,79,0,0,0,0,0,0,0,0,0
1523877,1,"Liga Nacional","Liga Endesa",-402534000,NA,"https://www.acb.com/Documentos/Cabeceras/logo-competicion-1b.png","https://www.acb.com/Documentos/Cabeceras/logo-competicion-4a.png",62,1997,107,NA,NA,1587,9773,NA,NA,TRUE,1193,1193,92,"FC Barcelona Banca Catalana","FC Barcelona","FCB",1194,207,"TAU Cerámica","TAU Cerámica","TAU",1,79,12000,5,17,29,23,41,56,18,24,75,21,9,30,12,7,12,0,1,0,1,31,22,72,0,0,12,0,0,948,85,0,0,0,0,0,0,0,0,0
1524009,1,"Liga Nacional","Liga Endesa",-402534000,NA,"https://www.acb.com/Documentos/Cabeceras/logo-competicion-1b.png","https://www.acb.com/Documentos/Cabeceras/logo-competicion-4a.png",62,1997,107,NA,NA,1587,9779,NA,NA,TRUE,1202,1202,1605,"León Caja España","León C. España","LEO",1205,1719,"Ourense Xacobeo 99","Ourense Xacobeo","OUR",1,88,12000,12,22,54.55,15,28,53.57,22,27,81.48,23,5,28,8,8,16,0,2,2,0,19,23,92,0,0,0,1,0,88,83,0,NA,0,0,0,0,0,0,0
1524010,1,"Liga Nacional","Liga Endesa",-402534000,NA,"https://www.acb.com/Documentos/Cabeceras/logo-competicion-1b.png","https://www.acb.com/Documentos/Cabeceras/logo-competicion-4a.png",62,1997,107,NA,NA,1587,9779,NA,NA,FALSE,1205,1202,1605,"León Caja España","León C. España","LEO",1205,1719,"Ourense Xacobeo 99","Ourense Xacobeo","OUR",1,83,12000,3,11,27.27,27,59,45.76,20,26,76.92,17,18,35,4,11,10,0,2,2,4,23,19,73,0,0,1,0,0,83,88,0,NA,0,0,0,0,0,0,0
1523944,1,"Liga Nacional","Liga Endesa",-402534000,NA,"https://www.acb.com/Documentos/Cabeceras/logo-competicion-1b.png","https://www.acb.com/Documentos/Cabeceras/logo-competicion-4a.png",62,1997,107,NA,NA,1587,9776,NA,NA,FALSE,1199,1208,1121,"Caja San Fernando","C. San Fernando","CSF",1199,2,"Covirán Sierra Nevada","Covirán","GRA",1,95,12000,5,11,45,29,49,59,22,35,62,28,14,42,18,7,12,0,2,0,1,25,27,115,0,0,0,10,0,950,77,0,0,0,0,0,0,0,0,0
1523943,1,"Liga Nacional","Liga Endesa",-402534000,NA,"https://www.acb.com/Documentos/Cabeceras/logo-competicion-1b.png","https://www.acb.com/Documentos/Cabeceras/logo-competicion-4a.png",62,1997,107,NA,NA,1587,9776,NA,NA,TRUE,1208,1208,1121,"Caja San Fernando","C. San Fernando","CSF",1199,2,"Covirán Sierra Nevada","Covirán","GRA",1,77,12000,7,27,25,18,47,38,20,30,66,21,25,46,9,11,10,0,0,2,2,27,25,70,0,0,11,0,0,847,95,0,0,0,0,0,0,0,0,0
1524031,1,"Liga Nacional","Liga Endesa",-402534000,NA,"https://www.acb.com/Documentos/Cabeceras/logo-competicion-1b.png","https://www.acb.com/Documentos/Cabeceras/logo-competicion-4a.png",62,1997,107,NA,NA,1587,9780,NA,NA,FALSE,1206,1195,1369,"Cáceres CB","Cáceres CB","CAC",1206,950,"Pamesa Valencia","Pamesa Valencia","PAM",1,73,12000,2,10,20,25,45,55,17,24,70,27,9,36,5,6,7,0,2,1,2,16,20,83,0,0,0,9,0,657,64,0,0,0,0,0,0,0,0,0
1524030,1,"Liga Nacional","Liga Endesa",-402534000,NA,"https://www.acb.com/Documentos/Cabeceras/logo-competicion-1b.png","https://www.acb.com/Documentos/Cabeceras/logo-competicion-4a.png",62,1997,107,NA,NA,1587,9780,NA,NA,TRUE,1195,1195,1369,"Cáceres CB","Cáceres CB","CAC",1206,950,"Pamesa Valencia","Pamesa Valencia","PAM",1,64,12000,5,19,26.32,22,49,44.9,5,10,50,20,13,33,12,5,6,0,1,2,2,20,16,57,0,0,1,0,0,64,73,0,NA,0,0,0,0,0,0,0
1523918,1,"Liga Nacional","Liga Endesa",-402534000,NA,"https://www.acb.com/Documentos/Cabeceras/logo-competicion-1b.png","https://www.acb.com/Documentos/Cabeceras/logo-competicion-4a.png",62,1997,107,NA,NA,1587,9775,NA,NA,TRUE,1209,1209,1801,"Caja Cantabria","Caja Cantabria","CAN",1200,1527,"Ciudad de Huelva","Ciudad Huelva","HUE",1,80,12000,5,16,31.25,28,42,66.67,9,23,39.13,26,11,37,14,6,12,0,1,3,2,26,22,80,0,0,1,0,0,80,81,0,NA,0,0,0,0,0,0,0
1523919,1,"Liga Nacional","Liga Endesa",-402534000,NA,"https://www.acb.com/Documentos/Cabeceras/logo-competicion-1b.png","https://www.acb.com/Documentos/Cabeceras/logo-competicion-4a.png",62,1997,107,NA,NA,1587,9775,NA,NA,FALSE,1200,1209,1801,"Caja Cantabria","Caja Cantabria","CAN",1200,1527,"Ciudad de Huelva","Ciudad Huelva","HUE",1,81,12000,9,20,45,18,32,56.25,18,27,66.67,21,4,25,7,5,8,0,3,1,1,22,26,82,0,0,0,1,0,81,80,0,NA,0,0,0,0,0,0,0
1523988,1,"Liga Nacional","Liga Endesa",-402534000,NA,"https://www.acb.com/Documentos/Cabeceras/logo-competicion-1b.png","https://www.acb.com/Documentos/Cabeceras/logo-competicion-4a.png",62,1997,107,NA,NA,1587,9778,NA,NA,FALSE,1203,1207,1046,"Unicaja","Unicaja","UNI",1203,751,"Real Madrid Teka","Real Madrid","RMB",1,72,12000,3,10,30,23,36,63,17,24,70,17,4,21,11,6,9,0,0,0,4,20,23,77,0,0,0,9,0,648,68,0,0,0,0,0,0,0,0,0
1523987,1,"Liga Nacional","Liga Endesa",-402534000,NA,"https://www.acb.com/Documentos/Cabeceras/logo-competicion-1b.png","https://www.acb.com/Documentos/Cabeceras/logo-competicion-4a.png",62,1997,107,NA,NA,1587,9778,NA,NA,TRUE,1207,1207,1046,"Unicaja","Unicaja","UNI",1203,751,"Real Madrid Teka","Real Madrid","RMB",1,68,12000,7,16,43.75,16,33,48.48,15,22,68.18,18,7,25,7,4,11,0,0,0,3,23,20,57,0,0,1,0,0,68,72,0,NA,0,0,0,0,0,0,0
1524145,1,"Liga Nacional","Liga Endesa",-402534000,NA,"https://www.acb.com/Documentos/Cabeceras/logo-competicion-1b.png","https://www.acb.com/Documentos/Cabeceras/logo-competicion-4a.png",62,1997,107,NA,NA,1588,9785,NA,NA,TRUE,1198,1198,1463,"Valvi Girona","Valvi Girona","GIR",1208,1121,"Caja San Fernando","C. San Fernando","CSF",1,81,12000,9,24,37.5,20,37,54.05,14,16,87.5,29,10,39,13,5,15,0,0,3,3,24,18,80,0,0,1,0,0,81,88,0,NA,0,0,0,0,0,0,0
1524146,1,"Liga Nacional","Liga Endesa",-402534000,NA,"https://www.acb.com/Documentos/Cabeceras/logo-competicion-1b.png","https://www.acb.com/Documentos/Cabeceras/logo-competicion-4a.png",62,1997,107,NA,NA,1588,9785,NA,NA,FALSE,1208,1198,1463,"Valvi Girona","Valvi Girona","GIR",1208,1121,"Caja San Fernando","C. San Fernando","CSF",1,88,12000,9,18,50,21,38,55.26,19,35,54.29,23,4,27,10,10,5,0,3,0,2,18,24,97,0,0,0,1,0,88,81,0,NA,0,0,0,0,0,0,0
1524056,1,"Liga Nacional","Liga Endesa",-402534000,NA,"https://www.acb.com/Documentos/Cabeceras/logo-competicion-1b.png","https://www.acb.com/Documentos/Cabeceras/logo-competicion-4a.png",62,1997,107,NA,NA,1588,9781,NA,NA,FALSE,1195,1201,618,"Festina Joventut","Festina Jov.","JOV",1195,1369,"Cáceres CB","Cáceres CB","CAC",1,78,12000,4,15,26,25,40,62,16,31,51,21,12,33,13,6,23,0,4,0,4,28,26,68,0,0,12,0,0,858,102,0,0,0,0,0,0,0,0,0
1524055,1,"Liga Nacional","Liga Endesa",-402534000,NA,"https://www.acb.com/Documentos/Cabeceras/logo-competicion-1b.png","https://www.acb.com/Documentos/Cabeceras/logo-competicion-4a.png",62,1997,107,NA,NA,1588,9781,NA,NA,TRUE,1201,1201,618,"Festina Joventut","Festina Jov.","JOV",1195,1369,"Cáceres CB","Cáceres CB","CAC",1,102,12000,8,21,38.1,23,40,57.5,32,38,84.21,21,12,33,17,11,13,0,0,4,8,26,28,112,0,0,0,1,0,102,78,0,NA,0,0,0,0,0,0,0
1524229,1,"Liga Nacional","Liga Endesa",-402534000,NA,"https://www.acb.com/Documentos/Cabeceras/logo-competicion-1b.png","https://www.acb.com/Documentos/Cabeceras/logo-competicion-4a.png",62,1997,107,NA,NA,1588,9789,NA,NA,TRUE,1194,1194,207,"TAU Cerámica","TAU Cerámica","TAU",1204,863,"TDK Manresa","TDK Manresa","TDK",1,76,12000,5,14,35,25,50,50,11,15,73,18,16,34,17,7,14,0,4,3,7,21,18,80,0,0,10,0,0,684,783,0,0,0,0,0,0,0,0,0
1524230,1,"Liga Nacional","Liga Endesa",-402534000,NA,"https://www.acb.com/Documentos/Cabeceras/logo-competicion-1b.png","https://www.acb.com/Documentos/Cabeceras/logo-competicion-4a.png",62,1997,107,NA,NA,1588,9789,NA,NA,FALSE,1204,1194,207,"TAU Cerámica","TAU Cerámica","TAU",1204,863,"TDK Manresa","TDK Manresa","TDK",1,87,12000,6,13,46.15,27,52,51.92,15,18,83.33,18,13,31,11,11,8,0,3,4,4,18,21,99,0,0,0,1,0,87,76,0,NA,0,0,0,0,0,0,0
1524209,1,"Liga Nacional","Liga Endesa",-402534000,NA,"https://www.acb.com/Documentos/Cabeceras/logo-competicion-1b.png","https://www.acb.com/Documentos/Cabeceras/logo-competicion-4a.png",62,1997,107,NA,NA,1588,9788,NA,NA,TRUE,1197,1197,455,"Adecco Estudiantes","Adecco Estu","EST",1193,92,"FC Barcelona Banca Catalana","FC Barcelona","FCB",1,71,12000,5,20,25,18,46,39.13,20,26,76.92,21,18,39,14,13,13,0,2,1,6,25,26,77,0,0,1,0,0,71,77,0,NA,0,0,0,0,0,0,0
1524210,1,"Liga Nacional","Liga Endesa",-402534000,NA,"https://www.acb.com/Documentos/Cabeceras/logo-competicion-1b.png","https://www.acb.com/Documentos/Cabeceras/logo-competicion-4a.png",62,1997,107,NA,NA,1588,9788,NA,NA,FALSE,1193,1197,455,"Adecco Estudiantes","Adecco Estu","EST",1193,92,"FC Barcelona Banca Catalana","FC Barcelona","FCB",1,77,12000,6,14,42.86,18,34,52.94,23,31,74.19,27,8,35,12,8,18,0,1,2,1,26,25,80,0,0,0,1,0,77,71,0,NA,0,0,0,0,0,0,0
1524187,1,"Liga Nacional","Liga Endesa",-402534000,NA,"https://www.acb.com/Documentos/Cabeceras/logo-competicion-1b.png","https://www.acb.com/Documentos/Cabeceras/logo-competicion-4a.png",62,1997,107,NA,NA,1588,9787,NA,NA,TRUE,1200,1200,1527,"Ciudad de Huelva","Ciudad Huelva","HUE",1196,330,"Gran Canaria","Gran Canaria","GCA",1,72,12000,5,15,33.33,21,41,51.22,15,18,83.33,18,8,26,7,4,13,0,4,1,1,19,20,67,0,0,1,0,0,72,83,0,NA,0,0,0,0,0,0,0
1524188,1,"Liga Nacional","Liga Endesa",-402534000,NA,"https://www.acb.com/Documentos/Cabeceras/logo-competicion-1b.png","https://www.acb.com/Documentos/Cabeceras/logo-competicion-4a.png",62,1997,107,NA,NA,1588,9787,NA,NA,FALSE,1196,1200,1527,"Ciudad de Huelva","Ciudad Huelva","HUE",1196,330,"Gran Canaria","Gran Canaria","GCA",1,83,12000,3,11,27.27,30,55,54.55,14,19,73.68,22,17,39,5,7,10,0,1,4,6,20,19,82,0,0,0,1,0,83,72,0,NA,0,0,0,0,0,0,0
1524077,1,"Liga Nacional","Liga Endesa",-402534000,NA,"https://www.acb.com/Documentos/Cabeceras/logo-competicion-1b.png","https://www.acb.com/Documentos/Cabeceras/logo-competicion-4a.png",62,1997,107,NA,NA,1588,9782,NA,NA,TRUE,1206,1206,950,"Pamesa Valencia","Pamesa Valencia","PAM",1202,1605,"León Caja España","León C. España","LEO",1,93,12000,2,6,33,32,54,59,23,33,69,21,12,33,11,8,7,0,6,2,7,16,22,112,0,0,0,10,0,930,78,0,0,0,0,0,0,0,0,0
1524078,1,"Liga Nacional","Liga Endesa",-402534000,NA,"https://www.acb.com/Documentos/Cabeceras/logo-competicion-1b.png","https://www.acb.com/Documentos/Cabeceras/logo-competicion-4a.png",62,1997,107,NA,NA,1588,9782,NA,NA,FALSE,1202,1206,950,"Pamesa Valencia","Pamesa Valencia","PAM",1202,1605,"León Caja España","León C. España","LEO",1,78,12000,5,16,31.25,28,51,54.9,7,9,77.78,16,13,29,12,4,11,0,2,6,3,22,16,66,0,0,1,0,0,78,93,0,NA,0,0,0,0,0,0,0
1524100,1,"Liga Nacional","Liga Endesa",-402534000,NA,"https://www.acb.com/Documentos/Cabeceras/logo-competicion-1b.png","https://www.acb.com/Documentos/Cabeceras/logo-competicion-4a.png",62,1997,107,NA,NA,1588,9783,NA,NA,TRUE,1205,1205,1719,"Ourense Xacobeo 99","Ourense Xacobeo","OUR",1207,1046,"Unicaja","Unicaja","UNI",1,74,12000,2,5,40,29,57,50.88,10,11,90.91,18,15,33,8,8,10,0,2,1,4,24,13,71,0,0,1,0,0,74,76,0,NA,0,0,0,0,0,0,0
1524101,1,"Liga Nacional","Liga Endesa",-402534000,NA,"https://www.acb.com/Documentos/Cabeceras/logo-competicion-1b.png","https://www.acb.com/Documentos/Cabeceras/logo-competicion-4a.png",62,1997,107,NA,NA,1588,9783,NA,NA,FALSE,1207,1205,1719,"Ourense Xacobeo 99","Ourense Xacobeo","OUR",1207,1046,"Unicaja","Unicaja","UNI",1,76,12000,10,21,47.62,14,29,48.28,18,27,66.67,14,13,27,8,7,11,0,1,2,2,13,24,82,0,0,0,1,0,76,74,0,NA,0,0,0,0,0,0,0
1524166,1,"Liga Nacional","Liga Endesa",-402534000,NA,"https://www.acb.com/Documentos/Cabeceras/logo-competicion-1b.png","https://www.acb.com/Documentos/Cabeceras/logo-competicion-4a.png",62,1997,107,NA,NA,1588,9786,NA,NA,TRUE,1199,1199,2,"Covirán Sierra Nevada","Covirán","GRA",1209,1801,"Caja Cantabria","Caja Cantabria","CAN",1,74,12000,3,10,30,26,50,52,13,21,61,21,13,34,9,9,14,0,3,2,1,24,23,73,0,0,10,0,0,740,77,0,0,0,0,0,0,0,0,0
1524167,1,"Liga Nacional","Liga Endesa",-402534000,NA,"https://www.acb.com/Documentos/Cabeceras/logo-competicion-1b.png","https://www.acb.com/Documentos/Cabeceras/logo-competicion-4a.png",62,1997,107,NA,NA,1588,9786,NA,NA,FALSE,1209,1199,2,"Covirán Sierra Nevada","Covirán","GRA",1209,1801,"Caja Cantabria","Caja Cantabria","CAN",1,77,12000,4,14,28.57,23,38,60.53,19,29,65.52,21,9,30,8,13,15,0,2,3,2,23,24,78,0,0,0,1,0,77,74,0,NA,0,0,0,0,0,0,0
1524126,1,"Liga Nacional","Liga Endesa",-402534000,NA,"https://www.acb.com/Documentos/Cabeceras/logo-competicion-1b.png","https://www.acb.com/Documentos/Cabeceras/logo-competicion-4a.png",62,1997,107,NA,NA,1588,9784,NA,NA,FALSE,1210,1203,751,"Real Madrid Teka","Real Madrid","RMB",1210,1845,"Fórum Valladolid","Fórum Vall.","FOR",1,72,12000,7,16,43,22,38,57,7,15,46,15,11,26,10,4,9,0,3,2,1,23,17,65,0,0,10,0,0,720,78,0,0,0,0,0,0,0,0,0
1524125,1,"Liga Nacional","Liga Endesa",-402534000,NA,"https://www.acb.com/Documentos/Cabeceras/logo-competicion-1b.png","https://www.acb.com/Documentos/Cabeceras/logo-competicion-4a.png",62,1997,107,NA,NA,1588,9784,NA,NA,TRUE,1203,1203,751,"Real Madrid Teka","Real Madrid","RMB",1210,1845,"Fórum Valladolid","Fórum Vall.","FOR",1,78,12000,5,12,41,24,44,54,15,22,68,18,14,32,11,6,9,0,2,3,1,17,23,89,0,0,0,9,0,702,72,0,0,0,0,0,0,0,0,0
1524321,1,"Liga Nacional","Liga Endesa",-402534000,NA,"https://www.acb.com/Documentos/Cabeceras/logo-competicion-1b.png","https://www.acb.com/Documentos/Cabeceras/logo-competicion-4a.png",62,1997,107,NA,NA,1589,9793,NA,NA,FALSE,1199,1196,330,"Gran Canaria","Gran Canaria","GCA",1199,2,"Covirán Sierra Nevada","Covirán","GRA",1,92,12000,6,10,60,27,45,60,20,30,66,23,9,32,6,10,19,0,4,3,0,29,26,87,0,0,10,0,0,920,98,0,0,0,0,0,0,0,0,0
1524320,1,"Liga Nacional","Liga Endesa",-402534000,NA,"https://www.acb.com/Documentos/Cabeceras/logo-competicion-1b.png","https://www.acb.com/Documentos/Cabeceras/logo-competicion-4a.png",62,1997,107,NA,NA,1589,9793,NA,NA,TRUE,1196,1196,330,"Gran Canaria","Gran Canaria","GCA",1199,2,"Covirán Sierra Nevada","Covirán","GRA",1,98,12000,4,11,36.36,30,50,60,26,37,70.27,18,9,27,13,10,13,0,3,4,5,26,29,99,0,0,0,1,0,98,92,0,NA,0,0,0,0,0,0,0
1524276,1,"Liga Nacional","Liga Endesa",-402534000,NA,"https://www.acb.com/Documentos/Cabeceras/logo-competicion-1b.png","https://www.acb.com/Documentos/Cabeceras/logo-competicion-4a.png",62,1997,107,NA,NA,1589,9791,NA,NA,FALSE,1197,1204,863,"TDK Manresa","TDK Manresa","TDK",1197,455,"Adecco Estudiantes","Adecco Estu","EST",1,89,12000,3,11,27,32,59,54,16,26,61,26,14,40,13,16,13,0,1,7,8,20,23,97,0,0,0,10,0,890,74,0,0,0,0,0,0,0,0,0
1524275,1,"Liga Nacional","Liga Endesa",-402534000,NA,"https://www.acb.com/Documentos/Cabeceras/logo-competicion-1b.png","https://www.acb.com/Documentos/Cabeceras/logo-competicion-4a.png",62,1997,107,NA,NA,1589,9791,NA,NA,TRUE,1204,1204,863,"TDK Manresa","TDK Manresa","TDK",1197,455,"Adecco Estudiantes","Adecco Estu","EST",1,74,12000,5,14,35.71,22,51,43.14,15,22,68.18,26,15,41,8,10,22,0,7,1,1,23,20,69,0,0,1,0,0,74,89,0,NA,0,0,0,0,0,0,0
1524410,1,"Liga Nacional","Liga Endesa",-402534000,NA,"https://www.acb.com/Documentos/Cabeceras/logo-competicion-1b.png","https://www.acb.com/Documentos/Cabeceras/logo-competicion-4a.png",62,1997,107,NA,NA,1589,9797,NA,NA,TRUE,1207,1207,1046,"Unicaja","Unicaja","UNI",1206,950,"Pamesa Valencia","Pamesa Valencia","PAM",1,72,12000,5,12,41.67,23,41,56.1,11,20,55,21,8,29,11,10,7,0,3,1,3,17,17,83,0,0,0,1,0,72,66,0,NA,0,0,0,0,0,0,0
1524411,1,"Liga Nacional","Liga Endesa",-402534000,NA,"https://www.acb.com/Documentos/Cabeceras/logo-competicion-1b.png","https://www.acb.com/Documentos/Cabeceras/logo-competicion-4a.png",62,1997,107,NA,NA,1589,9797,NA,NA,FALSE,1206,1207,1046,"Unicaja","Unicaja","UNI",1206,950,"Pamesa Valencia","Pamesa Valencia","PAM",1,66,12000,2,10,20,26,46,56,8,11,72,20,10,30,4,5,12,0,1,3,2,17,17,60,0,0,10,0,0,660,72,0,0,0,0,0,0,0,0,0
1524298,1,"Liga Nacional","Liga Endesa",-402534000,NA,"https://www.acb.com/Documentos/Cabeceras/logo-competicion-1b.png","https://www.acb.com/Documentos/Cabeceras/logo-competicion-4a.png",62,1997,107,NA,NA,1589,9792,NA,NA,TRUE,1193,1193,92,"FC Barcelona Banca Catalana","FC Barcelona","FCB",1200,1527,"Ciudad de Huelva","Ciudad Huelva","HUE",1,84,12000,7,13,53,28,43,65,7,8,87,17,3,20,19,8,7,0,2,0,5,15,14,103,0,0,0,11,0,924,81,0,0,0,0,0,0,0,0,0
1524299,1,"Liga Nacional","Liga Endesa",-402534000,NA,"https://www.acb.com/Documentos/Cabeceras/logo-competicion-1b.png","https://www.acb.com/Documentos/Cabeceras/logo-competicion-4a.png",62,1997,107,NA,NA,1589,9792,NA,NA,FALSE,1200,1193,92,"FC Barcelona Banca Catalana","FC Barcelona","FCB",1200,1527,"Ciudad de Huelva","Ciudad Huelva","HUE",1,81,12000,10,20,50,22,36,61.11,7,11,63.64,18,8,26,15,4,10,0,0,2,1,14,15,87,0,0,1,0,0,81,84,0,NA,0,0,0,0,0,0,0
1524341,1,"Liga Nacional","Liga Endesa",-402534000,NA,"https://www.acb.com/Documentos/Cabeceras/logo-competicion-1b.png","https://www.acb.com/Documentos/Cabeceras/logo-competicion-4a.png",62,1997,107,NA,NA,1589,9794,NA,NA,TRUE,1209,1209,1801,"Caja Cantabria","Caja Cantabria","CAN",1198,1463,"Valvi Girona","Valvi Girona","GIR",1,82,12000,4,11,36.36,24,41,58.54,22,27,81.48,31,6,37,9,4,13,0,4,1,1,19,22,96,0,0,0,1,0,82,73,0,NA,0,0,0,0,0,0,0
1524342,1,"Liga Nacional","Liga Endesa",-402534000,NA,"https://www.acb.com/Documentos/Cabeceras/logo-competicion-1b.png","https://www.acb.com/Documentos/Cabeceras/logo-competicion-4a.png",62,1997,107,NA,NA,1589,9794,NA,NA,FALSE,1198,1209,1801,"Caja Cantabria","Caja Cantabria","CAN",1198,1463,"Valvi Girona","Valvi Girona","GIR",1,73,12000,4,12,33.33,24,59,40.68,13,15,86.67,20,12,32,2,8,4,0,1,4,0,22,19,60,0,0,1,0,0,73,82,0,NA,0,0,0,0,0,0,0
1524367,1,"Liga Nacional","Liga Endesa",-402534000,NA,"https://www.acb.com/Documentos/Cabeceras/logo-competicion-1b.png","https://www.acb.com/Documentos/Cabeceras/logo-competicion-4a.png",62,1997,107,NA,NA,1589,9795,NA,NA,FALSE,1203,1208,1121,"Caja San Fernando","C. San Fernando","CSF",1203,751,"Real Madrid Teka","Real Madrid","RMB",1,69,12000,4,17,23,24,45,53,9,17,52,19,12,31,11,6,11,0,1,2,2,22,18,59,0,0,9,0,0,621,93,0,0,0,0,0,0,0,0,0
1524366,1,"Liga Nacional","Liga Endesa",-402534000,NA,"https://www.acb.com/Documentos/Cabeceras/logo-competicion-1b.png","https://www.acb.com/Documentos/Cabeceras/logo-competicion-4a.png",62,1997,107,NA,NA,1589,9795,NA,NA,TRUE,1208,1208,1121,"Caja San Fernando","C. San Fernando","CSF",1203,751,"Real Madrid Teka","Real Madrid","RMB",1,93,12000,8,17,47.06,25,41,60.98,19,25,76,24,7,31,14,8,9,0,2,1,1,18,22,111,0,0,0,1,0,93,69,0,NA,0,0,0,0,0,0,0
1524431,1,"Liga Nacional","Liga Endesa",-402534000,NA,"https://www.acb.com/Documentos/Cabeceras/logo-competicion-1b.png","https://www.acb.com/Documentos/Cabeceras/logo-competicion-4a.png",62,1997,107,NA,NA,1589,9798,NA,NA,TRUE,1202,1202,1605,"León Caja España","León C. España","LEO",1195,1369,"Cáceres CB","Cáceres CB","CAC",1,101,12000,16,25,64,15,31,48.39,23,29,79.31,14,5,19,21,6,7,0,5,5,0,22,25,112,0,0,0,1,0,101,96,0,NA,0,0,0,0,0,0,0
1524432,1,"Liga Nacional","Liga Endesa",-402534000,NA,"https://www.acb.com/Documentos/Cabeceras/logo-competicion-1b.png","https://www.acb.com/Documentos/Cabeceras/logo-competicion-4a.png",62,1997,107,NA,NA,1589,9798,NA,NA,FALSE,1195,1202,1605,"León Caja España","León C. España","LEO",1195,1369,"Cáceres CB","Cáceres CB","CAC",1,96,12000,7,15,46.67,28,46,60.87,19,27,70.37,21,12,33,11,6,9,0,5,5,3,25,22,100,0,0,1,0,0,96,101,0,NA,0,0,0,0,0,0,0
1524252,1,"Liga Nacional","Liga Endesa",-402534000,NA,"https://www.acb.com/Documentos/Cabeceras/logo-competicion-1b.png","https://www.acb.com/Documentos/Cabeceras/logo-competicion-4a.png",62,1997,107,NA,NA,1589,9790,NA,NA,TRUE,1194,1194,207,"TAU Cerámica","TAU Cerámica","TAU",1201,618,"Festina Joventut","Festina Jov.","JOV",1,96,13500,8,20,40,22,34,64,28,38,73,18,4,22,10,13,13,0,0,0,1,22,29,101,0,0,11,0,0,960,103,0,0,0,0,0,0,0,0,0
1524253,1,"Liga Nacional","Liga Endesa",-402534000,NA,"https://www.acb.com/Documentos/Cabeceras/logo-competicion-1b.png","https://www.acb.com/Documentos/Cabeceras/logo-competicion-4a.png",62,1997,107,NA,NA,1589,9790,NA,NA,FALSE,1201,1194,207,"TAU Cerámica","TAU Cerámica","TAU",1201,618,"Festina Joventut","Festina Jov.","JOV",1,103,13500,11,23,47.83,23,37,62.16,24,27,88.89,22,9,31,15,7,18,0,0,0,3,29,22,102,0,0,0,1,0,103,96,0,NA,0,0,0,0,0,0,0
1524388,1,"Liga Nacional","Liga Endesa",-402534000,NA,"https://www.acb.com/Documentos/Cabeceras/logo-competicion-1b.png","https://www.acb.com/Documentos/Cabeceras/logo-competicion-4a.png",62,1997,107,NA,NA,1589,9796,NA,NA,TRUE,1210,1210,1845,"Fórum Valladolid","Fórum Vall.","FOR",1205,1719,"Ourense Xacobeo 99","Ourense Xacobeo","OUR",1,77,12000,7,18,38,20,52,38,16,21,76,24,17,41,13,7,8,0,3,3,3,10,21,93,0,0,0,9,0,693,71,0,0,0,0,0,0,0,0,0
1524389,1,"Liga Nacional","Liga Endesa",-402534000,NA,"https://www.acb.com/Documentos/Cabeceras/logo-competicion-1b.png","https://www.acb.com/Documentos/Cabeceras/logo-competicion-4a.png",62,1997,107,NA,NA,1589,9796,NA,NA,FALSE,1205,1210,1845,"Fórum Valladolid","Fórum Vall.","FOR",1205,1719,"Ourense Xacobeo 99","Ourense Xacobeo","OUR",1,71,12000,5,11,45.45,26,62,41.94,4,4,100,25,16,41,7,5,9,0,3,3,2,21,10,62,0,0,1,0,0,71,77,0,NA,0,0,0,0,0,0,0
1524616,1,"Liga Nacional","Liga Endesa",-402534000,NA,"https://www.acb.com/Documentos/Cabeceras/logo-competicion-1b.png","https://www.acb.com/Documentos/Cabeceras/logo-competicion-4a.png",62,1997,107,NA,NA,1590,9806,NA,NA,TRUE,1200,1200,1527,"Ciudad de Huelva","Ciudad Huelva","HUE",1204,863,"TDK Manresa","TDK Manresa","TDK",1,68,12000,3,11,27.27,26,46,56.52,7,9,77.78,14,11,25,16,10,21,0,4,2,1,18,12,64,0,0,1,0,0,68,100,0,NA,0,0,0,0,0,0,0
1524617,1,"Liga Nacional","Liga Endesa",-402534000,NA,"https://www.acb.com/Documentos/Cabeceras/logo-competicion-1b.png","https://www.acb.com/Documentos/Cabeceras/logo-competicion-4a.png",62,1997,107,NA,NA,1590,9806,NA,NA,FALSE,1204,1200,1527,"Ciudad de Huelva","Ciudad Huelva","HUE",1204,863,"TDK Manresa","TDK Manresa","TDK",1,100,12000,7,13,53.85,33,55,60,13,15,86.67,17,15,32,7,16,12,0,2,4,3,12,18,117,0,0,0,1,0,100,68,0,NA,0,0,0,0,0,0,0
1524567,1,"Liga Nacional","Liga Endesa",-402534000,NA,"https://www.acb.com/Documentos/Cabeceras/logo-competicion-1b.png","https://www.acb.com/Documentos/Cabeceras/logo-competicion-4a.png",62,1997,107,NA,NA,1590,9804,NA,NA,TRUE,1198,1198,1463,"Valvi Girona","Valvi Girona","GIR",1196,330,"Gran Canaria","Gran Canaria","GCA",1,87,12000,6,11,54.55,24,40,60,21,30,70,24,7,31,16,10,16,0,2,6,0,21,24,97,0,0,0,1,0,87,77,0,NA,0,0,0,0,0,0,0
1524568,1,"Liga Nacional","Liga Endesa",-402534000,NA,"https://www.acb.com/Documentos/Cabeceras/logo-competicion-1b.png","https://www.acb.com/Documentos/Cabeceras/logo-competicion-4a.png",62,1997,107,NA,NA,1590,9804,NA,NA,FALSE,1196,1198,1463,"Valvi Girona","Valvi Girona","GIR",1196,330,"Gran Canaria","Gran Canaria","GCA",1,77,12000,3,10,30,25,56,44.64,18,27,66.67,20,17,37,7,11,12,0,6,2,3,24,21,74,0,0,1,0,0,77,87,0,NA,0,0,0,0,0,0,0
1524593,1,"Liga Nacional","Liga Endesa",-402534000,NA,"https://www.acb.com/Documentos/Cabeceras/logo-competicion-1b.png","https://www.acb.com/Documentos/Cabeceras/logo-competicion-4a.png",62,1997,107,NA,NA,1590,9805,NA,NA,FALSE,1193,1199,2,"Covirán Sierra Nevada","Covirán","GRA",1193,92,"FC Barcelona Banca Catalana","FC Barcelona","FCB",1,104,12000,9,16,56,26,50,52,25,35,71,13,18,31,15,12,8,0,2,4,4,29,32,114,0,0,0,11,0,1144,94,0,0,0,0,0,0,0,0,0
1524592,1,"Liga Nacional","Liga Endesa",-402534000,NA,"https://www.acb.com/Documentos/Cabeceras/logo-competicion-1b.png","https://www.acb.com/Documentos/Cabeceras/logo-competicion-4a.png",62,1997,107,NA,NA,1590,9805,NA,NA,TRUE,1199,1199,2,"Covirán Sierra Nevada","Covirán","GRA",1193,92,"FC Barcelona Banca Catalana","FC Barcelona","FCB",1,94,12000,7,11,63,24,40,60,25,35,71,17,8,25,14,6,13,0,4,2,1,32,29,95,0,0,10,0,0,940,104,0,0,0,0,0,0,0,0,0
1524451,1,"Liga Nacional","Liga Endesa",-402534000,NA,"https://www.acb.com/Documentos/Cabeceras/logo-competicion-1b.png","https://www.acb.com/Documentos/Cabeceras/logo-competicion-4a.png",62,1997,107,NA,NA,1590,9799,NA,NA,TRUE,1201,1201,618,"Festina Joventut","Festina Jov.","JOV",1202,1605,"León Caja España","León C. España","LEO",1,80,12000,5,19,26.32,24,52,46.15,17,19,89.47,23,22,45,14,8,13,0,1,2,2,19,22,92,0,0,0,1,0,80,77,0,NA,0,0,0,0,0,0,0
1524452,1,"Liga Nacional","Liga Endesa",-402534000,NA,"https://www.acb.com/Documentos/Cabeceras/logo-competicion-1b.png","https://www.acb.com/Documentos/Cabeceras/logo-competicion-4a.png",62,1997,107,NA,NA,1590,9799,NA,NA,FALSE,1202,1201,618,"Festina Joventut","Festina Jov.","JOV",1202,1605,"León Caja España","León C. España","LEO",1,77,12000,9,18,50,18,37,48.65,14,20,70,18,5,23,13,5,9,0,2,1,0,22,19,73,0,0,1,0,0,77,80,0,NA,0,0,0,0,0,0,0
1524641,1,"Liga Nacional","Liga Endesa",-402534000,NA,"https://www.acb.com/Documentos/Cabeceras/logo-competicion-1b.png","https://www.acb.com/Documentos/Cabeceras/logo-competicion-4a.png",62,1997,107,NA,NA,1590,9807,NA,NA,FALSE,1194,1197,455,"Adecco Estudiantes","Adecco Estu","EST",1194,207,"TAU Cerámica","TAU Cerámica","TAU",1,75,12000,7,20,35,21,31,67,12,21,57,22,8,30,8,6,16,0,2,1,1,21,23,74,0,0,0,12,0,825,74,0,0,0,0,0,0,0,0,0
1524640,1,"Liga Nacional","Liga Endesa",-402534000,NA,"https://www.acb.com/Documentos/Cabeceras/logo-competicion-1b.png","https://www.acb.com/Documentos/Cabeceras/logo-competicion-4a.png",62,1997,107,NA,NA,1590,9807,NA,NA,TRUE,1197,1197,455,"Adecco Estudiantes","Adecco Estu","EST",1194,207,"TAU Cerámica","TAU Cerámica","TAU",1,74,12000,5,10,50,22,50,44,15,21,71,19,11,30,17,7,9,0,1,2,3,23,21,77,0,0,9,0,0,666,75,0,0,0,0,0,0,0,0,0
1524497,1,"Liga Nacional","Liga Endesa",-402534000,NA,"https://www.acb.com/Documentos/Cabeceras/logo-competicion-1b.png","https://www.acb.com/Documentos/Cabeceras/logo-competicion-4a.png",62,1997,107,NA,NA,1590,9801,NA,NA,TRUE,1206,1206,950,"Pamesa Valencia","Pamesa Valencia","PAM",1210,1845,"Fórum Valladolid","Fórum Vall.","FOR",1,76,12000,6,15,40,16,39,41,26,36,72,18,15,33,10,6,10,0,3,5,2,17,28,82,0,0,9,0,0,684,77,0,0,0,0,0,0,0,0,0
1524498,1,"Liga Nacional","Liga Endesa",-402534000,NA,"https://www.acb.com/Documentos/Cabeceras/logo-competicion-1b.png","https://www.acb.com/Documentos/Cabeceras/logo-competicion-4a.png",62,1997,107,NA,NA,1590,9801,NA,NA,FALSE,1210,1206,950,"Pamesa Valencia","Pamesa Valencia","PAM",1210,1845,"Fórum Valladolid","Fórum Vall.","FOR",1,77,12000,6,9,66,19,38,50,21,27,77,21,7,28,12,8,14,0,5,3,0,28,17,74,0,0,0,11,0,847,76,0,0,0,0,0,0,0,0,0
1524519,1,"Liga Nacional","Liga Endesa",-402534000,NA,"https://www.acb.com/Documentos/Cabeceras/logo-competicion-1b.png","https://www.acb.com/Documentos/Cabeceras/logo-competicion-4a.png",62,1997,107,NA,NA,1590,9802,NA,NA,TRUE,1205,1205,1719,"Ourense Xacobeo 99","Ourense Xacobeo","OUR",1208,1121,"Caja San Fernando","C. San Fernando","CSF",1,74,13500,5,15,33.33,21,44,47.73,17,32,53.12,25,9,34,6,16,13,0,0,3,2,22,24,68,0,0,0,1,0,74,71,0,NA,0,0,0,0,0,0,0
1524520,1,"Liga Nacional","Liga Endesa",-402534000,NA,"https://www.acb.com/Documentos/Cabeceras/logo-competicion-1b.png","https://www.acb.com/Documentos/Cabeceras/logo-competicion-4a.png",62,1997,107,NA,NA,1590,9802,NA,NA,FALSE,1208,1205,1719,"Ourense Xacobeo 99","Ourense Xacobeo","OUR",1208,1121,"Caja San Fernando","C. San Fernando","CSF",1,71,13500,10,26,38.46,13,30,43.33,15,30,50,30,16,46,8,7,22,0,3,0,1,24,22,63,0,0,1,0,0,71,74,0,NA,0,0,0,0,0,0,0
1524473,1,"Liga Nacional","Liga Endesa",-402534000,NA,"https://www.acb.com/Documentos/Cabeceras/logo-competicion-1b.png","https://www.acb.com/Documentos/Cabeceras/logo-competicion-4a.png",62,1997,107,NA,NA,1590,9800,NA,NA,TRUE,1195,1195,1369,"Cáceres CB","Cáceres CB","CAC",1207,1046,"Unicaja","Unicaja","UNI",1,70,12000,5,12,41.67,21,42,50,13,21,61.9,17,12,29,7,5,9,0,0,1,0,21,22,66,0,0,0,1,0,70,67,0,NA,0,0,0,0,0,0,0
1524474,1,"Liga Nacional","Liga Endesa",-402534000,NA,"https://www.acb.com/Documentos/Cabeceras/logo-competicion-1b.png","https://www.acb.com/Documentos/Cabeceras/logo-competicion-4a.png",62,1997,107,NA,NA,1590,9800,NA,NA,FALSE,1207,1195,1369,"Cáceres CB","Cáceres CB","CAC",1207,1046,"Unicaja","Unicaja","UNI",1,67,12000,4,15,26.67,21,36,58.33,13,19,68.42,22,10,32,9,7,12,0,1,0,3,22,21,71,0,0,1,0,0,67,70,0,NA,0,0,0,0,0,0,0
1524542,1,"Liga Nacional","Liga Endesa",-402534000,NA,"https://www.acb.com/Documentos/Cabeceras/logo-competicion-1b.png","https://www.acb.com/Documentos/Cabeceras/logo-competicion-4a.png",62,1997,107,NA,NA,1590,9803,NA,NA,TRUE,1203,1203,751,"Real Madrid Teka","Real Madrid","RMB",1209,1801,"Caja Cantabria","Caja Cantabria","CAN",1,81,12000,6,9,66,20,48,41,23,29,79,24,11,35,8,6,6,0,2,2,1,20,22,89,0,0,0,9,0,729,73,0,0,0,0,0,0,0,0,0
1524543,1,"Liga Nacional","Liga Endesa",-402534000,NA,"https://www.acb.com/Documentos/Cabeceras/logo-competicion-1b.png","https://www.acb.com/Documentos/Cabeceras/logo-competicion-4a.png",62,1997,107,NA,NA,1590,9803,NA,NA,FALSE,1209,1203,751,"Real Madrid Teka","Real Madrid","RMB",1209,1801,"Caja Cantabria","Caja Cantabria","CAN",1,73,12000,6,16,37.5,20,43,46.51,15,21,71.43,25,11,36,6,3,6,0,2,2,2,22,20,71,0,0,1,0,0,73,81,0,NA,0,0,0,0,0,0,0
1524710,1,"Liga Nacional","Liga Endesa",-402534000,NA,"https://www.acb.com/Documentos/Cabeceras/logo-competicion-1b.png","https://www.acb.com/Documentos/Cabeceras/logo-competicion-4a.png",62,1997,107,NA,NA,1591,9810,NA,NA,FALSE,1199,1204,863,"TDK Manresa","TDK Manresa","TDK",1199,2,"Covirán Sierra Nevada","Covirán","GRA",1,70,12000,0,12,0,30,51,58,10,14,71,18,7,25,9,7,8,0,4,6,3,26,19,57,0,0,10,0,0,700,79,0,0,0,0,0,0,0,0,0
1524709,1,"Liga Nacional","Liga Endesa",-402534000,NA,"https://www.acb.com/Documentos/Cabeceras/logo-competicion-1b.png","https://www.acb.com/Documentos/Cabeceras/logo-competicion-4a.png",62,1997,107,NA,NA,1591,9810,NA,NA,TRUE,1204,1204,863,"TDK Manresa","TDK Manresa","TDK",1199,2,"Covirán Sierra Nevada","Covirán","GRA",1,79,12000,3,9,33.33,23,42,54.76,24,34,70.59,26,11,37,10,8,15,0,6,4,3,19,26,93,0,0,0,1,0,79,70,0,NA,0,0,0,0,0,0,0
1524760,1,"Liga Nacional","Liga Endesa",-402534000,NA,"https://www.acb.com/Documentos/Cabeceras/logo-competicion-1b.png","https://www.acb.com/Documentos/Cabeceras/logo-competicion-4a.png",62,1997,107,NA,NA,1591,9812,NA,NA,FALSE,1203,1196,330,"Gran Canaria","Gran Canaria","GCA",1203,751,"Real Madrid Teka","Real Madrid","RMB",1,78,12000,4,13,30,26,46,56,14,18,77,20,15,35,6,9,12,0,1,2,3,24,20,78,0,0,0,12,0,936,63,0,0,0,0,0,0,0,0,0
1524759,1,"Liga Nacional","Liga Endesa",-402534000,NA,"https://www.acb.com/Documentos/Cabeceras/logo-competicion-1b.png","https://www.acb.com/Documentos/Cabeceras/logo-competicion-4a.png",62,1997,107,NA,NA,1591,9812,NA,NA,TRUE,1196,1196,330,"Gran Canaria","Gran Canaria","GCA",1203,751,"Real Madrid Teka","Real Madrid","RMB",1,63,12000,7,16,43.75,16,40,40,10,18,55.56,13,14,27,11,9,15,0,2,1,2,20,24,59,0,0,1,0,0,63,78,0,NA,0,0,0,0,0,0,0
1524856,1,"Liga Nacional","Liga Endesa",-402534000,NA,"https://www.acb.com/Documentos/Cabeceras/logo-competicion-1b.png","https://www.acb.com/Documentos/Cabeceras/logo-competicion-4a.png",62,1997,107,NA,NA,1591,9816,NA,NA,TRUE,1207,1207,1046,"Unicaja","Unicaja","UNI",1202,1605,"León Caja España","León C. España","LEO",1,83,12000,6,17,35.29,25,42,59.52,15,23,65.22,26,11,37,13,10,7,0,5,2,6,18,19,104,0,0,0,1,0,83,61,0,NA,0,0,0,0,0,0,0
1524857,1,"Liga Nacional","Liga Endesa",-402534000,NA,"https://www.acb.com/Documentos/Cabeceras/logo-competicion-1b.png","https://www.acb.com/Documentos/Cabeceras/logo-competicion-4a.png",62,1997,107,NA,NA,1591,9816,NA,NA,FALSE,1202,1207,1046,"Unicaja","Unicaja","UNI",1202,1605,"León Caja España","León C. España","LEO",1,61,12000,6,13,46.15,15,36,41.67,13,19,68.42,20,5,25,8,4,13,0,2,5,0,19,18,47,0,0,1,0,0,61,83,0,NA,0,0,0,0,0,0,0
1524731,1,"Liga Nacional","Liga Endesa",-402534000,NA,"https://www.acb.com/Documentos/Cabeceras/logo-competicion-1b.png","https://www.acb.com/Documentos/Cabeceras/logo-competicion-4a.png",62,1997,107,NA,NA,1591,9811,NA,NA,TRUE,1193,1193,92,"FC Barcelona Banca Catalana","FC Barcelona","FCB",1198,1463,"Valvi Girona","Valvi Girona","GIR",1,81,12000,5,15,33.33,22,48,45.83,22,30,73.33,19,13,32,7,13,9,0,0,6,3,23,25,76,0,0,1,0,0,81,88,0,NA,0,0,0,0,0,0,0
1524732,1,"Liga Nacional","Liga Endesa",-402534000,NA,"https://www.acb.com/Documentos/Cabeceras/logo-competicion-1b.png","https://www.acb.com/Documentos/Cabeceras/logo-competicion-4a.png",62,1997,107,NA,NA,1591,9811,NA,NA,FALSE,1198,1193,92,"FC Barcelona Banca Catalana","FC Barcelona","FCB",1198,1463,"Valvi Girona","Valvi Girona","GIR",1,88,12000,5,15,33.33,28,42,66.67,17,24,70.83,25,9,34,9,5,16,0,6,0,2,25,23,93,0,0,0,1,0,88,81,0,NA,0,0,0,0,0,0,0
1524662,1,"Liga Nacional","Liga Endesa",-402534000,NA,"https://www.acb.com/Documentos/Cabeceras/logo-competicion-1b.png","https://www.acb.com/Documentos/Cabeceras/logo-competicion-4a.png",62,1997,107,NA,NA,1591,9808,NA,NA,TRUE,1197,1197,455,"Adecco Estudiantes","Adecco Estu","EST",1201,618,"Festina Joventut","Festina Jov.","JOV",1,94,12000,8,21,38,27,49,55,16,22,72,28,16,44,16,8,12,0,6,1,5,20,21,115,0,0,0,9,0,846,75,0,0,0,0,0,0,0,0,0
1524663,1,"Liga Nacional","Liga Endesa",-402534000,NA,"https://www.acb.com/Documentos/Cabeceras/logo-competicion-1b.png","https://www.acb.com/Documentos/Cabeceras/logo-competicion-4a.png",62,1997,107,NA,NA,1591,9808,NA,NA,FALSE,1201,1197,455,"Adecco Estudiantes","Adecco Estu","EST",1201,618,"Festina Joventut","Festina Jov.","JOV",1,75,12000,7,27,25.93,18,34,52.94,18,28,64.29,20,10,30,15,9,10,0,1,6,4,21,20,67,0,0,1,0,0,75,94,0,NA,0,0,0,0,0,0,0
1524832,1,"Liga Nacional","Liga Endesa",-402534000,NA,"https://www.acb.com/Documentos/Cabeceras/logo-competicion-1b.png","https://www.acb.com/Documentos/Cabeceras/logo-competicion-4a.png",62,1997,107,NA,NA,1591,9815,NA,NA,TRUE,1210,1210,1845,"Fórum Valladolid","Fórum Vall.","FOR",1195,1369,"Cáceres CB","Cáceres CB","CAC",1,77,12000,4,15,26,22,46,47,21,27,77,20,12,32,9,7,8,0,4,4,3,23,24,77,0,0,12,0,0,924,86,0,0,0,0,0,0,0,0,0
1524833,1,"Liga Nacional","Liga Endesa",-402534000,NA,"https://www.acb.com/Documentos/Cabeceras/logo-competicion-1b.png","https://www.acb.com/Documentos/Cabeceras/logo-competicion-4a.png",62,1997,107,NA,NA,1591,9815,NA,NA,FALSE,1195,1210,1845,"Fórum Valladolid","Fórum Vall.","FOR",1195,1369,"Cáceres CB","Cáceres CB","CAC",1,86,12000,5,11,45.45,26,44,59.09,19,23,82.61,27,6,33,17,8,12,0,4,4,4,24,23,103,0,0,0,1,0,86,77,0,NA,0,0,0,0,0,0,0
1524687,1,"Liga Nacional","Liga Endesa",-402534000,NA,"https://www.acb.com/Documentos/Cabeceras/logo-competicion-1b.png","https://www.acb.com/Documentos/Cabeceras/logo-competicion-4a.png",62,1997,107,NA,NA,1591,9809,NA,NA,TRUE,1194,1194,207,"TAU Cerámica","TAU Cerámica","TAU",1200,1527,"Ciudad de Huelva","Ciudad Huelva","HUE",1,103,12000,12,21,57,27,39,69,13,13,100,27,8,35,15,11,15,0,3,0,5,15,15,131,0,0,0,13,0,1236,69,0,0,0,0,0,0,0,0,0
1524688,1,"Liga Nacional","Liga Endesa",-402534000,NA,"https://www.acb.com/Documentos/Cabeceras/logo-competicion-1b.png","https://www.acb.com/Documentos/Cabeceras/logo-competicion-4a.png",62,1997,107,NA,NA,1591,9809,NA,NA,FALSE,1200,1194,207,"TAU Cerámica","TAU Cerámica","TAU",1200,1527,"Ciudad de Huelva","Ciudad Huelva","HUE",1,69,12000,6,15,40,19,46,41.3,13,18,72.22,13,11,24,5,6,16,0,0,3,1,15,15,44,0,0,1,0,0,69,103,0,NA,0,0,0,0,0,0,0
1524781,1,"Liga Nacional","Liga Endesa",-402534000,NA,"https://www.acb.com/Documentos/Cabeceras/logo-competicion-1b.png","https://www.acb.com/Documentos/Cabeceras/logo-competicion-4a.png",62,1997,107,NA,NA,1591,9813,NA,NA,TRUE,1209,1209,1801,"Caja Cantabria","Caja Cantabria","CAN",1205,1719,"Ourense Xacobeo 99","Ourense Xacobeo","OUR",1,56,12000,4,21,19.05,15,29,51.72,14,20,70,24,13,37,8,5,14,0,4,1,1,21,19,56,0,0,1,0,0,56,61,0,NA,0,0,0,0,0,0,0
1524782,1,"Liga Nacional","Liga Endesa",-402534000,NA,"https://www.acb.com/Documentos/Cabeceras/logo-competicion-1b.png","https://www.acb.com/Documentos/Cabeceras/logo-competicion-4a.png",62,1997,107,NA,NA,1591,9813,NA,NA,FALSE,1205,1209,1801,"Caja Cantabria","Caja Cantabria","CAN",1205,1719,"Ourense Xacobeo 99","Ourense Xacobeo","OUR",1,61,12000,3,10,30,20,42,47.62,12,19,63.16,21,7,28,3,8,5,0,1,4,0,19,21,58,0,0,0,1,0,61,56,0,NA,0,0,0,0,0,0,0
1524807,1,"Liga Nacional","Liga Endesa",-402534000,NA,"https://www.acb.com/Documentos/Cabeceras/logo-competicion-1b.png","https://www.acb.com/Documentos/Cabeceras/logo-competicion-4a.png",62,1997,107,NA,NA,1591,9814,NA,NA,FALSE,1206,1208,1121,"Caja San Fernando","C. San Fernando","CSF",1206,950,"Pamesa Valencia","Pamesa Valencia","PAM",1,69,12000,8,26,30,17,35,48,11,20,55,21,12,33,8,10,15,0,2,3,3,16,21,64,0,0,10,0,0,690,88,0,0,0,0,0,0,0,0,0
1524806,1,"Liga Nacional","Liga Endesa",-402534000,NA,"https://www.acb.com/Documentos/Cabeceras/logo-competicion-1b.png","https://www.acb.com/Documentos/Cabeceras/logo-competicion-4a.png",62,1997,107,NA,NA,1591,9814,NA,NA,TRUE,1208,1208,1121,"Caja San Fernando","C. San Fernando","CSF",1206,950,"Pamesa Valencia","Pamesa Valencia","PAM",1,88,12000,10,26,38,23,37,62,12,17,70,28,10,38,13,9,9,0,3,2,1,21,16,100,0,0,0,11,0,968,69,0,0,0,0,0,0,0,0,0
1525022,1,"Liga Nacional","Liga Endesa",-402534000,NA,"https://www.acb.com/Documentos/Cabeceras/logo-competicion-1b.png","https://www.acb.com/Documentos/Cabeceras/logo-competicion-4a.png",62,1997,107,NA,NA,1592,9823,NA,NA,TRUE,1198,1198,1463,"Valvi Girona","Valvi Girona","GIR",1204,863,"TDK Manresa","TDK Manresa","TDK",1,73,12000,5,23,21.74,21,45,46.67,16,21,76.19,24,12,36,12,5,8,0,1,4,2,18,18,68,0,0,1,0,0,73,86,0,NA,0,0,0,0,0,0,0
1525023,1,"Liga Nacional","Liga Endesa",-402534000,NA,"https://www.acb.com/Documentos/Cabeceras/logo-competicion-1b.png","https://www.acb.com/Documentos/Cabeceras/logo-competicion-4a.png",62,1997,107,NA,NA,1592,9823,NA,NA,FALSE,1204,1198,1463,"Valvi Girona","Valvi Girona","GIR",1204,863,"TDK Manresa","TDK Manresa","TDK",1,86,12000,5,18,27.78,27,47,57.45,17,23,73.91,32,9,41,12,5,5,0,4,1,3,18,18,103,0,0,0,1,0,86,73,0,NA,0,0,0,0,0,0,0
1524877,1,"Liga Nacional","Liga Endesa",-402534000,NA,"https://www.acb.com/Documentos/Cabeceras/logo-competicion-1b.png","https://www.acb.com/Documentos/Cabeceras/logo-competicion-4a.png",62,1997,107,NA,NA,1592,9817,NA,NA,TRUE,1201,1201,618,"Festina Joventut","Festina Jov.","JOV",1207,1046,"Unicaja","Unicaja","UNI",1,92,12000,10,16,62.5,24,42,57.14,14,20,70,20,9,29,17,6,12,0,2,1,1,24,20,99,0,0,0,1,0,92,89,0,NA,0,0,0,0,0,0,0
1524878,1,"Liga Nacional","Liga Endesa",-402534000,NA,"https://www.acb.com/Documentos/Cabeceras/logo-competicion-1b.png","https://www.acb.com/Documentos/Cabeceras/logo-competicion-4a.png",62,1997,107,NA,NA,1592,9817,NA,NA,FALSE,1207,1201,618,"Festina Joventut","Festina Jov.","JOV",1207,1046,"Unicaja","Unicaja","UNI",1,89,12000,10,24,41.67,20,34,58.82,19,27,70.37,16,12,28,9,9,10,0,1,2,2,20,24,92,0,0,1,0,0,89,92,0,NA,0,0,0,0,0,0,0
1524927,1,"Liga Nacional","Liga Endesa",-402534000,NA,"https://www.acb.com/Documentos/Cabeceras/logo-competicion-1b.png","https://www.acb.com/Documentos/Cabeceras/logo-competicion-4a.png",62,1997,107,NA,NA,1592,9819,NA,NA,FALSE,1208,1195,1369,"Cáceres CB","Cáceres CB","CAC",1208,1121,"Caja San Fernando","C. San Fernando","CSF",1,84,12000,13,26,50,17,27,62.96,11,17,64.71,25,6,31,11,3,11,0,6,1,1,15,18,97,0,0,1,0,0,84,86,0,NA,0,0,0,0,0,0,0
1524926,1,"Liga Nacional","Liga Endesa",-402534000,NA,"https://www.acb.com/Documentos/Cabeceras/logo-competicion-1b.png","https://www.acb.com/Documentos/Cabeceras/logo-competicion-4a.png",62,1997,107,NA,NA,1592,9819,NA,NA,TRUE,1195,1195,1369,"Cáceres CB","Cáceres CB","CAC",1208,1121,"Caja San Fernando","C. San Fernando","CSF",1,86,12000,11,28,39.29,22,45,48.89,9,13,69.23,19,16,35,16,8,7,0,1,6,2,18,15,86,0,0,0,1,0,86,84,0,NA,0,0,0,0,0,0,0
1525002,1,"Liga Nacional","Liga Endesa",-402534000,NA,"https://www.acb.com/Documentos/Cabeceras/logo-competicion-1b.png","https://www.acb.com/Documentos/Cabeceras/logo-competicion-4a.png",62,1997,107,NA,NA,1592,9822,NA,NA,FALSE,1193,1203,751,"Real Madrid Teka","Real Madrid","RMB",1193,92,"FC Barcelona Banca Catalana","FC Barcelona","FCB",1,71,12000,5,13,38,18,43,41,20,26,76,18,10,28,6,9,9,0,4,0,2,22,23,71,0,0,11,0,0,781,84,0,0,0,0,0,0,0,0,0
1525001,1,"Liga Nacional","Liga Endesa",-402534000,NA,"https://www.acb.com/Documentos/Cabeceras/logo-competicion-1b.png","https://www.acb.com/Documentos/Cabeceras/logo-competicion-4a.png",62,1997,107,NA,NA,1592,9822,NA,NA,TRUE,1203,1203,751,"Real Madrid Teka","Real Madrid","RMB",1193,92,"FC Barcelona Banca Catalana","FC Barcelona","FCB",1,84,12000,6,14,42,24,44,54,18,21,85,19,12,31,13,7,10,0,0,4,0,23,22,89,0,0,0,11,0,924,71,0,0,0,0,0,0,0,0,0
1525069,1,"Liga Nacional","Liga Endesa",-402534000,NA,"https://www.acb.com/Documentos/Cabeceras/logo-competicion-1b.png","https://www.acb.com/Documentos/Cabeceras/logo-competicion-4a.png",62,1997,107,NA,NA,1592,9825,NA,NA,FALSE,1197,1200,1527,"Ciudad de Huelva","Ciudad Huelva","HUE",1197,455,"Adecco Estudiantes","Adecco Estu","EST",1,93,12000,3,12,25,34,54,62,16,23,69,16,19,35,9,8,8,0,0,0,8,21,22,102,0,0,0,9,0,837,83,0,0,0,0,0,0,0,0,0
1525068,1,"Liga Nacional","Liga Endesa",-402534000,NA,"https://www.acb.com/Documentos/Cabeceras/logo-competicion-1b.png","https://www.acb.com/Documentos/Cabeceras/logo-competicion-4a.png",62,1997,107,NA,NA,1592,9825,NA,NA,TRUE,1200,1200,1527,"Ciudad de Huelva","Ciudad Huelva","HUE",1197,455,"Adecco Estudiantes","Adecco Estu","EST",1,83,12000,3,15,20,28,42,66.67,18,23,78.26,14,13,27,12,8,11,0,0,0,2,22,21,87,0,0,1,0,0,83,93,0,NA,0,0,0,0,0,0,0
1524906,1,"Liga Nacional","Liga Endesa",-402534000,NA,"https://www.acb.com/Documentos/Cabeceras/logo-competicion-1b.png","https://www.acb.com/Documentos/Cabeceras/logo-competicion-4a.png",62,1997,107,NA,NA,1592,9818,NA,NA,FALSE,1210,1202,1605,"León Caja España","León C. España","LEO",1210,1845,"Fórum Valladolid","Fórum Vall.","FOR",1,74,12000,3,10,30,26,47,55,13,17,76,29,6,35,9,8,14,0,3,6,1,16,19,80,0,0,0,12,0,888,57,0,0,0,0,0,0,0,0,0
1524905,1,"Liga Nacional","Liga Endesa",-402534000,NA,"https://www.acb.com/Documentos/Cabeceras/logo-competicion-1b.png","https://www.acb.com/Documentos/Cabeceras/logo-competicion-4a.png",62,1997,107,NA,NA,1592,9818,NA,NA,TRUE,1202,1202,1605,"León Caja España","León C. España","LEO",1210,1845,"Fórum Valladolid","Fórum Vall.","FOR",1,57,12000,4,17,23,18,50,36,9,13,69,21,15,36,8,9,14,0,6,3,0,19,16,47,0,0,11,0,0,627,74,0,0,0,0,0,0,0,0,0
1524974,1,"Liga Nacional","Liga Endesa",-402534000,NA,"https://www.acb.com/Documentos/Cabeceras/logo-competicion-1b.png","https://www.acb.com/Documentos/Cabeceras/logo-competicion-4a.png",62,1997,107,NA,NA,1592,9821,NA,NA,TRUE,1205,1205,1719,"Ourense Xacobeo 99","Ourense Xacobeo","OUR",1196,330,"Gran Canaria","Gran Canaria","GCA",1,69,12000,3,11,27.27,20,41,48.78,20,26,76.92,25,8,33,12,4,10,0,2,1,1,26,25,73,0,0,0,1,0,69,66,0,NA,0,0,0,0,0,0,0
1524975,1,"Liga Nacional","Liga Endesa",-402534000,NA,"https://www.acb.com/Documentos/Cabeceras/logo-competicion-1b.png","https://www.acb.com/Documentos/Cabeceras/logo-competicion-4a.png",62,1997,107,NA,NA,1592,9821,NA,NA,FALSE,1196,1205,1719,"Ourense Xacobeo 99","Ourense Xacobeo","OUR",1196,330,"Gran Canaria","Gran Canaria","GCA",1,66,12000,3,17,17.65,19,41,46.34,19,29,65.52,23,16,39,8,8,14,0,1,2,0,25,26,61,0,0,1,0,0,66,69,0,NA,0,0,0,0,0,0,0
1525047,1,"Liga Nacional","Liga Endesa",-402534000,NA,"https://www.acb.com/Documentos/Cabeceras/logo-competicion-1b.png","https://www.acb.com/Documentos/Cabeceras/logo-competicion-4a.png",62,1997,107,NA,NA,1592,9824,NA,NA,FALSE,1194,1199,2,"Covirán Sierra Nevada","Covirán","GRA",1194,207,"TAU Cerámica","TAU Cerámica","TAU",1,93,12000,12,17,70,19,31,61,19,22,86,25,5,30,11,8,16,0,3,3,3,21,21,106,0,0,0,12,0,1023,80,0,0,0,0,0,0,0,0,0
1525046,1,"Liga Nacional","Liga Endesa",-402534000,NA,"https://www.acb.com/Documentos/Cabeceras/logo-competicion-1b.png","https://www.acb.com/Documentos/Cabeceras/logo-competicion-4a.png",62,1997,107,NA,NA,1592,9824,NA,NA,TRUE,1199,1199,2,"Covirán Sierra Nevada","Covirán","GRA",1194,207,"TAU Cerámica","TAU Cerámica","TAU",1,80,12000,7,13,53.85,23,47,48.94,13,18,72.22,12,8,20,11,11,10,0,3,3,4,21,21,77,0,0,1,0,0,80,93,0,NA,0,0,0,0,0,0,0
1524949,1,"Liga Nacional","Liga Endesa",-402534000,NA,"https://www.acb.com/Documentos/Cabeceras/logo-competicion-1b.png","https://www.acb.com/Documentos/Cabeceras/logo-competicion-4a.png",62,1997,107,NA,NA,1592,9820,NA,NA,TRUE,1206,1206,950,"Pamesa Valencia","Pamesa Valencia","PAM",1209,1801,"Caja Cantabria","Caja Cantabria","CAN",1,90,12000,2,9,22,32,51,62,20,27,74,26,12,38,8,7,15,0,7,2,3,22,21,99,0,0,0,10,0,900,79,0,0,0,0,0,0,0,0,0
1524950,1,"Liga Nacional","Liga Endesa",-402534000,NA,"https://www.acb.com/Documentos/Cabeceras/logo-competicion-1b.png","https://www.acb.com/Documentos/Cabeceras/logo-competicion-4a.png",62,1997,107,NA,NA,1592,9820,NA,NA,FALSE,1209,1206,950,"Pamesa Valencia","Pamesa Valencia","PAM",1209,1801,"Caja Cantabria","Caja Cantabria","CAN",1,79,12000,5,17,29.41,23,48,47.92,18,30,60,18,15,33,12,10,10,0,2,7,2,21,22,71,0,0,1,0,0,79,90,0,NA,0,0,0,0,0,0,0
1525111,1,"Liga Nacional","Liga Endesa",-402534000,NA,"https://www.acb.com/Documentos/Cabeceras/logo-competicion-1b.png","https://www.acb.com/Documentos/Cabeceras/logo-competicion-4a.png",62,1997,107,NA,NA,1593,9827,NA,NA,TRUE,1197,1197,455,"Adecco Estudiantes","Adecco Estu","EST",1199,2,"Covirán Sierra Nevada","Covirán","GRA",1,83,12000,6,15,40,21,39,53,23,27,85,23,10,33,9,9,14,0,2,0,1,18,24,97,0,0,0,9,0,747,69,0,0,0,0,0,0,0,0,0
1525112,1,"Liga Nacional","Liga Endesa",-402534000,NA,"https://www.acb.com/Documentos/Cabeceras/logo-competicion-1b.png","https://www.acb.com/Documentos/Cabeceras/logo-competicion-4a.png",62,1997,107,NA,NA,1593,9827,NA,NA,FALSE,1199,1197,455,"Adecco Estudiantes","Adecco Estu","EST",1199,2,"Covirán Sierra Nevada","Covirán","GRA",1,69,12000,2,16,12,25,42,59,13,19,68,19,11,30,6,6,15,0,0,2,1,24,18,51,0,0,10,0,0,690,83,0,0,0,0,0,0,0,0,0
1525164,1,"Liga Nacional","Liga Endesa",-402534000,NA,"https://www.acb.com/Documentos/Cabeceras/logo-competicion-1b.png","https://www.acb.com/Documentos/Cabeceras/logo-competicion-4a.png",62,1997,107,NA,NA,1593,9829,NA,NA,FALSE,1203,1204,863,"TDK Manresa","TDK Manresa","TDK",1203,751,"Real Madrid Teka","Real Madrid","RMB",1,75,12000,6,15,40,23,44,52,11,12,91,17,7,24,12,10,16,0,3,4,0,22,20,71,0,0,11,0,0,825,87,0,0,0,0,0,0,0,0,0
1525163,1,"Liga Nacional","Liga Endesa",-402534000,NA,"https://www.acb.com/Documentos/Cabeceras/logo-competicion-1b.png","https://www.acb.com/Documentos/Cabeceras/logo-competicion-4a.png",62,1997,107,NA,NA,1593,9829,NA,NA,TRUE,1204,1204,863,"TDK Manresa","TDK Manresa","TDK",1203,751,"Real Madrid Teka","Real Madrid","RMB",1,87,12000,5,16,31.25,26,44,59.09,20,28,71.43,22,12,34,16,11,11,0,4,3,3,20,22,103,0,0,0,1,0,87,75,0,NA,0,0,0,0,0,0,0
1525254,1,"Liga Nacional","Liga Endesa",-402534000,NA,"https://www.acb.com/Documentos/Cabeceras/logo-competicion-1b.png","https://www.acb.com/Documentos/Cabeceras/logo-competicion-4a.png",62,1997,107,NA,NA,1593,9833,NA,NA,FALSE,1202,1208,1121,"Caja San Fernando","C. San Fernando","CSF",1202,1605,"León Caja España","León C. España","LEO",1,74,12000,11,24,45.83,16,30,53.33,9,17,52.94,23,6,29,13,6,11,0,2,3,1,23,16,68,0,0,1,0,0,74,76,0,NA,0,0,0,0,0,0,0
1525253,1,"Liga Nacional","Liga Endesa",-402534000,NA,"https://www.acb.com/Documentos/Cabeceras/logo-competicion-1b.png","https://www.acb.com/Documentos/Cabeceras/logo-competicion-4a.png",62,1997,107,NA,NA,1593,9833,NA,NA,TRUE,1208,1208,1121,"Caja San Fernando","C. San Fernando","CSF",1202,1605,"León Caja España","León C. España","LEO",1,76,12000,6,23,26.09,20,41,48.78,18,25,72,23,17,40,8,9,11,0,3,2,1,16,23,85,0,0,0,1,0,76,74,0,NA,0,0,0,0,0,0,0
1525138,1,"Liga Nacional","Liga Endesa",-402534000,NA,"https://www.acb.com/Documentos/Cabeceras/logo-competicion-1b.png","https://www.acb.com/Documentos/Cabeceras/logo-competicion-4a.png",62,1997,107,NA,NA,1593,9828,NA,NA,FALSE,1198,1194,207,"TAU Cerámica","TAU Cerámica","TAU",1198,1463,"Valvi Girona","Valvi Girona","GIR",1,73,12000,2,16,12,27,43,62,13,20,65,25,8,33,8,9,20,0,1,2,1,23,23,65,0,0,10,0,0,730,85,0,0,0,0,0,0,0,0,0
1525137,1,"Liga Nacional","Liga Endesa",-402534000,NA,"https://www.acb.com/Documentos/Cabeceras/logo-competicion-1b.png","https://www.acb.com/Documentos/Cabeceras/logo-competicion-4a.png",62,1997,107,NA,NA,1593,9828,NA,NA,TRUE,1194,1194,207,"TAU Cerámica","TAU Cerámica","TAU",1198,1463,"Valvi Girona","Valvi Girona","GIR",1,85,12000,8,17,47.06,20,38,52.63,21,29,72.41,22,5,27,12,13,17,0,2,1,6,23,23,86,0,0,0,1,0,85,73,0,NA,0,0,0,0,0,0,0
1525234,1,"Liga Nacional","Liga Endesa",-402534000,NA,"https://www.acb.com/Documentos/Cabeceras/logo-competicion-1b.png","https://www.acb.com/Documentos/Cabeceras/logo-competicion-4a.png",62,1997,107,NA,NA,1593,9832,NA,NA,FALSE,1195,1209,1801,"Caja Cantabria","Caja Cantabria","CAN",1195,1369,"Cáceres CB","Cáceres CB","CAC",1,66,12000,4,16,25,22,43,51.16,10,16,62.5,28,14,42,4,6,11,0,3,2,1,19,15,65,0,0,0,1,0,66,57,0,NA,0,0,0,0,0,0,0
1525233,1,"Liga Nacional","Liga Endesa",-402534000,NA,"https://www.acb.com/Documentos/Cabeceras/logo-competicion-1b.png","https://www.acb.com/Documentos/Cabeceras/logo-competicion-4a.png",62,1997,107,NA,NA,1593,9832,NA,NA,TRUE,1209,1209,1801,"Caja Cantabria","Caja Cantabria","CAN",1195,1369,"Cáceres CB","Cáceres CB","CAC",1,57,12000,4,9,44.44,17,44,38.64,11,22,50,22,10,32,8,7,9,0,2,3,1,15,19,55,0,0,1,0,0,57,66,0,NA,0,0,0,0,0,0,0
1525212,1,"Liga Nacional","Liga Endesa",-402534000,NA,"https://www.acb.com/Documentos/Cabeceras/logo-competicion-1b.png","https://www.acb.com/Documentos/Cabeceras/logo-competicion-4a.png",62,1997,107,NA,NA,1593,9831,NA,NA,FALSE,1206,1196,330,"Gran Canaria","Gran Canaria","GCA",1206,950,"Pamesa Valencia","Pamesa Valencia","PAM",1,90,12000,6,10,60,28,45,62,16,26,61,19,7,26,10,7,5,0,7,2,0,21,23,104,0,0,0,8,0,720,81,0,0,0,0,0,0,0,0,0
1525211,1,"Liga Nacional","Liga Endesa",-402534000,NA,"https://www.acb.com/Documentos/Cabeceras/logo-competicion-1b.png","https://www.acb.com/Documentos/Cabeceras/logo-competicion-4a.png",62,1997,107,NA,NA,1593,9831,NA,NA,TRUE,1196,1196,330,"Gran Canaria","Gran Canaria","GCA",1206,950,"Pamesa Valencia","Pamesa Valencia","PAM",1,81,12000,10,15,66.67,17,41,41.46,17,21,80.95,16,11,27,17,5,12,0,2,7,0,23,21,78,0,0,1,0,0,81,90,0,NA,0,0,0,0,0,0,0
1525088,1,"Liga Nacional","Liga Endesa",-402534000,NA,"https://www.acb.com/Documentos/Cabeceras/logo-competicion-1b.png","https://www.acb.com/Documentos/Cabeceras/logo-competicion-4a.png",62,1997,107,NA,NA,1593,9826,NA,NA,TRUE,1200,1200,1527,"Ciudad de Huelva","Ciudad Huelva","HUE",1201,618,"Festina Joventut","Festina Jov.","JOV",1,95,12000,6,13,46.15,28,56,50,21,26,80.77,25,15,40,14,9,11,0,2,4,4,20,28,113,0,0,0,1,0,95,92,0,NA,0,0,0,0,0,0,0
1525089,1,"Liga Nacional","Liga Endesa",-402534000,NA,"https://www.acb.com/Documentos/Cabeceras/logo-competicion-1b.png","https://www.acb.com/Documentos/Cabeceras/logo-competicion-4a.png",62,1997,107,NA,NA,1593,9826,NA,NA,FALSE,1201,1200,1527,"Ciudad de Huelva","Ciudad Huelva","HUE",1201,618,"Festina Joventut","Festina Jov.","JOV",1,92,12000,6,16,37.5,29,49,59.18,16,18,88.89,23,5,28,11,8,12,0,4,2,5,28,20,89,0,0,1,0,0,92,95,0,NA,0,0,0,0,0,0,0
1525280,1,"Liga Nacional","Liga Endesa",-402534000,NA,"https://www.acb.com/Documentos/Cabeceras/logo-competicion-1b.png","https://www.acb.com/Documentos/Cabeceras/logo-competicion-4a.png",62,1997,107,NA,NA,1593,9834,NA,NA,TRUE,1210,1210,1845,"Fórum Valladolid","Fórum Vall.","FOR",1207,1046,"Unicaja","Unicaja","UNI",1,60,12000,3,10,30,20,40,50,11,13,84,12,7,19,9,3,10,0,2,1,1,17,17,53,0,0,12,0,0,720,91,0,0,0,0,0,0,0,0,0
1525281,1,"Liga Nacional","Liga Endesa",-402534000,NA,"https://www.acb.com/Documentos/Cabeceras/logo-competicion-1b.png","https://www.acb.com/Documentos/Cabeceras/logo-competicion-4a.png",62,1997,107,NA,NA,1593,9834,NA,NA,FALSE,1207,1210,1845,"Fórum Valladolid","Fórum Vall.","FOR",1207,1046,"Unicaja","Unicaja","UNI",1,91,12000,13,20,65,21,30,70,10,16,62.5,20,4,24,15,6,7,0,1,2,0,17,17,106,0,0,0,1,0,91,60,0,NA,0,0,0,0,0,0,0
1525188,1,"Liga Nacional","Liga Endesa",-402534000,NA,"https://www.acb.com/Documentos/Cabeceras/logo-competicion-1b.png","https://www.acb.com/Documentos/Cabeceras/logo-competicion-4a.png",62,1997,107,NA,NA,1593,9830,NA,NA,TRUE,1193,1193,92,"FC Barcelona Banca Catalana","FC Barcelona","FCB",1205,1719,"Ourense Xacobeo 99","Ourense Xacobeo","OUR",1,89,12000,7,19,36.84,27,37,72.97,14,21,66.67,21,10,31,15,11,10,0,3,0,5,17,22,115,0,0,0,1,0,89,66,0,NA,0,0,0,0,0,0,0
1525189,1,"Liga Nacional","Liga Endesa",-402534000,NA,"https://www.acb.com/Documentos/Cabeceras/logo-competicion-1b.png","https://www.acb.com/Documentos/Cabeceras/logo-competicion-4a.png",62,1997,107,NA,NA,1593,9830,NA,NA,FALSE,1205,1193,92,"FC Barcelona Banca Catalana","FC Barcelona","FCB",1205,1719,"Ourense Xacobeo 99","Ourense Xacobeo","OUR",1,66,12000,9,18,50,14,37,37.84,11,14,78.57,15,11,26,7,6,14,0,0,3,0,22,17,48,0,0,1,0,0,66,89,0,NA,0,0,0,0,0,0,0
1525471,1,"Liga Nacional","Liga Endesa",-402534000,NA,"https://www.acb.com/Documentos/Cabeceras/logo-competicion-1b.png","https://www.acb.com/Documentos/Cabeceras/logo-competicion-4a.png",62,1997,107,NA,NA,1594,9842,NA,NA,FALSE,1197,1198,1463,"Valvi Girona","Valvi Girona","GIR",1197,455,"Adecco Estudiantes","Adecco Estu","EST",1,90,12000,6,18,33,26,49,53,20,30,66,16,18,34,7,4,11,0,4,2,2,22,25,84,0,0,10,0,0,900,98,0,0,0,0,0,0,0,0,0
1525470,1,"Liga Nacional","Liga Endesa",-402534000,NA,"https://www.acb.com/Documentos/Cabeceras/logo-competicion-1b.png","https://www.acb.com/Documentos/Cabeceras/logo-competicion-4a.png",62,1997,107,NA,NA,1594,9842,NA,NA,TRUE,1198,1198,1463,"Valvi Girona","Valvi Girona","GIR",1197,455,"Adecco Estudiantes","Adecco Estu","EST",1,98,12000,8,18,44.44,26,45,57.78,22,28,78.57,22,13,35,20,5,9,0,2,4,2,25,22,109,0,0,0,1,0,98,90,0,NA,0,0,0,0,0,0,0
1525303,1,"Liga Nacional","Liga Endesa",-402534000,NA,"https://www.acb.com/Documentos/Cabeceras/logo-competicion-1b.png","https://www.acb.com/Documentos/Cabeceras/logo-competicion-4a.png",62,1997,107,NA,NA,1594,9835,NA,NA,TRUE,1201,1201,618,"Festina Joventut","Festina Jov.","JOV",1210,1845,"Fórum Valladolid","Fórum Vall.","FOR",1,108,12000,10,16,62.5,26,46,56.52,26,29,89.66,17,9,26,13,15,15,0,4,2,5,26,25,119,0,0,0,1,0,108,89,0,NA,0,0,0,0,0,0,0
1525304,1,"Liga Nacional","Liga Endesa",-402534000,NA,"https://www.acb.com/Documentos/Cabeceras/logo-competicion-1b.png","https://www.acb.com/Documentos/Cabeceras/logo-competicion-4a.png",62,1997,107,NA,NA,1594,9835,NA,NA,FALSE,1210,1201,618,"Festina Joventut","Festina Jov.","JOV",1210,1845,"Fórum Valladolid","Fórum Vall.","FOR",1,89,12000,6,13,46.15,26,39,66.67,19,33,57.58,18,7,25,12,10,18,0,2,4,1,25,26,83,0,0,1,0,0,89,108,0,NA,0,0,0,0,0,0,0
1525327,1,"Liga Nacional","Liga Endesa",-402534000,NA,"https://www.acb.com/Documentos/Cabeceras/logo-competicion-1b.png","https://www.acb.com/Documentos/Cabeceras/logo-competicion-4a.png",62,1997,107,NA,NA,1594,9836,NA,NA,FALSE,1208,1207,1046,"Unicaja","Unicaja","UNI",1208,1121,"Caja San Fernando","C. San Fernando","CSF",1,76,12000,5,17,29,19,42,45,23,28,82,14,14,28,6,6,9,0,0,2,0,14,22,73,0,0,9,0,0,684,95,0,0,0,0,0,0,0,0,0
1525326,1,"Liga Nacional","Liga Endesa",-402534000,NA,"https://www.acb.com/Documentos/Cabeceras/logo-competicion-1b.png","https://www.acb.com/Documentos/Cabeceras/logo-competicion-4a.png",62,1997,107,NA,NA,1594,9836,NA,NA,TRUE,1207,1207,1046,"Unicaja","Unicaja","UNI",1208,1121,"Caja San Fernando","C. San Fernando","CSF",1,95,12000,14,27,51.85,22,32,68.75,9,11,81.82,21,8,29,17,5,10,0,2,0,1,22,14,105,0,0,0,1,0,95,76,0,NA,0,0,0,0,0,0,0
1525352,1,"Liga Nacional","Liga Endesa",-402534000,NA,"https://www.acb.com/Documentos/Cabeceras/logo-competicion-1b.png","https://www.acb.com/Documentos/Cabeceras/logo-competicion-4a.png",62,1997,107,NA,NA,1594,9837,NA,NA,FALSE,1209,1202,1605,"León Caja España","León C. España","LEO",1209,1801,"Caja Cantabria","Caja Cantabria","CAN",1,82,12000,6,14,42,23,48,47,18,32,56,18,12,30,10,9,7,0,0,4,3,21,28,80,0,0,0,12,0,984,80,0,0,0,0,0,0,0,0,0
1525351,1,"Liga Nacional","Liga Endesa",-402534000,NA,"https://www.acb.com/Documentos/Cabeceras/logo-competicion-1b.png","https://www.acb.com/Documentos/Cabeceras/logo-competicion-4a.png",62,1997,107,NA,NA,1594,9837,NA,NA,TRUE,1202,1202,1605,"León Caja España","León C. España","LEO",1209,1801,"Caja Cantabria","Caja Cantabria","CAN",1,80,12000,7,18,38.89,19,33,57.58,21,25,84,25,4,29,6,5,12,0,4,0,0,28,21,76,0,0,1,0,0,80,82,0,NA,0,0,0,0,0,0,0
1525422,1,"Liga Nacional","Liga Endesa",-402534000,NA,"https://www.acb.com/Documentos/Cabeceras/logo-competicion-1b.png","https://www.acb.com/Documentos/Cabeceras/logo-competicion-4a.png",62,1997,107,NA,NA,1594,9840,NA,NA,TRUE,1205,1205,1719,"Ourense Xacobeo 99","Ourense Xacobeo","OUR",1204,863,"TDK Manresa","TDK Manresa","TDK",1,53,12000,2,11,18.18,22,52,42.31,3,3,100,26,12,38,9,8,20,0,1,1,2,18,11,42,0,0,1,0,0,53,72,0,NA,0,0,0,0,0,0,0
1525423,1,"Liga Nacional","Liga Endesa",-402534000,NA,"https://www.acb.com/Documentos/Cabeceras/logo-competicion-1b.png","https://www.acb.com/Documentos/Cabeceras/logo-competicion-4a.png",62,1997,107,NA,NA,1594,9840,NA,NA,FALSE,1204,1205,1719,"Ourense Xacobeo 99","Ourense Xacobeo","OUR",1204,863,"TDK Manresa","TDK Manresa","TDK",1,72,12000,2,14,14.29,26,51,50.98,14,20,70,27,14,41,8,15,12,0,1,1,2,11,18,88,0,0,0,1,0,72,53,0,NA,0,0,0,0,0,0,0
1525447,1,"Liga Nacional","Liga Endesa",-402534000,NA,"https://www.acb.com/Documentos/Cabeceras/logo-competicion-1b.png","https://www.acb.com/Documentos/Cabeceras/logo-competicion-4a.png",62,1997,107,NA,NA,1594,9841,NA,NA,TRUE,1203,1203,751,"Real Madrid Teka","Real Madrid","RMB",1194,207,"TAU Cerámica","TAU Cerámica","TAU",1,69,12000,2,12,16,25,39,64,13,19,68,12,7,19,4,9,9,0,3,1,0,23,21,62,0,0,9,0,0,621,72,0,0,0,0,0,0,0,0,0
1525448,1,"Liga Nacional","Liga Endesa",-402534000,NA,"https://www.acb.com/Documentos/Cabeceras/logo-competicion-1b.png","https://www.acb.com/Documentos/Cabeceras/logo-competicion-4a.png",62,1997,107,NA,NA,1594,9841,NA,NA,FALSE,1194,1203,751,"Real Madrid Teka","Real Madrid","RMB",1194,207,"TAU Cerámica","TAU Cerámica","TAU",1,72,12000,7,13,53,14,26,53,23,31,74,20,7,27,11,5,14,0,1,3,3,21,23,75,0,0,0,12,0,792,69,0,0,0,0,0,0,0,0,0
1525490,1,"Liga Nacional","Liga Endesa",-402534000,NA,"https://www.acb.com/Documentos/Cabeceras/logo-competicion-1b.png","https://www.acb.com/Documentos/Cabeceras/logo-competicion-4a.png",62,1997,107,NA,NA,1594,9843,NA,NA,TRUE,1199,1199,2,"Covirán Sierra Nevada","Covirán","GRA",1200,1527,"Ciudad de Huelva","Ciudad Huelva","HUE",1,68,12000,3,10,30,25,55,45,9,11,81,25,9,34,9,14,9,0,0,3,3,17,17,74,0,0,9,0,0,612,69,0,0,0,0,0,0,0,0,0
1525491,1,"Liga Nacional","Liga Endesa",-402534000,NA,"https://www.acb.com/Documentos/Cabeceras/logo-competicion-1b.png","https://www.acb.com/Documentos/Cabeceras/logo-competicion-4a.png",62,1997,107,NA,NA,1594,9843,NA,NA,FALSE,1200,1199,2,"Covirán Sierra Nevada","Covirán","GRA",1200,1527,"Ciudad de Huelva","Ciudad Huelva","HUE",1,69,12000,6,18,33.33,20,42,47.62,11,15,73.33,27,10,37,8,8,13,0,3,0,0,17,17,74,0,0,0,1,0,69,68,0,NA,0,0,0,0,0,0,0
1525375,1,"Liga Nacional","Liga Endesa",-402534000,NA,"https://www.acb.com/Documentos/Cabeceras/logo-competicion-1b.png","https://www.acb.com/Documentos/Cabeceras/logo-competicion-4a.png",62,1997,107,NA,NA,1594,9838,NA,NA,TRUE,1195,1195,1369,"Cáceres CB","Cáceres CB","CAC",1196,330,"Gran Canaria","Gran Canaria","GCA",1,59,12000,4,17,23.53,19,36,52.78,9,23,39.13,18,10,28,15,12,14,0,4,3,2,30,23,50,0,0,1,0,0,59,81,0,NA,0,0,0,0,0,0,0
1525376,1,"Liga Nacional","Liga Endesa",-402534000,NA,"https://www.acb.com/Documentos/Cabeceras/logo-competicion-1b.png","https://www.acb.com/Documentos/Cabeceras/logo-competicion-4a.png",62,1997,107,NA,NA,1594,9838,NA,NA,FALSE,1196,1195,1369,"Cáceres CB","Cáceres CB","CAC",1196,330,"Gran Canaria","Gran Canaria","GCA",1,81,12000,2,13,15.38,27,46,58.7,21,35,60,27,18,45,12,9,13,0,3,4,5,23,30,96,0,0,0,1,0,81,59,0,NA,0,0,0,0,0,0,0
1525397,1,"Liga Nacional","Liga Endesa",-402534000,NA,"https://www.acb.com/Documentos/Cabeceras/logo-competicion-1b.png","https://www.acb.com/Documentos/Cabeceras/logo-competicion-4a.png",62,1997,107,NA,NA,1594,9839,NA,NA,TRUE,1206,1206,950,"Pamesa Valencia","Pamesa Valencia","PAM",1193,92,"FC Barcelona Banca Catalana","FC Barcelona","FCB",1,85,12000,3,10,30,25,42,59,26,30,86,20,8,28,9,5,7,0,3,0,4,19,24,100,0,0,0,10,0,850,81,0,0,0,0,0,0,0,0,0
1525398,1,"Liga Nacional","Liga Endesa",-402534000,NA,"https://www.acb.com/Documentos/Cabeceras/logo-competicion-1b.png","https://www.acb.com/Documentos/Cabeceras/logo-competicion-4a.png",62,1997,107,NA,NA,1594,9839,NA,NA,FALSE,1193,1206,950,"Pamesa Valencia","Pamesa Valencia","PAM",1193,92,"FC Barcelona Banca Catalana","FC Barcelona","FCB",1,81,12000,3,9,33.33,30,52,57.69,12,18,66.67,18,12,30,7,7,8,0,0,3,4,24,19,75,0,0,1,0,0,81,85,0,NA,0,0,0,0,0,0,0
1525638,1,"Liga Nacional","Liga Endesa",-402534000,NA,"https://www.acb.com/Documentos/Cabeceras/logo-competicion-1b.png","https://www.acb.com/Documentos/Cabeceras/logo-competicion-4a.png",62,1997,107,NA,NA,1595,9849,NA,NA,TRUE,1193,1193,92,"FC Barcelona Banca Catalana","FC Barcelona","FCB",1195,1369,"Cáceres CB","Cáceres CB","CAC",1,89,12000,8,17,47.06,24,41,58.54,17,19,89.47,23,9,32,14,6,12,0,3,2,3,21,21,102,0,0,0,1,0,89,78,0,NA,0,0,0,0,0,0,0
1525639,1,"Liga Nacional","Liga Endesa",-402534000,NA,"https://www.acb.com/Documentos/Cabeceras/logo-competicion-1b.png","https://www.acb.com/Documentos/Cabeceras/logo-competicion-4a.png",62,1997,107,NA,NA,1595,9849,NA,NA,FALSE,1195,1193,92,"FC Barcelona Banca Catalana","FC Barcelona","FCB",1195,1369,"Cáceres CB","Cáceres CB","CAC",1,78,12000,7,20,35,17,36,47.22,23,30,76.67,19,10,29,8,9,12,0,2,3,2,21,21,72,0,0,1,0,0,78,89,0,NA,0,0,0,0,0,0,0
1525614,1,"Liga Nacional","Liga Endesa",-402534000,NA,"https://www.acb.com/Documentos/Cabeceras/logo-competicion-1b.png","https://www.acb.com/Documentos/Cabeceras/logo-competicion-4a.png",62,1997,107,NA,NA,1595,9848,NA,NA,FALSE,1206,1204,863,"TDK Manresa","TDK Manresa","TDK",1206,950,"Pamesa Valencia","Pamesa Valencia","PAM",1,71,12000,5,14,35,24,50,48,8,9,88,19,10,29,7,6,13,0,4,7,1,19,14,56,0,0,10,0,0,710,75,0,0,0,0,0,0,0,0,0
1525613,1,"Liga Nacional","Liga Endesa",-402534000,NA,"https://www.acb.com/Documentos/Cabeceras/logo-competicion-1b.png","https://www.acb.com/Documentos/Cabeceras/logo-competicion-4a.png",62,1997,107,NA,NA,1595,9848,NA,NA,TRUE,1204,1204,863,"TDK Manresa","TDK Manresa","TDK",1206,950,"Pamesa Valencia","Pamesa Valencia","PAM",1,75,12000,4,11,36.36,25,43,58.14,13,21,61.9,23,8,31,11,10,14,0,7,4,3,14,19,88,0,0,0,1,0,75,71,0,NA,0,0,0,0,0,0,0
1525565,1,"Liga Nacional","Liga Endesa",-402534000,NA,"https://www.acb.com/Documentos/Cabeceras/logo-competicion-1b.png","https://www.acb.com/Documentos/Cabeceras/logo-competicion-4a.png",62,1997,107,NA,NA,1595,9846,NA,NA,FALSE,1203,1197,455,"Adecco Estudiantes","Adecco Estu","EST",1203,751,"Real Madrid Teka","Real Madrid","RMB",1,92,12000,8,18,44,18,30,60,32,43,74,19,9,28,13,5,13,0,0,2,1,28,32,94,0,0,0,10,0,920,82,0,0,0,0,0,0,0,0,0
1525564,1,"Liga Nacional","Liga Endesa",-402534000,NA,"https://www.acb.com/Documentos/Cabeceras/logo-competicion-1b.png","https://www.acb.com/Documentos/Cabeceras/logo-competicion-4a.png",62,1997,107,NA,NA,1595,9846,NA,NA,TRUE,1197,1197,455,"Adecco Estudiantes","Adecco Estu","EST",1203,751,"Real Madrid Teka","Real Madrid","RMB",1,82,12000,2,12,16,26,39,66,24,37,64,17,10,27,17,9,11,0,2,0,1,32,28,86,0,0,12,0,0,984,92,0,0,0,0,0,0,0,0,0
1525591,1,"Liga Nacional","Liga Endesa",-402534000,NA,"https://www.acb.com/Documentos/Cabeceras/logo-competicion-1b.png","https://www.acb.com/Documentos/Cabeceras/logo-competicion-4a.png",62,1997,107,NA,NA,1595,9847,NA,NA,TRUE,1194,1194,207,"TAU Cerámica","TAU Cerámica","TAU",1205,1719,"Ourense Xacobeo 99","Ourense Xacobeo","OUR",1,101,12000,7,14,50,30,42,71,20,29,68,23,8,31,25,9,20,0,1,1,10,23,25,120,0,0,0,14,0,1313,88,0,0,0,0,0,0,0,0,0
1525592,1,"Liga Nacional","Liga Endesa",-402534000,NA,"https://www.acb.com/Documentos/Cabeceras/logo-competicion-1b.png","https://www.acb.com/Documentos/Cabeceras/logo-competicion-4a.png",62,1997,107,NA,NA,1595,9847,NA,NA,FALSE,1205,1194,207,"TAU Cerámica","TAU Cerámica","TAU",1205,1719,"Ourense Xacobeo 99","Ourense Xacobeo","OUR",1,88,12000,5,10,50,26,46,56.52,21,31,67.74,15,4,19,9,10,14,0,1,1,0,25,23,75,0,0,1,0,0,88,101,0,NA,0,0,0,0,0,0,0
1525681,1,"Liga Nacional","Liga Endesa",-402534000,NA,"https://www.acb.com/Documentos/Cabeceras/logo-competicion-1b.png","https://www.acb.com/Documentos/Cabeceras/logo-competicion-4a.png",62,1997,107,NA,NA,1595,9851,NA,NA,TRUE,1209,1209,1801,"Caja Cantabria","Caja Cantabria","CAN",1207,1046,"Unicaja","Unicaja","UNI",1,74,12000,6,12,50,18,37,48.65,20,23,86.96,19,7,26,10,4,7,0,0,2,1,23,19,73,0,0,1,0,0,74,76,0,NA,0,0,0,0,0,0,0
1525682,1,"Liga Nacional","Liga Endesa",-402534000,NA,"https://www.acb.com/Documentos/Cabeceras/logo-competicion-1b.png","https://www.acb.com/Documentos/Cabeceras/logo-competicion-4a.png",62,1997,107,NA,NA,1595,9851,NA,NA,FALSE,1207,1209,1801,"Caja Cantabria","Caja Cantabria","CAN",1207,1046,"Unicaja","Unicaja","UNI",1,76,12000,4,13,30.77,24,39,61.54,16,19,84.21,21,6,27,2,6,7,0,2,0,2,19,23,83,0,0,0,1,0,76,74,0,NA,0,0,0,0,0,0,0
1525660,1,"Liga Nacional","Liga Endesa",-402534000,NA,"https://www.acb.com/Documentos/Cabeceras/logo-competicion-1b.png","https://www.acb.com/Documentos/Cabeceras/logo-competicion-4a.png",62,1997,107,NA,NA,1595,9850,NA,NA,TRUE,1196,1196,330,"Gran Canaria","Gran Canaria","GCA",1202,1605,"León Caja España","León C. España","LEO",1,87,12000,8,14,57.14,27,52,51.92,9,12,75,25,16,41,10,10,13,0,4,3,5,17,18,103,0,0,0,1,0,87,77,0,NA,0,0,0,0,0,0,0
1525661,1,"Liga Nacional","Liga Endesa",-402534000,NA,"https://www.acb.com/Documentos/Cabeceras/logo-competicion-1b.png","https://www.acb.com/Documentos/Cabeceras/logo-competicion-4a.png",62,1997,107,NA,NA,1595,9850,NA,NA,FALSE,1202,1196,330,"Gran Canaria","Gran Canaria","GCA",1202,1605,"León Caja España","León C. España","LEO",1,77,12000,8,22,36.36,23,42,54.76,7,14,50,17,11,28,7,8,12,0,3,4,2,18,17,66,0,0,1,0,0,77,87,0,NA,0,0,0,0,0,0,0
1525705,1,"Liga Nacional","Liga Endesa",-402534000,NA,"https://www.acb.com/Documentos/Cabeceras/logo-competicion-1b.png","https://www.acb.com/Documentos/Cabeceras/logo-competicion-4a.png",62,1997,107,NA,NA,1595,9852,NA,NA,FALSE,1210,1208,1121,"Caja San Fernando","C. San Fernando","CSF",1210,1845,"Fórum Valladolid","Fórum Vall.","FOR",1,99,13500,13,24,54,21,45,46,18,25,72,21,9,30,10,9,8,0,5,0,1,22,22,103,0,0,0,10,0,990,95,0,0,0,0,0,0,0,0,0
1525704,1,"Liga Nacional","Liga Endesa",-402534000,NA,"https://www.acb.com/Documentos/Cabeceras/logo-competicion-1b.png","https://www.acb.com/Documentos/Cabeceras/logo-competicion-4a.png",62,1997,107,NA,NA,1595,9852,NA,NA,TRUE,1208,1208,1121,"Caja San Fernando","C. San Fernando","CSF",1210,1845,"Fórum Valladolid","Fórum Vall.","FOR",1,95,13500,12,30,40,22,41,53.66,15,23,65.22,28,19,47,11,7,18,0,0,5,3,22,22,92,0,0,1,0,0,95,99,0,NA,0,0,0,0,0,0,0
1525513,1,"Liga Nacional","Liga Endesa",-402534000,NA,"https://www.acb.com/Documentos/Cabeceras/logo-competicion-1b.png","https://www.acb.com/Documentos/Cabeceras/logo-competicion-4a.png",62,1997,107,NA,NA,1595,9844,NA,NA,TRUE,1199,1199,2,"Covirán Sierra Nevada","Covirán","GRA",1201,618,"Festina Joventut","Festina Jov.","JOV",1,109,12000,8,15,53,26,51,50,33,38,86,25,12,37,21,12,9,0,2,5,3,31,28,127,0,0,0,10,0,1090,101,0,0,0,0,0,0,0,0,0
1525514,1,"Liga Nacional","Liga Endesa",-402534000,NA,"https://www.acb.com/Documentos/Cabeceras/logo-competicion-1b.png","https://www.acb.com/Documentos/Cabeceras/logo-competicion-4a.png",62,1997,107,NA,NA,1595,9844,NA,NA,FALSE,1201,1199,2,"Covirán Sierra Nevada","Covirán","GRA",1201,618,"Festina Joventut","Festina Jov.","JOV",1,101,12000,9,20,45,24,48,50,26,37,70.27,21,16,37,12,7,13,0,5,2,4,28,31,104,0,0,1,0,0,101,109,0,NA,0,0,0,0,0,0,0
1525537,1,"Liga Nacional","Liga Endesa",-402534000,NA,"https://www.acb.com/Documentos/Cabeceras/logo-competicion-1b.png","https://www.acb.com/Documentos/Cabeceras/logo-competicion-4a.png",62,1997,107,NA,NA,1595,9845,NA,NA,FALSE,1198,1200,1527,"Ciudad de Huelva","Ciudad Huelva","HUE",1198,1463,"Valvi Girona","Valvi Girona","GIR",1,106,13500,5,12,41.67,40,65,61.54,11,17,64.71,22,10,32,13,15,9,0,3,4,1,23,20,115,0,0,0,1,0,106,92,0,NA,0,0,0,0,0,0,0
1525536,1,"Liga Nacional","Liga Endesa",-402534000,NA,"https://www.acb.com/Documentos/Cabeceras/logo-competicion-1b.png","https://www.acb.com/Documentos/Cabeceras/logo-competicion-4a.png",62,1997,107,NA,NA,1595,9845,NA,NA,TRUE,1200,1200,1527,"Ciudad de Huelva","Ciudad Huelva","HUE",1198,1463,"Valvi Girona","Valvi Girona","GIR",1,92,13500,5,11,45.45,27,49,55.1,23,32,71.88,24,10,34,10,8,20,0,4,3,2,20,23,91,0,0,1,0,0,92,106,0,NA,0,0,0,0,0,0,0
1525727,1,"Liga Nacional","Liga Endesa",-402534000,NA,"https://www.acb.com/Documentos/Cabeceras/logo-competicion-1b.png","https://www.acb.com/Documentos/Cabeceras/logo-competicion-4a.png",62,1997,107,NA,NA,1596,9853,NA,NA,TRUE,1201,1201,618,"Festina Joventut","Festina Jov.","JOV",1208,1121,"Caja San Fernando","C. San Fernando","CSF",1,103,12000,16,31,51.61,19,44,43.18,17,23,73.91,23,15,38,14,12,9,0,8,2,6,15,20,123,0,0,0,1,0,103,89,0,NA,0,0,0,0,0,0,0
1525728,1,"Liga Nacional","Liga Endesa",-402534000,NA,"https://www.acb.com/Documentos/Cabeceras/logo-competicion-1b.png","https://www.acb.com/Documentos/Cabeceras/logo-competicion-4a.png",62,1997,107,NA,NA,1596,9853,NA,NA,FALSE,1208,1201,618,"Festina Joventut","Festina Jov.","JOV",1208,1121,"Caja San Fernando","C. San Fernando","CSF",1,89,12000,12,28,42.86,20,46,43.48,13,17,76.47,27,20,47,9,6,19,0,2,8,0,20,15,75,0,0,1,0,0,89,103,0,NA,0,0,0,0,0,0,0
1525754,1,"Liga Nacional","Liga Endesa",-402534000,NA,"https://www.acb.com/Documentos/Cabeceras/logo-competicion-1b.png","https://www.acb.com/Documentos/Cabeceras/logo-competicion-4a.png",62,1997,107,NA,NA,1596,9854,NA,NA,FALSE,1209,1210,1845,"Fórum Valladolid","Fórum Vall.","FOR",1209,1801,"Caja Cantabria","Caja Cantabria","CAN",1,85,12000,5,19,26,26,45,57,18,20,90,12,9,21,14,10,11,0,1,5,3,25,20,75,0,0,11,0,0,935,97,0,0,0,0,0,0,0,0,0
1525753,1,"Liga Nacional","Liga Endesa",-402534000,NA,"https://www.acb.com/Documentos/Cabeceras/logo-competicion-1b.png","https://www.acb.com/Documentos/Cabeceras/logo-competicion-4a.png",62,1997,107,NA,NA,1596,9854,NA,NA,TRUE,1210,1210,1845,"Fórum Valladolid","Fórum Vall.","FOR",1209,1801,"Caja Cantabria","Caja Cantabria","CAN",1,97,12000,8,14,57,25,43,58,23,29,79,22,15,37,12,8,18,0,5,1,1,20,25,115,0,0,0,11,0,1067,85,0,0,0,0,0,0,0,0,0
1525776,1,"Liga Nacional","Liga Endesa",-402534000,NA,"https://www.acb.com/Documentos/Cabeceras/logo-competicion-1b.png","https://www.acb.com/Documentos/Cabeceras/logo-competicion-4a.png",62,1997,107,NA,NA,1596,9855,NA,NA,TRUE,1207,1207,1046,"Unicaja","Unicaja","UNI",1196,330,"Gran Canaria","Gran Canaria","GCA",1,79,12000,8,20,40,17,25,68,21,33,63.64,27,6,33,17,8,13,0,3,1,3,17,25,102,0,0,0,1,0,79,68,0,NA,0,0,0,0,0,0,0
1525777,1,"Liga Nacional","Liga Endesa",-402534000,NA,"https://www.acb.com/Documentos/Cabeceras/logo-competicion-1b.png","https://www.acb.com/Documentos/Cabeceras/logo-competicion-4a.png",62,1997,107,NA,NA,1596,9855,NA,NA,FALSE,1196,1207,1046,"Unicaja","Unicaja","UNI",1196,330,"Gran Canaria","Gran Canaria","GCA",1,68,12000,3,13,23.08,23,52,44.23,13,16,81.25,18,15,33,7,4,11,0,1,3,0,25,17,49,0,0,1,0,0,68,79,0,NA,0,0,0,0,0,0,0
1525804,1,"Liga Nacional","Liga Endesa",-402534000,NA,"https://www.acb.com/Documentos/Cabeceras/logo-competicion-1b.png","https://www.acb.com/Documentos/Cabeceras/logo-competicion-4a.png",62,1997,107,NA,NA,1596,9856,NA,NA,FALSE,1193,1202,1605,"León Caja España","León C. España","LEO",1193,92,"FC Barcelona Banca Catalana","FC Barcelona","FCB",1,89,12000,5,12,41.67,26,47,55.32,22,31,70.97,25,8,33,15,6,14,0,3,3,3,24,25,93,0,0,0,1,0,89,80,0,NA,0,0,0,0,0,0,0
1525803,1,"Liga Nacional","Liga Endesa",-402534000,NA,"https://www.acb.com/Documentos/Cabeceras/logo-competicion-1b.png","https://www.acb.com/Documentos/Cabeceras/logo-competicion-4a.png",62,1997,107,NA,NA,1596,9856,NA,NA,TRUE,1202,1202,1605,"León Caja España","León C. España","LEO",1193,92,"FC Barcelona Banca Catalana","FC Barcelona","FCB",1,80,12000,8,20,40,18,37,48.65,20,27,74.07,20,7,27,13,10,14,0,3,3,1,25,24,77,0,0,1,0,0,80,89,0,NA,0,0,0,0,0,0,0
1525826,1,"Liga Nacional","Liga Endesa",-402534000,NA,"https://www.acb.com/Documentos/Cabeceras/logo-competicion-1b.png","https://www.acb.com/Documentos/Cabeceras/logo-competicion-4a.png",62,1997,107,NA,NA,1596,9857,NA,NA,TRUE,1195,1195,1369,"Cáceres CB","Cáceres CB","CAC",1204,863,"TDK Manresa","TDK Manresa","TDK",1,93,12000,8,19,42.11,27,51,52.94,15,21,71.43,22,19,41,19,10,11,0,3,1,4,21,20,112,0,0,0,1,0,93,84,0,NA,0,0,0,0,0,0,0
1525827,1,"Liga Nacional","Liga Endesa",-402534000,NA,"https://www.acb.com/Documentos/Cabeceras/logo-competicion-1b.png","https://www.acb.com/Documentos/Cabeceras/logo-competicion-4a.png",62,1997,107,NA,NA,1596,9857,NA,NA,FALSE,1204,1195,1369,"Cáceres CB","Cáceres CB","CAC",1204,863,"TDK Manresa","TDK Manresa","TDK",1,84,12000,3,11,27.27,28,51,54.9,19,31,61.29,22,13,35,17,8,13,0,1,3,4,20,21,87,0,0,1,0,0,84,93,0,NA,0,0,0,0,0,0,0
1525851,1,"Liga Nacional","Liga Endesa",-402534000,NA,"https://www.acb.com/Documentos/Cabeceras/logo-competicion-1b.png","https://www.acb.com/Documentos/Cabeceras/logo-competicion-4a.png",62,1997,107,NA,NA,1596,9858,NA,NA,TRUE,1206,1206,950,"Pamesa Valencia","Pamesa Valencia","PAM",1194,207,"TAU Cerámica","TAU Cerámica","TAU",1,84,12000,7,13,53,26,40,65,11,15,73,19,5,24,15,3,11,0,9,4,6,16,19,99,0,0,0,10,0,840,80,0,0,0,0,0,0,0,0,0
1525852,1,"Liga Nacional","Liga Endesa",-402534000,NA,"https://www.acb.com/Documentos/Cabeceras/logo-competicion-1b.png","https://www.acb.com/Documentos/Cabeceras/logo-competicion-4a.png",62,1997,107,NA,NA,1596,9858,NA,NA,FALSE,1194,1206,950,"Pamesa Valencia","Pamesa Valencia","PAM",1194,207,"TAU Cerámica","TAU Cerámica","TAU",1,80,12000,7,18,38,26,43,60,7,12,58,15,9,24,21,6,7,0,4,9,3,19,16,83,0,0,12,0,0,880,84,0,0,0,0,0,0,0,0,0
1525876,1,"Liga Nacional","Liga Endesa",-402534000,NA,"https://www.acb.com/Documentos/Cabeceras/logo-competicion-1b.png","https://www.acb.com/Documentos/Cabeceras/logo-competicion-4a.png",62,1997,107,NA,NA,1596,9859,NA,NA,FALSE,1197,1205,1719,"Ourense Xacobeo 99","Ourense Xacobeo","OUR",1197,455,"Adecco Estudiantes","Adecco Estu","EST",1,94,12000,10,16,62,21,48,43,22,28,78,32,8,40,21,13,13,0,1,3,0,17,24,121,0,0,0,10,0,940,70,0,0,0,0,0,0,0,0,0
1525875,1,"Liga Nacional","Liga Endesa",-402534000,NA,"https://www.acb.com/Documentos/Cabeceras/logo-competicion-1b.png","https://www.acb.com/Documentos/Cabeceras/logo-competicion-4a.png",62,1997,107,NA,NA,1596,9859,NA,NA,TRUE,1205,1205,1719,"Ourense Xacobeo 99","Ourense Xacobeo","OUR",1197,455,"Adecco Estudiantes","Adecco Estu","EST",1,70,12000,3,14,21.43,25,52,48.08,11,17,64.71,30,8,38,16,8,17,0,3,1,3,24,17,66,0,0,1,0,0,70,94,0,NA,0,0,0,0,0,0,0
1525900,1,"Liga Nacional","Liga Endesa",-402534000,NA,"https://www.acb.com/Documentos/Cabeceras/logo-competicion-1b.png","https://www.acb.com/Documentos/Cabeceras/logo-competicion-4a.png",62,1997,107,NA,NA,1596,9860,NA,NA,TRUE,1203,1203,751,"Real Madrid Teka","Real Madrid","RMB",1200,1527,"Ciudad de Huelva","Ciudad Huelva","HUE",1,67,12000,4,12,33,22,41,53,11,14,78,18,9,27,7,9,16,0,1,0,0,20,14,59,0,0,10,0,0,670,83,0,0,0,0,0,0,0,0,0
1525901,1,"Liga Nacional","Liga Endesa",-402534000,NA,"https://www.acb.com/Documentos/Cabeceras/logo-competicion-1b.png","https://www.acb.com/Documentos/Cabeceras/logo-competicion-4a.png",62,1997,107,NA,NA,1596,9860,NA,NA,FALSE,1200,1203,751,"Real Madrid Teka","Real Madrid","RMB",1200,1527,"Ciudad de Huelva","Ciudad Huelva","HUE",1,83,12000,9,20,45,16,31,51.61,24,27,88.89,17,9,26,4,7,11,0,0,1,1,14,20,85,0,0,0,1,0,83,67,0,NA,0,0,0,0,0,0,0
1525925,1,"Liga Nacional","Liga Endesa",-402534000,NA,"https://www.acb.com/Documentos/Cabeceras/logo-competicion-1b.png","https://www.acb.com/Documentos/Cabeceras/logo-competicion-4a.png",62,1997,107,NA,NA,1596,9861,NA,NA,FALSE,1199,1198,1463,"Valvi Girona","Valvi Girona","GIR",1199,2,"Covirán Sierra Nevada","Covirán","GRA",1,101,12000,2,8,25,33,58,56,29,37,78,26,7,33,18,13,7,0,5,4,2,18,26,128,0,0,0,10,0,1010,88,0,0,0,0,0,0,0,0,0
1525924,1,"Liga Nacional","Liga Endesa",-402534000,NA,"https://www.acb.com/Documentos/Cabeceras/logo-competicion-1b.png","https://www.acb.com/Documentos/Cabeceras/logo-competicion-4a.png",62,1997,107,NA,NA,1596,9861,NA,NA,TRUE,1198,1198,1463,"Valvi Girona","Valvi Girona","GIR",1199,2,"Covirán Sierra Nevada","Covirán","GRA",1,88,12000,6,21,28.57,28,45,62.22,14,17,82.35,25,7,32,16,4,17,0,4,5,1,26,18,79,0,0,1,0,0,88,101,0,NA,0,0,0,0,0,0,0
1525999,1,"Liga Nacional","Liga Endesa",-402534000,NA,"https://www.acb.com/Documentos/Cabeceras/logo-competicion-1b.png","https://www.acb.com/Documentos/Cabeceras/logo-competicion-4a.png",62,1997,111,NA,NA,1597,9864,NA,NA,TRUE,1197,1197,455,"Adecco Estudiantes","Adecco Estu","EST",1204,863,"TDK Manresa","TDK Manresa","TDK",1,99,12000,10,23,43,27,44,61,15,20,75,24,9,33,16,12,13,0,1,1,5,19,22,115,0,0,0,9,0,891,87,0,0,0,0,0,0,0,0,0
1526000,1,"Liga Nacional","Liga Endesa",-402534000,NA,"https://www.acb.com/Documentos/Cabeceras/logo-competicion-1b.png","https://www.acb.com/Documentos/Cabeceras/logo-competicion-4a.png",62,1997,111,NA,NA,1597,9864,NA,NA,FALSE,1204,1197,455,"Adecco Estudiantes","Adecco Estu","EST",1204,863,"TDK Manresa","TDK Manresa","TDK",1,87,12000,8,21,38.1,22,40,55,19,24,79.17,23,9,32,18,8,16,0,1,1,5,22,19,90,0,0,1,0,0,87,99,0,NA,0,0,0,0,0,0,0
1526023,1,"Liga Nacional","Liga Endesa",-402534000,NA,"https://www.acb.com/Documentos/Cabeceras/logo-competicion-1b.png","https://www.acb.com/Documentos/Cabeceras/logo-competicion-4a.png",62,1997,111,NA,NA,1597,9865,NA,NA,FALSE,1193,1201,618,"Festina Joventut","Festina Jov.","JOV",1193,92,"FC Barcelona Banca Catalana","FC Barcelona","FCB",1,90,12000,13,22,59.09,19,38,50,13,19,68.42,20,9,29,16,5,8,0,2,1,1,24,17,92,0,0,0,1,0,90,89,0,NA,0,0,0,0,0,0,0
1526022,1,"Liga Nacional","Liga Endesa",-402534000,NA,"https://www.acb.com/Documentos/Cabeceras/logo-competicion-1b.png","https://www.acb.com/Documentos/Cabeceras/logo-competicion-4a.png",62,1997,111,NA,NA,1597,9865,NA,NA,TRUE,1201,1201,618,"Festina Joventut","Festina Jov.","JOV",1193,92,"FC Barcelona Banca Catalana","FC Barcelona","FCB",1,89,12000,7,25,28,21,36,58.33,26,29,89.66,21,15,36,12,7,10,0,1,2,2,17,24,104,0,0,1,0,0,89,90,0,NA,0,0,0,0,0,0,0
1525949,1,"Liga Nacional","Liga Endesa",-402534000,NA,"https://www.acb.com/Documentos/Cabeceras/logo-competicion-1b.png","https://www.acb.com/Documentos/Cabeceras/logo-competicion-4a.png",62,1997,111,NA,NA,1597,9862,NA,NA,FALSE,1207,1194,207,"TAU Cerámica","TAU Cerámica","TAU",1207,1046,"Unicaja","Unicaja","UNI",1,84,12000,6,15,40,23,37,62.16,20,27,74.07,17,9,26,11,5,14,0,1,1,3,29,23,76,0,0,1,0,0,84,89,0,NA,0,0,0,0,0,0,0
1525948,1,"Liga Nacional","Liga Endesa",-402534000,NA,"https://www.acb.com/Documentos/Cabeceras/logo-competicion-1b.png","https://www.acb.com/Documentos/Cabeceras/logo-competicion-4a.png",62,1997,111,NA,NA,1597,9862,NA,NA,TRUE,1194,1194,207,"TAU Cerámica","TAU Cerámica","TAU",1207,1046,"Unicaja","Unicaja","UNI",1,89,12000,3,10,30,25,38,65,30,43,69,16,8,24,15,8,10,0,1,1,5,23,29,99,0,0,0,12,0,979,84,0,0,0,0,0,0,0,0,0
1525977,1,"Liga Nacional","Liga Endesa",-402534000,NA,"https://www.acb.com/Documentos/Cabeceras/logo-competicion-1b.png","https://www.acb.com/Documentos/Cabeceras/logo-competicion-4a.png",62,1997,111,NA,NA,1597,9863,NA,NA,FALSE,1206,1203,751,"Real Madrid Teka","Real Madrid","RMB",1206,950,"Pamesa Valencia","Pamesa Valencia","PAM",1,65,12000,7,14,50,12,28,42,20,29,68,16,5,21,5,7,13,0,0,3,0,15,25,60,0,0,11,0,0,715,82,0,0,0,0,0,0,0,0,0
1525976,1,"Liga Nacional","Liga Endesa",-402534000,NA,"https://www.acb.com/Documentos/Cabeceras/logo-competicion-1b.png","https://www.acb.com/Documentos/Cabeceras/logo-competicion-4a.png",62,1997,111,NA,NA,1597,9863,NA,NA,TRUE,1203,1203,751,"Real Madrid Teka","Real Madrid","RMB",1206,950,"Pamesa Valencia","Pamesa Valencia","PAM",1,82,12000,7,11,63,27,47,57,7,13,53,19,9,28,11,9,9,0,3,0,1,25,15,84,0,0,0,12,0,984,65,0,0,0,0,0,0,0,0,0
1526044,1,"Liga Nacional","Liga Endesa",-402534000,NA,"https://www.acb.com/Documentos/Cabeceras/logo-competicion-1b.png","https://www.acb.com/Documentos/Cabeceras/logo-competicion-4a.png",62,1997,111,NA,NA,1598,9866,NA,NA,TRUE,1194,1194,207,"TAU Cerámica","TAU Cerámica","TAU",1207,1046,"Unicaja","Unicaja","UNI",1,67,12000,8,15,53,15,30,50,13,16,81,16,8,24,11,6,11,0,2,2,1,20,18,70,0,0,0,11,0,670,64,0,0,0,0,0,0,0,0,0
1526045,1,"Liga Nacional","Liga Endesa",-402534000,NA,"https://www.acb.com/Documentos/Cabeceras/logo-competicion-1b.png","https://www.acb.com/Documentos/Cabeceras/logo-competicion-4a.png",62,1997,111,NA,NA,1598,9866,NA,NA,FALSE,1207,1194,207,"TAU Cerámica","TAU Cerámica","TAU",1207,1046,"Unicaja","Unicaja","UNI",1,64,12000,4,12,33.33,20,41,48.78,12,18,66.67,14,15,29,5,7,10,0,2,2,3,18,20,62,0,0,1,0,0,64,67,0,NA,0,0,0,0,0,0,0
1526091,1,"Liga Nacional","Liga Endesa",-402534000,NA,"https://www.acb.com/Documentos/Cabeceras/logo-competicion-1b.png","https://www.acb.com/Documentos/Cabeceras/logo-competicion-4a.png",62,1997,111,NA,NA,1598,9868,NA,NA,TRUE,1197,1197,455,"Adecco Estudiantes","Adecco Estu","EST",1204,863,"TDK Manresa","TDK Manresa","TDK",1,85,12000,6,16,37,22,41,53,23,27,85,19,6,25,19,10,12,0,0,4,1,23,23,90,0,0,9,0,0,765,87,0,0,0,0,0,0,0,0,0
1526092,1,"Liga Nacional","Liga Endesa",-402534000,NA,"https://www.acb.com/Documentos/Cabeceras/logo-competicion-1b.png","https://www.acb.com/Documentos/Cabeceras/logo-competicion-4a.png",62,1997,111,NA,NA,1598,9868,NA,NA,FALSE,1204,1197,455,"Adecco Estudiantes","Adecco Estu","EST",1204,863,"TDK Manresa","TDK Manresa","TDK",1,87,12000,6,16,37.5,27,42,64.29,15,20,75,21,7,28,15,7,14,0,4,0,2,23,23,97,0,0,0,1,0,87,85,0,NA,0,0,0,0,0,0,0
1526114,1,"Liga Nacional","Liga Endesa",-402534000,NA,"https://www.acb.com/Documentos/Cabeceras/logo-competicion-1b.png","https://www.acb.com/Documentos/Cabeceras/logo-competicion-4a.png",62,1997,111,NA,NA,1598,9869,NA,NA,TRUE,1201,1201,618,"Festina Joventut","Festina Jov.","JOV",1193,92,"FC Barcelona Banca Catalana","FC Barcelona","FCB",1,89,12000,1,14,7.14,28,43,65.12,30,37,81.08,18,6,24,7,11,7,0,2,2,5,22,30,97,0,0,0,1,0,89,81,0,NA,0,0,0,0,0,0,0
1526115,1,"Liga Nacional","Liga Endesa",-402534000,NA,"https://www.acb.com/Documentos/Cabeceras/logo-competicion-1b.png","https://www.acb.com/Documentos/Cabeceras/logo-competicion-4a.png",62,1997,111,NA,NA,1598,9869,NA,NA,FALSE,1193,1201,618,"Festina Joventut","Festina Jov.","JOV",1193,92,"FC Barcelona Banca Catalana","FC Barcelona","FCB",1,81,12000,1,12,8.33,28,51,54.9,22,30,73.33,25,18,43,11,6,15,0,2,2,5,30,22,76,0,0,1,0,0,81,89,0,NA,0,0,0,0,0,0,0
1526070,1,"Liga Nacional","Liga Endesa",-402534000,NA,"https://www.acb.com/Documentos/Cabeceras/logo-competicion-1b.png","https://www.acb.com/Documentos/Cabeceras/logo-competicion-4a.png",62,1997,111,NA,NA,1598,9867,NA,NA,FALSE,1206,1203,751,"Real Madrid Teka","Real Madrid","RMB",1206,950,"Pamesa Valencia","Pamesa Valencia","PAM",1,62,12000,5,17,29,18,42,42,11,15,73,15,12,27,6,9,5,0,3,1,3,18,15,58,0,0,10,0,0,620,66,0,0,0,0,0,0,0,0,0
1526069,1,"Liga Nacional","Liga Endesa",-402534000,NA,"https://www.acb.com/Documentos/Cabeceras/logo-competicion-1b.png","https://www.acb.com/Documentos/Cabeceras/logo-competicion-4a.png",62,1997,111,NA,NA,1598,9867,NA,NA,TRUE,1203,1203,751,"Real Madrid Teka","Real Madrid","RMB",1206,950,"Pamesa Valencia","Pamesa Valencia","PAM",1,66,12000,6,12,50,19,40,47,10,15,66,26,11,37,9,6,14,0,1,3,1,15,18,73,0,0,0,10,0,660,62,0,0,0,0,0,0,0,0,0
1526165,1,"Liga Nacional","Liga Endesa",-402534000,NA,"https://www.acb.com/Documentos/Cabeceras/logo-competicion-1b.png","https://www.acb.com/Documentos/Cabeceras/logo-competicion-4a.png",62,1997,110,NA,NA,1599,9871,NA,NA,TRUE,1199,1199,2,"Covirán Sierra Nevada","Covirán","GRA",1200,1527,"Ciudad de Huelva","Ciudad Huelva","HUE",1,64,12000,7,25,28,17,41,41,9,18,50,18,17,35,13,10,10,0,2,4,2,21,17,55,0,0,12,0,0,768,71,0,0,0,0,0,0,0,0,0
1526166,1,"Liga Nacional","Liga Endesa",-402534000,NA,"https://www.acb.com/Documentos/Cabeceras/logo-competicion-1b.png","https://www.acb.com/Documentos/Cabeceras/logo-competicion-4a.png",62,1997,110,NA,NA,1599,9871,NA,NA,FALSE,1200,1199,2,"Covirán Sierra Nevada","Covirán","GRA",1200,1527,"Ciudad de Huelva","Ciudad Huelva","HUE",1,71,12000,3,10,30,25,50,50,12,22,54.55,29,17,46,7,9,15,0,4,2,1,17,21,82,0,0,0,1,0,71,64,0,NA,0,0,0,0,0,0,0
1526241,1,"Liga Nacional","Liga Endesa",-402534000,NA,"https://www.acb.com/Documentos/Cabeceras/logo-competicion-1b.png","https://www.acb.com/Documentos/Cabeceras/logo-competicion-4a.png",62,1997,111,NA,NA,1599,9874,NA,NA,FALSE,1197,1204,863,"TDK Manresa","TDK Manresa","TDK",1197,455,"Adecco Estudiantes","Adecco Estu","EST",1,66,12000,8,21,38,15,55,27,12,20,60,19,24,43,10,7,13,0,3,11,3,26,18,36,0,0,11,0,0,726,80,0,0,0,0,0,0,0,0,0
1526240,1,"Liga Nacional","Liga Endesa",-402534000,NA,"https://www.acb.com/Documentos/Cabeceras/logo-competicion-1b.png","https://www.acb.com/Documentos/Cabeceras/logo-competicion-4a.png",62,1997,111,NA,NA,1599,9874,NA,NA,TRUE,1204,1204,863,"TDK Manresa","TDK Manresa","TDK",1197,455,"Adecco Estudiantes","Adecco Estu","EST",1,80,12000,5,14,35.71,25,46,54.35,15,25,60,31,13,44,14,12,14,0,11,3,5,18,26,112,0,0,0,1,0,80,66,0,NA,0,0,0,0,0,0,0
1526193,1,"Liga Nacional","Liga Endesa",-402534000,NA,"https://www.acb.com/Documentos/Cabeceras/logo-competicion-1b.png","https://www.acb.com/Documentos/Cabeceras/logo-competicion-4a.png",62,1997,111,NA,NA,1599,9872,NA,NA,FALSE,1194,1207,1046,"Unicaja","Unicaja","UNI",1194,207,"TAU Cerámica","TAU Cerámica","TAU",1,84,12000,9,17,52,19,28,67,19,26,73,21,5,26,14,5,7,0,1,0,4,23,25,101,0,0,0,14,0,1092,68,0,0,0,0,0,0,0,0,0
1526192,1,"Liga Nacional","Liga Endesa",-402534000,NA,"https://www.acb.com/Documentos/Cabeceras/logo-competicion-1b.png","https://www.acb.com/Documentos/Cabeceras/logo-competicion-4a.png",62,1997,111,NA,NA,1599,9872,NA,NA,TRUE,1207,1207,1046,"Unicaja","Unicaja","UNI",1194,207,"TAU Cerámica","TAU Cerámica","TAU",1,68,12000,5,20,25,17,33,51.52,19,28,67.86,15,11,26,11,7,5,0,0,1,2,25,23,64,0,0,1,0,0,68,84,0,NA,0,0,0,0,0,0,0
1526217,1,"Liga Nacional","Liga Endesa",-402534000,NA,"https://www.acb.com/Documentos/Cabeceras/logo-competicion-1b.png","https://www.acb.com/Documentos/Cabeceras/logo-competicion-4a.png",62,1997,111,NA,NA,1599,9873,NA,NA,FALSE,1203,1206,950,"Pamesa Valencia","Pamesa Valencia","PAM",1203,751,"Real Madrid Teka","Real Madrid","RMB",1,67,12000,5,11,45,18,41,43,16,26,61,24,14,38,8,5,11,0,0,5,2,23,20,60,0,0,9,0,0,603,69,0,0,0,0,0,0,0,0,0
1526216,1,"Liga Nacional","Liga Endesa",-402534000,NA,"https://www.acb.com/Documentos/Cabeceras/logo-competicion-1b.png","https://www.acb.com/Documentos/Cabeceras/logo-competicion-4a.png",62,1997,111,NA,NA,1599,9873,NA,NA,TRUE,1206,1206,950,"Pamesa Valencia","Pamesa Valencia","PAM",1203,751,"Real Madrid Teka","Real Madrid","RMB",1,69,12000,4,19,21,17,34,50,23,28,82,19,9,28,7,4,5,0,5,0,1,20,23,74,0,0,0,10,0,690,67,0,0,0,0,0,0,0,0,0
1526264,1,"Liga Nacional","Liga Endesa",-402534000,NA,"https://www.acb.com/Documentos/Cabeceras/logo-competicion-1b.png","https://www.acb.com/Documentos/Cabeceras/logo-competicion-4a.png",62,1997,111,NA,NA,1599,9875,NA,NA,TRUE,1193,1193,92,"FC Barcelona Banca Catalana","FC Barcelona","FCB",1201,618,"Festina Joventut","Festina Jov.","JOV",1,99,12000,9,12,75,27,46,58.7,18,23,78.26,29,9,38,14,5,12,0,2,3,4,24,20,112,0,0,0,1,0,99,74,0,NA,0,0,0,0,0,0,0
1526265,1,"Liga Nacional","Liga Endesa",-402534000,NA,"https://www.acb.com/Documentos/Cabeceras/logo-competicion-1b.png","https://www.acb.com/Documentos/Cabeceras/logo-competicion-4a.png",62,1997,111,NA,NA,1599,9875,NA,NA,FALSE,1201,1193,92,"FC Barcelona Banca Catalana","FC Barcelona","FCB",1201,618,"Festina Joventut","Festina Jov.","JOV",1,74,12000,7,24,29.17,16,29,55.17,21,30,70,13,4,17,9,5,9,0,3,2,0,20,24,62,0,0,1,0,0,74,99,0,NA,0,0,0,0,0,0,0
1526141,1,"Liga Nacional","Liga Endesa",-402534000,NA,"https://www.acb.com/Documentos/Cabeceras/logo-competicion-1b.png","https://www.acb.com/Documentos/Cabeceras/logo-competicion-4a.png",62,1997,110,NA,NA,1599,9870,NA,NA,FALSE,1205,1195,1369,"Cáceres CB","Cáceres CB","CAC",1205,1719,"Ourense Xacobeo 99","Ourense Xacobeo","OUR",1,61,12000,4,14,28,21,53,39,7,10,70,17,14,31,10,8,8,0,2,4,5,16,12,51,0,0,12,0,0,732,75,0,0,0,0,0,0,0,0,0
1526140,1,"Liga Nacional","Liga Endesa",-402534000,NA,"https://www.acb.com/Documentos/Cabeceras/logo-competicion-1b.png","https://www.acb.com/Documentos/Cabeceras/logo-competicion-4a.png",62,1997,110,NA,NA,1599,9870,NA,NA,TRUE,1195,1195,1369,"Cáceres CB","Cáceres CB","CAC",1205,1719,"Ourense Xacobeo 99","Ourense Xacobeo","OUR",1,75,12000,7,18,38.89,24,41,58.54,6,11,54.55,29,12,41,12,6,15,0,4,2,5,12,16,92,0,0,0,1,0,75,61,0,NA,0,0,0,0,0,0,0
1526367,1,"Liga Nacional","Liga Endesa",-402534000,NA,"https://www.acb.com/Documentos/Cabeceras/logo-competicion-1b.png","https://www.acb.com/Documentos/Cabeceras/logo-competicion-4a.png",62,1997,111,NA,NA,1600,9879,NA,NA,FALSE,1197,1204,863,"TDK Manresa","TDK Manresa","TDK",1197,455,"Adecco Estudiantes","Adecco Estu","EST",1,84,13500,8,19,42,23,49,46,14,20,70,21,13,34,13,10,13,0,10,6,2,25,20,84,0,0,9,0,0,756,94,0,0,0,0,0,0,0,0,0
1526366,1,"Liga Nacional","Liga Endesa",-402534000,NA,"https://www.acb.com/Documentos/Cabeceras/logo-competicion-1b.png","https://www.acb.com/Documentos/Cabeceras/logo-competicion-4a.png",62,1997,111,NA,NA,1600,9879,NA,NA,TRUE,1204,1204,863,"TDK Manresa","TDK Manresa","TDK",1197,455,"Adecco Estudiantes","Adecco Estu","EST",1,94,13500,8,15,53.33,25,48,52.08,20,32,62.5,22,16,38,13,10,15,0,6,10,4,20,25,99,0,0,0,1,0,94,84,0,NA,0,0,0,0,0,0,0
1526389,1,"Liga Nacional","Liga Endesa",-402534000,NA,"https://www.acb.com/Documentos/Cabeceras/logo-competicion-1b.png","https://www.acb.com/Documentos/Cabeceras/logo-competicion-4a.png",62,1997,111,NA,NA,1600,9880,NA,NA,TRUE,1193,1193,92,"FC Barcelona Banca Catalana","FC Barcelona","FCB",1201,618,"Festina Joventut","Festina Jov.","JOV",1,103,12000,9,17,52.94,20,32,62.5,36,46,78.26,25,6,31,14,7,11,0,0,0,2,32,32,114,0,0,0,1,0,103,97,0,NA,0,0,0,0,0,0,0
1526390,1,"Liga Nacional","Liga Endesa",-402534000,NA,"https://www.acb.com/Documentos/Cabeceras/logo-competicion-1b.png","https://www.acb.com/Documentos/Cabeceras/logo-competicion-4a.png",62,1997,111,NA,NA,1600,9880,NA,NA,FALSE,1201,1193,92,"FC Barcelona Banca Catalana","FC Barcelona","FCB",1201,618,"Festina Joventut","Festina Jov.","JOV",1,97,12000,9,18,50,22,42,52.38,26,36,72.22,19,8,27,10,5,12,0,0,0,2,32,32,88,0,0,1,0,0,97,103,0,NA,0,0,0,0,0,0,0
1526314,1,"Liga Nacional","Liga Endesa",-402534000,NA,"https://www.acb.com/Documentos/Cabeceras/logo-competicion-1b.png","https://www.acb.com/Documentos/Cabeceras/logo-competicion-4a.png",62,1997,110,NA,NA,1600,9877,NA,NA,TRUE,1199,1199,2,"Covirán Sierra Nevada","Covirán","GRA",1200,1527,"Ciudad de Huelva","Ciudad Huelva","HUE",1,82,12000,6,13,46,20,38,52,24,30,80,22,9,31,13,6,11,0,0,2,0,22,25,91,0,0,0,10,0,820,78,0,0,0,0,0,0,0,0,0
1526315,1,"Liga Nacional","Liga Endesa",-402534000,NA,"https://www.acb.com/Documentos/Cabeceras/logo-competicion-1b.png","https://www.acb.com/Documentos/Cabeceras/logo-competicion-4a.png",62,1997,110,NA,NA,1600,9877,NA,NA,FALSE,1200,1199,2,"Covirán Sierra Nevada","Covirán","GRA",1200,1527,"Ciudad de Huelva","Ciudad Huelva","HUE",1,78,12000,3,19,15.79,24,43,55.81,21,28,75,19,16,35,9,7,10,0,2,0,0,25,22,76,0,0,1,0,0,78,82,0,NA,0,0,0,0,0,0,0
1526345,1,"Liga Nacional","Liga Endesa",-402534000,NA,"https://www.acb.com/Documentos/Cabeceras/logo-competicion-1b.png","https://www.acb.com/Documentos/Cabeceras/logo-competicion-4a.png",62,1997,111,NA,NA,1600,9878,NA,NA,FALSE,1203,1206,950,"Pamesa Valencia","Pamesa Valencia","PAM",1203,751,"Real Madrid Teka","Real Madrid","RMB",1,83,12000,7,12,58,22,36,61,18,25,72,22,7,29,12,3,11,0,4,4,2,22,19,87,0,0,0,12,0,996,74,0,0,0,0,0,0,0,0,0
1526344,1,"Liga Nacional","Liga Endesa",-402534000,NA,"https://www.acb.com/Documentos/Cabeceras/logo-competicion-1b.png","https://www.acb.com/Documentos/Cabeceras/logo-competicion-4a.png",62,1997,111,NA,NA,1600,9878,NA,NA,TRUE,1206,1206,950,"Pamesa Valencia","Pamesa Valencia","PAM",1203,751,"Real Madrid Teka","Real Madrid","RMB",1,74,12000,5,15,33,21,42,50,17,25,68,14,7,21,8,5,6,0,4,4,1,19,22,66,0,0,12,0,0,888,83,0,0,0,0,0,0,0,0,0
1526292,1,"Liga Nacional","Liga Endesa",-402534000,NA,"https://www.acb.com/Documentos/Cabeceras/logo-competicion-1b.png","https://www.acb.com/Documentos/Cabeceras/logo-competicion-4a.png",62,1997,110,NA,NA,1600,9876,NA,NA,FALSE,1205,1195,1369,"Cáceres CB","Cáceres CB","CAC",1205,1719,"Ourense Xacobeo 99","Ourense Xacobeo","OUR",1,69,12000,3,13,23,20,39,51,20,25,80,11,8,19,5,4,9,0,0,1,0,23,19,49,0,0,12,0,0,828,95,0,0,0,0,0,0,0,0,0
1526291,1,"Liga Nacional","Liga Endesa",-402534000,NA,"https://www.acb.com/Documentos/Cabeceras/logo-competicion-1b.png","https://www.acb.com/Documentos/Cabeceras/logo-competicion-4a.png",62,1997,110,NA,NA,1600,9876,NA,NA,TRUE,1195,1195,1369,"Cáceres CB","Cáceres CB","CAC",1205,1719,"Ourense Xacobeo 99","Ourense Xacobeo","OUR",1,95,12000,8,17,47.06,23,37,62.16,25,35,71.43,24,15,39,18,8,9,0,1,0,2,19,23,123,0,0,0,1,0,95,69,0,NA,0,0,0,0,0,0,0
1526438,1,"Liga Nacional","Liga Endesa",-402534000,NA,"https://www.acb.com/Documentos/Cabeceras/logo-competicion-1b.png","https://www.acb.com/Documentos/Cabeceras/logo-competicion-4a.png",62,1997,110,NA,NA,1601,9882,NA,NA,FALSE,1199,1200,1527,"Ciudad de Huelva","Ciudad Huelva","HUE",1199,2,"Covirán Sierra Nevada","Covirán","GRA",1,82,13500,5,14,35,22,47,46,23,29,79,24,10,34,6,4,8,0,2,2,0,18,27,87,0,0,10,0,0,820,84,0,0,0,0,0,0,0,0,0
1526437,1,"Liga Nacional","Liga Endesa",-402534000,NA,"https://www.acb.com/Documentos/Cabeceras/logo-competicion-1b.png","https://www.acb.com/Documentos/Cabeceras/logo-competicion-4a.png",62,1997,110,NA,NA,1601,9882,NA,NA,TRUE,1200,1200,1527,"Ciudad de Huelva","Ciudad Huelva","HUE",1199,2,"Covirán Sierra Nevada","Covirán","GRA",1,84,13500,9,14,64.29,21,49,42.86,15,21,71.43,28,10,38,13,9,6,0,3,2,3,27,18,91,0,0,0,1,0,84,82,0,NA,0,0,0,0,0,0,0
1526486,1,"Liga Nacional","Liga Endesa",-402534000,NA,"https://www.acb.com/Documentos/Cabeceras/logo-competicion-1b.png","https://www.acb.com/Documentos/Cabeceras/logo-competicion-4a.png",62,1997,111,NA,NA,1601,9884,NA,NA,FALSE,1204,1203,751,"Real Madrid Teka","Real Madrid","RMB",1204,863,"TDK Manresa","TDK Manresa","TDK",1,87,12000,13,23,56.52,17,40,42.5,14,17,82.35,22,11,33,10,7,3,0,1,3,3,13,17,100,0,0,0,1,0,87,67,0,NA,0,0,0,0,0,0,0
1526485,1,"Liga Nacional","Liga Endesa",-402534000,NA,"https://www.acb.com/Documentos/Cabeceras/logo-competicion-1b.png","https://www.acb.com/Documentos/Cabeceras/logo-competicion-4a.png",62,1997,111,NA,NA,1601,9884,NA,NA,TRUE,1203,1203,751,"Real Madrid Teka","Real Madrid","RMB",1204,863,"TDK Manresa","TDK Manresa","TDK",1,67,12000,5,15,33,23,50,46,6,13,46,22,19,41,11,3,10,0,3,1,2,17,13,66,0,0,10,0,0,670,87,0,0,0,0,0,0,0,0,0
1526414,1,"Liga Nacional","Liga Endesa",-402534000,NA,"https://www.acb.com/Documentos/Cabeceras/logo-competicion-1b.png","https://www.acb.com/Documentos/Cabeceras/logo-competicion-4a.png",62,1997,110,NA,NA,1601,9881,NA,NA,TRUE,1205,1205,1719,"Ourense Xacobeo 99","Ourense Xacobeo","OUR",1195,1369,"Cáceres CB","Cáceres CB","CAC",1,98,12000,8,15,53,24,37,64,26,36,72,20,8,28,16,9,13,0,0,1,1,22,28,113,0,0,0,11,0,1078,79,0,0,0,0,0,0,0,0,0
1526415,1,"Liga Nacional","Liga Endesa",-402534000,NA,"https://www.acb.com/Documentos/Cabeceras/logo-competicion-1b.png","https://www.acb.com/Documentos/Cabeceras/logo-competicion-4a.png",62,1997,110,NA,NA,1601,9881,NA,NA,FALSE,1195,1205,1719,"Ourense Xacobeo 99","Ourense Xacobeo","OUR",1195,1369,"Cáceres CB","Cáceres CB","CAC",1,79,12000,7,24,29.17,19,26,73.08,20,26,76.92,16,7,23,8,8,17,0,1,0,4,28,22,66,0,0,1,0,0,79,98,0,NA,0,0,0,0,0,0,0
1526461,1,"Liga Nacional","Liga Endesa",-402534000,NA,"https://www.acb.com/Documentos/Cabeceras/logo-competicion-1b.png","https://www.acb.com/Documentos/Cabeceras/logo-competicion-4a.png",62,1997,111,NA,NA,1601,9883,NA,NA,TRUE,1194,1194,207,"TAU Cerámica","TAU Cerámica","TAU",1193,92,"FC Barcelona Banca Catalana","FC Barcelona","FCB",1,85,12000,7,14,50,22,37,59,20,23,86,17,11,28,14,6,12,0,2,1,6,20,24,101,0,0,0,12,0,935,73,0,0,0,0,0,0,0,0,0
1526462,1,"Liga Nacional","Liga Endesa",-402534000,NA,"https://www.acb.com/Documentos/Cabeceras/logo-competicion-1b.png","https://www.acb.com/Documentos/Cabeceras/logo-competicion-4a.png",62,1997,111,NA,NA,1601,9883,NA,NA,FALSE,1193,1194,207,"TAU Cerámica","TAU Cerámica","TAU",1193,92,"FC Barcelona Banca Catalana","FC Barcelona","FCB",1,73,12000,3,11,27.27,22,40,55,20,23,86.96,11,8,19,7,4,10,0,1,2,2,24,20,59,0,0,1,0,0,73,85,0,NA,0,0,0,0,0,0,0
1526530,1,"Liga Nacional","Liga Endesa",-402534000,NA,"https://www.acb.com/Documentos/Cabeceras/logo-competicion-1b.png","https://www.acb.com/Documentos/Cabeceras/logo-competicion-4a.png",62,1997,110,NA,NA,1602,9886,NA,NA,FALSE,1199,1200,1527,"Ciudad de Huelva","Ciudad Huelva","HUE",1199,2,"Covirán Sierra Nevada","Covirán","GRA",1,69,12000,5,18,27,21,42,50,12,15,80,28,8,36,6,5,7,0,2,1,0,20,18,71,0,0,0,9,0,621,58,0,0,0,0,0,0,0,0,0
1526529,1,"Liga Nacional","Liga Endesa",-402534000,NA,"https://www.acb.com/Documentos/Cabeceras/logo-competicion-1b.png","https://www.acb.com/Documentos/Cabeceras/logo-competicion-4a.png",62,1997,110,NA,NA,1602,9886,NA,NA,TRUE,1200,1200,1527,"Ciudad de Huelva","Ciudad Huelva","HUE",1199,2,"Covirán Sierra Nevada","Covirán","GRA",1,58,12000,3,14,21.43,18,41,43.9,13,25,52,28,10,38,8,5,6,0,1,2,3,18,19,57,0,0,1,0,0,58,69,0,NA,0,0,0,0,0,0,0
1526577,1,"Liga Nacional","Liga Endesa",-402534000,NA,"https://www.acb.com/Documentos/Cabeceras/logo-competicion-1b.png","https://www.acb.com/Documentos/Cabeceras/logo-competicion-4a.png",62,1997,111,NA,NA,1602,9888,NA,NA,TRUE,1203,1203,751,"Real Madrid Teka","Real Madrid","RMB",1204,863,"TDK Manresa","TDK Manresa","TDK",1,77,12000,6,19,31,23,40,57,13,15,86,18,8,26,9,9,7,0,0,5,6,22,17,72,0,0,9,0,0,693,80,0,0,0,0,0,0,0,0,0
1526578,1,"Liga Nacional","Liga Endesa",-402534000,NA,"https://www.acb.com/Documentos/Cabeceras/logo-competicion-1b.png","https://www.acb.com/Documentos/Cabeceras/logo-competicion-4a.png",62,1997,111,NA,NA,1602,9888,NA,NA,FALSE,1204,1203,751,"Real Madrid Teka","Real Madrid","RMB",1204,863,"TDK Manresa","TDK Manresa","TDK",1,80,12000,6,13,46.15,22,38,57.89,18,28,64.29,21,11,32,7,5,12,0,5,0,1,17,22,89,0,0,0,1,0,80,77,0,NA,0,0,0,0,0,0,0
1526508,1,"Liga Nacional","Liga Endesa",-402534000,NA,"https://www.acb.com/Documentos/Cabeceras/logo-competicion-1b.png","https://www.acb.com/Documentos/Cabeceras/logo-competicion-4a.png",62,1997,110,NA,NA,1602,9885,NA,NA,TRUE,1205,1205,1719,"Ourense Xacobeo 99","Ourense Xacobeo","OUR",1195,1369,"Cáceres CB","Cáceres CB","CAC",1,77,12000,8,13,61,21,41,51,11,16,68,13,7,20,9,5,11,0,1,4,0,27,20,60,0,0,10,0,0,770,81,0,0,0,0,0,0,0,0,0
1526509,1,"Liga Nacional","Liga Endesa",-402534000,NA,"https://www.acb.com/Documentos/Cabeceras/logo-competicion-1b.png","https://www.acb.com/Documentos/Cabeceras/logo-competicion-4a.png",62,1997,110,NA,NA,1602,9885,NA,NA,FALSE,1195,1205,1719,"Ourense Xacobeo 99","Ourense Xacobeo","OUR",1195,1369,"Cáceres CB","Cáceres CB","CAC",1,81,12000,3,7,42.86,23,45,51.11,26,38,68.42,20,17,37,7,7,11,0,4,1,0,20,27,93,0,0,0,1,0,81,77,0,NA,0,0,0,0,0,0,0
1526553,1,"Liga Nacional","Liga Endesa",-402534000,NA,"https://www.acb.com/Documentos/Cabeceras/logo-competicion-1b.png","https://www.acb.com/Documentos/Cabeceras/logo-competicion-4a.png",62,1997,111,NA,NA,1602,9887,NA,NA,TRUE,1194,1194,207,"TAU Cerámica","TAU Cerámica","TAU",1193,92,"FC Barcelona Banca Catalana","FC Barcelona","FCB",1,76,12000,7,13,53,18,31,58,19,27,70,18,6,24,14,4,10,0,1,1,5,25,23,79,0,0,0,12,0,836,74,0,0,0,0,0,0,0,0,0
1526554,1,"Liga Nacional","Liga Endesa",-402534000,NA,"https://www.acb.com/Documentos/Cabeceras/logo-competicion-1b.png","https://www.acb.com/Documentos/Cabeceras/logo-competicion-4a.png",62,1997,111,NA,NA,1602,9887,NA,NA,FALSE,1193,1194,207,"TAU Cerámica","TAU Cerámica","TAU",1193,92,"FC Barcelona Banca Catalana","FC Barcelona","FCB",1,74,12000,4,10,40,19,44,43.18,24,29,82.76,15,15,30,6,7,7,0,1,1,0,23,25,76,0,0,1,0,0,74,76,0,NA,0,0,0,0,0,0,0
1526625,1,"Liga Nacional","Liga Endesa",-402534000,NA,"https://www.acb.com/Documentos/Cabeceras/logo-competicion-1b.png","https://www.acb.com/Documentos/Cabeceras/logo-competicion-4a.png",62,1997,111,NA,NA,1603,9890,NA,NA,FALSE,1203,1204,863,"TDK Manresa","TDK Manresa","TDK",1203,751,"Real Madrid Teka","Real Madrid","RMB",1,84,12000,5,20,25,23,40,57,23,25,92,16,14,30,12,6,6,0,0,1,1,25,23,89,0,0,0,10,0,840,79,0,0,0,0,0,0,0,0,0
1526624,1,"Liga Nacional","Liga Endesa",-402534000,NA,"https://www.acb.com/Documentos/Cabeceras/logo-competicion-1b.png","https://www.acb.com/Documentos/Cabeceras/logo-competicion-4a.png",62,1997,111,NA,NA,1603,9890,NA,NA,TRUE,1204,1204,863,"TDK Manresa","TDK Manresa","TDK",1203,751,"Real Madrid Teka","Real Madrid","RMB",1,79,12000,2,16,12.5,25,40,62.5,23,32,71.88,17,18,35,10,4,10,0,1,0,1,23,25,83,0,0,1,0,0,79,84,0,NA,0,0,0,0,0,0,0
1526601,1,"Liga Nacional","Liga Endesa",-402534000,NA,"https://www.acb.com/Documentos/Cabeceras/logo-competicion-1b.png","https://www.acb.com/Documentos/Cabeceras/logo-competicion-4a.png",62,1997,111,NA,NA,1603,9889,NA,NA,FALSE,1194,1193,92,"FC Barcelona Banca Catalana","FC Barcelona","FCB",1194,207,"TAU Cerámica","TAU Cerámica","TAU",1,74,12000,4,18,22,16,30,53,30,35,85,22,8,30,14,5,10,0,2,1,4,19,24,86,0,0,0,11,0,740,72,0,0,0,0,0,0,0,0,0
1526600,1,"Liga Nacional","Liga Endesa",-402534000,NA,"https://www.acb.com/Documentos/Cabeceras/logo-competicion-1b.png","https://www.acb.com/Documentos/Cabeceras/logo-competicion-4a.png",62,1997,111,NA,NA,1603,9889,NA,NA,TRUE,1193,1193,92,"FC Barcelona Banca Catalana","FC Barcelona","FCB",1194,207,"TAU Cerámica","TAU Cerámica","TAU",1,72,12000,3,12,25,24,47,51.06,15,19,78.95,21,11,32,10,9,9,0,1,2,6,24,19,72,0,0,1,0,0,72,74,0,NA,0,0,0,0,0,0,0
1526649,1,"Liga Nacional","Liga Endesa",-402534000,NA,"https://www.acb.com/Documentos/Cabeceras/logo-competicion-1b.png","https://www.acb.com/Documentos/Cabeceras/logo-competicion-4a.png",62,1997,111,NA,NA,1604,9891,NA,NA,TRUE,1204,1204,863,"TDK Manresa","TDK Manresa","TDK",1203,751,"Real Madrid Teka","Real Madrid","RMB",1,95,12000,8,19,42.11,20,37,54.05,31,38,81.58,20,10,30,14,10,9,0,3,2,1,15,31,122,0,0,0,1,0,95,82,0,NA,0,0,0,0,0,0,0
1526650,1,"Liga Nacional","Liga Endesa",-402534000,NA,"https://www.acb.com/Documentos/Cabeceras/logo-competicion-1b.png","https://www.acb.com/Documentos/Cabeceras/logo-competicion-4a.png",62,1997,111,NA,NA,1604,9891,NA,NA,FALSE,1203,1204,863,"TDK Manresa","TDK Manresa","TDK",1203,751,"Real Madrid Teka","Real Madrid","RMB",1,82,12000,7,15,46,25,46,54,11,11,100,18,8,26,9,5,15,0,2,3,2,31,15,61,0,0,10,0,0,820,95,0,0,0,0,0,0,0,0,0
1526673,1,"Liga Nacional","Liga Endesa",-402534000,NA,"https://www.acb.com/Documentos/Cabeceras/logo-competicion-1b.png","https://www.acb.com/Documentos/Cabeceras/logo-competicion-4a.png",62,1997,110,NA,NA,1604,9892,NA,NA,TRUE,1199,1199,2,"Covirán Sierra Nevada","Covirán","GRA",1200,1527,"Ciudad de Huelva","Ciudad Huelva","HUE",1,83,12000,2,12,16,31,51,60,15,24,62,13,20,33,8,10,9,0,1,0,0,32,23,78,0,0,0,11,0,913,81,0,0,0,0,0,0,0,0,0
1526674,1,"Liga Nacional","Liga Endesa",-402534000,NA,"https://www.acb.com/Documentos/Cabeceras/logo-competicion-1b.png","https://www.acb.com/Documentos/Cabeceras/logo-competicion-4a.png",62,1997,110,NA,NA,1604,9892,NA,NA,FALSE,1200,1199,2,"Covirán Sierra Nevada","Covirán","GRA",1200,1527,"Ciudad de Huelva","Ciudad Huelva","HUE",1,81,12000,5,12,41.67,15,34,44.12,36,48,75,13,17,30,12,8,9,0,0,1,2,23,32,92,0,0,1,0,0,81,83,0,NA,0,0,0,0,0,0,0
1526696,1,"Liga Nacional","Liga Endesa",-402534000,NA,"https://www.acb.com/Documentos/Cabeceras/logo-competicion-1b.png","https://www.acb.com/Documentos/Cabeceras/logo-competicion-4a.png",62,1997,111,NA,NA,1605,9893,NA,NA,FALSE,1204,1194,207,"TAU Cerámica","TAU Cerámica","TAU",1204,863,"TDK Manresa","TDK Manresa","TDK",1,95,13500,3,12,25,33,51,64.71,20,21,95.24,20,13,33,11,15,15,0,3,1,1,25,24,112,0,0,0,1,0,95,83,0,NA,0,0,0,0,0,0,0
1526695,1,"Liga Nacional","Liga Endesa",-402534000,NA,"https://www.acb.com/Documentos/Cabeceras/logo-competicion-1b.png","https://www.acb.com/Documentos/Cabeceras/logo-competicion-4a.png",62,1997,111,NA,NA,1605,9893,NA,NA,TRUE,1194,1194,207,"TAU Cerámica","TAU Cerámica","TAU",1204,863,"TDK Manresa","TDK Manresa","TDK",1,83,13500,7,23,30,25,42,59,12,20,60,13,15,28,12,12,17,0,1,3,5,24,25,76,0,0,11,0,0,830,95,0,0,0,0,0,0,0,0,0
1526718,1,"Liga Nacional","Liga Endesa",-402534000,NA,"https://www.acb.com/Documentos/Cabeceras/logo-competicion-1b.png","https://www.acb.com/Documentos/Cabeceras/logo-competicion-4a.png",62,1997,111,NA,NA,1606,9894,NA,NA,TRUE,1194,1194,207,"TAU Cerámica","TAU Cerámica","TAU",1204,863,"TDK Manresa","TDK Manresa","TDK",1,75,12000,7,15,46,20,44,45,14,22,63,29,13,42,11,3,9,0,1,6,6,16,20,81,0,0,0,11,0,750,67,0,0,0,0,0,0,0,0,0
1526719,1,"Liga Nacional","Liga Endesa",-402534000,NA,"https://www.acb.com/Documentos/Cabeceras/logo-competicion-1b.png","https://www.acb.com/Documentos/Cabeceras/logo-competicion-4a.png",62,1997,111,NA,NA,1606,9894,NA,NA,FALSE,1204,1194,207,"TAU Cerámica","TAU Cerámica","TAU",1204,863,"TDK Manresa","TDK Manresa","TDK",1,67,12000,3,13,23.08,24,54,44.44,10,15,66.67,20,12,32,15,9,5,0,6,1,5,20,16,74,0,0,1,0,0,67,75,0,NA,0,0,0,0,0,0,0
1526740,1,"Liga Nacional","Liga Endesa",-402534000,NA,"https://www.acb.com/Documentos/Cabeceras/logo-competicion-1b.png","https://www.acb.com/Documentos/Cabeceras/logo-competicion-4a.png",62,1997,111,NA,NA,1607,9895,NA,NA,FALSE,1194,1204,863,"TDK Manresa","TDK Manresa","TDK",1194,207,"TAU Cerámica","TAU Cerámica","TAU",1,62,12000,7,20,35,15,29,51,11,18,61,18,13,31,11,5,15,0,3,5,1,25,20,53,0,0,10,0,0,558,64,0,0,0,0,0,0,0,0,0
1526739,1,"Liga Nacional","Liga Endesa",-402534000,NA,"https://www.acb.com/Documentos/Cabeceras/logo-competicion-1b.png","https://www.acb.com/Documentos/Cabeceras/logo-competicion-4a.png",62,1997,111,NA,NA,1607,9895,NA,NA,TRUE,1204,1204,863,"TDK Manresa","TDK Manresa","TDK",1194,207,"TAU Cerámica","TAU Cerámica","TAU",1,64,12000,4,11,36.36,15,32,46.88,22,32,68.75,16,12,28,12,9,13,0,5,3,4,20,25,73,0,0,0,1,0,64,62,0,NA,0,0,0,0,0,0,0
1526763,1,"Liga Nacional","Liga Endesa",-402534000,NA,"https://www.acb.com/Documentos/Cabeceras/logo-competicion-1b.png","https://www.acb.com/Documentos/Cabeceras/logo-competicion-4a.png",62,1997,111,NA,NA,1608,9896,NA,NA,FALSE,1194,1204,863,"TDK Manresa","TDK Manresa","TDK",1194,207,"TAU Cerámica","TAU Cerámica","TAU",1,75,12000,7,13,53,19,36,52,16,21,76,16,9,25,11,6,14,0,3,6,3,21,19,70,0,0,11,0,0,750,77,0,0,0,0,0,0,0,0,0
1526762,1,"Liga Nacional","Liga Endesa",-402534000,NA,"https://www.acb.com/Documentos/Cabeceras/logo-competicion-1b.png","https://www.acb.com/Documentos/Cabeceras/logo-competicion-4a.png",62,1997,111,NA,NA,1608,9896,NA,NA,TRUE,1204,1204,863,"TDK Manresa","TDK Manresa","TDK",1194,207,"TAU Cerámica","TAU Cerámica","TAU",1,77,12000,7,11,63.64,19,40,47.5,18,26,69.23,15,11,26,9,10,12,0,6,3,3,19,21,82,0,0,0,1,0,77,75,0,NA,0,0,0,0,0,0,0
1777372,2,"Copa de España","Copa del Rey",-1142812800,NA,"https://static.acb.com/img/d/15/9/27868934009.png","https://static.acb.com/img/d/15/9/27868934009.png",62,1997,103,293,352,269,767,NA,NA,TRUE,510,510,455,"Adecco Estudiantes","Adecco Estu","EST",513,863,"TDK Manresa","TDK Manresa","TDK",1,82,12000,8,18,44,23,46,50,12,21,57,21,10,31,11,10,14,0,3,4,2,25,19,71,0,0,1,0,0,1066,87,0,0,0,0,0,0,0,0,0
1777374,2,"Copa de España","Copa del Rey",-1142812800,NA,"https://static.acb.com/img/d/15/9/27868934009.png","https://static.acb.com/img/d/15/9/27868934009.png",62,1997,103,293,352,269,767,NA,NA,FALSE,513,510,455,"Adecco Estudiantes","Adecco Estu","EST",513,863,"TDK Manresa","TDK Manresa","TDK",1,87,12000,5,6,83,26,51,50,20,32,62,25,11,36,11,11,15,0,4,3,2,19,25,99,0,0,0,1,0,1044,82,0,0,0,0,0,0,0,0,0
1777368,2,"Copa de España","Copa del Rey",-1142812800,NA,"https://static.acb.com/img/d/15/9/27868934009.png","https://static.acb.com/img/d/15/9/27868934009.png",62,1997,103,293,354,269,766,NA,NA,FALSE,508,511,618,"Festina Joventut","Festina Jov.","JOV",508,92,"FC Barcelona Banca Catalana","FC Barcelona","FCB",1,85,12000,10,25,40,18,38,47,19,26,73,27,17,44,11,8,19,0,4,2,1,27,22,84,0,0,1,0,0,935,86,0,0,0,0,0,0,0,0,0
1777370,2,"Copa de España","Copa del Rey",-1142812800,NA,"https://static.acb.com/img/d/15/9/27868934009.png","https://static.acb.com/img/d/15/9/27868934009.png",62,1997,103,293,354,269,766,NA,NA,TRUE,511,511,618,"Festina Joventut","Festina Jov.","JOV",508,92,"FC Barcelona Banca Catalana","FC Barcelona","FCB",1,86,12000,8,20,40,20,40,50,22,32,68,20,7,27,10,14,12,0,2,4,1,22,27,86,0,0,0,1,0,1032,85,0,0,0,0,0,0,0,0,0
1777364,2,"Copa de España","Copa del Rey",-1142812800,NA,"https://static.acb.com/img/d/15/9/27868934009.png","https://static.acb.com/img/d/15/9/27868934009.png",62,1997,103,NA,NA,269,765,NA,NA,FALSE,512,515,1845,"Fórum Valladolid","Fórum Vall.","FOR",512,751,"Real Madrid Teka","Real Madrid","RMB",1,73,12000,4,10,40,22,46,47,17,23,73,23,6,29,10,7,9,0,3,0,1,20,19,76,0,0,1,0,0,876,75,0,0,0,0,0,0,0,0,0
1777366,2,"Copa de España","Copa del Rey",-1142812800,NA,"https://static.acb.com/img/d/15/9/27868934009.png","https://static.acb.com/img/d/15/9/27868934009.png",62,1997,103,NA,NA,269,765,NA,NA,TRUE,515,515,1845,"Fórum Valladolid","Fórum Vall.","FOR",512,751,"Real Madrid Teka","Real Madrid","RMB",1,75,12000,4,11,36,23,45,51,17,22,77,22,5,27,11,5,6,0,0,3,1,19,20,76,0,0,0,1,0,900,73,0,0,0,0,0,0,0,0,0
1777362,2,"Copa de España","Copa del Rey",-1142812800,NA,"https://static.acb.com/img/d/15/9/27868934009.png","https://static.acb.com/img/d/15/9/27868934009.png",62,1997,103,293,351,269,764,NA,NA,FALSE,514,509,207,"TAU Cerámica","TAU Cerámica","TAU",514,950,"Pamesa Valencia","Pamesa Valencia","PAM",1,72,12000,2,4,50,20,45,44,26,37,70,17,10,27,9,10,9,0,6,3,5,12,29,91,0,0,0,1,0,864,64,0,0,0,0,0,0,0,0,0
1777360,2,"Copa de España","Copa del Rey",-1142812800,NA,"https://static.acb.com/img/d/15/9/27868934009.png","https://static.acb.com/img/d/15/9/27868934009.png",62,1997,103,293,351,269,764,NA,NA,TRUE,509,509,207,"TAU Cerámica","TAU Cerámica","TAU",514,950,"Pamesa Valencia","Pamesa Valencia","PAM",1,64,12000,6,25,24,16,27,59,14,17,82,21,11,32,10,3,15,0,3,6,0,29,12,41,0,0,1,0,0,832,72,0,0,0,0,0,0,0,0,0
1777382,2,"Copa de España","Copa del Rey",-1142812800,NA,"https://static.acb.com/img/d/15/9/27868934009.png","https://static.acb.com/img/d/15/9/27868934009.png",62,1997,103,292,302,270,769,NA,NA,TRUE,513,513,863,"TDK Manresa","TDK Manresa","TDK",511,618,"Festina Joventut","Festina Jov.","JOV",1,70,12000,5,16,31,23,50,46,9,17,52,25,10,35,13,8,12,0,5,3,1,22,19,67,0,0,1,0,0,840,82,0,0,0,0,0,0,0,0,0
1777380,2,"Copa de España","Copa del Rey",-1142812800,NA,"https://static.acb.com/img/d/15/9/27868934009.png","https://static.acb.com/img/d/15/9/27868934009.png",62,1997,103,292,302,270,769,NA,NA,FALSE,511,513,863,"TDK Manresa","TDK Manresa","TDK",511,618,"Festina Joventut","Festina Jov.","JOV",1,82,12000,6,16,37,20,49,40,24,31,77,31,16,47,14,10,12,0,3,5,5,19,22,96,0,0,0,1,0,984,70,0,0,0,0,0,0,0,0,0
1777376,2,"Copa de España","Copa del Rey",-1142812800,NA,"https://static.acb.com/img/d/15/9/27868934009.png","https://static.acb.com/img/d/15/9/27868934009.png",62,1997,103,NA,NA,270,768,NA,NA,FALSE,514,515,1845,"Fórum Valladolid","Fórum Vall.","FOR",514,950,"Pamesa Valencia","Pamesa Valencia","PAM",1,78,12000,4,12,33,22,42,52,22,28,78,20,7,27,7,8,6,0,2,2,4,19,21,82,0,0,0,1,0,1014,73,0,0,0,0,0,0,0,0,0
1777378,2,"Copa de España","Copa del Rey",-1142812800,NA,"https://static.acb.com/img/d/15/9/27868934009.png","https://static.acb.com/img/d/15/9/27868934009.png",62,1997,103,NA,NA,270,768,NA,NA,TRUE,515,515,1845,"Fórum Valladolid","Fórum Vall.","FOR",514,950,"Pamesa Valencia","Pamesa Valencia","PAM",1,73,12000,9,26,34,15,24,62,16,21,76,21,5,26,13,4,10,0,2,2,0,21,19,73,0,0,1,0,0,876,78,0,0,0,0,0,0,0,0,0
1777384,2,"Copa de España","Copa del Rey",-1142812800,NA,"https://static.acb.com/img/d/15/9/27868934009.png","https://static.acb.com/img/d/15/9/27868934009.png",62,1997,103,291,301,271,770,NA,NA,FALSE,511,514,950,"Pamesa Valencia","Pamesa Valencia","PAM",511,618,"Festina Joventut","Festina Jov.","JOV",1,75,12000,8,23,34,22,45,48,7,10,70,20,13,33,16,9,13,0,4,3,4,27,15,68,0,0,1,0,0,900,89,0,0,0,0,0,0,0,0,0
1777386,2,"Copa de España","Copa del Rey",-1142812800,NA,"https://static.acb.com/img/d/15/9/27868934009.png","https://static.acb.com/img/d/15/9/27868934009.png",62,1997,103,291,301,271,770,NA,NA,TRUE,514,514,950,"Pamesa Valencia","Pamesa Valencia","PAM",511,618,"Festina Joventut","Festina Jov.","JOV",1,89,12000,6,14,42,20,38,52,31,39,79,24,6,30,8,5,11,0,3,4,3,15,25,96,0,0,0,1,0,1068,75,0,0,0,0,0,0,0,0,0
