"id","id_competition","competition_name","competition_official_name","competition_initial_date","competition_final_date","competition_url_image","competition_url_image_negative","id_edition","edition_year","id_phase","id_subphase","id_round","id_matchweek","id_match","period","id_edition_license_team","is_local","id_team","id_local_team","local_team_id_team_denomination","local_team_team_actual_name","local_team_team_actual_short_name","local_team_team_abbrev_name","id_visitor_team","visitor_team_id_team_denomination","visitor_team_team_actual_name","visitor_team_team_actual_short_name","visitor_team_team_abbrev_name","match_number","points","time_played","3pt_success","3pt_tried","3pt_percentage","2pt_success","2pt_tried","2pt_percentage","1pt_success","1pt_tried","1pt_percentage","defensive_rebound","offensive_rebound","total_rebound","asis","steals","turnovers","counter_attack","blocks","received_blocks","dunks","personal_fouls","received_fouls","val","differential","tournament_number2","defeats","victories","tie","team_score","rival_team_score","timeouts","time_as_leader","leader_changes","maximun_difference","points_after_steal","points_in_the_paint","second_opportinity_points","bench_points","best_streak"
1588052,1,"Liga Nacional","Liga Endesa",-402534000,NA,"https://www.acb.com/Documentos/Cabeceras/logo-competicion-1b.png","https://www.acb.com/Documentos/Cabeceras/logo-competicion-4a.png",55,1990,107,NA,NA,1221,6673,NA,NA,TRUE,1049,1049,1391,"Cajacanarias","Cajacanarias","CAN",1050,441,"Estudiantes Caja Postal","Estudiantes CP","EST",1,74,12000,4,13,30,23,52,44,16,25,64,21,7,28,5,8,10,0,0,0,2,23,1,36,0,0,10,0,0,740,1000,0,0,0,0,0,0,0,0,0
1588053,1,"Liga Nacional","Liga Endesa",-402534000,NA,"https://www.acb.com/Documentos/Cabeceras/logo-competicion-1b.png","https://www.acb.com/Documentos/Cabeceras/logo-competicion-4a.png",55,1990,107,NA,NA,1221,6673,NA,NA,FALSE,1050,1049,1391,"Cajacanarias","Cajacanarias","CAN",1050,441,"Estudiantes Caja Postal","Estudiantes CP","EST",1,100,12000,6,16,37,33,64,51,16,23,69,24,12,36,15,14,12,0,2,0,1,20,3,90,0,0,0,9,0,900,666,0,0,0,0,0,0,0,0,0
1588083,1,"Liga Nacional","Liga Endesa",-402534000,NA,"https://www.acb.com/Documentos/Cabeceras/logo-competicion-1b.png","https://www.acb.com/Documentos/Cabeceras/logo-competicion-4a.png",55,1990,107,NA,NA,1221,6674,NA,NA,FALSE,1051,1066,1832,"Fórum Valladolid","Fórum Vall.","FOR",1051,1453,"Valvi Girona","Valvi Girona","GIR",1,57,12000,2,11,18,17,61,27,17,28,60,17,19,36,4,7,15,0,2,0,0,18,21,30,0,0,11,0,0,627,946,0,0,0,0,0,0,0,0,0
1588082,1,"Liga Nacional","Liga Endesa",-402534000,NA,"https://www.acb.com/Documentos/Cabeceras/logo-competicion-1b.png","https://www.acb.com/Documentos/Cabeceras/logo-competicion-4a.png",55,1990,107,NA,NA,1221,6674,NA,NA,TRUE,1066,1066,1832,"Fórum Valladolid","Fórum Vall.","FOR",1051,1453,"Valvi Girona","Valvi Girona","GIR",1,86,12000,2,8,25,32,54,59,16,23,69,27,10,37,12,12,12,0,3,0,3,20,15,98,0,0,0,11,0,946,627,0,0,0,0,0,0,0,0,0
1588107,1,"Liga Nacional","Liga Endesa",-402534000,NA,"https://www.acb.com/Documentos/Cabeceras/logo-competicion-1b.png","https://www.acb.com/Documentos/Cabeceras/logo-competicion-4a.png",55,1990,107,NA,NA,1221,6675,NA,NA,TRUE,1052,1052,1496,"Grupo IFA Granollers","IFA Granollers","GRN",1065,1107,"Caja San Fernando","C. San Fernando","CSF",1,62,12000,4,14,28.57,22,42,52.38,6,10,60,19,8,27,10,8,19,0,3,0,5,14,15,58,0,0,1,0,0,62,79,0,NA,0,0,0,0,0,0,0
1588108,1,"Liga Nacional","Liga Endesa",-402534000,NA,"https://www.acb.com/Documentos/Cabeceras/logo-competicion-1b.png","https://www.acb.com/Documentos/Cabeceras/logo-competicion-4a.png",55,1990,107,NA,NA,1221,6675,NA,NA,FALSE,1065,1052,1496,"Grupo IFA Granollers","IFA Granollers","GRN",1065,1107,"Caja San Fernando","C. San Fernando","CSF",1,79,12000,3,10,30,28,47,59,14,16,87,23,6,29,6,10,12,0,2,0,0,16,13,83,0,0,0,9,0,711,558,0,0,0,0,0,0,0,0,0
1588183,1,"Liga Nacional","Liga Endesa",-402534000,NA,"https://www.acb.com/Documentos/Cabeceras/logo-competicion-1b.png","https://www.acb.com/Documentos/Cabeceras/logo-competicion-4a.png",55,1990,107,NA,NA,1221,6678,NA,NA,TRUE,1045,1045,79,"FC Barcelona","FC Barcelona","FCB",1057,849,"TDK Manresa","TDK Manresa","MAN",1,89,12000,5,13,38,31,58,53,12,17,70,27,18,45,17,9,14,0,4,0,3,16,18,112,0,0,0,10,0,890,520,0,0,0,0,0,0,0,0,0
1588184,1,"Liga Nacional","Liga Endesa",-402534000,NA,"https://www.acb.com/Documentos/Cabeceras/logo-competicion-1b.png","https://www.acb.com/Documentos/Cabeceras/logo-competicion-4a.png",55,1990,107,NA,NA,1221,6678,NA,NA,FALSE,1057,1045,79,"FC Barcelona","FC Barcelona","FCB",1057,849,"TDK Manresa","TDK Manresa","MAN",1,52,12000,0,8,0,22,50,44,8,17,47.06,19,9,28,3,6,19,0,4,0,0,17,16,28,0,0,1,0,0,52,89,0,NA,0,0,0,0,0,0,0
1587981,1,"Liga Nacional","Liga Endesa",-402534000,NA,"https://www.acb.com/Documentos/Cabeceras/logo-competicion-1b.png","https://www.acb.com/Documentos/Cabeceras/logo-competicion-4a.png",55,1990,107,NA,NA,1221,6670,NA,NA,FALSE,1055,1058,1624,"Mayoral Maristas","May. Maristas","MAY",1055,1592,"Elosúa León","Elosúa León","LEO",1,64,12000,4,17,23,23,47,48,6,14,42,26,5,31,5,14,8,0,1,0,0,22,17,57,0,0,10,0,0,640,720,0,0,0,0,0,0,0,0,0
1587980,1,"Liga Nacional","Liga Endesa",-402534000,NA,"https://www.acb.com/Documentos/Cabeceras/logo-competicion-1b.png","https://www.acb.com/Documentos/Cabeceras/logo-competicion-4a.png",55,1990,107,NA,NA,1221,6670,NA,NA,TRUE,1058,1058,1624,"Mayoral Maristas","May. Maristas","MAY",1055,1592,"Elosúa León","Elosúa León","LEO",1,72,12000,4,13,30,22,48,45,16,20,80,35,7,42,7,9,15,0,3,0,4,18,21,82,0,0,0,10,0,648,576,0,0,0,0,0,0,0,0,0
1588026,1,"Liga Nacional","Liga Endesa",-402534000,NA,"https://www.acb.com/Documentos/Cabeceras/logo-competicion-1b.png","https://www.acb.com/Documentos/Cabeceras/logo-competicion-4a.png",55,1990,107,NA,NA,1221,6672,NA,NA,FALSE,1068,1061,1705,"Caixa Ourense","Caixa Ourense","OUR",1068,1896,"CAI Zaragoza","CAI Zaragoza","CBZ",1,131,12000,5,13,38,45,65,69,26,33,78,30,9,39,24,8,11,0,4,0,3,27,27,160,0,0,0,11,0,1441,1199,0,0,0,0,0,0,0,0,0
1588025,1,"Liga Nacional","Liga Endesa",-402534000,NA,"https://www.acb.com/Documentos/Cabeceras/logo-competicion-1b.png","https://www.acb.com/Documentos/Cabeceras/logo-competicion-4a.png",55,1990,107,NA,NA,1221,6672,NA,NA,TRUE,1061,1061,1705,"Caixa Ourense","Caixa Ourense","OUR",1068,1896,"CAI Zaragoza","CAI Zaragoza","CBZ",1,109,12000,8,18,44.44,33,60,55,19,31,61.29,18,13,31,19,10,8,0,2,0,2,28,24,110,0,0,1,0,0,109,131,0,NA,0,0,0,0,0,0,0
1588136,1,"Liga Nacional","Liga Endesa",-402534000,NA,"https://www.acb.com/Documentos/Cabeceras/logo-competicion-1b.png","https://www.acb.com/Documentos/Cabeceras/logo-competicion-4a.png",55,1990,107,NA,NA,1221,6676,NA,NA,TRUE,1063,1063,939,"Pamesa Valencia","Pamesa Valencia","PAM",1067,1873,"Atlético Madrid Villalba","Atlético Madrid","VIL",1,70,12000,6,14,42,21,50,42,10,19,52,26,12,38,20,5,16,0,3,0,0,26,20,68,0,0,9,0,0,630,639,0,0,0,0,0,0,0,0,0
1588137,1,"Liga Nacional","Liga Endesa",-402534000,NA,"https://www.acb.com/Documentos/Cabeceras/logo-competicion-1b.png","https://www.acb.com/Documentos/Cabeceras/logo-competicion-4a.png",55,1990,107,NA,NA,1221,6676,NA,NA,FALSE,1067,1063,939,"Pamesa Valencia","Pamesa Valencia","PAM",1067,1873,"Atlético Madrid Villalba","Atlético Madrid","VIL",1,71,12000,3,12,25,22,57,38,18,26,69,21,15,36,8,9,14,0,1,0,1,20,25,64,0,0,0,9,0,639,630,0,0,0,0,0,0,0,0,0
1588159,1,"Liga Nacional","Liga Endesa",-402534000,NA,"https://www.acb.com/Documentos/Cabeceras/logo-competicion-1b.png","https://www.acb.com/Documentos/Cabeceras/logo-competicion-4a.png",55,1990,107,NA,NA,1221,6677,NA,NA,FALSE,1064,1048,1343,"Dyc Breogán","Dyc Breogán","BRE",1064,1034,"Caja de Ronda","Caja de Ronda","RON",1,79,12000,5,12,41,25,44,56,14,19,73,17,11,28,12,1,11,0,4,0,2,20,20,82,0,0,8,0,0,632,680,0,0,0,0,0,0,0,0,0
1588158,1,"Liga Nacional","Liga Endesa",-402534000,NA,"https://www.acb.com/Documentos/Cabeceras/logo-competicion-1b.png","https://www.acb.com/Documentos/Cabeceras/logo-competicion-4a.png",55,1990,107,NA,NA,1221,6677,NA,NA,TRUE,1048,1048,1343,"Dyc Breogán","Dyc Breogán","BRE",1064,1034,"Caja de Ronda","Caja de Ronda","RON",1,85,12000,4,10,40,27,61,44,19,25,76,13,15,28,1,6,6,0,3,0,0,21,17,67,0,0,0,8,0,680,632,0,0,0,0,0,0,0,0,0
1588211,1,"Liga Nacional","Liga Endesa",-402534000,NA,"https://www.acb.com/Documentos/Cabeceras/logo-competicion-1b.png","https://www.acb.com/Documentos/Cabeceras/logo-competicion-4a.png",55,1990,107,NA,NA,1221,6679,NA,NA,TRUE,1056,1056,2485,"Real Madrid Otaysa","Real Madrid","RMB",1059,897,"Zumos Júver Murcia","Júver Murcia","MUR",1,80,12000,2,6,33,32,57,56,10,14,71,25,13,38,17,9,17,0,5,0,4,21,16,94,0,0,0,10,0,800,640,0,0,0,0,0,0,0,0,0
1588212,1,"Liga Nacional","Liga Endesa",-402534000,NA,"https://www.acb.com/Documentos/Cabeceras/logo-competicion-1b.png","https://www.acb.com/Documentos/Cabeceras/logo-competicion-4a.png",55,1990,107,NA,NA,1221,6679,NA,NA,FALSE,1059,1056,2485,"Real Madrid Otaysa","Real Madrid","RMB",1059,897,"Zumos Júver Murcia","Júver Murcia","MUR",1,64,12000,4,18,22,18,48,37,16,20,80,14,16,30,11,9,17,0,2,0,1,17,17,51,0,0,10,0,0,640,800,0,0,0,0,0,0,0,0,0
1588237,1,"Liga Nacional","Liga Endesa",-402534000,NA,"https://www.acb.com/Documentos/Cabeceras/logo-competicion-1b.png","https://www.acb.com/Documentos/Cabeceras/logo-competicion-4a.png",55,1990,107,NA,NA,1221,6680,NA,NA,TRUE,1053,1053,1546,"Huesca La Magia","Huesca La Magia","HUE",1046,195,"Taugrés","Taugrés","TAU",1,81,12000,7,16,43,21,44,47,18,25,72,23,13,36,2,3,10,0,3,0,2,23,25,78,0,0,0,9,0,729,657,0,0,0,0,0,0,0,0,0
1588238,1,"Liga Nacional","Liga Endesa",-402534000,NA,"https://www.acb.com/Documentos/Cabeceras/logo-competicion-1b.png","https://www.acb.com/Documentos/Cabeceras/logo-competicion-4a.png",55,1990,107,NA,NA,1221,6680,NA,NA,FALSE,1046,1053,1546,"Huesca La Magia","Huesca La Magia","HUE",1046,195,"Taugrés","Taugrés","TAU",1,73,12000,3,10,30,21,49,42.86,22,30,73.33,21,10,31,7,4,9,0,1,0,1,26,22,60,0,0,1,0,0,73,81,0,NA,0,0,0,0,0,0,0
1588258,1,"Liga Nacional","Liga Endesa",-402534000,NA,"https://www.acb.com/Documentos/Cabeceras/logo-competicion-1b.png","https://www.acb.com/Documentos/Cabeceras/logo-competicion-4a.png",55,1990,107,NA,NA,1221,6681,NA,NA,FALSE,1060,1047,1328,"Cajabilbao","Cajabilbao","BIL",1060,1676,"OAR Ferrol","OAR Ferrol","FER",1,83,12000,2,15,13,32,59,54,13,18,72,19,13,32,17,15,12,0,2,0,3,19,20,93,0,0,10,0,0,747,756,0,0,0,0,0,0,0,0,0
1588257,1,"Liga Nacional","Liga Endesa",-402534000,NA,"https://www.acb.com/Documentos/Cabeceras/logo-competicion-1b.png","https://www.acb.com/Documentos/Cabeceras/logo-competicion-4a.png",55,1990,107,NA,NA,1221,6681,NA,NA,TRUE,1047,1047,1328,"Cajabilbao","Cajabilbao","BIL",1060,1676,"OAR Ferrol","OAR Ferrol","FER",1,84,12000,4,9,44.44,29,51,56.86,14,20,70,18,13,31,18,20,21,0,3,0,4,24,17,95,0,0,0,1,0,84,83,0,NA,0,0,0,0,0,0,0
1588002,1,"Liga Nacional","Liga Endesa",-402534000,NA,"https://www.acb.com/Documentos/Cabeceras/logo-competicion-1b.png","https://www.acb.com/Documentos/Cabeceras/logo-competicion-4a.png",55,1990,107,NA,NA,1221,6671,NA,NA,TRUE,1054,1054,605,"Montigalá Joventut","Mont. Joventut","JOV",1062,1734,"Puleva Granada","Puleva Granada","OXI",1,111,12000,4,9,44.44,45,62,72.58,9,11,81.82,24,11,35,20,14,14,0,3,0,6,22,15,138,0,0,0,1,0,111,64,0,NA,0,0,0,0,0,0,0
1588003,1,"Liga Nacional","Liga Endesa",-402534000,NA,"https://www.acb.com/Documentos/Cabeceras/logo-competicion-1b.png","https://www.acb.com/Documentos/Cabeceras/logo-competicion-4a.png",55,1990,107,NA,NA,1221,6671,NA,NA,FALSE,1062,1054,605,"Montigalá Joventut","Mont. Joventut","JOV",1062,1734,"Puleva Granada","Puleva Granada","OXI",1,64,12000,3,7,42.86,24,53,45.28,7,13,53.85,12,10,22,5,10,19,0,2,0,2,16,20,49,0,0,1,0,0,64,111,0,NA,0,0,0,0,0,0,0
1588339,1,"Liga Nacional","Liga Endesa",-402534000,NA,"https://www.acb.com/Documentos/Cabeceras/logo-competicion-1b.png","https://www.acb.com/Documentos/Cabeceras/logo-competicion-4a.png",55,1990,107,NA,NA,1222,6684,NA,NA,FALSE,1066,1050,441,"Estudiantes Caja Postal","Estudiantes CP","EST",1066,1832,"Fórum Valladolid","Fórum Vall.","FOR",1,67,12000,3,9,33,25,50,50,8,13,61,16,5,21,5,4,14,0,1,0,0,18,10,40,0,0,10,0,0,670,920,0,0,0,0,0,0,0,0,0
1588338,1,"Liga Nacional","Liga Endesa",-402534000,NA,"https://www.acb.com/Documentos/Cabeceras/logo-competicion-1b.png","https://www.acb.com/Documentos/Cabeceras/logo-competicion-4a.png",55,1990,107,NA,NA,1222,6684,NA,NA,TRUE,1050,1050,441,"Estudiantes Caja Postal","Estudiantes CP","EST",1066,1832,"Fórum Valladolid","Fórum Vall.","FOR",1,92,12000,5,9,55,30,52,57,17,24,70,26,13,39,11,10,13,0,5,0,8,12,23,122,0,0,0,11,0,1012,737,0,0,0,0,0,0,0,0,0
1588532,1,"Liga Nacional","Liga Endesa",-402534000,NA,"https://www.acb.com/Documentos/Cabeceras/logo-competicion-1b.png","https://www.acb.com/Documentos/Cabeceras/logo-competicion-4a.png",55,1990,107,NA,NA,1222,6692,NA,NA,TRUE,1064,1064,1034,"Caja de Ronda","Caja de Ronda","RON",1045,79,"FC Barcelona","FC Barcelona","FCB",1,74,13500,6,12,50,22,44,50,12,21,57,18,7,25,8,7,10,0,2,0,1,19,21,71,0,0,8,0,0,592,608,0,0,0,0,0,0,0,0,0
1588533,1,"Liga Nacional","Liga Endesa",-402534000,NA,"https://www.acb.com/Documentos/Cabeceras/logo-competicion-1b.png","https://www.acb.com/Documentos/Cabeceras/logo-competicion-4a.png",55,1990,107,NA,NA,1222,6692,NA,NA,FALSE,1045,1064,1034,"Caja de Ronda","Caja de Ronda","RON",1045,79,"FC Barcelona","FC Barcelona","FCB",1,76,13500,4,20,20,25,42,59,14,18,77,27,12,39,11,12,14,0,0,0,3,25,17,79,0,0,0,9,0,684,666,0,0,0,0,0,0,0,0,0
1588285,1,"Liga Nacional","Liga Endesa",-402534000,NA,"https://www.acb.com/Documentos/Cabeceras/logo-competicion-1b.png","https://www.acb.com/Documentos/Cabeceras/logo-competicion-4a.png",55,1990,107,NA,NA,1222,6682,NA,NA,FALSE,1058,1065,1107,"Caja San Fernando","C. San Fernando","CSF",1058,1624,"Mayoral Maristas","May. Maristas","MAY",1,68,12000,0,13,0,25,48,52.08,18,28,64.29,23,8,31,3,12,13,0,5,0,1,22,21,59,0,0,1,0,0,68,76,0,NA,0,0,0,0,0,0,0
1588284,1,"Liga Nacional","Liga Endesa",-402534000,NA,"https://www.acb.com/Documentos/Cabeceras/logo-competicion-1b.png","https://www.acb.com/Documentos/Cabeceras/logo-competicion-4a.png",55,1990,107,NA,NA,1222,6682,NA,NA,TRUE,1065,1065,1107,"Caja San Fernando","C. San Fernando","CSF",1058,1624,"Mayoral Maristas","May. Maristas","MAY",1,76,12000,3,16,18,27,48,56,13,21,61,30,8,38,9,12,20,0,1,0,1,23,23,74,0,0,0,10,0,760,680,0,0,0,0,0,0,0,0,0
1588308,1,"Liga Nacional","Liga Endesa",-402534000,NA,"https://www.acb.com/Documentos/Cabeceras/logo-competicion-1b.png","https://www.acb.com/Documentos/Cabeceras/logo-competicion-4a.png",55,1990,107,NA,NA,1222,6683,NA,NA,FALSE,1052,1051,1453,"Valvi Girona","Valvi Girona","GIR",1052,1496,"Grupo IFA Granollers","IFA Granollers","GRN",1,58,12000,3,12,25,20,43,46.51,9,12,75,16,6,22,8,10,20,0,2,0,3,9,18,54,0,0,1,0,0,58,80,0,NA,0,0,0,0,0,0,0
1588307,1,"Liga Nacional","Liga Endesa",-402534000,NA,"https://www.acb.com/Documentos/Cabeceras/logo-competicion-1b.png","https://www.acb.com/Documentos/Cabeceras/logo-competicion-4a.png",55,1990,107,NA,NA,1222,6683,NA,NA,TRUE,1051,1051,1453,"Valvi Girona","Valvi Girona","GIR",1052,1496,"Grupo IFA Granollers","IFA Granollers","GRN",1,80,12000,5,11,45,31,52,59,3,3,100,26,10,36,16,10,16,0,2,0,0,18,9,92,0,0,0,9,0,720,522,0,0,0,0,0,0,0,0,0
1588362,1,"Liga Nacional","Liga Endesa",-402534000,NA,"https://www.acb.com/Documentos/Cabeceras/logo-competicion-1b.png","https://www.acb.com/Documentos/Cabeceras/logo-competicion-4a.png",55,1990,107,NA,NA,1222,6685,NA,NA,TRUE,1068,1068,1896,"CAI Zaragoza","CAI Zaragoza","CBZ",1049,1391,"Cajacanarias","Cajacanarias","CAN",1,91,12000,5,13,38.46,28,59,47.46,20,30,66.67,27,17,44,21,14,8,0,5,0,1,22,26,122,0,0,0,1,0,91,55,0,NA,0,0,0,0,0,0,0
1588363,1,"Liga Nacional","Liga Endesa",-402534000,NA,"https://www.acb.com/Documentos/Cabeceras/logo-competicion-1b.png","https://www.acb.com/Documentos/Cabeceras/logo-competicion-4a.png",55,1990,107,NA,NA,1222,6685,NA,NA,FALSE,1049,1068,1896,"CAI Zaragoza","CAI Zaragoza","CBZ",1049,1391,"Cajacanarias","Cajacanarias","CAN",1,55,12000,3,15,20,17,36,47,12,21,57,21,8,29,8,3,19,0,6,0,0,26,23,39,0,0,11,0,0,605,1001,0,0,0,0,0,0,0,0,0
1588408,1,"Liga Nacional","Liga Endesa",-402534000,NA,"https://www.acb.com/Documentos/Cabeceras/logo-competicion-1b.png","https://www.acb.com/Documentos/Cabeceras/logo-competicion-4a.png",55,1990,107,NA,NA,1222,6687,NA,NA,FALSE,1054,1055,1592,"Elosúa León","Elosúa León","LEO",1054,605,"Montigalá Joventut","Mont. Joventut","JOV",1,85,12000,6,15,40,29,54,53.7,9,16,56.25,22,9,31,3,13,15,0,3,0,0,22,15,72,0,0,0,1,0,85,69,0,NA,0,0,0,0,0,0,0
1588407,1,"Liga Nacional","Liga Endesa",-402534000,NA,"https://www.acb.com/Documentos/Cabeceras/logo-competicion-1b.png","https://www.acb.com/Documentos/Cabeceras/logo-competicion-4a.png",55,1990,107,NA,NA,1222,6687,NA,NA,TRUE,1055,1055,1592,"Elosúa León","Elosúa León","LEO",1054,605,"Montigalá Joventut","Mont. Joventut","JOV",1,69,12000,3,18,16,21,44,47,18,25,72,19,12,31,12,11,16,0,3,0,0,19,22,68,0,0,11,0,0,759,935,0,0,0,0,0,0,0,0,0
1588434,1,"Liga Nacional","Liga Endesa",-402534000,NA,"https://www.acb.com/Documentos/Cabeceras/logo-competicion-1b.png","https://www.acb.com/Documentos/Cabeceras/logo-competicion-4a.png",55,1990,107,NA,NA,1222,6688,NA,NA,FALSE,1063,1060,1676,"OAR Ferrol","OAR Ferrol","FER",1063,939,"Pamesa Valencia","Pamesa Valencia","PAM",1,86,13500,5,12,41,27,56,48,17,24,70,29,14,43,25,14,26,0,2,0,0,27,20,94,0,0,10,0,0,860,890,0,0,0,0,0,0,0,0,0
1588433,1,"Liga Nacional","Liga Endesa",-402534000,NA,"https://www.acb.com/Documentos/Cabeceras/logo-competicion-1b.png","https://www.acb.com/Documentos/Cabeceras/logo-competicion-4a.png",55,1990,107,NA,NA,1222,6688,NA,NA,TRUE,1060,1060,1676,"OAR Ferrol","OAR Ferrol","FER",1063,939,"Pamesa Valencia","Pamesa Valencia","PAM",1,89,13500,6,14,42,26,59,44,19,31,61,18,8,26,20,28,16,0,4,0,0,20,27,105,0,0,0,10,0,801,774,0,0,0,0,0,0,0,0,0
1588456,1,"Liga Nacional","Liga Endesa",-402534000,NA,"https://www.acb.com/Documentos/Cabeceras/logo-competicion-1b.png","https://www.acb.com/Documentos/Cabeceras/logo-competicion-4a.png",55,1990,107,NA,NA,1222,6689,NA,NA,FALSE,1047,1046,195,"Taugrés","Taugrés","TAU",1047,1328,"Cajabilbao","Cajabilbao","BIL",1,92,12000,7,12,58.33,24,51,47.06,23,30,76.67,18,7,25,6,7,13,0,1,0,2,20,5,64,0,0,1,0,0,92,107,0,NA,0,0,0,0,0,0,0
1588455,1,"Liga Nacional","Liga Endesa",-402534000,NA,"https://www.acb.com/Documentos/Cabeceras/logo-competicion-1b.png","https://www.acb.com/Documentos/Cabeceras/logo-competicion-4a.png",55,1990,107,NA,NA,1222,6689,NA,NA,TRUE,1046,1046,195,"Taugrés","Taugrés","TAU",1047,1328,"Cajabilbao","Cajabilbao","BIL",1,107,12000,4,13,30.77,37,63,58.73,21,29,72.41,27,17,44,15,11,13,0,1,0,5,25,11,108,0,0,0,1,0,107,92,0,NA,0,0,0,0,0,0,0
1588484,1,"Liga Nacional","Liga Endesa",-402534000,NA,"https://www.acb.com/Documentos/Cabeceras/logo-competicion-1b.png","https://www.acb.com/Documentos/Cabeceras/logo-competicion-4a.png",55,1990,107,NA,NA,1222,6690,NA,NA,TRUE,1059,1059,897,"Zumos Júver Murcia","Júver Murcia","MUR",1053,1546,"Huesca La Magia","Huesca La Magia","HUE",1,77,12000,5,10,50,21,51,41,20,28,71,24,14,38,3,6,14,0,3,0,0,18,22,74,0,0,0,8,0,616,568,0,0,0,0,0,0,0,0,0
1588485,1,"Liga Nacional","Liga Endesa",-402534000,NA,"https://www.acb.com/Documentos/Cabeceras/logo-competicion-1b.png","https://www.acb.com/Documentos/Cabeceras/logo-competicion-4a.png",55,1990,107,NA,NA,1222,6690,NA,NA,FALSE,1053,1059,897,"Zumos Júver Murcia","Júver Murcia","MUR",1053,1546,"Huesca La Magia","Huesca La Magia","HUE",1,71,12000,4,8,50,21,52,40,17,20,85,16,9,25,1,6,12,0,2,0,0,19,14,50,0,0,9,0,0,639,693,0,0,0,0,0,0,0,0,0
1588507,1,"Liga Nacional","Liga Endesa",-402534000,NA,"https://www.acb.com/Documentos/Cabeceras/logo-competicion-1b.png","https://www.acb.com/Documentos/Cabeceras/logo-competicion-4a.png",55,1990,107,NA,NA,1222,6691,NA,NA,FALSE,1056,1057,849,"TDK Manresa","TDK Manresa","MAN",1056,2485,"Real Madrid Otaysa","Real Madrid","RMB",1,76,12000,8,19,42,22,50,44,8,14,57,26,12,38,17,6,9,0,2,0,5,21,21,85,0,0,9,0,0,684,738,0,0,0,0,0,0,0,0,0
1588506,1,"Liga Nacional","Liga Endesa",-402534000,NA,"https://www.acb.com/Documentos/Cabeceras/logo-competicion-1b.png","https://www.acb.com/Documentos/Cabeceras/logo-competicion-4a.png",55,1990,107,NA,NA,1222,6691,NA,NA,TRUE,1057,1057,849,"TDK Manresa","TDK Manresa","MAN",1056,2485,"Real Madrid Otaysa","Real Madrid","RMB",1,82,12000,5,14,35.71,27,51,52.94,13,19,68.42,27,6,33,17,7,10,0,4,0,1,21,21,94,0,0,0,1,0,82,76,0,NA,0,0,0,0,0,0,0
1588557,1,"Liga Nacional","Liga Endesa",-402534000,NA,"https://www.acb.com/Documentos/Cabeceras/logo-competicion-1b.png","https://www.acb.com/Documentos/Cabeceras/logo-competicion-4a.png",55,1990,107,NA,NA,1222,6693,NA,NA,FALSE,1048,1067,1873,"Atlético Madrid Villalba","Atlético Madrid","VIL",1048,1343,"Dyc Breogán","Dyc Breogán","BRE",1,84,12000,4,13,30,28,52,53,16,24,66,24,14,38,10,2,13,0,1,0,0,15,17,83,0,0,0,7,0,588,567,0,0,0,0,0,0,0,0,0
1588556,1,"Liga Nacional","Liga Endesa",-402534000,NA,"https://www.acb.com/Documentos/Cabeceras/logo-competicion-1b.png","https://www.acb.com/Documentos/Cabeceras/logo-competicion-4a.png",55,1990,107,NA,NA,1222,6693,NA,NA,TRUE,1067,1067,1873,"Atlético Madrid Villalba","Atlético Madrid","VIL",1048,1343,"Dyc Breogán","Dyc Breogán","BRE",1,81,12000,5,25,20,30,50,60,6,8,75,20,10,30,8,9,8,0,5,0,1,23,15,75,0,0,9,0,0,729,756,0,0,0,0,0,0,0,0,0
1588383,1,"Liga Nacional","Liga Endesa",-402534000,NA,"https://www.acb.com/Documentos/Cabeceras/logo-competicion-1b.png","https://www.acb.com/Documentos/Cabeceras/logo-competicion-4a.png",55,1990,107,NA,NA,1222,6686,NA,NA,TRUE,1062,1062,1734,"Puleva Granada","Puleva Granada","OXI",1061,1705,"Caixa Ourense","Caixa Ourense","OUR",1,80,12000,4,8,50,28,47,59.57,12,19,63.16,23,4,27,9,13,18,0,1,0,2,17,22,87,0,0,1,0,0,80,83,0,NA,0,0,0,0,0,0,0
1588384,1,"Liga Nacional","Liga Endesa",-402534000,NA,"https://www.acb.com/Documentos/Cabeceras/logo-competicion-1b.png","https://www.acb.com/Documentos/Cabeceras/logo-competicion-4a.png",55,1990,107,NA,NA,1222,6686,NA,NA,FALSE,1061,1062,1734,"Puleva Granada","Puleva Granada","OXI",1061,1705,"Caixa Ourense","Caixa Ourense","OUR",1,83,12000,9,13,69.23,24,51,47.06,8,10,80,11,8,19,5,7,15,0,4,0,2,22,16,64,0,0,0,1,0,83,80,0,NA,0,0,0,0,0,0,0
1588760,1,"Liga Nacional","Liga Endesa",-402534000,NA,"https://www.acb.com/Documentos/Cabeceras/logo-competicion-1b.png","https://www.acb.com/Documentos/Cabeceras/logo-competicion-4a.png",55,1990,107,NA,NA,1223,6701,NA,NA,FALSE,1067,1045,79,"FC Barcelona","FC Barcelona","FCB",1067,1873,"Atlético Madrid Villalba","Atlético Madrid","VIL",1,72,12000,8,17,47,19,57,33,10,17,58,17,7,24,10,10,7,0,1,0,2,21,19,54,0,0,10,0,0,720,99,0,0,0,0,0,0,0,0,0
1588759,1,"Liga Nacional","Liga Endesa",-402534000,NA,"https://www.acb.com/Documentos/Cabeceras/logo-competicion-1b.png","https://www.acb.com/Documentos/Cabeceras/logo-competicion-4a.png",55,1990,107,NA,NA,1223,6701,NA,NA,TRUE,1045,1045,79,"FC Barcelona","FC Barcelona","FCB",1067,1873,"Atlético Madrid Villalba","Atlético Madrid","VIL",1,99,12000,5,15,33,36,62,58,12,21,57,43,18,61,26,5,17,0,3,0,4,19,20,133,0,0,0,10,0,990,72,0,0,0,0,0,0,0,0,0
1588645,1,"Liga Nacional","Liga Endesa",-402534000,NA,"https://www.acb.com/Documentos/Cabeceras/logo-competicion-1b.png","https://www.acb.com/Documentos/Cabeceras/logo-competicion-4a.png",55,1990,107,NA,NA,1223,6697,NA,NA,FALSE,1068,1066,1832,"Fórum Valladolid","Fórum Vall.","FOR",1068,1896,"CAI Zaragoza","CAI Zaragoza","CBZ",1,86,12000,5,13,38.46,24,56,42.86,23,31,74.19,29,18,47,17,4,19,0,1,0,2,27,30,91,0,0,0,1,0,86,83,0,NA,0,0,0,0,0,0,0
1588644,1,"Liga Nacional","Liga Endesa",-402534000,NA,"https://www.acb.com/Documentos/Cabeceras/logo-competicion-1b.png","https://www.acb.com/Documentos/Cabeceras/logo-competicion-4a.png",55,1990,107,NA,NA,1223,6697,NA,NA,TRUE,1066,1066,1832,"Fórum Valladolid","Fórum Vall.","FOR",1068,1896,"CAI Zaragoza","CAI Zaragoza","CBZ",1,83,12000,3,14,21,25,52,48,24,33,72,20,10,30,5,6,13,0,3,0,2,30,24,61,0,0,11,0,0,913,946,0,0,0,0,0,0,0,0,0
1588670,1,"Liga Nacional","Liga Endesa",-402534000,NA,"https://www.acb.com/Documentos/Cabeceras/logo-competicion-1b.png","https://www.acb.com/Documentos/Cabeceras/logo-competicion-4a.png",55,1990,107,NA,NA,1223,6698,NA,NA,FALSE,1050,1052,1496,"Grupo IFA Granollers","IFA Granollers","GRN",1050,441,"Estudiantes Caja Postal","Estudiantes CP","EST",1,87,12000,8,17,47,22,38,57,19,29,65,21,4,25,5,10,12,0,1,0,2,22,26,85,0,0,9,0,0,783,855,0,0,0,0,0,0,0,0,0
1588669,1,"Liga Nacional","Liga Endesa",-402534000,NA,"https://www.acb.com/Documentos/Cabeceras/logo-competicion-1b.png","https://www.acb.com/Documentos/Cabeceras/logo-competicion-4a.png",55,1990,107,NA,NA,1223,6698,NA,NA,TRUE,1052,1052,1496,"Grupo IFA Granollers","IFA Granollers","GRN",1050,441,"Estudiantes Caja Postal","Estudiantes CP","EST",1,95,12000,6,15,40,29,51,56.86,19,27,70.37,24,12,36,2,5,12,0,4,0,1,26,22,87,0,0,0,1,0,95,87,0,NA,0,0,0,0,0,0,0
1588699,1,"Liga Nacional","Liga Endesa",-402534000,NA,"https://www.acb.com/Documentos/Cabeceras/logo-competicion-1b.png","https://www.acb.com/Documentos/Cabeceras/logo-competicion-4a.png",55,1990,107,NA,NA,1223,6699,NA,NA,TRUE,1065,1065,1107,"Caja San Fernando","C. San Fernando","CSF",1051,1453,"Valvi Girona","Valvi Girona","GIR",1,66,12000,10,23,43,14,40,35,8,9,88,24,12,36,7,7,22,0,1,0,2,18,15,52,0,0,10,0,0,660,810,0,0,0,0,0,0,0,0,0
1588700,1,"Liga Nacional","Liga Endesa",-402534000,NA,"https://www.acb.com/Documentos/Cabeceras/logo-competicion-1b.png","https://www.acb.com/Documentos/Cabeceras/logo-competicion-4a.png",55,1990,107,NA,NA,1223,6699,NA,NA,FALSE,1051,1065,1107,"Caja San Fernando","C. San Fernando","CSF",1051,1453,"Valvi Girona","Valvi Girona","GIR",1,81,12000,4,11,36,29,50,58,11,16,68,24,7,31,5,17,13,0,0,0,0,15,18,91,0,0,0,9,0,729,594,0,0,0,0,0,0,0,0,0
1588809,1,"Liga Nacional","Liga Endesa",-402534000,NA,"https://www.acb.com/Documentos/Cabeceras/logo-competicion-1b.png","https://www.acb.com/Documentos/Cabeceras/logo-competicion-4a.png",55,1990,107,NA,NA,1223,6703,NA,NA,TRUE,1053,1053,1546,"Huesca La Magia","Huesca La Magia","HUE",1057,849,"TDK Manresa","TDK Manresa","MAN",1,84,12000,5,13,38,27,54,50,15,20,75,21,14,35,13,5,9,0,3,0,2,22,21,90,0,0,0,10,0,840,740,0,0,0,0,0,0,0,0,0
1588810,1,"Liga Nacional","Liga Endesa",-402534000,NA,"https://www.acb.com/Documentos/Cabeceras/logo-competicion-1b.png","https://www.acb.com/Documentos/Cabeceras/logo-competicion-4a.png",55,1990,107,NA,NA,1223,6703,NA,NA,FALSE,1057,1053,1546,"Huesca La Magia","Huesca La Magia","HUE",1057,849,"TDK Manresa","TDK Manresa","MAN",1,74,12000,4,7,57.14,20,45,44.44,22,29,75.86,22,5,27,9,3,13,0,4,0,1,21,21,69,0,0,1,0,0,74,84,0,NA,0,0,0,0,0,0,0
1588857,1,"Liga Nacional","Liga Endesa",-402534000,NA,"https://www.acb.com/Documentos/Cabeceras/logo-competicion-1b.png","https://www.acb.com/Documentos/Cabeceras/logo-competicion-4a.png",55,1990,107,NA,NA,1223,6705,NA,NA,FALSE,1046,1060,1676,"OAR Ferrol","OAR Ferrol","FER",1046,195,"Taugrés","Taugrés","TAU",1,72,12000,2,9,22.22,32,61,52.46,2,5,40,35,11,46,23,7,14,0,2,0,0,19,18,96,0,0,0,1,0,72,68,0,NA,0,0,0,0,0,0,0
1588856,1,"Liga Nacional","Liga Endesa",-402534000,NA,"https://www.acb.com/Documentos/Cabeceras/logo-competicion-1b.png","https://www.acb.com/Documentos/Cabeceras/logo-competicion-4a.png",55,1990,107,NA,NA,1223,6705,NA,NA,TRUE,1060,1060,1676,"OAR Ferrol","OAR Ferrol","FER",1046,195,"Taugrés","Taugrés","TAU",1,68,12000,5,19,26,21,55,38,11,17,64,23,10,33,9,16,8,0,4,0,0,18,19,69,0,0,10,0,0,612,648,0,0,0,0,0,0,0,0,0
1588600,1,"Liga Nacional","Liga Endesa",-402534000,NA,"https://www.acb.com/Documentos/Cabeceras/logo-competicion-1b.png","https://www.acb.com/Documentos/Cabeceras/logo-competicion-4a.png",55,1990,107,NA,NA,1223,6695,NA,NA,TRUE,1061,1061,1705,"Caixa Ourense","Caixa Ourense","OUR",1055,1592,"Elosúa León","Elosúa León","LEO",1,84,12000,9,20,45,16,44,36,25,31,80,23,17,40,16,14,14,0,2,0,1,26,25,96,0,0,0,10,0,840,790,0,0,0,0,0,0,0,0,0
1588601,1,"Liga Nacional","Liga Endesa",-402534000,NA,"https://www.acb.com/Documentos/Cabeceras/logo-competicion-1b.png","https://www.acb.com/Documentos/Cabeceras/logo-competicion-4a.png",55,1990,107,NA,NA,1223,6695,NA,NA,FALSE,1055,1061,1705,"Caixa Ourense","Caixa Ourense","OUR",1055,1592,"Elosúa León","Elosúa León","LEO",1,79,12000,3,12,25,27,52,51,16,33,48,23,18,41,7,12,15,0,2,0,0,25,25,75,0,0,10,0,0,790,840,0,0,0,0,0,0,0,0,0
1588620,1,"Liga Nacional","Liga Endesa",-402534000,NA,"https://www.acb.com/Documentos/Cabeceras/logo-competicion-1b.png","https://www.acb.com/Documentos/Cabeceras/logo-competicion-4a.png",55,1990,107,NA,NA,1223,6696,NA,NA,FALSE,1062,1049,1391,"Cajacanarias","Cajacanarias","CAN",1062,1734,"Puleva Granada","Puleva Granada","OXI",1,84,12000,2,4,50,34,62,54.84,10,20,50,13,11,24,8,14,10,0,3,0,6,17,0,66,0,0,0,1,0,84,81,0,NA,0,0,0,0,0,0,0
1588619,1,"Liga Nacional","Liga Endesa",-402534000,NA,"https://www.acb.com/Documentos/Cabeceras/logo-competicion-1b.png","https://www.acb.com/Documentos/Cabeceras/logo-competicion-4a.png",55,1990,107,NA,NA,1223,6696,NA,NA,TRUE,1049,1049,1391,"Cajacanarias","Cajacanarias","CAN",1062,1734,"Puleva Granada","Puleva Granada","OXI",1,81,12000,7,18,38,27,45,60,6,11,54,17,9,26,11,3,17,0,2,0,5,18,0,54,0,0,8,0,0,648,672,0,0,0,0,0,0,0,0,0
1588729,1,"Liga Nacional","Liga Endesa",-402534000,NA,"https://www.acb.com/Documentos/Cabeceras/logo-competicion-1b.png","https://www.acb.com/Documentos/Cabeceras/logo-competicion-4a.png",55,1990,107,NA,NA,1223,6700,NA,NA,FALSE,1048,1063,939,"Pamesa Valencia","Pamesa Valencia","PAM",1048,1343,"Dyc Breogán","Dyc Breogán","BRE",1,55,12000,1,4,25,18,52,34,16,25,64,8,11,19,6,8,17,0,2,0,0,17,21,31,0,0,11,0,0,605,1012,0,0,0,0,0,0,0,0,0
1588728,1,"Liga Nacional","Liga Endesa",-402534000,NA,"https://www.acb.com/Documentos/Cabeceras/logo-competicion-1b.png","https://www.acb.com/Documentos/Cabeceras/logo-competicion-4a.png",55,1990,107,NA,NA,1223,6700,NA,NA,TRUE,1063,1063,939,"Pamesa Valencia","Pamesa Valencia","PAM",1048,1343,"Dyc Breogán","Dyc Breogán","BRE",1,92,12000,3,9,33,37,54,68,9,14,64,23,12,35,29,13,17,0,2,0,1,21,17,122,0,0,0,11,0,1012,605,0,0,0,0,0,0,0,0,0
1588578,1,"Liga Nacional","Liga Endesa",-402534000,NA,"https://www.acb.com/Documentos/Cabeceras/logo-competicion-1b.png","https://www.acb.com/Documentos/Cabeceras/logo-competicion-4a.png",55,1990,107,NA,NA,1223,6694,NA,NA,TRUE,1058,1058,1624,"Mayoral Maristas","May. Maristas","MAY",1054,605,"Montigalá Joventut","Mont. Joventut","JOV",1,77,12000,2,8,25,26,57,45.61,19,21,90.48,16,10,26,7,4,15,0,4,0,1,27,20,57,0,0,1,0,0,77,96,0,NA,0,0,0,0,0,0,0
1588579,1,"Liga Nacional","Liga Endesa",-402534000,NA,"https://www.acb.com/Documentos/Cabeceras/logo-competicion-1b.png","https://www.acb.com/Documentos/Cabeceras/logo-competicion-4a.png",55,1990,107,NA,NA,1223,6694,NA,NA,FALSE,1054,1058,1624,"Mayoral Maristas","May. Maristas","MAY",1054,605,"Montigalá Joventut","Mont. Joventut","JOV",1,96,12000,5,11,45.45,29,47,61.7,23,29,79.31,20,7,27,6,6,11,0,1,0,0,19,25,101,0,0,0,1,0,96,77,0,NA,0,0,0,0,0,0,0
1588785,1,"Liga Nacional","Liga Endesa",-402534000,NA,"https://www.acb.com/Documentos/Cabeceras/logo-competicion-1b.png","https://www.acb.com/Documentos/Cabeceras/logo-competicion-4a.png",55,1990,107,NA,NA,1223,6702,NA,NA,FALSE,1064,1056,2485,"Real Madrid Otaysa","Real Madrid","RMB",1064,1034,"Caja de Ronda","Caja de Ronda","RON",1,58,12000,6,14,42,16,48,33,8,10,80,10,7,17,3,8,6,0,0,0,0,10,15,43,0,0,9,0,0,522,729,0,0,0,0,0,0,0,0,0
1588784,1,"Liga Nacional","Liga Endesa",-402534000,NA,"https://www.acb.com/Documentos/Cabeceras/logo-competicion-1b.png","https://www.acb.com/Documentos/Cabeceras/logo-competicion-4a.png",55,1990,107,NA,NA,1223,6702,NA,NA,TRUE,1056,1056,2485,"Real Madrid Otaysa","Real Madrid","RMB",1064,1034,"Caja de Ronda","Caja de Ronda","RON",1,81,12000,7,13,53,30,42,71,0,0,0,27,7,34,25,7,14,0,4,0,4,13,10,116,0,0,0,10,0,810,580,0,0,0,0,0,0,0,0,0
1588835,1,"Liga Nacional","Liga Endesa",-402534000,NA,"https://www.acb.com/Documentos/Cabeceras/logo-competicion-1b.png","https://www.acb.com/Documentos/Cabeceras/logo-competicion-4a.png",55,1990,107,NA,NA,1223,6704,NA,NA,FALSE,1059,1047,1328,"Cajabilbao","Cajabilbao","BIL",1059,897,"Zumos Júver Murcia","Júver Murcia","MUR",1,81,12000,7,16,43,20,51,39,20,30,66,18,16,34,4,11,13,0,1,0,0,18,27,77,0,0,9,0,0,729,810,0,0,0,0,0,0,0,0,0
1588834,1,"Liga Nacional","Liga Endesa",-402534000,NA,"https://www.acb.com/Documentos/Cabeceras/logo-competicion-1b.png","https://www.acb.com/Documentos/Cabeceras/logo-competicion-4a.png",55,1990,107,NA,NA,1223,6704,NA,NA,TRUE,1047,1047,1328,"Cajabilbao","Cajabilbao","BIL",1059,897,"Zumos Júver Murcia","Júver Murcia","MUR",1,90,12000,2,9,22.22,37,61,60.66,10,17,58.82,21,10,31,17,17,14,0,2,0,4,27,18,96,0,0,0,1,0,90,81,0,NA,0,0,0,0,0,0,0
1589033,1,"Liga Nacional","Liga Endesa",-402534000,NA,"https://www.acb.com/Documentos/Cabeceras/logo-competicion-1b.png","https://www.acb.com/Documentos/Cabeceras/logo-competicion-4a.png",55,1990,107,NA,NA,1224,6712,NA,NA,FALSE,1063,1046,195,"Taugrés","Taugrés","TAU",1063,939,"Pamesa Valencia","Pamesa Valencia","PAM",1,61,12000,4,10,40,20,49,40,9,11,81,25,6,31,11,3,16,0,5,0,0,15,16,59,0,0,9,0,0,549,711,0,0,0,0,0,0,0,0,0
1589032,1,"Liga Nacional","Liga Endesa",-402534000,NA,"https://www.acb.com/Documentos/Cabeceras/logo-competicion-1b.png","https://www.acb.com/Documentos/Cabeceras/logo-competicion-4a.png",55,1990,107,NA,NA,1224,6712,NA,NA,TRUE,1046,1046,195,"Taugrés","Taugrés","TAU",1063,939,"Pamesa Valencia","Pamesa Valencia","PAM",1,79,12000,4,15,26.67,31,65,47.69,5,11,45.45,24,18,42,16,14,8,0,2,0,1,17,15,92,0,0,0,1,0,79,61,0,NA,0,0,0,0,0,0,0
1589134,1,"Liga Nacional","Liga Endesa",-402534000,NA,"https://www.acb.com/Documentos/Cabeceras/logo-competicion-1b.png","https://www.acb.com/Documentos/Cabeceras/logo-competicion-4a.png",55,1990,107,NA,NA,1224,6716,NA,NA,FALSE,1056,1067,1873,"Atlético Madrid Villalba","Atlético Madrid","VIL",1056,2485,"Real Madrid Otaysa","Real Madrid","RMB",1,107,13500,8,19,42,26,43,60,31,41,75,32,5,37,8,3,21,0,5,0,4,22,31,110,0,0,0,9,0,963,891,0,0,0,0,0,0,0,0,0
1589133,1,"Liga Nacional","Liga Endesa",-402534000,NA,"https://www.acb.com/Documentos/Cabeceras/logo-competicion-1b.png","https://www.acb.com/Documentos/Cabeceras/logo-competicion-4a.png",55,1990,107,NA,NA,1224,6716,NA,NA,TRUE,1067,1067,1873,"Atlético Madrid Villalba","Atlético Madrid","VIL",1056,2485,"Real Madrid Otaysa","Real Madrid","RMB",1,99,13500,5,15,33,38,85,44,8,16,50,23,22,45,11,19,12,0,2,0,2,35,21,85,0,0,10,0,0,990,1070,0,0,0,0,0,0,0,0,0
1588881,1,"Liga Nacional","Liga Endesa",-402534000,NA,"https://www.acb.com/Documentos/Cabeceras/logo-competicion-1b.png","https://www.acb.com/Documentos/Cabeceras/logo-competicion-4a.png",55,1990,107,NA,NA,1224,6706,NA,NA,FALSE,1058,1051,1453,"Valvi Girona","Valvi Girona","GIR",1058,1624,"Mayoral Maristas","May. Maristas","MAY",1,61,12000,5,14,35,18,41,43,10,13,76,22,3,25,12,6,12,0,4,0,1,14,18,65,0,0,10,0,0,549,576,0,0,0,0,0,0,0,0,0
1588880,1,"Liga Nacional","Liga Endesa",-402534000,NA,"https://www.acb.com/Documentos/Cabeceras/logo-competicion-1b.png","https://www.acb.com/Documentos/Cabeceras/logo-competicion-4a.png",55,1990,107,NA,NA,1224,6706,NA,NA,TRUE,1051,1051,1453,"Valvi Girona","Valvi Girona","GIR",1058,1624,"Mayoral Maristas","May. Maristas","MAY",1,64,12000,1,12,8,29,48,60,3,6,50,25,8,33,17,10,12,0,2,0,0,17,13,77,0,0,0,8,0,512,488,0,0,0,0,0,0,0,0,0
1588932,1,"Liga Nacional","Liga Endesa",-402534000,NA,"https://www.acb.com/Documentos/Cabeceras/logo-competicion-1b.png","https://www.acb.com/Documentos/Cabeceras/logo-competicion-4a.png",55,1990,107,NA,NA,1224,6708,NA,NA,TRUE,1068,1068,1896,"CAI Zaragoza","CAI Zaragoza","CBZ",1052,1496,"Grupo IFA Granollers","IFA Granollers","GRN",1,87,12000,5,14,35.71,28,51,54.9,16,21,76.19,23,15,38,14,7,18,0,2,0,0,22,16,87,0,0,0,1,0,87,76,0,NA,0,0,0,0,0,0,0
1588933,1,"Liga Nacional","Liga Endesa",-402534000,NA,"https://www.acb.com/Documentos/Cabeceras/logo-competicion-1b.png","https://www.acb.com/Documentos/Cabeceras/logo-competicion-4a.png",55,1990,107,NA,NA,1224,6708,NA,NA,FALSE,1052,1068,1896,"CAI Zaragoza","CAI Zaragoza","CBZ",1052,1496,"Grupo IFA Granollers","IFA Granollers","GRN",1,76,12000,3,10,30,27,56,48.21,13,19,68.42,14,11,25,6,9,12,0,4,0,0,25,21,62,0,0,1,0,0,76,87,0,NA,0,0,0,0,0,0,0
1588985,1,"Liga Nacional","Liga Endesa",-402534000,NA,"https://www.acb.com/Documentos/Cabeceras/logo-competicion-1b.png","https://www.acb.com/Documentos/Cabeceras/logo-competicion-4a.png",55,1990,107,NA,NA,1224,6710,NA,NA,FALSE,1049,1055,1592,"Elosúa León","Elosúa León","LEO",1049,1391,"Cajacanarias","Cajacanarias","CAN",1,90,12000,7,13,53,20,44,45,29,38,76,28,12,40,7,10,14,0,3,0,3,24,33,106,0,0,0,11,0,990,825,0,0,0,0,0,0,0,0,0
1588984,1,"Liga Nacional","Liga Endesa",-402534000,NA,"https://www.acb.com/Documentos/Cabeceras/logo-competicion-1b.png","https://www.acb.com/Documentos/Cabeceras/logo-competicion-4a.png",55,1990,107,NA,NA,1224,6710,NA,NA,TRUE,1055,1055,1592,"Elosúa León","Elosúa León","LEO",1049,1391,"Cajacanarias","Cajacanarias","CAN",1,75,12000,5,16,31,23,47,48,14,20,70,17,5,22,6,12,10,0,5,0,0,33,25,61,0,0,10,0,0,750,900,0,0,0,0,0,0,0,0,0
1589059,1,"Liga Nacional","Liga Endesa",-402534000,NA,"https://www.acb.com/Documentos/Cabeceras/logo-competicion-1b.png","https://www.acb.com/Documentos/Cabeceras/logo-competicion-4a.png",55,1990,107,NA,NA,1224,6713,NA,NA,TRUE,1059,1059,897,"Zumos Júver Murcia","Júver Murcia","MUR",1060,1676,"OAR Ferrol","OAR Ferrol","FER",1,102,12000,7,12,58,32,58,55,17,24,70,28,14,42,20,11,10,0,3,0,1,26,20,124,0,0,0,10,0,1020,770,0,0,0,0,0,0,0,0,0
1589060,1,"Liga Nacional","Liga Endesa",-402534000,NA,"https://www.acb.com/Documentos/Cabeceras/logo-competicion-1b.png","https://www.acb.com/Documentos/Cabeceras/logo-competicion-4a.png",55,1990,107,NA,NA,1224,6713,NA,NA,FALSE,1060,1059,897,"Zumos Júver Murcia","Júver Murcia","MUR",1060,1676,"OAR Ferrol","OAR Ferrol","FER",1,77,12000,3,9,33.33,25,55,45.45,18,30,60,18,11,29,5,6,17,0,5,0,1,20,26,63,0,0,1,0,0,77,102,0,NA,0,0,0,0,0,0,0
1589081,1,"Liga Nacional","Liga Endesa",-402534000,NA,"https://www.acb.com/Documentos/Cabeceras/logo-competicion-1b.png","https://www.acb.com/Documentos/Cabeceras/logo-competicion-4a.png",55,1990,107,NA,NA,1224,6714,NA,NA,FALSE,1047,1057,849,"TDK Manresa","TDK Manresa","MAN",1047,1328,"Cajabilbao","Cajabilbao","BIL",1,76,12000,1,8,12,31,64,48,11,16,68,26,12,38,13,12,20,0,2,0,1,24,18,70,0,0,11,0,0,836,979,0,0,0,0,0,0,0,0,0
1589080,1,"Liga Nacional","Liga Endesa",-402534000,NA,"https://www.acb.com/Documentos/Cabeceras/logo-competicion-1b.png","https://www.acb.com/Documentos/Cabeceras/logo-competicion-4a.png",55,1990,107,NA,NA,1224,6714,NA,NA,TRUE,1057,1057,849,"TDK Manresa","TDK Manresa","MAN",1047,1328,"Cajabilbao","Cajabilbao","BIL",1,89,12000,9,16,56.25,21,47,44.68,20,26,76.92,21,9,30,18,13,15,0,8,0,3,20,24,108,0,0,0,1,0,89,76,0,NA,0,0,0,0,0,0,0
1589156,1,"Liga Nacional","Liga Endesa",-402534000,NA,"https://www.acb.com/Documentos/Cabeceras/logo-competicion-1b.png","https://www.acb.com/Documentos/Cabeceras/logo-competicion-4a.png",55,1990,107,NA,NA,1224,6717,NA,NA,TRUE,1048,1048,1343,"Dyc Breogán","Dyc Breogán","BRE",1045,79,"FC Barcelona","FC Barcelona","FCB",1,60,12000,1,10,10,22,51,43,13,21,61,29,10,39,6,6,17,0,2,0,5,16,23,57,0,0,8,0,0,480,616,0,0,0,0,0,0,0,0,0
1589157,1,"Liga Nacional","Liga Endesa",-402534000,NA,"https://www.acb.com/Documentos/Cabeceras/logo-competicion-1b.png","https://www.acb.com/Documentos/Cabeceras/logo-competicion-4a.png",55,1990,107,NA,NA,1224,6717,NA,NA,FALSE,1045,1048,1343,"Dyc Breogán","Dyc Breogán","BRE",1045,79,"FC Barcelona","FC Barcelona","FCB",1,77,12000,9,18,50,21,49,42,8,13,61,22,10,32,12,8,7,0,5,0,3,22,15,78,0,0,0,8,0,616,480,0,0,0,0,0,0,0,0,0
1588912,1,"Liga Nacional","Liga Endesa",-402534000,NA,"https://www.acb.com/Documentos/Cabeceras/logo-competicion-1b.png","https://www.acb.com/Documentos/Cabeceras/logo-competicion-4a.png",55,1990,107,NA,NA,1224,6707,NA,NA,FALSE,1065,1050,441,"Estudiantes Caja Postal","Estudiantes CP","EST",1065,1107,"Caja San Fernando","C. San Fernando","CSF",1,71,12000,3,17,17,26,62,41,10,18,55,19,16,35,11,9,5,0,3,0,0,24,19,61,0,0,10,0,0,710,860,0,0,0,0,0,0,0,0,0
1588911,1,"Liga Nacional","Liga Endesa",-402534000,NA,"https://www.acb.com/Documentos/Cabeceras/logo-competicion-1b.png","https://www.acb.com/Documentos/Cabeceras/logo-competicion-4a.png",55,1990,107,NA,NA,1224,6707,NA,NA,TRUE,1050,1050,441,"Estudiantes Caja Postal","Estudiantes CP","EST",1065,1107,"Caja San Fernando","C. San Fernando","CSF",1,86,12000,6,17,35,24,45,53,20,28,71,34,9,43,13,7,11,0,3,0,2,18,23,106,0,0,0,9,0,774,639,0,0,0,0,0,0,0,0,0
1589008,1,"Liga Nacional","Liga Endesa",-402534000,NA,"https://www.acb.com/Documentos/Cabeceras/logo-competicion-1b.png","https://www.acb.com/Documentos/Cabeceras/logo-competicion-4a.png",55,1990,107,NA,NA,1224,6711,NA,NA,TRUE,1054,1054,605,"Montigalá Joventut","Mont. Joventut","JOV",1061,1705,"Caixa Ourense","Caixa Ourense","OUR",1,112,12000,5,9,55.56,37,61,60.66,23,26,88.46,30,7,37,20,12,14,0,5,0,2,20,22,143,0,0,0,1,0,112,73,0,NA,0,0,0,0,0,0,0
1589009,1,"Liga Nacional","Liga Endesa",-402534000,NA,"https://www.acb.com/Documentos/Cabeceras/logo-competicion-1b.png","https://www.acb.com/Documentos/Cabeceras/logo-competicion-4a.png",55,1990,107,NA,NA,1224,6711,NA,NA,FALSE,1061,1054,605,"Montigalá Joventut","Mont. Joventut","JOV",1061,1705,"Caixa Ourense","Caixa Ourense","OUR",1,73,12000,4,18,22.22,26,59,44.07,9,12,75,16,17,33,8,7,18,0,2,0,1,24,20,51,0,0,1,0,0,73,112,0,NA,0,0,0,0,0,0,0
1588957,1,"Liga Nacional","Liga Endesa",-402534000,NA,"https://www.acb.com/Documentos/Cabeceras/logo-competicion-1b.png","https://www.acb.com/Documentos/Cabeceras/logo-competicion-4a.png",55,1990,107,NA,NA,1224,6709,NA,NA,FALSE,1066,1062,1734,"Puleva Granada","Puleva Granada","OXI",1066,1832,"Fórum Valladolid","Fórum Vall.","FOR",1,85,12000,6,15,40,22,44,50,23,30,76,35,8,43,8,2,15,0,2,0,2,20,24,91,0,0,0,8,0,680,504,0,0,0,0,0,0,0,0,0
1588956,1,"Liga Nacional","Liga Endesa",-402534000,NA,"https://www.acb.com/Documentos/Cabeceras/logo-competicion-1b.png","https://www.acb.com/Documentos/Cabeceras/logo-competicion-4a.png",55,1990,107,NA,NA,1224,6709,NA,NA,TRUE,1062,1062,1734,"Puleva Granada","Puleva Granada","OXI",1066,1832,"Fórum Valladolid","Fórum Vall.","FOR",1,63,12000,1,4,25,24,60,40,12,24,50,21,7,28,6,9,7,0,2,0,4,24,21,47,0,0,1,0,0,63,85,0,NA,0,0,0,0,0,0,0
1589107,1,"Liga Nacional","Liga Endesa",-402534000,NA,"https://www.acb.com/Documentos/Cabeceras/logo-competicion-1b.png","https://www.acb.com/Documentos/Cabeceras/logo-competicion-4a.png",55,1990,107,NA,NA,1224,6715,NA,NA,FALSE,1053,1064,1034,"Caja de Ronda","Caja de Ronda","RON",1053,1546,"Huesca La Magia","Huesca La Magia","HUE",1,59,12000,7,16,43,17,42,40,4,5,80,15,5,20,7,16,12,0,2,0,2,19,11,49,0,0,9,0,0,531,621,0,0,0,0,0,0,0,0,0
1589106,1,"Liga Nacional","Liga Endesa",-402534000,NA,"https://www.acb.com/Documentos/Cabeceras/logo-competicion-1b.png","https://www.acb.com/Documentos/Cabeceras/logo-competicion-4a.png",55,1990,107,NA,NA,1224,6715,NA,NA,TRUE,1064,1064,1034,"Caja de Ronda","Caja de Ronda","RON",1053,1546,"Huesca La Magia","Huesca La Magia","HUE",1,69,12000,4,12,33,24,47,51,9,12,75,22,14,36,12,9,17,0,2,0,0,12,19,84,0,0,0,7,0,483,413,0,0,0,0,0,0,0,0,0
1589282,1,"Liga Nacional","Liga Endesa",-402534000,NA,"https://www.acb.com/Documentos/Cabeceras/logo-competicion-1b.png","https://www.acb.com/Documentos/Cabeceras/logo-competicion-4a.png",55,1990,107,NA,NA,1225,6722,NA,NA,TRUE,1050,1050,441,"Estudiantes Caja Postal","Estudiantes CP","EST",1056,2485,"Real Madrid Otaysa","Real Madrid","RMB",1,87,12000,6,17,35,26,60,43,17,26,65,21,18,39,11,11,10,0,5,0,5,16,23,96,0,0,0,9,0,783,684,0,0,0,0,0,0,0,0,0
1589283,1,"Liga Nacional","Liga Endesa",-402534000,NA,"https://www.acb.com/Documentos/Cabeceras/logo-competicion-1b.png","https://www.acb.com/Documentos/Cabeceras/logo-competicion-4a.png",55,1990,107,NA,NA,1225,6722,NA,NA,FALSE,1056,1050,441,"Estudiantes Caja Postal","Estudiantes CP","EST",1056,2485,"Real Madrid Otaysa","Real Madrid","RMB",1,76,12000,2,9,22.22,30,50,60,10,18,55.56,25,3,28,8,4,18,0,7,0,5,23,16,63,0,0,1,0,0,76,87,0,NA,0,0,0,0,0,0,0
1589211,1,"Liga Nacional","Liga Endesa",-402534000,NA,"https://www.acb.com/Documentos/Cabeceras/logo-competicion-1b.png","https://www.acb.com/Documentos/Cabeceras/logo-competicion-4a.png",55,1990,107,NA,NA,1225,6719,NA,NA,FALSE,1064,1066,1832,"Fórum Valladolid","Fórum Vall.","FOR",1064,1034,"Caja de Ronda","Caja de Ronda","RON",1,67,12000,1,7,14,26,46,56,12,18,66,19,10,29,6,5,17,0,1,0,2,17,19,61,0,0,9,0,0,603,702,0,0,0,0,0,0,0,0,0
1589210,1,"Liga Nacional","Liga Endesa",-402534000,NA,"https://www.acb.com/Documentos/Cabeceras/logo-competicion-1b.png","https://www.acb.com/Documentos/Cabeceras/logo-competicion-4a.png",55,1990,107,NA,NA,1225,6719,NA,NA,TRUE,1066,1066,1832,"Fórum Valladolid","Fórum Vall.","FOR",1064,1034,"Caja de Ronda","Caja de Ronda","RON",1,78,12000,1,10,10,31,51,60,13,15,86,20,3,23,13,9,11,0,0,0,4,19,17,79,0,0,0,11,0,858,737,0,0,0,0,0,0,0,0,0
1589426,1,"Liga Nacional","Liga Endesa",-402534000,NA,"https://www.acb.com/Documentos/Cabeceras/logo-competicion-1b.png","https://www.acb.com/Documentos/Cabeceras/logo-competicion-4a.png",55,1990,107,NA,NA,1225,6728,NA,NA,TRUE,1059,1059,897,"Zumos Júver Murcia","Júver Murcia","MUR",1055,1592,"Elosúa León","Elosúa León","LEO",1,75,12000,3,15,20,25,48,52,16,19,84,23,7,30,11,13,17,0,4,0,1,16,18,80,0,0,8,0,0,600,672,0,0,0,0,0,0,0,0,0
1589427,1,"Liga Nacional","Liga Endesa",-402534000,NA,"https://www.acb.com/Documentos/Cabeceras/logo-competicion-1b.png","https://www.acb.com/Documentos/Cabeceras/logo-competicion-4a.png",55,1990,107,NA,NA,1225,6728,NA,NA,FALSE,1055,1059,897,"Zumos Júver Murcia","Júver Murcia","MUR",1055,1592,"Elosúa León","Elosúa León","LEO",1,84,12000,5,10,50,29,55,52,11,19,57,20,8,28,9,14,14,0,2,0,0,18,16,82,0,0,0,9,0,756,675,0,0,0,0,0,0,0,0,0
1589311,1,"Liga Nacional","Liga Endesa",-402534000,NA,"https://www.acb.com/Documentos/Cabeceras/logo-competicion-1b.png","https://www.acb.com/Documentos/Cabeceras/logo-competicion-4a.png",55,1990,107,NA,NA,1225,6723,NA,NA,FALSE,1067,1052,1496,"Grupo IFA Granollers","IFA Granollers","GRN",1067,1873,"Atlético Madrid Villalba","Atlético Madrid","VIL",1,72,12000,4,20,20,19,49,38,22,31,70,22,17,39,1,3,14,0,3,0,3,22,22,49,0,0,11,0,0,792,924,0,0,0,0,0,0,0,0,0
1589310,1,"Liga Nacional","Liga Endesa",-402534000,NA,"https://www.acb.com/Documentos/Cabeceras/logo-competicion-1b.png","https://www.acb.com/Documentos/Cabeceras/logo-competicion-4a.png",55,1990,107,NA,NA,1225,6723,NA,NA,TRUE,1052,1052,1496,"Grupo IFA Granollers","IFA Granollers","GRN",1067,1873,"Atlético Madrid Villalba","Atlético Madrid","VIL",1,84,12000,2,7,28.57,32,59,54.24,14,20,70,23,9,32,21,9,11,0,6,0,2,23,23,103,0,0,0,1,0,84,72,0,NA,0,0,0,0,0,0,0
1589181,1,"Liga Nacional","Liga Endesa",-402534000,NA,"https://www.acb.com/Documentos/Cabeceras/logo-competicion-1b.png","https://www.acb.com/Documentos/Cabeceras/logo-competicion-4a.png",55,1990,107,NA,NA,1225,6718,NA,NA,TRUE,1065,1065,1107,"Caja San Fernando","C. San Fernando","CSF",1046,195,"Taugrés","Taugrés","TAU",1,90,12000,8,18,44,27,59,45,12,16,75,22,11,33,12,7,8,0,0,0,0,22,17,83,0,0,9,0,0,810,900,0,0,0,0,0,0,0,0,0
1589182,1,"Liga Nacional","Liga Endesa",-402534000,NA,"https://www.acb.com/Documentos/Cabeceras/logo-competicion-1b.png","https://www.acb.com/Documentos/Cabeceras/logo-competicion-4a.png",55,1990,107,NA,NA,1225,6718,NA,NA,FALSE,1046,1065,1107,"Caja San Fernando","C. San Fernando","CSF",1046,195,"Taugrés","Taugrés","TAU",1,100,12000,5,8,62.5,34,63,53.97,17,22,77.27,22,15,37,12,5,8,0,3,0,0,17,22,117,0,0,0,1,0,100,90,0,NA,0,0,0,0,0,0,0
1589256,1,"Liga Nacional","Liga Endesa",-402534000,NA,"https://www.acb.com/Documentos/Cabeceras/logo-competicion-1b.png","https://www.acb.com/Documentos/Cabeceras/logo-competicion-4a.png",55,1990,107,NA,NA,1225,6721,NA,NA,TRUE,1063,1063,939,"Pamesa Valencia","Pamesa Valencia","PAM",1068,1896,"CAI Zaragoza","CAI Zaragoza","CBZ",1,86,12000,3,7,42,32,54,59,13,23,56,19,11,30,23,14,17,0,2,0,2,18,23,107,0,0,0,8,0,688,672,0,0,0,0,0,0,0,0,0
1589257,1,"Liga Nacional","Liga Endesa",-402534000,NA,"https://www.acb.com/Documentos/Cabeceras/logo-competicion-1b.png","https://www.acb.com/Documentos/Cabeceras/logo-competicion-4a.png",55,1990,107,NA,NA,1225,6721,NA,NA,FALSE,1068,1063,939,"Pamesa Valencia","Pamesa Valencia","PAM",1068,1896,"CAI Zaragoza","CAI Zaragoza","CBZ",1,84,12000,10,20,50,21,38,55.26,12,13,92.31,14,4,18,16,8,18,0,3,0,0,23,18,78,0,0,1,0,0,84,86,0,NA,0,0,0,0,0,0,0
1589334,1,"Liga Nacional","Liga Endesa",-402534000,NA,"https://www.acb.com/Documentos/Cabeceras/logo-competicion-1b.png","https://www.acb.com/Documentos/Cabeceras/logo-competicion-4a.png",55,1990,107,NA,NA,1225,6724,NA,NA,TRUE,1060,1060,1676,"OAR Ferrol","OAR Ferrol","FER",1051,1453,"Valvi Girona","Valvi Girona","GIR",1,80,12000,7,14,50,21,44,47,17,23,73,28,8,36,18,11,13,0,3,0,1,22,23,100,0,0,0,10,0,720,648,0,0,0,0,0,0,0,0,0
1589335,1,"Liga Nacional","Liga Endesa",-402534000,NA,"https://www.acb.com/Documentos/Cabeceras/logo-competicion-1b.png","https://www.acb.com/Documentos/Cabeceras/logo-competicion-4a.png",55,1990,107,NA,NA,1225,6724,NA,NA,FALSE,1051,1060,1676,"OAR Ferrol","OAR Ferrol","FER",1051,1453,"Valvi Girona","Valvi Girona","GIR",1,72,12000,4,12,33,23,55,41,14,19,73,19,9,28,22,12,12,0,0,0,2,23,22,76,0,0,8,0,0,576,640,0,0,0,0,0,0,0,0,0
1589358,1,"Liga Nacional","Liga Endesa",-402534000,NA,"https://www.acb.com/Documentos/Cabeceras/logo-competicion-1b.png","https://www.acb.com/Documentos/Cabeceras/logo-competicion-4a.png",55,1990,107,NA,NA,1225,6725,NA,NA,TRUE,1053,1053,1546,"Huesca La Magia","Huesca La Magia","HUE",1062,1734,"Puleva Granada","Puleva Granada","OXI",1,66,12000,2,8,25,27,54,50,6,10,60,18,14,32,7,5,13,0,5,0,2,15,12,62,0,0,9,0,0,594,612,0,0,0,0,0,0,0,0,0
1589359,1,"Liga Nacional","Liga Endesa",-402534000,NA,"https://www.acb.com/Documentos/Cabeceras/logo-competicion-1b.png","https://www.acb.com/Documentos/Cabeceras/logo-competicion-4a.png",55,1990,107,NA,NA,1225,6725,NA,NA,FALSE,1062,1053,1546,"Huesca La Magia","Huesca La Magia","HUE",1062,1734,"Puleva Granada","Puleva Granada","OXI",1,68,12000,1,6,16.67,28,48,58.33,9,15,60,17,7,24,11,6,10,0,5,0,2,12,15,76,0,0,0,1,0,68,66,0,NA,0,0,0,0,0,0,0
1589383,1,"Liga Nacional","Liga Endesa",-402534000,NA,"https://www.acb.com/Documentos/Cabeceras/logo-competicion-1b.png","https://www.acb.com/Documentos/Cabeceras/logo-competicion-4a.png",55,1990,107,NA,NA,1225,6726,NA,NA,FALSE,1048,1061,1705,"Caixa Ourense","Caixa Ourense","OUR",1048,1343,"Dyc Breogán","Dyc Breogán","BRE",1,80,12000,3,8,37,31,67,46,9,13,69,18,20,38,8,22,18,0,0,0,1,24,20,81,0,0,9,0,0,720,819,0,0,0,0,0,0,0,0,0
1589382,1,"Liga Nacional","Liga Endesa",-402534000,NA,"https://www.acb.com/Documentos/Cabeceras/logo-competicion-1b.png","https://www.acb.com/Documentos/Cabeceras/logo-competicion-4a.png",55,1990,107,NA,NA,1225,6726,NA,NA,TRUE,1061,1061,1705,"Caixa Ourense","Caixa Ourense","OUR",1048,1343,"Dyc Breogán","Dyc Breogán","BRE",1,91,12000,6,11,54.55,30,44,68.18,13,19,68.42,24,8,32,19,18,22,0,4,0,5,20,23,120,0,0,0,1,0,91,80,0,NA,0,0,0,0,0,0,0
1589400,1,"Liga Nacional","Liga Endesa",-402534000,NA,"https://www.acb.com/Documentos/Cabeceras/logo-competicion-1b.png","https://www.acb.com/Documentos/Cabeceras/logo-competicion-4a.png",55,1990,107,NA,NA,1225,6727,NA,NA,TRUE,1058,1058,1624,"Mayoral Maristas","May. Maristas","MAY",1057,849,"TDK Manresa","TDK Manresa","MAN",1,68,12000,7,18,38,22,50,44,3,6,50,17,9,26,4,9,7,0,3,0,1,17,18,62,0,0,8,0,0,476,497,0,0,0,0,0,0,0,0,0
1589401,1,"Liga Nacional","Liga Endesa",-402534000,NA,"https://www.acb.com/Documentos/Cabeceras/logo-competicion-1b.png","https://www.acb.com/Documentos/Cabeceras/logo-competicion-4a.png",55,1990,107,NA,NA,1225,6727,NA,NA,FALSE,1057,1058,1624,"Mayoral Maristas","May. Maristas","MAY",1057,849,"TDK Manresa","TDK Manresa","MAN",1,71,12000,2,7,28.57,31,54,57.41,3,6,50,29,11,40,7,8,15,0,4,0,2,18,17,83,0,0,0,1,0,71,68,0,NA,0,0,0,0,0,0,0
1589451,1,"Liga Nacional","Liga Endesa",-402534000,NA,"https://www.acb.com/Documentos/Cabeceras/logo-competicion-1b.png","https://www.acb.com/Documentos/Cabeceras/logo-competicion-4a.png",55,1990,107,NA,NA,1225,6729,NA,NA,TRUE,1047,1047,1328,"Cajabilbao","Cajabilbao","BIL",1049,1391,"Cajacanarias","Cajacanarias","CAN",1,83,12000,3,11,27,26,44,59,22,28,78,14,6,20,11,14,18,0,2,0,1,25,25,80,0,0,10,0,0,830,860,0,0,0,0,0,0,0,0,0
1589452,1,"Liga Nacional","Liga Endesa",-402534000,NA,"https://www.acb.com/Documentos/Cabeceras/logo-competicion-1b.png","https://www.acb.com/Documentos/Cabeceras/logo-competicion-4a.png",55,1990,107,NA,NA,1225,6729,NA,NA,FALSE,1049,1047,1328,"Cajabilbao","Cajabilbao","BIL",1049,1391,"Cajacanarias","Cajacanarias","CAN",1,86,12000,4,12,33,28,57,49,18,23,78,17,16,33,9,13,16,0,4,0,3,25,25,87,0,0,0,10,0,860,830,0,0,0,0,0,0,0,0,0
1589233,1,"Liga Nacional","Liga Endesa",-402534000,NA,"https://www.acb.com/Documentos/Cabeceras/logo-competicion-1b.png","https://www.acb.com/Documentos/Cabeceras/logo-competicion-4a.png",55,1990,107,NA,NA,1225,6720,NA,NA,TRUE,1045,1045,79,"FC Barcelona","FC Barcelona","FCB",1054,605,"Montigalá Joventut","Mont. Joventut","JOV",1,76,12000,4,11,36,25,49,51,14,18,77,23,6,29,13,5,11,0,2,0,4,22,22,79,0,0,9,0,0,684,693,0,0,0,0,0,0,0,0,0
1589234,1,"Liga Nacional","Liga Endesa",-402534000,NA,"https://www.acb.com/Documentos/Cabeceras/logo-competicion-1b.png","https://www.acb.com/Documentos/Cabeceras/logo-competicion-4a.png",55,1990,107,NA,NA,1225,6720,NA,NA,FALSE,1054,1045,79,"FC Barcelona","FC Barcelona","FCB",1054,605,"Montigalá Joventut","Mont. Joventut","JOV",1,77,12000,4,10,40,24,60,40,17,25,68,22,18,40,12,4,9,0,2,0,1,22,22,76,0,0,0,1,0,77,76,0,NA,0,0,0,0,0,0,0
1589554,1,"Liga Nacional","Liga Endesa",-402534000,NA,"https://www.acb.com/Documentos/Cabeceras/logo-competicion-1b.png","https://www.acb.com/Documentos/Cabeceras/logo-competicion-4a.png",55,1990,107,NA,NA,1226,6733,NA,NA,TRUE,1068,1068,1896,"CAI Zaragoza","CAI Zaragoza","CBZ",1045,79,"FC Barcelona","FC Barcelona","FCB",1,75,12000,1,5,20,28,47,59.57,16,24,66.67,20,9,29,12,7,17,0,2,0,5,23,24,78,0,0,0,1,0,75,70,0,NA,0,0,0,0,0,0,0
1589555,1,"Liga Nacional","Liga Endesa",-402534000,NA,"https://www.acb.com/Documentos/Cabeceras/logo-competicion-1b.png","https://www.acb.com/Documentos/Cabeceras/logo-competicion-4a.png",55,1990,107,NA,NA,1226,6733,NA,NA,FALSE,1045,1068,1896,"CAI Zaragoza","CAI Zaragoza","CBZ",1045,79,"FC Barcelona","FC Barcelona","FCB",1,70,12000,2,16,12,25,51,49,14,19,73,18,10,28,6,7,14,0,1,0,1,25,23,51,0,0,9,0,0,630,675,0,0,0,0,0,0,0,0,0
1589723,1,"Liga Nacional","Liga Endesa",-402534000,NA,"https://www.acb.com/Documentos/Cabeceras/logo-competicion-1b.png","https://www.acb.com/Documentos/Cabeceras/logo-competicion-4a.png",55,1990,107,NA,NA,1226,6740,NA,NA,FALSE,1059,1049,1391,"Cajacanarias","Cajacanarias","CAN",1059,897,"Zumos Júver Murcia","Júver Murcia","MUR",1,85,12000,4,12,33,32,53,60,9,10,90,11,8,19,10,10,16,0,0,0,0,18,1,61,0,0,8,0,0,680,712,0,0,0,0,0,0,0,0,0
1589722,1,"Liga Nacional","Liga Endesa",-402534000,NA,"https://www.acb.com/Documentos/Cabeceras/logo-competicion-1b.png","https://www.acb.com/Documentos/Cabeceras/logo-competicion-4a.png",55,1990,107,NA,NA,1226,6740,NA,NA,TRUE,1049,1049,1391,"Cajacanarias","Cajacanarias","CAN",1059,897,"Zumos Júver Murcia","Júver Murcia","MUR",1,89,12000,4,12,33,32,42,76,13,17,76,20,7,27,12,6,22,0,3,0,4,16,4,81,0,0,0,9,0,801,765,0,0,0,0,0,0,0,0,0
1589575,1,"Liga Nacional","Liga Endesa",-402534000,NA,"https://www.acb.com/Documentos/Cabeceras/logo-competicion-1b.png","https://www.acb.com/Documentos/Cabeceras/logo-competicion-4a.png",55,1990,107,NA,NA,1226,6734,NA,NA,TRUE,1056,1056,2485,"Real Madrid Otaysa","Real Madrid","RMB",1052,1496,"Grupo IFA Granollers","IFA Granollers","GRN",1,85,12000,6,16,37,31,54,57,5,8,62,25,9,34,23,6,8,0,9,0,6,14,10,109,0,0,0,9,0,765,729,0,0,0,0,0,0,0,0,0
1589576,1,"Liga Nacional","Liga Endesa",-402534000,NA,"https://www.acb.com/Documentos/Cabeceras/logo-competicion-1b.png","https://www.acb.com/Documentos/Cabeceras/logo-competicion-4a.png",55,1990,107,NA,NA,1226,6734,NA,NA,FALSE,1052,1056,2485,"Real Madrid Otaysa","Real Madrid","RMB",1052,1496,"Grupo IFA Granollers","IFA Granollers","GRN",1,81,12000,8,14,57.14,23,53,43.4,11,15,73.33,23,5,28,17,4,5,0,2,0,3,9,13,91,0,0,1,0,0,81,85,0,NA,0,0,0,0,0,0,0
1589676,1,"Liga Nacional","Liga Endesa",-402534000,NA,"https://www.acb.com/Documentos/Cabeceras/logo-competicion-1b.png","https://www.acb.com/Documentos/Cabeceras/logo-competicion-4a.png",55,1990,107,NA,NA,1226,6738,NA,NA,TRUE,1048,1048,1343,"Dyc Breogán","Dyc Breogán","BRE",1058,1624,"Mayoral Maristas","May. Maristas","MAY",1,78,12000,2,9,22,31,67,46,10,14,71,17,12,29,9,14,17,0,7,0,1,26,15,62,0,0,9,0,0,702,828,0,0,0,0,0,0,0,0,0
1589677,1,"Liga Nacional","Liga Endesa",-402534000,NA,"https://www.acb.com/Documentos/Cabeceras/logo-competicion-1b.png","https://www.acb.com/Documentos/Cabeceras/logo-competicion-4a.png",55,1990,107,NA,NA,1226,6738,NA,NA,FALSE,1058,1048,1343,"Dyc Breogán","Dyc Breogán","BRE",1058,1624,"Mayoral Maristas","May. Maristas","MAY",1,92,12000,3,7,42,30,52,57,23,27,85,21,11,32,9,10,20,0,6,0,7,15,26,110,0,0,0,9,0,736,624,0,0,0,0,0,0,0,0,0
1589507,1,"Liga Nacional","Liga Endesa",-402534000,NA,"https://www.acb.com/Documentos/Cabeceras/logo-competicion-1b.png","https://www.acb.com/Documentos/Cabeceras/logo-competicion-4a.png",55,1990,107,NA,NA,1226,6731,NA,NA,FALSE,1065,1064,1034,"Caja de Ronda","Caja de Ronda","RON",1065,1107,"Caja San Fernando","C. San Fernando","CSF",1,71,12000,5,14,35,21,40,52,14,19,73,16,6,22,11,11,7,0,1,0,2,22,22,76,0,0,10,0,0,710,730,0,0,0,0,0,0,0,0,0
1589506,1,"Liga Nacional","Liga Endesa",-402534000,NA,"https://www.acb.com/Documentos/Cabeceras/logo-competicion-1b.png","https://www.acb.com/Documentos/Cabeceras/logo-competicion-4a.png",55,1990,107,NA,NA,1226,6731,NA,NA,TRUE,1064,1064,1034,"Caja de Ronda","Caja de Ronda","RON",1065,1107,"Caja San Fernando","C. San Fernando","CSF",1,73,12000,5,13,38,23,38,60,12,16,75,18,8,26,16,5,12,0,3,0,1,22,21,83,0,0,0,9,0,657,639,0,0,0,0,0,0,0,0,0
1589698,1,"Liga Nacional","Liga Endesa",-402534000,NA,"https://www.acb.com/Documentos/Cabeceras/logo-competicion-1b.png","https://www.acb.com/Documentos/Cabeceras/logo-competicion-4a.png",55,1990,107,NA,NA,1226,6739,NA,NA,FALSE,1061,1057,849,"TDK Manresa","TDK Manresa","MAN",1061,1705,"Caixa Ourense","Caixa Ourense","OUR",1,87,12000,2,15,13.33,29,50,58,23,31,74.19,27,7,34,13,10,18,0,0,0,2,28,26,82,0,0,0,1,0,87,84,0,NA,0,0,0,0,0,0,0
1589697,1,"Liga Nacional","Liga Endesa",-402534000,NA,"https://www.acb.com/Documentos/Cabeceras/logo-competicion-1b.png","https://www.acb.com/Documentos/Cabeceras/logo-competicion-4a.png",55,1990,107,NA,NA,1226,6739,NA,NA,TRUE,1057,1057,849,"TDK Manresa","TDK Manresa","MAN",1061,1705,"Caixa Ourense","Caixa Ourense","OUR",1,84,12000,3,16,18.75,26,44,59.09,23,30,76.67,24,5,29,16,10,19,0,2,0,1,27,26,83,0,0,1,0,0,84,87,0,NA,0,0,0,0,0,0,0
1589605,1,"Liga Nacional","Liga Endesa",-402534000,NA,"https://www.acb.com/Documentos/Cabeceras/logo-competicion-1b.png","https://www.acb.com/Documentos/Cabeceras/logo-competicion-4a.png",55,1990,107,NA,NA,1226,6735,NA,NA,FALSE,1050,1067,1873,"Atlético Madrid Villalba","Atlético Madrid","VIL",1050,441,"Estudiantes Caja Postal","Estudiantes CP","EST",1,87,12000,8,19,42,24,46,52,15,20,75,23,12,35,3,9,14,0,2,0,2,25,25,84,0,0,9,0,0,783,792,0,0,0,0,0,0,0,0,0
1589604,1,"Liga Nacional","Liga Endesa",-402534000,NA,"https://www.acb.com/Documentos/Cabeceras/logo-competicion-1b.png","https://www.acb.com/Documentos/Cabeceras/logo-competicion-4a.png",55,1990,107,NA,NA,1226,6735,NA,NA,TRUE,1067,1067,1873,"Atlético Madrid Villalba","Atlético Madrid","VIL",1050,441,"Estudiantes Caja Postal","Estudiantes CP","EST",1,88,12000,9,20,45,22,44,50,17,25,68,21,10,31,12,11,12,0,2,0,0,25,25,91,0,0,0,9,0,792,783,0,0,0,0,0,0,0,0,0
1589635,1,"Liga Nacional","Liga Endesa",-402534000,NA,"https://www.acb.com/Documentos/Cabeceras/logo-competicion-1b.png","https://www.acb.com/Documentos/Cabeceras/logo-competicion-4a.png",55,1990,107,NA,NA,1226,6736,NA,NA,FALSE,1053,1051,1453,"Valvi Girona","Valvi Girona","GIR",1053,1546,"Huesca La Magia","Huesca La Magia","HUE",1,89,12000,2,7,28,24,42,57,35,47,74,37,8,45,9,7,14,0,13,0,0,26,32,120,0,0,0,9,0,801,513,0,0,0,0,0,0,0,0,0
1589634,1,"Liga Nacional","Liga Endesa",-402534000,NA,"https://www.acb.com/Documentos/Cabeceras/logo-competicion-1b.png","https://www.acb.com/Documentos/Cabeceras/logo-competicion-4a.png",55,1990,107,NA,NA,1226,6736,NA,NA,TRUE,1051,1051,1453,"Valvi Girona","Valvi Girona","GIR",1053,1546,"Huesca La Magia","Huesca La Magia","HUE",1,57,12000,1,11,9,19,67,28,16,26,61,19,21,40,15,6,11,0,1,0,1,35,25,30,0,0,11,0,0,627,979,0,0,0,0,0,0,0,0,0
1589656,1,"Liga Nacional","Liga Endesa",-402534000,NA,"https://www.acb.com/Documentos/Cabeceras/logo-competicion-1b.png","https://www.acb.com/Documentos/Cabeceras/logo-competicion-4a.png",55,1990,107,NA,NA,1226,6737,NA,NA,FALSE,1060,1062,1734,"Puleva Granada","Puleva Granada","OXI",1060,1676,"OAR Ferrol","OAR Ferrol","FER",1,84,12000,4,13,30.77,25,40,62.5,22,30,73.33,28,4,32,7,3,13,0,1,0,1,18,21,85,0,0,0,1,0,84,76,0,NA,0,0,0,0,0,0,0
1589655,1,"Liga Nacional","Liga Endesa",-402534000,NA,"https://www.acb.com/Documentos/Cabeceras/logo-competicion-1b.png","https://www.acb.com/Documentos/Cabeceras/logo-competicion-4a.png",55,1990,107,NA,NA,1226,6737,NA,NA,TRUE,1062,1062,1734,"Puleva Granada","Puleva Granada","OXI",1060,1676,"OAR Ferrol","OAR Ferrol","FER",1,76,12000,2,6,33.33,31,60,51.67,8,14,57.14,21,8,29,6,11,10,0,1,0,3,21,18,71,0,0,1,0,0,76,84,0,NA,0,0,0,0,0,0,0
1589745,1,"Liga Nacional","Liga Endesa",-402534000,NA,"https://www.acb.com/Documentos/Cabeceras/logo-competicion-1b.png","https://www.acb.com/Documentos/Cabeceras/logo-competicion-4a.png",55,1990,107,NA,NA,1226,6741,NA,NA,TRUE,1055,1055,1592,"Elosúa León","Elosúa León","LEO",1047,1328,"Cajabilbao","Cajabilbao","BIL",1,75,13500,2,10,20,26,59,44,17,24,70,21,16,37,5,17,17,0,1,0,0,20,20,70,0,0,9,0,0,675,702,0,0,0,0,0,0,0,0,0
1589746,1,"Liga Nacional","Liga Endesa",-402534000,NA,"https://www.acb.com/Documentos/Cabeceras/logo-competicion-1b.png","https://www.acb.com/Documentos/Cabeceras/logo-competicion-4a.png",55,1990,107,NA,NA,1226,6741,NA,NA,FALSE,1047,1055,1592,"Elosúa León","Elosúa León","LEO",1047,1328,"Cajabilbao","Cajabilbao","BIL",1,78,13500,7,15,46,27,48,56,3,9,33,24,11,35,12,10,16,0,2,0,2,20,20,86,0,0,0,9,0,702,675,0,0,0,0,0,0,0,0,0
1589531,1,"Liga Nacional","Liga Endesa",-402534000,NA,"https://www.acb.com/Documentos/Cabeceras/logo-competicion-1b.png","https://www.acb.com/Documentos/Cabeceras/logo-competicion-4a.png",55,1990,107,NA,NA,1226,6732,NA,NA,TRUE,1054,1054,605,"Montigalá Joventut","Mont. Joventut","JOV",1063,939,"Pamesa Valencia","Pamesa Valencia","PAM",1,102,12000,7,16,43.75,36,52,69.23,9,12,75,16,8,24,11,11,10,0,3,0,2,21,17,109,0,0,0,1,0,102,76,0,NA,0,0,0,0,0,0,0
1589532,1,"Liga Nacional","Liga Endesa",-402534000,NA,"https://www.acb.com/Documentos/Cabeceras/logo-competicion-1b.png","https://www.acb.com/Documentos/Cabeceras/logo-competicion-4a.png",55,1990,107,NA,NA,1226,6732,NA,NA,FALSE,1063,1054,605,"Montigalá Joventut","Mont. Joventut","JOV",1063,939,"Pamesa Valencia","Pamesa Valencia","PAM",1,76,12000,9,16,56,16,37,43,17,21,80,14,6,20,15,4,22,0,2,0,1,17,21,67,0,0,9,0,0,684,918,0,0,0,0,0,0,0,0,0
1589476,1,"Liga Nacional","Liga Endesa",-402534000,NA,"https://www.acb.com/Documentos/Cabeceras/logo-competicion-1b.png","https://www.acb.com/Documentos/Cabeceras/logo-competicion-4a.png",55,1990,107,NA,NA,1226,6730,NA,NA,TRUE,1046,1046,195,"Taugrés","Taugrés","TAU",1066,1832,"Fórum Valladolid","Fórum Vall.","FOR",1,87,12000,6,13,46.15,28,52,53.85,13,22,59.09,25,7,32,14,11,9,0,1,0,3,21,19,94,0,0,0,1,0,87,79,0,NA,0,0,0,0,0,0,0
1589477,1,"Liga Nacional","Liga Endesa",-402534000,NA,"https://www.acb.com/Documentos/Cabeceras/logo-competicion-1b.png","https://www.acb.com/Documentos/Cabeceras/logo-competicion-4a.png",55,1990,107,NA,NA,1226,6730,NA,NA,FALSE,1066,1046,195,"Taugrés","Taugrés","TAU",1066,1832,"Fórum Valladolid","Fórum Vall.","FOR",1,79,12000,4,14,28,27,51,52,13,18,72,25,9,34,12,8,14,0,2,0,1,19,21,84,0,0,9,0,0,711,783,0,0,0,0,0,0,0,0,0
1589790,1,"Liga Nacional","Liga Endesa",-402534000,NA,"https://www.acb.com/Documentos/Cabeceras/logo-competicion-1b.png","https://www.acb.com/Documentos/Cabeceras/logo-competicion-4a.png",55,1990,107,NA,NA,1227,6743,NA,NA,FALSE,1054,1049,1391,"Cajacanarias","Cajacanarias","CAN",1054,605,"Montigalá Joventut","Mont. Joventut","JOV",1,84,12000,2,11,18.18,30,52,57.69,18,32,56.25,26,15,41,11,9,11,0,2,0,0,20,4,75,0,0,0,1,0,84,76,0,NA,0,0,0,0,0,0,0
1589789,1,"Liga Nacional","Liga Endesa",-402534000,NA,"https://www.acb.com/Documentos/Cabeceras/logo-competicion-1b.png","https://www.acb.com/Documentos/Cabeceras/logo-competicion-4a.png",55,1990,107,NA,NA,1227,6743,NA,NA,TRUE,1049,1049,1391,"Cajacanarias","Cajacanarias","CAN",1054,605,"Montigalá Joventut","Mont. Joventut","JOV",1,76,12000,8,20,40,22,49,44,8,12,66,20,10,30,8,14,16,0,2,0,4,30,3,44,0,0,9,0,0,684,756,0,0,0,0,0,0,0,0,0
1589817,1,"Liga Nacional","Liga Endesa",-402534000,NA,"https://www.acb.com/Documentos/Cabeceras/logo-competicion-1b.png","https://www.acb.com/Documentos/Cabeceras/logo-competicion-4a.png",55,1990,107,NA,NA,1227,6744,NA,NA,FALSE,1055,1066,1832,"Fórum Valladolid","Fórum Vall.","FOR",1055,1592,"Elosúa León","Elosúa León","LEO",1,70,12000,2,11,18,23,51,45,18,24,75,25,8,33,8,7,14,0,3,0,0,24,25,65,0,0,10,0,0,700,730,0,0,0,0,0,0,0,0,0
1589816,1,"Liga Nacional","Liga Endesa",-402534000,NA,"https://www.acb.com/Documentos/Cabeceras/logo-competicion-1b.png","https://www.acb.com/Documentos/Cabeceras/logo-competicion-4a.png",55,1990,107,NA,NA,1227,6744,NA,NA,TRUE,1066,1066,1832,"Fórum Valladolid","Fórum Vall.","FOR",1055,1592,"Elosúa León","Elosúa León","LEO",1,73,12000,4,11,36,25,53,47,11,19,57,25,12,37,15,6,15,0,2,0,1,25,23,73,0,0,0,9,0,657,630,0,0,0,0,0,0,0,0,0
1589768,1,"Liga Nacional","Liga Endesa",-402534000,NA,"https://www.acb.com/Documentos/Cabeceras/logo-competicion-1b.png","https://www.acb.com/Documentos/Cabeceras/logo-competicion-4a.png",55,1990,107,NA,NA,1227,6742,NA,NA,TRUE,1058,1058,1624,"Mayoral Maristas","May. Maristas","MAY",1061,1705,"Caixa Ourense","Caixa Ourense","OUR",1,94,12000,3,8,37,32,55,58,21,30,70,32,6,38,7,8,15,0,2,0,6,26,26,97,0,0,0,11,0,940,610,0,0,0,0,0,0,0,0,0
1589769,1,"Liga Nacional","Liga Endesa",-402534000,NA,"https://www.acb.com/Documentos/Cabeceras/logo-competicion-1b.png","https://www.acb.com/Documentos/Cabeceras/logo-competicion-4a.png",55,1990,107,NA,NA,1227,6742,NA,NA,FALSE,1061,1058,1624,"Mayoral Maristas","May. Maristas","MAY",1061,1705,"Caixa Ourense","Caixa Ourense","OUR",1,61,12000,3,12,25,17,53,32.08,18,29,62.07,19,8,27,5,13,16,0,2,0,1,27,27,36,0,0,1,0,0,61,94,0,NA,0,0,0,0,0,0,0
1589835,1,"Liga Nacional","Liga Endesa",-402534000,NA,"https://www.acb.com/Documentos/Cabeceras/logo-competicion-1b.png","https://www.acb.com/Documentos/Cabeceras/logo-competicion-4a.png",55,1990,107,NA,NA,1227,6745,NA,NA,TRUE,1052,1052,1496,"Grupo IFA Granollers","IFA Granollers","GRN",1062,1734,"Puleva Granada","Puleva Granada","OXI",1,72,12000,1,13,7.69,30,46,65.22,9,14,64.29,15,9,24,8,7,14,0,1,0,3,15,14,64,0,0,1,0,0,72,83,0,NA,0,0,0,0,0,0,0
1589836,1,"Liga Nacional","Liga Endesa",-402534000,NA,"https://www.acb.com/Documentos/Cabeceras/logo-competicion-1b.png","https://www.acb.com/Documentos/Cabeceras/logo-competicion-4a.png",55,1990,107,NA,NA,1227,6745,NA,NA,FALSE,1062,1052,1496,"Grupo IFA Granollers","IFA Granollers","GRN",1062,1734,"Puleva Granada","Puleva Granada","OXI",1,83,12000,5,14,35.71,28,43,65.12,12,16,75,15,7,22,9,11,11,0,0,0,2,14,15,87,0,0,0,1,0,83,72,0,NA,0,0,0,0,0,0,0
1589861,1,"Liga Nacional","Liga Endesa",-402534000,NA,"https://www.acb.com/Documentos/Cabeceras/logo-competicion-1b.png","https://www.acb.com/Documentos/Cabeceras/logo-competicion-4a.png",55,1990,107,NA,NA,1227,6746,NA,NA,TRUE,1065,1065,1107,"Caja San Fernando","C. San Fernando","CSF",1068,1896,"CAI Zaragoza","CAI Zaragoza","CBZ",1,79,12000,7,16,43,25,51,49,8,9,88,16,10,26,19,14,17,0,3,0,1,26,14,76,0,0,10,0,0,790,830,0,0,0,0,0,0,0,0,0
1589862,1,"Liga Nacional","Liga Endesa",-402534000,NA,"https://www.acb.com/Documentos/Cabeceras/logo-competicion-1b.png","https://www.acb.com/Documentos/Cabeceras/logo-competicion-4a.png",55,1990,107,NA,NA,1227,6746,NA,NA,FALSE,1068,1065,1107,"Caja San Fernando","C. San Fernando","CSF",1068,1896,"CAI Zaragoza","CAI Zaragoza","CBZ",1,83,12000,3,7,42.86,28,51,54.9,18,28,64.29,21,7,28,7,9,16,0,3,0,1,14,26,89,0,0,0,1,0,83,79,0,NA,0,0,0,0,0,0,0
1589892,1,"Liga Nacional","Liga Endesa",-402534000,NA,"https://www.acb.com/Documentos/Cabeceras/logo-competicion-1b.png","https://www.acb.com/Documentos/Cabeceras/logo-competicion-4a.png",55,1990,107,NA,NA,1227,6747,NA,NA,TRUE,1051,1051,1453,"Valvi Girona","Valvi Girona","GIR",1050,441,"Estudiantes Caja Postal","Estudiantes CP","EST",1,70,12000,2,11,18,27,58,46,10,17,58,25,10,35,16,7,12,0,1,0,0,27,17,60,0,0,12,0,0,840,924,0,0,0,0,0,0,0,0,0
1589893,1,"Liga Nacional","Liga Endesa",-402534000,NA,"https://www.acb.com/Documentos/Cabeceras/logo-competicion-1b.png","https://www.acb.com/Documentos/Cabeceras/logo-competicion-4a.png",55,1990,107,NA,NA,1227,6747,NA,NA,FALSE,1050,1051,1453,"Valvi Girona","Valvi Girona","GIR",1050,441,"Estudiantes Caja Postal","Estudiantes CP","EST",1,77,12000,7,16,43,20,51,39,16,27,59,31,16,47,16,5,16,0,2,0,6,16,27,91,0,0,0,8,0,616,560,0,0,0,0,0,0,0,0,0
1589921,1,"Liga Nacional","Liga Endesa",-402534000,NA,"https://www.acb.com/Documentos/Cabeceras/logo-competicion-1b.png","https://www.acb.com/Documentos/Cabeceras/logo-competicion-4a.png",55,1990,107,NA,NA,1227,6748,NA,NA,FALSE,1045,1063,939,"Pamesa Valencia","Pamesa Valencia","PAM",1045,79,"FC Barcelona","FC Barcelona","FCB",1,62,12000,4,24,16,16,47,34,18,24,75,27,20,47,13,6,19,0,2,0,0,28,25,51,0,0,10,0,0,620,800,0,0,0,0,0,0,0,0,0
1589920,1,"Liga Nacional","Liga Endesa",-402534000,NA,"https://www.acb.com/Documentos/Cabeceras/logo-competicion-1b.png","https://www.acb.com/Documentos/Cabeceras/logo-competicion-4a.png",55,1990,107,NA,NA,1227,6748,NA,NA,TRUE,1063,1063,939,"Pamesa Valencia","Pamesa Valencia","PAM",1045,79,"FC Barcelona","FC Barcelona","FCB",1,80,12000,5,16,31,20,49,40,25,29,86,24,10,34,14,8,8,0,6,0,2,25,28,93,0,0,0,8,0,640,496,0,0,0,0,0,0,0,0,0
1589940,1,"Liga Nacional","Liga Endesa",-402534000,NA,"https://www.acb.com/Documentos/Cabeceras/logo-competicion-1b.png","https://www.acb.com/Documentos/Cabeceras/logo-competicion-4a.png",55,1990,107,NA,NA,1227,6749,NA,NA,TRUE,1056,1056,2485,"Real Madrid Otaysa","Real Madrid","RMB",1048,1343,"Dyc Breogán","Dyc Breogán","BRE",1,77,12000,2,11,18,32,52,61,7,9,77,25,10,35,22,4,9,0,5,0,5,13,13,103,0,0,0,9,0,693,567,0,0,0,0,0,0,0,0,0
1589941,1,"Liga Nacional","Liga Endesa",-402534000,NA,"https://www.acb.com/Documentos/Cabeceras/logo-competicion-1b.png","https://www.acb.com/Documentos/Cabeceras/logo-competicion-4a.png",55,1990,107,NA,NA,1227,6749,NA,NA,FALSE,1048,1056,2485,"Real Madrid Otaysa","Real Madrid","RMB",1048,1343,"Dyc Breogán","Dyc Breogán","BRE",1,63,12000,2,16,12,26,55,47,5,7,71,19,13,32,15,4,6,0,1,0,0,13,13,64,0,0,7,0,0,441,539,0,0,0,0,0,0,0,0,0
1589968,1,"Liga Nacional","Liga Endesa",-402534000,NA,"https://www.acb.com/Documentos/Cabeceras/logo-competicion-1b.png","https://www.acb.com/Documentos/Cabeceras/logo-competicion-4a.png",55,1990,107,NA,NA,1227,6750,NA,NA,TRUE,1053,1053,1546,"Huesca La Magia","Huesca La Magia","HUE",1067,1873,"Atlético Madrid Villalba","Atlético Madrid","VIL",1,77,12000,6,14,42,22,46,47,15,19,78,26,9,35,11,6,14,0,8,0,1,17,23,93,0,0,0,9,0,693,576,0,0,0,0,0,0,0,0,0
1589969,1,"Liga Nacional","Liga Endesa",-402534000,NA,"https://www.acb.com/Documentos/Cabeceras/logo-competicion-1b.png","https://www.acb.com/Documentos/Cabeceras/logo-competicion-4a.png",55,1990,107,NA,NA,1227,6750,NA,NA,FALSE,1067,1053,1546,"Huesca La Magia","Huesca La Magia","HUE",1067,1873,"Atlético Madrid Villalba","Atlético Madrid","VIL",1,64,12000,2,7,28,22,52,42,14,17,82,21,11,32,7,9,17,0,3,0,0,23,17,54,0,0,9,0,0,576,693,0,0,0,0,0,0,0,0,0
1590011,1,"Liga Nacional","Liga Endesa",-402534000,NA,"https://www.acb.com/Documentos/Cabeceras/logo-competicion-1b.png","https://www.acb.com/Documentos/Cabeceras/logo-competicion-4a.png",55,1990,107,NA,NA,1227,6752,NA,NA,FALSE,1057,1060,1676,"OAR Ferrol","OAR Ferrol","FER",1057,849,"TDK Manresa","TDK Manresa","MAN",1,78,12000,2,6,33.33,25,55,45.45,22,29,75.86,24,6,30,18,11,12,0,6,0,2,16,25,99,0,0,0,1,0,78,76,0,NA,0,0,0,0,0,0,0
1590010,1,"Liga Nacional","Liga Endesa",-402534000,NA,"https://www.acb.com/Documentos/Cabeceras/logo-competicion-1b.png","https://www.acb.com/Documentos/Cabeceras/logo-competicion-4a.png",55,1990,107,NA,NA,1227,6752,NA,NA,TRUE,1060,1060,1676,"OAR Ferrol","OAR Ferrol","FER",1057,849,"TDK Manresa","TDK Manresa","MAN",1,76,12000,6,14,42.86,24,56,42.86,10,18,55.56,21,11,32,24,12,12,0,2,0,6,25,16,77,0,0,1,0,0,76,78,0,NA,0,0,0,0,0,0,0
1590035,1,"Liga Nacional","Liga Endesa",-402534000,NA,"https://www.acb.com/Documentos/Cabeceras/logo-competicion-1b.png","https://www.acb.com/Documentos/Cabeceras/logo-competicion-4a.png",55,1990,107,NA,NA,1227,6753,NA,NA,TRUE,1046,1046,195,"Taugrés","Taugrés","TAU",1059,897,"Zumos Júver Murcia","Júver Murcia","MUR",1,101,12000,4,9,44.44,37,56,66.07,15,22,68.18,23,8,31,21,5,16,0,3,0,3,23,22,113,0,0,0,1,0,101,92,0,NA,0,0,0,0,0,0,0
1590036,1,"Liga Nacional","Liga Endesa",-402534000,NA,"https://www.acb.com/Documentos/Cabeceras/logo-competicion-1b.png","https://www.acb.com/Documentos/Cabeceras/logo-competicion-4a.png",55,1990,107,NA,NA,1227,6753,NA,NA,FALSE,1059,1046,195,"Taugrés","Taugrés","TAU",1059,897,"Zumos Júver Murcia","Júver Murcia","MUR",1,92,12000,7,14,50,30,58,51,11,18,61,17,14,31,13,13,11,0,5,0,0,24,23,100,0,0,8,0,0,736,808,0,0,0,0,0,0,0,0,0
1589992,1,"Liga Nacional","Liga Endesa",-402534000,NA,"https://www.acb.com/Documentos/Cabeceras/logo-competicion-1b.png","https://www.acb.com/Documentos/Cabeceras/logo-competicion-4a.png",55,1990,107,NA,NA,1227,6751,NA,NA,FALSE,1064,1047,1328,"Cajabilbao","Cajabilbao","BIL",1064,1034,"Caja de Ronda","Caja de Ronda","RON",1,90,12000,7,13,53,26,42,61,17,21,80,20,3,23,10,11,14,0,5,0,4,17,23,105,0,0,0,7,0,630,560,0,0,0,0,0,0,0,0,0
1589991,1,"Liga Nacional","Liga Endesa",-402534000,NA,"https://www.acb.com/Documentos/Cabeceras/logo-competicion-1b.png","https://www.acb.com/Documentos/Cabeceras/logo-competicion-4a.png",55,1990,107,NA,NA,1227,6751,NA,NA,TRUE,1047,1047,1328,"Cajabilbao","Cajabilbao","BIL",1064,1034,"Caja de Ronda","Caja de Ronda","RON",1,80,12000,6,18,33.33,27,49,55.1,8,12,66.67,19,5,24,12,15,14,0,2,0,1,23,18,76,0,0,1,0,0,80,90,0,NA,0,0,0,0,0,0,0
1590063,1,"Liga Nacional","Liga Endesa",-402534000,NA,"https://www.acb.com/Documentos/Cabeceras/logo-competicion-1b.png","https://www.acb.com/Documentos/Cabeceras/logo-competicion-4a.png",55,1990,107,NA,NA,1228,6754,NA,NA,FALSE,1058,1050,441,"Estudiantes Caja Postal","Estudiantes CP","EST",1058,1624,"Mayoral Maristas","May. Maristas","MAY",1,76,12000,8,11,72,21,54,38,10,14,71,18,7,25,11,6,7,0,1,0,1,18,20,74,0,0,11,0,0,760,810,0,0,0,0,0,0,0,0,0
1590062,1,"Liga Nacional","Liga Endesa",-402534000,NA,"https://www.acb.com/Documentos/Cabeceras/logo-competicion-1b.png","https://www.acb.com/Documentos/Cabeceras/logo-competicion-4a.png",55,1990,107,NA,NA,1228,6754,NA,NA,TRUE,1050,1050,441,"Estudiantes Caja Postal","Estudiantes CP","EST",1058,1624,"Mayoral Maristas","May. Maristas","MAY",1,81,12000,3,12,25,30,54,55,12,14,85,29,9,38,17,7,9,0,3,0,4,20,18,100,0,0,0,9,0,729,684,0,0,0,0,0,0,0,0,0
1590326,1,"Liga Nacional","Liga Endesa",-402534000,NA,"https://www.acb.com/Documentos/Cabeceras/logo-competicion-1b.png","https://www.acb.com/Documentos/Cabeceras/logo-competicion-4a.png",55,1990,107,NA,NA,1228,6765,NA,NA,TRUE,1045,1045,79,"FC Barcelona","FC Barcelona","FCB",1056,2485,"Real Madrid Otaysa","Real Madrid","RMB",1,70,12000,4,10,40,21,42,50,16,23,69,22,9,31,17,4,9,0,1,0,5,20,21,81,0,0,0,9,0,630,594,0,0,0,0,0,0,0,0,0
1590327,1,"Liga Nacional","Liga Endesa",-402534000,NA,"https://www.acb.com/Documentos/Cabeceras/logo-competicion-1b.png","https://www.acb.com/Documentos/Cabeceras/logo-competicion-4a.png",55,1990,107,NA,NA,1228,6765,NA,NA,FALSE,1056,1045,79,"FC Barcelona","FC Barcelona","FCB",1056,2485,"Real Madrid Otaysa","Real Madrid","RMB",1,66,12000,4,8,50,22,49,44,10,16,62,19,9,28,9,2,9,0,4,0,2,21,20,62,0,0,8,0,0,528,560,0,0,0,0,0,0,0,0,0
1590086,1,"Liga Nacional","Liga Endesa",-402534000,NA,"https://www.acb.com/Documentos/Cabeceras/logo-competicion-1b.png","https://www.acb.com/Documentos/Cabeceras/logo-competicion-4a.png",55,1990,107,NA,NA,1228,6755,NA,NA,TRUE,1068,1068,1896,"CAI Zaragoza","CAI Zaragoza","CBZ",1051,1453,"Valvi Girona","Valvi Girona","GIR",1,91,12000,4,12,33.33,34,59,57.63,11,20,55,26,14,40,9,11,19,0,2,0,1,20,21,93,0,0,0,1,0,91,81,0,NA,0,0,0,0,0,0,0
1590087,1,"Liga Nacional","Liga Endesa",-402534000,NA,"https://www.acb.com/Documentos/Cabeceras/logo-competicion-1b.png","https://www.acb.com/Documentos/Cabeceras/logo-competicion-4a.png",55,1990,107,NA,NA,1228,6755,NA,NA,FALSE,1051,1068,1896,"CAI Zaragoza","CAI Zaragoza","CBZ",1051,1453,"Valvi Girona","Valvi Girona","GIR",1,81,12000,2,11,18,29,50,58,17,19,89,17,6,23,5,14,22,0,0,0,1,22,17,64,0,0,10,0,0,810,910,0,0,0,0,0,0,0,0,0
1590134,1,"Liga Nacional","Liga Endesa",-402534000,NA,"https://www.acb.com/Documentos/Cabeceras/logo-competicion-1b.png","https://www.acb.com/Documentos/Cabeceras/logo-competicion-4a.png",55,1990,107,NA,NA,1228,6757,NA,NA,TRUE,1055,1055,1592,"Elosúa León","Elosúa León","LEO",1052,1496,"Grupo IFA Granollers","IFA Granollers","GRN",1,84,12000,8,19,42,22,43,51,16,20,80,20,9,29,7,11,13,0,5,0,1,21,20,86,0,0,9,0,0,756,774,0,0,0,0,0,0,0,0,0
1590135,1,"Liga Nacional","Liga Endesa",-402534000,NA,"https://www.acb.com/Documentos/Cabeceras/logo-competicion-1b.png","https://www.acb.com/Documentos/Cabeceras/logo-competicion-4a.png",55,1990,107,NA,NA,1228,6757,NA,NA,FALSE,1052,1055,1592,"Elosúa León","Elosúa León","LEO",1052,1496,"Grupo IFA Granollers","IFA Granollers","GRN",1,86,12000,2,11,18.18,33,55,60,14,19,73.68,19,9,28,13,11,12,0,3,0,2,19,20,94,0,0,0,1,0,86,84,0,NA,0,0,0,0,0,0,0
1590159,1,"Liga Nacional","Liga Endesa",-402534000,NA,"https://www.acb.com/Documentos/Cabeceras/logo-competicion-1b.png","https://www.acb.com/Documentos/Cabeceras/logo-competicion-4a.png",55,1990,107,NA,NA,1228,6758,NA,NA,FALSE,1066,1054,605,"Montigalá Joventut","Mont. Joventut","JOV",1066,1832,"Fórum Valladolid","Fórum Vall.","FOR",1,57,12000,0,8,0,25,55,45,7,13,53,20,6,26,8,8,14,0,2,0,0,16,16,43,0,0,9,0,0,513,855,0,0,0,0,0,0,0,0,0
1590158,1,"Liga Nacional","Liga Endesa",-402534000,NA,"https://www.acb.com/Documentos/Cabeceras/logo-competicion-1b.png","https://www.acb.com/Documentos/Cabeceras/logo-competicion-4a.png",55,1990,107,NA,NA,1228,6758,NA,NA,TRUE,1054,1054,605,"Montigalá Joventut","Mont. Joventut","JOV",1066,1832,"Fórum Valladolid","Fórum Vall.","FOR",1,95,12000,6,15,40,34,60,56.67,9,13,69.23,33,17,50,10,6,13,0,1,0,3,16,15,109,0,0,0,1,0,95,57,0,NA,0,0,0,0,0,0,0
1590207,1,"Liga Nacional","Liga Endesa",-402534000,NA,"https://www.acb.com/Documentos/Cabeceras/logo-competicion-1b.png","https://www.acb.com/Documentos/Cabeceras/logo-competicion-4a.png",55,1990,107,NA,NA,1228,6760,NA,NA,TRUE,1059,1059,897,"Zumos Júver Murcia","Júver Murcia","MUR",1063,939,"Pamesa Valencia","Pamesa Valencia","PAM",1,67,12000,4,14,28,21,44,47,13,22,59,18,7,25,15,22,15,0,2,0,1,15,19,78,0,0,0,8,0,536,496,0,0,0,0,0,0,0,0,0
1590208,1,"Liga Nacional","Liga Endesa",-402534000,NA,"https://www.acb.com/Documentos/Cabeceras/logo-competicion-1b.png","https://www.acb.com/Documentos/Cabeceras/logo-competicion-4a.png",55,1990,107,NA,NA,1228,6760,NA,NA,FALSE,1063,1059,897,"Zumos Júver Murcia","Júver Murcia","MUR",1063,939,"Pamesa Valencia","Pamesa Valencia","PAM",1,62,12000,3,10,30,24,45,53,5,5,100,21,9,30,8,15,25,0,5,0,0,19,15,63,0,0,9,0,0,558,603,0,0,0,0,0,0,0,0,0
1590227,1,"Liga Nacional","Liga Endesa",-402534000,NA,"https://www.acb.com/Documentos/Cabeceras/logo-competicion-1b.png","https://www.acb.com/Documentos/Cabeceras/logo-competicion-4a.png",55,1990,107,NA,NA,1228,6761,NA,NA,TRUE,1057,1057,849,"TDK Manresa","TDK Manresa","MAN",1046,195,"Taugrés","Taugrés","TAU",1,60,12000,2,14,14.29,25,57,43.86,4,9,44.44,20,11,31,11,6,13,0,6,0,4,13,14,53,0,0,1,0,0,60,86,0,NA,0,0,0,0,0,0,0
1590228,1,"Liga Nacional","Liga Endesa",-402534000,NA,"https://www.acb.com/Documentos/Cabeceras/logo-competicion-1b.png","https://www.acb.com/Documentos/Cabeceras/logo-competicion-4a.png",55,1990,107,NA,NA,1228,6761,NA,NA,FALSE,1046,1057,849,"TDK Manresa","TDK Manresa","MAN",1046,195,"Taugrés","Taugrés","TAU",1,86,12000,5,16,31.25,32,57,56.14,7,9,77.78,37,11,48,21,7,16,0,7,0,4,15,14,114,0,0,0,1,0,86,60,0,NA,0,0,0,0,0,0,0
1590179,1,"Liga Nacional","Liga Endesa",-402534000,NA,"https://www.acb.com/Documentos/Cabeceras/logo-competicion-1b.png","https://www.acb.com/Documentos/Cabeceras/logo-competicion-4a.png",55,1990,107,NA,NA,1228,6759,NA,NA,TRUE,1061,1061,1705,"Caixa Ourense","Caixa Ourense","OUR",1049,1391,"Cajacanarias","Cajacanarias","CAN",1,89,12000,2,14,14.29,32,58,55.17,19,25,76,22,10,32,16,17,10,0,4,0,0,28,24,100,0,0,0,1,0,89,83,0,NA,0,0,0,0,0,0,0
1590180,1,"Liga Nacional","Liga Endesa",-402534000,NA,"https://www.acb.com/Documentos/Cabeceras/logo-competicion-1b.png","https://www.acb.com/Documentos/Cabeceras/logo-competicion-4a.png",55,1990,107,NA,NA,1228,6759,NA,NA,FALSE,1049,1061,1705,"Caixa Ourense","Caixa Ourense","OUR",1049,1391,"Cajacanarias","Cajacanarias","CAN",1,83,12000,7,16,43,24,48,50,14,21,66,29,16,45,6,9,17,0,4,0,1,24,28,94,0,0,9,0,0,747,801,0,0,0,0,0,0,0,0,0
1590277,1,"Liga Nacional","Liga Endesa",-402534000,NA,"https://www.acb.com/Documentos/Cabeceras/logo-competicion-1b.png","https://www.acb.com/Documentos/Cabeceras/logo-competicion-4a.png",55,1990,107,NA,NA,1228,6763,NA,NA,TRUE,1067,1067,1873,"Atlético Madrid Villalba","Atlético Madrid","VIL",1047,1328,"Cajabilbao","Cajabilbao","BIL",1,75,12000,3,25,12,31,57,54,4,7,57,22,16,38,13,14,13,0,3,0,3,20,15,74,0,0,10,0,0,750,840,0,0,0,0,0,0,0,0,0
1590278,1,"Liga Nacional","Liga Endesa",-402534000,NA,"https://www.acb.com/Documentos/Cabeceras/logo-competicion-1b.png","https://www.acb.com/Documentos/Cabeceras/logo-competicion-4a.png",55,1990,107,NA,NA,1228,6763,NA,NA,FALSE,1047,1067,1873,"Atlético Madrid Villalba","Atlético Madrid","VIL",1047,1328,"Cajabilbao","Cajabilbao","BIL",1,84,12000,2,14,14,34,51,66,10,13,76,27,7,34,8,8,17,0,3,0,5,14,19,93,0,0,0,8,0,672,600,0,0,0,0,0,0,0,0,0
1590302,1,"Liga Nacional","Liga Endesa",-402534000,NA,"https://www.acb.com/Documentos/Cabeceras/logo-competicion-1b.png","https://www.acb.com/Documentos/Cabeceras/logo-competicion-4a.png",55,1990,107,NA,NA,1228,6764,NA,NA,FALSE,1053,1048,1343,"Dyc Breogán","Dyc Breogán","BRE",1053,1546,"Huesca La Magia","Huesca La Magia","HUE",1,76,12000,1,5,20,31,56,55,11,18,61,17,9,26,3,9,8,0,3,0,2,18,22,77,0,0,9,0,0,684,711,0,0,0,0,0,0,0,0,0
1590301,1,"Liga Nacional","Liga Endesa",-402534000,NA,"https://www.acb.com/Documentos/Cabeceras/logo-competicion-1b.png","https://www.acb.com/Documentos/Cabeceras/logo-competicion-4a.png",55,1990,107,NA,NA,1228,6764,NA,NA,TRUE,1048,1048,1343,"Dyc Breogán","Dyc Breogán","BRE",1053,1546,"Huesca La Magia","Huesca La Magia","HUE",1,79,12000,4,8,50,29,60,48,9,12,75,27,15,42,7,5,15,0,2,0,3,22,17,77,0,0,0,8,0,632,608,0,0,0,0,0,0,0,0,0
1590112,1,"Liga Nacional","Liga Endesa",-402534000,NA,"https://www.acb.com/Documentos/Cabeceras/logo-competicion-1b.png","https://www.acb.com/Documentos/Cabeceras/logo-competicion-4a.png",55,1990,107,NA,NA,1228,6756,NA,NA,FALSE,1065,1062,1734,"Puleva Granada","Puleva Granada","OXI",1065,1107,"Caja San Fernando","C. San Fernando","CSF",1,82,12000,3,13,23,30,49,61,13,21,61,26,5,31,6,8,11,0,1,0,1,16,18,82,0,0,0,9,0,738,531,0,0,0,0,0,0,0,0,0
1590111,1,"Liga Nacional","Liga Endesa",-402534000,NA,"https://www.acb.com/Documentos/Cabeceras/logo-competicion-1b.png","https://www.acb.com/Documentos/Cabeceras/logo-competicion-4a.png",55,1990,107,NA,NA,1228,6756,NA,NA,TRUE,1062,1062,1734,"Puleva Granada","Puleva Granada","OXI",1065,1107,"Caja San Fernando","C. San Fernando","CSF",1,59,12000,3,14,21.43,22,45,48.89,6,7,85.71,21,4,25,8,10,19,0,2,0,3,18,16,48,0,0,1,0,0,59,82,0,NA,0,0,0,0,0,0,0
1590252,1,"Liga Nacional","Liga Endesa",-402534000,NA,"https://www.acb.com/Documentos/Cabeceras/logo-competicion-1b.png","https://www.acb.com/Documentos/Cabeceras/logo-competicion-4a.png",55,1990,107,NA,NA,1228,6762,NA,NA,FALSE,1060,1064,1034,"Caja de Ronda","Caja de Ronda","RON",1060,1676,"OAR Ferrol","OAR Ferrol","FER",1,63,12000,2,12,16,25,42,59,7,9,77,24,7,31,9,6,9,0,2,0,3,14,17,76,0,0,0,10,0,567,540,0,0,0,0,0,0,0,0,0
1590251,1,"Liga Nacional","Liga Endesa",-402534000,NA,"https://www.acb.com/Documentos/Cabeceras/logo-competicion-1b.png","https://www.acb.com/Documentos/Cabeceras/logo-competicion-4a.png",55,1990,107,NA,NA,1228,6762,NA,NA,TRUE,1064,1064,1034,"Caja de Ronda","Caja de Ronda","RON",1060,1676,"OAR Ferrol","OAR Ferrol","FER",1,60,12000,7,20,35,16,46,34,7,9,77,11,12,23,12,13,6,0,4,0,0,16,12,57,0,0,8,0,0,480,504,0,0,0,0,0,0,0,0,0
1590452,1,"Liga Nacional","Liga Endesa",-402534000,NA,"https://www.acb.com/Documentos/Cabeceras/logo-competicion-1b.png","https://www.acb.com/Documentos/Cabeceras/logo-competicion-4a.png",55,1990,107,NA,NA,1229,6770,NA,NA,TRUE,1056,1056,2485,"Real Madrid Otaysa","Real Madrid","RMB",1068,1896,"CAI Zaragoza","CAI Zaragoza","CBZ",1,91,12000,3,9,33,30,49,61,22,25,88,19,8,27,15,9,20,0,7,0,4,22,22,101,0,0,0,9,0,819,801,0,0,0,0,0,0,0,0,0
1590453,1,"Liga Nacional","Liga Endesa",-402534000,NA,"https://www.acb.com/Documentos/Cabeceras/logo-competicion-1b.png","https://www.acb.com/Documentos/Cabeceras/logo-competicion-4a.png",55,1990,107,NA,NA,1229,6770,NA,NA,FALSE,1068,1056,2485,"Real Madrid Otaysa","Real Madrid","RMB",1068,1896,"CAI Zaragoza","CAI Zaragoza","CBZ",1,89,12000,7,13,53.85,27,55,49.09,14,18,77.78,20,8,28,17,14,16,0,2,0,3,22,22,96,0,0,1,0,0,89,91,0,NA,0,0,0,0,0,0,0
1590476,1,"Liga Nacional","Liga Endesa",-402534000,NA,"https://www.acb.com/Documentos/Cabeceras/logo-competicion-1b.png","https://www.acb.com/Documentos/Cabeceras/logo-competicion-4a.png",55,1990,107,NA,NA,1229,6771,NA,NA,TRUE,1067,1067,1873,"Atlético Madrid Villalba","Atlético Madrid","VIL",1054,605,"Montigalá Joventut","Mont. Joventut","JOV",1,85,12000,4,13,30,31,51,60,11,16,68,17,6,23,5,8,14,0,2,0,2,20,18,73,0,0,9,0,0,765,882,0,0,0,0,0,0,0,0,0
1590477,1,"Liga Nacional","Liga Endesa",-402534000,NA,"https://www.acb.com/Documentos/Cabeceras/logo-competicion-1b.png","https://www.acb.com/Documentos/Cabeceras/logo-competicion-4a.png",55,1990,107,NA,NA,1229,6771,NA,NA,FALSE,1054,1067,1873,"Atlético Madrid Villalba","Atlético Madrid","VIL",1054,605,"Montigalá Joventut","Mont. Joventut","JOV",1,98,12000,11,22,50,23,49,46.94,19,23,82.61,25,13,38,5,8,12,0,1,0,1,19,19,97,0,0,0,1,0,98,85,0,NA,0,0,0,0,0,0,0
1590356,1,"Liga Nacional","Liga Endesa",-402534000,NA,"https://www.acb.com/Documentos/Cabeceras/logo-competicion-1b.png","https://www.acb.com/Documentos/Cabeceras/logo-competicion-4a.png",55,1990,107,NA,NA,1229,6766,NA,NA,TRUE,1065,1065,1107,"Caja San Fernando","C. San Fernando","CSF",1063,939,"Pamesa Valencia","Pamesa Valencia","PAM",1,94,12000,9,17,52,25,44,56,17,25,68,18,8,26,10,13,10,0,1,0,1,28,25,96,0,0,0,10,0,940,910,0,0,0,0,0,0,0,0,0
1590357,1,"Liga Nacional","Liga Endesa",-402534000,NA,"https://www.acb.com/Documentos/Cabeceras/logo-competicion-1b.png","https://www.acb.com/Documentos/Cabeceras/logo-competicion-4a.png",55,1990,107,NA,NA,1229,6766,NA,NA,FALSE,1063,1065,1107,"Caja San Fernando","C. San Fernando","CSF",1063,939,"Pamesa Valencia","Pamesa Valencia","PAM",1,91,12000,6,16,37,26,44,59,21,28,75,21,15,36,7,4,15,0,4,0,0,25,28,95,0,0,9,0,0,819,846,0,0,0,0,0,0,0,0,0
1590385,1,"Liga Nacional","Liga Endesa",-402534000,NA,"https://www.acb.com/Documentos/Cabeceras/logo-competicion-1b.png","https://www.acb.com/Documentos/Cabeceras/logo-competicion-4a.png",55,1990,107,NA,NA,1229,6767,NA,NA,FALSE,1045,1066,1832,"Fórum Valladolid","Fórum Vall.","FOR",1045,79,"FC Barcelona","FC Barcelona","FCB",1,77,12000,2,6,33,26,65,40,19,28,67,29,19,48,9,4,9,0,1,0,2,17,27,88,0,0,0,8,0,616,512,0,0,0,0,0,0,0,0,0
1590384,1,"Liga Nacional","Liga Endesa",-402534000,NA,"https://www.acb.com/Documentos/Cabeceras/logo-competicion-1b.png","https://www.acb.com/Documentos/Cabeceras/logo-competicion-4a.png",55,1990,107,NA,NA,1229,6767,NA,NA,TRUE,1066,1066,1832,"Fórum Valladolid","Fórum Vall.","FOR",1045,79,"FC Barcelona","FC Barcelona","FCB",1,64,12000,4,17,23,19,42,45,14,17,82,23,4,27,10,4,8,0,4,0,0,27,16,51,0,0,10,0,0,640,770,0,0,0,0,0,0,0,0,0
1590403,1,"Liga Nacional","Liga Endesa",-402534000,NA,"https://www.acb.com/Documentos/Cabeceras/logo-competicion-1b.png","https://www.acb.com/Documentos/Cabeceras/logo-competicion-4a.png",55,1990,107,NA,NA,1229,6768,NA,NA,TRUE,1046,1046,195,"Taugrés","Taugrés","TAU",1052,1496,"Grupo IFA Granollers","IFA Granollers","GRN",1,70,12000,3,10,30,21,46,45.65,19,26,73.08,21,9,30,9,11,13,0,1,0,3,20,20,69,0,0,1,0,0,70,76,0,NA,0,0,0,0,0,0,0
1590404,1,"Liga Nacional","Liga Endesa",-402534000,NA,"https://www.acb.com/Documentos/Cabeceras/logo-competicion-1b.png","https://www.acb.com/Documentos/Cabeceras/logo-competicion-4a.png",55,1990,107,NA,NA,1229,6768,NA,NA,FALSE,1052,1046,195,"Taugrés","Taugrés","TAU",1052,1496,"Grupo IFA Granollers","IFA Granollers","GRN",1,76,12000,8,16,50,19,43,44.19,14,19,73.68,22,11,33,15,5,19,0,3,0,1,21,19,74,0,0,0,1,0,76,70,0,NA,0,0,0,0,0,0,0
1590497,1,"Liga Nacional","Liga Endesa",-402534000,NA,"https://www.acb.com/Documentos/Cabeceras/logo-competicion-1b.png","https://www.acb.com/Documentos/Cabeceras/logo-competicion-4a.png",55,1990,107,NA,NA,1229,6772,NA,NA,FALSE,1058,1060,1676,"OAR Ferrol","OAR Ferrol","FER",1058,1624,"Mayoral Maristas","May. Maristas","MAY",1,68,12000,5,15,33,23,57,40,7,11,63,21,16,37,20,18,19,0,5,0,0,20,15,76,0,0,10,0,0,612,630,0,0,0,0,0,0,0,0,0
1590496,1,"Liga Nacional","Liga Endesa",-402534000,NA,"https://www.acb.com/Documentos/Cabeceras/logo-competicion-1b.png","https://www.acb.com/Documentos/Cabeceras/logo-competicion-4a.png",55,1990,107,NA,NA,1229,6772,NA,NA,TRUE,1060,1060,1676,"OAR Ferrol","OAR Ferrol","FER",1058,1624,"Mayoral Maristas","May. Maristas","MAY",1,70,12000,3,8,37.5,24,52,46.15,13,21,61.9,23,8,31,19,17,17,0,4,0,4,15,19,87,0,0,0,1,0,70,68,0,NA,0,0,0,0,0,0,0
1590520,1,"Liga Nacional","Liga Endesa",-402534000,NA,"https://www.acb.com/Documentos/Cabeceras/logo-competicion-1b.png","https://www.acb.com/Documentos/Cabeceras/logo-competicion-4a.png",55,1990,107,NA,NA,1229,6773,NA,NA,TRUE,1053,1053,1546,"Huesca La Magia","Huesca La Magia","HUE",1061,1705,"Caixa Ourense","Caixa Ourense","OUR",1,74,12000,4,11,36,22,53,41,18,28,64,28,11,39,12,3,13,0,2,0,2,25,24,68,0,0,9,0,0,666,711,0,0,0,0,0,0,0,0,0
1590521,1,"Liga Nacional","Liga Endesa",-402534000,NA,"https://www.acb.com/Documentos/Cabeceras/logo-competicion-1b.png","https://www.acb.com/Documentos/Cabeceras/logo-competicion-4a.png",55,1990,107,NA,NA,1229,6773,NA,NA,FALSE,1061,1053,1546,"Huesca La Magia","Huesca La Magia","HUE",1061,1705,"Caixa Ourense","Caixa Ourense","OUR",1,79,12000,2,5,40,30,53,56.6,13,25,52,22,7,29,9,8,8,0,1,0,0,24,25,81,0,0,0,1,0,79,74,0,NA,0,0,0,0,0,0,0
1590546,1,"Liga Nacional","Liga Endesa",-402534000,NA,"https://www.acb.com/Documentos/Cabeceras/logo-competicion-1b.png","https://www.acb.com/Documentos/Cabeceras/logo-competicion-4a.png",55,1990,107,NA,NA,1229,6774,NA,NA,FALSE,1047,1051,1453,"Valvi Girona","Valvi Girona","GIR",1047,1328,"Cajabilbao","Cajabilbao","BIL",1,84,12000,4,12,33,29,46,63,14,22,63,15,10,25,14,8,16,0,4,0,1,18,25,93,0,0,0,9,0,756,738,0,0,0,0,0,0,0,0,0
1590545,1,"Liga Nacional","Liga Endesa",-402534000,NA,"https://www.acb.com/Documentos/Cabeceras/logo-competicion-1b.png","https://www.acb.com/Documentos/Cabeceras/logo-competicion-4a.png",55,1990,107,NA,NA,1229,6774,NA,NA,TRUE,1051,1051,1453,"Valvi Girona","Valvi Girona","GIR",1047,1328,"Cajabilbao","Cajabilbao","BIL",1,82,12000,3,9,33,31,58,53,11,18,61,21,13,34,19,8,11,0,3,0,0,25,18,88,0,0,10,0,0,820,840,0,0,0,0,0,0,0,0,0
1590611,1,"Liga Nacional","Liga Endesa",-402534000,NA,"https://www.acb.com/Documentos/Cabeceras/logo-competicion-1b.png","https://www.acb.com/Documentos/Cabeceras/logo-competicion-4a.png",55,1990,107,NA,NA,1229,6777,NA,NA,TRUE,1055,1055,1592,"Elosúa León","Elosúa León","LEO",1048,1343,"Dyc Breogán","Dyc Breogán","BRE",1,75,12000,5,14,35,23,49,46,14,18,77,17,9,26,6,14,16,0,1,0,2,26,18,59,0,0,10,0,0,750,810,0,0,0,0,0,0,0,0,0
1590612,1,"Liga Nacional","Liga Endesa",-402534000,NA,"https://www.acb.com/Documentos/Cabeceras/logo-competicion-1b.png","https://www.acb.com/Documentos/Cabeceras/logo-competicion-4a.png",55,1990,107,NA,NA,1229,6777,NA,NA,FALSE,1048,1055,1592,"Elosúa León","Elosúa León","LEO",1048,1343,"Dyc Breogán","Dyc Breogán","BRE",1,81,12000,3,4,75,24,49,48,24,29,82,22,8,30,4,10,16,0,2,0,0,18,26,88,0,0,0,7,0,567,525,0,0,0,0,0,0,0,0,0
1590588,1,"Liga Nacional","Liga Endesa",-402534000,NA,"https://www.acb.com/Documentos/Cabeceras/logo-competicion-1b.png","https://www.acb.com/Documentos/Cabeceras/logo-competicion-4a.png",55,1990,107,NA,NA,1229,6776,NA,NA,TRUE,1049,1049,1391,"Cajacanarias","Cajacanarias","CAN",1057,849,"TDK Manresa","TDK Manresa","MAN",1,94,12000,5,20,25,31,62,50,17,22,77,24,14,38,9,12,6,0,4,0,1,22,1,79,0,0,0,8,0,752,672,0,0,0,0,0,0,0,0,0
1590589,1,"Liga Nacional","Liga Endesa",-402534000,NA,"https://www.acb.com/Documentos/Cabeceras/logo-competicion-1b.png","https://www.acb.com/Documentos/Cabeceras/logo-competicion-4a.png",55,1990,107,NA,NA,1229,6776,NA,NA,FALSE,1057,1049,1391,"Cajacanarias","Cajacanarias","CAN",1057,849,"TDK Manresa","TDK Manresa","MAN",1,84,12000,2,11,18.18,30,60,50,18,23,78.26,16,9,25,10,15,12,0,5,0,2,21,1,63,0,0,1,0,0,84,94,0,NA,0,0,0,0,0,0,0
1590431,1,"Liga Nacional","Liga Endesa",-402534000,NA,"https://www.acb.com/Documentos/Cabeceras/logo-competicion-1b.png","https://www.acb.com/Documentos/Cabeceras/logo-competicion-4a.png",55,1990,107,NA,NA,1229,6769,NA,NA,TRUE,1064,1064,1034,"Caja de Ronda","Caja de Ronda","RON",1050,441,"Estudiantes Caja Postal","Estudiantes CP","EST",1,73,12000,3,15,20,28,49,57,8,13,61,18,16,34,11,7,10,0,0,0,0,21,17,73,0,0,8,0,0,584,632,0,0,0,0,0,0,0,0,0
1590432,1,"Liga Nacional","Liga Endesa",-402534000,NA,"https://www.acb.com/Documentos/Cabeceras/logo-competicion-1b.png","https://www.acb.com/Documentos/Cabeceras/logo-competicion-4a.png",55,1990,107,NA,NA,1229,6769,NA,NA,FALSE,1050,1064,1034,"Caja de Ronda","Caja de Ronda","RON",1050,441,"Estudiantes Caja Postal","Estudiantes CP","EST",1,79,12000,5,16,31,23,36,63,18,23,78,20,4,24,14,15,10,0,0,0,0,17,20,96,0,0,0,9,0,711,657,0,0,0,0,0,0,0,0,0
1590569,1,"Liga Nacional","Liga Endesa",-402534000,NA,"https://www.acb.com/Documentos/Cabeceras/logo-competicion-1b.png","https://www.acb.com/Documentos/Cabeceras/logo-competicion-4a.png",55,1990,107,NA,NA,1229,6775,NA,NA,FALSE,1059,1062,1734,"Puleva Granada","Puleva Granada","OXI",1059,897,"Zumos Júver Murcia","Júver Murcia","MUR",1,87,12000,6,11,54,27,41,65,15,19,78,26,5,31,8,7,14,0,3,0,3,14,21,106,0,0,0,7,0,609,532,0,0,0,0,0,0,0,0,0
1590568,1,"Liga Nacional","Liga Endesa",-402534000,NA,"https://www.acb.com/Documentos/Cabeceras/logo-competicion-1b.png","https://www.acb.com/Documentos/Cabeceras/logo-competicion-4a.png",55,1990,107,NA,NA,1229,6775,NA,NA,TRUE,1062,1062,1734,"Puleva Granada","Puleva Granada","OXI",1059,897,"Zumos Júver Murcia","Júver Murcia","MUR",1,76,12000,7,15,46.67,23,56,41.07,9,10,90,14,12,26,11,11,11,0,2,0,2,21,14,66,0,0,1,0,0,76,87,0,NA,0,0,0,0,0,0,0
1590723,1,"Liga Nacional","Liga Endesa",-402534000,NA,"https://www.acb.com/Documentos/Cabeceras/logo-competicion-1b.png","https://www.acb.com/Documentos/Cabeceras/logo-competicion-4a.png",55,1990,107,NA,NA,1230,6781,NA,NA,TRUE,1052,1052,1496,"Grupo IFA Granollers","IFA Granollers","GRN",1064,1034,"Caja de Ronda","Caja de Ronda","RON",1,82,12000,6,17,35.29,25,44,56.82,14,24,58.33,23,13,36,4,4,11,0,2,0,3,28,26,75,0,0,0,1,0,82,70,0,NA,0,0,0,0,0,0,0
1590724,1,"Liga Nacional","Liga Endesa",-402534000,NA,"https://www.acb.com/Documentos/Cabeceras/logo-competicion-1b.png","https://www.acb.com/Documentos/Cabeceras/logo-competicion-4a.png",55,1990,107,NA,NA,1230,6781,NA,NA,FALSE,1064,1052,1496,"Grupo IFA Granollers","IFA Granollers","GRN",1064,1034,"Caja de Ronda","Caja de Ronda","RON",1,70,12000,3,9,33,23,41,56,15,27,55,16,6,22,5,4,12,0,1,0,2,26,28,56,0,0,9,0,0,630,738,0,0,0,0,0,0,0,0,0
1590742,1,"Liga Nacional","Liga Endesa",-402534000,NA,"https://www.acb.com/Documentos/Cabeceras/logo-competicion-1b.png","https://www.acb.com/Documentos/Cabeceras/logo-competicion-4a.png",55,1990,107,NA,NA,1230,6782,NA,NA,TRUE,1054,1054,605,"Montigalá Joventut","Mont. Joventut","JOV",1056,2485,"Real Madrid Otaysa","Real Madrid","RMB",1,81,12000,1,10,10,32,55,58.18,14,17,82.35,24,10,34,8,8,10,0,0,0,1,13,19,92,0,0,0,1,0,81,71,0,NA,0,0,0,0,0,0,0
1590743,1,"Liga Nacional","Liga Endesa",-402534000,NA,"https://www.acb.com/Documentos/Cabeceras/logo-competicion-1b.png","https://www.acb.com/Documentos/Cabeceras/logo-competicion-4a.png",55,1990,107,NA,NA,1230,6782,NA,NA,FALSE,1056,1054,605,"Montigalá Joventut","Mont. Joventut","JOV",1056,2485,"Real Madrid Otaysa","Real Madrid","RMB",1,71,12000,4,11,36,26,51,50,7,11,63,14,4,18,12,5,11,0,3,0,4,19,13,56,0,0,9,0,0,639,729,0,0,0,0,0,0,0,0,0
1590770,1,"Liga Nacional","Liga Endesa",-402534000,NA,"https://www.acb.com/Documentos/Cabeceras/logo-competicion-1b.png","https://www.acb.com/Documentos/Cabeceras/logo-competicion-4a.png",55,1990,107,NA,NA,1230,6783,NA,NA,FALSE,1067,1068,1896,"CAI Zaragoza","CAI Zaragoza","CBZ",1067,1873,"Atlético Madrid Villalba","Atlético Madrid","VIL",1,93,12000,4,15,26,28,46,60,25,37,67,21,12,33,7,6,12,0,3,0,2,22,30,97,0,0,0,10,0,930,820,0,0,0,0,0,0,0,0,0
1590769,1,"Liga Nacional","Liga Endesa",-402534000,NA,"https://www.acb.com/Documentos/Cabeceras/logo-competicion-1b.png","https://www.acb.com/Documentos/Cabeceras/logo-competicion-4a.png",55,1990,107,NA,NA,1230,6783,NA,NA,TRUE,1068,1068,1896,"CAI Zaragoza","CAI Zaragoza","CBZ",1067,1873,"Atlético Madrid Villalba","Atlético Madrid","VIL",1,82,12000,4,13,30.77,26,59,44.07,18,24,75,23,13,36,8,3,12,0,0,0,0,30,22,61,0,0,1,0,0,82,93,0,NA,0,0,0,0,0,0,0
1590844,1,"Liga Nacional","Liga Endesa",-402534000,NA,"https://www.acb.com/Documentos/Cabeceras/logo-competicion-1b.png","https://www.acb.com/Documentos/Cabeceras/logo-competicion-4a.png",55,1990,107,NA,NA,1230,6786,NA,NA,TRUE,1059,1059,897,"Zumos Júver Murcia","Júver Murcia","MUR",1051,1453,"Valvi Girona","Valvi Girona","GIR",1,81,12000,8,15,53,22,52,42,13,21,61,22,13,35,18,11,10,0,2,0,2,18,24,98,0,0,0,9,0,729,576,0,0,0,0,0,0,0,0,0
1590845,1,"Liga Nacional","Liga Endesa",-402534000,NA,"https://www.acb.com/Documentos/Cabeceras/logo-competicion-1b.png","https://www.acb.com/Documentos/Cabeceras/logo-competicion-4a.png",55,1990,107,NA,NA,1230,6786,NA,NA,FALSE,1051,1059,897,"Zumos Júver Murcia","Júver Murcia","MUR",1051,1453,"Valvi Girona","Valvi Girona","GIR",1,64,12000,5,20,25,20,42,47,9,17,52,21,9,30,5,11,17,0,1,0,0,24,17,42,0,0,10,0,0,640,810,0,0,0,0,0,0,0,0,0
1590867,1,"Liga Nacional","Liga Endesa",-402534000,NA,"https://www.acb.com/Documentos/Cabeceras/logo-competicion-1b.png","https://www.acb.com/Documentos/Cabeceras/logo-competicion-4a.png",55,1990,107,NA,NA,1230,6787,NA,NA,FALSE,1062,1047,1328,"Cajabilbao","Cajabilbao","BIL",1062,1734,"Puleva Granada","Puleva Granada","OXI",1,89,12000,4,12,33.33,33,60,55,11,20,55,15,9,24,4,13,14,0,2,0,3,21,20,73,0,0,1,0,0,89,97,0,NA,0,0,0,0,0,0,0
1590866,1,"Liga Nacional","Liga Endesa",-402534000,NA,"https://www.acb.com/Documentos/Cabeceras/logo-competicion-1b.png","https://www.acb.com/Documentos/Cabeceras/logo-competicion-4a.png",55,1990,107,NA,NA,1230,6787,NA,NA,TRUE,1047,1047,1328,"Cajabilbao","Cajabilbao","BIL",1062,1734,"Puleva Granada","Puleva Granada","OXI",1,97,12000,3,8,37,37,60,61,14,18,77,19,8,27,18,20,22,0,4,0,3,19,21,114,0,0,0,9,0,873,801,0,0,0,0,0,0,0,0,0
1590912,1,"Liga Nacional","Liga Endesa",-402534000,NA,"https://www.acb.com/Documentos/Cabeceras/logo-competicion-1b.png","https://www.acb.com/Documentos/Cabeceras/logo-competicion-4a.png",55,1990,107,NA,NA,1230,6789,NA,NA,FALSE,1055,1057,849,"TDK Manresa","TDK Manresa","MAN",1055,1592,"Elosúa León","Elosúa León","LEO",1,73,12000,6,9,66,24,56,42,7,10,70,13,10,23,10,14,18,0,1,0,0,16,17,66,0,0,0,8,0,584,544,0,0,0,0,0,0,0,0,0
1590911,1,"Liga Nacional","Liga Endesa",-402534000,NA,"https://www.acb.com/Documentos/Cabeceras/logo-competicion-1b.png","https://www.acb.com/Documentos/Cabeceras/logo-competicion-4a.png",55,1990,107,NA,NA,1230,6789,NA,NA,TRUE,1057,1057,849,"TDK Manresa","TDK Manresa","MAN",1055,1592,"Elosúa León","Elosúa León","LEO",1,68,12000,7,12,58.33,21,41,51.22,5,9,55.56,23,8,31,20,8,27,0,6,0,3,19,16,74,0,0,1,0,0,68,73,0,NA,0,0,0,0,0,0,0
1590790,1,"Liga Nacional","Liga Endesa",-402534000,NA,"https://www.acb.com/Documentos/Cabeceras/logo-competicion-1b.png","https://www.acb.com/Documentos/Cabeceras/logo-competicion-4a.png",55,1990,107,NA,NA,1230,6784,NA,NA,FALSE,1060,1061,1705,"Caixa Ourense","Caixa Ourense","OUR",1060,1676,"OAR Ferrol","OAR Ferrol","FER",1,96,12000,8,15,53,26,46,56,20,27,74,28,10,38,16,13,14,0,3,0,0,14,22,126,0,0,0,8,0,768,608,0,0,0,0,0,0,0,0,0
1590789,1,"Liga Nacional","Liga Endesa",-402534000,NA,"https://www.acb.com/Documentos/Cabeceras/logo-competicion-1b.png","https://www.acb.com/Documentos/Cabeceras/logo-competicion-4a.png",55,1990,107,NA,NA,1230,6784,NA,NA,TRUE,1061,1061,1705,"Caixa Ourense","Caixa Ourense","OUR",1060,1676,"OAR Ferrol","OAR Ferrol","FER",1,76,12000,3,15,20,29,59,49,9,11,81,22,13,35,16,14,14,0,3,0,2,24,14,76,0,0,10,0,0,760,960,0,0,0,0,0,0,0,0,0
1590891,1,"Liga Nacional","Liga Endesa",-402534000,NA,"https://www.acb.com/Documentos/Cabeceras/logo-competicion-1b.png","https://www.acb.com/Documentos/Cabeceras/logo-competicion-4a.png",55,1990,107,NA,NA,1230,6788,NA,NA,FALSE,1049,1048,1343,"Dyc Breogán","Dyc Breogán","BRE",1049,1391,"Cajacanarias","Cajacanarias","CAN",1,84,12000,8,18,44,23,48,47,14,25,56,12,16,28,3,7,12,0,0,0,2,18,25,71,0,0,9,0,0,756,864,0,0,0,0,0,0,0,0,0
1590890,1,"Liga Nacional","Liga Endesa",-402534000,NA,"https://www.acb.com/Documentos/Cabeceras/logo-competicion-1b.png","https://www.acb.com/Documentos/Cabeceras/logo-competicion-4a.png",55,1990,107,NA,NA,1230,6788,NA,NA,TRUE,1048,1048,1343,"Dyc Breogán","Dyc Breogán","BRE",1049,1391,"Cajacanarias","Cajacanarias","CAN",1,96,12000,3,8,37,38,59,64,11,13,84,24,9,33,8,8,11,0,2,0,0,25,17,100,0,0,0,10,0,960,840,0,0,0,0,0,0,0,0,0
1590672,1,"Liga Nacional","Liga Endesa",-402534000,NA,"https://www.acb.com/Documentos/Cabeceras/logo-competicion-1b.png","https://www.acb.com/Documentos/Cabeceras/logo-competicion-4a.png",55,1990,107,NA,NA,1230,6779,NA,NA,TRUE,1063,1063,939,"Pamesa Valencia","Pamesa Valencia","PAM",1066,1832,"Fórum Valladolid","Fórum Vall.","FOR",1,92,12000,8,12,66,27,44,61,14,19,73,30,8,38,25,9,17,0,2,0,2,27,18,114,0,0,0,10,0,920,700,0,0,0,0,0,0,0,0,0
1590673,1,"Liga Nacional","Liga Endesa",-402534000,NA,"https://www.acb.com/Documentos/Cabeceras/logo-competicion-1b.png","https://www.acb.com/Documentos/Cabeceras/logo-competicion-4a.png",55,1990,107,NA,NA,1230,6779,NA,NA,FALSE,1066,1063,939,"Pamesa Valencia","Pamesa Valencia","PAM",1066,1832,"Fórum Valladolid","Fórum Vall.","FOR",1,70,12000,5,15,33,18,47,38,19,26,73,14,8,22,15,10,13,0,3,0,0,18,27,70,0,0,9,0,0,630,828,0,0,0,0,0,0,0,0,0
1590698,1,"Liga Nacional","Liga Endesa",-402534000,NA,"https://www.acb.com/Documentos/Cabeceras/logo-competicion-1b.png","https://www.acb.com/Documentos/Cabeceras/logo-competicion-4a.png",55,1990,107,NA,NA,1230,6780,NA,NA,FALSE,1046,1050,441,"Estudiantes Caja Postal","Estudiantes CP","EST",1046,195,"Taugrés","Taugrés","TAU",1,95,12000,8,15,53.33,26,44,59.09,19,29,65.52,32,4,36,17,7,5,0,2,0,2,19,26,124,0,0,0,1,0,95,78,0,NA,0,0,0,0,0,0,0
1590697,1,"Liga Nacional","Liga Endesa",-402534000,NA,"https://www.acb.com/Documentos/Cabeceras/logo-competicion-1b.png","https://www.acb.com/Documentos/Cabeceras/logo-competicion-4a.png",55,1990,107,NA,NA,1230,6780,NA,NA,TRUE,1050,1050,441,"Estudiantes Caja Postal","Estudiantes CP","EST",1046,195,"Taugrés","Taugrés","TAU",1,78,12000,7,20,35,26,55,47,5,6,83,24,9,33,14,3,10,0,1,0,1,26,19,69,0,0,9,0,0,702,855,0,0,0,0,0,0,0,0,0
1590645,1,"Liga Nacional","Liga Endesa",-402534000,NA,"https://www.acb.com/Documentos/Cabeceras/logo-competicion-1b.png","https://www.acb.com/Documentos/Cabeceras/logo-competicion-4a.png",55,1990,107,NA,NA,1230,6778,NA,NA,FALSE,1065,1045,79,"FC Barcelona","FC Barcelona","FCB",1065,1107,"Caja San Fernando","C. San Fernando","CSF",1,74,12000,4,14,28,20,37,54,22,27,81,10,4,14,9,5,14,0,0,0,1,20,23,59,0,0,10,0,0,740,1080,0,0,0,0,0,0,0,0,0
1590644,1,"Liga Nacional","Liga Endesa",-402534000,NA,"https://www.acb.com/Documentos/Cabeceras/logo-competicion-1b.png","https://www.acb.com/Documentos/Cabeceras/logo-competicion-4a.png",55,1990,107,NA,NA,1230,6778,NA,NA,TRUE,1045,1045,79,"FC Barcelona","FC Barcelona","FCB",1065,1107,"Caja San Fernando","C. San Fernando","CSF",1,108,12000,11,19,57,30,47,63,15,20,75,21,14,35,24,8,13,0,2,0,2,24,19,129,0,0,0,12,0,1296,888,0,0,0,0,0,0,0,0,0
1590816,1,"Liga Nacional","Liga Endesa",-402534000,NA,"https://www.acb.com/Documentos/Cabeceras/logo-competicion-1b.png","https://www.acb.com/Documentos/Cabeceras/logo-competicion-4a.png",55,1990,107,NA,NA,1230,6785,NA,NA,FALSE,1053,1058,1624,"Mayoral Maristas","May. Maristas","MAY",1053,1546,"Huesca La Magia","Huesca La Magia","HUE",1,78,12000,3,9,33,28,51,54,13,17,76,19,12,31,2,10,15,0,3,0,3,20,20,76,0,0,9,0,0,702,738,0,0,0,0,0,0,0,0,0
1590815,1,"Liga Nacional","Liga Endesa",-402534000,NA,"https://www.acb.com/Documentos/Cabeceras/logo-competicion-1b.png","https://www.acb.com/Documentos/Cabeceras/logo-competicion-4a.png",55,1990,107,NA,NA,1230,6785,NA,NA,TRUE,1058,1058,1624,"Mayoral Maristas","May. Maristas","MAY",1053,1546,"Huesca La Magia","Huesca La Magia","HUE",1,82,12000,2,6,33,31,47,65,14,19,73,20,4,24,14,12,13,0,4,0,8,21,21,98,0,0,0,11,0,820,780,0,0,0,0,0,0,0,0,0
1591055,1,"Liga Nacional","Liga Endesa",-402534000,NA,"https://www.acb.com/Documentos/Cabeceras/logo-competicion-1b.png","https://www.acb.com/Documentos/Cabeceras/logo-competicion-4a.png",55,1990,107,NA,NA,1231,6795,NA,NA,FALSE,1066,1049,1391,"Cajacanarias","Cajacanarias","CAN",1066,1832,"Fórum Valladolid","Fórum Vall.","FOR",1,91,12000,8,25,32,28,49,57,11,14,78,18,15,33,18,18,11,0,4,0,2,22,1,91,0,0,0,11,0,1001,858,0,0,0,0,0,0,0,0,0
1591054,1,"Liga Nacional","Liga Endesa",-402534000,NA,"https://www.acb.com/Documentos/Cabeceras/logo-competicion-1b.png","https://www.acb.com/Documentos/Cabeceras/logo-competicion-4a.png",55,1990,107,NA,NA,1231,6795,NA,NA,TRUE,1049,1049,1391,"Cajacanarias","Cajacanarias","CAN",1066,1832,"Fórum Valladolid","Fórum Vall.","FOR",1,78,12000,4,11,36,30,61,49,6,13,46,22,16,38,3,9,16,0,1,0,1,15,2,55,0,0,9,0,0,702,819,0,0,0,0,0,0,0,0,0
1591010,1,"Liga Nacional","Liga Endesa",-402534000,NA,"https://www.acb.com/Documentos/Cabeceras/logo-competicion-1b.png","https://www.acb.com/Documentos/Cabeceras/logo-competicion-4a.png",55,1990,107,NA,NA,1231,6793,NA,NA,TRUE,1054,1054,605,"Montigalá Joventut","Mont. Joventut","JOV",1065,1107,"Caja San Fernando","C. San Fernando","CSF",1,92,12000,6,14,42.86,28,50,56,18,23,78.26,26,7,33,14,8,14,0,3,0,1,16,22,107,0,0,0,1,0,92,76,0,NA,0,0,0,0,0,0,0
1591011,1,"Liga Nacional","Liga Endesa",-402534000,NA,"https://www.acb.com/Documentos/Cabeceras/logo-competicion-1b.png","https://www.acb.com/Documentos/Cabeceras/logo-competicion-4a.png",55,1990,107,NA,NA,1231,6793,NA,NA,FALSE,1065,1054,605,"Montigalá Joventut","Mont. Joventut","JOV",1065,1107,"Caja San Fernando","C. San Fernando","CSF",1,76,12000,2,13,15,29,57,50,12,13,92,19,9,28,13,8,15,0,3,0,0,22,16,67,0,0,10,0,0,760,920,0,0,0,0,0,0,0,0,0
1591106,1,"Liga Nacional","Liga Endesa",-402534000,NA,"https://www.acb.com/Documentos/Cabeceras/logo-competicion-1b.png","https://www.acb.com/Documentos/Cabeceras/logo-competicion-4a.png",55,1990,107,NA,NA,1231,6797,NA,NA,FALSE,1059,1064,1034,"Caja de Ronda","Caja de Ronda","RON",1059,897,"Zumos Júver Murcia","Júver Murcia","MUR",1,74,12000,4,11,36,27,56,48,8,14,57,16,10,26,8,18,9,0,1,0,1,19,17,74,0,0,8,0,0,592,600,0,0,0,0,0,0,0,0,0
1591105,1,"Liga Nacional","Liga Endesa",-402534000,NA,"https://www.acb.com/Documentos/Cabeceras/logo-competicion-1b.png","https://www.acb.com/Documentos/Cabeceras/logo-competicion-4a.png",55,1990,107,NA,NA,1231,6797,NA,NA,TRUE,1064,1064,1034,"Caja de Ronda","Caja de Ronda","RON",1059,897,"Zumos Júver Murcia","Júver Murcia","MUR",1,75,12000,3,7,42,27,48,56,12,17,70,27,8,35,18,8,15,0,2,0,1,19,16,90,0,0,0,7,0,525,518,0,0,0,0,0,0,0,0,0
1591178,1,"Liga Nacional","Liga Endesa",-402534000,NA,"https://www.acb.com/Documentos/Cabeceras/logo-competicion-1b.png","https://www.acb.com/Documentos/Cabeceras/logo-competicion-4a.png",55,1990,107,NA,NA,1231,6800,NA,NA,FALSE,1047,1045,79,"FC Barcelona","FC Barcelona","FCB",1047,1328,"Cajabilbao","Cajabilbao","BIL",1,66,12000,1,5,20,27,51,52,9,18,50,24,9,33,7,7,18,0,1,0,0,18,16,57,0,0,9,0,0,594,756,0,0,0,0,0,0,0,0,0
1591177,1,"Liga Nacional","Liga Endesa",-402534000,NA,"https://www.acb.com/Documentos/Cabeceras/logo-competicion-1b.png","https://www.acb.com/Documentos/Cabeceras/logo-competicion-4a.png",55,1990,107,NA,NA,1231,6800,NA,NA,TRUE,1045,1045,79,"FC Barcelona","FC Barcelona","FCB",1047,1328,"Cajabilbao","Cajabilbao","BIL",1,84,12000,5,16,31,27,50,54,15,23,65,23,14,37,18,6,11,0,1,0,4,16,18,95,0,0,0,9,0,756,594,0,0,0,0,0,0,0,0,0
1590931,1,"Liga Nacional","Liga Endesa",-402534000,NA,"https://www.acb.com/Documentos/Cabeceras/logo-competicion-1b.png","https://www.acb.com/Documentos/Cabeceras/logo-competicion-4a.png",55,1990,107,NA,NA,1231,6790,NA,NA,TRUE,1068,1068,1896,"CAI Zaragoza","CAI Zaragoza","CBZ",1058,1624,"Mayoral Maristas","May. Maristas","MAY",1,77,12000,4,13,30.77,27,55,49.09,11,15,73.33,18,12,30,10,12,19,0,1,0,4,22,16,64,0,0,1,0,0,77,83,0,NA,0,0,0,0,0,0,0
1590932,1,"Liga Nacional","Liga Endesa",-402534000,NA,"https://www.acb.com/Documentos/Cabeceras/logo-competicion-1b.png","https://www.acb.com/Documentos/Cabeceras/logo-competicion-4a.png",55,1990,107,NA,NA,1231,6790,NA,NA,FALSE,1058,1068,1896,"CAI Zaragoza","CAI Zaragoza","CBZ",1058,1624,"Mayoral Maristas","May. Maristas","MAY",1,83,12000,4,11,36,26,48,54,19,20,95,16,11,27,4,15,18,0,6,0,1,16,22,93,0,0,0,10,0,747,693,0,0,0,0,0,0,0,0,0
1590955,1,"Liga Nacional","Liga Endesa",-402534000,NA,"https://www.acb.com/Documentos/Cabeceras/logo-competicion-1b.png","https://www.acb.com/Documentos/Cabeceras/logo-competicion-4a.png",55,1990,107,NA,NA,1231,6791,NA,NA,FALSE,1050,1062,1734,"Puleva Granada","Puleva Granada","OXI",1050,441,"Estudiantes Caja Postal","Estudiantes CP","EST",1,82,12000,5,9,55,30,51,58,7,9,77,28,5,33,8,5,13,0,1,0,1,11,16,94,0,0,0,8,0,656,568,0,0,0,0,0,0,0,0,0
1590954,1,"Liga Nacional","Liga Endesa",-402534000,NA,"https://www.acb.com/Documentos/Cabeceras/logo-competicion-1b.png","https://www.acb.com/Documentos/Cabeceras/logo-competicion-4a.png",55,1990,107,NA,NA,1231,6791,NA,NA,TRUE,1062,1062,1734,"Puleva Granada","Puleva Granada","OXI",1050,441,"Estudiantes Caja Postal","Estudiantes CP","EST",1,71,12000,6,18,33.33,25,48,52.08,3,6,50,18,5,23,10,10,8,0,2,0,3,16,11,65,0,0,1,0,0,71,82,0,NA,0,0,0,0,0,0,0
1590983,1,"Liga Nacional","Liga Endesa",-402534000,NA,"https://www.acb.com/Documentos/Cabeceras/logo-competicion-1b.png","https://www.acb.com/Documentos/Cabeceras/logo-competicion-4a.png",55,1990,107,NA,NA,1231,6792,NA,NA,TRUE,1055,1055,1592,"Elosúa León","Elosúa León","LEO",1051,1453,"Valvi Girona","Valvi Girona","GIR",1,85,12000,6,14,42,24,41,58,19,27,70,23,7,30,5,12,25,0,3,0,0,20,25,82,0,0,0,10,0,850,780,0,0,0,0,0,0,0,0,0
1590984,1,"Liga Nacional","Liga Endesa",-402534000,NA,"https://www.acb.com/Documentos/Cabeceras/logo-competicion-1b.png","https://www.acb.com/Documentos/Cabeceras/logo-competicion-4a.png",55,1990,107,NA,NA,1231,6792,NA,NA,FALSE,1051,1055,1592,"Elosúa León","Elosúa León","LEO",1051,1453,"Valvi Girona","Valvi Girona","GIR",1,78,12000,2,10,20,32,57,56,8,14,57,15,6,21,13,18,9,0,4,0,0,25,20,81,0,0,11,0,0,858,935,0,0,0,0,0,0,0,0,0
1591030,1,"Liga Nacional","Liga Endesa",-402534000,NA,"https://www.acb.com/Documentos/Cabeceras/logo-competicion-1b.png","https://www.acb.com/Documentos/Cabeceras/logo-competicion-4a.png",55,1990,107,NA,NA,1231,6794,NA,NA,FALSE,1052,1061,1705,"Caixa Ourense","Caixa Ourense","OUR",1052,1496,"Grupo IFA Granollers","IFA Granollers","GRN",1,81,12000,0,6,0,32,56,57,17,23,73,33,9,42,13,18,20,0,1,0,4,16,25,108,0,0,0,8,0,648,568,0,0,0,0,0,0,0,0,0
1591029,1,"Liga Nacional","Liga Endesa",-402534000,NA,"https://www.acb.com/Documentos/Cabeceras/logo-competicion-1b.png","https://www.acb.com/Documentos/Cabeceras/logo-competicion-4a.png",55,1990,107,NA,NA,1231,6794,NA,NA,TRUE,1061,1061,1705,"Caixa Ourense","Caixa Ourense","OUR",1052,1496,"Grupo IFA Granollers","IFA Granollers","GRN",1,71,12000,6,20,30,21,50,42,11,15,73,25,11,36,14,20,18,0,1,0,0,25,16,68,0,0,9,0,0,639,729,0,0,0,0,0,0,0,0,0
1591080,1,"Liga Nacional","Liga Endesa",-402534000,NA,"https://www.acb.com/Documentos/Cabeceras/logo-competicion-1b.png","https://www.acb.com/Documentos/Cabeceras/logo-competicion-4a.png",55,1990,107,NA,NA,1231,6796,NA,NA,FALSE,1063,1057,849,"TDK Manresa","TDK Manresa","MAN",1063,939,"Pamesa Valencia","Pamesa Valencia","PAM",1,79,12000,3,14,21,27,48,56,16,19,84,20,6,26,10,9,11,0,2,0,5,23,21,78,0,0,0,10,0,790,680,0,0,0,0,0,0,0,0,0
1591079,1,"Liga Nacional","Liga Endesa",-402534000,NA,"https://www.acb.com/Documentos/Cabeceras/logo-competicion-1b.png","https://www.acb.com/Documentos/Cabeceras/logo-competicion-4a.png",55,1990,107,NA,NA,1231,6796,NA,NA,TRUE,1057,1057,849,"TDK Manresa","TDK Manresa","MAN",1063,939,"Pamesa Valencia","Pamesa Valencia","PAM",1,68,12000,5,15,33.33,19,37,51.35,15,27,55.56,25,4,29,7,6,18,0,3,0,2,22,22,55,0,0,1,0,0,68,79,0,NA,0,0,0,0,0,0,0
1591132,1,"Liga Nacional","Liga Endesa",-402534000,NA,"https://www.acb.com/Documentos/Cabeceras/logo-competicion-1b.png","https://www.acb.com/Documentos/Cabeceras/logo-competicion-4a.png",55,1990,107,NA,NA,1231,6798,NA,NA,TRUE,1067,1067,1873,"Atlético Madrid Villalba","Atlético Madrid","VIL",1046,195,"Taugrés","Taugrés","TAU",1,92,12000,6,19,31,29,55,52,16,22,72,22,12,34,13,5,11,0,6,0,2,25,17,86,0,0,10,0,0,920,1050,0,0,0,0,0,0,0,0,0
1591133,1,"Liga Nacional","Liga Endesa",-402534000,NA,"https://www.acb.com/Documentos/Cabeceras/logo-competicion-1b.png","https://www.acb.com/Documentos/Cabeceras/logo-competicion-4a.png",55,1990,107,NA,NA,1231,6798,NA,NA,FALSE,1046,1067,1873,"Atlético Madrid Villalba","Atlético Madrid","VIL",1046,195,"Taugrés","Taugrés","TAU",1,105,12000,8,20,40,28,46,60.87,25,26,96.15,28,6,34,9,3,9,0,1,0,1,17,23,118,0,0,0,1,0,105,92,0,NA,0,0,0,0,0,0,0
1591152,1,"Liga Nacional","Liga Endesa",-402534000,NA,"https://www.acb.com/Documentos/Cabeceras/logo-competicion-1b.png","https://www.acb.com/Documentos/Cabeceras/logo-competicion-4a.png",55,1990,107,NA,NA,1231,6799,NA,NA,TRUE,1048,1048,1343,"Dyc Breogán","Dyc Breogán","BRE",1060,1676,"OAR Ferrol","OAR Ferrol","FER",1,68,12000,3,5,60,24,61,39,11,19,57,25,11,36,9,8,17,0,1,0,1,18,18,58,0,0,0,8,0,544,512,0,0,0,0,0,0,0,0,0
1591153,1,"Liga Nacional","Liga Endesa",-402534000,NA,"https://www.acb.com/Documentos/Cabeceras/logo-competicion-1b.png","https://www.acb.com/Documentos/Cabeceras/logo-competicion-4a.png",55,1990,107,NA,NA,1231,6799,NA,NA,FALSE,1060,1048,1343,"Dyc Breogán","Dyc Breogán","BRE",1060,1676,"OAR Ferrol","OAR Ferrol","FER",1,64,12000,4,11,36.36,19,42,45.24,14,22,63.64,21,5,26,8,11,14,0,4,0,3,18,18,61,0,0,1,0,0,64,68,0,NA,0,0,0,0,0,0,0
1591201,1,"Liga Nacional","Liga Endesa",-402534000,NA,"https://www.acb.com/Documentos/Cabeceras/logo-competicion-1b.png","https://www.acb.com/Documentos/Cabeceras/logo-competicion-4a.png",55,1990,107,NA,NA,1231,6801,NA,NA,TRUE,1056,1056,2485,"Real Madrid Otaysa","Real Madrid","RMB",1053,1546,"Huesca La Magia","Huesca La Magia","HUE",1,64,12000,1,5,20,25,38,65,11,18,61,21,4,25,16,12,21,0,2,0,3,22,15,67,0,0,0,8,0,512,448,0,0,0,0,0,0,0,0,0
1591202,1,"Liga Nacional","Liga Endesa",-402534000,NA,"https://www.acb.com/Documentos/Cabeceras/logo-competicion-1b.png","https://www.acb.com/Documentos/Cabeceras/logo-competicion-4a.png",55,1990,107,NA,NA,1231,6801,NA,NA,FALSE,1053,1056,2485,"Real Madrid Otaysa","Real Madrid","RMB",1053,1546,"Huesca La Magia","Huesca La Magia","HUE",1,56,12000,2,12,16,18,49,36,14,15,93,14,15,29,4,5,18,0,2,0,0,15,22,43,0,0,9,0,0,504,576,0,0,0,0,0,0,0,0,0
1591248,1,"Liga Nacional","Liga Endesa",-402534000,NA,"https://www.acb.com/Documentos/Cabeceras/logo-competicion-1b.png","https://www.acb.com/Documentos/Cabeceras/logo-competicion-4a.png",55,1990,107,NA,NA,1232,6803,NA,NA,TRUE,1066,1066,1832,"Fórum Valladolid","Fórum Vall.","FOR",1061,1705,"Caixa Ourense","Caixa Ourense","OUR",1,95,12000,6,9,66,28,64,43,21,24,87,25,13,38,11,6,10,0,2,0,4,19,23,104,0,0,0,10,0,950,790,0,0,0,0,0,0,0,0,0
1591249,1,"Liga Nacional","Liga Endesa",-402534000,NA,"https://www.acb.com/Documentos/Cabeceras/logo-competicion-1b.png","https://www.acb.com/Documentos/Cabeceras/logo-competicion-4a.png",55,1990,107,NA,NA,1232,6803,NA,NA,FALSE,1061,1066,1832,"Fórum Valladolid","Fórum Vall.","FOR",1061,1705,"Caixa Ourense","Caixa Ourense","OUR",1,79,12000,4,12,33.33,24,58,41.38,19,26,73.08,22,10,32,13,7,14,0,3,0,0,22,19,68,0,0,1,0,0,79,95,0,NA,0,0,0,0,0,0,0
1591488,1,"Liga Nacional","Liga Endesa",-402534000,NA,"https://www.acb.com/Documentos/Cabeceras/logo-competicion-1b.png","https://www.acb.com/Documentos/Cabeceras/logo-competicion-4a.png",55,1990,107,NA,NA,1232,6813,NA,NA,TRUE,1059,1059,897,"Zumos Júver Murcia","Júver Murcia","MUR",1057,849,"TDK Manresa","TDK Manresa","MAN",1,79,12000,4,11,36,26,61,42,15,20,75,24,10,34,12,12,8,0,2,0,0,16,19,87,0,0,0,9,0,711,612,0,0,0,0,0,0,0,0,0
1591489,1,"Liga Nacional","Liga Endesa",-402534000,NA,"https://www.acb.com/Documentos/Cabeceras/logo-competicion-1b.png","https://www.acb.com/Documentos/Cabeceras/logo-competicion-4a.png",55,1990,107,NA,NA,1232,6813,NA,NA,FALSE,1057,1059,897,"Zumos Júver Murcia","Júver Murcia","MUR",1057,849,"TDK Manresa","TDK Manresa","MAN",1,68,12000,2,9,22.22,25,51,49.02,12,15,80,24,3,27,12,7,15,0,5,0,5,19,16,65,0,0,1,0,0,68,79,0,NA,0,0,0,0,0,0,0
1591223,1,"Liga Nacional","Liga Endesa",-402534000,NA,"https://www.acb.com/Documentos/Cabeceras/logo-competicion-1b.png","https://www.acb.com/Documentos/Cabeceras/logo-competicion-4a.png",55,1990,107,NA,NA,1232,6802,NA,NA,FALSE,1049,1058,1624,"Mayoral Maristas","May. Maristas","MAY",1049,1391,"Cajacanarias","Cajacanarias","CAN",1,83,12000,5,10,50,24,53,45,20,34,58,19,9,28,4,10,11,0,6,0,1,16,26,82,0,0,0,7,0,581,560,0,0,0,0,0,0,0,0,0
1591222,1,"Liga Nacional","Liga Endesa",-402534000,NA,"https://www.acb.com/Documentos/Cabeceras/logo-competicion-1b.png","https://www.acb.com/Documentos/Cabeceras/logo-competicion-4a.png",55,1990,107,NA,NA,1232,6802,NA,NA,TRUE,1058,1058,1624,"Mayoral Maristas","May. Maristas","MAY",1049,1391,"Cajacanarias","Cajacanarias","CAN",1,80,12000,3,10,30,31,69,44,9,13,69,28,17,45,15,10,13,0,8,0,3,26,17,87,0,0,11,0,0,800,830,0,0,0,0,0,0,0,0,0
1591267,1,"Liga Nacional","Liga Endesa",-402534000,NA,"https://www.acb.com/Documentos/Cabeceras/logo-competicion-1b.png","https://www.acb.com/Documentos/Cabeceras/logo-competicion-4a.png",55,1990,107,NA,NA,1232,6804,NA,NA,TRUE,1052,1052,1496,"Grupo IFA Granollers","IFA Granollers","GRN",1054,605,"Montigalá Joventut","Mont. Joventut","JOV",1,75,12000,4,12,33.33,26,62,41.94,11,15,73.33,19,15,34,10,6,14,0,4,0,2,14,19,72,0,0,1,0,0,75,83,0,NA,0,0,0,0,0,0,0
1591268,1,"Liga Nacional","Liga Endesa",-402534000,NA,"https://www.acb.com/Documentos/Cabeceras/logo-competicion-1b.png","https://www.acb.com/Documentos/Cabeceras/logo-competicion-4a.png",55,1990,107,NA,NA,1232,6804,NA,NA,FALSE,1054,1052,1496,"Grupo IFA Granollers","IFA Granollers","GRN",1054,605,"Montigalá Joventut","Mont. Joventut","JOV",1,83,12000,4,10,40,32,60,53.33,7,11,63.64,28,10,38,11,6,12,0,3,0,2,19,14,86,0,0,0,1,0,83,75,0,NA,0,0,0,0,0,0,0
1591290,1,"Liga Nacional","Liga Endesa",-402534000,NA,"https://www.acb.com/Documentos/Cabeceras/logo-competicion-1b.png","https://www.acb.com/Documentos/Cabeceras/logo-competicion-4a.png",55,1990,107,NA,NA,1232,6805,NA,NA,FALSE,1055,1065,1107,"Caja San Fernando","C. San Fernando","CSF",1055,1592,"Elosúa León","Elosúa León","LEO",1,78,12000,3,12,25,21,47,44,27,32,84,21,14,35,8,9,13,0,4,0,1,24,25,82,0,0,10,0,0,780,860,0,0,0,0,0,0,0,0,0
1591289,1,"Liga Nacional","Liga Endesa",-402534000,NA,"https://www.acb.com/Documentos/Cabeceras/logo-competicion-1b.png","https://www.acb.com/Documentos/Cabeceras/logo-competicion-4a.png",55,1990,107,NA,NA,1232,6805,NA,NA,TRUE,1065,1065,1107,"Caja San Fernando","C. San Fernando","CSF",1055,1592,"Elosúa León","Elosúa León","LEO",1,86,12000,7,19,36,26,43,60,13,23,56,24,7,31,9,7,15,0,7,0,1,25,24,85,0,0,0,10,0,860,780,0,0,0,0,0,0,0,0,0
1591313,1,"Liga Nacional","Liga Endesa",-402534000,NA,"https://www.acb.com/Documentos/Cabeceras/logo-competicion-1b.png","https://www.acb.com/Documentos/Cabeceras/logo-competicion-4a.png",55,1990,107,NA,NA,1232,6806,NA,NA,TRUE,1051,1051,1453,"Valvi Girona","Valvi Girona","GIR",1062,1734,"Puleva Granada","Puleva Granada","OXI",1,92,12000,2,8,25,35,62,56,16,23,69,34,12,46,28,6,10,0,3,0,1,23,22,124,0,0,0,9,0,828,639,0,0,0,0,0,0,0,0,0
1591314,1,"Liga Nacional","Liga Endesa",-402534000,NA,"https://www.acb.com/Documentos/Cabeceras/logo-competicion-1b.png","https://www.acb.com/Documentos/Cabeceras/logo-competicion-4a.png",55,1990,107,NA,NA,1232,6806,NA,NA,FALSE,1062,1051,1453,"Valvi Girona","Valvi Girona","GIR",1062,1734,"Puleva Granada","Puleva Granada","OXI",1,71,12000,2,9,22.22,24,55,43.64,17,25,68,23,8,31,10,7,11,0,3,0,4,22,23,66,0,0,1,0,0,71,92,0,NA,0,0,0,0,0,0,0
1591365,1,"Liga Nacional","Liga Endesa",-402534000,NA,"https://www.acb.com/Documentos/Cabeceras/logo-competicion-1b.png","https://www.acb.com/Documentos/Cabeceras/logo-competicion-4a.png",55,1990,107,NA,NA,1232,6808,NA,NA,TRUE,1063,1063,939,"Pamesa Valencia","Pamesa Valencia","PAM",1056,2485,"Real Madrid Otaysa","Real Madrid","RMB",1,72,12000,7,17,41,20,48,41,11,19,57,17,12,29,18,10,9,0,5,0,1,20,20,79,0,0,10,0,0,720,760,0,0,0,0,0,0,0,0,0
1591366,1,"Liga Nacional","Liga Endesa",-402534000,NA,"https://www.acb.com/Documentos/Cabeceras/logo-competicion-1b.png","https://www.acb.com/Documentos/Cabeceras/logo-competicion-4a.png",55,1990,107,NA,NA,1232,6808,NA,NA,FALSE,1056,1063,939,"Pamesa Valencia","Pamesa Valencia","PAM",1056,2485,"Real Madrid Otaysa","Real Madrid","RMB",1,76,12000,7,10,70,22,47,46,11,16,68,27,9,36,15,6,14,0,4,0,2,20,20,90,0,0,0,9,0,684,648,0,0,0,0,0,0,0,0,0
1591393,1,"Liga Nacional","Liga Endesa",-402534000,NA,"https://www.acb.com/Documentos/Cabeceras/logo-competicion-1b.png","https://www.acb.com/Documentos/Cabeceras/logo-competicion-4a.png",55,1990,107,NA,NA,1232,6809,NA,NA,TRUE,1053,1053,1546,"Huesca La Magia","Huesca La Magia","HUE",1045,79,"FC Barcelona","FC Barcelona","FCB",1,65,12000,5,13,38,17,45,37,16,19,84,19,12,31,6,6,13,0,1,0,0,18,18,57,0,0,9,0,0,585,693,0,0,0,0,0,0,0,0,0
1591394,1,"Liga Nacional","Liga Endesa",-402534000,NA,"https://www.acb.com/Documentos/Cabeceras/logo-competicion-1b.png","https://www.acb.com/Documentos/Cabeceras/logo-competicion-4a.png",55,1990,107,NA,NA,1232,6809,NA,NA,FALSE,1045,1053,1546,"Huesca La Magia","Huesca La Magia","HUE",1045,79,"FC Barcelona","FC Barcelona","FCB",1,77,12000,2,4,50,30,48,62,11,20,55,22,3,25,13,5,9,0,0,0,6,18,18,82,0,0,0,8,0,616,520,0,0,0,0,0,0,0,0,0
1591440,1,"Liga Nacional","Liga Endesa",-402534000,NA,"https://www.acb.com/Documentos/Cabeceras/logo-competicion-1b.png","https://www.acb.com/Documentos/Cabeceras/logo-competicion-4a.png",55,1990,107,NA,NA,1232,6811,NA,NA,TRUE,1060,1060,1676,"OAR Ferrol","OAR Ferrol","FER",1067,1873,"Atlético Madrid Villalba","Atlético Madrid","VIL",1,84,12000,3,13,23,27,54,50,21,28,75,23,6,29,19,17,13,0,3,0,3,25,24,94,0,0,10,0,0,756,801,0,0,0,0,0,0,0,0,0
1591441,1,"Liga Nacional","Liga Endesa",-402534000,NA,"https://www.acb.com/Documentos/Cabeceras/logo-competicion-1b.png","https://www.acb.com/Documentos/Cabeceras/logo-competicion-4a.png",55,1990,107,NA,NA,1232,6811,NA,NA,FALSE,1067,1060,1676,"OAR Ferrol","OAR Ferrol","FER",1067,1873,"Atlético Madrid Villalba","Atlético Madrid","VIL",1,89,12000,5,10,50,28,56,50,18,30,60,26,11,37,27,13,17,0,3,0,2,24,24,107,0,0,0,10,0,890,840,0,0,0,0,0,0,0,0,0
1591464,1,"Liga Nacional","Liga Endesa",-402534000,NA,"https://www.acb.com/Documentos/Cabeceras/logo-competicion-1b.png","https://www.acb.com/Documentos/Cabeceras/logo-competicion-4a.png",55,1990,107,NA,NA,1232,6812,NA,NA,FALSE,1064,1046,195,"Taugrés","Taugrés","TAU",1064,1034,"Caja de Ronda","Caja de Ronda","RON",1,67,12000,3,10,30,20,42,47,18,28,64,19,8,27,10,5,10,0,1,0,1,12,24,73,0,0,0,7,0,469,420,0,0,0,0,0,0,0,0,0
1591463,1,"Liga Nacional","Liga Endesa",-402534000,NA,"https://www.acb.com/Documentos/Cabeceras/logo-competicion-1b.png","https://www.acb.com/Documentos/Cabeceras/logo-competicion-4a.png",55,1990,107,NA,NA,1232,6812,NA,NA,TRUE,1046,1046,195,"Taugrés","Taugrés","TAU",1064,1034,"Caja de Ronda","Caja de Ronda","RON",1,60,12000,7,24,29.17,19,41,46.34,1,1,100,21,10,31,12,4,9,0,0,0,3,26,12,45,0,0,1,0,0,60,67,0,NA,0,0,0,0,0,0,0
1591414,1,"Liga Nacional","Liga Endesa",-402534000,NA,"https://www.acb.com/Documentos/Cabeceras/logo-competicion-1b.png","https://www.acb.com/Documentos/Cabeceras/logo-competicion-4a.png",55,1990,107,NA,NA,1232,6810,NA,NA,FALSE,1048,1047,1328,"Cajabilbao","Cajabilbao","BIL",1048,1343,"Dyc Breogán","Dyc Breogán","BRE",1,84,12000,2,6,33,33,51,64,12,19,63,13,9,22,5,19,15,0,3,0,3,15,19,93,0,0,0,7,0,588,574,0,0,0,0,0,0,0,0,0
1591413,1,"Liga Nacional","Liga Endesa",-402534000,NA,"https://www.acb.com/Documentos/Cabeceras/logo-competicion-1b.png","https://www.acb.com/Documentos/Cabeceras/logo-competicion-4a.png",55,1990,107,NA,NA,1232,6810,NA,NA,TRUE,1047,1047,1328,"Cajabilbao","Cajabilbao","BIL",1048,1343,"Dyc Breogán","Dyc Breogán","BRE",1,82,12000,6,11,54,29,48,60,6,11,54,14,1,15,17,18,18,0,1,0,4,20,14,80,0,0,9,0,0,738,756,0,0,0,0,0,0,0,0,0
1591339,1,"Liga Nacional","Liga Endesa",-402534000,NA,"https://www.acb.com/Documentos/Cabeceras/logo-competicion-1b.png","https://www.acb.com/Documentos/Cabeceras/logo-competicion-4a.png",55,1990,107,NA,NA,1232,6807,NA,NA,TRUE,1050,1050,441,"Estudiantes Caja Postal","Estudiantes CP","EST",1068,1896,"CAI Zaragoza","CAI Zaragoza","CBZ",1,96,13500,4,13,30,31,60,51,22,30,73,23,14,37,18,10,15,0,1,0,4,26,29,104,0,0,0,9,0,864,819,0,0,0,0,0,0,0,0,0
1591340,1,"Liga Nacional","Liga Endesa",-402534000,NA,"https://www.acb.com/Documentos/Cabeceras/logo-competicion-1b.png","https://www.acb.com/Documentos/Cabeceras/logo-competicion-4a.png",55,1990,107,NA,NA,1232,6807,NA,NA,FALSE,1068,1050,441,"Estudiantes Caja Postal","Estudiantes CP","EST",1068,1896,"CAI Zaragoza","CAI Zaragoza","CBZ",1,91,13500,7,20,35,25,52,48.08,20,29,68.97,27,12,39,17,8,17,0,5,0,2,29,26,91,0,0,1,0,0,91,96,0,NA,0,0,0,0,0,0,0
1591514,1,"Liga Nacional","Liga Endesa",-402534000,NA,"https://www.acb.com/Documentos/Cabeceras/logo-competicion-1b.png","https://www.acb.com/Documentos/Cabeceras/logo-competicion-4a.png",55,1990,107,NA,NA,1233,6814,NA,NA,FALSE,1065,1056,2485,"Real Madrid Otaysa","Real Madrid","RMB",1065,1107,"Caja San Fernando","C. San Fernando","CSF",1,87,12000,8,17,47,22,42,52,19,24,79,15,8,23,17,6,10,0,2,0,0,19,20,92,0,0,8,0,0,696,752,0,0,0,0,0,0,0,0,0
1591513,1,"Liga Nacional","Liga Endesa",-402534000,NA,"https://www.acb.com/Documentos/Cabeceras/logo-competicion-1b.png","https://www.acb.com/Documentos/Cabeceras/logo-competicion-4a.png",55,1990,107,NA,NA,1233,6814,NA,NA,TRUE,1056,1056,2485,"Real Madrid Otaysa","Real Madrid","RMB",1065,1107,"Caja San Fernando","C. San Fernando","CSF",1,94,12000,4,10,40,32,56,57,18,22,81,17,13,30,20,9,10,0,3,0,9,20,17,109,0,0,0,9,0,846,783,0,0,0,0,0,0,0,0,0
1591658,1,"Liga Nacional","Liga Endesa",-402534000,NA,"https://www.acb.com/Documentos/Cabeceras/logo-competicion-1b.png","https://www.acb.com/Documentos/Cabeceras/logo-competicion-4a.png",55,1990,107,NA,NA,1233,6820,NA,NA,TRUE,1049,1049,1391,"Cajacanarias","Cajacanarias","CAN",1060,1676,"OAR Ferrol","OAR Ferrol","FER",1,87,12000,8,24,33,28,48,58,7,13,53,17,15,32,10,13,17,0,5,0,4,22,2,68,0,0,10,0,0,870,920,0,0,0,0,0,0,0,0,0
1591659,1,"Liga Nacional","Liga Endesa",-402534000,NA,"https://www.acb.com/Documentos/Cabeceras/logo-competicion-1b.png","https://www.acb.com/Documentos/Cabeceras/logo-competicion-4a.png",55,1990,107,NA,NA,1233,6820,NA,NA,FALSE,1060,1049,1391,"Cajacanarias","Cajacanarias","CAN",1060,1676,"OAR Ferrol","OAR Ferrol","FER",1,92,12000,7,13,53.85,28,53,52.83,15,22,68.18,11,7,18,20,16,12,0,2,0,4,17,1,82,0,0,0,1,0,92,87,0,NA,0,0,0,0,0,0,0
1591706,1,"Liga Nacional","Liga Endesa",-402534000,NA,"https://www.acb.com/Documentos/Cabeceras/logo-competicion-1b.png","https://www.acb.com/Documentos/Cabeceras/logo-competicion-4a.png",55,1990,107,NA,NA,1233,6822,NA,NA,TRUE,1048,1048,1343,"Dyc Breogán","Dyc Breogán","BRE",1062,1734,"Puleva Granada","Puleva Granada","OXI",1,65,12000,5,16,31,22,51,43,6,12,50,15,15,30,10,12,13,0,1,0,1,18,15,56,0,0,8,0,0,520,568,0,0,0,0,0,0,0,0,0
1591707,1,"Liga Nacional","Liga Endesa",-402534000,NA,"https://www.acb.com/Documentos/Cabeceras/logo-competicion-1b.png","https://www.acb.com/Documentos/Cabeceras/logo-competicion-4a.png",55,1990,107,NA,NA,1233,6822,NA,NA,FALSE,1062,1048,1343,"Dyc Breogán","Dyc Breogán","BRE",1062,1734,"Puleva Granada","Puleva Granada","OXI",1,71,12000,5,8,62.5,22,40,55,12,18,66.67,24,6,30,4,9,16,0,1,0,4,15,18,75,0,0,0,1,0,71,65,0,NA,0,0,0,0,0,0,0
1591756,1,"Liga Nacional","Liga Endesa",-402534000,NA,"https://www.acb.com/Documentos/Cabeceras/logo-competicion-1b.png","https://www.acb.com/Documentos/Cabeceras/logo-competicion-4a.png",55,1990,107,NA,NA,1233,6824,NA,NA,FALSE,1059,1061,1705,"Caixa Ourense","Caixa Ourense","OUR",1059,897,"Zumos Júver Murcia","Júver Murcia","MUR",1,73,12000,5,15,33,24,51,47,10,17,58,26,9,35,10,10,10,0,2,0,1,25,18,69,0,0,9,0,0,657,792,0,0,0,0,0,0,0,0,0
1591755,1,"Liga Nacional","Liga Endesa",-402534000,NA,"https://www.acb.com/Documentos/Cabeceras/logo-competicion-1b.png","https://www.acb.com/Documentos/Cabeceras/logo-competicion-4a.png",55,1990,107,NA,NA,1233,6824,NA,NA,TRUE,1061,1061,1705,"Caixa Ourense","Caixa Ourense","OUR",1059,897,"Zumos Júver Murcia","Júver Murcia","MUR",1,88,12000,4,14,28.57,29,52,55.77,18,30,60,34,15,49,20,10,10,0,2,0,5,18,24,120,0,0,0,1,0,88,73,0,NA,0,0,0,0,0,0,0
1591730,1,"Liga Nacional","Liga Endesa",-402534000,NA,"https://www.acb.com/Documentos/Cabeceras/logo-competicion-1b.png","https://www.acb.com/Documentos/Cabeceras/logo-competicion-4a.png",55,1990,107,NA,NA,1233,6823,NA,NA,FALSE,1051,1057,849,"TDK Manresa","TDK Manresa","MAN",1051,1453,"Valvi Girona","Valvi Girona","GIR",1,87,12000,5,10,50,34,52,65,4,5,80,16,7,23,10,6,9,0,1,0,0,24,15,85,0,0,0,9,0,783,603,0,0,0,0,0,0,0,0,0
1591729,1,"Liga Nacional","Liga Endesa",-402534000,NA,"https://www.acb.com/Documentos/Cabeceras/logo-competicion-1b.png","https://www.acb.com/Documentos/Cabeceras/logo-competicion-4a.png",55,1990,107,NA,NA,1233,6823,NA,NA,TRUE,1057,1057,849,"TDK Manresa","TDK Manresa","MAN",1051,1453,"Valvi Girona","Valvi Girona","GIR",1,67,12000,2,10,20,20,32,62.5,21,28,75,14,7,21,11,4,17,0,3,0,1,15,23,70,0,0,1,0,0,67,87,0,NA,0,0,0,0,0,0,0
1591541,1,"Liga Nacional","Liga Endesa",-402534000,NA,"https://www.acb.com/Documentos/Cabeceras/logo-competicion-1b.png","https://www.acb.com/Documentos/Cabeceras/logo-competicion-4a.png",55,1990,107,NA,NA,1233,6815,NA,NA,FALSE,1066,1067,1873,"Atlético Madrid Villalba","Atlético Madrid","VIL",1066,1832,"Fórum Valladolid","Fórum Vall.","FOR",1,80,12000,6,10,60,25,47,53,12,20,60,22,8,30,7,7,12,0,0,0,1,21,22,79,0,0,0,9,0,720,711,0,0,0,0,0,0,0,0,0
1591540,1,"Liga Nacional","Liga Endesa",-402534000,NA,"https://www.acb.com/Documentos/Cabeceras/logo-competicion-1b.png","https://www.acb.com/Documentos/Cabeceras/logo-competicion-4a.png",55,1990,107,NA,NA,1233,6815,NA,NA,TRUE,1067,1067,1873,"Atlético Madrid Villalba","Atlético Madrid","VIL",1066,1832,"Fórum Valladolid","Fórum Vall.","FOR",1,79,12000,4,7,57,27,55,49,13,21,61,21,10,31,14,12,11,0,4,0,2,22,22,90,0,0,9,0,0,711,720,0,0,0,0,0,0,0,0,0
1591567,1,"Liga Nacional","Liga Endesa",-402534000,NA,"https://www.acb.com/Documentos/Cabeceras/logo-competicion-1b.png","https://www.acb.com/Documentos/Cabeceras/logo-competicion-4a.png",55,1990,107,NA,NA,1233,6816,NA,NA,FALSE,1064,1054,605,"Montigalá Joventut","Mont. Joventut","JOV",1064,1034,"Caja de Ronda","Caja de Ronda","RON",1,56,12000,4,18,22,19,54,35,6,10,60,19,8,27,7,7,11,0,2,0,0,9,10,36,0,0,9,0,0,504,774,0,0,0,0,0,0,0,0,0
1591566,1,"Liga Nacional","Liga Endesa",-402534000,NA,"https://www.acb.com/Documentos/Cabeceras/logo-competicion-1b.png","https://www.acb.com/Documentos/Cabeceras/logo-competicion-4a.png",55,1990,107,NA,NA,1233,6816,NA,NA,TRUE,1054,1054,605,"Montigalá Joventut","Mont. Joventut","JOV",1064,1034,"Caja de Ronda","Caja de Ronda","RON",1,86,12000,4,13,30.77,34,60,56.67,6,7,85.71,37,12,49,13,7,10,0,1,0,2,11,9,108,0,0,0,1,0,86,56,0,NA,0,0,0,0,0,0,0
1591587,1,"Liga Nacional","Liga Endesa",-402534000,NA,"https://www.acb.com/Documentos/Cabeceras/logo-competicion-1b.png","https://www.acb.com/Documentos/Cabeceras/logo-competicion-4a.png",55,1990,107,NA,NA,1233,6817,NA,NA,TRUE,1068,1068,1896,"CAI Zaragoza","CAI Zaragoza","CBZ",1046,195,"Taugrés","Taugrés","TAU",1,82,12000,6,24,25,25,48,52.08,14,22,63.64,21,14,35,10,6,14,0,2,0,0,20,19,71,0,0,1,0,0,82,101,0,NA,0,0,0,0,0,0,0
1591588,1,"Liga Nacional","Liga Endesa",-402534000,NA,"https://www.acb.com/Documentos/Cabeceras/logo-competicion-1b.png","https://www.acb.com/Documentos/Cabeceras/logo-competicion-4a.png",55,1990,107,NA,NA,1233,6817,NA,NA,FALSE,1046,1068,1896,"CAI Zaragoza","CAI Zaragoza","CBZ",1046,195,"Taugrés","Taugrés","TAU",1,101,12000,4,10,40,38,64,59.38,13,20,65,26,10,36,21,8,9,0,0,0,3,19,20,119,0,0,0,1,0,101,82,0,NA,0,0,0,0,0,0,0
1591779,1,"Liga Nacional","Liga Endesa",-402534000,NA,"https://www.acb.com/Documentos/Cabeceras/logo-competicion-1b.png","https://www.acb.com/Documentos/Cabeceras/logo-competicion-4a.png",55,1990,107,NA,NA,1233,6825,NA,NA,FALSE,1047,1058,1624,"Mayoral Maristas","May. Maristas","MAY",1047,1328,"Cajabilbao","Cajabilbao","BIL",1,58,12000,3,4,75,21,58,36,7,14,50,22,11,33,11,10,22,0,3,0,2,19,17,46,0,0,9,0,0,522,693,0,0,0,0,0,0,0,0,0
1591778,1,"Liga Nacional","Liga Endesa",-402534000,NA,"https://www.acb.com/Documentos/Cabeceras/logo-competicion-1b.png","https://www.acb.com/Documentos/Cabeceras/logo-competicion-4a.png",55,1990,107,NA,NA,1233,6825,NA,NA,TRUE,1058,1058,1624,"Mayoral Maristas","May. Maristas","MAY",1047,1328,"Cajabilbao","Cajabilbao","BIL",1,77,12000,3,9,33,27,54,50,14,15,93,25,8,33,17,11,18,0,5,0,3,17,19,93,0,0,0,11,0,770,580,0,0,0,0,0,0,0,0,0
1591616,1,"Liga Nacional","Liga Endesa",-402534000,NA,"https://www.acb.com/Documentos/Cabeceras/logo-competicion-1b.png","https://www.acb.com/Documentos/Cabeceras/logo-competicion-4a.png",55,1990,107,NA,NA,1233,6818,NA,NA,TRUE,1045,1045,79,"FC Barcelona","FC Barcelona","FCB",1050,441,"Estudiantes Caja Postal","Estudiantes CP","EST",1,93,12000,9,17,52,21,35,60,24,29,82,16,2,18,22,5,11,0,0,0,2,24,24,100,0,0,0,8,0,744,648,0,0,0,0,0,0,0,0,0
1591617,1,"Liga Nacional","Liga Endesa",-402534000,NA,"https://www.acb.com/Documentos/Cabeceras/logo-competicion-1b.png","https://www.acb.com/Documentos/Cabeceras/logo-competicion-4a.png",55,1990,107,NA,NA,1233,6818,NA,NA,FALSE,1050,1045,79,"FC Barcelona","FC Barcelona","FCB",1050,441,"Estudiantes Caja Postal","Estudiantes CP","EST",1,81,12000,0,7,0,33,56,58,15,20,75,16,12,28,8,5,11,0,0,0,2,24,24,76,0,0,10,0,0,810,930,0,0,0,0,0,0,0,0,0
1591638,1,"Liga Nacional","Liga Endesa",-402534000,NA,"https://www.acb.com/Documentos/Cabeceras/logo-competicion-1b.png","https://www.acb.com/Documentos/Cabeceras/logo-competicion-4a.png",55,1990,107,NA,NA,1233,6819,NA,NA,TRUE,1063,1063,939,"Pamesa Valencia","Pamesa Valencia","PAM",1052,1496,"Grupo IFA Granollers","IFA Granollers","GRN",1,58,12000,4,22,18,20,42,47,6,8,75,25,8,33,16,4,14,0,7,0,1,18,11,55,0,0,8,0,0,464,472,0,0,0,0,0,0,0,0,0
1591639,1,"Liga Nacional","Liga Endesa",-402534000,NA,"https://www.acb.com/Documentos/Cabeceras/logo-competicion-1b.png","https://www.acb.com/Documentos/Cabeceras/logo-competicion-4a.png",55,1990,107,NA,NA,1233,6819,NA,NA,FALSE,1052,1063,939,"Pamesa Valencia","Pamesa Valencia","PAM",1052,1496,"Grupo IFA Granollers","IFA Granollers","GRN",1,59,12000,1,6,16.67,25,51,49.02,6,14,42.86,21,7,28,13,8,13,0,8,0,0,13,18,69,0,0,0,1,0,59,58,0,NA,0,0,0,0,0,0,0
1591688,1,"Liga Nacional","Liga Endesa",-402534000,NA,"https://www.acb.com/Documentos/Cabeceras/logo-competicion-1b.png","https://www.acb.com/Documentos/Cabeceras/logo-competicion-4a.png",55,1990,107,NA,NA,1233,6821,NA,NA,FALSE,1053,1055,1592,"Elosúa León","Elosúa León","LEO",1053,1546,"Huesca La Magia","Huesca La Magia","HUE",1,98,12000,4,8,50,33,52,63,20,27,74,22,5,27,11,12,15,0,9,0,1,29,27,110,0,0,0,10,0,980,850,0,0,0,0,0,0,0,0,0
1591687,1,"Liga Nacional","Liga Endesa",-402534000,NA,"https://www.acb.com/Documentos/Cabeceras/logo-competicion-1b.png","https://www.acb.com/Documentos/Cabeceras/logo-competicion-4a.png",55,1990,107,NA,NA,1233,6821,NA,NA,TRUE,1055,1055,1592,"Elosúa León","Elosúa León","LEO",1053,1546,"Huesca La Magia","Huesca La Magia","HUE",1,85,12000,3,11,27,27,55,49,22,30,73,19,13,32,7,14,13,0,0,0,0,27,30,84,0,0,10,0,0,850,980,0,0,0,0,0,0,0,0,0
1591826,1,"Liga Nacional","Liga Endesa",-402534000,NA,"https://www.acb.com/Documentos/Cabeceras/logo-competicion-1b.png","https://www.acb.com/Documentos/Cabeceras/logo-competicion-4a.png",55,1990,107,NA,NA,1234,6827,NA,NA,FALSE,1056,1066,1832,"Fórum Valladolid","Fórum Vall.","FOR",1056,2485,"Real Madrid Otaysa","Real Madrid","RMB",1,80,12000,6,11,54,25,57,43,12,18,66,23,14,37,8,3,14,0,4,0,2,20,18,73,0,0,9,0,0,720,756,0,0,0,0,0,0,0,0,0
1591825,1,"Liga Nacional","Liga Endesa",-402534000,NA,"https://www.acb.com/Documentos/Cabeceras/logo-competicion-1b.png","https://www.acb.com/Documentos/Cabeceras/logo-competicion-4a.png",55,1990,107,NA,NA,1234,6827,NA,NA,TRUE,1066,1066,1832,"Fórum Valladolid","Fórum Vall.","FOR",1056,2485,"Real Madrid Otaysa","Real Madrid","RMB",1,84,12000,6,22,27,26,53,49,14,19,73,19,13,32,15,9,8,0,5,0,1,18,20,91,0,0,0,10,0,840,800,0,0,0,0,0,0,0,0,0
1592046,1,"Liga Nacional","Liga Endesa",-402534000,NA,"https://www.acb.com/Documentos/Cabeceras/logo-competicion-1b.png","https://www.acb.com/Documentos/Cabeceras/logo-competicion-4a.png",55,1990,107,NA,NA,1234,6836,NA,NA,FALSE,1058,1059,897,"Zumos Júver Murcia","Júver Murcia","MUR",1058,1624,"Mayoral Maristas","May. Maristas","MAY",1,83,12000,0,2,0,27,54,50,29,41,70,14,13,27,11,12,12,0,1,0,2,15,28,94,0,0,0,9,0,664,616,0,0,0,0,0,0,0,0,0
1592045,1,"Liga Nacional","Liga Endesa",-402534000,NA,"https://www.acb.com/Documentos/Cabeceras/logo-competicion-1b.png","https://www.acb.com/Documentos/Cabeceras/logo-competicion-4a.png",55,1990,107,NA,NA,1234,6836,NA,NA,TRUE,1059,1059,897,"Zumos Júver Murcia","Júver Murcia","MUR",1058,1624,"Mayoral Maristas","May. Maristas","MAY",1,77,12000,4,10,40,30,58,51,5,8,62,20,13,33,15,11,13,0,1,0,0,30,15,72,0,0,9,0,0,693,747,0,0,0,0,0,0,0,0,0
1591871,1,"Liga Nacional","Liga Endesa",-402534000,NA,"https://www.acb.com/Documentos/Cabeceras/logo-competicion-1b.png","https://www.acb.com/Documentos/Cabeceras/logo-competicion-4a.png",55,1990,107,NA,NA,1234,6829,NA,NA,FALSE,1068,1064,1034,"Caja de Ronda","Caja de Ronda","RON",1068,1896,"CAI Zaragoza","CAI Zaragoza","CBZ",1,84,12000,4,12,33,34,58,58,4,8,50,22,9,31,13,15,12,0,2,0,2,16,16,97,0,0,0,10,0,840,610,0,0,0,0,0,0,0,0,0
1591870,1,"Liga Nacional","Liga Endesa",-402534000,NA,"https://www.acb.com/Documentos/Cabeceras/logo-competicion-1b.png","https://www.acb.com/Documentos/Cabeceras/logo-competicion-4a.png",55,1990,107,NA,NA,1234,6829,NA,NA,TRUE,1064,1064,1034,"Caja de Ronda","Caja de Ronda","RON",1068,1896,"CAI Zaragoza","CAI Zaragoza","CBZ",1,61,12000,3,17,17,24,45,53,4,7,57,16,11,27,9,7,14,0,2,0,1,14,15,55,0,0,9,0,0,549,756,0,0,0,0,0,0,0,0,0
1591926,1,"Liga Nacional","Liga Endesa",-402534000,NA,"https://www.acb.com/Documentos/Cabeceras/logo-competicion-1b.png","https://www.acb.com/Documentos/Cabeceras/logo-competicion-4a.png",55,1990,107,NA,NA,1234,6831,NA,NA,FALSE,1045,1052,1496,"Grupo IFA Granollers","IFA Granollers","GRN",1045,79,"FC Barcelona","FC Barcelona","FCB",1,87,12000,2,8,25,30,52,57,21,32,65,16,13,29,11,6,11,0,3,0,1,24,29,91,0,0,0,8,0,696,672,0,0,0,0,0,0,0,0,0
1591925,1,"Liga Nacional","Liga Endesa",-402534000,NA,"https://www.acb.com/Documentos/Cabeceras/logo-competicion-1b.png","https://www.acb.com/Documentos/Cabeceras/logo-competicion-4a.png",55,1990,107,NA,NA,1234,6831,NA,NA,TRUE,1052,1052,1496,"Grupo IFA Granollers","IFA Granollers","GRN",1045,79,"FC Barcelona","FC Barcelona","FCB",1,84,12000,4,7,57.14,25,40,62.5,22,28,78.57,20,3,23,15,4,14,0,1,0,1,29,23,83,0,0,1,0,0,84,87,0,NA,0,0,0,0,0,0,0
1591800,1,"Liga Nacional","Liga Endesa",-402534000,NA,"https://www.acb.com/Documentos/Cabeceras/logo-competicion-1b.png","https://www.acb.com/Documentos/Cabeceras/logo-competicion-4a.png",55,1990,107,NA,NA,1234,6826,NA,NA,FALSE,1067,1065,1107,"Caja San Fernando","C. San Fernando","CSF",1067,1873,"Atlético Madrid Villalba","Atlético Madrid","VIL",1,80,12000,3,9,33,28,58,48,15,19,78,25,14,39,7,3,9,0,8,0,1,19,23,92,0,0,0,10,0,800,770,0,0,0,0,0,0,0,0,0
1591799,1,"Liga Nacional","Liga Endesa",-402534000,NA,"https://www.acb.com/Documentos/Cabeceras/logo-competicion-1b.png","https://www.acb.com/Documentos/Cabeceras/logo-competicion-4a.png",55,1990,107,NA,NA,1234,6826,NA,NA,TRUE,1065,1065,1107,"Caja San Fernando","C. San Fernando","CSF",1067,1873,"Atlético Madrid Villalba","Atlético Madrid","VIL",1,77,12000,4,15,26,27,51,52,11,14,78,20,10,30,7,6,8,0,0,0,0,23,19,70,0,0,9,0,0,693,720,0,0,0,0,0,0,0,0,0
1591846,1,"Liga Nacional","Liga Endesa",-402534000,NA,"https://www.acb.com/Documentos/Cabeceras/logo-competicion-1b.png","https://www.acb.com/Documentos/Cabeceras/logo-competicion-4a.png",55,1990,107,NA,NA,1234,6828,NA,NA,FALSE,1054,1046,195,"Taugrés","Taugrés","TAU",1054,605,"Montigalá Joventut","Mont. Joventut","JOV",1,67,12000,1,12,8.33,24,56,42.86,16,20,80,22,11,33,4,10,8,0,2,0,1,21,20,60,0,0,1,0,0,67,68,0,NA,0,0,0,0,0,0,0
1591845,1,"Liga Nacional","Liga Endesa",-402534000,NA,"https://www.acb.com/Documentos/Cabeceras/logo-competicion-1b.png","https://www.acb.com/Documentos/Cabeceras/logo-competicion-4a.png",55,1990,107,NA,NA,1234,6828,NA,NA,TRUE,1046,1046,195,"Taugrés","Taugrés","TAU",1054,605,"Montigalá Joventut","Mont. Joventut","JOV",1,68,12000,2,11,18.18,23,45,51.11,16,19,84.21,28,6,34,13,4,15,0,2,0,4,20,21,73,0,0,0,1,0,68,67,0,NA,0,0,0,0,0,0,0
1591949,1,"Liga Nacional","Liga Endesa",-402534000,NA,"https://www.acb.com/Documentos/Cabeceras/logo-competicion-1b.png","https://www.acb.com/Documentos/Cabeceras/logo-competicion-4a.png",55,1990,107,NA,NA,1234,6832,NA,NA,TRUE,1060,1060,1676,"OAR Ferrol","OAR Ferrol","FER",1055,1592,"Elosúa León","Elosúa León","LEO",1,69,12000,3,7,42,26,53,49,8,12,66,15,7,22,21,20,14,0,1,0,3,19,19,84,0,0,10,0,0,621,657,0,0,0,0,0,0,0,0,0
1591950,1,"Liga Nacional","Liga Endesa",-402534000,NA,"https://www.acb.com/Documentos/Cabeceras/logo-competicion-1b.png","https://www.acb.com/Documentos/Cabeceras/logo-competicion-4a.png",55,1990,107,NA,NA,1234,6832,NA,NA,FALSE,1055,1060,1676,"OAR Ferrol","OAR Ferrol","FER",1055,1592,"Elosúa León","Elosúa León","LEO",1,73,12000,3,9,33,26,53,49,12,15,80,23,16,39,23,15,18,0,1,0,2,19,19,97,0,0,0,10,0,730,690,0,0,0,0,0,0,0,0,0
1591975,1,"Liga Nacional","Liga Endesa",-402534000,NA,"https://www.acb.com/Documentos/Cabeceras/logo-competicion-1b.png","https://www.acb.com/Documentos/Cabeceras/logo-competicion-4a.png",55,1990,107,NA,NA,1234,6833,NA,NA,TRUE,1053,1053,1546,"Huesca La Magia","Huesca La Magia","HUE",1049,1391,"Cajacanarias","Cajacanarias","CAN",1,89,12000,5,12,41,29,53,54,16,21,76,15,10,25,9,7,12,0,4,0,0,28,27,85,0,0,0,9,0,801,747,0,0,0,0,0,0,0,0,0
1591976,1,"Liga Nacional","Liga Endesa",-402534000,NA,"https://www.acb.com/Documentos/Cabeceras/logo-competicion-1b.png","https://www.acb.com/Documentos/Cabeceras/logo-competicion-4a.png",55,1990,107,NA,NA,1234,6833,NA,NA,FALSE,1049,1053,1546,"Huesca La Magia","Huesca La Magia","HUE",1049,1391,"Cajacanarias","Cajacanarias","CAN",1,83,12000,3,8,37,25,42,59,24,27,88,22,7,29,7,6,20,0,1,0,2,27,28,82,0,0,9,0,0,747,801,0,0,0,0,0,0,0,0,0
1592001,1,"Liga Nacional","Liga Endesa",-402534000,NA,"https://www.acb.com/Documentos/Cabeceras/logo-competicion-1b.png","https://www.acb.com/Documentos/Cabeceras/logo-competicion-4a.png",55,1990,107,NA,NA,1234,6834,NA,NA,TRUE,1051,1051,1453,"Valvi Girona","Valvi Girona","GIR",1048,1343,"Dyc Breogán","Dyc Breogán","BRE",1,73,12000,2,9,22,27,51,52,13,17,76,21,14,35,17,7,10,0,4,0,0,23,19,87,0,0,0,10,0,730,620,0,0,0,0,0,0,0,0,0
1592002,1,"Liga Nacional","Liga Endesa",-402534000,NA,"https://www.acb.com/Documentos/Cabeceras/logo-competicion-1b.png","https://www.acb.com/Documentos/Cabeceras/logo-competicion-4a.png",55,1990,107,NA,NA,1234,6834,NA,NA,FALSE,1048,1051,1453,"Valvi Girona","Valvi Girona","GIR",1048,1343,"Dyc Breogán","Dyc Breogán","BRE",1,62,12000,4,9,44,18,40,45,14,22,63,15,7,22,10,7,11,0,4,0,0,19,23,63,0,0,9,0,0,558,657,0,0,0,0,0,0,0,0,0
1592020,1,"Liga Nacional","Liga Endesa",-402534000,NA,"https://www.acb.com/Documentos/Cabeceras/logo-competicion-1b.png","https://www.acb.com/Documentos/Cabeceras/logo-competicion-4a.png",55,1990,107,NA,NA,1234,6835,NA,NA,TRUE,1062,1062,1734,"Puleva Granada","Puleva Granada","OXI",1057,849,"TDK Manresa","TDK Manresa","MAN",1,57,12000,3,10,30,23,58,39.66,2,6,33.33,22,5,27,4,10,10,0,3,0,1,19,12,38,0,0,1,0,0,57,58,0,NA,0,0,0,0,0,0,0
1592021,1,"Liga Nacional","Liga Endesa",-402534000,NA,"https://www.acb.com/Documentos/Cabeceras/logo-competicion-1b.png","https://www.acb.com/Documentos/Cabeceras/logo-competicion-4a.png",55,1990,107,NA,NA,1234,6835,NA,NA,FALSE,1057,1062,1734,"Puleva Granada","Puleva Granada","OXI",1057,849,"TDK Manresa","TDK Manresa","MAN",1,58,12000,1,8,12.5,21,40,52.5,13,19,68.42,29,7,36,6,8,19,0,5,0,2,12,19,69,0,0,0,1,0,58,57,0,NA,0,0,0,0,0,0,0
1592067,1,"Liga Nacional","Liga Endesa",-402534000,NA,"https://www.acb.com/Documentos/Cabeceras/logo-competicion-1b.png","https://www.acb.com/Documentos/Cabeceras/logo-competicion-4a.png",55,1990,107,NA,NA,1234,6837,NA,NA,TRUE,1047,1047,1328,"Cajabilbao","Cajabilbao","BIL",1061,1705,"Caixa Ourense","Caixa Ourense","OUR",1,69,12000,2,12,16,24,55,43,15,22,68,17,4,21,6,28,15,0,1,0,5,24,20,58,0,0,10,0,0,690,820,0,0,0,0,0,0,0,0,0
1592068,1,"Liga Nacional","Liga Endesa",-402534000,NA,"https://www.acb.com/Documentos/Cabeceras/logo-competicion-1b.png","https://www.acb.com/Documentos/Cabeceras/logo-competicion-4a.png",55,1990,107,NA,NA,1234,6837,NA,NA,FALSE,1061,1047,1328,"Cajabilbao","Cajabilbao","BIL",1061,1705,"Caixa Ourense","Caixa Ourense","OUR",1,82,12000,5,10,50,26,39,66.67,15,23,65.22,30,3,33,10,17,25,0,5,0,2,19,23,100,0,0,0,1,0,82,69,0,NA,0,0,0,0,0,0,0
1591902,1,"Liga Nacional","Liga Endesa",-402534000,NA,"https://www.acb.com/Documentos/Cabeceras/logo-competicion-1b.png","https://www.acb.com/Documentos/Cabeceras/logo-competicion-4a.png",55,1990,107,NA,NA,1234,6830,NA,NA,TRUE,1050,1050,441,"Estudiantes Caja Postal","Estudiantes CP","EST",1063,939,"Pamesa Valencia","Pamesa Valencia","PAM",1,96,12000,5,14,35,35,57,61,11,20,55,27,10,37,22,13,9,0,1,0,3,18,17,119,0,0,0,11,0,1056,814,0,0,0,0,0,0,0,0,0
1591903,1,"Liga Nacional","Liga Endesa",-402534000,NA,"https://www.acb.com/Documentos/Cabeceras/logo-competicion-1b.png","https://www.acb.com/Documentos/Cabeceras/logo-competicion-4a.png",55,1990,107,NA,NA,1234,6830,NA,NA,FALSE,1063,1050,441,"Estudiantes Caja Postal","Estudiantes CP","EST",1063,939,"Pamesa Valencia","Pamesa Valencia","PAM",1,74,12000,3,10,30,27,59,45,11,15,73,18,9,27,5,2,15,0,2,0,1,17,18,53,0,0,10,0,0,740,960,0,0,0,0,0,0,0,0,0
1592112,1,"Liga Nacional","Liga Endesa",-402534000,NA,"https://www.acb.com/Documentos/Cabeceras/logo-competicion-1b.png","https://www.acb.com/Documentos/Cabeceras/logo-competicion-4a.png",55,1990,107,NA,NA,1235,6839,NA,NA,FALSE,1052,1049,1391,"Cajacanarias","Cajacanarias","CAN",1052,1496,"Grupo IFA Granollers","IFA Granollers","GRN",1,106,12000,10,20,50,29,57,50.88,18,23,78.26,15,11,26,22,17,14,0,2,0,1,17,2,101,0,0,1,0,0,106,108,0,NA,0,0,0,0,0,0,0
1592111,1,"Liga Nacional","Liga Endesa",-402534000,NA,"https://www.acb.com/Documentos/Cabeceras/logo-competicion-1b.png","https://www.acb.com/Documentos/Cabeceras/logo-competicion-4a.png",55,1990,107,NA,NA,1235,6839,NA,NA,TRUE,1049,1049,1391,"Cajacanarias","Cajacanarias","CAN",1052,1496,"Grupo IFA Granollers","IFA Granollers","GRN",1,108,12000,10,19,52,33,49,67,12,16,75,17,4,21,11,12,16,0,5,0,7,19,2,95,0,0,0,7,0,756,742,0,0,0,0,0,0,0,0,0
1592092,1,"Liga Nacional","Liga Endesa",-402534000,NA,"https://www.acb.com/Documentos/Cabeceras/logo-competicion-1b.png","https://www.acb.com/Documentos/Cabeceras/logo-competicion-4a.png",55,1990,107,NA,NA,1235,6838,NA,NA,TRUE,1058,1058,1624,"Mayoral Maristas","May. Maristas","MAY",1066,1832,"Fórum Valladolid","Fórum Vall.","FOR",1,74,12000,2,8,25,25,55,45,18,25,72,18,10,28,10,10,12,0,5,0,1,21,21,72,0,0,11,0,0,740,840,0,0,0,0,0,0,0,0,0
1592093,1,"Liga Nacional","Liga Endesa",-402534000,NA,"https://www.acb.com/Documentos/Cabeceras/logo-competicion-1b.png","https://www.acb.com/Documentos/Cabeceras/logo-competicion-4a.png",55,1990,107,NA,NA,1235,6838,NA,NA,FALSE,1066,1058,1624,"Mayoral Maristas","May. Maristas","MAY",1066,1832,"Fórum Valladolid","Fórum Vall.","FOR",1,84,12000,2,7,28,33,55,60,12,20,60,21,8,29,14,8,16,0,4,0,0,22,21,87,0,0,0,8,0,672,592,0,0,0,0,0,0,0,0,0
1592161,1,"Liga Nacional","Liga Endesa",-402534000,NA,"https://www.acb.com/Documentos/Cabeceras/logo-competicion-1b.png","https://www.acb.com/Documentos/Cabeceras/logo-competicion-4a.png",55,1990,107,NA,NA,1235,6841,NA,NA,FALSE,1051,1054,605,"Montigalá Joventut","Mont. Joventut","JOV",1051,1453,"Valvi Girona","Valvi Girona","GIR",1,78,12000,2,11,18,32,51,62,8,13,61,20,7,27,10,6,13,0,1,0,1,29,17,64,0,0,10,0,0,780,870,0,0,0,0,0,0,0,0,0
1592160,1,"Liga Nacional","Liga Endesa",-402534000,NA,"https://www.acb.com/Documentos/Cabeceras/logo-competicion-1b.png","https://www.acb.com/Documentos/Cabeceras/logo-competicion-4a.png",55,1990,107,NA,NA,1235,6841,NA,NA,TRUE,1054,1054,605,"Montigalá Joventut","Mont. Joventut","JOV",1051,1453,"Valvi Girona","Valvi Girona","GIR",1,87,12000,3,9,33.33,27,56,48.21,24,31,77.42,21,15,36,11,10,12,0,0,0,2,18,29,101,0,0,0,1,0,87,78,0,NA,0,0,0,0,0,0,0
1592288,1,"Liga Nacional","Liga Endesa",-402534000,NA,"https://www.acb.com/Documentos/Cabeceras/logo-competicion-1b.png","https://www.acb.com/Documentos/Cabeceras/logo-competicion-4a.png",55,1990,107,NA,NA,1235,6846,NA,NA,TRUE,1045,1045,79,"FC Barcelona","FC Barcelona","FCB",1060,1676,"OAR Ferrol","OAR Ferrol","FER",1,78,12000,5,8,62,27,54,50,9,14,64,24,12,36,17,5,16,0,2,0,2,19,18,86,0,0,0,9,0,702,567,0,0,0,0,0,0,0,0,0
1592289,1,"Liga Nacional","Liga Endesa",-402534000,NA,"https://www.acb.com/Documentos/Cabeceras/logo-competicion-1b.png","https://www.acb.com/Documentos/Cabeceras/logo-competicion-4a.png",55,1990,107,NA,NA,1235,6846,NA,NA,FALSE,1060,1045,79,"FC Barcelona","FC Barcelona","FCB",1060,1676,"OAR Ferrol","OAR Ferrol","FER",1,63,12000,2,9,22.22,23,46,50,11,19,57.89,18,10,28,8,8,19,0,3,0,2,18,19,54,0,0,1,0,0,63,78,0,NA,0,0,0,0,0,0,0
1592136,1,"Liga Nacional","Liga Endesa",-402534000,NA,"https://www.acb.com/Documentos/Cabeceras/logo-competicion-1b.png","https://www.acb.com/Documentos/Cabeceras/logo-competicion-4a.png",55,1990,107,NA,NA,1235,6840,NA,NA,FALSE,1065,1061,1705,"Caixa Ourense","Caixa Ourense","OUR",1065,1107,"Caja San Fernando","C. San Fernando","CSF",1,84,12000,9,14,64,22,42,52,13,21,61,23,10,33,16,14,18,0,6,0,2,16,23,109,0,0,0,8,0,672,600,0,0,0,0,0,0,0,0,0
1592135,1,"Liga Nacional","Liga Endesa",-402534000,NA,"https://www.acb.com/Documentos/Cabeceras/logo-competicion-1b.png","https://www.acb.com/Documentos/Cabeceras/logo-competicion-4a.png",55,1990,107,NA,NA,1235,6840,NA,NA,TRUE,1061,1061,1705,"Caixa Ourense","Caixa Ourense","OUR",1065,1107,"Caja San Fernando","C. San Fernando","CSF",1,75,12000,5,13,38.46,25,52,48.08,10,13,76.92,18,13,31,15,18,14,0,2,0,3,24,17,82,0,0,1,0,0,75,84,0,NA,0,0,0,0,0,0,0
1592188,1,"Liga Nacional","Liga Endesa",-402534000,NA,"https://www.acb.com/Documentos/Cabeceras/logo-competicion-1b.png","https://www.acb.com/Documentos/Cabeceras/logo-competicion-4a.png",55,1990,107,NA,NA,1235,6842,NA,NA,TRUE,1055,1055,1592,"Elosúa León","Elosúa León","LEO",1050,441,"Estudiantes Caja Postal","Estudiantes CP","EST",1,83,12000,4,12,33,29,49,59,13,16,81,21,9,30,8,10,12,0,1,0,0,32,21,78,0,0,10,0,0,830,870,0,0,0,0,0,0,0,0,0
1592189,1,"Liga Nacional","Liga Endesa",-402534000,NA,"https://www.acb.com/Documentos/Cabeceras/logo-competicion-1b.png","https://www.acb.com/Documentos/Cabeceras/logo-competicion-4a.png",55,1990,107,NA,NA,1235,6842,NA,NA,FALSE,1050,1055,1592,"Elosúa León","Elosúa León","LEO",1050,441,"Estudiantes Caja Postal","Estudiantes CP","EST",1,87,12000,5,15,33,22,42,52,28,38,73,20,9,29,13,10,8,0,3,0,3,21,31,104,0,0,0,9,0,783,747,0,0,0,0,0,0,0,0,0
1592211,1,"Liga Nacional","Liga Endesa",-402534000,NA,"https://www.acb.com/Documentos/Cabeceras/logo-competicion-1b.png","https://www.acb.com/Documentos/Cabeceras/logo-competicion-4a.png",55,1990,107,NA,NA,1235,6843,NA,NA,TRUE,1068,1068,1896,"CAI Zaragoza","CAI Zaragoza","CBZ",1062,1734,"Puleva Granada","Puleva Granada","OXI",1,124,12000,6,13,46.15,41,61,67.21,24,29,82.76,24,9,33,21,19,18,0,1,0,4,25,24,147,0,0,0,1,0,124,82,0,NA,0,0,0,0,0,0,0
1592212,1,"Liga Nacional","Liga Endesa",-402534000,NA,"https://www.acb.com/Documentos/Cabeceras/logo-competicion-1b.png","https://www.acb.com/Documentos/Cabeceras/logo-competicion-4a.png",55,1990,107,NA,NA,1235,6843,NA,NA,FALSE,1062,1068,1896,"CAI Zaragoza","CAI Zaragoza","CBZ",1062,1734,"Puleva Granada","Puleva Granada","OXI",1,82,12000,4,8,50,30,59,50.85,10,23,43.48,15,11,26,5,10,22,0,1,0,1,24,25,57,0,0,1,0,0,82,124,0,NA,0,0,0,0,0,0,0
1592240,1,"Liga Nacional","Liga Endesa",-402534000,NA,"https://www.acb.com/Documentos/Cabeceras/logo-competicion-1b.png","https://www.acb.com/Documentos/Cabeceras/logo-competicion-4a.png",55,1990,107,NA,NA,1235,6844,NA,NA,FALSE,1053,1063,939,"Pamesa Valencia","Pamesa Valencia","PAM",1053,1546,"Huesca La Magia","Huesca La Magia","HUE",1,67,12000,3,10,30,23,51,45,12,17,70,20,5,25,16,10,11,0,6,0,2,21,19,71,0,0,9,0,0,603,648,0,0,0,0,0,0,0,0,0
1592239,1,"Liga Nacional","Liga Endesa",-402534000,NA,"https://www.acb.com/Documentos/Cabeceras/logo-competicion-1b.png","https://www.acb.com/Documentos/Cabeceras/logo-competicion-4a.png",55,1990,107,NA,NA,1235,6844,NA,NA,TRUE,1063,1063,939,"Pamesa Valencia","Pamesa Valencia","PAM",1053,1546,"Huesca La Magia","Huesca La Magia","HUE",1,72,12000,3,7,42,27,56,48,9,16,56,29,10,39,20,7,13,0,5,0,3,19,21,92,0,0,0,8,0,576,536,0,0,0,0,0,0,0,0,0
1592267,1,"Liga Nacional","Liga Endesa",-402534000,NA,"https://www.acb.com/Documentos/Cabeceras/logo-competicion-1b.png","https://www.acb.com/Documentos/Cabeceras/logo-competicion-4a.png",55,1990,107,NA,NA,1235,6845,NA,NA,FALSE,1047,1056,2485,"Real Madrid Otaysa","Real Madrid","RMB",1047,1328,"Cajabilbao","Cajabilbao","BIL",1,80,12000,6,8,75,22,56,39,18,22,81,16,8,24,20,6,9,0,2,0,2,16,22,89,0,0,11,0,0,880,1122,0,0,0,0,0,0,0,0,0
1592266,1,"Liga Nacional","Liga Endesa",-402534000,NA,"https://www.acb.com/Documentos/Cabeceras/logo-competicion-1b.png","https://www.acb.com/Documentos/Cabeceras/logo-competicion-4a.png",55,1990,107,NA,NA,1235,6845,NA,NA,TRUE,1056,1056,2485,"Real Madrid Otaysa","Real Madrid","RMB",1047,1328,"Cajabilbao","Cajabilbao","BIL",1,102,12000,10,20,50,32,53,60,8,11,72,25,15,40,28,6,13,0,11,0,7,22,16,134,0,0,0,12,0,1224,960,0,0,0,0,0,0,0,0,0
1592311,1,"Liga Nacional","Liga Endesa",-402534000,NA,"https://www.acb.com/Documentos/Cabeceras/logo-competicion-1b.png","https://www.acb.com/Documentos/Cabeceras/logo-competicion-4a.png",55,1990,107,NA,NA,1235,6847,NA,NA,TRUE,1048,1048,1343,"Dyc Breogán","Dyc Breogán","BRE",1046,195,"Taugrés","Taugrés","TAU",1,75,12000,1,8,12,30,60,50,12,16,75,15,9,24,8,9,9,0,2,0,2,19,14,63,0,0,10,0,0,750,870,0,0,0,0,0,0,0,0,0
1592312,1,"Liga Nacional","Liga Endesa",-402534000,NA,"https://www.acb.com/Documentos/Cabeceras/logo-competicion-1b.png","https://www.acb.com/Documentos/Cabeceras/logo-competicion-4a.png",55,1990,107,NA,NA,1235,6847,NA,NA,FALSE,1046,1048,1343,"Dyc Breogán","Dyc Breogán","BRE",1046,195,"Taugrés","Taugrés","TAU",1,87,12000,4,8,50,31,46,67.39,13,15,86.67,25,2,27,15,9,16,0,3,0,1,14,19,109,0,0,0,1,0,87,75,0,NA,0,0,0,0,0,0,0
1592340,1,"Liga Nacional","Liga Endesa",-402534000,NA,"https://www.acb.com/Documentos/Cabeceras/logo-competicion-1b.png","https://www.acb.com/Documentos/Cabeceras/logo-competicion-4a.png",55,1990,107,NA,NA,1235,6848,NA,NA,FALSE,1059,1067,1873,"Atlético Madrid Villalba","Atlético Madrid","VIL",1059,897,"Zumos Júver Murcia","Júver Murcia","MUR",1,68,12000,4,12,33,24,50,48,8,9,88,18,7,25,6,4,9,0,3,0,1,14,14,62,0,0,7,0,0,476,511,0,0,0,0,0,0,0,0,0
1592339,1,"Liga Nacional","Liga Endesa",-402534000,NA,"https://www.acb.com/Documentos/Cabeceras/logo-competicion-1b.png","https://www.acb.com/Documentos/Cabeceras/logo-competicion-4a.png",55,1990,107,NA,NA,1235,6848,NA,NA,TRUE,1067,1067,1873,"Atlético Madrid Villalba","Atlético Madrid","VIL",1059,897,"Zumos Júver Murcia","Júver Murcia","MUR",1,73,12000,3,14,21,29,51,56,6,7,85,20,15,35,9,10,13,0,5,0,2,14,14,85,0,0,0,9,0,657,612,0,0,0,0,0,0,0,0,0
1592362,1,"Liga Nacional","Liga Endesa",-402534000,NA,"https://www.acb.com/Documentos/Cabeceras/logo-competicion-1b.png","https://www.acb.com/Documentos/Cabeceras/logo-competicion-4a.png",55,1990,107,NA,NA,1235,6849,NA,NA,TRUE,1057,1057,849,"TDK Manresa","TDK Manresa","MAN",1064,1034,"Caja de Ronda","Caja de Ronda","RON",1,89,12000,10,17,58.82,24,40,60,11,16,68.75,21,12,33,12,12,14,0,3,0,3,19,16,104,0,0,0,1,0,89,72,0,NA,0,0,0,0,0,0,0
1592363,1,"Liga Nacional","Liga Endesa",-402534000,NA,"https://www.acb.com/Documentos/Cabeceras/logo-competicion-1b.png","https://www.acb.com/Documentos/Cabeceras/logo-competicion-4a.png",55,1990,107,NA,NA,1235,6849,NA,NA,FALSE,1064,1057,849,"TDK Manresa","TDK Manresa","MAN",1064,1034,"Caja de Ronda","Caja de Ronda","RON",1,72,12000,6,15,40,22,47,46,10,18,55,14,9,23,10,8,18,0,0,0,4,16,19,56,0,0,8,0,0,576,712,0,0,0,0,0,0,0,0,0
1592474,1,"Liga Nacional","Liga Endesa",-402534000,NA,"https://www.acb.com/Documentos/Cabeceras/logo-competicion-1b.png","https://www.acb.com/Documentos/Cabeceras/logo-competicion-4a.png",55,1990,107,NA,NA,1236,6854,NA,NA,FALSE,1049,1065,1107,"Caja San Fernando","C. San Fernando","CSF",1049,1391,"Cajacanarias","Cajacanarias","CAN",1,92,12000,5,17,29,23,40,57,31,41,75,19,16,35,1,8,24,0,3,0,3,25,32,83,0,0,9,0,0,828,972,0,0,0,0,0,0,0,0,0
1592473,1,"Liga Nacional","Liga Endesa",-402534000,NA,"https://www.acb.com/Documentos/Cabeceras/logo-competicion-1b.png","https://www.acb.com/Documentos/Cabeceras/logo-competicion-4a.png",55,1990,107,NA,NA,1236,6854,NA,NA,TRUE,1065,1065,1107,"Caja San Fernando","C. San Fernando","CSF",1049,1391,"Cajacanarias","Cajacanarias","CAN",1,108,12000,9,18,50,29,50,58,23,28,82,18,11,29,12,20,14,0,1,0,1,32,25,114,0,0,0,10,0,1080,920,0,0,0,0,0,0,0,0,0
1592645,1,"Liga Nacional","Liga Endesa",-402534000,NA,"https://www.acb.com/Documentos/Cabeceras/logo-competicion-1b.png","https://www.acb.com/Documentos/Cabeceras/logo-competicion-4a.png",55,1990,107,NA,NA,1236,6861,NA,NA,TRUE,1047,1047,1328,"Cajabilbao","Cajabilbao","BIL",1053,1546,"Huesca La Magia","Huesca La Magia","HUE",1,66,12000,0,2,0,27,44,61,12,16,75,20,4,24,8,14,16,0,4,0,3,22,18,73,0,0,9,0,0,594,612,0,0,0,0,0,0,0,0,0
1592646,1,"Liga Nacional","Liga Endesa",-402534000,NA,"https://www.acb.com/Documentos/Cabeceras/logo-competicion-1b.png","https://www.acb.com/Documentos/Cabeceras/logo-competicion-4a.png",55,1990,107,NA,NA,1236,6861,NA,NA,FALSE,1053,1047,1328,"Cajabilbao","Cajabilbao","BIL",1053,1546,"Huesca La Magia","Huesca La Magia","HUE",1,68,12000,4,15,26,20,49,40,16,17,94,7,8,15,1,12,5,0,3,0,0,19,22,56,0,0,0,9,0,612,594,0,0,0,0,0,0,0,0,0
1592524,1,"Liga Nacional","Liga Endesa",-402534000,NA,"https://www.acb.com/Documentos/Cabeceras/logo-competicion-1b.png","https://www.acb.com/Documentos/Cabeceras/logo-competicion-4a.png",55,1990,107,NA,NA,1236,6856,NA,NA,FALSE,1063,1064,1034,"Caja de Ronda","Caja de Ronda","RON",1063,939,"Pamesa Valencia","Pamesa Valencia","PAM",1,72,12000,4,13,30,27,44,61,6,10,60,26,7,33,11,14,11,0,4,0,1,16,17,94,0,0,0,10,0,720,520,0,0,0,0,0,0,0,0,0
1592523,1,"Liga Nacional","Liga Endesa",-402534000,NA,"https://www.acb.com/Documentos/Cabeceras/logo-competicion-1b.png","https://www.acb.com/Documentos/Cabeceras/logo-competicion-4a.png",55,1990,107,NA,NA,1236,6856,NA,NA,TRUE,1064,1064,1034,"Caja de Ronda","Caja de Ronda","RON",1063,939,"Pamesa Valencia","Pamesa Valencia","PAM",1,52,12000,1,19,5,22,44,50,5,11,45,16,10,26,8,13,10,0,4,0,1,19,18,46,0,0,7,0,0,364,504,0,0,0,0,0,0,0,0,0
1592547,1,"Liga Nacional","Liga Endesa",-402534000,NA,"https://www.acb.com/Documentos/Cabeceras/logo-competicion-1b.png","https://www.acb.com/Documentos/Cabeceras/logo-competicion-4a.png",55,1990,107,NA,NA,1236,6857,NA,NA,FALSE,1067,1057,849,"TDK Manresa","TDK Manresa","MAN",1067,1873,"Atlético Madrid Villalba","Atlético Madrid","VIL",1,85,12000,6,16,37,30,47,63,7,12,58,15,7,22,10,11,11,0,4,0,1,20,19,88,0,0,0,9,0,765,711,0,0,0,0,0,0,0,0,0
1592546,1,"Liga Nacional","Liga Endesa",-402534000,NA,"https://www.acb.com/Documentos/Cabeceras/logo-competicion-1b.png","https://www.acb.com/Documentos/Cabeceras/logo-competicion-4a.png",55,1990,107,NA,NA,1236,6857,NA,NA,TRUE,1057,1057,849,"TDK Manresa","TDK Manresa","MAN",1067,1873,"Atlético Madrid Villalba","Atlético Madrid","VIL",1,79,12000,6,12,50,23,44,52.27,15,17,88.24,19,11,30,16,5,17,0,3,0,3,18,20,89,0,0,1,0,0,79,85,0,NA,0,0,0,0,0,0,0
1592384,1,"Liga Nacional","Liga Endesa",-402534000,NA,"https://www.acb.com/Documentos/Cabeceras/logo-competicion-1b.png","https://www.acb.com/Documentos/Cabeceras/logo-competicion-4a.png",55,1990,107,NA,NA,1236,6850,NA,NA,FALSE,1058,1062,1734,"Puleva Granada","Puleva Granada","OXI",1058,1624,"Mayoral Maristas","May. Maristas","MAY",1,67,12000,1,6,16,24,46,52,16,20,80,15,9,24,2,11,21,0,1,0,0,18,21,56,0,0,10,0,0,603,621,0,0,0,0,0,0,0,0,0
1592383,1,"Liga Nacional","Liga Endesa",-402534000,NA,"https://www.acb.com/Documentos/Cabeceras/logo-competicion-1b.png","https://www.acb.com/Documentos/Cabeceras/logo-competicion-4a.png",55,1990,107,NA,NA,1236,6850,NA,NA,TRUE,1062,1062,1734,"Puleva Granada","Puleva Granada","OXI",1058,1624,"Mayoral Maristas","May. Maristas","MAY",1,69,12000,4,12,33.33,22,38,57.89,13,15,86.67,16,5,21,4,11,17,0,1,0,2,21,18,60,0,0,0,1,0,69,67,0,NA,0,0,0,0,0,0,0
1592404,1,"Liga Nacional","Liga Endesa",-402534000,NA,"https://www.acb.com/Documentos/Cabeceras/logo-competicion-1b.png","https://www.acb.com/Documentos/Cabeceras/logo-competicion-4a.png",55,1990,107,NA,NA,1236,6851,NA,NA,TRUE,1068,1068,1896,"CAI Zaragoza","CAI Zaragoza","CBZ",1055,1592,"Elosúa León","Elosúa León","LEO",1,88,12000,3,14,21.43,32,56,57.14,15,21,71.43,26,14,40,11,8,17,0,2,0,3,24,22,89,0,0,0,1,0,88,87,0,NA,0,0,0,0,0,0,0
1592405,1,"Liga Nacional","Liga Endesa",-402534000,NA,"https://www.acb.com/Documentos/Cabeceras/logo-competicion-1b.png","https://www.acb.com/Documentos/Cabeceras/logo-competicion-4a.png",55,1990,107,NA,NA,1236,6851,NA,NA,FALSE,1055,1068,1896,"CAI Zaragoza","CAI Zaragoza","CBZ",1055,1592,"Elosúa León","Elosúa León","LEO",1,87,12000,4,13,30,28,48,58,19,26,73,24,4,28,6,6,13,0,1,0,1,22,24,81,0,0,9,0,0,783,792,0,0,0,0,0,0,0,0,0
1592452,1,"Liga Nacional","Liga Endesa",-402534000,NA,"https://www.acb.com/Documentos/Cabeceras/logo-competicion-1b.png","https://www.acb.com/Documentos/Cabeceras/logo-competicion-4a.png",55,1990,107,NA,NA,1236,6853,NA,NA,TRUE,1051,1051,1453,"Valvi Girona","Valvi Girona","GIR",1061,1705,"Caixa Ourense","Caixa Ourense","OUR",1,93,12000,4,8,50,28,54,51,25,36,69,34,12,46,21,5,14,0,2,0,0,27,25,110,0,0,0,10,0,930,700,0,0,0,0,0,0,0,0,0
1592453,1,"Liga Nacional","Liga Endesa",-402534000,NA,"https://www.acb.com/Documentos/Cabeceras/logo-competicion-1b.png","https://www.acb.com/Documentos/Cabeceras/logo-competicion-4a.png",55,1990,107,NA,NA,1236,6853,NA,NA,FALSE,1061,1051,1453,"Valvi Girona","Valvi Girona","GIR",1061,1705,"Caixa Ourense","Caixa Ourense","OUR",1,70,12000,4,18,22.22,19,49,38.78,20,29,68.97,20,13,33,7,7,12,0,3,0,0,24,27,58,0,0,1,0,0,70,93,0,NA,0,0,0,0,0,0,0
1592620,1,"Liga Nacional","Liga Endesa",-402534000,NA,"https://www.acb.com/Documentos/Cabeceras/logo-competicion-1b.png","https://www.acb.com/Documentos/Cabeceras/logo-competicion-4a.png",55,1990,107,NA,NA,1236,6860,NA,NA,FALSE,1056,1060,1676,"OAR Ferrol","OAR Ferrol","FER",1056,2485,"Real Madrid Otaysa","Real Madrid","RMB",1,69,12000,5,17,29,21,55,38,12,19,63,32,14,46,20,15,16,0,8,0,2,18,17,88,0,0,0,10,0,690,580,0,0,0,0,0,0,0,0,0
1592619,1,"Liga Nacional","Liga Endesa",-402534000,NA,"https://www.acb.com/Documentos/Cabeceras/logo-competicion-1b.png","https://www.acb.com/Documentos/Cabeceras/logo-competicion-4a.png",55,1990,107,NA,NA,1236,6860,NA,NA,TRUE,1060,1060,1676,"OAR Ferrol","OAR Ferrol","FER",1056,2485,"Real Madrid Otaysa","Real Madrid","RMB",1,58,12000,4,16,25,18,56,32.14,10,16,62.5,28,10,38,15,16,14,0,3,0,3,17,18,61,0,0,1,0,0,58,69,0,NA,0,0,0,0,0,0,0
1592497,1,"Liga Nacional","Liga Endesa",-402534000,NA,"https://www.acb.com/Documentos/Cabeceras/logo-competicion-1b.png","https://www.acb.com/Documentos/Cabeceras/logo-competicion-4a.png",55,1990,107,NA,NA,1236,6855,NA,NA,FALSE,1066,1052,1496,"Grupo IFA Granollers","IFA Granollers","GRN",1066,1832,"Fórum Valladolid","Fórum Vall.","FOR",1,92,12000,4,10,40,32,60,53,16,19,84,18,9,27,11,5,7,0,1,0,1,13,16,95,0,0,0,8,0,736,608,0,0,0,0,0,0,0,0,0
1592496,1,"Liga Nacional","Liga Endesa",-402534000,NA,"https://www.acb.com/Documentos/Cabeceras/logo-competicion-1b.png","https://www.acb.com/Documentos/Cabeceras/logo-competicion-4a.png",55,1990,107,NA,NA,1236,6855,NA,NA,TRUE,1052,1052,1496,"Grupo IFA Granollers","IFA Granollers","GRN",1066,1832,"Fórum Valladolid","Fórum Vall.","FOR",1,76,12000,5,11,45.45,24,48,50,13,17,76.47,21,9,30,10,6,16,0,4,0,1,16,13,73,0,0,1,0,0,76,92,0,NA,0,0,0,0,0,0,0
1592599,1,"Liga Nacional","Liga Endesa",-402534000,NA,"https://www.acb.com/Documentos/Cabeceras/logo-competicion-1b.png","https://www.acb.com/Documentos/Cabeceras/logo-competicion-4a.png",55,1990,107,NA,NA,1236,6859,NA,NA,FALSE,1045,1046,195,"Taugrés","Taugrés","TAU",1045,79,"FC Barcelona","FC Barcelona","FCB",1,72,12000,5,15,33,20,43,46,17,27,62,26,11,37,10,6,11,0,7,0,2,20,26,84,0,0,0,8,0,576,544,0,0,0,0,0,0,0,0,0
1592598,1,"Liga Nacional","Liga Endesa",-402534000,NA,"https://www.acb.com/Documentos/Cabeceras/logo-competicion-1b.png","https://www.acb.com/Documentos/Cabeceras/logo-competicion-4a.png",55,1990,107,NA,NA,1236,6859,NA,NA,TRUE,1046,1046,195,"Taugrés","Taugrés","TAU",1045,79,"FC Barcelona","FC Barcelona","FCB",1,68,12000,2,10,20,26,61,42.62,10,18,55.56,17,19,36,9,6,9,0,0,0,1,26,20,53,0,0,1,0,0,68,72,0,NA,0,0,0,0,0,0,0
1592574,1,"Liga Nacional","Liga Endesa",-402534000,NA,"https://www.acb.com/Documentos/Cabeceras/logo-competicion-1b.png","https://www.acb.com/Documentos/Cabeceras/logo-competicion-4a.png",55,1990,107,NA,NA,1236,6858,NA,NA,TRUE,1059,1059,897,"Zumos Júver Murcia","Júver Murcia","MUR",1048,1343,"Dyc Breogán","Dyc Breogán","BRE",1,93,12000,6,15,40,32,53,60,11,15,73,23,13,36,22,14,17,0,2,0,1,23,20,113,0,0,0,11,0,1023,858,0,0,0,0,0,0,0,0,0
1592575,1,"Liga Nacional","Liga Endesa",-402534000,NA,"https://www.acb.com/Documentos/Cabeceras/logo-competicion-1b.png","https://www.acb.com/Documentos/Cabeceras/logo-competicion-4a.png",55,1990,107,NA,NA,1236,6858,NA,NA,FALSE,1048,1059,897,"Zumos Júver Murcia","Júver Murcia","MUR",1048,1343,"Dyc Breogán","Dyc Breogán","BRE",1,78,12000,6,11,54,22,51,43,16,23,69,16,8,24,8,12,19,0,0,0,0,20,23,65,0,0,9,0,0,702,837,0,0,0,0,0,0,0,0,0
1592427,1,"Liga Nacional","Liga Endesa",-402534000,NA,"https://www.acb.com/Documentos/Cabeceras/logo-competicion-1b.png","https://www.acb.com/Documentos/Cabeceras/logo-competicion-4a.png",55,1990,107,NA,NA,1236,6852,NA,NA,TRUE,1050,1050,441,"Estudiantes Caja Postal","Estudiantes CP","EST",1054,605,"Montigalá Joventut","Mont. Joventut","JOV",1,74,12000,5,15,33,23,52,44,13,16,81,24,13,37,11,9,8,0,3,0,2,18,22,88,0,0,8,0,0,592,688,0,0,0,0,0,0,0,0,0
1592428,1,"Liga Nacional","Liga Endesa",-402534000,NA,"https://www.acb.com/Documentos/Cabeceras/logo-competicion-1b.png","https://www.acb.com/Documentos/Cabeceras/logo-competicion-4a.png",55,1990,107,NA,NA,1236,6852,NA,NA,FALSE,1054,1050,441,"Estudiantes Caja Postal","Estudiantes CP","EST",1054,605,"Montigalá Joventut","Mont. Joventut","JOV",1,86,12000,9,18,50,24,51,47.06,11,14,78.57,26,10,36,10,5,10,0,1,0,2,22,18,85,0,0,0,1,0,86,74,0,NA,0,0,0,0,0,0,0
1592720,1,"Liga Nacional","Liga Endesa",-402534000,NA,"https://www.acb.com/Documentos/Cabeceras/logo-competicion-1b.png","https://www.acb.com/Documentos/Cabeceras/logo-competicion-4a.png",55,1990,107,NA,NA,1237,6864,NA,NA,TRUE,1049,1049,1391,"Cajacanarias","Cajacanarias","CAN",1051,1453,"Valvi Girona","Valvi Girona","GIR",1,87,12000,12,29,41,22,38,57,7,14,50,17,5,22,12,8,6,0,4,0,2,20,1,68,0,0,9,0,0,783,846,0,0,0,0,0,0,0,0,0
1592721,1,"Liga Nacional","Liga Endesa",-402534000,NA,"https://www.acb.com/Documentos/Cabeceras/logo-competicion-1b.png","https://www.acb.com/Documentos/Cabeceras/logo-competicion-4a.png",55,1990,107,NA,NA,1237,6864,NA,NA,FALSE,1051,1049,1391,"Cajacanarias","Cajacanarias","CAN",1051,1453,"Valvi Girona","Valvi Girona","GIR",1,94,12000,4,8,50,34,62,54,14,18,77,21,9,30,20,13,6,0,0,0,2,18,0,97,0,0,0,10,0,940,870,0,0,0,0,0,0,0,0,0
1592695,1,"Liga Nacional","Liga Endesa",-402534000,NA,"https://www.acb.com/Documentos/Cabeceras/logo-competicion-1b.png","https://www.acb.com/Documentos/Cabeceras/logo-competicion-4a.png",55,1990,107,NA,NA,1237,6863,NA,NA,FALSE,1065,1066,1832,"Fórum Valladolid","Fórum Vall.","FOR",1065,1107,"Caja San Fernando","C. San Fernando","CSF",1,77,12000,4,17,23,25,45,55,15,19,78,28,7,35,19,6,12,0,1,0,1,18,21,92,0,0,0,10,0,770,670,0,0,0,0,0,0,0,0,0
1592694,1,"Liga Nacional","Liga Endesa",-402534000,NA,"https://www.acb.com/Documentos/Cabeceras/logo-competicion-1b.png","https://www.acb.com/Documentos/Cabeceras/logo-competicion-4a.png",55,1990,107,NA,NA,1237,6863,NA,NA,TRUE,1066,1066,1832,"Fórum Valladolid","Fórum Vall.","FOR",1065,1107,"Caja San Fernando","C. San Fernando","CSF",1,67,12000,2,11,18,27,70,38,7,10,70,23,16,39,10,8,9,0,3,0,0,21,18,60,0,0,9,0,0,603,693,0,0,0,0,0,0,0,0,0
1592665,1,"Liga Nacional","Liga Endesa",-402534000,NA,"https://www.acb.com/Documentos/Cabeceras/logo-competicion-1b.png","https://www.acb.com/Documentos/Cabeceras/logo-competicion-4a.png",55,1990,107,NA,NA,1237,6862,NA,NA,TRUE,1058,1058,1624,"Mayoral Maristas","May. Maristas","MAY",1052,1496,"Grupo IFA Granollers","IFA Granollers","GRN",1,76,12000,2,6,33,28,66,42,14,20,70,16,12,28,13,15,11,0,4,0,4,19,19,77,0,0,9,0,0,608,672,0,0,0,0,0,0,0,0,0
1592666,1,"Liga Nacional","Liga Endesa",-402534000,NA,"https://www.acb.com/Documentos/Cabeceras/logo-competicion-1b.png","https://www.acb.com/Documentos/Cabeceras/logo-competicion-4a.png",55,1990,107,NA,NA,1237,6862,NA,NA,FALSE,1052,1058,1624,"Mayoral Maristas","May. Maristas","MAY",1052,1496,"Grupo IFA Granollers","IFA Granollers","GRN",1,84,12000,4,13,30.77,29,50,58,14,15,93.33,23,5,28,12,5,19,0,4,0,1,19,19,83,0,0,0,1,0,84,76,0,NA,0,0,0,0,0,0,0
1592892,1,"Liga Nacional","Liga Endesa",-402534000,NA,"https://www.acb.com/Documentos/Cabeceras/logo-competicion-1b.png","https://www.acb.com/Documentos/Cabeceras/logo-competicion-4a.png",55,1990,107,NA,NA,1237,6871,NA,NA,TRUE,1045,1045,79,"FC Barcelona","FC Barcelona","FCB",1059,897,"Zumos Júver Murcia","Júver Murcia","MUR",1,85,12000,4,10,40,30,58,51,13,18,72,23,12,35,23,1,12,0,5,0,7,18,19,99,0,0,0,8,0,680,616,0,0,0,0,0,0,0,0,0
1592893,1,"Liga Nacional","Liga Endesa",-402534000,NA,"https://www.acb.com/Documentos/Cabeceras/logo-competicion-1b.png","https://www.acb.com/Documentos/Cabeceras/logo-competicion-4a.png",55,1990,107,NA,NA,1237,6871,NA,NA,FALSE,1059,1045,79,"FC Barcelona","FC Barcelona","FCB",1059,897,"Zumos Júver Murcia","Júver Murcia","MUR",1,77,12000,2,8,25,26,55,47,19,24,79,21,10,31,14,6,10,0,6,0,2,19,16,81,0,0,8,0,0,616,680,0,0,0,0,0,0,0,0,0
1592746,1,"Liga Nacional","Liga Endesa",-402534000,NA,"https://www.acb.com/Documentos/Cabeceras/logo-competicion-1b.png","https://www.acb.com/Documentos/Cabeceras/logo-competicion-4a.png",55,1990,107,NA,NA,1237,6865,NA,NA,TRUE,1061,1061,1705,"Caixa Ourense","Caixa Ourense","OUR",1050,441,"Estudiantes Caja Postal","Estudiantes CP","EST",1,78,12000,6,18,33.33,26,53,49.06,8,10,80,20,13,33,17,13,12,0,6,0,1,23,16,87,0,0,1,0,0,78,80,0,NA,0,0,0,0,0,0,0
1592747,1,"Liga Nacional","Liga Endesa",-402534000,NA,"https://www.acb.com/Documentos/Cabeceras/logo-competicion-1b.png","https://www.acb.com/Documentos/Cabeceras/logo-competicion-4a.png",55,1990,107,NA,NA,1237,6865,NA,NA,FALSE,1050,1061,1705,"Caixa Ourense","Caixa Ourense","OUR",1050,441,"Estudiantes Caja Postal","Estudiantes CP","EST",1,80,12000,0,5,0,33,56,58,14,21,66,25,12,37,19,12,13,0,2,0,1,15,23,110,0,0,0,10,0,800,780,0,0,0,0,0,0,0,0,0
1592768,1,"Liga Nacional","Liga Endesa",-402534000,NA,"https://www.acb.com/Documentos/Cabeceras/logo-competicion-1b.png","https://www.acb.com/Documentos/Cabeceras/logo-competicion-4a.png",55,1990,107,NA,NA,1237,6866,NA,NA,TRUE,1054,1054,605,"Montigalá Joventut","Mont. Joventut","JOV",1068,1896,"CAI Zaragoza","CAI Zaragoza","CBZ",1,85,12000,7,14,50,28,61,45.9,8,14,57.14,24,9,33,13,13,17,0,3,0,0,15,21,90,0,0,0,1,0,85,74,0,NA,0,0,0,0,0,0,0
1592769,1,"Liga Nacional","Liga Endesa",-402534000,NA,"https://www.acb.com/Documentos/Cabeceras/logo-competicion-1b.png","https://www.acb.com/Documentos/Cabeceras/logo-competicion-4a.png",55,1990,107,NA,NA,1237,6866,NA,NA,FALSE,1068,1054,605,"Montigalá Joventut","Mont. Joventut","JOV",1068,1896,"CAI Zaragoza","CAI Zaragoza","CBZ",1,74,12000,0,7,0,32,60,53.33,10,14,71.43,26,6,32,9,12,24,0,2,0,1,21,15,60,0,0,1,0,0,74,85,0,NA,0,0,0,0,0,0,0
1592790,1,"Liga Nacional","Liga Endesa",-402534000,NA,"https://www.acb.com/Documentos/Cabeceras/logo-competicion-1b.png","https://www.acb.com/Documentos/Cabeceras/logo-competicion-4a.png",55,1990,107,NA,NA,1237,6867,NA,NA,TRUE,1055,1055,1592,"Elosúa León","Elosúa León","LEO",1062,1734,"Puleva Granada","Puleva Granada","OXI",1,89,12000,5,14,35,26,42,61,22,30,73,23,12,35,9,7,11,0,1,0,1,20,27,104,0,0,0,9,0,801,738,0,0,0,0,0,0,0,0,0
1592791,1,"Liga Nacional","Liga Endesa",-402534000,NA,"https://www.acb.com/Documentos/Cabeceras/logo-competicion-1b.png","https://www.acb.com/Documentos/Cabeceras/logo-competicion-4a.png",55,1990,107,NA,NA,1237,6867,NA,NA,FALSE,1062,1055,1592,"Elosúa León","Elosúa León","LEO",1062,1734,"Puleva Granada","Puleva Granada","OXI",1,82,12000,7,12,58.33,23,50,46,15,22,68.18,21,9,30,10,7,8,0,6,0,0,27,20,81,0,0,1,0,0,82,89,0,NA,0,0,0,0,0,0,0
1592815,1,"Liga Nacional","Liga Endesa",-402534000,NA,"https://www.acb.com/Documentos/Cabeceras/logo-competicion-1b.png","https://www.acb.com/Documentos/Cabeceras/logo-competicion-4a.png",55,1990,107,NA,NA,1237,6868,NA,NA,TRUE,1063,1063,939,"Pamesa Valencia","Pamesa Valencia","PAM",1047,1328,"Cajabilbao","Cajabilbao","BIL",1,85,12000,6,15,40,27,47,57,13,14,92,25,10,35,24,7,18,0,8,0,2,18,21,114,0,0,0,9,0,765,675,0,0,0,0,0,0,0,0,0
1592816,1,"Liga Nacional","Liga Endesa",-402534000,NA,"https://www.acb.com/Documentos/Cabeceras/logo-competicion-1b.png","https://www.acb.com/Documentos/Cabeceras/logo-competicion-4a.png",55,1990,107,NA,NA,1237,6868,NA,NA,FALSE,1047,1063,939,"Pamesa Valencia","Pamesa Valencia","PAM",1047,1328,"Cajabilbao","Cajabilbao","BIL",1,75,12000,4,12,33,25,54,46,13,15,86,16,11,27,12,9,14,0,6,0,1,21,18,73,0,0,9,0,0,675,765,0,0,0,0,0,0,0,0,0
1592841,1,"Liga Nacional","Liga Endesa",-402534000,NA,"https://www.acb.com/Documentos/Cabeceras/logo-competicion-1b.png","https://www.acb.com/Documentos/Cabeceras/logo-competicion-4a.png",55,1990,107,NA,NA,1237,6869,NA,NA,TRUE,1053,1053,1546,"Huesca La Magia","Huesca La Magia","HUE",1060,1676,"OAR Ferrol","OAR Ferrol","FER",1,94,12000,4,8,50,32,55,58,18,25,72,23,12,35,9,5,10,0,3,0,2,25,26,103,0,0,0,10,0,940,680,0,0,0,0,0,0,0,0,0
1592842,1,"Liga Nacional","Liga Endesa",-402534000,NA,"https://www.acb.com/Documentos/Cabeceras/logo-competicion-1b.png","https://www.acb.com/Documentos/Cabeceras/logo-competicion-4a.png",55,1990,107,NA,NA,1237,6869,NA,NA,FALSE,1060,1053,1546,"Huesca La Magia","Huesca La Magia","HUE",1060,1676,"OAR Ferrol","OAR Ferrol","FER",1,68,12000,0,7,0,23,46,50,22,33,66.67,19,12,31,9,6,15,0,1,0,3,26,25,58,0,0,1,0,0,68,94,0,NA,0,0,0,0,0,0,0
1592865,1,"Liga Nacional","Liga Endesa",-402534000,NA,"https://www.acb.com/Documentos/Cabeceras/logo-competicion-1b.png","https://www.acb.com/Documentos/Cabeceras/logo-competicion-4a.png",55,1990,107,NA,NA,1237,6870,NA,NA,TRUE,1056,1056,2485,"Real Madrid Otaysa","Real Madrid","RMB",1046,195,"Taugrés","Taugrés","TAU",1,88,12000,7,15,46,27,47,57,13,20,65,27,6,33,22,10,12,0,9,0,4,15,20,120,0,0,0,11,0,968,770,0,0,0,0,0,0,0,0,0
1592866,1,"Liga Nacional","Liga Endesa",-402534000,NA,"https://www.acb.com/Documentos/Cabeceras/logo-competicion-1b.png","https://www.acb.com/Documentos/Cabeceras/logo-competicion-4a.png",55,1990,107,NA,NA,1237,6870,NA,NA,FALSE,1046,1056,2485,"Real Madrid Otaysa","Real Madrid","RMB",1046,195,"Taugrés","Taugrés","TAU",1,70,12000,3,9,33.33,26,57,45.61,9,12,75,24,5,29,10,8,12,0,1,0,2,20,15,61,0,0,1,0,0,70,88,0,NA,0,0,0,0,0,0,0
1592913,1,"Liga Nacional","Liga Endesa",-402534000,NA,"https://www.acb.com/Documentos/Cabeceras/logo-competicion-1b.png","https://www.acb.com/Documentos/Cabeceras/logo-competicion-4a.png",55,1990,107,NA,NA,1237,6872,NA,NA,TRUE,1048,1048,1343,"Dyc Breogán","Dyc Breogán","BRE",1057,849,"TDK Manresa","TDK Manresa","MAN",1,87,12000,3,8,37,34,68,50,10,12,83,18,16,34,9,8,11,0,0,0,1,27,17,76,0,0,9,0,0,783,792,0,0,0,0,0,0,0,0,0
1592914,1,"Liga Nacional","Liga Endesa",-402534000,NA,"https://www.acb.com/Documentos/Cabeceras/logo-competicion-1b.png","https://www.acb.com/Documentos/Cabeceras/logo-competicion-4a.png",55,1990,107,NA,NA,1237,6872,NA,NA,FALSE,1057,1048,1343,"Dyc Breogán","Dyc Breogán","BRE",1057,849,"TDK Manresa","TDK Manresa","MAN",1,88,12000,6,16,37.5,27,39,69.23,16,22,72.73,19,9,28,8,5,17,0,5,0,2,18,28,99,0,0,0,1,0,88,87,0,NA,0,0,0,0,0,0,0
1592939,1,"Liga Nacional","Liga Endesa",-402534000,NA,"https://www.acb.com/Documentos/Cabeceras/logo-competicion-1b.png","https://www.acb.com/Documentos/Cabeceras/logo-competicion-4a.png",55,1990,107,NA,NA,1237,6873,NA,NA,TRUE,1067,1067,1873,"Atlético Madrid Villalba","Atlético Madrid","VIL",1064,1034,"Caja de Ronda","Caja de Ronda","RON",1,71,12000,6,13,46,22,50,44,9,16,56,22,12,34,14,11,19,0,5,0,1,15,18,77,0,0,0,9,0,639,594,0,0,0,0,0,0,0,0,0
1592940,1,"Liga Nacional","Liga Endesa",-402534000,NA,"https://www.acb.com/Documentos/Cabeceras/logo-competicion-1b.png","https://www.acb.com/Documentos/Cabeceras/logo-competicion-4a.png",55,1990,107,NA,NA,1237,6873,NA,NA,FALSE,1064,1067,1873,"Atlético Madrid Villalba","Atlético Madrid","VIL",1064,1034,"Caja de Ronda","Caja de Ronda","RON",1,66,12000,4,10,40,24,51,47,6,6,100,22,8,30,8,7,12,0,1,0,1,19,13,61,0,0,8,0,0,528,568,0,0,0,0,0,0,0,0,0
1593036,1,"Liga Nacional","Liga Endesa",-402534000,NA,"https://www.acb.com/Documentos/Cabeceras/logo-competicion-1b.png","https://www.acb.com/Documentos/Cabeceras/logo-competicion-4a.png",55,1990,107,NA,NA,1238,6877,NA,NA,FALSE,1049,1050,441,"Estudiantes Caja Postal","Estudiantes CP","EST",1049,1391,"Cajacanarias","Cajacanarias","CAN",1,79,12000,9,17,52,20,51,39,12,17,70,31,13,44,11,4,16,0,0,0,4,21,23,80,0,0,8,0,0,632,82,0,0,0,0,0,0,0,0,0
1593035,1,"Liga Nacional","Liga Endesa",-402534000,NA,"https://www.acb.com/Documentos/Cabeceras/logo-competicion-1b.png","https://www.acb.com/Documentos/Cabeceras/logo-competicion-4a.png",55,1990,107,NA,NA,1238,6877,NA,NA,TRUE,1050,1050,441,"Estudiantes Caja Postal","Estudiantes CP","EST",1049,1391,"Cajacanarias","Cajacanarias","CAN",1,82,12000,7,18,38,24,50,48,13,21,61,26,12,38,14,10,14,0,3,0,1,25,23,86,0,0,0,9,0,738,79,0,0,0,0,0,0,0,0,0
1593192,1,"Liga Nacional","Liga Endesa",-402534000,NA,"https://www.acb.com/Documentos/Cabeceras/logo-competicion-1b.png","https://www.acb.com/Documentos/Cabeceras/logo-competicion-4a.png",55,1990,107,NA,NA,1238,6883,NA,NA,FALSE,1056,1059,897,"Zumos Júver Murcia","Júver Murcia","MUR",1056,2485,"Real Madrid Otaysa","Real Madrid","RMB",1,74,12000,3,9,33,25,50,50,15,18,83,22,8,30,9,9,20,0,6,0,1,20,19,73,0,0,10,0,0,740,770,0,0,0,0,0,0,0,0,0
1593191,1,"Liga Nacional","Liga Endesa",-402534000,NA,"https://www.acb.com/Documentos/Cabeceras/logo-competicion-1b.png","https://www.acb.com/Documentos/Cabeceras/logo-competicion-4a.png",55,1990,107,NA,NA,1238,6883,NA,NA,TRUE,1059,1059,897,"Zumos Júver Murcia","Júver Murcia","MUR",1056,2485,"Real Madrid Otaysa","Real Madrid","RMB",1,77,12000,8,15,53,20,48,41,13,20,65,16,6,22,16,14,17,0,3,0,0,19,20,74,0,0,0,9,0,693,666,0,0,0,0,0,0,0,0,0
1593165,1,"Liga Nacional","Liga Endesa",-402534000,NA,"https://www.acb.com/Documentos/Cabeceras/logo-competicion-1b.png","https://www.acb.com/Documentos/Cabeceras/logo-competicion-4a.png",55,1990,107,NA,NA,1238,6882,NA,NA,FALSE,1045,1057,849,"TDK Manresa","TDK Manresa","MAN",1045,79,"FC Barcelona","FC Barcelona","FCB",1,114,12000,12,21,57,31,59,52,16,21,76,32,17,49,18,3,11,0,3,0,2,23,22,133,0,0,0,11,0,1254,836,0,0,0,0,0,0,0,0,0
1593164,1,"Liga Nacional","Liga Endesa",-402534000,NA,"https://www.acb.com/Documentos/Cabeceras/logo-competicion-1b.png","https://www.acb.com/Documentos/Cabeceras/logo-competicion-4a.png",55,1990,107,NA,NA,1238,6882,NA,NA,TRUE,1057,1057,849,"TDK Manresa","TDK Manresa","MAN",1045,79,"FC Barcelona","FC Barcelona","FCB",1,76,12000,5,12,41.67,23,53,43.4,15,21,71.43,21,7,28,20,4,7,0,6,0,2,22,23,85,0,0,1,0,0,76,114,0,NA,0,0,0,0,0,0,0
1592966,1,"Liga Nacional","Liga Endesa",-402534000,NA,"https://www.acb.com/Documentos/Cabeceras/logo-competicion-1b.png","https://www.acb.com/Documentos/Cabeceras/logo-competicion-4a.png",55,1990,107,NA,NA,1238,6874,NA,NA,TRUE,1055,1055,1592,"Elosúa León","Elosúa León","LEO",1058,1624,"Mayoral Maristas","May. Maristas","MAY",1,94,12000,4,13,30,28,45,62,26,37,70,25,9,34,10,17,21,0,2,0,0,22,37,114,0,0,0,11,0,1034,814,0,0,0,0,0,0,0,0,0
1592967,1,"Liga Nacional","Liga Endesa",-402534000,NA,"https://www.acb.com/Documentos/Cabeceras/logo-competicion-1b.png","https://www.acb.com/Documentos/Cabeceras/logo-competicion-4a.png",55,1990,107,NA,NA,1238,6874,NA,NA,FALSE,1058,1055,1592,"Elosúa León","Elosúa León","LEO",1058,1624,"Mayoral Maristas","May. Maristas","MAY",1,74,12000,2,14,14,29,60,48,10,19,52,20,17,37,7,15,20,0,4,0,1,37,21,49,0,0,12,0,0,814,1034,0,0,0,0,0,0,0,0,0
1593011,1,"Liga Nacional","Liga Endesa",-402534000,NA,"https://www.acb.com/Documentos/Cabeceras/logo-competicion-1b.png","https://www.acb.com/Documentos/Cabeceras/logo-competicion-4a.png",55,1990,107,NA,NA,1238,6876,NA,NA,FALSE,1061,1068,1896,"CAI Zaragoza","CAI Zaragoza","CBZ",1061,1705,"Caixa Ourense","Caixa Ourense","OUR",1,83,12000,4,15,26.67,26,56,46.43,19,25,76,19,13,32,6,7,21,0,0,0,0,16,21,65,0,0,1,0,0,83,113,0,NA,0,0,0,0,0,0,0
1593010,1,"Liga Nacional","Liga Endesa",-402534000,NA,"https://www.acb.com/Documentos/Cabeceras/logo-competicion-1b.png","https://www.acb.com/Documentos/Cabeceras/logo-competicion-4a.png",55,1990,107,NA,NA,1238,6876,NA,NA,TRUE,1068,1068,1896,"CAI Zaragoza","CAI Zaragoza","CBZ",1061,1705,"Caixa Ourense","Caixa Ourense","OUR",1,113,12000,1,8,12.5,48,76,63.16,14,16,87.5,31,15,46,22,15,14,0,2,0,8,21,16,142,0,0,0,1,0,113,83,0,NA,0,0,0,0,0,0,0
1593066,1,"Liga Nacional","Liga Endesa",-402534000,NA,"https://www.acb.com/Documentos/Cabeceras/logo-competicion-1b.png","https://www.acb.com/Documentos/Cabeceras/logo-competicion-4a.png",55,1990,107,NA,NA,1238,6878,NA,NA,TRUE,1051,1051,1453,"Valvi Girona","Valvi Girona","GIR",1066,1832,"Fórum Valladolid","Fórum Vall.","FOR",1,90,12000,1,8,12,39,61,63,9,10,90,22,5,27,26,15,14,0,7,0,3,23,15,113,0,0,0,12,0,1080,864,0,0,0,0,0,0,0,0,0
1593067,1,"Liga Nacional","Liga Endesa",-402534000,NA,"https://www.acb.com/Documentos/Cabeceras/logo-competicion-1b.png","https://www.acb.com/Documentos/Cabeceras/logo-competicion-4a.png",55,1990,107,NA,NA,1238,6878,NA,NA,FALSE,1066,1051,1453,"Valvi Girona","Valvi Girona","GIR",1066,1832,"Fórum Valladolid","Fórum Vall.","FOR",1,72,12000,7,17,41,17,44,38,17,24,70,19,9,28,16,9,16,0,5,0,0,15,24,79,0,0,9,0,0,648,810,0,0,0,0,0,0,0,0,0
1593215,1,"Liga Nacional","Liga Endesa",-402534000,NA,"https://www.acb.com/Documentos/Cabeceras/logo-competicion-1b.png","https://www.acb.com/Documentos/Cabeceras/logo-competicion-4a.png",55,1990,107,NA,NA,1238,6884,NA,NA,TRUE,1046,1046,195,"Taugrés","Taugrés","TAU",1053,1546,"Huesca La Magia","Huesca La Magia","HUE",1,84,12000,1,7,14.29,34,61,55.74,13,19,68.42,25,16,41,17,5,11,0,4,0,3,17,19,103,0,0,0,1,0,84,74,0,NA,0,0,0,0,0,0,0
1593216,1,"Liga Nacional","Liga Endesa",-402534000,NA,"https://www.acb.com/Documentos/Cabeceras/logo-competicion-1b.png","https://www.acb.com/Documentos/Cabeceras/logo-competicion-4a.png",55,1990,107,NA,NA,1238,6884,NA,NA,FALSE,1053,1046,195,"Taugrés","Taugrés","TAU",1053,1546,"Huesca La Magia","Huesca La Magia","HUE",1,74,12000,5,14,35,24,55,43,11,17,64,19,11,30,7,3,7,0,2,0,0,19,17,61,0,0,9,0,0,666,756,0,0,0,0,0,0,0,0,0
1593237,1,"Liga Nacional","Liga Endesa",-402534000,NA,"https://www.acb.com/Documentos/Cabeceras/logo-competicion-1b.png","https://www.acb.com/Documentos/Cabeceras/logo-competicion-4a.png",55,1990,107,NA,NA,1238,6885,NA,NA,FALSE,1047,1060,1676,"OAR Ferrol","OAR Ferrol","FER",1047,1328,"Cajabilbao","Cajabilbao","BIL",1,89,12000,5,10,50,27,55,49,20,31,64,24,12,36,24,6,15,0,2,0,1,28,22,92,0,0,9,0,0,801,810,0,0,0,0,0,0,0,0,0
1593236,1,"Liga Nacional","Liga Endesa",-402534000,NA,"https://www.acb.com/Documentos/Cabeceras/logo-competicion-1b.png","https://www.acb.com/Documentos/Cabeceras/logo-competicion-4a.png",55,1990,107,NA,NA,1238,6885,NA,NA,TRUE,1060,1060,1676,"OAR Ferrol","OAR Ferrol","FER",1047,1328,"Cajabilbao","Cajabilbao","BIL",1,90,12000,5,15,33.33,27,57,47.37,21,31,67.74,21,15,36,19,15,6,0,3,0,5,22,27,112,0,0,0,1,0,90,89,0,NA,0,0,0,0,0,0,0
1593116,1,"Liga Nacional","Liga Endesa",-402534000,NA,"https://www.acb.com/Documentos/Cabeceras/logo-competicion-1b.png","https://www.acb.com/Documentos/Cabeceras/logo-competicion-4a.png",55,1990,107,NA,NA,1238,6880,NA,NA,FALSE,1063,1067,1873,"Atlético Madrid Villalba","Atlético Madrid","VIL",1063,939,"Pamesa Valencia","Pamesa Valencia","PAM",1,69,12000,4,14,28,23,39,58,11,15,73,12,6,18,7,3,9,0,1,0,1,23,17,53,0,0,9,0,0,621,684,0,0,0,0,0,0,0,0,0
1593115,1,"Liga Nacional","Liga Endesa",-402534000,NA,"https://www.acb.com/Documentos/Cabeceras/logo-competicion-1b.png","https://www.acb.com/Documentos/Cabeceras/logo-competicion-4a.png",55,1990,107,NA,NA,1238,6880,NA,NA,TRUE,1067,1067,1873,"Atlético Madrid Villalba","Atlético Madrid","VIL",1063,939,"Pamesa Valencia","Pamesa Valencia","PAM",1,76,12000,4,13,30,23,37,62,18,26,69,17,10,27,13,2,8,0,3,0,2,17,22,87,0,0,0,9,0,684,621,0,0,0,0,0,0,0,0,0
1592987,1,"Liga Nacional","Liga Endesa",-402534000,NA,"https://www.acb.com/Documentos/Cabeceras/logo-competicion-1b.png","https://www.acb.com/Documentos/Cabeceras/logo-competicion-4a.png",55,1990,107,NA,NA,1238,6875,NA,NA,TRUE,1062,1062,1734,"Puleva Granada","Puleva Granada","OXI",1054,605,"Montigalá Joventut","Mont. Joventut","JOV",1,69,12000,2,10,20,23,64,35.94,17,24,70.83,19,13,32,8,10,10,0,2,0,1,27,21,49,0,0,1,0,0,69,95,0,NA,0,0,0,0,0,0,0
1592988,1,"Liga Nacional","Liga Endesa",-402534000,NA,"https://www.acb.com/Documentos/Cabeceras/logo-competicion-1b.png","https://www.acb.com/Documentos/Cabeceras/logo-competicion-4a.png",55,1990,107,NA,NA,1238,6875,NA,NA,FALSE,1054,1062,1734,"Puleva Granada","Puleva Granada","OXI",1054,605,"Montigalá Joventut","Mont. Joventut","JOV",1,95,12000,4,11,36.36,30,52,57.69,23,32,71.88,33,12,45,11,6,15,0,7,0,1,21,26,116,0,0,0,1,0,95,69,0,NA,0,0,0,0,0,0,0
1593138,1,"Liga Nacional","Liga Endesa",-402534000,NA,"https://www.acb.com/Documentos/Cabeceras/logo-competicion-1b.png","https://www.acb.com/Documentos/Cabeceras/logo-competicion-4a.png",55,1990,107,NA,NA,1238,6881,NA,NA,TRUE,1064,1064,1034,"Caja de Ronda","Caja de Ronda","RON",1048,1343,"Dyc Breogán","Dyc Breogán","BRE",1,76,12000,6,19,31,23,47,48,12,17,70,14,21,35,17,18,15,0,1,0,2,24,20,86,0,0,0,10,0,760,640,0,0,0,0,0,0,0,0,0
1593139,1,"Liga Nacional","Liga Endesa",-402534000,NA,"https://www.acb.com/Documentos/Cabeceras/logo-competicion-1b.png","https://www.acb.com/Documentos/Cabeceras/logo-competicion-4a.png",55,1990,107,NA,NA,1238,6881,NA,NA,FALSE,1048,1064,1034,"Caja de Ronda","Caja de Ronda","RON",1048,1343,"Dyc Breogán","Dyc Breogán","BRE",1,64,12000,4,5,80,22,44,50,8,13,61,17,5,22,7,17,19,0,2,0,1,20,24,69,0,0,7,0,0,448,532,0,0,0,0,0,0,0,0,0
1593086,1,"Liga Nacional","Liga Endesa",-402534000,NA,"https://www.acb.com/Documentos/Cabeceras/logo-competicion-1b.png","https://www.acb.com/Documentos/Cabeceras/logo-competicion-4a.png",55,1990,107,NA,NA,1238,6879,NA,NA,TRUE,1065,1065,1107,"Caja San Fernando","C. San Fernando","CSF",1052,1496,"Grupo IFA Granollers","IFA Granollers","GRN",1,86,12000,11,22,50,24,46,52,5,6,83,24,9,33,18,11,12,0,4,0,0,19,11,98,0,0,9,0,0,774,792,0,0,0,0,0,0,0,0,0
1593087,1,"Liga Nacional","Liga Endesa",-402534000,NA,"https://www.acb.com/Documentos/Cabeceras/logo-competicion-1b.png","https://www.acb.com/Documentos/Cabeceras/logo-competicion-4a.png",55,1990,107,NA,NA,1238,6879,NA,NA,FALSE,1052,1065,1107,"Caja San Fernando","C. San Fernando","CSF",1052,1496,"Grupo IFA Granollers","IFA Granollers","GRN",1,88,12000,7,17,41,29,50,58,9,13,69,24,8,32,13,9,13,0,1,0,2,11,19,103,0,0,0,9,0,792,774,0,0,0,0,0,0,0,0,0
1593315,1,"Liga Nacional","Liga Endesa",-402534000,NA,"https://www.acb.com/Documentos/Cabeceras/logo-competicion-1b.png","https://www.acb.com/Documentos/Cabeceras/logo-competicion-4a.png",55,1990,107,NA,NA,1239,6888,NA,NA,TRUE,1066,1066,1832,"Fórum Valladolid","Fórum Vall.","FOR",1050,441,"Estudiantes Caja Postal","Estudiantes CP","EST",1,76,12000,7,13,53,22,43,51,11,16,68,18,8,26,15,3,18,0,3,0,1,19,17,71,0,0,0,10,0,760,740,0,0,0,0,0,0,0,0,0
1593316,1,"Liga Nacional","Liga Endesa",-402534000,NA,"https://www.acb.com/Documentos/Cabeceras/logo-competicion-1b.png","https://www.acb.com/Documentos/Cabeceras/logo-competicion-4a.png",55,1990,107,NA,NA,1239,6888,NA,NA,FALSE,1050,1066,1832,"Fórum Valladolid","Fórum Vall.","FOR",1050,441,"Estudiantes Caja Postal","Estudiantes CP","EST",1,74,12000,2,8,25,29,53,54,10,19,52,18,7,25,9,13,10,0,0,0,2,17,19,74,0,0,9,0,0,666,684,0,0,0,0,0,0,0,0,0
1593339,1,"Liga Nacional","Liga Endesa",-402534000,NA,"https://www.acb.com/Documentos/Cabeceras/logo-competicion-1b.png","https://www.acb.com/Documentos/Cabeceras/logo-competicion-4a.png",55,1990,107,NA,NA,1239,6889,NA,NA,TRUE,1049,1049,1391,"Cajacanarias","Cajacanarias","CAN",1068,1896,"CAI Zaragoza","CAI Zaragoza","CBZ",1,89,12000,4,11,36,29,54,53,19,26,73,17,8,25,8,12,18,0,0,0,3,33,2,46,0,0,11,0,0,979,1353,0,0,0,0,0,0,0,0,0
1593340,1,"Liga Nacional","Liga Endesa",-402534000,NA,"https://www.acb.com/Documentos/Cabeceras/logo-competicion-1b.png","https://www.acb.com/Documentos/Cabeceras/logo-competicion-4a.png",55,1990,107,NA,NA,1239,6889,NA,NA,FALSE,1068,1049,1391,"Cajacanarias","Cajacanarias","CAN",1068,1896,"CAI Zaragoza","CAI Zaragoza","CBZ",1,123,12000,2,9,22.22,44,72,61.11,29,40,72.5,22,14,36,15,16,6,0,2,0,2,28,0,112,0,0,0,1,0,123,89,0,NA,0,0,0,0,0,0,0
1593359,1,"Liga Nacional","Liga Endesa",-402534000,NA,"https://www.acb.com/Documentos/Cabeceras/logo-competicion-1b.png","https://www.acb.com/Documentos/Cabeceras/logo-competicion-4a.png",55,1990,107,NA,NA,1239,6890,NA,NA,TRUE,1061,1061,1705,"Caixa Ourense","Caixa Ourense","OUR",1062,1734,"Puleva Granada","Puleva Granada","OXI",1,88,12000,4,11,36.36,31,60,51.67,14,22,63.64,27,15,42,22,16,14,0,3,0,2,24,20,109,0,0,0,1,0,88,86,0,NA,0,0,0,0,0,0,0
1593360,1,"Liga Nacional","Liga Endesa",-402534000,NA,"https://www.acb.com/Documentos/Cabeceras/logo-competicion-1b.png","https://www.acb.com/Documentos/Cabeceras/logo-competicion-4a.png",55,1990,107,NA,NA,1239,6890,NA,NA,FALSE,1062,1061,1705,"Caixa Ourense","Caixa Ourense","OUR",1062,1734,"Puleva Granada","Puleva Granada","OXI",1,86,12000,4,13,30.77,28,50,56,18,26,69.23,24,8,32,11,14,14,0,6,0,0,20,24,100,0,0,1,0,0,86,88,0,NA,0,0,0,0,0,0,0
1593407,1,"Liga Nacional","Liga Endesa",-402534000,NA,"https://www.acb.com/Documentos/Cabeceras/logo-competicion-1b.png","https://www.acb.com/Documentos/Cabeceras/logo-competicion-4a.png",55,1990,107,NA,NA,1239,6892,NA,NA,TRUE,1063,1063,939,"Pamesa Valencia","Pamesa Valencia","PAM",1060,1676,"OAR Ferrol","OAR Ferrol","FER",1,67,12000,5,12,41,20,46,43,12,16,75,15,10,25,17,13,16,0,2,0,0,17,19,73,0,0,9,0,0,603,765,0,0,0,0,0,0,0,0,0
1593408,1,"Liga Nacional","Liga Endesa",-402534000,NA,"https://www.acb.com/Documentos/Cabeceras/logo-competicion-1b.png","https://www.acb.com/Documentos/Cabeceras/logo-competicion-4a.png",55,1990,107,NA,NA,1239,6892,NA,NA,FALSE,1060,1063,939,"Pamesa Valencia","Pamesa Valencia","PAM",1060,1676,"OAR Ferrol","OAR Ferrol","FER",1,85,12000,7,14,50,30,42,71.43,4,13,30.77,20,8,28,17,8,20,0,2,0,2,19,17,90,0,0,0,1,0,85,67,0,NA,0,0,0,0,0,0,0
1593456,1,"Liga Nacional","Liga Endesa",-402534000,NA,"https://www.acb.com/Documentos/Cabeceras/logo-competicion-1b.png","https://www.acb.com/Documentos/Cabeceras/logo-competicion-4a.png",55,1990,107,NA,NA,1239,6894,NA,NA,TRUE,1053,1053,1546,"Huesca La Magia","Huesca La Magia","HUE",1059,897,"Zumos Júver Murcia","Júver Murcia","MUR",1,83,12000,2,5,40,27,49,55,23,28,82,20,5,25,9,8,11,0,3,0,2,25,22,84,0,0,0,8,0,664,632,0,0,0,0,0,0,0,0,0
1593457,1,"Liga Nacional","Liga Endesa",-402534000,NA,"https://www.acb.com/Documentos/Cabeceras/logo-competicion-1b.png","https://www.acb.com/Documentos/Cabeceras/logo-competicion-4a.png",55,1990,107,NA,NA,1239,6894,NA,NA,FALSE,1059,1053,1546,"Huesca La Magia","Huesca La Magia","HUE",1059,897,"Zumos Júver Murcia","Júver Murcia","MUR",1,79,12000,2,9,22,26,53,49,21,31,67,20,12,32,9,5,13,0,3,0,1,22,24,73,0,0,8,0,0,632,664,0,0,0,0,0,0,0,0,0
1593476,1,"Liga Nacional","Liga Endesa",-402534000,NA,"https://www.acb.com/Documentos/Cabeceras/logo-competicion-1b.png","https://www.acb.com/Documentos/Cabeceras/logo-competicion-4a.png",55,1990,107,NA,NA,1239,6895,NA,NA,TRUE,1056,1056,2485,"Real Madrid Otaysa","Real Madrid","RMB",1057,849,"TDK Manresa","TDK Manresa","MAN",1,76,12000,6,15,40,25,46,54,8,17,47,21,8,29,18,13,9,0,3,0,4,16,19,94,0,0,0,8,0,608,544,0,0,0,0,0,0,0,0,0
1593477,1,"Liga Nacional","Liga Endesa",-402534000,NA,"https://www.acb.com/Documentos/Cabeceras/logo-competicion-1b.png","https://www.acb.com/Documentos/Cabeceras/logo-competicion-4a.png",55,1990,107,NA,NA,1239,6895,NA,NA,FALSE,1057,1056,2485,"Real Madrid Otaysa","Real Madrid","RMB",1057,849,"TDK Manresa","TDK Manresa","MAN",1,68,12000,4,8,50,23,46,50,10,18,55.56,23,6,29,15,5,16,0,1,0,1,19,16,64,0,0,1,0,0,68,76,0,NA,0,0,0,0,0,0,0
1593532,1,"Liga Nacional","Liga Endesa",-402534000,NA,"https://www.acb.com/Documentos/Cabeceras/logo-competicion-1b.png","https://www.acb.com/Documentos/Cabeceras/logo-competicion-4a.png",55,1990,107,NA,NA,1239,6897,NA,NA,FALSE,1067,1048,1343,"Dyc Breogán","Dyc Breogán","BRE",1067,1873,"Atlético Madrid Villalba","Atlético Madrid","VIL",1,80,12000,2,7,28,27,41,65,20,29,68,23,9,32,7,8,15,0,5,0,2,22,26,93,0,0,0,9,0,720,612,0,0,0,0,0,0,0,0,0
1593531,1,"Liga Nacional","Liga Endesa",-402534000,NA,"https://www.acb.com/Documentos/Cabeceras/logo-competicion-1b.png","https://www.acb.com/Documentos/Cabeceras/logo-competicion-4a.png",55,1990,107,NA,NA,1239,6897,NA,NA,TRUE,1048,1048,1343,"Dyc Breogán","Dyc Breogán","BRE",1067,1873,"Atlético Madrid Villalba","Atlético Madrid","VIL",1,68,12000,1,10,10,26,53,49,13,21,61,13,14,27,2,9,12,0,1,0,1,28,22,45,0,0,12,0,0,816,960,0,0,0,0,0,0,0,0,0
1593262,1,"Liga Nacional","Liga Endesa",-402534000,NA,"https://www.acb.com/Documentos/Cabeceras/logo-competicion-1b.png","https://www.acb.com/Documentos/Cabeceras/logo-competicion-4a.png",55,1990,107,NA,NA,1239,6886,NA,NA,TRUE,1058,1058,1624,"Mayoral Maristas","May. Maristas","MAY",1065,1107,"Caja San Fernando","C. San Fernando","CSF",1,91,15000,4,16,25,31,58,53.45,17,31,54.84,30,14,44,19,12,17,0,7,0,1,26,25,102,0,0,0,1,0,91,85,0,NA,0,0,0,0,0,0,0
1593263,1,"Liga Nacional","Liga Endesa",-402534000,NA,"https://www.acb.com/Documentos/Cabeceras/logo-competicion-1b.png","https://www.acb.com/Documentos/Cabeceras/logo-competicion-4a.png",55,1990,107,NA,NA,1239,6886,NA,NA,FALSE,1065,1058,1624,"Mayoral Maristas","May. Maristas","MAY",1065,1107,"Caja San Fernando","C. San Fernando","CSF",1,85,15000,6,25,24,25,59,42,17,26,65,27,15,42,11,9,14,0,1,0,3,25,28,75,0,0,10,0,0,850,910,0,0,0,0,0,0,0,0,0
1593385,1,"Liga Nacional","Liga Endesa",-402534000,NA,"https://www.acb.com/Documentos/Cabeceras/logo-competicion-1b.png","https://www.acb.com/Documentos/Cabeceras/logo-competicion-4a.png",55,1990,107,NA,NA,1239,6891,NA,NA,FALSE,1055,1054,605,"Montigalá Joventut","Mont. Joventut","JOV",1055,1592,"Elosúa León","Elosúa León","LEO",1,84,12000,3,12,25,30,61,49,15,23,65,18,12,30,5,5,11,0,0,0,1,21,20,64,0,0,11,0,0,924,1177,0,0,0,0,0,0,0,0,0
1593384,1,"Liga Nacional","Liga Endesa",-402534000,NA,"https://www.acb.com/Documentos/Cabeceras/logo-competicion-1b.png","https://www.acb.com/Documentos/Cabeceras/logo-competicion-4a.png",55,1990,107,NA,NA,1239,6891,NA,NA,TRUE,1054,1054,605,"Montigalá Joventut","Mont. Joventut","JOV",1055,1592,"Elosúa León","Elosúa León","LEO",1,107,12000,5,14,35.71,37,49,75.51,18,23,78.26,28,4,32,22,8,10,0,4,0,3,21,21,137,0,0,0,1,0,107,84,0,NA,0,0,0,0,0,0,0
1593286,1,"Liga Nacional","Liga Endesa",-402534000,NA,"https://www.acb.com/Documentos/Cabeceras/logo-competicion-1b.png","https://www.acb.com/Documentos/Cabeceras/logo-competicion-4a.png",55,1990,107,NA,NA,1239,6887,NA,NA,TRUE,1052,1052,1496,"Grupo IFA Granollers","IFA Granollers","GRN",1051,1453,"Valvi Girona","Valvi Girona","GIR",1,83,12000,2,8,25,30,40,75,17,21,80.95,28,1,29,17,4,19,0,2,0,2,19,22,99,0,0,0,1,0,83,82,0,NA,0,0,0,0,0,0,0
1593287,1,"Liga Nacional","Liga Endesa",-402534000,NA,"https://www.acb.com/Documentos/Cabeceras/logo-competicion-1b.png","https://www.acb.com/Documentos/Cabeceras/logo-competicion-4a.png",55,1990,107,NA,NA,1239,6887,NA,NA,FALSE,1051,1052,1496,"Grupo IFA Granollers","IFA Granollers","GRN",1051,1453,"Valvi Girona","Valvi Girona","GIR",1,82,12000,6,17,35,25,53,47,14,20,70,12,12,24,8,12,12,0,2,0,0,22,19,68,0,0,10,0,0,820,830,0,0,0,0,0,0,0,0,0
1593502,1,"Liga Nacional","Liga Endesa",-402534000,NA,"https://www.acb.com/Documentos/Cabeceras/logo-competicion-1b.png","https://www.acb.com/Documentos/Cabeceras/logo-competicion-4a.png",55,1990,107,NA,NA,1239,6896,NA,NA,TRUE,1045,1045,79,"FC Barcelona","FC Barcelona","FCB",1064,1034,"Caja de Ronda","Caja de Ronda","RON",1,89,12000,10,21,47,24,38,63,11,15,73,24,13,37,22,8,15,0,1,0,3,18,16,111,0,0,0,8,0,712,496,0,0,0,0,0,0,0,0,0
1593503,1,"Liga Nacional","Liga Endesa",-402534000,NA,"https://www.acb.com/Documentos/Cabeceras/logo-competicion-1b.png","https://www.acb.com/Documentos/Cabeceras/logo-competicion-4a.png",55,1990,107,NA,NA,1239,6896,NA,NA,FALSE,1064,1045,79,"FC Barcelona","FC Barcelona","FCB",1064,1034,"Caja de Ronda","Caja de Ronda","RON",1,62,12000,0,5,0,27,54,50,8,12,66,9,3,12,4,9,8,0,1,0,1,16,18,46,0,0,9,0,0,558,801,0,0,0,0,0,0,0,0,0
1593429,1,"Liga Nacional","Liga Endesa",-402534000,NA,"https://www.acb.com/Documentos/Cabeceras/logo-competicion-1b.png","https://www.acb.com/Documentos/Cabeceras/logo-competicion-4a.png",55,1990,107,NA,NA,1239,6893,NA,NA,TRUE,1047,1047,1328,"Cajabilbao","Cajabilbao","BIL",1046,195,"Taugrés","Taugrés","TAU",1,89,12000,1,9,11,33,56,58,20,24,83,20,9,29,8,15,17,0,4,0,1,21,20,92,0,0,9,0,0,801,828,0,0,0,0,0,0,0,0,0
1593430,1,"Liga Nacional","Liga Endesa",-402534000,NA,"https://www.acb.com/Documentos/Cabeceras/logo-competicion-1b.png","https://www.acb.com/Documentos/Cabeceras/logo-competicion-4a.png",55,1990,107,NA,NA,1239,6893,NA,NA,FALSE,1046,1047,1328,"Cajabilbao","Cajabilbao","BIL",1046,195,"Taugrés","Taugrés","TAU",1,92,12000,5,8,62.5,31,51,60.78,15,24,62.5,14,5,19,7,11,9,0,1,0,2,19,20,90,0,0,0,1,0,92,89,0,NA,0,0,0,0,0,0,0
1593730,1,"Liga Nacional","Liga Endesa",-402534000,NA,"https://www.acb.com/Documentos/Cabeceras/logo-competicion-1b.png","https://www.acb.com/Documentos/Cabeceras/logo-competicion-4a.png",55,1990,107,NA,NA,1240,6905,NA,NA,TRUE,1067,1067,1873,"Atlético Madrid Villalba","Atlético Madrid","VIL",1045,79,"FC Barcelona","FC Barcelona","FCB",1,62,12000,5,14,35,20,48,41,7,15,46,15,9,24,9,12,12,0,1,0,4,25,21,47,0,0,9,0,0,558,639,0,0,0,0,0,0,0,0,0
1593731,1,"Liga Nacional","Liga Endesa",-402534000,NA,"https://www.acb.com/Documentos/Cabeceras/logo-competicion-1b.png","https://www.acb.com/Documentos/Cabeceras/logo-competicion-4a.png",55,1990,107,NA,NA,1240,6905,NA,NA,FALSE,1045,1067,1873,"Atlético Madrid Villalba","Atlético Madrid","VIL",1045,79,"FC Barcelona","FC Barcelona","FCB",1,71,12000,3,9,33,21,38,55,20,29,68,25,10,35,5,5,15,0,2,0,1,21,24,74,0,0,0,9,0,639,558,0,0,0,0,0,0,0,0,0
1593600,1,"Liga Nacional","Liga Endesa",-402534000,NA,"https://www.acb.com/Documentos/Cabeceras/logo-competicion-1b.png","https://www.acb.com/Documentos/Cabeceras/logo-competicion-4a.png",55,1990,107,NA,NA,1240,6900,NA,NA,TRUE,1062,1062,1734,"Puleva Granada","Puleva Granada","OXI",1049,1391,"Cajacanarias","Cajacanarias","CAN",1,77,12000,5,12,41.67,26,59,44.07,10,19,52.63,16,17,33,7,14,16,0,0,0,1,26,21,61,0,0,0,1,0,77,75,0,NA,0,0,0,0,0,0,0
1593601,1,"Liga Nacional","Liga Endesa",-402534000,NA,"https://www.acb.com/Documentos/Cabeceras/logo-competicion-1b.png","https://www.acb.com/Documentos/Cabeceras/logo-competicion-4a.png",55,1990,107,NA,NA,1240,6900,NA,NA,FALSE,1049,1062,1734,"Puleva Granada","Puleva Granada","OXI",1049,1391,"Cajacanarias","Cajacanarias","CAN",1,75,12000,3,16,18,24,40,60,18,23,78,26,13,39,2,5,23,0,4,0,0,21,26,73,0,0,8,0,0,600,616,0,0,0,0,0,0,0,0,0
1593554,1,"Liga Nacional","Liga Endesa",-402534000,NA,"https://www.acb.com/Documentos/Cabeceras/logo-competicion-1b.png","https://www.acb.com/Documentos/Cabeceras/logo-competicion-4a.png",55,1990,107,NA,NA,1240,6898,NA,NA,TRUE,1054,1054,605,"Montigalá Joventut","Mont. Joventut","JOV",1058,1624,"Mayoral Maristas","May. Maristas","MAY",1,104,12000,1,5,20,35,54,64.81,31,36,86.11,30,9,39,14,7,19,0,3,0,2,22,33,131,0,0,0,1,0,104,73,0,NA,0,0,0,0,0,0,0
1593555,1,"Liga Nacional","Liga Endesa",-402534000,NA,"https://www.acb.com/Documentos/Cabeceras/logo-competicion-1b.png","https://www.acb.com/Documentos/Cabeceras/logo-competicion-4a.png",55,1990,107,NA,NA,1240,6898,NA,NA,FALSE,1058,1054,605,"Montigalá Joventut","Mont. Joventut","JOV",1058,1624,"Mayoral Maristas","May. Maristas","MAY",1,73,12000,4,10,40,26,60,43.33,9,14,64.29,14,11,25,5,9,22,0,4,0,1,33,21,37,0,0,1,0,0,73,104,0,NA,0,0,0,0,0,0,0
1593579,1,"Liga Nacional","Liga Endesa",-402534000,NA,"https://www.acb.com/Documentos/Cabeceras/logo-competicion-1b.png","https://www.acb.com/Documentos/Cabeceras/logo-competicion-4a.png",55,1990,107,NA,NA,1240,6899,NA,NA,TRUE,1055,1055,1592,"Elosúa León","Elosúa León","LEO",1061,1705,"Caixa Ourense","Caixa Ourense","OUR",1,96,12000,8,19,42,32,49,65,8,18,44,26,7,33,17,16,16,0,2,0,2,18,24,116,0,0,0,11,0,1056,913,0,0,0,0,0,0,0,0,0
1593580,1,"Liga Nacional","Liga Endesa",-402534000,NA,"https://www.acb.com/Documentos/Cabeceras/logo-competicion-1b.png","https://www.acb.com/Documentos/Cabeceras/logo-competicion-4a.png",55,1990,107,NA,NA,1240,6899,NA,NA,FALSE,1061,1055,1592,"Elosúa León","Elosúa León","LEO",1061,1705,"Caixa Ourense","Caixa Ourense","OUR",1,83,12000,9,21,42.86,24,43,55.81,8,12,66.67,22,6,28,9,15,17,0,2,0,2,21,18,82,0,0,1,0,0,83,96,0,NA,0,0,0,0,0,0,0
1593628,1,"Liga Nacional","Liga Endesa",-402534000,NA,"https://www.acb.com/Documentos/Cabeceras/logo-competicion-1b.png","https://www.acb.com/Documentos/Cabeceras/logo-competicion-4a.png",55,1990,107,NA,NA,1240,6901,NA,NA,FALSE,1066,1068,1896,"CAI Zaragoza","CAI Zaragoza","CBZ",1066,1832,"Fórum Valladolid","Fórum Vall.","FOR",1,79,12000,4,9,44,21,38,55,25,30,83,21,5,26,11,3,23,0,3,0,0,22,27,77,0,0,10,0,0,790,980,0,0,0,0,0,0,0,0,0
1593627,1,"Liga Nacional","Liga Endesa",-402534000,NA,"https://www.acb.com/Documentos/Cabeceras/logo-competicion-1b.png","https://www.acb.com/Documentos/Cabeceras/logo-competicion-4a.png",55,1990,107,NA,NA,1240,6901,NA,NA,TRUE,1068,1068,1896,"CAI Zaragoza","CAI Zaragoza","CBZ",1066,1832,"Fórum Valladolid","Fórum Vall.","FOR",1,98,12000,6,15,40,33,66,50,14,22,63.64,17,15,32,19,17,11,0,3,0,3,27,22,103,0,0,0,1,0,98,79,0,NA,0,0,0,0,0,0,0
1593680,1,"Liga Nacional","Liga Endesa",-402534000,NA,"https://www.acb.com/Documentos/Cabeceras/logo-competicion-1b.png","https://www.acb.com/Documentos/Cabeceras/logo-competicion-4a.png",55,1990,107,NA,NA,1240,6903,NA,NA,FALSE,1065,1051,1453,"Valvi Girona","Valvi Girona","GIR",1065,1107,"Caja San Fernando","C. San Fernando","CSF",1,62,12000,6,20,30,13,30,43,18,23,78,18,5,23,11,9,15,0,1,0,0,15,22,62,0,0,9,0,0,558,702,0,0,0,0,0,0,0,0,0
1593679,1,"Liga Nacional","Liga Endesa",-402534000,NA,"https://www.acb.com/Documentos/Cabeceras/logo-competicion-1b.png","https://www.acb.com/Documentos/Cabeceras/logo-competicion-4a.png",55,1990,107,NA,NA,1240,6903,NA,NA,TRUE,1051,1051,1453,"Valvi Girona","Valvi Girona","GIR",1065,1107,"Caja San Fernando","C. San Fernando","CSF",1,78,12000,6,12,50,25,51,49,10,14,71,26,13,39,17,11,17,0,1,0,1,22,15,86,0,0,0,9,0,702,558,0,0,0,0,0,0,0,0,0
1593780,1,"Liga Nacional","Liga Endesa",-402534000,NA,"https://www.acb.com/Documentos/Cabeceras/logo-competicion-1b.png","https://www.acb.com/Documentos/Cabeceras/logo-competicion-4a.png",55,1990,107,NA,NA,1240,6907,NA,NA,FALSE,1053,1057,849,"TDK Manresa","TDK Manresa","MAN",1053,1546,"Huesca La Magia","Huesca La Magia","HUE",1,81,12000,2,2,100,26,54,48,23,29,79,18,13,31,7,6,14,0,5,0,1,24,23,81,0,0,0,9,0,729,720,0,0,0,0,0,0,0,0,0
1593779,1,"Liga Nacional","Liga Endesa",-402534000,NA,"https://www.acb.com/Documentos/Cabeceras/logo-competicion-1b.png","https://www.acb.com/Documentos/Cabeceras/logo-competicion-4a.png",55,1990,107,NA,NA,1240,6907,NA,NA,TRUE,1057,1057,849,"TDK Manresa","TDK Manresa","MAN",1053,1546,"Huesca La Magia","Huesca La Magia","HUE",1,80,12000,4,11,36.36,23,46,50,22,23,95.65,19,6,25,10,5,9,0,0,0,3,23,24,81,0,0,1,0,0,80,81,0,NA,0,0,0,0,0,0,0
1593806,1,"Liga Nacional","Liga Endesa",-402534000,NA,"https://www.acb.com/Documentos/Cabeceras/logo-competicion-1b.png","https://www.acb.com/Documentos/Cabeceras/logo-competicion-4a.png",55,1990,107,NA,NA,1240,6908,NA,NA,TRUE,1059,1059,897,"Zumos Júver Murcia","Júver Murcia","MUR",1047,1328,"Cajabilbao","Cajabilbao","BIL",1,93,12000,4,15,26,28,55,50,25,32,78,26,11,37,11,12,9,0,2,0,1,20,29,110,0,0,0,9,0,837,738,0,0,0,0,0,0,0,0,0
1593807,1,"Liga Nacional","Liga Endesa",-402534000,NA,"https://www.acb.com/Documentos/Cabeceras/logo-competicion-1b.png","https://www.acb.com/Documentos/Cabeceras/logo-competicion-4a.png",55,1990,107,NA,NA,1240,6908,NA,NA,FALSE,1047,1059,897,"Zumos Júver Murcia","Júver Murcia","MUR",1047,1328,"Cajabilbao","Cajabilbao","BIL",1,82,12000,5,13,38,28,49,57,11,18,61,24,5,29,15,8,15,0,4,0,2,30,20,77,0,0,10,0,0,820,930,0,0,0,0,0,0,0,0,0
1593830,1,"Liga Nacional","Liga Endesa",-402534000,NA,"https://www.acb.com/Documentos/Cabeceras/logo-competicion-1b.png","https://www.acb.com/Documentos/Cabeceras/logo-competicion-4a.png",55,1990,107,NA,NA,1240,6909,NA,NA,FALSE,1060,1046,195,"Taugrés","Taugrés","TAU",1060,1676,"OAR Ferrol","OAR Ferrol","FER",1,73,12000,4,19,21.05,27,58,46.55,7,15,46.67,15,12,27,6,11,14,0,4,0,1,16,15,52,0,0,1,0,0,73,104,0,NA,0,0,0,0,0,0,0
1593829,1,"Liga Nacional","Liga Endesa",-402534000,NA,"https://www.acb.com/Documentos/Cabeceras/logo-competicion-1b.png","https://www.acb.com/Documentos/Cabeceras/logo-competicion-4a.png",55,1990,107,NA,NA,1240,6909,NA,NA,TRUE,1046,1046,195,"Taugrés","Taugrés","TAU",1060,1676,"OAR Ferrol","OAR Ferrol","FER",1,104,12000,6,12,50,38,50,76,10,14,71.43,33,3,36,21,11,21,0,3,0,7,16,17,133,0,0,0,1,0,104,73,0,NA,0,0,0,0,0,0,0
1593703,1,"Liga Nacional","Liga Endesa",-402534000,NA,"https://www.acb.com/Documentos/Cabeceras/logo-competicion-1b.png","https://www.acb.com/Documentos/Cabeceras/logo-competicion-4a.png",55,1990,107,NA,NA,1240,6904,NA,NA,TRUE,1048,1048,1343,"Dyc Breogán","Dyc Breogán","BRE",1063,939,"Pamesa Valencia","Pamesa Valencia","PAM",1,69,12000,3,10,30,25,55,45,10,19,52,17,16,33,5,17,14,0,2,0,2,20,21,67,0,0,8,0,0,552,568,0,0,0,0,0,0,0,0,0
1593704,1,"Liga Nacional","Liga Endesa",-402534000,NA,"https://www.acb.com/Documentos/Cabeceras/logo-competicion-1b.png","https://www.acb.com/Documentos/Cabeceras/logo-competicion-4a.png",55,1990,107,NA,NA,1240,6904,NA,NA,FALSE,1063,1048,1343,"Dyc Breogán","Dyc Breogán","BRE",1063,939,"Pamesa Valencia","Pamesa Valencia","PAM",1,71,12000,2,8,25,26,42,61,13,16,81,21,5,26,6,11,22,0,2,0,0,22,20,67,0,0,0,9,0,639,621,0,0,0,0,0,0,0,0,0
1593651,1,"Liga Nacional","Liga Endesa",-402534000,NA,"https://www.acb.com/Documentos/Cabeceras/logo-competicion-1b.png","https://www.acb.com/Documentos/Cabeceras/logo-competicion-4a.png",55,1990,107,NA,NA,1240,6902,NA,NA,TRUE,1050,1050,441,"Estudiantes Caja Postal","Estudiantes CP","EST",1052,1496,"Grupo IFA Granollers","IFA Granollers","GRN",1,85,12000,5,11,45,26,52,50,18,25,72,21,15,36,19,7,17,0,4,0,2,18,23,100,0,0,0,8,0,680,632,0,0,0,0,0,0,0,0,0
1593652,1,"Liga Nacional","Liga Endesa",-402534000,NA,"https://www.acb.com/Documentos/Cabeceras/logo-competicion-1b.png","https://www.acb.com/Documentos/Cabeceras/logo-competicion-4a.png",55,1990,107,NA,NA,1240,6902,NA,NA,FALSE,1052,1050,441,"Estudiantes Caja Postal","Estudiantes CP","EST",1052,1496,"Grupo IFA Granollers","IFA Granollers","GRN",1,79,12000,6,13,46.15,24,53,45.28,13,13,100,17,12,29,9,10,11,0,2,0,0,23,18,77,0,0,1,0,0,79,85,0,NA,0,0,0,0,0,0,0
1593755,1,"Liga Nacional","Liga Endesa",-402534000,NA,"https://www.acb.com/Documentos/Cabeceras/logo-competicion-1b.png","https://www.acb.com/Documentos/Cabeceras/logo-competicion-4a.png",55,1990,107,NA,NA,1240,6906,NA,NA,TRUE,1064,1064,1034,"Caja de Ronda","Caja de Ronda","RON",1056,2485,"Real Madrid Otaysa","Real Madrid","RMB",1,86,12000,3,7,42,28,47,59,21,23,91,19,4,23,20,11,13,0,4,0,3,18,22,110,0,0,0,10,0,860,740,0,0,0,0,0,0,0,0,0
1593756,1,"Liga Nacional","Liga Endesa",-402534000,NA,"https://www.acb.com/Documentos/Cabeceras/logo-competicion-1b.png","https://www.acb.com/Documentos/Cabeceras/logo-competicion-4a.png",55,1990,107,NA,NA,1240,6906,NA,NA,FALSE,1056,1064,1034,"Caja de Ronda","Caja de Ronda","RON",1056,2485,"Real Madrid Otaysa","Real Madrid","RMB",1,74,12000,6,15,40,24,41,58,8,11,72,15,2,17,13,16,17,0,2,0,3,22,18,72,0,0,9,0,0,666,774,0,0,0,0,0,0,0,0,0
1594067,1,"Liga Nacional","Liga Endesa",-402534000,NA,"https://www.acb.com/Documentos/Cabeceras/logo-competicion-1b.png","https://www.acb.com/Documentos/Cabeceras/logo-competicion-4a.png",55,1990,107,NA,NA,1241,6919,NA,NA,TRUE,1053,1053,1546,"Huesca La Magia","Huesca La Magia","HUE",1064,1034,"Caja de Ronda","Caja de Ronda","RON",1,64,12000,3,11,27,23,43,53,9,12,75,14,5,19,5,9,9,0,4,0,0,24,18,55,0,0,9,0,0,576,765,0,0,0,0,0,0,0,0,0
1594068,1,"Liga Nacional","Liga Endesa",-402534000,NA,"https://www.acb.com/Documentos/Cabeceras/logo-competicion-1b.png","https://www.acb.com/Documentos/Cabeceras/logo-competicion-4a.png",55,1990,107,NA,NA,1241,6919,NA,NA,FALSE,1064,1053,1546,"Huesca La Magia","Huesca La Magia","HUE",1064,1034,"Caja de Ronda","Caja de Ronda","RON",1,85,12000,2,3,66,30,50,60,19,26,73,22,8,30,15,5,11,0,1,0,3,19,23,101,0,0,0,11,0,935,704,0,0,0,0,0,0,0,0,0
1593899,1,"Liga Nacional","Liga Endesa",-402534000,NA,"https://www.acb.com/Documentos/Cabeceras/logo-competicion-1b.png","https://www.acb.com/Documentos/Cabeceras/logo-competicion-4a.png",55,1990,107,NA,NA,1241,6912,NA,NA,TRUE,1052,1052,1496,"Grupo IFA Granollers","IFA Granollers","GRN",1068,1896,"CAI Zaragoza","CAI Zaragoza","CBZ",1,97,12000,9,25,36,27,44,61.36,16,24,66.67,13,10,23,10,8,21,0,1,0,0,25,26,78,0,0,1,0,0,97,120,0,NA,0,0,0,0,0,0,0
1593900,1,"Liga Nacional","Liga Endesa",-402534000,NA,"https://www.acb.com/Documentos/Cabeceras/logo-competicion-1b.png","https://www.acb.com/Documentos/Cabeceras/logo-competicion-4a.png",55,1990,107,NA,NA,1241,6912,NA,NA,FALSE,1068,1052,1496,"Grupo IFA Granollers","IFA Granollers","GRN",1068,1896,"CAI Zaragoza","CAI Zaragoza","CBZ",1,120,12000,8,9,88.89,36,53,67.92,24,30,80,26,5,31,6,12,20,0,3,0,2,26,25,127,0,0,0,1,0,120,97,0,NA,0,0,0,0,0,0,0
1593970,1,"Liga Nacional","Liga Endesa",-402534000,NA,"https://www.acb.com/Documentos/Cabeceras/logo-competicion-1b.png","https://www.acb.com/Documentos/Cabeceras/logo-competicion-4a.png",55,1990,107,NA,NA,1241,6915,NA,NA,FALSE,1054,1061,1705,"Caixa Ourense","Caixa Ourense","OUR",1054,605,"Montigalá Joventut","Mont. Joventut","JOV",1,93,12000,4,12,33,27,49,55,27,33,81,31,13,44,8,19,15,0,2,0,1,16,28,127,0,0,0,8,0,744,480,0,0,0,0,0,0,0,0,0
1593969,1,"Liga Nacional","Liga Endesa",-402534000,NA,"https://www.acb.com/Documentos/Cabeceras/logo-competicion-1b.png","https://www.acb.com/Documentos/Cabeceras/logo-competicion-4a.png",55,1990,107,NA,NA,1241,6915,NA,NA,TRUE,1061,1061,1705,"Caixa Ourense","Caixa Ourense","OUR",1054,605,"Montigalá Joventut","Mont. Joventut","JOV",1,60,12000,1,12,8,25,47,53,7,12,58,21,5,26,14,15,19,0,2,0,0,28,15,47,0,0,10,0,0,600,930,0,0,0,0,0,0,0,0,0
1593876,1,"Liga Nacional","Liga Endesa",-402534000,NA,"https://www.acb.com/Documentos/Cabeceras/logo-competicion-1b.png","https://www.acb.com/Documentos/Cabeceras/logo-competicion-4a.png",55,1990,107,NA,NA,1241,6911,NA,NA,FALSE,1050,1065,1107,"Caja San Fernando","C. San Fernando","CSF",1050,441,"Estudiantes Caja Postal","Estudiantes CP","EST",1,73,12000,1,10,10,25,49,51,20,26,76,26,11,37,8,13,12,0,2,0,2,16,26,92,0,0,0,9,0,657,585,0,0,0,0,0,0,0,0,0
1593875,1,"Liga Nacional","Liga Endesa",-402534000,NA,"https://www.acb.com/Documentos/Cabeceras/logo-competicion-1b.png","https://www.acb.com/Documentos/Cabeceras/logo-competicion-4a.png",55,1990,107,NA,NA,1241,6911,NA,NA,TRUE,1065,1065,1107,"Caja San Fernando","C. San Fernando","CSF",1050,441,"Estudiantes Caja Postal","Estudiantes CP","EST",1,65,12000,4,14,28,24,46,52,5,9,55,23,6,29,12,11,18,0,7,0,3,26,16,60,0,0,10,0,0,650,730,0,0,0,0,0,0,0,0,0
1593925,1,"Liga Nacional","Liga Endesa",-402534000,NA,"https://www.acb.com/Documentos/Cabeceras/logo-competicion-1b.png","https://www.acb.com/Documentos/Cabeceras/logo-competicion-4a.png",55,1990,107,NA,NA,1241,6913,NA,NA,FALSE,1062,1066,1832,"Fórum Valladolid","Fórum Vall.","FOR",1062,1734,"Puleva Granada","Puleva Granada","OXI",1,82,12000,1,7,14.29,28,59,47.46,23,31,74.19,23,6,29,8,6,13,0,2,0,0,23,30,76,0,0,1,0,0,82,86,0,NA,0,0,0,0,0,0,0
1593924,1,"Liga Nacional","Liga Endesa",-402534000,NA,"https://www.acb.com/Documentos/Cabeceras/logo-competicion-1b.png","https://www.acb.com/Documentos/Cabeceras/logo-competicion-4a.png",55,1990,107,NA,NA,1241,6913,NA,NA,TRUE,1066,1066,1832,"Fórum Valladolid","Fórum Vall.","FOR",1062,1734,"Puleva Granada","Puleva Granada","OXI",1,86,12000,3,18,16,31,58,53,15,18,83,26,11,37,15,9,13,0,7,0,2,30,23,89,0,0,0,10,0,860,820,0,0,0,0,0,0,0,0,0
1594020,1,"Liga Nacional","Liga Endesa",-402534000,NA,"https://www.acb.com/Documentos/Cabeceras/logo-competicion-1b.png","https://www.acb.com/Documentos/Cabeceras/logo-competicion-4a.png",55,1990,107,NA,NA,1241,6917,NA,NA,FALSE,1059,1060,1676,"OAR Ferrol","OAR Ferrol","FER",1059,897,"Zumos Júver Murcia","Júver Murcia","MUR",1,66,12000,2,8,25,19,48,39,22,27,81,31,8,39,11,17,18,0,2,0,0,20,29,86,0,0,0,8,0,528,480,0,0,0,0,0,0,0,0,0
1594019,1,"Liga Nacional","Liga Endesa",-402534000,NA,"https://www.acb.com/Documentos/Cabeceras/logo-competicion-1b.png","https://www.acb.com/Documentos/Cabeceras/logo-competicion-4a.png",55,1990,107,NA,NA,1241,6917,NA,NA,TRUE,1060,1060,1676,"OAR Ferrol","OAR Ferrol","FER",1059,897,"Zumos Júver Murcia","Júver Murcia","MUR",1,60,12000,1,9,11,24,51,47,9,16,56,29,3,32,16,18,17,0,2,0,4,29,20,60,0,0,10,0,0,540,594,0,0,0,0,0,0,0,0,0
1594038,1,"Liga Nacional","Liga Endesa",-402534000,NA,"https://www.acb.com/Documentos/Cabeceras/logo-competicion-1b.png","https://www.acb.com/Documentos/Cabeceras/logo-competicion-4a.png",55,1990,107,NA,NA,1241,6918,NA,NA,TRUE,1047,1047,1328,"Cajabilbao","Cajabilbao","BIL",1057,849,"TDK Manresa","TDK Manresa","MAN",1,77,12000,4,8,50,28,62,45,9,14,64,13,8,21,6,15,11,0,2,0,2,19,19,67,0,0,8,0,0,616,776,0,0,0,0,0,0,0,0,0
1594039,1,"Liga Nacional","Liga Endesa",-402534000,NA,"https://www.acb.com/Documentos/Cabeceras/logo-competicion-1b.png","https://www.acb.com/Documentos/Cabeceras/logo-competicion-4a.png",55,1990,107,NA,NA,1241,6918,NA,NA,FALSE,1057,1047,1328,"Cajabilbao","Cajabilbao","BIL",1057,849,"TDK Manresa","TDK Manresa","MAN",1,97,12000,8,14,57.14,29,42,69.05,15,22,68.18,24,3,27,8,16,18,0,4,0,3,19,19,108,0,0,0,1,0,97,77,0,NA,0,0,0,0,0,0,0
1594121,1,"Liga Nacional","Liga Endesa",-402534000,NA,"https://www.acb.com/Documentos/Cabeceras/logo-competicion-1b.png","https://www.acb.com/Documentos/Cabeceras/logo-competicion-4a.png",55,1990,107,NA,NA,1241,6921,NA,NA,TRUE,1045,1045,79,"FC Barcelona","FC Barcelona","FCB",1048,1343,"Dyc Breogán","Dyc Breogán","BRE",1,86,12000,3,9,33,30,52,57,17,21,80,21,9,30,19,14,15,0,4,0,2,21,18,103,0,0,0,10,0,860,730,0,0,0,0,0,0,0,0,0
1594122,1,"Liga Nacional","Liga Endesa",-402534000,NA,"https://www.acb.com/Documentos/Cabeceras/logo-competicion-1b.png","https://www.acb.com/Documentos/Cabeceras/logo-competicion-4a.png",55,1990,107,NA,NA,1241,6921,NA,NA,FALSE,1048,1045,79,"FC Barcelona","FC Barcelona","FCB",1048,1343,"Dyc Breogán","Dyc Breogán","BRE",1,73,12000,1,6,16,25,52,48,20,24,83,19,12,31,10,9,18,0,0,0,2,18,21,72,0,0,9,0,0,657,774,0,0,0,0,0,0,0,0,0
1593949,1,"Liga Nacional","Liga Endesa",-402534000,NA,"https://www.acb.com/Documentos/Cabeceras/logo-competicion-1b.png","https://www.acb.com/Documentos/Cabeceras/logo-competicion-4a.png",55,1990,107,NA,NA,1241,6914,NA,NA,TRUE,1049,1049,1391,"Cajacanarias","Cajacanarias","CAN",1055,1592,"Elosúa León","Elosúa León","LEO",1,89,12000,7,15,46,28,51,54,12,14,85,15,11,26,9,13,11,0,8,0,3,21,3,83,0,0,0,10,0,890,860,0,0,0,0,0,0,0,0,0
1593950,1,"Liga Nacional","Liga Endesa",-402534000,NA,"https://www.acb.com/Documentos/Cabeceras/logo-competicion-1b.png","https://www.acb.com/Documentos/Cabeceras/logo-competicion-4a.png",55,1990,107,NA,NA,1241,6914,NA,NA,FALSE,1055,1049,1391,"Cajacanarias","Cajacanarias","CAN",1055,1592,"Elosúa León","Elosúa León","LEO",1,86,12000,6,12,50,25,46,54,18,27,66,17,5,22,19,13,17,0,3,0,2,21,1,70,0,0,10,0,0,860,890,0,0,0,0,0,0,0,0,0
1594096,1,"Liga Nacional","Liga Endesa",-402534000,NA,"https://www.acb.com/Documentos/Cabeceras/logo-competicion-1b.png","https://www.acb.com/Documentos/Cabeceras/logo-competicion-4a.png",55,1990,107,NA,NA,1241,6920,NA,NA,FALSE,1067,1056,2485,"Real Madrid Otaysa","Real Madrid","RMB",1067,1873,"Atlético Madrid Villalba","Atlético Madrid","VIL",1,69,12000,4,20,20,26,54,48,5,15,33,12,17,29,14,12,13,0,2,0,4,22,22,59,0,0,9,0,0,621,882,0,0,0,0,0,0,0,0,0
1594095,1,"Liga Nacional","Liga Endesa",-402534000,NA,"https://www.acb.com/Documentos/Cabeceras/logo-competicion-1b.png","https://www.acb.com/Documentos/Cabeceras/logo-competicion-4a.png",55,1990,107,NA,NA,1241,6920,NA,NA,TRUE,1056,1056,2485,"Real Madrid Otaysa","Real Madrid","RMB",1067,1873,"Atlético Madrid Villalba","Atlético Madrid","VIL",1,98,12000,9,13,69,28,46,60,15,19,78,29,12,41,23,8,17,0,4,0,7,22,22,131,0,0,0,11,0,1078,759,0,0,0,0,0,0,0,0,0
1593995,1,"Liga Nacional","Liga Endesa",-402534000,NA,"https://www.acb.com/Documentos/Cabeceras/logo-competicion-1b.png","https://www.acb.com/Documentos/Cabeceras/logo-competicion-4a.png",55,1990,107,NA,NA,1241,6916,NA,NA,FALSE,1046,1063,939,"Pamesa Valencia","Pamesa Valencia","PAM",1046,195,"Taugrés","Taugrés","TAU",1,79,12000,5,12,41.67,23,53,43.4,18,19,94.74,24,9,33,15,10,13,0,1,0,1,21,22,88,0,0,1,0,0,79,86,0,NA,0,0,0,0,0,0,0
1593994,1,"Liga Nacional","Liga Endesa",-402534000,NA,"https://www.acb.com/Documentos/Cabeceras/logo-competicion-1b.png","https://www.acb.com/Documentos/Cabeceras/logo-competicion-4a.png",55,1990,107,NA,NA,1241,6916,NA,NA,TRUE,1063,1063,939,"Pamesa Valencia","Pamesa Valencia","PAM",1046,195,"Taugrés","Taugrés","TAU",1,86,12000,10,15,66,23,51,45,10,18,55,25,11,36,23,10,15,0,8,0,0,22,21,106,0,0,0,10,0,860,790,0,0,0,0,0,0,0,0,0
1593854,1,"Liga Nacional","Liga Endesa",-402534000,NA,"https://www.acb.com/Documentos/Cabeceras/logo-competicion-1b.png","https://www.acb.com/Documentos/Cabeceras/logo-competicion-4a.png",55,1990,107,NA,NA,1241,6910,NA,NA,TRUE,1058,1058,1624,"Mayoral Maristas","May. Maristas","MAY",1051,1453,"Valvi Girona","Valvi Girona","GIR",1,85,12000,7,10,70,21,46,45,22,25,88,19,4,23,7,9,14,0,3,0,3,21,26,87,0,0,0,10,0,765,720,0,0,0,0,0,0,0,0,0
1593855,1,"Liga Nacional","Liga Endesa",-402534000,NA,"https://www.acb.com/Documentos/Cabeceras/logo-competicion-1b.png","https://www.acb.com/Documentos/Cabeceras/logo-competicion-4a.png",55,1990,107,NA,NA,1241,6910,NA,NA,FALSE,1051,1058,1624,"Mayoral Maristas","May. Maristas","MAY",1051,1453,"Valvi Girona","Valvi Girona","GIR",1,80,12000,4,11,36,30,52,57,8,12,66,18,10,28,10,6,14,0,1,0,0,26,19,71,0,0,10,0,0,800,850,0,0,0,0,0,0,0,0,0
1594258,1,"Liga Nacional","Liga Endesa",-402534000,NA,"https://www.acb.com/Documentos/Cabeceras/logo-competicion-1b.png","https://www.acb.com/Documentos/Cabeceras/logo-competicion-4a.png",55,1990,107,NA,NA,1242,6926,NA,NA,FALSE,1050,1056,2485,"Real Madrid Otaysa","Real Madrid","RMB",1050,441,"Estudiantes Caja Postal","Estudiantes CP","EST",1,69,13500,6,24,25,21,47,44,9,19,47,27,11,38,12,9,9,0,6,0,3,25,21,67,0,0,10,0,0,690,710,0,0,0,0,0,0,0,0,0
1594257,1,"Liga Nacional","Liga Endesa",-402534000,NA,"https://www.acb.com/Documentos/Cabeceras/logo-competicion-1b.png","https://www.acb.com/Documentos/Cabeceras/logo-competicion-4a.png",55,1990,107,NA,NA,1242,6926,NA,NA,TRUE,1056,1056,2485,"Real Madrid Otaysa","Real Madrid","RMB",1050,441,"Estudiantes Caja Postal","Estudiantes CP","EST",1,71,13500,3,13,23,21,45,46,20,26,76,36,8,44,17,4,16,0,5,0,3,21,24,88,0,0,0,9,0,639,621,0,0,0,0,0,0,0,0,0
1594204,1,"Liga Nacional","Liga Endesa",-402534000,NA,"https://www.acb.com/Documentos/Cabeceras/logo-competicion-1b.png","https://www.acb.com/Documentos/Cabeceras/logo-competicion-4a.png",55,1990,107,NA,NA,1242,6924,NA,NA,TRUE,1054,1054,605,"Montigalá Joventut","Mont. Joventut","JOV",1045,79,"FC Barcelona","FC Barcelona","FCB",1,79,12000,3,10,30,27,54,50,16,29,55.17,28,12,40,8,7,10,0,3,0,0,26,28,82,0,0,0,1,0,79,70,0,NA,0,0,0,0,0,0,0
1594205,1,"Liga Nacional","Liga Endesa",-402534000,NA,"https://www.acb.com/Documentos/Cabeceras/logo-competicion-1b.png","https://www.acb.com/Documentos/Cabeceras/logo-competicion-4a.png",55,1990,107,NA,NA,1242,6924,NA,NA,FALSE,1045,1054,605,"Montigalá Joventut","Mont. Joventut","JOV",1045,79,"FC Barcelona","FC Barcelona","FCB",1,70,12000,1,11,9,24,51,47,19,28,67,23,9,32,10,5,13,0,3,0,0,28,26,59,0,0,9,0,0,630,711,0,0,0,0,0,0,0,0,0
1594150,1,"Liga Nacional","Liga Endesa",-402534000,NA,"https://www.acb.com/Documentos/Cabeceras/logo-competicion-1b.png","https://www.acb.com/Documentos/Cabeceras/logo-competicion-4a.png",55,1990,107,NA,NA,1242,6922,NA,NA,FALSE,1065,1046,195,"Taugrés","Taugrés","TAU",1065,1107,"Caja San Fernando","C. San Fernando","CSF",1,68,12000,3,22,13,24,53,45,11,17,64,14,14,28,11,14,17,0,2,0,3,18,14,48,0,0,10,0,0,680,1030,0,0,0,0,0,0,0,0,0
1594149,1,"Liga Nacional","Liga Endesa",-402534000,NA,"https://www.acb.com/Documentos/Cabeceras/logo-competicion-1b.png","https://www.acb.com/Documentos/Cabeceras/logo-competicion-4a.png",55,1990,107,NA,NA,1242,6922,NA,NA,TRUE,1046,1046,195,"Taugrés","Taugrés","TAU",1065,1107,"Caja San Fernando","C. San Fernando","CSF",1,103,12000,6,12,50,35,61,57.38,15,20,75,31,18,49,15,11,17,0,1,0,4,16,20,129,0,0,0,1,0,103,68,0,NA,0,0,0,0,0,0,0
1594231,1,"Liga Nacional","Liga Endesa",-402534000,NA,"https://www.acb.com/Documentos/Cabeceras/logo-competicion-1b.png","https://www.acb.com/Documentos/Cabeceras/logo-competicion-4a.png",55,1990,107,NA,NA,1242,6925,NA,NA,FALSE,1063,1068,1896,"CAI Zaragoza","CAI Zaragoza","CBZ",1063,939,"Pamesa Valencia","Pamesa Valencia","PAM",1,83,12000,5,18,27,24,45,53,20,28,71,20,7,27,11,11,17,0,3,0,4,31,29,74,0,0,10,0,0,830,880,0,0,0,0,0,0,0,0,0
1594230,1,"Liga Nacional","Liga Endesa",-402534000,NA,"https://www.acb.com/Documentos/Cabeceras/logo-competicion-1b.png","https://www.acb.com/Documentos/Cabeceras/logo-competicion-4a.png",55,1990,107,NA,NA,1242,6925,NA,NA,TRUE,1068,1068,1896,"CAI Zaragoza","CAI Zaragoza","CBZ",1063,939,"Pamesa Valencia","Pamesa Valencia","PAM",1,88,12000,4,11,36.36,23,49,46.94,30,41,73.17,28,16,44,13,12,24,0,0,0,1,29,31,91,0,0,0,1,0,88,83,0,NA,0,0,0,0,0,0,0
1594312,1,"Liga Nacional","Liga Endesa",-402534000,NA,"https://www.acb.com/Documentos/Cabeceras/logo-competicion-1b.png","https://www.acb.com/Documentos/Cabeceras/logo-competicion-4a.png",55,1990,107,NA,NA,1242,6928,NA,NA,FALSE,1060,1051,1453,"Valvi Girona","Valvi Girona","GIR",1060,1676,"OAR Ferrol","OAR Ferrol","FER",1,77,12000,3,15,20,23,39,58,22,30,73,19,11,30,10,6,16,0,1,0,2,26,25,71,0,0,11,0,0,770,900,0,0,0,0,0,0,0,0,0
1594311,1,"Liga Nacional","Liga Endesa",-402534000,NA,"https://www.acb.com/Documentos/Cabeceras/logo-competicion-1b.png","https://www.acb.com/Documentos/Cabeceras/logo-competicion-4a.png",55,1990,107,NA,NA,1242,6928,NA,NA,TRUE,1051,1051,1453,"Valvi Girona","Valvi Girona","GIR",1060,1676,"OAR Ferrol","OAR Ferrol","FER",1,90,12000,3,10,30,31,48,64,19,27,70,15,8,23,12,11,8,0,0,0,2,26,25,95,0,0,0,13,0,1170,1001,0,0,0,0,0,0,0,0,0
1594379,1,"Liga Nacional","Liga Endesa",-402534000,NA,"https://www.acb.com/Documentos/Cabeceras/logo-competicion-1b.png","https://www.acb.com/Documentos/Cabeceras/logo-competicion-4a.png",55,1990,107,NA,NA,1242,6931,NA,NA,FALSE,1058,1057,849,"TDK Manresa","TDK Manresa","MAN",1058,1624,"Mayoral Maristas","May. Maristas","MAY",1,83,12000,8,15,53,23,45,51,13,17,76,17,7,24,10,11,14,0,0,0,6,25,20,76,0,0,10,0,0,747,819,0,0,0,0,0,0,0,0,0
1594378,1,"Liga Nacional","Liga Endesa",-402534000,NA,"https://www.acb.com/Documentos/Cabeceras/logo-competicion-1b.png","https://www.acb.com/Documentos/Cabeceras/logo-competicion-4a.png",55,1990,107,NA,NA,1242,6931,NA,NA,TRUE,1057,1057,849,"TDK Manresa","TDK Manresa","MAN",1058,1624,"Mayoral Maristas","May. Maristas","MAY",1,91,12000,4,11,36.36,29,37,78.38,21,30,70,21,4,25,16,5,16,0,4,0,6,22,25,104,0,0,0,1,0,91,83,0,NA,0,0,0,0,0,0,0
1594406,1,"Liga Nacional","Liga Endesa",-402534000,NA,"https://www.acb.com/Documentos/Cabeceras/logo-competicion-1b.png","https://www.acb.com/Documentos/Cabeceras/logo-competicion-4a.png",55,1990,107,NA,NA,1242,6932,NA,NA,FALSE,1059,1055,1592,"Elosúa León","Elosúa León","LEO",1059,897,"Zumos Júver Murcia","Júver Murcia","MUR",1,72,12000,2,12,16,28,61,45,10,18,55,17,13,30,11,15,15,0,2,0,1,20,23,67,0,0,8,0,0,576,712,0,0,0,0,0,0,0,0,0
1594405,1,"Liga Nacional","Liga Endesa",-402534000,NA,"https://www.acb.com/Documentos/Cabeceras/logo-competicion-1b.png","https://www.acb.com/Documentos/Cabeceras/logo-competicion-4a.png",55,1990,107,NA,NA,1242,6932,NA,NA,TRUE,1055,1055,1592,"Elosúa León","Elosúa León","LEO",1059,897,"Zumos Júver Murcia","Júver Murcia","MUR",1,89,12000,4,10,40,32,51,62,13,21,61,30,9,39,12,13,17,0,3,0,3,23,21,104,0,0,0,10,0,890,720,0,0,0,0,0,0,0,0,0
1594432,1,"Liga Nacional","Liga Endesa",-402534000,NA,"https://www.acb.com/Documentos/Cabeceras/logo-competicion-1b.png","https://www.acb.com/Documentos/Cabeceras/logo-competicion-4a.png",55,1990,107,NA,NA,1242,6933,NA,NA,FALSE,1047,1049,1391,"Cajacanarias","Cajacanarias","CAN",1047,1328,"Cajabilbao","Cajabilbao","BIL",1,100,12000,3,8,37,30,47,63,31,34,91,11,7,18,15,9,9,0,2,0,1,27,1,84,0,0,10,0,0,1000,1040,0,0,0,0,0,0,0,0,0
1594431,1,"Liga Nacional","Liga Endesa",-402534000,NA,"https://www.acb.com/Documentos/Cabeceras/logo-competicion-1b.png","https://www.acb.com/Documentos/Cabeceras/logo-competicion-4a.png",55,1990,107,NA,NA,1242,6933,NA,NA,TRUE,1049,1049,1391,"Cajacanarias","Cajacanarias","CAN",1047,1328,"Cajabilbao","Cajabilbao","BIL",1,104,12000,7,11,63,33,50,66,17,29,58,14,11,25,6,9,12,0,2,0,7,24,3,80,0,0,0,11,0,1144,1100,0,0,0,0,0,0,0,0,0
1594179,1,"Liga Nacional","Liga Endesa",-402534000,NA,"https://www.acb.com/Documentos/Cabeceras/logo-competicion-1b.png","https://www.acb.com/Documentos/Cabeceras/logo-competicion-4a.png",55,1990,107,NA,NA,1242,6923,NA,NA,TRUE,1064,1064,1034,"Caja de Ronda","Caja de Ronda","RON",1066,1832,"Fórum Valladolid","Fórum Vall.","FOR",1,65,12000,4,13,30,21,54,38,11,14,78,15,13,28,5,8,7,0,1,0,0,27,16,44,0,0,11,0,0,715,836,0,0,0,0,0,0,0,0,0
1594180,1,"Liga Nacional","Liga Endesa",-402534000,NA,"https://www.acb.com/Documentos/Cabeceras/logo-competicion-1b.png","https://www.acb.com/Documentos/Cabeceras/logo-competicion-4a.png",55,1990,107,NA,NA,1242,6923,NA,NA,FALSE,1066,1064,1034,"Caja de Ronda","Caja de Ronda","RON",1066,1832,"Fórum Valladolid","Fórum Vall.","FOR",1,76,12000,4,11,36,22,34,64,20,24,83,22,5,27,12,15,12,0,4,0,1,17,25,107,0,0,0,11,0,836,715,0,0,0,0,0,0,0,0,0
1594337,1,"Liga Nacional","Liga Endesa",-402534000,NA,"https://www.acb.com/Documentos/Cabeceras/logo-competicion-1b.png","https://www.acb.com/Documentos/Cabeceras/logo-competicion-4a.png",55,1990,107,NA,NA,1242,6929,NA,NA,TRUE,1062,1062,1734,"Puleva Granada","Puleva Granada","OXI",1053,1546,"Huesca La Magia","Huesca La Magia","HUE",1,76,12000,5,7,71.43,27,57,47.37,7,13,53.85,14,9,23,12,8,14,0,2,0,0,22,18,65,0,0,1,0,0,76,102,0,NA,0,0,0,0,0,0,0
1594338,1,"Liga Nacional","Liga Endesa",-402534000,NA,"https://www.acb.com/Documentos/Cabeceras/logo-competicion-1b.png","https://www.acb.com/Documentos/Cabeceras/logo-competicion-4a.png",55,1990,107,NA,NA,1242,6929,NA,NA,FALSE,1053,1062,1734,"Puleva Granada","Puleva Granada","OXI",1053,1546,"Huesca La Magia","Huesca La Magia","HUE",1,102,12000,7,10,70,34,56,60,13,15,86,22,12,34,7,10,13,0,4,0,0,18,22,121,0,0,0,9,0,918,684,0,0,0,0,0,0,0,0,0
1594356,1,"Liga Nacional","Liga Endesa",-402534000,NA,"https://www.acb.com/Documentos/Cabeceras/logo-competicion-1b.png","https://www.acb.com/Documentos/Cabeceras/logo-competicion-4a.png",55,1990,107,NA,NA,1242,6930,NA,NA,TRUE,1048,1048,1343,"Dyc Breogán","Dyc Breogán","BRE",1061,1705,"Caixa Ourense","Caixa Ourense","OUR",1,76,12000,1,10,10,29,66,43,15,24,62,24,22,46,3,8,9,0,1,0,0,25,23,68,0,0,8,0,0,608,616,0,0,0,0,0,0,0,0,0
1594357,1,"Liga Nacional","Liga Endesa",-402534000,NA,"https://www.acb.com/Documentos/Cabeceras/logo-competicion-1b.png","https://www.acb.com/Documentos/Cabeceras/logo-competicion-4a.png",55,1990,107,NA,NA,1242,6930,NA,NA,FALSE,1061,1048,1343,"Dyc Breogán","Dyc Breogán","BRE",1061,1705,"Caixa Ourense","Caixa Ourense","OUR",1,77,12000,3,8,37.5,27,52,51.92,14,22,63.64,25,14,39,7,6,11,0,2,0,2,23,25,84,0,0,0,1,0,77,76,0,NA,0,0,0,0,0,0,0
1594283,1,"Liga Nacional","Liga Endesa",-402534000,NA,"https://www.acb.com/Documentos/Cabeceras/logo-competicion-1b.png","https://www.acb.com/Documentos/Cabeceras/logo-competicion-4a.png",55,1990,107,NA,NA,1242,6927,NA,NA,FALSE,1052,1067,1873,"Atlético Madrid Villalba","Atlético Madrid","VIL",1052,1496,"Grupo IFA Granollers","IFA Granollers","GRN",1,70,12000,3,12,25,21,43,48.84,19,25,76,12,7,19,6,7,12,0,2,0,1,21,20,54,0,0,1,0,0,70,88,0,NA,0,0,0,0,0,0,0
1594282,1,"Liga Nacional","Liga Endesa",-402534000,NA,"https://www.acb.com/Documentos/Cabeceras/logo-competicion-1b.png","https://www.acb.com/Documentos/Cabeceras/logo-competicion-4a.png",55,1990,107,NA,NA,1242,6927,NA,NA,TRUE,1067,1067,1873,"Atlético Madrid Villalba","Atlético Madrid","VIL",1052,1496,"Grupo IFA Granollers","IFA Granollers","GRN",1,88,12000,2,13,15,35,58,60,12,17,70,23,18,41,3,5,12,0,5,0,3,22,20,89,0,0,0,10,0,880,700,0,0,0,0,0,0,0,0,0
1594526,1,"Liga Nacional","Liga Endesa",-402534000,NA,"https://www.acb.com/Documentos/Cabeceras/logo-competicion-1b.png","https://www.acb.com/Documentos/Cabeceras/logo-competicion-4a.png",55,1990,107,NA,NA,1243,6937,NA,NA,TRUE,1045,1045,79,"FC Barcelona","FC Barcelona","FCB",1068,1896,"CAI Zaragoza","CAI Zaragoza","CBZ",1,112,12000,7,17,41,33,51,64,25,29,86,14,9,23,24,10,11,0,0,0,3,20,25,131,0,0,0,10,0,1120,910,0,0,0,0,0,0,0,0,0
1594527,1,"Liga Nacional","Liga Endesa",-402534000,NA,"https://www.acb.com/Documentos/Cabeceras/logo-competicion-1b.png","https://www.acb.com/Documentos/Cabeceras/logo-competicion-4a.png",55,1990,107,NA,NA,1243,6937,NA,NA,FALSE,1068,1045,79,"FC Barcelona","FC Barcelona","FCB",1068,1896,"CAI Zaragoza","CAI Zaragoza","CBZ",1,91,12000,4,10,40,32,56,57.14,15,17,88.24,20,8,28,13,7,20,0,1,0,3,25,20,83,0,0,1,0,0,91,112,0,NA,0,0,0,0,0,0,0
1594649,1,"Liga Nacional","Liga Endesa",-402534000,NA,"https://www.acb.com/Documentos/Cabeceras/logo-competicion-1b.png","https://www.acb.com/Documentos/Cabeceras/logo-competicion-4a.png",55,1990,107,NA,NA,1243,6942,NA,NA,FALSE,1048,1058,1624,"Mayoral Maristas","May. Maristas","MAY",1048,1343,"Dyc Breogán","Dyc Breogán","BRE",1,70,12000,3,11,27,24,41,58,13,24,54,23,13,36,4,8,16,0,0,0,0,13,25,78,0,0,0,8,0,560,512,0,0,0,0,0,0,0,0,0
1594648,1,"Liga Nacional","Liga Endesa",-402534000,NA,"https://www.acb.com/Documentos/Cabeceras/logo-competicion-1b.png","https://www.acb.com/Documentos/Cabeceras/logo-competicion-4a.png",55,1990,107,NA,NA,1243,6942,NA,NA,TRUE,1058,1058,1624,"Mayoral Maristas","May. Maristas","MAY",1048,1343,"Dyc Breogán","Dyc Breogán","BRE",1,64,12000,3,12,25,25,51,49,5,9,55,17,12,29,12,15,16,0,2,0,4,25,13,55,0,0,11,0,0,640,700,0,0,0,0,0,0,0,0,0
1594457,1,"Liga Nacional","Liga Endesa",-402534000,NA,"https://www.acb.com/Documentos/Cabeceras/logo-competicion-1b.png","https://www.acb.com/Documentos/Cabeceras/logo-competicion-4a.png",55,1990,107,NA,NA,1243,6934,NA,NA,TRUE,1066,1066,1832,"Fórum Valladolid","Fórum Vall.","FOR",1046,195,"Taugrés","Taugrés","TAU",1,74,12000,5,13,38,23,50,46,13,16,81,20,10,30,9,5,16,0,1,0,1,16,17,66,0,0,11,0,0,814,836,0,0,0,0,0,0,0,0,0
1594458,1,"Liga Nacional","Liga Endesa",-402534000,NA,"https://www.acb.com/Documentos/Cabeceras/logo-competicion-1b.png","https://www.acb.com/Documentos/Cabeceras/logo-competicion-4a.png",55,1990,107,NA,NA,1243,6934,NA,NA,FALSE,1046,1066,1832,"Fórum Valladolid","Fórum Vall.","FOR",1046,195,"Taugrés","Taugrés","TAU",1,76,12000,7,12,58.33,24,46,52.17,7,10,70,20,2,22,17,6,13,0,1,0,1,17,16,78,0,0,0,1,0,76,74,0,NA,0,0,0,0,0,0,0
1594476,1,"Liga Nacional","Liga Endesa",-402534000,NA,"https://www.acb.com/Documentos/Cabeceras/logo-competicion-1b.png","https://www.acb.com/Documentos/Cabeceras/logo-competicion-4a.png",55,1990,107,NA,NA,1243,6935,NA,NA,TRUE,1065,1065,1107,"Caja San Fernando","C. San Fernando","CSF",1064,1034,"Caja de Ronda","Caja de Ronda","RON",1,74,12000,6,14,42,21,41,51,14,18,77,11,9,20,8,13,13,0,2,0,1,28,19,63,0,0,9,0,0,666,738,0,0,0,0,0,0,0,0,0
1594477,1,"Liga Nacional","Liga Endesa",-402534000,NA,"https://www.acb.com/Documentos/Cabeceras/logo-competicion-1b.png","https://www.acb.com/Documentos/Cabeceras/logo-competicion-4a.png",55,1990,107,NA,NA,1243,6935,NA,NA,FALSE,1064,1065,1107,"Caja San Fernando","C. San Fernando","CSF",1064,1034,"Caja de Ronda","Caja de Ronda","RON",1,82,12000,1,9,11,24,38,63,31,36,86,18,12,30,9,10,15,0,1,0,5,19,28,99,0,0,0,8,0,656,592,0,0,0,0,0,0,0,0,0
1594548,1,"Liga Nacional","Liga Endesa",-402534000,NA,"https://www.acb.com/Documentos/Cabeceras/logo-competicion-1b.png","https://www.acb.com/Documentos/Cabeceras/logo-competicion-4a.png",55,1990,107,NA,NA,1243,6938,NA,NA,TRUE,1052,1052,1496,"Grupo IFA Granollers","IFA Granollers","GRN",1056,2485,"Real Madrid Otaysa","Real Madrid","RMB",1,90,12000,6,15,40,25,57,43.86,22,28,78.57,28,15,43,12,4,16,0,2,0,0,27,26,87,0,0,1,0,0,90,96,0,NA,0,0,0,0,0,0,0
1594549,1,"Liga Nacional","Liga Endesa",-402534000,NA,"https://www.acb.com/Documentos/Cabeceras/logo-competicion-1b.png","https://www.acb.com/Documentos/Cabeceras/logo-competicion-4a.png",55,1990,107,NA,NA,1243,6938,NA,NA,FALSE,1056,1052,1496,"Grupo IFA Granollers","IFA Granollers","GRN",1056,2485,"Real Madrid Otaysa","Real Madrid","RMB",1,96,12000,3,11,27,34,54,62,19,27,70,23,4,27,8,9,12,0,6,0,5,26,27,99,0,0,0,9,0,864,810,0,0,0,0,0,0,0,0,0
1594605,1,"Liga Nacional","Liga Endesa",-402534000,NA,"https://www.acb.com/Documentos/Cabeceras/logo-competicion-1b.png","https://www.acb.com/Documentos/Cabeceras/logo-competicion-4a.png",55,1990,107,NA,NA,1243,6940,NA,NA,TRUE,1053,1053,1546,"Huesca La Magia","Huesca La Magia","HUE",1051,1453,"Valvi Girona","Valvi Girona","GIR",1,78,12000,2,7,28,27,63,42,18,28,64,26,8,34,3,7,9,0,2,0,1,30,22,56,0,0,9,0,0,702,792,0,0,0,0,0,0,0,0,0
1594606,1,"Liga Nacional","Liga Endesa",-402534000,NA,"https://www.acb.com/Documentos/Cabeceras/logo-competicion-1b.png","https://www.acb.com/Documentos/Cabeceras/logo-competicion-4a.png",55,1990,107,NA,NA,1243,6940,NA,NA,FALSE,1051,1053,1546,"Huesca La Magia","Huesca La Magia","HUE",1051,1453,"Valvi Girona","Valvi Girona","GIR",1,88,12000,1,8,12,29,44,65,27,41,65,36,3,39,8,5,12,0,6,0,4,23,29,104,0,0,0,9,0,792,702,0,0,0,0,0,0,0,0,0
1594626,1,"Liga Nacional","Liga Endesa",-402534000,NA,"https://www.acb.com/Documentos/Cabeceras/logo-competicion-1b.png","https://www.acb.com/Documentos/Cabeceras/logo-competicion-4a.png",55,1990,107,NA,NA,1243,6941,NA,NA,TRUE,1060,1060,1676,"OAR Ferrol","OAR Ferrol","FER",1062,1734,"Puleva Granada","Puleva Granada","OXI",1,78,12000,4,10,40,28,52,53,10,18,55,16,10,26,22,12,15,0,1,0,0,22,20,84,0,0,11,0,0,780,880,0,0,0,0,0,0,0,0,0
1594627,1,"Liga Nacional","Liga Endesa",-402534000,NA,"https://www.acb.com/Documentos/Cabeceras/logo-competicion-1b.png","https://www.acb.com/Documentos/Cabeceras/logo-competicion-4a.png",55,1990,107,NA,NA,1243,6941,NA,NA,FALSE,1062,1060,1676,"OAR Ferrol","OAR Ferrol","FER",1062,1734,"Puleva Granada","Puleva Granada","OXI",1,88,12000,6,10,60,24,46,52.17,22,26,84.62,21,5,26,20,15,12,0,2,0,1,20,22,111,0,0,0,1,0,88,78,0,NA,0,0,0,0,0,0,0
1594669,1,"Liga Nacional","Liga Endesa",-402534000,NA,"https://www.acb.com/Documentos/Cabeceras/logo-competicion-1b.png","https://www.acb.com/Documentos/Cabeceras/logo-competicion-4a.png",55,1990,107,NA,NA,1243,6943,NA,NA,TRUE,1061,1061,1705,"Caixa Ourense","Caixa Ourense","OUR",1057,849,"TDK Manresa","TDK Manresa","MAN",1,86,13500,7,18,38.89,26,49,53.06,13,25,52,27,8,35,18,11,12,0,1,0,1,28,24,89,0,0,1,0,0,86,87,0,NA,0,0,0,0,0,0,0
1594670,1,"Liga Nacional","Liga Endesa",-402534000,NA,"https://www.acb.com/Documentos/Cabeceras/logo-competicion-1b.png","https://www.acb.com/Documentos/Cabeceras/logo-competicion-4a.png",55,1990,107,NA,NA,1243,6943,NA,NA,FALSE,1057,1061,1705,"Caixa Ourense","Caixa Ourense","OUR",1057,849,"TDK Manresa","TDK Manresa","MAN",1,87,13500,2,16,12.5,27,56,48.21,27,38,71.05,30,18,48,14,11,10,0,3,0,2,24,27,102,0,0,0,1,0,87,86,0,NA,0,0,0,0,0,0,0
1594695,1,"Liga Nacional","Liga Endesa",-402534000,NA,"https://www.acb.com/Documentos/Cabeceras/logo-competicion-1b.png","https://www.acb.com/Documentos/Cabeceras/logo-competicion-4a.png",55,1990,107,NA,NA,1243,6944,NA,NA,FALSE,1049,1059,897,"Zumos Júver Murcia","Júver Murcia","MUR",1049,1391,"Cajacanarias","Cajacanarias","CAN",1,78,12000,3,10,30,28,52,53,13,20,65,23,10,33,7,6,14,0,8,0,4,32,21,69,0,0,9,0,0,702,774,0,0,0,0,0,0,0,0,0
1594694,1,"Liga Nacional","Liga Endesa",-402534000,NA,"https://www.acb.com/Documentos/Cabeceras/logo-competicion-1b.png","https://www.acb.com/Documentos/Cabeceras/logo-competicion-4a.png",55,1990,107,NA,NA,1243,6944,NA,NA,TRUE,1059,1059,897,"Zumos Júver Murcia","Júver Murcia","MUR",1049,1391,"Cajacanarias","Cajacanarias","CAN",1,86,12000,6,15,40,23,55,41,22,35,62,21,14,35,12,13,9,0,2,0,0,21,30,94,0,0,0,8,0,688,624,0,0,0,0,0,0,0,0,0
1594718,1,"Liga Nacional","Liga Endesa",-402534000,NA,"https://www.acb.com/Documentos/Cabeceras/logo-competicion-1b.png","https://www.acb.com/Documentos/Cabeceras/logo-competicion-4a.png",55,1990,107,NA,NA,1243,6945,NA,NA,FALSE,1055,1047,1328,"Cajabilbao","Cajabilbao","BIL",1055,1592,"Elosúa León","Elosúa León","LEO",1,88,13500,6,18,33,27,56,48,16,20,80,24,15,39,7,5,15,0,5,0,0,22,17,79,0,0,9,0,0,792,810,0,0,0,0,0,0,0,0,0
1594717,1,"Liga Nacional","Liga Endesa",-402534000,NA,"https://www.acb.com/Documentos/Cabeceras/logo-competicion-1b.png","https://www.acb.com/Documentos/Cabeceras/logo-competicion-4a.png",55,1990,107,NA,NA,1243,6945,NA,NA,TRUE,1047,1047,1328,"Cajabilbao","Cajabilbao","BIL",1055,1592,"Elosúa León","Elosúa León","LEO",1,90,13500,3,10,30,35,62,56.45,11,18,61.11,25,2,27,16,12,9,0,4,0,2,21,20,98,0,0,0,1,0,90,88,0,NA,0,0,0,0,0,0,0
1594503,1,"Liga Nacional","Liga Endesa",-402534000,NA,"https://www.acb.com/Documentos/Cabeceras/logo-competicion-1b.png","https://www.acb.com/Documentos/Cabeceras/logo-competicion-4a.png",55,1990,107,NA,NA,1243,6936,NA,NA,FALSE,1054,1063,939,"Pamesa Valencia","Pamesa Valencia","PAM",1054,605,"Montigalá Joventut","Mont. Joventut","JOV",1,99,12000,6,14,42.86,24,47,51.06,33,38,86.84,26,12,38,21,7,10,0,1,0,0,21,29,128,0,0,0,1,0,99,82,0,NA,0,0,0,0,0,0,0
1594502,1,"Liga Nacional","Liga Endesa",-402534000,NA,"https://www.acb.com/Documentos/Cabeceras/logo-competicion-1b.png","https://www.acb.com/Documentos/Cabeceras/logo-competicion-4a.png",55,1990,107,NA,NA,1243,6936,NA,NA,TRUE,1063,1063,939,"Pamesa Valencia","Pamesa Valencia","PAM",1054,605,"Montigalá Joventut","Mont. Joventut","JOV",1,82,12000,7,15,46,24,54,44,13,16,81,24,11,35,23,5,12,0,2,0,0,29,21,86,0,0,10,0,0,820,990,0,0,0,0,0,0,0,0,0
1594579,1,"Liga Nacional","Liga Endesa",-402534000,NA,"https://www.acb.com/Documentos/Cabeceras/logo-competicion-1b.png","https://www.acb.com/Documentos/Cabeceras/logo-competicion-4a.png",55,1990,107,NA,NA,1243,6939,NA,NA,TRUE,1050,1050,441,"Estudiantes Caja Postal","Estudiantes CP","EST",1067,1873,"Atlético Madrid Villalba","Atlético Madrid","VIL",1,80,12000,3,12,25,22,51,43,27,35,77,28,7,35,10,12,6,0,2,0,2,22,31,96,0,0,0,9,0,720,603,0,0,0,0,0,0,0,0,0
1594580,1,"Liga Nacional","Liga Endesa",-402534000,NA,"https://www.acb.com/Documentos/Cabeceras/logo-competicion-1b.png","https://www.acb.com/Documentos/Cabeceras/logo-competicion-4a.png",55,1990,107,NA,NA,1243,6939,NA,NA,FALSE,1067,1050,441,"Estudiantes Caja Postal","Estudiantes CP","EST",1067,1873,"Atlético Madrid Villalba","Atlético Madrid","VIL",1,67,12000,5,7,71,20,55,36,12,21,57,27,12,39,6,2,18,0,6,0,3,31,22,47,0,0,10,0,0,670,800,0,0,0,0,0,0,0,0,0
1594915,1,"Liga Nacional","Liga Endesa",-402534000,NA,"https://www.acb.com/Documentos/Cabeceras/logo-competicion-1b.png","https://www.acb.com/Documentos/Cabeceras/logo-competicion-4a.png",55,1990,107,NA,NA,1244,6953,NA,NA,FALSE,1056,1048,1343,"Dyc Breogán","Dyc Breogán","BRE",1056,2485,"Real Madrid Otaysa","Real Madrid","RMB",1,67,12000,3,14,21,26,45,57,6,12,50,19,11,30,8,6,13,0,4,0,2,17,19,68,0,0,9,0,0,603,729,0,0,0,0,0,0,0,0,0
1594914,1,"Liga Nacional","Liga Endesa",-402534000,NA,"https://www.acb.com/Documentos/Cabeceras/logo-competicion-1b.png","https://www.acb.com/Documentos/Cabeceras/logo-competicion-4a.png",55,1990,107,NA,NA,1244,6953,NA,NA,TRUE,1048,1048,1343,"Dyc Breogán","Dyc Breogán","BRE",1056,2485,"Real Madrid Otaysa","Real Madrid","RMB",1,81,12000,3,10,30,30,61,49,12,15,80,20,15,35,9,9,9,0,2,0,1,19,17,84,0,0,0,7,0,567,469,0,0,0,0,0,0,0,0,0
1594763,1,"Liga Nacional","Liga Endesa",-402534000,NA,"https://www.acb.com/Documentos/Cabeceras/logo-competicion-1b.png","https://www.acb.com/Documentos/Cabeceras/logo-competicion-4a.png",55,1990,107,NA,NA,1244,6947,NA,NA,FALSE,1049,1054,605,"Montigalá Joventut","Mont. Joventut","JOV",1049,1391,"Cajacanarias","Cajacanarias","CAN",1,59,12000,4,15,26,15,35,42,17,25,68,20,7,27,4,7,25,0,5,0,1,27,24,35,0,0,11,0,0,649,1100,0,0,0,0,0,0,0,0,0
1594762,1,"Liga Nacional","Liga Endesa",-402534000,NA,"https://www.acb.com/Documentos/Cabeceras/logo-competicion-1b.png","https://www.acb.com/Documentos/Cabeceras/logo-competicion-4a.png",55,1990,107,NA,NA,1244,6947,NA,NA,TRUE,1054,1054,605,"Montigalá Joventut","Mont. Joventut","JOV",1049,1391,"Cajacanarias","Cajacanarias","CAN",1,100,12000,2,13,15.38,35,61,57.38,24,29,82.76,24,17,41,15,14,10,0,4,0,1,24,26,124,0,0,0,1,0,100,59,0,NA,0,0,0,0,0,0,0
1594790,1,"Liga Nacional","Liga Endesa",-402534000,NA,"https://www.acb.com/Documentos/Cabeceras/logo-competicion-1b.png","https://www.acb.com/Documentos/Cabeceras/logo-competicion-4a.png",55,1990,107,NA,NA,1244,6948,NA,NA,TRUE,1055,1055,1592,"Elosúa León","Elosúa León","LEO",1066,1832,"Fórum Valladolid","Fórum Vall.","FOR",1,101,15000,7,17,41,30,56,53,20,29,68,28,11,39,4,10,17,0,4,0,0,27,27,96,0,0,10,0,0,1010,1020,0,0,0,0,0,0,0,0,0
1594791,1,"Liga Nacional","Liga Endesa",-402534000,NA,"https://www.acb.com/Documentos/Cabeceras/logo-competicion-1b.png","https://www.acb.com/Documentos/Cabeceras/logo-competicion-4a.png",55,1990,107,NA,NA,1244,6948,NA,NA,FALSE,1066,1055,1592,"Elosúa León","Elosúa León","LEO",1066,1832,"Fórum Valladolid","Fórum Vall.","FOR",1,102,15000,5,16,31,33,69,47,21,28,75,28,15,43,10,13,10,0,5,0,1,27,27,109,0,0,0,10,0,1020,1010,0,0,0,0,0,0,0,0,0
1594834,1,"Liga Nacional","Liga Endesa",-402534000,NA,"https://www.acb.com/Documentos/Cabeceras/logo-competicion-1b.png","https://www.acb.com/Documentos/Cabeceras/logo-competicion-4a.png",55,1990,107,NA,NA,1244,6950,NA,NA,FALSE,1065,1068,1896,"CAI Zaragoza","CAI Zaragoza","CBZ",1065,1107,"Caja San Fernando","C. San Fernando","CSF",1,90,12000,6,17,35,22,47,46,28,37,75,19,8,27,13,13,14,0,2,0,1,22,28,92,0,0,0,8,0,720,712,0,0,0,0,0,0,0,0,0
1594833,1,"Liga Nacional","Liga Endesa",-402534000,NA,"https://www.acb.com/Documentos/Cabeceras/logo-competicion-1b.png","https://www.acb.com/Documentos/Cabeceras/logo-competicion-4a.png",55,1990,107,NA,NA,1244,6950,NA,NA,TRUE,1068,1068,1896,"CAI Zaragoza","CAI Zaragoza","CBZ",1065,1107,"Caja San Fernando","C. San Fernando","CSF",1,89,12000,3,16,18.75,33,51,64.71,14,22,63.64,28,9,37,15,12,15,0,4,0,0,28,22,97,0,0,1,0,0,89,90,0,NA,0,0,0,0,0,0,0
1594894,1,"Liga Nacional","Liga Endesa",-402534000,NA,"https://www.acb.com/Documentos/Cabeceras/logo-competicion-1b.png","https://www.acb.com/Documentos/Cabeceras/logo-competicion-4a.png",55,1990,107,NA,NA,1244,6952,NA,NA,TRUE,1045,1045,79,"FC Barcelona","FC Barcelona","FCB",1063,939,"Pamesa Valencia","Pamesa Valencia","PAM",1,92,12000,6,14,42,26,41,63,22,27,81,23,11,34,7,11,12,0,3,0,1,23,22,106,0,0,0,10,0,920,650,0,0,0,0,0,0,0,0,0
1594895,1,"Liga Nacional","Liga Endesa",-402534000,NA,"https://www.acb.com/Documentos/Cabeceras/logo-competicion-1b.png","https://www.acb.com/Documentos/Cabeceras/logo-competicion-4a.png",55,1990,107,NA,NA,1244,6952,NA,NA,FALSE,1063,1045,79,"FC Barcelona","FC Barcelona","FCB",1063,939,"Pamesa Valencia","Pamesa Valencia","PAM",1,65,12000,6,14,42,19,39,48,9,14,64,18,7,25,6,6,19,0,2,0,2,24,23,51,0,0,10,0,0,650,920,0,0,0,0,0,0,0,0,0
1594988,1,"Liga Nacional","Liga Endesa",-402534000,NA,"https://www.acb.com/Documentos/Cabeceras/logo-competicion-1b.png","https://www.acb.com/Documentos/Cabeceras/logo-competicion-4a.png",55,1990,107,NA,NA,1244,6956,NA,NA,FALSE,1060,1057,849,"TDK Manresa","TDK Manresa","MAN",1060,1676,"OAR Ferrol","OAR Ferrol","FER",1,77,12000,5,14,35,27,62,43,8,16,50,25,11,36,7,8,8,0,2,0,5,19,17,68,0,0,10,0,0,693,711,0,0,0,0,0,0,0,0,0
1594987,1,"Liga Nacional","Liga Endesa",-402534000,NA,"https://www.acb.com/Documentos/Cabeceras/logo-competicion-1b.png","https://www.acb.com/Documentos/Cabeceras/logo-competicion-4a.png",55,1990,107,NA,NA,1244,6956,NA,NA,TRUE,1057,1057,849,"TDK Manresa","TDK Manresa","MAN",1060,1676,"OAR Ferrol","OAR Ferrol","FER",1,79,12000,3,15,20,28,45,62.22,14,21,66.67,33,6,39,16,2,13,0,3,0,3,17,19,92,0,0,0,1,0,79,77,0,NA,0,0,0,0,0,0,0
1594736,1,"Liga Nacional","Liga Endesa",-402534000,NA,"https://www.acb.com/Documentos/Cabeceras/logo-competicion-1b.png","https://www.acb.com/Documentos/Cabeceras/logo-competicion-4a.png",55,1990,107,NA,NA,1244,6946,NA,NA,TRUE,1061,1061,1705,"Caixa Ourense","Caixa Ourense","OUR",1058,1624,"Mayoral Maristas","May. Maristas","MAY",1,83,12000,5,12,41.67,26,49,53.06,16,27,59.26,25,9,34,13,10,12,0,1,0,1,27,22,83,0,0,1,0,0,83,92,0,NA,0,0,0,0,0,0,0
1594737,1,"Liga Nacional","Liga Endesa",-402534000,NA,"https://www.acb.com/Documentos/Cabeceras/logo-competicion-1b.png","https://www.acb.com/Documentos/Cabeceras/logo-competicion-4a.png",55,1990,107,NA,NA,1244,6946,NA,NA,FALSE,1058,1061,1705,"Caixa Ourense","Caixa Ourense","OUR",1058,1624,"Mayoral Maristas","May. Maristas","MAY",1,92,12000,5,13,38,29,51,56,19,34,55,27,15,42,16,12,10,0,1,0,2,22,25,111,0,0,0,8,0,644,581,0,0,0,0,0,0,0,0,0
1594809,1,"Liga Nacional","Liga Endesa",-402534000,NA,"https://www.acb.com/Documentos/Cabeceras/logo-competicion-1b.png","https://www.acb.com/Documentos/Cabeceras/logo-competicion-4a.png",55,1990,107,NA,NA,1244,6949,NA,NA,TRUE,1062,1062,1734,"Puleva Granada","Puleva Granada","OXI",1052,1496,"Grupo IFA Granollers","IFA Granollers","GRN",1,82,12000,8,18,44.44,22,41,53.66,14,23,60.87,17,7,24,10,10,9,0,2,0,1,17,20,84,0,0,0,1,0,82,67,0,NA,0,0,0,0,0,0,0
1594810,1,"Liga Nacional","Liga Endesa",-402534000,NA,"https://www.acb.com/Documentos/Cabeceras/logo-competicion-1b.png","https://www.acb.com/Documentos/Cabeceras/logo-competicion-4a.png",55,1990,107,NA,NA,1244,6949,NA,NA,FALSE,1052,1062,1734,"Puleva Granada","Puleva Granada","OXI",1052,1496,"Grupo IFA Granollers","IFA Granollers","GRN",1,67,12000,2,10,20,27,47,57.45,7,9,77.78,24,7,31,6,4,18,0,2,0,1,20,17,59,0,0,1,0,0,67,82,0,NA,0,0,0,0,0,0,0
1594966,1,"Liga Nacional","Liga Endesa",-402534000,NA,"https://www.acb.com/Documentos/Cabeceras/logo-competicion-1b.png","https://www.acb.com/Documentos/Cabeceras/logo-competicion-4a.png",55,1990,107,NA,NA,1244,6955,NA,NA,FALSE,1047,1064,1034,"Caja de Ronda","Caja de Ronda","RON",1047,1328,"Cajabilbao","Cajabilbao","BIL",1,90,12000,4,4,100,23,46,50,32,41,78.05,24,4,28,18,18,17,0,2,0,5,24,29,112,0,0,0,1,0,90,81,0,NA,0,0,0,0,0,0,0
1594965,1,"Liga Nacional","Liga Endesa",-402534000,NA,"https://www.acb.com/Documentos/Cabeceras/logo-competicion-1b.png","https://www.acb.com/Documentos/Cabeceras/logo-competicion-4a.png",55,1990,107,NA,NA,1244,6955,NA,NA,TRUE,1064,1064,1034,"Caja de Ronda","Caja de Ronda","RON",1047,1328,"Cajabilbao","Cajabilbao","BIL",1,81,12000,5,14,35,24,58,41,18,26,69,22,13,35,6,12,12,0,7,0,1,33,22,67,0,0,10,0,0,810,900,0,0,0,0,0,0,0,0,0
1594865,1,"Liga Nacional","Liga Endesa",-402534000,NA,"https://www.acb.com/Documentos/Cabeceras/logo-competicion-1b.png","https://www.acb.com/Documentos/Cabeceras/logo-competicion-4a.png",55,1990,107,NA,NA,1244,6951,NA,NA,TRUE,1050,1050,441,"Estudiantes Caja Postal","Estudiantes CP","EST",1051,1453,"Valvi Girona","Valvi Girona","GIR",1,86,12000,4,10,40,28,52,53,18,20,90,34,7,41,13,7,20,0,1,0,2,18,21,99,0,0,0,11,0,946,814,0,0,0,0,0,0,0,0,0
1594866,1,"Liga Nacional","Liga Endesa",-402534000,NA,"https://www.acb.com/Documentos/Cabeceras/logo-competicion-1b.png","https://www.acb.com/Documentos/Cabeceras/logo-competicion-4a.png",55,1990,107,NA,NA,1244,6951,NA,NA,FALSE,1051,1050,441,"Estudiantes Caja Postal","Estudiantes CP","EST",1051,1453,"Valvi Girona","Valvi Girona","GIR",1,74,12000,7,23,30,21,54,38,11,22,50,19,15,34,9,7,10,0,1,0,1,21,18,52,0,0,12,0,0,888,1032,0,0,0,0,0,0,0,0,0
1594942,1,"Liga Nacional","Liga Endesa",-402534000,NA,"https://www.acb.com/Documentos/Cabeceras/logo-competicion-1b.png","https://www.acb.com/Documentos/Cabeceras/logo-competicion-4a.png",55,1990,107,NA,NA,1244,6954,NA,NA,TRUE,1067,1067,1873,"Atlético Madrid Villalba","Atlético Madrid","VIL",1053,1546,"Huesca La Magia","Huesca La Magia","HUE",1,91,12000,2,6,33,38,63,60,9,12,75,21,9,30,21,7,10,0,5,0,3,14,15,113,0,0,0,8,0,728,632,0,0,0,0,0,0,0,0,0
1594943,1,"Liga Nacional","Liga Endesa",-402534000,NA,"https://www.acb.com/Documentos/Cabeceras/logo-competicion-1b.png","https://www.acb.com/Documentos/Cabeceras/logo-competicion-4a.png",55,1990,107,NA,NA,1244,6954,NA,NA,FALSE,1053,1067,1873,"Atlético Madrid Villalba","Atlético Madrid","VIL",1053,1546,"Huesca La Magia","Huesca La Magia","HUE",1,79,12000,2,8,25,32,64,50,9,13,69,18,14,32,6,3,8,0,3,0,1,15,14,72,0,0,9,0,0,711,819,0,0,0,0,0,0,0,0,0
1595012,1,"Liga Nacional","Liga Endesa",-402534000,NA,"https://www.acb.com/Documentos/Cabeceras/logo-competicion-1b.png","https://www.acb.com/Documentos/Cabeceras/logo-competicion-4a.png",55,1990,107,NA,NA,1244,6957,NA,NA,TRUE,1059,1059,897,"Zumos Júver Murcia","Júver Murcia","MUR",1046,195,"Taugrés","Taugrés","TAU",1,95,12000,4,16,25,32,64,50,19,30,63,19,15,34,10,14,6,0,4,0,1,21,25,100,0,0,0,9,0,855,92,0,0,0,0,0,0,0,0,0
1595013,1,"Liga Nacional","Liga Endesa",-402534000,NA,"https://www.acb.com/Documentos/Cabeceras/logo-competicion-1b.png","https://www.acb.com/Documentos/Cabeceras/logo-competicion-4a.png",55,1990,107,NA,NA,1244,6957,NA,NA,FALSE,1046,1059,897,"Zumos Júver Murcia","Júver Murcia","MUR",1046,195,"Taugrés","Taugrés","TAU",1,92,12000,3,13,23.08,30,54,55.56,23,26,88.46,26,14,40,14,8,14,0,3,0,2,25,21,102,0,0,1,0,0,92,95,0,NA,0,0,0,0,0,0,0
1595134,1,"Liga Nacional","Liga Endesa",-402534000,NA,"https://www.acb.com/Documentos/Cabeceras/logo-competicion-1b.png","https://www.acb.com/Documentos/Cabeceras/logo-competicion-4a.png",55,1990,107,NA,NA,1245,6962,NA,NA,TRUE,1066,1066,1832,"Fórum Valladolid","Fórum Vall.","FOR",1054,605,"Montigalá Joventut","Mont. Joventut","JOV",1,72,12000,6,14,42,20,49,40,14,20,70,26,6,32,9,6,9,0,3,0,2,21,19,68,0,0,9,0,0,648,693,0,0,0,0,0,0,0,0,0
1595135,1,"Liga Nacional","Liga Endesa",-402534000,NA,"https://www.acb.com/Documentos/Cabeceras/logo-competicion-1b.png","https://www.acb.com/Documentos/Cabeceras/logo-competicion-4a.png",55,1990,107,NA,NA,1245,6962,NA,NA,FALSE,1054,1066,1832,"Fórum Valladolid","Fórum Vall.","FOR",1054,605,"Montigalá Joventut","Mont. Joventut","JOV",1,77,12000,5,15,33.33,21,53,39.62,20,24,83.33,34,8,42,9,2,9,0,0,0,1,19,21,77,0,0,0,1,0,77,72,0,NA,0,0,0,0,0,0,0
1595303,1,"Liga Nacional","Liga Endesa",-402534000,NA,"https://www.acb.com/Documentos/Cabeceras/logo-competicion-1b.png","https://www.acb.com/Documentos/Cabeceras/logo-competicion-4a.png",55,1990,107,NA,NA,1245,6969,NA,NA,TRUE,1056,1056,2485,"Real Madrid Otaysa","Real Madrid","RMB",1045,79,"FC Barcelona","FC Barcelona","FCB",1,76,12000,4,6,66,26,57,45,12,18,66,23,6,29,14,4,7,0,5,0,2,23,20,79,0,0,0,8,0,608,584,0,0,0,0,0,0,0,0,0
1595304,1,"Liga Nacional","Liga Endesa",-402534000,NA,"https://www.acb.com/Documentos/Cabeceras/logo-competicion-1b.png","https://www.acb.com/Documentos/Cabeceras/logo-competicion-4a.png",55,1990,107,NA,NA,1245,6969,NA,NA,FALSE,1045,1056,2485,"Real Madrid Otaysa","Real Madrid","RMB",1045,79,"FC Barcelona","FC Barcelona","FCB",1,73,12000,7,19,36,19,39,48,14,21,66,22,9,31,15,2,13,0,1,0,1,20,23,73,0,0,9,0,0,657,684,0,0,0,0,0,0,0,0,0
1595208,1,"Liga Nacional","Liga Endesa",-402534000,NA,"https://www.acb.com/Documentos/Cabeceras/logo-competicion-1b.png","https://www.acb.com/Documentos/Cabeceras/logo-competicion-4a.png",55,1990,107,NA,NA,1245,6965,NA,NA,FALSE,1057,1046,195,"Taugrés","Taugrés","TAU",1057,849,"TDK Manresa","TDK Manresa","MAN",1,83,12000,7,17,41.18,23,41,56.1,16,27,59.26,25,13,38,15,4,14,0,5,0,1,22,28,98,0,0,0,1,0,83,79,0,NA,0,0,0,0,0,0,0
1595207,1,"Liga Nacional","Liga Endesa",-402534000,NA,"https://www.acb.com/Documentos/Cabeceras/logo-competicion-1b.png","https://www.acb.com/Documentos/Cabeceras/logo-competicion-4a.png",55,1990,107,NA,NA,1245,6965,NA,NA,TRUE,1046,1046,195,"Taugrés","Taugrés","TAU",1057,849,"TDK Manresa","TDK Manresa","MAN",1,79,12000,3,12,25,27,63,42.86,16,22,72.73,21,18,39,13,6,7,0,2,0,3,28,22,75,0,0,1,0,0,79,83,0,NA,0,0,0,0,0,0,0
1595232,1,"Liga Nacional","Liga Endesa",-402534000,NA,"https://www.acb.com/Documentos/Cabeceras/logo-competicion-1b.png","https://www.acb.com/Documentos/Cabeceras/logo-competicion-4a.png",55,1990,107,NA,NA,1245,6966,NA,NA,FALSE,1064,1060,1676,"OAR Ferrol","OAR Ferrol","FER",1064,1034,"Caja de Ronda","Caja de Ronda","RON",1,78,12000,2,10,20,27,49,55,18,27,66,25,10,35,22,16,16,0,1,0,3,17,24,104,0,0,0,9,0,702,594,0,0,0,0,0,0,0,0,0
1595231,1,"Liga Nacional","Liga Endesa",-402534000,NA,"https://www.acb.com/Documentos/Cabeceras/logo-competicion-1b.png","https://www.acb.com/Documentos/Cabeceras/logo-competicion-4a.png",55,1990,107,NA,NA,1245,6966,NA,NA,TRUE,1060,1060,1676,"OAR Ferrol","OAR Ferrol","FER",1064,1034,"Caja de Ronda","Caja de Ronda","RON",1,66,12000,2,15,13,27,49,55,6,8,75,20,10,30,19,16,16,0,3,0,6,24,17,74,0,0,10,0,0,594,702,0,0,0,0,0,0,0,0,0
1595257,1,"Liga Nacional","Liga Endesa",-402534000,NA,"https://www.acb.com/Documentos/Cabeceras/logo-competicion-1b.png","https://www.acb.com/Documentos/Cabeceras/logo-competicion-4a.png",55,1990,107,NA,NA,1245,6967,NA,NA,FALSE,1067,1047,1328,"Cajabilbao","Cajabilbao","BIL",1067,1873,"Atlético Madrid Villalba","Atlético Madrid","VIL",1,75,12000,2,12,16,27,44,61,15,17,88,17,8,25,5,17,8,0,3,0,2,19,17,86,0,0,0,10,0,750,660,0,0,0,0,0,0,0,0,0
1595256,1,"Liga Nacional","Liga Endesa",-402534000,NA,"https://www.acb.com/Documentos/Cabeceras/logo-competicion-1b.png","https://www.acb.com/Documentos/Cabeceras/logo-competicion-4a.png",55,1990,107,NA,NA,1245,6967,NA,NA,TRUE,1047,1047,1328,"Cajabilbao","Cajabilbao","BIL",1067,1873,"Atlético Madrid Villalba","Atlético Madrid","VIL",1,66,12000,1,9,11.11,29,49,59.18,5,12,41.67,19,7,26,15,9,11,0,1,0,3,19,17,69,0,0,1,0,0,66,75,0,NA,0,0,0,0,0,0,0
1595156,1,"Liga Nacional","Liga Endesa",-402534000,NA,"https://www.acb.com/Documentos/Cabeceras/logo-competicion-1b.png","https://www.acb.com/Documentos/Cabeceras/logo-competicion-4a.png",55,1990,107,NA,NA,1245,6963,NA,NA,FALSE,1061,1049,1391,"Cajacanarias","Cajacanarias","CAN",1061,1705,"Caixa Ourense","Caixa Ourense","OUR",1,93,12000,5,14,35,28,53,52,22,33,66,18,7,25,15,17,9,0,0,0,3,15,1,82,0,0,0,9,0,837,720,0,0,0,0,0,0,0,0,0
1595155,1,"Liga Nacional","Liga Endesa",-402534000,NA,"https://www.acb.com/Documentos/Cabeceras/logo-competicion-1b.png","https://www.acb.com/Documentos/Cabeceras/logo-competicion-4a.png",55,1990,107,NA,NA,1245,6963,NA,NA,TRUE,1049,1049,1391,"Cajacanarias","Cajacanarias","CAN",1061,1705,"Caixa Ourense","Caixa Ourense","OUR",1,80,12000,10,26,38,21,33,63,8,17,47,22,8,30,5,8,10,0,2,0,3,26,1,53,0,0,9,0,0,720,837,0,0,0,0,0,0,0,0,0
1595188,1,"Liga Nacional","Liga Endesa",-402534000,NA,"https://www.acb.com/Documentos/Cabeceras/logo-competicion-1b.png","https://www.acb.com/Documentos/Cabeceras/logo-competicion-4a.png",55,1990,107,NA,NA,1245,6964,NA,NA,FALSE,1059,1063,939,"Pamesa Valencia","Pamesa Valencia","PAM",1059,897,"Zumos Júver Murcia","Júver Murcia","MUR",1,65,12000,4,12,33,19,46,41,15,24,62,11,8,19,13,12,18,0,0,0,0,19,21,49,0,0,10,0,0,650,900,0,0,0,0,0,0,0,0,0
1595187,1,"Liga Nacional","Liga Endesa",-402534000,NA,"https://www.acb.com/Documentos/Cabeceras/logo-competicion-1b.png","https://www.acb.com/Documentos/Cabeceras/logo-competicion-4a.png",55,1990,107,NA,NA,1245,6964,NA,NA,TRUE,1063,1063,939,"Pamesa Valencia","Pamesa Valencia","PAM",1059,897,"Zumos Júver Murcia","Júver Murcia","MUR",1,90,12000,3,5,60,34,56,60,13,13,100,28,10,38,26,6,17,0,4,0,2,21,19,121,0,0,0,11,0,990,715,0,0,0,0,0,0,0,0,0
1595280,1,"Liga Nacional","Liga Endesa",-402534000,NA,"https://www.acb.com/Documentos/Cabeceras/logo-competicion-1b.png","https://www.acb.com/Documentos/Cabeceras/logo-competicion-4a.png",55,1990,107,NA,NA,1245,6968,NA,NA,TRUE,1053,1053,1546,"Huesca La Magia","Huesca La Magia","HUE",1048,1343,"Dyc Breogán","Dyc Breogán","BRE",1,83,12000,2,5,40,28,47,59,21,25,84,19,7,26,9,7,8,0,5,0,1,21,21,96,0,0,0,9,0,747,693,0,0,0,0,0,0,0,0,0
1595281,1,"Liga Nacional","Liga Endesa",-402534000,NA,"https://www.acb.com/Documentos/Cabeceras/logo-competicion-1b.png","https://www.acb.com/Documentos/Cabeceras/logo-competicion-4a.png",55,1990,107,NA,NA,1245,6968,NA,NA,FALSE,1048,1053,1546,"Huesca La Magia","Huesca La Magia","HUE",1048,1343,"Dyc Breogán","Dyc Breogán","BRE",1,77,12000,1,5,20,31,52,59.62,12,16,75,17,8,25,10,1,9,0,1,0,1,21,21,76,0,0,1,0,0,77,83,0,NA,0,0,0,0,0,0,0
1595042,1,"Liga Nacional","Liga Endesa",-402534000,NA,"https://www.acb.com/Documentos/Cabeceras/logo-competicion-1b.png","https://www.acb.com/Documentos/Cabeceras/logo-competicion-4a.png",55,1990,107,NA,NA,1245,6958,NA,NA,TRUE,1058,1058,1624,"Mayoral Maristas","May. Maristas","MAY",1050,441,"Estudiantes Caja Postal","Estudiantes CP","EST",1,66,12000,3,9,33,24,49,48,9,18,50,21,9,30,9,12,17,0,2,0,1,17,19,64,0,0,12,0,0,726,924,0,0,0,0,0,0,0,0,0
1595043,1,"Liga Nacional","Liga Endesa",-402534000,NA,"https://www.acb.com/Documentos/Cabeceras/logo-competicion-1b.png","https://www.acb.com/Documentos/Cabeceras/logo-competicion-4a.png",55,1990,107,NA,NA,1245,6958,NA,NA,FALSE,1050,1058,1624,"Mayoral Maristas","May. Maristas","MAY",1050,441,"Estudiantes Caja Postal","Estudiantes CP","EST",1,84,12000,2,8,25,32,59,54,14,19,73,23,14,37,8,11,14,0,1,0,4,18,17,88,0,0,0,11,0,924,726,0,0,0,0,0,0,0,0,0
1595064,1,"Liga Nacional","Liga Endesa",-402534000,NA,"https://www.acb.com/Documentos/Cabeceras/logo-competicion-1b.png","https://www.acb.com/Documentos/Cabeceras/logo-competicion-4a.png",55,1990,107,NA,NA,1245,6959,NA,NA,TRUE,1051,1051,1453,"Valvi Girona","Valvi Girona","GIR",1068,1896,"CAI Zaragoza","CAI Zaragoza","CBZ",1,93,12000,8,17,47,26,51,50,17,26,65,14,10,24,23,15,9,0,3,0,1,29,24,101,0,0,0,10,0,930,920,0,0,0,0,0,0,0,0,0
1595065,1,"Liga Nacional","Liga Endesa",-402534000,NA,"https://www.acb.com/Documentos/Cabeceras/logo-competicion-1b.png","https://www.acb.com/Documentos/Cabeceras/logo-competicion-4a.png",55,1990,107,NA,NA,1245,6959,NA,NA,FALSE,1068,1051,1453,"Valvi Girona","Valvi Girona","GIR",1068,1896,"CAI Zaragoza","CAI Zaragoza","CBZ",1,92,12000,5,12,41.67,23,48,47.92,31,39,79.49,25,17,42,15,6,20,0,2,0,1,25,29,101,0,0,1,0,0,92,93,0,NA,0,0,0,0,0,0,0
1595089,1,"Liga Nacional","Liga Endesa",-402534000,NA,"https://www.acb.com/Documentos/Cabeceras/logo-competicion-1b.png","https://www.acb.com/Documentos/Cabeceras/logo-competicion-4a.png",55,1990,107,NA,NA,1245,6960,NA,NA,FALSE,1062,1065,1107,"Caja San Fernando","C. San Fernando","CSF",1062,1734,"Puleva Granada","Puleva Granada","OXI",1,61,12000,2,13,15,17,54,31,21,22,95,27,8,35,6,9,25,0,2,0,0,18,20,41,0,0,10,0,0,610,1000,0,0,0,0,0,0,0,0,0
1595088,1,"Liga Nacional","Liga Endesa",-402534000,NA,"https://www.acb.com/Documentos/Cabeceras/logo-competicion-1b.png","https://www.acb.com/Documentos/Cabeceras/logo-competicion-4a.png",55,1990,107,NA,NA,1245,6960,NA,NA,TRUE,1065,1065,1107,"Caja San Fernando","C. San Fernando","CSF",1062,1734,"Puleva Granada","Puleva Granada","OXI",1,100,12000,5,16,31,37,64,57,11,14,78,34,11,45,25,20,15,0,5,0,4,20,18,137,0,0,0,12,0,1200,732,0,0,0,0,0,0,0,0,0
1595111,1,"Liga Nacional","Liga Endesa",-402534000,NA,"https://www.acb.com/Documentos/Cabeceras/logo-competicion-1b.png","https://www.acb.com/Documentos/Cabeceras/logo-competicion-4a.png",55,1990,107,NA,NA,1245,6961,NA,NA,FALSE,1055,1052,1496,"Grupo IFA Granollers","IFA Granollers","GRN",1055,1592,"Elosúa León","Elosúa León","LEO",1,99,12000,4,6,66,37,60,61,13,16,81,20,8,28,9,11,20,0,2,0,1,22,21,100,0,0,0,9,0,891,792,0,0,0,0,0,0,0,0,0
1595110,1,"Liga Nacional","Liga Endesa",-402534000,NA,"https://www.acb.com/Documentos/Cabeceras/logo-competicion-1b.png","https://www.acb.com/Documentos/Cabeceras/logo-competicion-4a.png",55,1990,107,NA,NA,1245,6961,NA,NA,TRUE,1052,1052,1496,"Grupo IFA Granollers","IFA Granollers","GRN",1055,1592,"Elosúa León","Elosúa León","LEO",1,88,12000,7,13,53.85,25,46,54.35,17,26,65.38,9,7,16,11,11,21,0,7,0,2,21,22,77,0,0,1,0,0,88,99,0,NA,0,0,0,0,0,0,0
1595358,1,"Liga Nacional","Liga Endesa",-402534000,NA,"https://www.acb.com/Documentos/Cabeceras/logo-competicion-1b.png","https://www.acb.com/Documentos/Cabeceras/logo-competicion-4a.png",55,1990,107,NA,NA,1246,6971,NA,NA,FALSE,1066,1045,79,"FC Barcelona","FC Barcelona","FCB",1066,1832,"Fórum Valladolid","Fórum Vall.","FOR",1,69,12000,2,7,28,22,40,55,19,29,65,24,7,31,11,4,15,0,0,0,3,19,22,70,0,0,9,0,0,621,702,0,0,0,0,0,0,0,0,0
1595357,1,"Liga Nacional","Liga Endesa",-402534000,NA,"https://www.acb.com/Documentos/Cabeceras/logo-competicion-1b.png","https://www.acb.com/Documentos/Cabeceras/logo-competicion-4a.png",55,1990,107,NA,NA,1246,6971,NA,NA,TRUE,1045,1045,79,"FC Barcelona","FC Barcelona","FCB",1066,1832,"Fórum Valladolid","Fórum Vall.","FOR",1,78,12000,7,16,43,20,44,45,17,19,89,17,9,26,11,7,8,0,0,0,1,22,19,76,0,0,0,9,0,702,621,0,0,0,0,0,0,0,0,0
1595428,1,"Liga Nacional","Liga Endesa",-402534000,NA,"https://www.acb.com/Documentos/Cabeceras/logo-competicion-1b.png","https://www.acb.com/Documentos/Cabeceras/logo-competicion-4a.png",55,1990,107,NA,NA,1246,6974,NA,NA,FALSE,1056,1068,1896,"CAI Zaragoza","CAI Zaragoza","CBZ",1056,2485,"Real Madrid Otaysa","Real Madrid","RMB",1,95,12000,6,8,75,27,50,54,23,29,79,25,8,33,7,10,24,0,4,0,2,23,24,95,0,0,0,10,0,950,870,0,0,0,0,0,0,0,0,0
1595427,1,"Liga Nacional","Liga Endesa",-402534000,NA,"https://www.acb.com/Documentos/Cabeceras/logo-competicion-1b.png","https://www.acb.com/Documentos/Cabeceras/logo-competicion-4a.png",55,1990,107,NA,NA,1246,6974,NA,NA,TRUE,1068,1068,1896,"CAI Zaragoza","CAI Zaragoza","CBZ",1056,2485,"Real Madrid Otaysa","Real Madrid","RMB",1,87,12000,5,14,35.71,28,52,53.85,16,27,59.26,18,13,31,15,16,25,0,0,0,2,24,23,79,0,0,1,0,0,87,95,0,NA,0,0,0,0,0,0,0
1595378,1,"Liga Nacional","Liga Endesa",-402534000,NA,"https://www.acb.com/Documentos/Cabeceras/logo-competicion-1b.png","https://www.acb.com/Documentos/Cabeceras/logo-competicion-4a.png",55,1990,107,NA,NA,1246,6972,NA,NA,FALSE,1046,1052,1496,"Grupo IFA Granollers","IFA Granollers","GRN",1046,195,"Taugrés","Taugrés","TAU",1,68,12000,1,9,11,28,57,49,9,20,45,20,12,32,5,8,20,0,3,0,3,18,25,55,0,0,9,0,0,612,792,0,0,0,0,0,0,0,0,0
1595377,1,"Liga Nacional","Liga Endesa",-402534000,NA,"https://www.acb.com/Documentos/Cabeceras/logo-competicion-1b.png","https://www.acb.com/Documentos/Cabeceras/logo-competicion-4a.png",55,1990,107,NA,NA,1246,6972,NA,NA,TRUE,1052,1052,1496,"Grupo IFA Granollers","IFA Granollers","GRN",1046,195,"Taugrés","Taugrés","TAU",1,88,12000,4,17,23,32,62,51,12,15,80,28,16,44,17,11,13,0,0,0,2,25,18,94,0,0,0,9,0,792,612,0,0,0,0,0,0,0,0,0
1595451,1,"Liga Nacional","Liga Endesa",-402534000,NA,"https://www.acb.com/Documentos/Cabeceras/logo-competicion-1b.png","https://www.acb.com/Documentos/Cabeceras/logo-competicion-4a.png",55,1990,107,NA,NA,1246,6975,NA,NA,TRUE,1054,1054,605,"Montigalá Joventut","Mont. Joventut","JOV",1067,1873,"Atlético Madrid Villalba","Atlético Madrid","VIL",1,89,12000,3,8,37.5,31,54,57.41,18,25,72,24,7,31,18,9,11,0,6,0,1,14,23,116,0,0,0,1,0,89,63,0,NA,0,0,0,0,0,0,0
1595452,1,"Liga Nacional","Liga Endesa",-402534000,NA,"https://www.acb.com/Documentos/Cabeceras/logo-competicion-1b.png","https://www.acb.com/Documentos/Cabeceras/logo-competicion-4a.png",55,1990,107,NA,NA,1246,6975,NA,NA,FALSE,1067,1054,605,"Montigalá Joventut","Mont. Joventut","JOV",1067,1873,"Atlético Madrid Villalba","Atlético Madrid","VIL",1,63,12000,3,11,27,24,49,48,6,7,85,20,4,24,14,3,15,0,0,0,0,23,14,46,0,0,9,0,0,567,801,0,0,0,0,0,0,0,0,0
1595520,1,"Liga Nacional","Liga Endesa",-402534000,NA,"https://www.acb.com/Documentos/Cabeceras/logo-competicion-1b.png","https://www.acb.com/Documentos/Cabeceras/logo-competicion-4a.png",55,1990,107,NA,NA,1246,6978,NA,NA,TRUE,1047,1047,1328,"Cajabilbao","Cajabilbao","BIL",1051,1453,"Valvi Girona","Valvi Girona","GIR",1,78,12000,2,5,40,28,56,50,16,24,66.67,17,12,29,11,12,14,0,4,0,1,22,23,82,0,0,1,0,0,78,81,0,NA,0,0,0,0,0,0,0
1595521,1,"Liga Nacional","Liga Endesa",-402534000,NA,"https://www.acb.com/Documentos/Cabeceras/logo-competicion-1b.png","https://www.acb.com/Documentos/Cabeceras/logo-competicion-4a.png",55,1990,107,NA,NA,1246,6978,NA,NA,FALSE,1051,1047,1328,"Cajabilbao","Cajabilbao","BIL",1051,1453,"Valvi Girona","Valvi Girona","GIR",1,81,12000,1,3,33,30,55,54,18,23,78,15,6,21,2,16,11,0,2,0,1,23,21,77,0,0,0,8,0,648,624,0,0,0,0,0,0,0,0,0
1595544,1,"Liga Nacional","Liga Endesa",-402534000,NA,"https://www.acb.com/Documentos/Cabeceras/logo-competicion-1b.png","https://www.acb.com/Documentos/Cabeceras/logo-competicion-4a.png",55,1990,107,NA,NA,1246,6979,NA,NA,TRUE,1059,1059,897,"Zumos Júver Murcia","Júver Murcia","MUR",1062,1734,"Puleva Granada","Puleva Granada","OXI",1,75,15000,5,18,27,21,54,38,18,27,66,33,14,47,16,11,16,0,1,0,2,21,26,84,0,0,0,9,0,675,657,0,0,0,0,0,0,0,0,0
1595545,1,"Liga Nacional","Liga Endesa",-402534000,NA,"https://www.acb.com/Documentos/Cabeceras/logo-competicion-1b.png","https://www.acb.com/Documentos/Cabeceras/logo-competicion-4a.png",55,1990,107,NA,NA,1246,6979,NA,NA,FALSE,1062,1059,897,"Zumos Júver Murcia","Júver Murcia","MUR",1062,1734,"Puleva Granada","Puleva Granada","OXI",1,73,15000,2,10,20,27,61,44.26,13,20,65,31,12,43,9,14,15,0,1,0,1,26,21,71,0,0,1,0,0,73,75,0,NA,0,0,0,0,0,0,0
1595567,1,"Liga Nacional","Liga Endesa",-402534000,NA,"https://www.acb.com/Documentos/Cabeceras/logo-competicion-1b.png","https://www.acb.com/Documentos/Cabeceras/logo-competicion-4a.png",55,1990,107,NA,NA,1246,6980,NA,NA,FALSE,1049,1057,849,"TDK Manresa","TDK Manresa","MAN",1049,1391,"Cajacanarias","Cajacanarias","CAN",1,83,12000,6,20,30,29,54,53,7,11,63,19,16,35,7,3,18,0,4,0,2,19,17,69,0,0,10,0,0,830,880,0,0,0,0,0,0,0,0,0
1595566,1,"Liga Nacional","Liga Endesa",-402534000,NA,"https://www.acb.com/Documentos/Cabeceras/logo-competicion-1b.png","https://www.acb.com/Documentos/Cabeceras/logo-competicion-4a.png",55,1990,107,NA,NA,1246,6980,NA,NA,TRUE,1057,1057,849,"TDK Manresa","TDK Manresa","MAN",1049,1391,"Cajacanarias","Cajacanarias","CAN",1,88,12000,5,12,41.67,28,45,62.22,17,22,77.27,15,7,22,13,6,14,0,9,0,4,17,19,97,0,0,0,1,0,88,83,0,NA,0,0,0,0,0,0,0
1595500,1,"Liga Nacional","Liga Endesa",-402534000,NA,"https://www.acb.com/Documentos/Cabeceras/logo-competicion-1b.png","https://www.acb.com/Documentos/Cabeceras/logo-competicion-4a.png",55,1990,107,NA,NA,1246,6977,NA,NA,TRUE,1061,1061,1705,"Caixa Ourense","Caixa Ourense","OUR",1053,1546,"Huesca La Magia","Huesca La Magia","HUE",1,71,12000,2,10,20,26,57,45.61,13,27,48.15,30,13,43,10,7,6,0,0,0,4,23,24,73,0,0,1,0,0,71,75,0,NA,0,0,0,0,0,0,0
1595501,1,"Liga Nacional","Liga Endesa",-402534000,NA,"https://www.acb.com/Documentos/Cabeceras/logo-competicion-1b.png","https://www.acb.com/Documentos/Cabeceras/logo-competicion-4a.png",55,1990,107,NA,NA,1246,6977,NA,NA,FALSE,1053,1061,1705,"Caixa Ourense","Caixa Ourense","OUR",1053,1546,"Huesca La Magia","Huesca La Magia","HUE",1,75,12000,4,9,44,23,52,44,17,23,73,34,9,43,14,6,7,0,5,0,0,22,24,98,0,0,0,9,0,675,639,0,0,0,0,0,0,0,0,0
1595591,1,"Liga Nacional","Liga Endesa",-402534000,NA,"https://www.acb.com/Documentos/Cabeceras/logo-competicion-1b.png","https://www.acb.com/Documentos/Cabeceras/logo-competicion-4a.png",55,1990,107,NA,NA,1246,6981,NA,NA,FALSE,1055,1048,1343,"Dyc Breogán","Dyc Breogán","BRE",1055,1592,"Elosúa León","Elosúa León","LEO",1,59,12000,4,11,36,19,44,43,9,11,81,26,8,34,5,5,15,0,2,0,0,23,14,47,0,0,10,0,0,590,640,0,0,0,0,0,0,0,0,0
1595590,1,"Liga Nacional","Liga Endesa",-402534000,NA,"https://www.acb.com/Documentos/Cabeceras/logo-competicion-1b.png","https://www.acb.com/Documentos/Cabeceras/logo-competicion-4a.png",55,1990,107,NA,NA,1246,6981,NA,NA,TRUE,1048,1048,1343,"Dyc Breogán","Dyc Breogán","BRE",1055,1592,"Elosúa León","Elosúa León","LEO",1,64,12000,3,12,25,22,53,41,11,19,57,22,17,39,5,11,12,0,3,0,2,14,24,72,0,0,0,8,0,512,472,0,0,0,0,0,0,0,0,0
1595332,1,"Liga Nacional","Liga Endesa",-402534000,NA,"https://www.acb.com/Documentos/Cabeceras/logo-competicion-1b.png","https://www.acb.com/Documentos/Cabeceras/logo-competicion-4a.png",55,1990,107,NA,NA,1246,6970,NA,NA,FALSE,1065,1063,939,"Pamesa Valencia","Pamesa Valencia","PAM",1065,1107,"Caja San Fernando","C. San Fernando","CSF",1,86,12000,2,9,22,26,47,55,28,38,73,19,4,23,18,10,8,0,4,0,1,21,30,104,0,0,0,8,0,688,608,0,0,0,0,0,0,0,0,0
1595331,1,"Liga Nacional","Liga Endesa",-402534000,NA,"https://www.acb.com/Documentos/Cabeceras/logo-competicion-1b.png","https://www.acb.com/Documentos/Cabeceras/logo-competicion-4a.png",55,1990,107,NA,NA,1246,6970,NA,NA,TRUE,1063,1063,939,"Pamesa Valencia","Pamesa Valencia","PAM",1065,1107,"Caja San Fernando","C. San Fernando","CSF",1,76,12000,4,18,22,21,43,48,22,24,91,26,9,35,14,3,16,0,2,0,3,30,21,67,0,0,9,0,0,684,774,0,0,0,0,0,0,0,0,0
1595405,1,"Liga Nacional","Liga Endesa",-402534000,NA,"https://www.acb.com/Documentos/Cabeceras/logo-competicion-1b.png","https://www.acb.com/Documentos/Cabeceras/logo-competicion-4a.png",55,1990,107,NA,NA,1246,6973,NA,NA,TRUE,1050,1050,441,"Estudiantes Caja Postal","Estudiantes CP","EST",1064,1034,"Caja de Ronda","Caja de Ronda","RON",1,67,12000,3,12,25,24,49,48,10,10,100,14,9,23,6,12,10,0,5,0,3,22,17,64,0,0,0,9,0,603,558,0,0,0,0,0,0,0,0,0
1595406,1,"Liga Nacional","Liga Endesa",-402534000,NA,"https://www.acb.com/Documentos/Cabeceras/logo-competicion-1b.png","https://www.acb.com/Documentos/Cabeceras/logo-competicion-4a.png",55,1990,107,NA,NA,1246,6973,NA,NA,FALSE,1064,1050,441,"Estudiantes Caja Postal","Estudiantes CP","EST",1064,1034,"Caja de Ronda","Caja de Ronda","RON",1,62,12000,5,12,41,17,28,60,13,20,65,23,4,27,8,4,24,0,2,0,2,17,23,60,0,0,9,0,0,558,603,0,0,0,0,0,0,0,0,0
1595475,1,"Liga Nacional","Liga Endesa",-402534000,NA,"https://www.acb.com/Documentos/Cabeceras/logo-competicion-1b.png","https://www.acb.com/Documentos/Cabeceras/logo-competicion-4a.png",55,1990,107,NA,NA,1246,6976,NA,NA,FALSE,1060,1058,1624,"Mayoral Maristas","May. Maristas","MAY",1060,1676,"OAR Ferrol","OAR Ferrol","FER",1,70,12000,2,9,22,24,45,53,16,23,69,28,3,31,9,5,15,0,2,0,2,20,22,69,0,0,11,0,0,700,770,0,0,0,0,0,0,0,0,0
1595474,1,"Liga Nacional","Liga Endesa",-402534000,NA,"https://www.acb.com/Documentos/Cabeceras/logo-competicion-1b.png","https://www.acb.com/Documentos/Cabeceras/logo-competicion-4a.png",55,1990,107,NA,NA,1246,6976,NA,NA,TRUE,1058,1058,1624,"Mayoral Maristas","May. Maristas","MAY",1060,1676,"OAR Ferrol","OAR Ferrol","FER",1,77,12000,6,13,46,25,56,44,9,19,47,26,9,35,17,10,9,0,3,0,1,22,20,83,0,0,0,10,0,693,630,0,0,0,0,0,0,0,0,0
1595666,1,"Liga Nacional","Liga Endesa",-402534000,NA,"https://www.acb.com/Documentos/Cabeceras/logo-competicion-1b.png","https://www.acb.com/Documentos/Cabeceras/logo-competicion-4a.png",55,1990,107,NA,NA,1247,6984,NA,NA,FALSE,1050,1046,195,"Taugrés","Taugrés","TAU",1050,441,"Estudiantes Caja Postal","Estudiantes CP","EST",1,69,12000,5,19,26,23,60,38,8,11,72,18,16,34,10,10,9,0,4,0,3,18,19,65,0,0,9,0,0,621,783,0,0,0,0,0,0,0,0,0
1595665,1,"Liga Nacional","Liga Endesa",-402534000,NA,"https://www.acb.com/Documentos/Cabeceras/logo-competicion-1b.png","https://www.acb.com/Documentos/Cabeceras/logo-competicion-4a.png",55,1990,107,NA,NA,1247,6984,NA,NA,TRUE,1046,1046,195,"Taugrés","Taugrés","TAU",1050,441,"Estudiantes Caja Postal","Estudiantes CP","EST",1,87,12000,6,11,54.55,27,47,57.45,15,16,93.75,29,5,34,22,6,16,0,5,0,3,19,20,113,0,0,0,1,0,87,69,0,NA,0,0,0,0,0,0,0
1595611,1,"Liga Nacional","Liga Endesa",-402534000,NA,"https://www.acb.com/Documentos/Cabeceras/logo-competicion-1b.png","https://www.acb.com/Documentos/Cabeceras/logo-competicion-4a.png",55,1990,107,NA,NA,1247,6982,NA,NA,FALSE,1045,1065,1107,"Caja San Fernando","C. San Fernando","CSF",1045,79,"FC Barcelona","FC Barcelona","FCB",1,63,12000,3,11,27,15,38,39,24,31,77,27,11,38,4,5,13,0,0,0,1,23,27,63,0,0,9,0,0,567,612,0,0,0,0,0,0,0,0,0
1595610,1,"Liga Nacional","Liga Endesa",-402534000,NA,"https://www.acb.com/Documentos/Cabeceras/logo-competicion-1b.png","https://www.acb.com/Documentos/Cabeceras/logo-competicion-4a.png",55,1990,107,NA,NA,1247,6982,NA,NA,TRUE,1065,1065,1107,"Caja San Fernando","C. San Fernando","CSF",1045,79,"FC Barcelona","FC Barcelona","FCB",1,68,12000,3,15,20,23,47,48,13,17,76,23,9,32,9,9,9,0,0,0,2,27,23,65,0,0,0,9,0,612,567,0,0,0,0,0,0,0,0,0
1595638,1,"Liga Nacional","Liga Endesa",-402534000,NA,"https://www.acb.com/Documentos/Cabeceras/logo-competicion-1b.png","https://www.acb.com/Documentos/Cabeceras/logo-competicion-4a.png",55,1990,107,NA,NA,1247,6983,NA,NA,TRUE,1066,1066,1832,"Fórum Valladolid","Fórum Vall.","FOR",1063,939,"Pamesa Valencia","Pamesa Valencia","PAM",1,81,12000,7,18,38,24,51,47,12,20,60,22,8,30,19,7,11,0,1,0,2,28,21,74,0,0,10,0,0,810,890,0,0,0,0,0,0,0,0,0
1595639,1,"Liga Nacional","Liga Endesa",-402534000,NA,"https://www.acb.com/Documentos/Cabeceras/logo-competicion-1b.png","https://www.acb.com/Documentos/Cabeceras/logo-competicion-4a.png",55,1990,107,NA,NA,1247,6983,NA,NA,FALSE,1063,1066,1832,"Fórum Valladolid","Fórum Vall.","FOR",1063,939,"Pamesa Valencia","Pamesa Valencia","PAM",1,89,12000,8,15,53,20,41,48,25,35,71,25,6,31,19,4,10,0,2,0,0,21,28,104,0,0,0,8,0,712,648,0,0,0,0,0,0,0,0,0
1595757,1,"Liga Nacional","Liga Endesa",-402534000,NA,"https://www.acb.com/Documentos/Cabeceras/logo-competicion-1b.png","https://www.acb.com/Documentos/Cabeceras/logo-competicion-4a.png",55,1990,107,NA,NA,1247,6988,NA,NA,TRUE,1060,1060,1676,"OAR Ferrol","OAR Ferrol","FER",1061,1705,"Caixa Ourense","Caixa Ourense","OUR",1,81,12000,5,14,35,24,58,41,18,22,81,25,11,36,19,12,11,0,0,0,3,21,19,88,0,0,11,0,0,810,820,0,0,0,0,0,0,0,0,0
1595758,1,"Liga Nacional","Liga Endesa",-402534000,NA,"https://www.acb.com/Documentos/Cabeceras/logo-competicion-1b.png","https://www.acb.com/Documentos/Cabeceras/logo-competicion-4a.png",55,1990,107,NA,NA,1247,6988,NA,NA,FALSE,1061,1060,1676,"OAR Ferrol","OAR Ferrol","FER",1061,1705,"Caixa Ourense","Caixa Ourense","OUR",1,82,12000,5,8,62.5,26,55,47.27,15,21,71.43,26,7,33,23,11,12,0,4,0,1,19,21,105,0,0,0,1,0,82,81,0,NA,0,0,0,0,0,0,0
1595805,1,"Liga Nacional","Liga Endesa",-402534000,NA,"https://www.acb.com/Documentos/Cabeceras/logo-competicion-1b.png","https://www.acb.com/Documentos/Cabeceras/logo-competicion-4a.png",55,1990,107,NA,NA,1247,6990,NA,NA,FALSE,1059,1051,1453,"Valvi Girona","Valvi Girona","GIR",1059,897,"Zumos Júver Murcia","Júver Murcia","MUR",1,78,12000,4,8,50,27,51,52,12,21,57,25,14,39,16,8,22,0,2,0,1,18,23,89,0,0,0,7,0,546,490,0,0,0,0,0,0,0,0,0
1595804,1,"Liga Nacional","Liga Endesa",-402534000,NA,"https://www.acb.com/Documentos/Cabeceras/logo-competicion-1b.png","https://www.acb.com/Documentos/Cabeceras/logo-competicion-4a.png",55,1990,107,NA,NA,1247,6990,NA,NA,TRUE,1051,1051,1453,"Valvi Girona","Valvi Girona","GIR",1059,897,"Zumos Júver Murcia","Júver Murcia","MUR",1,70,12000,3,16,18,22,47,46,17,19,89,16,13,29,13,12,16,0,1,0,3,23,18,64,0,0,8,0,0,560,624,0,0,0,0,0,0,0,0,0
1595866,1,"Liga Nacional","Liga Endesa",-402534000,NA,"https://www.acb.com/Documentos/Cabeceras/logo-competicion-1b.png","https://www.acb.com/Documentos/Cabeceras/logo-competicion-4a.png",55,1990,107,NA,NA,1247,6993,NA,NA,TRUE,1055,1055,1592,"Elosúa León","Elosúa León","LEO",1057,849,"TDK Manresa","TDK Manresa","MAN",1,85,12000,6,15,40,27,53,50,13,19,68,23,11,34,13,14,11,0,1,0,0,22,19,92,0,0,0,10,0,850,800,0,0,0,0,0,0,0,0,0
1595867,1,"Liga Nacional","Liga Endesa",-402534000,NA,"https://www.acb.com/Documentos/Cabeceras/logo-competicion-1b.png","https://www.acb.com/Documentos/Cabeceras/logo-competicion-4a.png",55,1990,107,NA,NA,1247,6993,NA,NA,FALSE,1057,1055,1592,"Elosúa León","Elosúa León","LEO",1057,849,"TDK Manresa","TDK Manresa","MAN",1,80,12000,6,15,40,25,47,53.19,12,17,70.59,26,9,35,11,8,17,0,4,0,1,19,22,88,0,0,1,0,0,80,85,0,NA,0,0,0,0,0,0,0
1595735,1,"Liga Nacional","Liga Endesa",-402534000,NA,"https://www.acb.com/Documentos/Cabeceras/logo-competicion-1b.png","https://www.acb.com/Documentos/Cabeceras/logo-competicion-4a.png",55,1990,107,NA,NA,1247,6987,NA,NA,TRUE,1067,1067,1873,"Atlético Madrid Villalba","Atlético Madrid","VIL",1068,1896,"CAI Zaragoza","CAI Zaragoza","CBZ",1,86,12000,6,13,46,26,41,63,16,28,57,24,5,29,10,6,10,0,4,0,3,28,27,90,0,0,0,10,0,860,810,0,0,0,0,0,0,0,0,0
1595736,1,"Liga Nacional","Liga Endesa",-402534000,NA,"https://www.acb.com/Documentos/Cabeceras/logo-competicion-1b.png","https://www.acb.com/Documentos/Cabeceras/logo-competicion-4a.png",55,1990,107,NA,NA,1247,6987,NA,NA,FALSE,1068,1067,1873,"Atlético Madrid Villalba","Atlético Madrid","VIL",1068,1896,"CAI Zaragoza","CAI Zaragoza","CBZ",1,81,12000,2,9,22.22,28,51,54.9,19,33,57.58,26,11,37,11,5,6,0,0,0,2,27,28,85,0,0,1,0,0,81,86,0,NA,0,0,0,0,0,0,0
1595842,1,"Liga Nacional","Liga Endesa",-402534000,NA,"https://www.acb.com/Documentos/Cabeceras/logo-competicion-1b.png","https://www.acb.com/Documentos/Cabeceras/logo-competicion-4a.png",55,1990,107,NA,NA,1247,6992,NA,NA,TRUE,1049,1049,1391,"Cajacanarias","Cajacanarias","CAN",1048,1343,"Dyc Breogán","Dyc Breogán","BRE",1,109,12000,12,17,70,25,42,59,23,33,69,18,7,25,18,9,11,0,7,0,5,21,2,106,0,0,0,8,0,872,736,0,0,0,0,0,0,0,0,0
1595843,1,"Liga Nacional","Liga Endesa",-402534000,NA,"https://www.acb.com/Documentos/Cabeceras/logo-competicion-1b.png","https://www.acb.com/Documentos/Cabeceras/logo-competicion-4a.png",55,1990,107,NA,NA,1247,6992,NA,NA,FALSE,1048,1049,1391,"Cajacanarias","Cajacanarias","CAN",1048,1343,"Dyc Breogán","Dyc Breogán","BRE",1,92,12000,6,18,33,30,53,56,14,24,58,15,11,26,15,11,9,0,3,0,2,25,0,68,0,0,8,0,0,736,872,0,0,0,0,0,0,0,0,0
1595689,1,"Liga Nacional","Liga Endesa",-402534000,NA,"https://www.acb.com/Documentos/Cabeceras/logo-competicion-1b.png","https://www.acb.com/Documentos/Cabeceras/logo-competicion-4a.png",55,1990,107,NA,NA,1247,6985,NA,NA,TRUE,1064,1064,1034,"Caja de Ronda","Caja de Ronda","RON",1052,1496,"Grupo IFA Granollers","IFA Granollers","GRN",1,61,12000,3,12,25,19,42,45,14,20,70,20,6,26,8,11,14,0,6,0,1,23,19,56,0,0,9,0,0,549,630,0,0,0,0,0,0,0,0,0
1595690,1,"Liga Nacional","Liga Endesa",-402534000,NA,"https://www.acb.com/Documentos/Cabeceras/logo-competicion-1b.png","https://www.acb.com/Documentos/Cabeceras/logo-competicion-4a.png",55,1990,107,NA,NA,1247,6985,NA,NA,FALSE,1052,1064,1034,"Caja de Ronda","Caja de Ronda","RON",1052,1496,"Grupo IFA Granollers","IFA Granollers","GRN",1,70,12000,2,9,22.22,24,55,43.64,16,23,69.57,20,12,32,5,20,14,0,2,0,4,19,21,72,0,0,0,1,0,70,61,0,NA,0,0,0,0,0,0,0
1595823,1,"Liga Nacional","Liga Endesa",-402534000,NA,"https://www.acb.com/Documentos/Cabeceras/logo-competicion-1b.png","https://www.acb.com/Documentos/Cabeceras/logo-competicion-4a.png",55,1990,107,NA,NA,1247,6991,NA,NA,FALSE,1047,1062,1734,"Puleva Granada","Puleva Granada","OXI",1047,1328,"Cajabilbao","Cajabilbao","BIL",1,84,12000,2,7,28.57,34,51,66.67,10,15,66.67,25,5,30,5,9,16,0,2,0,1,21,18,84,0,0,0,1,0,84,71,0,NA,0,0,0,0,0,0,0
1595822,1,"Liga Nacional","Liga Endesa",-402534000,NA,"https://www.acb.com/Documentos/Cabeceras/logo-competicion-1b.png","https://www.acb.com/Documentos/Cabeceras/logo-competicion-4a.png",55,1990,107,NA,NA,1247,6991,NA,NA,TRUE,1062,1062,1734,"Puleva Granada","Puleva Granada","OXI",1047,1328,"Cajabilbao","Cajabilbao","BIL",1,71,12000,3,13,23.08,26,55,47.27,10,14,71.43,16,12,28,4,13,13,0,1,0,3,19,19,61,0,0,1,0,0,71,84,0,NA,0,0,0,0,0,0,0
1595782,1,"Liga Nacional","Liga Endesa",-402534000,NA,"https://www.acb.com/Documentos/Cabeceras/logo-competicion-1b.png","https://www.acb.com/Documentos/Cabeceras/logo-competicion-4a.png",55,1990,107,NA,NA,1247,6989,NA,NA,TRUE,1053,1053,1546,"Huesca La Magia","Huesca La Magia","HUE",1058,1624,"Mayoral Maristas","May. Maristas","MAY",1,66,12000,3,7,42,25,55,45,7,14,50,29,10,39,7,3,12,0,5,0,5,22,16,61,0,0,9,0,0,594,621,0,0,0,0,0,0,0,0,0
1595783,1,"Liga Nacional","Liga Endesa",-402534000,NA,"https://www.acb.com/Documentos/Cabeceras/logo-competicion-1b.png","https://www.acb.com/Documentos/Cabeceras/logo-competicion-4a.png",55,1990,107,NA,NA,1247,6989,NA,NA,FALSE,1058,1053,1546,"Huesca La Magia","Huesca La Magia","HUE",1058,1624,"Mayoral Maristas","May. Maristas","MAY",1,69,12000,1,7,14,27,61,44,12,21,57,25,13,38,8,6,7,0,4,0,2,16,22,75,0,0,0,10,0,621,594,0,0,0,0,0,0,0,0,0
1595709,1,"Liga Nacional","Liga Endesa",-402534000,NA,"https://www.acb.com/Documentos/Cabeceras/logo-competicion-1b.png","https://www.acb.com/Documentos/Cabeceras/logo-competicion-4a.png",55,1990,107,NA,NA,1247,6986,NA,NA,TRUE,1056,1056,2485,"Real Madrid Otaysa","Real Madrid","RMB",1054,605,"Montigalá Joventut","Mont. Joventut","JOV",1,91,12000,6,16,37,25,51,49,23,33,69,33,13,46,17,9,13,0,7,0,6,21,25,115,0,0,0,9,0,819,702,0,0,0,0,0,0,0,0,0
1595710,1,"Liga Nacional","Liga Endesa",-402534000,NA,"https://www.acb.com/Documentos/Cabeceras/logo-competicion-1b.png","https://www.acb.com/Documentos/Cabeceras/logo-competicion-4a.png",55,1990,107,NA,NA,1247,6986,NA,NA,FALSE,1054,1056,2485,"Real Madrid Otaysa","Real Madrid","RMB",1054,605,"Montigalá Joventut","Mont. Joventut","JOV",1,78,12000,3,10,30,26,63,41.27,17,22,77.27,28,11,39,11,5,10,0,2,0,1,25,21,72,0,0,1,0,0,78,91,0,NA,0,0,0,0,0,0,0
1595910,1,"Liga Nacional","Liga Endesa",-402534000,NA,"https://www.acb.com/Documentos/Cabeceras/logo-competicion-1b.png","https://www.acb.com/Documentos/Cabeceras/logo-competicion-4a.png",55,1990,107,NA,NA,1248,6995,NA,NA,TRUE,1050,1050,441,"Estudiantes Caja Postal","Estudiantes CP","EST",1062,1734,"Puleva Granada","Puleva Granada","OXI",1,104,12000,8,13,61,36,58,62,8,12,66,23,11,34,20,12,7,0,3,0,7,20,17,132,0,0,0,13,0,1352,832,0,0,0,0,0,0,0,0,0
1595911,1,"Liga Nacional","Liga Endesa",-402534000,NA,"https://www.acb.com/Documentos/Cabeceras/logo-competicion-1b.png","https://www.acb.com/Documentos/Cabeceras/logo-competicion-4a.png",55,1990,107,NA,NA,1248,6995,NA,NA,FALSE,1062,1050,441,"Estudiantes Caja Postal","Estudiantes CP","EST",1062,1734,"Puleva Granada","Puleva Granada","OXI",1,64,12000,3,16,18,20,42,47,15,23,65,14,13,27,5,4,16,0,2,0,0,17,20,46,0,0,9,0,0,576,936,0,0,0,0,0,0,0,0,0
1595956,1,"Liga Nacional","Liga Endesa",-402534000,NA,"https://www.acb.com/Documentos/Cabeceras/logo-competicion-1b.png","https://www.acb.com/Documentos/Cabeceras/logo-competicion-4a.png",55,1990,107,NA,NA,1248,6997,NA,NA,FALSE,1054,1065,1107,"Caja San Fernando","C. San Fernando","CSF",1054,605,"Montigalá Joventut","Mont. Joventut","JOV",1,98,12000,5,11,45,30,60,50,23,25,92,29,15,44,9,8,18,0,2,0,2,20,0,85,0,0,0,8,0,784,744,0,0,0,0,0,0,0,0,0
1595955,1,"Liga Nacional","Liga Endesa",-402534000,NA,"https://www.acb.com/Documentos/Cabeceras/logo-competicion-1b.png","https://www.acb.com/Documentos/Cabeceras/logo-competicion-4a.png",55,1990,107,NA,NA,1248,6997,NA,NA,TRUE,1065,1065,1107,"Caja San Fernando","C. San Fernando","CSF",1054,605,"Montigalá Joventut","Mont. Joventut","JOV",1,93,12000,5,18,27,31,52,59,16,23,69,18,7,25,14,18,12,0,3,0,3,22,0,78,0,0,10,0,0,930,980,0,0,0,0,0,0,0,0,0
1596140,1,"Liga Nacional","Liga Endesa",-402534000,NA,"https://www.acb.com/Documentos/Cabeceras/logo-competicion-1b.png","https://www.acb.com/Documentos/Cabeceras/logo-competicion-4a.png",55,1990,107,NA,NA,1248,7005,NA,NA,TRUE,1053,1053,1546,"Huesca La Magia","Huesca La Magia","HUE",1056,2485,"Real Madrid Otaysa","Real Madrid","RMB",1,76,12000,5,19,26,25,54,46,11,18,61,22,8,30,6,8,11,0,7,0,1,23,22,65,0,0,9,0,0,684,846,0,0,0,0,0,0,0,0,0
1596141,1,"Liga Nacional","Liga Endesa",-402534000,NA,"https://www.acb.com/Documentos/Cabeceras/logo-competicion-1b.png","https://www.acb.com/Documentos/Cabeceras/logo-competicion-4a.png",55,1990,107,NA,NA,1248,7005,NA,NA,FALSE,1056,1053,1546,"Huesca La Magia","Huesca La Magia","HUE",1056,2485,"Real Madrid Otaysa","Real Madrid","RMB",1,94,12000,1,4,25,36,57,63,19,25,76,35,5,40,20,5,16,0,6,0,6,22,23,120,0,0,0,8,0,752,608,0,0,0,0,0,0,0,0,0
1595935,1,"Liga Nacional","Liga Endesa",-402534000,NA,"https://www.acb.com/Documentos/Cabeceras/logo-competicion-1b.png","https://www.acb.com/Documentos/Cabeceras/logo-competicion-4a.png",55,1990,107,NA,NA,1248,6996,NA,NA,TRUE,1051,1051,1453,"Valvi Girona","Valvi Girona","GIR",1055,1592,"Elosúa León","Elosúa León","LEO",1,83,12000,0,4,0,31,59,52,21,26,80,20,14,34,17,11,14,0,5,0,2,26,21,94,0,0,0,10,0,830,800,0,0,0,0,0,0,0,0,0
1595936,1,"Liga Nacional","Liga Endesa",-402534000,NA,"https://www.acb.com/Documentos/Cabeceras/logo-competicion-1b.png","https://www.acb.com/Documentos/Cabeceras/logo-competicion-4a.png",55,1990,107,NA,NA,1248,6996,NA,NA,FALSE,1055,1051,1453,"Valvi Girona","Valvi Girona","GIR",1055,1592,"Elosúa León","Elosúa León","LEO",1,80,12000,8,19,42,18,41,43,20,30,66,16,13,29,12,9,13,0,4,0,0,21,26,82,0,0,9,0,0,720,747,0,0,0,0,0,0,0,0,0
1595975,1,"Liga Nacional","Liga Endesa",-402534000,NA,"https://www.acb.com/Documentos/Cabeceras/logo-competicion-1b.png","https://www.acb.com/Documentos/Cabeceras/logo-competicion-4a.png",55,1990,107,NA,NA,1248,6998,NA,NA,FALSE,1061,1052,1496,"Grupo IFA Granollers","IFA Granollers","GRN",1061,1705,"Caixa Ourense","Caixa Ourense","OUR",1,84,12000,5,13,38,25,49,51,19,26,73,23,7,30,3,5,13,0,1,0,1,21,26,76,0,0,0,9,0,756,747,0,0,0,0,0,0,0,0,0
1595974,1,"Liga Nacional","Liga Endesa",-402534000,NA,"https://www.acb.com/Documentos/Cabeceras/logo-competicion-1b.png","https://www.acb.com/Documentos/Cabeceras/logo-competicion-4a.png",55,1990,107,NA,NA,1248,6998,NA,NA,TRUE,1052,1052,1496,"Grupo IFA Granollers","IFA Granollers","GRN",1061,1705,"Caixa Ourense","Caixa Ourense","OUR",1,83,12000,8,18,44.44,25,50,50,9,13,69.23,23,11,34,14,5,15,0,4,0,1,26,21,81,0,0,1,0,0,83,84,0,NA,0,0,0,0,0,0,0
1595998,1,"Liga Nacional","Liga Endesa",-402534000,NA,"https://www.acb.com/Documentos/Cabeceras/logo-competicion-1b.png","https://www.acb.com/Documentos/Cabeceras/logo-competicion-4a.png",55,1990,107,NA,NA,1248,6999,NA,NA,TRUE,1066,1066,1832,"Fórum Valladolid","Fórum Vall.","FOR",1049,1391,"Cajacanarias","Cajacanarias","CAN",1,91,12000,3,9,33,33,59,55,16,22,72,30,10,40,13,6,10,0,4,0,3,28,22,100,0,0,0,10,0,910,810,0,0,0,0,0,0,0,0,0
1595999,1,"Liga Nacional","Liga Endesa",-402534000,NA,"https://www.acb.com/Documentos/Cabeceras/logo-competicion-1b.png","https://www.acb.com/Documentos/Cabeceras/logo-competicion-4a.png",55,1990,107,NA,NA,1248,6999,NA,NA,FALSE,1049,1066,1832,"Fórum Valladolid","Fórum Vall.","FOR",1049,1391,"Cajacanarias","Cajacanarias","CAN",1,81,12000,3,11,27,25,55,45,22,35,62,24,9,33,11,5,11,0,6,0,0,22,28,80,0,0,9,0,0,729,819,0,0,0,0,0,0,0,0,0
1596075,1,"Liga Nacional","Liga Endesa",-402534000,NA,"https://www.acb.com/Documentos/Cabeceras/logo-competicion-1b.png","https://www.acb.com/Documentos/Cabeceras/logo-competicion-4a.png",55,1990,107,NA,NA,1248,7002,NA,NA,FALSE,1067,1046,195,"Taugrés","Taugrés","TAU",1067,1873,"Atlético Madrid Villalba","Atlético Madrid","VIL",1,70,12000,2,8,25,27,53,50,10,15,66,18,8,26,10,7,15,0,2,0,1,19,19,63,0,0,10,0,0,700,730,0,0,0,0,0,0,0,0,0
1596074,1,"Liga Nacional","Liga Endesa",-402534000,NA,"https://www.acb.com/Documentos/Cabeceras/logo-competicion-1b.png","https://www.acb.com/Documentos/Cabeceras/logo-competicion-4a.png",55,1990,107,NA,NA,1248,7002,NA,NA,TRUE,1046,1046,195,"Taugrés","Taugrés","TAU",1067,1873,"Atlético Madrid Villalba","Atlético Madrid","VIL",1,73,12000,3,13,23.08,27,54,50,10,17,58.82,21,14,35,15,9,12,0,2,0,2,19,19,78,0,0,0,1,0,73,70,0,NA,0,0,0,0,0,0,0
1596096,1,"Liga Nacional","Liga Endesa",-402534000,NA,"https://www.acb.com/Documentos/Cabeceras/logo-competicion-1b.png","https://www.acb.com/Documentos/Cabeceras/logo-competicion-4a.png",55,1990,107,NA,NA,1248,7003,NA,NA,FALSE,1048,1060,1676,"OAR Ferrol","OAR Ferrol","FER",1048,1343,"Dyc Breogán","Dyc Breogán","BRE",1,58,12000,0,4,0,26,55,47,6,16,37,19,16,35,14,7,17,0,5,0,0,22,18,55,0,0,9,0,0,522,648,0,0,0,0,0,0,0,0,0
1596095,1,"Liga Nacional","Liga Endesa",-402534000,NA,"https://www.acb.com/Documentos/Cabeceras/logo-competicion-1b.png","https://www.acb.com/Documentos/Cabeceras/logo-competicion-4a.png",55,1990,107,NA,NA,1248,7003,NA,NA,TRUE,1060,1060,1676,"OAR Ferrol","OAR Ferrol","FER",1048,1343,"Dyc Breogán","Dyc Breogán","BRE",1,72,12000,4,12,33.33,27,57,47.37,6,11,54.55,15,19,34,15,13,7,0,2,0,0,18,22,90,0,0,0,1,0,72,58,0,NA,0,0,0,0,0,0,0
1596023,1,"Liga Nacional","Liga Endesa",-402534000,NA,"https://www.acb.com/Documentos/Cabeceras/logo-competicion-1b.png","https://www.acb.com/Documentos/Cabeceras/logo-competicion-4a.png",55,1990,107,NA,NA,1248,7000,NA,NA,FALSE,1057,1063,939,"Pamesa Valencia","Pamesa Valencia","PAM",1057,849,"TDK Manresa","TDK Manresa","MAN",1,72,12000,6,10,60,20,43,46.51,14,21,66.67,17,5,22,18,5,16,0,5,0,5,26,20,66,0,0,1,0,0,72,86,0,NA,0,0,0,0,0,0,0
1596022,1,"Liga Nacional","Liga Endesa",-402534000,NA,"https://www.acb.com/Documentos/Cabeceras/logo-competicion-1b.png","https://www.acb.com/Documentos/Cabeceras/logo-competicion-4a.png",55,1990,107,NA,NA,1248,7000,NA,NA,TRUE,1063,1063,939,"Pamesa Valencia","Pamesa Valencia","PAM",1057,849,"TDK Manresa","TDK Manresa","MAN",1,86,12000,2,11,18,31,54,57,18,24,75,20,13,33,20,7,11,0,4,0,2,20,26,107,0,0,0,8,0,688,576,0,0,0,0,0,0,0,0,0
1595886,1,"Liga Nacional","Liga Endesa",-402534000,NA,"https://www.acb.com/Documentos/Cabeceras/logo-competicion-1b.png","https://www.acb.com/Documentos/Cabeceras/logo-competicion-4a.png",55,1990,107,NA,NA,1248,6994,NA,NA,TRUE,1058,1058,1624,"Mayoral Maristas","May. Maristas","MAY",1068,1896,"CAI Zaragoza","CAI Zaragoza","CBZ",1,78,12000,4,16,25,25,56,44.64,16,24,66.67,20,16,36,17,16,14,0,6,0,1,25,22,85,0,0,1,0,0,78,79,0,NA,0,0,0,0,0,0,0
1595887,1,"Liga Nacional","Liga Endesa",-402534000,NA,"https://www.acb.com/Documentos/Cabeceras/logo-competicion-1b.png","https://www.acb.com/Documentos/Cabeceras/logo-competicion-4a.png",55,1990,107,NA,NA,1248,6994,NA,NA,FALSE,1068,1058,1624,"Mayoral Maristas","May. Maristas","MAY",1068,1896,"CAI Zaragoza","CAI Zaragoza","CBZ",1,79,12000,2,7,28.57,28,50,56,17,28,60.71,24,8,32,7,11,18,0,1,0,3,22,25,77,0,0,0,1,0,79,78,0,NA,0,0,0,0,0,0,0
1596050,1,"Liga Nacional","Liga Endesa",-402534000,NA,"https://www.acb.com/Documentos/Cabeceras/logo-competicion-1b.png","https://www.acb.com/Documentos/Cabeceras/logo-competicion-4a.png",55,1990,107,NA,NA,1248,7001,NA,NA,FALSE,1064,1059,897,"Zumos Júver Murcia","Júver Murcia","MUR",1064,1034,"Caja de Ronda","Caja de Ronda","RON",1,84,12000,1,6,16,34,51,66,13,16,81,24,3,27,9,10,12,0,1,0,2,20,21,95,0,0,0,9,0,756,738,0,0,0,0,0,0,0,0,0
1596049,1,"Liga Nacional","Liga Endesa",-402534000,NA,"https://www.acb.com/Documentos/Cabeceras/logo-competicion-1b.png","https://www.acb.com/Documentos/Cabeceras/logo-competicion-4a.png",55,1990,107,NA,NA,1248,7001,NA,NA,TRUE,1059,1059,897,"Zumos Júver Murcia","Júver Murcia","MUR",1064,1034,"Caja de Ronda","Caja de Ronda","RON",1,82,12000,7,16,43,24,55,43,13,18,72,20,11,31,14,12,10,0,1,0,1,21,20,84,0,0,9,0,0,738,756,0,0,0,0,0,0,0,0,0
1596116,1,"Liga Nacional","Liga Endesa",-402534000,NA,"https://www.acb.com/Documentos/Cabeceras/logo-competicion-1b.png","https://www.acb.com/Documentos/Cabeceras/logo-competicion-4a.png",55,1990,107,NA,NA,1248,7004,NA,NA,TRUE,1047,1047,1328,"Cajabilbao","Cajabilbao","BIL",1045,79,"FC Barcelona","FC Barcelona","FCB",1,83,13500,5,8,62.5,28,56,50,12,19,63.16,14,9,23,8,16,15,0,3,0,1,26,22,76,0,0,1,0,0,83,85,0,NA,0,0,0,0,0,0,0
1596117,1,"Liga Nacional","Liga Endesa",-402534000,NA,"https://www.acb.com/Documentos/Cabeceras/logo-competicion-1b.png","https://www.acb.com/Documentos/Cabeceras/logo-competicion-4a.png",55,1990,107,NA,NA,1248,7004,NA,NA,FALSE,1045,1047,1328,"Cajabilbao","Cajabilbao","BIL",1045,79,"FC Barcelona","FC Barcelona","FCB",1,85,13500,4,11,36,28,47,59,17,23,73,17,10,27,5,13,19,0,5,0,1,21,24,87,0,0,0,8,0,680,664,0,0,0,0,0,0,0,0,0
1596188,1,"Liga Nacional","Liga Endesa",-402534000,NA,"https://www.acb.com/Documentos/Cabeceras/logo-competicion-1b.png","https://www.acb.com/Documentos/Cabeceras/logo-competicion-4a.png",55,1990,107,NA,NA,1249,7007,NA,NA,FALSE,1066,1061,1705,"Caixa Ourense","Caixa Ourense","OUR",1066,1832,"Fórum Valladolid","Fórum Vall.","FOR",1,91,12000,8,17,47,27,54,50,13,18,72,41,14,55,19,11,17,0,3,0,0,17,18,122,0,0,0,11,0,1001,605,0,0,0,0,0,0,0,0,0
1596187,1,"Liga Nacional","Liga Endesa",-402534000,NA,"https://www.acb.com/Documentos/Cabeceras/logo-competicion-1b.png","https://www.acb.com/Documentos/Cabeceras/logo-competicion-4a.png",55,1990,107,NA,NA,1249,7007,NA,NA,TRUE,1061,1061,1705,"Caixa Ourense","Caixa Ourense","OUR",1066,1832,"Fórum Valladolid","Fórum Vall.","FOR",1,55,12000,4,14,28.57,18,60,30,7,16,43.75,24,15,39,6,17,12,0,0,0,1,19,16,41,0,0,1,0,0,55,91,0,NA,0,0,0,0,0,0,0
1596405,1,"Liga Nacional","Liga Endesa",-402534000,NA,"https://www.acb.com/Documentos/Cabeceras/logo-competicion-1b.png","https://www.acb.com/Documentos/Cabeceras/logo-competicion-4a.png",55,1990,107,NA,NA,1249,7016,NA,NA,TRUE,1064,1064,1034,"Caja de Ronda","Caja de Ronda","RON",1046,195,"Taugrés","Taugrés","TAU",1,80,12000,4,8,50,27,54,50,14,20,70,20,14,34,10,18,21,0,2,0,1,18,20,88,0,0,0,9,0,720,567,0,0,0,0,0,0,0,0,0
1596406,1,"Liga Nacional","Liga Endesa",-402534000,NA,"https://www.acb.com/Documentos/Cabeceras/logo-competicion-1b.png","https://www.acb.com/Documentos/Cabeceras/logo-competicion-4a.png",55,1990,107,NA,NA,1249,7016,NA,NA,FALSE,1046,1064,1034,"Caja de Ronda","Caja de Ronda","RON",1046,195,"Taugrés","Taugrés","TAU",1,63,12000,2,10,20,25,48,52.08,7,12,58.33,13,9,22,10,24,21,0,5,0,9,20,18,65,0,0,1,0,0,63,80,0,NA,0,0,0,0,0,0,0
1596161,1,"Liga Nacional","Liga Endesa",-402534000,NA,"https://www.acb.com/Documentos/Cabeceras/logo-competicion-1b.png","https://www.acb.com/Documentos/Cabeceras/logo-competicion-4a.png",55,1990,107,NA,NA,1249,7006,NA,NA,FALSE,1058,1049,1391,"Cajacanarias","Cajacanarias","CAN",1058,1624,"Mayoral Maristas","May. Maristas","MAY",1,86,12000,5,10,50,27,59,45,17,28,60,16,5,21,13,21,9,0,4,0,2,22,0,66,0,0,0,9,0,774,693,0,0,0,0,0,0,0,0,0
1596160,1,"Liga Nacional","Liga Endesa",-402534000,NA,"https://www.acb.com/Documentos/Cabeceras/logo-competicion-1b.png","https://www.acb.com/Documentos/Cabeceras/logo-competicion-4a.png",55,1990,107,NA,NA,1249,7006,NA,NA,TRUE,1049,1049,1391,"Cajacanarias","Cajacanarias","CAN",1058,1624,"Mayoral Maristas","May. Maristas","MAY",1,77,12000,2,21,9,29,55,52,13,19,68,28,21,49,5,10,13,0,3,0,7,25,0,55,0,0,9,0,0,693,774,0,0,0,0,0,0,0,0,0
1596336,1,"Liga Nacional","Liga Endesa",-402534000,NA,"https://www.acb.com/Documentos/Cabeceras/logo-competicion-1b.png","https://www.acb.com/Documentos/Cabeceras/logo-competicion-4a.png",55,1990,107,NA,NA,1249,7013,NA,NA,TRUE,1045,1045,79,"FC Barcelona","FC Barcelona","FCB",1053,1546,"Huesca La Magia","Huesca La Magia","HUE",1,81,12000,3,8,37,21,35,60,30,40,75,20,4,24,14,4,12,0,0,0,5,22,30,90,0,0,0,9,0,729,720,0,0,0,0,0,0,0,0,0
1596337,1,"Liga Nacional","Liga Endesa",-402534000,NA,"https://www.acb.com/Documentos/Cabeceras/logo-competicion-1b.png","https://www.acb.com/Documentos/Cabeceras/logo-competicion-4a.png",55,1990,107,NA,NA,1249,7013,NA,NA,FALSE,1053,1045,79,"FC Barcelona","FC Barcelona","FCB",1053,1546,"Huesca La Magia","Huesca La Magia","HUE",1,80,12000,5,8,62,25,51,49,15,19,78,20,9,29,8,7,11,0,3,0,3,31,22,74,0,0,9,0,0,720,729,0,0,0,0,0,0,0,0,0
1596208,1,"Liga Nacional","Liga Endesa",-402534000,NA,"https://www.acb.com/Documentos/Cabeceras/logo-competicion-1b.png","https://www.acb.com/Documentos/Cabeceras/logo-competicion-4a.png",55,1990,107,NA,NA,1249,7008,NA,NA,TRUE,1054,1054,605,"Montigalá Joventut","Mont. Joventut","JOV",1052,1496,"Grupo IFA Granollers","IFA Granollers","GRN",1,87,12000,6,16,37.5,28,64,43.75,13,17,76.47,18,15,33,16,5,5,0,0,0,0,17,20,89,0,0,1,0,0,87,94,0,NA,0,0,0,0,0,0,0
1596209,1,"Liga Nacional","Liga Endesa",-402534000,NA,"https://www.acb.com/Documentos/Cabeceras/logo-competicion-1b.png","https://www.acb.com/Documentos/Cabeceras/logo-competicion-4a.png",55,1990,107,NA,NA,1249,7008,NA,NA,FALSE,1052,1054,605,"Montigalá Joventut","Mont. Joventut","JOV",1052,1496,"Grupo IFA Granollers","IFA Granollers","GRN",1,94,12000,7,13,53.85,29,51,56.86,15,17,88.24,25,11,36,11,2,14,0,6,0,0,21,16,100,0,0,0,1,0,94,87,0,NA,0,0,0,0,0,0,0
1596238,1,"Liga Nacional","Liga Endesa",-402534000,NA,"https://www.acb.com/Documentos/Cabeceras/logo-competicion-1b.png","https://www.acb.com/Documentos/Cabeceras/logo-competicion-4a.png",55,1990,107,NA,NA,1249,7009,NA,NA,TRUE,1055,1055,1592,"Elosúa León","Elosúa León","LEO",1065,1107,"Caja San Fernando","C. San Fernando","CSF",1,94,12000,7,15,46,30,54,55,13,19,68,27,13,40,9,14,11,0,4,0,1,19,17,110,0,0,0,10,0,940,690,0,0,0,0,0,0,0,0,0
1596239,1,"Liga Nacional","Liga Endesa",-402534000,NA,"https://www.acb.com/Documentos/Cabeceras/logo-competicion-1b.png","https://www.acb.com/Documentos/Cabeceras/logo-competicion-4a.png",55,1990,107,NA,NA,1249,7009,NA,NA,FALSE,1065,1055,1592,"Elosúa León","Elosúa León","LEO",1065,1107,"Caja San Fernando","C. San Fernando","CSF",1,69,12000,3,14,21,26,52,50,8,11,72,20,8,28,10,6,15,0,1,0,1,17,19,61,0,0,10,0,0,690,940,0,0,0,0,0,0,0,0,0
1596286,1,"Liga Nacional","Liga Endesa",-402534000,NA,"https://www.acb.com/Documentos/Cabeceras/logo-competicion-1b.png","https://www.acb.com/Documentos/Cabeceras/logo-competicion-4a.png",55,1990,107,NA,NA,1249,7011,NA,NA,TRUE,1068,1068,1896,"CAI Zaragoza","CAI Zaragoza","CBZ",1050,441,"Estudiantes Caja Postal","Estudiantes CP","EST",1,88,12000,1,7,14.29,33,64,51.56,19,23,82.61,24,18,42,9,3,17,0,0,0,0,26,24,82,0,0,1,0,0,88,93,0,NA,0,0,0,0,0,0,0
1596287,1,"Liga Nacional","Liga Endesa",-402534000,NA,"https://www.acb.com/Documentos/Cabeceras/logo-competicion-1b.png","https://www.acb.com/Documentos/Cabeceras/logo-competicion-4a.png",55,1990,107,NA,NA,1249,7011,NA,NA,FALSE,1050,1068,1896,"CAI Zaragoza","CAI Zaragoza","CBZ",1050,441,"Estudiantes Caja Postal","Estudiantes CP","EST",1,93,12000,4,13,30,33,48,68,15,25,60,19,7,26,8,6,9,0,0,0,2,24,26,92,0,0,0,9,0,837,792,0,0,0,0,0,0,0,0,0
1596429,1,"Liga Nacional","Liga Endesa",-402534000,NA,"https://www.acb.com/Documentos/Cabeceras/logo-competicion-1b.png","https://www.acb.com/Documentos/Cabeceras/logo-competicion-4a.png",55,1990,107,NA,NA,1249,7017,NA,NA,TRUE,1057,1057,849,"TDK Manresa","TDK Manresa","MAN",1059,897,"Zumos Júver Murcia","Júver Murcia","MUR",1,80,12000,5,12,41.67,26,48,54.17,13,19,68.42,28,8,36,8,3,10,0,4,0,2,25,20,81,0,0,0,1,0,80,78,0,NA,0,0,0,0,0,0,0
1596430,1,"Liga Nacional","Liga Endesa",-402534000,NA,"https://www.acb.com/Documentos/Cabeceras/logo-competicion-1b.png","https://www.acb.com/Documentos/Cabeceras/logo-competicion-4a.png",55,1990,107,NA,NA,1249,7017,NA,NA,FALSE,1059,1057,849,"TDK Manresa","TDK Manresa","MAN",1059,897,"Zumos Júver Murcia","Júver Murcia","MUR",1,78,12000,3,12,25,29,48,60,11,19,57,17,6,23,7,6,11,0,3,0,0,20,25,75,0,0,8,0,0,624,640,0,0,0,0,0,0,0,0,0
1596310,1,"Liga Nacional","Liga Endesa",-402534000,NA,"https://www.acb.com/Documentos/Cabeceras/logo-competicion-1b.png","https://www.acb.com/Documentos/Cabeceras/logo-competicion-4a.png",55,1990,107,NA,NA,1249,7012,NA,NA,TRUE,1056,1056,2485,"Real Madrid Otaysa","Real Madrid","RMB",1063,939,"Pamesa Valencia","Pamesa Valencia","PAM",1,66,12000,2,10,20,24,57,42,12,22,54,32,14,46,12,13,19,0,7,0,3,25,21,70,0,0,9,0,0,594,639,0,0,0,0,0,0,0,0,0
1596311,1,"Liga Nacional","Liga Endesa",-402534000,NA,"https://www.acb.com/Documentos/Cabeceras/logo-competicion-1b.png","https://www.acb.com/Documentos/Cabeceras/logo-competicion-4a.png",55,1990,107,NA,NA,1249,7012,NA,NA,FALSE,1063,1056,2485,"Real Madrid Otaysa","Real Madrid","RMB",1063,939,"Pamesa Valencia","Pamesa Valencia","PAM",1,71,12000,2,8,25,20,53,37,25,32,78,28,8,36,14,14,13,0,0,0,1,21,25,80,0,0,0,8,0,568,528,0,0,0,0,0,0,0,0,0
1596357,1,"Liga Nacional","Liga Endesa",-402534000,NA,"https://www.acb.com/Documentos/Cabeceras/logo-competicion-1b.png","https://www.acb.com/Documentos/Cabeceras/logo-competicion-4a.png",55,1990,107,NA,NA,1249,7014,NA,NA,FALSE,1047,1048,1343,"Dyc Breogán","Dyc Breogán","BRE",1047,1328,"Cajabilbao","Cajabilbao","BIL",1,77,13500,1,10,10,28,49,57.14,18,26,69.23,23,8,31,12,8,14,0,1,0,4,22,26,81,0,0,1,0,0,77,83,0,NA,0,0,0,0,0,0,0
1596356,1,"Liga Nacional","Liga Endesa",-402534000,NA,"https://www.acb.com/Documentos/Cabeceras/logo-competicion-1b.png","https://www.acb.com/Documentos/Cabeceras/logo-competicion-4a.png",55,1990,107,NA,NA,1249,7014,NA,NA,TRUE,1048,1048,1343,"Dyc Breogán","Dyc Breogán","BRE",1047,1328,"Cajabilbao","Cajabilbao","BIL",1,83,13500,5,11,45,28,58,48,12,17,70,26,10,36,6,9,13,0,2,0,3,25,23,80,0,0,0,9,0,747,693,0,0,0,0,0,0,0,0,0
1596382,1,"Liga Nacional","Liga Endesa",-402534000,NA,"https://www.acb.com/Documentos/Cabeceras/logo-competicion-1b.png","https://www.acb.com/Documentos/Cabeceras/logo-competicion-4a.png",55,1990,107,NA,NA,1249,7015,NA,NA,FALSE,1060,1067,1873,"Atlético Madrid Villalba","Atlético Madrid","VIL",1060,1676,"OAR Ferrol","OAR Ferrol","FER",1,73,12000,4,15,26,22,42,52,17,27,62,17,11,28,10,8,16,0,3,0,2,23,21,63,0,0,11,0,0,730,740,0,0,0,0,0,0,0,0,0
1596381,1,"Liga Nacional","Liga Endesa",-402534000,NA,"https://www.acb.com/Documentos/Cabeceras/logo-competicion-1b.png","https://www.acb.com/Documentos/Cabeceras/logo-competicion-4a.png",55,1990,107,NA,NA,1249,7015,NA,NA,TRUE,1067,1067,1873,"Atlético Madrid Villalba","Atlético Madrid","VIL",1060,1676,"OAR Ferrol","OAR Ferrol","FER",1,74,12000,0,8,0,31,56,55,12,23,52,21,19,40,10,15,14,0,2,0,4,21,23,85,0,0,0,8,0,592,584,0,0,0,0,0,0,0,0,0
1596261,1,"Liga Nacional","Liga Endesa",-402534000,NA,"https://www.acb.com/Documentos/Cabeceras/logo-competicion-1b.png","https://www.acb.com/Documentos/Cabeceras/logo-competicion-4a.png",55,1990,107,NA,NA,1249,7010,NA,NA,FALSE,1051,1062,1734,"Puleva Granada","Puleva Granada","OXI",1051,1453,"Valvi Girona","Valvi Girona","GIR",1,83,12000,5,11,45,29,58,50,10,13,76,21,8,29,7,5,11,0,1,0,0,21,20,75,0,0,9,0,0,747,801,0,0,0,0,0,0,0,0,0
1596260,1,"Liga Nacional","Liga Endesa",-402534000,NA,"https://www.acb.com/Documentos/Cabeceras/logo-competicion-1b.png","https://www.acb.com/Documentos/Cabeceras/logo-competicion-4a.png",55,1990,107,NA,NA,1249,7010,NA,NA,TRUE,1062,1062,1734,"Puleva Granada","Puleva Granada","OXI",1051,1453,"Valvi Girona","Valvi Girona","GIR",1,89,12000,8,10,80,26,46,56.52,13,25,52,19,4,23,7,6,10,0,3,0,3,20,21,85,0,0,0,1,0,89,83,0,NA,0,0,0,0,0,0,0
1596525,1,"Liga Nacional","Liga Endesa",-402534000,NA,"https://www.acb.com/Documentos/Cabeceras/logo-competicion-1b.png","https://www.acb.com/Documentos/Cabeceras/logo-competicion-4a.png",55,1990,107,NA,NA,1250,7021,NA,NA,TRUE,1046,1046,195,"Taugrés","Taugrés","TAU",1068,1896,"CAI Zaragoza","CAI Zaragoza","CBZ",1,77,12000,2,8,25,30,49,61,11,16,68,13,10,23,11,5,13,0,3,0,5,20,19,75,0,0,0,10,0,693,684,0,0,0,0,0,0,0,0,0
1596526,1,"Liga Nacional","Liga Endesa",-402534000,NA,"https://www.acb.com/Documentos/Cabeceras/logo-competicion-1b.png","https://www.acb.com/Documentos/Cabeceras/logo-competicion-4a.png",55,1990,107,NA,NA,1250,7021,NA,NA,FALSE,1068,1046,195,"Taugrés","Taugrés","TAU",1068,1896,"CAI Zaragoza","CAI Zaragoza","CBZ",1,76,12000,6,16,37.5,22,37,59.46,14,18,77.78,12,6,18,18,6,13,0,1,0,0,19,20,78,0,0,1,0,0,76,77,0,NA,0,0,0,0,0,0,0
1596482,1,"Liga Nacional","Liga Endesa",-402534000,NA,"https://www.acb.com/Documentos/Cabeceras/logo-competicion-1b.png","https://www.acb.com/Documentos/Cabeceras/logo-competicion-4a.png",55,1990,107,NA,NA,1250,7019,NA,NA,TRUE,1066,1066,1832,"Fórum Valladolid","Fórum Vall.","FOR",1067,1873,"Atlético Madrid Villalba","Atlético Madrid","VIL",1,79,12000,5,18,27,25,51,49,14,18,77,20,13,33,14,6,13,0,3,0,1,30,20,69,0,0,0,10,0,790,750,0,0,0,0,0,0,0,0,0
1596483,1,"Liga Nacional","Liga Endesa",-402534000,NA,"https://www.acb.com/Documentos/Cabeceras/logo-competicion-1b.png","https://www.acb.com/Documentos/Cabeceras/logo-competicion-4a.png",55,1990,107,NA,NA,1250,7019,NA,NA,FALSE,1067,1066,1832,"Fórum Valladolid","Fórum Vall.","FOR",1067,1873,"Atlético Madrid Villalba","Atlético Madrid","VIL",1,75,12000,4,13,30,23,48,47,17,29,58,21,11,32,7,5,16,0,2,0,0,20,30,69,0,0,8,0,0,600,632,0,0,0,0,0,0,0,0,0
1596570,1,"Liga Nacional","Liga Endesa",-402534000,NA,"https://www.acb.com/Documentos/Cabeceras/logo-competicion-1b.png","https://www.acb.com/Documentos/Cabeceras/logo-competicion-4a.png",55,1990,107,NA,NA,1250,7023,NA,NA,FALSE,1063,1052,1496,"Grupo IFA Granollers","IFA Granollers","GRN",1063,939,"Pamesa Valencia","Pamesa Valencia","PAM",1,75,12000,2,12,16,24,49,48,21,28,75,14,14,28,8,14,13,0,3,0,1,22,25,76,0,0,0,9,0,675,630,0,0,0,0,0,0,0,0,0
1596569,1,"Liga Nacional","Liga Endesa",-402534000,NA,"https://www.acb.com/Documentos/Cabeceras/logo-competicion-1b.png","https://www.acb.com/Documentos/Cabeceras/logo-competicion-4a.png",55,1990,107,NA,NA,1250,7023,NA,NA,TRUE,1052,1052,1496,"Grupo IFA Granollers","IFA Granollers","GRN",1063,939,"Pamesa Valencia","Pamesa Valencia","PAM",1,70,12000,3,8,37.5,23,47,48.94,15,19,78.95,24,12,36,7,10,22,0,5,0,1,25,22,70,0,0,1,0,0,70,75,0,NA,0,0,0,0,0,0,0
1596590,1,"Liga Nacional","Liga Endesa",-402534000,NA,"https://www.acb.com/Documentos/Cabeceras/logo-competicion-1b.png","https://www.acb.com/Documentos/Cabeceras/logo-competicion-4a.png",55,1990,107,NA,NA,1250,7024,NA,NA,TRUE,1060,1060,1676,"OAR Ferrol","OAR Ferrol","FER",1049,1391,"Cajacanarias","Cajacanarias","CAN",1,76,12000,5,15,33.33,22,44,50,17,25,68,24,8,32,19,19,16,0,2,0,1,22,24,94,0,0,0,1,0,76,66,0,NA,0,0,0,0,0,0,0
1596591,1,"Liga Nacional","Liga Endesa",-402534000,NA,"https://www.acb.com/Documentos/Cabeceras/logo-competicion-1b.png","https://www.acb.com/Documentos/Cabeceras/logo-competicion-4a.png",55,1990,107,NA,NA,1250,7024,NA,NA,FALSE,1049,1060,1676,"OAR Ferrol","OAR Ferrol","FER",1049,1391,"Cajacanarias","Cajacanarias","CAN",1,66,12000,6,20,30,18,52,34,12,19,63,21,21,42,15,16,19,0,1,0,1,24,22,64,0,0,9,0,0,594,684,0,0,0,0,0,0,0,0,0
1596616,1,"Liga Nacional","Liga Endesa",-402534000,NA,"https://www.acb.com/Documentos/Cabeceras/logo-competicion-1b.png","https://www.acb.com/Documentos/Cabeceras/logo-competicion-4a.png",55,1990,107,NA,NA,1250,7025,NA,NA,TRUE,1053,1053,1546,"Huesca La Magia","Huesca La Magia","HUE",1055,1592,"Elosúa León","Elosúa León","LEO",1,97,13500,4,13,30,34,68,50,17,22,77,23,17,40,10,5,7,0,10,0,5,31,23,99,0,0,0,9,0,873,792,0,0,0,0,0,0,0,0,0
1596617,1,"Liga Nacional","Liga Endesa",-402534000,NA,"https://www.acb.com/Documentos/Cabeceras/logo-competicion-1b.png","https://www.acb.com/Documentos/Cabeceras/logo-competicion-4a.png",55,1990,107,NA,NA,1250,7025,NA,NA,FALSE,1055,1053,1546,"Huesca La Magia","Huesca La Magia","HUE",1055,1592,"Elosúa León","Elosúa León","LEO",1,88,13500,3,12,25,29,58,50,21,36,58,23,21,44,13,4,13,0,2,0,3,23,31,93,0,0,9,0,0,792,873,0,0,0,0,0,0,0,0,0
1596660,1,"Liga Nacional","Liga Endesa",-402534000,NA,"https://www.acb.com/Documentos/Cabeceras/logo-competicion-1b.png","https://www.acb.com/Documentos/Cabeceras/logo-competicion-4a.png",55,1990,107,NA,NA,1250,7027,NA,NA,TRUE,1051,1051,1453,"Valvi Girona","Valvi Girona","GIR",1057,849,"TDK Manresa","TDK Manresa","MAN",1,85,13500,0,5,0,32,65,49,21,36,58,27,15,42,9,10,13,0,3,0,1,30,32,85,0,0,0,10,0,850,810,0,0,0,0,0,0,0,0,0
1596661,1,"Liga Nacional","Liga Endesa",-402534000,NA,"https://www.acb.com/Documentos/Cabeceras/logo-competicion-1b.png","https://www.acb.com/Documentos/Cabeceras/logo-competicion-4a.png",55,1990,107,NA,NA,1250,7027,NA,NA,FALSE,1057,1051,1453,"Valvi Girona","Valvi Girona","GIR",1057,849,"TDK Manresa","TDK Manresa","MAN",1,81,13500,5,19,26.32,23,46,50,20,34,58.82,27,15,42,15,10,20,0,5,0,4,32,30,80,0,0,1,0,0,81,85,0,NA,0,0,0,0,0,0,0
1596708,1,"Liga Nacional","Liga Endesa",-402534000,NA,"https://www.acb.com/Documentos/Cabeceras/logo-competicion-1b.png","https://www.acb.com/Documentos/Cabeceras/logo-competicion-4a.png",55,1990,107,NA,NA,1250,7029,NA,NA,FALSE,1058,1047,1328,"Cajabilbao","Cajabilbao","BIL",1058,1624,"Mayoral Maristas","May. Maristas","MAY",1,85,12000,3,7,42,27,47,57,22,30,73,15,4,19,3,10,15,0,1,0,0,23,21,69,0,0,11,0,0,850,1000,0,0,0,0,0,0,0,0,0
1596707,1,"Liga Nacional","Liga Endesa",-402534000,NA,"https://www.acb.com/Documentos/Cabeceras/logo-competicion-1b.png","https://www.acb.com/Documentos/Cabeceras/logo-competicion-4a.png",55,1990,107,NA,NA,1250,7029,NA,NA,TRUE,1047,1047,1328,"Cajabilbao","Cajabilbao","BIL",1058,1624,"Mayoral Maristas","May. Maristas","MAY",1,100,12000,3,7,42.86,37,51,72.55,17,22,77.27,15,5,20,13,14,12,0,2,0,5,23,24,115,0,0,0,1,0,100,85,0,NA,0,0,0,0,0,0,0
1596503,1,"Liga Nacional","Liga Endesa",-402534000,NA,"https://www.acb.com/Documentos/Cabeceras/logo-competicion-1b.png","https://www.acb.com/Documentos/Cabeceras/logo-competicion-4a.png",55,1990,107,NA,NA,1250,7020,NA,NA,TRUE,1064,1064,1034,"Caja de Ronda","Caja de Ronda","RON",1054,605,"Montigalá Joventut","Mont. Joventut","JOV",1,66,12000,2,10,20,26,55,47,8,12,66,18,7,25,10,13,10,0,5,0,3,21,16,63,0,0,8,0,0,528,648,0,0,0,0,0,0,0,0,0
1596504,1,"Liga Nacional","Liga Endesa",-402534000,NA,"https://www.acb.com/Documentos/Cabeceras/logo-competicion-1b.png","https://www.acb.com/Documentos/Cabeceras/logo-competicion-4a.png",55,1990,107,NA,NA,1250,7020,NA,NA,FALSE,1054,1064,1034,"Caja de Ronda","Caja de Ronda","RON",1054,605,"Montigalá Joventut","Mont. Joventut","JOV",1,81,12000,8,11,72.73,23,53,43.4,11,14,78.57,26,17,43,13,11,17,0,2,0,0,16,21,102,0,0,0,1,0,81,66,0,NA,0,0,0,0,0,0,0
1596637,1,"Liga Nacional","Liga Endesa",-402534000,NA,"https://www.acb.com/Documentos/Cabeceras/logo-competicion-1b.png","https://www.acb.com/Documentos/Cabeceras/logo-competicion-4a.png",55,1990,107,NA,NA,1250,7026,NA,NA,TRUE,1062,1062,1734,"Puleva Granada","Puleva Granada","OXI",1048,1343,"Dyc Breogán","Dyc Breogán","BRE",1,71,12000,8,13,61.54,17,37,45.95,13,15,86.67,14,9,23,3,4,11,0,0,0,0,22,16,57,0,0,1,0,0,71,79,0,NA,0,0,0,0,0,0,0
1596638,1,"Liga Nacional","Liga Endesa",-402534000,NA,"https://www.acb.com/Documentos/Cabeceras/logo-competicion-1b.png","https://www.acb.com/Documentos/Cabeceras/logo-competicion-4a.png",55,1990,107,NA,NA,1250,7026,NA,NA,FALSE,1048,1062,1734,"Puleva Granada","Puleva Granada","OXI",1048,1343,"Dyc Breogán","Dyc Breogán","BRE",1,79,12000,6,10,60,22,38,57,17,22,77,15,9,24,3,4,10,0,1,0,2,16,22,82,0,0,0,8,0,632,568,0,0,0,0,0,0,0,0,0
1596685,1,"Liga Nacional","Liga Endesa",-402534000,NA,"https://www.acb.com/Documentos/Cabeceras/logo-competicion-1b.png","https://www.acb.com/Documentos/Cabeceras/logo-competicion-4a.png",55,1990,107,NA,NA,1250,7028,NA,NA,TRUE,1059,1059,897,"Zumos Júver Murcia","Júver Murcia","MUR",1061,1705,"Caixa Ourense","Caixa Ourense","OUR",1,90,12000,2,10,20,31,54,57,22,26,84,24,14,38,17,8,20,0,1,0,1,32,22,89,0,0,10,0,0,900,910,0,0,0,0,0,0,0,0,0
1596686,1,"Liga Nacional","Liga Endesa",-402534000,NA,"https://www.acb.com/Documentos/Cabeceras/logo-competicion-1b.png","https://www.acb.com/Documentos/Cabeceras/logo-competicion-4a.png",55,1990,107,NA,NA,1250,7028,NA,NA,FALSE,1061,1059,897,"Zumos Júver Murcia","Júver Murcia","MUR",1061,1705,"Caixa Ourense","Caixa Ourense","OUR",1,91,12000,4,14,28.57,27,58,46.55,25,36,69.44,15,13,28,4,16,14,0,2,0,0,22,30,83,0,0,0,1,0,91,90,0,NA,0,0,0,0,0,0,0
1596454,1,"Liga Nacional","Liga Endesa",-402534000,NA,"https://www.acb.com/Documentos/Cabeceras/logo-competicion-1b.png","https://www.acb.com/Documentos/Cabeceras/logo-competicion-4a.png",55,1990,107,NA,NA,1250,7018,NA,NA,TRUE,1065,1065,1107,"Caja San Fernando","C. San Fernando","CSF",1056,2485,"Real Madrid Otaysa","Real Madrid","RMB",1,86,12000,9,23,39,23,51,45,13,25,52,22,11,33,12,8,7,0,2,0,0,23,25,82,0,0,8,0,0,688,744,0,0,0,0,0,0,0,0,0
1596455,1,"Liga Nacional","Liga Endesa",-402534000,NA,"https://www.acb.com/Documentos/Cabeceras/logo-competicion-1b.png","https://www.acb.com/Documentos/Cabeceras/logo-competicion-4a.png",55,1990,107,NA,NA,1250,7018,NA,NA,FALSE,1056,1065,1107,"Caja San Fernando","C. San Fernando","CSF",1056,2485,"Real Madrid Otaysa","Real Madrid","RMB",1,93,12000,3,17,17.65,35,51,68.63,14,28,50,36,13,49,12,7,14,0,11,0,4,25,23,112,0,0,0,1,0,93,86,0,NA,0,0,0,0,0,0,0
1596544,1,"Liga Nacional","Liga Endesa",-402534000,NA,"https://www.acb.com/Documentos/Cabeceras/logo-competicion-1b.png","https://www.acb.com/Documentos/Cabeceras/logo-competicion-4a.png",55,1990,107,NA,NA,1250,7022,NA,NA,TRUE,1050,1050,441,"Estudiantes Caja Postal","Estudiantes CP","EST",1045,79,"FC Barcelona","FC Barcelona","FCB",1,68,12000,4,15,26,26,48,54,4,10,40,22,10,32,13,8,10,0,1,0,3,16,17,74,0,0,0,9,0,612,585,0,0,0,0,0,0,0,0,0
1596545,1,"Liga Nacional","Liga Endesa",-402534000,NA,"https://www.acb.com/Documentos/Cabeceras/logo-competicion-1b.png","https://www.acb.com/Documentos/Cabeceras/logo-competicion-4a.png",55,1990,107,NA,NA,1250,7022,NA,NA,FALSE,1045,1050,441,"Estudiantes Caja Postal","Estudiantes CP","EST",1045,79,"FC Barcelona","FC Barcelona","FCB",1,65,12000,6,12,50,19,38,50,9,10,90,24,5,29,6,3,15,0,0,0,1,17,16,61,0,0,8,0,0,520,544,0,0,0,0,0,0,0,0,0
1596859,1,"Liga Nacional","Liga Endesa",-402534000,NA,"https://www.acb.com/Documentos/Cabeceras/logo-competicion-1b.png","https://www.acb.com/Documentos/Cabeceras/logo-competicion-4a.png",55,1990,107,NA,NA,1251,7035,NA,NA,TRUE,1045,1045,79,"FC Barcelona","FC Barcelona","FCB",1052,1496,"Grupo IFA Granollers","IFA Granollers","GRN",1,91,12000,9,19,47,28,53,52,8,15,53,22,12,34,18,9,6,0,1,0,1,15,16,106,0,0,0,10,0,910,690,0,0,0,0,0,0,0,0,0
1596860,1,"Liga Nacional","Liga Endesa",-402534000,NA,"https://www.acb.com/Documentos/Cabeceras/logo-competicion-1b.png","https://www.acb.com/Documentos/Cabeceras/logo-competicion-4a.png",55,1990,107,NA,NA,1251,7035,NA,NA,FALSE,1052,1045,79,"FC Barcelona","FC Barcelona","FCB",1052,1496,"Grupo IFA Granollers","IFA Granollers","GRN",1,69,12000,7,18,38.89,22,46,47.83,4,9,44.44,21,10,31,12,4,16,0,0,0,0,16,15,59,0,0,1,0,0,69,91,0,NA,0,0,0,0,0,0,0
1596928,1,"Liga Nacional","Liga Endesa",-402534000,NA,"https://www.acb.com/Documentos/Cabeceras/logo-competicion-1b.png","https://www.acb.com/Documentos/Cabeceras/logo-competicion-4a.png",55,1990,107,NA,NA,1251,7038,NA,NA,FALSE,1051,1048,1343,"Dyc Breogán","Dyc Breogán","BRE",1051,1453,"Valvi Girona","Valvi Girona","GIR",1,65,12000,2,5,40,23,47,48,13,22,59,19,7,26,11,7,15,0,3,0,3,20,22,63,0,0,10,0,0,650,720,0,0,0,0,0,0,0,0,0
1596927,1,"Liga Nacional","Liga Endesa",-402534000,NA,"https://www.acb.com/Documentos/Cabeceras/logo-competicion-1b.png","https://www.acb.com/Documentos/Cabeceras/logo-competicion-4a.png",55,1990,107,NA,NA,1251,7038,NA,NA,TRUE,1048,1048,1343,"Dyc Breogán","Dyc Breogán","BRE",1051,1453,"Valvi Girona","Valvi Girona","GIR",1,72,12000,5,15,33,23,46,50,11,17,64,23,10,33,9,10,14,0,2,0,3,21,20,72,0,0,0,9,0,648,585,0,0,0,0,0,0,0,0,0
1596781,1,"Liga Nacional","Liga Endesa",-402534000,NA,"https://www.acb.com/Documentos/Cabeceras/logo-competicion-1b.png","https://www.acb.com/Documentos/Cabeceras/logo-competicion-4a.png",55,1990,107,NA,NA,1251,7032,NA,NA,TRUE,1054,1054,605,"Montigalá Joventut","Mont. Joventut","JOV",1046,195,"Taugrés","Taugrés","TAU",1,87,12000,1,8,12.5,28,54,51.85,28,35,80,19,12,31,8,2,4,0,4,0,2,17,29,100,0,0,0,1,0,87,75,0,NA,0,0,0,0,0,0,0
1596782,1,"Liga Nacional","Liga Endesa",-402534000,NA,"https://www.acb.com/Documentos/Cabeceras/logo-competicion-1b.png","https://www.acb.com/Documentos/Cabeceras/logo-competicion-4a.png",55,1990,107,NA,NA,1251,7032,NA,NA,FALSE,1046,1054,605,"Montigalá Joventut","Mont. Joventut","JOV",1046,195,"Taugrés","Taugrés","TAU",1,75,12000,1,10,10,29,47,61.7,14,19,73.68,21,7,28,16,2,8,0,0,0,2,29,17,69,0,0,1,0,0,75,87,0,NA,0,0,0,0,0,0,0
1596804,1,"Liga Nacional","Liga Endesa",-402534000,NA,"https://www.acb.com/Documentos/Cabeceras/logo-competicion-1b.png","https://www.acb.com/Documentos/Cabeceras/logo-competicion-4a.png",55,1990,107,NA,NA,1251,7033,NA,NA,TRUE,1068,1068,1896,"CAI Zaragoza","CAI Zaragoza","CBZ",1064,1034,"Caja de Ronda","Caja de Ronda","RON",1,86,12000,4,10,40,33,60,55,8,11,72.73,24,13,37,16,8,17,0,3,0,2,27,15,85,0,0,0,1,0,86,78,0,NA,0,0,0,0,0,0,0
1596805,1,"Liga Nacional","Liga Endesa",-402534000,NA,"https://www.acb.com/Documentos/Cabeceras/logo-competicion-1b.png","https://www.acb.com/Documentos/Cabeceras/logo-competicion-4a.png",55,1990,107,NA,NA,1251,7033,NA,NA,FALSE,1064,1068,1896,"CAI Zaragoza","CAI Zaragoza","CBZ",1064,1034,"Caja de Ronda","Caja de Ronda","RON",1,78,12000,4,13,30,21,45,46,24,31,77,20,10,30,8,9,11,0,2,0,2,15,25,86,0,0,8,0,0,624,688,0,0,0,0,0,0,0,0,0
1596881,1,"Liga Nacional","Liga Endesa",-402534000,NA,"https://www.acb.com/Documentos/Cabeceras/logo-competicion-1b.png","https://www.acb.com/Documentos/Cabeceras/logo-competicion-4a.png",55,1990,107,NA,NA,1251,7036,NA,NA,TRUE,1055,1055,1592,"Elosúa León","Elosúa León","LEO",1060,1676,"OAR Ferrol","OAR Ferrol","FER",1,100,12000,6,18,33,35,56,62,12,17,70,18,13,31,10,12,12,0,1,0,1,16,16,104,0,0,0,9,0,900,783,0,0,0,0,0,0,0,0,0
1596882,1,"Liga Nacional","Liga Endesa",-402534000,NA,"https://www.acb.com/Documentos/Cabeceras/logo-competicion-1b.png","https://www.acb.com/Documentos/Cabeceras/logo-competicion-4a.png",55,1990,107,NA,NA,1251,7036,NA,NA,FALSE,1060,1055,1592,"Elosúa León","Elosúa León","LEO",1060,1676,"OAR Ferrol","OAR Ferrol","FER",1,87,12000,7,13,53.85,30,47,63.83,6,7,85.71,15,5,20,12,8,10,0,3,0,1,16,16,96,0,0,1,0,0,87,100,0,NA,0,0,0,0,0,0,0
1596947,1,"Liga Nacional","Liga Endesa",-402534000,NA,"https://www.acb.com/Documentos/Cabeceras/logo-competicion-1b.png","https://www.acb.com/Documentos/Cabeceras/logo-competicion-4a.png",55,1990,107,NA,NA,1251,7039,NA,NA,TRUE,1057,1057,849,"TDK Manresa","TDK Manresa","MAN",1062,1734,"Puleva Granada","Puleva Granada","OXI",1,84,12000,5,8,62.5,25,43,58.14,19,22,86.36,20,4,24,12,9,16,0,7,0,7,18,22,100,0,0,0,1,0,84,71,0,NA,0,0,0,0,0,0,0
1596948,1,"Liga Nacional","Liga Endesa",-402534000,NA,"https://www.acb.com/Documentos/Cabeceras/logo-competicion-1b.png","https://www.acb.com/Documentos/Cabeceras/logo-competicion-4a.png",55,1990,107,NA,NA,1251,7039,NA,NA,FALSE,1062,1057,849,"TDK Manresa","TDK Manresa","MAN",1062,1734,"Puleva Granada","Puleva Granada","OXI",1,71,12000,4,13,30.77,24,49,48.98,11,17,64.71,13,10,23,8,10,15,0,2,0,2,23,18,54,0,0,1,0,0,71,84,0,NA,0,0,0,0,0,0,0
1596762,1,"Liga Nacional","Liga Endesa",-402534000,NA,"https://www.acb.com/Documentos/Cabeceras/logo-competicion-1b.png","https://www.acb.com/Documentos/Cabeceras/logo-competicion-4a.png",55,1990,107,NA,NA,1251,7031,NA,NA,FALSE,1066,1056,2485,"Real Madrid Otaysa","Real Madrid","RMB",1066,1832,"Fórum Valladolid","Fórum Vall.","FOR",1,83,12000,4,11,36,27,55,49,17,23,73,19,9,28,17,8,11,0,3,0,2,21,23,89,0,0,0,11,0,913,792,0,0,0,0,0,0,0,0,0
1596761,1,"Liga Nacional","Liga Endesa",-402534000,NA,"https://www.acb.com/Documentos/Cabeceras/logo-competicion-1b.png","https://www.acb.com/Documentos/Cabeceras/logo-competicion-4a.png",55,1990,107,NA,NA,1251,7031,NA,NA,TRUE,1056,1056,2485,"Real Madrid Otaysa","Real Madrid","RMB",1066,1832,"Fórum Valladolid","Fórum Vall.","FOR",1,72,12000,2,13,15.38,22,43,51.16,22,29,75.86,24,6,30,9,8,17,0,8,0,0,23,21,69,0,0,1,0,0,72,83,0,NA,0,0,0,0,0,0,0
1596905,1,"Liga Nacional","Liga Endesa",-402534000,NA,"https://www.acb.com/Documentos/Cabeceras/logo-competicion-1b.png","https://www.acb.com/Documentos/Cabeceras/logo-competicion-4a.png",55,1990,107,NA,NA,1251,7037,NA,NA,FALSE,1053,1049,1391,"Cajacanarias","Cajacanarias","CAN",1053,1546,"Huesca La Magia","Huesca La Magia","HUE",1,72,12000,2,8,25,26,56,46,14,21,66,19,6,25,9,13,12,0,2,0,4,23,3,46,0,0,8,0,0,576,640,0,0,0,0,0,0,0,0,0
1596904,1,"Liga Nacional","Liga Endesa",-402534000,NA,"https://www.acb.com/Documentos/Cabeceras/logo-competicion-1b.png","https://www.acb.com/Documentos/Cabeceras/logo-competicion-4a.png",55,1990,107,NA,NA,1251,7037,NA,NA,TRUE,1049,1049,1391,"Cajacanarias","Cajacanarias","CAN",1053,1546,"Huesca La Magia","Huesca La Magia","HUE",1,80,12000,4,14,28,28,51,54,12,19,63,23,9,32,8,14,11,0,7,0,4,25,2,67,0,0,0,8,0,640,576,0,0,0,0,0,0,0,0,0
1596992,1,"Liga Nacional","Liga Endesa",-402534000,NA,"https://www.acb.com/Documentos/Cabeceras/logo-competicion-1b.png","https://www.acb.com/Documentos/Cabeceras/logo-competicion-4a.png",55,1990,107,NA,NA,1251,7041,NA,NA,TRUE,1061,1061,1705,"Caixa Ourense","Caixa Ourense","OUR",1047,1328,"Cajabilbao","Cajabilbao","BIL",1,91,12000,7,11,63.64,27,61,44.26,16,23,69.57,23,7,30,13,15,9,0,2,0,1,24,24,97,0,0,1,0,0,91,92,0,NA,0,0,0,0,0,0,0
1596993,1,"Liga Nacional","Liga Endesa",-402534000,NA,"https://www.acb.com/Documentos/Cabeceras/logo-competicion-1b.png","https://www.acb.com/Documentos/Cabeceras/logo-competicion-4a.png",55,1990,107,NA,NA,1251,7041,NA,NA,FALSE,1047,1061,1705,"Caixa Ourense","Caixa Ourense","OUR",1047,1328,"Cajabilbao","Cajabilbao","BIL",1,92,12000,0,9,0,36,58,62.07,20,31,64.52,34,12,46,21,9,15,0,3,0,0,24,24,114,0,0,0,1,0,92,91,0,NA,0,0,0,0,0,0,0
1596836,1,"Liga Nacional","Liga Endesa",-402534000,NA,"https://www.acb.com/Documentos/Cabeceras/logo-competicion-1b.png","https://www.acb.com/Documentos/Cabeceras/logo-competicion-4a.png",55,1990,107,NA,NA,1251,7034,NA,NA,FALSE,1050,1063,939,"Pamesa Valencia","Pamesa Valencia","PAM",1050,441,"Estudiantes Caja Postal","Estudiantes CP","EST",1,88,12000,6,12,50,27,44,61,16,20,80,24,6,30,15,8,12,0,1,0,4,15,16,104,0,0,0,10,0,880,680,0,0,0,0,0,0,0,0,0
1596835,1,"Liga Nacional","Liga Endesa",-402534000,NA,"https://www.acb.com/Documentos/Cabeceras/logo-competicion-1b.png","https://www.acb.com/Documentos/Cabeceras/logo-competicion-4a.png",55,1990,107,NA,NA,1251,7034,NA,NA,TRUE,1063,1063,939,"Pamesa Valencia","Pamesa Valencia","PAM",1050,441,"Estudiantes Caja Postal","Estudiantes CP","EST",1,68,12000,3,12,25,24,48,50,11,13,84,16,6,22,18,10,13,0,2,0,1,16,15,71,0,0,10,0,0,680,880,0,0,0,0,0,0,0,0,0
1596973,1,"Liga Nacional","Liga Endesa",-402534000,NA,"https://www.acb.com/Documentos/Cabeceras/logo-competicion-1b.png","https://www.acb.com/Documentos/Cabeceras/logo-competicion-4a.png",55,1990,107,NA,NA,1251,7040,NA,NA,FALSE,1059,1058,1624,"Mayoral Maristas","May. Maristas","MAY",1059,897,"Zumos Júver Murcia","Júver Murcia","MUR",1,75,12000,1,8,12,31,53,58,10,17,58,12,8,20,6,2,16,0,0,0,0,16,23,58,0,0,9,0,0,675,909,0,0,0,0,0,0,0,0,0
1596972,1,"Liga Nacional","Liga Endesa",-402534000,NA,"https://www.acb.com/Documentos/Cabeceras/logo-competicion-1b.png","https://www.acb.com/Documentos/Cabeceras/logo-competicion-4a.png",55,1990,107,NA,NA,1251,7040,NA,NA,TRUE,1058,1058,1624,"Mayoral Maristas","May. Maristas","MAY",1059,897,"Zumos Júver Murcia","Júver Murcia","MUR",1,101,12000,4,6,66.67,39,59,66.1,11,14,78.57,20,11,31,20,8,10,0,4,0,5,23,16,122,0,0,0,1,0,101,75,0,NA,0,0,0,0,0,0,0
1596734,1,"Liga Nacional","Liga Endesa",-402534000,NA,"https://www.acb.com/Documentos/Cabeceras/logo-competicion-1b.png","https://www.acb.com/Documentos/Cabeceras/logo-competicion-4a.png",55,1990,107,NA,NA,1251,7030,NA,NA,TRUE,1067,1067,1873,"Atlético Madrid Villalba","Atlético Madrid","VIL",1065,1107,"Caja San Fernando","C. San Fernando","CSF",1,85,12000,4,14,28,31,52,59,11,19,57,25,11,36,6,4,14,0,1,0,0,23,20,76,0,0,10,0,0,850,890,0,0,0,0,0,0,0,0,0
1596735,1,"Liga Nacional","Liga Endesa",-402534000,NA,"https://www.acb.com/Documentos/Cabeceras/logo-competicion-1b.png","https://www.acb.com/Documentos/Cabeceras/logo-competicion-4a.png",55,1990,107,NA,NA,1251,7030,NA,NA,FALSE,1065,1067,1873,"Atlético Madrid Villalba","Atlético Madrid","VIL",1065,1107,"Caja San Fernando","C. San Fernando","CSF",1,89,12000,8,15,53,26,41,63,13,29,44,24,5,29,9,9,11,0,3,0,2,23,23,90,0,0,0,7,0,623,595,0,0,0,0,0,0,0,0,0
1597089,1,"Liga Nacional","Liga Endesa",-402534000,NA,"https://www.acb.com/Documentos/Cabeceras/logo-competicion-1b.png","https://www.acb.com/Documentos/Cabeceras/logo-competicion-4a.png",55,1990,107,NA,NA,1252,7045,NA,NA,TRUE,1051,1051,1453,"Valvi Girona","Valvi Girona","GIR",1054,605,"Montigalá Joventut","Mont. Joventut","JOV",1,75,12000,3,9,33.33,27,57,47.37,12,14,85.71,20,6,26,15,11,20,0,2,0,2,17,19,73,0,0,1,0,0,75,99,0,NA,0,0,0,0,0,0,0
1597090,1,"Liga Nacional","Liga Endesa",-402534000,NA,"https://www.acb.com/Documentos/Cabeceras/logo-competicion-1b.png","https://www.acb.com/Documentos/Cabeceras/logo-competicion-4a.png",55,1990,107,NA,NA,1252,7045,NA,NA,FALSE,1054,1051,1453,"Valvi Girona","Valvi Girona","GIR",1054,605,"Montigalá Joventut","Mont. Joventut","JOV",1,99,12000,6,16,37.5,36,63,57.14,9,16,56.25,26,19,45,28,14,19,0,6,0,4,18,17,128,0,0,0,1,0,99,75,0,NA,0,0,0,0,0,0,0
1597213,1,"Liga Nacional","Liga Endesa",-402534000,NA,"https://www.acb.com/Documentos/Cabeceras/logo-competicion-1b.png","https://www.acb.com/Documentos/Cabeceras/logo-competicion-4a.png",55,1990,107,NA,NA,1252,7050,NA,NA,FALSE,1045,1060,1676,"OAR Ferrol","OAR Ferrol","FER",1045,79,"FC Barcelona","FC Barcelona","FCB",1,87,12000,4,14,28,32,59,54,11,15,73,26,15,41,24,19,17,0,4,0,3,19,17,115,0,0,0,9,0,783,612,0,0,0,0,0,0,0,0,0
1597212,1,"Liga Nacional","Liga Endesa",-402534000,NA,"https://www.acb.com/Documentos/Cabeceras/logo-competicion-1b.png","https://www.acb.com/Documentos/Cabeceras/logo-competicion-4a.png",55,1990,107,NA,NA,1252,7050,NA,NA,TRUE,1060,1060,1676,"OAR Ferrol","OAR Ferrol","FER",1045,79,"FC Barcelona","FC Barcelona","FCB",1,68,12000,3,14,21,22,54,40,15,19,78,19,12,31,16,17,19,0,6,0,3,17,19,74,0,0,10,0,0,612,783,0,0,0,0,0,0,0,0,0
1597018,1,"Liga Nacional","Liga Endesa",-402534000,NA,"https://www.acb.com/Documentos/Cabeceras/logo-competicion-1b.png","https://www.acb.com/Documentos/Cabeceras/logo-competicion-4a.png",55,1990,107,NA,NA,1252,7042,NA,NA,TRUE,1066,1066,1832,"Fórum Valladolid","Fórum Vall.","FOR",1058,1624,"Mayoral Maristas","May. Maristas","MAY",1,90,12000,3,12,25,30,52,57,21,26,80,28,10,38,23,5,15,0,10,0,4,24,23,114,0,0,0,10,0,900,820,0,0,0,0,0,0,0,0,0
1597019,1,"Liga Nacional","Liga Endesa",-402534000,NA,"https://www.acb.com/Documentos/Cabeceras/logo-competicion-1b.png","https://www.acb.com/Documentos/Cabeceras/logo-competicion-4a.png",55,1990,107,NA,NA,1252,7042,NA,NA,FALSE,1058,1066,1832,"Fórum Valladolid","Fórum Vall.","FOR",1058,1624,"Mayoral Maristas","May. Maristas","MAY",1,82,12000,5,7,71.43,23,58,39.66,21,25,84,16,5,21,8,9,8,0,3,0,1,23,24,75,0,0,1,0,0,82,90,0,NA,0,0,0,0,0,0,0
1597041,1,"Liga Nacional","Liga Endesa",-402534000,NA,"https://www.acb.com/Documentos/Cabeceras/logo-competicion-1b.png","https://www.acb.com/Documentos/Cabeceras/logo-competicion-4a.png",55,1990,107,NA,NA,1252,7043,NA,NA,TRUE,1052,1052,1496,"Grupo IFA Granollers","IFA Granollers","GRN",1049,1391,"Cajacanarias","Cajacanarias","CAN",1,87,12000,7,14,50,24,46,52.17,18,29,62.07,19,13,32,8,7,11,0,2,0,2,21,25,89,0,0,0,1,0,87,83,0,NA,0,0,0,0,0,0,0
1597042,1,"Liga Nacional","Liga Endesa",-402534000,NA,"https://www.acb.com/Documentos/Cabeceras/logo-competicion-1b.png","https://www.acb.com/Documentos/Cabeceras/logo-competicion-4a.png",55,1990,107,NA,NA,1252,7043,NA,NA,FALSE,1049,1052,1496,"Grupo IFA Granollers","IFA Granollers","GRN",1049,1391,"Cajacanarias","Cajacanarias","CAN",1,83,12000,9,20,45,18,38,47,20,24,83,16,9,25,4,8,11,0,2,0,3,25,20,71,0,0,9,0,0,747,783,0,0,0,0,0,0,0,0,0
1597167,1,"Liga Nacional","Liga Endesa",-402534000,NA,"https://www.acb.com/Documentos/Cabeceras/logo-competicion-1b.png","https://www.acb.com/Documentos/Cabeceras/logo-competicion-4a.png",55,1990,107,NA,NA,1252,7048,NA,NA,TRUE,1053,1053,1546,"Huesca La Magia","Huesca La Magia","HUE",1063,939,"Pamesa Valencia","Pamesa Valencia","PAM",1,82,12000,3,7,42,20,43,46,33,41,80,24,9,33,7,4,10,0,3,0,4,29,33,88,0,0,0,10,0,820,750,0,0,0,0,0,0,0,0,0
1597168,1,"Liga Nacional","Liga Endesa",-402534000,NA,"https://www.acb.com/Documentos/Cabeceras/logo-competicion-1b.png","https://www.acb.com/Documentos/Cabeceras/logo-competicion-4a.png",55,1990,107,NA,NA,1252,7048,NA,NA,FALSE,1063,1053,1546,"Huesca La Magia","Huesca La Magia","HUE",1063,939,"Pamesa Valencia","Pamesa Valencia","PAM",1,75,12000,1,14,7,27,48,56,18,27,66,22,10,32,10,5,12,0,2,0,1,34,29,64,0,0,11,0,0,825,902,0,0,0,0,0,0,0,0,0
1597188,1,"Liga Nacional","Liga Endesa",-402534000,NA,"https://www.acb.com/Documentos/Cabeceras/logo-competicion-1b.png","https://www.acb.com/Documentos/Cabeceras/logo-competicion-4a.png",55,1990,107,NA,NA,1252,7049,NA,NA,TRUE,1047,1047,1328,"Cajabilbao","Cajabilbao","BIL",1056,2485,"Real Madrid Otaysa","Real Madrid","RMB",1,63,12000,4,12,33.33,19,52,36.54,13,16,81.25,22,10,32,6,9,15,0,0,0,2,16,22,57,0,0,1,0,0,63,76,0,NA,0,0,0,0,0,0,0
1597189,1,"Liga Nacional","Liga Endesa",-402534000,NA,"https://www.acb.com/Documentos/Cabeceras/logo-competicion-1b.png","https://www.acb.com/Documentos/Cabeceras/logo-competicion-4a.png",55,1990,107,NA,NA,1252,7049,NA,NA,FALSE,1056,1047,1328,"Cajabilbao","Cajabilbao","BIL",1056,2485,"Real Madrid Otaysa","Real Madrid","RMB",1,76,12000,4,15,26,28,46,60,8,12,66,13,9,22,3,21,12,0,7,0,4,21,17,80,0,0,0,9,0,684,567,0,0,0,0,0,0,0,0,0
1597234,1,"Liga Nacional","Liga Endesa",-402534000,NA,"https://www.acb.com/Documentos/Cabeceras/logo-competicion-1b.png","https://www.acb.com/Documentos/Cabeceras/logo-competicion-4a.png",55,1990,107,NA,NA,1252,7051,NA,NA,TRUE,1046,1046,195,"Taugrés","Taugrés","TAU",1048,1343,"Dyc Breogán","Dyc Breogán","BRE",1,91,12000,5,11,45.45,33,50,66,10,17,58.82,17,6,23,16,6,9,0,1,0,3,24,22,96,0,0,0,1,0,91,78,0,NA,0,0,0,0,0,0,0
1597235,1,"Liga Nacional","Liga Endesa",-402534000,NA,"https://www.acb.com/Documentos/Cabeceras/logo-competicion-1b.png","https://www.acb.com/Documentos/Cabeceras/logo-competicion-4a.png",55,1990,107,NA,NA,1252,7051,NA,NA,FALSE,1048,1046,195,"Taugrés","Taugrés","TAU",1048,1343,"Dyc Breogán","Dyc Breogán","BRE",1,78,12000,1,12,8,31,53,58,13,23,56,17,16,33,11,5,10,0,1,0,2,23,23,75,0,0,9,0,0,702,819,0,0,0,0,0,0,0,0,0
1597117,1,"Liga Nacional","Liga Endesa",-402534000,NA,"https://www.acb.com/Documentos/Cabeceras/logo-competicion-1b.png","https://www.acb.com/Documentos/Cabeceras/logo-competicion-4a.png",55,1990,107,NA,NA,1252,7046,NA,NA,FALSE,1055,1050,441,"Estudiantes Caja Postal","Estudiantes CP","EST",1055,1592,"Elosúa León","Elosúa León","LEO",1,79,12000,6,13,46,25,44,56,11,17,64,19,12,31,10,5,13,0,2,0,0,22,18,78,0,0,9,0,0,711,792,0,0,0,0,0,0,0,0,0
1597116,1,"Liga Nacional","Liga Endesa",-402534000,NA,"https://www.acb.com/Documentos/Cabeceras/logo-competicion-1b.png","https://www.acb.com/Documentos/Cabeceras/logo-competicion-4a.png",55,1990,107,NA,NA,1252,7046,NA,NA,TRUE,1050,1050,441,"Estudiantes Caja Postal","Estudiantes CP","EST",1055,1592,"Elosúa León","Elosúa León","LEO",1,88,12000,8,18,44,23,34,67,18,23,78,15,5,20,14,8,11,0,5,0,2,18,22,102,0,0,0,9,0,792,711,0,0,0,0,0,0,0,0,0
1597065,1,"Liga Nacional","Liga Endesa",-402534000,NA,"https://www.acb.com/Documentos/Cabeceras/logo-competicion-1b.png","https://www.acb.com/Documentos/Cabeceras/logo-competicion-4a.png",55,1990,107,NA,NA,1252,7044,NA,NA,TRUE,1065,1065,1107,"Caja San Fernando","C. San Fernando","CSF",1061,1705,"Caixa Ourense","Caixa Ourense","OUR",1,73,12000,5,23,21,27,47,57,4,8,50,24,5,29,16,8,11,0,5,0,1,21,17,74,0,0,9,0,0,657,738,0,0,0,0,0,0,0,0,0
1597066,1,"Liga Nacional","Liga Endesa",-402534000,NA,"https://www.acb.com/Documentos/Cabeceras/logo-competicion-1b.png","https://www.acb.com/Documentos/Cabeceras/logo-competicion-4a.png",55,1990,107,NA,NA,1252,7044,NA,NA,FALSE,1061,1065,1107,"Caja San Fernando","C. San Fernando","CSF",1061,1705,"Caixa Ourense","Caixa Ourense","OUR",1,82,12000,1,9,11.11,33,54,61.11,13,18,72.22,32,3,35,12,9,12,0,1,0,2,17,21,97,0,0,0,1,0,82,73,0,NA,0,0,0,0,0,0,0
1597138,1,"Liga Nacional","Liga Endesa",-402534000,NA,"https://www.acb.com/Documentos/Cabeceras/logo-competicion-1b.png","https://www.acb.com/Documentos/Cabeceras/logo-competicion-4a.png",55,1990,107,NA,NA,1252,7047,NA,NA,FALSE,1068,1062,1734,"Puleva Granada","Puleva Granada","OXI",1068,1896,"CAI Zaragoza","CAI Zaragoza","CBZ",1,93,12000,1,8,12,34,55,61,22,32,68,19,11,30,6,3,14,0,1,0,0,30,25,76,0,0,0,10,0,930,820,0,0,0,0,0,0,0,0,0
1597137,1,"Liga Nacional","Liga Endesa",-402534000,NA,"https://www.acb.com/Documentos/Cabeceras/logo-competicion-1b.png","https://www.acb.com/Documentos/Cabeceras/logo-competicion-4a.png",55,1990,107,NA,NA,1252,7047,NA,NA,TRUE,1062,1062,1734,"Puleva Granada","Puleva Granada","OXI",1068,1896,"CAI Zaragoza","CAI Zaragoza","CBZ",1,82,12000,4,9,44,19,39,48,32,35,91,11,4,15,9,7,7,0,1,0,1,25,30,84,0,0,9,0,0,738,837,0,0,0,0,0,0,0,0,0
1597264,1,"Liga Nacional","Liga Endesa",-402534000,NA,"https://www.acb.com/Documentos/Cabeceras/logo-competicion-1b.png","https://www.acb.com/Documentos/Cabeceras/logo-competicion-4a.png",55,1990,107,NA,NA,1252,7052,NA,NA,FALSE,1067,1059,897,"Zumos Júver Murcia","Júver Murcia","MUR",1067,1873,"Atlético Madrid Villalba","Atlético Madrid","VIL",1,77,12000,0,6,0,35,64,54,7,16,43,23,8,31,12,16,10,0,7,0,3,16,18,91,0,0,0,10,0,770,710,0,0,0,0,0,0,0,0,0
1597263,1,"Liga Nacional","Liga Endesa",-402534000,NA,"https://www.acb.com/Documentos/Cabeceras/logo-competicion-1b.png","https://www.acb.com/Documentos/Cabeceras/logo-competicion-4a.png",55,1990,107,NA,NA,1252,7052,NA,NA,TRUE,1059,1059,897,"Zumos Júver Murcia","Júver Murcia","MUR",1067,1873,"Atlético Madrid Villalba","Atlético Madrid","VIL",1,71,12000,7,13,53,21,49,42,8,13,61,27,10,37,10,8,15,0,2,0,1,19,16,71,0,0,9,0,0,639,693,0,0,0,0,0,0,0,0,0
1597286,1,"Liga Nacional","Liga Endesa",-402534000,NA,"https://www.acb.com/Documentos/Cabeceras/logo-competicion-1b.png","https://www.acb.com/Documentos/Cabeceras/logo-competicion-4a.png",55,1990,107,NA,NA,1252,7053,NA,NA,TRUE,1064,1064,1034,"Caja de Ronda","Caja de Ronda","RON",1057,849,"TDK Manresa","TDK Manresa","MAN",1,80,12000,6,14,42,25,47,53,12,16,75,15,8,23,12,15,7,0,5,0,2,22,11,83,0,0,0,10,0,800,690,0,0,0,0,0,0,0,0,0
1597287,1,"Liga Nacional","Liga Endesa",-402534000,NA,"https://www.acb.com/Documentos/Cabeceras/logo-competicion-1b.png","https://www.acb.com/Documentos/Cabeceras/logo-competicion-4a.png",55,1990,107,NA,NA,1252,7053,NA,NA,FALSE,1057,1064,1034,"Caja de Ronda","Caja de Ronda","RON",1057,849,"TDK Manresa","TDK Manresa","MAN",1,69,12000,2,14,14.29,21,35,60,21,27,77.78,13,5,18,9,17,15,0,0,0,5,11,22,77,0,0,1,0,0,69,80,0,NA,0,0,0,0,0,0,0
1597533,1,"Liga Nacional","Liga Endesa",-402534000,NA,"https://www.acb.com/Documentos/Cabeceras/logo-competicion-1b.png","https://www.acb.com/Documentos/Cabeceras/logo-competicion-4a.png",55,1990,107,NA,NA,1253,7063,NA,NA,FALSE,1046,1045,79,"FC Barcelona","FC Barcelona","FCB",1046,195,"Taugrés","Taugrés","TAU",1,65,12000,3,8,37.5,20,43,46.51,16,18,88.89,11,6,17,11,7,21,0,1,0,1,20,20,50,0,0,1,0,0,65,99,0,NA,0,0,0,0,0,0,0
1597532,1,"Liga Nacional","Liga Endesa",-402534000,NA,"https://www.acb.com/Documentos/Cabeceras/logo-competicion-1b.png","https://www.acb.com/Documentos/Cabeceras/logo-competicion-4a.png",55,1990,107,NA,NA,1253,7063,NA,NA,TRUE,1045,1045,79,"FC Barcelona","FC Barcelona","FCB",1046,195,"Taugrés","Taugrés","TAU",1,99,12000,7,14,50,29,48,60,20,25,80,19,13,32,11,11,13,0,2,0,2,20,20,111,0,0,0,11,0,1089,715,0,0,0,0,0,0,0,0,0
1597356,1,"Liga Nacional","Liga Endesa",-402534000,NA,"https://www.acb.com/Documentos/Cabeceras/logo-competicion-1b.png","https://www.acb.com/Documentos/Cabeceras/logo-competicion-4a.png",55,1990,107,NA,NA,1253,7056,NA,NA,TRUE,1054,1054,605,"Montigalá Joventut","Mont. Joventut","JOV",1050,441,"Estudiantes Caja Postal","Estudiantes CP","EST",1,102,13500,6,13,46.15,28,55,50.91,28,37,75.68,35,5,40,17,1,17,0,1,0,1,29,31,103,0,0,0,1,0,102,99,0,NA,0,0,0,0,0,0,0
1597357,1,"Liga Nacional","Liga Endesa",-402534000,NA,"https://www.acb.com/Documentos/Cabeceras/logo-competicion-1b.png","https://www.acb.com/Documentos/Cabeceras/logo-competicion-4a.png",55,1990,107,NA,NA,1253,7056,NA,NA,FALSE,1050,1054,605,"Montigalá Joventut","Mont. Joventut","JOV",1050,441,"Estudiantes Caja Postal","Estudiantes CP","EST",1,99,13500,6,15,40,30,64,46,21,32,65,32,7,39,21,10,9,0,3,0,2,32,29,106,0,0,10,0,0,990,1020,0,0,0,0,0,0,0,0,0
1597431,1,"Liga Nacional","Liga Endesa",-402534000,NA,"https://www.acb.com/Documentos/Cabeceras/logo-competicion-1b.png","https://www.acb.com/Documentos/Cabeceras/logo-competicion-4a.png",55,1990,107,NA,NA,1253,7059,NA,NA,TRUE,1066,1066,1832,"Fórum Valladolid","Fórum Vall.","FOR",1052,1496,"Grupo IFA Granollers","IFA Granollers","GRN",1,84,12000,4,11,36,28,47,59,16,20,80,26,7,33,17,4,17,0,5,0,2,22,22,96,0,0,0,10,0,840,780,0,0,0,0,0,0,0,0,0
1597432,1,"Liga Nacional","Liga Endesa",-402534000,NA,"https://www.acb.com/Documentos/Cabeceras/logo-competicion-1b.png","https://www.acb.com/Documentos/Cabeceras/logo-competicion-4a.png",55,1990,107,NA,NA,1253,7059,NA,NA,FALSE,1052,1066,1832,"Fórum Valladolid","Fórum Vall.","FOR",1052,1496,"Grupo IFA Granollers","IFA Granollers","GRN",1,78,12000,1,10,10,29,57,50.88,17,23,73.91,12,8,20,14,9,9,0,0,0,0,22,22,69,0,0,1,0,0,78,84,0,NA,0,0,0,0,0,0,0
1597505,1,"Liga Nacional","Liga Endesa",-402534000,NA,"https://www.acb.com/Documentos/Cabeceras/logo-competicion-1b.png","https://www.acb.com/Documentos/Cabeceras/logo-competicion-4a.png",55,1990,107,NA,NA,1253,7062,NA,NA,FALSE,1059,1048,1343,"Dyc Breogán","Dyc Breogán","BRE",1059,897,"Zumos Júver Murcia","Júver Murcia","MUR",1,71,12000,3,8,37,24,48,50,14,20,70,13,8,21,10,6,13,0,0,0,1,15,21,66,0,0,9,0,0,639,855,0,0,0,0,0,0,0,0,0
1597504,1,"Liga Nacional","Liga Endesa",-402534000,NA,"https://www.acb.com/Documentos/Cabeceras/logo-competicion-1b.png","https://www.acb.com/Documentos/Cabeceras/logo-competicion-4a.png",55,1990,107,NA,NA,1253,7062,NA,NA,TRUE,1048,1048,1343,"Dyc Breogán","Dyc Breogán","BRE",1059,897,"Zumos Júver Murcia","Júver Murcia","MUR",1,95,12000,3,8,37,40,50,80,6,10,60,21,3,24,13,7,9,0,1,0,6,21,15,106,0,0,0,8,0,760,568,0,0,0,0,0,0,0,0,0
1597578,1,"Liga Nacional","Liga Endesa",-402534000,NA,"https://www.acb.com/Documentos/Cabeceras/logo-competicion-1b.png","https://www.acb.com/Documentos/Cabeceras/logo-competicion-4a.png",55,1990,107,NA,NA,1253,7065,NA,NA,TRUE,1053,1053,1546,"Huesca La Magia","Huesca La Magia","HUE",1047,1328,"Cajabilbao","Cajabilbao","BIL",1,98,12000,4,12,33,25,46,54,36,43,83,17,8,25,7,10,11,0,7,0,2,25,31,106,0,0,0,9,0,882,783,0,0,0,0,0,0,0,0,0
1597579,1,"Liga Nacional","Liga Endesa",-402534000,NA,"https://www.acb.com/Documentos/Cabeceras/logo-competicion-1b.png","https://www.acb.com/Documentos/Cabeceras/logo-competicion-4a.png",55,1990,107,NA,NA,1253,7065,NA,NA,FALSE,1047,1053,1546,"Huesca La Magia","Huesca La Magia","HUE",1047,1328,"Cajabilbao","Cajabilbao","BIL",1,87,12000,4,7,57.14,28,53,52.83,19,26,73.08,18,13,31,12,5,15,0,1,0,4,32,25,79,0,0,1,0,0,87,98,0,NA,0,0,0,0,0,0,0
1597379,1,"Liga Nacional","Liga Endesa",-402534000,NA,"https://www.acb.com/Documentos/Cabeceras/logo-competicion-1b.png","https://www.acb.com/Documentos/Cabeceras/logo-competicion-4a.png",55,1990,107,NA,NA,1253,7057,NA,NA,FALSE,1051,1061,1705,"Caixa Ourense","Caixa Ourense","OUR",1051,1453,"Valvi Girona","Valvi Girona","GIR",1,85,12000,3,11,27,29,57,50,18,26,69,27,17,44,14,16,16,0,1,0,0,24,25,101,0,0,0,10,0,850,810,0,0,0,0,0,0,0,0,0
1597378,1,"Liga Nacional","Liga Endesa",-402534000,NA,"https://www.acb.com/Documentos/Cabeceras/logo-competicion-1b.png","https://www.acb.com/Documentos/Cabeceras/logo-competicion-4a.png",55,1990,107,NA,NA,1253,7057,NA,NA,TRUE,1061,1061,1705,"Caixa Ourense","Caixa Ourense","OUR",1051,1453,"Valvi Girona","Valvi Girona","GIR",1,81,12000,6,16,37.5,23,52,44.23,17,27,62.96,22,19,41,17,17,16,0,1,0,1,26,24,90,0,0,1,0,0,81,85,0,NA,0,0,0,0,0,0,0
1597405,1,"Liga Nacional","Liga Endesa",-402534000,NA,"https://www.acb.com/Documentos/Cabeceras/logo-competicion-1b.png","https://www.acb.com/Documentos/Cabeceras/logo-competicion-4a.png",55,1990,107,NA,NA,1253,7058,NA,NA,TRUE,1049,1049,1391,"Cajacanarias","Cajacanarias","CAN",1065,1107,"Caja San Fernando","C. San Fernando","CSF",1,85,12000,7,18,38,27,50,54,10,17,58,14,8,22,8,15,14,0,2,0,2,27,3,53,0,0,9,0,0,765,855,0,0,0,0,0,0,0,0,0
1597406,1,"Liga Nacional","Liga Endesa",-402534000,NA,"https://www.acb.com/Documentos/Cabeceras/logo-competicion-1b.png","https://www.acb.com/Documentos/Cabeceras/logo-competicion-4a.png",55,1990,107,NA,NA,1253,7058,NA,NA,FALSE,1065,1049,1391,"Cajacanarias","Cajacanarias","CAN",1065,1107,"Caja San Fernando","C. San Fernando","CSF",1,95,12000,8,16,50,25,48,52,21,29,72,12,10,22,14,20,13,0,4,0,1,21,0,82,0,0,0,9,0,855,765,0,0,0,0,0,0,0,0,0
1597481,1,"Liga Nacional","Liga Endesa",-402534000,NA,"https://www.acb.com/Documentos/Cabeceras/logo-competicion-1b.png","https://www.acb.com/Documentos/Cabeceras/logo-competicion-4a.png",55,1990,107,NA,NA,1253,7061,NA,NA,FALSE,1057,1067,1873,"Atlético Madrid Villalba","Atlético Madrid","VIL",1057,849,"TDK Manresa","TDK Manresa","MAN",1,83,13500,5,16,31.25,27,49,55.1,14,24,58.33,22,14,36,7,3,14,0,6,0,3,19,25,84,0,0,1,0,0,83,84,0,NA,0,0,0,0,0,0,0
1597480,1,"Liga Nacional","Liga Endesa",-402534000,NA,"https://www.acb.com/Documentos/Cabeceras/logo-competicion-1b.png","https://www.acb.com/Documentos/Cabeceras/logo-competicion-4a.png",55,1990,107,NA,NA,1253,7061,NA,NA,TRUE,1067,1067,1873,"Atlético Madrid Villalba","Atlético Madrid","VIL",1057,849,"TDK Manresa","TDK Manresa","MAN",1,84,13500,4,11,36,30,73,41,12,16,75,22,21,43,12,7,10,0,3,0,2,25,19,79,0,0,0,10,0,840,830,0,0,0,0,0,0,0,0,0
1597555,1,"Liga Nacional","Liga Endesa",-402534000,NA,"https://www.acb.com/Documentos/Cabeceras/logo-competicion-1b.png","https://www.acb.com/Documentos/Cabeceras/logo-competicion-4a.png",55,1990,107,NA,NA,1253,7064,NA,NA,FALSE,1060,1056,2485,"Real Madrid Otaysa","Real Madrid","RMB",1060,1676,"OAR Ferrol","OAR Ferrol","FER",1,78,12000,3,9,33,24,51,47,21,29,72,18,4,22,4,10,9,0,0,0,0,22,24,66,0,0,10,0,0,702,747,0,0,0,0,0,0,0,0,0
1597554,1,"Liga Nacional","Liga Endesa",-402534000,NA,"https://www.acb.com/Documentos/Cabeceras/logo-competicion-1b.png","https://www.acb.com/Documentos/Cabeceras/logo-competicion-4a.png",55,1990,107,NA,NA,1253,7064,NA,NA,TRUE,1056,1056,2485,"Real Madrid Otaysa","Real Madrid","RMB",1060,1676,"OAR Ferrol","OAR Ferrol","FER",1,83,12000,5,10,50,25,53,47.17,18,25,72,28,13,41,22,6,16,0,2,0,4,25,22,95,0,0,0,1,0,83,78,0,NA,0,0,0,0,0,0,0
1597457,1,"Liga Nacional","Liga Endesa",-402534000,NA,"https://www.acb.com/Documentos/Cabeceras/logo-competicion-1b.png","https://www.acb.com/Documentos/Cabeceras/logo-competicion-4a.png",55,1990,107,NA,NA,1253,7060,NA,NA,FALSE,1064,1063,939,"Pamesa Valencia","Pamesa Valencia","PAM",1064,1034,"Caja de Ronda","Caja de Ronda","RON",1,73,12000,5,9,55,21,41,51,16,22,72,14,9,23,15,7,15,0,2,0,2,18,21,78,0,0,0,8,0,584,576,0,0,0,0,0,0,0,0,0
1597456,1,"Liga Nacional","Liga Endesa",-402534000,NA,"https://www.acb.com/Documentos/Cabeceras/logo-competicion-1b.png","https://www.acb.com/Documentos/Cabeceras/logo-competicion-4a.png",55,1990,107,NA,NA,1253,7060,NA,NA,TRUE,1063,1063,939,"Pamesa Valencia","Pamesa Valencia","PAM",1064,1034,"Caja de Ronda","Caja de Ronda","RON",1,72,12000,3,11,27,26,45,57,11,12,91,12,9,21,16,12,14,0,1,0,2,21,18,77,0,0,8,0,0,576,584,0,0,0,0,0,0,0,0,0
1597309,1,"Liga Nacional","Liga Endesa",-402534000,NA,"https://www.acb.com/Documentos/Cabeceras/logo-competicion-1b.png","https://www.acb.com/Documentos/Cabeceras/logo-competicion-4a.png",55,1990,107,NA,NA,1253,7054,NA,NA,FALSE,1062,1058,1624,"Mayoral Maristas","May. Maristas","MAY",1062,1734,"Puleva Granada","Puleva Granada","OXI",1,65,12000,2,10,20,23,42,54.76,13,18,72.22,20,7,27,4,2,17,0,0,0,1,18,18,49,0,0,1,0,0,65,85,0,NA,0,0,0,0,0,0,0
1597308,1,"Liga Nacional","Liga Endesa",-402534000,NA,"https://www.acb.com/Documentos/Cabeceras/logo-competicion-1b.png","https://www.acb.com/Documentos/Cabeceras/logo-competicion-4a.png",55,1990,107,NA,NA,1253,7054,NA,NA,TRUE,1058,1058,1624,"Mayoral Maristas","May. Maristas","MAY",1062,1734,"Puleva Granada","Puleva Granada","OXI",1,85,12000,3,10,30,33,65,50,10,16,62,20,19,39,21,15,7,0,1,0,4,18,19,110,0,0,0,10,0,765,585,0,0,0,0,0,0,0,0,0
1597330,1,"Liga Nacional","Liga Endesa",-402534000,NA,"https://www.acb.com/Documentos/Cabeceras/logo-competicion-1b.png","https://www.acb.com/Documentos/Cabeceras/logo-competicion-4a.png",55,1990,107,NA,NA,1253,7055,NA,NA,TRUE,1055,1055,1592,"Elosúa León","Elosúa León","LEO",1068,1896,"CAI Zaragoza","CAI Zaragoza","CBZ",1,107,13500,8,18,44,33,65,50,17,19,89,15,8,23,10,19,15,0,0,0,0,29,19,90,0,0,9,0,0,963,1008,0,0,0,0,0,0,0,0,0
1597331,1,"Liga Nacional","Liga Endesa",-402534000,NA,"https://www.acb.com/Documentos/Cabeceras/logo-competicion-1b.png","https://www.acb.com/Documentos/Cabeceras/logo-competicion-4a.png",55,1990,107,NA,NA,1253,7055,NA,NA,FALSE,1068,1055,1592,"Elosúa León","Elosúa León","LEO",1068,1896,"CAI Zaragoza","CAI Zaragoza","CBZ",1,112,13500,4,11,36.36,38,60,63.33,24,33,72.73,24,13,37,26,8,17,0,3,0,1,19,29,141,0,0,0,1,0,112,107,0,NA,0,0,0,0,0,0,0
1597598,1,"Liga Nacional","Liga Endesa",-402534000,NA,"https://www.acb.com/Documentos/Cabeceras/logo-competicion-1b.png","https://www.acb.com/Documentos/Cabeceras/logo-competicion-4a.png",55,1990,107,NA,NA,1254,7066,NA,NA,FALSE,1058,1052,1496,"Grupo IFA Granollers","IFA Granollers","GRN",1058,1624,"Mayoral Maristas","May. Maristas","MAY",1,76,12000,2,10,20,27,51,52,16,21,76,18,10,28,5,9,10,0,2,0,3,13,19,79,0,0,0,8,0,608,592,0,0,0,0,0,0,0,0,0
1597597,1,"Liga Nacional","Liga Endesa",-402534000,NA,"https://www.acb.com/Documentos/Cabeceras/logo-competicion-1b.png","https://www.acb.com/Documentos/Cabeceras/logo-competicion-4a.png",55,1990,107,NA,NA,1254,7066,NA,NA,TRUE,1052,1052,1496,"Grupo IFA Granollers","IFA Granollers","GRN",1058,1624,"Mayoral Maristas","May. Maristas","MAY",1,74,12000,4,14,28.57,25,39,64.1,12,17,70.59,21,6,27,7,8,16,0,3,0,2,19,13,68,0,0,1,0,0,74,76,0,NA,0,0,0,0,0,0,0
1597627,1,"Liga Nacional","Liga Endesa",-402534000,NA,"https://www.acb.com/Documentos/Cabeceras/logo-competicion-1b.png","https://www.acb.com/Documentos/Cabeceras/logo-competicion-4a.png",55,1990,107,NA,NA,1254,7067,NA,NA,TRUE,1065,1065,1107,"Caja San Fernando","C. San Fernando","CSF",1066,1832,"Fórum Valladolid","Fórum Vall.","FOR",1,93,12000,8,17,47,24,50,48,21,24,87,21,12,33,10,12,5,0,2,0,4,18,21,110,0,0,0,9,0,837,738,0,0,0,0,0,0,0,0,0
1597628,1,"Liga Nacional","Liga Endesa",-402534000,NA,"https://www.acb.com/Documentos/Cabeceras/logo-competicion-1b.png","https://www.acb.com/Documentos/Cabeceras/logo-competicion-4a.png",55,1990,107,NA,NA,1254,7067,NA,NA,FALSE,1066,1065,1107,"Caja San Fernando","C. San Fernando","CSF",1066,1832,"Fórum Valladolid","Fórum Vall.","FOR",1,82,12000,5,14,35,29,49,59,9,14,64,22,7,29,8,3,11,0,4,0,3,21,18,78,0,0,11,0,0,902,1023,0,0,0,0,0,0,0,0,0
1597654,1,"Liga Nacional","Liga Endesa",-402534000,NA,"https://www.acb.com/Documentos/Cabeceras/logo-competicion-1b.png","https://www.acb.com/Documentos/Cabeceras/logo-competicion-4a.png",55,1990,107,NA,NA,1254,7068,NA,NA,TRUE,1051,1051,1453,"Valvi Girona","Valvi Girona","GIR",1049,1391,"Cajacanarias","Cajacanarias","CAN",1,90,12000,5,14,35,31,60,51,13,22,59,29,12,41,19,11,16,0,7,0,3,32,23,96,0,0,0,13,0,1170,949,0,0,0,0,0,0,0,0,0
1597655,1,"Liga Nacional","Liga Endesa",-402534000,NA,"https://www.acb.com/Documentos/Cabeceras/logo-competicion-1b.png","https://www.acb.com/Documentos/Cabeceras/logo-competicion-4a.png",55,1990,107,NA,NA,1254,7068,NA,NA,FALSE,1049,1051,1453,"Valvi Girona","Valvi Girona","GIR",1049,1391,"Cajacanarias","Cajacanarias","CAN",1,73,12000,0,14,0,24,47,51,25,38,65,24,17,41,6,8,23,0,5,0,1,22,32,70,0,0,10,0,0,730,900,0,0,0,0,0,0,0,0,0
1597683,1,"Liga Nacional","Liga Endesa",-402534000,NA,"https://www.acb.com/Documentos/Cabeceras/logo-competicion-1b.png","https://www.acb.com/Documentos/Cabeceras/logo-competicion-4a.png",55,1990,107,NA,NA,1254,7069,NA,NA,TRUE,1050,1050,441,"Estudiantes Caja Postal","Estudiantes CP","EST",1061,1705,"Caixa Ourense","Caixa Ourense","OUR",1,103,12000,8,17,47,35,57,61,9,14,64,27,14,41,21,4,11,0,2,0,6,13,20,131,0,0,0,12,0,1236,1008,0,0,0,0,0,0,0,0,0
1597684,1,"Liga Nacional","Liga Endesa",-402534000,NA,"https://www.acb.com/Documentos/Cabeceras/logo-competicion-1b.png","https://www.acb.com/Documentos/Cabeceras/logo-competicion-4a.png",55,1990,107,NA,NA,1254,7069,NA,NA,FALSE,1061,1050,441,"Estudiantes Caja Postal","Estudiantes CP","EST",1061,1705,"Caixa Ourense","Caixa Ourense","OUR",1,84,12000,6,21,28.57,28,60,46.67,10,10,100,15,17,32,7,6,8,0,1,0,0,20,13,68,0,0,1,0,0,84,103,0,NA,0,0,0,0,0,0,0
1597703,1,"Liga Nacional","Liga Endesa",-402534000,NA,"https://www.acb.com/Documentos/Cabeceras/logo-competicion-1b.png","https://www.acb.com/Documentos/Cabeceras/logo-competicion-4a.png",55,1990,107,NA,NA,1254,7070,NA,NA,TRUE,1068,1068,1896,"CAI Zaragoza","CAI Zaragoza","CBZ",1054,605,"Montigalá Joventut","Mont. Joventut","JOV",1,100,13500,6,11,54.55,34,65,52.31,14,19,73.68,22,13,35,17,8,18,0,6,0,3,23,24,108,0,0,0,1,0,100,89,0,NA,0,0,0,0,0,0,0
1597704,1,"Liga Nacional","Liga Endesa",-402534000,NA,"https://www.acb.com/Documentos/Cabeceras/logo-competicion-1b.png","https://www.acb.com/Documentos/Cabeceras/logo-competicion-4a.png",55,1990,107,NA,NA,1254,7070,NA,NA,FALSE,1054,1068,1896,"CAI Zaragoza","CAI Zaragoza","CBZ",1054,605,"Montigalá Joventut","Mont. Joventut","JOV",1,89,13500,4,16,25,31,54,57.41,15,17,88.24,19,8,27,21,11,16,0,4,0,3,24,23,98,0,0,1,0,0,89,100,0,NA,0,0,0,0,0,0,0
1597730,1,"Liga Nacional","Liga Endesa",-402534000,NA,"https://www.acb.com/Documentos/Cabeceras/logo-competicion-1b.png","https://www.acb.com/Documentos/Cabeceras/logo-competicion-4a.png",55,1990,107,NA,NA,1254,7071,NA,NA,FALSE,1055,1062,1734,"Puleva Granada","Puleva Granada","OXI",1055,1592,"Elosúa León","Elosúa León","LEO",1,96,12000,4,10,40,32,53,60,20,29,68,26,14,40,7,7,12,0,0,0,0,20,23,105,0,0,0,12,0,1152,984,0,0,0,0,0,0,0,0,0
1597729,1,"Liga Nacional","Liga Endesa",-402534000,NA,"https://www.acb.com/Documentos/Cabeceras/logo-competicion-1b.png","https://www.acb.com/Documentos/Cabeceras/logo-competicion-4a.png",55,1990,107,NA,NA,1254,7071,NA,NA,TRUE,1062,1062,1734,"Puleva Granada","Puleva Granada","OXI",1055,1592,"Elosúa León","Elosúa León","LEO",1,82,12000,3,9,33.33,33,62,53.23,7,15,46.67,15,9,24,8,7,9,0,2,0,1,23,20,68,0,0,1,0,0,82,96,0,NA,0,0,0,0,0,0,0
1597754,1,"Liga Nacional","Liga Endesa",-402534000,NA,"https://www.acb.com/Documentos/Cabeceras/logo-competicion-1b.png","https://www.acb.com/Documentos/Cabeceras/logo-competicion-4a.png",55,1990,107,NA,NA,1254,7072,NA,NA,TRUE,1047,1047,1328,"Cajabilbao","Cajabilbao","BIL",1063,939,"Pamesa Valencia","Pamesa Valencia","PAM",1,91,12000,8,16,50,22,41,53.66,23,30,76.67,15,5,20,10,9,17,0,1,0,4,29,25,76,0,0,0,1,0,91,82,0,NA,0,0,0,0,0,0,0
1597755,1,"Liga Nacional","Liga Endesa",-402534000,NA,"https://www.acb.com/Documentos/Cabeceras/logo-competicion-1b.png","https://www.acb.com/Documentos/Cabeceras/logo-competicion-4a.png",55,1990,107,NA,NA,1254,7072,NA,NA,FALSE,1063,1047,1328,"Cajabilbao","Cajabilbao","BIL",1063,939,"Pamesa Valencia","Pamesa Valencia","PAM",1,82,12000,0,8,0,33,47,70,16,28,57,16,5,21,7,13,13,0,5,0,4,26,26,81,0,0,9,0,0,738,819,0,0,0,0,0,0,0,0,0
1597778,1,"Liga Nacional","Liga Endesa",-402534000,NA,"https://www.acb.com/Documentos/Cabeceras/logo-competicion-1b.png","https://www.acb.com/Documentos/Cabeceras/logo-competicion-4a.png",55,1990,107,NA,NA,1254,7073,NA,NA,FALSE,1053,1060,1676,"OAR Ferrol","OAR Ferrol","FER",1053,1546,"Huesca La Magia","Huesca La Magia","HUE",1,66,12000,5,14,35,18,45,40,15,24,62,23,12,35,13,13,18,0,3,0,2,24,20,63,0,0,9,0,0,594,630,0,0,0,0,0,0,0,0,0
1597777,1,"Liga Nacional","Liga Endesa",-402534000,NA,"https://www.acb.com/Documentos/Cabeceras/logo-competicion-1b.png","https://www.acb.com/Documentos/Cabeceras/logo-competicion-4a.png",55,1990,107,NA,NA,1254,7073,NA,NA,TRUE,1060,1060,1676,"OAR Ferrol","OAR Ferrol","FER",1053,1546,"Huesca La Magia","Huesca La Magia","HUE",1,70,12000,3,7,42,21,44,47,19,29,65,26,11,37,9,18,20,0,3,0,2,20,24,84,0,0,0,9,0,560,528,0,0,0,0,0,0,0,0,0
1597825,1,"Liga Nacional","Liga Endesa",-402534000,NA,"https://www.acb.com/Documentos/Cabeceras/logo-competicion-1b.png","https://www.acb.com/Documentos/Cabeceras/logo-competicion-4a.png",55,1990,107,NA,NA,1254,7075,NA,NA,TRUE,1059,1059,897,"Zumos Júver Murcia","Júver Murcia","MUR",1045,79,"FC Barcelona","FC Barcelona","FCB",1,91,12000,5,11,45,30,52,57,16,24,66,26,5,31,15,12,11,0,4,0,0,23,23,106,0,0,0,9,0,819,747,0,0,0,0,0,0,0,0,0
1597826,1,"Liga Nacional","Liga Endesa",-402534000,NA,"https://www.acb.com/Documentos/Cabeceras/logo-competicion-1b.png","https://www.acb.com/Documentos/Cabeceras/logo-competicion-4a.png",55,1990,107,NA,NA,1254,7075,NA,NA,FALSE,1045,1059,897,"Zumos Júver Murcia","Júver Murcia","MUR",1045,79,"FC Barcelona","FC Barcelona","FCB",1,83,12000,7,12,58,20,56,35,22,24,91,19,9,28,8,13,12,0,4,0,0,23,23,81,0,0,9,0,0,747,819,0,0,0,0,0,0,0,0,0
1597846,1,"Liga Nacional","Liga Endesa",-402534000,NA,"https://www.acb.com/Documentos/Cabeceras/logo-competicion-1b.png","https://www.acb.com/Documentos/Cabeceras/logo-competicion-4a.png",55,1990,107,NA,NA,1254,7076,NA,NA,FALSE,1048,1057,849,"TDK Manresa","TDK Manresa","MAN",1048,1343,"Dyc Breogán","Dyc Breogán","BRE",1,71,12000,6,16,37,21,43,48,11,15,73,22,11,33,10,3,15,0,3,0,1,14,18,73,0,0,0,9,0,639,612,0,0,0,0,0,0,0,0,0
1597845,1,"Liga Nacional","Liga Endesa",-402534000,NA,"https://www.acb.com/Documentos/Cabeceras/logo-competicion-1b.png","https://www.acb.com/Documentos/Cabeceras/logo-competicion-4a.png",55,1990,107,NA,NA,1254,7076,NA,NA,TRUE,1057,1057,849,"TDK Manresa","TDK Manresa","MAN",1048,1343,"Dyc Breogán","Dyc Breogán","BRE",1,68,12000,7,16,43.75,22,44,50,3,5,60,19,6,25,15,11,12,0,4,0,4,18,13,73,0,0,1,0,0,68,71,0,NA,0,0,0,0,0,0,0
1597875,1,"Liga Nacional","Liga Endesa",-402534000,NA,"https://www.acb.com/Documentos/Cabeceras/logo-competicion-1b.png","https://www.acb.com/Documentos/Cabeceras/logo-competicion-4a.png",55,1990,107,NA,NA,1254,7077,NA,NA,FALSE,1067,1064,1034,"Caja de Ronda","Caja de Ronda","RON",1067,1873,"Atlético Madrid Villalba","Atlético Madrid","VIL",1,57,12000,3,11,27,19,39,48,10,20,50,13,7,20,6,21,15,0,3,0,2,24,21,51,0,0,12,0,0,684,888,0,0,0,0,0,0,0,0,0
1597874,1,"Liga Nacional","Liga Endesa",-402534000,NA,"https://www.acb.com/Documentos/Cabeceras/logo-competicion-1b.png","https://www.acb.com/Documentos/Cabeceras/logo-competicion-4a.png",55,1990,107,NA,NA,1254,7077,NA,NA,TRUE,1064,1064,1034,"Caja de Ronda","Caja de Ronda","RON",1067,1873,"Atlético Madrid Villalba","Atlético Madrid","VIL",1,74,12000,2,5,40,26,52,50,16,25,64,23,11,34,13,13,15,0,1,0,5,21,23,84,0,0,0,8,0,592,456,0,0,0,0,0,0,0,0,0
1597798,1,"Liga Nacional","Liga Endesa",-402534000,NA,"https://www.acb.com/Documentos/Cabeceras/logo-competicion-1b.png","https://www.acb.com/Documentos/Cabeceras/logo-competicion-4a.png",55,1990,107,NA,NA,1254,7074,NA,NA,TRUE,1046,1046,195,"Taugrés","Taugrés","TAU",1056,2485,"Real Madrid Otaysa","Real Madrid","RMB",1,59,12000,3,6,50,20,51,39.22,10,13,76.92,28,14,42,8,6,13,0,2,0,2,26,14,55,0,0,1,0,0,59,60,0,NA,0,0,0,0,0,0,0
1597799,1,"Liga Nacional","Liga Endesa",-402534000,NA,"https://www.acb.com/Documentos/Cabeceras/logo-competicion-1b.png","https://www.acb.com/Documentos/Cabeceras/logo-competicion-4a.png",55,1990,107,NA,NA,1254,7074,NA,NA,FALSE,1056,1046,195,"Taugrés","Taugrés","TAU",1056,2485,"Real Madrid Otaysa","Real Madrid","RMB",1,60,12000,4,13,30,17,49,34,14,22,63,23,16,39,8,7,9,0,4,0,3,15,25,70,0,0,0,9,0,540,531,0,0,0,0,0,0,0,0,0
1598099,1,"Liga Nacional","Liga Endesa",-402534000,NA,"https://www.acb.com/Documentos/Cabeceras/logo-competicion-1b.png","https://www.acb.com/Documentos/Cabeceras/logo-competicion-4a.png",55,1990,110,NA,NA,1255,7086,NA,NA,TRUE,1059,1059,897,"Zumos Júver Murcia","Júver Murcia","MUR",1062,1734,"Puleva Granada","Puleva Granada","OXI",1,85,12000,4,19,21,25,48,52,23,31,74,11,17,28,13,15,14,0,0,0,2,21,26,86,0,0,0,10,0,850,800,0,0,0,0,0,0,0,0,0
1598100,1,"Liga Nacional","Liga Endesa",-402534000,NA,"https://www.acb.com/Documentos/Cabeceras/logo-competicion-1b.png","https://www.acb.com/Documentos/Cabeceras/logo-competicion-4a.png",55,1990,110,NA,NA,1255,7086,NA,NA,FALSE,1062,1059,897,"Zumos Júver Murcia","Júver Murcia","MUR",1062,1734,"Puleva Granada","Puleva Granada","OXI",1,80,12000,2,10,20,28,39,71.79,18,22,81.82,18,4,22,7,13,15,0,0,0,0,28,21,77,0,0,1,0,0,80,85,0,NA,0,0,0,0,0,0,0
1598143,1,"Liga Nacional","Liga Endesa",-402534000,NA,"https://www.acb.com/Documentos/Cabeceras/logo-competicion-1b.png","https://www.acb.com/Documentos/Cabeceras/logo-competicion-4a.png",55,1990,110,NA,NA,1255,7088,NA,NA,TRUE,1052,1052,1496,"Grupo IFA Granollers","IFA Granollers","GRN",1060,1676,"OAR Ferrol","OAR Ferrol","FER",1,63,12000,2,8,25,23,49,46.94,11,18,61.11,29,9,38,8,6,16,0,2,0,1,19,17,60,0,0,1,0,0,63,64,0,NA,0,0,0,0,0,0,0
1598144,1,"Liga Nacional","Liga Endesa",-402534000,NA,"https://www.acb.com/Documentos/Cabeceras/logo-competicion-1b.png","https://www.acb.com/Documentos/Cabeceras/logo-competicion-4a.png",55,1990,110,NA,NA,1255,7088,NA,NA,FALSE,1060,1052,1496,"Grupo IFA Granollers","IFA Granollers","GRN",1060,1676,"OAR Ferrol","OAR Ferrol","FER",1,64,12000,3,12,25,22,52,42,11,19,57,20,15,35,3,12,12,0,2,0,5,17,19,59,0,0,0,10,0,576,567,0,0,0,0,0,0,0,0,0
1598167,1,"Liga Nacional","Liga Endesa",-402534000,NA,"https://www.acb.com/Documentos/Cabeceras/logo-competicion-1b.png","https://www.acb.com/Documentos/Cabeceras/logo-competicion-4a.png",55,1990,110,NA,NA,1255,7089,NA,NA,FALSE,1047,1055,1592,"Elosúa León","Elosúa León","LEO",1047,1328,"Cajabilbao","Cajabilbao","BIL",1,86,12000,5,10,50,27,56,48.21,17,25,68,24,6,30,11,5,9,0,2,0,2,22,23,84,0,0,1,0,0,86,106,0,NA,0,0,0,0,0,0,0
1598166,1,"Liga Nacional","Liga Endesa",-402534000,NA,"https://www.acb.com/Documentos/Cabeceras/logo-competicion-1b.png","https://www.acb.com/Documentos/Cabeceras/logo-competicion-4a.png",55,1990,110,NA,NA,1255,7089,NA,NA,TRUE,1055,1055,1592,"Elosúa León","Elosúa León","LEO",1047,1328,"Cajabilbao","Cajabilbao","BIL",1,106,12000,7,15,46,36,66,54,13,21,61,31,17,48,8,10,6,0,0,0,1,23,22,119,0,0,0,9,0,954,774,0,0,0,0,0,0,0,0,0
1597948,1,"Liga Nacional","Liga Endesa",-402534000,NA,"https://www.acb.com/Documentos/Cabeceras/logo-competicion-1b.png","https://www.acb.com/Documentos/Cabeceras/logo-competicion-4a.png",55,1990,111,NA,NA,1255,7080,NA,NA,FALSE,1064,1056,2485,"Real Madrid Otaysa","Real Madrid","RMB",1064,1034,"Caja de Ronda","Caja de Ronda","RON",1,83,13500,5,17,29,30,62,48,8,11,72,23,12,35,12,10,13,0,0,0,4,16,17,81,0,0,9,0,0,747,855,0,0,0,0,0,0,0,0,0
1597947,1,"Liga Nacional","Liga Endesa",-402534000,NA,"https://www.acb.com/Documentos/Cabeceras/logo-competicion-1b.png","https://www.acb.com/Documentos/Cabeceras/logo-competicion-4a.png",55,1990,111,NA,NA,1255,7080,NA,NA,TRUE,1056,1056,2485,"Real Madrid Otaysa","Real Madrid","RMB",1064,1034,"Caja de Ronda","Caja de Ronda","RON",1,95,13500,10,19,52,27,51,52,11,18,61,28,12,40,24,8,18,0,11,0,5,17,16,119,0,0,0,10,0,950,830,0,0,0,0,0,0,0,0,0
1598123,1,"Liga Nacional","Liga Endesa",-402534000,NA,"https://www.acb.com/Documentos/Cabeceras/logo-competicion-1b.png","https://www.acb.com/Documentos/Cabeceras/logo-competicion-4a.png",55,1990,110,NA,NA,1255,7087,NA,NA,FALSE,1049,1057,849,"TDK Manresa","TDK Manresa","MAN",1049,1391,"Cajacanarias","Cajacanarias","CAN",1,74,12000,10,21,47,17,44,38,10,17,58,21,12,33,5,6,11,0,5,0,0,20,18,65,0,0,9,0,0,666,702,0,0,0,0,0,0,0,0,0
1598122,1,"Liga Nacional","Liga Endesa",-402534000,NA,"https://www.acb.com/Documentos/Cabeceras/logo-competicion-1b.png","https://www.acb.com/Documentos/Cabeceras/logo-competicion-4a.png",55,1990,110,NA,NA,1255,7087,NA,NA,TRUE,1057,1057,849,"TDK Manresa","TDK Manresa","MAN",1049,1391,"Cajacanarias","Cajacanarias","CAN",1,78,12000,7,15,46.67,22,45,48.89,13,19,68.42,26,10,36,9,3,10,0,5,0,2,18,20,86,0,0,0,1,0,78,74,0,NA,0,0,0,0,0,0,0
1598030,1,"Liga Nacional","Liga Endesa",-402534000,NA,"https://www.acb.com/Documentos/Cabeceras/logo-competicion-1b.png","https://www.acb.com/Documentos/Cabeceras/logo-competicion-4a.png",55,1990,111,NA,NA,1255,7083,NA,NA,TRUE,1066,1066,1832,"Fórum Valladolid","Fórum Vall.","FOR",1058,1624,"Mayoral Maristas","May. Maristas","MAY",1,88,12000,2,6,33,33,55,60,16,30,53,30,7,37,18,4,21,0,4,0,3,31,24,83,0,0,0,13,0,1144,949,0,0,0,0,0,0,0,0,0
1598031,1,"Liga Nacional","Liga Endesa",-402534000,NA,"https://www.acb.com/Documentos/Cabeceras/logo-competicion-1b.png","https://www.acb.com/Documentos/Cabeceras/logo-competicion-4a.png",55,1990,111,NA,NA,1255,7083,NA,NA,FALSE,1058,1066,1832,"Fórum Valladolid","Fórum Vall.","FOR",1058,1624,"Mayoral Maristas","May. Maristas","MAY",1,73,12000,0,11,0,22,61,36.07,29,40,72.5,18,10,28,8,9,12,0,0,0,2,24,30,51,0,0,1,0,0,73,88,0,NA,0,0,0,0,0,0,0
1597896,1,"Liga Nacional","Liga Endesa",-402534000,NA,"https://www.acb.com/Documentos/Cabeceras/logo-competicion-1b.png","https://www.acb.com/Documentos/Cabeceras/logo-competicion-4a.png",55,1990,111,NA,NA,1255,7078,NA,NA,FALSE,1048,1054,605,"Montigalá Joventut","Mont. Joventut","JOV",1048,1343,"Dyc Breogán","Dyc Breogán","BRE",1,66,12000,1,6,16,29,59,49,5,8,62,18,4,22,7,9,15,0,2,0,3,16,9,46,0,0,10,0,0,660,830,0,0,0,0,0,0,0,0,0
1597895,1,"Liga Nacional","Liga Endesa",-402534000,NA,"https://www.acb.com/Documentos/Cabeceras/logo-competicion-1b.png","https://www.acb.com/Documentos/Cabeceras/logo-competicion-4a.png",55,1990,111,NA,NA,1255,7078,NA,NA,TRUE,1054,1054,605,"Montigalá Joventut","Mont. Joventut","JOV",1048,1343,"Dyc Breogán","Dyc Breogán","BRE",1,83,12000,1,13,7.69,33,64,51.56,14,16,87.5,30,21,51,12,10,16,0,3,0,0,9,16,105,0,0,0,1,0,83,66,0,NA,0,0,0,0,0,0,0
1597922,1,"Liga Nacional","Liga Endesa",-402534000,NA,"https://www.acb.com/Documentos/Cabeceras/logo-competicion-1b.png","https://www.acb.com/Documentos/Cabeceras/logo-competicion-4a.png",55,1990,111,NA,NA,1255,7079,NA,NA,TRUE,1067,1067,1873,"Atlético Madrid Villalba","Atlético Madrid","VIL",1051,1453,"Valvi Girona","Valvi Girona","GIR",1,78,12000,4,11,36,22,47,46,22,32,68,20,15,35,8,10,14,0,5,0,2,20,27,87,0,0,0,10,0,780,690,0,0,0,0,0,0,0,0,0
1597923,1,"Liga Nacional","Liga Endesa",-402534000,NA,"https://www.acb.com/Documentos/Cabeceras/logo-competicion-1b.png","https://www.acb.com/Documentos/Cabeceras/logo-competicion-4a.png",55,1990,111,NA,NA,1255,7079,NA,NA,FALSE,1051,1067,1873,"Atlético Madrid Villalba","Atlético Madrid","VIL",1051,1453,"Valvi Girona","Valvi Girona","GIR",1,69,12000,5,11,45,19,46,41,16,18,88,18,9,27,5,7,12,0,0,0,1,28,20,53,0,0,10,0,0,690,780,0,0,0,0,0,0,0,0,0
1597972,1,"Liga Nacional","Liga Endesa",-402534000,NA,"https://www.acb.com/Documentos/Cabeceras/logo-competicion-1b.png","https://www.acb.com/Documentos/Cabeceras/logo-competicion-4a.png",55,1990,111,NA,NA,1255,7081,NA,NA,FALSE,1063,1046,195,"Taugrés","Taugrés","TAU",1063,939,"Pamesa Valencia","Pamesa Valencia","PAM",1,58,12000,4,16,25,17,45,37,12,16,75,19,11,30,9,10,10,0,3,0,1,26,20,50,0,0,9,0,0,522,594,0,0,0,0,0,0,0,0,0
1597971,1,"Liga Nacional","Liga Endesa",-402534000,NA,"https://www.acb.com/Documentos/Cabeceras/logo-competicion-1b.png","https://www.acb.com/Documentos/Cabeceras/logo-competicion-4a.png",55,1990,111,NA,NA,1255,7081,NA,NA,TRUE,1046,1046,195,"Taugrés","Taugrés","TAU",1063,939,"Pamesa Valencia","Pamesa Valencia","PAM",1,66,12000,3,10,30,17,41,41.46,23,32,71.88,24,12,36,8,7,12,0,1,0,0,20,26,72,0,0,0,1,0,66,58,0,NA,0,0,0,0,0,0,0
1598075,1,"Liga Nacional","Liga Endesa",-402534000,NA,"https://www.acb.com/Documentos/Cabeceras/logo-competicion-1b.png","https://www.acb.com/Documentos/Cabeceras/logo-competicion-4a.png",55,1990,111,NA,NA,1255,7085,NA,NA,FALSE,1053,1068,1896,"CAI Zaragoza","CAI Zaragoza","CBZ",1053,1546,"Huesca La Magia","Huesca La Magia","HUE",1,68,12000,2,4,50,24,57,42,14,27,51,22,10,32,6,6,12,0,3,0,5,18,24,61,0,0,9,0,0,612,729,0,0,0,0,0,0,0,0,0
1598074,1,"Liga Nacional","Liga Endesa",-402534000,NA,"https://www.acb.com/Documentos/Cabeceras/logo-competicion-1b.png","https://www.acb.com/Documentos/Cabeceras/logo-competicion-4a.png",55,1990,111,NA,NA,1255,7085,NA,NA,TRUE,1068,1068,1896,"CAI Zaragoza","CAI Zaragoza","CBZ",1053,1546,"Huesca La Magia","Huesca La Magia","HUE",1,81,12000,4,13,30.77,27,45,60,15,21,71.43,30,5,35,16,6,14,0,1,0,1,24,18,86,0,0,0,1,0,81,68,0,NA,0,0,0,0,0,0,0
1598001,1,"Liga Nacional","Liga Endesa",-402534000,NA,"https://www.acb.com/Documentos/Cabeceras/logo-competicion-1b.png","https://www.acb.com/Documentos/Cabeceras/logo-competicion-4a.png",55,1990,111,NA,NA,1255,7082,NA,NA,FALSE,1065,1045,79,"FC Barcelona","FC Barcelona","FCB",1065,1107,"Caja San Fernando","C. San Fernando","CSF",1,79,12000,5,16,31,25,47,53,14,18,77,14,10,24,13,8,15,0,1,0,1,22,22,73,0,0,9,0,0,711,864,0,0,0,0,0,0,0,0,0
1598000,1,"Liga Nacional","Liga Endesa",-402534000,NA,"https://www.acb.com/Documentos/Cabeceras/logo-competicion-1b.png","https://www.acb.com/Documentos/Cabeceras/logo-competicion-4a.png",55,1990,111,NA,NA,1255,7082,NA,NA,TRUE,1045,1045,79,"FC Barcelona","FC Barcelona","FCB",1065,1107,"Caja San Fernando","C. San Fernando","CSF",1,96,12000,2,8,25,35,58,60,20,24,83,23,13,36,14,7,13,0,3,0,1,22,22,110,0,0,0,10,0,960,790,0,0,0,0,0,0,0,0,0
1598050,1,"Liga Nacional","Liga Endesa",-402534000,NA,"https://www.acb.com/Documentos/Cabeceras/logo-competicion-1b.png","https://www.acb.com/Documentos/Cabeceras/logo-competicion-4a.png",55,1990,111,NA,NA,1255,7084,NA,NA,TRUE,1050,1050,441,"Estudiantes Caja Postal","Estudiantes CP","EST",1061,1705,"Caixa Ourense","Caixa Ourense","OUR",1,91,12000,9,27,33,23,39,58,18,24,75,22,9,31,16,5,7,0,2,0,2,18,25,105,0,0,0,8,0,728,608,0,0,0,0,0,0,0,0,0
1598051,1,"Liga Nacional","Liga Endesa",-402534000,NA,"https://www.acb.com/Documentos/Cabeceras/logo-competicion-1b.png","https://www.acb.com/Documentos/Cabeceras/logo-competicion-4a.png",55,1990,111,NA,NA,1255,7084,NA,NA,FALSE,1061,1050,441,"Estudiantes Caja Postal","Estudiantes CP","EST",1061,1705,"Caixa Ourense","Caixa Ourense","OUR",1,76,12000,7,16,43,22,44,50,11,16,68,27,3,30,8,5,16,0,2,0,0,25,18,62,0,0,10,0,0,760,910,0,0,0,0,0,0,0,0,0
1598246,1,"Liga Nacional","Liga Endesa",-402534000,NA,"https://www.acb.com/Documentos/Cabeceras/logo-competicion-1b.png","https://www.acb.com/Documentos/Cabeceras/logo-competicion-4a.png",55,1990,111,NA,NA,1256,7092,NA,NA,FALSE,1056,1064,1034,"Caja de Ronda","Caja de Ronda","RON",1056,2485,"Real Madrid Otaysa","Real Madrid","RMB",1,96,12000,6,7,85,32,52,61,14,19,73,25,5,30,14,25,19,0,12,0,5,22,17,127,0,0,0,10,0,960,660,0,0,0,0,0,0,0,0,0
1598245,1,"Liga Nacional","Liga Endesa",-402534000,NA,"https://www.acb.com/Documentos/Cabeceras/logo-competicion-1b.png","https://www.acb.com/Documentos/Cabeceras/logo-competicion-4a.png",55,1990,111,NA,NA,1256,7092,NA,NA,TRUE,1064,1064,1034,"Caja de Ronda","Caja de Ronda","RON",1056,2485,"Real Madrid Otaysa","Real Madrid","RMB",1,66,12000,2,7,28,23,59,38,14,26,53,16,11,27,13,21,13,0,2,0,4,17,21,67,0,0,12,0,0,792,1152,0,0,0,0,0,0,0,0,0
1598218,1,"Liga Nacional","Liga Endesa",-402534000,NA,"https://www.acb.com/Documentos/Cabeceras/logo-competicion-1b.png","https://www.acb.com/Documentos/Cabeceras/logo-competicion-4a.png",55,1990,111,NA,NA,1256,7091,NA,NA,FALSE,1067,1051,1453,"Valvi Girona","Valvi Girona","GIR",1067,1873,"Atlético Madrid Villalba","Atlético Madrid","VIL",1,83,12000,4,9,44,28,47,59,15,23,65,25,9,34,18,3,12,0,2,0,0,24,29,101,0,0,0,10,0,830,720,0,0,0,0,0,0,0,0,0
1598217,1,"Liga Nacional","Liga Endesa",-402534000,NA,"https://www.acb.com/Documentos/Cabeceras/logo-competicion-1b.png","https://www.acb.com/Documentos/Cabeceras/logo-competicion-4a.png",55,1990,111,NA,NA,1256,7091,NA,NA,TRUE,1051,1051,1453,"Valvi Girona","Valvi Girona","GIR",1067,1873,"Atlético Madrid Villalba","Atlético Madrid","VIL",1,72,12000,4,11,36,25,52,48,10,16,62,21,11,32,11,8,9,0,2,0,1,29,24,71,0,0,10,0,0,720,830,0,0,0,0,0,0,0,0,0
1598269,1,"Liga Nacional","Liga Endesa",-402534000,NA,"https://www.acb.com/Documentos/Cabeceras/logo-competicion-1b.png","https://www.acb.com/Documentos/Cabeceras/logo-competicion-4a.png",55,1990,111,NA,NA,1256,7093,NA,NA,TRUE,1063,1063,939,"Pamesa Valencia","Pamesa Valencia","PAM",1046,195,"Taugrés","Taugrés","TAU",1,74,12000,7,16,43,19,42,45,15,18,83,21,6,27,19,6,13,0,1,0,0,27,19,71,0,0,9,0,0,666,693,0,0,0,0,0,0,0,0,0
1598270,1,"Liga Nacional","Liga Endesa",-402534000,NA,"https://www.acb.com/Documentos/Cabeceras/logo-competicion-1b.png","https://www.acb.com/Documentos/Cabeceras/logo-competicion-4a.png",55,1990,111,NA,NA,1256,7093,NA,NA,FALSE,1046,1063,939,"Pamesa Valencia","Pamesa Valencia","PAM",1046,195,"Taugrés","Taugrés","TAU",1,77,12000,2,5,40,25,42,59.52,21,30,70,22,3,25,16,10,14,0,1,0,2,19,27,94,0,0,0,1,0,77,74,0,NA,0,0,0,0,0,0,0
1598372,1,"Liga Nacional","Liga Endesa",-402534000,NA,"https://www.acb.com/Documentos/Cabeceras/logo-competicion-1b.png","https://www.acb.com/Documentos/Cabeceras/logo-competicion-4a.png",55,1990,111,NA,NA,1256,7097,NA,NA,TRUE,1053,1053,1546,"Huesca La Magia","Huesca La Magia","HUE",1068,1896,"CAI Zaragoza","CAI Zaragoza","CBZ",1,91,13500,4,11,36,34,63,53,11,18,61,22,10,32,10,8,11,0,5,0,3,26,27,93,0,0,10,0,0,910,920,0,0,0,0,0,0,0,0,0
1598373,1,"Liga Nacional","Liga Endesa",-402534000,NA,"https://www.acb.com/Documentos/Cabeceras/logo-competicion-1b.png","https://www.acb.com/Documentos/Cabeceras/logo-competicion-4a.png",55,1990,111,NA,NA,1256,7097,NA,NA,FALSE,1068,1053,1546,"Huesca La Magia","Huesca La Magia","HUE",1068,1896,"CAI Zaragoza","CAI Zaragoza","CBZ",1,92,13500,6,13,46.15,30,53,56.6,14,24,58.33,23,12,35,15,5,16,0,1,0,1,27,26,91,0,0,0,1,0,92,91,0,NA,0,0,0,0,0,0,0
1598418,1,"Liga Nacional","Liga Endesa",-402534000,NA,"https://www.acb.com/Documentos/Cabeceras/logo-competicion-1b.png","https://www.acb.com/Documentos/Cabeceras/logo-competicion-4a.png",55,1990,110,NA,NA,1256,7099,NA,NA,TRUE,1057,1057,849,"TDK Manresa","TDK Manresa","MAN",1049,1391,"Cajacanarias","Cajacanarias","CAN",1,85,12000,4,13,30.77,27,42,64.29,19,26,73.08,21,9,30,12,8,9,0,2,0,0,17,27,107,0,0,0,1,0,85,79,0,NA,0,0,0,0,0,0,0
1598419,1,"Liga Nacional","Liga Endesa",-402534000,NA,"https://www.acb.com/Documentos/Cabeceras/logo-competicion-1b.png","https://www.acb.com/Documentos/Cabeceras/logo-competicion-4a.png",55,1990,110,NA,NA,1256,7099,NA,NA,FALSE,1049,1057,849,"TDK Manresa","TDK Manresa","MAN",1049,1391,"Cajacanarias","Cajacanarias","CAN",1,79,12000,8,17,47,24,52,46,7,12,58,18,12,30,4,6,12,0,0,0,1,27,17,55,0,0,9,0,0,711,765,0,0,0,0,0,0,0,0,0
1598440,1,"Liga Nacional","Liga Endesa",-402534000,NA,"https://www.acb.com/Documentos/Cabeceras/logo-competicion-1b.png","https://www.acb.com/Documentos/Cabeceras/logo-competicion-4a.png",55,1990,110,NA,NA,1256,7100,NA,NA,FALSE,1060,1052,1496,"Grupo IFA Granollers","IFA Granollers","GRN",1060,1676,"OAR Ferrol","OAR Ferrol","FER",1,70,12000,6,17,35,22,47,46,8,11,72,22,9,31,4,3,11,0,4,0,0,15,15,62,0,0,10,0,0,630,747,0,0,0,0,0,0,0,0,0
1598439,1,"Liga Nacional","Liga Endesa",-402534000,NA,"https://www.acb.com/Documentos/Cabeceras/logo-competicion-1b.png","https://www.acb.com/Documentos/Cabeceras/logo-competicion-4a.png",55,1990,110,NA,NA,1256,7100,NA,NA,TRUE,1052,1052,1496,"Grupo IFA Granollers","IFA Granollers","GRN",1060,1676,"OAR Ferrol","OAR Ferrol","FER",1,83,12000,3,9,33.33,33,65,50.77,8,10,80,25,15,40,23,7,8,0,2,0,2,15,15,107,0,0,0,1,0,83,70,0,NA,0,0,0,0,0,0,0
1598463,1,"Liga Nacional","Liga Endesa",-402534000,NA,"https://www.acb.com/Documentos/Cabeceras/logo-competicion-1b.png","https://www.acb.com/Documentos/Cabeceras/logo-competicion-4a.png",55,1990,110,NA,NA,1256,7101,NA,NA,TRUE,1055,1055,1592,"Elosúa León","Elosúa León","LEO",1047,1328,"Cajabilbao","Cajabilbao","BIL",1,95,13500,5,12,41,30,55,54,20,34,58,23,12,35,12,13,12,0,3,0,0,26,22,96,0,0,9,0,0,855,873,0,0,0,0,0,0,0,0,0
1598464,1,"Liga Nacional","Liga Endesa",-402534000,NA,"https://www.acb.com/Documentos/Cabeceras/logo-competicion-1b.png","https://www.acb.com/Documentos/Cabeceras/logo-competicion-4a.png",55,1990,110,NA,NA,1256,7101,NA,NA,FALSE,1047,1055,1592,"Elosúa León","Elosúa León","LEO",1047,1328,"Cajabilbao","Cajabilbao","BIL",1,97,13500,8,14,57.14,25,52,48.08,23,32,71.88,26,13,39,11,11,13,0,3,0,2,24,26,108,0,0,0,1,0,97,95,0,NA,0,0,0,0,0,0,0
1598188,1,"Liga Nacional","Liga Endesa",-402534000,NA,"https://www.acb.com/Documentos/Cabeceras/logo-competicion-1b.png","https://www.acb.com/Documentos/Cabeceras/logo-competicion-4a.png",55,1990,111,NA,NA,1256,7090,NA,NA,TRUE,1048,1048,1343,"Dyc Breogán","Dyc Breogán","BRE",1054,605,"Montigalá Joventut","Mont. Joventut","JOV",1,75,12000,2,7,28,27,57,47,15,21,71,16,11,27,8,9,17,0,2,0,2,20,21,64,0,0,10,0,0,750,1030,0,0,0,0,0,0,0,0,0
1598189,1,"Liga Nacional","Liga Endesa",-402534000,NA,"https://www.acb.com/Documentos/Cabeceras/logo-competicion-1b.png","https://www.acb.com/Documentos/Cabeceras/logo-competicion-4a.png",55,1990,111,NA,NA,1256,7090,NA,NA,FALSE,1054,1048,1343,"Dyc Breogán","Dyc Breogán","BRE",1054,605,"Montigalá Joventut","Mont. Joventut","JOV",1,103,12000,4,6,66.67,35,54,64.81,21,25,84,27,5,32,11,14,14,0,5,0,4,22,20,124,0,0,0,1,0,103,75,0,NA,0,0,0,0,0,0,0
1598349,1,"Liga Nacional","Liga Endesa",-402534000,NA,"https://www.acb.com/Documentos/Cabeceras/logo-competicion-1b.png","https://www.acb.com/Documentos/Cabeceras/logo-competicion-4a.png",55,1990,111,NA,NA,1256,7096,NA,NA,FALSE,1050,1061,1705,"Caixa Ourense","Caixa Ourense","OUR",1050,441,"Estudiantes Caja Postal","Estudiantes CP","EST",1,82,12000,9,14,64,23,41,56,9,13,69,28,6,34,20,9,16,0,3,0,4,13,18,110,0,0,0,8,0,656,632,0,0,0,0,0,0,0,0,0
1598348,1,"Liga Nacional","Liga Endesa",-402534000,NA,"https://www.acb.com/Documentos/Cabeceras/logo-competicion-1b.png","https://www.acb.com/Documentos/Cabeceras/logo-competicion-4a.png",55,1990,111,NA,NA,1256,7096,NA,NA,TRUE,1061,1061,1705,"Caixa Ourense","Caixa Ourense","OUR",1050,441,"Estudiantes Caja Postal","Estudiantes CP","EST",1,79,12000,9,20,45,21,50,42,10,16,62.5,20,16,36,18,16,9,0,1,0,3,19,13,89,0,0,1,0,0,79,82,0,NA,0,0,0,0,0,0,0
1598297,1,"Liga Nacional","Liga Endesa",-402534000,NA,"https://www.acb.com/Documentos/Cabeceras/logo-competicion-1b.png","https://www.acb.com/Documentos/Cabeceras/logo-competicion-4a.png",55,1990,111,NA,NA,1256,7094,NA,NA,TRUE,1065,1065,1107,"Caja San Fernando","C. San Fernando","CSF",1045,79,"FC Barcelona","FC Barcelona","FCB",1,76,12000,9,18,50,19,40,47,11,16,68,19,5,24,11,6,11,0,4,0,1,20,18,73,0,0,10,0,0,760,860,0,0,0,0,0,0,0,0,0
1598298,1,"Liga Nacional","Liga Endesa",-402534000,NA,"https://www.acb.com/Documentos/Cabeceras/logo-competicion-1b.png","https://www.acb.com/Documentos/Cabeceras/logo-competicion-4a.png",55,1990,111,NA,NA,1256,7094,NA,NA,FALSE,1045,1065,1107,"Caja San Fernando","C. San Fernando","CSF",1045,79,"FC Barcelona","FC Barcelona","FCB",1,86,12000,6,14,42,26,47,55,16,17,94,25,7,32,13,4,11,0,0,0,2,18,20,96,0,0,0,7,0,602,532,0,0,0,0,0,0,0,0,0
1598323,1,"Liga Nacional","Liga Endesa",-402534000,NA,"https://www.acb.com/Documentos/Cabeceras/logo-competicion-1b.png","https://www.acb.com/Documentos/Cabeceras/logo-competicion-4a.png",55,1990,111,NA,NA,1256,7095,NA,NA,TRUE,1058,1058,1624,"Mayoral Maristas","May. Maristas","MAY",1066,1832,"Fórum Valladolid","Fórum Vall.","FOR",1,55,12000,4,17,23.53,18,48,37.5,7,12,58.33,13,11,24,10,7,12,0,1,0,2,20,16,33,0,0,1,0,0,55,78,0,NA,0,0,0,0,0,0,0
1598324,1,"Liga Nacional","Liga Endesa",-402534000,NA,"https://www.acb.com/Documentos/Cabeceras/logo-competicion-1b.png","https://www.acb.com/Documentos/Cabeceras/logo-competicion-4a.png",55,1990,111,NA,NA,1256,7095,NA,NA,FALSE,1066,1058,1624,"Mayoral Maristas","May. Maristas","MAY",1066,1832,"Fórum Valladolid","Fórum Vall.","FOR",1,78,12000,4,10,40,26,40,65,14,16,87,23,3,26,12,4,11,0,0,0,1,16,18,89,0,0,0,11,0,858,605,0,0,0,0,0,0,0,0,0
1598397,1,"Liga Nacional","Liga Endesa",-402534000,NA,"https://www.acb.com/Documentos/Cabeceras/logo-competicion-1b.png","https://www.acb.com/Documentos/Cabeceras/logo-competicion-4a.png",55,1990,110,NA,NA,1256,7098,NA,NA,TRUE,1059,1059,897,"Zumos Júver Murcia","Júver Murcia","MUR",1062,1734,"Puleva Granada","Puleva Granada","OXI",1,93,12000,6,13,46,31,52,59,13,19,68,25,8,33,27,11,12,0,2,0,1,22,21,119,0,0,0,10,0,930,720,0,0,0,0,0,0,0,0,0
1598398,1,"Liga Nacional","Liga Endesa",-402534000,NA,"https://www.acb.com/Documentos/Cabeceras/logo-competicion-1b.png","https://www.acb.com/Documentos/Cabeceras/logo-competicion-4a.png",55,1990,110,NA,NA,1256,7098,NA,NA,FALSE,1062,1059,897,"Zumos Júver Murcia","Júver Murcia","MUR",1062,1734,"Puleva Granada","Puleva Granada","OXI",1,72,12000,4,12,33.33,23,48,47.92,14,21,66.67,20,3,23,9,12,10,0,1,0,0,21,22,68,0,0,1,0,0,72,93,0,NA,0,0,0,0,0,0,0
1598511,1,"Liga Nacional","Liga Endesa",-402534000,NA,"https://www.acb.com/Documentos/Cabeceras/logo-competicion-1b.png","https://www.acb.com/Documentos/Cabeceras/logo-competicion-4a.png",55,1990,110,NA,NA,1257,7103,NA,NA,TRUE,1049,1049,1391,"Cajacanarias","Cajacanarias","CAN",1057,849,"TDK Manresa","TDK Manresa","MAN",1,99,12000,11,20,55,24,45,53,18,23,78,16,11,27,11,15,14,0,1,0,3,27,0,77,0,0,0,10,0,990,89,0,0,0,0,0,0,0,0,0
1598512,1,"Liga Nacional","Liga Endesa",-402534000,NA,"https://www.acb.com/Documentos/Cabeceras/logo-competicion-1b.png","https://www.acb.com/Documentos/Cabeceras/logo-competicion-4a.png",55,1990,110,NA,NA,1257,7103,NA,NA,FALSE,1057,1049,1391,"Cajacanarias","Cajacanarias","CAN",1057,849,"TDK Manresa","TDK Manresa","MAN",1,89,12000,4,11,36.36,29,50,58,19,30,63.33,16,7,23,12,22,21,0,2,0,6,22,1,67,0,0,1,0,0,89,99,0,NA,0,0,0,0,0,0,0
1598488,1,"Liga Nacional","Liga Endesa",-402534000,NA,"https://www.acb.com/Documentos/Cabeceras/logo-competicion-1b.png","https://www.acb.com/Documentos/Cabeceras/logo-competicion-4a.png",55,1990,110,NA,NA,1257,7102,NA,NA,FALSE,1059,1062,1734,"Puleva Granada","Puleva Granada","OXI",1059,897,"Zumos Júver Murcia","Júver Murcia","MUR",1,82,12000,5,15,33,25,42,59,17,23,73,32,3,35,5,1,11,0,0,0,0,17,25,87,0,0,0,9,0,738,684,0,0,0,0,0,0,0,0,0
1598487,1,"Liga Nacional","Liga Endesa",-402534000,NA,"https://www.acb.com/Documentos/Cabeceras/logo-competicion-1b.png","https://www.acb.com/Documentos/Cabeceras/logo-competicion-4a.png",55,1990,110,NA,NA,1257,7102,NA,NA,TRUE,1062,1062,1734,"Puleva Granada","Puleva Granada","OXI",1059,897,"Zumos Júver Murcia","Júver Murcia","MUR",1,76,12000,6,12,50,23,54,42.59,12,17,70.59,24,7,31,5,7,4,0,0,0,0,27,17,63,0,0,1,0,0,76,82,0,NA,0,0,0,0,0,0,0
1598533,1,"Liga Nacional","Liga Endesa",-402534000,NA,"https://www.acb.com/Documentos/Cabeceras/logo-competicion-1b.png","https://www.acb.com/Documentos/Cabeceras/logo-competicion-4a.png",55,1990,110,NA,NA,1257,7104,NA,NA,TRUE,1060,1060,1676,"OAR Ferrol","OAR Ferrol","FER",1052,1496,"Grupo IFA Granollers","IFA Granollers","GRN",1,66,12000,3,12,25,22,46,47,13,20,65,22,6,28,19,18,11,0,2,0,2,24,20,78,0,0,11,0,0,660,710,0,0,0,0,0,0,0,0,0
1598534,1,"Liga Nacional","Liga Endesa",-402534000,NA,"https://www.acb.com/Documentos/Cabeceras/logo-competicion-1b.png","https://www.acb.com/Documentos/Cabeceras/logo-competicion-4a.png",55,1990,110,NA,NA,1257,7104,NA,NA,FALSE,1052,1060,1676,"OAR Ferrol","OAR Ferrol","FER",1052,1496,"Grupo IFA Granollers","IFA Granollers","GRN",1,71,12000,4,6,66.67,20,47,42.55,19,29,65.52,29,7,36,19,11,18,0,0,0,1,20,25,85,0,0,0,1,0,71,66,0,NA,0,0,0,0,0,0,0
1598557,1,"Liga Nacional","Liga Endesa",-402534000,NA,"https://www.acb.com/Documentos/Cabeceras/logo-competicion-1b.png","https://www.acb.com/Documentos/Cabeceras/logo-competicion-4a.png",55,1990,110,NA,NA,1257,7105,NA,NA,FALSE,1055,1047,1328,"Cajabilbao","Cajabilbao","BIL",1055,1592,"Elosúa León","Elosúa León","LEO",1,92,12000,2,9,22,34,56,60,18,27,66,18,17,35,5,4,7,0,1,0,1,21,26,97,0,0,0,9,0,828,801,0,0,0,0,0,0,0,0,0
1598556,1,"Liga Nacional","Liga Endesa",-402534000,NA,"https://www.acb.com/Documentos/Cabeceras/logo-competicion-1b.png","https://www.acb.com/Documentos/Cabeceras/logo-competicion-4a.png",55,1990,110,NA,NA,1257,7105,NA,NA,TRUE,1047,1047,1328,"Cajabilbao","Cajabilbao","BIL",1055,1592,"Elosúa León","Elosúa León","LEO",1,89,12000,7,11,63.64,28,49,57.14,12,18,66.67,9,4,13,13,14,4,0,2,0,4,26,22,92,0,0,1,0,0,89,92,0,NA,0,0,0,0,0,0,0
1598666,1,"Liga Nacional","Liga Endesa",-402534000,NA,"https://www.acb.com/Documentos/Cabeceras/logo-competicion-1b.png","https://www.acb.com/Documentos/Cabeceras/logo-competicion-4a.png",55,1990,110,NA,NA,1258,7110,NA,NA,TRUE,1049,1049,1391,"Cajacanarias","Cajacanarias","CAN",1057,849,"TDK Manresa","TDK Manresa","MAN",1,61,12000,6,16,37,17,43,39,9,16,56,11,6,17,5,20,8,0,4,0,1,21,1,36,0,0,9,0,0,549,62,0,0,0,0,0,0,0,0,0
1598667,1,"Liga Nacional","Liga Endesa",-402534000,NA,"https://www.acb.com/Documentos/Cabeceras/logo-competicion-1b.png","https://www.acb.com/Documentos/Cabeceras/logo-competicion-4a.png",55,1990,110,NA,NA,1258,7110,NA,NA,FALSE,1057,1049,1391,"Cajacanarias","Cajacanarias","CAN",1057,849,"TDK Manresa","TDK Manresa","MAN",1,62,12000,1,6,16.67,20,40,50,19,22,86.36,16,2,18,7,14,16,0,2,0,2,18,2,43,0,0,0,1,0,62,61,0,NA,0,0,0,0,0,0,0
1598708,1,"Liga Nacional","Liga Endesa",-402534000,NA,"https://www.acb.com/Documentos/Cabeceras/logo-competicion-1b.png","https://www.acb.com/Documentos/Cabeceras/logo-competicion-4a.png",55,1990,110,NA,NA,1258,7112,NA,NA,FALSE,1055,1047,1328,"Cajabilbao","Cajabilbao","BIL",1055,1592,"Elosúa León","Elosúa León","LEO",1,82,12000,9,19,47,17,41,41,21,31,67,21,7,28,5,12,9,0,0,0,0,15,26,85,0,0,0,8,0,656,624,0,0,0,0,0,0,0,0,0
1598707,1,"Liga Nacional","Liga Endesa",-402534000,NA,"https://www.acb.com/Documentos/Cabeceras/logo-competicion-1b.png","https://www.acb.com/Documentos/Cabeceras/logo-competicion-4a.png",55,1990,110,NA,NA,1258,7112,NA,NA,TRUE,1047,1047,1328,"Cajabilbao","Cajabilbao","BIL",1055,1592,"Elosúa León","Elosúa León","LEO",1,78,12000,7,14,50,25,46,54.35,7,10,70,19,5,24,7,13,11,0,8,0,3,26,17,79,0,0,1,0,0,78,82,0,NA,0,0,0,0,0,0,0
1598687,1,"Liga Nacional","Liga Endesa",-402534000,NA,"https://www.acb.com/Documentos/Cabeceras/logo-competicion-1b.png","https://www.acb.com/Documentos/Cabeceras/logo-competicion-4a.png",55,1990,110,NA,NA,1258,7111,NA,NA,FALSE,1052,1060,1676,"OAR Ferrol","OAR Ferrol","FER",1052,1496,"Grupo IFA Granollers","IFA Granollers","GRN",1,69,12000,1,7,14.29,26,46,56.52,14,20,70,26,10,36,17,10,13,0,3,0,0,18,23,95,0,0,0,1,0,69,67,0,NA,0,0,0,0,0,0,0
1598686,1,"Liga Nacional","Liga Endesa",-402534000,NA,"https://www.acb.com/Documentos/Cabeceras/logo-competicion-1b.png","https://www.acb.com/Documentos/Cabeceras/logo-competicion-4a.png",55,1990,110,NA,NA,1258,7111,NA,NA,TRUE,1060,1060,1676,"OAR Ferrol","OAR Ferrol","FER",1052,1496,"Grupo IFA Granollers","IFA Granollers","GRN",1,67,12000,4,13,30,22,46,47,11,16,68,19,9,28,16,13,10,0,2,0,0,23,18,73,0,0,9,0,0,536,552,0,0,0,0,0,0,0,0,0
1598582,1,"Liga Nacional","Liga Endesa",-402534000,NA,"https://www.acb.com/Documentos/Cabeceras/logo-competicion-1b.png","https://www.acb.com/Documentos/Cabeceras/logo-competicion-4a.png",55,1990,111,NA,NA,1258,7106,NA,NA,FALSE,1067,1054,605,"Montigalá Joventut","Mont. Joventut","JOV",1067,1873,"Atlético Madrid Villalba","Atlético Madrid","VIL",1,74,12000,3,13,23,27,50,54,11,22,50,18,8,26,4,7,9,0,5,0,2,22,24,65,0,0,10,0,0,740,870,0,0,0,0,0,0,0,0,0
1598581,1,"Liga Nacional","Liga Endesa",-402534000,NA,"https://www.acb.com/Documentos/Cabeceras/logo-competicion-1b.png","https://www.acb.com/Documentos/Cabeceras/logo-competicion-4a.png",55,1990,111,NA,NA,1258,7106,NA,NA,TRUE,1054,1054,605,"Montigalá Joventut","Mont. Joventut","JOV",1067,1873,"Atlético Madrid Villalba","Atlético Madrid","VIL",1,87,12000,3,10,30,31,58,53.45,16,24,66.67,23,19,42,10,7,13,0,1,0,0,24,22,90,0,0,0,1,0,87,74,0,NA,0,0,0,0,0,0,0
1598647,1,"Liga Nacional","Liga Endesa",-402534000,NA,"https://www.acb.com/Documentos/Cabeceras/logo-competicion-1b.png","https://www.acb.com/Documentos/Cabeceras/logo-competicion-4a.png",55,1990,111,NA,NA,1258,7109,NA,NA,FALSE,1068,1050,441,"Estudiantes Caja Postal","Estudiantes CP","EST",1068,1896,"CAI Zaragoza","CAI Zaragoza","CBZ",1,72,12000,3,9,33,27,61,44,9,12,75,20,15,35,8,2,11,0,0,0,0,22,18,59,0,0,8,0,0,576,696,0,0,0,0,0,0,0,0,0
1598646,1,"Liga Nacional","Liga Endesa",-402534000,NA,"https://www.acb.com/Documentos/Cabeceras/logo-competicion-1b.png","https://www.acb.com/Documentos/Cabeceras/logo-competicion-4a.png",55,1990,111,NA,NA,1258,7109,NA,NA,TRUE,1050,1050,441,"Estudiantes Caja Postal","Estudiantes CP","EST",1068,1896,"CAI Zaragoza","CAI Zaragoza","CBZ",1,87,12000,5,12,41,27,43,62,18,23,78,22,4,26,16,6,8,0,4,0,3,18,22,107,0,0,0,9,0,783,648,0,0,0,0,0,0,0,0,0
1598628,1,"Liga Nacional","Liga Endesa",-402534000,NA,"https://www.acb.com/Documentos/Cabeceras/logo-competicion-1b.png","https://www.acb.com/Documentos/Cabeceras/logo-competicion-4a.png",55,1990,111,NA,NA,1258,7108,NA,NA,FALSE,1066,1045,79,"FC Barcelona","FC Barcelona","FCB",1066,1832,"Fórum Valladolid","Fórum Vall.","FOR",1,65,12000,3,11,27,24,45,53,8,14,57,25,5,30,13,4,15,0,0,0,3,16,20,66,0,0,0,8,0,520,512,0,0,0,0,0,0,0,0,0
1598627,1,"Liga Nacional","Liga Endesa",-402534000,NA,"https://www.acb.com/Documentos/Cabeceras/logo-competicion-1b.png","https://www.acb.com/Documentos/Cabeceras/logo-competicion-4a.png",55,1990,111,NA,NA,1258,7108,NA,NA,TRUE,1045,1045,79,"FC Barcelona","FC Barcelona","FCB",1066,1832,"Fórum Valladolid","Fórum Vall.","FOR",1,64,12000,6,13,46,18,46,39,10,12,83,21,8,29,9,6,11,0,2,0,2,20,16,58,0,0,9,0,0,576,585,0,0,0,0,0,0,0,0,0
1598602,1,"Liga Nacional","Liga Endesa",-402534000,NA,"https://www.acb.com/Documentos/Cabeceras/logo-competicion-1b.png","https://www.acb.com/Documentos/Cabeceras/logo-competicion-4a.png",55,1990,111,NA,NA,1258,7107,NA,NA,TRUE,1056,1056,2485,"Real Madrid Otaysa","Real Madrid","RMB",1046,195,"Taugrés","Taugrés","TAU",1,78,12000,5,12,41.67,24,52,46.15,15,20,75,20,10,30,11,5,12,0,3,0,4,23,20,72,0,0,1,0,0,78,81,0,NA,0,0,0,0,0,0,0
1598603,1,"Liga Nacional","Liga Endesa",-402534000,NA,"https://www.acb.com/Documentos/Cabeceras/logo-competicion-1b.png","https://www.acb.com/Documentos/Cabeceras/logo-competicion-4a.png",55,1990,111,NA,NA,1258,7107,NA,NA,FALSE,1046,1056,2485,"Real Madrid Otaysa","Real Madrid","RMB",1046,195,"Taugrés","Taugrés","TAU",1,81,12000,5,14,35.71,26,49,53.06,14,18,77.78,26,9,35,21,6,11,0,2,0,5,20,23,101,0,0,0,1,0,81,78,0,NA,0,0,0,0,0,0,0
1598780,1,"Liga Nacional","Liga Endesa",-402534000,NA,"https://www.acb.com/Documentos/Cabeceras/logo-competicion-1b.png","https://www.acb.com/Documentos/Cabeceras/logo-competicion-4a.png",55,1990,111,NA,NA,1259,7115,NA,NA,TRUE,1066,1066,1832,"Fórum Valladolid","Fórum Vall.","FOR",1045,79,"FC Barcelona","FC Barcelona","FCB",1,74,12000,2,7,28,26,54,48,16,20,80,18,10,28,11,2,8,0,2,0,3,23,23,72,0,0,9,0,0,666,693,0,0,0,0,0,0,0,0,0
1598781,1,"Liga Nacional","Liga Endesa",-402534000,NA,"https://www.acb.com/Documentos/Cabeceras/logo-competicion-1b.png","https://www.acb.com/Documentos/Cabeceras/logo-competicion-4a.png",55,1990,111,NA,NA,1259,7115,NA,NA,FALSE,1045,1066,1832,"Fórum Valladolid","Fórum Vall.","FOR",1045,79,"FC Barcelona","FC Barcelona","FCB",1,77,12000,4,9,44,24,48,50,17,19,89,14,8,22,13,2,3,0,1,0,0,23,23,81,0,0,0,8,0,616,592,0,0,0,0,0,0,0,0,0
1598754,1,"Liga Nacional","Liga Endesa",-402534000,NA,"https://www.acb.com/Documentos/Cabeceras/logo-competicion-1b.png","https://www.acb.com/Documentos/Cabeceras/logo-competicion-4a.png",55,1990,111,NA,NA,1259,7114,NA,NA,FALSE,1056,1046,195,"Taugrés","Taugrés","TAU",1056,2485,"Real Madrid Otaysa","Real Madrid","RMB",1,68,12000,4,15,26,24,46,52,8,16,50,20,4,24,7,4,9,0,4,0,2,27,21,51,0,0,9,0,0,612,774,0,0,0,0,0,0,0,0,0
1598753,1,"Liga Nacional","Liga Endesa",-402534000,NA,"https://www.acb.com/Documentos/Cabeceras/logo-competicion-1b.png","https://www.acb.com/Documentos/Cabeceras/logo-competicion-4a.png",55,1990,111,NA,NA,1259,7114,NA,NA,TRUE,1046,1046,195,"Taugrés","Taugrés","TAU",1056,2485,"Real Madrid Otaysa","Real Madrid","RMB",1,86,12000,5,8,62.5,24,52,46.15,23,36,63.89,33,17,50,14,6,9,0,1,0,1,21,27,110,0,0,0,1,0,86,68,0,NA,0,0,0,0,0,0,0
1598829,1,"Liga Nacional","Liga Endesa",-402534000,NA,"https://www.acb.com/Documentos/Cabeceras/logo-competicion-1b.png","https://www.acb.com/Documentos/Cabeceras/logo-competicion-4a.png",55,1990,109,NA,NA,1259,7117,NA,NA,TRUE,1063,1063,939,"Pamesa Valencia","Pamesa Valencia","PAM",1052,1496,"Grupo IFA Granollers","IFA Granollers","GRN",1,94,12000,2,10,20,37,63,58,14,14,100,18,10,28,23,8,10,0,4,0,5,23,18,108,0,0,0,9,0,846,693,0,0,0,0,0,0,0,0,0
1598830,1,"Liga Nacional","Liga Endesa",-402534000,NA,"https://www.acb.com/Documentos/Cabeceras/logo-competicion-1b.png","https://www.acb.com/Documentos/Cabeceras/logo-competicion-4a.png",55,1990,109,NA,NA,1259,7117,NA,NA,FALSE,1052,1063,939,"Pamesa Valencia","Pamesa Valencia","PAM",1052,1496,"Grupo IFA Granollers","IFA Granollers","GRN",1,77,12000,4,13,30.77,20,48,41.67,25,33,75.76,22,13,35,8,4,20,0,1,0,1,18,23,65,0,0,1,0,0,77,94,0,NA,0,0,0,0,0,0,0
1598857,1,"Liga Nacional","Liga Endesa",-402534000,NA,"https://www.acb.com/Documentos/Cabeceras/logo-competicion-1b.png","https://www.acb.com/Documentos/Cabeceras/logo-competicion-4a.png",55,1990,109,NA,NA,1259,7118,NA,NA,FALSE,1064,1055,1592,"Elosúa León","Elosúa León","LEO",1064,1034,"Caja de Ronda","Caja de Ronda","RON",1,77,12000,6,13,46,22,44,50,15,26,57,25,11,36,14,12,21,0,7,0,3,14,21,92,0,0,0,11,0,847,836,0,0,0,0,0,0,0,0,0
1598856,1,"Liga Nacional","Liga Endesa",-402534000,NA,"https://www.acb.com/Documentos/Cabeceras/logo-competicion-1b.png","https://www.acb.com/Documentos/Cabeceras/logo-competicion-4a.png",55,1990,109,NA,NA,1259,7118,NA,NA,TRUE,1055,1055,1592,"Elosúa León","Elosúa León","LEO",1064,1034,"Caja de Ronda","Caja de Ronda","RON",1,76,12000,7,21,33,25,48,52,5,15,33,17,12,29,9,17,12,0,4,0,2,21,14,69,0,0,10,0,0,760,770,0,0,0,0,0,0,0,0,0
1598730,1,"Liga Nacional","Liga Endesa",-402534000,NA,"https://www.acb.com/Documentos/Cabeceras/logo-competicion-1b.png","https://www.acb.com/Documentos/Cabeceras/logo-competicion-4a.png",55,1990,111,NA,NA,1259,7113,NA,NA,TRUE,1067,1067,1873,"Atlético Madrid Villalba","Atlético Madrid","VIL",1054,605,"Montigalá Joventut","Mont. Joventut","JOV",1,79,13500,4,17,23,26,51,50,15,23,65,21,15,36,14,9,14,0,4,0,3,27,24,79,0,0,9,0,0,711,756,0,0,0,0,0,0,0,0,0
1598731,1,"Liga Nacional","Liga Endesa",-402534000,NA,"https://www.acb.com/Documentos/Cabeceras/logo-competicion-1b.png","https://www.acb.com/Documentos/Cabeceras/logo-competicion-4a.png",55,1990,111,NA,NA,1259,7113,NA,NA,FALSE,1054,1067,1873,"Atlético Madrid Villalba","Atlético Madrid","VIL",1054,605,"Montigalá Joventut","Mont. Joventut","JOV",1,84,13500,7,19,36.84,19,45,42.22,25,34,73.53,22,18,40,6,4,19,0,0,0,1,24,26,70,0,0,0,1,0,84,79,0,NA,0,0,0,0,0,0,0
1598908,1,"Liga Nacional","Liga Endesa",-402534000,NA,"https://www.acb.com/Documentos/Cabeceras/logo-competicion-1b.png","https://www.acb.com/Documentos/Cabeceras/logo-competicion-4a.png",55,1990,109,NA,NA,1259,7120,NA,NA,FALSE,1057,1061,1705,"Caixa Ourense","Caixa Ourense","OUR",1057,849,"TDK Manresa","TDK Manresa","MAN",1,69,12000,2,9,22.22,26,55,47.27,11,12,91.67,22,12,34,11,16,10,0,3,0,0,20,17,83,0,0,1,0,0,69,75,0,NA,0,0,0,0,0,0,0
1598907,1,"Liga Nacional","Liga Endesa",-402534000,NA,"https://www.acb.com/Documentos/Cabeceras/logo-competicion-1b.png","https://www.acb.com/Documentos/Cabeceras/logo-competicion-4a.png",55,1990,109,NA,NA,1259,7120,NA,NA,TRUE,1061,1061,1705,"Caixa Ourense","Caixa Ourense","OUR",1057,849,"TDK Manresa","TDK Manresa","MAN",1,75,12000,6,13,46.15,23,43,53.49,11,19,57.89,25,9,34,16,12,16,0,3,0,2,17,20,92,0,0,0,1,0,75,69,0,NA,0,0,0,0,0,0,0
1598886,1,"Liga Nacional","Liga Endesa",-402534000,NA,"https://www.acb.com/Documentos/Cabeceras/logo-competicion-1b.png","https://www.acb.com/Documentos/Cabeceras/logo-competicion-4a.png",55,1990,109,NA,NA,1259,7119,NA,NA,FALSE,1053,1059,897,"Zumos Júver Murcia","Júver Murcia","MUR",1053,1546,"Huesca La Magia","Huesca La Magia","HUE",1,90,12000,0,3,0,37,62,59,16,23,69,24,10,34,12,18,14,0,1,0,5,21,20,105,0,0,0,11,0,990,946,0,0,0,0,0,0,0,0,0
1598885,1,"Liga Nacional","Liga Endesa",-402534000,NA,"https://www.acb.com/Documentos/Cabeceras/logo-competicion-1b.png","https://www.acb.com/Documentos/Cabeceras/logo-competicion-4a.png",55,1990,109,NA,NA,1259,7119,NA,NA,TRUE,1059,1059,897,"Zumos Júver Murcia","Júver Murcia","MUR",1053,1546,"Huesca La Magia","Huesca La Magia","HUE",1,86,12000,7,13,53,25,56,44,15,25,60,19,13,32,13,15,17,0,3,0,1,21,21,85,0,0,9,0,0,774,810,0,0,0,0,0,0,0,0,0
1598805,1,"Liga Nacional","Liga Endesa",-402534000,NA,"https://www.acb.com/Documentos/Cabeceras/logo-competicion-1b.png","https://www.acb.com/Documentos/Cabeceras/logo-competicion-4a.png",55,1990,111,NA,NA,1259,7116,NA,NA,TRUE,1068,1068,1896,"CAI Zaragoza","CAI Zaragoza","CBZ",1050,441,"Estudiantes Caja Postal","Estudiantes CP","EST",1,85,12000,5,16,31.25,25,51,49.02,20,25,80,21,15,36,9,7,15,0,2,0,2,32,16,66,0,0,1,0,0,85,94,0,NA,0,0,0,0,0,0,0
1598806,1,"Liga Nacional","Liga Endesa",-402534000,NA,"https://www.acb.com/Documentos/Cabeceras/logo-competicion-1b.png","https://www.acb.com/Documentos/Cabeceras/logo-competicion-4a.png",55,1990,111,NA,NA,1259,7116,NA,NA,FALSE,1050,1068,1896,"CAI Zaragoza","CAI Zaragoza","CBZ",1050,441,"Estudiantes Caja Postal","Estudiantes CP","EST",1,94,12000,4,15,26,26,42,61,30,37,81,20,8,28,10,9,9,0,2,0,3,16,31,115,0,0,0,8,0,752,680,0,0,0,0,0,0,0,0,0
1598937,1,"Liga Nacional","Liga Endesa",-402534000,NA,"https://www.acb.com/Documentos/Cabeceras/logo-competicion-1b.png","https://www.acb.com/Documentos/Cabeceras/logo-competicion-4a.png",55,1990,111,NA,NA,1260,7121,NA,NA,FALSE,1066,1045,79,"FC Barcelona","FC Barcelona","FCB",1066,1832,"Fórum Valladolid","Fórum Vall.","FOR",1,64,12000,3,18,16,21,42,50,13,20,65,15,7,22,13,5,9,0,1,0,1,23,19,49,0,0,11,0,0,704,847,0,0,0,0,0,0,0,0,0
1598936,1,"Liga Nacional","Liga Endesa",-402534000,NA,"https://www.acb.com/Documentos/Cabeceras/logo-competicion-1b.png","https://www.acb.com/Documentos/Cabeceras/logo-competicion-4a.png",55,1990,111,NA,NA,1260,7121,NA,NA,TRUE,1045,1045,79,"FC Barcelona","FC Barcelona","FCB",1066,1832,"Fórum Valladolid","Fórum Vall.","FOR",1,77,12000,7,10,70,19,38,50,18,29,62,24,6,30,16,3,13,0,2,0,1,19,23,86,0,0,0,8,0,616,512,0,0,0,0,0,0,0,0,0
1599029,1,"Liga Nacional","Liga Endesa",-402534000,NA,"https://www.acb.com/Documentos/Cabeceras/logo-competicion-1b.png","https://www.acb.com/Documentos/Cabeceras/logo-competicion-4a.png",55,1990,110,NA,NA,1261,7125,NA,NA,TRUE,1047,1047,1328,"Cajabilbao","Cajabilbao","BIL",1062,1734,"Puleva Granada","Puleva Granada","OXI",1,95,12000,8,14,57.14,32,55,58.18,7,8,87.5,23,10,33,15,7,11,0,1,0,1,23,12,99,0,0,0,1,0,95,78,0,NA,0,0,0,0,0,0,0
1599030,1,"Liga Nacional","Liga Endesa",-402534000,NA,"https://www.acb.com/Documentos/Cabeceras/logo-competicion-1b.png","https://www.acb.com/Documentos/Cabeceras/logo-competicion-4a.png",55,1990,110,NA,NA,1261,7125,NA,NA,FALSE,1062,1047,1328,"Cajabilbao","Cajabilbao","BIL",1062,1734,"Puleva Granada","Puleva Granada","OXI",1,78,12000,4,13,30.77,25,47,53.19,16,23,69.57,11,6,17,5,10,7,0,2,0,0,12,21,76,0,0,1,0,0,78,95,0,NA,0,0,0,0,0,0,0
1599011,1,"Liga Nacional","Liga Endesa",-402534000,NA,"https://www.acb.com/Documentos/Cabeceras/logo-competicion-1b.png","https://www.acb.com/Documentos/Cabeceras/logo-competicion-4a.png",55,1990,111,NA,NA,1261,7124,NA,NA,FALSE,1050,1045,79,"FC Barcelona","FC Barcelona","FCB",1050,441,"Estudiantes Caja Postal","Estudiantes CP","EST",1,79,12000,4,9,44,25,53,47,17,27,62,27,9,36,17,5,10,0,2,0,3,27,27,86,0,0,9,0,0,711,756,0,0,0,0,0,0,0,0,0
1599010,1,"Liga Nacional","Liga Endesa",-402534000,NA,"https://www.acb.com/Documentos/Cabeceras/logo-competicion-1b.png","https://www.acb.com/Documentos/Cabeceras/logo-competicion-4a.png",55,1990,111,NA,NA,1261,7124,NA,NA,TRUE,1045,1045,79,"FC Barcelona","FC Barcelona","FCB",1050,441,"Estudiantes Caja Postal","Estudiantes CP","EST",1,84,12000,4,16,25,24,43,55,24,33,72,27,6,33,13,3,10,0,3,0,2,27,27,86,0,0,0,9,0,756,711,0,0,0,0,0,0,0,0,0
1598983,1,"Liga Nacional","Liga Endesa",-402534000,NA,"https://www.acb.com/Documentos/Cabeceras/logo-competicion-1b.png","https://www.acb.com/Documentos/Cabeceras/logo-competicion-4a.png",55,1990,110,NA,NA,1261,7123,NA,NA,FALSE,1049,1060,1676,"OAR Ferrol","OAR Ferrol","FER",1049,1391,"Cajacanarias","Cajacanarias","CAN",1,78,12000,5,21,23,24,41,58,15,22,68,24,6,30,21,8,15,0,1,0,1,26,21,78,0,0,10,0,0,780,910,0,0,0,0,0,0,0,0,0
1598982,1,"Liga Nacional","Liga Endesa",-402534000,NA,"https://www.acb.com/Documentos/Cabeceras/logo-competicion-1b.png","https://www.acb.com/Documentos/Cabeceras/logo-competicion-4a.png",55,1990,110,NA,NA,1261,7123,NA,NA,TRUE,1060,1060,1676,"OAR Ferrol","OAR Ferrol","FER",1049,1391,"Cajacanarias","Cajacanarias","CAN",1,91,12000,2,15,13,32,47,68,21,28,75,27,7,34,28,15,8,0,3,0,2,21,26,133,0,0,0,10,0,819,702,0,0,0,0,0,0,0,0,0
1598959,1,"Liga Nacional","Liga Endesa",-402534000,NA,"https://www.acb.com/Documentos/Cabeceras/logo-competicion-1b.png","https://www.acb.com/Documentos/Cabeceras/logo-competicion-4a.png",55,1990,111,NA,NA,1261,7122,NA,NA,FALSE,1046,1054,605,"Montigalá Joventut","Mont. Joventut","JOV",1046,195,"Taugrés","Taugrés","TAU",1,76,12000,6,9,66.67,22,47,46.81,14,18,77.78,16,6,22,13,10,14,0,2,0,0,20,20,77,0,0,1,0,0,76,88,0,NA,0,0,0,0,0,0,0
1598958,1,"Liga Nacional","Liga Endesa",-402534000,NA,"https://www.acb.com/Documentos/Cabeceras/logo-competicion-1b.png","https://www.acb.com/Documentos/Cabeceras/logo-competicion-4a.png",55,1990,111,NA,NA,1261,7122,NA,NA,TRUE,1054,1054,605,"Montigalá Joventut","Mont. Joventut","JOV",1046,195,"Taugrés","Taugrés","TAU",1,88,12000,6,12,50,28,50,56,14,17,82.35,21,11,32,15,4,14,0,1,0,0,20,20,95,0,0,0,1,0,88,76,0,NA,0,0,0,0,0,0,0
1599221,1,"Liga Nacional","Liga Endesa",-402534000,NA,"https://www.acb.com/Documentos/Cabeceras/logo-competicion-1b.png","https://www.acb.com/Documentos/Cabeceras/logo-competicion-4a.png",55,1990,110,NA,NA,1262,7133,NA,NA,TRUE,1047,1047,1328,"Cajabilbao","Cajabilbao","BIL",1062,1734,"Puleva Granada","Puleva Granada","OXI",1,82,12000,12,18,66.67,18,41,43.9,10,12,83.33,18,6,24,10,22,18,0,7,0,3,18,15,93,0,0,0,1,0,82,72,0,NA,0,0,0,0,0,0,0
1599222,1,"Liga Nacional","Liga Endesa",-402534000,NA,"https://www.acb.com/Documentos/Cabeceras/logo-competicion-1b.png","https://www.acb.com/Documentos/Cabeceras/logo-competicion-4a.png",55,1990,110,NA,NA,1262,7133,NA,NA,FALSE,1062,1047,1328,"Cajabilbao","Cajabilbao","BIL",1062,1734,"Puleva Granada","Puleva Granada","OXI",1,72,12000,2,8,25,28,55,50.91,10,14,71.43,20,4,24,3,15,15,0,1,0,2,14,18,67,0,0,1,0,0,72,82,0,NA,0,0,0,0,0,0,0
1599202,1,"Liga Nacional","Liga Endesa",-402534000,NA,"https://www.acb.com/Documentos/Cabeceras/logo-competicion-1b.png","https://www.acb.com/Documentos/Cabeceras/logo-competicion-4a.png",55,1990,111,NA,NA,1262,7132,NA,NA,FALSE,1050,1045,79,"FC Barcelona","FC Barcelona","FCB",1050,441,"Estudiantes Caja Postal","Estudiantes CP","EST",1,81,12000,5,12,41,26,54,48,14,19,73,21,9,30,13,10,13,0,1,0,5,21,20,81,0,0,9,0,0,729,747,0,0,0,0,0,0,0,0,0
1599201,1,"Liga Nacional","Liga Endesa",-402534000,NA,"https://www.acb.com/Documentos/Cabeceras/logo-competicion-1b.png","https://www.acb.com/Documentos/Cabeceras/logo-competicion-4a.png",55,1990,111,NA,NA,1262,7132,NA,NA,TRUE,1045,1045,79,"FC Barcelona","FC Barcelona","FCB",1050,441,"Estudiantes Caja Postal","Estudiantes CP","EST",1,83,12000,4,17,23,29,46,63,13,23,56,28,10,38,15,5,18,0,4,0,2,20,21,88,0,0,0,8,0,664,648,0,0,0,0,0,0,0,0,0
1599052,1,"Liga Nacional","Liga Endesa",-402534000,NA,"https://www.acb.com/Documentos/Cabeceras/logo-competicion-1b.png","https://www.acb.com/Documentos/Cabeceras/logo-competicion-4a.png",55,1990,111,NA,NA,1262,7126,NA,NA,TRUE,1054,1054,605,"Montigalá Joventut","Mont. Joventut","JOV",1046,195,"Taugrés","Taugrés","TAU",1,111,12000,8,13,61.54,27,49,55.1,33,41,80.49,26,8,34,14,12,13,0,2,0,4,16,28,137,0,0,0,1,0,111,74,0,NA,0,0,0,0,0,0,0
1599053,1,"Liga Nacional","Liga Endesa",-402534000,NA,"https://www.acb.com/Documentos/Cabeceras/logo-competicion-1b.png","https://www.acb.com/Documentos/Cabeceras/logo-competicion-4a.png",55,1990,111,NA,NA,1262,7126,NA,NA,FALSE,1046,1054,605,"Montigalá Joventut","Mont. Joventut","JOV",1046,195,"Taugrés","Taugrés","TAU",1,74,12000,5,10,50,23,55,41.82,13,19,68.42,21,13,34,9,5,21,0,2,0,0,28,16,48,0,0,1,0,0,74,111,0,NA,0,0,0,0,0,0,0
1599074,1,"Liga Nacional","Liga Endesa",-402534000,NA,"https://www.acb.com/Documentos/Cabeceras/logo-competicion-1b.png","https://www.acb.com/Documentos/Cabeceras/logo-competicion-4a.png",55,1990,110,NA,NA,1262,7127,NA,NA,FALSE,1049,1060,1676,"OAR Ferrol","OAR Ferrol","FER",1049,1391,"Cajacanarias","Cajacanarias","CAN",1,68,12000,4,17,23,24,47,51,8,14,57,24,12,36,16,10,11,0,1,0,1,22,16,72,0,0,8,0,0,544,656,0,0,0,0,0,0,0,0,0
1599073,1,"Liga Nacional","Liga Endesa",-402534000,NA,"https://www.acb.com/Documentos/Cabeceras/logo-competicion-1b.png","https://www.acb.com/Documentos/Cabeceras/logo-competicion-4a.png",55,1990,110,NA,NA,1262,7127,NA,NA,TRUE,1060,1060,1676,"OAR Ferrol","OAR Ferrol","FER",1049,1391,"Cajacanarias","Cajacanarias","CAN",1,82,12000,5,15,33,26,49,53,15,20,75,27,12,39,21,11,10,0,6,0,1,16,22,117,0,0,0,10,0,738,612,0,0,0,0,0,0,0,0,0
1599097,1,"Liga Nacional","Liga Endesa",-402534000,NA,"https://www.acb.com/Documentos/Cabeceras/logo-competicion-1b.png","https://www.acb.com/Documentos/Cabeceras/logo-competicion-4a.png",55,1990,109,NA,NA,1262,7128,NA,NA,FALSE,1063,1048,1343,"Dyc Breogán","Dyc Breogán","BRE",1063,939,"Pamesa Valencia","Pamesa Valencia","PAM",1,85,12000,4,8,50,27,47,57,19,31,61,27,4,31,15,6,14,0,3,0,4,21,24,93,0,0,0,8,0,680,624,0,0,0,0,0,0,0,0,0
1599096,1,"Liga Nacional","Liga Endesa",-402534000,NA,"https://www.acb.com/Documentos/Cabeceras/logo-competicion-1b.png","https://www.acb.com/Documentos/Cabeceras/logo-competicion-4a.png",55,1990,109,NA,NA,1262,7128,NA,NA,TRUE,1048,1048,1343,"Dyc Breogán","Dyc Breogán","BRE",1063,939,"Pamesa Valencia","Pamesa Valencia","PAM",1,78,12000,4,8,50,26,59,44,14,28,50,24,12,36,5,7,13,0,1,0,4,24,21,60,0,0,8,0,0,624,680,0,0,0,0,0,0,0,0,0
1599152,1,"Liga Nacional","Liga Endesa",-402534000,NA,"https://www.acb.com/Documentos/Cabeceras/logo-competicion-1b.png","https://www.acb.com/Documentos/Cabeceras/logo-competicion-4a.png",55,1990,109,NA,NA,1262,7130,NA,NA,FALSE,1059,1065,1107,"Caja San Fernando","C. San Fernando","CSF",1059,897,"Zumos Júver Murcia","Júver Murcia","MUR",1,70,12000,5,11,45,21,50,42,13,25,52,23,10,33,6,13,24,0,2,0,0,18,23,58,0,0,9,0,0,630,810,0,0,0,0,0,0,0,0,0
1599151,1,"Liga Nacional","Liga Endesa",-402534000,NA,"https://www.acb.com/Documentos/Cabeceras/logo-competicion-1b.png","https://www.acb.com/Documentos/Cabeceras/logo-competicion-4a.png",55,1990,109,NA,NA,1262,7130,NA,NA,TRUE,1065,1065,1107,"Caja San Fernando","C. San Fernando","CSF",1059,897,"Zumos Júver Murcia","Júver Murcia","MUR",1,90,12000,4,15,26,34,59,57,10,15,66,24,8,32,16,18,12,0,6,0,4,23,18,104,0,0,0,12,0,1080,840,0,0,0,0,0,0,0,0,0
1599174,1,"Liga Nacional","Liga Endesa",-402534000,NA,"https://www.acb.com/Documentos/Cabeceras/logo-competicion-1b.png","https://www.acb.com/Documentos/Cabeceras/logo-competicion-4a.png",55,1990,109,NA,NA,1262,7131,NA,NA,TRUE,1058,1058,1624,"Mayoral Maristas","May. Maristas","MAY",1061,1705,"Caixa Ourense","Caixa Ourense","OUR",1,69,12000,3,9,33,23,53,43,14,27,51,27,9,36,14,9,18,0,6,0,0,28,23,62,0,0,11,0,0,690,760,0,0,0,0,0,0,0,0,0
1599175,1,"Liga Nacional","Liga Endesa",-402534000,NA,"https://www.acb.com/Documentos/Cabeceras/logo-competicion-1b.png","https://www.acb.com/Documentos/Cabeceras/logo-competicion-4a.png",55,1990,109,NA,NA,1262,7131,NA,NA,FALSE,1061,1058,1624,"Mayoral Maristas","May. Maristas","MAY",1061,1705,"Caixa Ourense","Caixa Ourense","OUR",1,76,12000,6,20,30,16,48,33.33,26,40,65,27,12,39,13,8,11,0,3,0,1,24,27,71,0,0,0,1,0,76,69,0,NA,0,0,0,0,0,0,0
1599120,1,"Liga Nacional","Liga Endesa",-402534000,NA,"https://www.acb.com/Documentos/Cabeceras/logo-competicion-1b.png","https://www.acb.com/Documentos/Cabeceras/logo-competicion-4a.png",55,1990,109,NA,NA,1262,7129,NA,NA,FALSE,1055,1051,1453,"Valvi Girona","Valvi Girona","GIR",1055,1592,"Elosúa León","Elosúa León","LEO",1,86,12000,5,15,33,30,52,57,11,24,45,21,13,34,17,7,17,0,4,0,1,21,23,88,0,0,10,0,0,860,930,0,0,0,0,0,0,0,0,0
1599119,1,"Liga Nacional","Liga Endesa",-402534000,NA,"https://www.acb.com/Documentos/Cabeceras/logo-competicion-1b.png","https://www.acb.com/Documentos/Cabeceras/logo-competicion-4a.png",55,1990,109,NA,NA,1262,7129,NA,NA,TRUE,1051,1051,1453,"Valvi Girona","Valvi Girona","GIR",1055,1592,"Elosúa León","Elosúa León","LEO",1,93,12000,5,13,38,31,59,52,16,21,76,20,12,32,21,16,15,0,1,0,1,23,21,105,0,0,0,11,0,1023,946,0,0,0,0,0,0,0,0,0
1599296,1,"Liga Nacional","Liga Endesa",-402534000,NA,"https://www.acb.com/Documentos/Cabeceras/logo-competicion-1b.png","https://www.acb.com/Documentos/Cabeceras/logo-competicion-4a.png",55,1990,111,NA,NA,1263,7136,NA,NA,TRUE,1050,1050,441,"Estudiantes Caja Postal","Estudiantes CP","EST",1045,79,"FC Barcelona","FC Barcelona","FCB",1,80,12000,5,9,55,21,42,50,23,33,69,24,6,30,10,9,10,0,1,0,1,29,31,87,0,0,0,9,0,720,657,0,0,0,0,0,0,0,0,0
1599297,1,"Liga Nacional","Liga Endesa",-402534000,NA,"https://www.acb.com/Documentos/Cabeceras/logo-competicion-1b.png","https://www.acb.com/Documentos/Cabeceras/logo-competicion-4a.png",55,1990,111,NA,NA,1263,7136,NA,NA,FALSE,1045,1050,441,"Estudiantes Caja Postal","Estudiantes CP","EST",1045,79,"FC Barcelona","FC Barcelona","FCB",1,73,12000,5,18,27,18,35,51,22,31,70,19,7,26,5,3,9,0,1,0,0,31,29,58,0,0,11,0,0,803,880,0,0,0,0,0,0,0,0,0
1599316,1,"Liga Nacional","Liga Endesa",-402534000,NA,"https://www.acb.com/Documentos/Cabeceras/logo-competicion-1b.png","https://www.acb.com/Documentos/Cabeceras/logo-competicion-4a.png",55,1990,110,NA,NA,1263,7137,NA,NA,TRUE,1062,1062,1734,"Puleva Granada","Puleva Granada","OXI",1047,1328,"Cajabilbao","Cajabilbao","BIL",1,95,12000,6,15,40,23,44,52.27,31,35,88.57,23,7,30,4,7,10,0,3,0,2,22,25,98,0,0,0,1,0,95,82,0,NA,0,0,0,0,0,0,0
1599317,1,"Liga Nacional","Liga Endesa",-402534000,NA,"https://www.acb.com/Documentos/Cabeceras/logo-competicion-1b.png","https://www.acb.com/Documentos/Cabeceras/logo-competicion-4a.png",55,1990,110,NA,NA,1263,7137,NA,NA,FALSE,1047,1062,1734,"Puleva Granada","Puleva Granada","OXI",1047,1328,"Cajabilbao","Cajabilbao","BIL",1,82,12000,3,9,33.33,28,53,52.83,17,22,77.27,20,11,31,4,5,14,0,2,0,0,25,22,71,0,0,1,0,0,82,95,0,NA,0,0,0,0,0,0,0
1599267,1,"Liga Nacional","Liga Endesa",-402534000,NA,"https://www.acb.com/Documentos/Cabeceras/logo-competicion-1b.png","https://www.acb.com/Documentos/Cabeceras/logo-competicion-4a.png",55,1990,110,NA,NA,1263,7135,NA,NA,FALSE,1060,1049,1391,"Cajacanarias","Cajacanarias","CAN",1060,1676,"OAR Ferrol","OAR Ferrol","FER",1,66,12000,4,12,33,24,58,41,6,17,35,9,12,21,9,22,9,0,2,0,2,17,0,41,0,0,9,0,0,528,584,0,0,0,0,0,0,0,0,0
1599266,1,"Liga Nacional","Liga Endesa",-402534000,NA,"https://www.acb.com/Documentos/Cabeceras/logo-competicion-1b.png","https://www.acb.com/Documentos/Cabeceras/logo-competicion-4a.png",55,1990,110,NA,NA,1263,7135,NA,NA,TRUE,1049,1049,1391,"Cajacanarias","Cajacanarias","CAN",1060,1676,"OAR Ferrol","OAR Ferrol","FER",1,73,12000,8,18,44,19,39,48,11,16,68,28,10,38,11,9,23,0,0,0,4,23,1,51,0,0,0,10,0,730,660,0,0,0,0,0,0,0,0,0
1599244,1,"Liga Nacional","Liga Endesa",-402534000,NA,"https://www.acb.com/Documentos/Cabeceras/logo-competicion-1b.png","https://www.acb.com/Documentos/Cabeceras/logo-competicion-4a.png",55,1990,111,NA,NA,1263,7134,NA,NA,TRUE,1046,1046,195,"Taugrés","Taugrés","TAU",1054,605,"Montigalá Joventut","Mont. Joventut","JOV",1,87,12000,6,11,54.55,28,48,58.33,13,22,59.09,25,10,35,14,9,9,0,1,0,2,20,23,106,0,0,0,1,0,87,67,0,NA,0,0,0,0,0,0,0
1599245,1,"Liga Nacional","Liga Endesa",-402534000,NA,"https://www.acb.com/Documentos/Cabeceras/logo-competicion-1b.png","https://www.acb.com/Documentos/Cabeceras/logo-competicion-4a.png",55,1990,111,NA,NA,1263,7134,NA,NA,FALSE,1054,1046,195,"Taugrés","Taugrés","TAU",1054,605,"Montigalá Joventut","Mont. Joventut","JOV",1,67,12000,6,22,27.27,19,44,43.18,11,15,73.33,18,12,30,9,4,12,0,4,0,0,23,20,54,0,0,1,0,0,67,87,0,NA,0,0,0,0,0,0,0
1599494,1,"Liga Nacional","Liga Endesa",-402534000,NA,"https://www.acb.com/Documentos/Cabeceras/logo-competicion-1b.png","https://www.acb.com/Documentos/Cabeceras/logo-competicion-4a.png",55,1990,111,NA,NA,1264,7144,NA,NA,TRUE,1050,1050,441,"Estudiantes Caja Postal","Estudiantes CP","EST",1045,79,"FC Barcelona","FC Barcelona","FCB",1,92,15000,5,18,27,30,61,49,17,32,53,30,16,46,14,8,18,0,1,0,1,43,35,76,0,0,13,0,0,1196,1222,0,0,0,0,0,0,0,0,0
1599495,1,"Liga Nacional","Liga Endesa",-402534000,NA,"https://www.acb.com/Documentos/Cabeceras/logo-competicion-1b.png","https://www.acb.com/Documentos/Cabeceras/logo-competicion-4a.png",55,1990,111,NA,NA,1264,7144,NA,NA,FALSE,1045,1050,441,"Estudiantes Caja Postal","Estudiantes CP","EST",1045,79,"FC Barcelona","FC Barcelona","FCB",1,94,15000,4,19,21,22,52,42,38,53,71,28,11,39,6,5,16,0,0,0,1,35,43,76,0,0,0,11,0,1034,1012,0,0,0,0,0,0,0,0,0
1599512,1,"Liga Nacional","Liga Endesa",-402534000,NA,"https://www.acb.com/Documentos/Cabeceras/logo-competicion-1b.png","https://www.acb.com/Documentos/Cabeceras/logo-competicion-4a.png",55,1990,110,NA,NA,1264,7145,NA,NA,TRUE,1062,1062,1734,"Puleva Granada","Puleva Granada","OXI",1047,1328,"Cajabilbao","Cajabilbao","BIL",1,68,12000,1,4,25,27,57,47.37,11,16,68.75,19,8,27,7,5,5,0,2,0,1,15,18,69,0,0,0,1,0,68,66,0,NA,0,0,0,0,0,0,0
1599513,1,"Liga Nacional","Liga Endesa",-402534000,NA,"https://www.acb.com/Documentos/Cabeceras/logo-competicion-1b.png","https://www.acb.com/Documentos/Cabeceras/logo-competicion-4a.png",55,1990,110,NA,NA,1264,7145,NA,NA,FALSE,1047,1062,1734,"Puleva Granada","Puleva Granada","OXI",1047,1328,"Cajabilbao","Cajabilbao","BIL",1,66,12000,4,11,36.36,24,44,54.55,6,10,60,24,8,32,6,2,11,0,1,0,0,18,15,62,0,0,1,0,0,66,68,0,NA,0,0,0,0,0,0,0
1599340,1,"Liga Nacional","Liga Endesa",-402534000,NA,"https://www.acb.com/Documentos/Cabeceras/logo-competicion-1b.png","https://www.acb.com/Documentos/Cabeceras/logo-competicion-4a.png",55,1990,111,NA,NA,1264,7138,NA,NA,FALSE,1054,1046,195,"Taugrés","Taugrés","TAU",1054,605,"Montigalá Joventut","Mont. Joventut","JOV",1,102,12000,5,8,62.5,26,38,68.42,35,50,70,23,4,27,10,7,11,0,1,0,0,25,38,119,0,0,0,1,0,102,84,0,NA,0,0,0,0,0,0,0
1599339,1,"Liga Nacional","Liga Endesa",-402534000,NA,"https://www.acb.com/Documentos/Cabeceras/logo-competicion-1b.png","https://www.acb.com/Documentos/Cabeceras/logo-competicion-4a.png",55,1990,111,NA,NA,1264,7138,NA,NA,TRUE,1046,1046,195,"Taugrés","Taugrés","TAU",1054,605,"Montigalá Joventut","Mont. Joventut","JOV",1,84,12000,5,10,50,23,43,53.49,23,30,76.67,21,3,24,11,4,8,0,1,0,1,39,25,70,0,0,1,0,0,84,102,0,NA,0,0,0,0,0,0,0
1599381,1,"Liga Nacional","Liga Endesa",-402534000,NA,"https://www.acb.com/Documentos/Cabeceras/logo-competicion-1b.png","https://www.acb.com/Documentos/Cabeceras/logo-competicion-4a.png",55,1990,109,NA,NA,1264,7140,NA,NA,TRUE,1052,1052,1496,"Grupo IFA Granollers","IFA Granollers","GRN",1048,1343,"Dyc Breogán","Dyc Breogán","BRE",1,92,12000,4,10,40,29,47,61.7,22,27,81.48,15,6,21,20,6,9,0,3,0,3,18,23,109,0,0,0,1,0,92,90,0,NA,0,0,0,0,0,0,0
1599382,1,"Liga Nacional","Liga Endesa",-402534000,NA,"https://www.acb.com/Documentos/Cabeceras/logo-competicion-1b.png","https://www.acb.com/Documentos/Cabeceras/logo-competicion-4a.png",55,1990,109,NA,NA,1264,7140,NA,NA,FALSE,1048,1052,1496,"Grupo IFA Granollers","IFA Granollers","GRN",1048,1343,"Dyc Breogán","Dyc Breogán","BRE",1,90,12000,6,11,54,24,49,48,24,26,92,15,12,27,3,4,15,0,2,0,1,24,18,73,0,0,9,0,0,810,828,0,0,0,0,0,0,0,0,0
1599437,1,"Liga Nacional","Liga Endesa",-402534000,NA,"https://www.acb.com/Documentos/Cabeceras/logo-competicion-1b.png","https://www.acb.com/Documentos/Cabeceras/logo-competicion-4a.png",55,1990,109,NA,NA,1264,7142,NA,NA,FALSE,1065,1053,1546,"Huesca La Magia","Huesca La Magia","HUE",1065,1107,"Caja San Fernando","C. San Fernando","CSF",1,82,12000,4,16,25,29,52,55,12,15,80,30,9,39,13,6,20,0,4,0,0,20,12,78,0,0,10,0,0,820,900,0,0,0,0,0,0,0,0,0
1599436,1,"Liga Nacional","Liga Endesa",-402534000,NA,"https://www.acb.com/Documentos/Cabeceras/logo-competicion-1b.png","https://www.acb.com/Documentos/Cabeceras/logo-competicion-4a.png",55,1990,109,NA,NA,1264,7142,NA,NA,TRUE,1053,1053,1546,"Huesca La Magia","Huesca La Magia","HUE",1065,1107,"Caja San Fernando","C. San Fernando","CSF",1,90,12000,2,16,12,33,68,48,18,23,78,22,17,39,13,12,8,0,5,0,2,12,20,105,0,0,0,10,0,900,820,0,0,0,0,0,0,0,0,0
1599460,1,"Liga Nacional","Liga Endesa",-402534000,NA,"https://www.acb.com/Documentos/Cabeceras/logo-competicion-1b.png","https://www.acb.com/Documentos/Cabeceras/logo-competicion-4a.png",55,1990,109,NA,NA,1264,7143,NA,NA,TRUE,1057,1057,849,"TDK Manresa","TDK Manresa","MAN",1058,1624,"Mayoral Maristas","May. Maristas","MAY",1,92,12000,6,13,46.15,30,44,68.18,14,17,82.35,28,6,34,18,9,18,0,2,0,1,20,18,111,0,0,0,1,0,92,62,0,NA,0,0,0,0,0,0,0
1599461,1,"Liga Nacional","Liga Endesa",-402534000,NA,"https://www.acb.com/Documentos/Cabeceras/logo-competicion-1b.png","https://www.acb.com/Documentos/Cabeceras/logo-competicion-4a.png",55,1990,109,NA,NA,1264,7143,NA,NA,FALSE,1058,1057,849,"TDK Manresa","TDK Manresa","MAN",1058,1624,"Mayoral Maristas","May. Maristas","MAY",1,62,12000,1,7,14.29,22,53,41.51,15,20,75,14,7,21,5,16,13,0,2,0,0,18,20,53,0,0,1,0,0,62,92,0,NA,0,0,0,0,0,0,0
1599360,1,"Liga Nacional","Liga Endesa",-402534000,NA,"https://www.acb.com/Documentos/Cabeceras/logo-competicion-1b.png","https://www.acb.com/Documentos/Cabeceras/logo-competicion-4a.png",55,1990,110,NA,NA,1264,7139,NA,NA,TRUE,1049,1049,1391,"Cajacanarias","Cajacanarias","CAN",1060,1676,"OAR Ferrol","OAR Ferrol","FER",1,76,12000,5,19,26,21,42,50,19,25,76,19,9,28,5,7,7,0,1,0,2,22,0,47,0,0,0,8,0,608,576,0,0,0,0,0,0,0,0,0
1599361,1,"Liga Nacional","Liga Endesa",-402534000,NA,"https://www.acb.com/Documentos/Cabeceras/logo-competicion-1b.png","https://www.acb.com/Documentos/Cabeceras/logo-competicion-4a.png",55,1990,110,NA,NA,1264,7139,NA,NA,FALSE,1060,1049,1391,"Cajacanarias","Cajacanarias","CAN",1060,1676,"OAR Ferrol","OAR Ferrol","FER",1,72,12000,5,14,35,20,39,51,17,22,77,16,4,20,10,13,11,0,3,0,2,22,1,53,0,0,10,0,0,648,684,0,0,0,0,0,0,0,0,0
1599407,1,"Liga Nacional","Liga Endesa",-402534000,NA,"https://www.acb.com/Documentos/Cabeceras/logo-competicion-1b.png","https://www.acb.com/Documentos/Cabeceras/logo-competicion-4a.png",55,1990,109,NA,NA,1264,7141,NA,NA,FALSE,1051,1064,1034,"Caja de Ronda","Caja de Ronda","RON",1051,1453,"Valvi Girona","Valvi Girona","GIR",1,88,12000,6,17,35,27,45,60,16,22,72,15,3,18,10,15,15,0,1,0,2,25,16,73,0,0,10,0,0,880,910,0,0,0,0,0,0,0,0,0
1599406,1,"Liga Nacional","Liga Endesa",-402534000,NA,"https://www.acb.com/Documentos/Cabeceras/logo-competicion-1b.png","https://www.acb.com/Documentos/Cabeceras/logo-competicion-4a.png",55,1990,109,NA,NA,1264,7141,NA,NA,TRUE,1064,1064,1034,"Caja de Ronda","Caja de Ronda","RON",1051,1453,"Valvi Girona","Valvi Girona","GIR",1,91,12000,6,11,54,30,50,60,13,19,68,18,10,28,15,16,16,0,3,0,7,19,22,109,0,0,0,9,0,819,792,0,0,0,0,0,0,0,0,0
1599663,1,"Liga Nacional","Liga Endesa",-402534000,NA,"https://www.acb.com/Documentos/Cabeceras/logo-competicion-1b.png","https://www.acb.com/Documentos/Cabeceras/logo-competicion-4a.png",55,1990,110,NA,NA,1265,7151,NA,NA,TRUE,1047,1047,1328,"Cajabilbao","Cajabilbao","BIL",1062,1734,"Puleva Granada","Puleva Granada","OXI",1,85,12000,5,13,38.46,23,49,46.94,24,30,80,24,11,35,9,9,8,0,1,0,2,20,25,96,0,0,1,0,0,85,88,0,NA,0,0,0,0,0,0,0
1599664,1,"Liga Nacional","Liga Endesa",-402534000,NA,"https://www.acb.com/Documentos/Cabeceras/logo-competicion-1b.png","https://www.acb.com/Documentos/Cabeceras/logo-competicion-4a.png",55,1990,110,NA,NA,1265,7151,NA,NA,FALSE,1062,1047,1328,"Cajabilbao","Cajabilbao","BIL",1062,1734,"Puleva Granada","Puleva Granada","OXI",1,88,12000,6,10,60,27,49,55.1,16,21,76.19,17,4,21,5,9,6,0,3,0,0,25,20,84,0,0,0,1,0,88,85,0,NA,0,0,0,0,0,0,0
1599565,1,"Liga Nacional","Liga Endesa",-402534000,NA,"https://www.acb.com/Documentos/Cabeceras/logo-competicion-1b.png","https://www.acb.com/Documentos/Cabeceras/logo-competicion-4a.png",55,1990,109,NA,NA,1265,7147,NA,NA,FALSE,1063,1052,1496,"Grupo IFA Granollers","IFA Granollers","GRN",1063,939,"Pamesa Valencia","Pamesa Valencia","PAM",1,92,12000,4,10,40,26,45,57,28,34,82,21,10,31,10,8,12,0,2,0,3,22,23,101,0,0,0,11,0,1012,880,0,0,0,0,0,0,0,0,0
1599564,1,"Liga Nacional","Liga Endesa",-402534000,NA,"https://www.acb.com/Documentos/Cabeceras/logo-competicion-1b.png","https://www.acb.com/Documentos/Cabeceras/logo-competicion-4a.png",55,1990,109,NA,NA,1265,7147,NA,NA,TRUE,1052,1052,1496,"Grupo IFA Granollers","IFA Granollers","GRN",1063,939,"Pamesa Valencia","Pamesa Valencia","PAM",1,80,12000,5,9,55.56,22,58,37.93,21,23,91.3,11,14,25,5,7,16,0,4,0,0,23,22,62,0,0,1,0,0,80,92,0,NA,0,0,0,0,0,0,0
1599592,1,"Liga Nacional","Liga Endesa",-402534000,NA,"https://www.acb.com/Documentos/Cabeceras/logo-competicion-1b.png","https://www.acb.com/Documentos/Cabeceras/logo-competicion-4a.png",55,1990,109,NA,NA,1265,7148,NA,NA,TRUE,1064,1064,1034,"Caja de Ronda","Caja de Ronda","RON",1055,1592,"Elosúa León","Elosúa León","LEO",1,86,12000,4,11,36,31,55,56,12,20,60,21,10,31,16,19,17,0,2,0,5,14,16,100,0,0,0,13,0,1118,975,0,0,0,0,0,0,0,0,0
1599593,1,"Liga Nacional","Liga Endesa",-402534000,NA,"https://www.acb.com/Documentos/Cabeceras/logo-competicion-1b.png","https://www.acb.com/Documentos/Cabeceras/logo-competicion-4a.png",55,1990,109,NA,NA,1265,7148,NA,NA,FALSE,1055,1064,1034,"Caja de Ronda","Caja de Ronda","RON",1055,1592,"Elosúa León","Elosúa León","LEO",1,75,12000,5,13,38,28,51,54,4,5,80,19,5,24,5,6,19,0,1,0,3,17,13,56,0,0,10,0,0,750,860,0,0,0,0,0,0,0,0,0
1599536,1,"Liga Nacional","Liga Endesa",-402534000,NA,"https://www.acb.com/Documentos/Cabeceras/logo-competicion-1b.png","https://www.acb.com/Documentos/Cabeceras/logo-competicion-4a.png",55,1990,110,NA,NA,1265,7146,NA,NA,FALSE,1049,1060,1676,"OAR Ferrol","OAR Ferrol","FER",1049,1391,"Cajacanarias","Cajacanarias","CAN",1,64,12000,5,22,22,18,37,48,13,19,68,21,12,33,19,16,25,0,3,0,1,25,16,59,0,0,10,0,0,640,940,0,0,0,0,0,0,0,0,0
1599535,1,"Liga Nacional","Liga Endesa",-402534000,NA,"https://www.acb.com/Documentos/Cabeceras/logo-competicion-1b.png","https://www.acb.com/Documentos/Cabeceras/logo-competicion-4a.png",55,1990,110,NA,NA,1265,7146,NA,NA,TRUE,1060,1060,1676,"OAR Ferrol","OAR Ferrol","FER",1049,1391,"Cajacanarias","Cajacanarias","CAN",1,94,12000,1,6,16,36,58,62,19,29,65,27,13,40,20,25,16,0,5,0,4,16,25,140,0,0,0,10,0,846,576,0,0,0,0,0,0,0,0,0
1599621,1,"Liga Nacional","Liga Endesa",-402534000,NA,"https://www.acb.com/Documentos/Cabeceras/logo-competicion-1b.png","https://www.acb.com/Documentos/Cabeceras/logo-competicion-4a.png",55,1990,109,NA,NA,1265,7149,NA,NA,FALSE,1059,1053,1546,"Huesca La Magia","Huesca La Magia","HUE",1059,897,"Zumos Júver Murcia","Júver Murcia","MUR",1,80,12000,3,15,20,24,50,48,23,34,67,11,10,21,10,8,11,0,0,0,0,11,32,80,0,0,8,0,0,640,848,0,0,0,0,0,0,0,0,0
1599620,1,"Liga Nacional","Liga Endesa",-402534000,NA,"https://www.acb.com/Documentos/Cabeceras/logo-competicion-1b.png","https://www.acb.com/Documentos/Cabeceras/logo-competicion-4a.png",55,1990,109,NA,NA,1265,7149,NA,NA,TRUE,1053,1053,1546,"Huesca La Magia","Huesca La Magia","HUE",1059,897,"Zumos Júver Murcia","Júver Murcia","MUR",1,106,12000,3,7,42,45,68,66,7,9,77,32,14,46,12,10,20,0,8,0,10,32,10,111,0,0,0,11,0,1166,880,0,0,0,0,0,0,0,0,0
1599644,1,"Liga Nacional","Liga Endesa",-402534000,NA,"https://www.acb.com/Documentos/Cabeceras/logo-competicion-1b.png","https://www.acb.com/Documentos/Cabeceras/logo-competicion-4a.png",55,1990,109,NA,NA,1265,7150,NA,NA,FALSE,1061,1057,849,"TDK Manresa","TDK Manresa","MAN",1061,1705,"Caixa Ourense","Caixa Ourense","OUR",1,83,12000,4,15,26.67,31,52,59.62,9,14,64.29,21,10,31,16,7,13,0,0,0,3,14,16,89,0,0,0,1,0,83,77,0,NA,0,0,0,0,0,0,0
1599643,1,"Liga Nacional","Liga Endesa",-402534000,NA,"https://www.acb.com/Documentos/Cabeceras/logo-competicion-1b.png","https://www.acb.com/Documentos/Cabeceras/logo-competicion-4a.png",55,1990,109,NA,NA,1265,7150,NA,NA,TRUE,1057,1057,849,"TDK Manresa","TDK Manresa","MAN",1061,1705,"Caixa Ourense","Caixa Ourense","OUR",1,77,12000,5,12,41.67,27,46,58.7,8,16,50,21,8,29,11,10,15,0,2,0,3,16,12,76,0,0,1,0,0,77,83,0,NA,0,0,0,0,0,0,0
1599791,1,"Liga Nacional","Liga Endesa",-402534000,NA,"https://www.acb.com/Documentos/Cabeceras/logo-competicion-1b.png","https://www.acb.com/Documentos/Cabeceras/logo-competicion-4a.png",55,1990,111,NA,NA,1266,7156,NA,NA,FALSE,1045,1054,605,"Montigalá Joventut","Mont. Joventut","JOV",1045,79,"FC Barcelona","FC Barcelona","FCB",1,65,12000,5,16,31,19,44,43,12,18,66,22,12,34,10,6,15,0,0,0,0,26,22,54,0,0,9,0,0,585,657,0,0,0,0,0,0,0,0,0
1599790,1,"Liga Nacional","Liga Endesa",-402534000,NA,"https://www.acb.com/Documentos/Cabeceras/logo-competicion-1b.png","https://www.acb.com/Documentos/Cabeceras/logo-competicion-4a.png",55,1990,111,NA,NA,1266,7156,NA,NA,TRUE,1054,1054,605,"Montigalá Joventut","Mont. Joventut","JOV",1045,79,"FC Barcelona","FC Barcelona","FCB",1,73,12000,1,7,14.29,26,49,53.06,18,26,69.23,27,10,37,10,6,14,0,4,0,0,22,26,83,0,0,0,1,0,73,65,0,NA,0,0,0,0,0,0,0
1599687,1,"Liga Nacional","Liga Endesa",-402534000,NA,"https://www.acb.com/Documentos/Cabeceras/logo-competicion-1b.png","https://www.acb.com/Documentos/Cabeceras/logo-competicion-4a.png",55,1990,109,NA,NA,1266,7152,NA,NA,TRUE,1063,1063,939,"Pamesa Valencia","Pamesa Valencia","PAM",1048,1343,"Dyc Breogán","Dyc Breogán","BRE",1,81,12000,3,12,25,24,47,51,24,33,72,16,12,28,14,7,13,0,2,0,1,22,22,78,0,0,8,0,0,648,752,0,0,0,0,0,0,0,0,0
1599688,1,"Liga Nacional","Liga Endesa",-402534000,NA,"https://www.acb.com/Documentos/Cabeceras/logo-competicion-1b.png","https://www.acb.com/Documentos/Cabeceras/logo-competicion-4a.png",55,1990,109,NA,NA,1266,7152,NA,NA,FALSE,1048,1063,939,"Pamesa Valencia","Pamesa Valencia","PAM",1048,1343,"Dyc Breogán","Dyc Breogán","BRE",1,94,12000,7,12,58,26,51,50,21,28,75,16,13,29,14,7,13,0,1,0,2,22,22,95,0,0,0,9,0,846,729,0,0,0,0,0,0,0,0,0
1599712,1,"Liga Nacional","Liga Endesa",-402534000,NA,"https://www.acb.com/Documentos/Cabeceras/logo-competicion-1b.png","https://www.acb.com/Documentos/Cabeceras/logo-competicion-4a.png",55,1990,109,NA,NA,1266,7153,NA,NA,FALSE,1051,1055,1592,"Elosúa León","Elosúa León","LEO",1051,1453,"Valvi Girona","Valvi Girona","GIR",1,96,12000,2,11,18,36,69,52,18,25,72,26,17,43,11,14,9,0,3,0,3,24,23,108,0,0,0,10,0,960,830,0,0,0,0,0,0,0,0,0
1599711,1,"Liga Nacional","Liga Endesa",-402534000,NA,"https://www.acb.com/Documentos/Cabeceras/logo-competicion-1b.png","https://www.acb.com/Documentos/Cabeceras/logo-competicion-4a.png",55,1990,109,NA,NA,1266,7153,NA,NA,TRUE,1055,1055,1592,"Elosúa León","Elosúa León","LEO",1051,1453,"Valvi Girona","Valvi Girona","GIR",1,83,12000,4,16,25,24,42,57,23,28,82,22,9,31,10,10,14,0,4,0,1,23,24,90,0,0,9,0,0,747,864,0,0,0,0,0,0,0,0,0
1599767,1,"Liga Nacional","Liga Endesa",-402534000,NA,"https://www.acb.com/Documentos/Cabeceras/logo-competicion-1b.png","https://www.acb.com/Documentos/Cabeceras/logo-competicion-4a.png",55,1990,109,NA,NA,1266,7155,NA,NA,TRUE,1061,1061,1705,"Caixa Ourense","Caixa Ourense","OUR",1058,1624,"Mayoral Maristas","May. Maristas","MAY",1,84,12000,4,10,40,30,63,47,12,16,75,19,12,31,20,20,13,0,2,0,1,24,18,95,0,0,13,0,0,1092,1183,0,0,0,0,0,0,0,0,0
1599768,1,"Liga Nacional","Liga Endesa",-402534000,NA,"https://www.acb.com/Documentos/Cabeceras/logo-competicion-1b.png","https://www.acb.com/Documentos/Cabeceras/logo-competicion-4a.png",55,1990,109,NA,NA,1266,7155,NA,NA,FALSE,1058,1061,1705,"Caixa Ourense","Caixa Ourense","OUR",1058,1624,"Mayoral Maristas","May. Maristas","MAY",1,91,12000,3,11,27,29,60,48,24,32,75,27,24,51,11,13,20,0,3,0,4,17,22,107,0,0,0,8,0,728,672,0,0,0,0,0,0,0,0,0
1599745,1,"Liga Nacional","Liga Endesa",-402534000,NA,"https://www.acb.com/Documentos/Cabeceras/logo-competicion-1b.png","https://www.acb.com/Documentos/Cabeceras/logo-competicion-4a.png",55,1990,109,NA,NA,1266,7154,NA,NA,FALSE,1065,1059,897,"Zumos Júver Murcia","Júver Murcia","MUR",1065,1107,"Caja San Fernando","C. San Fernando","CSF",1,99,12000,6,14,42,33,55,60,15,20,75,21,4,25,10,18,15,0,4,0,1,20,19,105,0,0,0,9,0,891,756,0,0,0,0,0,0,0,0,0
1599744,1,"Liga Nacional","Liga Endesa",-402534000,NA,"https://www.acb.com/Documentos/Cabeceras/logo-competicion-1b.png","https://www.acb.com/Documentos/Cabeceras/logo-competicion-4a.png",55,1990,109,NA,NA,1266,7154,NA,NA,TRUE,1059,1059,897,"Zumos Júver Murcia","Júver Murcia","MUR",1065,1107,"Caja San Fernando","C. San Fernando","CSF",1,84,12000,4,15,26,32,57,56,8,14,57,25,8,33,15,13,21,0,1,0,0,20,19,82,0,0,13,0,0,1092,1287,0,0,0,0,0,0,0,0,0
1599811,1,"Liga Nacional","Liga Endesa",-402534000,NA,"https://www.acb.com/Documentos/Cabeceras/logo-competicion-1b.png","https://www.acb.com/Documentos/Cabeceras/logo-competicion-4a.png",55,1990,111,NA,NA,1267,7157,NA,NA,TRUE,1054,1054,605,"Montigalá Joventut","Mont. Joventut","JOV",1045,79,"FC Barcelona","FC Barcelona","FCB",1,84,12000,4,8,50,26,53,49.06,20,23,86.96,32,7,39,13,2,7,0,6,0,1,14,20,109,0,0,0,1,0,84,72,0,NA,0,0,0,0,0,0,0
1599812,1,"Liga Nacional","Liga Endesa",-402534000,NA,"https://www.acb.com/Documentos/Cabeceras/logo-competicion-1b.png","https://www.acb.com/Documentos/Cabeceras/logo-competicion-4a.png",55,1990,111,NA,NA,1267,7157,NA,NA,FALSE,1045,1054,605,"Montigalá Joventut","Mont. Joventut","JOV",1045,79,"FC Barcelona","FC Barcelona","FCB",1,72,12000,4,14,28,27,59,45,6,9,66,23,9,32,11,3,9,0,2,0,0,20,14,60,0,0,8,0,0,576,672,0,0,0,0,0,0,0,0,0
1599835,1,"Liga Nacional","Liga Endesa",-402534000,NA,"https://www.acb.com/Documentos/Cabeceras/logo-competicion-1b.png","https://www.acb.com/Documentos/Cabeceras/logo-competicion-4a.png",55,1990,111,NA,NA,1268,7158,NA,NA,FALSE,1054,1045,79,"FC Barcelona","FC Barcelona","FCB",1054,605,"Montigalá Joventut","Mont. Joventut","JOV",1,83,12000,7,14,50,23,40,57.5,16,20,80,19,4,23,14,6,13,0,4,0,0,23,23,89,0,0,1,0,0,83,85,0,NA,0,0,0,0,0,0,0
1599834,1,"Liga Nacional","Liga Endesa",-402534000,NA,"https://www.acb.com/Documentos/Cabeceras/logo-competicion-1b.png","https://www.acb.com/Documentos/Cabeceras/logo-competicion-4a.png",55,1990,111,NA,NA,1268,7158,NA,NA,TRUE,1045,1045,79,"FC Barcelona","FC Barcelona","FCB",1054,605,"Montigalá Joventut","Mont. Joventut","JOV",1,85,12000,8,20,40,22,48,45,17,22,77,18,15,33,12,8,10,0,0,0,3,23,23,85,0,0,0,8,0,680,664,0,0,0,0,0,0,0,0,0
1599882,1,"Liga Nacional","Liga Endesa",-402534000,NA,"https://www.acb.com/Documentos/Cabeceras/logo-competicion-1b.png","https://www.acb.com/Documentos/Cabeceras/logo-competicion-4a.png",55,1990,109,NA,NA,1269,7160,NA,NA,FALSE,1064,1051,1453,"Valvi Girona","Valvi Girona","GIR",1064,1034,"Caja de Ronda","Caja de Ronda","RON",1,80,12000,1,6,16,31,50,62,15,21,71,28,8,36,17,5,17,0,2,0,5,17,23,99,0,0,0,10,0,800,740,0,0,0,0,0,0,0,0,0
1599881,1,"Liga Nacional","Liga Endesa",-402534000,NA,"https://www.acb.com/Documentos/Cabeceras/logo-competicion-1b.png","https://www.acb.com/Documentos/Cabeceras/logo-competicion-4a.png",55,1990,109,NA,NA,1269,7160,NA,NA,TRUE,1051,1051,1453,"Valvi Girona","Valvi Girona","GIR",1064,1034,"Caja de Ronda","Caja de Ronda","RON",1,74,12000,4,18,22,25,52,48,12,15,80,15,11,26,12,8,8,0,6,0,3,23,17,68,0,0,10,0,0,740,800,0,0,0,0,0,0,0,0,0
1599955,1,"Liga Nacional","Liga Endesa",-402534000,NA,"https://www.acb.com/Documentos/Cabeceras/logo-competicion-1b.png","https://www.acb.com/Documentos/Cabeceras/logo-competicion-4a.png",55,1990,111,NA,NA,1269,7163,NA,NA,TRUE,1045,1045,79,"FC Barcelona","FC Barcelona","FCB",1054,605,"Montigalá Joventut","Mont. Joventut","JOV",1,78,12000,8,19,42,24,46,52,6,6,100,18,8,26,16,5,8,0,3,0,1,23,17,81,0,0,8,0,0,624,648,0,0,0,0,0,0,0,0,0
1599956,1,"Liga Nacional","Liga Endesa",-402534000,NA,"https://www.acb.com/Documentos/Cabeceras/logo-competicion-1b.png","https://www.acb.com/Documentos/Cabeceras/logo-competicion-4a.png",55,1990,111,NA,NA,1269,7163,NA,NA,FALSE,1054,1045,79,"FC Barcelona","FC Barcelona","FCB",1054,605,"Montigalá Joventut","Mont. Joventut","JOV",1,81,12000,7,10,70,22,51,43.14,16,20,80,18,15,33,14,6,10,0,3,0,0,17,23,97,0,0,0,1,0,81,78,0,NA,0,0,0,0,0,0,0
1599855,1,"Liga Nacional","Liga Endesa",-402534000,NA,"https://www.acb.com/Documentos/Cabeceras/logo-competicion-1b.png","https://www.acb.com/Documentos/Cabeceras/logo-competicion-4a.png",55,1990,109,NA,NA,1269,7159,NA,NA,TRUE,1048,1048,1343,"Dyc Breogán","Dyc Breogán","BRE",1052,1496,"Grupo IFA Granollers","IFA Granollers","GRN",1,94,12000,7,10,70,28,53,52,17,22,77,19,8,27,6,8,11,0,0,0,3,16,18,93,0,0,0,8,0,752,712,0,0,0,0,0,0,0,0,0
1599856,1,"Liga Nacional","Liga Endesa",-402534000,NA,"https://www.acb.com/Documentos/Cabeceras/logo-competicion-1b.png","https://www.acb.com/Documentos/Cabeceras/logo-competicion-4a.png",55,1990,109,NA,NA,1269,7159,NA,NA,FALSE,1052,1048,1343,"Dyc Breogán","Dyc Breogán","BRE",1052,1496,"Grupo IFA Granollers","IFA Granollers","GRN",1,89,12000,6,14,42.86,31,55,56.36,9,11,81.82,19,11,30,5,3,10,0,2,0,2,18,14,81,0,0,1,0,0,89,94,0,NA,0,0,0,0,0,0,0
1599912,1,"Liga Nacional","Liga Endesa",-402534000,NA,"https://www.acb.com/Documentos/Cabeceras/logo-competicion-1b.png","https://www.acb.com/Documentos/Cabeceras/logo-competicion-4a.png",55,1990,109,NA,NA,1269,7161,NA,NA,FALSE,1053,1065,1107,"Caja San Fernando","C. San Fernando","CSF",1053,1546,"Huesca La Magia","Huesca La Magia","HUE",1,77,12000,3,12,25,30,50,60,8,11,72,23,3,26,2,6,19,0,5,0,4,14,14,65,0,0,10,0,0,770,960,0,0,0,0,0,0,0,0,0
1599911,1,"Liga Nacional","Liga Endesa",-402534000,NA,"https://www.acb.com/Documentos/Cabeceras/logo-competicion-1b.png","https://www.acb.com/Documentos/Cabeceras/logo-competicion-4a.png",55,1990,109,NA,NA,1269,7161,NA,NA,TRUE,1065,1065,1107,"Caja San Fernando","C. San Fernando","CSF",1053,1546,"Huesca La Magia","Huesca La Magia","HUE",1,96,12000,5,15,33,36,61,59,9,16,56,27,12,39,13,13,10,0,1,0,5,14,14,110,0,0,0,9,0,864,693,0,0,0,0,0,0,0,0,0
1599932,1,"Liga Nacional","Liga Endesa",-402534000,NA,"https://www.acb.com/Documentos/Cabeceras/logo-competicion-1b.png","https://www.acb.com/Documentos/Cabeceras/logo-competicion-4a.png",55,1990,109,NA,NA,1269,7162,NA,NA,TRUE,1058,1058,1624,"Mayoral Maristas","May. Maristas","MAY",1057,849,"TDK Manresa","TDK Manresa","MAN",1,69,12000,2,12,16,30,64,46,3,3,100,18,13,31,11,12,7,0,0,0,2,17,12,67,0,0,0,10,0,621,603,0,0,0,0,0,0,0,0,0
1599933,1,"Liga Nacional","Liga Endesa",-402534000,NA,"https://www.acb.com/Documentos/Cabeceras/logo-competicion-1b.png","https://www.acb.com/Documentos/Cabeceras/logo-competicion-4a.png",55,1990,109,NA,NA,1269,7162,NA,NA,FALSE,1057,1058,1624,"Mayoral Maristas","May. Maristas","MAY",1057,849,"TDK Manresa","TDK Manresa","MAN",1,67,12000,3,8,37.5,23,40,57.5,12,14,85.71,24,3,27,7,7,13,0,1,0,0,11,16,77,0,0,1,0,0,67,69,0,NA,0,0,0,0,0,0,0
1777154,2,"Copa de España","Copa del Rey",-1142812800,NA,"https://static.acb.com/img/d/15/9/27868934009.png","https://static.acb.com/img/d/15/9/27868934009.png",55,1990,103,NA,NA,218,591,NA,NA,TRUE,397,397,737,"Real Madrid Otaysa","Real Madrid","RMB",396,1592,"Elosúa León","Elosúa León","LEO",1,71,12000,2,11,18,27,55,49,11,16,68,19,13,32,13,9,0,0,7,0,0,19,0,71,0,0,0,1,0,639,70,0,0,0,0,0,0,0,0,0
1777152,2,"Copa de España","Copa del Rey",-1142812800,NA,"https://static.acb.com/img/d/15/9/27868934009.png","https://static.acb.com/img/d/15/9/27868934009.png",55,1990,103,NA,NA,218,591,NA,NA,FALSE,396,397,737,"Real Madrid Otaysa","Real Madrid","RMB",396,1592,"Elosúa León","Elosúa León","LEO",1,70,12000,1,9,11,25,54,46,17,26,65,24,17,41,9,9,0,0,1,0,0,19,0,65,0,0,1,0,0,560,71,0,0,0,0,0,0,0,0,0
1777151,2,"Copa de España","Copa del Rey",-1142812800,NA,"https://static.acb.com/img/d/15/9/27868934009.png","https://static.acb.com/img/d/15/9/27868934009.png",55,1990,103,NA,NA,218,590,NA,NA,TRUE,409,409,1896,"CAI Zaragoza","CAI Zaragoza","CBZ",391,441,"Estudiantes Caja Postal","Estudiantes CP","EST",1,70,12000,2,8,25,19,46,41,26,37,70,40,9,49,8,4,0,0,1,0,0,34,0,54,0,0,1,0,0,700,76,0,0,0,0,0,0,0,0,0
1777149,2,"Copa de España","Copa del Rey",-1142812800,NA,"https://static.acb.com/img/d/15/9/27868934009.png","https://static.acb.com/img/d/15/9/27868934009.png",55,1990,103,NA,NA,218,590,NA,NA,FALSE,391,409,1896,"CAI Zaragoza","CAI Zaragoza","CBZ",391,441,"Estudiantes Caja Postal","Estudiantes CP","EST",1,76,12000,3,11,27,22,53,41,23,40,57,24,7,31,13,4,0,0,1,0,0,26,0,43,0,0,0,1,0,608,70,0,0,0,0,0,0,0,0,0
1777147,2,"Copa de España","Copa del Rey",-1142812800,NA,"https://static.acb.com/img/d/15/9/27868934009.png","https://static.acb.com/img/d/15/9/27868934009.png",55,1990,103,293,NA,218,589,NA,NA,FALSE,398,395,605,"Montigalá Joventut","Mont. Joventut","JOV",398,849,"TDK Manresa","TDK Manresa","MAN",1,81,12000,7,13,53,24,48,50,12,24,50,31,6,37,11,2,0,0,3,0,0,21,0,71,0,0,1,0,0,729,83,0,0,0,0,0,0,0,0,0
1777145,2,"Copa de España","Copa del Rey",-1142812800,NA,"https://static.acb.com/img/d/15/9/27868934009.png","https://static.acb.com/img/d/15/9/27868934009.png",55,1990,103,293,NA,218,589,NA,NA,TRUE,395,395,605,"Montigalá Joventut","Mont. Joventut","JOV",398,849,"TDK Manresa","TDK Manresa","MAN",1,83,12000,5,14,35,27,68,39,14,22,63,28,18,46,8,8,0,0,4,0,0,27,0,64,0,0,0,1,0,664,81,0,0,0,0,0,0,0,0,0
1777141,2,"Copa de España","Copa del Rey",-1142812800,NA,"https://static.acb.com/img/d/15/9/27868934009.png","https://static.acb.com/img/d/15/9/27868934009.png",55,1990,103,293,NA,218,588,NA,NA,TRUE,386,386,79,"FC Barcelona","FC Barcelona","FCB",387,195,"Taugrés","Taugrés","TAU",1,98,12000,11,20,55,26,48,54.166667,13,18,72.222222,33,10,43,17,2,0,0,4,0,0,27,1,102,0,0,0,1,0,98,79,0,NA,0,0,0,0,0,0,0
1777143,2,"Copa de España","Copa del Rey",-1142812800,NA,"https://static.acb.com/img/d/15/9/27868934009.png","https://static.acb.com/img/d/15/9/27868934009.png",55,1990,103,293,NA,218,588,NA,NA,FALSE,387,386,79,"FC Barcelona","FC Barcelona","FCB",387,195,"Taugrés","Taugrés","TAU",1,79,12000,2,10,20,29,64,45.3125,15,29,51.724138,21,15,36,10,6,0,0,2,0,0,21,1,56,0,0,1,0,0,79,98,0,NA,0,0,0,0,0,0,0
1777163,2,"Copa de España","Copa del Rey",-1142812800,NA,"https://static.acb.com/img/d/15/9/27868934009.png","https://static.acb.com/img/d/15/9/27868934009.png",55,1990,103,292,NA,219,593,NA,NA,TRUE,395,395,605,"Montigalá Joventut","Mont. Joventut","JOV",391,441,"Estudiantes Caja Postal","Estudiantes CP","EST",1,71,12000,6,14,42,20,54,37,13,18,72,18,14,32,6,7,0,0,4,0,0,24,0,49,0,0,1,0,0,568,81,0,0,0,0,0,0,0,0,0
1777161,2,"Copa de España","Copa del Rey",-1142812800,NA,"https://static.acb.com/img/d/15/9/27868934009.png","https://static.acb.com/img/d/15/9/27868934009.png",55,1990,103,292,NA,219,593,NA,NA,FALSE,391,395,605,"Montigalá Joventut","Mont. Joventut","JOV",391,441,"Estudiantes Caja Postal","Estudiantes CP","EST",1,81,12000,9,14,64,19,43,44,16,23,69,28,8,36,9,6,0,0,4,0,0,19,0,81,0,0,0,1,0,648,71,0,0,0,0,0,0,0,0,0
1777158,2,"Copa de España","Copa del Rey",-1142812800,NA,"https://static.acb.com/img/d/15/9/27868934009.png","https://static.acb.com/img/d/15/9/27868934009.png",55,1990,103,292,NA,219,592,NA,NA,FALSE,397,386,79,"FC Barcelona","FC Barcelona","FCB",397,737,"Real Madrid Otaysa","Real Madrid","RMB",1,81,12000,5,12,41,24,46,52,18,30,60,18,11,29,11,9,0,0,6,0,0,26,0,69,0,0,1,0,0,648,82,0,0,0,0,0,0,0,0,0
1777157,2,"Copa de España","Copa del Rey",-1142812800,NA,"https://static.acb.com/img/d/15/9/27868934009.png","https://static.acb.com/img/d/15/9/27868934009.png",55,1990,103,292,NA,219,592,NA,NA,TRUE,386,386,79,"FC Barcelona","FC Barcelona","FCB",397,737,"Real Madrid Otaysa","Real Madrid","RMB",1,82,12000,2,5,40,25,50,50,26,34,76,28,10,38,7,4,0,0,1,0,0,23,1,74,0,0,0,1,0,738,81,0,0,0,0,0,0,0,0,0
1777169,2,"Copa de España","Copa del Rey",-1142812800,NA,"https://static.acb.com/img/d/15/9/27868934009.png","https://static.acb.com/img/d/15/9/27868934009.png",55,1990,103,291,301,220,595,NA,NA,TRUE,386,386,79,"FC Barcelona","FC Barcelona","FCB",391,441,"Estudiantes Caja Postal","Estudiantes CP","EST",1,67,12000,2,13,15,22,41,53,17,22,77,25,8,33,6,5,12,0,1,0,0,24,25,66,0,0,0,1,0,536,65,0,0,0,0,0,0,0,0,0
1777170,2,"Copa de España","Copa del Rey",-1142812800,NA,"https://static.acb.com/img/d/15/9/27868934009.png","https://static.acb.com/img/d/15/9/27868934009.png",55,1990,103,291,301,220,595,NA,NA,FALSE,391,386,79,"FC Barcelona","FC Barcelona","FCB",391,441,"Estudiantes Caja Postal","Estudiantes CP","EST",1,65,12000,1,14,7,23,42,54,16,20,80,23,9,32,7,8,11,0,0,0,2,25,24,64,0,0,1,0,0,520,67,0,0,0,0,0,0,0,0,0
1777167,2,"Copa de España","Copa del Rey",-1142812800,NA,"https://static.acb.com/img/d/15/9/27868934009.png","https://static.acb.com/img/d/15/9/27868934009.png",55,1990,103,251,NA,220,594,NA,NA,TRUE,397,397,737,"Real Madrid Otaysa","Real Madrid","RMB",395,605,"Montigalá Joventut","Mont. Joventut","JOV",1,63,12000,3,12,25,22,52,42,10,16,62,27,10,37,8,5,15,0,0,0,0,21,0,32,0,0,1,0,0,567,79,0,0,0,0,0,0,0,0,0
1777165,2,"Copa de España","Copa del Rey",-1142812800,NA,"https://static.acb.com/img/d/15/9/27868934009.png","https://static.acb.com/img/d/15/9/27868934009.png",55,1990,103,251,NA,220,594,NA,NA,FALSE,395,397,737,"Real Madrid Otaysa","Real Madrid","RMB",395,605,"Montigalá Joventut","Mont. Joventut","JOV",1,79,12000,4,13,30,26,62,41,15,21,71,30,19,49,5,10,11,0,0,0,0,20,0,61,0,0,0,1,0,632,63,0,0,0,0,0,0,0,0,0
