"id","id_competition","competition_name","competition_official_name","competition_initial_date","competition_final_date","competition_url_image","competition_url_image_negative","id_edition","edition_year","id_phase","id_subphase","id_round","id_matchweek","id_match","period","id_edition_license_team","is_local","id_team","id_local_team","local_team_id_team_denomination","local_team_team_actual_name","local_team_team_actual_short_name","local_team_team_abbrev_name","id_visitor_team","visitor_team_id_team_denomination","visitor_team_team_actual_name","visitor_team_team_actual_short_name","visitor_team_team_abbrev_name","match_number","points","time_played","3pt_success","3pt_tried","3pt_percentage","2pt_success","2pt_tried","2pt_percentage","1pt_success","1pt_tried","1pt_percentage","defensive_rebound","offensive_rebound","total_rebound","asis","steals","turnovers","counter_attack","blocks","received_blocks","dunks","personal_fouls","received_fouls","val","differential","tournament_number2","defeats","victories","tie","team_score","rival_team_score","timeouts","time_as_leader","leader_changes","maximun_difference","points_after_steal","points_in_the_paint","second_opportinity_points","bench_points","best_streak"
1502465,1,"Liga Nacional","Liga Endesa",-402534000,NA,"https://www.acb.com/Documentos/Cabeceras/logo-competicion-1b.png","https://www.acb.com/Documentos/Cabeceras/logo-competicion-4a.png",64,1999,107,NA,NA,1655,10235,NA,NA,TRUE,1245,1245,1803,"Cantabria Lobos","Cantabria Lobos","CAN",1241,865,"TDK Manresa","TDK Manresa","MAN",1,83,12000,8,23,34.78,24,46,52.17,11,14,78.57,23,15,38,13,9,7,0,4,7,5,23,19,89,0,0,0,1,0,83,75,0,NA,0,0,0,0,0,0,0
1502466,1,"Liga Nacional","Liga Endesa",-402534000,NA,"https://www.acb.com/Documentos/Cabeceras/logo-competicion-1b.png","https://www.acb.com/Documentos/Cabeceras/logo-competicion-4a.png",64,1999,107,NA,NA,1655,10235,NA,NA,FALSE,1241,1245,1803,"Cantabria Lobos","Cantabria Lobos","CAN",1241,865,"TDK Manresa","TDK Manresa","MAN",1,75,12000,4,12,33,21,42,50,21,27,77,22,10,32,5,7,12,0,7,4,0,19,23,79,0,0,9,0,0,75,83,0,0,0,0,0,0,0,0,0
1502319,1,"Liga Nacional","Liga Endesa",-402534000,NA,"https://www.acb.com/Documentos/Cabeceras/logo-competicion-1b.png","https://www.acb.com/Documentos/Cabeceras/logo-competicion-4a.png",64,1999,107,NA,NA,1655,10229,NA,NA,TRUE,1240,1240,755,"Real Madrid","Real Madrid","RMB",1238,622,"Pinturas Bruger Badalona","Pinturas Bruger","JOV",1,94,12000,7,15,46,26,46,56,21,28,75,19,11,30,10,9,11,0,3,2,0,22,23,99,0,0,0,11,0,1034,82,0,0,0,0,0,0,0,0,0
1502320,1,"Liga Nacional","Liga Endesa",-402534000,NA,"https://www.acb.com/Documentos/Cabeceras/logo-competicion-1b.png","https://www.acb.com/Documentos/Cabeceras/logo-competicion-4a.png",64,1999,107,NA,NA,1655,10229,NA,NA,FALSE,1238,1240,755,"Real Madrid","Real Madrid","RMB",1238,622,"Pinturas Bruger Badalona","Pinturas Bruger","JOV",1,82,12000,7,19,36.84,21,38,55.26,19,29,65.52,20,13,33,9,9,16,0,2,3,1,23,22,76,0,0,1,0,0,82,94,0,NA,0,0,0,0,0,0,0
1502343,1,"Liga Nacional","Liga Endesa",-402534000,NA,"https://www.acb.com/Documentos/Cabeceras/logo-competicion-1b.png","https://www.acb.com/Documentos/Cabeceras/logo-competicion-4a.png",64,1999,107,NA,NA,1655,10230,NA,NA,TRUE,1237,1237,1465,"Casademont Girona","Casademont Gir.","GIR",1244,1125,"Caja San Fernando","C. San Fernando","CSF",1,82,12000,7,14,50,22,39,56.41,17,21,80.95,22,13,35,16,13,17,0,2,0,4,19,22,106,0,0,0,1,0,82,75,0,NA,0,0,0,0,0,0,0
1502344,1,"Liga Nacional","Liga Endesa",-402534000,NA,"https://www.acb.com/Documentos/Cabeceras/logo-competicion-1b.png","https://www.acb.com/Documentos/Cabeceras/logo-competicion-4a.png",64,1999,107,NA,NA,1655,10230,NA,NA,FALSE,1244,1237,1465,"Casademont Girona","Casademont Gir.","GIR",1244,1125,"Caja San Fernando","C. San Fernando","CSF",1,75,12000,12,23,52.17,12,31,38.71,15,21,71.43,13,10,23,10,14,15,0,0,2,0,22,19,66,0,0,1,0,0,75,82,0,NA,0,0,0,0,0,0,0
1502365,1,"Liga Nacional","Liga Endesa",-402534000,NA,"https://www.acb.com/Documentos/Cabeceras/logo-competicion-1b.png","https://www.acb.com/Documentos/Cabeceras/logo-competicion-4a.png",64,1999,107,NA,NA,1655,10231,NA,NA,TRUE,1242,1242,954,"Pamesa Valencia","Pamesa Valencia","PAM",1230,211,"TAU Cerámica","TAU Cerámica","TAU",1,92,12000,6,12,50,24,45,53.33,26,33,78.79,27,13,40,15,5,13,0,2,3,4,18,26,112,0,0,0,1,0,92,85,0,NA,0,0,0,0,0,0,0
1502366,1,"Liga Nacional","Liga Endesa",-402534000,NA,"https://www.acb.com/Documentos/Cabeceras/logo-competicion-1b.png","https://www.acb.com/Documentos/Cabeceras/logo-competicion-4a.png",64,1999,107,NA,NA,1655,10231,NA,NA,FALSE,1230,1242,954,"Pamesa Valencia","Pamesa Valencia","PAM",1230,211,"TAU Cerámica","TAU Cerámica","TAU",1,85,12000,4,16,25,30,60,50,13,23,56.52,16,19,35,13,7,6,0,3,2,2,26,18,75,0,0,1,0,0,85,92,0,NA,0,0,0,0,0,0,0
1502416,1,"Liga Nacional","Liga Endesa",-402534000,NA,"https://www.acb.com/Documentos/Cabeceras/logo-competicion-1b.png","https://www.acb.com/Documentos/Cabeceras/logo-competicion-4a.png",64,1999,107,NA,NA,1655,10233,NA,NA,TRUE,1239,1239,1607,"León Caja España","León C. España","LEO",1233,332,"Canarias Telecom","Canarias Tel.","GCA",1,78,12000,9,18,50,16,30,53.33,19,23,82.61,24,7,31,9,5,14,0,1,1,0,20,23,85,0,0,0,1,0,78,69,0,NA,0,0,0,0,0,0,0
1502417,1,"Liga Nacional","Liga Endesa",-402534000,NA,"https://www.acb.com/Documentos/Cabeceras/logo-competicion-1b.png","https://www.acb.com/Documentos/Cabeceras/logo-competicion-4a.png",64,1999,107,NA,NA,1655,10233,NA,NA,FALSE,1233,1239,1607,"León Caja España","León C. España","LEO",1233,332,"Canarias Telecom","Canarias Tel.","GCA",1,69,12000,5,15,33,21,43,48,12,20,60,20,8,28,8,7,5,0,1,1,2,23,20,64,0,0,11,0,0,759,78,0,0,0,0,0,0,0,0,0
1502295,1,"Liga Nacional","Liga Endesa",-402534000,NA,"https://www.acb.com/Documentos/Cabeceras/logo-competicion-1b.png","https://www.acb.com/Documentos/Cabeceras/logo-competicion-4a.png",64,1999,107,NA,NA,1655,10228,NA,NA,TRUE,1235,1235,1196,"Jabones Pardo Fuenlabrada","Jabones Pardo","FUE",1232,1371,"Cáceres CB","Cáceres CB","CAC",1,89,13500,5,18,27,28,56,50,18,28,64,25,19,44,12,9,9,0,5,1,1,20,23,101,0,0,0,9,0,801,79,0,0,0,0,0,0,0,0,0
1502296,1,"Liga Nacional","Liga Endesa",-402534000,NA,"https://www.acb.com/Documentos/Cabeceras/logo-competicion-1b.png","https://www.acb.com/Documentos/Cabeceras/logo-competicion-4a.png",64,1999,107,NA,NA,1655,10228,NA,NA,FALSE,1232,1235,1196,"Jabones Pardo Fuenlabrada","Jabones Pardo","FUE",1232,1371,"Cáceres CB","Cáceres CB","CAC",1,79,13500,4,16,25,25,41,60.98,17,22,77.27,23,5,28,7,5,13,0,1,5,5,23,20,66,0,0,1,0,0,79,89,0,NA,0,0,0,0,0,0,0
1502392,1,"Liga Nacional","Liga Endesa",-402534000,NA,"https://www.acb.com/Documentos/Cabeceras/logo-competicion-1b.png","https://www.acb.com/Documentos/Cabeceras/logo-competicion-4a.png",64,1999,107,NA,NA,1655,10232,NA,NA,FALSE,1229,1243,1049,"Unicaja","Unicaja","UNI",1229,97,"FC Barcelona","FC Barcelona","FCB",1,74,12000,6,15,40,16,31,51.61,24,33,72.73,20,11,31,10,4,11,0,4,1,3,17,24,85,0,0,0,1,0,74,62,0,NA,0,0,0,0,0,0,0
1502391,1,"Liga Nacional","Liga Endesa",-402534000,NA,"https://www.acb.com/Documentos/Cabeceras/logo-competicion-1b.png","https://www.acb.com/Documentos/Cabeceras/logo-competicion-4a.png",64,1999,107,NA,NA,1655,10232,NA,NA,TRUE,1243,1243,1049,"Unicaja","Unicaja","UNI",1229,97,"FC Barcelona","FC Barcelona","FCB",1,62,12000,8,20,40,15,36,41,8,10,80,17,13,30,13,12,8,0,1,4,0,24,17,64,0,0,12,0,0,62,74,0,0,0,0,0,0,0,0,0
1502490,1,"Liga Nacional","Liga Endesa",-402534000,NA,"https://www.acb.com/Documentos/Cabeceras/logo-competicion-1b.png","https://www.acb.com/Documentos/Cabeceras/logo-competicion-4a.png",64,1999,107,NA,NA,1655,10236,NA,NA,FALSE,1234,1231,1353,"Breogán Universidade","Breogán Uni.","BRE",1234,457,"Adecco Estudiantes","Adecco Estu","EST",1,76,12000,8,17,47,23,44,52,6,12,50,21,11,32,10,6,12,0,0,3,0,18,15,70,0,0,0,9,0,684,69,0,0,0,0,0,0,0,0,0
1502489,1,"Liga Nacional","Liga Endesa",-402534000,NA,"https://www.acb.com/Documentos/Cabeceras/logo-competicion-1b.png","https://www.acb.com/Documentos/Cabeceras/logo-competicion-4a.png",64,1999,107,NA,NA,1655,10236,NA,NA,TRUE,1231,1231,1353,"Breogán Universidade","Breogán Uni.","BRE",1234,457,"Adecco Estudiantes","Adecco Estu","EST",1,69,12000,7,13,53,19,45,42,10,17,58,20,11,31,5,11,10,0,3,0,0,15,18,73,0,0,11,0,0,759,76,0,0,0,0,0,0,0,0,0
1502444,1,"Liga Nacional","Liga Endesa",-402534000,NA,"https://www.acb.com/Documentos/Cabeceras/logo-competicion-1b.png","https://www.acb.com/Documentos/Cabeceras/logo-competicion-4a.png",64,1999,107,NA,NA,1655,10234,NA,NA,FALSE,1246,1236,1445,"Gijón Baloncesto","Gijón Bal.","GIJ",1246,1848,"Fórum Valladolid","Fórum Vall.","FOR",1,50,12000,2,10,20,18,42,42,8,16,50,23,16,39,7,5,8,0,1,2,0,13,16,55,0,0,11,0,0,550,51,0,0,0,0,0,0,0,0,0
1502443,1,"Liga Nacional","Liga Endesa",-402534000,NA,"https://www.acb.com/Documentos/Cabeceras/logo-competicion-1b.png","https://www.acb.com/Documentos/Cabeceras/logo-competicion-4a.png",64,1999,107,NA,NA,1655,10234,NA,NA,TRUE,1236,1236,1445,"Gijón Baloncesto","Gijón Bal.","GIJ",1246,1848,"Fórum Valladolid","Fórum Vall.","FOR",1,51,12000,6,15,40,14,29,48.28,5,13,38.46,21,8,29,5,5,8,0,2,1,1,16,13,48,0,0,0,1,0,51,50,0,NA,0,0,0,0,0,0,0
1502707,1,"Liga Nacional","Liga Endesa",-402534000,NA,"https://www.acb.com/Documentos/Cabeceras/logo-competicion-1b.png","https://www.acb.com/Documentos/Cabeceras/logo-competicion-4a.png",64,1999,107,NA,NA,1656,10245,NA,NA,TRUE,1240,1240,755,"Real Madrid","Real Madrid","RMB",1235,1196,"Jabones Pardo Fuenlabrada","Jabones Pardo","FUE",1,72,12000,3,15,20,25,49,51,13,21,61,20,14,34,9,9,10,0,5,2,2,22,20,71,0,0,11,0,0,792,75,0,0,0,0,0,0,0,0,0
1502708,1,"Liga Nacional","Liga Endesa",-402534000,NA,"https://www.acb.com/Documentos/Cabeceras/logo-competicion-1b.png","https://www.acb.com/Documentos/Cabeceras/logo-competicion-4a.png",64,1999,107,NA,NA,1656,10245,NA,NA,FALSE,1235,1240,755,"Real Madrid","Real Madrid","RMB",1235,1196,"Jabones Pardo Fuenlabrada","Jabones Pardo","FUE",1,75,12000,3,13,23,23,46,50,20,28,71,26,13,39,10,10,11,0,2,5,2,20,22,81,0,0,0,9,0,675,72,0,0,0,0,0,0,0,0,0
1502512,1,"Liga Nacional","Liga Endesa",-402534000,NA,"https://www.acb.com/Documentos/Cabeceras/logo-competicion-1b.png","https://www.acb.com/Documentos/Cabeceras/logo-competicion-4a.png",64,1999,107,NA,NA,1656,10237,NA,NA,FALSE,1234,1232,1371,"Cáceres CB","Cáceres CB","CAC",1234,457,"Adecco Estudiantes","Adecco Estu","EST",1,77,12000,9,25,36,16,36,44,18,25,72,17,15,32,10,9,12,0,1,6,0,29,19,58,0,0,10,0,0,770,92,0,0,0,0,0,0,0,0,0
1502511,1,"Liga Nacional","Liga Endesa",-402534000,NA,"https://www.acb.com/Documentos/Cabeceras/logo-competicion-1b.png","https://www.acb.com/Documentos/Cabeceras/logo-competicion-4a.png",64,1999,107,NA,NA,1656,10237,NA,NA,TRUE,1232,1232,1371,"Cáceres CB","Cáceres CB","CAC",1234,457,"Adecco Estudiantes","Adecco Estu","EST",1,92,12000,8,14,57.14,24,43,55.81,20,32,62.5,19,13,32,8,10,11,0,6,1,2,19,29,109,0,0,0,1,0,92,77,0,NA,0,0,0,0,0,0,0
1502538,1,"Liga Nacional","Liga Endesa",-402534000,NA,"https://www.acb.com/Documentos/Cabeceras/logo-competicion-1b.png","https://www.acb.com/Documentos/Cabeceras/logo-competicion-4a.png",64,1999,107,NA,NA,1656,10238,NA,NA,TRUE,1241,1241,865,"TDK Manresa","TDK Manresa","MAN",1231,1353,"Breogán Universidade","Breogán Uni.","BRE",1,89,12000,5,15,33,30,52,57,14,19,73,21,12,33,13,16,10,0,8,4,4,20,18,106,0,0,0,11,0,979,60,0,0,0,0,0,0,0,0,0
1502539,1,"Liga Nacional","Liga Endesa",-402534000,NA,"https://www.acb.com/Documentos/Cabeceras/logo-competicion-1b.png","https://www.acb.com/Documentos/Cabeceras/logo-competicion-4a.png",64,1999,107,NA,NA,1656,10238,NA,NA,FALSE,1231,1241,865,"TDK Manresa","TDK Manresa","MAN",1231,1353,"Breogán Universidade","Breogán Uni.","BRE",1,60,12000,0,6,0,24,43,55,12,17,70,21,7,28,5,5,24,0,4,8,0,18,20,42,0,0,12,0,0,720,89,0,0,0,0,0,0,0,0,0
1502566,1,"Liga Nacional","Liga Endesa",-402534000,NA,"https://www.acb.com/Documentos/Cabeceras/logo-competicion-1b.png","https://www.acb.com/Documentos/Cabeceras/logo-competicion-4a.png",64,1999,107,NA,NA,1656,10239,NA,NA,TRUE,1246,1246,1848,"Fórum Valladolid","Fórum Vall.","FOR",1245,1803,"Cantabria Lobos","Cantabria Lobos","CAN",1,93,12000,8,12,66,22,39,56,25,34,73,30,5,35,15,11,8,0,1,1,3,25,26,117,0,0,0,12,0,1116,48,0,0,0,0,0,0,0,0,0
1502567,1,"Liga Nacional","Liga Endesa",-402534000,NA,"https://www.acb.com/Documentos/Cabeceras/logo-competicion-1b.png","https://www.acb.com/Documentos/Cabeceras/logo-competicion-4a.png",64,1999,107,NA,NA,1656,10239,NA,NA,FALSE,1245,1246,1848,"Fórum Valladolid","Fórum Vall.","FOR",1245,1803,"Cantabria Lobos","Cantabria Lobos","CAN",1,48,12000,4,19,21.05,12,35,34.29,12,19,63.16,18,9,27,4,3,19,0,1,1,0,26,25,17,0,0,1,0,0,48,93,0,NA,0,0,0,0,0,0,0
1502592,1,"Liga Nacional","Liga Endesa",-402534000,NA,"https://www.acb.com/Documentos/Cabeceras/logo-competicion-1b.png","https://www.acb.com/Documentos/Cabeceras/logo-competicion-4a.png",64,1999,107,NA,NA,1656,10240,NA,NA,TRUE,1233,1233,332,"Canarias Telecom","Canarias Tel.","GCA",1236,1445,"Gijón Baloncesto","Gijón Bal.","GIJ",1,69,12000,4,10,40,20,36,55,17,25,68,19,9,28,14,9,21,0,2,1,2,14,24,80,0,0,0,11,0,759,66,0,0,0,0,0,0,0,0,0
1502593,1,"Liga Nacional","Liga Endesa",-402534000,NA,"https://www.acb.com/Documentos/Cabeceras/logo-competicion-1b.png","https://www.acb.com/Documentos/Cabeceras/logo-competicion-4a.png",64,1999,107,NA,NA,1656,10240,NA,NA,FALSE,1236,1233,332,"Canarias Telecom","Canarias Tel.","GCA",1236,1445,"Gijón Baloncesto","Gijón Bal.","GIJ",1,66,12000,4,17,23.53,24,49,48.98,6,7,85.71,15,15,30,7,14,15,0,1,2,4,24,14,52,0,0,1,0,0,66,69,0,NA,0,0,0,0,0,0,0
1502617,1,"Liga Nacional","Liga Endesa",-402534000,NA,"https://www.acb.com/Documentos/Cabeceras/logo-competicion-1b.png","https://www.acb.com/Documentos/Cabeceras/logo-competicion-4a.png",64,1999,107,NA,NA,1656,10241,NA,NA,TRUE,1229,1229,97,"FC Barcelona","FC Barcelona","FCB",1239,1607,"León Caja España","León C. España","LEO",1,82,12000,6,20,30,20,32,62.5,24,30,80,24,6,30,17,15,15,0,8,2,1,15,23,111,0,0,0,1,0,82,65,0,NA,0,0,0,0,0,0,0
1502618,1,"Liga Nacional","Liga Endesa",-402534000,NA,"https://www.acb.com/Documentos/Cabeceras/logo-competicion-1b.png","https://www.acb.com/Documentos/Cabeceras/logo-competicion-4a.png",64,1999,107,NA,NA,1656,10241,NA,NA,FALSE,1239,1229,97,"FC Barcelona","FC Barcelona","FCB",1239,1607,"León Caja España","León C. España","LEO",1,65,12000,7,10,70,18,47,38.3,8,13,61.54,21,10,31,6,9,19,0,2,8,0,23,15,41,0,0,1,0,0,65,82,0,NA,0,0,0,0,0,0,0
1502642,1,"Liga Nacional","Liga Endesa",-402534000,NA,"https://www.acb.com/Documentos/Cabeceras/logo-competicion-1b.png","https://www.acb.com/Documentos/Cabeceras/logo-competicion-4a.png",64,1999,107,NA,NA,1656,10242,NA,NA,FALSE,1243,1230,211,"TAU Cerámica","TAU Cerámica","TAU",1243,1049,"Unicaja","Unicaja","UNI",1,74,12000,4,11,36,21,34,61,20,28,71,25,8,33,12,10,14,0,0,2,0,20,22,87,0,0,0,10,0,740,59,0,0,0,0,0,0,0,0,0
1502641,1,"Liga Nacional","Liga Endesa",-402534000,NA,"https://www.acb.com/Documentos/Cabeceras/logo-competicion-1b.png","https://www.acb.com/Documentos/Cabeceras/logo-competicion-4a.png",64,1999,107,NA,NA,1656,10242,NA,NA,TRUE,1230,1230,211,"TAU Cerámica","TAU Cerámica","TAU",1243,1049,"Unicaja","Unicaja","UNI",1,59,12000,7,19,36.84,14,37,37.84,10,18,55.56,15,11,26,6,6,13,0,2,0,1,22,20,41,0,0,1,0,0,59,74,0,NA,0,0,0,0,0,0,0
1502662,1,"Liga Nacional","Liga Endesa",-402534000,NA,"https://www.acb.com/Documentos/Cabeceras/logo-competicion-1b.png","https://www.acb.com/Documentos/Cabeceras/logo-competicion-4a.png",64,1999,107,NA,NA,1656,10243,NA,NA,TRUE,1244,1244,1125,"Caja San Fernando","C. San Fernando","CSF",1242,954,"Pamesa Valencia","Pamesa Valencia","PAM",1,63,12000,6,13,46.15,17,37,45.95,11,14,78.57,18,12,30,10,6,15,0,1,3,1,20,15,57,0,0,1,0,0,63,73,0,NA,0,0,0,0,0,0,0
1502663,1,"Liga Nacional","Liga Endesa",-402534000,NA,"https://www.acb.com/Documentos/Cabeceras/logo-competicion-1b.png","https://www.acb.com/Documentos/Cabeceras/logo-competicion-4a.png",64,1999,107,NA,NA,1656,10243,NA,NA,FALSE,1242,1244,1125,"Caja San Fernando","C. San Fernando","CSF",1242,954,"Pamesa Valencia","Pamesa Valencia","PAM",1,73,12000,5,7,71.43,24,45,53.33,10,26,38.46,16,12,28,12,11,7,0,3,1,3,15,20,85,0,0,0,1,0,73,63,0,NA,0,0,0,0,0,0,0
1502684,1,"Liga Nacional","Liga Endesa",-402534000,NA,"https://www.acb.com/Documentos/Cabeceras/logo-competicion-1b.png","https://www.acb.com/Documentos/Cabeceras/logo-competicion-4a.png",64,1999,107,NA,NA,1656,10244,NA,NA,FALSE,1237,1238,622,"Pinturas Bruger Badalona","Pinturas Bruger","JOV",1237,1465,"Casademont Girona","Casademont Gir.","GIR",1,72,12000,6,12,50,19,44,43.18,16,26,61.54,24,10,34,14,9,9,0,4,0,2,19,24,88,0,0,0,1,0,72,67,0,NA,0,0,0,0,0,0,0
1502683,1,"Liga Nacional","Liga Endesa",-402534000,NA,"https://www.acb.com/Documentos/Cabeceras/logo-competicion-1b.png","https://www.acb.com/Documentos/Cabeceras/logo-competicion-4a.png",64,1999,107,NA,NA,1656,10244,NA,NA,TRUE,1238,1238,622,"Pinturas Bruger Badalona","Pinturas Bruger","JOV",1237,1465,"Casademont Girona","Casademont Gir.","GIR",1,67,12000,1,9,11.11,23,46,50,18,22,81.82,24,10,34,9,9,13,0,0,4,0,24,19,62,0,0,1,0,0,67,72,0,NA,0,0,0,0,0,0,0
1502824,1,"Liga Nacional","Liga Endesa",-402534000,NA,"https://www.acb.com/Documentos/Cabeceras/logo-competicion-1b.png","https://www.acb.com/Documentos/Cabeceras/logo-competicion-4a.png",64,1999,107,NA,NA,1657,10250,NA,NA,TRUE,1239,1239,1607,"León Caja España","León C. España","LEO",1230,211,"TAU Cerámica","TAU Cerámica","TAU",1,66,12000,2,11,18.18,25,45,55.56,10,13,76.92,12,5,17,7,10,14,0,0,3,0,17,16,50,0,0,1,0,0,66,83,0,NA,0,0,0,0,0,0,0
1502825,1,"Liga Nacional","Liga Endesa",-402534000,NA,"https://www.acb.com/Documentos/Cabeceras/logo-competicion-1b.png","https://www.acb.com/Documentos/Cabeceras/logo-competicion-4a.png",64,1999,107,NA,NA,1657,10250,NA,NA,FALSE,1230,1239,1607,"León Caja España","León C. España","LEO",1230,211,"TAU Cerámica","TAU Cerámica","TAU",1,83,12000,11,16,68.75,18,31,58.06,14,16,87.5,22,7,29,16,5,19,0,3,0,4,16,17,98,0,0,0,1,0,83,66,0,NA,0,0,0,0,0,0,0
1502756,1,"Liga Nacional","Liga Endesa",-402534000,NA,"https://www.acb.com/Documentos/Cabeceras/logo-competicion-1b.png","https://www.acb.com/Documentos/Cabeceras/logo-competicion-4a.png",64,1999,107,NA,NA,1657,10247,NA,NA,FALSE,1235,1237,1465,"Casademont Girona","Casademont Gir.","GIR",1235,1196,"Jabones Pardo Fuenlabrada","Jabones Pardo","FUE",1,76,12000,8,17,47,22,44,50,8,12,66,16,13,29,16,7,12,0,3,2,4,21,16,77,0,0,10,0,0,760,87,0,0,0,0,0,0,0,0,0
1502755,1,"Liga Nacional","Liga Endesa",-402534000,NA,"https://www.acb.com/Documentos/Cabeceras/logo-competicion-1b.png","https://www.acb.com/Documentos/Cabeceras/logo-competicion-4a.png",64,1999,107,NA,NA,1657,10247,NA,NA,TRUE,1237,1237,1465,"Casademont Girona","Casademont Gir.","GIR",1235,1196,"Jabones Pardo Fuenlabrada","Jabones Pardo","FUE",1,87,12000,6,17,35.29,26,40,65,17,23,73.91,17,14,31,18,13,11,0,2,3,2,16,21,111,0,0,0,1,0,87,76,0,NA,0,0,0,0,0,0,0
1502871,1,"Liga Nacional","Liga Endesa",-402534000,NA,"https://www.acb.com/Documentos/Cabeceras/logo-competicion-1b.png","https://www.acb.com/Documentos/Cabeceras/logo-competicion-4a.png",64,1999,107,NA,NA,1657,10252,NA,NA,FALSE,1233,1245,1803,"Cantabria Lobos","Cantabria Lobos","CAN",1233,332,"Canarias Telecom","Canarias Tel.","GCA",1,83,12000,4,9,44,24,48,50,23,29,79,26,13,39,8,4,9,0,2,5,2,19,21,89,0,0,0,10,0,830,79,0,0,0,0,0,0,0,0,0
1502870,1,"Liga Nacional","Liga Endesa",-402534000,NA,"https://www.acb.com/Documentos/Cabeceras/logo-competicion-1b.png","https://www.acb.com/Documentos/Cabeceras/logo-competicion-4a.png",64,1999,107,NA,NA,1657,10252,NA,NA,TRUE,1245,1245,1803,"Cantabria Lobos","Cantabria Lobos","CAN",1233,332,"Canarias Telecom","Canarias Tel.","GCA",1,79,12000,10,25,40,19,34,55.88,11,21,52.38,24,11,35,10,6,11,0,5,2,0,21,19,80,0,0,1,0,0,79,83,0,NA,0,0,0,0,0,0,0
1502922,1,"Liga Nacional","Liga Endesa",-402534000,NA,"https://www.acb.com/Documentos/Cabeceras/logo-competicion-1b.png","https://www.acb.com/Documentos/Cabeceras/logo-competicion-4a.png",64,1999,107,NA,NA,1657,10254,NA,NA,FALSE,1241,1234,457,"Adecco Estudiantes","Adecco Estu","EST",1241,865,"TDK Manresa","TDK Manresa","MAN",1,68,12000,6,20,30,17,40,42,16,22,72,24,12,36,10,9,13,0,6,1,3,18,20,74,0,0,9,0,0,612,74,0,0,0,0,0,0,0,0,0
1502921,1,"Liga Nacional","Liga Endesa",-402534000,NA,"https://www.acb.com/Documentos/Cabeceras/logo-competicion-1b.png","https://www.acb.com/Documentos/Cabeceras/logo-competicion-4a.png",64,1999,107,NA,NA,1657,10254,NA,NA,TRUE,1234,1234,457,"Adecco Estudiantes","Adecco Estu","EST",1241,865,"TDK Manresa","TDK Manresa","MAN",1,74,12000,8,21,38.1,20,39,51.28,10,13,76.92,27,8,35,15,9,10,0,1,6,1,20,18,81,0,0,0,1,0,74,68,0,NA,0,0,0,0,0,0,0
1502802,1,"Liga Nacional","Liga Endesa",-402534000,NA,"https://www.acb.com/Documentos/Cabeceras/logo-competicion-1b.png","https://www.acb.com/Documentos/Cabeceras/logo-competicion-4a.png",64,1999,107,NA,NA,1657,10249,NA,NA,TRUE,1243,1243,1049,"Unicaja","Unicaja","UNI",1244,1125,"Caja San Fernando","C. San Fernando","CSF",1,65,12000,3,9,33,19,30,63,18,23,78,19,7,26,16,9,9,0,0,2,0,13,19,89,0,0,0,10,0,650,59,0,0,0,0,0,0,0,0,0
1502803,1,"Liga Nacional","Liga Endesa",-402534000,NA,"https://www.acb.com/Documentos/Cabeceras/logo-competicion-1b.png","https://www.acb.com/Documentos/Cabeceras/logo-competicion-4a.png",64,1999,107,NA,NA,1657,10249,NA,NA,FALSE,1244,1243,1049,"Unicaja","Unicaja","UNI",1244,1125,"Caja San Fernando","C. San Fernando","CSF",1,59,12000,13,31,41.94,7,17,41.18,6,7,85.71,10,10,20,10,5,12,0,2,0,1,19,13,49,0,0,1,0,0,59,65,0,NA,0,0,0,0,0,0,0
1502778,1,"Liga Nacional","Liga Endesa",-402534000,NA,"https://www.acb.com/Documentos/Cabeceras/logo-competicion-1b.png","https://www.acb.com/Documentos/Cabeceras/logo-competicion-4a.png",64,1999,107,NA,NA,1657,10248,NA,NA,TRUE,1242,1242,954,"Pamesa Valencia","Pamesa Valencia","PAM",1238,622,"Pinturas Bruger Badalona","Pinturas Bruger","JOV",1,85,12000,3,11,27.27,27,52,51.92,22,32,68.75,20,12,32,18,13,6,0,0,2,3,15,26,108,0,0,0,1,0,85,78,0,NA,0,0,0,0,0,0,0
1502779,1,"Liga Nacional","Liga Endesa",-402534000,NA,"https://www.acb.com/Documentos/Cabeceras/logo-competicion-1b.png","https://www.acb.com/Documentos/Cabeceras/logo-competicion-4a.png",64,1999,107,NA,NA,1657,10248,NA,NA,FALSE,1238,1242,954,"Pamesa Valencia","Pamesa Valencia","PAM",1238,622,"Pinturas Bruger Badalona","Pinturas Bruger","JOV",1,78,12000,4,13,30.77,27,51,52.94,12,15,80,28,15,43,10,4,15,0,2,0,0,26,15,75,0,0,1,0,0,78,85,0,NA,0,0,0,0,0,0,0
1502848,1,"Liga Nacional","Liga Endesa",-402534000,NA,"https://www.acb.com/Documentos/Cabeceras/logo-competicion-1b.png","https://www.acb.com/Documentos/Cabeceras/logo-competicion-4a.png",64,1999,107,NA,NA,1657,10251,NA,NA,TRUE,1236,1236,1445,"Gijón Baloncesto","Gijón Bal.","GIJ",1229,97,"FC Barcelona","FC Barcelona","FCB",1,79,12000,10,23,43.48,16,36,44.44,17,20,85,24,16,40,13,6,9,0,4,5,2,24,21,89,0,0,0,1,0,79,69,0,NA,0,0,0,0,0,0,0
1502849,1,"Liga Nacional","Liga Endesa",-402534000,NA,"https://www.acb.com/Documentos/Cabeceras/logo-competicion-1b.png","https://www.acb.com/Documentos/Cabeceras/logo-competicion-4a.png",64,1999,107,NA,NA,1657,10251,NA,NA,FALSE,1229,1236,1445,"Gijón Baloncesto","Gijón Bal.","GIJ",1229,97,"FC Barcelona","FC Barcelona","FCB",1,69,12000,9,22,40.91,14,38,36.84,14,24,58.33,17,15,32,6,6,7,0,5,4,3,21,24,63,0,0,1,0,0,69,79,0,NA,0,0,0,0,0,0,0
1502733,1,"Liga Nacional","Liga Endesa",-402534000,NA,"https://www.acb.com/Documentos/Cabeceras/logo-competicion-1b.png","https://www.acb.com/Documentos/Cabeceras/logo-competicion-4a.png",64,1999,107,NA,NA,1657,10246,NA,NA,FALSE,1240,1232,1371,"Cáceres CB","Cáceres CB","CAC",1240,755,"Real Madrid","Real Madrid","RMB",1,68,12000,4,18,22,20,47,42,16,24,66,27,15,42,13,12,16,0,3,3,2,19,19,70,0,0,11,0,0,748,73,0,0,0,0,0,0,0,0,0
1502732,1,"Liga Nacional","Liga Endesa",-402534000,NA,"https://www.acb.com/Documentos/Cabeceras/logo-competicion-1b.png","https://www.acb.com/Documentos/Cabeceras/logo-competicion-4a.png",64,1999,107,NA,NA,1657,10246,NA,NA,TRUE,1232,1232,1371,"Cáceres CB","Cáceres CB","CAC",1240,755,"Real Madrid","Real Madrid","RMB",1,73,12000,3,15,20,25,45,55.56,14,17,82.35,28,6,34,19,9,14,0,3,3,2,19,19,86,0,0,0,1,0,73,68,0,NA,0,0,0,0,0,0,0
1502900,1,"Liga Nacional","Liga Endesa",-402534000,NA,"https://www.acb.com/Documentos/Cabeceras/logo-competicion-1b.png","https://www.acb.com/Documentos/Cabeceras/logo-competicion-4a.png",64,1999,107,NA,NA,1657,10253,NA,NA,FALSE,1246,1231,1353,"Breogán Universidade","Breogán Uni.","BRE",1246,1848,"Fórum Valladolid","Fórum Vall.","FOR",1,89,12000,9,14,64,24,42,57,14,22,63,24,7,31,9,11,11,0,1,0,3,26,21,94,0,0,0,12,0,1068,64,0,0,0,0,0,0,0,0,0
1502899,1,"Liga Nacional","Liga Endesa",-402534000,NA,"https://www.acb.com/Documentos/Cabeceras/logo-competicion-1b.png","https://www.acb.com/Documentos/Cabeceras/logo-competicion-4a.png",64,1999,107,NA,NA,1657,10253,NA,NA,TRUE,1231,1231,1353,"Breogán Universidade","Breogán Uni.","BRE",1246,1848,"Fórum Valladolid","Fórum Vall.","FOR",1,64,12000,2,10,20,18,46,39,22,30,73,20,13,33,6,11,16,0,0,1,0,21,26,58,0,0,11,0,0,704,89,0,0,0,0,0,0,0,0,0
1502942,1,"Liga Nacional","Liga Endesa",-402534000,NA,"https://www.acb.com/Documentos/Cabeceras/logo-competicion-1b.png","https://www.acb.com/Documentos/Cabeceras/logo-competicion-4a.png",64,1999,107,NA,NA,1658,10255,NA,NA,TRUE,1241,1241,865,"TDK Manresa","TDK Manresa","MAN",1232,1371,"Cáceres CB","Cáceres CB","CAC",1,74,12000,8,27,29,20,41,48,10,18,55,25,14,39,11,14,11,0,4,1,3,21,20,81,0,0,0,10,0,740,67,0,0,0,0,0,0,0,0,0
1502943,1,"Liga Nacional","Liga Endesa",-402534000,NA,"https://www.acb.com/Documentos/Cabeceras/logo-competicion-1b.png","https://www.acb.com/Documentos/Cabeceras/logo-competicion-4a.png",64,1999,107,NA,NA,1658,10255,NA,NA,FALSE,1232,1241,865,"TDK Manresa","TDK Manresa","MAN",1232,1371,"Cáceres CB","Cáceres CB","CAC",1,67,12000,5,14,35.71,19,46,41.3,14,24,58.33,29,15,44,5,5,18,0,1,4,1,20,21,55,0,0,1,0,0,67,74,0,NA,0,0,0,0,0,0,0
1503070,1,"Liga Nacional","Liga Endesa",-402534000,NA,"https://www.acb.com/Documentos/Cabeceras/logo-competicion-1b.png","https://www.acb.com/Documentos/Cabeceras/logo-competicion-4a.png",64,1999,107,NA,NA,1658,10260,NA,NA,TRUE,1244,1244,1125,"Caja San Fernando","C. San Fernando","CSF",1239,1607,"León Caja España","León C. España","LEO",1,75,12000,7,18,38.89,16,30,53.33,22,30,73.33,16,6,22,11,12,4,0,1,2,0,18,24,88,0,0,0,1,0,75,52,0,NA,0,0,0,0,0,0,0
1503071,1,"Liga Nacional","Liga Endesa",-402534000,NA,"https://www.acb.com/Documentos/Cabeceras/logo-competicion-1b.png","https://www.acb.com/Documentos/Cabeceras/logo-competicion-4a.png",64,1999,107,NA,NA,1658,10260,NA,NA,FALSE,1239,1244,1125,"Caja San Fernando","C. San Fernando","CSF",1239,1607,"León Caja España","León C. España","LEO",1,52,12000,3,15,20,14,28,50,15,17,88.24,21,8,29,5,4,17,0,2,1,0,24,18,40,0,0,1,0,0,52,75,0,NA,0,0,0,0,0,0,0
1502971,1,"Liga Nacional","Liga Endesa",-402534000,NA,"https://www.acb.com/Documentos/Cabeceras/logo-competicion-1b.png","https://www.acb.com/Documentos/Cabeceras/logo-competicion-4a.png",64,1999,107,NA,NA,1658,10256,NA,NA,TRUE,1246,1246,1848,"Fórum Valladolid","Fórum Vall.","FOR",1234,457,"Adecco Estudiantes","Adecco Estu","EST",1,77,12000,7,19,36,18,37,48,20,26,76,20,11,31,15,7,9,0,3,3,1,16,24,92,0,0,0,12,0,924,64,0,0,0,0,0,0,0,0,0
1502972,1,"Liga Nacional","Liga Endesa",-402534000,NA,"https://www.acb.com/Documentos/Cabeceras/logo-competicion-1b.png","https://www.acb.com/Documentos/Cabeceras/logo-competicion-4a.png",64,1999,107,NA,NA,1658,10256,NA,NA,FALSE,1234,1246,1848,"Fórum Valladolid","Fórum Vall.","FOR",1234,457,"Adecco Estudiantes","Adecco Estu","EST",1,64,12000,5,20,25,18,37,48,13,18,72,23,11,34,9,6,14,0,3,3,0,24,16,52,0,0,11,0,0,704,77,0,0,0,0,0,0,0,0,0
1503021,1,"Liga Nacional","Liga Endesa",-402534000,NA,"https://www.acb.com/Documentos/Cabeceras/logo-competicion-1b.png","https://www.acb.com/Documentos/Cabeceras/logo-competicion-4a.png",64,1999,107,NA,NA,1658,10258,NA,NA,FALSE,1245,1229,97,"FC Barcelona","FC Barcelona","FCB",1245,1803,"Cantabria Lobos","Cantabria Lobos","CAN",1,57,12000,5,22,22.73,16,42,38.1,10,12,83.33,24,19,43,10,3,10,0,3,3,0,20,15,53,0,0,1,0,0,57,69,0,NA,0,0,0,0,0,0,0
1503020,1,"Liga Nacional","Liga Endesa",-402534000,NA,"https://www.acb.com/Documentos/Cabeceras/logo-competicion-1b.png","https://www.acb.com/Documentos/Cabeceras/logo-competicion-4a.png",64,1999,107,NA,NA,1658,10258,NA,NA,TRUE,1229,1229,97,"FC Barcelona","FC Barcelona","FCB",1245,1803,"Cantabria Lobos","Cantabria Lobos","CAN",1,69,12000,4,13,30.77,23,46,50,11,22,50,25,12,37,12,6,7,0,3,3,4,15,20,79,0,0,0,1,0,69,57,0,NA,0,0,0,0,0,0,0
1503047,1,"Liga Nacional","Liga Endesa",-402534000,NA,"https://www.acb.com/Documentos/Cabeceras/logo-competicion-1b.png","https://www.acb.com/Documentos/Cabeceras/logo-competicion-4a.png",64,1999,107,NA,NA,1658,10259,NA,NA,FALSE,1236,1230,211,"TAU Cerámica","TAU Cerámica","TAU",1236,1445,"Gijón Baloncesto","Gijón Bal.","GIJ",1,65,12000,5,23,21.74,19,43,44.19,12,17,70.59,22,18,40,10,6,16,0,3,2,5,29,18,48,0,0,1,0,0,65,77,0,NA,0,0,0,0,0,0,0
1503046,1,"Liga Nacional","Liga Endesa",-402534000,NA,"https://www.acb.com/Documentos/Cabeceras/logo-competicion-1b.png","https://www.acb.com/Documentos/Cabeceras/logo-competicion-4a.png",64,1999,107,NA,NA,1658,10259,NA,NA,TRUE,1230,1230,211,"TAU Cerámica","TAU Cerámica","TAU",1236,1445,"Gijón Baloncesto","Gijón Bal.","GIJ",1,77,12000,7,16,43,17,34,50,22,36,61,25,6,31,15,13,10,0,2,3,3,18,29,96,0,0,0,12,0,847,65,0,0,0,0,0,0,0,0,0
1503141,1,"Liga Nacional","Liga Endesa",-402534000,NA,"https://www.acb.com/Documentos/Cabeceras/logo-competicion-1b.png","https://www.acb.com/Documentos/Cabeceras/logo-competicion-4a.png",64,1999,107,NA,NA,1658,10263,NA,NA,TRUE,1240,1240,755,"Real Madrid","Real Madrid","RMB",1237,1465,"Casademont Girona","Casademont Gir.","GIR",1,78,12000,4,9,44,24,44,54,18,21,85,19,9,28,12,7,9,0,1,0,3,17,20,92,0,0,0,11,0,858,71,0,0,0,0,0,0,0,0,0
1503142,1,"Liga Nacional","Liga Endesa",-402534000,NA,"https://www.acb.com/Documentos/Cabeceras/logo-competicion-1b.png","https://www.acb.com/Documentos/Cabeceras/logo-competicion-4a.png",64,1999,107,NA,NA,1658,10263,NA,NA,FALSE,1237,1240,755,"Real Madrid","Real Madrid","RMB",1237,1465,"Casademont Girona","Casademont Gir.","GIR",1,71,12000,4,17,23.53,25,46,54.35,9,14,64.29,16,16,32,9,7,8,0,0,1,3,20,17,68,0,0,1,0,0,71,78,0,NA,0,0,0,0,0,0,0
1503095,1,"Liga Nacional","Liga Endesa",-402534000,NA,"https://www.acb.com/Documentos/Cabeceras/logo-competicion-1b.png","https://www.acb.com/Documentos/Cabeceras/logo-competicion-4a.png",64,1999,107,NA,NA,1658,10261,NA,NA,FALSE,1243,1238,622,"Pinturas Bruger Badalona","Pinturas Bruger","JOV",1243,1049,"Unicaja","Unicaja","UNI",1,69,12000,3,15,20,18,34,52,24,29,82,15,14,29,9,8,12,0,1,2,3,26,24,67,0,0,10,0,0,690,75,0,0,0,0,0,0,0,0,0
1503094,1,"Liga Nacional","Liga Endesa",-402534000,NA,"https://www.acb.com/Documentos/Cabeceras/logo-competicion-1b.png","https://www.acb.com/Documentos/Cabeceras/logo-competicion-4a.png",64,1999,107,NA,NA,1658,10261,NA,NA,TRUE,1238,1238,622,"Pinturas Bruger Badalona","Pinturas Bruger","JOV",1243,1049,"Unicaja","Unicaja","UNI",1,75,12000,5,18,27.78,18,29,62.07,24,27,88.89,15,10,25,14,10,12,0,2,1,0,24,26,88,0,0,0,1,0,75,69,0,NA,0,0,0,0,0,0,0
1503116,1,"Liga Nacional","Liga Endesa",-402534000,NA,"https://www.acb.com/Documentos/Cabeceras/logo-competicion-1b.png","https://www.acb.com/Documentos/Cabeceras/logo-competicion-4a.png",64,1999,107,NA,NA,1658,10262,NA,NA,TRUE,1235,1235,1196,"Jabones Pardo Fuenlabrada","Jabones Pardo","FUE",1242,954,"Pamesa Valencia","Pamesa Valencia","PAM",1,65,12000,7,20,35,18,42,42,8,14,57,19,18,37,10,7,13,0,7,1,1,14,18,73,0,0,9,0,0,585,72,0,0,0,0,0,0,0,0,0
1503117,1,"Liga Nacional","Liga Endesa",-402534000,NA,"https://www.acb.com/Documentos/Cabeceras/logo-competicion-1b.png","https://www.acb.com/Documentos/Cabeceras/logo-competicion-4a.png",64,1999,107,NA,NA,1658,10262,NA,NA,FALSE,1242,1235,1196,"Jabones Pardo Fuenlabrada","Jabones Pardo","FUE",1242,954,"Pamesa Valencia","Pamesa Valencia","PAM",1,72,12000,5,11,45.45,26,52,50,5,8,62.5,18,12,30,12,7,10,0,1,7,1,18,14,66,0,0,0,1,0,72,65,0,NA,0,0,0,0,0,0,0
1502999,1,"Liga Nacional","Liga Endesa",-402534000,NA,"https://www.acb.com/Documentos/Cabeceras/logo-competicion-1b.png","https://www.acb.com/Documentos/Cabeceras/logo-competicion-4a.png",64,1999,107,NA,NA,1658,10257,NA,NA,FALSE,1231,1233,332,"Canarias Telecom","Canarias Tel.","GCA",1231,1353,"Breogán Universidade","Breogán Uni.","BRE",1,86,12000,9,17,52,21,42,50,17,26,65,16,8,24,15,8,6,0,1,2,1,22,22,88,0,0,12,0,0,1032,91,0,0,0,0,0,0,0,0,0
1502998,1,"Liga Nacional","Liga Endesa",-402534000,NA,"https://www.acb.com/Documentos/Cabeceras/logo-competicion-1b.png","https://www.acb.com/Documentos/Cabeceras/logo-competicion-4a.png",64,1999,107,NA,NA,1658,10257,NA,NA,TRUE,1233,1233,332,"Canarias Telecom","Canarias Tel.","GCA",1231,1353,"Breogán Universidade","Breogán Uni.","BRE",1,91,12000,8,13,61,27,42,64,13,18,72,26,5,31,18,5,13,0,2,1,4,22,22,108,0,0,0,11,0,1001,86,0,0,0,0,0,0,0,0,0
1503279,1,"Liga Nacional","Liga Endesa",-402534000,NA,"https://www.acb.com/Documentos/Cabeceras/logo-competicion-1b.png","https://www.acb.com/Documentos/Cabeceras/logo-competicion-4a.png",64,1999,107,NA,NA,1659,10269,NA,NA,FALSE,1230,1245,1803,"Cantabria Lobos","Cantabria Lobos","CAN",1230,211,"TAU Cerámica","TAU Cerámica","TAU",1,94,12000,5,14,35,26,38,68,27,34,79,20,9,29,9,9,7,0,5,3,0,17,29,120,0,0,0,11,0,940,79,0,0,0,0,0,0,0,0,0
1503278,1,"Liga Nacional","Liga Endesa",-402534000,NA,"https://www.acb.com/Documentos/Cabeceras/logo-competicion-1b.png","https://www.acb.com/Documentos/Cabeceras/logo-competicion-4a.png",64,1999,107,NA,NA,1659,10269,NA,NA,TRUE,1245,1245,1803,"Cantabria Lobos","Cantabria Lobos","CAN",1230,211,"TAU Cerámica","TAU Cerámica","TAU",1,79,12000,7,19,36.84,22,28,78.57,14,17,82.35,18,5,23,11,8,16,0,3,5,2,29,17,70,0,0,1,0,0,79,94,0,NA,0,0,0,0,0,0,0
1503212,1,"Liga Nacional","Liga Endesa",-402534000,NA,"https://www.acb.com/Documentos/Cabeceras/logo-competicion-1b.png","https://www.acb.com/Documentos/Cabeceras/logo-competicion-4a.png",64,1999,107,NA,NA,1659,10266,NA,NA,TRUE,1235,1235,1196,"Jabones Pardo Fuenlabrada","Jabones Pardo","FUE",1243,1049,"Unicaja","Unicaja","UNI",1,61,12000,8,22,36,12,25,48,13,22,59,20,7,27,7,4,7,0,8,0,1,19,19,64,0,0,9,0,0,549,67,0,0,0,0,0,0,0,0,0
1503213,1,"Liga Nacional","Liga Endesa",-402534000,NA,"https://www.acb.com/Documentos/Cabeceras/logo-competicion-1b.png","https://www.acb.com/Documentos/Cabeceras/logo-competicion-4a.png",64,1999,107,NA,NA,1659,10266,NA,NA,FALSE,1243,1235,1196,"Jabones Pardo Fuenlabrada","Jabones Pardo","FUE",1243,1049,"Unicaja","Unicaja","UNI",1,67,12000,5,13,38,20,46,43,12,19,63,24,15,39,10,6,9,0,0,8,1,19,19,64,0,0,0,9,0,603,61,0,0,0,0,0,0,0,0,0
1503302,1,"Liga Nacional","Liga Endesa",-402534000,NA,"https://www.acb.com/Documentos/Cabeceras/logo-competicion-1b.png","https://www.acb.com/Documentos/Cabeceras/logo-competicion-4a.png",64,1999,107,NA,NA,1659,10270,NA,NA,TRUE,1231,1231,1353,"Breogán Universidade","Breogán Uni.","BRE",1229,97,"FC Barcelona","FC Barcelona","FCB",1,90,12000,12,21,57,19,36,52,16,18,88,14,9,23,12,13,4,0,3,2,0,19,19,107,0,0,0,11,0,990,66,0,0,0,0,0,0,0,0,0
1503303,1,"Liga Nacional","Liga Endesa",-402534000,NA,"https://www.acb.com/Documentos/Cabeceras/logo-competicion-1b.png","https://www.acb.com/Documentos/Cabeceras/logo-competicion-4a.png",64,1999,107,NA,NA,1659,10270,NA,NA,FALSE,1229,1231,1353,"Breogán Universidade","Breogán Uni.","BRE",1229,97,"FC Barcelona","FC Barcelona","FCB",1,66,12000,7,21,33.33,16,34,47.06,13,21,61.9,17,21,38,5,6,18,0,2,3,3,19,19,56,0,0,1,0,0,66,90,0,NA,0,0,0,0,0,0,0
1503328,1,"Liga Nacional","Liga Endesa",-402534000,NA,"https://www.acb.com/Documentos/Cabeceras/logo-competicion-1b.png","https://www.acb.com/Documentos/Cabeceras/logo-competicion-4a.png",64,1999,107,NA,NA,1659,10271,NA,NA,TRUE,1234,1234,457,"Adecco Estudiantes","Adecco Estu","EST",1233,332,"Canarias Telecom","Canarias Tel.","GCA",1,77,12000,10,24,41,20,40,50,7,12,58,19,20,39,16,10,9,0,5,4,1,21,13,87,0,0,0,11,0,847,59,0,0,0,0,0,0,0,0,0
1503329,1,"Liga Nacional","Liga Endesa",-402534000,NA,"https://www.acb.com/Documentos/Cabeceras/logo-competicion-1b.png","https://www.acb.com/Documentos/Cabeceras/logo-competicion-4a.png",64,1999,107,NA,NA,1659,10271,NA,NA,FALSE,1233,1234,457,"Adecco Estudiantes","Adecco Estu","EST",1233,332,"Canarias Telecom","Canarias Tel.","GCA",1,59,12000,7,12,58,14,34,41,10,16,62,14,9,23,6,4,15,0,4,5,2,13,21,53,0,0,11,0,0,649,77,0,0,0,0,0,0,0,0,0
1503358,1,"Liga Nacional","Liga Endesa",-402534000,NA,"https://www.acb.com/Documentos/Cabeceras/logo-competicion-1b.png","https://www.acb.com/Documentos/Cabeceras/logo-competicion-4a.png",64,1999,107,NA,NA,1659,10272,NA,NA,FALSE,1246,1241,865,"TDK Manresa","TDK Manresa","MAN",1246,1848,"Fórum Valladolid","Fórum Vall.","FOR",1,63,12000,4,21,19,21,40,52,9,17,52,23,10,33,13,7,12,0,2,6,2,20,19,55,0,0,12,0,0,756,79,0,0,0,0,0,0,0,0,0
1503357,1,"Liga Nacional","Liga Endesa",-402534000,NA,"https://www.acb.com/Documentos/Cabeceras/logo-competicion-1b.png","https://www.acb.com/Documentos/Cabeceras/logo-competicion-4a.png",64,1999,107,NA,NA,1659,10272,NA,NA,TRUE,1241,1241,865,"TDK Manresa","TDK Manresa","MAN",1246,1848,"Fórum Valladolid","Fórum Vall.","FOR",1,79,12000,5,10,50,22,48,45,20,21,95,25,8,33,19,11,11,0,6,2,4,19,20,104,0,0,0,11,0,869,63,0,0,0,0,0,0,0,0,0
1503232,1,"Liga Nacional","Liga Endesa",-402534000,NA,"https://www.acb.com/Documentos/Cabeceras/logo-competicion-1b.png","https://www.acb.com/Documentos/Cabeceras/logo-competicion-4a.png",64,1999,107,NA,NA,1659,10267,NA,NA,TRUE,1239,1239,1607,"León Caja España","León C. España","LEO",1238,622,"Pinturas Bruger Badalona","Pinturas Bruger","JOV",1,76,12000,6,18,33.33,22,36,61.11,14,19,73.68,15,10,25,12,5,6,0,2,1,2,21,18,79,0,0,1,0,0,76,82,0,NA,0,0,0,0,0,0,0
1503233,1,"Liga Nacional","Liga Endesa",-402534000,NA,"https://www.acb.com/Documentos/Cabeceras/logo-competicion-1b.png","https://www.acb.com/Documentos/Cabeceras/logo-competicion-4a.png",64,1999,107,NA,NA,1659,10267,NA,NA,FALSE,1238,1239,1607,"León Caja España","León C. España","LEO",1238,622,"Pinturas Bruger Badalona","Pinturas Bruger","JOV",1,82,12000,6,12,50,25,38,65.79,14,19,73.68,16,5,21,10,6,7,0,1,2,1,18,21,90,0,0,0,1,0,82,76,0,NA,0,0,0,0,0,0,0
1503255,1,"Liga Nacional","Liga Endesa",-402534000,NA,"https://www.acb.com/Documentos/Cabeceras/logo-competicion-1b.png","https://www.acb.com/Documentos/Cabeceras/logo-competicion-4a.png",64,1999,107,NA,NA,1659,10268,NA,NA,TRUE,1236,1236,1445,"Gijón Baloncesto","Gijón Bal.","GIJ",1244,1125,"Caja San Fernando","C. San Fernando","CSF",1,75,12000,6,18,33.33,18,29,62.07,21,31,67.74,22,5,27,14,4,13,0,3,0,1,28,23,72,0,0,1,0,0,75,84,0,NA,0,0,0,0,0,0,0
1503256,1,"Liga Nacional","Liga Endesa",-402534000,NA,"https://www.acb.com/Documentos/Cabeceras/logo-competicion-1b.png","https://www.acb.com/Documentos/Cabeceras/logo-competicion-4a.png",64,1999,107,NA,NA,1659,10268,NA,NA,FALSE,1244,1236,1445,"Gijón Baloncesto","Gijón Bal.","GIJ",1244,1125,"Caja San Fernando","C. San Fernando","CSF",1,84,12000,7,21,33.33,18,42,42.86,27,29,93.1,21,15,36,12,12,10,0,0,3,3,23,28,96,0,0,0,1,0,84,75,0,NA,0,0,0,0,0,0,0
1503189,1,"Liga Nacional","Liga Endesa",-402534000,NA,"https://www.acb.com/Documentos/Cabeceras/logo-competicion-1b.png","https://www.acb.com/Documentos/Cabeceras/logo-competicion-4a.png",64,1999,107,NA,NA,1659,10265,NA,NA,TRUE,1242,1242,954,"Pamesa Valencia","Pamesa Valencia","PAM",1240,755,"Real Madrid","Real Madrid","RMB",1,88,12000,9,14,64.29,23,48,47.92,15,23,65.22,19,8,27,19,16,5,0,1,3,2,19,22,108,0,0,0,1,0,88,65,0,NA,0,0,0,0,0,0,0
1503190,1,"Liga Nacional","Liga Endesa",-402534000,NA,"https://www.acb.com/Documentos/Cabeceras/logo-competicion-1b.png","https://www.acb.com/Documentos/Cabeceras/logo-competicion-4a.png",64,1999,107,NA,NA,1659,10265,NA,NA,FALSE,1240,1242,954,"Pamesa Valencia","Pamesa Valencia","PAM",1240,755,"Real Madrid","Real Madrid","RMB",1,65,12000,2,12,16,22,46,47,15,19,78,24,11,35,9,2,18,0,3,1,3,22,19,54,0,0,11,0,0,715,88,0,0,0,0,0,0,0,0,0
1503163,1,"Liga Nacional","Liga Endesa",-402534000,NA,"https://www.acb.com/Documentos/Cabeceras/logo-competicion-1b.png","https://www.acb.com/Documentos/Cabeceras/logo-competicion-4a.png",64,1999,107,NA,NA,1659,10264,NA,NA,TRUE,1232,1232,1371,"Cáceres CB","Cáceres CB","CAC",1237,1465,"Casademont Girona","Casademont Gir.","GIR",1,66,12000,4,10,40,19,37,51.35,16,26,61.54,25,10,35,9,10,21,0,5,1,1,20,23,72,0,0,0,1,0,66,61,0,NA,0,0,0,0,0,0,0
1503164,1,"Liga Nacional","Liga Endesa",-402534000,NA,"https://www.acb.com/Documentos/Cabeceras/logo-competicion-1b.png","https://www.acb.com/Documentos/Cabeceras/logo-competicion-4a.png",64,1999,107,NA,NA,1659,10264,NA,NA,FALSE,1237,1232,1371,"Cáceres CB","Cáceres CB","CAC",1237,1465,"Casademont Girona","Casademont Gir.","GIR",1,61,12000,7,17,41.18,13,40,32.5,14,20,70,18,11,29,8,15,16,0,1,5,1,23,20,47,0,0,1,0,0,61,66,0,NA,0,0,0,0,0,0,0
1503573,1,"Liga Nacional","Liga Endesa",-402534000,NA,"https://www.acb.com/Documentos/Cabeceras/logo-competicion-1b.png","https://www.acb.com/Documentos/Cabeceras/logo-competicion-4a.png",64,1999,107,NA,NA,1660,10281,NA,NA,FALSE,1242,1237,1465,"Casademont Girona","Casademont Gir.","GIR",1242,954,"Pamesa Valencia","Pamesa Valencia","PAM",1,78,12000,7,14,50,20,39,51.28,17,26,65.38,32,10,42,12,7,15,0,0,0,1,20,20,89,0,0,0,1,0,78,67,0,NA,0,0,0,0,0,0,0
1503572,1,"Liga Nacional","Liga Endesa",-402534000,NA,"https://www.acb.com/Documentos/Cabeceras/logo-competicion-1b.png","https://www.acb.com/Documentos/Cabeceras/logo-competicion-4a.png",64,1999,107,NA,NA,1660,10281,NA,NA,TRUE,1237,1237,1465,"Casademont Girona","Casademont Gir.","GIR",1242,954,"Pamesa Valencia","Pamesa Valencia","PAM",1,67,12000,3,11,27.27,22,48,45.83,14,21,66.67,16,4,20,8,16,6,0,0,0,2,20,20,64,0,0,1,0,0,67,78,0,NA,0,0,0,0,0,0,0
1503457,1,"Liga Nacional","Liga Endesa",-402534000,NA,"https://www.acb.com/Documentos/Cabeceras/logo-competicion-1b.png","https://www.acb.com/Documentos/Cabeceras/logo-competicion-4a.png",64,1999,107,NA,NA,1660,10276,NA,NA,FALSE,1231,1230,211,"TAU Cerámica","TAU Cerámica","TAU",1231,1353,"Breogán Universidade","Breogán Uni.","BRE",1,78,12000,8,18,44,15,36,41,24,28,85,19,11,30,13,4,12,0,0,4,0,31,24,67,0,0,11,0,0,858,91,0,0,0,0,0,0,0,0,0
1503456,1,"Liga Nacional","Liga Endesa",-402534000,NA,"https://www.acb.com/Documentos/Cabeceras/logo-competicion-1b.png","https://www.acb.com/Documentos/Cabeceras/logo-competicion-4a.png",64,1999,107,NA,NA,1660,10276,NA,NA,TRUE,1230,1230,211,"TAU Cerámica","TAU Cerámica","TAU",1231,1353,"Breogán Universidade","Breogán Uni.","BRE",1,91,12000,5,12,41,23,38,60,30,42,71,20,8,28,11,7,11,0,4,0,2,24,31,103,0,0,0,11,0,910,78,0,0,0,0,0,0,0,0,0
1503504,1,"Liga Nacional","Liga Endesa",-402534000,NA,"https://www.acb.com/Documentos/Cabeceras/logo-competicion-1b.png","https://www.acb.com/Documentos/Cabeceras/logo-competicion-4a.png",64,1999,107,NA,NA,1660,10278,NA,NA,TRUE,1238,1238,622,"Pinturas Bruger Badalona","Pinturas Bruger","JOV",1236,1445,"Gijón Baloncesto","Gijón Bal.","GIJ",1,91,12000,8,16,50,25,50,50,17,22,77.27,25,14,39,10,7,8,0,5,2,2,15,25,114,0,0,0,1,0,91,68,0,NA,0,0,0,0,0,0,0
1503505,1,"Liga Nacional","Liga Endesa",-402534000,NA,"https://www.acb.com/Documentos/Cabeceras/logo-competicion-1b.png","https://www.acb.com/Documentos/Cabeceras/logo-competicion-4a.png",64,1999,107,NA,NA,1660,10278,NA,NA,FALSE,1236,1238,622,"Pinturas Bruger Badalona","Pinturas Bruger","JOV",1236,1445,"Gijón Baloncesto","Gijón Bal.","GIJ",1,68,12000,4,21,19.05,25,44,56.82,6,8,75,19,14,33,9,6,15,0,2,5,0,25,15,50,0,0,1,0,0,68,91,0,NA,0,0,0,0,0,0,0
1503551,1,"Liga Nacional","Liga Endesa",-402534000,NA,"https://www.acb.com/Documentos/Cabeceras/logo-competicion-1b.png","https://www.acb.com/Documentos/Cabeceras/logo-competicion-4a.png",64,1999,107,NA,NA,1660,10280,NA,NA,TRUE,1240,1240,755,"Real Madrid","Real Madrid","RMB",1243,1049,"Unicaja","Unicaja","UNI",1,59,12000,3,14,21,19,32,59,12,20,60,27,7,34,7,4,11,0,3,1,0,18,20,65,0,0,0,10,0,590,54,0,0,0,0,0,0,0,0,0
1503552,1,"Liga Nacional","Liga Endesa",-402534000,NA,"https://www.acb.com/Documentos/Cabeceras/logo-competicion-1b.png","https://www.acb.com/Documentos/Cabeceras/logo-competicion-4a.png",64,1999,107,NA,NA,1660,10280,NA,NA,FALSE,1243,1240,755,"Real Madrid","Real Madrid","RMB",1243,1049,"Unicaja","Unicaja","UNI",1,54,12000,4,21,19,17,38,44,8,13,61,21,12,33,7,7,7,0,1,3,0,20,18,47,0,0,10,0,0,540,59,0,0,0,0,0,0,0,0,0
1503381,1,"Liga Nacional","Liga Endesa",-402534000,NA,"https://www.acb.com/Documentos/Cabeceras/logo-competicion-1b.png","https://www.acb.com/Documentos/Cabeceras/logo-competicion-4a.png",64,1999,107,NA,NA,1660,10273,NA,NA,TRUE,1246,1246,1848,"Fórum Valladolid","Fórum Vall.","FOR",1232,1371,"Cáceres CB","Cáceres CB","CAC",1,59,12000,8,27,29,14,32,43,7,13,53,25,10,35,10,8,11,0,4,2,0,26,15,49,0,0,11,0,0,649,62,0,0,0,0,0,0,0,0,0
1503382,1,"Liga Nacional","Liga Endesa",-402534000,NA,"https://www.acb.com/Documentos/Cabeceras/logo-competicion-1b.png","https://www.acb.com/Documentos/Cabeceras/logo-competicion-4a.png",64,1999,107,NA,NA,1660,10273,NA,NA,FALSE,1232,1246,1848,"Fórum Valladolid","Fórum Vall.","FOR",1232,1371,"Cáceres CB","Cáceres CB","CAC",1,62,12000,3,15,20,15,36,41.67,23,30,76.67,27,10,37,10,10,11,0,2,4,1,15,26,77,0,0,0,1,0,62,59,0,NA,0,0,0,0,0,0,0
1503432,1,"Liga Nacional","Liga Endesa",-402534000,NA,"https://www.acb.com/Documentos/Cabeceras/logo-competicion-1b.png","https://www.acb.com/Documentos/Cabeceras/logo-competicion-4a.png",64,1999,107,NA,NA,1660,10275,NA,NA,FALSE,1234,1229,97,"FC Barcelona","FC Barcelona","FCB",1234,457,"Adecco Estudiantes","Adecco Estu","EST",1,65,12000,7,21,33,19,39,48,6,15,40,20,13,33,10,5,11,0,0,2,0,17,15,55,0,0,11,0,0,715,81,0,0,0,0,0,0,0,0,0
1503431,1,"Liga Nacional","Liga Endesa",-402534000,NA,"https://www.acb.com/Documentos/Cabeceras/logo-competicion-1b.png","https://www.acb.com/Documentos/Cabeceras/logo-competicion-4a.png",64,1999,107,NA,NA,1660,10275,NA,NA,TRUE,1229,1229,97,"FC Barcelona","FC Barcelona","FCB",1234,457,"Adecco Estudiantes","Adecco Estu","EST",1,81,12000,9,21,42.86,23,39,58.97,8,19,42.11,26,14,40,19,10,7,0,2,0,1,15,17,108,0,0,0,1,0,81,65,0,NA,0,0,0,0,0,0,0
1503525,1,"Liga Nacional","Liga Endesa",-402534000,NA,"https://www.acb.com/Documentos/Cabeceras/logo-competicion-1b.png","https://www.acb.com/Documentos/Cabeceras/logo-competicion-4a.png",64,1999,107,NA,NA,1660,10279,NA,NA,TRUE,1235,1235,1196,"Jabones Pardo Fuenlabrada","Jabones Pardo","FUE",1239,1607,"León Caja España","León C. España","LEO",1,74,12000,2,14,14,27,40,67,14,24,58,27,12,39,12,7,10,0,4,2,2,18,25,96,0,0,0,8,0,592,56,0,0,0,0,0,0,0,0,0
1503526,1,"Liga Nacional","Liga Endesa",-402534000,NA,"https://www.acb.com/Documentos/Cabeceras/logo-competicion-1b.png","https://www.acb.com/Documentos/Cabeceras/logo-competicion-4a.png",64,1999,107,NA,NA,1660,10279,NA,NA,FALSE,1239,1235,1196,"Jabones Pardo Fuenlabrada","Jabones Pardo","FUE",1239,1607,"León Caja España","León C. España","LEO",1,56,12000,4,12,33.33,18,49,36.73,8,13,61.54,17,13,30,3,8,11,0,2,4,0,25,18,33,0,0,1,0,0,56,74,0,NA,0,0,0,0,0,0,0
1503406,1,"Liga Nacional","Liga Endesa",-402534000,NA,"https://www.acb.com/Documentos/Cabeceras/logo-competicion-1b.png","https://www.acb.com/Documentos/Cabeceras/logo-competicion-4a.png",64,1999,107,NA,NA,1660,10274,NA,NA,FALSE,1241,1233,332,"Canarias Telecom","Canarias Tel.","GCA",1241,865,"TDK Manresa","TDK Manresa","MAN",1,52,12000,5,21,23,12,34,35,13,20,65,21,8,29,9,10,14,0,3,3,1,19,19,41,0,0,10,0,0,520,66,0,0,0,0,0,0,0,0,0
1503405,1,"Liga Nacional","Liga Endesa",-402534000,NA,"https://www.acb.com/Documentos/Cabeceras/logo-competicion-1b.png","https://www.acb.com/Documentos/Cabeceras/logo-competicion-4a.png",64,1999,107,NA,NA,1660,10274,NA,NA,TRUE,1233,1233,332,"Canarias Telecom","Canarias Tel.","GCA",1241,865,"TDK Manresa","TDK Manresa","MAN",1,66,12000,4,12,33,21,44,47,12,23,52,32,12,44,15,9,14,0,3,3,0,19,19,78,0,0,0,10,0,660,52,0,0,0,0,0,0,0,0,0
1503479,1,"Liga Nacional","Liga Endesa",-402534000,NA,"https://www.acb.com/Documentos/Cabeceras/logo-competicion-1b.png","https://www.acb.com/Documentos/Cabeceras/logo-competicion-4a.png",64,1999,107,NA,NA,1660,10277,NA,NA,TRUE,1244,1244,1125,"Caja San Fernando","C. San Fernando","CSF",1245,1803,"Cantabria Lobos","Cantabria Lobos","CAN",1,84,12000,6,17,35.29,18,36,50,30,41,73.17,26,10,36,12,10,6,0,3,2,1,19,28,106,0,0,0,1,0,84,76,0,NA,0,0,0,0,0,0,0
1503480,1,"Liga Nacional","Liga Endesa",-402534000,NA,"https://www.acb.com/Documentos/Cabeceras/logo-competicion-1b.png","https://www.acb.com/Documentos/Cabeceras/logo-competicion-4a.png",64,1999,107,NA,NA,1660,10277,NA,NA,FALSE,1245,1244,1125,"Caja San Fernando","C. San Fernando","CSF",1245,1803,"Cantabria Lobos","Cantabria Lobos","CAN",1,76,12000,13,23,56.52,12,35,34.29,13,17,76.47,23,7,30,15,4,12,0,2,3,3,28,19,66,0,0,1,0,0,76,84,0,NA,0,0,0,0,0,0,0
1503688,1,"Liga Nacional","Liga Endesa",-402534000,NA,"https://www.acb.com/Documentos/Cabeceras/logo-competicion-1b.png","https://www.acb.com/Documentos/Cabeceras/logo-competicion-4a.png",64,1999,107,NA,NA,1661,10286,NA,NA,TRUE,1245,1245,1803,"Cantabria Lobos","Cantabria Lobos","CAN",1238,622,"Pinturas Bruger Badalona","Pinturas Bruger","JOV",1,74,12000,8,24,33.33,18,35,51.43,14,19,73.68,15,15,30,3,8,11,0,3,3,2,24,19,61,0,0,1,0,0,74,87,0,NA,0,0,0,0,0,0,0
1503689,1,"Liga Nacional","Liga Endesa",-402534000,NA,"https://www.acb.com/Documentos/Cabeceras/logo-competicion-1b.png","https://www.acb.com/Documentos/Cabeceras/logo-competicion-4a.png",64,1999,107,NA,NA,1661,10286,NA,NA,FALSE,1238,1245,1803,"Cantabria Lobos","Cantabria Lobos","CAN",1238,622,"Pinturas Bruger Badalona","Pinturas Bruger","JOV",1,87,12000,4,14,28.57,26,42,61.9,23,26,88.46,22,16,38,4,6,10,0,3,3,1,19,24,101,0,0,0,1,0,87,74,0,NA,0,0,0,0,0,0,0
1503647,1,"Liga Nacional","Liga Endesa",-402534000,NA,"https://www.acb.com/Documentos/Cabeceras/logo-competicion-1b.png","https://www.acb.com/Documentos/Cabeceras/logo-competicion-4a.png",64,1999,107,NA,NA,1661,10284,NA,NA,FALSE,1240,1239,1607,"León Caja España","León C. España","LEO",1240,755,"Real Madrid","Real Madrid","RMB",1,71,12000,8,23,34,22,42,52,3,5,60,22,15,37,12,8,12,0,1,4,1,15,15,76,0,0,0,12,0,852,54,0,0,0,0,0,0,0,0,0
1503646,1,"Liga Nacional","Liga Endesa",-402534000,NA,"https://www.acb.com/Documentos/Cabeceras/logo-competicion-1b.png","https://www.acb.com/Documentos/Cabeceras/logo-competicion-4a.png",64,1999,107,NA,NA,1661,10284,NA,NA,TRUE,1239,1239,1607,"León Caja España","León C. España","LEO",1240,755,"Real Madrid","Real Madrid","RMB",1,54,12000,3,13,23.08,17,43,39.53,11,14,78.57,21,14,35,3,10,12,0,4,1,0,15,15,54,0,0,1,0,0,54,71,0,NA,0,0,0,0,0,0,0
1503596,1,"Liga Nacional","Liga Endesa",-402534000,NA,"https://www.acb.com/Documentos/Cabeceras/logo-competicion-1b.png","https://www.acb.com/Documentos/Cabeceras/logo-competicion-4a.png",64,1999,107,NA,NA,1661,10282,NA,NA,TRUE,1232,1232,1371,"Cáceres CB","Cáceres CB","CAC",1242,954,"Pamesa Valencia","Pamesa Valencia","PAM",1,63,12000,5,17,29.41,19,40,47.5,10,17,58.82,20,10,30,13,7,12,0,2,1,1,21,16,57,0,0,1,0,0,63,86,0,NA,0,0,0,0,0,0,0
1503597,1,"Liga Nacional","Liga Endesa",-402534000,NA,"https://www.acb.com/Documentos/Cabeceras/logo-competicion-1b.png","https://www.acb.com/Documentos/Cabeceras/logo-competicion-4a.png",64,1999,107,NA,NA,1661,10282,NA,NA,FALSE,1242,1232,1371,"Cáceres CB","Cáceres CB","CAC",1242,954,"Pamesa Valencia","Pamesa Valencia","PAM",1,86,12000,7,17,41.18,24,42,57.14,17,22,77.27,23,10,33,10,10,9,0,1,2,1,16,21,101,0,0,0,1,0,86,63,0,NA,0,0,0,0,0,0,0
1503621,1,"Liga Nacional","Liga Endesa",-402534000,NA,"https://www.acb.com/Documentos/Cabeceras/logo-competicion-1b.png","https://www.acb.com/Documentos/Cabeceras/logo-competicion-4a.png",64,1999,107,NA,NA,1661,10283,NA,NA,TRUE,1243,1243,1049,"Unicaja","Unicaja","UNI",1237,1465,"Casademont Girona","Casademont Gir.","GIR",1,80,12000,9,15,60,20,39,51,13,21,61,21,13,34,19,13,15,0,4,0,1,26,22,98,0,0,0,11,0,880,63,0,0,0,0,0,0,0,0,0
1503622,1,"Liga Nacional","Liga Endesa",-402534000,NA,"https://www.acb.com/Documentos/Cabeceras/logo-competicion-1b.png","https://www.acb.com/Documentos/Cabeceras/logo-competicion-4a.png",64,1999,107,NA,NA,1661,10283,NA,NA,FALSE,1237,1243,1049,"Unicaja","Unicaja","UNI",1237,1465,"Casademont Girona","Casademont Gir.","GIR",1,63,12000,8,16,50,9,20,45,21,30,70,11,2,13,12,9,16,0,0,4,0,22,26,53,0,0,1,0,0,63,80,0,NA,0,0,0,0,0,0,0
1503739,1,"Liga Nacional","Liga Endesa",-402534000,NA,"https://www.acb.com/Documentos/Cabeceras/logo-competicion-1b.png","https://www.acb.com/Documentos/Cabeceras/logo-competicion-4a.png",64,1999,107,NA,NA,1661,10288,NA,NA,TRUE,1234,1234,457,"Adecco Estudiantes","Adecco Estu","EST",1230,211,"TAU Cerámica","TAU Cerámica","TAU",1,85,12000,8,18,44,23,34,67,15,17,88,22,4,26,15,7,8,0,3,3,0,22,16,96,0,0,0,9,0,765,74,0,0,0,0,0,0,0,0,0
1503740,1,"Liga Nacional","Liga Endesa",-402534000,NA,"https://www.acb.com/Documentos/Cabeceras/logo-competicion-1b.png","https://www.acb.com/Documentos/Cabeceras/logo-competicion-4a.png",64,1999,107,NA,NA,1661,10288,NA,NA,FALSE,1230,1234,457,"Adecco Estudiantes","Adecco Estu","EST",1230,211,"TAU Cerámica","TAU Cerámica","TAU",1,74,12000,6,12,50,20,45,44,16,25,64,18,10,28,8,7,11,0,3,3,2,16,22,72,0,0,11,0,0,740,85,0,0,0,0,0,0,0,0,0
1503790,1,"Liga Nacional","Liga Endesa",-402534000,NA,"https://www.acb.com/Documentos/Cabeceras/logo-competicion-1b.png","https://www.acb.com/Documentos/Cabeceras/logo-competicion-4a.png",64,1999,107,NA,NA,1661,10290,NA,NA,FALSE,1233,1246,1848,"Fórum Valladolid","Fórum Vall.","FOR",1233,332,"Canarias Telecom","Canarias Tel.","GCA",1,76,12000,7,18,38,16,31,51,23,29,79,18,13,31,10,10,10,0,3,1,3,12,24,99,0,0,0,8,0,608,59,0,0,0,0,0,0,0,0,0
1503789,1,"Liga Nacional","Liga Endesa",-402534000,NA,"https://www.acb.com/Documentos/Cabeceras/logo-competicion-1b.png","https://www.acb.com/Documentos/Cabeceras/logo-competicion-4a.png",64,1999,107,NA,NA,1661,10290,NA,NA,TRUE,1246,1246,1848,"Fórum Valladolid","Fórum Vall.","FOR",1233,332,"Canarias Telecom","Canarias Tel.","GCA",1,59,12000,6,23,26,19,32,59,3,4,75,17,12,29,9,7,14,0,1,3,0,24,12,45,0,0,12,0,0,708,76,0,0,0,0,0,0,0,0,0
1503669,1,"Liga Nacional","Liga Endesa",-402534000,NA,"https://www.acb.com/Documentos/Cabeceras/logo-competicion-1b.png","https://www.acb.com/Documentos/Cabeceras/logo-competicion-4a.png",64,1999,107,NA,NA,1661,10285,NA,NA,FALSE,1235,1236,1445,"Gijón Baloncesto","Gijón Bal.","GIJ",1235,1196,"Jabones Pardo Fuenlabrada","Jabones Pardo","FUE",1,66,12000,6,21,28,18,40,45,12,20,60,24,14,38,9,3,12,0,2,1,2,21,20,59,0,0,9,0,0,594,76,0,0,0,0,0,0,0,0,0
1503668,1,"Liga Nacional","Liga Endesa",-402534000,NA,"https://www.acb.com/Documentos/Cabeceras/logo-competicion-1b.png","https://www.acb.com/Documentos/Cabeceras/logo-competicion-4a.png",64,1999,107,NA,NA,1661,10285,NA,NA,TRUE,1236,1236,1445,"Gijón Baloncesto","Gijón Bal.","GIJ",1235,1196,"Jabones Pardo Fuenlabrada","Jabones Pardo","FUE",1,76,12000,7,21,33.33,20,36,55.56,15,22,68.18,28,11,39,9,6,11,0,1,2,0,20,21,82,0,0,0,1,0,76,66,0,NA,0,0,0,0,0,0,0
1503716,1,"Liga Nacional","Liga Endesa",-402534000,NA,"https://www.acb.com/Documentos/Cabeceras/logo-competicion-1b.png","https://www.acb.com/Documentos/Cabeceras/logo-competicion-4a.png",64,1999,107,NA,NA,1661,10287,NA,NA,TRUE,1231,1231,1353,"Breogán Universidade","Breogán Uni.","BRE",1244,1125,"Caja San Fernando","C. San Fernando","CSF",1,58,12000,4,14,28,19,38,50,8,23,34,19,11,30,7,10,13,0,4,2,1,17,25,58,0,0,12,0,0,696,77,0,0,0,0,0,0,0,0,0
1503717,1,"Liga Nacional","Liga Endesa",-402534000,NA,"https://www.acb.com/Documentos/Cabeceras/logo-competicion-1b.png","https://www.acb.com/Documentos/Cabeceras/logo-competicion-4a.png",64,1999,107,NA,NA,1661,10287,NA,NA,FALSE,1244,1231,1353,"Breogán Universidade","Breogán Uni.","BRE",1244,1125,"Caja San Fernando","C. San Fernando","CSF",1,77,12000,11,19,57,16,30,53,12,15,80,26,5,31,10,12,13,0,2,4,0,25,17,82,0,0,0,12,0,924,58,0,0,0,0,0,0,0,0,0
1503763,1,"Liga Nacional","Liga Endesa",-402534000,NA,"https://www.acb.com/Documentos/Cabeceras/logo-competicion-1b.png","https://www.acb.com/Documentos/Cabeceras/logo-competicion-4a.png",64,1999,107,NA,NA,1661,10289,NA,NA,TRUE,1241,1241,865,"TDK Manresa","TDK Manresa","MAN",1229,97,"FC Barcelona","FC Barcelona","FCB",1,57,12000,2,12,16,15,40,37,21,30,70,18,12,30,6,9,18,0,2,3,2,23,25,41,0,0,10,0,0,570,79,0,0,0,0,0,0,0,0,0
1503764,1,"Liga Nacional","Liga Endesa",-402534000,NA,"https://www.acb.com/Documentos/Cabeceras/logo-competicion-1b.png","https://www.acb.com/Documentos/Cabeceras/logo-competicion-4a.png",64,1999,107,NA,NA,1661,10289,NA,NA,FALSE,1229,1241,865,"TDK Manresa","TDK Manresa","MAN",1229,97,"FC Barcelona","FC Barcelona","FCB",1,79,12000,8,21,38.1,19,35,54.29,17,21,80.95,26,11,37,11,12,16,0,3,2,2,25,23,89,0,0,0,1,0,79,57,0,NA,0,0,0,0,0,0,0
1503812,1,"Liga Nacional","Liga Endesa",-402534000,NA,"https://www.acb.com/Documentos/Cabeceras/logo-competicion-1b.png","https://www.acb.com/Documentos/Cabeceras/logo-competicion-4a.png",64,1999,107,NA,NA,1662,10291,NA,NA,TRUE,1233,1233,332,"Canarias Telecom","Canarias Tel.","GCA",1232,1371,"Cáceres CB","Cáceres CB","CAC",1,66,12000,4,14,28,24,46,52,6,17,35,18,12,30,12,7,9,0,2,3,1,27,15,50,0,0,10,0,0,660,75,0,0,0,0,0,0,0,0,0
1503813,1,"Liga Nacional","Liga Endesa",-402534000,NA,"https://www.acb.com/Documentos/Cabeceras/logo-competicion-1b.png","https://www.acb.com/Documentos/Cabeceras/logo-competicion-4a.png",64,1999,107,NA,NA,1662,10291,NA,NA,FALSE,1232,1233,332,"Canarias Telecom","Canarias Tel.","GCA",1232,1371,"Cáceres CB","Cáceres CB","CAC",1,75,12000,5,9,55.56,19,38,50,22,34,64.71,24,7,31,6,6,11,0,3,2,1,15,27,85,0,0,0,1,0,75,66,0,NA,0,0,0,0,0,0,0
1503976,1,"Liga Nacional","Liga Endesa",-402534000,NA,"https://www.acb.com/Documentos/Cabeceras/logo-competicion-1b.png","https://www.acb.com/Documentos/Cabeceras/logo-competicion-4a.png",64,1999,107,NA,NA,1662,10298,NA,NA,TRUE,1237,1237,1465,"Casademont Girona","Casademont Gir.","GIR",1239,1607,"León Caja España","León C. España","LEO",1,66,12000,5,19,26.32,21,36,58.33,9,15,60,15,8,23,18,13,9,0,1,1,0,17,20,79,0,0,0,1,0,66,52,0,NA,0,0,0,0,0,0,0
1503977,1,"Liga Nacional","Liga Endesa",-402534000,NA,"https://www.acb.com/Documentos/Cabeceras/logo-competicion-1b.png","https://www.acb.com/Documentos/Cabeceras/logo-competicion-4a.png",64,1999,107,NA,NA,1662,10298,NA,NA,FALSE,1239,1237,1465,"Casademont Girona","Casademont Gir.","GIR",1239,1607,"León Caja España","León C. España","LEO",1,52,12000,1,9,11.11,19,33,57.58,11,21,52.38,23,10,33,6,6,21,0,1,1,0,20,17,41,0,0,1,0,0,52,66,0,NA,0,0,0,0,0,0,0
1503861,1,"Liga Nacional","Liga Endesa",-402534000,NA,"https://www.acb.com/Documentos/Cabeceras/logo-competicion-1b.png","https://www.acb.com/Documentos/Cabeceras/logo-competicion-4a.png",64,1999,107,NA,NA,1662,10293,NA,NA,FALSE,1241,1230,211,"TAU Cerámica","TAU Cerámica","TAU",1241,865,"TDK Manresa","TDK Manresa","MAN",1,78,12000,10,24,41,20,43,46,8,17,47,18,17,35,13,9,10,0,4,1,3,26,20,76,0,0,11,0,0,858,82,0,0,0,0,0,0,0,0,0
1503860,1,"Liga Nacional","Liga Endesa",-402534000,NA,"https://www.acb.com/Documentos/Cabeceras/logo-competicion-1b.png","https://www.acb.com/Documentos/Cabeceras/logo-competicion-4a.png",64,1999,107,NA,NA,1662,10293,NA,NA,TRUE,1230,1230,211,"TAU Cerámica","TAU Cerámica","TAU",1241,865,"TDK Manresa","TDK Manresa","MAN",1,82,12000,7,17,41.18,21,41,51.22,19,31,61.29,24,14,38,17,9,9,0,1,4,2,20,26,98,0,0,0,1,0,82,78,0,NA,0,0,0,0,0,0,0
1503906,1,"Liga Nacional","Liga Endesa",-402534000,NA,"https://www.acb.com/Documentos/Cabeceras/logo-competicion-1b.png","https://www.acb.com/Documentos/Cabeceras/logo-competicion-4a.png",64,1999,107,NA,NA,1662,10295,NA,NA,FALSE,1231,1238,622,"Pinturas Bruger Badalona","Pinturas Bruger","JOV",1231,1353,"Breogán Universidade","Breogán Uni.","BRE",1,65,12000,4,12,33,18,34,52,17,21,80,21,2,23,9,6,12,0,0,1,0,22,23,63,0,0,10,0,0,650,82,0,0,0,0,0,0,0,0,0
1503905,1,"Liga Nacional","Liga Endesa",-402534000,NA,"https://www.acb.com/Documentos/Cabeceras/logo-competicion-1b.png","https://www.acb.com/Documentos/Cabeceras/logo-competicion-4a.png",64,1999,107,NA,NA,1662,10295,NA,NA,TRUE,1238,1238,622,"Pinturas Bruger Badalona","Pinturas Bruger","JOV",1231,1353,"Breogán Universidade","Breogán Uni.","BRE",1,82,12000,6,12,50,22,42,52.38,20,25,80,21,7,28,17,8,8,0,1,0,3,23,22,96,0,0,0,1,0,82,65,0,NA,0,0,0,0,0,0,0
1503952,1,"Liga Nacional","Liga Endesa",-402534000,NA,"https://www.acb.com/Documentos/Cabeceras/logo-competicion-1b.png","https://www.acb.com/Documentos/Cabeceras/logo-competicion-4a.png",64,1999,107,NA,NA,1662,10297,NA,NA,TRUE,1240,1240,755,"Real Madrid","Real Madrid","RMB",1236,1445,"Gijón Baloncesto","Gijón Bal.","GIJ",1,88,12000,4,12,33,27,41,65,22,27,81,25,6,31,20,17,12,0,4,4,3,19,24,122,0,0,0,13,0,1144,59,0,0,0,0,0,0,0,0,0
1503953,1,"Liga Nacional","Liga Endesa",-402534000,NA,"https://www.acb.com/Documentos/Cabeceras/logo-competicion-1b.png","https://www.acb.com/Documentos/Cabeceras/logo-competicion-4a.png",64,1999,107,NA,NA,1662,10297,NA,NA,FALSE,1236,1240,755,"Real Madrid","Real Madrid","RMB",1236,1445,"Gijón Baloncesto","Gijón Bal.","GIJ",1,59,12000,5,16,31.25,15,34,44.12,14,22,63.64,16,7,23,7,6,20,0,4,4,0,24,19,32,0,0,1,0,0,59,88,0,NA,0,0,0,0,0,0,0
1503838,1,"Liga Nacional","Liga Endesa",-402534000,NA,"https://www.acb.com/Documentos/Cabeceras/logo-competicion-1b.png","https://www.acb.com/Documentos/Cabeceras/logo-competicion-4a.png",64,1999,107,NA,NA,1662,10292,NA,NA,FALSE,1246,1229,97,"FC Barcelona","FC Barcelona","FCB",1246,1848,"Fórum Valladolid","Fórum Vall.","FOR",1,59,12000,2,14,14,21,45,46,11,17,64,24,8,32,7,9,12,0,3,3,0,21,15,47,0,0,11,0,0,649,77,0,0,0,0,0,0,0,0,0
1503837,1,"Liga Nacional","Liga Endesa",-402534000,NA,"https://www.acb.com/Documentos/Cabeceras/logo-competicion-1b.png","https://www.acb.com/Documentos/Cabeceras/logo-competicion-4a.png",64,1999,107,NA,NA,1662,10292,NA,NA,TRUE,1229,1229,97,"FC Barcelona","FC Barcelona","FCB",1246,1848,"Fórum Valladolid","Fórum Vall.","FOR",1,77,12000,6,18,33.33,24,45,53.33,11,26,42.31,27,16,43,8,10,12,0,3,3,1,15,21,84,0,0,0,1,0,77,59,0,NA,0,0,0,0,0,0,0
1503883,1,"Liga Nacional","Liga Endesa",-402534000,NA,"https://www.acb.com/Documentos/Cabeceras/logo-competicion-1b.png","https://www.acb.com/Documentos/Cabeceras/logo-competicion-4a.png",64,1999,107,NA,NA,1662,10294,NA,NA,FALSE,1234,1244,1125,"Caja San Fernando","C. San Fernando","CSF",1234,457,"Adecco Estudiantes","Adecco Estu","EST",1,56,12000,4,15,26,19,41,46,6,8,75,18,14,32,11,7,13,0,2,5,0,19,14,50,0,0,9,0,0,504,66,0,0,0,0,0,0,0,0,0
1503882,1,"Liga Nacional","Liga Endesa",-402534000,NA,"https://www.acb.com/Documentos/Cabeceras/logo-competicion-1b.png","https://www.acb.com/Documentos/Cabeceras/logo-competicion-4a.png",64,1999,107,NA,NA,1662,10294,NA,NA,TRUE,1244,1244,1125,"Caja San Fernando","C. San Fernando","CSF",1234,457,"Adecco Estudiantes","Adecco Estu","EST",1,66,12000,5,15,33.33,21,37,56.76,9,14,64.29,19,9,28,9,9,8,0,5,2,0,14,19,81,0,0,0,1,0,66,56,0,NA,0,0,0,0,0,0,0
1503924,1,"Liga Nacional","Liga Endesa",-402534000,NA,"https://www.acb.com/Documentos/Cabeceras/logo-competicion-1b.png","https://www.acb.com/Documentos/Cabeceras/logo-competicion-4a.png",64,1999,107,NA,NA,1662,10296,NA,NA,TRUE,1235,1235,1196,"Jabones Pardo Fuenlabrada","Jabones Pardo","FUE",1245,1803,"Cantabria Lobos","Cantabria Lobos","CAN",1,74,12000,5,20,25,22,46,47,15,16,93,22,18,40,4,7,8,0,4,6,0,21,19,73,0,0,0,8,0,592,69,0,0,0,0,0,0,0,0,0
1503925,1,"Liga Nacional","Liga Endesa",-402534000,NA,"https://www.acb.com/Documentos/Cabeceras/logo-competicion-1b.png","https://www.acb.com/Documentos/Cabeceras/logo-competicion-4a.png",64,1999,107,NA,NA,1662,10296,NA,NA,FALSE,1245,1235,1196,"Jabones Pardo Fuenlabrada","Jabones Pardo","FUE",1245,1803,"Cantabria Lobos","Cantabria Lobos","CAN",1,69,12000,5,17,29.41,18,39,46.15,18,23,78.26,20,11,31,9,5,9,0,6,4,3,19,21,71,0,0,1,0,0,69,74,0,NA,0,0,0,0,0,0,0
1503999,1,"Liga Nacional","Liga Endesa",-402534000,NA,"https://www.acb.com/Documentos/Cabeceras/logo-competicion-1b.png","https://www.acb.com/Documentos/Cabeceras/logo-competicion-4a.png",64,1999,107,NA,NA,1662,10299,NA,NA,FALSE,1243,1242,954,"Pamesa Valencia","Pamesa Valencia","PAM",1243,1049,"Unicaja","Unicaja","UNI",1,62,12000,8,19,42,16,40,40,6,8,75,13,9,22,20,7,8,0,4,4,1,22,14,58,0,0,9,0,0,558,73,0,0,0,0,0,0,0,0,0
1503998,1,"Liga Nacional","Liga Endesa",-402534000,NA,"https://www.acb.com/Documentos/Cabeceras/logo-competicion-1b.png","https://www.acb.com/Documentos/Cabeceras/logo-competicion-4a.png",64,1999,107,NA,NA,1662,10299,NA,NA,TRUE,1242,1242,954,"Pamesa Valencia","Pamesa Valencia","PAM",1243,1049,"Unicaja","Unicaja","UNI",1,73,12000,7,15,46.67,18,33,54.55,16,19,84.21,23,8,31,12,6,11,0,4,4,2,14,22,93,0,0,0,1,0,73,62,0,NA,0,0,0,0,0,0,0
1504156,1,"Liga Nacional","Liga Endesa",-402534000,NA,"https://www.acb.com/Documentos/Cabeceras/logo-competicion-1b.png","https://www.acb.com/Documentos/Cabeceras/logo-competicion-4a.png",64,1999,107,NA,NA,1663,10306,NA,NA,FALSE,1244,1241,865,"TDK Manresa","TDK Manresa","MAN",1244,1125,"Caja San Fernando","C. San Fernando","CSF",1,74,12000,6,17,35,19,41,46,18,24,75,24,9,33,13,8,11,0,1,7,1,15,19,76,0,0,0,10,0,740,66,0,0,0,0,0,0,0,0,0
1504155,1,"Liga Nacional","Liga Endesa",-402534000,NA,"https://www.acb.com/Documentos/Cabeceras/logo-competicion-1b.png","https://www.acb.com/Documentos/Cabeceras/logo-competicion-4a.png",64,1999,107,NA,NA,1663,10306,NA,NA,TRUE,1241,1241,865,"TDK Manresa","TDK Manresa","MAN",1244,1125,"Caja San Fernando","C. San Fernando","CSF",1,66,12000,4,17,23,21,47,44,12,14,85,26,16,42,5,6,14,0,7,1,0,19,15,66,0,0,9,0,0,594,74,0,0,0,0,0,0,0,0,0
1504087,1,"Liga Nacional","Liga Endesa",-402534000,NA,"https://www.acb.com/Documentos/Cabeceras/logo-competicion-1b.png","https://www.acb.com/Documentos/Cabeceras/logo-competicion-4a.png",64,1999,107,NA,NA,1663,10303,NA,NA,FALSE,1240,1245,1803,"Cantabria Lobos","Cantabria Lobos","CAN",1240,755,"Real Madrid","Real Madrid","RMB",1,69,12000,3,18,16,17,35,48,26,30,86,19,17,36,8,12,13,0,3,8,0,25,25,70,0,0,11,0,0,759,72,0,0,0,0,0,0,0,0,0
1504086,1,"Liga Nacional","Liga Endesa",-402534000,NA,"https://www.acb.com/Documentos/Cabeceras/logo-competicion-1b.png","https://www.acb.com/Documentos/Cabeceras/logo-competicion-4a.png",64,1999,107,NA,NA,1663,10303,NA,NA,TRUE,1245,1245,1803,"Cantabria Lobos","Cantabria Lobos","CAN",1240,755,"Real Madrid","Real Madrid","RMB",1,72,12000,1,7,14.29,26,43,60.47,17,25,68,23,11,34,8,7,17,0,8,3,2,25,25,78,0,0,0,1,0,72,69,0,NA,0,0,0,0,0,0,0
1504021,1,"Liga Nacional","Liga Endesa",-402534000,NA,"https://www.acb.com/Documentos/Cabeceras/logo-competicion-1b.png","https://www.acb.com/Documentos/Cabeceras/logo-competicion-4a.png",64,1999,107,NA,NA,1663,10300,NA,NA,FALSE,1243,1232,1371,"Cáceres CB","Cáceres CB","CAC",1243,1049,"Unicaja","Unicaja","UNI",1,76,12000,11,20,55,16,34,47,11,17,64,18,8,26,12,9,9,0,2,8,0,26,18,67,0,0,0,9,0,684,70,0,0,0,0,0,0,0,0,0
1504020,1,"Liga Nacional","Liga Endesa",-402534000,NA,"https://www.acb.com/Documentos/Cabeceras/logo-competicion-1b.png","https://www.acb.com/Documentos/Cabeceras/logo-competicion-4a.png",64,1999,107,NA,NA,1663,10300,NA,NA,TRUE,1232,1232,1371,"Cáceres CB","Cáceres CB","CAC",1243,1049,"Unicaja","Unicaja","UNI",1,70,12000,7,16,43.75,16,30,53.33,17,27,62.96,20,7,27,16,7,12,0,8,2,1,18,26,89,0,0,1,0,0,70,76,0,NA,0,0,0,0,0,0,0
1504041,1,"Liga Nacional","Liga Endesa",-402534000,NA,"https://www.acb.com/Documentos/Cabeceras/logo-competicion-1b.png","https://www.acb.com/Documentos/Cabeceras/logo-competicion-4a.png",64,1999,107,NA,NA,1663,10301,NA,NA,TRUE,1239,1239,1607,"León Caja España","León C. España","LEO",1242,954,"Pamesa Valencia","Pamesa Valencia","PAM",1,55,12000,3,16,18.75,19,38,50,8,17,47.06,18,10,28,6,9,8,0,3,0,1,20,14,46,0,0,1,0,0,55,66,0,NA,0,0,0,0,0,0,0
1504042,1,"Liga Nacional","Liga Endesa",-402534000,NA,"https://www.acb.com/Documentos/Cabeceras/logo-competicion-1b.png","https://www.acb.com/Documentos/Cabeceras/logo-competicion-4a.png",64,1999,107,NA,NA,1663,10301,NA,NA,FALSE,1242,1239,1607,"León Caja España","León C. España","LEO",1242,954,"Pamesa Valencia","Pamesa Valencia","PAM",1,66,12000,7,14,50,13,31,41.94,19,23,82.61,23,8,31,10,2,11,0,0,3,0,14,20,72,0,0,0,1,0,66,55,0,NA,0,0,0,0,0,0,0
1504132,1,"Liga Nacional","Liga Endesa",-402534000,NA,"https://www.acb.com/Documentos/Cabeceras/logo-competicion-1b.png","https://www.acb.com/Documentos/Cabeceras/logo-competicion-4a.png",64,1999,107,NA,NA,1663,10305,NA,NA,TRUE,1234,1234,457,"Adecco Estudiantes","Adecco Estu","EST",1238,622,"Pinturas Bruger Badalona","Pinturas Bruger","JOV",1,90,12000,8,19,42,26,39,66,14,19,73,19,11,30,19,9,12,0,1,3,0,26,19,98,0,0,0,11,0,990,67,0,0,0,0,0,0,0,0,0
1504133,1,"Liga Nacional","Liga Endesa",-402534000,NA,"https://www.acb.com/Documentos/Cabeceras/logo-competicion-1b.png","https://www.acb.com/Documentos/Cabeceras/logo-competicion-4a.png",64,1999,107,NA,NA,1663,10305,NA,NA,FALSE,1238,1234,457,"Adecco Estudiantes","Adecco Estu","EST",1238,622,"Pinturas Bruger Badalona","Pinturas Bruger","JOV",1,67,12000,2,11,18.18,16,34,47.06,29,37,78.38,17,9,26,6,12,14,0,3,1,1,19,26,71,0,0,1,0,0,67,90,0,NA,0,0,0,0,0,0,0
1504184,1,"Liga Nacional","Liga Endesa",-402534000,NA,"https://www.acb.com/Documentos/Cabeceras/logo-competicion-1b.png","https://www.acb.com/Documentos/Cabeceras/logo-competicion-4a.png",64,1999,107,NA,NA,1663,10307,NA,NA,FALSE,1230,1246,1848,"Fórum Valladolid","Fórum Vall.","FOR",1230,211,"TAU Cerámica","TAU Cerámica","TAU",1,92,12000,10,16,62,21,36,58,20,29,68,23,7,30,21,13,9,0,2,0,3,16,22,125,0,0,0,12,0,1012,57,0,0,0,0,0,0,0,0,0
1504183,1,"Liga Nacional","Liga Endesa",-402534000,NA,"https://www.acb.com/Documentos/Cabeceras/logo-competicion-1b.png","https://www.acb.com/Documentos/Cabeceras/logo-competicion-4a.png",64,1999,107,NA,NA,1663,10307,NA,NA,TRUE,1246,1246,1848,"Fórum Valladolid","Fórum Vall.","FOR",1230,211,"TAU Cerámica","TAU Cerámica","TAU",1,57,12000,3,13,23,21,42,50,6,10,60,13,10,23,6,5,16,0,0,2,1,22,16,32,0,0,11,0,0,627,92,0,0,0,0,0,0,0,0,0
1504207,1,"Liga Nacional","Liga Endesa",-402534000,NA,"https://www.acb.com/Documentos/Cabeceras/logo-competicion-1b.png","https://www.acb.com/Documentos/Cabeceras/logo-competicion-4a.png",64,1999,107,NA,NA,1663,10308,NA,NA,TRUE,1233,1233,332,"Canarias Telecom","Canarias Tel.","GCA",1229,97,"FC Barcelona","FC Barcelona","FCB",1,67,12000,4,15,26,24,45,53,7,8,87,18,11,29,10,7,7,0,2,4,2,16,15,70,0,0,0,10,0,670,66,0,0,0,0,0,0,0,0,0
1504208,1,"Liga Nacional","Liga Endesa",-402534000,NA,"https://www.acb.com/Documentos/Cabeceras/logo-competicion-1b.png","https://www.acb.com/Documentos/Cabeceras/logo-competicion-4a.png",64,1999,107,NA,NA,1663,10308,NA,NA,FALSE,1229,1233,332,"Canarias Telecom","Canarias Tel.","GCA",1229,97,"FC Barcelona","FC Barcelona","FCB",1,66,12000,6,18,33.33,20,44,45.45,8,13,61.54,18,18,36,10,3,10,0,4,2,2,15,16,67,0,0,1,0,0,66,67,0,NA,0,0,0,0,0,0,0
1504109,1,"Liga Nacional","Liga Endesa",-402534000,NA,"https://www.acb.com/Documentos/Cabeceras/logo-competicion-1b.png","https://www.acb.com/Documentos/Cabeceras/logo-competicion-4a.png",64,1999,107,NA,NA,1663,10304,NA,NA,FALSE,1235,1231,1353,"Breogán Universidade","Breogán Uni.","BRE",1235,1196,"Jabones Pardo Fuenlabrada","Jabones Pardo","FUE",1,82,12000,5,12,41,26,36,72,15,16,93,17,7,24,8,8,14,0,3,0,1,20,21,94,0,0,0,9,0,738,80,0,0,0,0,0,0,0,0,0
1504108,1,"Liga Nacional","Liga Endesa",-402534000,NA,"https://www.acb.com/Documentos/Cabeceras/logo-competicion-1b.png","https://www.acb.com/Documentos/Cabeceras/logo-competicion-4a.png",64,1999,107,NA,NA,1663,10304,NA,NA,TRUE,1231,1231,1353,"Breogán Universidade","Breogán Uni.","BRE",1235,1196,"Jabones Pardo Fuenlabrada","Jabones Pardo","FUE",1,80,12000,4,11,36,28,53,52,12,14,85,11,14,25,7,12,7,0,0,3,1,21,20,79,0,0,9,0,0,720,82,0,0,0,0,0,0,0,0,0
1504063,1,"Liga Nacional","Liga Endesa",-402534000,NA,"https://www.acb.com/Documentos/Cabeceras/logo-competicion-1b.png","https://www.acb.com/Documentos/Cabeceras/logo-competicion-4a.png",64,1999,107,NA,NA,1663,10302,NA,NA,FALSE,1237,1236,1445,"Gijón Baloncesto","Gijón Bal.","GIJ",1237,1465,"Casademont Girona","Casademont Gir.","GIR",1,75,12000,3,11,27.27,23,37,62.16,20,28,71.43,24,9,33,7,5,14,0,0,3,2,19,23,77,0,0,0,1,0,75,62,0,NA,0,0,0,0,0,0,0
1504062,1,"Liga Nacional","Liga Endesa",-402534000,NA,"https://www.acb.com/Documentos/Cabeceras/logo-competicion-1b.png","https://www.acb.com/Documentos/Cabeceras/logo-competicion-4a.png",64,1999,107,NA,NA,1663,10302,NA,NA,TRUE,1236,1236,1445,"Gijón Baloncesto","Gijón Bal.","GIJ",1237,1465,"Casademont Girona","Casademont Gir.","GIR",1,62,12000,4,22,18.18,18,30,60,14,19,73.68,15,9,24,5,9,14,0,3,0,2,23,19,50,0,0,1,0,0,62,75,0,NA,0,0,0,0,0,0,0
1504230,1,"Liga Nacional","Liga Endesa",-402534000,NA,"https://www.acb.com/Documentos/Cabeceras/logo-competicion-1b.png","https://www.acb.com/Documentos/Cabeceras/logo-competicion-4a.png",64,1999,107,NA,NA,1664,10309,NA,NA,TRUE,1229,1229,97,"FC Barcelona","FC Barcelona","FCB",1232,1371,"Cáceres CB","Cáceres CB","CAC",1,89,12000,11,22,50,21,41,51.22,14,21,66.67,23,15,38,10,9,13,0,5,2,5,18,23,103,0,0,0,1,0,89,74,0,NA,0,0,0,0,0,0,0
1504231,1,"Liga Nacional","Liga Endesa",-402534000,NA,"https://www.acb.com/Documentos/Cabeceras/logo-competicion-1b.png","https://www.acb.com/Documentos/Cabeceras/logo-competicion-4a.png",64,1999,107,NA,NA,1664,10309,NA,NA,FALSE,1232,1229,97,"FC Barcelona","FC Barcelona","FCB",1232,1371,"Cáceres CB","Cáceres CB","CAC",1,74,12000,3,13,23.08,26,47,55.32,13,20,65,17,12,29,9,8,13,0,2,5,2,23,18,61,0,0,1,0,0,74,89,0,NA,0,0,0,0,0,0,0
1504373,1,"Liga Nacional","Liga Endesa",-402534000,NA,"https://www.acb.com/Documentos/Cabeceras/logo-competicion-1b.png","https://www.acb.com/Documentos/Cabeceras/logo-competicion-4a.png",64,1999,107,NA,NA,1664,10315,NA,NA,TRUE,1237,1237,1465,"Casademont Girona","Casademont Gir.","GIR",1245,1803,"Cantabria Lobos","Cantabria Lobos","CAN",1,90,12000,2,11,18.18,29,45,64.44,26,39,66.67,30,10,40,13,13,16,0,1,5,2,22,27,103,0,0,0,1,0,90,71,0,NA,0,0,0,0,0,0,0
1504374,1,"Liga Nacional","Liga Endesa",-402534000,NA,"https://www.acb.com/Documentos/Cabeceras/logo-competicion-1b.png","https://www.acb.com/Documentos/Cabeceras/logo-competicion-4a.png",64,1999,107,NA,NA,1664,10315,NA,NA,FALSE,1245,1237,1465,"Casademont Girona","Casademont Gir.","GIR",1245,1803,"Cantabria Lobos","Cantabria Lobos","CAN",1,71,12000,4,15,26.67,20,40,50,19,27,70.37,21,4,25,5,11,11,0,5,1,0,27,22,61,0,0,1,0,0,71,90,0,NA,0,0,0,0,0,0,0
1504253,1,"Liga Nacional","Liga Endesa",-402534000,NA,"https://www.acb.com/Documentos/Cabeceras/logo-competicion-1b.png","https://www.acb.com/Documentos/Cabeceras/logo-competicion-4a.png",64,1999,107,NA,NA,1664,10310,NA,NA,TRUE,1230,1230,211,"TAU Cerámica","TAU Cerámica","TAU",1233,332,"Canarias Telecom","Canarias Tel.","GCA",1,77,12000,6,18,33,25,40,62,9,14,64,21,9,30,16,12,11,0,1,2,2,18,19,92,0,0,0,10,0,693,64,0,0,0,0,0,0,0,0,0
1504254,1,"Liga Nacional","Liga Endesa",-402534000,NA,"https://www.acb.com/Documentos/Cabeceras/logo-competicion-1b.png","https://www.acb.com/Documentos/Cabeceras/logo-competicion-4a.png",64,1999,107,NA,NA,1664,10310,NA,NA,FALSE,1233,1230,211,"TAU Cerámica","TAU Cerámica","TAU",1233,332,"Canarias Telecom","Canarias Tel.","GCA",1,64,12000,4,9,44,21,46,45,10,14,71,20,10,30,10,8,16,0,2,1,0,19,18,62,0,0,10,0,0,640,77,0,0,0,0,0,0,0,0,0
1504301,1,"Liga Nacional","Liga Endesa",-402534000,NA,"https://www.acb.com/Documentos/Cabeceras/logo-competicion-1b.png","https://www.acb.com/Documentos/Cabeceras/logo-competicion-4a.png",64,1999,107,NA,NA,1664,10312,NA,NA,FALSE,1241,1238,622,"Pinturas Bruger Badalona","Pinturas Bruger","JOV",1241,865,"TDK Manresa","TDK Manresa","MAN",1,79,12000,9,18,50,18,36,50,16,24,66,18,11,29,10,10,11,0,5,7,3,24,21,77,0,0,0,10,0,790,75,0,0,0,0,0,0,0,0,0
1504300,1,"Liga Nacional","Liga Endesa",-402534000,NA,"https://www.acb.com/Documentos/Cabeceras/logo-competicion-1b.png","https://www.acb.com/Documentos/Cabeceras/logo-competicion-4a.png",64,1999,107,NA,NA,1664,10312,NA,NA,TRUE,1238,1238,622,"Pinturas Bruger Badalona","Pinturas Bruger","JOV",1241,865,"TDK Manresa","TDK Manresa","MAN",1,75,12000,6,9,66.67,19,51,37.25,19,25,76,21,17,38,7,4,9,0,7,5,1,21,24,79,0,0,1,0,0,75,79,0,NA,0,0,0,0,0,0,0
1504350,1,"Liga Nacional","Liga Endesa",-402534000,NA,"https://www.acb.com/Documentos/Cabeceras/logo-competicion-1b.png","https://www.acb.com/Documentos/Cabeceras/logo-competicion-4a.png",64,1999,107,NA,NA,1664,10314,NA,NA,TRUE,1240,1240,755,"Real Madrid","Real Madrid","RMB",1231,1353,"Breogán Universidade","Breogán Uni.","BRE",1,91,12000,5,12,41,28,40,70,20,24,83,28,7,35,14,10,14,0,3,0,3,23,21,114,0,0,0,10,0,910,72,0,0,0,0,0,0,0,0,0
1504351,1,"Liga Nacional","Liga Endesa",-402534000,NA,"https://www.acb.com/Documentos/Cabeceras/logo-competicion-1b.png","https://www.acb.com/Documentos/Cabeceras/logo-competicion-4a.png",64,1999,107,NA,NA,1664,10314,NA,NA,FALSE,1231,1240,755,"Real Madrid","Real Madrid","RMB",1231,1353,"Breogán Universidade","Breogán Uni.","BRE",1,72,12000,6,19,31,22,43,51,10,19,52,12,11,23,10,10,11,0,0,3,1,21,23,60,0,0,12,0,0,864,91,0,0,0,0,0,0,0,0,0
1504425,1,"Liga Nacional","Liga Endesa",-402534000,NA,"https://www.acb.com/Documentos/Cabeceras/logo-competicion-1b.png","https://www.acb.com/Documentos/Cabeceras/logo-competicion-4a.png",64,1999,107,NA,NA,1664,10317,NA,NA,TRUE,1243,1243,1049,"Unicaja","Unicaja","UNI",1239,1607,"León Caja España","León C. España","LEO",1,71,12000,9,22,40,18,33,54,8,11,72,22,8,30,19,12,8,0,2,2,1,21,17,89,0,0,0,12,0,852,52,0,0,0,0,0,0,0,0,0
1504426,1,"Liga Nacional","Liga Endesa",-402534000,NA,"https://www.acb.com/Documentos/Cabeceras/logo-competicion-1b.png","https://www.acb.com/Documentos/Cabeceras/logo-competicion-4a.png",64,1999,107,NA,NA,1664,10317,NA,NA,FALSE,1239,1243,1049,"Unicaja","Unicaja","UNI",1239,1607,"León Caja España","León C. España","LEO",1,52,12000,3,8,37.5,16,34,47.06,11,25,44,20,9,29,6,6,17,0,2,2,0,17,21,43,0,0,1,0,0,52,71,0,NA,0,0,0,0,0,0,0
1504324,1,"Liga Nacional","Liga Endesa",-402534000,NA,"https://www.acb.com/Documentos/Cabeceras/logo-competicion-1b.png","https://www.acb.com/Documentos/Cabeceras/logo-competicion-4a.png",64,1999,107,NA,NA,1664,10313,NA,NA,FALSE,1234,1235,1196,"Jabones Pardo Fuenlabrada","Jabones Pardo","FUE",1234,457,"Adecco Estudiantes","Adecco Estu","EST",1,65,13500,2,20,10,21,43,48,17,35,48,35,15,50,8,10,12,0,5,3,0,27,23,61,0,0,0,10,0,650,62,0,0,0,0,0,0,0,0,0
1504323,1,"Liga Nacional","Liga Endesa",-402534000,NA,"https://www.acb.com/Documentos/Cabeceras/logo-competicion-1b.png","https://www.acb.com/Documentos/Cabeceras/logo-competicion-4a.png",64,1999,107,NA,NA,1664,10313,NA,NA,TRUE,1235,1235,1196,"Jabones Pardo Fuenlabrada","Jabones Pardo","FUE",1234,457,"Adecco Estudiantes","Adecco Estu","EST",1,62,13500,4,22,18,18,48,37,14,29,48,32,18,50,11,6,15,0,3,5,4,23,27,53,0,0,9,0,0,558,65,0,0,0,0,0,0,0,0,0
1504398,1,"Liga Nacional","Liga Endesa",-402534000,NA,"https://www.acb.com/Documentos/Cabeceras/logo-competicion-1b.png","https://www.acb.com/Documentos/Cabeceras/logo-competicion-4a.png",64,1999,107,NA,NA,1664,10316,NA,NA,TRUE,1242,1242,954,"Pamesa Valencia","Pamesa Valencia","PAM",1236,1445,"Gijón Baloncesto","Gijón Bal.","GIJ",1,96,12000,3,14,21.43,33,48,68.75,21,30,70,23,17,40,18,11,16,0,6,2,6,18,27,127,0,0,0,1,0,96,85,0,NA,0,0,0,0,0,0,0
1504399,1,"Liga Nacional","Liga Endesa",-402534000,NA,"https://www.acb.com/Documentos/Cabeceras/logo-competicion-1b.png","https://www.acb.com/Documentos/Cabeceras/logo-competicion-4a.png",64,1999,107,NA,NA,1664,10316,NA,NA,FALSE,1236,1242,954,"Pamesa Valencia","Pamesa Valencia","PAM",1236,1445,"Gijón Baloncesto","Gijón Bal.","GIJ",1,85,12000,9,16,56.25,22,43,51.16,14,20,70,14,6,20,17,12,12,0,2,6,2,27,18,75,0,0,1,0,0,85,96,0,NA,0,0,0,0,0,0,0
1504278,1,"Liga Nacional","Liga Endesa",-402534000,NA,"https://www.acb.com/Documentos/Cabeceras/logo-competicion-1b.png","https://www.acb.com/Documentos/Cabeceras/logo-competicion-4a.png",64,1999,107,NA,NA,1664,10311,NA,NA,FALSE,1246,1244,1125,"Caja San Fernando","C. San Fernando","CSF",1246,1848,"Fórum Valladolid","Fórum Vall.","FOR",1,63,12000,6,15,40,20,43,46,5,12,41,25,6,31,10,7,5,0,1,3,2,16,16,65,0,0,0,9,0,567,62,0,0,0,0,0,0,0,0,0
1504277,1,"Liga Nacional","Liga Endesa",-402534000,NA,"https://www.acb.com/Documentos/Cabeceras/logo-competicion-1b.png","https://www.acb.com/Documentos/Cabeceras/logo-competicion-4a.png",64,1999,107,NA,NA,1664,10311,NA,NA,TRUE,1244,1244,1125,"Caja San Fernando","C. San Fernando","CSF",1246,1848,"Fórum Valladolid","Fórum Vall.","FOR",1,62,12000,9,20,45,15,34,44.12,5,12,41.67,30,8,38,9,3,11,0,3,1,1,16,16,66,0,0,1,0,0,62,63,0,NA,0,0,0,0,0,0,0
1504472,1,"Liga Nacional","Liga Endesa",-402534000,NA,"https://www.acb.com/Documentos/Cabeceras/logo-competicion-1b.png","https://www.acb.com/Documentos/Cabeceras/logo-competicion-4a.png",64,1999,107,NA,NA,1665,10319,NA,NA,FALSE,1243,1236,1445,"Gijón Baloncesto","Gijón Bal.","GIJ",1243,1049,"Unicaja","Unicaja","UNI",1,83,12000,8,18,44,20,37,54,19,20,95,12,16,28,8,8,8,0,0,3,0,20,20,88,0,0,0,9,0,747,79,0,0,0,0,0,0,0,0,0
1504471,1,"Liga Nacional","Liga Endesa",-402534000,NA,"https://www.acb.com/Documentos/Cabeceras/logo-competicion-1b.png","https://www.acb.com/Documentos/Cabeceras/logo-competicion-4a.png",64,1999,107,NA,NA,1665,10319,NA,NA,TRUE,1236,1236,1445,"Gijón Baloncesto","Gijón Bal.","GIJ",1243,1049,"Unicaja","Unicaja","UNI",1,79,12000,7,14,50,22,34,64.71,14,26,53.85,12,14,26,13,7,10,0,3,0,5,20,20,87,0,0,1,0,0,79,83,0,NA,0,0,0,0,0,0,0
1504635,1,"Liga Nacional","Liga Endesa",-402534000,NA,"https://www.acb.com/Documentos/Cabeceras/logo-competicion-1b.png","https://www.acb.com/Documentos/Cabeceras/logo-competicion-4a.png",64,1999,107,NA,NA,1665,10326,NA,NA,TRUE,1229,1229,97,"FC Barcelona","FC Barcelona","FCB",1230,211,"TAU Cerámica","TAU Cerámica","TAU",1,74,12000,5,16,31.25,21,45,46.67,17,23,73.91,18,17,35,11,9,15,0,1,1,2,22,20,71,0,0,1,0,0,74,85,0,NA,0,0,0,0,0,0,0
1504636,1,"Liga Nacional","Liga Endesa",-402534000,NA,"https://www.acb.com/Documentos/Cabeceras/logo-competicion-1b.png","https://www.acb.com/Documentos/Cabeceras/logo-competicion-4a.png",64,1999,107,NA,NA,1665,10326,NA,NA,FALSE,1230,1229,97,"FC Barcelona","FC Barcelona","FCB",1230,211,"TAU Cerámica","TAU Cerámica","TAU",1,85,12000,8,22,36.36,23,38,60.53,15,24,62.5,20,10,30,15,8,12,0,1,1,2,20,22,90,0,0,0,1,0,85,74,0,NA,0,0,0,0,0,0,0
1504614,1,"Liga Nacional","Liga Endesa",-402534000,NA,"https://www.acb.com/Documentos/Cabeceras/logo-competicion-1b.png","https://www.acb.com/Documentos/Cabeceras/logo-competicion-4a.png",64,1999,107,NA,NA,1665,10325,NA,NA,TRUE,1233,1233,332,"Canarias Telecom","Canarias Tel.","GCA",1244,1125,"Caja San Fernando","C. San Fernando","CSF",1,85,15000,3,12,25,26,49,53,24,37,64,22,17,39,12,7,16,0,1,2,2,32,28,77,0,0,10,0,0,850,91,0,0,0,0,0,0,0,0,0
1504615,1,"Liga Nacional","Liga Endesa",-402534000,NA,"https://www.acb.com/Documentos/Cabeceras/logo-competicion-1b.png","https://www.acb.com/Documentos/Cabeceras/logo-competicion-4a.png",64,1999,107,NA,NA,1665,10325,NA,NA,FALSE,1244,1233,332,"Canarias Telecom","Canarias Tel.","GCA",1244,1125,"Caja San Fernando","C. San Fernando","CSF",1,91,15000,5,18,27.78,20,34,58.82,36,46,78.26,21,6,27,11,13,11,0,2,1,0,28,32,99,0,0,0,1,0,91,85,0,NA,0,0,0,0,0,0,0
1504493,1,"Liga Nacional","Liga Endesa",-402534000,NA,"https://www.acb.com/Documentos/Cabeceras/logo-competicion-1b.png","https://www.acb.com/Documentos/Cabeceras/logo-competicion-4a.png",64,1999,107,NA,NA,1665,10320,NA,NA,TRUE,1245,1245,1803,"Cantabria Lobos","Cantabria Lobos","CAN",1242,954,"Pamesa Valencia","Pamesa Valencia","PAM",1,62,12000,3,12,25,22,41,53.66,9,10,90,18,5,23,4,4,13,0,4,2,1,22,15,46,0,0,1,0,0,62,99,0,NA,0,0,0,0,0,0,0
1504494,1,"Liga Nacional","Liga Endesa",-402534000,NA,"https://www.acb.com/Documentos/Cabeceras/logo-competicion-1b.png","https://www.acb.com/Documentos/Cabeceras/logo-competicion-4a.png",64,1999,107,NA,NA,1665,10320,NA,NA,FALSE,1242,1245,1803,"Cantabria Lobos","Cantabria Lobos","CAN",1242,954,"Pamesa Valencia","Pamesa Valencia","PAM",1,99,12000,3,10,30,34,46,73.91,22,27,81.48,27,9,36,8,10,4,0,2,4,2,15,22,130,0,0,0,1,0,99,62,0,NA,0,0,0,0,0,0,0
1504565,1,"Liga Nacional","Liga Endesa",-402534000,NA,"https://www.acb.com/Documentos/Cabeceras/logo-competicion-1b.png","https://www.acb.com/Documentos/Cabeceras/logo-competicion-4a.png",64,1999,107,NA,NA,1665,10323,NA,NA,FALSE,1235,1241,865,"TDK Manresa","TDK Manresa","MAN",1235,1196,"Jabones Pardo Fuenlabrada","Jabones Pardo","FUE",1,76,12000,4,20,20,23,35,65,18,24,75,25,8,33,14,8,9,0,2,2,2,21,23,90,0,0,0,9,0,684,63,0,0,0,0,0,0,0,0,0
1504564,1,"Liga Nacional","Liga Endesa",-402534000,NA,"https://www.acb.com/Documentos/Cabeceras/logo-competicion-1b.png","https://www.acb.com/Documentos/Cabeceras/logo-competicion-4a.png",64,1999,107,NA,NA,1665,10323,NA,NA,TRUE,1241,1241,865,"TDK Manresa","TDK Manresa","MAN",1235,1196,"Jabones Pardo Fuenlabrada","Jabones Pardo","FUE",1,63,12000,6,17,35,18,36,50,9,18,50,20,6,26,14,8,10,0,2,2,5,23,21,61,0,0,11,0,0,693,76,0,0,0,0,0,0,0,0,0
1504590,1,"Liga Nacional","Liga Endesa",-402534000,NA,"https://www.acb.com/Documentos/Cabeceras/logo-competicion-1b.png","https://www.acb.com/Documentos/Cabeceras/logo-competicion-4a.png",64,1999,107,NA,NA,1665,10324,NA,NA,TRUE,1246,1246,1848,"Fórum Valladolid","Fórum Vall.","FOR",1238,622,"Pinturas Bruger Badalona","Pinturas Bruger","JOV",1,82,12000,8,12,66,18,34,52,22,28,78,21,6,27,15,4,11,0,1,0,2,21,20,91,0,0,0,11,0,902,79,0,0,0,0,0,0,0,0,0
1504591,1,"Liga Nacional","Liga Endesa",-402534000,NA,"https://www.acb.com/Documentos/Cabeceras/logo-competicion-1b.png","https://www.acb.com/Documentos/Cabeceras/logo-competicion-4a.png",64,1999,107,NA,NA,1665,10324,NA,NA,FALSE,1238,1246,1848,"Fórum Valladolid","Fórum Vall.","FOR",1238,622,"Pinturas Bruger Badalona","Pinturas Bruger","JOV",1,79,12000,6,17,35.29,22,39,56.41,17,21,80.95,16,8,24,8,8,8,0,0,1,0,20,21,79,0,0,1,0,0,79,82,0,NA,0,0,0,0,0,0,0
1504516,1,"Liga Nacional","Liga Endesa",-402534000,NA,"https://www.acb.com/Documentos/Cabeceras/logo-competicion-1b.png","https://www.acb.com/Documentos/Cabeceras/logo-competicion-4a.png",64,1999,107,NA,NA,1665,10321,NA,NA,TRUE,1231,1231,1353,"Breogán Universidade","Breogán Uni.","BRE",1237,1465,"Casademont Girona","Casademont Gir.","GIR",1,79,12000,5,9,55,23,39,58,18,26,69,15,7,22,8,18,14,0,3,1,1,22,26,91,0,0,0,10,0,790,74,0,0,0,0,0,0,0,0,0
1504517,1,"Liga Nacional","Liga Endesa",-402534000,NA,"https://www.acb.com/Documentos/Cabeceras/logo-competicion-1b.png","https://www.acb.com/Documentos/Cabeceras/logo-competicion-4a.png",64,1999,107,NA,NA,1665,10321,NA,NA,FALSE,1237,1231,1353,"Breogán Universidade","Breogán Uni.","BRE",1237,1465,"Casademont Girona","Casademont Gir.","GIR",1,74,12000,7,16,43.75,19,29,65.52,15,22,68.18,16,9,25,9,12,19,0,1,3,0,26,22,69,0,0,1,0,0,74,79,0,NA,0,0,0,0,0,0,0
1504541,1,"Liga Nacional","Liga Endesa",-402534000,NA,"https://www.acb.com/Documentos/Cabeceras/logo-competicion-1b.png","https://www.acb.com/Documentos/Cabeceras/logo-competicion-4a.png",64,1999,107,NA,NA,1665,10322,NA,NA,FALSE,1240,1234,457,"Adecco Estudiantes","Adecco Estu","EST",1240,755,"Real Madrid","Real Madrid","RMB",1,71,12000,6,11,54,20,46,43,13,17,76,23,15,38,8,9,6,0,3,2,1,14,17,89,0,0,0,9,0,639,57,0,0,0,0,0,0,0,0,0
1504540,1,"Liga Nacional","Liga Endesa",-402534000,NA,"https://www.acb.com/Documentos/Cabeceras/logo-competicion-1b.png","https://www.acb.com/Documentos/Cabeceras/logo-competicion-4a.png",64,1999,107,NA,NA,1665,10322,NA,NA,TRUE,1234,1234,457,"Adecco Estudiantes","Adecco Estu","EST",1240,755,"Real Madrid","Real Madrid","RMB",1,57,12000,6,21,28,17,40,42,5,6,83,18,16,34,13,5,10,0,2,3,0,17,14,56,0,0,10,0,0,570,71,0,0,0,0,0,0,0,0,0
1504447,1,"Liga Nacional","Liga Endesa",-402534000,NA,"https://www.acb.com/Documentos/Cabeceras/logo-competicion-1b.png","https://www.acb.com/Documentos/Cabeceras/logo-competicion-4a.png",64,1999,107,NA,NA,1665,10318,NA,NA,TRUE,1232,1232,1371,"Cáceres CB","Cáceres CB","CAC",1239,1607,"León Caja España","León C. España","LEO",1,67,12000,6,16,37.5,17,35,48.57,15,25,60,22,9,31,10,8,12,0,4,3,0,25,27,69,0,0,0,1,0,67,62,0,NA,0,0,0,0,0,0,0
1504448,1,"Liga Nacional","Liga Endesa",-402534000,NA,"https://www.acb.com/Documentos/Cabeceras/logo-competicion-1b.png","https://www.acb.com/Documentos/Cabeceras/logo-competicion-4a.png",64,1999,107,NA,NA,1665,10318,NA,NA,FALSE,1239,1232,1371,"Cáceres CB","Cáceres CB","CAC",1239,1607,"León Caja España","León C. España","LEO",1,62,12000,3,16,18.75,16,37,43.24,21,30,70,23,13,36,2,8,10,0,3,4,1,27,25,52,0,0,1,0,0,62,67,0,NA,0,0,0,0,0,0,0
1504751,1,"Liga Nacional","Liga Endesa",-402534000,NA,"https://www.acb.com/Documentos/Cabeceras/logo-competicion-1b.png","https://www.acb.com/Documentos/Cabeceras/logo-competicion-4a.png",64,1999,107,NA,NA,1666,10331,NA,NA,FALSE,1241,1240,755,"Real Madrid","Real Madrid","RMB",1241,865,"TDK Manresa","TDK Manresa","MAN",1,65,12000,5,22,22,16,41,39,18,22,81,19,10,29,2,10,9,0,3,4,0,26,23,47,0,0,10,0,0,650,79,0,0,0,0,0,0,0,0,0
1504750,1,"Liga Nacional","Liga Endesa",-402534000,NA,"https://www.acb.com/Documentos/Cabeceras/logo-competicion-1b.png","https://www.acb.com/Documentos/Cabeceras/logo-competicion-4a.png",64,1999,107,NA,NA,1666,10331,NA,NA,TRUE,1240,1240,755,"Real Madrid","Real Madrid","RMB",1241,865,"TDK Manresa","TDK Manresa","MAN",1,79,12000,3,11,27,22,43,51,26,33,78,32,14,46,10,8,15,0,4,3,3,23,26,96,0,0,0,10,0,790,65,0,0,0,0,0,0,0,0,0
1504703,1,"Liga Nacional","Liga Endesa",-402534000,NA,"https://www.acb.com/Documentos/Cabeceras/logo-competicion-1b.png","https://www.acb.com/Documentos/Cabeceras/logo-competicion-4a.png",64,1999,107,NA,NA,1666,10329,NA,NA,FALSE,1233,1238,622,"Pinturas Bruger Badalona","Pinturas Bruger","JOV",1233,332,"Canarias Telecom","Canarias Tel.","GCA",1,79,12000,7,16,43,17,38,44,24,35,68,24,11,35,11,4,9,0,0,1,3,26,27,79,0,0,10,0,0,790,82,0,0,0,0,0,0,0,0,0
1504702,1,"Liga Nacional","Liga Endesa",-402534000,NA,"https://www.acb.com/Documentos/Cabeceras/logo-competicion-1b.png","https://www.acb.com/Documentos/Cabeceras/logo-competicion-4a.png",64,1999,107,NA,NA,1666,10329,NA,NA,TRUE,1238,1238,622,"Pinturas Bruger Badalona","Pinturas Bruger","JOV",1233,332,"Canarias Telecom","Canarias Tel.","GCA",1,82,12000,3,15,20,25,48,52.08,23,29,79.31,23,13,36,11,5,5,0,1,0,1,27,26,88,0,0,0,1,0,82,79,0,NA,0,0,0,0,0,0,0
1504656,1,"Liga Nacional","Liga Endesa",-402534000,NA,"https://www.acb.com/Documentos/Cabeceras/logo-competicion-1b.png","https://www.acb.com/Documentos/Cabeceras/logo-competicion-4a.png",64,1999,107,NA,NA,1666,10327,NA,NA,FALSE,1232,1230,211,"TAU Cerámica","TAU Cerámica","TAU",1232,1371,"Cáceres CB","Cáceres CB","CAC",1,78,12000,6,11,54.55,22,40,55,16,27,59.26,26,7,33,9,4,12,0,3,2,1,21,24,82,0,0,0,1,0,78,75,0,NA,0,0,0,0,0,0,0
1504655,1,"Liga Nacional","Liga Endesa",-402534000,NA,"https://www.acb.com/Documentos/Cabeceras/logo-competicion-1b.png","https://www.acb.com/Documentos/Cabeceras/logo-competicion-4a.png",64,1999,107,NA,NA,1666,10327,NA,NA,TRUE,1230,1230,211,"TAU Cerámica","TAU Cerámica","TAU",1232,1371,"Cáceres CB","Cáceres CB","CAC",1,75,12000,7,21,33.33,16,35,45.71,22,29,75.86,21,9,30,10,6,11,0,2,3,2,24,21,66,0,0,1,0,0,75,78,0,NA,0,0,0,0,0,0,0
1504774,1,"Liga Nacional","Liga Endesa",-402534000,NA,"https://www.acb.com/Documentos/Cabeceras/logo-competicion-1b.png","https://www.acb.com/Documentos/Cabeceras/logo-competicion-4a.png",64,1999,107,NA,NA,1666,10332,NA,NA,FALSE,1234,1237,1465,"Casademont Girona","Casademont Gir.","GIR",1234,457,"Adecco Estudiantes","Adecco Estu","EST",1,78,12000,7,16,43,22,45,48,13,16,81,13,11,24,8,16,12,0,1,2,3,28,17,67,0,0,0,10,0,780,76,0,0,0,0,0,0,0,0,0
1504773,1,"Liga Nacional","Liga Endesa",-402534000,NA,"https://www.acb.com/Documentos/Cabeceras/logo-competicion-1b.png","https://www.acb.com/Documentos/Cabeceras/logo-competicion-4a.png",64,1999,107,NA,NA,1666,10332,NA,NA,TRUE,1237,1237,1465,"Casademont Girona","Casademont Gir.","GIR",1234,457,"Adecco Estudiantes","Adecco Estu","EST",1,76,12000,3,6,50,21,38,55.26,25,40,62.5,22,13,35,9,9,19,0,2,1,1,17,28,87,0,0,1,0,0,76,78,0,NA,0,0,0,0,0,0,0
1504799,1,"Liga Nacional","Liga Endesa",-402534000,NA,"https://www.acb.com/Documentos/Cabeceras/logo-competicion-1b.png","https://www.acb.com/Documentos/Cabeceras/logo-competicion-4a.png",64,1999,107,NA,NA,1666,10333,NA,NA,FALSE,1231,1242,954,"Pamesa Valencia","Pamesa Valencia","PAM",1231,1353,"Breogán Universidade","Breogán Uni.","BRE",1,63,12000,3,14,21,23,48,47,8,11,72,18,17,35,11,11,17,0,3,3,0,24,11,51,0,0,11,0,0,693,75,0,0,0,0,0,0,0,0,0
1504798,1,"Liga Nacional","Liga Endesa",-402534000,NA,"https://www.acb.com/Documentos/Cabeceras/logo-competicion-1b.png","https://www.acb.com/Documentos/Cabeceras/logo-competicion-4a.png",64,1999,107,NA,NA,1666,10333,NA,NA,TRUE,1242,1242,954,"Pamesa Valencia","Pamesa Valencia","PAM",1231,1353,"Breogán Universidade","Breogán Uni.","BRE",1,75,12000,3,14,21.43,22,36,61.11,22,30,73.33,21,10,31,16,13,13,0,3,3,2,11,24,102,0,0,0,1,0,75,63,0,NA,0,0,0,0,0,0,0
1504847,1,"Liga Nacional","Liga Endesa",-402534000,NA,"https://www.acb.com/Documentos/Cabeceras/logo-competicion-1b.png","https://www.acb.com/Documentos/Cabeceras/logo-competicion-4a.png",64,1999,107,NA,NA,1666,10335,NA,NA,TRUE,1239,1239,1607,"León Caja España","León C. España","LEO",1236,1445,"Gijón Baloncesto","Gijón Bal.","GIJ",1,102,12000,6,16,37,32,51,62,20,25,80,30,14,44,14,6,6,0,3,3,3,26,21,121,0,0,0,11,0,1122,59,0,0,0,0,0,0,0,0,0
1504848,1,"Liga Nacional","Liga Endesa",-402534000,NA,"https://www.acb.com/Documentos/Cabeceras/logo-competicion-1b.png","https://www.acb.com/Documentos/Cabeceras/logo-competicion-4a.png",64,1999,107,NA,NA,1666,10335,NA,NA,FALSE,1236,1239,1607,"León Caja España","León C. España","LEO",1236,1445,"Gijón Baloncesto","Gijón Bal.","GIJ",1,59,12000,1,18,5.56,15,46,32.61,26,38,68.42,18,21,39,4,6,11,0,3,3,1,21,26,42,0,0,1,0,0,59,102,0,NA,0,0,0,0,0,0,0
1504679,1,"Liga Nacional","Liga Endesa",-402534000,NA,"https://www.acb.com/Documentos/Cabeceras/logo-competicion-1b.png","https://www.acb.com/Documentos/Cabeceras/logo-competicion-4a.png",64,1999,107,NA,NA,1666,10328,NA,NA,TRUE,1244,1244,1125,"Caja San Fernando","C. San Fernando","CSF",1229,97,"FC Barcelona","FC Barcelona","FCB",1,69,12000,7,18,38.89,15,33,45.45,18,24,75,20,10,30,13,10,8,0,0,3,1,20,22,78,0,0,0,1,0,69,57,0,NA,0,0,0,0,0,0,0
1504680,1,"Liga Nacional","Liga Endesa",-402534000,NA,"https://www.acb.com/Documentos/Cabeceras/logo-competicion-1b.png","https://www.acb.com/Documentos/Cabeceras/logo-competicion-4a.png",64,1999,107,NA,NA,1666,10328,NA,NA,FALSE,1229,1244,1125,"Caja San Fernando","C. San Fernando","CSF",1229,97,"FC Barcelona","FC Barcelona","FCB",1,57,12000,3,19,15.79,19,33,57.58,10,18,55.56,18,12,30,9,7,13,0,3,0,4,22,20,53,0,0,1,0,0,57,69,0,NA,0,0,0,0,0,0,0
1504727,1,"Liga Nacional","Liga Endesa",-402534000,NA,"https://www.acb.com/Documentos/Cabeceras/logo-competicion-1b.png","https://www.acb.com/Documentos/Cabeceras/logo-competicion-4a.png",64,1999,107,NA,NA,1666,10330,NA,NA,FALSE,1246,1235,1196,"Jabones Pardo Fuenlabrada","Jabones Pardo","FUE",1246,1848,"Fórum Valladolid","Fórum Vall.","FOR",1,85,12000,12,16,75,15,34,44,19,22,86,25,5,30,5,8,17,0,3,5,0,22,23,84,0,0,0,9,0,765,80,0,0,0,0,0,0,0,0,0
1504726,1,"Liga Nacional","Liga Endesa",-402534000,NA,"https://www.acb.com/Documentos/Cabeceras/logo-competicion-1b.png","https://www.acb.com/Documentos/Cabeceras/logo-competicion-4a.png",64,1999,107,NA,NA,1666,10330,NA,NA,TRUE,1235,1235,1196,"Jabones Pardo Fuenlabrada","Jabones Pardo","FUE",1246,1848,"Fórum Valladolid","Fórum Vall.","FOR",1,80,12000,7,20,35,20,41,48,19,25,76,18,14,32,4,12,14,0,5,3,1,23,22,75,0,0,10,0,0,800,85,0,0,0,0,0,0,0,0,0
1504821,1,"Liga Nacional","Liga Endesa",-402534000,NA,"https://www.acb.com/Documentos/Cabeceras/logo-competicion-1b.png","https://www.acb.com/Documentos/Cabeceras/logo-competicion-4a.png",64,1999,107,NA,NA,1666,10334,NA,NA,TRUE,1243,1243,1049,"Unicaja","Unicaja","UNI",1245,1803,"Cantabria Lobos","Cantabria Lobos","CAN",1,61,12000,3,12,25,17,42,40,18,23,78,15,11,26,8,15,10,0,0,4,1,25,23,55,0,0,11,0,0,671,66,0,0,0,0,0,0,0,0,0
1504822,1,"Liga Nacional","Liga Endesa",-402534000,NA,"https://www.acb.com/Documentos/Cabeceras/logo-competicion-1b.png","https://www.acb.com/Documentos/Cabeceras/logo-competicion-4a.png",64,1999,107,NA,NA,1666,10334,NA,NA,FALSE,1245,1243,1049,"Unicaja","Unicaja","UNI",1245,1803,"Cantabria Lobos","Cantabria Lobos","CAN",1,66,12000,6,10,60,13,29,44.83,22,27,81.48,23,7,30,8,3,19,0,4,0,2,23,25,69,0,0,0,1,0,66,61,0,NA,0,0,0,0,0,0,0
1505046,1,"Liga Nacional","Liga Endesa",-402534000,NA,"https://www.acb.com/Documentos/Cabeceras/logo-competicion-1b.png","https://www.acb.com/Documentos/Cabeceras/logo-competicion-4a.png",64,1999,107,NA,NA,1667,10344,NA,NA,TRUE,1230,1230,211,"TAU Cerámica","TAU Cerámica","TAU",1244,1125,"Caja San Fernando","C. San Fernando","CSF",1,63,12000,6,14,42,15,30,50,15,22,68,14,6,20,15,10,13,0,2,4,0,20,21,64,0,0,10,0,0,567,68,0,0,0,0,0,0,0,0,0
1505047,1,"Liga Nacional","Liga Endesa",-402534000,NA,"https://www.acb.com/Documentos/Cabeceras/logo-competicion-1b.png","https://www.acb.com/Documentos/Cabeceras/logo-competicion-4a.png",64,1999,107,NA,NA,1667,10344,NA,NA,FALSE,1244,1230,211,"TAU Cerámica","TAU Cerámica","TAU",1244,1125,"Caja San Fernando","C. San Fernando","CSF",1,68,12000,8,16,50,15,35,42.86,14,20,70,20,14,34,11,9,16,0,4,2,3,21,20,73,0,0,0,1,0,68,63,0,NA,0,0,0,0,0,0,0
1504933,1,"Liga Nacional","Liga Endesa",-402534000,NA,"https://www.acb.com/Documentos/Cabeceras/logo-competicion-1b.png","https://www.acb.com/Documentos/Cabeceras/logo-competicion-4a.png",64,1999,107,NA,NA,1667,10339,NA,NA,TRUE,1234,1234,457,"Adecco Estudiantes","Adecco Estu","EST",1242,954,"Pamesa Valencia","Pamesa Valencia","PAM",1,88,12000,7,20,35,27,40,67,13,17,76,19,12,31,15,10,14,0,1,0,0,22,19,98,0,0,0,9,0,792,74,0,0,0,0,0,0,0,0,0
1504934,1,"Liga Nacional","Liga Endesa",-402534000,NA,"https://www.acb.com/Documentos/Cabeceras/logo-competicion-1b.png","https://www.acb.com/Documentos/Cabeceras/logo-competicion-4a.png",64,1999,107,NA,NA,1667,10339,NA,NA,FALSE,1242,1234,457,"Adecco Estudiantes","Adecco Estu","EST",1242,954,"Pamesa Valencia","Pamesa Valencia","PAM",1,74,12000,4,14,28.57,19,34,55.88,24,29,82.76,14,9,23,7,13,14,0,0,1,0,19,22,75,0,0,1,0,0,74,88,0,NA,0,0,0,0,0,0,0
1504953,1,"Liga Nacional","Liga Endesa",-402534000,NA,"https://www.acb.com/Documentos/Cabeceras/logo-competicion-1b.png","https://www.acb.com/Documentos/Cabeceras/logo-competicion-4a.png",64,1999,107,NA,NA,1667,10340,NA,NA,TRUE,1241,1241,865,"TDK Manresa","TDK Manresa","MAN",1237,1465,"Casademont Girona","Casademont Gir.","GIR",1,59,12000,7,19,36,11,29,37,16,20,80,15,6,21,6,11,14,0,2,0,2,22,23,52,0,0,9,0,0,531,76,0,0,0,0,0,0,0,0,0
1504954,1,"Liga Nacional","Liga Endesa",-402534000,NA,"https://www.acb.com/Documentos/Cabeceras/logo-competicion-1b.png","https://www.acb.com/Documentos/Cabeceras/logo-competicion-4a.png",64,1999,107,NA,NA,1667,10340,NA,NA,FALSE,1237,1241,865,"TDK Manresa","TDK Manresa","MAN",1237,1465,"Casademont Girona","Casademont Gir.","GIR",1,76,12000,4,11,36.36,21,34,61.76,22,30,73.33,24,8,32,18,12,13,0,0,2,2,23,22,94,0,0,0,1,0,76,59,0,NA,0,0,0,0,0,0,0
1504978,1,"Liga Nacional","Liga Endesa",-402534000,NA,"https://www.acb.com/Documentos/Cabeceras/logo-competicion-1b.png","https://www.acb.com/Documentos/Cabeceras/logo-competicion-4a.png",64,1999,107,NA,NA,1667,10341,NA,NA,FALSE,1240,1246,1848,"Fórum Valladolid","Fórum Vall.","FOR",1240,755,"Real Madrid","Real Madrid","RMB",1,74,12000,4,19,21,22,39,56,18,23,78,21,9,30,16,10,13,0,2,2,3,20,18,78,0,0,9,0,0,666,85,0,0,0,0,0,0,0,0,0
1504977,1,"Liga Nacional","Liga Endesa",-402534000,NA,"https://www.acb.com/Documentos/Cabeceras/logo-competicion-1b.png","https://www.acb.com/Documentos/Cabeceras/logo-competicion-4a.png",64,1999,107,NA,NA,1667,10341,NA,NA,TRUE,1246,1246,1848,"Fórum Valladolid","Fórum Vall.","FOR",1240,755,"Real Madrid","Real Madrid","RMB",1,85,12000,8,16,50,21,42,50,19,21,90,21,11,32,13,12,15,0,2,2,0,18,20,98,0,0,0,11,0,935,74,0,0,0,0,0,0,0,0,0
1504913,1,"Liga Nacional","Liga Endesa",-402534000,NA,"https://www.acb.com/Documentos/Cabeceras/logo-competicion-1b.png","https://www.acb.com/Documentos/Cabeceras/logo-competicion-4a.png",64,1999,107,NA,NA,1667,10338,NA,NA,FALSE,1243,1231,1353,"Breogán Universidade","Breogán Uni.","BRE",1243,1049,"Unicaja","Unicaja","UNI",1,73,12000,5,14,35,18,27,66,22,26,84,18,6,24,6,10,18,0,3,0,0,23,20,73,0,0,10,0,0,730,84,0,0,0,0,0,0,0,0,0
1504912,1,"Liga Nacional","Liga Endesa",-402534000,NA,"https://www.acb.com/Documentos/Cabeceras/logo-competicion-1b.png","https://www.acb.com/Documentos/Cabeceras/logo-competicion-4a.png",64,1999,107,NA,NA,1667,10338,NA,NA,TRUE,1231,1231,1353,"Breogán Universidade","Breogán Uni.","BRE",1243,1049,"Unicaja","Unicaja","UNI",1,84,12000,7,12,58,20,36,55,23,31,74,14,7,21,11,16,7,0,0,3,3,20,23,96,0,0,0,10,0,840,73,0,0,0,0,0,0,0,0,0
1505024,1,"Liga Nacional","Liga Endesa",-402534000,NA,"https://www.acb.com/Documentos/Cabeceras/logo-competicion-1b.png","https://www.acb.com/Documentos/Cabeceras/logo-competicion-4a.png",64,1999,107,NA,NA,1667,10343,NA,NA,TRUE,1229,1229,97,"FC Barcelona","FC Barcelona","FCB",1238,622,"Pinturas Bruger Badalona","Pinturas Bruger","JOV",1,76,12000,3,17,17.65,27,43,62.79,13,21,61.9,25,13,38,7,11,8,0,1,2,7,27,21,79,0,0,0,1,0,76,66,0,NA,0,0,0,0,0,0,0
1505025,1,"Liga Nacional","Liga Endesa",-402534000,NA,"https://www.acb.com/Documentos/Cabeceras/logo-competicion-1b.png","https://www.acb.com/Documentos/Cabeceras/logo-competicion-4a.png",64,1999,107,NA,NA,1667,10343,NA,NA,FALSE,1238,1229,97,"FC Barcelona","FC Barcelona","FCB",1238,622,"Pinturas Bruger Badalona","Pinturas Bruger","JOV",1,66,12000,9,19,47.37,10,33,30.3,19,30,63.33,19,13,32,7,6,10,0,2,1,0,21,27,64,0,0,1,0,0,66,76,0,NA,0,0,0,0,0,0,0
1504868,1,"Liga Nacional","Liga Endesa",-402534000,NA,"https://www.acb.com/Documentos/Cabeceras/logo-competicion-1b.png","https://www.acb.com/Documentos/Cabeceras/logo-competicion-4a.png",64,1999,107,NA,NA,1667,10336,NA,NA,TRUE,1236,1236,1445,"Gijón Baloncesto","Gijón Bal.","GIJ",1232,1371,"Cáceres CB","Cáceres CB","CAC",1,66,12000,3,17,17.65,22,42,52.38,13,24,54.17,20,10,30,9,15,11,0,1,7,2,21,21,58,0,0,0,1,0,66,64,0,NA,0,0,0,0,0,0,0
1504869,1,"Liga Nacional","Liga Endesa",-402534000,NA,"https://www.acb.com/Documentos/Cabeceras/logo-competicion-1b.png","https://www.acb.com/Documentos/Cabeceras/logo-competicion-4a.png",64,1999,107,NA,NA,1667,10336,NA,NA,FALSE,1232,1236,1445,"Gijón Baloncesto","Gijón Bal.","GIJ",1232,1371,"Cáceres CB","Cáceres CB","CAC",1,64,12000,2,13,15.38,20,33,60.61,18,24,75,31,7,38,5,4,18,0,7,1,3,21,21,69,0,0,1,0,0,64,66,0,NA,0,0,0,0,0,0,0
1505002,1,"Liga Nacional","Liga Endesa",-402534000,NA,"https://www.acb.com/Documentos/Cabeceras/logo-competicion-1b.png","https://www.acb.com/Documentos/Cabeceras/logo-competicion-4a.png",64,1999,107,NA,NA,1667,10342,NA,NA,FALSE,1235,1233,332,"Canarias Telecom","Canarias Tel.","GCA",1235,1196,"Jabones Pardo Fuenlabrada","Jabones Pardo","FUE",1,82,12000,7,22,31,22,34,64,17,20,85,14,11,25,18,6,10,0,2,3,2,21,17,86,0,0,10,0,0,820,83,0,0,0,0,0,0,0,0,0
1505001,1,"Liga Nacional","Liga Endesa",-402534000,NA,"https://www.acb.com/Documentos/Cabeceras/logo-competicion-1b.png","https://www.acb.com/Documentos/Cabeceras/logo-competicion-4a.png",64,1999,107,NA,NA,1667,10342,NA,NA,TRUE,1233,1233,332,"Canarias Telecom","Canarias Tel.","GCA",1235,1196,"Jabones Pardo Fuenlabrada","Jabones Pardo","FUE",1,83,12000,7,13,53,26,45,57,10,19,52,17,10,27,11,6,10,0,3,2,4,17,21,88,0,0,0,10,0,830,82,0,0,0,0,0,0,0,0,0
1504889,1,"Liga Nacional","Liga Endesa",-402534000,NA,"https://www.acb.com/Documentos/Cabeceras/logo-competicion-1b.png","https://www.acb.com/Documentos/Cabeceras/logo-competicion-4a.png",64,1999,107,NA,NA,1667,10337,NA,NA,FALSE,1239,1245,1803,"Cantabria Lobos","Cantabria Lobos","CAN",1239,1607,"León Caja España","León C. España","LEO",1,72,12000,3,10,30,23,43,53,17,23,73,18,8,26,5,7,8,0,2,4,1,22,23,68,0,0,9,0,0,648,78,0,0,0,0,0,0,0,0,0
1504888,1,"Liga Nacional","Liga Endesa",-402534000,NA,"https://www.acb.com/Documentos/Cabeceras/logo-competicion-1b.png","https://www.acb.com/Documentos/Cabeceras/logo-competicion-4a.png",64,1999,107,NA,NA,1667,10337,NA,NA,TRUE,1245,1245,1803,"Cantabria Lobos","Cantabria Lobos","CAN",1239,1607,"León Caja España","León C. España","LEO",1,78,12000,7,16,43.75,20,42,47.62,17,25,68,24,17,41,14,6,14,0,4,2,1,23,22,87,0,0,0,1,0,78,72,0,NA,0,0,0,0,0,0,0
1505169,1,"Liga Nacional","Liga Endesa",-402534000,NA,"https://www.acb.com/Documentos/Cabeceras/logo-competicion-1b.png","https://www.acb.com/Documentos/Cabeceras/logo-competicion-4a.png",64,1999,107,NA,NA,1668,10349,NA,NA,FALSE,1246,1237,1465,"Casademont Girona","Casademont Gir.","GIR",1246,1848,"Fórum Valladolid","Fórum Vall.","FOR",1,55,12000,6,15,40,13,37,35,11,15,73,16,7,23,0,6,13,0,0,2,0,23,18,27,0,0,12,0,0,660,84,0,0,0,0,0,0,0,0,0
1505168,1,"Liga Nacional","Liga Endesa",-402534000,NA,"https://www.acb.com/Documentos/Cabeceras/logo-competicion-1b.png","https://www.acb.com/Documentos/Cabeceras/logo-competicion-4a.png",64,1999,107,NA,NA,1668,10349,NA,NA,TRUE,1237,1237,1465,"Casademont Girona","Casademont Gir.","GIR",1246,1848,"Fórum Valladolid","Fórum Vall.","FOR",1,84,12000,5,14,35.71,25,36,69.44,19,26,73.08,28,9,37,14,9,9,0,2,0,4,18,23,115,0,0,0,1,0,84,55,0,NA,0,0,0,0,0,0,0
1505189,1,"Liga Nacional","Liga Endesa",-402534000,NA,"https://www.acb.com/Documentos/Cabeceras/logo-competicion-1b.png","https://www.acb.com/Documentos/Cabeceras/logo-competicion-4a.png",64,1999,107,NA,NA,1668,10350,NA,NA,FALSE,1241,1242,954,"Pamesa Valencia","Pamesa Valencia","PAM",1241,865,"TDK Manresa","TDK Manresa","MAN",1,76,12000,5,18,27,23,40,57,15,20,75,25,13,38,15,4,6,0,6,1,3,15,21,103,0,0,0,8,0,608,58,0,0,0,0,0,0,0,0,0
1505188,1,"Liga Nacional","Liga Endesa",-402534000,NA,"https://www.acb.com/Documentos/Cabeceras/logo-competicion-1b.png","https://www.acb.com/Documentos/Cabeceras/logo-competicion-4a.png",64,1999,107,NA,NA,1668,10350,NA,NA,TRUE,1242,1242,954,"Pamesa Valencia","Pamesa Valencia","PAM",1241,865,"TDK Manresa","TDK Manresa","MAN",1,58,12000,1,11,9.09,25,45,55.56,5,9,55.56,20,8,28,11,6,8,0,1,6,2,21,15,50,0,0,1,0,0,58,76,0,NA,0,0,0,0,0,0,0
1505142,1,"Liga Nacional","Liga Endesa",-402534000,NA,"https://www.acb.com/Documentos/Cabeceras/logo-competicion-1b.png","https://www.acb.com/Documentos/Cabeceras/logo-competicion-4a.png",64,1999,107,NA,NA,1668,10348,NA,NA,FALSE,1233,1240,755,"Real Madrid","Real Madrid","RMB",1233,332,"Canarias Telecom","Canarias Tel.","GCA",1,92,12000,7,13,53,22,38,57,27,34,79,23,13,36,9,4,12,0,6,3,1,22,27,108,0,0,0,10,0,920,81,0,0,0,0,0,0,0,0,0
1505141,1,"Liga Nacional","Liga Endesa",-402534000,NA,"https://www.acb.com/Documentos/Cabeceras/logo-competicion-1b.png","https://www.acb.com/Documentos/Cabeceras/logo-competicion-4a.png",64,1999,107,NA,NA,1668,10348,NA,NA,TRUE,1240,1240,755,"Real Madrid","Real Madrid","RMB",1233,332,"Canarias Telecom","Canarias Tel.","GCA",1,81,12000,5,16,31,26,44,59,14,21,66,12,7,19,10,10,5,0,3,6,2,27,22,71,0,0,10,0,0,810,92,0,0,0,0,0,0,0,0,0
1505116,1,"Liga Nacional","Liga Endesa",-402534000,NA,"https://www.acb.com/Documentos/Cabeceras/logo-competicion-1b.png","https://www.acb.com/Documentos/Cabeceras/logo-competicion-4a.png",64,1999,107,NA,NA,1668,10347,NA,NA,TRUE,1235,1235,1196,"Jabones Pardo Fuenlabrada","Jabones Pardo","FUE",1229,97,"FC Barcelona","FC Barcelona","FCB",1,67,12000,6,17,35,17,38,44,15,19,78,17,13,30,10,8,12,0,1,2,2,18,18,66,0,0,9,0,0,603,68,0,0,0,0,0,0,0,0,0
1505117,1,"Liga Nacional","Liga Endesa",-402534000,NA,"https://www.acb.com/Documentos/Cabeceras/logo-competicion-1b.png","https://www.acb.com/Documentos/Cabeceras/logo-competicion-4a.png",64,1999,107,NA,NA,1668,10347,NA,NA,FALSE,1229,1235,1196,"Jabones Pardo Fuenlabrada","Jabones Pardo","FUE",1229,97,"FC Barcelona","FC Barcelona","FCB",1,68,12000,9,23,39.13,17,30,56.67,7,15,46.67,20,13,33,4,7,16,0,2,1,3,18,18,62,0,0,0,1,0,68,67,0,NA,0,0,0,0,0,0,0
1505213,1,"Liga Nacional","Liga Endesa",-402534000,NA,"https://www.acb.com/Documentos/Cabeceras/logo-competicion-1b.png","https://www.acb.com/Documentos/Cabeceras/logo-competicion-4a.png",64,1999,107,NA,NA,1668,10351,NA,NA,TRUE,1243,1243,1049,"Unicaja","Unicaja","UNI",1234,457,"Adecco Estudiantes","Adecco Estu","EST",1,69,12000,6,12,50,20,43,46,11,15,73,17,14,31,13,8,12,0,2,2,1,26,19,69,0,0,11,0,0,759,76,0,0,0,0,0,0,0,0,0
1505214,1,"Liga Nacional","Liga Endesa",-402534000,NA,"https://www.acb.com/Documentos/Cabeceras/logo-competicion-1b.png","https://www.acb.com/Documentos/Cabeceras/logo-competicion-4a.png",64,1999,107,NA,NA,1668,10351,NA,NA,FALSE,1234,1243,1049,"Unicaja","Unicaja","UNI",1234,457,"Adecco Estudiantes","Adecco Estu","EST",1,76,12000,6,9,66,18,34,52,22,35,62,17,10,27,12,5,9,0,2,2,0,19,26,86,0,0,0,10,0,760,69,0,0,0,0,0,0,0,0,0
1505237,1,"Liga Nacional","Liga Endesa",-402534000,NA,"https://www.acb.com/Documentos/Cabeceras/logo-competicion-1b.png","https://www.acb.com/Documentos/Cabeceras/logo-competicion-4a.png",64,1999,107,NA,NA,1668,10352,NA,NA,FALSE,1231,1239,1607,"León Caja España","León C. España","LEO",1231,1353,"Breogán Universidade","Breogán Uni.","BRE",1,69,12000,4,8,50,18,43,41,21,24,87,13,10,23,5,3,9,0,3,3,0,21,23,61,0,0,10,0,0,690,81,0,0,0,0,0,0,0,0,0
1505236,1,"Liga Nacional","Liga Endesa",-402534000,NA,"https://www.acb.com/Documentos/Cabeceras/logo-competicion-1b.png","https://www.acb.com/Documentos/Cabeceras/logo-competicion-4a.png",64,1999,107,NA,NA,1668,10352,NA,NA,TRUE,1239,1239,1607,"León Caja España","León C. España","LEO",1231,1353,"Breogán Universidade","Breogán Uni.","BRE",1,81,12000,7,13,53.85,22,38,57.89,16,22,72.73,22,10,32,19,5,14,0,3,3,5,23,21,93,0,0,0,1,0,81,69,0,NA,0,0,0,0,0,0,0
1505094,1,"Liga Nacional","Liga Endesa",-402534000,NA,"https://www.acb.com/Documentos/Cabeceras/logo-competicion-1b.png","https://www.acb.com/Documentos/Cabeceras/logo-competicion-4a.png",64,1999,107,NA,NA,1668,10346,NA,NA,FALSE,1230,1238,622,"Pinturas Bruger Badalona","Pinturas Bruger","JOV",1230,211,"TAU Cerámica","TAU Cerámica","TAU",1,87,13500,4,13,30.77,28,45,62.22,19,32,59.38,25,12,37,22,8,10,0,3,0,2,27,24,105,0,0,1,0,0,87,88,0,NA,0,0,0,0,0,0,0
1505093,1,"Liga Nacional","Liga Endesa",-402534000,NA,"https://www.acb.com/Documentos/Cabeceras/logo-competicion-1b.png","https://www.acb.com/Documentos/Cabeceras/logo-competicion-4a.png",64,1999,107,NA,NA,1668,10346,NA,NA,TRUE,1238,1238,622,"Pinturas Bruger Badalona","Pinturas Bruger","JOV",1230,211,"TAU Cerámica","TAU Cerámica","TAU",1,88,13500,4,12,33.33,25,50,50,26,38,68.42,20,14,34,13,8,7,0,0,3,4,24,27,91,0,0,0,1,0,88,87,0,NA,0,0,0,0,0,0,0
1505257,1,"Liga Nacional","Liga Endesa",-402534000,NA,"https://www.acb.com/Documentos/Cabeceras/logo-competicion-1b.png","https://www.acb.com/Documentos/Cabeceras/logo-competicion-4a.png",64,1999,107,NA,NA,1668,10353,NA,NA,TRUE,1236,1236,1445,"Gijón Baloncesto","Gijón Bal.","GIJ",1245,1803,"Cantabria Lobos","Cantabria Lobos","CAN",1,69,12000,5,15,33.33,20,36,55.56,14,21,66.67,27,8,35,8,11,9,0,2,4,0,21,23,81,0,0,0,1,0,69,47,0,NA,0,0,0,0,0,0,0
1505258,1,"Liga Nacional","Liga Endesa",-402534000,NA,"https://www.acb.com/Documentos/Cabeceras/logo-competicion-1b.png","https://www.acb.com/Documentos/Cabeceras/logo-competicion-4a.png",64,1999,107,NA,NA,1668,10353,NA,NA,FALSE,1245,1236,1445,"Gijón Baloncesto","Gijón Bal.","GIJ",1245,1803,"Cantabria Lobos","Cantabria Lobos","CAN",1,47,12000,5,15,33.33,9,31,29.03,14,22,63.64,18,7,25,2,7,10,0,4,2,0,23,21,31,0,0,1,0,0,47,69,0,NA,0,0,0,0,0,0,0
1505070,1,"Liga Nacional","Liga Endesa",-402534000,NA,"https://www.acb.com/Documentos/Cabeceras/logo-competicion-1b.png","https://www.acb.com/Documentos/Cabeceras/logo-competicion-4a.png",64,1999,107,NA,NA,1668,10345,NA,NA,TRUE,1232,1232,1371,"Cáceres CB","Cáceres CB","CAC",1244,1125,"Caja San Fernando","C. San Fernando","CSF",1,86,13500,2,11,18.18,30,51,58.82,20,31,64.52,22,11,33,13,7,12,0,2,2,3,30,25,81,0,0,1,0,0,86,94,0,NA,0,0,0,0,0,0,0
1505071,1,"Liga Nacional","Liga Endesa",-402534000,NA,"https://www.acb.com/Documentos/Cabeceras/logo-competicion-1b.png","https://www.acb.com/Documentos/Cabeceras/logo-competicion-4a.png",64,1999,107,NA,NA,1668,10345,NA,NA,FALSE,1244,1232,1371,"Cáceres CB","Cáceres CB","CAC",1244,1125,"Caja San Fernando","C. San Fernando","CSF",1,94,13500,7,16,43.75,17,40,42.5,39,46,84.78,25,12,37,8,9,8,0,2,2,2,25,30,106,0,0,0,1,0,94,86,0,NA,0,0,0,0,0,0,0
1505351,1,"Liga Nacional","Liga Endesa",-402534000,NA,"https://www.acb.com/Documentos/Cabeceras/logo-competicion-1b.png","https://www.acb.com/Documentos/Cabeceras/logo-competicion-4a.png",64,1999,107,NA,NA,1669,10357,NA,NA,TRUE,1241,1241,865,"TDK Manresa","TDK Manresa","MAN",1243,1049,"Unicaja","Unicaja","UNI",1,56,12000,3,19,15,17,31,54,13,14,92,18,8,26,9,7,12,0,8,1,4,20,19,61,0,0,9,0,0,504,64,0,0,0,0,0,0,0,0,0
1505352,1,"Liga Nacional","Liga Endesa",-402534000,NA,"https://www.acb.com/Documentos/Cabeceras/logo-competicion-1b.png","https://www.acb.com/Documentos/Cabeceras/logo-competicion-4a.png",64,1999,107,NA,NA,1669,10357,NA,NA,FALSE,1243,1241,865,"TDK Manresa","TDK Manresa","MAN",1243,1049,"Unicaja","Unicaja","UNI",1,64,12000,4,18,22,17,37,45,18,23,78,21,15,36,11,7,10,0,1,8,0,19,20,63,0,0,0,10,0,640,56,0,0,0,0,0,0,0,0,0
1505442,1,"Liga Nacional","Liga Endesa",-402534000,NA,"https://www.acb.com/Documentos/Cabeceras/logo-competicion-1b.png","https://www.acb.com/Documentos/Cabeceras/logo-competicion-4a.png",64,1999,107,NA,NA,1669,10361,NA,NA,TRUE,1230,1230,211,"TAU Cerámica","TAU Cerámica","TAU",1235,1196,"Jabones Pardo Fuenlabrada","Jabones Pardo","FUE",1,84,12000,9,14,64,20,42,47,17,24,70,21,9,30,19,4,9,0,4,4,3,16,23,101,0,0,0,10,0,756,76,0,0,0,0,0,0,0,0,0
1505443,1,"Liga Nacional","Liga Endesa",-402534000,NA,"https://www.acb.com/Documentos/Cabeceras/logo-competicion-1b.png","https://www.acb.com/Documentos/Cabeceras/logo-competicion-4a.png",64,1999,107,NA,NA,1669,10361,NA,NA,FALSE,1235,1230,211,"TAU Cerámica","TAU Cerámica","TAU",1235,1196,"Jabones Pardo Fuenlabrada","Jabones Pardo","FUE",1,76,12000,7,20,35,23,43,53,9,12,75,17,10,27,14,7,12,0,4,4,1,23,16,69,0,0,10,0,0,760,84,0,0,0,0,0,0,0,0,0
1505396,1,"Liga Nacional","Liga Endesa",-402534000,NA,"https://www.acb.com/Documentos/Cabeceras/logo-competicion-1b.png","https://www.acb.com/Documentos/Cabeceras/logo-competicion-4a.png",64,1999,107,NA,NA,1669,10359,NA,NA,TRUE,1233,1233,332,"Canarias Telecom","Canarias Tel.","GCA",1237,1465,"Casademont Girona","Casademont Gir.","GIR",1,74,12000,3,11,27,25,41,60,15,24,62,21,8,29,15,7,10,0,1,1,6,19,23,86,0,0,0,10,0,740,72,0,0,0,0,0,0,0,0,0
1505397,1,"Liga Nacional","Liga Endesa",-402534000,NA,"https://www.acb.com/Documentos/Cabeceras/logo-competicion-1b.png","https://www.acb.com/Documentos/Cabeceras/logo-competicion-4a.png",64,1999,107,NA,NA,1669,10359,NA,NA,FALSE,1237,1233,332,"Canarias Telecom","Canarias Tel.","GCA",1237,1465,"Casademont Girona","Casademont Gir.","GIR",1,72,12000,7,17,41.18,19,37,51.35,13,22,59.09,20,10,30,8,6,10,0,1,1,2,23,19,65,0,0,1,0,0,72,74,0,NA,0,0,0,0,0,0,0
1505375,1,"Liga Nacional","Liga Endesa",-402534000,NA,"https://www.acb.com/Documentos/Cabeceras/logo-competicion-1b.png","https://www.acb.com/Documentos/Cabeceras/logo-competicion-4a.png",64,1999,107,NA,NA,1669,10358,NA,NA,TRUE,1246,1246,1848,"Fórum Valladolid","Fórum Vall.","FOR",1242,954,"Pamesa Valencia","Pamesa Valencia","PAM",1,64,12000,5,10,50,20,37,54,9,11,81,19,8,27,9,8,14,0,2,0,1,18,16,70,0,0,0,11,0,704,63,0,0,0,0,0,0,0,0,0
1505376,1,"Liga Nacional","Liga Endesa",-402534000,NA,"https://www.acb.com/Documentos/Cabeceras/logo-competicion-1b.png","https://www.acb.com/Documentos/Cabeceras/logo-competicion-4a.png",64,1999,107,NA,NA,1669,10358,NA,NA,FALSE,1242,1246,1848,"Fórum Valladolid","Fórum Vall.","FOR",1242,954,"Pamesa Valencia","Pamesa Valencia","PAM",1,63,12000,4,13,30.77,21,42,50,9,15,60,14,14,28,5,12,10,0,0,2,1,16,18,62,0,0,1,0,0,63,64,0,NA,0,0,0,0,0,0,0
1505463,1,"Liga Nacional","Liga Endesa",-402534000,NA,"https://www.acb.com/Documentos/Cabeceras/logo-competicion-1b.png","https://www.acb.com/Documentos/Cabeceras/logo-competicion-4a.png",64,1999,107,NA,NA,1669,10362,NA,NA,TRUE,1244,1244,1125,"Caja San Fernando","C. San Fernando","CSF",1238,622,"Pinturas Bruger Badalona","Pinturas Bruger","JOV",1,88,12000,9,19,47.37,22,38,57.89,17,19,89.47,19,9,28,16,7,6,0,1,2,5,22,19,101,0,0,0,1,0,88,74,0,NA,0,0,0,0,0,0,0
1505464,1,"Liga Nacional","Liga Endesa",-402534000,NA,"https://www.acb.com/Documentos/Cabeceras/logo-competicion-1b.png","https://www.acb.com/Documentos/Cabeceras/logo-competicion-4a.png",64,1999,107,NA,NA,1669,10362,NA,NA,FALSE,1238,1244,1125,"Caja San Fernando","C. San Fernando","CSF",1238,622,"Pinturas Bruger Badalona","Pinturas Bruger","JOV",1,74,12000,6,15,40,21,36,58.33,14,18,77.78,18,4,22,11,6,10,0,2,1,0,19,22,79,0,0,1,0,0,74,88,0,NA,0,0,0,0,0,0,0
1505302,1,"Liga Nacional","Liga Endesa",-402534000,NA,"https://www.acb.com/Documentos/Cabeceras/logo-competicion-1b.png","https://www.acb.com/Documentos/Cabeceras/logo-competicion-4a.png",64,1999,107,NA,NA,1669,10355,NA,NA,TRUE,1231,1231,1353,"Breogán Universidade","Breogán Uni.","BRE",1236,1445,"Gijón Baloncesto","Gijón Bal.","GIJ",1,80,12000,2,9,22,21,40,52,32,42,76,28,13,41,5,10,13,0,5,1,1,17,28,102,0,0,0,10,0,800,62,0,0,0,0,0,0,0,0,0
1505303,1,"Liga Nacional","Liga Endesa",-402534000,NA,"https://www.acb.com/Documentos/Cabeceras/logo-competicion-1b.png","https://www.acb.com/Documentos/Cabeceras/logo-competicion-4a.png",64,1999,107,NA,NA,1669,10355,NA,NA,FALSE,1236,1231,1353,"Breogán Universidade","Breogán Uni.","BRE",1236,1445,"Gijón Baloncesto","Gijón Bal.","GIJ",1,62,12000,4,18,22.22,20,44,45.45,10,16,62.5,13,12,25,5,7,11,0,1,5,2,28,17,29,0,0,1,0,0,62,80,0,NA,0,0,0,0,0,0,0
1505419,1,"Liga Nacional","Liga Endesa",-402534000,NA,"https://www.acb.com/Documentos/Cabeceras/logo-competicion-1b.png","https://www.acb.com/Documentos/Cabeceras/logo-competicion-4a.png",64,1999,107,NA,NA,1669,10360,NA,NA,TRUE,1229,1229,97,"FC Barcelona","FC Barcelona","FCB",1240,755,"Real Madrid","Real Madrid","RMB",1,66,12000,6,17,35.29,19,47,40.43,10,13,76.92,20,17,37,7,10,10,0,4,4,0,17,18,69,0,0,0,1,0,66,61,0,NA,0,0,0,0,0,0,0
1505420,1,"Liga Nacional","Liga Endesa",-402534000,NA,"https://www.acb.com/Documentos/Cabeceras/logo-competicion-1b.png","https://www.acb.com/Documentos/Cabeceras/logo-competicion-4a.png",64,1999,107,NA,NA,1669,10360,NA,NA,FALSE,1240,1229,97,"FC Barcelona","FC Barcelona","FCB",1240,755,"Real Madrid","Real Madrid","RMB",1,61,12000,5,14,35,18,37,48,10,14,71,24,10,34,8,7,15,0,4,4,1,18,17,62,0,0,9,0,0,549,66,0,0,0,0,0,0,0,0,0
1505327,1,"Liga Nacional","Liga Endesa",-402534000,NA,"https://www.acb.com/Documentos/Cabeceras/logo-competicion-1b.png","https://www.acb.com/Documentos/Cabeceras/logo-competicion-4a.png",64,1999,107,NA,NA,1669,10356,NA,NA,TRUE,1234,1234,457,"Adecco Estudiantes","Adecco Estu","EST",1239,1607,"León Caja España","León C. España","LEO",1,88,12000,8,21,38,25,46,54,14,19,73,27,14,41,17,13,13,0,8,5,3,18,18,110,0,0,0,12,0,1056,58,0,0,0,0,0,0,0,0,0
1505328,1,"Liga Nacional","Liga Endesa",-402534000,NA,"https://www.acb.com/Documentos/Cabeceras/logo-competicion-1b.png","https://www.acb.com/Documentos/Cabeceras/logo-competicion-4a.png",64,1999,107,NA,NA,1669,10356,NA,NA,FALSE,1239,1234,457,"Adecco Estudiantes","Adecco Estu","EST",1239,1607,"León Caja España","León C. España","LEO",1,58,12000,3,7,42.86,18,51,35.29,13,19,68.42,24,13,37,6,7,18,0,5,8,2,18,18,44,0,0,1,0,0,58,88,0,NA,0,0,0,0,0,0,0
1505278,1,"Liga Nacional","Liga Endesa",-402534000,NA,"https://www.acb.com/Documentos/Cabeceras/logo-competicion-1b.png","https://www.acb.com/Documentos/Cabeceras/logo-competicion-4a.png",64,1999,107,NA,NA,1669,10354,NA,NA,TRUE,1245,1245,1803,"Cantabria Lobos","Cantabria Lobos","CAN",1232,1371,"Cáceres CB","Cáceres CB","CAC",1,78,12000,12,23,52.17,15,30,50,12,14,85.71,16,11,27,16,11,12,0,4,4,0,19,18,91,0,0,0,1,0,78,72,0,NA,0,0,0,0,0,0,0
1505279,1,"Liga Nacional","Liga Endesa",-402534000,NA,"https://www.acb.com/Documentos/Cabeceras/logo-competicion-1b.png","https://www.acb.com/Documentos/Cabeceras/logo-competicion-4a.png",64,1999,107,NA,NA,1669,10354,NA,NA,FALSE,1232,1245,1803,"Cantabria Lobos","Cantabria Lobos","CAN",1232,1371,"Cáceres CB","Cáceres CB","CAC",1,72,12000,4,10,40,24,37,64.86,12,13,92.31,19,6,25,6,11,15,0,4,4,2,18,19,80,0,0,1,0,0,72,78,0,NA,0,0,0,0,0,0,0
1505577,1,"Liga Nacional","Liga Endesa",-402534000,NA,"https://www.acb.com/Documentos/Cabeceras/logo-competicion-1b.png","https://www.acb.com/Documentos/Cabeceras/logo-competicion-4a.png",64,1999,107,NA,NA,1670,10367,NA,NA,FALSE,1233,1242,954,"Pamesa Valencia","Pamesa Valencia","PAM",1233,332,"Canarias Telecom","Canarias Tel.","GCA",1,66,12000,3,14,21,26,42,61,5,8,62,13,12,25,13,6,17,0,2,2,1,18,13,58,0,0,10,0,0,660,94,0,0,0,0,0,0,0,0,0
1505576,1,"Liga Nacional","Liga Endesa",-402534000,NA,"https://www.acb.com/Documentos/Cabeceras/logo-competicion-1b.png","https://www.acb.com/Documentos/Cabeceras/logo-competicion-4a.png",64,1999,107,NA,NA,1670,10367,NA,NA,TRUE,1242,1242,954,"Pamesa Valencia","Pamesa Valencia","PAM",1233,332,"Canarias Telecom","Canarias Tel.","GCA",1,94,12000,8,17,47.06,28,43,65.12,14,17,82.35,16,12,28,14,11,8,0,2,2,3,13,18,117,0,0,0,1,0,94,66,0,NA,0,0,0,0,0,0,0
1505508,1,"Liga Nacional","Liga Endesa",-402534000,NA,"https://www.acb.com/Documentos/Cabeceras/logo-competicion-1b.png","https://www.acb.com/Documentos/Cabeceras/logo-competicion-4a.png",64,1999,107,NA,NA,1670,10364,NA,NA,TRUE,1235,1235,1196,"Jabones Pardo Fuenlabrada","Jabones Pardo","FUE",1244,1125,"Caja San Fernando","C. San Fernando","CSF",1,75,13500,5,18,27,19,37,51,22,33,66,24,13,37,7,5,9,0,3,2,0,28,24,70,0,0,10,0,0,750,79,0,0,0,0,0,0,0,0,0
1505509,1,"Liga Nacional","Liga Endesa",-402534000,NA,"https://www.acb.com/Documentos/Cabeceras/logo-competicion-1b.png","https://www.acb.com/Documentos/Cabeceras/logo-competicion-4a.png",64,1999,107,NA,NA,1670,10364,NA,NA,FALSE,1244,1235,1196,"Jabones Pardo Fuenlabrada","Jabones Pardo","FUE",1244,1125,"Caja San Fernando","C. San Fernando","CSF",1,79,13500,6,19,31.58,20,42,47.62,21,32,65.62,25,15,40,7,8,8,0,2,3,3,24,28,83,0,0,0,1,0,79,75,0,NA,0,0,0,0,0,0,0
1505552,1,"Liga Nacional","Liga Endesa",-402534000,NA,"https://www.acb.com/Documentos/Cabeceras/logo-competicion-1b.png","https://www.acb.com/Documentos/Cabeceras/logo-competicion-4a.png",64,1999,107,NA,NA,1670,10366,NA,NA,FALSE,1229,1237,1465,"Casademont Girona","Casademont Gir.","GIR",1229,97,"FC Barcelona","FC Barcelona","FCB",1,73,12000,6,19,31.58,18,33,54.55,19,26,73.08,17,9,26,5,12,13,0,4,0,4,18,18,72,0,0,0,1,0,73,66,0,NA,0,0,0,0,0,0,0
1505551,1,"Liga Nacional","Liga Endesa",-402534000,NA,"https://www.acb.com/Documentos/Cabeceras/logo-competicion-1b.png","https://www.acb.com/Documentos/Cabeceras/logo-competicion-4a.png",64,1999,107,NA,NA,1670,10366,NA,NA,TRUE,1237,1237,1465,"Casademont Girona","Casademont Gir.","GIR",1229,97,"FC Barcelona","FC Barcelona","FCB",1,66,12000,4,13,30.77,22,41,53.66,10,18,55.56,22,15,37,11,11,19,0,0,4,2,18,18,66,0,0,1,0,0,66,73,0,NA,0,0,0,0,0,0,0
1505604,1,"Liga Nacional","Liga Endesa",-402534000,NA,"https://www.acb.com/Documentos/Cabeceras/logo-competicion-1b.png","https://www.acb.com/Documentos/Cabeceras/logo-competicion-4a.png",64,1999,107,NA,NA,1670,10368,NA,NA,FALSE,1246,1243,1049,"Unicaja","Unicaja","UNI",1246,1848,"Fórum Valladolid","Fórum Vall.","FOR",1,61,12000,6,15,40,11,24,45,21,23,91,16,5,21,6,5,16,0,0,1,0,23,20,49,0,0,11,0,0,671,73,0,0,0,0,0,0,0,0,0
1505603,1,"Liga Nacional","Liga Endesa",-402534000,NA,"https://www.acb.com/Documentos/Cabeceras/logo-competicion-1b.png","https://www.acb.com/Documentos/Cabeceras/logo-competicion-4a.png",64,1999,107,NA,NA,1670,10368,NA,NA,TRUE,1243,1243,1049,"Unicaja","Unicaja","UNI",1246,1848,"Fórum Valladolid","Fórum Vall.","FOR",1,73,12000,6,15,40,20,36,55,15,18,83,14,9,23,17,10,7,0,1,0,1,20,23,92,0,0,0,10,0,730,61,0,0,0,0,0,0,0,0,0
1505629,1,"Liga Nacional","Liga Endesa",-402534000,NA,"https://www.acb.com/Documentos/Cabeceras/logo-competicion-1b.png","https://www.acb.com/Documentos/Cabeceras/logo-competicion-4a.png",64,1999,107,NA,NA,1670,10369,NA,NA,FALSE,1241,1239,1607,"León Caja España","León C. España","LEO",1241,865,"TDK Manresa","TDK Manresa","MAN",1,59,12000,5,14,35,16,31,51,12,28,42,19,5,24,10,7,11,0,4,1,4,19,22,55,0,0,11,0,0,649,75,0,0,0,0,0,0,0,0,0
1505628,1,"Liga Nacional","Liga Endesa",-402534000,NA,"https://www.acb.com/Documentos/Cabeceras/logo-competicion-1b.png","https://www.acb.com/Documentos/Cabeceras/logo-competicion-4a.png",64,1999,107,NA,NA,1670,10369,NA,NA,TRUE,1239,1239,1607,"León Caja España","León C. España","LEO",1241,865,"TDK Manresa","TDK Manresa","MAN",1,75,12000,5,12,41,26,50,52,8,15,53,25,11,36,11,10,9,0,1,4,2,22,19,79,0,0,0,10,0,750,59,0,0,0,0,0,0,0,0,0
1505671,1,"Liga Nacional","Liga Endesa",-402534000,NA,"https://www.acb.com/Documentos/Cabeceras/logo-competicion-1b.png","https://www.acb.com/Documentos/Cabeceras/logo-competicion-4a.png",64,1999,107,NA,NA,1670,10371,NA,NA,FALSE,1231,1245,1803,"Cantabria Lobos","Cantabria Lobos","CAN",1231,1353,"Breogán Universidade","Breogán Uni.","BRE",1,57,12000,3,11,27,16,29,55,16,25,64,27,7,34,5,4,13,0,0,0,4,18,23,62,0,0,0,9,0,513,50,0,0,0,0,0,0,0,0,0
1505670,1,"Liga Nacional","Liga Endesa",-402534000,NA,"https://www.acb.com/Documentos/Cabeceras/logo-competicion-1b.png","https://www.acb.com/Documentos/Cabeceras/logo-competicion-4a.png",64,1999,107,NA,NA,1670,10371,NA,NA,TRUE,1245,1245,1803,"Cantabria Lobos","Cantabria Lobos","CAN",1231,1353,"Breogán Universidade","Breogán Uni.","BRE",1,50,12000,5,17,29.41,13,32,40.62,9,15,60,19,8,27,9,9,11,0,0,0,1,23,18,42,0,0,1,0,0,50,57,0,NA,0,0,0,0,0,0,0
1505531,1,"Liga Nacional","Liga Endesa",-402534000,NA,"https://www.acb.com/Documentos/Cabeceras/logo-competicion-1b.png","https://www.acb.com/Documentos/Cabeceras/logo-competicion-4a.png",64,1999,107,NA,NA,1670,10365,NA,NA,TRUE,1240,1240,755,"Real Madrid","Real Madrid","RMB",1230,211,"TAU Cerámica","TAU Cerámica","TAU",1,70,12000,4,10,40,18,47,38,22,30,73,26,19,45,10,4,15,0,3,4,0,27,24,67,0,0,10,0,0,700,79,0,0,0,0,0,0,0,0,0
1505532,1,"Liga Nacional","Liga Endesa",-402534000,NA,"https://www.acb.com/Documentos/Cabeceras/logo-competicion-1b.png","https://www.acb.com/Documentos/Cabeceras/logo-competicion-4a.png",64,1999,107,NA,NA,1670,10365,NA,NA,FALSE,1230,1240,755,"Real Madrid","Real Madrid","RMB",1230,211,"TAU Cerámica","TAU Cerámica","TAU",1,79,12000,4,17,23.53,24,44,54.55,19,29,65.52,20,10,30,13,12,6,0,4,3,0,24,27,89,0,0,0,1,0,79,70,0,NA,0,0,0,0,0,0,0
1505651,1,"Liga Nacional","Liga Endesa",-402534000,NA,"https://www.acb.com/Documentos/Cabeceras/logo-competicion-1b.png","https://www.acb.com/Documentos/Cabeceras/logo-competicion-4a.png",64,1999,107,NA,NA,1670,10370,NA,NA,FALSE,1234,1236,1445,"Gijón Baloncesto","Gijón Bal.","GIJ",1234,457,"Adecco Estudiantes","Adecco Estu","EST",1,69,12000,4,19,21,21,43,48,15,26,57,13,21,34,9,14,15,0,2,3,1,19,21,64,0,0,9,0,0,621,72,0,0,0,0,0,0,0,0,0
1505650,1,"Liga Nacional","Liga Endesa",-402534000,NA,"https://www.acb.com/Documentos/Cabeceras/logo-competicion-1b.png","https://www.acb.com/Documentos/Cabeceras/logo-competicion-4a.png",64,1999,107,NA,NA,1670,10370,NA,NA,TRUE,1236,1236,1445,"Gijón Baloncesto","Gijón Bal.","GIJ",1234,457,"Adecco Estudiantes","Adecco Estu","EST",1,72,12000,9,17,52.94,16,29,55.17,13,16,81.25,20,5,25,11,12,18,0,3,2,2,21,19,77,0,0,0,1,0,72,69,0,NA,0,0,0,0,0,0,0
1505486,1,"Liga Nacional","Liga Endesa",-402534000,NA,"https://www.acb.com/Documentos/Cabeceras/logo-competicion-1b.png","https://www.acb.com/Documentos/Cabeceras/logo-competicion-4a.png",64,1999,107,NA,NA,1670,10363,NA,NA,FALSE,1238,1232,1371,"Cáceres CB","Cáceres CB","CAC",1238,622,"Pinturas Bruger Badalona","Pinturas Bruger","JOV",1,74,12000,6,18,33.33,22,44,50,12,15,80,20,10,30,10,9,8,0,4,4,3,21,19,76,0,0,1,0,0,74,81,0,NA,0,0,0,0,0,0,0
1505485,1,"Liga Nacional","Liga Endesa",-402534000,NA,"https://www.acb.com/Documentos/Cabeceras/logo-competicion-1b.png","https://www.acb.com/Documentos/Cabeceras/logo-competicion-4a.png",64,1999,107,NA,NA,1670,10363,NA,NA,TRUE,1232,1232,1371,"Cáceres CB","Cáceres CB","CAC",1238,622,"Pinturas Bruger Badalona","Pinturas Bruger","JOV",1,81,12000,8,13,61.54,20,41,48.78,17,23,73.91,24,8,32,14,3,11,0,4,4,1,19,21,89,0,0,0,1,0,81,74,0,NA,0,0,0,0,0,0,0
1505812,1,"Liga Nacional","Liga Endesa",-402534000,NA,"https://www.acb.com/Documentos/Cabeceras/logo-competicion-1b.png","https://www.acb.com/Documentos/Cabeceras/logo-competicion-4a.png",64,1999,107,NA,NA,1671,10377,NA,NA,FALSE,1242,1229,97,"FC Barcelona","FC Barcelona","FCB",1242,954,"Pamesa Valencia","Pamesa Valencia","PAM",1,89,12000,8,15,53.33,23,50,46,19,28,67.86,21,18,39,9,8,6,0,3,3,2,17,23,102,0,0,0,1,0,89,84,0,NA,0,0,0,0,0,0,0
1505811,1,"Liga Nacional","Liga Endesa",-402534000,NA,"https://www.acb.com/Documentos/Cabeceras/logo-competicion-1b.png","https://www.acb.com/Documentos/Cabeceras/logo-competicion-4a.png",64,1999,107,NA,NA,1671,10377,NA,NA,TRUE,1229,1229,97,"FC Barcelona","FC Barcelona","FCB",1242,954,"Pamesa Valencia","Pamesa Valencia","PAM",1,84,12000,10,21,47.62,21,46,45.65,12,17,70.59,20,17,37,16,6,7,0,3,3,6,23,17,89,0,0,1,0,0,84,89,0,NA,0,0,0,0,0,0,0
1505790,1,"Liga Nacional","Liga Endesa",-402534000,NA,"https://www.acb.com/Documentos/Cabeceras/logo-competicion-1b.png","https://www.acb.com/Documentos/Cabeceras/logo-competicion-4a.png",64,1999,107,NA,NA,1671,10376,NA,NA,FALSE,1243,1233,332,"Canarias Telecom","Canarias Tel.","GCA",1243,1049,"Unicaja","Unicaja","UNI",1,81,15000,8,24,33,22,43,51,13,23,56,19,15,34,18,11,11,0,2,1,1,19,20,88,0,0,0,11,0,891,79,0,0,0,0,0,0,0,0,0
1505789,1,"Liga Nacional","Liga Endesa",-402534000,NA,"https://www.acb.com/Documentos/Cabeceras/logo-competicion-1b.png","https://www.acb.com/Documentos/Cabeceras/logo-competicion-4a.png",64,1999,107,NA,NA,1671,10376,NA,NA,TRUE,1233,1233,332,"Canarias Telecom","Canarias Tel.","GCA",1243,1049,"Unicaja","Unicaja","UNI",1,79,15000,7,18,38,24,44,54,10,19,52,24,12,36,14,7,16,0,1,2,4,20,19,78,0,0,9,0,0,711,81,0,0,0,0,0,0,0,0,0
1505693,1,"Liga Nacional","Liga Endesa",-402534000,NA,"https://www.acb.com/Documentos/Cabeceras/logo-competicion-1b.png","https://www.acb.com/Documentos/Cabeceras/logo-competicion-4a.png",64,1999,107,NA,NA,1671,10372,NA,NA,TRUE,1231,1231,1353,"Breogán Universidade","Breogán Uni.","BRE",1232,1371,"Cáceres CB","Cáceres CB","CAC",1,82,12000,5,11,45,19,47,40,29,36,80,18,16,34,9,14,12,0,4,3,2,22,26,91,0,0,0,10,0,820,71,0,0,0,0,0,0,0,0,0
1505694,1,"Liga Nacional","Liga Endesa",-402534000,NA,"https://www.acb.com/Documentos/Cabeceras/logo-competicion-1b.png","https://www.acb.com/Documentos/Cabeceras/logo-competicion-4a.png",64,1999,107,NA,NA,1671,10372,NA,NA,FALSE,1232,1231,1353,"Breogán Universidade","Breogán Uni.","BRE",1232,1371,"Cáceres CB","Cáceres CB","CAC",1,71,12000,5,13,38.46,21,39,53.85,14,21,66.67,19,7,26,8,12,19,0,3,4,4,26,22,60,0,0,1,0,0,71,82,0,NA,0,0,0,0,0,0,0
1505716,1,"Liga Nacional","Liga Endesa",-402534000,NA,"https://www.acb.com/Documentos/Cabeceras/logo-competicion-1b.png","https://www.acb.com/Documentos/Cabeceras/logo-competicion-4a.png",64,1999,107,NA,NA,1671,10373,NA,NA,TRUE,1234,1234,457,"Adecco Estudiantes","Adecco Estu","EST",1245,1803,"Cantabria Lobos","Cantabria Lobos","CAN",1,81,12000,3,19,15,29,47,61,14,24,58,26,15,41,10,11,9,0,2,2,0,28,22,84,0,0,0,11,0,891,71,0,0,0,0,0,0,0,0,0
1505717,1,"Liga Nacional","Liga Endesa",-402534000,NA,"https://www.acb.com/Documentos/Cabeceras/logo-competicion-1b.png","https://www.acb.com/Documentos/Cabeceras/logo-competicion-4a.png",64,1999,107,NA,NA,1671,10373,NA,NA,FALSE,1245,1234,457,"Adecco Estudiantes","Adecco Estu","EST",1245,1803,"Cantabria Lobos","Cantabria Lobos","CAN",1,71,12000,4,10,40,16,39,41.03,27,40,67.5,25,9,34,13,9,15,0,2,2,2,22,28,76,0,0,1,0,0,71,81,0,NA,0,0,0,0,0,0,0
1505738,1,"Liga Nacional","Liga Endesa",-402534000,NA,"https://www.acb.com/Documentos/Cabeceras/logo-competicion-1b.png","https://www.acb.com/Documentos/Cabeceras/logo-competicion-4a.png",64,1999,107,NA,NA,1671,10374,NA,NA,TRUE,1241,1241,865,"TDK Manresa","TDK Manresa","MAN",1236,1445,"Gijón Baloncesto","Gijón Bal.","GIJ",1,58,12000,4,11,36,18,40,45,10,14,71,23,12,35,8,7,16,0,3,5,1,21,20,56,0,0,0,9,0,522,57,0,0,0,0,0,0,0,0,0
1505739,1,"Liga Nacional","Liga Endesa",-402534000,NA,"https://www.acb.com/Documentos/Cabeceras/logo-competicion-1b.png","https://www.acb.com/Documentos/Cabeceras/logo-competicion-4a.png",64,1999,107,NA,NA,1671,10374,NA,NA,FALSE,1236,1241,865,"TDK Manresa","TDK Manresa","MAN",1236,1445,"Gijón Baloncesto","Gijón Bal.","GIJ",1,57,12000,7,21,33.33,12,32,37.5,12,19,63.16,18,12,30,8,13,12,0,5,3,2,20,21,58,0,0,1,0,0,57,58,0,NA,0,0,0,0,0,0,0
1505765,1,"Liga Nacional","Liga Endesa",-402534000,NA,"https://www.acb.com/Documentos/Cabeceras/logo-competicion-1b.png","https://www.acb.com/Documentos/Cabeceras/logo-competicion-4a.png",64,1999,107,NA,NA,1671,10375,NA,NA,FALSE,1239,1246,1848,"Fórum Valladolid","Fórum Vall.","FOR",1239,1607,"León Caja España","León C. España","LEO",1,79,12000,7,15,46,17,31,54,24,31,77,28,8,36,11,6,11,0,2,4,0,19,24,95,0,0,0,10,0,790,66,0,0,0,0,0,0,0,0,0
1505764,1,"Liga Nacional","Liga Endesa",-402534000,NA,"https://www.acb.com/Documentos/Cabeceras/logo-competicion-1b.png","https://www.acb.com/Documentos/Cabeceras/logo-competicion-4a.png",64,1999,107,NA,NA,1671,10375,NA,NA,TRUE,1246,1246,1848,"Fórum Valladolid","Fórum Vall.","FOR",1239,1607,"León Caja España","León C. España","LEO",1,66,12000,6,25,24,16,36,44,16,20,80,18,15,33,8,6,4,0,4,2,0,24,19,63,0,0,12,0,0,792,79,0,0,0,0,0,0,0,0,0
1505835,1,"Liga Nacional","Liga Endesa",-402534000,NA,"https://www.acb.com/Documentos/Cabeceras/logo-competicion-1b.png","https://www.acb.com/Documentos/Cabeceras/logo-competicion-4a.png",64,1999,107,NA,NA,1671,10378,NA,NA,TRUE,1230,1230,211,"TAU Cerámica","TAU Cerámica","TAU",1237,1465,"Casademont Girona","Casademont Gir.","GIR",1,82,12000,5,14,35,30,51,58,7,16,43,21,11,32,16,13,9,0,6,2,4,19,19,99,0,0,0,11,0,820,63,0,0,0,0,0,0,0,0,0
1505836,1,"Liga Nacional","Liga Endesa",-402534000,NA,"https://www.acb.com/Documentos/Cabeceras/logo-competicion-1b.png","https://www.acb.com/Documentos/Cabeceras/logo-competicion-4a.png",64,1999,107,NA,NA,1671,10378,NA,NA,FALSE,1237,1230,211,"TAU Cerámica","TAU Cerámica","TAU",1237,1465,"Casademont Girona","Casademont Gir.","GIR",1,63,12000,6,24,25,19,39,48.72,7,15,46.67,19,17,36,10,8,15,0,2,6,0,19,19,52,0,0,1,0,0,63,82,0,NA,0,0,0,0,0,0,0
1505860,1,"Liga Nacional","Liga Endesa",-402534000,NA,"https://www.acb.com/Documentos/Cabeceras/logo-competicion-1b.png","https://www.acb.com/Documentos/Cabeceras/logo-competicion-4a.png",64,1999,107,NA,NA,1671,10379,NA,NA,FALSE,1240,1244,1125,"Caja San Fernando","C. San Fernando","CSF",1240,755,"Real Madrid","Real Madrid","RMB",1,70,12000,5,10,50,17,34,50,21,28,75,23,7,30,12,7,11,0,4,4,0,17,22,84,0,0,0,9,0,630,61,0,0,0,0,0,0,0,0,0
1505859,1,"Liga Nacional","Liga Endesa",-402534000,NA,"https://www.acb.com/Documentos/Cabeceras/logo-competicion-1b.png","https://www.acb.com/Documentos/Cabeceras/logo-competicion-4a.png",64,1999,107,NA,NA,1671,10379,NA,NA,TRUE,1244,1244,1125,"Caja San Fernando","C. San Fernando","CSF",1240,755,"Real Madrid","Real Madrid","RMB",1,61,12000,5,17,29,17,36,47,12,15,80,19,9,28,8,8,9,0,4,4,1,22,17,57,0,0,10,0,0,610,70,0,0,0,0,0,0,0,0,0
1505881,1,"Liga Nacional","Liga Endesa",-402534000,NA,"https://www.acb.com/Documentos/Cabeceras/logo-competicion-1b.png","https://www.acb.com/Documentos/Cabeceras/logo-competicion-4a.png",64,1999,107,NA,NA,1671,10380,NA,NA,FALSE,1235,1238,622,"Pinturas Bruger Badalona","Pinturas Bruger","JOV",1235,1196,"Jabones Pardo Fuenlabrada","Jabones Pardo","FUE",1,79,12000,9,22,40,20,34,58,12,22,54,25,9,34,9,4,11,0,2,3,3,24,19,72,0,0,9,0,0,711,85,0,0,0,0,0,0,0,0,0
1505880,1,"Liga Nacional","Liga Endesa",-402534000,NA,"https://www.acb.com/Documentos/Cabeceras/logo-competicion-1b.png","https://www.acb.com/Documentos/Cabeceras/logo-competicion-4a.png",64,1999,107,NA,NA,1671,10380,NA,NA,TRUE,1238,1238,622,"Pinturas Bruger Badalona","Pinturas Bruger","JOV",1235,1196,"Jabones Pardo Fuenlabrada","Jabones Pardo","FUE",1,85,12000,11,26,42.31,15,37,40.54,22,26,84.62,19,13,32,11,9,6,0,3,2,3,19,24,96,0,0,0,1,0,85,79,0,NA,0,0,0,0,0,0,0
1506017,1,"Liga Nacional","Liga Endesa",-402534000,NA,"https://www.acb.com/Documentos/Cabeceras/logo-competicion-1b.png","https://www.acb.com/Documentos/Cabeceras/logo-competicion-4a.png",64,1999,107,NA,NA,1672,10386,NA,NA,TRUE,1239,1239,1607,"León Caja España","León C. España","LEO",1244,1125,"Caja San Fernando","C. San Fernando","CSF",1,63,12000,5,15,33,16,36,44,16,22,72,22,12,34,5,6,12,0,1,1,1,20,20,60,0,0,10,0,0,630,70,0,0,0,0,0,0,0,0,0
1506018,1,"Liga Nacional","Liga Endesa",-402534000,NA,"https://www.acb.com/Documentos/Cabeceras/logo-competicion-1b.png","https://www.acb.com/Documentos/Cabeceras/logo-competicion-4a.png",64,1999,107,NA,NA,1672,10386,NA,NA,FALSE,1244,1239,1607,"León Caja España","León C. España","LEO",1244,1125,"Caja San Fernando","C. San Fernando","CSF",1,70,12000,4,16,25,20,37,54.05,18,22,81.82,16,8,24,10,5,5,0,1,1,1,20,20,71,0,0,0,1,0,70,63,0,NA,0,0,0,0,0,0,0
1505902,1,"Liga Nacional","Liga Endesa",-402534000,NA,"https://www.acb.com/Documentos/Cabeceras/logo-competicion-1b.png","https://www.acb.com/Documentos/Cabeceras/logo-competicion-4a.png",64,1999,107,NA,NA,1672,10381,NA,NA,FALSE,1241,1232,1371,"Cáceres CB","Cáceres CB","CAC",1241,865,"TDK Manresa","TDK Manresa","MAN",1,65,12000,8,26,30,9,21,42,23,32,71,30,8,38,7,2,15,0,5,1,2,22,24,64,0,0,9,0,0,585,74,0,0,0,0,0,0,0,0,0
1505901,1,"Liga Nacional","Liga Endesa",-402534000,NA,"https://www.acb.com/Documentos/Cabeceras/logo-competicion-1b.png","https://www.acb.com/Documentos/Cabeceras/logo-competicion-4a.png",64,1999,107,NA,NA,1672,10381,NA,NA,TRUE,1232,1232,1371,"Cáceres CB","Cáceres CB","CAC",1241,865,"TDK Manresa","TDK Manresa","MAN",1,74,12000,5,14,35.71,19,43,44.19,21,28,75,26,6,32,12,7,6,0,1,5,2,24,22,73,0,0,0,1,0,74,65,0,NA,0,0,0,0,0,0,0
1505926,1,"Liga Nacional","Liga Endesa",-402534000,NA,"https://www.acb.com/Documentos/Cabeceras/logo-competicion-1b.png","https://www.acb.com/Documentos/Cabeceras/logo-competicion-4a.png",64,1999,107,NA,NA,1672,10382,NA,NA,FALSE,1246,1234,457,"Adecco Estudiantes","Adecco Estu","EST",1246,1848,"Fórum Valladolid","Fórum Vall.","FOR",1,50,12000,2,12,16,15,36,41,14,19,73,17,7,24,7,6,14,0,2,2,0,15,20,42,0,0,10,0,0,500,81,0,0,0,0,0,0,0,0,0
1505925,1,"Liga Nacional","Liga Endesa",-402534000,NA,"https://www.acb.com/Documentos/Cabeceras/logo-competicion-1b.png","https://www.acb.com/Documentos/Cabeceras/logo-competicion-4a.png",64,1999,107,NA,NA,1672,10382,NA,NA,TRUE,1234,1234,457,"Adecco Estudiantes","Adecco Estu","EST",1246,1848,"Fórum Valladolid","Fórum Vall.","FOR",1,81,12000,6,13,46.15,27,44,61.36,9,17,52.94,26,11,37,21,13,12,0,2,2,3,20,15,103,0,0,0,1,0,81,50,0,NA,0,0,0,0,0,0,0
1505948,1,"Liga Nacional","Liga Endesa",-402534000,NA,"https://www.acb.com/Documentos/Cabeceras/logo-competicion-1b.png","https://www.acb.com/Documentos/Cabeceras/logo-competicion-4a.png",64,1999,107,NA,NA,1672,10383,NA,NA,FALSE,1233,1231,1353,"Breogán Universidade","Breogán Uni.","BRE",1233,332,"Canarias Telecom","Canarias Tel.","GCA",1,64,12000,2,10,20,26,43,60,6,14,42,18,8,26,13,11,15,0,1,0,3,25,19,61,0,0,9,0,0,576,71,0,0,0,0,0,0,0,0,0
1505947,1,"Liga Nacional","Liga Endesa",-402534000,NA,"https://www.acb.com/Documentos/Cabeceras/logo-competicion-1b.png","https://www.acb.com/Documentos/Cabeceras/logo-competicion-4a.png",64,1999,107,NA,NA,1672,10383,NA,NA,TRUE,1231,1231,1353,"Breogán Universidade","Breogán Uni.","BRE",1233,332,"Canarias Telecom","Canarias Tel.","GCA",1,71,12000,4,12,33,18,41,43,23,33,69,21,12,33,6,13,14,0,0,1,1,19,25,73,0,0,0,9,0,639,64,0,0,0,0,0,0,0,0,0
1505969,1,"Liga Nacional","Liga Endesa",-402534000,NA,"https://www.acb.com/Documentos/Cabeceras/logo-competicion-1b.png","https://www.acb.com/Documentos/Cabeceras/logo-competicion-4a.png",64,1999,107,NA,NA,1672,10384,NA,NA,TRUE,1245,1245,1803,"Cantabria Lobos","Cantabria Lobos","CAN",1229,97,"FC Barcelona","FC Barcelona","FCB",1,81,12000,6,18,33.33,24,41,58.54,15,21,71.43,23,13,36,11,3,8,0,3,3,2,19,21,90,0,0,0,1,0,81,80,0,NA,0,0,0,0,0,0,0
1505970,1,"Liga Nacional","Liga Endesa",-402534000,NA,"https://www.acb.com/Documentos/Cabeceras/logo-competicion-1b.png","https://www.acb.com/Documentos/Cabeceras/logo-competicion-4a.png",64,1999,107,NA,NA,1672,10384,NA,NA,FALSE,1229,1245,1803,"Cantabria Lobos","Cantabria Lobos","CAN",1229,97,"FC Barcelona","FC Barcelona","FCB",1,80,12000,6,20,30,27,52,51.92,8,15,53.33,17,17,34,2,7,6,0,3,3,0,21,19,69,0,0,1,0,0,80,81,0,NA,0,0,0,0,0,0,0
1505993,1,"Liga Nacional","Liga Endesa",-402534000,NA,"https://www.acb.com/Documentos/Cabeceras/logo-competicion-1b.png","https://www.acb.com/Documentos/Cabeceras/logo-competicion-4a.png",64,1999,107,NA,NA,1672,10385,NA,NA,TRUE,1236,1236,1445,"Gijón Baloncesto","Gijón Bal.","GIJ",1230,211,"TAU Cerámica","TAU Cerámica","TAU",1,67,12000,7,23,30.43,18,44,40.91,10,15,66.67,27,10,37,11,7,13,0,2,5,1,19,17,57,0,0,1,0,0,67,81,0,NA,0,0,0,0,0,0,0
1505994,1,"Liga Nacional","Liga Endesa",-402534000,NA,"https://www.acb.com/Documentos/Cabeceras/logo-competicion-1b.png","https://www.acb.com/Documentos/Cabeceras/logo-competicion-4a.png",64,1999,107,NA,NA,1672,10385,NA,NA,FALSE,1230,1236,1445,"Gijón Baloncesto","Gijón Bal.","GIJ",1230,211,"TAU Cerámica","TAU Cerámica","TAU",1,81,12000,2,9,22,30,51,58,15,21,71,30,5,35,11,6,12,0,5,2,2,17,19,92,0,0,0,11,0,810,67,0,0,0,0,0,0,0,0,0
1506043,1,"Liga Nacional","Liga Endesa",-402534000,NA,"https://www.acb.com/Documentos/Cabeceras/logo-competicion-1b.png","https://www.acb.com/Documentos/Cabeceras/logo-competicion-4a.png",64,1999,107,NA,NA,1672,10387,NA,NA,TRUE,1243,1243,1049,"Unicaja","Unicaja","UNI",1238,622,"Pinturas Bruger Badalona","Pinturas Bruger","JOV",1,64,12000,1,12,8,20,43,46,21,24,87,21,10,31,8,9,16,0,2,4,0,26,23,54,0,0,12,0,0,768,78,0,0,0,0,0,0,0,0,0
1506044,1,"Liga Nacional","Liga Endesa",-402534000,NA,"https://www.acb.com/Documentos/Cabeceras/logo-competicion-1b.png","https://www.acb.com/Documentos/Cabeceras/logo-competicion-4a.png",64,1999,107,NA,NA,1672,10387,NA,NA,FALSE,1238,1243,1049,"Unicaja","Unicaja","UNI",1238,622,"Pinturas Bruger Badalona","Pinturas Bruger","JOV",1,78,12000,3,16,18.75,24,41,58.54,21,28,75,22,9,31,8,7,12,0,4,2,0,23,26,80,0,0,0,1,0,78,64,0,NA,0,0,0,0,0,0,0
1506064,1,"Liga Nacional","Liga Endesa",-402534000,NA,"https://www.acb.com/Documentos/Cabeceras/logo-competicion-1b.png","https://www.acb.com/Documentos/Cabeceras/logo-competicion-4a.png",64,1999,107,NA,NA,1672,10388,NA,NA,FALSE,1235,1242,954,"Pamesa Valencia","Pamesa Valencia","PAM",1235,1196,"Jabones Pardo Fuenlabrada","Jabones Pardo","FUE",1,96,12000,10,20,50,26,45,57,14,18,77,19,12,31,19,8,17,0,0,3,4,22,17,96,0,0,8,0,0,768,103,0,0,0,0,0,0,0,0,0
1506063,1,"Liga Nacional","Liga Endesa",-402534000,NA,"https://www.acb.com/Documentos/Cabeceras/logo-competicion-1b.png","https://www.acb.com/Documentos/Cabeceras/logo-competicion-4a.png",64,1999,107,NA,NA,1672,10388,NA,NA,TRUE,1242,1242,954,"Pamesa Valencia","Pamesa Valencia","PAM",1235,1196,"Jabones Pardo Fuenlabrada","Jabones Pardo","FUE",1,103,12000,5,13,38.46,34,53,64.15,20,25,80,18,9,27,16,11,8,0,3,0,4,17,22,125,0,0,0,1,0,103,96,0,NA,0,0,0,0,0,0,0
1506085,1,"Liga Nacional","Liga Endesa",-402534000,NA,"https://www.acb.com/Documentos/Cabeceras/logo-competicion-1b.png","https://www.acb.com/Documentos/Cabeceras/logo-competicion-4a.png",64,1999,107,NA,NA,1672,10389,NA,NA,TRUE,1237,1237,1465,"Casademont Girona","Casademont Gir.","GIR",1240,755,"Real Madrid","Real Madrid","RMB",1,64,12000,5,19,26.32,16,33,48.48,17,21,80.95,19,8,27,6,16,15,0,1,4,2,22,23,61,0,0,1,0,0,64,69,0,NA,0,0,0,0,0,0,0
1506086,1,"Liga Nacional","Liga Endesa",-402534000,NA,"https://www.acb.com/Documentos/Cabeceras/logo-competicion-1b.png","https://www.acb.com/Documentos/Cabeceras/logo-competicion-4a.png",64,1999,107,NA,NA,1672,10389,NA,NA,FALSE,1240,1237,1465,"Casademont Girona","Casademont Gir.","GIR",1240,755,"Real Madrid","Real Madrid","RMB",1,69,12000,2,6,33,23,42,54,17,24,70,23,9,32,3,7,19,0,4,1,4,23,22,64,0,0,0,10,0,690,64,0,0,0,0,0,0,0,0,0
1506278,1,"Liga Nacional","Liga Endesa",-402534000,NA,"https://www.acb.com/Documentos/Cabeceras/logo-competicion-1b.png","https://www.acb.com/Documentos/Cabeceras/logo-competicion-4a.png",64,1999,107,NA,NA,1673,10397,NA,NA,FALSE,1234,1233,332,"Canarias Telecom","Canarias Tel.","GCA",1234,457,"Adecco Estudiantes","Adecco Estu","EST",1,60,12000,4,16,25,19,37,51,10,18,55,21,6,27,9,12,11,0,3,3,0,21,15,53,0,0,10,0,0,600,67,0,0,0,0,0,0,0,0,0
1506277,1,"Liga Nacional","Liga Endesa",-402534000,NA,"https://www.acb.com/Documentos/Cabeceras/logo-competicion-1b.png","https://www.acb.com/Documentos/Cabeceras/logo-competicion-4a.png",64,1999,107,NA,NA,1673,10397,NA,NA,TRUE,1233,1233,332,"Canarias Telecom","Canarias Tel.","GCA",1234,457,"Adecco Estudiantes","Adecco Estu","EST",1,67,12000,4,14,28,18,37,48,19,23,82,27,8,35,6,7,13,0,3,3,2,15,21,75,0,0,0,10,0,670,60,0,0,0,0,0,0,0,0,0
1506106,1,"Liga Nacional","Liga Endesa",-402534000,NA,"https://www.acb.com/Documentos/Cabeceras/logo-competicion-1b.png","https://www.acb.com/Documentos/Cabeceras/logo-competicion-4a.png",64,1999,107,NA,NA,1673,10390,NA,NA,TRUE,1237,1237,1465,"Casademont Girona","Casademont Gir.","GIR",1232,1371,"Cáceres CB","Cáceres CB","CAC",1,83,12000,4,16,25,23,46,50,25,30,83.33,18,13,31,6,7,7,0,0,5,2,21,22,76,0,0,0,1,0,83,76,0,NA,0,0,0,0,0,0,0
1506107,1,"Liga Nacional","Liga Endesa",-402534000,NA,"https://www.acb.com/Documentos/Cabeceras/logo-competicion-1b.png","https://www.acb.com/Documentos/Cabeceras/logo-competicion-4a.png",64,1999,107,NA,NA,1673,10390,NA,NA,FALSE,1232,1237,1465,"Casademont Girona","Casademont Gir.","GIR",1232,1371,"Cáceres CB","Cáceres CB","CAC",1,76,12000,6,15,40,20,33,60.61,18,26,69.23,26,3,29,3,5,15,0,5,0,0,22,21,72,0,0,1,0,0,76,83,0,NA,0,0,0,0,0,0,0
1506156,1,"Liga Nacional","Liga Endesa",-402534000,NA,"https://www.acb.com/Documentos/Cabeceras/logo-competicion-1b.png","https://www.acb.com/Documentos/Cabeceras/logo-competicion-4a.png",64,1999,107,NA,NA,1673,10392,NA,NA,FALSE,1235,1243,1049,"Unicaja","Unicaja","UNI",1235,1196,"Jabones Pardo Fuenlabrada","Jabones Pardo","FUE",1,79,12000,4,15,26,23,45,51,21,28,75,22,12,34,12,5,16,0,2,2,2,22,22,74,0,0,10,0,0,790,91,0,0,0,0,0,0,0,0,0
1506155,1,"Liga Nacional","Liga Endesa",-402534000,NA,"https://www.acb.com/Documentos/Cabeceras/logo-competicion-1b.png","https://www.acb.com/Documentos/Cabeceras/logo-competicion-4a.png",64,1999,107,NA,NA,1673,10392,NA,NA,TRUE,1243,1243,1049,"Unicaja","Unicaja","UNI",1235,1196,"Jabones Pardo Fuenlabrada","Jabones Pardo","FUE",1,91,12000,7,10,70,27,53,50,16,21,76,20,7,27,30,16,10,0,2,2,1,22,22,120,0,0,0,12,0,1092,79,0,0,0,0,0,0,0,0,0
1506181,1,"Liga Nacional","Liga Endesa",-402534000,NA,"https://www.acb.com/Documentos/Cabeceras/logo-competicion-1b.png","https://www.acb.com/Documentos/Cabeceras/logo-competicion-4a.png",64,1999,107,NA,NA,1673,10393,NA,NA,FALSE,1239,1238,622,"Pinturas Bruger Badalona","Pinturas Bruger","JOV",1239,1607,"León Caja España","León C. España","LEO",1,67,12000,5,15,33,19,37,51,14,23,60,28,11,39,7,4,23,0,2,2,0,28,22,51,0,0,10,0,0,670,76,0,0,0,0,0,0,0,0,0
1506180,1,"Liga Nacional","Liga Endesa",-402534000,NA,"https://www.acb.com/Documentos/Cabeceras/logo-competicion-1b.png","https://www.acb.com/Documentos/Cabeceras/logo-competicion-4a.png",64,1999,107,NA,NA,1673,10393,NA,NA,TRUE,1238,1238,622,"Pinturas Bruger Badalona","Pinturas Bruger","JOV",1239,1607,"León Caja España","León C. España","LEO",1,76,12000,6,18,33.33,19,47,40.43,20,34,58.82,22,12,34,15,15,6,0,2,2,3,22,28,86,0,0,0,1,0,76,67,0,NA,0,0,0,0,0,0,0
1506204,1,"Liga Nacional","Liga Endesa",-402534000,NA,"https://www.acb.com/Documentos/Cabeceras/logo-competicion-1b.png","https://www.acb.com/Documentos/Cabeceras/logo-competicion-4a.png",64,1999,107,NA,NA,1673,10394,NA,NA,FALSE,1236,1244,1125,"Caja San Fernando","C. San Fernando","CSF",1236,1445,"Gijón Baloncesto","Gijón Bal.","GIJ",1,63,12000,4,11,36.36,23,49,46.94,5,6,83.33,21,10,31,11,8,15,0,6,4,3,15,14,65,0,0,1,0,0,63,81,0,NA,0,0,0,0,0,0,0
1506203,1,"Liga Nacional","Liga Endesa",-402534000,NA,"https://www.acb.com/Documentos/Cabeceras/logo-competicion-1b.png","https://www.acb.com/Documentos/Cabeceras/logo-competicion-4a.png",64,1999,107,NA,NA,1673,10394,NA,NA,TRUE,1244,1244,1125,"Caja San Fernando","C. San Fernando","CSF",1236,1445,"Gijón Baloncesto","Gijón Bal.","GIJ",1,81,12000,11,20,55,18,46,39.13,12,14,85.71,22,17,39,13,3,9,0,4,6,0,14,15,87,0,0,0,1,0,81,63,0,NA,0,0,0,0,0,0,0
1506254,1,"Liga Nacional","Liga Endesa",-402534000,NA,"https://www.acb.com/Documentos/Cabeceras/logo-competicion-1b.png","https://www.acb.com/Documentos/Cabeceras/logo-competicion-4a.png",64,1999,107,NA,NA,1673,10396,NA,NA,FALSE,1231,1229,97,"FC Barcelona","FC Barcelona","FCB",1231,1353,"Breogán Universidade","Breogán Uni.","BRE",1,59,12000,1,8,12,19,48,39,18,30,60,24,20,44,6,8,19,0,3,8,2,20,25,50,0,0,11,0,0,649,71,0,0,0,0,0,0,0,0,0
1506253,1,"Liga Nacional","Liga Endesa",-402534000,NA,"https://www.acb.com/Documentos/Cabeceras/logo-competicion-1b.png","https://www.acb.com/Documentos/Cabeceras/logo-competicion-4a.png",64,1999,107,NA,NA,1673,10396,NA,NA,TRUE,1229,1229,97,"FC Barcelona","FC Barcelona","FCB",1231,1353,"Breogán Universidade","Breogán Uni.","BRE",1,71,12000,3,13,23.08,23,49,46.94,16,24,66.67,20,15,35,10,13,12,0,8,3,7,25,20,73,0,0,0,1,0,71,59,0,NA,0,0,0,0,0,0,0
1506227,1,"Liga Nacional","Liga Endesa",-402534000,NA,"https://www.acb.com/Documentos/Cabeceras/logo-competicion-1b.png","https://www.acb.com/Documentos/Cabeceras/logo-competicion-4a.png",64,1999,107,NA,NA,1673,10395,NA,NA,TRUE,1230,1230,211,"TAU Cerámica","TAU Cerámica","TAU",1245,1803,"Cantabria Lobos","Cantabria Lobos","CAN",1,97,12000,9,20,45,28,45,62,14,17,82,25,6,31,20,16,11,0,5,0,3,26,21,122,0,0,0,12,0,1067,76,0,0,0,0,0,0,0,0,0
1506228,1,"Liga Nacional","Liga Endesa",-402534000,NA,"https://www.acb.com/Documentos/Cabeceras/logo-competicion-1b.png","https://www.acb.com/Documentos/Cabeceras/logo-competicion-4a.png",64,1999,107,NA,NA,1673,10395,NA,NA,FALSE,1245,1230,211,"TAU Cerámica","TAU Cerámica","TAU",1245,1803,"Cantabria Lobos","Cantabria Lobos","CAN",1,76,12000,4,18,22.22,21,37,56.76,22,30,73.33,22,9,31,10,3,16,0,0,5,1,21,26,66,0,0,1,0,0,76,97,0,NA,0,0,0,0,0,0,0
1506306,1,"Liga Nacional","Liga Endesa",-402534000,NA,"https://www.acb.com/Documentos/Cabeceras/logo-competicion-1b.png","https://www.acb.com/Documentos/Cabeceras/logo-competicion-4a.png",64,1999,107,NA,NA,1673,10398,NA,NA,FALSE,1241,1246,1848,"Fórum Valladolid","Fórum Vall.","FOR",1241,865,"TDK Manresa","TDK Manresa","MAN",1,53,12000,2,12,16,18,43,41,11,18,61,21,10,31,9,10,18,0,3,2,2,18,15,41,0,0,11,0,0,583,90,0,0,0,0,0,0,0,0,0
1506305,1,"Liga Nacional","Liga Endesa",-402534000,NA,"https://www.acb.com/Documentos/Cabeceras/logo-competicion-1b.png","https://www.acb.com/Documentos/Cabeceras/logo-competicion-4a.png",64,1999,107,NA,NA,1673,10398,NA,NA,TRUE,1246,1246,1848,"Fórum Valladolid","Fórum Vall.","FOR",1241,865,"TDK Manresa","TDK Manresa","MAN",1,90,12000,14,23,60,20,39,51,8,12,66,25,10,35,13,12,13,0,2,3,0,15,18,107,0,0,0,11,0,990,53,0,0,0,0,0,0,0,0,0
1506129,1,"Liga Nacional","Liga Endesa",-402534000,NA,"https://www.acb.com/Documentos/Cabeceras/logo-competicion-1b.png","https://www.acb.com/Documentos/Cabeceras/logo-competicion-4a.png",64,1999,107,NA,NA,1673,10391,NA,NA,TRUE,1240,1240,755,"Real Madrid","Real Madrid","RMB",1242,954,"Pamesa Valencia","Pamesa Valencia","PAM",1,95,12000,9,19,47,31,44,70,6,7,85,12,7,19,12,9,7,0,2,3,1,18,15,100,0,0,0,10,0,950,85,0,0,0,0,0,0,0,0,0
1506130,1,"Liga Nacional","Liga Endesa",-402534000,NA,"https://www.acb.com/Documentos/Cabeceras/logo-competicion-1b.png","https://www.acb.com/Documentos/Cabeceras/logo-competicion-4a.png",64,1999,107,NA,NA,1673,10391,NA,NA,FALSE,1242,1240,755,"Real Madrid","Real Madrid","RMB",1242,954,"Pamesa Valencia","Pamesa Valencia","PAM",1,85,12000,5,16,31.25,25,41,60.98,20,22,90.91,16,14,30,9,6,12,0,3,2,2,15,18,93,0,0,1,0,0,85,95,0,NA,0,0,0,0,0,0,0
1506354,1,"Liga Nacional","Liga Endesa",-402534000,NA,"https://www.acb.com/Documentos/Cabeceras/logo-competicion-1b.png","https://www.acb.com/Documentos/Cabeceras/logo-competicion-4a.png",64,1999,107,NA,NA,1674,10400,NA,NA,FALSE,1233,1241,865,"TDK Manresa","TDK Manresa","MAN",1233,332,"Canarias Telecom","Canarias Tel.","GCA",1,68,12000,6,9,66,17,44,38,16,20,80,17,8,25,12,8,12,0,1,6,3,23,21,60,0,0,9,0,0,612,84,0,0,0,0,0,0,0,0,0
1506353,1,"Liga Nacional","Liga Endesa",-402534000,NA,"https://www.acb.com/Documentos/Cabeceras/logo-competicion-1b.png","https://www.acb.com/Documentos/Cabeceras/logo-competicion-4a.png",64,1999,107,NA,NA,1674,10400,NA,NA,TRUE,1241,1241,865,"TDK Manresa","TDK Manresa","MAN",1233,332,"Canarias Telecom","Canarias Tel.","GCA",1,84,12000,9,23,39,20,31,64,17,23,73,24,10,34,12,6,12,0,6,1,4,21,23,100,0,0,0,10,0,840,68,0,0,0,0,0,0,0,0,0
1506489,1,"Liga Nacional","Liga Endesa",-402534000,NA,"https://www.acb.com/Documentos/Cabeceras/logo-competicion-1b.png","https://www.acb.com/Documentos/Cabeceras/logo-competicion-4a.png",64,1999,107,NA,NA,1674,10406,NA,NA,FALSE,1240,1243,1049,"Unicaja","Unicaja","UNI",1240,755,"Real Madrid","Real Madrid","RMB",1,65,12000,5,11,45,18,33,54,14,15,93,12,8,20,10,1,16,0,3,0,1,18,17,60,0,0,10,0,0,650,77,0,0,0,0,0,0,0,0,0
1506488,1,"Liga Nacional","Liga Endesa",-402534000,NA,"https://www.acb.com/Documentos/Cabeceras/logo-competicion-1b.png","https://www.acb.com/Documentos/Cabeceras/logo-competicion-4a.png",64,1999,107,NA,NA,1674,10406,NA,NA,TRUE,1243,1243,1049,"Unicaja","Unicaja","UNI",1240,755,"Real Madrid","Real Madrid","RMB",1,77,12000,6,13,46,24,38,63,11,15,73,13,7,20,17,12,8,0,0,3,1,17,18,91,0,0,0,10,0,770,65,0,0,0,0,0,0,0,0,0
1506400,1,"Liga Nacional","Liga Endesa",-402534000,NA,"https://www.acb.com/Documentos/Cabeceras/logo-competicion-1b.png","https://www.acb.com/Documentos/Cabeceras/logo-competicion-4a.png",64,1999,107,NA,NA,1674,10402,NA,NA,FALSE,1230,1231,1353,"Breogán Universidade","Breogán Uni.","BRE",1230,211,"TAU Cerámica","TAU Cerámica","TAU",1,70,12000,3,15,20,22,36,61,17,19,89,20,6,26,6,10,14,0,3,0,2,31,22,64,0,0,11,0,0,700,74,0,0,0,0,0,0,0,0,0
1506399,1,"Liga Nacional","Liga Endesa",-402534000,NA,"https://www.acb.com/Documentos/Cabeceras/logo-competicion-1b.png","https://www.acb.com/Documentos/Cabeceras/logo-competicion-4a.png",64,1999,107,NA,NA,1674,10402,NA,NA,TRUE,1231,1231,1353,"Breogán Universidade","Breogán Uni.","BRE",1230,211,"TAU Cerámica","TAU Cerámica","TAU",1,74,12000,2,6,33,20,48,41,28,42,66,17,16,33,8,14,11,0,0,3,2,22,31,78,0,0,0,9,0,666,70,0,0,0,0,0,0,0,0,0
1506422,1,"Liga Nacional","Liga Endesa",-402534000,NA,"https://www.acb.com/Documentos/Cabeceras/logo-competicion-1b.png","https://www.acb.com/Documentos/Cabeceras/logo-competicion-4a.png",64,1999,107,NA,NA,1674,10403,NA,NA,FALSE,1244,1245,1803,"Cantabria Lobos","Cantabria Lobos","CAN",1244,1125,"Caja San Fernando","C. San Fernando","CSF",1,72,12000,5,20,25,21,37,56,15,23,65,22,7,29,8,9,7,0,3,0,1,21,23,77,0,0,0,10,0,720,67,0,0,0,0,0,0,0,0,0
1506421,1,"Liga Nacional","Liga Endesa",-402534000,NA,"https://www.acb.com/Documentos/Cabeceras/logo-competicion-1b.png","https://www.acb.com/Documentos/Cabeceras/logo-competicion-4a.png",64,1999,107,NA,NA,1674,10403,NA,NA,TRUE,1245,1245,1803,"Cantabria Lobos","Cantabria Lobos","CAN",1244,1125,"Caja San Fernando","C. San Fernando","CSF",1,67,12000,2,14,14.29,21,42,50,19,24,79.17,27,10,37,9,3,12,0,0,3,2,23,21,61,0,0,1,0,0,67,72,0,NA,0,0,0,0,0,0,0
1506511,1,"Liga Nacional","Liga Endesa",-402534000,NA,"https://www.acb.com/Documentos/Cabeceras/logo-competicion-1b.png","https://www.acb.com/Documentos/Cabeceras/logo-competicion-4a.png",64,1999,107,NA,NA,1674,10407,NA,NA,FALSE,1237,1242,954,"Pamesa Valencia","Pamesa Valencia","PAM",1237,1465,"Casademont Girona","Casademont Gir.","GIR",1,75,12000,6,20,30,20,40,50,17,20,85,22,4,26,20,10,13,0,2,3,3,26,21,75,0,0,1,0,0,75,85,0,NA,0,0,0,0,0,0,0
1506510,1,"Liga Nacional","Liga Endesa",-402534000,NA,"https://www.acb.com/Documentos/Cabeceras/logo-competicion-1b.png","https://www.acb.com/Documentos/Cabeceras/logo-competicion-4a.png",64,1999,107,NA,NA,1674,10407,NA,NA,TRUE,1242,1242,954,"Pamesa Valencia","Pamesa Valencia","PAM",1237,1465,"Casademont Girona","Casademont Gir.","GIR",1,85,12000,6,15,40,23,41,56.1,21,32,65.62,31,11,42,16,7,16,0,3,2,3,21,26,102,0,0,0,1,0,85,75,0,NA,0,0,0,0,0,0,0
1506463,1,"Liga Nacional","Liga Endesa",-402534000,NA,"https://www.acb.com/Documentos/Cabeceras/logo-competicion-1b.png","https://www.acb.com/Documentos/Cabeceras/logo-competicion-4a.png",64,1999,107,NA,NA,1674,10405,NA,NA,FALSE,1235,1239,1607,"León Caja España","León C. España","LEO",1235,1196,"Jabones Pardo Fuenlabrada","Jabones Pardo","FUE",1,62,12000,9,23,39,14,25,56,7,14,50,26,12,38,9,1,15,0,4,5,0,14,17,65,0,0,9,0,0,558,64,0,0,0,0,0,0,0,0,0
1506462,1,"Liga Nacional","Liga Endesa",-402534000,NA,"https://www.acb.com/Documentos/Cabeceras/logo-competicion-1b.png","https://www.acb.com/Documentos/Cabeceras/logo-competicion-4a.png",64,1999,107,NA,NA,1674,10405,NA,NA,TRUE,1239,1239,1607,"León Caja España","León C. España","LEO",1235,1196,"Jabones Pardo Fuenlabrada","Jabones Pardo","FUE",1,64,12000,9,19,47.37,17,42,40.48,3,4,75,17,9,26,11,11,5,0,5,4,1,17,14,69,0,0,0,1,0,64,62,0,NA,0,0,0,0,0,0,0
1506377,1,"Liga Nacional","Liga Endesa",-402534000,NA,"https://www.acb.com/Documentos/Cabeceras/logo-competicion-1b.png","https://www.acb.com/Documentos/Cabeceras/logo-competicion-4a.png",64,1999,107,NA,NA,1674,10401,NA,NA,FALSE,1229,1234,457,"Adecco Estudiantes","Adecco Estu","EST",1229,97,"FC Barcelona","FC Barcelona","FCB",1,45,12000,3,13,23.08,14,35,40,8,14,57.14,23,13,36,7,10,14,0,5,1,4,16,18,53,0,0,1,0,0,45,56,0,NA,0,0,0,0,0,0,0
1506376,1,"Liga Nacional","Liga Endesa",-402534000,NA,"https://www.acb.com/Documentos/Cabeceras/logo-competicion-1b.png","https://www.acb.com/Documentos/Cabeceras/logo-competicion-4a.png",64,1999,107,NA,NA,1674,10401,NA,NA,TRUE,1234,1234,457,"Adecco Estudiantes","Adecco Estu","EST",1229,97,"FC Barcelona","FC Barcelona","FCB",1,56,12000,4,19,21,17,34,50,10,13,76,21,12,33,8,9,10,0,1,5,0,18,16,55,0,0,0,9,0,504,45,0,0,0,0,0,0,0,0,0
1506442,1,"Liga Nacional","Liga Endesa",-402534000,NA,"https://www.acb.com/Documentos/Cabeceras/logo-competicion-1b.png","https://www.acb.com/Documentos/Cabeceras/logo-competicion-4a.png",64,1999,107,NA,NA,1674,10404,NA,NA,FALSE,1238,1236,1445,"Gijón Baloncesto","Gijón Bal.","GIJ",1238,622,"Pinturas Bruger Badalona","Pinturas Bruger","JOV",1,63,12000,6,18,33.33,18,48,37.5,9,18,50,23,14,37,8,3,8,0,0,3,2,25,21,45,0,0,1,0,0,63,72,0,NA,0,0,0,0,0,0,0
1506441,1,"Liga Nacional","Liga Endesa",-402534000,NA,"https://www.acb.com/Documentos/Cabeceras/logo-competicion-1b.png","https://www.acb.com/Documentos/Cabeceras/logo-competicion-4a.png",64,1999,107,NA,NA,1674,10404,NA,NA,TRUE,1236,1236,1445,"Gijón Baloncesto","Gijón Bal.","GIJ",1238,622,"Pinturas Bruger Badalona","Pinturas Bruger","JOV",1,72,12000,5,17,29.41,20,40,50,17,28,60.71,30,9,39,8,9,7,0,3,0,2,21,25,85,0,0,0,1,0,72,63,0,NA,0,0,0,0,0,0,0
1506331,1,"Liga Nacional","Liga Endesa",-402534000,NA,"https://www.acb.com/Documentos/Cabeceras/logo-competicion-1b.png","https://www.acb.com/Documentos/Cabeceras/logo-competicion-4a.png",64,1999,107,NA,NA,1674,10399,NA,NA,FALSE,1246,1232,1371,"Cáceres CB","Cáceres CB","CAC",1246,1848,"Fórum Valladolid","Fórum Vall.","FOR",1,61,12000,4,15,26,21,45,46,7,11,63,17,11,28,7,11,9,0,1,6,1,14,11,51,0,0,11,0,0,671,75,0,0,0,0,0,0,0,0,0
1506330,1,"Liga Nacional","Liga Endesa",-402534000,NA,"https://www.acb.com/Documentos/Cabeceras/logo-competicion-1b.png","https://www.acb.com/Documentos/Cabeceras/logo-competicion-4a.png",64,1999,107,NA,NA,1674,10399,NA,NA,TRUE,1232,1232,1371,"Cáceres CB","Cáceres CB","CAC",1246,1848,"Fórum Valladolid","Fórum Vall.","FOR",1,75,12000,9,17,52.94,22,36,61.11,4,9,44.44,24,8,32,12,6,15,0,6,1,1,11,14,91,0,0,0,1,0,75,61,0,NA,0,0,0,0,0,0,0
1506647,1,"Liga Nacional","Liga Endesa",-402534000,NA,"https://www.acb.com/Documentos/Cabeceras/logo-competicion-1b.png","https://www.acb.com/Documentos/Cabeceras/logo-competicion-4a.png",64,1999,107,NA,NA,1675,10413,NA,NA,TRUE,1229,1229,97,"FC Barcelona","FC Barcelona","FCB",1236,1445,"Gijón Baloncesto","Gijón Bal.","GIJ",1,88,12000,4,13,30.77,27,42,64.29,22,32,68.75,34,12,46,18,11,18,0,4,1,5,23,28,119,0,0,0,1,0,88,50,0,NA,0,0,0,0,0,0,0
1506648,1,"Liga Nacional","Liga Endesa",-402534000,NA,"https://www.acb.com/Documentos/Cabeceras/logo-competicion-1b.png","https://www.acb.com/Documentos/Cabeceras/logo-competicion-4a.png",64,1999,107,NA,NA,1675,10413,NA,NA,FALSE,1236,1229,97,"FC Barcelona","FC Barcelona","FCB",1236,1445,"Gijón Baloncesto","Gijón Bal.","GIJ",1,50,12000,1,21,4.76,18,40,45,11,28,39.29,17,16,33,4,14,17,0,1,4,2,28,23,17,0,0,1,0,0,50,88,0,NA,0,0,0,0,0,0,0
1506535,1,"Liga Nacional","Liga Endesa",-402534000,NA,"https://www.acb.com/Documentos/Cabeceras/logo-competicion-1b.png","https://www.acb.com/Documentos/Cabeceras/logo-competicion-4a.png",64,1999,107,NA,NA,1675,10408,NA,NA,TRUE,1240,1240,755,"Real Madrid","Real Madrid","RMB",1232,1371,"Cáceres CB","Cáceres CB","CAC",1,65,12000,8,18,44,17,40,42,7,13,53,30,11,41,7,11,11,0,5,5,1,16,21,79,0,0,0,11,0,715,52,0,0,0,0,0,0,0,0,0
1506536,1,"Liga Nacional","Liga Endesa",-402534000,NA,"https://www.acb.com/Documentos/Cabeceras/logo-competicion-1b.png","https://www.acb.com/Documentos/Cabeceras/logo-competicion-4a.png",64,1999,107,NA,NA,1675,10408,NA,NA,FALSE,1232,1240,755,"Real Madrid","Real Madrid","RMB",1232,1371,"Cáceres CB","Cáceres CB","CAC",1,52,12000,5,13,38.46,15,45,33.33,7,13,53.85,24,12,36,10,7,13,0,5,5,3,21,16,43,0,0,1,0,0,52,65,0,NA,0,0,0,0,0,0,0
1506580,1,"Liga Nacional","Liga Endesa",-402534000,NA,"https://www.acb.com/Documentos/Cabeceras/logo-competicion-1b.png","https://www.acb.com/Documentos/Cabeceras/logo-competicion-4a.png",64,1999,107,NA,NA,1675,10410,NA,NA,TRUE,1238,1238,622,"Pinturas Bruger Badalona","Pinturas Bruger","JOV",1242,954,"Pamesa Valencia","Pamesa Valencia","PAM",1,83,12000,12,29,41.38,20,36,55.56,7,11,63.64,13,14,27,14,5,7,0,0,1,1,26,16,74,0,0,1,0,0,83,99,0,NA,0,0,0,0,0,0,0
1506581,1,"Liga Nacional","Liga Endesa",-402534000,NA,"https://www.acb.com/Documentos/Cabeceras/logo-competicion-1b.png","https://www.acb.com/Documentos/Cabeceras/logo-competicion-4a.png",64,1999,107,NA,NA,1675,10410,NA,NA,FALSE,1242,1238,622,"Pinturas Bruger Badalona","Pinturas Bruger","JOV",1242,954,"Pamesa Valencia","Pamesa Valencia","PAM",1,99,12000,5,9,55.56,28,43,65.12,28,37,75.68,21,9,30,5,6,5,0,1,0,1,16,26,118,0,0,0,1,0,99,83,0,NA,0,0,0,0,0,0,0
1506720,1,"Liga Nacional","Liga Endesa",-402534000,NA,"https://www.acb.com/Documentos/Cabeceras/logo-competicion-1b.png","https://www.acb.com/Documentos/Cabeceras/logo-competicion-4a.png",64,1999,107,NA,NA,1675,10416,NA,NA,FALSE,1234,1241,865,"TDK Manresa","TDK Manresa","MAN",1234,457,"Adecco Estudiantes","Adecco Estu","EST",1,75,12000,5,16,31,26,54,48,8,15,53,17,23,40,15,13,9,0,1,10,0,20,21,80,0,0,0,10,0,750,69,0,0,0,0,0,0,0,0,0
1506719,1,"Liga Nacional","Liga Endesa",-402534000,NA,"https://www.acb.com/Documentos/Cabeceras/logo-competicion-1b.png","https://www.acb.com/Documentos/Cabeceras/logo-competicion-4a.png",64,1999,107,NA,NA,1675,10416,NA,NA,TRUE,1241,1241,865,"TDK Manresa","TDK Manresa","MAN",1234,457,"Adecco Estudiantes","Adecco Estu","EST",1,69,12000,5,17,29,22,34,64,10,15,66,18,8,26,13,8,16,0,10,1,3,21,20,79,0,0,9,0,0,621,75,0,0,0,0,0,0,0,0,0
1506624,1,"Liga Nacional","Liga Endesa",-402534000,NA,"https://www.acb.com/Documentos/Cabeceras/logo-competicion-1b.png","https://www.acb.com/Documentos/Cabeceras/logo-competicion-4a.png",64,1999,107,NA,NA,1675,10412,NA,NA,TRUE,1230,1230,211,"TAU Cerámica","TAU Cerámica","TAU",1239,1607,"León Caja España","León C. España","LEO",1,63,12000,4,18,22.22,20,37,54.05,11,24,45.83,22,15,37,13,5,9,0,3,1,6,17,20,70,0,0,0,1,0,63,60,0,NA,0,0,0,0,0,0,0
1506625,1,"Liga Nacional","Liga Endesa",-402534000,NA,"https://www.acb.com/Documentos/Cabeceras/logo-competicion-1b.png","https://www.acb.com/Documentos/Cabeceras/logo-competicion-4a.png",64,1999,107,NA,NA,1675,10412,NA,NA,FALSE,1239,1230,211,"TAU Cerámica","TAU Cerámica","TAU",1239,1607,"León Caja España","León C. España","LEO",1,60,12000,6,13,46.15,15,41,36.59,12,14,85.71,22,11,33,11,6,10,0,1,3,0,20,17,60,0,0,1,0,0,60,63,0,NA,0,0,0,0,0,0,0
1506697,1,"Liga Nacional","Liga Endesa",-402534000,NA,"https://www.acb.com/Documentos/Cabeceras/logo-competicion-1b.png","https://www.acb.com/Documentos/Cabeceras/logo-competicion-4a.png",64,1999,107,NA,NA,1675,10415,NA,NA,FALSE,1231,1246,1848,"Fórum Valladolid","Fórum Vall.","FOR",1231,1353,"Breogán Universidade","Breogán Uni.","BRE",1,89,12000,4,11,36,28,53,52,21,23,91,19,19,38,15,8,14,0,1,3,3,13,21,108,0,0,0,9,0,801,66,0,0,0,0,0,0,0,0,0
1506696,1,"Liga Nacional","Liga Endesa",-402534000,NA,"https://www.acb.com/Documentos/Cabeceras/logo-competicion-1b.png","https://www.acb.com/Documentos/Cabeceras/logo-competicion-4a.png",64,1999,107,NA,NA,1675,10415,NA,NA,TRUE,1246,1246,1848,"Fórum Valladolid","Fórum Vall.","FOR",1231,1353,"Breogán Universidade","Breogán Uni.","BRE",1,66,12000,7,16,43,19,40,47,7,12,58,12,7,19,6,5,12,0,3,0,1,21,13,44,0,0,11,0,0,726,89,0,0,0,0,0,0,0,0,0
1506559,1,"Liga Nacional","Liga Endesa",-402534000,NA,"https://www.acb.com/Documentos/Cabeceras/logo-competicion-1b.png","https://www.acb.com/Documentos/Cabeceras/logo-competicion-4a.png",64,1999,107,NA,NA,1675,10409,NA,NA,TRUE,1235,1235,1196,"Jabones Pardo Fuenlabrada","Jabones Pardo","FUE",1237,1465,"Casademont Girona","Casademont Gir.","GIR",1,75,12000,6,15,40,21,38,55,15,26,57,20,14,34,9,6,10,0,3,0,2,21,19,78,0,0,0,10,0,750,69,0,0,0,0,0,0,0,0,0
1506560,1,"Liga Nacional","Liga Endesa",-402534000,NA,"https://www.acb.com/Documentos/Cabeceras/logo-competicion-1b.png","https://www.acb.com/Documentos/Cabeceras/logo-competicion-4a.png",64,1999,107,NA,NA,1675,10409,NA,NA,FALSE,1237,1235,1196,"Jabones Pardo Fuenlabrada","Jabones Pardo","FUE",1237,1465,"Casademont Girona","Casademont Gir.","GIR",1,69,12000,4,8,50,16,37,43.24,25,28,89.29,17,5,22,4,5,4,0,0,3,0,19,21,67,0,0,1,0,0,69,75,0,NA,0,0,0,0,0,0,0
1506602,1,"Liga Nacional","Liga Endesa",-402534000,NA,"https://www.acb.com/Documentos/Cabeceras/logo-competicion-1b.png","https://www.acb.com/Documentos/Cabeceras/logo-competicion-4a.png",64,1999,107,NA,NA,1675,10411,NA,NA,FALSE,1243,1244,1125,"Caja San Fernando","C. San Fernando","CSF",1243,1049,"Unicaja","Unicaja","UNI",1,48,12000,1,10,10,17,35,48,11,17,64,15,11,26,7,7,18,0,5,3,0,19,20,40,0,0,10,0,0,480,74,0,0,0,0,0,0,0,0,0
1506601,1,"Liga Nacional","Liga Endesa",-402534000,NA,"https://www.acb.com/Documentos/Cabeceras/logo-competicion-1b.png","https://www.acb.com/Documentos/Cabeceras/logo-competicion-4a.png",64,1999,107,NA,NA,1675,10411,NA,NA,TRUE,1244,1244,1125,"Caja San Fernando","C. San Fernando","CSF",1243,1049,"Unicaja","Unicaja","UNI",1,74,12000,9,22,40.91,18,31,58.06,11,14,78.57,17,10,27,11,16,11,0,3,5,4,20,19,85,0,0,0,1,0,74,48,0,NA,0,0,0,0,0,0,0
1506670,1,"Liga Nacional","Liga Endesa",-402534000,NA,"https://www.acb.com/Documentos/Cabeceras/logo-competicion-1b.png","https://www.acb.com/Documentos/Cabeceras/logo-competicion-4a.png",64,1999,107,NA,NA,1675,10414,NA,NA,TRUE,1233,1233,332,"Canarias Telecom","Canarias Tel.","GCA",1245,1803,"Cantabria Lobos","Cantabria Lobos","CAN",1,80,12000,4,12,33,25,44,56,18,31,58,28,8,36,16,9,7,0,2,2,3,20,25,99,0,0,0,10,0,800,75,0,0,0,0,0,0,0,0,0
1506671,1,"Liga Nacional","Liga Endesa",-402534000,NA,"https://www.acb.com/Documentos/Cabeceras/logo-competicion-1b.png","https://www.acb.com/Documentos/Cabeceras/logo-competicion-4a.png",64,1999,107,NA,NA,1675,10414,NA,NA,FALSE,1245,1233,332,"Canarias Telecom","Canarias Tel.","GCA",1245,1803,"Cantabria Lobos","Cantabria Lobos","CAN",1,75,12000,8,22,36.36,17,35,48.57,17,23,73.91,21,8,29,10,6,10,0,2,2,1,25,20,67,0,0,1,0,0,75,80,0,NA,0,0,0,0,0,0,0
1506838,1,"Liga Nacional","Liga Endesa",-402534000,NA,"https://www.acb.com/Documentos/Cabeceras/logo-competicion-1b.png","https://www.acb.com/Documentos/Cabeceras/logo-competicion-4a.png",64,1999,107,NA,NA,1676,10421,NA,NA,TRUE,1239,1239,1607,"León Caja España","León C. España","LEO",1229,97,"FC Barcelona","FC Barcelona","FCB",1,62,12000,7,17,41.18,17,35,48.57,7,9,77.78,17,8,25,11,5,18,0,1,2,4,33,16,37,0,0,1,0,0,62,84,0,NA,0,0,0,0,0,0,0
1506839,1,"Liga Nacional","Liga Endesa",-402534000,NA,"https://www.acb.com/Documentos/Cabeceras/logo-competicion-1b.png","https://www.acb.com/Documentos/Cabeceras/logo-competicion-4a.png",64,1999,107,NA,NA,1676,10421,NA,NA,FALSE,1229,1239,1607,"León Caja España","León C. España","LEO",1229,97,"FC Barcelona","FC Barcelona","FCB",1,84,12000,6,14,42.86,18,35,51.43,30,42,71.43,20,10,30,9,9,8,0,2,1,4,16,33,105,0,0,0,1,0,84,62,0,NA,0,0,0,0,0,0,0
1506929,1,"Liga Nacional","Liga Endesa",-402534000,NA,"https://www.acb.com/Documentos/Cabeceras/logo-competicion-1b.png","https://www.acb.com/Documentos/Cabeceras/logo-competicion-4a.png",64,1999,107,NA,NA,1676,10425,NA,NA,TRUE,1235,1235,1196,"Jabones Pardo Fuenlabrada","Jabones Pardo","FUE",1240,755,"Real Madrid","Real Madrid","RMB",1,55,12000,7,21,33,15,43,34,4,9,44,12,15,27,7,7,14,0,3,5,2,22,15,26,0,0,10,0,0,550,77,0,0,0,0,0,0,0,0,0
1506930,1,"Liga Nacional","Liga Endesa",-402534000,NA,"https://www.acb.com/Documentos/Cabeceras/logo-competicion-1b.png","https://www.acb.com/Documentos/Cabeceras/logo-competicion-4a.png",64,1999,107,NA,NA,1676,10425,NA,NA,FALSE,1240,1235,1196,"Jabones Pardo Fuenlabrada","Jabones Pardo","FUE",1240,755,"Real Madrid","Real Madrid","RMB",1,77,12000,6,13,46,22,40,55,15,19,78,26,11,37,14,9,13,0,5,3,4,15,22,104,0,0,0,10,0,770,55,0,0,0,0,0,0,0,0,0
1506767,1,"Liga Nacional","Liga Endesa",-402534000,NA,"https://www.acb.com/Documentos/Cabeceras/logo-competicion-1b.png","https://www.acb.com/Documentos/Cabeceras/logo-competicion-4a.png",64,1999,107,NA,NA,1676,10418,NA,NA,TRUE,1231,1231,1353,"Breogán Universidade","Breogán Uni.","BRE",1241,865,"TDK Manresa","TDK Manresa","MAN",1,60,12000,3,11,27,23,53,43,5,14,35,21,17,38,4,9,11,0,3,4,1,21,16,47,0,0,10,0,0,600,69,0,0,0,0,0,0,0,0,0
1506768,1,"Liga Nacional","Liga Endesa",-402534000,NA,"https://www.acb.com/Documentos/Cabeceras/logo-competicion-1b.png","https://www.acb.com/Documentos/Cabeceras/logo-competicion-4a.png",64,1999,107,NA,NA,1676,10418,NA,NA,FALSE,1241,1231,1353,"Breogán Universidade","Breogán Uni.","BRE",1241,865,"TDK Manresa","TDK Manresa","MAN",1,69,12000,5,13,38,20,37,54,14,21,66,23,7,30,7,9,12,0,4,3,3,16,21,77,0,0,0,10,0,690,60,0,0,0,0,0,0,0,0,0
1506863,1,"Liga Nacional","Liga Endesa",-402534000,NA,"https://www.acb.com/Documentos/Cabeceras/logo-competicion-1b.png","https://www.acb.com/Documentos/Cabeceras/logo-competicion-4a.png",64,1999,107,NA,NA,1676,10422,NA,NA,TRUE,1243,1243,1049,"Unicaja","Unicaja","UNI",1230,211,"TAU Cerámica","TAU Cerámica","TAU",1,78,12000,8,18,44,21,40,52,12,17,70,20,11,31,18,5,10,0,2,5,1,23,20,82,0,0,0,11,0,858,75,0,0,0,0,0,0,0,0,0
1506864,1,"Liga Nacional","Liga Endesa",-402534000,NA,"https://www.acb.com/Documentos/Cabeceras/logo-competicion-1b.png","https://www.acb.com/Documentos/Cabeceras/logo-competicion-4a.png",64,1999,107,NA,NA,1676,10422,NA,NA,FALSE,1230,1243,1049,"Unicaja","Unicaja","UNI",1230,211,"TAU Cerámica","TAU Cerámica","TAU",1,75,12000,5,17,29.41,21,41,51.22,18,24,75,20,13,33,12,8,10,0,5,2,2,20,23,86,0,0,1,0,0,75,78,0,NA,0,0,0,0,0,0,0
1506905,1,"Liga Nacional","Liga Endesa",-402534000,NA,"https://www.acb.com/Documentos/Cabeceras/logo-competicion-1b.png","https://www.acb.com/Documentos/Cabeceras/logo-competicion-4a.png",64,1999,107,NA,NA,1676,10424,NA,NA,TRUE,1237,1237,1465,"Casademont Girona","Casademont Gir.","GIR",1238,622,"Pinturas Bruger Badalona","Pinturas Bruger","JOV",1,97,12000,5,12,41.67,31,48,64.58,20,27,74.07,25,12,37,15,6,12,0,1,2,3,20,21,112,0,0,0,1,0,97,83,0,NA,0,0,0,0,0,0,0
1506906,1,"Liga Nacional","Liga Endesa",-402534000,NA,"https://www.acb.com/Documentos/Cabeceras/logo-competicion-1b.png","https://www.acb.com/Documentos/Cabeceras/logo-competicion-4a.png",64,1999,107,NA,NA,1676,10424,NA,NA,FALSE,1238,1237,1465,"Casademont Girona","Casademont Gir.","GIR",1238,622,"Pinturas Bruger Badalona","Pinturas Bruger","JOV",1,83,12000,5,11,45.45,24,45,53.33,20,25,80,15,6,21,10,9,10,0,2,1,1,21,20,81,0,0,1,0,0,83,97,0,NA,0,0,0,0,0,0,0
1506881,1,"Liga Nacional","Liga Endesa",-402534000,NA,"https://www.acb.com/Documentos/Cabeceras/logo-competicion-1b.png","https://www.acb.com/Documentos/Cabeceras/logo-competicion-4a.png",64,1999,107,NA,NA,1676,10423,NA,NA,TRUE,1242,1242,954,"Pamesa Valencia","Pamesa Valencia","PAM",1244,1125,"Caja San Fernando","C. San Fernando","CSF",1,59,12000,4,16,25,19,45,42.22,9,15,60,17,19,36,13,7,9,0,2,0,0,16,16,64,0,0,1,0,0,59,65,0,NA,0,0,0,0,0,0,0
1506882,1,"Liga Nacional","Liga Endesa",-402534000,NA,"https://www.acb.com/Documentos/Cabeceras/logo-competicion-1b.png","https://www.acb.com/Documentos/Cabeceras/logo-competicion-4a.png",64,1999,107,NA,NA,1676,10423,NA,NA,FALSE,1244,1242,954,"Pamesa Valencia","Pamesa Valencia","PAM",1244,1125,"Caja San Fernando","C. San Fernando","CSF",1,65,12000,5,12,41.67,21,44,47.73,8,11,72.73,23,12,35,11,6,8,0,0,2,1,16,16,74,0,0,0,1,0,65,59,0,NA,0,0,0,0,0,0,0
1506743,1,"Liga Nacional","Liga Endesa",-402534000,NA,"https://www.acb.com/Documentos/Cabeceras/logo-competicion-1b.png","https://www.acb.com/Documentos/Cabeceras/logo-competicion-4a.png",64,1999,107,NA,NA,1676,10417,NA,NA,TRUE,1234,1234,457,"Adecco Estudiantes","Adecco Estu","EST",1232,1371,"Cáceres CB","Cáceres CB","CAC",1,87,12000,7,15,46,26,35,74,14,25,56,17,6,23,21,10,12,0,6,0,1,19,21,109,0,0,0,11,0,957,80,0,0,0,0,0,0,0,0,0
1506744,1,"Liga Nacional","Liga Endesa",-402534000,NA,"https://www.acb.com/Documentos/Cabeceras/logo-competicion-1b.png","https://www.acb.com/Documentos/Cabeceras/logo-competicion-4a.png",64,1999,107,NA,NA,1676,10417,NA,NA,FALSE,1232,1234,457,"Adecco Estudiantes","Adecco Estu","EST",1232,1371,"Cáceres CB","Cáceres CB","CAC",1,80,12000,9,18,50,18,32,56.25,17,23,73.91,16,7,23,13,8,13,0,0,6,0,21,19,74,0,0,1,0,0,80,87,0,NA,0,0,0,0,0,0,0
1506816,1,"Liga Nacional","Liga Endesa",-402534000,NA,"https://www.acb.com/Documentos/Cabeceras/logo-competicion-1b.png","https://www.acb.com/Documentos/Cabeceras/logo-competicion-4a.png",64,1999,107,NA,NA,1676,10420,NA,NA,FALSE,1233,1236,1445,"Gijón Baloncesto","Gijón Bal.","GIJ",1233,332,"Canarias Telecom","Canarias Tel.","GCA",1,81,12000,4,13,30,24,40,60,21,29,72,22,11,33,13,6,13,0,1,0,3,14,24,98,0,0,0,9,0,729,76,0,0,0,0,0,0,0,0,0
1506815,1,"Liga Nacional","Liga Endesa",-402534000,NA,"https://www.acb.com/Documentos/Cabeceras/logo-competicion-1b.png","https://www.acb.com/Documentos/Cabeceras/logo-competicion-4a.png",64,1999,107,NA,NA,1676,10420,NA,NA,TRUE,1236,1236,1445,"Gijón Baloncesto","Gijón Bal.","GIJ",1233,332,"Canarias Telecom","Canarias Tel.","GCA",1,76,12000,7,25,28,24,38,63.16,7,12,58.33,19,10,29,16,8,10,0,0,1,4,24,14,71,0,0,1,0,0,76,81,0,NA,0,0,0,0,0,0,0
1506794,1,"Liga Nacional","Liga Endesa",-402534000,NA,"https://www.acb.com/Documentos/Cabeceras/logo-competicion-1b.png","https://www.acb.com/Documentos/Cabeceras/logo-competicion-4a.png",64,1999,107,NA,NA,1676,10419,NA,NA,FALSE,1246,1245,1803,"Cantabria Lobos","Cantabria Lobos","CAN",1246,1848,"Fórum Valladolid","Fórum Vall.","FOR",1,76,12000,6,7,85,22,40,55,14,18,77,25,3,28,2,8,11,0,3,1,1,25,19,76,0,0,0,12,0,912,56,0,0,0,0,0,0,0,0,0
1506793,1,"Liga Nacional","Liga Endesa",-402534000,NA,"https://www.acb.com/Documentos/Cabeceras/logo-competicion-1b.png","https://www.acb.com/Documentos/Cabeceras/logo-competicion-4a.png",64,1999,107,NA,NA,1676,10419,NA,NA,TRUE,1245,1245,1803,"Cantabria Lobos","Cantabria Lobos","CAN",1246,1848,"Fórum Valladolid","Fórum Vall.","FOR",1,56,12000,4,16,25,11,28,39.29,22,29,75.86,18,7,25,9,9,14,0,1,3,2,19,25,53,0,0,1,0,0,56,76,0,NA,0,0,0,0,0,0,0
1507066,1,"Liga Nacional","Liga Endesa",-402534000,NA,"https://www.acb.com/Documentos/Cabeceras/logo-competicion-1b.png","https://www.acb.com/Documentos/Cabeceras/logo-competicion-4a.png",64,1999,107,NA,NA,1677,10431,NA,NA,TRUE,1233,1233,332,"Canarias Telecom","Canarias Tel.","GCA",1239,1607,"León Caja España","León C. España","LEO",1,86,12000,3,8,37,27,39,69,23,31,74,23,7,30,10,7,12,0,6,3,2,18,24,105,0,0,0,11,0,946,69,0,0,0,0,0,0,0,0,0
1507067,1,"Liga Nacional","Liga Endesa",-402534000,NA,"https://www.acb.com/Documentos/Cabeceras/logo-competicion-1b.png","https://www.acb.com/Documentos/Cabeceras/logo-competicion-4a.png",64,1999,107,NA,NA,1677,10431,NA,NA,FALSE,1239,1233,332,"Canarias Telecom","Canarias Tel.","GCA",1239,1607,"León Caja España","León C. España","LEO",1,69,12000,3,15,20,26,48,54.17,8,14,57.14,15,11,26,6,10,6,0,3,6,3,24,18,56,0,0,1,0,0,69,86,0,NA,0,0,0,0,0,0,0
1507115,1,"Liga Nacional","Liga Endesa",-402534000,NA,"https://www.acb.com/Documentos/Cabeceras/logo-competicion-1b.png","https://www.acb.com/Documentos/Cabeceras/logo-competicion-4a.png",64,1999,107,NA,NA,1677,10433,NA,NA,FALSE,1245,1241,865,"TDK Manresa","TDK Manresa","MAN",1245,1803,"Cantabria Lobos","Cantabria Lobos","CAN",1,68,12000,5,16,31.25,18,34,52.94,17,24,70.83,27,5,32,5,9,12,0,6,3,0,17,23,77,0,0,0,1,0,68,64,0,NA,0,0,0,0,0,0,0
1507114,1,"Liga Nacional","Liga Endesa",-402534000,NA,"https://www.acb.com/Documentos/Cabeceras/logo-competicion-1b.png","https://www.acb.com/Documentos/Cabeceras/logo-competicion-4a.png",64,1999,107,NA,NA,1677,10433,NA,NA,TRUE,1241,1241,865,"TDK Manresa","TDK Manresa","MAN",1245,1803,"Cantabria Lobos","Cantabria Lobos","CAN",1,64,12000,8,24,33,15,42,35,10,14,71,24,19,43,8,8,12,0,3,6,0,23,17,55,0,0,10,0,0,640,68,0,0,0,0,0,0,0,0,0
1506974,1,"Liga Nacional","Liga Endesa",-402534000,NA,"https://www.acb.com/Documentos/Cabeceras/logo-competicion-1b.png","https://www.acb.com/Documentos/Cabeceras/logo-competicion-4a.png",64,1999,107,NA,NA,1677,10427,NA,NA,FALSE,1240,1238,622,"Pinturas Bruger Badalona","Pinturas Bruger","JOV",1240,755,"Real Madrid","Real Madrid","RMB",1,73,12000,6,18,33,20,40,50,15,21,71,19,10,29,12,9,11,0,0,1,0,26,23,70,0,0,10,0,0,730,77,0,0,0,0,0,0,0,0,0
1506973,1,"Liga Nacional","Liga Endesa",-402534000,NA,"https://www.acb.com/Documentos/Cabeceras/logo-competicion-1b.png","https://www.acb.com/Documentos/Cabeceras/logo-competicion-4a.png",64,1999,107,NA,NA,1677,10427,NA,NA,TRUE,1238,1238,622,"Pinturas Bruger Badalona","Pinturas Bruger","JOV",1240,755,"Real Madrid","Real Madrid","RMB",1,77,12000,6,11,54.55,19,35,54.29,21,27,77.78,25,4,29,15,9,15,0,1,0,1,23,26,92,0,0,0,1,0,77,73,0,NA,0,0,0,0,0,0,0
1507042,1,"Liga Nacional","Liga Endesa",-402534000,NA,"https://www.acb.com/Documentos/Cabeceras/logo-competicion-1b.png","https://www.acb.com/Documentos/Cabeceras/logo-competicion-4a.png",64,1999,107,NA,NA,1677,10430,NA,NA,TRUE,1229,1229,97,"FC Barcelona","FC Barcelona","FCB",1243,1049,"Unicaja","Unicaja","UNI",1,76,12000,7,19,36.84,17,39,43.59,21,30,70,28,13,41,13,10,8,0,4,5,4,20,26,94,0,0,0,1,0,76,69,0,NA,0,0,0,0,0,0,0
1507043,1,"Liga Nacional","Liga Endesa",-402534000,NA,"https://www.acb.com/Documentos/Cabeceras/logo-competicion-1b.png","https://www.acb.com/Documentos/Cabeceras/logo-competicion-4a.png",64,1999,107,NA,NA,1677,10430,NA,NA,FALSE,1243,1229,97,"FC Barcelona","FC Barcelona","FCB",1243,1049,"Unicaja","Unicaja","UNI",1,69,12000,4,16,25,19,39,48.72,19,22,86.36,27,7,34,10,8,9,0,5,4,1,26,20,72,0,0,1,0,0,69,76,0,NA,0,0,0,0,0,0,0
1507138,1,"Liga Nacional","Liga Endesa",-402534000,NA,"https://www.acb.com/Documentos/Cabeceras/logo-competicion-1b.png","https://www.acb.com/Documentos/Cabeceras/logo-competicion-4a.png",64,1999,107,NA,NA,1677,10434,NA,NA,TRUE,1234,1234,457,"Adecco Estudiantes","Adecco Estu","EST",1231,1353,"Breogán Universidade","Breogán Uni.","BRE",1,64,12000,4,11,36,22,47,46,8,15,53,14,12,26,9,11,10,0,1,2,2,19,20,61,0,0,0,10,0,640,61,0,0,0,0,0,0,0,0,0
1507139,1,"Liga Nacional","Liga Endesa",-402534000,NA,"https://www.acb.com/Documentos/Cabeceras/logo-competicion-1b.png","https://www.acb.com/Documentos/Cabeceras/logo-competicion-4a.png",64,1999,107,NA,NA,1677,10434,NA,NA,FALSE,1231,1234,457,"Adecco Estudiantes","Adecco Estu","EST",1231,1353,"Breogán Universidade","Breogán Uni.","BRE",1,61,12000,8,19,42,13,33,39,11,14,78,21,13,34,9,6,13,0,2,1,3,20,19,63,0,0,10,0,0,610,64,0,0,0,0,0,0,0,0,0
1507091,1,"Liga Nacional","Liga Endesa",-402534000,NA,"https://www.acb.com/Documentos/Cabeceras/logo-competicion-1b.png","https://www.acb.com/Documentos/Cabeceras/logo-competicion-4a.png",64,1999,107,NA,NA,1677,10432,NA,NA,TRUE,1246,1246,1848,"Fórum Valladolid","Fórum Vall.","FOR",1236,1445,"Gijón Baloncesto","Gijón Bal.","GIJ",1,55,12000,4,16,25,16,35,45,11,12,91,20,9,29,9,6,15,0,1,3,0,20,15,45,0,0,11,0,0,605,63,0,0,0,0,0,0,0,0,0
1507092,1,"Liga Nacional","Liga Endesa",-402534000,NA,"https://www.acb.com/Documentos/Cabeceras/logo-competicion-1b.png","https://www.acb.com/Documentos/Cabeceras/logo-competicion-4a.png",64,1999,107,NA,NA,1677,10432,NA,NA,FALSE,1236,1246,1848,"Fórum Valladolid","Fórum Vall.","FOR",1236,1445,"Gijón Baloncesto","Gijón Bal.","GIJ",1,63,12000,6,17,35.29,18,34,52.94,9,14,64.29,20,8,28,10,8,12,0,3,1,2,15,20,72,0,0,0,1,0,63,55,0,NA,0,0,0,0,0,0,0
1507018,1,"Liga Nacional","Liga Endesa",-402534000,NA,"https://www.acb.com/Documentos/Cabeceras/logo-competicion-1b.png","https://www.acb.com/Documentos/Cabeceras/logo-competicion-4a.png",64,1999,107,NA,NA,1677,10429,NA,NA,TRUE,1230,1230,211,"TAU Cerámica","TAU Cerámica","TAU",1242,954,"Pamesa Valencia","Pamesa Valencia","PAM",1,92,12000,7,12,58,24,38,63,23,27,85,17,4,21,15,13,14,0,4,0,3,26,22,104,0,0,0,11,0,920,86,0,0,0,0,0,0,0,0,0
1507019,1,"Liga Nacional","Liga Endesa",-402534000,NA,"https://www.acb.com/Documentos/Cabeceras/logo-competicion-1b.png","https://www.acb.com/Documentos/Cabeceras/logo-competicion-4a.png",64,1999,107,NA,NA,1677,10429,NA,NA,FALSE,1242,1230,211,"TAU Cerámica","TAU Cerámica","TAU",1242,954,"Pamesa Valencia","Pamesa Valencia","PAM",1,86,12000,7,15,46.67,17,32,53.12,31,36,86.11,18,8,26,6,8,17,0,0,4,1,22,26,81,0,0,1,0,0,86,92,0,NA,0,0,0,0,0,0,0
1506995,1,"Liga Nacional","Liga Endesa",-402534000,NA,"https://www.acb.com/Documentos/Cabeceras/logo-competicion-1b.png","https://www.acb.com/Documentos/Cabeceras/logo-competicion-4a.png",64,1999,107,NA,NA,1677,10428,NA,NA,TRUE,1244,1244,1125,"Caja San Fernando","C. San Fernando","CSF",1237,1465,"Casademont Girona","Casademont Gir.","GIR",1,75,12000,11,19,57.89,14,27,51.85,14,18,77.78,16,7,23,13,10,13,0,2,0,0,21,19,83,0,0,0,1,0,75,70,0,NA,0,0,0,0,0,0,0
1506996,1,"Liga Nacional","Liga Endesa",-402534000,NA,"https://www.acb.com/Documentos/Cabeceras/logo-competicion-1b.png","https://www.acb.com/Documentos/Cabeceras/logo-competicion-4a.png",64,1999,107,NA,NA,1677,10428,NA,NA,FALSE,1237,1244,1125,"Caja San Fernando","C. San Fernando","CSF",1237,1465,"Casademont Girona","Casademont Gir.","GIR",1,70,12000,3,12,25,22,37,59.46,17,22,77.27,16,9,25,6,7,11,0,0,2,3,19,21,68,0,0,1,0,0,70,75,0,NA,0,0,0,0,0,0,0
1506952,1,"Liga Nacional","Liga Endesa",-402534000,NA,"https://www.acb.com/Documentos/Cabeceras/logo-competicion-1b.png","https://www.acb.com/Documentos/Cabeceras/logo-competicion-4a.png",64,1999,107,NA,NA,1677,10426,NA,NA,FALSE,1235,1232,1371,"Cáceres CB","Cáceres CB","CAC",1235,1196,"Jabones Pardo Fuenlabrada","Jabones Pardo","FUE",1,73,12000,6,15,40,23,35,65,9,17,52,22,6,28,8,6,16,0,6,4,3,15,21,78,0,0,0,8,0,584,61,0,0,0,0,0,0,0,0,0
1506951,1,"Liga Nacional","Liga Endesa",-402534000,NA,"https://www.acb.com/Documentos/Cabeceras/logo-competicion-1b.png","https://www.acb.com/Documentos/Cabeceras/logo-competicion-4a.png",64,1999,107,NA,NA,1677,10426,NA,NA,TRUE,1232,1232,1371,"Cáceres CB","Cáceres CB","CAC",1235,1196,"Jabones Pardo Fuenlabrada","Jabones Pardo","FUE",1,61,12000,6,19,31,19,38,50,5,8,62,17,10,27,10,10,15,0,4,6,4,21,15,50,0,0,10,0,0,610,73,0,0,0,0,0,0,0,0,0
1507181,1,"Liga Nacional","Liga Endesa",-402534000,NA,"https://www.acb.com/Documentos/Cabeceras/logo-competicion-1b.png","https://www.acb.com/Documentos/Cabeceras/logo-competicion-4a.png",64,1999,107,NA,NA,1678,10436,NA,NA,TRUE,1237,1237,1465,"Casademont Girona","Casademont Gir.","GIR",1243,1049,"Unicaja","Unicaja","UNI",1,70,12000,4,14,28.57,21,35,60,16,23,69.57,16,11,27,11,11,15,0,1,2,6,21,23,74,0,0,0,1,0,70,68,0,NA,0,0,0,0,0,0,0
1507182,1,"Liga Nacional","Liga Endesa",-402534000,NA,"https://www.acb.com/Documentos/Cabeceras/logo-competicion-1b.png","https://www.acb.com/Documentos/Cabeceras/logo-competicion-4a.png",64,1999,107,NA,NA,1678,10436,NA,NA,FALSE,1243,1237,1465,"Casademont Girona","Casademont Gir.","GIR",1243,1049,"Unicaja","Unicaja","UNI",1,68,12000,4,12,33.33,16,36,44.44,24,26,92.31,17,12,29,6,10,17,0,2,1,1,23,21,65,0,0,1,0,0,68,70,0,NA,0,0,0,0,0,0,0
1507231,1,"Liga Nacional","Liga Endesa",-402534000,NA,"https://www.acb.com/Documentos/Cabeceras/logo-competicion-1b.png","https://www.acb.com/Documentos/Cabeceras/logo-competicion-4a.png",64,1999,107,NA,NA,1678,10438,NA,NA,TRUE,1235,1235,1196,"Jabones Pardo Fuenlabrada","Jabones Pardo","FUE",1236,1445,"Gijón Baloncesto","Gijón Bal.","GIJ",1,71,12000,6,14,42,20,42,47,13,23,56,27,15,42,9,8,17,0,3,5,1,18,18,71,0,0,0,10,0,710,57,0,0,0,0,0,0,0,0,0
1507232,1,"Liga Nacional","Liga Endesa",-402534000,NA,"https://www.acb.com/Documentos/Cabeceras/logo-competicion-1b.png","https://www.acb.com/Documentos/Cabeceras/logo-competicion-4a.png",64,1999,107,NA,NA,1678,10438,NA,NA,FALSE,1236,1235,1196,"Jabones Pardo Fuenlabrada","Jabones Pardo","FUE",1236,1445,"Gijón Baloncesto","Gijón Bal.","GIJ",1,57,12000,1,14,7.14,21,47,44.68,12,17,70.59,19,13,32,4,10,11,0,5,3,1,18,18,50,0,0,1,0,0,57,71,0,NA,0,0,0,0,0,0,0
1507254,1,"Liga Nacional","Liga Endesa",-402534000,NA,"https://www.acb.com/Documentos/Cabeceras/logo-competicion-1b.png","https://www.acb.com/Documentos/Cabeceras/logo-competicion-4a.png",64,1999,107,NA,NA,1678,10439,NA,NA,TRUE,1238,1238,622,"Pinturas Bruger Badalona","Pinturas Bruger","JOV",1245,1803,"Cantabria Lobos","Cantabria Lobos","CAN",1,95,12000,11,19,57.89,21,46,45.65,20,22,90.91,21,12,33,20,6,1,0,2,3,1,20,22,119,0,0,0,1,0,95,74,0,NA,0,0,0,0,0,0,0
1507255,1,"Liga Nacional","Liga Endesa",-402534000,NA,"https://www.acb.com/Documentos/Cabeceras/logo-competicion-1b.png","https://www.acb.com/Documentos/Cabeceras/logo-competicion-4a.png",64,1999,107,NA,NA,1678,10439,NA,NA,FALSE,1245,1238,622,"Pinturas Bruger Badalona","Pinturas Bruger","JOV",1245,1803,"Cantabria Lobos","Cantabria Lobos","CAN",1,74,12000,4,10,40,23,40,57.5,16,25,64,20,7,27,4,1,7,0,3,2,1,22,20,66,0,0,1,0,0,74,95,0,NA,0,0,0,0,0,0,0
1507159,1,"Liga Nacional","Liga Endesa",-402534000,NA,"https://www.acb.com/Documentos/Cabeceras/logo-competicion-1b.png","https://www.acb.com/Documentos/Cabeceras/logo-competicion-4a.png",64,1999,107,NA,NA,1678,10435,NA,NA,FALSE,1232,1242,954,"Pamesa Valencia","Pamesa Valencia","PAM",1232,1371,"Cáceres CB","Cáceres CB","CAC",1,81,12000,5,9,55.56,24,41,58.54,18,22,81.82,21,5,26,20,5,15,0,6,2,1,25,20,91,0,0,0,1,0,81,79,0,NA,0,0,0,0,0,0,0
1507158,1,"Liga Nacional","Liga Endesa",-402534000,NA,"https://www.acb.com/Documentos/Cabeceras/logo-competicion-1b.png","https://www.acb.com/Documentos/Cabeceras/logo-competicion-4a.png",64,1999,107,NA,NA,1678,10435,NA,NA,TRUE,1242,1242,954,"Pamesa Valencia","Pamesa Valencia","PAM",1232,1371,"Cáceres CB","Cáceres CB","CAC",1,79,12000,4,13,30.77,21,44,47.73,25,30,83.33,16,13,29,16,6,9,0,2,6,2,20,25,85,0,0,1,0,0,79,81,0,NA,0,0,0,0,0,0,0
1507208,1,"Liga Nacional","Liga Endesa",-402534000,NA,"https://www.acb.com/Documentos/Cabeceras/logo-competicion-1b.png","https://www.acb.com/Documentos/Cabeceras/logo-competicion-4a.png",64,1999,107,NA,NA,1678,10437,NA,NA,TRUE,1240,1240,755,"Real Madrid","Real Madrid","RMB",1239,1607,"León Caja España","León C. España","LEO",1,95,12000,9,12,75,20,35,57,28,34,82,24,5,29,18,15,14,0,5,4,5,20,23,123,0,0,0,11,0,1045,65,0,0,0,0,0,0,0,0,0
1507209,1,"Liga Nacional","Liga Endesa",-402534000,NA,"https://www.acb.com/Documentos/Cabeceras/logo-competicion-1b.png","https://www.acb.com/Documentos/Cabeceras/logo-competicion-4a.png",64,1999,107,NA,NA,1678,10437,NA,NA,FALSE,1239,1240,755,"Real Madrid","Real Madrid","RMB",1239,1607,"León Caja España","León C. España","LEO",1,65,12000,4,12,33,19,48,39,15,19,78,16,15,31,5,10,22,0,4,5,0,23,20,44,0,0,11,0,0,715,95,0,0,0,0,0,0,0,0,0
1507325,1,"Liga Nacional","Liga Endesa",-402534000,NA,"https://www.acb.com/Documentos/Cabeceras/logo-competicion-1b.png","https://www.acb.com/Documentos/Cabeceras/logo-competicion-4a.png",64,1999,107,NA,NA,1678,10442,NA,NA,FALSE,1241,1229,97,"FC Barcelona","FC Barcelona","FCB",1241,865,"TDK Manresa","TDK Manresa","MAN",1,52,12000,2,10,20,16,37,43,14,17,82,20,10,30,8,7,20,0,3,2,2,19,17,44,0,0,10,0,0,520,74,0,0,0,0,0,0,0,0,0
1507324,1,"Liga Nacional","Liga Endesa",-402534000,NA,"https://www.acb.com/Documentos/Cabeceras/logo-competicion-1b.png","https://www.acb.com/Documentos/Cabeceras/logo-competicion-4a.png",64,1999,107,NA,NA,1678,10442,NA,NA,TRUE,1229,1229,97,"FC Barcelona","FC Barcelona","FCB",1241,865,"TDK Manresa","TDK Manresa","MAN",1,74,12000,5,22,22.73,24,35,68.57,11,16,68.75,19,9,28,11,13,11,0,2,3,5,17,19,83,0,0,0,1,0,74,52,0,NA,0,0,0,0,0,0,0
1507301,1,"Liga Nacional","Liga Endesa",-402534000,NA,"https://www.acb.com/Documentos/Cabeceras/logo-competicion-1b.png","https://www.acb.com/Documentos/Cabeceras/logo-competicion-4a.png",64,1999,107,NA,NA,1678,10441,NA,NA,FALSE,1234,1230,211,"TAU Cerámica","TAU Cerámica","TAU",1234,457,"Adecco Estudiantes","Adecco Estu","EST",1,63,12000,4,15,26,21,44,47,9,15,60,22,10,32,13,6,7,0,1,8,1,21,16,55,0,0,9,0,0,567,72,0,0,0,0,0,0,0,0,0
1507300,1,"Liga Nacional","Liga Endesa",-402534000,NA,"https://www.acb.com/Documentos/Cabeceras/logo-competicion-1b.png","https://www.acb.com/Documentos/Cabeceras/logo-competicion-4a.png",64,1999,107,NA,NA,1678,10441,NA,NA,TRUE,1230,1230,211,"TAU Cerámica","TAU Cerámica","TAU",1234,457,"Adecco Estudiantes","Adecco Estu","EST",1,72,12000,3,15,20,26,41,63,11,21,52,24,10,34,14,5,9,0,8,1,6,16,21,91,0,0,0,10,0,648,63,0,0,0,0,0,0,0,0,0
1507279,1,"Liga Nacional","Liga Endesa",-402534000,NA,"https://www.acb.com/Documentos/Cabeceras/logo-competicion-1b.png","https://www.acb.com/Documentos/Cabeceras/logo-competicion-4a.png",64,1999,107,NA,NA,1678,10440,NA,NA,FALSE,1231,1244,1125,"Caja San Fernando","C. San Fernando","CSF",1231,1353,"Breogán Universidade","Breogán Uni.","BRE",1,77,12000,3,6,50,22,44,50,24,29,82,19,12,31,11,11,13,0,0,5,2,13,23,92,0,0,0,9,0,693,69,0,0,0,0,0,0,0,0,0
1507278,1,"Liga Nacional","Liga Endesa",-402534000,NA,"https://www.acb.com/Documentos/Cabeceras/logo-competicion-1b.png","https://www.acb.com/Documentos/Cabeceras/logo-competicion-4a.png",64,1999,107,NA,NA,1678,10440,NA,NA,TRUE,1244,1244,1125,"Caja San Fernando","C. San Fernando","CSF",1231,1353,"Breogán Universidade","Breogán Uni.","BRE",1,69,12000,13,25,52,10,25,40,10,10,100,14,7,21,17,9,17,0,5,0,2,23,13,67,0,0,1,0,0,69,77,0,NA,0,0,0,0,0,0,0
1507351,1,"Liga Nacional","Liga Endesa",-402534000,NA,"https://www.acb.com/Documentos/Cabeceras/logo-competicion-1b.png","https://www.acb.com/Documentos/Cabeceras/logo-competicion-4a.png",64,1999,107,NA,NA,1678,10443,NA,NA,FALSE,1246,1233,332,"Canarias Telecom","Canarias Tel.","GCA",1246,1848,"Fórum Valladolid","Fórum Vall.","FOR",1,51,12000,7,19,36,13,39,33,4,6,66,21,12,33,11,5,11,0,0,5,0,18,13,39,0,0,11,0,0,561,70,0,0,0,0,0,0,0,0,0
1507350,1,"Liga Nacional","Liga Endesa",-402534000,NA,"https://www.acb.com/Documentos/Cabeceras/logo-competicion-1b.png","https://www.acb.com/Documentos/Cabeceras/logo-competicion-4a.png",64,1999,107,NA,NA,1678,10443,NA,NA,TRUE,1233,1233,332,"Canarias Telecom","Canarias Tel.","GCA",1246,1848,"Fórum Valladolid","Fórum Vall.","FOR",1,70,12000,6,13,46,22,47,46,8,15,53,25,10,35,19,9,7,0,5,0,2,13,18,97,0,0,0,11,0,770,51,0,0,0,0,0,0,0,0,0
1507444,1,"Liga Nacional","Liga Endesa",-402534000,NA,"https://www.acb.com/Documentos/Cabeceras/logo-competicion-1b.png","https://www.acb.com/Documentos/Cabeceras/logo-competicion-4a.png",64,1999,107,NA,NA,1679,10447,NA,NA,TRUE,1234,1234,457,"Adecco Estudiantes","Adecco Estu","EST",1244,1125,"Caja San Fernando","C. San Fernando","CSF",1,71,12000,7,11,63,19,41,46,12,18,66,26,11,37,13,9,14,0,3,3,1,15,19,88,0,0,0,9,0,639,55,0,0,0,0,0,0,0,0,0
1507445,1,"Liga Nacional","Liga Endesa",-402534000,NA,"https://www.acb.com/Documentos/Cabeceras/logo-competicion-1b.png","https://www.acb.com/Documentos/Cabeceras/logo-competicion-4a.png",64,1999,107,NA,NA,1679,10447,NA,NA,FALSE,1244,1234,457,"Adecco Estudiantes","Adecco Estu","EST",1244,1125,"Caja San Fernando","C. San Fernando","CSF",1,55,12000,7,18,38.89,10,33,30.3,14,17,82.35,19,8,27,7,9,11,0,3,3,0,19,15,46,0,0,1,0,0,55,71,0,NA,0,0,0,0,0,0,0
1507373,1,"Liga Nacional","Liga Endesa",-402534000,NA,"https://www.acb.com/Documentos/Cabeceras/logo-competicion-1b.png","https://www.acb.com/Documentos/Cabeceras/logo-competicion-4a.png",64,1999,107,NA,NA,1679,10444,NA,NA,FALSE,1233,1232,1371,"Cáceres CB","Cáceres CB","CAC",1233,332,"Canarias Telecom","Canarias Tel.","GCA",1,52,12000,7,18,38,14,34,41,3,6,50,19,7,26,12,6,15,0,2,2,1,15,12,44,0,0,10,0,0,520,65,0,0,0,0,0,0,0,0,0
1507372,1,"Liga Nacional","Liga Endesa",-402534000,NA,"https://www.acb.com/Documentos/Cabeceras/logo-competicion-1b.png","https://www.acb.com/Documentos/Cabeceras/logo-competicion-4a.png",64,1999,107,NA,NA,1679,10444,NA,NA,TRUE,1232,1232,1371,"Cáceres CB","Cáceres CB","CAC",1233,332,"Canarias Telecom","Canarias Tel.","GCA",1,65,12000,5,18,27.78,22,37,59.46,6,8,75,26,9,35,14,9,14,0,2,2,0,12,15,82,0,0,0,1,0,65,52,0,NA,0,0,0,0,0,0,0
1507422,1,"Liga Nacional","Liga Endesa",-402534000,NA,"https://www.acb.com/Documentos/Cabeceras/logo-competicion-1b.png","https://www.acb.com/Documentos/Cabeceras/logo-competicion-4a.png",64,1999,107,NA,NA,1679,10446,NA,NA,TRUE,1241,1241,865,"TDK Manresa","TDK Manresa","MAN",1230,211,"TAU Cerámica","TAU Cerámica","TAU",1,64,12000,4,12,33,17,34,50,18,23,78,24,8,32,10,4,16,0,4,0,5,22,21,67,0,0,10,0,0,640,66,0,0,0,0,0,0,0,0,0
1507423,1,"Liga Nacional","Liga Endesa",-402534000,NA,"https://www.acb.com/Documentos/Cabeceras/logo-competicion-1b.png","https://www.acb.com/Documentos/Cabeceras/logo-competicion-4a.png",64,1999,107,NA,NA,1679,10446,NA,NA,FALSE,1230,1241,865,"TDK Manresa","TDK Manresa","MAN",1230,211,"TAU Cerámica","TAU Cerámica","TAU",1,66,12000,5,17,29.41,19,42,45.24,13,22,59.09,19,13,32,13,9,10,0,0,4,1,21,22,63,0,0,0,1,0,66,64,0,NA,0,0,0,0,0,0,0
1507467,1,"Liga Nacional","Liga Endesa",-402534000,NA,"https://www.acb.com/Documentos/Cabeceras/logo-competicion-1b.png","https://www.acb.com/Documentos/Cabeceras/logo-competicion-4a.png",64,1999,107,NA,NA,1679,10448,NA,NA,TRUE,1231,1231,1353,"Breogán Universidade","Breogán Uni.","BRE",1238,622,"Pinturas Bruger Badalona","Pinturas Bruger","JOV",1,84,12000,7,17,41,23,45,51,17,23,73,18,17,35,15,14,17,0,2,1,4,28,22,88,0,0,0,10,0,840,75,0,0,0,0,0,0,0,0,0
1507468,1,"Liga Nacional","Liga Endesa",-402534000,NA,"https://www.acb.com/Documentos/Cabeceras/logo-competicion-1b.png","https://www.acb.com/Documentos/Cabeceras/logo-competicion-4a.png",64,1999,107,NA,NA,1679,10448,NA,NA,FALSE,1238,1231,1353,"Breogán Universidade","Breogán Uni.","BRE",1238,622,"Pinturas Bruger Badalona","Pinturas Bruger","JOV",1,75,12000,6,14,42.86,19,33,57.58,19,32,59.38,14,6,20,13,15,14,0,1,2,2,22,28,79,0,0,1,0,0,75,84,0,NA,0,0,0,0,0,0,0
1507489,1,"Liga Nacional","Liga Endesa",-402534000,NA,"https://www.acb.com/Documentos/Cabeceras/logo-competicion-1b.png","https://www.acb.com/Documentos/Cabeceras/logo-competicion-4a.png",64,1999,107,NA,NA,1679,10449,NA,NA,FALSE,1235,1245,1803,"Cantabria Lobos","Cantabria Lobos","CAN",1235,1196,"Jabones Pardo Fuenlabrada","Jabones Pardo","FUE",1,55,12000,4,13,30,15,37,40,13,24,54,20,13,33,6,7,15,0,4,3,0,22,19,42,0,0,9,0,0,495,63,0,0,0,0,0,0,0,0,0
1507488,1,"Liga Nacional","Liga Endesa",-402534000,NA,"https://www.acb.com/Documentos/Cabeceras/logo-competicion-1b.png","https://www.acb.com/Documentos/Cabeceras/logo-competicion-4a.png",64,1999,107,NA,NA,1679,10449,NA,NA,TRUE,1245,1245,1803,"Cantabria Lobos","Cantabria Lobos","CAN",1235,1196,"Jabones Pardo Fuenlabrada","Jabones Pardo","FUE",1,63,12000,3,8,37.5,21,43,48.84,12,24,50,22,13,35,6,10,12,0,3,4,0,19,22,65,0,0,0,1,0,63,55,0,NA,0,0,0,0,0,0,0
1507399,1,"Liga Nacional","Liga Endesa",-402534000,NA,"https://www.acb.com/Documentos/Cabeceras/logo-competicion-1b.png","https://www.acb.com/Documentos/Cabeceras/logo-competicion-4a.png",64,1999,107,NA,NA,1679,10445,NA,NA,TRUE,1246,1246,1848,"Fórum Valladolid","Fórum Vall.","FOR",1229,97,"FC Barcelona","FC Barcelona","FCB",1,64,12000,7,18,38,17,35,48,9,18,50,19,10,29,13,5,13,0,2,3,0,24,18,53,0,0,11,0,0,704,79,0,0,0,0,0,0,0,0,0
1507400,1,"Liga Nacional","Liga Endesa",-402534000,NA,"https://www.acb.com/Documentos/Cabeceras/logo-competicion-1b.png","https://www.acb.com/Documentos/Cabeceras/logo-competicion-4a.png",64,1999,107,NA,NA,1679,10445,NA,NA,FALSE,1229,1246,1848,"Fórum Valladolid","Fórum Vall.","FOR",1229,97,"FC Barcelona","FC Barcelona","FCB",1,79,12000,5,21,23.81,22,36,61.11,20,26,76.92,23,14,37,8,10,11,0,3,2,5,18,24,94,0,0,0,1,0,79,64,0,NA,0,0,0,0,0,0,0
1507513,1,"Liga Nacional","Liga Endesa",-402534000,NA,"https://www.acb.com/Documentos/Cabeceras/logo-competicion-1b.png","https://www.acb.com/Documentos/Cabeceras/logo-competicion-4a.png",64,1999,107,NA,NA,1679,10450,NA,NA,FALSE,1240,1236,1445,"Gijón Baloncesto","Gijón Bal.","GIJ",1240,755,"Real Madrid","Real Madrid","RMB",1,88,12000,7,11,63,18,37,48,31,36,86,30,8,38,12,9,17,0,7,2,1,15,26,118,0,0,0,11,0,968,81,0,0,0,0,0,0,0,0,0
1507512,1,"Liga Nacional","Liga Endesa",-402534000,NA,"https://www.acb.com/Documentos/Cabeceras/logo-competicion-1b.png","https://www.acb.com/Documentos/Cabeceras/logo-competicion-4a.png",64,1999,107,NA,NA,1679,10450,NA,NA,TRUE,1236,1236,1445,"Gijón Baloncesto","Gijón Bal.","GIJ",1240,755,"Real Madrid","Real Madrid","RMB",1,81,12000,10,28,35.71,21,45,46.67,9,14,64.29,16,16,32,11,9,14,0,2,7,5,26,15,56,0,0,1,0,0,81,88,0,NA,0,0,0,0,0,0,0
1507555,1,"Liga Nacional","Liga Endesa",-402534000,NA,"https://www.acb.com/Documentos/Cabeceras/logo-competicion-1b.png","https://www.acb.com/Documentos/Cabeceras/logo-competicion-4a.png",64,1999,107,NA,NA,1679,10452,NA,NA,TRUE,1243,1243,1049,"Unicaja","Unicaja","UNI",1242,954,"Pamesa Valencia","Pamesa Valencia","PAM",1,55,12000,2,16,12.5,22,45,48.89,5,9,55.56,17,11,28,8,11,8,0,1,3,0,23,14,42,0,0,1,0,0,55,73,0,NA,0,0,0,0,0,0,0
1507556,1,"Liga Nacional","Liga Endesa",-402534000,NA,"https://www.acb.com/Documentos/Cabeceras/logo-competicion-1b.png","https://www.acb.com/Documentos/Cabeceras/logo-competicion-4a.png",64,1999,107,NA,NA,1679,10452,NA,NA,FALSE,1242,1243,1049,"Unicaja","Unicaja","UNI",1242,954,"Pamesa Valencia","Pamesa Valencia","PAM",1,73,12000,0,7,0,30,47,63.83,13,21,61.9,28,11,39,4,7,12,0,3,1,3,14,23,90,0,0,0,1,0,73,55,0,NA,0,0,0,0,0,0,0
1507533,1,"Liga Nacional","Liga Endesa",-402534000,NA,"https://www.acb.com/Documentos/Cabeceras/logo-competicion-1b.png","https://www.acb.com/Documentos/Cabeceras/logo-competicion-4a.png",64,1999,107,NA,NA,1679,10451,NA,NA,TRUE,1239,1239,1607,"León Caja España","León C. España","LEO",1237,1465,"Casademont Girona","Casademont Gir.","GIR",1,73,13500,7,21,33.33,22,42,52.38,8,16,50,17,14,31,10,9,10,0,4,1,2,25,17,66,0,0,0,1,0,73,69,0,NA,0,0,0,0,0,0,0
1507534,1,"Liga Nacional","Liga Endesa",-402534000,NA,"https://www.acb.com/Documentos/Cabeceras/logo-competicion-1b.png","https://www.acb.com/Documentos/Cabeceras/logo-competicion-4a.png",64,1999,107,NA,NA,1679,10451,NA,NA,FALSE,1237,1239,1607,"León Caja España","León C. España","LEO",1237,1465,"Casademont Girona","Casademont Gir.","GIR",1,69,13500,6,24,25,12,23,52.17,27,36,75,24,11,35,14,8,15,0,1,4,2,17,25,78,0,0,1,0,0,69,73,0,NA,0,0,0,0,0,0,0
1507622,1,"Liga Nacional","Liga Endesa",-402534000,NA,"https://www.acb.com/Documentos/Cabeceras/logo-competicion-1b.png","https://www.acb.com/Documentos/Cabeceras/logo-competicion-4a.png",64,1999,107,NA,NA,1680,10455,NA,NA,TRUE,1237,1237,1465,"Casademont Girona","Casademont Gir.","GIR",1236,1445,"Gijón Baloncesto","Gijón Bal.","GIJ",1,71,12000,4,16,25,16,37,43.24,27,38,71.05,25,11,36,5,9,9,0,1,2,0,17,29,79,0,0,0,1,0,71,68,0,NA,0,0,0,0,0,0,0
1507623,1,"Liga Nacional","Liga Endesa",-402534000,NA,"https://www.acb.com/Documentos/Cabeceras/logo-competicion-1b.png","https://www.acb.com/Documentos/Cabeceras/logo-competicion-4a.png",64,1999,107,NA,NA,1680,10455,NA,NA,FALSE,1236,1237,1465,"Casademont Girona","Casademont Gir.","GIR",1236,1445,"Gijón Baloncesto","Gijón Bal.","GIJ",1,68,12000,5,12,41.67,24,44,54.55,5,10,50,27,6,33,11,10,13,0,2,1,3,29,17,66,0,0,1,0,0,68,71,0,NA,0,0,0,0,0,0,0
1507766,1,"Liga Nacional","Liga Endesa",-402534000,NA,"https://www.acb.com/Documentos/Cabeceras/logo-competicion-1b.png","https://www.acb.com/Documentos/Cabeceras/logo-competicion-4a.png",64,1999,107,NA,NA,1680,10461,NA,NA,TRUE,1229,1229,97,"FC Barcelona","FC Barcelona","FCB",1233,332,"Canarias Telecom","Canarias Tel.","GCA",1,81,12000,9,21,42.86,18,29,62.07,18,26,69.23,26,5,31,12,10,6,0,1,0,3,15,20,103,0,0,0,1,0,81,54,0,NA,0,0,0,0,0,0,0
1507767,1,"Liga Nacional","Liga Endesa",-402534000,NA,"https://www.acb.com/Documentos/Cabeceras/logo-competicion-1b.png","https://www.acb.com/Documentos/Cabeceras/logo-competicion-4a.png",64,1999,107,NA,NA,1680,10461,NA,NA,FALSE,1233,1229,97,"FC Barcelona","FC Barcelona","FCB",1233,332,"Canarias Telecom","Canarias Tel.","GCA",1,54,12000,4,14,28.57,18,43,41.86,6,13,46.15,22,9,31,11,5,12,0,0,1,1,20,15,41,0,0,1,0,0,54,81,0,NA,0,0,0,0,0,0,0
1507601,1,"Liga Nacional","Liga Endesa",-402534000,NA,"https://www.acb.com/Documentos/Cabeceras/logo-competicion-1b.png","https://www.acb.com/Documentos/Cabeceras/logo-competicion-4a.png",64,1999,107,NA,NA,1680,10454,NA,NA,TRUE,1242,1242,954,"Pamesa Valencia","Pamesa Valencia","PAM",1239,1607,"León Caja España","León C. España","LEO",1,79,12000,7,17,41.18,14,33,42.42,30,42,71.43,22,11,33,13,11,11,0,6,5,1,12,31,104,0,0,0,1,0,79,67,0,NA,0,0,0,0,0,0,0
1507602,1,"Liga Nacional","Liga Endesa",-402534000,NA,"https://www.acb.com/Documentos/Cabeceras/logo-competicion-1b.png","https://www.acb.com/Documentos/Cabeceras/logo-competicion-4a.png",64,1999,107,NA,NA,1680,10454,NA,NA,FALSE,1239,1242,954,"Pamesa Valencia","Pamesa Valencia","PAM",1239,1607,"León Caja España","León C. España","LEO",1,67,12000,7,14,50,17,45,37.78,12,13,92.31,22,11,33,13,8,14,0,5,6,1,31,12,51,0,0,1,0,0,67,79,0,NA,0,0,0,0,0,0,0
1507647,1,"Liga Nacional","Liga Endesa",-402534000,NA,"https://www.acb.com/Documentos/Cabeceras/logo-competicion-1b.png","https://www.acb.com/Documentos/Cabeceras/logo-competicion-4a.png",64,1999,107,NA,NA,1680,10456,NA,NA,TRUE,1240,1240,755,"Real Madrid","Real Madrid","RMB",1245,1803,"Cantabria Lobos","Cantabria Lobos","CAN",1,69,12000,7,15,46,19,44,43,10,15,66,26,11,37,16,9,12,0,7,3,6,20,16,81,0,0,0,11,0,759,57,0,0,0,0,0,0,0,0,0
1507648,1,"Liga Nacional","Liga Endesa",-402534000,NA,"https://www.acb.com/Documentos/Cabeceras/logo-competicion-1b.png","https://www.acb.com/Documentos/Cabeceras/logo-competicion-4a.png",64,1999,107,NA,NA,1680,10456,NA,NA,FALSE,1245,1240,755,"Real Madrid","Real Madrid","RMB",1245,1803,"Cantabria Lobos","Cantabria Lobos","CAN",1,57,12000,3,12,25,16,46,34.78,16,22,72.73,23,14,37,4,12,14,0,3,7,2,16,20,51,0,0,1,0,0,57,69,0,NA,0,0,0,0,0,0,0
1507719,1,"Liga Nacional","Liga Endesa",-402534000,NA,"https://www.acb.com/Documentos/Cabeceras/logo-competicion-1b.png","https://www.acb.com/Documentos/Cabeceras/logo-competicion-4a.png",64,1999,107,NA,NA,1680,10459,NA,NA,FALSE,1241,1244,1125,"Caja San Fernando","C. San Fernando","CSF",1241,865,"TDK Manresa","TDK Manresa","MAN",1,58,12000,2,13,15,21,33,63,10,17,58,18,6,24,9,7,15,0,3,2,1,16,19,57,0,0,9,0,0,522,59,0,0,0,0,0,0,0,0,0
1507718,1,"Liga Nacional","Liga Endesa",-402534000,NA,"https://www.acb.com/Documentos/Cabeceras/logo-competicion-1b.png","https://www.acb.com/Documentos/Cabeceras/logo-competicion-4a.png",64,1999,107,NA,NA,1680,10459,NA,NA,TRUE,1244,1244,1125,"Caja San Fernando","C. San Fernando","CSF",1241,865,"TDK Manresa","TDK Manresa","MAN",1,59,12000,5,15,33.33,18,42,42.86,8,12,66.67,19,15,34,11,7,14,0,2,3,2,19,16,55,0,0,0,1,0,59,58,0,NA,0,0,0,0,0,0,0
1507743,1,"Liga Nacional","Liga Endesa",-402534000,NA,"https://www.acb.com/Documentos/Cabeceras/logo-competicion-1b.png","https://www.acb.com/Documentos/Cabeceras/logo-competicion-4a.png",64,1999,107,NA,NA,1680,10460,NA,NA,FALSE,1246,1230,211,"TAU Cerámica","TAU Cerámica","TAU",1246,1848,"Fórum Valladolid","Fórum Vall.","FOR",1,74,12000,7,20,35,21,39,53,11,19,57,28,4,32,15,6,12,0,0,2,0,21,20,73,0,0,11,0,0,814,85,0,0,0,0,0,0,0,0,0
1507742,1,"Liga Nacional","Liga Endesa",-402534000,NA,"https://www.acb.com/Documentos/Cabeceras/logo-competicion-1b.png","https://www.acb.com/Documentos/Cabeceras/logo-competicion-4a.png",64,1999,107,NA,NA,1680,10460,NA,NA,TRUE,1230,1230,211,"TAU Cerámica","TAU Cerámica","TAU",1246,1848,"Fórum Valladolid","Fórum Vall.","FOR",1,85,12000,5,11,45.45,26,47,55.32,18,26,69.23,27,3,30,14,9,10,0,2,0,3,20,21,96,0,0,0,1,0,85,74,0,NA,0,0,0,0,0,0,0
1507670,1,"Liga Nacional","Liga Endesa",-402534000,NA,"https://www.acb.com/Documentos/Cabeceras/logo-competicion-1b.png","https://www.acb.com/Documentos/Cabeceras/logo-competicion-4a.png",64,1999,107,NA,NA,1680,10457,NA,NA,TRUE,1235,1235,1196,"Jabones Pardo Fuenlabrada","Jabones Pardo","FUE",1231,1353,"Breogán Universidade","Breogán Uni.","BRE",1,78,12000,9,18,50,20,42,47,11,17,64,22,9,31,9,5,10,0,2,1,1,24,19,72,0,0,9,0,0,702,80,0,0,0,0,0,0,0,0,0
1507671,1,"Liga Nacional","Liga Endesa",-402534000,NA,"https://www.acb.com/Documentos/Cabeceras/logo-competicion-1b.png","https://www.acb.com/Documentos/Cabeceras/logo-competicion-4a.png",64,1999,107,NA,NA,1680,10457,NA,NA,FALSE,1231,1235,1196,"Jabones Pardo Fuenlabrada","Jabones Pardo","FUE",1231,1353,"Breogán Universidade","Breogán Uni.","BRE",1,80,12000,5,12,41,22,45,48,21,30,70,24,8,32,4,7,6,0,1,2,0,19,24,82,0,0,0,10,0,800,78,0,0,0,0,0,0,0,0,0
1507697,1,"Liga Nacional","Liga Endesa",-402534000,NA,"https://www.acb.com/Documentos/Cabeceras/logo-competicion-1b.png","https://www.acb.com/Documentos/Cabeceras/logo-competicion-4a.png",64,1999,107,NA,NA,1680,10458,NA,NA,FALSE,1234,1238,622,"Pinturas Bruger Badalona","Pinturas Bruger","JOV",1234,457,"Adecco Estudiantes","Adecco Estu","EST",1,63,12000,6,12,50,18,38,47,9,15,60,17,6,23,10,7,13,0,4,2,0,16,18,62,0,0,12,0,0,756,90,0,0,0,0,0,0,0,0,0
1507696,1,"Liga Nacional","Liga Endesa",-402534000,NA,"https://www.acb.com/Documentos/Cabeceras/logo-competicion-1b.png","https://www.acb.com/Documentos/Cabeceras/logo-competicion-4a.png",64,1999,107,NA,NA,1680,10458,NA,NA,TRUE,1238,1238,622,"Pinturas Bruger Badalona","Pinturas Bruger","JOV",1234,457,"Adecco Estudiantes","Adecco Estu","EST",1,90,12000,13,24,54.17,22,35,62.86,7,13,53.85,21,10,31,13,8,10,0,2,4,1,18,16,98,0,0,0,1,0,90,63,0,NA,0,0,0,0,0,0,0
1507577,1,"Liga Nacional","Liga Endesa",-402534000,NA,"https://www.acb.com/Documentos/Cabeceras/logo-competicion-1b.png","https://www.acb.com/Documentos/Cabeceras/logo-competicion-4a.png",64,1999,107,NA,NA,1680,10453,NA,NA,TRUE,1243,1243,1049,"Unicaja","Unicaja","UNI",1232,1371,"Cáceres CB","Cáceres CB","CAC",1,74,12000,8,16,50,14,37,37,22,28,78,21,16,37,11,8,12,0,2,3,0,27,23,76,0,0,0,11,0,814,65,0,0,0,0,0,0,0,0,0
1507578,1,"Liga Nacional","Liga Endesa",-402534000,NA,"https://www.acb.com/Documentos/Cabeceras/logo-competicion-1b.png","https://www.acb.com/Documentos/Cabeceras/logo-competicion-4a.png",64,1999,107,NA,NA,1680,10453,NA,NA,FALSE,1232,1243,1049,"Unicaja","Unicaja","UNI",1232,1371,"Cáceres CB","Cáceres CB","CAC",1,65,12000,3,12,25,16,42,38.1,24,30,80,18,11,29,9,9,11,0,3,2,3,23,27,65,0,0,1,0,0,65,74,0,NA,0,0,0,0,0,0,0
1507856,1,"Liga Nacional","Liga Endesa",-402534000,NA,"https://www.acb.com/Documentos/Cabeceras/logo-competicion-1b.png","https://www.acb.com/Documentos/Cabeceras/logo-competicion-4a.png",64,1999,107,NA,NA,1681,10465,NA,NA,TRUE,1241,1241,865,"TDK Manresa","TDK Manresa","MAN",1238,622,"Pinturas Bruger Badalona","Pinturas Bruger","JOV",1,71,12000,4,11,36,16,39,41,27,37,72,33,11,44,13,4,10,0,5,2,0,18,31,98,0,0,0,9,0,639,65,0,0,0,0,0,0,0,0,0
1507857,1,"Liga Nacional","Liga Endesa",-402534000,NA,"https://www.acb.com/Documentos/Cabeceras/logo-competicion-1b.png","https://www.acb.com/Documentos/Cabeceras/logo-competicion-4a.png",64,1999,107,NA,NA,1681,10465,NA,NA,FALSE,1238,1241,865,"TDK Manresa","TDK Manresa","MAN",1238,622,"Pinturas Bruger Badalona","Pinturas Bruger","JOV",1,65,12000,9,30,30,15,39,38.46,8,9,88.89,22,13,35,11,8,7,0,2,5,3,31,18,50,0,0,1,0,0,65,71,0,NA,0,0,0,0,0,0,0
1507903,1,"Liga Nacional","Liga Endesa",-402534000,NA,"https://www.acb.com/Documentos/Cabeceras/logo-competicion-1b.png","https://www.acb.com/Documentos/Cabeceras/logo-competicion-4a.png",64,1999,107,NA,NA,1681,10467,NA,NA,TRUE,1231,1231,1353,"Breogán Universidade","Breogán Uni.","BRE",1240,755,"Real Madrid","Real Madrid","RMB",1,78,12000,5,15,33,17,41,41,29,36,80,18,11,29,9,10,10,0,2,2,3,28,27,74,0,0,10,0,0,780,85,0,0,0,0,0,0,0,0,0
1507904,1,"Liga Nacional","Liga Endesa",-402534000,NA,"https://www.acb.com/Documentos/Cabeceras/logo-competicion-1b.png","https://www.acb.com/Documentos/Cabeceras/logo-competicion-4a.png",64,1999,107,NA,NA,1681,10467,NA,NA,FALSE,1240,1231,1353,"Breogán Universidade","Breogán Uni.","BRE",1240,755,"Real Madrid","Real Madrid","RMB",1,85,12000,4,9,44,23,37,62,27,33,81,20,6,26,12,8,12,0,2,2,5,27,28,95,0,0,0,9,0,765,78,0,0,0,0,0,0,0,0,0
1507787,1,"Liga Nacional","Liga Endesa",-402534000,NA,"https://www.acb.com/Documentos/Cabeceras/logo-competicion-1b.png","https://www.acb.com/Documentos/Cabeceras/logo-competicion-4a.png",64,1999,107,NA,NA,1681,10462,NA,NA,TRUE,1232,1232,1371,"Cáceres CB","Cáceres CB","CAC",1229,97,"FC Barcelona","FC Barcelona","FCB",1,63,12000,5,13,38.46,15,34,44.12,18,34,52.94,25,12,37,10,5,16,0,6,2,2,18,23,65,0,0,1,0,0,63,66,0,NA,0,0,0,0,0,0,0
1507788,1,"Liga Nacional","Liga Endesa",-402534000,NA,"https://www.acb.com/Documentos/Cabeceras/logo-competicion-1b.png","https://www.acb.com/Documentos/Cabeceras/logo-competicion-4a.png",64,1999,107,NA,NA,1681,10462,NA,NA,FALSE,1229,1232,1371,"Cáceres CB","Cáceres CB","CAC",1229,97,"FC Barcelona","FC Barcelona","FCB",1,66,12000,11,30,36.67,13,37,35.14,7,11,63.64,19,16,35,8,14,8,0,2,6,2,23,18,59,0,0,0,1,0,66,63,0,NA,0,0,0,0,0,0,0
1507880,1,"Liga Nacional","Liga Endesa",-402534000,NA,"https://www.acb.com/Documentos/Cabeceras/logo-competicion-1b.png","https://www.acb.com/Documentos/Cabeceras/logo-competicion-4a.png",64,1999,107,NA,NA,1681,10466,NA,NA,FALSE,1235,1234,457,"Adecco Estudiantes","Adecco Estu","EST",1235,1196,"Jabones Pardo Fuenlabrada","Jabones Pardo","FUE",1,69,12000,7,22,31,19,29,65,10,18,55,18,7,25,13,8,10,0,2,0,2,22,17,69,0,0,9,0,0,621,70,0,0,0,0,0,0,0,0,0
1507879,1,"Liga Nacional","Liga Endesa",-402534000,NA,"https://www.acb.com/Documentos/Cabeceras/logo-competicion-1b.png","https://www.acb.com/Documentos/Cabeceras/logo-competicion-4a.png",64,1999,107,NA,NA,1681,10466,NA,NA,TRUE,1234,1234,457,"Adecco Estudiantes","Adecco Estu","EST",1235,1196,"Jabones Pardo Fuenlabrada","Jabones Pardo","FUE",1,70,12000,5,12,41,18,35,51,19,28,67,19,8,27,12,9,9,0,0,2,2,17,22,79,0,0,0,10,0,700,69,0,0,0,0,0,0,0,0,0
1507969,1,"Liga Nacional","Liga Endesa",-402534000,NA,"https://www.acb.com/Documentos/Cabeceras/logo-competicion-1b.png","https://www.acb.com/Documentos/Cabeceras/logo-competicion-4a.png",64,1999,107,NA,NA,1681,10470,NA,NA,TRUE,1239,1239,1607,"León Caja España","León C. España","LEO",1243,1049,"Unicaja","Unicaja","UNI",1,72,12000,3,16,18.75,22,49,44.9,19,26,73.08,15,21,36,5,5,5,0,2,6,2,27,20,55,0,0,1,0,0,72,82,0,NA,0,0,0,0,0,0,0
1507970,1,"Liga Nacional","Liga Endesa",-402534000,NA,"https://www.acb.com/Documentos/Cabeceras/logo-competicion-1b.png","https://www.acb.com/Documentos/Cabeceras/logo-competicion-4a.png",64,1999,107,NA,NA,1681,10470,NA,NA,FALSE,1243,1239,1607,"León Caja España","León C. España","LEO",1243,1049,"Unicaja","Unicaja","UNI",1,82,12000,8,17,47.06,16,34,47.06,26,31,83.87,21,13,34,9,4,9,0,6,2,0,20,27,99,0,0,0,1,0,82,72,0,NA,0,0,0,0,0,0,0
1507833,1,"Liga Nacional","Liga Endesa",-402534000,NA,"https://www.acb.com/Documentos/Cabeceras/logo-competicion-1b.png","https://www.acb.com/Documentos/Cabeceras/logo-competicion-4a.png",64,1999,107,NA,NA,1681,10464,NA,NA,TRUE,1246,1246,1848,"Fórum Valladolid","Fórum Vall.","FOR",1244,1125,"Caja San Fernando","C. San Fernando","CSF",1,71,13500,8,19,42,19,44,43,9,11,81,20,8,28,11,11,10,0,2,3,1,21,16,67,0,0,10,0,0,710,77,0,0,0,0,0,0,0,0,0
1507834,1,"Liga Nacional","Liga Endesa",-402534000,NA,"https://www.acb.com/Documentos/Cabeceras/logo-competicion-1b.png","https://www.acb.com/Documentos/Cabeceras/logo-competicion-4a.png",64,1999,107,NA,NA,1681,10464,NA,NA,FALSE,1244,1246,1848,"Fórum Valladolid","Fórum Vall.","FOR",1244,1125,"Caja San Fernando","C. San Fernando","CSF",1,77,13500,6,15,40,21,38,55.26,17,23,73.91,27,9,36,12,6,15,0,3,2,2,16,21,90,0,0,0,1,0,77,71,0,NA,0,0,0,0,0,0,0
1507945,1,"Liga Nacional","Liga Endesa",-402534000,NA,"https://www.acb.com/Documentos/Cabeceras/logo-competicion-1b.png","https://www.acb.com/Documentos/Cabeceras/logo-competicion-4a.png",64,1999,107,NA,NA,1681,10469,NA,NA,TRUE,1236,1236,1445,"Gijón Baloncesto","Gijón Bal.","GIJ",1242,954,"Pamesa Valencia","Pamesa Valencia","PAM",1,78,12000,4,11,36.36,28,44,63.64,10,13,76.92,19,9,28,7,5,8,0,1,1,3,18,16,82,0,0,0,1,0,78,76,0,NA,0,0,0,0,0,0,0
1507946,1,"Liga Nacional","Liga Endesa",-402534000,NA,"https://www.acb.com/Documentos/Cabeceras/logo-competicion-1b.png","https://www.acb.com/Documentos/Cabeceras/logo-competicion-4a.png",64,1999,107,NA,NA,1681,10469,NA,NA,FALSE,1242,1236,1445,"Gijón Baloncesto","Gijón Bal.","GIJ",1242,954,"Pamesa Valencia","Pamesa Valencia","PAM",1,76,12000,8,17,47.06,21,42,50,10,13,76.92,16,12,28,6,6,9,0,1,1,2,16,18,76,0,0,1,0,0,76,78,0,NA,0,0,0,0,0,0,0
1507809,1,"Liga Nacional","Liga Endesa",-402534000,NA,"https://www.acb.com/Documentos/Cabeceras/logo-competicion-1b.png","https://www.acb.com/Documentos/Cabeceras/logo-competicion-4a.png",64,1999,107,NA,NA,1681,10463,NA,NA,TRUE,1233,1233,332,"Canarias Telecom","Canarias Tel.","GCA",1230,211,"TAU Cerámica","TAU Cerámica","TAU",1,60,12000,1,16,6,21,38,55,15,22,68,18,12,30,14,10,10,0,1,4,3,17,22,67,0,0,0,9,0,540,52,0,0,0,0,0,0,0,0,0
1507810,1,"Liga Nacional","Liga Endesa",-402534000,NA,"https://www.acb.com/Documentos/Cabeceras/logo-competicion-1b.png","https://www.acb.com/Documentos/Cabeceras/logo-competicion-4a.png",64,1999,107,NA,NA,1681,10463,NA,NA,FALSE,1230,1233,332,"Canarias Telecom","Canarias Tel.","GCA",1230,211,"TAU Cerámica","TAU Cerámica","TAU",1,52,12000,3,18,16.67,18,34,52.94,7,10,70,20,14,34,9,8,16,0,4,1,0,22,17,51,0,0,1,0,0,52,60,0,NA,0,0,0,0,0,0,0
1507924,1,"Liga Nacional","Liga Endesa",-402534000,NA,"https://www.acb.com/Documentos/Cabeceras/logo-competicion-1b.png","https://www.acb.com/Documentos/Cabeceras/logo-competicion-4a.png",64,1999,107,NA,NA,1681,10468,NA,NA,TRUE,1245,1245,1803,"Cantabria Lobos","Cantabria Lobos","CAN",1237,1465,"Casademont Girona","Casademont Gir.","GIR",1,75,12000,7,17,41.18,21,33,63.64,12,17,70.59,21,8,29,10,5,12,0,3,2,3,22,20,79,0,0,0,1,0,75,70,0,NA,0,0,0,0,0,0,0
1507925,1,"Liga Nacional","Liga Endesa",-402534000,NA,"https://www.acb.com/Documentos/Cabeceras/logo-competicion-1b.png","https://www.acb.com/Documentos/Cabeceras/logo-competicion-4a.png",64,1999,107,NA,NA,1681,10468,NA,NA,FALSE,1237,1245,1803,"Cantabria Lobos","Cantabria Lobos","CAN",1237,1465,"Casademont Girona","Casademont Gir.","GIR",1,70,12000,5,12,41.67,18,41,43.9,19,25,76,16,11,27,6,12,6,0,2,3,0,20,22,74,0,0,1,0,0,70,75,0,NA,0,0,0,0,0,0,0
1508062,1,"Liga Nacional","Liga Endesa",-402534000,NA,"https://www.acb.com/Documentos/Cabeceras/logo-competicion-1b.png","https://www.acb.com/Documentos/Cabeceras/logo-competicion-4a.png",64,1999,107,NA,NA,1682,10474,NA,NA,FALSE,1231,1237,1465,"Casademont Girona","Casademont Gir.","GIR",1231,1353,"Breogán Universidade","Breogán Uni.","BRE",1,72,12000,4,9,44,26,55,47,8,17,47,18,15,33,5,6,9,0,2,1,1,22,20,63,0,0,9,0,0,648,83,0,0,0,0,0,0,0,0,0
1508061,1,"Liga Nacional","Liga Endesa",-402534000,NA,"https://www.acb.com/Documentos/Cabeceras/logo-competicion-1b.png","https://www.acb.com/Documentos/Cabeceras/logo-competicion-4a.png",64,1999,107,NA,NA,1682,10474,NA,NA,TRUE,1237,1237,1465,"Casademont Girona","Casademont Gir.","GIR",1231,1353,"Breogán Universidade","Breogán Uni.","BRE",1,83,12000,4,16,25,27,41,65.85,17,21,80.95,23,11,34,10,5,10,0,1,2,3,20,22,93,0,0,0,1,0,83,72,0,NA,0,0,0,0,0,0,0
1507995,1,"Liga Nacional","Liga Endesa",-402534000,NA,"https://www.acb.com/Documentos/Cabeceras/logo-competicion-1b.png","https://www.acb.com/Documentos/Cabeceras/logo-competicion-4a.png",64,1999,107,NA,NA,1682,10471,NA,NA,FALSE,1232,1239,1607,"León Caja España","León C. España","LEO",1232,1371,"Cáceres CB","Cáceres CB","CAC",1,86,12000,7,13,53,22,33,66,21,26,80,17,5,22,10,7,11,0,2,3,1,14,23,100,0,0,0,10,0,860,71,0,0,0,0,0,0,0,0,0
1507994,1,"Liga Nacional","Liga Endesa",-402534000,NA,"https://www.acb.com/Documentos/Cabeceras/logo-competicion-1b.png","https://www.acb.com/Documentos/Cabeceras/logo-competicion-4a.png",64,1999,107,NA,NA,1682,10471,NA,NA,TRUE,1239,1239,1607,"León Caja España","León C. España","LEO",1232,1371,"Cáceres CB","Cáceres CB","CAC",1,71,12000,6,16,37.5,23,42,54.76,7,10,70,13,12,25,10,7,13,0,3,2,1,23,14,60,0,0,1,0,0,71,86,0,NA,0,0,0,0,0,0,0
1508138,1,"Liga Nacional","Liga Endesa",-402534000,NA,"https://www.acb.com/Documentos/Cabeceras/logo-competicion-1b.png","https://www.acb.com/Documentos/Cabeceras/logo-competicion-4a.png",64,1999,107,NA,NA,1682,10477,NA,NA,FALSE,1246,1238,622,"Pinturas Bruger Badalona","Pinturas Bruger","JOV",1246,1848,"Fórum Valladolid","Fórum Vall.","FOR",1,80,12000,6,14,42,19,39,48,24,35,68,29,7,36,8,3,10,0,1,3,1,22,26,80,0,0,0,10,0,800,74,0,0,0,0,0,0,0,0,0
1508137,1,"Liga Nacional","Liga Endesa",-402534000,NA,"https://www.acb.com/Documentos/Cabeceras/logo-competicion-1b.png","https://www.acb.com/Documentos/Cabeceras/logo-competicion-4a.png",64,1999,107,NA,NA,1682,10477,NA,NA,TRUE,1238,1238,622,"Pinturas Bruger Badalona","Pinturas Bruger","JOV",1246,1848,"Fórum Valladolid","Fórum Vall.","FOR",1,74,12000,8,26,30.77,16,33,48.48,18,21,85.71,24,6,30,11,7,10,0,3,1,0,26,22,72,0,0,1,0,0,74,80,0,NA,0,0,0,0,0,0,0
1508088,1,"Liga Nacional","Liga Endesa",-402534000,NA,"https://www.acb.com/Documentos/Cabeceras/logo-competicion-1b.png","https://www.acb.com/Documentos/Cabeceras/logo-competicion-4a.png",64,1999,107,NA,NA,1682,10475,NA,NA,TRUE,1240,1240,755,"Real Madrid","Real Madrid","RMB",1234,457,"Adecco Estudiantes","Adecco Estu","EST",1,88,12000,7,15,46,20,31,64,27,37,72,21,8,29,14,10,12,0,3,1,4,18,28,112,0,0,0,11,0,968,76,0,0,0,0,0,0,0,0,0
1508089,1,"Liga Nacional","Liga Endesa",-402534000,NA,"https://www.acb.com/Documentos/Cabeceras/logo-competicion-1b.png","https://www.acb.com/Documentos/Cabeceras/logo-competicion-4a.png",64,1999,107,NA,NA,1682,10475,NA,NA,FALSE,1234,1240,755,"Real Madrid","Real Madrid","RMB",1234,457,"Adecco Estudiantes","Adecco Estu","EST",1,76,12000,10,17,58,17,41,41,12,19,63,16,10,26,11,7,14,0,1,3,1,28,18,56,0,0,11,0,0,836,88,0,0,0,0,0,0,0,0,0
1508042,1,"Liga Nacional","Liga Endesa",-402534000,NA,"https://www.acb.com/Documentos/Cabeceras/logo-competicion-1b.png","https://www.acb.com/Documentos/Cabeceras/logo-competicion-4a.png",64,1999,107,NA,NA,1682,10473,NA,NA,FALSE,1245,1242,954,"Pamesa Valencia","Pamesa Valencia","PAM",1245,1803,"Cantabria Lobos","Cantabria Lobos","CAN",1,83,12000,8,19,42.11,22,29,75.86,15,19,78.95,20,3,23,17,2,8,0,1,5,1,22,19,88,0,0,0,1,0,83,82,0,NA,0,0,0,0,0,0,0
1508041,1,"Liga Nacional","Liga Endesa",-402534000,NA,"https://www.acb.com/Documentos/Cabeceras/logo-competicion-1b.png","https://www.acb.com/Documentos/Cabeceras/logo-competicion-4a.png",64,1999,107,NA,NA,1682,10473,NA,NA,TRUE,1242,1242,954,"Pamesa Valencia","Pamesa Valencia","PAM",1245,1803,"Cantabria Lobos","Cantabria Lobos","CAN",1,82,12000,11,18,61.11,18,34,52.94,13,26,50,17,8,25,18,6,6,0,5,1,1,19,22,96,0,0,1,0,0,82,83,0,NA,0,0,0,0,0,0,0
1508113,1,"Liga Nacional","Liga Endesa",-402534000,NA,"https://www.acb.com/Documentos/Cabeceras/logo-competicion-1b.png","https://www.acb.com/Documentos/Cabeceras/logo-competicion-4a.png",64,1999,107,NA,NA,1682,10476,NA,NA,FALSE,1241,1235,1196,"Jabones Pardo Fuenlabrada","Jabones Pardo","FUE",1241,865,"TDK Manresa","TDK Manresa","MAN",1,73,12000,5,9,55,21,44,47,16,22,72,20,7,27,5,6,10,0,3,4,2,20,21,68,0,0,10,0,0,730,77,0,0,0,0,0,0,0,0,0
1508112,1,"Liga Nacional","Liga Endesa",-402534000,NA,"https://www.acb.com/Documentos/Cabeceras/logo-competicion-1b.png","https://www.acb.com/Documentos/Cabeceras/logo-competicion-4a.png",64,1999,107,NA,NA,1682,10476,NA,NA,TRUE,1235,1235,1196,"Jabones Pardo Fuenlabrada","Jabones Pardo","FUE",1241,865,"TDK Manresa","TDK Manresa","MAN",1,77,12000,8,20,40,20,40,50,13,16,81,24,11,35,6,5,10,0,4,3,1,21,20,78,0,0,0,10,0,770,73,0,0,0,0,0,0,0,0,0
1508186,1,"Liga Nacional","Liga Endesa",-402534000,NA,"https://www.acb.com/Documentos/Cabeceras/logo-competicion-1b.png","https://www.acb.com/Documentos/Cabeceras/logo-competicion-4a.png",64,1999,107,NA,NA,1682,10479,NA,NA,TRUE,1230,1230,211,"TAU Cerámica","TAU Cerámica","TAU",1229,97,"FC Barcelona","FC Barcelona","FCB",1,78,12000,7,19,36,21,37,56,15,22,68,21,9,30,12,8,12,0,1,0,4,22,21,81,0,0,11,0,0,780,85,0,0,0,0,0,0,0,0,0
1508187,1,"Liga Nacional","Liga Endesa",-402534000,NA,"https://www.acb.com/Documentos/Cabeceras/logo-competicion-1b.png","https://www.acb.com/Documentos/Cabeceras/logo-competicion-4a.png",64,1999,107,NA,NA,1682,10479,NA,NA,FALSE,1229,1230,211,"TAU Cerámica","TAU Cerámica","TAU",1229,97,"FC Barcelona","FC Barcelona","FCB",1,85,12000,8,22,36.36,20,41,48.78,21,28,75,26,14,40,17,8,11,0,0,1,3,21,22,97,0,0,0,1,0,85,78,0,NA,0,0,0,0,0,0,0
1508019,1,"Liga Nacional","Liga Endesa",-402534000,NA,"https://www.acb.com/Documentos/Cabeceras/logo-competicion-1b.png","https://www.acb.com/Documentos/Cabeceras/logo-competicion-4a.png",64,1999,107,NA,NA,1682,10472,NA,NA,TRUE,1243,1243,1049,"Unicaja","Unicaja","UNI",1236,1445,"Gijón Baloncesto","Gijón Bal.","GIJ",1,84,12000,4,12,33,29,54,53,14,20,70,29,11,40,19,13,8,0,4,3,1,20,20,110,0,0,0,12,0,1008,63,0,0,0,0,0,0,0,0,0
1508020,1,"Liga Nacional","Liga Endesa",-402534000,NA,"https://www.acb.com/Documentos/Cabeceras/logo-competicion-1b.png","https://www.acb.com/Documentos/Cabeceras/logo-competicion-4a.png",64,1999,107,NA,NA,1682,10472,NA,NA,FALSE,1236,1243,1049,"Unicaja","Unicaja","UNI",1236,1445,"Gijón Baloncesto","Gijón Bal.","GIJ",1,63,12000,7,15,46.67,16,40,40,10,13,76.92,22,5,27,7,2,13,0,3,4,0,20,20,50,0,0,1,0,0,63,84,0,NA,0,0,0,0,0,0,0
1508162,1,"Liga Nacional","Liga Endesa",-402534000,NA,"https://www.acb.com/Documentos/Cabeceras/logo-competicion-1b.png","https://www.acb.com/Documentos/Cabeceras/logo-competicion-4a.png",64,1999,107,NA,NA,1682,10478,NA,NA,FALSE,1233,1244,1125,"Caja San Fernando","C. San Fernando","CSF",1233,332,"Canarias Telecom","Canarias Tel.","GCA",1,63,12000,8,22,36,15,34,44,9,14,64,17,13,30,14,5,12,0,0,5,1,20,21,58,0,0,10,0,0,630,78,0,0,0,0,0,0,0,0,0
1508161,1,"Liga Nacional","Liga Endesa",-402534000,NA,"https://www.acb.com/Documentos/Cabeceras/logo-competicion-1b.png","https://www.acb.com/Documentos/Cabeceras/logo-competicion-4a.png",64,1999,107,NA,NA,1682,10478,NA,NA,TRUE,1244,1244,1125,"Caja San Fernando","C. San Fernando","CSF",1233,332,"Canarias Telecom","Canarias Tel.","GCA",1,78,12000,7,20,35,19,30,63.33,19,21,90.48,22,6,28,15,9,6,0,5,0,1,21,20,102,0,0,0,1,0,78,63,0,NA,0,0,0,0,0,0,0
1508231,1,"Liga Nacional","Liga Endesa",-402534000,NA,"https://www.acb.com/Documentos/Cabeceras/logo-competicion-1b.png","https://www.acb.com/Documentos/Cabeceras/logo-competicion-4a.png",64,1999,107,NA,NA,1683,10481,NA,NA,TRUE,1229,1229,97,"FC Barcelona","FC Barcelona","FCB",1244,1125,"Caja San Fernando","C. San Fernando","CSF",1,64,12000,5,19,26.32,17,35,48.57,15,22,68.18,27,9,36,9,10,9,0,3,1,3,18,18,73,0,0,0,1,0,64,48,0,NA,0,0,0,0,0,0,0
1508232,1,"Liga Nacional","Liga Endesa",-402534000,NA,"https://www.acb.com/Documentos/Cabeceras/logo-competicion-1b.png","https://www.acb.com/Documentos/Cabeceras/logo-competicion-4a.png",64,1999,107,NA,NA,1683,10481,NA,NA,FALSE,1244,1229,97,"FC Barcelona","FC Barcelona","FCB",1244,1125,"Caja San Fernando","C. San Fernando","CSF",1,48,12000,6,21,28.57,10,29,34.48,10,15,66.67,25,9,34,10,8,14,0,1,3,0,18,18,45,0,0,1,0,0,48,64,0,NA,0,0,0,0,0,0,0
1508254,1,"Liga Nacional","Liga Endesa",-402534000,NA,"https://www.acb.com/Documentos/Cabeceras/logo-competicion-1b.png","https://www.acb.com/Documentos/Cabeceras/logo-competicion-4a.png",64,1999,107,NA,NA,1683,10482,NA,NA,TRUE,1233,1233,332,"Canarias Telecom","Canarias Tel.","GCA",1238,622,"Pinturas Bruger Badalona","Pinturas Bruger","JOV",1,79,12000,1,8,12,24,46,52,28,41,68,17,16,33,12,13,14,0,0,1,2,25,33,88,0,0,0,10,0,790,78,0,0,0,0,0,0,0,0,0
1508255,1,"Liga Nacional","Liga Endesa",-402534000,NA,"https://www.acb.com/Documentos/Cabeceras/logo-competicion-1b.png","https://www.acb.com/Documentos/Cabeceras/logo-competicion-4a.png",64,1999,107,NA,NA,1683,10482,NA,NA,FALSE,1238,1233,332,"Canarias Telecom","Canarias Tel.","GCA",1238,622,"Pinturas Bruger Badalona","Pinturas Bruger","JOV",1,78,12000,4,13,30.77,25,38,65.79,16,31,51.61,16,10,26,15,11,15,0,1,0,4,33,25,71,0,0,1,0,0,78,79,0,NA,0,0,0,0,0,0,0
1508328,1,"Liga Nacional","Liga Endesa",-402534000,NA,"https://www.acb.com/Documentos/Cabeceras/logo-competicion-1b.png","https://www.acb.com/Documentos/Cabeceras/logo-competicion-4a.png",64,1999,107,NA,NA,1683,10485,NA,NA,TRUE,1234,1234,457,"Adecco Estudiantes","Adecco Estu","EST",1237,1465,"Casademont Girona","Casademont Gir.","GIR",1,79,12000,8,22,36,20,40,50,15,24,62,19,11,30,14,12,8,0,1,2,0,22,22,83,0,0,0,10,0,790,71,0,0,0,0,0,0,0,0,0
1508329,1,"Liga Nacional","Liga Endesa",-402534000,NA,"https://www.acb.com/Documentos/Cabeceras/logo-competicion-1b.png","https://www.acb.com/Documentos/Cabeceras/logo-competicion-4a.png",64,1999,107,NA,NA,1683,10485,NA,NA,FALSE,1237,1234,457,"Adecco Estudiantes","Adecco Estu","EST",1237,1465,"Casademont Girona","Casademont Gir.","GIR",1,71,12000,4,11,36.36,22,42,52.38,15,22,68.18,27,11,38,11,6,19,0,2,1,1,22,22,74,0,0,1,0,0,71,79,0,NA,0,0,0,0,0,0,0
1508349,1,"Liga Nacional","Liga Endesa",-402534000,NA,"https://www.acb.com/Documentos/Cabeceras/logo-competicion-1b.png","https://www.acb.com/Documentos/Cabeceras/logo-competicion-4a.png",64,1999,107,NA,NA,1683,10486,NA,NA,TRUE,1231,1231,1353,"Breogán Universidade","Breogán Uni.","BRE",1242,954,"Pamesa Valencia","Pamesa Valencia","PAM",1,65,12000,5,10,50,22,43,51,6,11,54,17,7,24,10,8,15,0,3,2,2,17,17,62,0,0,0,10,0,650,62,0,0,0,0,0,0,0,0,0
1508350,1,"Liga Nacional","Liga Endesa",-402534000,NA,"https://www.acb.com/Documentos/Cabeceras/logo-competicion-1b.png","https://www.acb.com/Documentos/Cabeceras/logo-competicion-4a.png",64,1999,107,NA,NA,1683,10486,NA,NA,FALSE,1242,1231,1353,"Breogán Universidade","Breogán Uni.","BRE",1242,954,"Pamesa Valencia","Pamesa Valencia","PAM",1,62,12000,2,7,28.57,22,45,48.89,12,16,75,16,8,24,6,9,12,0,2,3,2,17,17,56,0,0,1,0,0,62,65,0,NA,0,0,0,0,0,0,0
1508374,1,"Liga Nacional","Liga Endesa",-402534000,NA,"https://www.acb.com/Documentos/Cabeceras/logo-competicion-1b.png","https://www.acb.com/Documentos/Cabeceras/logo-competicion-4a.png",64,1999,107,NA,NA,1683,10487,NA,NA,FALSE,1243,1245,1803,"Cantabria Lobos","Cantabria Lobos","CAN",1243,1049,"Unicaja","Unicaja","UNI",1,83,12000,4,16,25,26,40,65,19,22,86,15,13,28,7,11,8,0,0,1,0,16,19,94,0,0,0,11,0,913,62,0,0,0,0,0,0,0,0,0
1508373,1,"Liga Nacional","Liga Endesa",-402534000,NA,"https://www.acb.com/Documentos/Cabeceras/logo-competicion-1b.png","https://www.acb.com/Documentos/Cabeceras/logo-competicion-4a.png",64,1999,107,NA,NA,1683,10487,NA,NA,TRUE,1245,1245,1803,"Cantabria Lobos","Cantabria Lobos","CAN",1243,1049,"Unicaja","Unicaja","UNI",1,62,12000,4,12,33.33,20,31,64.52,10,12,83.33,13,3,16,4,4,14,0,1,0,2,19,16,49,0,0,1,0,0,62,83,0,NA,0,0,0,0,0,0,0
1508280,1,"Liga Nacional","Liga Endesa",-402534000,NA,"https://www.acb.com/Documentos/Cabeceras/logo-competicion-1b.png","https://www.acb.com/Documentos/Cabeceras/logo-competicion-4a.png",64,1999,107,NA,NA,1683,10483,NA,NA,FALSE,1235,1246,1848,"Fórum Valladolid","Fórum Vall.","FOR",1235,1196,"Jabones Pardo Fuenlabrada","Jabones Pardo","FUE",1,78,12000,8,20,40,20,44,45,14,16,87,19,17,36,5,8,11,0,5,1,1,19,20,83,0,0,11,0,0,858,82,0,0,0,0,0,0,0,0,0
1508279,1,"Liga Nacional","Liga Endesa",-402534000,NA,"https://www.acb.com/Documentos/Cabeceras/logo-competicion-1b.png","https://www.acb.com/Documentos/Cabeceras/logo-competicion-4a.png",64,1999,107,NA,NA,1683,10483,NA,NA,TRUE,1246,1246,1848,"Fórum Valladolid","Fórum Vall.","FOR",1235,1196,"Jabones Pardo Fuenlabrada","Jabones Pardo","FUE",1,82,12000,10,17,58,19,38,50,14,19,73,20,7,27,6,4,7,0,1,5,0,20,19,76,0,0,0,10,0,820,78,0,0,0,0,0,0,0,0,0
1508307,1,"Liga Nacional","Liga Endesa",-402534000,NA,"https://www.acb.com/Documentos/Cabeceras/logo-competicion-1b.png","https://www.acb.com/Documentos/Cabeceras/logo-competicion-4a.png",64,1999,107,NA,NA,1683,10484,NA,NA,FALSE,1240,1241,865,"TDK Manresa","TDK Manresa","MAN",1240,755,"Real Madrid","Real Madrid","RMB",1,83,12000,8,13,61,24,41,58,11,22,50,28,12,40,13,7,14,0,6,5,3,22,22,97,0,0,0,11,0,913,57,0,0,0,0,0,0,0,0,0
1508306,1,"Liga Nacional","Liga Endesa",-402534000,NA,"https://www.acb.com/Documentos/Cabeceras/logo-competicion-1b.png","https://www.acb.com/Documentos/Cabeceras/logo-competicion-4a.png",64,1999,107,NA,NA,1683,10484,NA,NA,TRUE,1241,1241,865,"TDK Manresa","TDK Manresa","MAN",1240,755,"Real Madrid","Real Madrid","RMB",1,57,12000,3,16,18,17,40,42,14,22,63,14,10,24,6,7,11,0,5,6,1,22,22,38,0,0,11,0,0,627,83,0,0,0,0,0,0,0,0,0
1508396,1,"Liga Nacional","Liga Endesa",-402534000,NA,"https://www.acb.com/Documentos/Cabeceras/logo-competicion-1b.png","https://www.acb.com/Documentos/Cabeceras/logo-competicion-4a.png",64,1999,107,NA,NA,1683,10488,NA,NA,TRUE,1236,1236,1445,"Gijón Baloncesto","Gijón Bal.","GIJ",1239,1607,"León Caja España","León C. España","LEO",1,77,12000,5,14,35.71,16,34,47.06,30,34,88.24,24,9,33,7,6,9,0,6,2,3,22,24,89,0,0,0,1,0,77,71,0,NA,0,0,0,0,0,0,0
1508397,1,"Liga Nacional","Liga Endesa",-402534000,NA,"https://www.acb.com/Documentos/Cabeceras/logo-competicion-1b.png","https://www.acb.com/Documentos/Cabeceras/logo-competicion-4a.png",64,1999,107,NA,NA,1683,10488,NA,NA,FALSE,1239,1236,1445,"Gijón Baloncesto","Gijón Bal.","GIJ",1239,1607,"León Caja España","León C. España","LEO",1,71,12000,3,14,21.43,23,46,50,16,24,66.67,19,13,32,12,8,6,0,2,6,2,24,22,69,0,0,1,0,0,71,77,0,NA,0,0,0,0,0,0,0
1508208,1,"Liga Nacional","Liga Endesa",-402534000,NA,"https://www.acb.com/Documentos/Cabeceras/logo-competicion-1b.png","https://www.acb.com/Documentos/Cabeceras/logo-competicion-4a.png",64,1999,107,NA,NA,1683,10480,NA,NA,FALSE,1230,1232,1371,"Cáceres CB","Cáceres CB","CAC",1230,211,"TAU Cerámica","TAU Cerámica","TAU",1,75,12000,4,17,23,25,44,56,13,18,72,24,9,33,15,12,10,0,4,0,4,18,19,93,0,0,0,10,0,675,62,0,0,0,0,0,0,0,0,0
1508207,1,"Liga Nacional","Liga Endesa",-402534000,NA,"https://www.acb.com/Documentos/Cabeceras/logo-competicion-1b.png","https://www.acb.com/Documentos/Cabeceras/logo-competicion-4a.png",64,1999,107,NA,NA,1683,10480,NA,NA,TRUE,1232,1232,1371,"Cáceres CB","Cáceres CB","CAC",1230,211,"TAU Cerámica","TAU Cerámica","TAU",1,62,12000,3,10,30,21,48,43.75,11,16,68.75,24,12,36,14,5,17,0,0,4,2,19,18,56,0,0,1,0,0,62,75,0,NA,0,0,0,0,0,0,0
1508439,1,"Liga Nacional","Liga Endesa",-402534000,NA,"https://www.acb.com/Documentos/Cabeceras/logo-competicion-1b.png","https://www.acb.com/Documentos/Cabeceras/logo-competicion-4a.png",64,1999,107,NA,NA,1684,10490,NA,NA,TRUE,1239,1239,1607,"León Caja España","León C. España","LEO",1245,1803,"Cantabria Lobos","Cantabria Lobos","CAN",1,73,12000,9,20,45,19,34,55,8,15,53,18,7,25,8,7,10,0,1,3,1,24,19,63,0,0,0,11,0,803,72,0,0,0,0,0,0,0,0,0
1508440,1,"Liga Nacional","Liga Endesa",-402534000,NA,"https://www.acb.com/Documentos/Cabeceras/logo-competicion-1b.png","https://www.acb.com/Documentos/Cabeceras/logo-competicion-4a.png",64,1999,107,NA,NA,1684,10490,NA,NA,FALSE,1245,1239,1607,"León Caja España","León C. España","LEO",1245,1803,"Cantabria Lobos","Cantabria Lobos","CAN",1,72,12000,5,17,29.41,20,37,54.05,17,25,68,18,13,31,5,7,10,0,3,1,1,19,24,75,0,0,1,0,0,72,73,0,NA,0,0,0,0,0,0,0
1508464,1,"Liga Nacional","Liga Endesa",-402534000,NA,"https://www.acb.com/Documentos/Cabeceras/logo-competicion-1b.png","https://www.acb.com/Documentos/Cabeceras/logo-competicion-4a.png",64,1999,107,NA,NA,1684,10491,NA,NA,FALSE,1231,1243,1049,"Unicaja","Unicaja","UNI",1231,1353,"Breogán Universidade","Breogán Uni.","BRE",1,63,12000,6,17,35,17,31,54,11,18,61,17,10,27,9,7,10,0,2,0,2,15,22,73,0,0,10,0,0,630,66,0,0,0,0,0,0,0,0,0
1508463,1,"Liga Nacional","Liga Endesa",-402534000,NA,"https://www.acb.com/Documentos/Cabeceras/logo-competicion-1b.png","https://www.acb.com/Documentos/Cabeceras/logo-competicion-4a.png",64,1999,107,NA,NA,1684,10491,NA,NA,TRUE,1243,1243,1049,"Unicaja","Unicaja","UNI",1231,1353,"Breogán Universidade","Breogán Uni.","BRE",1,66,12000,6,17,35.29,20,37,54.05,8,11,72.73,16,12,28,11,8,9,0,0,2,0,22,15,64,0,0,0,1,0,66,63,0,NA,0,0,0,0,0,0,0
1508511,1,"Liga Nacional","Liga Endesa",-402534000,NA,"https://www.acb.com/Documentos/Cabeceras/logo-competicion-1b.png","https://www.acb.com/Documentos/Cabeceras/logo-competicion-4a.png",64,1999,107,NA,NA,1684,10493,NA,NA,FALSE,1241,1237,1465,"Casademont Girona","Casademont Gir.","GIR",1241,865,"TDK Manresa","TDK Manresa","MAN",1,72,12000,5,9,55,21,35,60,15,21,71,15,6,21,3,11,17,0,3,0,2,18,20,71,0,0,9,0,0,648,84,0,0,0,0,0,0,0,0,0
1508510,1,"Liga Nacional","Liga Endesa",-402534000,NA,"https://www.acb.com/Documentos/Cabeceras/logo-competicion-1b.png","https://www.acb.com/Documentos/Cabeceras/logo-competicion-4a.png",64,1999,107,NA,NA,1684,10493,NA,NA,TRUE,1237,1237,1465,"Casademont Girona","Casademont Gir.","GIR",1241,865,"TDK Manresa","TDK Manresa","MAN",1,84,12000,8,22,36.36,24,43,55.81,12,13,92.31,14,20,34,14,13,12,0,0,3,4,20,18,94,0,0,0,1,0,84,72,0,NA,0,0,0,0,0,0,0
1508487,1,"Liga Nacional","Liga Endesa",-402534000,NA,"https://www.acb.com/Documentos/Cabeceras/logo-competicion-1b.png","https://www.acb.com/Documentos/Cabeceras/logo-competicion-4a.png",64,1999,107,NA,NA,1684,10492,NA,NA,FALSE,1234,1242,954,"Pamesa Valencia","Pamesa Valencia","PAM",1234,457,"Adecco Estudiantes","Adecco Estu","EST",1,95,12000,5,13,38,32,42,76,16,21,76,24,8,32,27,7,12,0,1,2,3,25,21,121,0,0,0,10,0,950,79,0,0,0,0,0,0,0,0,0
1508486,1,"Liga Nacional","Liga Endesa",-402534000,NA,"https://www.acb.com/Documentos/Cabeceras/logo-competicion-1b.png","https://www.acb.com/Documentos/Cabeceras/logo-competicion-4a.png",64,1999,107,NA,NA,1684,10492,NA,NA,TRUE,1242,1242,954,"Pamesa Valencia","Pamesa Valencia","PAM",1234,457,"Adecco Estudiantes","Adecco Estu","EST",1,79,12000,5,18,27.78,21,38,55.26,22,28,78.57,11,7,18,16,6,7,0,2,1,4,21,25,81,0,0,1,0,0,79,95,0,NA,0,0,0,0,0,0,0
1508536,1,"Liga Nacional","Liga Endesa",-402534000,NA,"https://www.acb.com/Documentos/Cabeceras/logo-competicion-1b.png","https://www.acb.com/Documentos/Cabeceras/logo-competicion-4a.png",64,1999,107,NA,NA,1684,10494,NA,NA,FALSE,1246,1240,755,"Real Madrid","Real Madrid","RMB",1246,1848,"Fórum Valladolid","Fórum Vall.","FOR",1,53,12000,4,15,26,19,37,51,3,6,50,16,7,23,8,4,16,0,2,1,0,22,13,32,0,0,11,0,0,583,83,0,0,0,0,0,0,0,0,0
1508535,1,"Liga Nacional","Liga Endesa",-402534000,NA,"https://www.acb.com/Documentos/Cabeceras/logo-competicion-1b.png","https://www.acb.com/Documentos/Cabeceras/logo-competicion-4a.png",64,1999,107,NA,NA,1684,10494,NA,NA,TRUE,1240,1240,755,"Real Madrid","Real Madrid","RMB",1246,1848,"Fórum Valladolid","Fórum Vall.","FOR",1,83,12000,5,11,45.45,26,40,65,16,23,69.57,23,7,30,12,12,9,0,1,2,3,13,22,109,0,0,0,1,0,83,53,0,NA,0,0,0,0,0,0,0
1508583,1,"Liga Nacional","Liga Endesa",-402534000,NA,"https://www.acb.com/Documentos/Cabeceras/logo-competicion-1b.png","https://www.acb.com/Documentos/Cabeceras/logo-competicion-4a.png",64,1999,107,NA,NA,1684,10496,NA,NA,TRUE,1238,1238,622,"Pinturas Bruger Badalona","Pinturas Bruger","JOV",1229,97,"FC Barcelona","FC Barcelona","FCB",1,66,12000,4,12,33.33,20,39,51.28,14,23,60.87,12,9,21,12,10,13,0,0,0,4,23,23,60,0,0,1,0,0,66,80,0,NA,0,0,0,0,0,0,0
1508584,1,"Liga Nacional","Liga Endesa",-402534000,NA,"https://www.acb.com/Documentos/Cabeceras/logo-competicion-1b.png","https://www.acb.com/Documentos/Cabeceras/logo-competicion-4a.png",64,1999,107,NA,NA,1684,10496,NA,NA,FALSE,1229,1238,622,"Pinturas Bruger Badalona","Pinturas Bruger","JOV",1229,97,"FC Barcelona","FC Barcelona","FCB",1,80,12000,5,14,35.71,24,42,57.14,17,25,68,21,16,37,8,8,16,0,0,0,1,23,23,82,0,0,0,1,0,80,66,0,NA,0,0,0,0,0,0,0
1508560,1,"Liga Nacional","Liga Endesa",-402534000,NA,"https://www.acb.com/Documentos/Cabeceras/logo-competicion-1b.png","https://www.acb.com/Documentos/Cabeceras/logo-competicion-4a.png",64,1999,107,NA,NA,1684,10495,NA,NA,FALSE,1233,1235,1196,"Jabones Pardo Fuenlabrada","Jabones Pardo","FUE",1233,332,"Canarias Telecom","Canarias Tel.","GCA",1,82,12000,4,11,36,22,38,57,26,35,74,28,6,34,10,8,7,0,2,1,1,21,28,103,0,0,0,11,0,902,64,0,0,0,0,0,0,0,0,0
1508559,1,"Liga Nacional","Liga Endesa",-402534000,NA,"https://www.acb.com/Documentos/Cabeceras/logo-competicion-1b.png","https://www.acb.com/Documentos/Cabeceras/logo-competicion-4a.png",64,1999,107,NA,NA,1684,10495,NA,NA,TRUE,1235,1235,1196,"Jabones Pardo Fuenlabrada","Jabones Pardo","FUE",1233,332,"Canarias Telecom","Canarias Tel.","GCA",1,64,12000,3,18,16,20,41,48,15,25,60,19,12,31,7,5,10,0,1,2,2,28,21,43,0,0,9,0,0,576,82,0,0,0,0,0,0,0,0,0
1508607,1,"Liga Nacional","Liga Endesa",-402534000,NA,"https://www.acb.com/Documentos/Cabeceras/logo-competicion-1b.png","https://www.acb.com/Documentos/Cabeceras/logo-competicion-4a.png",64,1999,107,NA,NA,1684,10497,NA,NA,FALSE,1230,1244,1125,"Caja San Fernando","C. San Fernando","CSF",1230,211,"TAU Cerámica","TAU Cerámica","TAU",1,68,12000,4,7,57,24,46,52,8,9,88,18,8,26,10,10,12,0,2,3,1,14,16,77,0,0,10,0,0,612,69,0,0,0,0,0,0,0,0,0
1508606,1,"Liga Nacional","Liga Endesa",-402534000,NA,"https://www.acb.com/Documentos/Cabeceras/logo-competicion-1b.png","https://www.acb.com/Documentos/Cabeceras/logo-competicion-4a.png",64,1999,107,NA,NA,1684,10497,NA,NA,TRUE,1244,1244,1125,"Caja San Fernando","C. San Fernando","CSF",1230,211,"TAU Cerámica","TAU Cerámica","TAU",1,69,12000,7,21,33.33,21,35,60,6,7,85.71,16,10,26,12,6,12,0,3,2,2,16,14,71,0,0,0,1,0,69,68,0,NA,0,0,0,0,0,0,0
1508417,1,"Liga Nacional","Liga Endesa",-402534000,NA,"https://www.acb.com/Documentos/Cabeceras/logo-competicion-1b.png","https://www.acb.com/Documentos/Cabeceras/logo-competicion-4a.png",64,1999,107,NA,NA,1684,10489,NA,NA,FALSE,1236,1232,1371,"Cáceres CB","Cáceres CB","CAC",1236,1445,"Gijón Baloncesto","Gijón Bal.","GIJ",1,85,12000,11,24,45.83,20,46,43.48,12,21,57.14,24,18,42,10,8,14,0,2,3,1,36,22,68,0,0,1,0,0,85,91,0,NA,0,0,0,0,0,0,0
1508416,1,"Liga Nacional","Liga Endesa",-402534000,NA,"https://www.acb.com/Documentos/Cabeceras/logo-competicion-1b.png","https://www.acb.com/Documentos/Cabeceras/logo-competicion-4a.png",64,1999,107,NA,NA,1684,10489,NA,NA,TRUE,1232,1232,1371,"Cáceres CB","Cáceres CB","CAC",1236,1445,"Gijón Baloncesto","Gijón Bal.","GIJ",1,91,12000,8,15,53.33,19,37,51.35,29,45,64.44,24,7,31,15,11,12,0,3,2,1,22,36,110,0,0,0,1,0,91,85,0,NA,0,0,0,0,0,0,0
1508700,1,"Liga Nacional","Liga Endesa",-402534000,NA,"https://www.acb.com/Documentos/Cabeceras/logo-competicion-1b.png","https://www.acb.com/Documentos/Cabeceras/logo-competicion-4a.png",64,1999,107,NA,NA,1685,10501,NA,NA,FALSE,1240,1233,332,"Canarias Telecom","Canarias Tel.","GCA",1240,755,"Real Madrid","Real Madrid","RMB",1,66,12000,3,11,27,21,35,60,15,24,62,27,10,37,9,4,16,0,3,0,1,18,24,78,0,0,0,9,0,594,64,0,0,0,0,0,0,0,0,0
1508699,1,"Liga Nacional","Liga Endesa",-402534000,NA,"https://www.acb.com/Documentos/Cabeceras/logo-competicion-1b.png","https://www.acb.com/Documentos/Cabeceras/logo-competicion-4a.png",64,1999,107,NA,NA,1685,10501,NA,NA,TRUE,1233,1233,332,"Canarias Telecom","Canarias Tel.","GCA",1240,755,"Real Madrid","Real Madrid","RMB",1,64,12000,9,17,52,13,47,27,11,14,78,16,16,32,11,16,7,0,0,3,1,24,18,62,0,0,10,0,0,640,66,0,0,0,0,0,0,0,0,0
1508770,1,"Liga Nacional","Liga Endesa",-402534000,NA,"https://www.acb.com/Documentos/Cabeceras/logo-competicion-1b.png","https://www.acb.com/Documentos/Cabeceras/logo-competicion-4a.png",64,1999,107,NA,NA,1685,10504,NA,NA,TRUE,1234,1234,457,"Adecco Estudiantes","Adecco Estu","EST",1243,1049,"Unicaja","Unicaja","UNI",1,77,12000,3,10,30,22,40,55,24,30,80,25,10,35,16,5,11,0,1,3,0,17,25,97,0,0,0,11,0,847,60,0,0,0,0,0,0,0,0,0
1508771,1,"Liga Nacional","Liga Endesa",-402534000,NA,"https://www.acb.com/Documentos/Cabeceras/logo-competicion-1b.png","https://www.acb.com/Documentos/Cabeceras/logo-competicion-4a.png",64,1999,107,NA,NA,1685,10504,NA,NA,FALSE,1243,1234,457,"Adecco Estudiantes","Adecco Estu","EST",1243,1049,"Unicaja","Unicaja","UNI",1,60,12000,6,18,33,15,39,38,12,17,70,17,13,30,8,7,13,0,3,1,0,25,17,45,0,0,10,0,0,600,77,0,0,0,0,0,0,0,0,0
1508795,1,"Liga Nacional","Liga Endesa",-402534000,NA,"https://www.acb.com/Documentos/Cabeceras/logo-competicion-1b.png","https://www.acb.com/Documentos/Cabeceras/logo-competicion-4a.png",64,1999,107,NA,NA,1685,10505,NA,NA,FALSE,1239,1231,1353,"Breogán Universidade","Breogán Uni.","BRE",1239,1607,"León Caja España","León C. España","LEO",1,77,12000,5,12,41,24,38,63,14,14,100,18,7,25,10,9,12,0,2,2,5,20,18,86,0,0,0,10,0,770,67,0,0,0,0,0,0,0,0,0
1508794,1,"Liga Nacional","Liga Endesa",-402534000,NA,"https://www.acb.com/Documentos/Cabeceras/logo-competicion-1b.png","https://www.acb.com/Documentos/Cabeceras/logo-competicion-4a.png",64,1999,107,NA,NA,1685,10505,NA,NA,TRUE,1231,1231,1353,"Breogán Universidade","Breogán Uni.","BRE",1239,1607,"León Caja España","León C. España","LEO",1,67,12000,4,12,33.33,20,46,43.48,15,19,78.95,13,15,28,6,8,9,0,2,2,1,18,20,64,0,0,1,0,0,67,77,0,NA,0,0,0,0,0,0,0
1508626,1,"Liga Nacional","Liga Endesa",-402534000,NA,"https://www.acb.com/Documentos/Cabeceras/logo-competicion-1b.png","https://www.acb.com/Documentos/Cabeceras/logo-competicion-4a.png",64,1999,107,NA,NA,1685,10498,NA,NA,TRUE,1244,1244,1125,"Caja San Fernando","C. San Fernando","CSF",1232,1371,"Cáceres CB","Cáceres CB","CAC",1,74,12000,11,25,44,17,38,44.74,7,11,63.64,16,10,26,13,10,9,0,1,5,2,25,14,60,0,0,1,0,0,74,81,0,NA,0,0,0,0,0,0,0
1508627,1,"Liga Nacional","Liga Endesa",-402534000,NA,"https://www.acb.com/Documentos/Cabeceras/logo-competicion-1b.png","https://www.acb.com/Documentos/Cabeceras/logo-competicion-4a.png",64,1999,107,NA,NA,1685,10498,NA,NA,FALSE,1232,1244,1125,"Caja San Fernando","C. San Fernando","CSF",1232,1371,"Cáceres CB","Cáceres CB","CAC",1,81,12000,6,11,54.55,21,33,63.64,21,29,72.41,25,4,29,12,7,14,0,5,1,3,14,25,105,0,0,0,1,0,81,74,0,NA,0,0,0,0,0,0,0
1508649,1,"Liga Nacional","Liga Endesa",-402534000,NA,"https://www.acb.com/Documentos/Cabeceras/logo-competicion-1b.png","https://www.acb.com/Documentos/Cabeceras/logo-competicion-4a.png",64,1999,107,NA,NA,1685,10499,NA,NA,TRUE,1230,1230,211,"TAU Cerámica","TAU Cerámica","TAU",1238,622,"Pinturas Bruger Badalona","Pinturas Bruger","JOV",1,105,12000,4,10,40,35,51,68.63,23,32,71.88,21,9,30,25,9,10,0,3,1,6,16,25,139,0,0,0,1,0,105,82,0,NA,0,0,0,0,0,0,0
1508650,1,"Liga Nacional","Liga Endesa",-402534000,NA,"https://www.acb.com/Documentos/Cabeceras/logo-competicion-1b.png","https://www.acb.com/Documentos/Cabeceras/logo-competicion-4a.png",64,1999,107,NA,NA,1685,10499,NA,NA,FALSE,1238,1230,211,"TAU Cerámica","TAU Cerámica","TAU",1238,622,"Pinturas Bruger Badalona","Pinturas Bruger","JOV",1,82,12000,4,16,25,28,49,57.14,14,21,66.67,18,14,32,13,8,12,0,1,3,1,25,16,72,0,0,1,0,0,82,105,0,NA,0,0,0,0,0,0,0
1508677,1,"Liga Nacional","Liga Endesa",-402534000,NA,"https://www.acb.com/Documentos/Cabeceras/logo-competicion-1b.png","https://www.acb.com/Documentos/Cabeceras/logo-competicion-4a.png",64,1999,107,NA,NA,1685,10500,NA,NA,FALSE,1235,1229,97,"FC Barcelona","FC Barcelona","FCB",1235,1196,"Jabones Pardo Fuenlabrada","Jabones Pardo","FUE",1,54,12000,2,12,16,16,39,41,16,24,66,15,14,29,9,5,18,0,3,5,2,19,20,37,0,0,12,0,0,648,84,0,0,0,0,0,0,0,0,0
1508676,1,"Liga Nacional","Liga Endesa",-402534000,NA,"https://www.acb.com/Documentos/Cabeceras/logo-competicion-1b.png","https://www.acb.com/Documentos/Cabeceras/logo-competicion-4a.png",64,1999,107,NA,NA,1685,10500,NA,NA,TRUE,1229,1229,97,"FC Barcelona","FC Barcelona","FCB",1235,1196,"Jabones Pardo Fuenlabrada","Jabones Pardo","FUE",1,84,12000,6,18,33.33,24,42,57.14,18,26,69.23,23,15,38,13,14,10,0,5,3,6,20,19,102,0,0,0,1,0,84,54,0,NA,0,0,0,0,0,0,0
1508723,1,"Liga Nacional","Liga Endesa",-402534000,NA,"https://www.acb.com/Documentos/Cabeceras/logo-competicion-1b.png","https://www.acb.com/Documentos/Cabeceras/logo-competicion-4a.png",64,1999,107,NA,NA,1685,10502,NA,NA,TRUE,1246,1246,1848,"Fórum Valladolid","Fórum Vall.","FOR",1237,1465,"Casademont Girona","Casademont Gir.","GIR",1,61,12000,6,15,40,14,31,45,15,16,93,27,3,30,11,7,9,0,3,0,0,21,16,71,0,0,0,10,0,610,57,0,0,0,0,0,0,0,0,0
1508724,1,"Liga Nacional","Liga Endesa",-402534000,NA,"https://www.acb.com/Documentos/Cabeceras/logo-competicion-1b.png","https://www.acb.com/Documentos/Cabeceras/logo-competicion-4a.png",64,1999,107,NA,NA,1685,10502,NA,NA,FALSE,1237,1246,1848,"Fórum Valladolid","Fórum Vall.","FOR",1237,1465,"Casademont Girona","Casademont Gir.","GIR",1,57,12000,6,16,37.5,13,40,32.5,13,18,72.22,22,13,35,6,7,10,0,0,3,0,16,21,55,0,0,1,0,0,57,61,0,NA,0,0,0,0,0,0,0
1508744,1,"Liga Nacional","Liga Endesa",-402534000,NA,"https://www.acb.com/Documentos/Cabeceras/logo-competicion-1b.png","https://www.acb.com/Documentos/Cabeceras/logo-competicion-4a.png",64,1999,107,NA,NA,1685,10503,NA,NA,FALSE,1242,1241,865,"TDK Manresa","TDK Manresa","MAN",1242,954,"Pamesa Valencia","Pamesa Valencia","PAM",1,80,12000,4,13,30.77,26,44,59.09,16,22,72.73,18,9,27,12,5,11,0,0,0,3,22,20,78,0,0,1,0,0,80,89,0,NA,0,0,0,0,0,0,0
1508743,1,"Liga Nacional","Liga Endesa",-402534000,NA,"https://www.acb.com/Documentos/Cabeceras/logo-competicion-1b.png","https://www.acb.com/Documentos/Cabeceras/logo-competicion-4a.png",64,1999,107,NA,NA,1685,10503,NA,NA,TRUE,1241,1241,865,"TDK Manresa","TDK Manresa","MAN",1242,954,"Pamesa Valencia","Pamesa Valencia","PAM",1,89,12000,5,12,41.67,30,50,60,14,17,82.35,20,11,31,19,10,8,0,0,0,3,20,22,113,0,0,0,1,0,89,80,0,NA,0,0,0,0,0,0,0
1508813,1,"Liga Nacional","Liga Endesa",-402534000,NA,"https://www.acb.com/Documentos/Cabeceras/logo-competicion-1b.png","https://www.acb.com/Documentos/Cabeceras/logo-competicion-4a.png",64,1999,107,NA,NA,1685,10506,NA,NA,TRUE,1245,1245,1803,"Cantabria Lobos","Cantabria Lobos","CAN",1236,1445,"Gijón Baloncesto","Gijón Bal.","GIJ",1,81,12000,10,18,55.56,18,37,48.65,15,23,65.22,24,9,33,9,8,10,0,5,1,1,20,22,92,0,0,0,1,0,81,61,0,NA,0,0,0,0,0,0,0
1508814,1,"Liga Nacional","Liga Endesa",-402534000,NA,"https://www.acb.com/Documentos/Cabeceras/logo-competicion-1b.png","https://www.acb.com/Documentos/Cabeceras/logo-competicion-4a.png",64,1999,107,NA,NA,1685,10506,NA,NA,FALSE,1236,1245,1803,"Cantabria Lobos","Cantabria Lobos","CAN",1236,1445,"Gijón Baloncesto","Gijón Bal.","GIJ",1,61,12000,5,15,33.33,19,43,44.19,8,12,66.67,22,12,34,3,7,14,0,1,5,5,22,20,47,0,0,1,0,0,61,81,0,NA,0,0,0,0,0,0,0
1508898,1,"Liga Nacional","Liga Endesa",-402534000,NA,"https://www.acb.com/Documentos/Cabeceras/logo-competicion-1b.png","https://www.acb.com/Documentos/Cabeceras/logo-competicion-4a.png",64,1999,107,NA,NA,1686,10510,NA,NA,TRUE,1243,1243,1049,"Unicaja","Unicaja","UNI",1241,865,"TDK Manresa","TDK Manresa","MAN",1,100,12000,10,16,62,27,44,61,16,17,94,22,6,28,25,6,11,0,4,0,2,21,21,128,0,0,0,11,0,1100,83,0,0,0,0,0,0,0,0,0
1508899,1,"Liga Nacional","Liga Endesa",-402534000,NA,"https://www.acb.com/Documentos/Cabeceras/logo-competicion-1b.png","https://www.acb.com/Documentos/Cabeceras/logo-competicion-4a.png",64,1999,107,NA,NA,1686,10510,NA,NA,FALSE,1241,1243,1049,"Unicaja","Unicaja","UNI",1241,865,"TDK Manresa","TDK Manresa","MAN",1,83,12000,6,12,50,23,45,51.11,19,24,79.17,17,8,25,11,10,14,0,0,4,3,21,21,78,0,0,1,0,0,83,100,0,NA,0,0,0,0,0,0,0
1508833,1,"Liga Nacional","Liga Endesa",-402534000,NA,"https://www.acb.com/Documentos/Cabeceras/logo-competicion-1b.png","https://www.acb.com/Documentos/Cabeceras/logo-competicion-4a.png",64,1999,107,NA,NA,1686,10507,NA,NA,TRUE,1232,1232,1371,"Cáceres CB","Cáceres CB","CAC",1245,1803,"Cantabria Lobos","Cantabria Lobos","CAN",1,66,12000,5,13,38.46,19,41,46.34,13,15,86.67,30,6,36,9,3,7,0,3,1,1,13,17,81,0,0,0,1,0,66,58,0,NA,0,0,0,0,0,0,0
1508834,1,"Liga Nacional","Liga Endesa",-402534000,NA,"https://www.acb.com/Documentos/Cabeceras/logo-competicion-1b.png","https://www.acb.com/Documentos/Cabeceras/logo-competicion-4a.png",64,1999,107,NA,NA,1686,10507,NA,NA,FALSE,1245,1232,1371,"Cáceres CB","Cáceres CB","CAC",1245,1803,"Cantabria Lobos","Cantabria Lobos","CAN",1,58,12000,7,28,25,14,32,43.75,9,11,81.82,24,12,36,7,7,7,0,1,3,1,17,13,54,0,0,1,0,0,58,66,0,NA,0,0,0,0,0,0,0
1508994,1,"Liga Nacional","Liga Endesa",-402534000,NA,"https://www.acb.com/Documentos/Cabeceras/logo-competicion-1b.png","https://www.acb.com/Documentos/Cabeceras/logo-competicion-4a.png",64,1999,107,NA,NA,1686,10514,NA,NA,TRUE,1235,1235,1196,"Jabones Pardo Fuenlabrada","Jabones Pardo","FUE",1230,211,"TAU Cerámica","TAU Cerámica","TAU",1,81,12000,7,18,38,22,38,57,16,18,88,17,12,29,6,5,14,0,4,0,1,24,18,76,0,0,9,0,0,729,91,0,0,0,0,0,0,0,0,0
1508995,1,"Liga Nacional","Liga Endesa",-402534000,NA,"https://www.acb.com/Documentos/Cabeceras/logo-competicion-1b.png","https://www.acb.com/Documentos/Cabeceras/logo-competicion-4a.png",64,1999,107,NA,NA,1686,10514,NA,NA,FALSE,1230,1235,1196,"Jabones Pardo Fuenlabrada","Jabones Pardo","FUE",1230,211,"TAU Cerámica","TAU Cerámica","TAU",1,91,12000,3,9,33.33,31,50,62,20,30,66.67,15,12,27,12,8,5,0,0,4,3,18,24,100,0,0,0,1,0,91,81,0,NA,0,0,0,0,0,0,0
1508877,1,"Liga Nacional","Liga Endesa",-402534000,NA,"https://www.acb.com/Documentos/Cabeceras/logo-competicion-1b.png","https://www.acb.com/Documentos/Cabeceras/logo-competicion-4a.png",64,1999,107,NA,NA,1686,10509,NA,NA,FALSE,1234,1239,1607,"León Caja España","León C. España","LEO",1234,457,"Adecco Estudiantes","Adecco Estu","EST",1,68,12000,4,16,25,19,34,55,18,23,78,13,7,20,10,13,16,0,1,2,1,24,22,60,0,0,9,0,0,612,80,0,0,0,0,0,0,0,0,0
1508876,1,"Liga Nacional","Liga Endesa",-402534000,NA,"https://www.acb.com/Documentos/Cabeceras/logo-competicion-1b.png","https://www.acb.com/Documentos/Cabeceras/logo-competicion-4a.png",64,1999,107,NA,NA,1686,10509,NA,NA,TRUE,1239,1239,1607,"León Caja España","León C. España","LEO",1234,457,"Adecco Estudiantes","Adecco Estu","EST",1,80,12000,4,9,44.44,24,39,61.54,20,27,74.07,16,10,26,13,12,15,0,2,1,5,22,24,92,0,0,0,1,0,80,68,0,NA,0,0,0,0,0,0,0
1508924,1,"Liga Nacional","Liga Endesa",-402534000,NA,"https://www.acb.com/Documentos/Cabeceras/logo-competicion-1b.png","https://www.acb.com/Documentos/Cabeceras/logo-competicion-4a.png",64,1999,107,NA,NA,1686,10511,NA,NA,FALSE,1246,1242,954,"Pamesa Valencia","Pamesa Valencia","PAM",1246,1848,"Fórum Valladolid","Fórum Vall.","FOR",1,76,12000,7,16,43,21,34,61,13,17,76,19,7,26,16,4,12,0,1,1,0,23,16,77,0,0,11,0,0,836,85,0,0,0,0,0,0,0,0,0
1508923,1,"Liga Nacional","Liga Endesa",-402534000,NA,"https://www.acb.com/Documentos/Cabeceras/logo-competicion-1b.png","https://www.acb.com/Documentos/Cabeceras/logo-competicion-4a.png",64,1999,107,NA,NA,1686,10511,NA,NA,TRUE,1242,1242,954,"Pamesa Valencia","Pamesa Valencia","PAM",1246,1848,"Fórum Valladolid","Fórum Vall.","FOR",1,85,12000,6,16,37.5,21,48,43.75,25,29,86.21,16,18,34,11,8,5,0,1,1,2,16,23,99,0,0,0,1,0,85,76,0,NA,0,0,0,0,0,0,0
1508950,1,"Liga Nacional","Liga Endesa",-402534000,NA,"https://www.acb.com/Documentos/Cabeceras/logo-competicion-1b.png","https://www.acb.com/Documentos/Cabeceras/logo-competicion-4a.png",64,1999,107,NA,NA,1686,10512,NA,NA,FALSE,1233,1237,1465,"Casademont Girona","Casademont Gir.","GIR",1233,332,"Canarias Telecom","Canarias Tel.","GCA",1,60,12000,5,16,31,19,50,38,7,10,70,15,11,26,2,10,15,0,3,2,0,26,18,31,0,0,11,0,0,660,88,0,0,0,0,0,0,0,0,0
1508949,1,"Liga Nacional","Liga Endesa",-402534000,NA,"https://www.acb.com/Documentos/Cabeceras/logo-competicion-1b.png","https://www.acb.com/Documentos/Cabeceras/logo-competicion-4a.png",64,1999,107,NA,NA,1686,10512,NA,NA,TRUE,1237,1237,1465,"Casademont Girona","Casademont Gir.","GIR",1233,332,"Canarias Telecom","Canarias Tel.","GCA",1,88,12000,5,12,41.67,27,41,65.85,19,32,59.38,32,9,41,11,9,15,0,2,3,3,18,26,107,0,0,0,1,0,88,60,0,NA,0,0,0,0,0,0,0
1509016,1,"Liga Nacional","Liga Endesa",-402534000,NA,"https://www.acb.com/Documentos/Cabeceras/logo-competicion-1b.png","https://www.acb.com/Documentos/Cabeceras/logo-competicion-4a.png",64,1999,107,NA,NA,1686,10515,NA,NA,TRUE,1238,1238,622,"Pinturas Bruger Badalona","Pinturas Bruger","JOV",1244,1125,"Caja San Fernando","C. San Fernando","CSF",1,67,12000,3,6,50,20,48,41.67,18,28,64.29,22,8,30,13,5,11,0,2,0,1,22,24,67,0,0,0,1,0,67,64,0,NA,0,0,0,0,0,0,0
1509017,1,"Liga Nacional","Liga Endesa",-402534000,NA,"https://www.acb.com/Documentos/Cabeceras/logo-competicion-1b.png","https://www.acb.com/Documentos/Cabeceras/logo-competicion-4a.png",64,1999,107,NA,NA,1686,10515,NA,NA,FALSE,1244,1238,622,"Pinturas Bruger Badalona","Pinturas Bruger","JOV",1244,1125,"Caja San Fernando","C. San Fernando","CSF",1,64,12000,2,7,28.57,19,40,47.5,20,24,83.33,25,6,31,6,9,16,0,0,2,1,24,22,60,0,0,1,0,0,64,67,0,NA,0,0,0,0,0,0,0
1508855,1,"Liga Nacional","Liga Endesa",-402534000,NA,"https://www.acb.com/Documentos/Cabeceras/logo-competicion-1b.png","https://www.acb.com/Documentos/Cabeceras/logo-competicion-4a.png",64,1999,107,NA,NA,1686,10508,NA,NA,FALSE,1231,1236,1445,"Gijón Baloncesto","Gijón Bal.","GIJ",1231,1353,"Breogán Universidade","Breogán Uni.","BRE",1,61,12000,4,6,66,16,37,43,17,22,77,29,10,39,5,7,24,0,5,4,0,16,24,69,0,0,0,9,0,549,60,0,0,0,0,0,0,0,0,0
1508854,1,"Liga Nacional","Liga Endesa",-402534000,NA,"https://www.acb.com/Documentos/Cabeceras/logo-competicion-1b.png","https://www.acb.com/Documentos/Cabeceras/logo-competicion-4a.png",64,1999,107,NA,NA,1686,10508,NA,NA,TRUE,1236,1236,1445,"Gijón Baloncesto","Gijón Bal.","GIJ",1231,1353,"Breogán Universidade","Breogán Uni.","BRE",1,60,12000,9,17,52.94,11,39,28.21,11,12,91.67,15,9,24,11,9,12,0,4,5,3,24,16,46,0,0,1,0,0,60,61,0,NA,0,0,0,0,0,0,0
1508973,1,"Liga Nacional","Liga Endesa",-402534000,NA,"https://www.acb.com/Documentos/Cabeceras/logo-competicion-1b.png","https://www.acb.com/Documentos/Cabeceras/logo-competicion-4a.png",64,1999,107,NA,NA,1686,10513,NA,NA,TRUE,1240,1240,755,"Real Madrid","Real Madrid","RMB",1229,97,"FC Barcelona","FC Barcelona","FCB",1,63,12000,3,13,23,20,39,51,14,28,50,19,9,28,10,8,11,0,4,5,3,19,27,62,0,0,9,0,0,567,72,0,0,0,0,0,0,0,0,0
1508974,1,"Liga Nacional","Liga Endesa",-402534000,NA,"https://www.acb.com/Documentos/Cabeceras/logo-competicion-1b.png","https://www.acb.com/Documentos/Cabeceras/logo-competicion-4a.png",64,1999,107,NA,NA,1686,10513,NA,NA,FALSE,1229,1240,755,"Real Madrid","Real Madrid","RMB",1229,97,"FC Barcelona","FC Barcelona","FCB",1,72,12000,7,16,43.75,21,39,53.85,9,14,64.29,25,9,34,10,10,13,0,5,4,4,27,19,74,0,0,0,1,0,72,63,0,NA,0,0,0,0,0,0,0
1509039,1,"Liga Nacional","Liga Endesa",-402534000,NA,"https://www.acb.com/Documentos/Cabeceras/logo-competicion-1b.png","https://www.acb.com/Documentos/Cabeceras/logo-competicion-4a.png",64,1999,107,NA,NA,1687,10516,NA,NA,TRUE,1238,1238,622,"Pinturas Bruger Badalona","Pinturas Bruger","JOV",1232,1371,"Cáceres CB","Cáceres CB","CAC",1,67,12000,7,17,41.18,19,37,51.35,8,12,66.67,23,6,29,11,8,11,0,0,2,0,20,20,70,0,0,0,1,0,67,58,0,NA,0,0,0,0,0,0,0
1509040,1,"Liga Nacional","Liga Endesa",-402534000,NA,"https://www.acb.com/Documentos/Cabeceras/logo-competicion-1b.png","https://www.acb.com/Documentos/Cabeceras/logo-competicion-4a.png",64,1999,107,NA,NA,1687,10516,NA,NA,FALSE,1232,1238,622,"Pinturas Bruger Badalona","Pinturas Bruger","JOV",1232,1371,"Cáceres CB","Cáceres CB","CAC",1,58,12000,4,11,36.36,16,36,44.44,14,21,66.67,23,6,29,4,4,14,0,2,0,2,20,20,49,0,0,1,0,0,58,67,0,NA,0,0,0,0,0,0,0
1509203,1,"Liga Nacional","Liga Endesa",-402534000,NA,"https://www.acb.com/Documentos/Cabeceras/logo-competicion-1b.png","https://www.acb.com/Documentos/Cabeceras/logo-competicion-4a.png",64,1999,107,NA,NA,1687,10523,NA,NA,FALSE,1236,1234,457,"Adecco Estudiantes","Adecco Estu","EST",1236,1445,"Gijón Baloncesto","Gijón Bal.","GIJ",1,66,12000,8,20,40,12,27,44.44,18,24,75,21,9,30,5,11,22,0,4,2,0,17,23,65,0,0,1,0,0,66,68,0,NA,0,0,0,0,0,0,0
1509202,1,"Liga Nacional","Liga Endesa",-402534000,NA,"https://www.acb.com/Documentos/Cabeceras/logo-competicion-1b.png","https://www.acb.com/Documentos/Cabeceras/logo-competicion-4a.png",64,1999,107,NA,NA,1687,10523,NA,NA,TRUE,1234,1234,457,"Adecco Estudiantes","Adecco Estu","EST",1236,1445,"Gijón Baloncesto","Gijón Bal.","GIJ",1,68,12000,5,19,26,18,40,45,17,20,85,19,14,33,11,13,18,0,2,4,0,23,17,60,0,0,0,10,0,680,66,0,0,0,0,0,0,0,0,0
1509132,1,"Liga Nacional","Liga Endesa",-402534000,NA,"https://www.acb.com/Documentos/Cabeceras/logo-competicion-1b.png","https://www.acb.com/Documentos/Cabeceras/logo-competicion-4a.png",64,1999,107,NA,NA,1687,10520,NA,NA,TRUE,1233,1233,332,"Canarias Telecom","Canarias Tel.","GCA",1242,954,"Pamesa Valencia","Pamesa Valencia","PAM",1,69,12000,8,16,50,20,43,46,5,10,50,24,13,37,17,9,14,0,5,3,3,16,17,85,0,0,0,10,0,690,60,0,0,0,0,0,0,0,0,0
1509133,1,"Liga Nacional","Liga Endesa",-402534000,NA,"https://www.acb.com/Documentos/Cabeceras/logo-competicion-1b.png","https://www.acb.com/Documentos/Cabeceras/logo-competicion-4a.png",64,1999,107,NA,NA,1687,10520,NA,NA,FALSE,1242,1233,332,"Canarias Telecom","Canarias Tel.","GCA",1242,954,"Pamesa Valencia","Pamesa Valencia","PAM",1,60,12000,2,15,13.33,21,42,50,12,16,75,19,11,30,6,8,11,0,3,5,4,17,16,52,0,0,1,0,0,60,69,0,NA,0,0,0,0,0,0,0
1509063,1,"Liga Nacional","Liga Endesa",-402534000,NA,"https://www.acb.com/Documentos/Cabeceras/logo-competicion-1b.png","https://www.acb.com/Documentos/Cabeceras/logo-competicion-4a.png",64,1999,107,NA,NA,1687,10517,NA,NA,FALSE,1235,1244,1125,"Caja San Fernando","C. San Fernando","CSF",1235,1196,"Jabones Pardo Fuenlabrada","Jabones Pardo","FUE",1,69,12000,7,12,58,18,33,54,12,18,66,19,5,24,11,8,11,0,1,2,2,19,18,73,0,0,0,10,0,690,59,0,0,0,0,0,0,0,0,0
1509062,1,"Liga Nacional","Liga Endesa",-402534000,NA,"https://www.acb.com/Documentos/Cabeceras/logo-competicion-1b.png","https://www.acb.com/Documentos/Cabeceras/logo-competicion-4a.png",64,1999,107,NA,NA,1687,10517,NA,NA,TRUE,1244,1244,1125,"Caja San Fernando","C. San Fernando","CSF",1235,1196,"Jabones Pardo Fuenlabrada","Jabones Pardo","FUE",1,59,12000,6,17,35.29,14,27,51.85,13,13,100,14,5,19,10,10,13,0,2,1,1,18,19,63,0,0,1,0,0,59,69,0,NA,0,0,0,0,0,0,0
1509181,1,"Liga Nacional","Liga Endesa",-402534000,NA,"https://www.acb.com/Documentos/Cabeceras/logo-competicion-1b.png","https://www.acb.com/Documentos/Cabeceras/logo-competicion-4a.png",64,1999,107,NA,NA,1687,10522,NA,NA,FALSE,1239,1241,865,"TDK Manresa","TDK Manresa","MAN",1239,1607,"León Caja España","León C. España","LEO",1,61,12000,4,21,19.05,22,44,50,5,11,45.45,24,12,36,8,12,15,0,4,2,1,23,15,51,0,0,1,0,0,61,69,0,NA,0,0,0,0,0,0,0
1509180,1,"Liga Nacional","Liga Endesa",-402534000,NA,"https://www.acb.com/Documentos/Cabeceras/logo-competicion-1b.png","https://www.acb.com/Documentos/Cabeceras/logo-competicion-4a.png",64,1999,107,NA,NA,1687,10522,NA,NA,TRUE,1241,1241,865,"TDK Manresa","TDK Manresa","MAN",1239,1607,"León Caja España","León C. España","LEO",1,69,12000,7,14,50,17,43,39.53,14,23,60.87,31,11,42,14,12,15,0,2,4,0,15,23,86,0,0,0,1,0,69,61,0,NA,0,0,0,0,0,0,0
1509225,1,"Liga Nacional","Liga Endesa",-402534000,NA,"https://www.acb.com/Documentos/Cabeceras/logo-competicion-1b.png","https://www.acb.com/Documentos/Cabeceras/logo-competicion-4a.png",64,1999,107,NA,NA,1687,10524,NA,NA,TRUE,1231,1231,1353,"Breogán Universidade","Breogán Uni.","BRE",1245,1803,"Cantabria Lobos","Cantabria Lobos","CAN",1,79,12000,6,11,54,24,46,52,13,18,72,24,6,30,14,12,15,0,3,4,2,21,22,88,0,0,0,11,0,869,69,0,0,0,0,0,0,0,0,0
1509226,1,"Liga Nacional","Liga Endesa",-402534000,NA,"https://www.acb.com/Documentos/Cabeceras/logo-competicion-1b.png","https://www.acb.com/Documentos/Cabeceras/logo-competicion-4a.png",64,1999,107,NA,NA,1687,10524,NA,NA,FALSE,1245,1231,1353,"Breogán Universidade","Breogán Uni.","BRE",1245,1803,"Cantabria Lobos","Cantabria Lobos","CAN",1,69,12000,3,14,21.43,21,38,55.26,18,25,72,18,4,22,6,8,13,0,4,3,0,22,21,57,0,0,1,0,0,69,79,0,NA,0,0,0,0,0,0,0
1509161,1,"Liga Nacional","Liga Endesa",-402534000,NA,"https://www.acb.com/Documentos/Cabeceras/logo-competicion-1b.png","https://www.acb.com/Documentos/Cabeceras/logo-competicion-4a.png",64,1999,107,NA,NA,1687,10521,NA,NA,FALSE,1243,1246,1848,"Fórum Valladolid","Fórum Vall.","FOR",1243,1049,"Unicaja","Unicaja","UNI",1,66,12000,3,22,13,22,45,48,13,17,76,23,13,36,8,6,8,0,1,5,0,18,18,58,0,0,11,0,0,726,81,0,0,0,0,0,0,0,0,0
1509160,1,"Liga Nacional","Liga Endesa",-402534000,NA,"https://www.acb.com/Documentos/Cabeceras/logo-competicion-1b.png","https://www.acb.com/Documentos/Cabeceras/logo-competicion-4a.png",64,1999,107,NA,NA,1687,10521,NA,NA,TRUE,1246,1246,1848,"Fórum Valladolid","Fórum Vall.","FOR",1243,1049,"Unicaja","Unicaja","UNI",1,81,12000,8,22,36,25,37,67,7,10,70,28,5,33,19,2,8,0,5,1,0,18,18,102,0,0,0,13,0,1053,66,0,0,0,0,0,0,0,0,0
1509085,1,"Liga Nacional","Liga Endesa",-402534000,NA,"https://www.acb.com/Documentos/Cabeceras/logo-competicion-1b.png","https://www.acb.com/Documentos/Cabeceras/logo-competicion-4a.png",64,1999,107,NA,NA,1687,10518,NA,NA,FALSE,1240,1230,211,"TAU Cerámica","TAU Cerámica","TAU",1240,755,"Real Madrid","Real Madrid","RMB",1,74,12000,3,13,23,23,43,53,19,28,67,24,14,38,15,9,11,0,1,5,3,21,24,85,0,0,0,9,0,666,73,0,0,0,0,0,0,0,0,0
1509084,1,"Liga Nacional","Liga Endesa",-402534000,NA,"https://www.acb.com/Documentos/Cabeceras/logo-competicion-1b.png","https://www.acb.com/Documentos/Cabeceras/logo-competicion-4a.png",64,1999,107,NA,NA,1687,10518,NA,NA,TRUE,1230,1230,211,"TAU Cerámica","TAU Cerámica","TAU",1240,755,"Real Madrid","Real Madrid","RMB",1,73,12000,6,17,35,17,31,54,21,29,72,17,5,22,18,5,10,0,5,1,3,24,21,76,0,0,10,0,0,657,74,0,0,0,0,0,0,0,0,0
1509109,1,"Liga Nacional","Liga Endesa",-402534000,NA,"https://www.acb.com/Documentos/Cabeceras/logo-competicion-1b.png","https://www.acb.com/Documentos/Cabeceras/logo-competicion-4a.png",64,1999,107,NA,NA,1687,10519,NA,NA,TRUE,1229,1229,97,"FC Barcelona","FC Barcelona","FCB",1237,1465,"Casademont Girona","Casademont Gir.","GIR",1,93,12000,11,26,42.31,22,32,68.75,16,22,72.73,21,11,32,13,8,10,0,3,0,7,21,20,107,0,0,0,1,0,93,67,0,NA,0,0,0,0,0,0,0
1509110,1,"Liga Nacional","Liga Endesa",-402534000,NA,"https://www.acb.com/Documentos/Cabeceras/logo-competicion-1b.png","https://www.acb.com/Documentos/Cabeceras/logo-competicion-4a.png",64,1999,107,NA,NA,1687,10519,NA,NA,FALSE,1237,1229,97,"FC Barcelona","FC Barcelona","FCB",1237,1465,"Casademont Girona","Casademont Gir.","GIR",1,67,12000,1,6,16.67,22,42,52.38,20,29,68.97,17,8,25,16,7,13,0,0,3,3,20,21,66,0,0,1,0,0,67,93,0,NA,0,0,0,0,0,0,0
1509254,1,"Liga Nacional","Liga Endesa",-402534000,NA,"https://www.acb.com/Documentos/Cabeceras/logo-competicion-1b.png","https://www.acb.com/Documentos/Cabeceras/logo-competicion-4a.png",64,1999,107,NA,NA,1688,10525,NA,NA,FALSE,1231,1232,1371,"Cáceres CB","Cáceres CB","CAC",1231,1353,"Breogán Universidade","Breogán Uni.","BRE",1,56,12000,1,8,12,22,56,39,9,16,56,25,11,36,5,7,11,0,2,6,2,24,20,37,0,0,12,0,0,672,74,0,0,0,0,0,0,0,0,0
1509253,1,"Liga Nacional","Liga Endesa",-402534000,NA,"https://www.acb.com/Documentos/Cabeceras/logo-competicion-1b.png","https://www.acb.com/Documentos/Cabeceras/logo-competicion-4a.png",64,1999,107,NA,NA,1688,10525,NA,NA,TRUE,1232,1232,1371,"Cáceres CB","Cáceres CB","CAC",1231,1353,"Breogán Universidade","Breogán Uni.","BRE",1,74,12000,7,16,43,20,41,48,13,24,54,30,11,41,18,9,13,0,6,2,1,20,24,96,0,0,0,12,0,888,56,0,0,0,0,0,0,0,0,0
1509282,1,"Liga Nacional","Liga Endesa",-402534000,NA,"https://www.acb.com/Documentos/Cabeceras/logo-competicion-1b.png","https://www.acb.com/Documentos/Cabeceras/logo-competicion-4a.png",64,1999,107,NA,NA,1688,10526,NA,NA,FALSE,1234,1245,1803,"Cantabria Lobos","Cantabria Lobos","CAN",1234,457,"Adecco Estudiantes","Adecco Estu","EST",1,88,12000,7,15,46,28,48,58,11,16,68,30,12,42,7,4,7,0,3,4,2,23,17,94,0,0,0,12,0,1056,68,0,0,0,0,0,0,0,0,0
1509281,1,"Liga Nacional","Liga Endesa",-402534000,NA,"https://www.acb.com/Documentos/Cabeceras/logo-competicion-1b.png","https://www.acb.com/Documentos/Cabeceras/logo-competicion-4a.png",64,1999,107,NA,NA,1688,10526,NA,NA,TRUE,1245,1245,1803,"Cantabria Lobos","Cantabria Lobos","CAN",1234,457,"Adecco Estudiantes","Adecco Estu","EST",1,68,12000,5,19,26.32,19,48,39.58,15,24,62.5,15,17,32,12,6,4,0,4,3,6,17,23,69,0,0,1,0,0,68,88,0,NA,0,0,0,0,0,0,0
1509301,1,"Liga Nacional","Liga Endesa",-402534000,NA,"https://www.acb.com/Documentos/Cabeceras/logo-competicion-1b.png","https://www.acb.com/Documentos/Cabeceras/logo-competicion-4a.png",64,1999,107,NA,NA,1688,10527,NA,NA,TRUE,1236,1236,1445,"Gijón Baloncesto","Gijón Bal.","GIJ",1241,865,"TDK Manresa","TDK Manresa","MAN",1,95,13500,5,20,25,32,50,64,16,24,66.67,30,13,43,14,7,13,0,4,0,3,24,23,108,0,0,0,1,0,95,91,0,NA,0,0,0,0,0,0,0
1509302,1,"Liga Nacional","Liga Endesa",-402534000,NA,"https://www.acb.com/Documentos/Cabeceras/logo-competicion-1b.png","https://www.acb.com/Documentos/Cabeceras/logo-competicion-4a.png",64,1999,107,NA,NA,1688,10527,NA,NA,FALSE,1241,1236,1445,"Gijón Baloncesto","Gijón Bal.","GIJ",1241,865,"TDK Manresa","TDK Manresa","MAN",1,91,13500,8,18,44.44,20,52,38.46,27,39,69.23,25,16,41,10,8,9,0,0,4,2,23,24,84,0,0,1,0,0,91,95,0,NA,0,0,0,0,0,0,0
1509326,1,"Liga Nacional","Liga Endesa",-402534000,NA,"https://www.acb.com/Documentos/Cabeceras/logo-competicion-1b.png","https://www.acb.com/Documentos/Cabeceras/logo-competicion-4a.png",64,1999,107,NA,NA,1688,10528,NA,NA,FALSE,1246,1239,1607,"León Caja España","León C. España","LEO",1246,1848,"Fórum Valladolid","Fórum Vall.","FOR",1,84,12000,9,21,42,15,29,51,27,35,77,26,9,35,12,5,10,0,2,1,1,18,26,101,0,0,0,9,0,756,66,0,0,0,0,0,0,0,0,0
1509325,1,"Liga Nacional","Liga Endesa",-402534000,NA,"https://www.acb.com/Documentos/Cabeceras/logo-competicion-1b.png","https://www.acb.com/Documentos/Cabeceras/logo-competicion-4a.png",64,1999,107,NA,NA,1688,10528,NA,NA,TRUE,1239,1239,1607,"León Caja España","León C. España","LEO",1246,1848,"Fórum Valladolid","Fórum Vall.","FOR",1,66,12000,6,23,26,19,48,39,10,14,71,20,17,37,9,10,8,0,1,2,4,26,18,55,0,0,11,0,0,726,84,0,0,0,0,0,0,0,0,0
1509347,1,"Liga Nacional","Liga Endesa",-402534000,NA,"https://www.acb.com/Documentos/Cabeceras/logo-competicion-1b.png","https://www.acb.com/Documentos/Cabeceras/logo-competicion-4a.png",64,1999,107,NA,NA,1688,10529,NA,NA,TRUE,1243,1243,1049,"Unicaja","Unicaja","UNI",1233,332,"Canarias Telecom","Canarias Tel.","GCA",1,63,12000,5,22,22,17,31,54,14,16,87,20,6,26,9,10,9,0,2,1,0,20,15,62,0,0,10,0,0,630,68,0,0,0,0,0,0,0,0,0
1509348,1,"Liga Nacional","Liga Endesa",-402534000,NA,"https://www.acb.com/Documentos/Cabeceras/logo-competicion-1b.png","https://www.acb.com/Documentos/Cabeceras/logo-competicion-4a.png",64,1999,107,NA,NA,1688,10529,NA,NA,FALSE,1233,1243,1049,"Unicaja","Unicaja","UNI",1233,332,"Canarias Telecom","Canarias Tel.","GCA",1,68,12000,6,17,35.29,19,43,44.19,12,16,75,25,16,41,10,5,12,0,1,2,1,15,20,77,0,0,0,1,0,68,63,0,NA,0,0,0,0,0,0,0
1509372,1,"Liga Nacional","Liga Endesa",-402534000,NA,"https://www.acb.com/Documentos/Cabeceras/logo-competicion-1b.png","https://www.acb.com/Documentos/Cabeceras/logo-competicion-4a.png",64,1999,107,NA,NA,1688,10530,NA,NA,TRUE,1242,1242,954,"Pamesa Valencia","Pamesa Valencia","PAM",1229,97,"FC Barcelona","FC Barcelona","FCB",1,70,12000,6,13,46.15,19,38,50,14,20,70,14,15,29,12,6,12,0,3,1,2,12,20,83,0,0,1,0,0,70,73,0,NA,0,0,0,0,0,0,0
1509373,1,"Liga Nacional","Liga Endesa",-402534000,NA,"https://www.acb.com/Documentos/Cabeceras/logo-competicion-1b.png","https://www.acb.com/Documentos/Cabeceras/logo-competicion-4a.png",64,1999,107,NA,NA,1688,10530,NA,NA,FALSE,1229,1242,954,"Pamesa Valencia","Pamesa Valencia","PAM",1229,97,"FC Barcelona","FC Barcelona","FCB",1,73,12000,6,19,31.58,24,44,54.55,7,7,100,15,17,32,18,8,8,0,1,3,7,20,12,80,0,0,0,1,0,73,70,0,NA,0,0,0,0,0,0,0
1509397,1,"Liga Nacional","Liga Endesa",-402534000,NA,"https://www.acb.com/Documentos/Cabeceras/logo-competicion-1b.png","https://www.acb.com/Documentos/Cabeceras/logo-competicion-4a.png",64,1999,107,NA,NA,1688,10531,NA,NA,FALSE,1230,1237,1465,"Casademont Girona","Casademont Gir.","GIR",1230,211,"TAU Cerámica","TAU Cerámica","TAU",1,84,12000,7,23,30,23,45,51,17,18,94,21,15,36,8,10,13,0,3,5,0,25,20,79,0,0,11,0,0,840,90,0,0,0,0,0,0,0,0,0
1509396,1,"Liga Nacional","Liga Endesa",-402534000,NA,"https://www.acb.com/Documentos/Cabeceras/logo-competicion-1b.png","https://www.acb.com/Documentos/Cabeceras/logo-competicion-4a.png",64,1999,107,NA,NA,1688,10531,NA,NA,TRUE,1237,1237,1465,"Casademont Girona","Casademont Gir.","GIR",1230,211,"TAU Cerámica","TAU Cerámica","TAU",1,90,12000,10,16,62.5,15,35,42.86,30,41,73.17,24,11,35,15,10,13,0,5,3,2,20,25,107,0,0,0,1,0,90,84,0,NA,0,0,0,0,0,0,0
1509423,1,"Liga Nacional","Liga Endesa",-402534000,NA,"https://www.acb.com/Documentos/Cabeceras/logo-competicion-1b.png","https://www.acb.com/Documentos/Cabeceras/logo-competicion-4a.png",64,1999,107,NA,NA,1688,10532,NA,NA,TRUE,1240,1240,755,"Real Madrid","Real Madrid","RMB",1244,1125,"Caja San Fernando","C. San Fernando","CSF",1,62,12000,1,5,20,19,44,43,21,29,72,29,15,44,11,13,17,0,1,5,2,20,24,76,0,0,0,12,0,744,44,0,0,0,0,0,0,0,0,0
1509424,1,"Liga Nacional","Liga Endesa",-402534000,NA,"https://www.acb.com/Documentos/Cabeceras/logo-competicion-1b.png","https://www.acb.com/Documentos/Cabeceras/logo-competicion-4a.png",64,1999,107,NA,NA,1688,10532,NA,NA,FALSE,1244,1240,755,"Real Madrid","Real Madrid","RMB",1244,1125,"Caja San Fernando","C. San Fernando","CSF",1,44,12000,3,16,18.75,12,34,35.29,11,21,52.38,19,11,30,8,11,15,0,5,1,0,24,20,33,0,0,1,0,0,44,62,0,NA,0,0,0,0,0,0,0
1509447,1,"Liga Nacional","Liga Endesa",-402534000,NA,"https://www.acb.com/Documentos/Cabeceras/logo-competicion-1b.png","https://www.acb.com/Documentos/Cabeceras/logo-competicion-4a.png",64,1999,107,NA,NA,1688,10533,NA,NA,TRUE,1235,1235,1196,"Jabones Pardo Fuenlabrada","Jabones Pardo","FUE",1238,622,"Pinturas Bruger Badalona","Pinturas Bruger","JOV",1,76,12000,8,16,50,20,44,45,12,19,63,20,12,32,9,3,10,0,1,0,3,19,16,69,0,0,12,0,0,912,87,0,0,0,0,0,0,0,0,0
1509448,1,"Liga Nacional","Liga Endesa",-402534000,NA,"https://www.acb.com/Documentos/Cabeceras/logo-competicion-1b.png","https://www.acb.com/Documentos/Cabeceras/logo-competicion-4a.png",64,1999,107,NA,NA,1688,10533,NA,NA,FALSE,1238,1235,1196,"Jabones Pardo Fuenlabrada","Jabones Pardo","FUE",1238,622,"Pinturas Bruger Badalona","Pinturas Bruger","JOV",1,87,12000,6,17,35.29,29,47,61.7,11,17,64.71,21,9,30,9,4,5,0,0,1,4,16,19,92,0,0,0,1,0,87,76,0,NA,0,0,0,0,0,0,0
1509518,1,"Liga Nacional","Liga Endesa",-402534000,NA,"https://www.acb.com/Documentos/Cabeceras/logo-competicion-1b.png","https://www.acb.com/Documentos/Cabeceras/logo-competicion-4a.png",64,1999,111,NA,NA,1689,10536,NA,NA,TRUE,1234,1234,457,"Adecco Estudiantes","Adecco Estu","EST",1242,954,"Pamesa Valencia","Pamesa Valencia","PAM",1,80,12000,1,13,7,30,47,63,17,18,94,21,13,34,9,3,3,0,1,2,0,18,18,92,0,0,0,9,0,720,64,0,0,0,0,0,0,0,0,0
1509519,1,"Liga Nacional","Liga Endesa",-402534000,NA,"https://www.acb.com/Documentos/Cabeceras/logo-competicion-1b.png","https://www.acb.com/Documentos/Cabeceras/logo-competicion-4a.png",64,1999,111,NA,NA,1689,10536,NA,NA,FALSE,1242,1234,457,"Adecco Estudiantes","Adecco Estu","EST",1242,954,"Pamesa Valencia","Pamesa Valencia","PAM",1,64,12000,2,11,18.18,23,44,52.27,12,15,80,14,9,23,8,2,5,0,2,1,1,18,18,60,0,0,1,0,0,64,80,0,NA,0,0,0,0,0,0,0
1509473,1,"Liga Nacional","Liga Endesa",-402534000,NA,"https://www.acb.com/Documentos/Cabeceras/logo-competicion-1b.png","https://www.acb.com/Documentos/Cabeceras/logo-competicion-4a.png",64,1999,111,NA,NA,1689,10534,NA,NA,FALSE,1243,1229,97,"FC Barcelona","FC Barcelona","FCB",1243,1049,"Unicaja","Unicaja","UNI",1,67,12000,6,16,37,21,40,52,7,14,50,21,13,34,15,5,13,0,3,2,0,25,16,64,0,0,10,0,0,670,74,0,0,0,0,0,0,0,0,0
1509472,1,"Liga Nacional","Liga Endesa",-402534000,NA,"https://www.acb.com/Documentos/Cabeceras/logo-competicion-1b.png","https://www.acb.com/Documentos/Cabeceras/logo-competicion-4a.png",64,1999,111,NA,NA,1689,10534,NA,NA,TRUE,1229,1229,97,"FC Barcelona","FC Barcelona","FCB",1243,1049,"Unicaja","Unicaja","UNI",1,74,12000,6,17,35.29,18,31,58.06,20,32,62.5,20,8,28,11,9,8,0,2,3,2,16,25,86,0,0,0,1,0,74,67,0,NA,0,0,0,0,0,0,0
1509496,1,"Liga Nacional","Liga Endesa",-402534000,NA,"https://www.acb.com/Documentos/Cabeceras/logo-competicion-1b.png","https://www.acb.com/Documentos/Cabeceras/logo-competicion-4a.png",64,1999,111,NA,NA,1689,10535,NA,NA,TRUE,1240,1240,755,"Real Madrid","Real Madrid","RMB",1233,332,"Canarias Telecom","Canarias Tel.","GCA",1,66,12000,7,18,38,13,32,40,19,30,63,25,12,37,8,13,17,0,4,3,2,20,28,75,0,0,0,10,0,660,60,0,0,0,0,0,0,0,0,0
1509497,1,"Liga Nacional","Liga Endesa",-402534000,NA,"https://www.acb.com/Documentos/Cabeceras/logo-competicion-1b.png","https://www.acb.com/Documentos/Cabeceras/logo-competicion-4a.png",64,1999,111,NA,NA,1689,10535,NA,NA,FALSE,1233,1240,755,"Real Madrid","Real Madrid","RMB",1233,332,"Canarias Telecom","Canarias Tel.","GCA",1,60,12000,8,21,38.1,13,36,36.11,10,19,52.63,22,16,38,5,11,18,0,3,4,2,28,20,42,0,0,1,0,0,60,66,0,NA,0,0,0,0,0,0,0
1509541,1,"Liga Nacional","Liga Endesa",-402534000,NA,"https://www.acb.com/Documentos/Cabeceras/logo-competicion-1b.png","https://www.acb.com/Documentos/Cabeceras/logo-competicion-4a.png",64,1999,111,NA,NA,1689,10537,NA,NA,TRUE,1244,1244,1125,"Caja San Fernando","C. San Fernando","CSF",1230,211,"TAU Cerámica","TAU Cerámica","TAU",1,86,12000,11,22,50,15,35,42.86,23,27,85.19,17,11,28,15,9,6,0,3,2,1,23,23,98,0,0,0,1,0,86,78,0,NA,0,0,0,0,0,0,0
1509542,1,"Liga Nacional","Liga Endesa",-402534000,NA,"https://www.acb.com/Documentos/Cabeceras/logo-competicion-1b.png","https://www.acb.com/Documentos/Cabeceras/logo-competicion-4a.png",64,1999,111,NA,NA,1689,10537,NA,NA,FALSE,1230,1244,1125,"Caja San Fernando","C. San Fernando","CSF",1230,211,"TAU Cerámica","TAU Cerámica","TAU",1,78,12000,2,11,18.18,30,42,71.43,12,21,57.14,21,7,28,13,4,12,0,2,3,1,23,23,80,0,0,1,0,0,78,86,0,NA,0,0,0,0,0,0,0
1509615,1,"Liga Nacional","Liga Endesa",-402534000,NA,"https://www.acb.com/Documentos/Cabeceras/logo-competicion-1b.png","https://www.acb.com/Documentos/Cabeceras/logo-competicion-4a.png",64,1999,111,NA,NA,1690,10540,NA,NA,TRUE,1234,1234,457,"Adecco Estudiantes","Adecco Estu","EST",1242,954,"Pamesa Valencia","Pamesa Valencia","PAM",1,76,12000,6,15,40,17,31,54,24,31,77,24,8,32,15,7,13,0,2,3,2,25,26,87,0,0,0,10,0,760,66,0,0,0,0,0,0,0,0,0
1509616,1,"Liga Nacional","Liga Endesa",-402534000,NA,"https://www.acb.com/Documentos/Cabeceras/logo-competicion-1b.png","https://www.acb.com/Documentos/Cabeceras/logo-competicion-4a.png",64,1999,111,NA,NA,1690,10540,NA,NA,FALSE,1242,1234,457,"Adecco Estudiantes","Adecco Estu","EST",1242,954,"Pamesa Valencia","Pamesa Valencia","PAM",1,66,12000,5,23,21.74,14,36,38.89,23,29,79.31,17,18,35,10,11,10,0,3,2,2,26,25,66,0,0,1,0,0,66,76,0,NA,0,0,0,0,0,0,0
1509568,1,"Liga Nacional","Liga Endesa",-402534000,NA,"https://www.acb.com/Documentos/Cabeceras/logo-competicion-1b.png","https://www.acb.com/Documentos/Cabeceras/logo-competicion-4a.png",64,1999,111,NA,NA,1690,10538,NA,NA,FALSE,1243,1229,97,"FC Barcelona","FC Barcelona","FCB",1243,1049,"Unicaja","Unicaja","UNI",1,67,12000,2,12,16,18,34,52,25,40,62,23,13,36,9,7,12,0,1,4,1,21,31,73,0,0,0,11,0,737,57,0,0,0,0,0,0,0,0,0
1509567,1,"Liga Nacional","Liga Endesa",-402534000,NA,"https://www.acb.com/Documentos/Cabeceras/logo-competicion-1b.png","https://www.acb.com/Documentos/Cabeceras/logo-competicion-4a.png",64,1999,111,NA,NA,1690,10538,NA,NA,TRUE,1229,1229,97,"FC Barcelona","FC Barcelona","FCB",1243,1049,"Unicaja","Unicaja","UNI",1,57,12000,3,18,16.67,22,41,53.66,4,18,22.22,19,15,34,8,8,11,0,4,1,4,31,21,41,0,0,1,0,0,57,67,0,NA,0,0,0,0,0,0,0
1509594,1,"Liga Nacional","Liga Endesa",-402534000,NA,"https://www.acb.com/Documentos/Cabeceras/logo-competicion-1b.png","https://www.acb.com/Documentos/Cabeceras/logo-competicion-4a.png",64,1999,111,NA,NA,1690,10539,NA,NA,FALSE,1233,1240,755,"Real Madrid","Real Madrid","RMB",1233,332,"Canarias Telecom","Canarias Tel.","GCA",1,71,12000,5,15,33,22,40,55,12,22,54,23,8,31,6,4,10,0,1,4,1,19,22,64,0,0,11,0,0,781,76,0,0,0,0,0,0,0,0,0
1509593,1,"Liga Nacional","Liga Endesa",-402534000,NA,"https://www.acb.com/Documentos/Cabeceras/logo-competicion-1b.png","https://www.acb.com/Documentos/Cabeceras/logo-competicion-4a.png",64,1999,111,NA,NA,1690,10539,NA,NA,TRUE,1240,1240,755,"Real Madrid","Real Madrid","RMB",1233,332,"Canarias Telecom","Canarias Tel.","GCA",1,76,12000,11,29,37,15,35,42,13,19,68,19,16,35,11,6,8,0,4,1,2,22,19,76,0,0,0,10,0,760,71,0,0,0,0,0,0,0,0,0
1509635,1,"Liga Nacional","Liga Endesa",-402534000,NA,"https://www.acb.com/Documentos/Cabeceras/logo-competicion-1b.png","https://www.acb.com/Documentos/Cabeceras/logo-competicion-4a.png",64,1999,111,NA,NA,1690,10541,NA,NA,TRUE,1244,1244,1125,"Caja San Fernando","C. San Fernando","CSF",1230,211,"TAU Cerámica","TAU Cerámica","TAU",1,89,13500,10,23,43.48,21,31,67.74,17,24,70.83,15,5,20,16,13,15,0,4,1,1,30,22,88,0,0,1,0,0,89,93,0,NA,0,0,0,0,0,0,0
1509636,1,"Liga Nacional","Liga Endesa",-402534000,NA,"https://www.acb.com/Documentos/Cabeceras/logo-competicion-1b.png","https://www.acb.com/Documentos/Cabeceras/logo-competicion-4a.png",64,1999,111,NA,NA,1690,10541,NA,NA,FALSE,1230,1244,1125,"Caja San Fernando","C. San Fernando","CSF",1230,211,"TAU Cerámica","TAU Cerámica","TAU",1,93,13500,3,9,33.33,29,46,63.04,26,36,72.22,21,10,31,15,12,14,0,1,4,5,22,30,109,0,0,0,1,0,93,89,0,NA,0,0,0,0,0,0,0
1509710,1,"Liga Nacional","Liga Endesa",-402534000,NA,"https://www.acb.com/Documentos/Cabeceras/logo-competicion-1b.png","https://www.acb.com/Documentos/Cabeceras/logo-competicion-4a.png",64,1999,111,NA,NA,1691,10544,NA,NA,FALSE,1234,1242,954,"Pamesa Valencia","Pamesa Valencia","PAM",1234,457,"Adecco Estudiantes","Adecco Estu","EST",1,94,12000,8,16,50,20,39,51,30,42,71,22,8,30,18,13,6,0,3,3,0,15,29,124,0,0,0,9,0,846,81,0,0,0,0,0,0,0,0,0
1509709,1,"Liga Nacional","Liga Endesa",-402534000,NA,"https://www.acb.com/Documentos/Cabeceras/logo-competicion-1b.png","https://www.acb.com/Documentos/Cabeceras/logo-competicion-4a.png",64,1999,111,NA,NA,1691,10544,NA,NA,TRUE,1242,1242,954,"Pamesa Valencia","Pamesa Valencia","PAM",1234,457,"Adecco Estudiantes","Adecco Estu","EST",1,81,12000,11,26,42.31,21,34,61.76,6,8,75,23,7,30,21,3,16,0,3,3,1,29,15,75,0,0,1,0,0,81,94,0,NA,0,0,0,0,0,0,0
1509687,1,"Liga Nacional","Liga Endesa",-402534000,NA,"https://www.acb.com/Documentos/Cabeceras/logo-competicion-1b.png","https://www.acb.com/Documentos/Cabeceras/logo-competicion-4a.png",64,1999,111,NA,NA,1691,10543,NA,NA,FALSE,1240,1233,332,"Canarias Telecom","Canarias Tel.","GCA",1240,755,"Real Madrid","Real Madrid","RMB",1,53,12000,5,17,29,15,35,42,8,15,53,20,8,28,8,8,5,0,4,0,2,18,19,58,0,0,0,10,0,530,51,0,0,0,0,0,0,0,0,0
1509686,1,"Liga Nacional","Liga Endesa",-402534000,NA,"https://www.acb.com/Documentos/Cabeceras/logo-competicion-1b.png","https://www.acb.com/Documentos/Cabeceras/logo-competicion-4a.png",64,1999,111,NA,NA,1691,10543,NA,NA,TRUE,1233,1233,332,"Canarias Telecom","Canarias Tel.","GCA",1240,755,"Real Madrid","Real Madrid","RMB",1,51,12000,4,21,19,14,38,36,11,13,84,26,18,44,12,3,8,0,0,4,2,19,18,54,0,0,11,0,0,561,53,0,0,0,0,0,0,0,0,0
1509660,1,"Liga Nacional","Liga Endesa",-402534000,NA,"https://www.acb.com/Documentos/Cabeceras/logo-competicion-1b.png","https://www.acb.com/Documentos/Cabeceras/logo-competicion-4a.png",64,1999,111,NA,NA,1691,10542,NA,NA,TRUE,1243,1243,1049,"Unicaja","Unicaja","UNI",1229,97,"FC Barcelona","FC Barcelona","FCB",1,56,12000,6,15,40,13,27,48.15,12,19,63.16,15,5,20,9,6,8,0,1,2,0,19,19,52,0,0,0,1,0,56,54,0,NA,0,0,0,0,0,0,0
1509661,1,"Liga Nacional","Liga Endesa",-402534000,NA,"https://www.acb.com/Documentos/Cabeceras/logo-competicion-1b.png","https://www.acb.com/Documentos/Cabeceras/logo-competicion-4a.png",64,1999,111,NA,NA,1691,10542,NA,NA,FALSE,1229,1243,1049,"Unicaja","Unicaja","UNI",1229,97,"FC Barcelona","FC Barcelona","FCB",1,54,12000,3,19,15.79,18,33,54.55,9,12,75,19,13,32,5,4,11,0,2,1,2,19,19,51,0,0,1,0,0,54,56,0,NA,0,0,0,0,0,0,0
1509730,1,"Liga Nacional","Liga Endesa",-402534000,NA,"https://www.acb.com/Documentos/Cabeceras/logo-competicion-1b.png","https://www.acb.com/Documentos/Cabeceras/logo-competicion-4a.png",64,1999,111,NA,NA,1691,10545,NA,NA,TRUE,1230,1230,211,"TAU Cerámica","TAU Cerámica","TAU",1244,1125,"Caja San Fernando","C. San Fernando","CSF",1,59,12000,2,12,16.67,19,32,59.38,15,25,60,25,10,35,10,10,18,0,1,1,5,24,24,63,0,0,0,1,0,59,50,0,NA,0,0,0,0,0,0,0
1509731,1,"Liga Nacional","Liga Endesa",-402534000,NA,"https://www.acb.com/Documentos/Cabeceras/logo-competicion-1b.png","https://www.acb.com/Documentos/Cabeceras/logo-competicion-4a.png",64,1999,111,NA,NA,1691,10545,NA,NA,FALSE,1244,1230,211,"TAU Cerámica","TAU Cerámica","TAU",1244,1125,"Caja San Fernando","C. San Fernando","CSF",1,50,12000,3,16,18.75,13,36,36.11,15,22,68.18,17,11,28,10,9,13,0,1,1,1,24,24,41,0,0,1,0,0,50,59,0,NA,0,0,0,0,0,0,0
1509754,1,"Liga Nacional","Liga Endesa",-402534000,NA,"https://www.acb.com/Documentos/Cabeceras/logo-competicion-1b.png","https://www.acb.com/Documentos/Cabeceras/logo-competicion-4a.png",64,1999,111,NA,NA,1692,10546,NA,NA,TRUE,1243,1243,1049,"Unicaja","Unicaja","UNI",1229,97,"FC Barcelona","FC Barcelona","FCB",1,52,12000,3,14,21.43,16,34,47.06,11,16,68.75,18,10,28,13,6,11,0,2,3,1,21,19,51,0,0,1,0,0,52,73,0,NA,0,0,0,0,0,0,0
1509755,1,"Liga Nacional","Liga Endesa",-402534000,NA,"https://www.acb.com/Documentos/Cabeceras/logo-competicion-1b.png","https://www.acb.com/Documentos/Cabeceras/logo-competicion-4a.png",64,1999,111,NA,NA,1692,10546,NA,NA,FALSE,1229,1243,1049,"Unicaja","Unicaja","UNI",1229,97,"FC Barcelona","FC Barcelona","FCB",1,73,12000,8,17,47.06,18,38,47.37,13,21,61.9,19,15,34,15,7,7,0,3,2,3,19,21,88,0,0,0,1,0,73,52,0,NA,0,0,0,0,0,0,0
1509776,1,"Liga Nacional","Liga Endesa",-402534000,NA,"https://www.acb.com/Documentos/Cabeceras/logo-competicion-1b.png","https://www.acb.com/Documentos/Cabeceras/logo-competicion-4a.png",64,1999,111,NA,NA,1692,10547,NA,NA,TRUE,1230,1230,211,"TAU Cerámica","TAU Cerámica","TAU",1244,1125,"Caja San Fernando","C. San Fernando","CSF",1,83,12000,3,13,23.08,30,50,60,14,18,77.78,28,11,39,14,8,6,0,5,0,5,17,21,113,0,0,0,1,0,83,62,0,NA,0,0,0,0,0,0,0
1509777,1,"Liga Nacional","Liga Endesa",-402534000,NA,"https://www.acb.com/Documentos/Cabeceras/logo-competicion-1b.png","https://www.acb.com/Documentos/Cabeceras/logo-competicion-4a.png",64,1999,111,NA,NA,1692,10547,NA,NA,FALSE,1244,1230,211,"TAU Cerámica","TAU Cerámica","TAU",1244,1125,"Caja San Fernando","C. San Fernando","CSF",1,62,12000,6,21,28.57,17,45,37.78,10,14,71.43,21,15,36,6,3,9,0,0,5,3,21,17,42,0,0,1,0,0,62,83,0,NA,0,0,0,0,0,0,0
1509803,1,"Liga Nacional","Liga Endesa",-402534000,NA,"https://www.acb.com/Documentos/Cabeceras/logo-competicion-1b.png","https://www.acb.com/Documentos/Cabeceras/logo-competicion-4a.png",64,1999,111,NA,NA,1693,10548,NA,NA,FALSE,1243,1229,97,"FC Barcelona","FC Barcelona","FCB",1243,1049,"Unicaja","Unicaja","UNI",1,46,12000,1,13,7,14,37,37,15,21,71,21,12,33,5,7,13,0,2,4,0,20,19,34,0,0,12,0,0,552,65,0,0,0,0,0,0,0,0,0
1509802,1,"Liga Nacional","Liga Endesa",-402534000,NA,"https://www.acb.com/Documentos/Cabeceras/logo-competicion-1b.png","https://www.acb.com/Documentos/Cabeceras/logo-competicion-4a.png",64,1999,111,NA,NA,1693,10548,NA,NA,TRUE,1229,1229,97,"FC Barcelona","FC Barcelona","FCB",1243,1049,"Unicaja","Unicaja","UNI",1,65,12000,8,19,42.11,14,34,41.18,13,19,68.42,24,13,37,8,10,12,0,4,2,1,19,20,74,0,0,0,1,0,65,46,0,NA,0,0,0,0,0,0,0
1509850,1,"Liga Nacional","Liga Endesa",-402534000,NA,"https://www.acb.com/Documentos/Cabeceras/logo-competicion-1b.png","https://www.acb.com/Documentos/Cabeceras/logo-competicion-4a.png",64,1999,111,NA,NA,1694,10550,NA,NA,FALSE,1234,1240,755,"Real Madrid","Real Madrid","RMB",1234,457,"Adecco Estudiantes","Adecco Estu","EST",1,73,12000,5,15,33,25,40,62,8,14,57,18,8,26,9,3,8,0,3,1,3,18,20,76,0,0,9,0,0,657,83,0,0,0,0,0,0,0,0,0
1509849,1,"Liga Nacional","Liga Endesa",-402534000,NA,"https://www.acb.com/Documentos/Cabeceras/logo-competicion-1b.png","https://www.acb.com/Documentos/Cabeceras/logo-competicion-4a.png",64,1999,111,NA,NA,1694,10550,NA,NA,TRUE,1240,1240,755,"Real Madrid","Real Madrid","RMB",1234,457,"Adecco Estudiantes","Adecco Estu","EST",1,83,12000,4,12,33,29,51,56,13,19,68,19,14,33,12,9,5,0,1,3,4,20,18,92,0,0,0,11,0,913,73,0,0,0,0,0,0,0,0,0
1509824,1,"Liga Nacional","Liga Endesa",-402534000,NA,"https://www.acb.com/Documentos/Cabeceras/logo-competicion-1b.png","https://www.acb.com/Documentos/Cabeceras/logo-competicion-4a.png",64,1999,111,NA,NA,1694,10549,NA,NA,TRUE,1229,1229,97,"FC Barcelona","FC Barcelona","FCB",1230,211,"TAU Cerámica","TAU Cerámica","TAU",1,71,12000,5,15,33.33,21,46,45.65,14,21,66.67,21,16,37,9,6,8,0,2,1,3,21,21,74,0,0,0,1,0,71,65,0,NA,0,0,0,0,0,0,0
1509825,1,"Liga Nacional","Liga Endesa",-402534000,NA,"https://www.acb.com/Documentos/Cabeceras/logo-competicion-1b.png","https://www.acb.com/Documentos/Cabeceras/logo-competicion-4a.png",64,1999,111,NA,NA,1694,10549,NA,NA,FALSE,1230,1229,97,"FC Barcelona","FC Barcelona","FCB",1230,211,"TAU Cerámica","TAU Cerámica","TAU",1,65,12000,2,12,16.67,22,41,53.66,15,26,57.69,23,11,34,14,6,8,0,1,2,3,21,21,70,0,0,1,0,0,65,71,0,NA,0,0,0,0,0,0,0
1509896,1,"Liga Nacional","Liga Endesa",-402534000,NA,"https://www.acb.com/Documentos/Cabeceras/logo-competicion-1b.png","https://www.acb.com/Documentos/Cabeceras/logo-competicion-4a.png",64,1999,111,NA,NA,1695,10552,NA,NA,FALSE,1234,1240,755,"Real Madrid","Real Madrid","RMB",1234,457,"Adecco Estudiantes","Adecco Estu","EST",1,77,12000,7,18,38,21,39,53,14,29,48,14,9,23,11,11,5,0,3,4,0,28,27,71,0,0,9,0,0,693,80,0,0,0,0,0,0,0,0,0
1509895,1,"Liga Nacional","Liga Endesa",-402534000,NA,"https://www.acb.com/Documentos/Cabeceras/logo-competicion-1b.png","https://www.acb.com/Documentos/Cabeceras/logo-competicion-4a.png",64,1999,111,NA,NA,1695,10552,NA,NA,TRUE,1240,1240,755,"Real Madrid","Real Madrid","RMB",1234,457,"Adecco Estudiantes","Adecco Estu","EST",1,80,12000,7,18,38,19,30,63,21,30,70,23,11,34,7,5,14,0,4,3,2,27,28,83,0,0,0,9,0,720,77,0,0,0,0,0,0,0,0,0
1509873,1,"Liga Nacional","Liga Endesa",-402534000,NA,"https://www.acb.com/Documentos/Cabeceras/logo-competicion-1b.png","https://www.acb.com/Documentos/Cabeceras/logo-competicion-4a.png",64,1999,111,NA,NA,1695,10551,NA,NA,FALSE,1230,1229,97,"FC Barcelona","FC Barcelona","FCB",1230,211,"TAU Cerámica","TAU Cerámica","TAU",1,76,12000,0,9,0,24,49,48.98,28,38,73.68,25,9,34,20,7,7,0,1,4,4,24,27,86,0,0,1,0,0,76,89,0,NA,0,0,0,0,0,0,0
1509872,1,"Liga Nacional","Liga Endesa",-402534000,NA,"https://www.acb.com/Documentos/Cabeceras/logo-competicion-1b.png","https://www.acb.com/Documentos/Cabeceras/logo-competicion-4a.png",64,1999,111,NA,NA,1695,10551,NA,NA,TRUE,1229,1229,97,"FC Barcelona","FC Barcelona","FCB",1230,211,"TAU Cerámica","TAU Cerámica","TAU",1,89,12000,8,20,40,21,45,46.67,23,33,69.7,25,16,41,13,8,8,0,4,1,5,27,24,97,0,0,0,1,0,89,76,0,NA,0,0,0,0,0,0,0
1509945,1,"Liga Nacional","Liga Endesa",-402534000,NA,"https://www.acb.com/Documentos/Cabeceras/logo-competicion-1b.png","https://www.acb.com/Documentos/Cabeceras/logo-competicion-4a.png",64,1999,111,NA,NA,1696,10554,NA,NA,FALSE,1240,1234,457,"Adecco Estudiantes","Adecco Estu","EST",1240,755,"Real Madrid","Real Madrid","RMB",1,74,12000,5,16,31,23,40,57,13,16,81,17,12,29,10,2,10,0,2,2,1,20,20,74,0,0,10,0,0,740,76,0,0,0,0,0,0,0,0,0
1509944,1,"Liga Nacional","Liga Endesa",-402534000,NA,"https://www.acb.com/Documentos/Cabeceras/logo-competicion-1b.png","https://www.acb.com/Documentos/Cabeceras/logo-competicion-4a.png",64,1999,111,NA,NA,1696,10554,NA,NA,TRUE,1234,1234,457,"Adecco Estudiantes","Adecco Estu","EST",1240,755,"Real Madrid","Real Madrid","RMB",1,76,12000,7,14,50,18,39,46,19,24,79,14,11,25,14,5,6,0,2,2,0,20,20,81,0,0,0,10,0,760,74,0,0,0,0,0,0,0,0,0
1509919,1,"Liga Nacional","Liga Endesa",-402534000,NA,"https://www.acb.com/Documentos/Cabeceras/logo-competicion-1b.png","https://www.acb.com/Documentos/Cabeceras/logo-competicion-4a.png",64,1999,111,NA,NA,1696,10553,NA,NA,TRUE,1230,1230,211,"TAU Cerámica","TAU Cerámica","TAU",1229,97,"FC Barcelona","FC Barcelona","FCB",1,77,12000,2,17,11,24,42,57,23,28,82,21,10,31,15,9,3,0,3,3,3,17,22,96,0,0,0,10,0,693,72,0,0,0,0,0,0,0,0,0
1509920,1,"Liga Nacional","Liga Endesa",-402534000,NA,"https://www.acb.com/Documentos/Cabeceras/logo-competicion-1b.png","https://www.acb.com/Documentos/Cabeceras/logo-competicion-4a.png",64,1999,111,NA,NA,1696,10553,NA,NA,FALSE,1229,1230,211,"TAU Cerámica","TAU Cerámica","TAU",1229,97,"FC Barcelona","FC Barcelona","FCB",1,72,12000,6,19,31.58,22,43,51.16,10,15,66.67,24,14,38,18,2,12,0,3,3,4,22,17,74,0,0,1,0,0,72,77,0,NA,0,0,0,0,0,0,0
1509994,1,"Liga Nacional","Liga Endesa",-402534000,NA,"https://www.acb.com/Documentos/Cabeceras/logo-competicion-1b.png","https://www.acb.com/Documentos/Cabeceras/logo-competicion-4a.png",64,1999,111,NA,NA,1697,10556,NA,NA,TRUE,1234,1234,457,"Adecco Estudiantes","Adecco Estu","EST",1240,755,"Real Madrid","Real Madrid","RMB",1,74,12000,5,9,55,23,47,48,13,19,68,27,13,40,17,9,15,0,2,5,0,21,20,87,0,0,0,11,0,814,67,0,0,0,0,0,0,0,0,0
1509995,1,"Liga Nacional","Liga Endesa",-402534000,NA,"https://www.acb.com/Documentos/Cabeceras/logo-competicion-1b.png","https://www.acb.com/Documentos/Cabeceras/logo-competicion-4a.png",64,1999,111,NA,NA,1697,10556,NA,NA,FALSE,1240,1234,457,"Adecco Estudiantes","Adecco Estu","EST",1240,755,"Real Madrid","Real Madrid","RMB",1,67,12000,4,15,26,20,46,43,15,25,60,19,14,33,5,14,9,0,5,2,1,20,21,67,0,0,10,0,0,670,74,0,0,0,0,0,0,0,0,0
1509968,1,"Liga Nacional","Liga Endesa",-402534000,NA,"https://www.acb.com/Documentos/Cabeceras/logo-competicion-1b.png","https://www.acb.com/Documentos/Cabeceras/logo-competicion-4a.png",64,1999,111,NA,NA,1697,10555,NA,NA,TRUE,1230,1230,211,"TAU Cerámica","TAU Cerámica","TAU",1229,97,"FC Barcelona","FC Barcelona","FCB",1,74,12000,5,12,41,21,36,58,17,26,65,17,2,19,13,7,5,0,3,0,3,27,24,77,0,0,11,0,0,740,98,0,0,0,0,0,0,0,0,0
1509969,1,"Liga Nacional","Liga Endesa",-402534000,NA,"https://www.acb.com/Documentos/Cabeceras/logo-competicion-1b.png","https://www.acb.com/Documentos/Cabeceras/logo-competicion-4a.png",64,1999,111,NA,NA,1697,10555,NA,NA,FALSE,1229,1230,211,"TAU Cerámica","TAU Cerámica","TAU",1229,97,"FC Barcelona","FC Barcelona","FCB",1,98,12000,11,18,61.11,23,47,48.94,19,30,63.33,25,20,45,12,5,7,0,0,3,5,24,27,111,0,0,0,1,0,98,74,0,NA,0,0,0,0,0,0,0
1510019,1,"Liga Nacional","Liga Endesa",-402534000,NA,"https://www.acb.com/Documentos/Cabeceras/logo-competicion-1b.png","https://www.acb.com/Documentos/Cabeceras/logo-competicion-4a.png",64,1999,111,NA,NA,1698,10557,NA,NA,FALSE,1234,1240,755,"Real Madrid","Real Madrid","RMB",1234,457,"Adecco Estudiantes","Adecco Estu","EST",1,69,12000,6,17,35,19,41,46,13,18,72,15,16,31,6,7,10,0,3,3,1,18,17,64,0,0,10,0,0,690,70,0,0,0,0,0,0,0,0,0
1510018,1,"Liga Nacional","Liga Endesa",-402534000,NA,"https://www.acb.com/Documentos/Cabeceras/logo-competicion-1b.png","https://www.acb.com/Documentos/Cabeceras/logo-competicion-4a.png",64,1999,111,NA,NA,1698,10557,NA,NA,TRUE,1240,1240,755,"Real Madrid","Real Madrid","RMB",1234,457,"Adecco Estudiantes","Adecco Estu","EST",1,70,12000,4,13,30,23,40,57,12,17,70,18,13,31,10,11,13,0,3,3,4,17,18,79,0,0,0,9,0,630,69,0,0,0,0,0,0,0,0,0
1510045,1,"Liga Nacional","Liga Endesa",-402534000,NA,"https://www.acb.com/Documentos/Cabeceras/logo-competicion-1b.png","https://www.acb.com/Documentos/Cabeceras/logo-competicion-4a.png",64,1999,111,NA,NA,1699,10558,NA,NA,FALSE,1240,1229,97,"FC Barcelona","FC Barcelona","FCB",1240,755,"Real Madrid","Real Madrid","RMB",1,72,12000,4,11,36,18,37,48,24,35,68,20,12,32,7,7,7,0,2,3,2,21,25,77,0,0,0,10,0,720,64,0,0,0,0,0,0,0,0,0
1510044,1,"Liga Nacional","Liga Endesa",-402534000,NA,"https://www.acb.com/Documentos/Cabeceras/logo-competicion-1b.png","https://www.acb.com/Documentos/Cabeceras/logo-competicion-4a.png",64,1999,111,NA,NA,1699,10558,NA,NA,TRUE,1229,1229,97,"FC Barcelona","FC Barcelona","FCB",1240,755,"Real Madrid","Real Madrid","RMB",1,64,12000,3,15,20,20,49,40.82,15,28,53.57,19,24,43,10,7,7,0,3,2,3,25,21,60,0,0,1,0,0,64,72,0,NA,0,0,0,0,0,0,0
1510069,1,"Liga Nacional","Liga Endesa",-402534000,NA,"https://www.acb.com/Documentos/Cabeceras/logo-competicion-1b.png","https://www.acb.com/Documentos/Cabeceras/logo-competicion-4a.png",64,1999,111,NA,NA,1700,10559,NA,NA,FALSE,1240,1229,97,"FC Barcelona","FC Barcelona","FCB",1240,755,"Real Madrid","Real Madrid","RMB",1,55,12000,5,11,45,14,38,36,12,16,75,19,10,29,5,9,19,0,3,3,2,25,18,38,0,0,10,0,0,550,83,0,0,0,0,0,0,0,0,0
1510068,1,"Liga Nacional","Liga Endesa",-402534000,NA,"https://www.acb.com/Documentos/Cabeceras/logo-competicion-1b.png","https://www.acb.com/Documentos/Cabeceras/logo-competicion-4a.png",64,1999,111,NA,NA,1700,10559,NA,NA,TRUE,1229,1229,97,"FC Barcelona","FC Barcelona","FCB",1240,755,"Real Madrid","Real Madrid","RMB",1,83,12000,5,18,27.78,23,39,58.97,22,37,59.46,21,16,37,15,12,10,0,3,3,7,18,25,100,0,0,0,1,0,83,55,0,NA,0,0,0,0,0,0,0
1510093,1,"Liga Nacional","Liga Endesa",-402534000,NA,"https://www.acb.com/Documentos/Cabeceras/logo-competicion-1b.png","https://www.acb.com/Documentos/Cabeceras/logo-competicion-4a.png",64,1999,111,NA,NA,1701,10560,NA,NA,TRUE,1240,1240,755,"Real Madrid","Real Madrid","RMB",1229,97,"FC Barcelona","FC Barcelona","FCB",1,87,12000,7,11,63,23,39,58,20,27,74,23,8,31,8,9,10,0,6,1,4,23,22,102,0,0,0,11,0,957,61,0,0,0,0,0,0,0,0,0
1510094,1,"Liga Nacional","Liga Endesa",-402534000,NA,"https://www.acb.com/Documentos/Cabeceras/logo-competicion-1b.png","https://www.acb.com/Documentos/Cabeceras/logo-competicion-4a.png",64,1999,111,NA,NA,1701,10560,NA,NA,FALSE,1229,1240,755,"Real Madrid","Real Madrid","RMB",1229,97,"FC Barcelona","FC Barcelona","FCB",1,61,12000,4,12,33.33,20,45,44.44,9,17,52.94,14,13,27,10,9,13,0,1,6,8,22,23,49,0,0,1,0,0,61,87,0,NA,0,0,0,0,0,0,0
1510117,1,"Liga Nacional","Liga Endesa",-402534000,NA,"https://www.acb.com/Documentos/Cabeceras/logo-competicion-1b.png","https://www.acb.com/Documentos/Cabeceras/logo-competicion-4a.png",64,1999,111,NA,NA,1702,10561,NA,NA,TRUE,1240,1240,755,"Real Madrid","Real Madrid","RMB",1229,97,"FC Barcelona","FC Barcelona","FCB",1,71,12000,5,14,35,21,38,55,14,20,70,22,10,32,10,10,19,0,1,5,4,33,21,56,0,0,10,0,0,710,80,0,0,0,0,0,0,0,0,0
1510118,1,"Liga Nacional","Liga Endesa",-402534000,NA,"https://www.acb.com/Documentos/Cabeceras/logo-competicion-1b.png","https://www.acb.com/Documentos/Cabeceras/logo-competicion-4a.png",64,1999,111,NA,NA,1702,10561,NA,NA,FALSE,1229,1240,755,"Real Madrid","Real Madrid","RMB",1229,97,"FC Barcelona","FC Barcelona","FCB",1,80,12000,8,15,53.33,9,24,37.5,38,52,73.08,18,4,22,9,13,10,0,5,1,2,21,33,94,0,0,0,1,0,80,71,0,NA,0,0,0,0,0,0,0
1510143,1,"Liga Nacional","Liga Endesa",-402534000,NA,"https://www.acb.com/Documentos/Cabeceras/logo-competicion-1b.png","https://www.acb.com/Documentos/Cabeceras/logo-competicion-4a.png",64,1999,111,NA,NA,1703,10562,NA,NA,FALSE,1240,1229,97,"FC Barcelona","FC Barcelona","FCB",1240,755,"Real Madrid","Real Madrid","RMB",1,82,12000,4,8,50,16,33,48,38,46,82,20,9,29,11,3,8,0,3,1,1,23,32,99,0,0,0,11,0,902,73,0,0,0,0,0,0,0,0,0
1510142,1,"Liga Nacional","Liga Endesa",-402534000,NA,"https://www.acb.com/Documentos/Cabeceras/logo-competicion-1b.png","https://www.acb.com/Documentos/Cabeceras/logo-competicion-4a.png",64,1999,111,NA,NA,1703,10562,NA,NA,TRUE,1229,1229,97,"FC Barcelona","FC Barcelona","FCB",1240,755,"Real Madrid","Real Madrid","RMB",1,73,12000,8,24,33.33,16,36,44.44,17,23,73.91,15,16,31,8,8,8,0,1,3,3,32,23,59,0,0,1,0,0,73,82,0,NA,0,0,0,0,0,0,0
1777431,2,"Copa de España","Copa del Rey",-1142812800,NA,"https://static.acb.com/img/d/15/9/27868934009.png","https://static.acb.com/img/d/15/9/27868934009.png",64,1999,103,293,NA,275,781,NA,NA,FALSE,527,525,211,"TAU Cerámica","TAU Cerámica","TAU",527,457,"Adecco Estudiantes","Adecco Estu","EST",1,79,12000,7,19,36,23,41,56,12,24,50,20,15,35,19,10,9,0,2,3,3,22,21,90,0,0,0,1,0,79,65,0,0,0,0,0,0,0,0,0
1777429,2,"Copa de España","Copa del Rey",-1142812800,NA,"https://static.acb.com/img/d/15/9/27868934009.png","https://static.acb.com/img/d/15/9/27868934009.png",64,1999,103,293,NA,275,781,NA,NA,TRUE,525,525,211,"TAU Cerámica","TAU Cerámica","TAU",527,457,"Adecco Estudiantes","Adecco Estu","EST",1,65,12000,4,16,25,20,34,58,13,21,61,20,7,27,13,6,14,0,3,2,3,21,22,65,0,0,1,0,0,65,79,0,0,0,0,0,0,0,0,0
1777424,2,"Copa de España","Copa del Rey",-1142812800,NA,"https://static.acb.com/img/d/15/9/27868934009.png","https://static.acb.com/img/d/15/9/27868934009.png",64,1999,103,293,NA,275,780,NA,NA,FALSE,526,531,1125,"Caja San Fernando","C. San Fernando","CSF",526,332,"Canarias Telecom","Canarias Tel.","GCA",1,60,12000,5,12,41,20,36,55,5,14,35,24,10,34,12,3,15,0,3,2,2,23,17,57,0,0,1,0,0,60,71,0,0,0,0,0,0,0,0,0
1777426,2,"Copa de España","Copa del Rey",-1142812800,NA,"https://static.acb.com/img/d/15/9/27868934009.png","https://static.acb.com/img/d/15/9/27868934009.png",64,1999,103,293,NA,275,780,NA,NA,TRUE,531,531,1125,"Caja San Fernando","C. San Fernando","CSF",526,332,"Canarias Telecom","Canarias Tel.","GCA",1,71,12000,6,19,31,16,34,47,21,25,84,17,10,27,6,12,6,0,2,3,1,17,23,80,0,0,0,1,0,71,60,0,0,0,0,0,0,0,0,0
1777423,2,"Copa de España","Copa del Rey",-1142812800,NA,"https://static.acb.com/img/d/15/9/27868934009.png","https://static.acb.com/img/d/15/9/27868934009.png",64,1999,103,293,NA,275,779,NA,NA,FALSE,530,529,954,"Pamesa Valencia","Pamesa Valencia","PAM",530,1049,"Unicaja","Unicaja","UNI",1,53,12000,3,23,13,19,37,51,6,14,42,19,11,30,8,7,10,0,2,1,0,32,18,29,0,0,1,0,0,53,74,0,0,0,0,0,0,0,0,0
1777420,2,"Copa de España","Copa del Rey",-1142812800,NA,"https://static.acb.com/img/d/15/9/27868934009.png","https://static.acb.com/img/d/15/9/27868934009.png",64,1999,103,293,NA,275,779,NA,NA,TRUE,529,529,954,"Pamesa Valencia","Pamesa Valencia","PAM",530,1049,"Unicaja","Unicaja","UNI",1,74,12000,2,11,18,18,37,48,32,42,76,29,11,40,5,9,7,0,1,2,2,18,32,96,0,0,0,1,0,74,53,0,0,0,0,0,0,0,0,0
1777418,2,"Copa de España","Copa del Rey",-1142812800,NA,"https://static.acb.com/img/d/15/9/27868934009.png","https://static.acb.com/img/d/15/9/27868934009.png",64,1999,103,293,NA,275,778,NA,NA,FALSE,528,524,97,"FC Barcelona","FC Barcelona","FCB",528,755,"Real Madrid","Real Madrid","RMB",1,68,12000,6,13,46,15,31,48,20,25,80,19,2,21,11,6,12,0,0,3,1,21,23,65,0,0,1,0,0,748,73,0,0,0,0,0,0,0,0,0
1777416,2,"Copa de España","Copa del Rey",-1142812800,NA,"https://static.acb.com/img/d/15/9/27868934009.png","https://static.acb.com/img/d/15/9/27868934009.png",64,1999,103,293,NA,275,778,NA,NA,TRUE,524,524,97,"FC Barcelona","FC Barcelona","FCB",528,755,"Real Madrid","Real Madrid","RMB",1,73,12000,3,17,17,24,45,53,16,27,59,21,15,36,8,13,10,0,3,0,2,24,21,74,0,0,0,1,0,949,68,0,0,0,0,0,0,0,0,0
1777436,2,"Copa de España","Copa del Rey",-1142812800,NA,"https://static.acb.com/img/d/15/9/27868934009.png","https://static.acb.com/img/d/15/9/27868934009.png",64,1999,103,292,NA,276,783,NA,NA,TRUE,527,527,457,"Adecco Estudiantes","Adecco Estu","EST",531,1125,"Caja San Fernando","C. San Fernando","CSF",1,80,12000,5,12,41,18,35,51,29,35,82,23,10,33,11,5,13,0,1,3,0,18,26,92,0,0,0,1,0,1040,65,0,0,0,0,0,0,0,0,0
1777438,2,"Copa de España","Copa del Rey",-1142812800,NA,"https://static.acb.com/img/d/15/9/27868934009.png","https://static.acb.com/img/d/15/9/27868934009.png",64,1999,103,292,NA,276,783,NA,NA,FALSE,531,527,457,"Adecco Estudiantes","Adecco Estu","EST",531,1125,"Caja San Fernando","C. San Fernando","CSF",1,65,12000,3,18,16,23,44,52,10,13,76,13,10,23,7,12,9,0,3,1,1,26,18,53,0,0,1,0,0,715,80,0,0,0,0,0,0,0,0,0
1777433,2,"Copa de España","Copa del Rey",-1142812800,NA,"https://static.acb.com/img/d/15/9/27868934009.png","https://static.acb.com/img/d/15/9/27868934009.png",64,1999,103,292,NA,276,782,NA,NA,FALSE,524,529,954,"Pamesa Valencia","Pamesa Valencia","PAM",524,97,"FC Barcelona","FC Barcelona","FCB",1,73,12000,7,21,33,21,40,52,10,15,66,16,13,29,8,9,15,0,1,1,6,21,17,62,0,0,1,0,0,876,75,0,0,0,0,0,0,0,0,0
1777434,2,"Copa de España","Copa del Rey",-1142812800,NA,"https://static.acb.com/img/d/15/9/27868934009.png","https://static.acb.com/img/d/15/9/27868934009.png",64,1999,103,292,NA,276,782,NA,NA,TRUE,529,529,954,"Pamesa Valencia","Pamesa Valencia","PAM",524,97,"FC Barcelona","FC Barcelona","FCB",1,75,12000,3,10,30,26,39,66,14,21,66,20,6,26,10,10,18,0,1,1,2,17,21,80,0,0,0,1,0,900,73,0,0,0,0,0,0,0,0,0
1777442,2,"Copa de España","Copa del Rey",-1142812800,NA,"https://static.acb.com/img/d/15/9/27868934009.png","https://static.acb.com/img/d/15/9/27868934009.png",64,1999,103,291,301,277,784,NA,NA,TRUE,529,529,954,"Pamesa Valencia","Pamesa Valencia","PAM",527,457,"Adecco Estudiantes","Adecco Estu","EST",1,63,12000,3,24,12,22,37,59,10,19,52,23,15,38,8,6,8,0,1,0,0,21,18,60,0,0,1,0,0,63,73,0,0,0,0,0,0,0,0,0
1777441,2,"Copa de España","Copa del Rey",-1142812800,NA,"https://static.acb.com/img/d/15/9/27868934009.png","https://static.acb.com/img/d/15/9/27868934009.png",64,1999,103,291,301,277,784,NA,NA,FALSE,527,529,954,"Pamesa Valencia","Pamesa Valencia","PAM",527,457,"Adecco Estudiantes","Adecco Estu","EST",1,73,12000,5,17,29,22,38,57,14,23,60,26,10,36,13,6,6,0,0,1,0,18,21,87,0,0,0,1,0,73,63,0,0,0,0,0,0,0,0,0
