"id","id_competition","competition_name","competition_official_name","competition_initial_date","competition_final_date","competition_url_image","competition_url_image_negative","id_edition","edition_year","id_phase","id_subphase","id_round","id_matchweek","id_match","period","id_edition_license_team","is_local","id_team","id_local_team","local_team_id_team_denomination","local_team_team_actual_name","local_team_team_actual_short_name","local_team_team_abbrev_name","id_visitor_team","visitor_team_id_team_denomination","visitor_team_team_actual_name","visitor_team_team_actual_short_name","visitor_team_team_abbrev_name","match_number","points","time_played","3pt_success","3pt_tried","3pt_percentage","2pt_success","2pt_tried","2pt_percentage","1pt_success","1pt_tried","1pt_percentage","defensive_rebound","offensive_rebound","total_rebound","asis","steals","turnovers","counter_attack","blocks","received_blocks","dunks","personal_fouls","received_fouls","val","differential","tournament_number2","defeats","victories","tie","team_score","rival_team_score","timeouts","time_as_leader","leader_changes","maximun_difference","points_after_steal","points_in_the_paint","second_opportinity_points","bench_points","best_streak"
1423152,1,"Liga Nacional","Liga Endesa",-402534000,NA,"https://www.acb.com/Documentos/Cabeceras/logo-competicion-1b.png","https://www.acb.com/Documentos/Cabeceras/logo-competicion-4a.png",73,2008,107,NA,NA,2079,13224,NA,NA,TRUE,1454,1454,872,"Ricoh Manresa","Ricoh Manresa","MAN",1459,1137,"Cajasol","Cajasol","CAJ",1,69,12000,6,21,28.57,18,38,47.37,15,20,75,21,12,33,17,11,13,0,3,5,4,20,23,78,0,0,0,1,0,69,68,0,NA,0,0,0,0,0,0,0
1423153,1,"Liga Nacional","Liga Endesa",-402534000,NA,"https://www.acb.com/Documentos/Cabeceras/logo-competicion-1b.png","https://www.acb.com/Documentos/Cabeceras/logo-competicion-4a.png",73,2008,107,NA,NA,2079,13224,NA,NA,FALSE,1459,1454,872,"Ricoh Manresa","Ricoh Manresa","MAN",1459,1137,"Cajasol","Cajasol","CAJ",1,68,12000,10,25,40,14,30,46.67,10,17,58.82,24,11,35,16,12,19,0,5,3,1,23,20,73,0,0,1,0,0,68,69,0,NA,0,0,0,0,0,0,0
1423044,1,"Liga Nacional","Liga Endesa",-402534000,NA,"https://www.acb.com/Documentos/Cabeceras/logo-competicion-1b.png","https://www.acb.com/Documentos/Cabeceras/logo-competicion-4a.png",73,2008,107,NA,NA,2079,13220,NA,NA,TRUE,1448,1448,1205,"Alta Gestión Fuenlabrada","Alta Gestión F.","AGF",1456,912,"CB Murcia","CB Murcia","MUR",1,97,12000,13,27,48.15,22,34,64.71,14,17,82.35,27,10,37,17,9,19,0,2,1,4,20,16,109,0,0,0,1,0,97,81,0,NA,0,0,0,0,0,0,0
1423045,1,"Liga Nacional","Liga Endesa",-402534000,NA,"https://www.acb.com/Documentos/Cabeceras/logo-competicion-1b.png","https://www.acb.com/Documentos/Cabeceras/logo-competicion-4a.png",73,2008,107,NA,NA,2079,13220,NA,NA,FALSE,1456,1448,1205,"Alta Gestión Fuenlabrada","Alta Gestión F.","AGF",1456,912,"CB Murcia","CB Murcia","MUR",1,81,12000,12,25,48,17,38,44.74,11,12,91.67,16,6,22,14,8,14,0,1,2,1,16,20,79,0,0,1,0,0,81,97,0,NA,0,0,0,0,0,0,0
1423072,1,"Liga Nacional","Liga Endesa",-402534000,NA,"https://www.acb.com/Documentos/Cabeceras/logo-competicion-1b.png","https://www.acb.com/Documentos/Cabeceras/logo-competicion-4a.png",73,2008,107,NA,NA,2079,13221,NA,NA,TRUE,1443,1443,118,"Regal FC Barcelona","Regal FCB","FCB",1451,639,"DKV Joventut","DKV Joventut","DKV",1,95,12000,10,26,38.46,22,37,59.46,21,29,72.41,22,16,38,22,7,7,0,5,3,7,21,22,119,0,0,0,1,0,95,77,0,NA,0,0,0,0,0,0,0
1423073,1,"Liga Nacional","Liga Endesa",-402534000,NA,"https://www.acb.com/Documentos/Cabeceras/logo-competicion-1b.png","https://www.acb.com/Documentos/Cabeceras/logo-competicion-4a.png",73,2008,107,NA,NA,2079,13221,NA,NA,FALSE,1451,1443,118,"Regal FC Barcelona","Regal FCB","FCB",1451,639,"DKV Joventut","DKV Joventut","DKV",1,77,12000,7,26,26.92,21,34,61.76,14,18,77.78,21,9,30,15,4,10,0,3,5,4,22,21,77,0,0,1,0,0,77,95,0,NA,0,0,0,0,0,0,0
1423100,1,"Liga Nacional","Liga Endesa",-402534000,NA,"https://www.acb.com/Documentos/Cabeceras/logo-competicion-1b.png","https://www.acb.com/Documentos/Cabeceras/logo-competicion-4a.png",73,2008,107,NA,NA,2079,13222,NA,NA,FALSE,1445,1447,472,"MMT Estudiantes","MMT Estudiantes","MMT",1445,289,"iurbentia Bilbao Basket","iurbentia BB","IBB",1,76,12000,11,29,37.93,16,34,47.06,11,14,78.57,22,12,34,12,7,18,0,2,0,0,28,22,68,0,0,0,1,0,76,71,0,NA,0,0,0,0,0,0,0
1423099,1,"Liga Nacional","Liga Endesa",-402534000,NA,"https://www.acb.com/Documentos/Cabeceras/logo-competicion-1b.png","https://www.acb.com/Documentos/Cabeceras/logo-competicion-4a.png",73,2008,107,NA,NA,2079,13222,NA,NA,TRUE,1447,1447,472,"MMT Estudiantes","MMT Estudiantes","MMT",1445,289,"iurbentia Bilbao Basket","iurbentia BB","IBB",1,71,12000,4,16,25,19,37,51.35,21,32,65.62,24,9,33,7,7,14,0,0,2,0,21,28,68,0,0,1,0,0,71,76,0,NA,0,0,0,0,0,0,0
1423125,1,"Liga Nacional","Liga Endesa",-402534000,NA,"https://www.acb.com/Documentos/Cabeceras/logo-competicion-1b.png","https://www.acb.com/Documentos/Cabeceras/logo-competicion-4a.png",73,2008,107,NA,NA,2079,13223,NA,NA,TRUE,1455,1455,893,"ViveMenorca","ViveMenorca","MEN",1444,234,"TAU Cerámica","TAU Cerámica","TAU",1,77,12000,9,25,36,20,40,50,10,14,71.43,20,11,31,6,14,15,0,3,2,0,25,22,71,0,0,1,0,0,77,79,0,NA,0,0,0,0,0,0,0
1423126,1,"Liga Nacional","Liga Endesa",-402534000,NA,"https://www.acb.com/Documentos/Cabeceras/logo-competicion-1b.png","https://www.acb.com/Documentos/Cabeceras/logo-competicion-4a.png",73,2008,107,NA,NA,2079,13223,NA,NA,FALSE,1444,1455,893,"ViveMenorca","ViveMenorca","MEN",1444,234,"TAU Cerámica","TAU Cerámica","TAU",1,79,12000,7,17,41.18,20,38,52.63,18,25,72,23,9,32,11,12,20,0,2,3,3,22,25,81,0,0,0,1,0,79,77,0,NA,0,0,0,0,0,0,0
1423017,1,"Liga Nacional","Liga Endesa",-402534000,NA,"https://www.acb.com/Documentos/Cabeceras/logo-competicion-1b.png","https://www.acb.com/Documentos/Cabeceras/logo-competicion-4a.png",73,2008,107,NA,NA,2079,13219,NA,NA,FALSE,1457,1452,1160,"CAI Zaragoza","CAI Zaragoza","CAI",1457,975,"Pamesa Valencia","Pamesa Valencia","PAM",1,82,12000,13,31,41.94,11,27,40.74,21,23,91.3,21,13,34,6,9,14,0,4,1,1,26,21,79,0,0,0,1,0,82,72,0,NA,0,0,0,0,0,0,0
1423016,1,"Liga Nacional","Liga Endesa",-402534000,NA,"https://www.acb.com/Documentos/Cabeceras/logo-competicion-1b.png","https://www.acb.com/Documentos/Cabeceras/logo-competicion-4a.png",73,2008,107,NA,NA,2079,13219,NA,NA,TRUE,1452,1452,1160,"CAI Zaragoza","CAI Zaragoza","CAI",1457,975,"Pamesa Valencia","Pamesa Valencia","PAM",1,72,12000,11,27,40.74,13,28,46.43,13,23,56.52,20,13,33,11,9,19,0,1,4,1,21,26,67,0,0,1,0,0,72,82,0,NA,0,0,0,0,0,0,0
1423178,1,"Liga Nacional","Liga Endesa",-402534000,NA,"https://www.acb.com/Documentos/Cabeceras/logo-competicion-1b.png","https://www.acb.com/Documentos/Cabeceras/logo-competicion-4a.png",73,2008,107,NA,NA,2079,13225,NA,NA,TRUE,1458,1458,1078,"Unicaja","Unicaja","UNI",1453,775,"Real Madrid","Real Madrid","RMB",1,82,12000,8,21,38.1,21,37,56.76,16,23,69.57,21,13,34,15,11,15,0,2,2,2,22,19,88,0,0,0,1,0,82,65,0,NA,0,0,0,0,0,0,0
1423179,1,"Liga Nacional","Liga Endesa",-402534000,NA,"https://www.acb.com/Documentos/Cabeceras/logo-competicion-1b.png","https://www.acb.com/Documentos/Cabeceras/logo-competicion-4a.png",73,2008,107,NA,NA,2079,13225,NA,NA,FALSE,1453,1458,1078,"Unicaja","Unicaja","UNI",1453,775,"Real Madrid","Real Madrid","RMB",1,65,12000,6,16,37.5,17,42,40.48,13,18,72.22,18,11,29,9,11,17,0,2,2,2,19,22,60,0,0,1,0,0,65,82,0,NA,0,0,0,0,0,0,0
1423206,1,"Liga Nacional","Liga Endesa",-402534000,NA,"https://www.acb.com/Documentos/Cabeceras/logo-competicion-1b.png","https://www.acb.com/Documentos/Cabeceras/logo-competicion-4a.png",73,2008,107,NA,NA,2079,13226,NA,NA,TRUE,1450,1450,11,"CB Granada","CB Granada","GRA",1449,508,"Bruesa GBC","Bruesa GBC","GBC",1,83,12000,7,15,46.67,23,52,44.23,16,24,66.67,27,13,40,14,6,13,0,7,2,3,23,23,90,0,0,0,1,0,83,79,0,NA,0,0,0,0,0,0,0
1423207,1,"Liga Nacional","Liga Endesa",-402534000,NA,"https://www.acb.com/Documentos/Cabeceras/logo-competicion-1b.png","https://www.acb.com/Documentos/Cabeceras/logo-competicion-4a.png",73,2008,107,NA,NA,2079,13226,NA,NA,FALSE,1449,1450,11,"CB Granada","CB Granada","GRA",1449,508,"Bruesa GBC","Bruesa GBC","GBC",1,79,12000,9,18,50,16,35,45,20,32,62,25,6,31,11,9,13,0,2,7,0,23,23,72,0,0,12,0,0,79,83,0,0,0,0,0,0,0,0,0
1423258,1,"Liga Nacional","Liga Endesa",-402534000,NA,"https://www.acb.com/Documentos/Cabeceras/logo-competicion-1b.png","https://www.acb.com/Documentos/Cabeceras/logo-competicion-4a.png",73,2008,107,NA,NA,2080,13228,NA,NA,TRUE,1459,1459,1137,"Cajasol","Cajasol","CAJ",1458,1078,"Unicaja","Unicaja","UNI",1,60,12000,5,24,20.83,15,34,44.12,15,21,71.43,13,17,30,8,9,17,0,1,6,2,23,26,44,0,0,1,0,0,60,91,0,NA,0,0,0,0,0,0,0
1423259,1,"Liga Nacional","Liga Endesa",-402534000,NA,"https://www.acb.com/Documentos/Cabeceras/logo-competicion-1b.png","https://www.acb.com/Documentos/Cabeceras/logo-competicion-4a.png",73,2008,107,NA,NA,2080,13228,NA,NA,FALSE,1458,1459,1137,"Cajasol","Cajasol","CAJ",1458,1078,"Unicaja","Unicaja","UNI",1,91,12000,12,25,48,19,30,63.33,17,23,73.91,22,11,33,18,12,13,0,6,1,2,26,23,113,0,0,0,1,0,91,60,0,NA,0,0,0,0,0,0,0
1423234,1,"Liga Nacional","Liga Endesa",-402534000,NA,"https://www.acb.com/Documentos/Cabeceras/logo-competicion-1b.png","https://www.acb.com/Documentos/Cabeceras/logo-competicion-4a.png",73,2008,107,NA,NA,2080,13227,NA,NA,FALSE,1450,1453,775,"Real Madrid","Real Madrid","RMB",1450,11,"CB Granada","CB Granada","GRA",1,80,12000,10,23,43.48,15,32,46.88,20,23,86.96,21,10,31,15,4,16,0,5,5,1,23,23,81,0,0,1,0,0,80,81,0,NA,0,0,0,0,0,0,0
1423233,1,"Liga Nacional","Liga Endesa",-402534000,NA,"https://www.acb.com/Documentos/Cabeceras/logo-competicion-1b.png","https://www.acb.com/Documentos/Cabeceras/logo-competicion-4a.png",73,2008,107,NA,NA,2080,13227,NA,NA,TRUE,1453,1453,775,"Real Madrid","Real Madrid","RMB",1450,11,"CB Granada","CB Granada","GRA",1,81,12000,2,16,12.5,24,55,43.64,27,33,81.82,20,21,41,9,8,7,0,5,5,2,23,23,81,0,0,0,1,0,81,80,0,NA,0,0,0,0,0,0,0
1423285,1,"Liga Nacional","Liga Endesa",-402534000,NA,"https://www.acb.com/Documentos/Cabeceras/logo-competicion-1b.png","https://www.acb.com/Documentos/Cabeceras/logo-competicion-4a.png",73,2008,107,NA,NA,2080,13229,NA,NA,TRUE,1444,1444,234,"TAU Cerámica","TAU Cerámica","TAU",1454,872,"Ricoh Manresa","Ricoh Manresa","MAN",1,80,12000,6,23,26.09,22,39,56.41,18,22,81.82,27,13,40,14,6,15,0,2,2,4,14,18,91,0,0,0,1,0,80,67,0,NA,0,0,0,0,0,0,0
1423286,1,"Liga Nacional","Liga Endesa",-402534000,NA,"https://www.acb.com/Documentos/Cabeceras/logo-competicion-1b.png","https://www.acb.com/Documentos/Cabeceras/logo-competicion-4a.png",73,2008,107,NA,NA,2080,13229,NA,NA,FALSE,1454,1444,234,"TAU Cerámica","TAU Cerámica","TAU",1454,872,"Ricoh Manresa","Ricoh Manresa","MAN",1,67,12000,5,28,17.86,19,42,45.24,14,14,100,22,18,40,12,10,15,0,2,2,0,18,14,64,0,0,1,0,0,67,80,0,NA,0,0,0,0,0,0,0
1423337,1,"Liga Nacional","Liga Endesa",-402534000,NA,"https://www.acb.com/Documentos/Cabeceras/logo-competicion-1b.png","https://www.acb.com/Documentos/Cabeceras/logo-competicion-4a.png",73,2008,107,NA,NA,2080,13231,NA,NA,TRUE,1451,1451,639,"DKV Joventut","DKV Joventut","DKV",1447,472,"MMT Estudiantes","MMT Estudiantes","MMT",1,83,12000,10,27,37.04,18,29,62.07,17,23,73.91,25,9,34,16,10,24,0,4,3,4,21,23,88,0,0,0,1,0,83,81,0,NA,0,0,0,0,0,0,0
1423338,1,"Liga Nacional","Liga Endesa",-402534000,NA,"https://www.acb.com/Documentos/Cabeceras/logo-competicion-1b.png","https://www.acb.com/Documentos/Cabeceras/logo-competicion-4a.png",73,2008,107,NA,NA,2080,13231,NA,NA,FALSE,1447,1451,639,"DKV Joventut","DKV Joventut","DKV",1447,472,"MMT Estudiantes","MMT Estudiantes","MMT",1,81,12000,13,31,41.94,12,33,36.36,18,24,75,21,13,34,13,14,17,0,3,4,0,23,21,77,0,0,1,0,0,81,83,0,NA,0,0,0,0,0,0,0
1423417,1,"Liga Nacional","Liga Endesa",-402534000,NA,"https://www.acb.com/Documentos/Cabeceras/logo-competicion-1b.png","https://www.acb.com/Documentos/Cabeceras/logo-competicion-4a.png",73,2008,107,NA,NA,2080,13234,NA,NA,TRUE,1446,1446,346,"Kalise Gran Canaria","Kalise GC","GCA",1452,1160,"CAI Zaragoza","CAI Zaragoza","CAI",1,68,12000,8,22,36.36,16,33,48.48,12,20,60,25,8,33,15,8,19,0,8,2,2,22,20,70,0,0,1,0,0,68,76,0,NA,0,0,0,0,0,0,0
1423418,1,"Liga Nacional","Liga Endesa",-402534000,NA,"https://www.acb.com/Documentos/Cabeceras/logo-competicion-1b.png","https://www.acb.com/Documentos/Cabeceras/logo-competicion-4a.png",73,2008,107,NA,NA,2080,13234,NA,NA,FALSE,1452,1446,346,"Kalise Gran Canaria","Kalise GC","GCA",1452,1160,"CAI Zaragoza","CAI Zaragoza","CAI",1,76,12000,8,22,36.36,19,45,42.22,14,22,63.64,23,17,40,13,15,14,0,2,8,1,20,22,78,0,0,0,1,0,76,68,0,NA,0,0,0,0,0,0,0
1423366,1,"Liga Nacional","Liga Endesa",-402534000,NA,"https://www.acb.com/Documentos/Cabeceras/logo-competicion-1b.png","https://www.acb.com/Documentos/Cabeceras/logo-competicion-4a.png",73,2008,107,NA,NA,2080,13232,NA,NA,FALSE,1443,1456,912,"CB Murcia","CB Murcia","MUR",1443,118,"Regal FC Barcelona","Regal FCB","FCB",1,78,12000,9,21,42.86,21,30,70,9,11,81.82,18,7,25,17,12,14,0,1,1,9,20,14,89,0,0,0,1,0,78,58,0,NA,0,0,0,0,0,0,0
1423365,1,"Liga Nacional","Liga Endesa",-402534000,NA,"https://www.acb.com/Documentos/Cabeceras/logo-competicion-1b.png","https://www.acb.com/Documentos/Cabeceras/logo-competicion-4a.png",73,2008,107,NA,NA,2080,13232,NA,NA,TRUE,1456,1456,912,"CB Murcia","CB Murcia","MUR",1443,118,"Regal FC Barcelona","Regal FCB","FCB",1,58,12000,9,16,56.25,13,34,38.24,5,6,83.33,15,9,24,9,10,21,0,1,1,1,14,20,57,0,0,1,0,0,58,78,0,NA,0,0,0,0,0,0,0
1423390,1,"Liga Nacional","Liga Endesa",-402534000,NA,"https://www.acb.com/Documentos/Cabeceras/logo-competicion-1b.png","https://www.acb.com/Documentos/Cabeceras/logo-competicion-4a.png",73,2008,107,NA,NA,2080,13233,NA,NA,TRUE,1457,1457,975,"Pamesa Valencia","Pamesa Valencia","PAM",1448,1205,"Alta Gestión Fuenlabrada","Alta Gestión F.","AGF",1,81,12000,10,18,55.56,16,34,47.06,19,21,90.48,22,8,30,17,13,21,0,1,1,0,19,19,92,0,0,0,1,0,81,75,0,NA,0,0,0,0,0,0,0
1423391,1,"Liga Nacional","Liga Endesa",-402534000,NA,"https://www.acb.com/Documentos/Cabeceras/logo-competicion-1b.png","https://www.acb.com/Documentos/Cabeceras/logo-competicion-4a.png",73,2008,107,NA,NA,2080,13233,NA,NA,FALSE,1448,1457,975,"Pamesa Valencia","Pamesa Valencia","PAM",1448,1205,"Alta Gestión Fuenlabrada","Alta Gestión F.","AGF",1,75,12000,11,23,47.83,18,39,46.15,6,11,54.55,18,10,28,12,14,19,0,1,1,0,19,19,72,0,0,1,0,0,75,81,0,NA,0,0,0,0,0,0,0
1423312,1,"Liga Nacional","Liga Endesa",-402534000,NA,"https://www.acb.com/Documentos/Cabeceras/logo-competicion-1b.png","https://www.acb.com/Documentos/Cabeceras/logo-competicion-4a.png",73,2008,107,NA,NA,2080,13230,NA,NA,FALSE,1455,1445,289,"iurbentia Bilbao Basket","iurbentia BB","IBB",1455,893,"ViveMenorca","ViveMenorca","MEN",1,62,12000,4,17,23.53,21,41,51.22,8,15,53.33,21,13,34,11,5,14,0,0,3,0,23,17,49,0,0,1,0,0,62,74,0,NA,0,0,0,0,0,0,0
1423311,1,"Liga Nacional","Liga Endesa",-402534000,NA,"https://www.acb.com/Documentos/Cabeceras/logo-competicion-1b.png","https://www.acb.com/Documentos/Cabeceras/logo-competicion-4a.png",73,2008,107,NA,NA,2080,13230,NA,NA,TRUE,1445,1445,289,"iurbentia Bilbao Basket","iurbentia BB","IBB",1455,893,"ViveMenorca","ViveMenorca","MEN",1,74,12000,7,19,36.84,15,32,46.88,23,29,79.31,24,8,32,9,11,10,0,3,0,0,17,23,90,0,0,0,1,0,74,62,0,NA,0,0,0,0,0,0,0
1423551,1,"Liga Nacional","Liga Endesa",-402534000,NA,"https://www.acb.com/Documentos/Cabeceras/logo-competicion-1b.png","https://www.acb.com/Documentos/Cabeceras/logo-competicion-4a.png",73,2008,107,NA,NA,2081,13239,NA,NA,FALSE,1445,1454,872,"Ricoh Manresa","Ricoh Manresa","MAN",1445,289,"iurbentia Bilbao Basket","iurbentia BB","IBB",1,55,12000,4,17,23.53,17,41,41.46,9,11,81.82,24,12,36,11,7,17,0,4,8,2,25,17,41,0,0,1,0,0,55,75,0,NA,0,0,0,0,0,0,0
1423550,1,"Liga Nacional","Liga Endesa",-402534000,NA,"https://www.acb.com/Documentos/Cabeceras/logo-competicion-1b.png","https://www.acb.com/Documentos/Cabeceras/logo-competicion-4a.png",73,2008,107,NA,NA,2081,13239,NA,NA,TRUE,1454,1454,872,"Ricoh Manresa","Ricoh Manresa","MAN",1445,289,"iurbentia Bilbao Basket","iurbentia BB","IBB",1,75,12000,7,14,50,22,49,44.9,10,12,83.33,24,13,37,12,11,11,0,8,4,4,17,25,100,0,0,0,1,0,75,55,0,NA,0,0,0,0,0,0,0
1423576,1,"Liga Nacional","Liga Endesa",-402534000,NA,"https://www.acb.com/Documentos/Cabeceras/logo-competicion-1b.png","https://www.acb.com/Documentos/Cabeceras/logo-competicion-4a.png",73,2008,107,NA,NA,2081,13240,NA,NA,FALSE,1444,1458,1078,"Unicaja","Unicaja","UNI",1444,234,"TAU Cerámica","TAU Cerámica","TAU",1,75,12000,6,20,30,21,44,47.73,15,17,88.24,22,20,42,13,7,13,0,2,4,2,18,17,82,0,0,0,1,0,75,69,0,NA,0,0,0,0,0,0,0
1423575,1,"Liga Nacional","Liga Endesa",-402534000,NA,"https://www.acb.com/Documentos/Cabeceras/logo-competicion-1b.png","https://www.acb.com/Documentos/Cabeceras/logo-competicion-4a.png",73,2008,107,NA,NA,2081,13240,NA,NA,TRUE,1458,1458,1078,"Unicaja","Unicaja","UNI",1444,234,"TAU Cerámica","TAU Cerámica","TAU",1,69,12000,8,23,34.78,19,45,42.22,7,11,63.64,16,17,33,15,9,10,0,4,2,4,17,18,74,0,0,1,0,0,69,75,0,NA,0,0,0,0,0,0,0
1423444,1,"Liga Nacional","Liga Endesa",-402534000,NA,"https://www.acb.com/Documentos/Cabeceras/logo-competicion-1b.png","https://www.acb.com/Documentos/Cabeceras/logo-competicion-4a.png",73,2008,107,NA,NA,2081,13235,NA,NA,TRUE,1448,1448,1205,"Alta Gestión Fuenlabrada","Alta Gestión F.","AGF",1446,346,"Kalise Gran Canaria","Kalise GC","GCA",1,75,12000,7,20,35,20,40,50,14,18,77.78,20,9,29,10,9,15,0,3,2,3,19,19,72,0,0,1,0,0,75,86,0,NA,0,0,0,0,0,0,0
1423445,1,"Liga Nacional","Liga Endesa",-402534000,NA,"https://www.acb.com/Documentos/Cabeceras/logo-competicion-1b.png","https://www.acb.com/Documentos/Cabeceras/logo-competicion-4a.png",73,2008,107,NA,NA,2081,13235,NA,NA,FALSE,1446,1448,1205,"Alta Gestión Fuenlabrada","Alta Gestión F.","AGF",1446,346,"Kalise Gran Canaria","Kalise GC","GCA",1,86,12000,7,16,43.75,25,41,60.98,15,21,71.43,22,7,29,17,10,15,0,2,3,1,19,19,95,0,0,0,1,0,86,75,0,NA,0,0,0,0,0,0,0
1423524,1,"Liga Nacional","Liga Endesa",-402534000,NA,"https://www.acb.com/Documentos/Cabeceras/logo-competicion-1b.png","https://www.acb.com/Documentos/Cabeceras/logo-competicion-4a.png",73,2008,107,NA,NA,2081,13238,NA,NA,TRUE,1455,1455,893,"ViveMenorca","ViveMenorca","MEN",1451,639,"DKV Joventut","DKV Joventut","DKV",1,73,12000,6,24,25,21,45,46.67,13,19,68.42,15,17,32,13,12,12,0,3,7,0,19,21,68,0,0,1,0,0,73,75,0,NA,0,0,0,0,0,0,0
1423525,1,"Liga Nacional","Liga Endesa",-402534000,NA,"https://www.acb.com/Documentos/Cabeceras/logo-competicion-1b.png","https://www.acb.com/Documentos/Cabeceras/logo-competicion-4a.png",73,2008,107,NA,NA,2081,13238,NA,NA,FALSE,1451,1455,893,"ViveMenorca","ViveMenorca","MEN",1451,639,"DKV Joventut","DKV Joventut","DKV",1,75,12000,10,25,40,16,26,61.54,13,16,81.25,24,9,33,10,6,20,0,7,3,3,21,19,78,0,0,0,1,0,75,73,0,NA,0,0,0,0,0,0,0
1423602,1,"Liga Nacional","Liga Endesa",-402534000,NA,"https://www.acb.com/Documentos/Cabeceras/logo-competicion-1b.png","https://www.acb.com/Documentos/Cabeceras/logo-competicion-4a.png",73,2008,107,NA,NA,2081,13241,NA,NA,TRUE,1450,1450,11,"CB Granada","CB Granada","GRA",1459,1137,"Cajasol","Cajasol","CAJ",1,79,12000,12,20,60,18,35,51.43,7,8,87.5,27,5,32,18,8,14,0,8,5,3,18,18,100,0,0,0,1,0,79,59,0,NA,0,0,0,0,0,0,0
1423603,1,"Liga Nacional","Liga Endesa",-402534000,NA,"https://www.acb.com/Documentos/Cabeceras/logo-competicion-1b.png","https://www.acb.com/Documentos/Cabeceras/logo-competicion-4a.png",73,2008,107,NA,NA,2081,13241,NA,NA,FALSE,1459,1450,11,"CB Granada","CB Granada","GRA",1459,1137,"Cajasol","Cajasol","CAJ",1,59,12000,7,27,25.93,17,42,40.48,4,11,36.36,16,24,40,8,8,15,0,5,8,0,18,18,45,0,0,1,0,0,59,79,0,NA,0,0,0,0,0,0,0
1423629,1,"Liga Nacional","Liga Endesa",-402534000,NA,"https://www.acb.com/Documentos/Cabeceras/logo-competicion-1b.png","https://www.acb.com/Documentos/Cabeceras/logo-competicion-4a.png",73,2008,107,NA,NA,2081,13242,NA,NA,TRUE,1449,1449,508,"Bruesa GBC","Bruesa GBC","GBC",1453,775,"Real Madrid","Real Madrid","RMB",1,78,12000,6,23,26,26,41,63,8,13,61,24,10,34,13,5,14,0,1,1,0,23,20,76,0,0,12,0,0,78,94,0,0,0,0,0,0,0,0,0
1423630,1,"Liga Nacional","Liga Endesa",-402534000,NA,"https://www.acb.com/Documentos/Cabeceras/logo-competicion-1b.png","https://www.acb.com/Documentos/Cabeceras/logo-competicion-4a.png",73,2008,107,NA,NA,2081,13242,NA,NA,FALSE,1453,1449,508,"Bruesa GBC","Bruesa GBC","GBC",1453,775,"Real Madrid","Real Madrid","RMB",1,94,12000,7,14,50,28,51,54.9,17,24,70.83,24,10,34,16,10,9,0,1,1,1,20,23,111,0,0,0,1,0,94,78,0,NA,0,0,0,0,0,0,0
1423471,1,"Liga Nacional","Liga Endesa",-402534000,NA,"https://www.acb.com/Documentos/Cabeceras/logo-competicion-1b.png","https://www.acb.com/Documentos/Cabeceras/logo-competicion-4a.png",73,2008,107,NA,NA,2081,13236,NA,NA,TRUE,1443,1443,118,"Regal FC Barcelona","Regal FCB","FCB",1457,975,"Pamesa Valencia","Pamesa Valencia","PAM",1,74,12000,10,22,45.45,16,28,57.14,12,16,75,28,9,37,16,3,16,0,5,4,4,18,18,87,0,0,0,1,0,74,58,0,NA,0,0,0,0,0,0,0
1423472,1,"Liga Nacional","Liga Endesa",-402534000,NA,"https://www.acb.com/Documentos/Cabeceras/logo-competicion-1b.png","https://www.acb.com/Documentos/Cabeceras/logo-competicion-4a.png",73,2008,107,NA,NA,2081,13236,NA,NA,FALSE,1457,1443,118,"Regal FC Barcelona","Regal FCB","FCB",1457,975,"Pamesa Valencia","Pamesa Valencia","PAM",1,58,12000,8,18,44.44,11,39,28.21,12,13,92.31,16,9,25,11,11,12,0,4,5,5,18,18,53,0,0,1,0,0,58,74,0,NA,0,0,0,0,0,0,0
1423497,1,"Liga Nacional","Liga Endesa",-402534000,NA,"https://www.acb.com/Documentos/Cabeceras/logo-competicion-1b.png","https://www.acb.com/Documentos/Cabeceras/logo-competicion-4a.png",73,2008,107,NA,NA,2081,13237,NA,NA,TRUE,1447,1447,472,"MMT Estudiantes","MMT Estudiantes","MMT",1456,912,"CB Murcia","CB Murcia","MUR",1,93,12000,9,20,45,26,41,63.41,14,22,63.64,27,12,39,21,9,11,0,3,4,0,21,23,118,0,0,0,1,0,93,66,0,NA,0,0,0,0,0,0,0
1423498,1,"Liga Nacional","Liga Endesa",-402534000,NA,"https://www.acb.com/Documentos/Cabeceras/logo-competicion-1b.png","https://www.acb.com/Documentos/Cabeceras/logo-competicion-4a.png",73,2008,107,NA,NA,2081,13237,NA,NA,FALSE,1456,1447,472,"MMT Estudiantes","MMT Estudiantes","MMT",1456,912,"CB Murcia","CB Murcia","MUR",1,66,12000,7,19,36.84,16,42,38.1,13,21,61.9,20,14,34,12,6,11,0,4,3,3,23,21,60,0,0,1,0,0,66,93,0,NA,0,0,0,0,0,0,0
1423656,1,"Liga Nacional","Liga Endesa",-402534000,NA,"https://www.acb.com/Documentos/Cabeceras/logo-competicion-1b.png","https://www.acb.com/Documentos/Cabeceras/logo-competicion-4a.png",73,2008,107,NA,NA,2082,13243,NA,NA,TRUE,1459,1459,1137,"Cajasol","Cajasol","CAJ",1449,508,"Bruesa GBC","Bruesa GBC","GBC",1,71,12000,5,18,27.78,22,42,52.38,12,15,80,24,12,36,10,7,15,0,2,0,0,18,23,80,0,0,1,0,0,71,77,0,NA,0,0,0,0,0,0,0
1423657,1,"Liga Nacional","Liga Endesa",-402534000,NA,"https://www.acb.com/Documentos/Cabeceras/logo-competicion-1b.png","https://www.acb.com/Documentos/Cabeceras/logo-competicion-4a.png",73,2008,107,NA,NA,2082,13243,NA,NA,FALSE,1449,1459,1137,"Cajasol","Cajasol","CAJ",1449,508,"Bruesa GBC","Bruesa GBC","GBC",1,77,12000,9,27,33,22,38,57,6,9,66,21,10,31,13,11,11,0,0,2,1,23,18,77,0,0,0,11,0,77,71,0,0,0,0,0,0,0,0,0
1423737,1,"Liga Nacional","Liga Endesa",-402534000,NA,"https://www.acb.com/Documentos/Cabeceras/logo-competicion-1b.png","https://www.acb.com/Documentos/Cabeceras/logo-competicion-4a.png",73,2008,107,NA,NA,2082,13246,NA,NA,FALSE,1454,1451,639,"DKV Joventut","DKV Joventut","DKV",1454,872,"Ricoh Manresa","Ricoh Manresa","MAN",1,74,12000,3,25,12,24,34,70.59,17,23,73.91,28,11,39,12,6,17,0,4,3,1,20,21,78,0,0,1,0,0,74,83,0,NA,0,0,0,0,0,0,0
1423736,1,"Liga Nacional","Liga Endesa",-402534000,NA,"https://www.acb.com/Documentos/Cabeceras/logo-competicion-1b.png","https://www.acb.com/Documentos/Cabeceras/logo-competicion-4a.png",73,2008,107,NA,NA,2082,13246,NA,NA,TRUE,1451,1451,639,"DKV Joventut","DKV Joventut","DKV",1454,872,"Ricoh Manresa","Ricoh Manresa","MAN",1,83,12000,13,37,35.14,16,33,48.48,12,17,70.59,25,12,37,18,10,15,0,3,4,3,21,20,85,0,0,0,1,0,83,74,0,NA,0,0,0,0,0,0,0
1423762,1,"Liga Nacional","Liga Endesa",-402534000,NA,"https://www.acb.com/Documentos/Cabeceras/logo-competicion-1b.png","https://www.acb.com/Documentos/Cabeceras/logo-competicion-4a.png",73,2008,107,NA,NA,2082,13247,NA,NA,TRUE,1456,1456,912,"CB Murcia","CB Murcia","MUR",1455,893,"ViveMenorca","ViveMenorca","MEN",1,78,12000,9,24,37.5,21,34,61.76,9,15,60,18,9,27,16,10,10,0,2,1,3,23,22,87,0,0,0,1,0,78,70,0,NA,0,0,0,0,0,0,0
1423763,1,"Liga Nacional","Liga Endesa",-402534000,NA,"https://www.acb.com/Documentos/Cabeceras/logo-competicion-1b.png","https://www.acb.com/Documentos/Cabeceras/logo-competicion-4a.png",73,2008,107,NA,NA,2082,13247,NA,NA,FALSE,1455,1456,912,"CB Murcia","CB Murcia","MUR",1455,893,"ViveMenorca","ViveMenorca","MEN",1,70,12000,6,22,27.27,19,33,57.58,14,19,73.68,18,13,31,6,5,17,0,1,2,0,22,23,60,0,0,1,0,0,70,78,0,NA,0,0,0,0,0,0,0
1423789,1,"Liga Nacional","Liga Endesa",-402534000,NA,"https://www.acb.com/Documentos/Cabeceras/logo-competicion-1b.png","https://www.acb.com/Documentos/Cabeceras/logo-competicion-4a.png",73,2008,107,NA,NA,2082,13248,NA,NA,FALSE,1447,1457,975,"Pamesa Valencia","Pamesa Valencia","PAM",1447,472,"MMT Estudiantes","MMT Estudiantes","MMT",1,73,12000,5,14,35.71,20,38,52.63,18,27,66.67,14,8,22,12,11,22,0,0,2,1,22,25,61,0,0,1,0,0,73,96,0,NA,0,0,0,0,0,0,0
1423788,1,"Liga Nacional","Liga Endesa",-402534000,NA,"https://www.acb.com/Documentos/Cabeceras/logo-competicion-1b.png","https://www.acb.com/Documentos/Cabeceras/logo-competicion-4a.png",73,2008,107,NA,NA,2082,13248,NA,NA,TRUE,1457,1457,975,"Pamesa Valencia","Pamesa Valencia","PAM",1447,472,"MMT Estudiantes","MMT Estudiantes","MMT",1,96,12000,13,26,50,17,28,60.71,23,30,76.67,24,8,32,17,13,19,0,2,0,4,25,22,107,0,0,0,1,0,96,73,0,NA,0,0,0,0,0,0,0
1423841,1,"Liga Nacional","Liga Endesa",-402534000,NA,"https://www.acb.com/Documentos/Cabeceras/logo-competicion-1b.png","https://www.acb.com/Documentos/Cabeceras/logo-competicion-4a.png",73,2008,107,NA,NA,2082,13250,NA,NA,TRUE,1452,1452,1160,"CAI Zaragoza","CAI Zaragoza","CAI",1448,1205,"Alta Gestión Fuenlabrada","Alta Gestión F.","AGF",1,66,12000,6,22,27.27,13,39,33.33,22,26,84.62,25,16,41,9,12,15,0,3,2,0,18,23,73,0,0,1,0,0,66,73,0,NA,0,0,0,0,0,0,0
1423842,1,"Liga Nacional","Liga Endesa",-402534000,NA,"https://www.acb.com/Documentos/Cabeceras/logo-competicion-1b.png","https://www.acb.com/Documentos/Cabeceras/logo-competicion-4a.png",73,2008,107,NA,NA,2082,13250,NA,NA,FALSE,1448,1452,1160,"CAI Zaragoza","CAI Zaragoza","CAI",1448,1205,"Alta Gestión Fuenlabrada","Alta Gestión F.","AGF",1,73,12000,8,21,38.1,18,39,46.15,13,19,68.42,26,10,36,14,8,16,0,2,3,4,23,18,69,0,0,0,1,0,73,66,0,NA,0,0,0,0,0,0,0
1423708,1,"Liga Nacional","Liga Endesa",-402534000,NA,"https://www.acb.com/Documentos/Cabeceras/logo-competicion-1b.png","https://www.acb.com/Documentos/Cabeceras/logo-competicion-4a.png",73,2008,107,NA,NA,2082,13245,NA,NA,TRUE,1445,1445,289,"iurbentia Bilbao Basket","iurbentia BB","IBB",1458,1078,"Unicaja","Unicaja","UNI",1,61,12000,6,26,23.08,15,34,44.12,13,19,68.42,21,14,35,12,12,19,0,3,3,0,22,19,53,0,0,1,0,0,61,72,0,NA,0,0,0,0,0,0,0
1423709,1,"Liga Nacional","Liga Endesa",-402534000,NA,"https://www.acb.com/Documentos/Cabeceras/logo-competicion-1b.png","https://www.acb.com/Documentos/Cabeceras/logo-competicion-4a.png",73,2008,107,NA,NA,2082,13245,NA,NA,FALSE,1458,1445,289,"iurbentia Bilbao Basket","iurbentia BB","IBB",1458,1078,"Unicaja","Unicaja","UNI",1,72,12000,8,18,44.44,16,31,51.61,16,23,69.57,28,5,33,10,16,22,0,3,3,3,19,22,80,0,0,0,1,0,72,61,0,NA,0,0,0,0,0,0,0
1423683,1,"Liga Nacional","Liga Endesa",-402534000,NA,"https://www.acb.com/Documentos/Cabeceras/logo-competicion-1b.png","https://www.acb.com/Documentos/Cabeceras/logo-competicion-4a.png",73,2008,107,NA,NA,2082,13244,NA,NA,TRUE,1444,1444,234,"TAU Cerámica","TAU Cerámica","TAU",1450,11,"CB Granada","CB Granada","GRA",1,80,12000,8,22,36.36,22,41,53.66,12,16,75,19,9,28,7,13,11,0,1,3,6,17,18,79,0,0,0,1,0,80,68,0,NA,0,0,0,0,0,0,0
1423684,1,"Liga Nacional","Liga Endesa",-402534000,NA,"https://www.acb.com/Documentos/Cabeceras/logo-competicion-1b.png","https://www.acb.com/Documentos/Cabeceras/logo-competicion-4a.png",73,2008,107,NA,NA,2082,13244,NA,NA,FALSE,1450,1444,234,"TAU Cerámica","TAU Cerámica","TAU",1450,11,"CB Granada","CB Granada","GRA",1,68,12000,8,21,38.1,14,33,42.42,16,21,76.19,22,11,33,11,8,20,0,3,1,3,18,17,64,0,0,1,0,0,68,80,0,NA,0,0,0,0,0,0,0
1423815,1,"Liga Nacional","Liga Endesa",-402534000,NA,"https://www.acb.com/Documentos/Cabeceras/logo-competicion-1b.png","https://www.acb.com/Documentos/Cabeceras/logo-competicion-4a.png",73,2008,107,NA,NA,2082,13249,NA,NA,TRUE,1446,1446,346,"Kalise Gran Canaria","Kalise GC","GCA",1443,118,"Regal FC Barcelona","Regal FCB","FCB",1,68,12000,2,12,16.67,26,50,52,10,11,90.91,32,11,43,11,9,15,0,3,2,1,19,16,79,0,0,0,1,0,68,57,0,NA,0,0,0,0,0,0,0
1423816,1,"Liga Nacional","Liga Endesa",-402534000,NA,"https://www.acb.com/Documentos/Cabeceras/logo-competicion-1b.png","https://www.acb.com/Documentos/Cabeceras/logo-competicion-4a.png",73,2008,107,NA,NA,2082,13249,NA,NA,FALSE,1443,1446,346,"Kalise Gran Canaria","Kalise GC","GCA",1443,118,"Regal FC Barcelona","Regal FCB","FCB",1,57,12000,6,28,21.43,13,32,40.62,13,16,81.25,23,10,33,7,5,14,0,2,3,0,16,19,46,0,0,1,0,0,57,68,0,NA,0,0,0,0,0,0,0
1423947,1,"Liga Nacional","Liga Endesa",-402534000,NA,"https://www.acb.com/Documentos/Cabeceras/logo-competicion-1b.png","https://www.acb.com/Documentos/Cabeceras/logo-competicion-4a.png",73,2008,107,NA,NA,2083,13254,NA,NA,TRUE,1454,1454,872,"Ricoh Manresa","Ricoh Manresa","MAN",1456,912,"CB Murcia","CB Murcia","MUR",1,78,12000,10,26,38.46,16,29,55.17,16,26,61.54,20,9,29,17,10,12,0,4,1,5,24,24,86,0,0,0,1,0,78,72,0,NA,0,0,0,0,0,0,0
1423948,1,"Liga Nacional","Liga Endesa",-402534000,NA,"https://www.acb.com/Documentos/Cabeceras/logo-competicion-1b.png","https://www.acb.com/Documentos/Cabeceras/logo-competicion-4a.png",73,2008,107,NA,NA,2083,13254,NA,NA,FALSE,1456,1454,872,"Ricoh Manresa","Ricoh Manresa","MAN",1456,912,"CB Murcia","CB Murcia","MUR",1,72,12000,7,22,31.82,15,38,39.47,21,27,77.78,19,20,39,16,8,17,0,1,4,1,24,24,71,0,0,1,0,0,72,78,0,NA,0,0,0,0,0,0,0
1423869,1,"Liga Nacional","Liga Endesa",-402534000,NA,"https://www.acb.com/Documentos/Cabeceras/logo-competicion-1b.png","https://www.acb.com/Documentos/Cabeceras/logo-competicion-4a.png",73,2008,107,NA,NA,2083,13251,NA,NA,TRUE,1443,1443,118,"Regal FC Barcelona","Regal FCB","FCB",1452,1160,"CAI Zaragoza","CAI Zaragoza","CAI",1,89,12000,9,26,34.62,23,39,58.97,16,17,94.12,27,14,41,25,7,15,0,4,2,6,16,19,118,0,0,0,1,0,89,73,0,NA,0,0,0,0,0,0,0
1423870,1,"Liga Nacional","Liga Endesa",-402534000,NA,"https://www.acb.com/Documentos/Cabeceras/logo-competicion-1b.png","https://www.acb.com/Documentos/Cabeceras/logo-competicion-4a.png",73,2008,107,NA,NA,2083,13251,NA,NA,FALSE,1452,1443,118,"Regal FC Barcelona","Regal FCB","FCB",1452,1160,"CAI Zaragoza","CAI Zaragoza","CAI",1,73,12000,6,13,46.15,21,49,42.86,13,18,72.22,18,9,27,13,8,12,0,2,4,0,19,16,64,0,0,1,0,0,73,89,0,NA,0,0,0,0,0,0,0
1423921,1,"Liga Nacional","Liga Endesa",-402534000,NA,"https://www.acb.com/Documentos/Cabeceras/logo-competicion-1b.png","https://www.acb.com/Documentos/Cabeceras/logo-competicion-4a.png",73,2008,107,NA,NA,2083,13253,NA,NA,FALSE,1457,1455,893,"ViveMenorca","ViveMenorca","MEN",1457,975,"Pamesa Valencia","Pamesa Valencia","PAM",1,62,12000,4,23,17.39,21,33,63.64,8,9,88.89,24,12,36,4,6,21,0,4,2,2,28,19,48,0,0,1,0,0,62,70,0,NA,0,0,0,0,0,0,0
1423920,1,"Liga Nacional","Liga Endesa",-402534000,NA,"https://www.acb.com/Documentos/Cabeceras/logo-competicion-1b.png","https://www.acb.com/Documentos/Cabeceras/logo-competicion-4a.png",73,2008,107,NA,NA,2083,13253,NA,NA,TRUE,1455,1455,893,"ViveMenorca","ViveMenorca","MEN",1457,975,"Pamesa Valencia","Pamesa Valencia","PAM",1,70,12000,7,19,36.84,16,43,37.21,17,20,85,18,14,32,8,12,9,0,2,4,0,19,28,78,0,0,0,1,0,70,62,0,NA,0,0,0,0,0,0,0
1424025,1,"Liga Nacional","Liga Endesa",-402534000,NA,"https://www.acb.com/Documentos/Cabeceras/logo-competicion-1b.png","https://www.acb.com/Documentos/Cabeceras/logo-competicion-4a.png",73,2008,107,NA,NA,2083,13257,NA,NA,TRUE,1449,1449,508,"Bruesa GBC","Bruesa GBC","GBC",1444,234,"TAU Cerámica","TAU Cerámica","TAU",1,75,12000,7,24,29,19,43,44,16,22,72,28,20,48,11,12,18,0,1,1,1,20,20,81,0,0,0,11,0,75,62,0,0,0,0,0,0,0,0,0
1424026,1,"Liga Nacional","Liga Endesa",-402534000,NA,"https://www.acb.com/Documentos/Cabeceras/logo-competicion-1b.png","https://www.acb.com/Documentos/Cabeceras/logo-competicion-4a.png",73,2008,107,NA,NA,2083,13257,NA,NA,FALSE,1444,1449,508,"Bruesa GBC","Bruesa GBC","GBC",1444,234,"TAU Cerámica","TAU Cerámica","TAU",1,62,12000,2,14,14.29,22,47,46.81,12,15,80,19,9,28,13,10,18,0,1,1,1,20,20,55,0,0,1,0,0,62,75,0,NA,0,0,0,0,0,0,0
1424050,1,"Liga Nacional","Liga Endesa",-402534000,NA,"https://www.acb.com/Documentos/Cabeceras/logo-competicion-1b.png","https://www.acb.com/Documentos/Cabeceras/logo-competicion-4a.png",73,2008,107,NA,NA,2083,13258,NA,NA,TRUE,1453,1453,775,"Real Madrid","Real Madrid","RMB",1459,1137,"Cajasol","Cajasol","CAJ",1,109,13500,8,23,34.78,26,52,50,33,46,71.74,20,17,37,14,13,20,0,4,3,4,30,33,103,0,0,1,0,0,109,116,0,NA,0,0,0,0,0,0,0
1424051,1,"Liga Nacional","Liga Endesa",-402534000,NA,"https://www.acb.com/Documentos/Cabeceras/logo-competicion-1b.png","https://www.acb.com/Documentos/Cabeceras/logo-competicion-4a.png",73,2008,107,NA,NA,2083,13258,NA,NA,FALSE,1459,1453,775,"Real Madrid","Real Madrid","RMB",1459,1137,"Cajasol","Cajasol","CAJ",1,116,13500,13,24,54.17,25,45,55.56,27,32,84.38,24,9,33,16,7,22,0,3,4,3,33,30,110,0,0,0,1,0,116,109,0,NA,0,0,0,0,0,0,0
1423972,1,"Liga Nacional","Liga Endesa",-402534000,NA,"https://www.acb.com/Documentos/Cabeceras/logo-competicion-1b.png","https://www.acb.com/Documentos/Cabeceras/logo-competicion-4a.png",73,2008,107,NA,NA,2083,13255,NA,NA,TRUE,1458,1458,1078,"Unicaja","Unicaja","UNI",1451,639,"DKV Joventut","DKV Joventut","DKV",1,76,12000,13,26,50,8,22,36.36,21,29,72.41,18,10,28,18,10,17,0,6,0,1,18,25,93,0,0,0,1,0,76,66,0,NA,0,0,0,0,0,0,0
1423973,1,"Liga Nacional","Liga Endesa",-402534000,NA,"https://www.acb.com/Documentos/Cabeceras/logo-competicion-1b.png","https://www.acb.com/Documentos/Cabeceras/logo-competicion-4a.png",73,2008,107,NA,NA,2083,13255,NA,NA,FALSE,1451,1458,1078,"Unicaja","Unicaja","UNI",1451,639,"DKV Joventut","DKV Joventut","DKV",1,66,12000,10,26,38.46,13,31,41.94,10,14,71.43,17,13,30,14,7,18,0,0,6,1,25,18,48,0,0,1,0,0,66,76,0,NA,0,0,0,0,0,0,0
1423895,1,"Liga Nacional","Liga Endesa",-402534000,NA,"https://www.acb.com/Documentos/Cabeceras/logo-competicion-1b.png","https://www.acb.com/Documentos/Cabeceras/logo-competicion-4a.png",73,2008,107,NA,NA,2083,13252,NA,NA,TRUE,1447,1447,472,"MMT Estudiantes","MMT Estudiantes","MMT",1446,346,"Kalise Gran Canaria","Kalise GC","GCA",1,66,12000,1,13,7.69,27,50,54,9,13,69.23,15,12,27,15,14,14,0,0,2,0,19,16,64,0,0,1,0,0,66,88,0,NA,0,0,0,0,0,0,0
1423896,1,"Liga Nacional","Liga Endesa",-402534000,NA,"https://www.acb.com/Documentos/Cabeceras/logo-competicion-1b.png","https://www.acb.com/Documentos/Cabeceras/logo-competicion-4a.png",73,2008,107,NA,NA,2083,13252,NA,NA,FALSE,1446,1447,472,"MMT Estudiantes","MMT Estudiantes","MMT",1446,346,"Kalise Gran Canaria","Kalise GC","GCA",1,88,12000,10,21,47.62,24,32,75,10,13,76.92,24,5,29,15,9,17,0,2,0,3,16,19,107,0,0,0,1,0,88,66,0,NA,0,0,0,0,0,0,0
1423998,1,"Liga Nacional","Liga Endesa",-402534000,NA,"https://www.acb.com/Documentos/Cabeceras/logo-competicion-1b.png","https://www.acb.com/Documentos/Cabeceras/logo-competicion-4a.png",73,2008,107,NA,NA,2083,13256,NA,NA,TRUE,1450,1450,11,"CB Granada","CB Granada","GRA",1445,289,"iurbentia Bilbao Basket","iurbentia BB","IBB",1,74,12000,13,26,50,12,34,35.29,11,13,84.62,22,10,32,14,8,10,0,4,2,3,19,19,83,0,0,0,1,0,74,71,0,NA,0,0,0,0,0,0,0
1423999,1,"Liga Nacional","Liga Endesa",-402534000,NA,"https://www.acb.com/Documentos/Cabeceras/logo-competicion-1b.png","https://www.acb.com/Documentos/Cabeceras/logo-competicion-4a.png",73,2008,107,NA,NA,2083,13256,NA,NA,FALSE,1445,1450,11,"CB Granada","CB Granada","GRA",1445,289,"iurbentia Bilbao Basket","iurbentia BB","IBB",1,71,12000,7,22,31.82,19,45,42.22,12,16,75,26,17,43,15,7,10,0,2,4,0,19,19,79,0,0,1,0,0,71,74,0,NA,0,0,0,0,0,0,0
1424131,1,"Liga Nacional","Liga Endesa",-402534000,NA,"https://www.acb.com/Documentos/Cabeceras/logo-competicion-1b.png","https://www.acb.com/Documentos/Cabeceras/logo-competicion-4a.png",73,2008,107,NA,NA,2084,13261,NA,NA,FALSE,1450,1451,639,"DKV Joventut","DKV Joventut","DKV",1450,11,"CB Granada","CB Granada","GRA",1,76,12000,6,22,27.27,23,36,63.89,12,16,75,18,6,24,9,10,14,0,2,3,3,23,20,68,0,0,1,0,0,76,93,0,NA,0,0,0,0,0,0,0
1424130,1,"Liga Nacional","Liga Endesa",-402534000,NA,"https://www.acb.com/Documentos/Cabeceras/logo-competicion-1b.png","https://www.acb.com/Documentos/Cabeceras/logo-competicion-4a.png",73,2008,107,NA,NA,2084,13261,NA,NA,TRUE,1451,1451,639,"DKV Joventut","DKV Joventut","DKV",1450,11,"CB Granada","CB Granada","GRA",1,93,12000,10,28,35.71,21,32,65.62,21,25,84,22,13,35,16,6,13,0,3,2,1,20,23,108,0,0,0,1,0,93,76,0,NA,0,0,0,0,0,0,0
1424104,1,"Liga Nacional","Liga Endesa",-402534000,NA,"https://www.acb.com/Documentos/Cabeceras/logo-competicion-1b.png","https://www.acb.com/Documentos/Cabeceras/logo-competicion-4a.png",73,2008,107,NA,NA,2084,13260,NA,NA,TRUE,1445,1445,289,"iurbentia Bilbao Basket","iurbentia BB","IBB",1449,508,"Bruesa GBC","Bruesa GBC","GBC",1,79,12000,8,21,38.1,15,41,36.59,25,31,80.65,27,9,36,14,5,10,0,6,3,1,25,30,87,0,0,0,1,0,79,70,0,NA,0,0,0,0,0,0,0
1424105,1,"Liga Nacional","Liga Endesa",-402534000,NA,"https://www.acb.com/Documentos/Cabeceras/logo-competicion-1b.png","https://www.acb.com/Documentos/Cabeceras/logo-competicion-4a.png",73,2008,107,NA,NA,2084,13260,NA,NA,FALSE,1449,1445,289,"iurbentia Bilbao Basket","iurbentia BB","IBB",1449,508,"Bruesa GBC","Bruesa GBC","GBC",1,70,12000,5,30,16,14,38,36,27,34,79,33,20,53,8,7,14,0,3,6,1,30,25,60,0,0,11,0,0,70,79,0,0,0,0,0,0,0,0,0
1424156,1,"Liga Nacional","Liga Endesa",-402534000,NA,"https://www.acb.com/Documentos/Cabeceras/logo-competicion-1b.png","https://www.acb.com/Documentos/Cabeceras/logo-competicion-4a.png",73,2008,107,NA,NA,2084,13262,NA,NA,TRUE,1456,1456,912,"CB Murcia","CB Murcia","MUR",1458,1078,"Unicaja","Unicaja","UNI",1,65,12000,4,18,22.22,21,54,38.89,11,13,84.62,13,20,33,10,8,10,0,2,3,2,20,18,54,0,0,1,0,0,65,90,0,NA,0,0,0,0,0,0,0
1424157,1,"Liga Nacional","Liga Endesa",-402534000,NA,"https://www.acb.com/Documentos/Cabeceras/logo-competicion-1b.png","https://www.acb.com/Documentos/Cabeceras/logo-competicion-4a.png",73,2008,107,NA,NA,2084,13262,NA,NA,FALSE,1458,1456,912,"CB Murcia","CB Murcia","MUR",1458,1078,"Unicaja","Unicaja","UNI",1,90,12000,9,20,45,20,31,64.52,23,23,100,27,8,35,12,8,14,0,3,2,3,18,20,112,0,0,0,1,0,90,65,0,NA,0,0,0,0,0,0,0
1424183,1,"Liga Nacional","Liga Endesa",-402534000,NA,"https://www.acb.com/Documentos/Cabeceras/logo-competicion-1b.png","https://www.acb.com/Documentos/Cabeceras/logo-competicion-4a.png",73,2008,107,NA,NA,2084,13263,NA,NA,TRUE,1457,1457,975,"Pamesa Valencia","Pamesa Valencia","PAM",1454,872,"Ricoh Manresa","Ricoh Manresa","MAN",1,75,12000,9,23,39.13,19,38,50,10,18,55.56,11,9,20,12,11,8,0,2,3,2,24,19,63,0,0,1,0,0,75,82,0,NA,0,0,0,0,0,0,0
1424184,1,"Liga Nacional","Liga Endesa",-402534000,NA,"https://www.acb.com/Documentos/Cabeceras/logo-competicion-1b.png","https://www.acb.com/Documentos/Cabeceras/logo-competicion-4a.png",73,2008,107,NA,NA,2084,13263,NA,NA,FALSE,1454,1457,975,"Pamesa Valencia","Pamesa Valencia","PAM",1454,872,"Ricoh Manresa","Ricoh Manresa","MAN",1,82,12000,11,21,52.38,16,33,48.48,17,21,80.95,24,14,38,17,7,20,0,3,2,2,19,24,99,0,0,0,1,0,82,75,0,NA,0,0,0,0,0,0,0
1424209,1,"Liga Nacional","Liga Endesa",-402534000,NA,"https://www.acb.com/Documentos/Cabeceras/logo-competicion-1b.png","https://www.acb.com/Documentos/Cabeceras/logo-competicion-4a.png",73,2008,107,NA,NA,2084,13264,NA,NA,FALSE,1455,1446,346,"Kalise Gran Canaria","Kalise GC","GCA",1455,893,"ViveMenorca","ViveMenorca","MEN",1,72,12000,9,25,36,19,41,46.34,7,8,87.5,19,15,34,13,8,18,0,2,3,0,22,14,61,0,0,1,0,0,72,76,0,NA,0,0,0,0,0,0,0
1424208,1,"Liga Nacional","Liga Endesa",-402534000,NA,"https://www.acb.com/Documentos/Cabeceras/logo-competicion-1b.png","https://www.acb.com/Documentos/Cabeceras/logo-competicion-4a.png",73,2008,107,NA,NA,2084,13264,NA,NA,TRUE,1446,1446,346,"Kalise Gran Canaria","Kalise GC","GCA",1455,893,"ViveMenorca","ViveMenorca","MEN",1,76,12000,7,18,38.89,20,37,54.05,15,21,71.43,22,10,32,14,12,18,0,3,2,4,14,22,91,0,0,0,1,0,76,72,0,NA,0,0,0,0,0,0,0
1424264,1,"Liga Nacional","Liga Endesa",-402534000,NA,"https://www.acb.com/Documentos/Cabeceras/logo-competicion-1b.png","https://www.acb.com/Documentos/Cabeceras/logo-competicion-4a.png",73,2008,107,NA,NA,2084,13266,NA,NA,TRUE,1448,1448,1205,"Alta Gestión Fuenlabrada","Alta Gestión F.","AGF",1443,118,"Regal FC Barcelona","Regal FCB","FCB",1,81,12000,10,19,52.63,19,38,50,13,17,76.47,19,6,25,13,8,17,0,2,3,3,22,22,77,0,0,1,0,0,81,88,0,NA,0,0,0,0,0,0,0
1424265,1,"Liga Nacional","Liga Endesa",-402534000,NA,"https://www.acb.com/Documentos/Cabeceras/logo-competicion-1b.png","https://www.acb.com/Documentos/Cabeceras/logo-competicion-4a.png",73,2008,107,NA,NA,2084,13266,NA,NA,FALSE,1443,1448,1205,"Alta Gestión Fuenlabrada","Alta Gestión F.","AGF",1443,118,"Regal FC Barcelona","Regal FCB","FCB",1,88,12000,12,17,70.59,18,31,58.06,16,23,69.57,24,3,27,12,9,17,0,3,2,0,22,22,95,0,0,0,1,0,88,81,0,NA,0,0,0,0,0,0,0
1424237,1,"Liga Nacional","Liga Endesa",-402534000,NA,"https://www.acb.com/Documentos/Cabeceras/logo-competicion-1b.png","https://www.acb.com/Documentos/Cabeceras/logo-competicion-4a.png",73,2008,107,NA,NA,2084,13265,NA,NA,FALSE,1447,1452,1160,"CAI Zaragoza","CAI Zaragoza","CAI",1447,472,"MMT Estudiantes","MMT Estudiantes","MMT",1,85,13500,10,24,41,16,37,43,23,29,79,27,10,37,19,11,20,0,3,2,0,26,25,91,0,0,12,0,0,85,89,0,0,0,0,0,0,0,0,0
1424236,1,"Liga Nacional","Liga Endesa",-402534000,NA,"https://www.acb.com/Documentos/Cabeceras/logo-competicion-1b.png","https://www.acb.com/Documentos/Cabeceras/logo-competicion-4a.png",73,2008,107,NA,NA,2084,13265,NA,NA,TRUE,1452,1452,1160,"CAI Zaragoza","CAI Zaragoza","CAI",1447,472,"MMT Estudiantes","MMT Estudiantes","MMT",1,89,13500,9,30,30,18,37,48.65,26,34,76.47,28,13,41,14,11,17,0,2,3,1,25,26,90,0,0,0,1,0,89,85,0,NA,0,0,0,0,0,0,0
1424077,1,"Liga Nacional","Liga Endesa",-402534000,NA,"https://www.acb.com/Documentos/Cabeceras/logo-competicion-1b.png","https://www.acb.com/Documentos/Cabeceras/logo-competicion-4a.png",73,2008,107,NA,NA,2084,13259,NA,NA,TRUE,1444,1444,234,"TAU Cerámica","TAU Cerámica","TAU",1453,775,"Real Madrid","Real Madrid","RMB",1,91,12000,12,25,48,19,37,51.35,17,26,65.38,19,9,28,19,7,10,0,5,2,2,25,23,96,0,0,0,1,0,91,81,0,NA,0,0,0,0,0,0,0
1424078,1,"Liga Nacional","Liga Endesa",-402534000,NA,"https://www.acb.com/Documentos/Cabeceras/logo-competicion-1b.png","https://www.acb.com/Documentos/Cabeceras/logo-competicion-4a.png",73,2008,107,NA,NA,2084,13259,NA,NA,FALSE,1453,1444,234,"TAU Cerámica","TAU Cerámica","TAU",1453,775,"Real Madrid","Real Madrid","RMB",1,81,12000,7,18,38.89,20,44,45.45,20,22,90.91,22,11,33,10,6,16,0,2,5,3,23,25,76,0,0,1,0,0,81,91,0,NA,0,0,0,0,0,0,0
1424289,1,"Liga Nacional","Liga Endesa",-402534000,NA,"https://www.acb.com/Documentos/Cabeceras/logo-competicion-1b.png","https://www.acb.com/Documentos/Cabeceras/logo-competicion-4a.png",73,2008,107,NA,NA,2085,13267,NA,NA,TRUE,1445,1445,289,"iurbentia Bilbao Basket","iurbentia BB","IBB",1459,1137,"Cajasol","Cajasol","CAJ",1,70,12000,7,24,29.17,20,36,55.56,9,13,69.23,21,10,31,11,11,12,0,5,3,0,18,22,80,0,0,0,1,0,70,65,0,NA,0,0,0,0,0,0,0
1424290,1,"Liga Nacional","Liga Endesa",-402534000,NA,"https://www.acb.com/Documentos/Cabeceras/logo-competicion-1b.png","https://www.acb.com/Documentos/Cabeceras/logo-competicion-4a.png",73,2008,107,NA,NA,2085,13267,NA,NA,FALSE,1459,1445,289,"iurbentia Bilbao Basket","iurbentia BB","IBB",1459,1137,"Cajasol","Cajasol","CAJ",1,65,12000,6,21,28.57,20,40,50,7,10,70,25,14,39,5,7,14,0,3,5,3,22,18,58,0,0,1,0,0,65,70,0,NA,0,0,0,0,0,0,0
1424344,1,"Liga Nacional","Liga Endesa",-402534000,NA,"https://www.acb.com/Documentos/Cabeceras/logo-competicion-1b.png","https://www.acb.com/Documentos/Cabeceras/logo-competicion-4a.png",73,2008,107,NA,NA,2085,13269,NA,NA,FALSE,1449,1456,912,"CB Murcia","CB Murcia","MUR",1449,508,"Bruesa GBC","Bruesa GBC","GBC",1,95,12000,10,23,43,22,41,53,21,25,84,13,10,23,17,6,9,0,1,3,3,26,23,91,0,0,11,0,0,95,104,0,0,0,0,0,0,0,0,0
1424343,1,"Liga Nacional","Liga Endesa",-402534000,NA,"https://www.acb.com/Documentos/Cabeceras/logo-competicion-1b.png","https://www.acb.com/Documentos/Cabeceras/logo-competicion-4a.png",73,2008,107,NA,NA,2085,13269,NA,NA,TRUE,1456,1456,912,"CB Murcia","CB Murcia","MUR",1449,508,"Bruesa GBC","Bruesa GBC","GBC",1,104,12000,6,14,42.86,31,46,67.39,24,28,85.71,20,11,31,13,7,10,0,3,1,3,23,26,123,0,0,0,1,0,104,95,0,NA,0,0,0,0,0,0,0
1424395,1,"Liga Nacional","Liga Endesa",-402534000,NA,"https://www.acb.com/Documentos/Cabeceras/logo-competicion-1b.png","https://www.acb.com/Documentos/Cabeceras/logo-competicion-4a.png",73,2008,107,NA,NA,2085,13271,NA,NA,TRUE,1446,1446,346,"Kalise Gran Canaria","Kalise GC","GCA",1458,1078,"Unicaja","Unicaja","UNI",1,74,12000,8,22,36.36,19,33,57.58,12,16,75,24,6,30,15,13,15,0,3,2,3,24,18,80,0,0,0,1,0,74,68,0,NA,0,0,0,0,0,0,0
1424396,1,"Liga Nacional","Liga Endesa",-402534000,NA,"https://www.acb.com/Documentos/Cabeceras/logo-competicion-1b.png","https://www.acb.com/Documentos/Cabeceras/logo-competicion-4a.png",73,2008,107,NA,NA,2085,13271,NA,NA,FALSE,1458,1446,346,"Kalise Gran Canaria","Kalise GC","GCA",1458,1078,"Unicaja","Unicaja","UNI",1,68,12000,8,24,33.33,12,30,40,20,24,83.33,24,9,33,13,12,19,0,2,3,2,18,24,74,0,0,1,0,0,68,74,0,NA,0,0,0,0,0,0,0
1424449,1,"Liga Nacional","Liga Endesa",-402534000,NA,"https://www.acb.com/Documentos/Cabeceras/logo-competicion-1b.png","https://www.acb.com/Documentos/Cabeceras/logo-competicion-4a.png",73,2008,107,NA,NA,2085,13273,NA,NA,TRUE,1448,1448,1205,"Alta Gestión Fuenlabrada","Alta Gestión F.","AGF",1455,893,"ViveMenorca","ViveMenorca","MEN",1,91,12000,9,21,42.86,23,34,67.65,18,22,81.82,20,5,25,9,8,16,0,6,0,1,25,19,90,0,0,0,1,0,91,80,0,NA,0,0,0,0,0,0,0
1424450,1,"Liga Nacional","Liga Endesa",-402534000,NA,"https://www.acb.com/Documentos/Cabeceras/logo-competicion-1b.png","https://www.acb.com/Documentos/Cabeceras/logo-competicion-4a.png",73,2008,107,NA,NA,2085,13273,NA,NA,FALSE,1455,1448,1205,"Alta Gestión Fuenlabrada","Alta Gestión F.","AGF",1455,893,"ViveMenorca","ViveMenorca","MEN",1,80,12000,9,19,47.37,16,34,47.06,21,27,77.78,18,7,25,9,14,16,0,0,6,0,19,25,78,0,0,1,0,0,80,91,0,NA,0,0,0,0,0,0,0
1424476,1,"Liga Nacional","Liga Endesa",-402534000,NA,"https://www.acb.com/Documentos/Cabeceras/logo-competicion-1b.png","https://www.acb.com/Documentos/Cabeceras/logo-competicion-4a.png",73,2008,107,NA,NA,2085,13274,NA,NA,TRUE,1443,1443,118,"Regal FC Barcelona","Regal FCB","FCB",1447,472,"MMT Estudiantes","MMT Estudiantes","MMT",1,71,12000,9,29,31.03,14,36,38.89,16,20,80,23,14,37,17,15,18,0,5,3,3,21,23,80,0,0,1,0,0,71,72,0,NA,0,0,0,0,0,0,0
1424477,1,"Liga Nacional","Liga Endesa",-402534000,NA,"https://www.acb.com/Documentos/Cabeceras/logo-competicion-1b.png","https://www.acb.com/Documentos/Cabeceras/logo-competicion-4a.png",73,2008,107,NA,NA,2085,13274,NA,NA,FALSE,1447,1443,118,"Regal FC Barcelona","Regal FCB","FCB",1447,472,"MMT Estudiantes","MMT Estudiantes","MMT",1,72,12000,5,13,38.46,21,43,48.84,15,17,88.24,26,9,35,10,8,23,0,3,5,0,23,21,66,0,0,0,1,0,72,71,0,NA,0,0,0,0,0,0,0
1424315,1,"Liga Nacional","Liga Endesa",-402534000,NA,"https://www.acb.com/Documentos/Cabeceras/logo-competicion-1b.png","https://www.acb.com/Documentos/Cabeceras/logo-competicion-4a.png",73,2008,107,NA,NA,2085,13268,NA,NA,TRUE,1451,1451,639,"DKV Joventut","DKV Joventut","DKV",1453,775,"Real Madrid","Real Madrid","RMB",1,68,12000,6,26,23.08,20,35,57.14,10,13,76.92,18,9,27,16,16,23,0,2,3,3,24,20,61,0,0,1,0,0,68,79,0,NA,0,0,0,0,0,0,0
1424316,1,"Liga Nacional","Liga Endesa",-402534000,NA,"https://www.acb.com/Documentos/Cabeceras/logo-competicion-1b.png","https://www.acb.com/Documentos/Cabeceras/logo-competicion-4a.png",73,2008,107,NA,NA,2085,13268,NA,NA,FALSE,1453,1451,639,"DKV Joventut","DKV Joventut","DKV",1453,775,"Real Madrid","Real Madrid","RMB",1,79,12000,7,16,43.75,21,36,58.33,16,25,64,27,10,37,11,13,27,0,3,2,4,20,24,85,0,0,0,1,0,79,68,0,NA,0,0,0,0,0,0,0
1424423,1,"Liga Nacional","Liga Endesa",-402534000,NA,"https://www.acb.com/Documentos/Cabeceras/logo-competicion-1b.png","https://www.acb.com/Documentos/Cabeceras/logo-competicion-4a.png",73,2008,107,NA,NA,2085,13272,NA,NA,TRUE,1452,1452,1160,"CAI Zaragoza","CAI Zaragoza","CAI",1454,872,"Ricoh Manresa","Ricoh Manresa","MAN",1,78,12000,6,25,24,23,40,57.5,14,19,73.68,22,10,32,9,12,12,0,2,6,0,20,21,75,0,0,0,1,0,78,61,0,NA,0,0,0,0,0,0,0
1424424,1,"Liga Nacional","Liga Endesa",-402534000,NA,"https://www.acb.com/Documentos/Cabeceras/logo-competicion-1b.png","https://www.acb.com/Documentos/Cabeceras/logo-competicion-4a.png",73,2008,107,NA,NA,2085,13272,NA,NA,FALSE,1454,1452,1160,"CAI Zaragoza","CAI Zaragoza","CAI",1454,872,"Ricoh Manresa","Ricoh Manresa","MAN",1,61,12000,4,21,19.05,20,37,54.05,9,11,81.82,22,8,30,11,9,23,0,6,2,4,21,20,55,0,0,1,0,0,61,78,0,NA,0,0,0,0,0,0,0
1424370,1,"Liga Nacional","Liga Endesa",-402534000,NA,"https://www.acb.com/Documentos/Cabeceras/logo-competicion-1b.png","https://www.acb.com/Documentos/Cabeceras/logo-competicion-4a.png",73,2008,107,NA,NA,2085,13270,NA,NA,TRUE,1457,1457,975,"Pamesa Valencia","Pamesa Valencia","PAM",1450,11,"CB Granada","CB Granada","GRA",1,83,12000,6,20,30,22,34,64.71,21,31,67.74,22,11,33,10,9,16,0,2,4,2,19,26,88,0,0,0,1,0,83,66,0,NA,0,0,0,0,0,0,0
1424371,1,"Liga Nacional","Liga Endesa",-402534000,NA,"https://www.acb.com/Documentos/Cabeceras/logo-competicion-1b.png","https://www.acb.com/Documentos/Cabeceras/logo-competicion-4a.png",73,2008,107,NA,NA,2085,13270,NA,NA,FALSE,1450,1457,975,"Pamesa Valencia","Pamesa Valencia","PAM",1450,11,"CB Granada","CB Granada","GRA",1,66,12000,8,24,33.33,15,34,44.12,12,16,75,16,14,30,11,8,17,0,4,2,2,26,19,54,0,0,1,0,0,66,83,0,NA,0,0,0,0,0,0,0
1424557,1,"Liga Nacional","Liga Endesa",-402534000,NA,"https://www.acb.com/Documentos/Cabeceras/logo-competicion-1b.png","https://www.acb.com/Documentos/Cabeceras/logo-competicion-4a.png",73,2008,107,NA,NA,2086,13277,NA,NA,FALSE,1446,1454,872,"Ricoh Manresa","Ricoh Manresa","MAN",1446,346,"Kalise Gran Canaria","Kalise GC","GCA",1,68,12000,8,28,28.57,15,40,37.5,14,18,77.78,28,16,44,11,6,12,0,4,8,3,23,20,61,0,0,0,1,0,68,67,0,NA,0,0,0,0,0,0,0
1424556,1,"Liga Nacional","Liga Endesa",-402534000,NA,"https://www.acb.com/Documentos/Cabeceras/logo-competicion-1b.png","https://www.acb.com/Documentos/Cabeceras/logo-competicion-4a.png",73,2008,107,NA,NA,2086,13277,NA,NA,TRUE,1454,1454,872,"Ricoh Manresa","Ricoh Manresa","MAN",1446,346,"Kalise Gran Canaria","Kalise GC","GCA",1,67,12000,4,15,26.67,22,46,47.83,11,16,68.75,28,5,33,11,9,11,0,8,4,3,20,23,76,0,0,1,0,0,67,68,0,NA,0,0,0,0,0,0,0
1424502,1,"Liga Nacional","Liga Endesa",-402534000,NA,"https://www.acb.com/Documentos/Cabeceras/logo-competicion-1b.png","https://www.acb.com/Documentos/Cabeceras/logo-competicion-4a.png",73,2008,107,NA,NA,2086,13275,NA,NA,TRUE,1447,1447,472,"MMT Estudiantes","MMT Estudiantes","MMT",1448,1205,"Alta Gestión Fuenlabrada","Alta Gestión F.","AGF",1,71,12000,4,21,19.05,18,41,43.9,23,27,85.19,18,11,29,10,8,10,0,2,3,0,18,23,68,0,0,1,0,0,71,89,0,NA,0,0,0,0,0,0,0
1424503,1,"Liga Nacional","Liga Endesa",-402534000,NA,"https://www.acb.com/Documentos/Cabeceras/logo-competicion-1b.png","https://www.acb.com/Documentos/Cabeceras/logo-competicion-4a.png",73,2008,107,NA,NA,2086,13275,NA,NA,FALSE,1448,1447,472,"MMT Estudiantes","MMT Estudiantes","MMT",1448,1205,"Alta Gestión Fuenlabrada","Alta Gestión F.","AGF",1,89,12000,16,31,51.61,16,32,50,9,12,75,24,11,35,18,5,18,0,3,2,1,23,18,91,0,0,0,1,0,89,71,0,NA,0,0,0,0,0,0,0
1424529,1,"Liga Nacional","Liga Endesa",-402534000,NA,"https://www.acb.com/Documentos/Cabeceras/logo-competicion-1b.png","https://www.acb.com/Documentos/Cabeceras/logo-competicion-4a.png",73,2008,107,NA,NA,2086,13276,NA,NA,TRUE,1455,1455,893,"ViveMenorca","ViveMenorca","MEN",1452,1160,"CAI Zaragoza","CAI Zaragoza","CAI",1,102,12000,12,23,52.17,28,38,73.68,10,16,62.5,26,8,34,26,9,13,0,3,1,0,23,20,130,0,0,0,1,0,102,75,0,NA,0,0,0,0,0,0,0
1424530,1,"Liga Nacional","Liga Endesa",-402534000,NA,"https://www.acb.com/Documentos/Cabeceras/logo-competicion-1b.png","https://www.acb.com/Documentos/Cabeceras/logo-competicion-4a.png",73,2008,107,NA,NA,2086,13276,NA,NA,FALSE,1452,1455,893,"ViveMenorca","ViveMenorca","MEN",1452,1160,"CAI Zaragoza","CAI Zaragoza","CAI",1,75,12000,7,25,28,19,38,50,16,22,72.73,15,14,29,9,10,15,0,1,3,3,20,23,66,0,0,1,0,0,75,102,0,NA,0,0,0,0,0,0,0
1424607,1,"Liga Nacional","Liga Endesa",-402534000,NA,"https://www.acb.com/Documentos/Cabeceras/logo-competicion-1b.png","https://www.acb.com/Documentos/Cabeceras/logo-competicion-4a.png",73,2008,107,NA,NA,2086,13279,NA,NA,TRUE,1450,1450,11,"CB Granada","CB Granada","GRA",1456,912,"CB Murcia","CB Murcia","MUR",1,79,12000,8,14,57.14,20,34,58.82,15,22,68.18,29,4,33,18,8,19,0,4,0,3,25,24,95,0,0,0,1,0,79,70,0,NA,0,0,0,0,0,0,0
1424608,1,"Liga Nacional","Liga Endesa",-402534000,NA,"https://www.acb.com/Documentos/Cabeceras/logo-competicion-1b.png","https://www.acb.com/Documentos/Cabeceras/logo-competicion-4a.png",73,2008,107,NA,NA,2086,13279,NA,NA,FALSE,1456,1450,11,"CB Granada","CB Granada","GRA",1456,912,"CB Murcia","CB Murcia","MUR",1,70,12000,7,19,36.84,19,42,45.24,11,16,68.75,16,8,24,15,15,12,0,0,4,2,24,25,69,0,0,1,0,0,70,79,0,NA,0,0,0,0,0,0,0
1424636,1,"Liga Nacional","Liga Endesa",-402534000,NA,"https://www.acb.com/Documentos/Cabeceras/logo-competicion-1b.png","https://www.acb.com/Documentos/Cabeceras/logo-competicion-4a.png",73,2008,107,NA,NA,2086,13280,NA,NA,FALSE,1451,1449,508,"Bruesa GBC","Bruesa GBC","GBC",1451,639,"DKV Joventut","DKV Joventut","DKV",1,78,12000,8,21,38.1,21,39,53.85,12,14,85.71,20,13,33,11,8,17,0,0,1,5,21,22,80,0,0,0,1,0,78,67,0,NA,0,0,0,0,0,0,0
1424635,1,"Liga Nacional","Liga Endesa",-402534000,NA,"https://www.acb.com/Documentos/Cabeceras/logo-competicion-1b.png","https://www.acb.com/Documentos/Cabeceras/logo-competicion-4a.png",73,2008,107,NA,NA,2086,13280,NA,NA,TRUE,1449,1449,508,"Bruesa GBC","Bruesa GBC","GBC",1451,639,"DKV Joventut","DKV Joventut","DKV",1,67,12000,7,20,35,17,27,62,12,15,80,17,4,21,11,11,18,0,1,0,1,22,21,66,0,0,11,0,0,67,78,0,0,0,0,0,0,0,0,0
1424661,1,"Liga Nacional","Liga Endesa",-402534000,NA,"https://www.acb.com/Documentos/Cabeceras/logo-competicion-1b.png","https://www.acb.com/Documentos/Cabeceras/logo-competicion-4a.png",73,2008,107,NA,NA,2086,13281,NA,NA,FALSE,1445,1453,775,"Real Madrid","Real Madrid","RMB",1445,289,"iurbentia Bilbao Basket","iurbentia BB","IBB",1,74,12000,9,22,40.91,15,30,50,17,21,80.95,17,12,29,11,9,20,0,1,2,1,18,21,73,0,0,1,0,0,74,84,0,NA,0,0,0,0,0,0,0
1424660,1,"Liga Nacional","Liga Endesa",-402534000,NA,"https://www.acb.com/Documentos/Cabeceras/logo-competicion-1b.png","https://www.acb.com/Documentos/Cabeceras/logo-competicion-4a.png",73,2008,107,NA,NA,2086,13281,NA,NA,TRUE,1453,1453,775,"Real Madrid","Real Madrid","RMB",1445,289,"iurbentia Bilbao Basket","iurbentia BB","IBB",1,84,12000,8,24,33.33,24,35,68.57,12,13,92.31,18,7,25,17,10,14,0,2,1,7,21,18,92,0,0,0,1,0,84,74,0,NA,0,0,0,0,0,0,0
1424580,1,"Liga Nacional","Liga Endesa",-402534000,NA,"https://www.acb.com/Documentos/Cabeceras/logo-competicion-1b.png","https://www.acb.com/Documentos/Cabeceras/logo-competicion-4a.png",73,2008,107,NA,NA,2086,13278,NA,NA,TRUE,1458,1458,1078,"Unicaja","Unicaja","UNI",1457,975,"Pamesa Valencia","Pamesa Valencia","PAM",1,82,12000,8,21,38.1,20,31,64.52,18,26,69.23,26,10,36,18,6,15,0,4,3,5,20,24,100,0,0,0,1,0,82,75,0,NA,0,0,0,0,0,0,0
1424581,1,"Liga Nacional","Liga Endesa",-402534000,NA,"https://www.acb.com/Documentos/Cabeceras/logo-competicion-1b.png","https://www.acb.com/Documentos/Cabeceras/logo-competicion-4a.png",73,2008,107,NA,NA,2086,13278,NA,NA,FALSE,1457,1458,1078,"Unicaja","Unicaja","UNI",1457,975,"Pamesa Valencia","Pamesa Valencia","PAM",1,75,12000,13,26,50,12,32,37.5,12,18,66.67,16,9,25,14,9,12,0,3,4,1,24,20,67,0,0,1,0,0,75,82,0,NA,0,0,0,0,0,0,0
1424686,1,"Liga Nacional","Liga Endesa",-402534000,NA,"https://www.acb.com/Documentos/Cabeceras/logo-competicion-1b.png","https://www.acb.com/Documentos/Cabeceras/logo-competicion-4a.png",73,2008,107,NA,NA,2086,13282,NA,NA,FALSE,1444,1459,1137,"Cajasol","Cajasol","CAJ",1444,234,"TAU Cerámica","TAU Cerámica","TAU",1,101,12000,10,21,47.62,27,45,60,17,17,100,23,7,30,19,11,10,0,1,1,6,18,16,120,0,0,0,1,0,101,74,0,NA,0,0,0,0,0,0,0
1424685,1,"Liga Nacional","Liga Endesa",-402534000,NA,"https://www.acb.com/Documentos/Cabeceras/logo-competicion-1b.png","https://www.acb.com/Documentos/Cabeceras/logo-competicion-4a.png",73,2008,107,NA,NA,2086,13282,NA,NA,TRUE,1459,1459,1137,"Cajasol","Cajasol","CAJ",1444,234,"TAU Cerámica","TAU Cerámica","TAU",1,74,12000,8,20,40,21,39,53.85,8,10,80,18,7,25,8,6,18,0,1,1,2,16,18,65,0,0,1,0,0,74,101,0,NA,0,0,0,0,0,0,0
1424792,1,"Liga Nacional","Liga Endesa",-402534000,NA,"https://www.acb.com/Documentos/Cabeceras/logo-competicion-1b.png","https://www.acb.com/Documentos/Cabeceras/logo-competicion-4a.png",73,2008,107,NA,NA,2087,13286,NA,NA,FALSE,1449,1446,346,"Kalise Gran Canaria","Kalise GC","GCA",1449,508,"Bruesa GBC","Bruesa GBC","GBC",1,92,13500,10,25,40,21,39,53.85,20,24,83.33,24,7,31,24,4,19,0,3,8,1,29,23,84,0,0,1,0,0,92,96,0,NA,0,0,0,0,0,0,0
1424791,1,"Liga Nacional","Liga Endesa",-402534000,NA,"https://www.acb.com/Documentos/Cabeceras/logo-competicion-1b.png","https://www.acb.com/Documentos/Cabeceras/logo-competicion-4a.png",73,2008,107,NA,NA,2087,13286,NA,NA,TRUE,1446,1446,346,"Kalise Gran Canaria","Kalise GC","GCA",1449,508,"Bruesa GBC","Bruesa GBC","GBC",1,96,13500,4,20,20,30,45,66.67,24,36,66.67,24,10,34,17,7,12,0,8,3,2,23,29,110,0,0,0,1,0,96,92,0,NA,0,0,0,0,0,0,0
1424713,1,"Liga Nacional","Liga Endesa",-402534000,NA,"https://www.acb.com/Documentos/Cabeceras/logo-competicion-1b.png","https://www.acb.com/Documentos/Cabeceras/logo-competicion-4a.png",73,2008,107,NA,NA,2087,13283,NA,NA,FALSE,1444,1451,639,"DKV Joventut","DKV Joventut","DKV",1444,234,"TAU Cerámica","TAU Cerámica","TAU",1,97,12000,8,22,36.36,24,43,55.81,25,28,89.29,30,14,44,18,9,11,0,1,5,3,16,18,119,0,0,0,1,0,97,83,0,NA,0,0,0,0,0,0,0
1424712,1,"Liga Nacional","Liga Endesa",-402534000,NA,"https://www.acb.com/Documentos/Cabeceras/logo-competicion-1b.png","https://www.acb.com/Documentos/Cabeceras/logo-competicion-4a.png",73,2008,107,NA,NA,2087,13283,NA,NA,TRUE,1451,1451,639,"DKV Joventut","DKV Joventut","DKV",1444,234,"TAU Cerámica","TAU Cerámica","TAU",1,83,12000,12,31,38.71,19,40,47.5,9,11,81.82,21,9,30,19,7,10,0,5,1,5,18,16,89,0,0,1,0,0,83,97,0,NA,0,0,0,0,0,0,0
1424740,1,"Liga Nacional","Liga Endesa",-402534000,NA,"https://www.acb.com/Documentos/Cabeceras/logo-competicion-1b.png","https://www.acb.com/Documentos/Cabeceras/logo-competicion-4a.png",73,2008,107,NA,NA,2087,13284,NA,NA,FALSE,1459,1456,912,"CB Murcia","CB Murcia","MUR",1459,1137,"Cajasol","Cajasol","CAJ",1,75,12000,7,16,43.75,21,44,47.73,12,14,85.71,21,14,35,10,10,21,0,3,1,2,25,20,72,0,0,1,0,0,75,85,0,NA,0,0,0,0,0,0,0
1424739,1,"Liga Nacional","Liga Endesa",-402534000,NA,"https://www.acb.com/Documentos/Cabeceras/logo-competicion-1b.png","https://www.acb.com/Documentos/Cabeceras/logo-competicion-4a.png",73,2008,107,NA,NA,2087,13284,NA,NA,TRUE,1456,1456,912,"CB Murcia","CB Murcia","MUR",1459,1137,"Cajasol","Cajasol","CAJ",1,85,12000,12,24,50,16,32,50,17,23,73.91,20,6,26,18,12,16,0,1,3,1,20,25,94,0,0,0,1,0,85,75,0,NA,0,0,0,0,0,0,0
1424818,1,"Liga Nacional","Liga Endesa",-402534000,NA,"https://www.acb.com/Documentos/Cabeceras/logo-competicion-1b.png","https://www.acb.com/Documentos/Cabeceras/logo-competicion-4a.png",73,2008,107,NA,NA,2087,13287,NA,NA,TRUE,1452,1452,1160,"CAI Zaragoza","CAI Zaragoza","CAI",1450,11,"CB Granada","CB Granada","GRA",1,80,12000,9,19,47.37,22,44,50,9,18,50,20,8,28,18,16,15,0,3,5,3,20,19,83,0,0,0,1,0,80,65,0,NA,0,0,0,0,0,0,0
1424819,1,"Liga Nacional","Liga Endesa",-402534000,NA,"https://www.acb.com/Documentos/Cabeceras/logo-competicion-1b.png","https://www.acb.com/Documentos/Cabeceras/logo-competicion-4a.png",73,2008,107,NA,NA,2087,13287,NA,NA,FALSE,1450,1452,1160,"CAI Zaragoza","CAI Zaragoza","CAI",1450,11,"CB Granada","CB Granada","GRA",1,65,12000,5,18,27.78,18,33,54.55,14,18,77.78,21,9,30,14,7,24,0,5,3,4,19,20,63,0,0,1,0,0,65,80,0,NA,0,0,0,0,0,0,0
1424765,1,"Liga Nacional","Liga Endesa",-402534000,NA,"https://www.acb.com/Documentos/Cabeceras/logo-competicion-1b.png","https://www.acb.com/Documentos/Cabeceras/logo-competicion-4a.png",73,2008,107,NA,NA,2087,13285,NA,NA,FALSE,1453,1457,975,"Pamesa Valencia","Pamesa Valencia","PAM",1453,775,"Real Madrid","Real Madrid","RMB",1,66,12000,7,21,33.33,15,34,44.12,15,24,62.5,18,9,27,9,8,14,0,4,4,0,21,24,57,0,0,1,0,0,66,82,0,NA,0,0,0,0,0,0,0
1424764,1,"Liga Nacional","Liga Endesa",-402534000,NA,"https://www.acb.com/Documentos/Cabeceras/logo-competicion-1b.png","https://www.acb.com/Documentos/Cabeceras/logo-competicion-4a.png",73,2008,107,NA,NA,2087,13285,NA,NA,TRUE,1457,1457,975,"Pamesa Valencia","Pamesa Valencia","PAM",1453,775,"Real Madrid","Real Madrid","RMB",1,82,12000,7,25,28,23,38,60.53,15,18,83.33,27,12,39,11,9,13,0,4,4,3,24,21,89,0,0,0,1,0,82,66,0,NA,0,0,0,0,0,0,0
1424844,1,"Liga Nacional","Liga Endesa",-402534000,NA,"https://www.acb.com/Documentos/Cabeceras/logo-competicion-1b.png","https://www.acb.com/Documentos/Cabeceras/logo-competicion-4a.png",73,2008,107,NA,NA,2087,13288,NA,NA,FALSE,1458,1448,1205,"Alta Gestión Fuenlabrada","Alta Gestión F.","AGF",1458,1078,"Unicaja","Unicaja","UNI",1,89,12000,10,25,40,16,32,50,27,35,77.14,24,7,31,16,13,12,0,4,1,7,18,23,106,0,0,0,1,0,89,83,0,NA,0,0,0,0,0,0,0
1424843,1,"Liga Nacional","Liga Endesa",-402534000,NA,"https://www.acb.com/Documentos/Cabeceras/logo-competicion-1b.png","https://www.acb.com/Documentos/Cabeceras/logo-competicion-4a.png",73,2008,107,NA,NA,2087,13288,NA,NA,TRUE,1448,1448,1205,"Alta Gestión Fuenlabrada","Alta Gestión F.","AGF",1458,1078,"Unicaja","Unicaja","UNI",1,83,12000,10,24,41.67,20,38,52.63,13,14,92.86,22,8,30,17,9,18,0,1,4,4,23,18,80,0,0,1,0,0,83,89,0,NA,0,0,0,0,0,0,0
1424897,1,"Liga Nacional","Liga Endesa",-402534000,NA,"https://www.acb.com/Documentos/Cabeceras/logo-competicion-1b.png","https://www.acb.com/Documentos/Cabeceras/logo-competicion-4a.png",73,2008,107,NA,NA,2087,13290,NA,NA,TRUE,1447,1447,472,"MMT Estudiantes","MMT Estudiantes","MMT",1455,893,"ViveMenorca","ViveMenorca","MEN",1,71,12000,6,14,42.86,21,42,50,11,15,73.33,26,6,32,14,7,12,0,1,3,0,22,20,75,0,0,0,1,0,71,61,0,NA,0,0,0,0,0,0,0
1424898,1,"Liga Nacional","Liga Endesa",-402534000,NA,"https://www.acb.com/Documentos/Cabeceras/logo-competicion-1b.png","https://www.acb.com/Documentos/Cabeceras/logo-competicion-4a.png",73,2008,107,NA,NA,2087,13290,NA,NA,FALSE,1455,1447,472,"MMT Estudiantes","MMT Estudiantes","MMT",1455,893,"ViveMenorca","ViveMenorca","MEN",1,61,12000,5,25,20,17,31,54.84,12,15,80,23,9,32,12,6,14,0,3,1,1,20,22,64,0,0,1,0,0,61,71,0,NA,0,0,0,0,0,0,0
1424872,1,"Liga Nacional","Liga Endesa",-402534000,NA,"https://www.acb.com/Documentos/Cabeceras/logo-competicion-1b.png","https://www.acb.com/Documentos/Cabeceras/logo-competicion-4a.png",73,2008,107,NA,NA,2087,13289,NA,NA,FALSE,1454,1443,118,"Regal FC Barcelona","Regal FCB","FCB",1454,872,"Ricoh Manresa","Ricoh Manresa","MAN",1,57,12000,4,10,40,16,42,38.1,13,19,68.42,18,6,24,10,13,16,0,0,4,2,19,18,45,0,0,1,0,0,57,70,0,NA,0,0,0,0,0,0,0
1424871,1,"Liga Nacional","Liga Endesa",-402534000,NA,"https://www.acb.com/Documentos/Cabeceras/logo-competicion-1b.png","https://www.acb.com/Documentos/Cabeceras/logo-competicion-4a.png",73,2008,107,NA,NA,2087,13289,NA,NA,TRUE,1443,1443,118,"Regal FC Barcelona","Regal FCB","FCB",1454,872,"Ricoh Manresa","Ricoh Manresa","MAN",1,70,12000,4,24,16.67,23,34,67.65,12,14,85.71,27,13,40,12,11,18,0,4,0,1,18,19,87,0,0,0,1,0,70,57,0,NA,0,0,0,0,0,0,0
1425057,1,"Liga Nacional","Liga Endesa",-402534000,NA,"https://www.acb.com/Documentos/Cabeceras/logo-competicion-1b.png","https://www.acb.com/Documentos/Cabeceras/logo-competicion-4a.png",73,2008,107,NA,NA,2088,13296,NA,NA,TRUE,1459,1459,1137,"Cajasol","Cajasol","CAJ",1457,975,"Pamesa Valencia","Pamesa Valencia","PAM",1,69,12000,10,26,38.46,10,30,33.33,19,20,95,16,13,29,12,15,18,0,1,6,1,19,22,68,0,0,1,0,0,69,74,0,NA,0,0,0,0,0,0,0
1425058,1,"Liga Nacional","Liga Endesa",-402534000,NA,"https://www.acb.com/Documentos/Cabeceras/logo-competicion-1b.png","https://www.acb.com/Documentos/Cabeceras/logo-competicion-4a.png",73,2008,107,NA,NA,2088,13296,NA,NA,FALSE,1457,1459,1137,"Cajasol","Cajasol","CAJ",1457,975,"Pamesa Valencia","Pamesa Valencia","PAM",1,74,12000,6,15,40,21,39,53.85,14,16,87.5,25,9,34,13,10,20,0,6,1,1,22,19,84,0,0,0,1,0,74,69,0,NA,0,0,0,0,0,0,0
1425086,1,"Liga Nacional","Liga Endesa",-402534000,NA,"https://www.acb.com/Documentos/Cabeceras/logo-competicion-1b.png","https://www.acb.com/Documentos/Cabeceras/logo-competicion-4a.png",73,2008,107,NA,NA,2088,13297,NA,NA,FALSE,1456,1444,234,"TAU Cerámica","TAU Cerámica","TAU",1456,912,"CB Murcia","CB Murcia","MUR",1,60,12000,5,20,25,19,41,46.34,7,11,63.64,20,10,30,12,6,19,0,3,3,2,20,13,41,0,0,1,0,0,60,105,0,NA,0,0,0,0,0,0,0
1425085,1,"Liga Nacional","Liga Endesa",-402534000,NA,"https://www.acb.com/Documentos/Cabeceras/logo-competicion-1b.png","https://www.acb.com/Documentos/Cabeceras/logo-competicion-4a.png",73,2008,107,NA,NA,2088,13297,NA,NA,TRUE,1444,1444,234,"TAU Cerámica","TAU Cerámica","TAU",1456,912,"CB Murcia","CB Murcia","MUR",1,105,12000,7,19,36.84,32,52,61.54,20,25,80,27,15,42,24,13,9,0,3,3,5,13,20,145,0,0,0,1,0,105,60,0,NA,0,0,0,0,0,0,0
1424925,1,"Liga Nacional","Liga Endesa",-402534000,NA,"https://www.acb.com/Documentos/Cabeceras/logo-competicion-1b.png","https://www.acb.com/Documentos/Cabeceras/logo-competicion-4a.png",73,2008,107,NA,NA,2088,13291,NA,NA,TRUE,1454,1454,872,"Ricoh Manresa","Ricoh Manresa","MAN",1447,472,"MMT Estudiantes","MMT Estudiantes","MMT",1,68,12000,7,27,25.93,19,36,52.78,9,12,75,19,13,32,15,16,21,0,2,2,1,28,22,64,0,0,0,1,0,68,60,0,NA,0,0,0,0,0,0,0
1424926,1,"Liga Nacional","Liga Endesa",-402534000,NA,"https://www.acb.com/Documentos/Cabeceras/logo-competicion-1b.png","https://www.acb.com/Documentos/Cabeceras/logo-competicion-4a.png",73,2008,107,NA,NA,2088,13291,NA,NA,FALSE,1447,1454,872,"Ricoh Manresa","Ricoh Manresa","MAN",1447,472,"MMT Estudiantes","MMT Estudiantes","MMT",1,60,12000,5,13,38,12,35,34,21,27,77,22,11,33,16,14,28,0,2,2,1,22,28,64,0,0,11,0,0,60,68,0,0,0,0,0,0,0,0,0
1424978,1,"Liga Nacional","Liga Endesa",-402534000,NA,"https://www.acb.com/Documentos/Cabeceras/logo-competicion-1b.png","https://www.acb.com/Documentos/Cabeceras/logo-competicion-4a.png",73,2008,107,NA,NA,2088,13293,NA,NA,TRUE,1450,1450,11,"CB Granada","CB Granada","GRA",1448,1205,"Alta Gestión Fuenlabrada","Alta Gestión F.","AGF",1,71,12000,5,20,25,19,41,46.34,18,23,78.26,29,10,39,14,7,10,0,4,3,5,21,23,82,0,0,0,1,0,71,63,0,NA,0,0,0,0,0,0,0
1424979,1,"Liga Nacional","Liga Endesa",-402534000,NA,"https://www.acb.com/Documentos/Cabeceras/logo-competicion-1b.png","https://www.acb.com/Documentos/Cabeceras/logo-competicion-4a.png",73,2008,107,NA,NA,2088,13293,NA,NA,FALSE,1448,1450,11,"CB Granada","CB Granada","GRA",1448,1205,"Alta Gestión Fuenlabrada","Alta Gestión F.","AGF",1,63,12000,6,23,26.09,15,32,46.88,15,20,75,25,7,32,10,6,13,0,3,4,0,23,21,56,0,0,1,0,0,63,71,0,NA,0,0,0,0,0,0,0
1425006,1,"Liga Nacional","Liga Endesa",-402534000,NA,"https://www.acb.com/Documentos/Cabeceras/logo-competicion-1b.png","https://www.acb.com/Documentos/Cabeceras/logo-competicion-4a.png",73,2008,107,NA,NA,2088,13294,NA,NA,FALSE,1452,1449,508,"Bruesa GBC","Bruesa GBC","GBC",1452,1160,"CAI Zaragoza","CAI Zaragoza","CAI",1,67,12000,4,17,23.53,17,41,41.46,21,31,67.74,29,8,37,7,6,15,0,2,2,0,23,20,52,0,0,1,0,0,67,77,0,NA,0,0,0,0,0,0,0
1425005,1,"Liga Nacional","Liga Endesa",-402534000,NA,"https://www.acb.com/Documentos/Cabeceras/logo-competicion-1b.png","https://www.acb.com/Documentos/Cabeceras/logo-competicion-4a.png",73,2008,107,NA,NA,2088,13294,NA,NA,TRUE,1449,1449,508,"Bruesa GBC","Bruesa GBC","GBC",1452,1160,"CAI Zaragoza","CAI Zaragoza","CAI",1,77,12000,8,25,32,17,38,44.74,19,25,76,30,9,39,16,10,15,0,2,2,2,20,23,86,0,0,0,1,0,77,67,0,NA,0,0,0,0,0,0,0
1425033,1,"Liga Nacional","Liga Endesa",-402534000,NA,"https://www.acb.com/Documentos/Cabeceras/logo-competicion-1b.png","https://www.acb.com/Documentos/Cabeceras/logo-competicion-4a.png",73,2008,107,NA,NA,2088,13295,NA,NA,FALSE,1446,1453,775,"Real Madrid","Real Madrid","RMB",1446,346,"Kalise Gran Canaria","Kalise GC","GCA",1,80,12000,6,14,42.86,24,46,52.17,14,21,66.67,21,13,34,14,7,19,0,6,3,1,20,23,85,0,0,1,0,0,80,95,0,NA,0,0,0,0,0,0,0
1425032,1,"Liga Nacional","Liga Endesa",-402534000,NA,"https://www.acb.com/Documentos/Cabeceras/logo-competicion-1b.png","https://www.acb.com/Documentos/Cabeceras/logo-competicion-4a.png",73,2008,107,NA,NA,2088,13295,NA,NA,TRUE,1453,1453,775,"Real Madrid","Real Madrid","RMB",1446,346,"Kalise Gran Canaria","Kalise GC","GCA",1,95,12000,6,17,35.29,33,60,55,11,14,78.57,23,16,39,18,15,10,0,3,6,7,23,20,110,0,0,0,1,0,95,80,0,NA,0,0,0,0,0,0,0
1425111,1,"Liga Nacional","Liga Endesa",-402534000,NA,"https://www.acb.com/Documentos/Cabeceras/logo-competicion-1b.png","https://www.acb.com/Documentos/Cabeceras/logo-competicion-4a.png",73,2008,107,NA,NA,2088,13298,NA,NA,TRUE,1445,1445,289,"iurbentia Bilbao Basket","iurbentia BB","IBB",1451,639,"DKV Joventut","DKV Joventut","DKV",1,100,12000,12,28,42.86,18,29,62.07,28,37,75.68,18,12,30,13,6,18,0,1,2,1,23,28,99,0,0,1,0,0,100,116,0,NA,0,0,0,0,0,0,0
1425112,1,"Liga Nacional","Liga Endesa",-402534000,NA,"https://www.acb.com/Documentos/Cabeceras/logo-competicion-1b.png","https://www.acb.com/Documentos/Cabeceras/logo-competicion-4a.png",73,2008,107,NA,NA,2088,13298,NA,NA,FALSE,1451,1445,289,"iurbentia Bilbao Basket","iurbentia BB","IBB",1451,639,"DKV Joventut","DKV Joventut","DKV",1,116,12000,16,28,57.14,26,38,68.42,16,22,72.73,19,8,27,14,10,12,0,2,1,3,28,23,121,0,0,0,1,0,116,100,0,NA,0,0,0,0,0,0,0
1424951,1,"Liga Nacional","Liga Endesa",-402534000,NA,"https://www.acb.com/Documentos/Cabeceras/logo-competicion-1b.png","https://www.acb.com/Documentos/Cabeceras/logo-competicion-4a.png",73,2008,107,NA,NA,2088,13292,NA,NA,TRUE,1458,1458,1078,"Unicaja","Unicaja","UNI",1443,118,"Regal FC Barcelona","Regal FCB","FCB",1,82,12000,8,21,38.1,24,42,57.14,10,16,62.5,22,9,31,17,15,13,0,6,2,5,19,16,96,0,0,0,1,0,82,71,0,NA,0,0,0,0,0,0,0
1424952,1,"Liga Nacional","Liga Endesa",-402534000,NA,"https://www.acb.com/Documentos/Cabeceras/logo-competicion-1b.png","https://www.acb.com/Documentos/Cabeceras/logo-competicion-4a.png",73,2008,107,NA,NA,2088,13292,NA,NA,FALSE,1443,1458,1078,"Unicaja","Unicaja","UNI",1443,118,"Regal FC Barcelona","Regal FCB","FCB",1,71,12000,7,18,38.89,21,44,47.73,8,12,66.67,23,13,36,16,9,17,0,2,6,3,16,19,76,0,0,1,0,0,71,82,0,NA,0,0,0,0,0,0,0
1425191,1,"Liga Nacional","Liga Endesa",-402534000,NA,"https://www.acb.com/Documentos/Cabeceras/logo-competicion-1b.png","https://www.acb.com/Documentos/Cabeceras/logo-competicion-4a.png",73,2008,107,NA,NA,2089,13301,NA,NA,TRUE,1446,1446,346,"Kalise Gran Canaria","Kalise GC","GCA",1459,1137,"Cajasol","Cajasol","CAJ",1,104,15000,14,27,51.85,20,41,48.78,22,29,75.86,30,10,40,23,6,16,0,5,7,1,25,23,112,0,0,0,1,0,104,92,0,NA,0,0,0,0,0,0,0
1425192,1,"Liga Nacional","Liga Endesa",-402534000,NA,"https://www.acb.com/Documentos/Cabeceras/logo-competicion-1b.png","https://www.acb.com/Documentos/Cabeceras/logo-competicion-4a.png",73,2008,107,NA,NA,2089,13301,NA,NA,FALSE,1459,1446,346,"Kalise Gran Canaria","Kalise GC","GCA",1459,1137,"Cajasol","Cajasol","CAJ",1,92,15000,12,33,36.36,19,44,43.18,18,21,85.71,24,15,39,16,9,16,0,7,5,1,23,25,95,0,0,1,0,0,92,104,0,NA,0,0,0,0,0,0,0
1425138,1,"Liga Nacional","Liga Endesa",-402534000,NA,"https://www.acb.com/Documentos/Cabeceras/logo-competicion-1b.png","https://www.acb.com/Documentos/Cabeceras/logo-competicion-4a.png",73,2008,107,NA,NA,2089,13299,NA,NA,TRUE,1456,1456,912,"CB Murcia","CB Murcia","MUR",1445,289,"iurbentia Bilbao Basket","iurbentia BB","IBB",1,67,12000,5,18,27.78,17,34,50,18,21,85.71,22,9,31,11,8,17,0,4,1,1,23,22,69,0,0,1,0,0,67,82,0,NA,0,0,0,0,0,0,0
1425139,1,"Liga Nacional","Liga Endesa",-402534000,NA,"https://www.acb.com/Documentos/Cabeceras/logo-competicion-1b.png","https://www.acb.com/Documentos/Cabeceras/logo-competicion-4a.png",73,2008,107,NA,NA,2089,13299,NA,NA,FALSE,1445,1456,912,"CB Murcia","CB Murcia","MUR",1445,289,"iurbentia Bilbao Basket","iurbentia BB","IBB",1,82,12000,7,20,35,24,44,54.55,13,17,76.47,21,13,34,15,8,12,0,1,4,1,22,23,88,0,0,0,1,0,82,67,0,NA,0,0,0,0,0,0,0
1425164,1,"Liga Nacional","Liga Endesa",-402534000,NA,"https://www.acb.com/Documentos/Cabeceras/logo-competicion-1b.png","https://www.acb.com/Documentos/Cabeceras/logo-competicion-4a.png",73,2008,107,NA,NA,2089,13300,NA,NA,TRUE,1457,1457,975,"Pamesa Valencia","Pamesa Valencia","PAM",1444,234,"TAU Cerámica","TAU Cerámica","TAU",1,73,12000,6,20,30,22,42,52.38,11,16,68.75,21,18,39,11,9,22,0,1,0,3,24,19,67,0,0,1,0,0,73,91,0,NA,0,0,0,0,0,0,0
1425165,1,"Liga Nacional","Liga Endesa",-402534000,NA,"https://www.acb.com/Documentos/Cabeceras/logo-competicion-1b.png","https://www.acb.com/Documentos/Cabeceras/logo-competicion-4a.png",73,2008,107,NA,NA,2089,13300,NA,NA,FALSE,1444,1457,975,"Pamesa Valencia","Pamesa Valencia","PAM",1444,234,"TAU Cerámica","TAU Cerámica","TAU",1,91,12000,11,23,47.83,17,30,56.67,24,30,80,15,8,23,19,14,13,0,0,1,1,19,24,107,0,0,0,1,0,91,73,0,NA,0,0,0,0,0,0,0
1425274,1,"Liga Nacional","Liga Endesa",-402534000,NA,"https://www.acb.com/Documentos/Cabeceras/logo-competicion-1b.png","https://www.acb.com/Documentos/Cabeceras/logo-competicion-4a.png",73,2008,107,NA,NA,2089,13304,NA,NA,TRUE,1443,1443,118,"Regal FC Barcelona","Regal FCB","FCB",1450,11,"CB Granada","CB Granada","GRA",1,86,12000,7,21,33.33,26,46,56.52,13,16,81.25,21,12,33,18,7,11,0,4,7,4,19,17,91,0,0,0,1,0,86,82,0,NA,0,0,0,0,0,0,0
1425275,1,"Liga Nacional","Liga Endesa",-402534000,NA,"https://www.acb.com/Documentos/Cabeceras/logo-competicion-1b.png","https://www.acb.com/Documentos/Cabeceras/logo-competicion-4a.png",73,2008,107,NA,NA,2089,13304,NA,NA,FALSE,1450,1443,118,"Regal FC Barcelona","Regal FCB","FCB",1450,11,"CB Granada","CB Granada","GRA",1,82,12000,11,23,47.83,19,36,52.78,11,14,78.57,23,7,30,12,6,16,0,7,4,1,17,19,87,0,0,1,0,0,82,86,0,NA,0,0,0,0,0,0,0
1425300,1,"Liga Nacional","Liga Endesa",-402534000,NA,"https://www.acb.com/Documentos/Cabeceras/logo-competicion-1b.png","https://www.acb.com/Documentos/Cabeceras/logo-competicion-4a.png",73,2008,107,NA,NA,2089,13305,NA,NA,TRUE,1447,1447,472,"MMT Estudiantes","MMT Estudiantes","MMT",1458,1078,"Unicaja","Unicaja","UNI",1,78,12000,8,23,34.78,18,37,48.65,18,21,85.71,22,6,28,16,16,14,0,0,2,0,16,19,88,0,0,1,0,0,78,82,0,NA,0,0,0,0,0,0,0
1425301,1,"Liga Nacional","Liga Endesa",-402534000,NA,"https://www.acb.com/Documentos/Cabeceras/logo-competicion-1b.png","https://www.acb.com/Documentos/Cabeceras/logo-competicion-4a.png",73,2008,107,NA,NA,2089,13305,NA,NA,FALSE,1458,1447,472,"MMT Estudiantes","MMT Estudiantes","MMT",1458,1078,"Unicaja","Unicaja","UNI",1,82,12000,12,28,42.86,17,27,62.96,12,14,85.71,26,5,31,14,10,21,0,2,0,2,19,16,87,0,0,0,1,0,82,78,0,NA,0,0,0,0,0,0,0
1425326,1,"Liga Nacional","Liga Endesa",-402534000,NA,"https://www.acb.com/Documentos/Cabeceras/logo-competicion-1b.png","https://www.acb.com/Documentos/Cabeceras/logo-competicion-4a.png",73,2008,107,NA,NA,2089,13306,NA,NA,TRUE,1455,1455,893,"ViveMenorca","ViveMenorca","MEN",1454,872,"Ricoh Manresa","Ricoh Manresa","MAN",1,83,12000,9,20,45,25,39,64.1,6,10,60,17,6,23,18,13,13,0,3,2,0,23,20,93,0,0,0,1,0,83,67,0,NA,0,0,0,0,0,0,0
1425327,1,"Liga Nacional","Liga Endesa",-402534000,NA,"https://www.acb.com/Documentos/Cabeceras/logo-competicion-1b.png","https://www.acb.com/Documentos/Cabeceras/logo-competicion-4a.png",73,2008,107,NA,NA,2089,13306,NA,NA,FALSE,1454,1455,893,"ViveMenorca","ViveMenorca","MEN",1454,872,"Ricoh Manresa","Ricoh Manresa","MAN",1,67,12000,6,16,37.5,20,33,60.61,9,18,50,16,8,24,11,6,21,0,2,3,3,20,23,57,0,0,1,0,0,67,83,0,NA,0,0,0,0,0,0,0
1425219,1,"Liga Nacional","Liga Endesa",-402534000,NA,"https://www.acb.com/Documentos/Cabeceras/logo-competicion-1b.png","https://www.acb.com/Documentos/Cabeceras/logo-competicion-4a.png",73,2008,107,NA,NA,2089,13302,NA,NA,TRUE,1452,1452,1160,"CAI Zaragoza","CAI Zaragoza","CAI",1453,775,"Real Madrid","Real Madrid","RMB",1,79,12000,7,26,26.92,21,42,50,16,21,76.19,16,23,39,13,5,15,0,4,3,0,19,20,78,0,0,1,0,0,79,90,0,NA,0,0,0,0,0,0,0
1425220,1,"Liga Nacional","Liga Endesa",-402534000,NA,"https://www.acb.com/Documentos/Cabeceras/logo-competicion-1b.png","https://www.acb.com/Documentos/Cabeceras/logo-competicion-4a.png",73,2008,107,NA,NA,2089,13302,NA,NA,FALSE,1453,1452,1160,"CAI Zaragoza","CAI Zaragoza","CAI",1453,775,"Real Madrid","Real Madrid","RMB",1,90,12000,11,22,50,21,40,52.5,15,19,78.95,16,14,30,21,5,10,0,3,4,2,20,19,100,0,0,0,1,0,90,79,0,NA,0,0,0,0,0,0,0
1425246,1,"Liga Nacional","Liga Endesa",-402534000,NA,"https://www.acb.com/Documentos/Cabeceras/logo-competicion-1b.png","https://www.acb.com/Documentos/Cabeceras/logo-competicion-4a.png",73,2008,107,NA,NA,2089,13303,NA,NA,TRUE,1448,1448,1205,"Alta Gestión Fuenlabrada","Alta Gestión F.","AGF",1449,508,"Bruesa GBC","Bruesa GBC","GBC",1,108,12000,11,17,64.71,29,36,80.56,17,19,89.47,25,4,29,25,7,16,0,6,1,7,23,21,141,0,0,0,1,0,108,75,0,NA,0,0,0,0,0,0,0
1425247,1,"Liga Nacional","Liga Endesa",-402534000,NA,"https://www.acb.com/Documentos/Cabeceras/logo-competicion-1b.png","https://www.acb.com/Documentos/Cabeceras/logo-competicion-4a.png",73,2008,107,NA,NA,2089,13303,NA,NA,FALSE,1449,1448,1205,"Alta Gestión Fuenlabrada","Alta Gestión F.","AGF",1449,508,"Bruesa GBC","Bruesa GBC","GBC",1,75,12000,9,24,37.5,15,34,44.12,18,24,75,6,10,16,12,13,12,0,1,6,2,21,23,61,0,0,1,0,0,75,108,0,NA,0,0,0,0,0,0,0
1425461,1,"Liga Nacional","Liga Endesa",-402534000,NA,"https://www.acb.com/Documentos/Cabeceras/logo-competicion-1b.png","https://www.acb.com/Documentos/Cabeceras/logo-competicion-4a.png",73,2008,107,NA,NA,2090,13311,NA,NA,TRUE,1444,1444,234,"TAU Cerámica","TAU Cerámica","TAU",1448,1205,"Alta Gestión Fuenlabrada","Alta Gestión F.","AGF",1,86,12000,9,26,34.62,24,39,61.54,11,16,68.75,24,9,33,21,5,12,0,4,1,0,19,18,98,0,0,0,1,0,86,74,0,NA,0,0,0,0,0,0,0
1425462,1,"Liga Nacional","Liga Endesa",-402534000,NA,"https://www.acb.com/Documentos/Cabeceras/logo-competicion-1b.png","https://www.acb.com/Documentos/Cabeceras/logo-competicion-4a.png",73,2008,107,NA,NA,2090,13311,NA,NA,FALSE,1448,1444,234,"TAU Cerámica","TAU Cerámica","TAU",1448,1205,"Alta Gestión Fuenlabrada","Alta Gestión F.","AGF",1,74,12000,6,17,35.29,21,41,51.22,14,19,73.68,24,8,32,10,7,15,0,1,4,4,18,19,70,0,0,1,0,0,74,86,0,NA,0,0,0,0,0,0,0
1425381,1,"Liga Nacional","Liga Endesa",-402534000,NA,"https://www.acb.com/Documentos/Cabeceras/logo-competicion-1b.png","https://www.acb.com/Documentos/Cabeceras/logo-competicion-4a.png",73,2008,107,NA,NA,2090,13308,NA,NA,FALSE,1455,1449,508,"Bruesa GBC","Bruesa GBC","GBC",1455,893,"ViveMenorca","ViveMenorca","MEN",1,74,12000,10,20,50,10,37,27.03,24,28,85.71,26,11,37,14,12,13,0,2,2,0,25,26,84,0,0,0,1,0,74,73,0,NA,0,0,0,0,0,0,0
1425380,1,"Liga Nacional","Liga Endesa",-402534000,NA,"https://www.acb.com/Documentos/Cabeceras/logo-competicion-1b.png","https://www.acb.com/Documentos/Cabeceras/logo-competicion-4a.png",73,2008,107,NA,NA,2090,13308,NA,NA,TRUE,1449,1449,508,"Bruesa GBC","Bruesa GBC","GBC",1455,893,"ViveMenorca","ViveMenorca","MEN",1,73,12000,8,18,44,17,31,54,15,21,71,26,4,30,14,7,18,0,2,2,2,26,25,75,0,0,10,0,0,73,74,0,0,0,0,0,0,0,0,0
1425434,1,"Liga Nacional","Liga Endesa",-402534000,NA,"https://www.acb.com/Documentos/Cabeceras/logo-competicion-1b.png","https://www.acb.com/Documentos/Cabeceras/logo-competicion-4a.png",73,2008,107,NA,NA,2090,13310,NA,NA,TRUE,1459,1459,1137,"Cajasol","Cajasol","CAJ",1443,118,"Regal FC Barcelona","Regal FCB","FCB",1,68,12000,6,23,26,17,34,50,16,18,88,20,11,31,11,13,18,0,3,2,0,23,18,65,0,0,11,0,0,68,74,0,0,0,0,0,0,0,0,0
1425435,1,"Liga Nacional","Liga Endesa",-402534000,NA,"https://www.acb.com/Documentos/Cabeceras/logo-competicion-1b.png","https://www.acb.com/Documentos/Cabeceras/logo-competicion-4a.png",73,2008,107,NA,NA,2090,13310,NA,NA,FALSE,1443,1459,1137,"Cajasol","Cajasol","CAJ",1443,118,"Regal FC Barcelona","Regal FCB","FCB",1,74,12000,10,16,62.5,13,31,41.94,18,22,81.82,20,4,24,12,8,19,0,2,3,1,18,23,75,0,0,0,1,0,74,68,0,NA,0,0,0,0,0,0,0
1425488,1,"Liga Nacional","Liga Endesa",-402534000,NA,"https://www.acb.com/Documentos/Cabeceras/logo-competicion-1b.png","https://www.acb.com/Documentos/Cabeceras/logo-competicion-4a.png",73,2008,107,NA,NA,2090,13312,NA,NA,TRUE,1445,1445,289,"iurbentia Bilbao Basket","iurbentia BB","IBB",1452,1160,"CAI Zaragoza","CAI Zaragoza","CAI",1,83,12000,9,32,28.12,19,30,63.33,18,21,85.71,19,14,33,13,11,12,0,0,4,1,19,22,90,0,0,0,1,0,83,67,0,NA,0,0,0,0,0,0,0
1425489,1,"Liga Nacional","Liga Endesa",-402534000,NA,"https://www.acb.com/Documentos/Cabeceras/logo-competicion-1b.png","https://www.acb.com/Documentos/Cabeceras/logo-competicion-4a.png",73,2008,107,NA,NA,2090,13312,NA,NA,FALSE,1452,1445,289,"iurbentia Bilbao Basket","iurbentia BB","IBB",1452,1160,"CAI Zaragoza","CAI Zaragoza","CAI",1,67,12000,7,20,35,17,30,56.67,12,16,75,19,8,27,8,10,20,0,4,0,0,22,19,63,0,0,1,0,0,67,83,0,NA,0,0,0,0,0,0,0
1425516,1,"Liga Nacional","Liga Endesa",-402534000,NA,"https://www.acb.com/Documentos/Cabeceras/logo-competicion-1b.png","https://www.acb.com/Documentos/Cabeceras/logo-competicion-4a.png",73,2008,107,NA,NA,2090,13313,NA,NA,FALSE,1446,1451,639,"DKV Joventut","DKV Joventut","DKV",1446,346,"Kalise Gran Canaria","Kalise GC","GCA",1,65,12000,7,26,26.92,17,38,44.74,10,12,83.33,23,11,34,11,9,13,0,1,7,0,19,16,55,0,0,1,0,0,65,80,0,NA,0,0,0,0,0,0,0
1425515,1,"Liga Nacional","Liga Endesa",-402534000,NA,"https://www.acb.com/Documentos/Cabeceras/logo-competicion-1b.png","https://www.acb.com/Documentos/Cabeceras/logo-competicion-4a.png",73,2008,107,NA,NA,2090,13313,NA,NA,TRUE,1451,1451,639,"DKV Joventut","DKV Joventut","DKV",1446,346,"Kalise Gran Canaria","Kalise GC","GCA",1,80,12000,8,22,36.36,20,37,54.05,16,20,80,29,9,38,17,9,13,0,7,1,5,16,19,105,0,0,0,1,0,80,65,0,NA,0,0,0,0,0,0,0
1425543,1,"Liga Nacional","Liga Endesa",-402534000,NA,"https://www.acb.com/Documentos/Cabeceras/logo-competicion-1b.png","https://www.acb.com/Documentos/Cabeceras/logo-competicion-4a.png",73,2008,107,NA,NA,2090,13314,NA,NA,FALSE,1457,1456,912,"CB Murcia","CB Murcia","MUR",1457,975,"Pamesa Valencia","Pamesa Valencia","PAM",1,75,12000,5,20,25,19,36,52.78,22,29,75.86,19,9,28,9,8,8,0,4,2,1,25,22,72,0,0,0,1,0,75,68,0,NA,0,0,0,0,0,0,0
1425542,1,"Liga Nacional","Liga Endesa",-402534000,NA,"https://www.acb.com/Documentos/Cabeceras/logo-competicion-1b.png","https://www.acb.com/Documentos/Cabeceras/logo-competicion-4a.png",73,2008,107,NA,NA,2090,13314,NA,NA,TRUE,1456,1456,912,"CB Murcia","CB Murcia","MUR",1457,975,"Pamesa Valencia","Pamesa Valencia","PAM",1,68,12000,7,17,41.18,14,40,35,19,23,82.61,25,18,43,16,5,20,0,2,4,3,22,25,73,0,0,1,0,0,68,75,0,NA,0,0,0,0,0,0,0
1425407,1,"Liga Nacional","Liga Endesa",-402534000,NA,"https://www.acb.com/Documentos/Cabeceras/logo-competicion-1b.png","https://www.acb.com/Documentos/Cabeceras/logo-competicion-4a.png",73,2008,107,NA,NA,2090,13309,NA,NA,TRUE,1453,1453,775,"Real Madrid","Real Madrid","RMB",1447,472,"MMT Estudiantes","MMT Estudiantes","MMT",1,98,12000,13,26,50,23,33,69.7,13,17,76.47,18,10,28,20,10,17,0,3,0,4,25,19,109,0,0,0,1,0,98,81,0,NA,0,0,0,0,0,0,0
1425408,1,"Liga Nacional","Liga Endesa",-402534000,NA,"https://www.acb.com/Documentos/Cabeceras/logo-competicion-1b.png","https://www.acb.com/Documentos/Cabeceras/logo-competicion-4a.png",73,2008,107,NA,NA,2090,13309,NA,NA,FALSE,1447,1453,775,"Real Madrid","Real Madrid","RMB",1447,472,"MMT Estudiantes","MMT Estudiantes","MMT",1,81,12000,4,15,26.67,23,39,58.97,23,24,95.83,11,8,19,8,13,18,0,0,3,0,19,25,78,0,0,1,0,0,81,98,0,NA,0,0,0,0,0,0,0
1425353,1,"Liga Nacional","Liga Endesa",-402534000,NA,"https://www.acb.com/Documentos/Cabeceras/logo-competicion-1b.png","https://www.acb.com/Documentos/Cabeceras/logo-competicion-4a.png",73,2008,107,NA,NA,2090,13307,NA,NA,TRUE,1450,1450,11,"CB Granada","CB Granada","GRA",1454,872,"Ricoh Manresa","Ricoh Manresa","MAN",1,82,12000,12,27,44.44,19,36,52.78,8,14,57.14,25,9,34,16,4,9,0,2,2,0,23,19,85,0,0,0,1,0,82,77,0,NA,0,0,0,0,0,0,0
1425354,1,"Liga Nacional","Liga Endesa",-402534000,NA,"https://www.acb.com/Documentos/Cabeceras/logo-competicion-1b.png","https://www.acb.com/Documentos/Cabeceras/logo-competicion-4a.png",73,2008,107,NA,NA,2090,13307,NA,NA,FALSE,1454,1450,11,"CB Granada","CB Granada","GRA",1454,872,"Ricoh Manresa","Ricoh Manresa","MAN",1,77,12000,8,18,44.44,14,33,42.42,25,30,83.33,21,8,29,13,7,8,0,2,2,4,19,23,88,0,0,1,0,0,77,82,0,NA,0,0,0,0,0,0,0
1425597,1,"Liga Nacional","Liga Endesa",-402534000,NA,"https://www.acb.com/Documentos/Cabeceras/logo-competicion-1b.png","https://www.acb.com/Documentos/Cabeceras/logo-competicion-4a.png",73,2008,107,NA,NA,2091,13316,NA,NA,FALSE,1448,1454,872,"Ricoh Manresa","Ricoh Manresa","MAN",1448,1205,"Alta Gestión Fuenlabrada","Alta Gestión F.","AGF",1,79,12000,9,32,28.12,22,39,56.41,8,13,61.54,27,18,45,17,8,18,0,2,5,4,29,21,75,0,0,1,0,0,79,85,0,NA,0,0,0,0,0,0,0
1425596,1,"Liga Nacional","Liga Endesa",-402534000,NA,"https://www.acb.com/Documentos/Cabeceras/logo-competicion-1b.png","https://www.acb.com/Documentos/Cabeceras/logo-competicion-4a.png",73,2008,107,NA,NA,2091,13316,NA,NA,TRUE,1454,1454,872,"Ricoh Manresa","Ricoh Manresa","MAN",1448,1205,"Alta Gestión Fuenlabrada","Alta Gestión F.","AGF",1,85,12000,11,27,40.74,12,27,44.44,28,35,80,23,6,29,13,12,12,0,5,2,1,21,29,100,0,0,0,1,0,85,79,0,NA,0,0,0,0,0,0,0
1425570,1,"Liga Nacional","Liga Endesa",-402534000,NA,"https://www.acb.com/Documentos/Cabeceras/logo-competicion-1b.png","https://www.acb.com/Documentos/Cabeceras/logo-competicion-4a.png",73,2008,107,NA,NA,2091,13315,NA,NA,FALSE,1443,1455,893,"ViveMenorca","ViveMenorca","MEN",1443,118,"Regal FC Barcelona","Regal FCB","FCB",1,75,12000,4,14,28.57,28,46,60.87,7,8,87.5,31,7,38,15,8,16,0,4,1,7,22,17,89,0,0,0,1,0,75,61,0,NA,0,0,0,0,0,0,0
1425569,1,"Liga Nacional","Liga Endesa",-402534000,NA,"https://www.acb.com/Documentos/Cabeceras/logo-competicion-1b.png","https://www.acb.com/Documentos/Cabeceras/logo-competicion-4a.png",73,2008,107,NA,NA,2091,13315,NA,NA,TRUE,1455,1455,893,"ViveMenorca","ViveMenorca","MEN",1443,118,"Regal FC Barcelona","Regal FCB","FCB",1,61,12000,7,21,33.33,12,35,34.29,16,19,84.21,21,6,27,10,12,15,0,1,4,1,17,22,57,0,0,1,0,0,61,75,0,NA,0,0,0,0,0,0,0
1425623,1,"Liga Nacional","Liga Endesa",-402534000,NA,"https://www.acb.com/Documentos/Cabeceras/logo-competicion-1b.png","https://www.acb.com/Documentos/Cabeceras/logo-competicion-4a.png",73,2008,107,NA,NA,2091,13317,NA,NA,TRUE,1458,1458,1078,"Unicaja","Unicaja","UNI",1452,1160,"CAI Zaragoza","CAI Zaragoza","CAI",1,102,12000,15,24,62.5,19,35,54.29,19,26,73.08,21,9,30,24,12,16,0,5,5,3,21,24,123,0,0,0,1,0,102,77,0,NA,0,0,0,0,0,0,0
1425624,1,"Liga Nacional","Liga Endesa",-402534000,NA,"https://www.acb.com/Documentos/Cabeceras/logo-competicion-1b.png","https://www.acb.com/Documentos/Cabeceras/logo-competicion-4a.png",73,2008,107,NA,NA,2091,13317,NA,NA,FALSE,1452,1458,1078,"Unicaja","Unicaja","UNI",1452,1160,"CAI Zaragoza","CAI Zaragoza","CAI",1,77,12000,8,25,32,20,46,43.48,13,15,86.67,18,20,38,8,16,20,0,5,5,2,24,21,71,0,0,1,0,0,77,102,0,NA,0,0,0,0,0,0,0
1425678,1,"Liga Nacional","Liga Endesa",-402534000,NA,"https://www.acb.com/Documentos/Cabeceras/logo-competicion-1b.png","https://www.acb.com/Documentos/Cabeceras/logo-competicion-4a.png",73,2008,107,NA,NA,2091,13319,NA,NA,TRUE,1449,1449,508,"Bruesa GBC","Bruesa GBC","GBC",1457,975,"Pamesa Valencia","Pamesa Valencia","PAM",1,70,12000,6,17,35,18,36,50,16,20,80,26,11,37,16,6,19,0,3,1,2,24,21,76,0,0,0,11,0,70,65,0,0,0,0,0,0,0,0,0
1425679,1,"Liga Nacional","Liga Endesa",-402534000,NA,"https://www.acb.com/Documentos/Cabeceras/logo-competicion-1b.png","https://www.acb.com/Documentos/Cabeceras/logo-competicion-4a.png",73,2008,107,NA,NA,2091,13319,NA,NA,FALSE,1457,1449,508,"Bruesa GBC","Bruesa GBC","GBC",1457,975,"Pamesa Valencia","Pamesa Valencia","PAM",1,65,12000,5,18,27.78,17,35,48.57,16,22,72.73,19,6,25,9,10,14,0,1,3,1,21,24,59,0,0,1,0,0,65,70,0,NA,0,0,0,0,0,0,0
1425705,1,"Liga Nacional","Liga Endesa",-402534000,NA,"https://www.acb.com/Documentos/Cabeceras/logo-competicion-1b.png","https://www.acb.com/Documentos/Cabeceras/logo-competicion-4a.png",73,2008,107,NA,NA,2091,13320,NA,NA,FALSE,1456,1453,775,"Real Madrid","Real Madrid","RMB",1456,912,"CB Murcia","CB Murcia","MUR",1,61,12000,6,15,40,17,31,54.84,9,11,81.82,28,4,32,12,9,26,0,5,5,3,19,16,60,0,0,1,0,0,61,70,0,NA,0,0,0,0,0,0,0
1425704,1,"Liga Nacional","Liga Endesa",-402534000,NA,"https://www.acb.com/Documentos/Cabeceras/logo-competicion-1b.png","https://www.acb.com/Documentos/Cabeceras/logo-competicion-4a.png",73,2008,107,NA,NA,2091,13320,NA,NA,TRUE,1453,1453,775,"Real Madrid","Real Madrid","RMB",1456,912,"CB Murcia","CB Murcia","MUR",1,70,12000,4,22,18.18,21,42,50,16,19,84.21,19,11,30,18,17,13,0,5,5,5,16,19,83,0,0,0,1,0,70,61,0,NA,0,0,0,0,0,0,0
1425729,1,"Liga Nacional","Liga Endesa",-402534000,NA,"https://www.acb.com/Documentos/Cabeceras/logo-competicion-1b.png","https://www.acb.com/Documentos/Cabeceras/logo-competicion-4a.png",73,2008,107,NA,NA,2091,13321,NA,NA,TRUE,1459,1459,1137,"Cajasol","Cajasol","CAJ",1451,639,"DKV Joventut","DKV Joventut","DKV",1,66,12000,5,19,26.32,16,34,47.06,19,23,82.61,24,11,35,9,13,21,0,0,3,3,16,24,71,0,0,1,0,0,66,77,0,NA,0,0,0,0,0,0,0
1425730,1,"Liga Nacional","Liga Endesa",-402534000,NA,"https://www.acb.com/Documentos/Cabeceras/logo-competicion-1b.png","https://www.acb.com/Documentos/Cabeceras/logo-competicion-4a.png",73,2008,107,NA,NA,2091,13321,NA,NA,FALSE,1451,1459,1137,"Cajasol","Cajasol","CAJ",1451,639,"DKV Joventut","DKV Joventut","DKV",1,77,12000,9,27,33.33,18,31,58.06,14,15,93.33,21,8,29,21,12,16,0,3,0,0,24,16,86,0,0,0,1,0,77,66,0,NA,0,0,0,0,0,0,0
1425757,1,"Liga Nacional","Liga Endesa",-402534000,NA,"https://www.acb.com/Documentos/Cabeceras/logo-competicion-1b.png","https://www.acb.com/Documentos/Cabeceras/logo-competicion-4a.png",73,2008,107,NA,NA,2091,13322,NA,NA,FALSE,1445,1444,234,"TAU Cerámica","TAU Cerámica","TAU",1445,289,"iurbentia Bilbao Basket","iurbentia BB","IBB",1,79,12000,9,31,29.03,18,37,48.65,16,17,94.12,16,13,29,14,6,14,0,2,4,0,23,21,68,0,0,1,0,0,79,97,0,NA,0,0,0,0,0,0,0
1425756,1,"Liga Nacional","Liga Endesa",-402534000,NA,"https://www.acb.com/Documentos/Cabeceras/logo-competicion-1b.png","https://www.acb.com/Documentos/Cabeceras/logo-competicion-4a.png",73,2008,107,NA,NA,2091,13322,NA,NA,TRUE,1444,1444,234,"TAU Cerámica","TAU Cerámica","TAU",1445,289,"iurbentia Bilbao Basket","iurbentia BB","IBB",1,97,12000,9,22,40.91,26,36,72.22,18,24,75,22,7,29,15,8,11,0,4,2,7,21,23,113,0,0,0,1,0,97,79,0,NA,0,0,0,0,0,0,0
1425650,1,"Liga Nacional","Liga Endesa",-402534000,NA,"https://www.acb.com/Documentos/Cabeceras/logo-competicion-1b.png","https://www.acb.com/Documentos/Cabeceras/logo-competicion-4a.png",73,2008,107,NA,NA,2091,13318,NA,NA,TRUE,1450,1450,11,"CB Granada","CB Granada","GRA",1446,346,"Kalise Gran Canaria","Kalise GC","GCA",1,82,12000,6,18,33.33,23,38,60.53,18,21,85.71,22,9,31,15,6,13,0,3,0,2,13,20,101,0,0,0,1,0,82,76,0,NA,0,0,0,0,0,0,0
1425651,1,"Liga Nacional","Liga Endesa",-402534000,NA,"https://www.acb.com/Documentos/Cabeceras/logo-competicion-1b.png","https://www.acb.com/Documentos/Cabeceras/logo-competicion-4a.png",73,2008,107,NA,NA,2091,13318,NA,NA,FALSE,1446,1450,11,"CB Granada","CB Granada","GRA",1446,346,"Kalise Gran Canaria","Kalise GC","GCA",1,76,12000,6,18,33.33,24,36,66.67,10,14,71.43,18,5,23,13,9,13,0,0,3,3,20,13,70,0,0,1,0,0,76,82,0,NA,0,0,0,0,0,0,0
1425782,1,"Liga Nacional","Liga Endesa",-402534000,NA,"https://www.acb.com/Documentos/Cabeceras/logo-competicion-1b.png","https://www.acb.com/Documentos/Cabeceras/logo-competicion-4a.png",73,2008,107,NA,NA,2092,13323,NA,NA,FALSE,1451,1457,975,"Pamesa Valencia","Pamesa Valencia","PAM",1451,639,"DKV Joventut","DKV Joventut","DKV",1,97,12000,14,31,45.16,20,35,57.14,15,18,83.33,25,13,38,27,6,12,0,2,2,4,24,20,117,0,0,0,1,0,97,80,0,NA,0,0,0,0,0,0,0
1425781,1,"Liga Nacional","Liga Endesa",-402534000,NA,"https://www.acb.com/Documentos/Cabeceras/logo-competicion-1b.png","https://www.acb.com/Documentos/Cabeceras/logo-competicion-4a.png",73,2008,107,NA,NA,2092,13323,NA,NA,TRUE,1457,1457,975,"Pamesa Valencia","Pamesa Valencia","PAM",1451,639,"DKV Joventut","DKV Joventut","DKV",1,80,12000,12,28,42.86,14,36,38.89,16,23,69.57,19,13,32,13,8,10,0,2,2,0,20,24,82,0,0,1,0,0,80,97,0,NA,0,0,0,0,0,0,0
1425809,1,"Liga Nacional","Liga Endesa",-402534000,NA,"https://www.acb.com/Documentos/Cabeceras/logo-competicion-1b.png","https://www.acb.com/Documentos/Cabeceras/logo-competicion-4a.png",73,2008,107,NA,NA,2092,13324,NA,NA,TRUE,1446,1446,346,"Kalise Gran Canaria","Kalise GC","GCA",1445,289,"iurbentia Bilbao Basket","iurbentia BB","IBB",1,99,12000,11,23,47,20,30,66,26,31,83,15,8,23,21,11,13,0,3,1,1,23,25,118,0,0,0,10,0,1287,80,0,0,0,0,0,0,0,0,0
1425810,1,"Liga Nacional","Liga Endesa",-402534000,NA,"https://www.acb.com/Documentos/Cabeceras/logo-competicion-1b.png","https://www.acb.com/Documentos/Cabeceras/logo-competicion-4a.png",73,2008,107,NA,NA,2092,13324,NA,NA,FALSE,1445,1446,346,"Kalise Gran Canaria","Kalise GC","GCA",1445,289,"iurbentia Bilbao Basket","iurbentia BB","IBB",1,80,12000,10,18,55.56,19,40,47.5,12,16,75,15,10,25,14,10,20,0,1,3,0,25,23,72,0,0,1,0,0,80,99,0,NA,0,0,0,0,0,0,0
1425862,1,"Liga Nacional","Liga Endesa",-402534000,NA,"https://www.acb.com/Documentos/Cabeceras/logo-competicion-1b.png","https://www.acb.com/Documentos/Cabeceras/logo-competicion-4a.png",73,2008,107,NA,NA,2092,13326,NA,NA,TRUE,1448,1448,1205,"Alta Gestión Fuenlabrada","Alta Gestión F.","AGF",1459,1137,"Cajasol","Cajasol","CAJ",1,84,12000,12,30,40,15,27,55.56,18,20,90,30,6,36,15,4,15,0,0,0,2,20,18,90,0,0,0,1,0,84,79,0,NA,0,0,0,0,0,0,0
1425863,1,"Liga Nacional","Liga Endesa",-402534000,NA,"https://www.acb.com/Documentos/Cabeceras/logo-competicion-1b.png","https://www.acb.com/Documentos/Cabeceras/logo-competicion-4a.png",73,2008,107,NA,NA,2092,13326,NA,NA,FALSE,1459,1448,1205,"Alta Gestión Fuenlabrada","Alta Gestión F.","AGF",1459,1137,"Cajasol","Cajasol","CAJ",1,79,12000,9,27,33.33,19,40,47.5,14,16,87.5,24,10,34,13,9,10,0,0,0,5,18,20,86,0,0,1,0,0,79,84,0,NA,0,0,0,0,0,0,0
1425943,1,"Liga Nacional","Liga Endesa",-402534000,NA,"https://www.acb.com/Documentos/Cabeceras/logo-competicion-1b.png","https://www.acb.com/Documentos/Cabeceras/logo-competicion-4a.png",73,2008,107,NA,NA,2092,13329,NA,NA,TRUE,1455,1455,893,"ViveMenorca","ViveMenorca","MEN",1450,11,"CB Granada","CB Granada","GRA",1,78,12000,9,23,39.13,18,36,50,15,21,71.43,25,8,33,9,8,10,0,2,8,1,19,20,75,0,0,0,1,0,78,74,0,NA,0,0,0,0,0,0,0
1425944,1,"Liga Nacional","Liga Endesa",-402534000,NA,"https://www.acb.com/Documentos/Cabeceras/logo-competicion-1b.png","https://www.acb.com/Documentos/Cabeceras/logo-competicion-4a.png",73,2008,107,NA,NA,2092,13329,NA,NA,FALSE,1450,1455,893,"ViveMenorca","ViveMenorca","MEN",1450,11,"CB Granada","CB Granada","GRA",1,74,12000,5,18,27.78,26,45,57.78,7,9,77.78,27,8,35,9,5,12,0,8,2,5,20,19,82,0,0,1,0,0,74,78,0,NA,0,0,0,0,0,0,0
1425970,1,"Liga Nacional","Liga Endesa",-402534000,NA,"https://www.acb.com/Documentos/Cabeceras/logo-competicion-1b.png","https://www.acb.com/Documentos/Cabeceras/logo-competicion-4a.png",73,2008,107,NA,NA,2092,13330,NA,NA,TRUE,1454,1454,872,"Ricoh Manresa","Ricoh Manresa","MAN",1458,1078,"Unicaja","Unicaja","UNI",1,81,12000,8,19,42.11,23,36,63.89,11,14,78.57,16,8,24,18,10,20,0,2,3,6,19,21,87,0,0,0,1,0,81,75,0,NA,0,0,0,0,0,0,0
1425971,1,"Liga Nacional","Liga Endesa",-402534000,NA,"https://www.acb.com/Documentos/Cabeceras/logo-competicion-1b.png","https://www.acb.com/Documentos/Cabeceras/logo-competicion-4a.png",73,2008,107,NA,NA,2092,13330,NA,NA,FALSE,1458,1454,872,"Ricoh Manresa","Ricoh Manresa","MAN",1458,1078,"Unicaja","Unicaja","UNI",1,75,12000,11,26,42.31,16,26,61.54,10,20,50,16,11,27,20,12,23,0,3,2,5,21,19,75,0,0,1,0,0,75,81,0,NA,0,0,0,0,0,0,0
1425836,1,"Liga Nacional","Liga Endesa",-402534000,NA,"https://www.acb.com/Documentos/Cabeceras/logo-competicion-1b.png","https://www.acb.com/Documentos/Cabeceras/logo-competicion-4a.png",73,2008,107,NA,NA,2092,13325,NA,NA,TRUE,1452,1452,1160,"CAI Zaragoza","CAI Zaragoza","CAI",1444,234,"TAU Cerámica","TAU Cerámica","TAU",1,84,12000,11,26,42.31,15,29,51.72,21,27,77.78,19,9,28,13,11,20,0,3,0,1,25,26,85,0,0,1,0,0,84,94,0,NA,0,0,0,0,0,0,0
1425837,1,"Liga Nacional","Liga Endesa",-402534000,NA,"https://www.acb.com/Documentos/Cabeceras/logo-competicion-1b.png","https://www.acb.com/Documentos/Cabeceras/logo-competicion-4a.png",73,2008,107,NA,NA,2092,13325,NA,NA,FALSE,1444,1452,1160,"CAI Zaragoza","CAI Zaragoza","CAI",1444,234,"TAU Cerámica","TAU Cerámica","TAU",1,94,12000,6,22,27.27,25,46,54.35,26,31,83.87,17,19,36,19,16,14,0,0,3,4,26,25,105,0,0,0,1,0,94,84,0,NA,0,0,0,0,0,0,0
1425890,1,"Liga Nacional","Liga Endesa",-402534000,NA,"https://www.acb.com/Documentos/Cabeceras/logo-competicion-1b.png","https://www.acb.com/Documentos/Cabeceras/logo-competicion-4a.png",73,2008,107,NA,NA,2092,13327,NA,NA,FALSE,1453,1443,118,"Regal FC Barcelona","Regal FCB","FCB",1453,775,"Real Madrid","Real Madrid","RMB",1,67,12000,7,21,33.33,21,47,44.68,4,8,50,13,14,27,15,9,10,0,3,6,0,16,20,65,0,0,1,0,0,67,87,0,NA,0,0,0,0,0,0,0
1425889,1,"Liga Nacional","Liga Endesa",-402534000,NA,"https://www.acb.com/Documentos/Cabeceras/logo-competicion-1b.png","https://www.acb.com/Documentos/Cabeceras/logo-competicion-4a.png",73,2008,107,NA,NA,2092,13327,NA,NA,TRUE,1443,1443,118,"Regal FC Barcelona","Regal FCB","FCB",1453,775,"Real Madrid","Real Madrid","RMB",1,87,12000,10,16,62.5,23,36,63.89,11,12,91.67,25,6,31,20,6,14,0,6,3,3,20,16,109,0,0,0,1,0,87,67,0,NA,0,0,0,0,0,0,0
1425917,1,"Liga Nacional","Liga Endesa",-402534000,NA,"https://www.acb.com/Documentos/Cabeceras/logo-competicion-1b.png","https://www.acb.com/Documentos/Cabeceras/logo-competicion-4a.png",73,2008,107,NA,NA,2092,13328,NA,NA,TRUE,1447,1447,472,"MMT Estudiantes","MMT Estudiantes","MMT",1449,508,"Bruesa GBC","Bruesa GBC","GBC",1,71,12000,3,16,18.75,27,46,58.7,8,13,61.54,22,12,34,9,4,16,0,1,3,1,24,19,58,0,0,1,0,0,71,77,0,NA,0,0,0,0,0,0,0
1425918,1,"Liga Nacional","Liga Endesa",-402534000,NA,"https://www.acb.com/Documentos/Cabeceras/logo-competicion-1b.png","https://www.acb.com/Documentos/Cabeceras/logo-competicion-4a.png",73,2008,107,NA,NA,2092,13328,NA,NA,FALSE,1449,1447,472,"MMT Estudiantes","MMT Estudiantes","MMT",1449,508,"Bruesa GBC","Bruesa GBC","GBC",1,77,12000,8,24,33,18,29,62,17,23,73,21,3,24,11,11,12,0,3,1,3,19,24,85,0,0,0,11,0,77,71,0,0,0,0,0,0,0,0,0
1426130,1,"Liga Nacional","Liga Endesa",-402534000,NA,"https://www.acb.com/Documentos/Cabeceras/logo-competicion-1b.png","https://www.acb.com/Documentos/Cabeceras/logo-competicion-4a.png",73,2008,107,NA,NA,2093,13336,NA,NA,FALSE,1448,1451,639,"DKV Joventut","DKV Joventut","DKV",1448,1205,"Alta Gestión Fuenlabrada","Alta Gestión F.","AGF",1,84,12000,14,29,48.28,13,24,54.17,16,18,88.89,26,7,33,21,3,19,0,2,2,1,18,21,97,0,0,1,0,0,84,86,0,NA,0,0,0,0,0,0,0
1426129,1,"Liga Nacional","Liga Endesa",-402534000,NA,"https://www.acb.com/Documentos/Cabeceras/logo-competicion-1b.png","https://www.acb.com/Documentos/Cabeceras/logo-competicion-4a.png",73,2008,107,NA,NA,2093,13336,NA,NA,TRUE,1451,1451,639,"DKV Joventut","DKV Joventut","DKV",1448,1205,"Alta Gestión Fuenlabrada","Alta Gestión F.","AGF",1,86,12000,12,31,38.71,19,35,54.29,12,15,80,20,8,28,17,11,8,0,2,2,2,21,18,93,0,0,0,1,0,86,84,0,NA,0,0,0,0,0,0,0
1425998,1,"Liga Nacional","Liga Endesa",-402534000,NA,"https://www.acb.com/Documentos/Cabeceras/logo-competicion-1b.png","https://www.acb.com/Documentos/Cabeceras/logo-competicion-4a.png",73,2008,107,NA,NA,2093,13331,NA,NA,TRUE,1449,1449,508,"Bruesa GBC","Bruesa GBC","GBC",1458,1078,"Unicaja","Unicaja","UNI",1,82,13500,7,25,28,16,41,39,29,38,76,26,13,39,13,13,14,0,1,1,1,24,31,88,0,0,0,11,0,82,81,0,0,0,0,0,0,0,0,0
1425999,1,"Liga Nacional","Liga Endesa",-402534000,NA,"https://www.acb.com/Documentos/Cabeceras/logo-competicion-1b.png","https://www.acb.com/Documentos/Cabeceras/logo-competicion-4a.png",73,2008,107,NA,NA,2093,13331,NA,NA,FALSE,1458,1449,508,"Bruesa GBC","Bruesa GBC","GBC",1458,1078,"Unicaja","Unicaja","UNI",1,81,13500,3,19,15.79,27,40,67.5,18,23,78.26,33,8,41,9,7,22,0,1,1,4,31,24,75,0,0,1,0,0,81,82,0,NA,0,0,0,0,0,0,0
1426076,1,"Liga Nacional","Liga Endesa",-402534000,NA,"https://www.acb.com/Documentos/Cabeceras/logo-competicion-1b.png","https://www.acb.com/Documentos/Cabeceras/logo-competicion-4a.png",73,2008,107,NA,NA,2093,13334,NA,NA,TRUE,1444,1444,234,"TAU Cerámica","TAU Cerámica","TAU",1447,472,"MMT Estudiantes","MMT Estudiantes","MMT",1,100,12000,12,27,44.44,25,40,62.5,14,20,70,19,14,33,14,11,11,0,2,1,5,18,22,116,0,0,0,1,0,100,81,0,NA,0,0,0,0,0,0,0
1426077,1,"Liga Nacional","Liga Endesa",-402534000,NA,"https://www.acb.com/Documentos/Cabeceras/logo-competicion-1b.png","https://www.acb.com/Documentos/Cabeceras/logo-competicion-4a.png",73,2008,107,NA,NA,2093,13334,NA,NA,FALSE,1447,1444,234,"TAU Cerámica","TAU Cerámica","TAU",1447,472,"MMT Estudiantes","MMT Estudiantes","MMT",1,81,12000,9,20,45,20,36,55.56,14,19,73.68,18,8,26,15,8,18,0,1,2,0,22,18,75,0,0,1,0,0,81,100,0,NA,0,0,0,0,0,0,0
1426023,1,"Liga Nacional","Liga Endesa",-402534000,NA,"https://www.acb.com/Documentos/Cabeceras/logo-competicion-1b.png","https://www.acb.com/Documentos/Cabeceras/logo-competicion-4a.png",73,2008,107,NA,NA,2093,13332,NA,NA,TRUE,1453,1453,775,"Real Madrid","Real Madrid","RMB",1454,872,"Ricoh Manresa","Ricoh Manresa","MAN",1,83,12000,1,18,5.56,34,50,68,12,17,70.59,24,17,41,14,14,15,0,3,2,4,17,20,103,0,0,0,1,0,83,56,0,NA,0,0,0,0,0,0,0
1426024,1,"Liga Nacional","Liga Endesa",-402534000,NA,"https://www.acb.com/Documentos/Cabeceras/logo-competicion-1b.png","https://www.acb.com/Documentos/Cabeceras/logo-competicion-4a.png",73,2008,107,NA,NA,2093,13332,NA,NA,FALSE,1454,1453,775,"Real Madrid","Real Madrid","RMB",1454,872,"Ricoh Manresa","Ricoh Manresa","MAN",1,56,12000,7,18,38.89,12,32,37.5,11,15,73.33,16,8,24,8,10,24,0,2,3,3,20,17,35,0,0,1,0,0,56,83,0,NA,0,0,0,0,0,0,0
1426049,1,"Liga Nacional","Liga Endesa",-402534000,NA,"https://www.acb.com/Documentos/Cabeceras/logo-competicion-1b.png","https://www.acb.com/Documentos/Cabeceras/logo-competicion-4a.png",73,2008,107,NA,NA,2093,13333,NA,NA,TRUE,1459,1459,1137,"Cajasol","Cajasol","CAJ",1455,893,"ViveMenorca","ViveMenorca","MEN",1,74,12000,9,24,37.5,18,30,60,11,18,61.11,23,4,27,12,9,10,0,5,1,1,21,21,82,0,0,0,1,0,74,69,0,NA,0,0,0,0,0,0,0
1426050,1,"Liga Nacional","Liga Endesa",-402534000,NA,"https://www.acb.com/Documentos/Cabeceras/logo-competicion-1b.png","https://www.acb.com/Documentos/Cabeceras/logo-competicion-4a.png",73,2008,107,NA,NA,2093,13333,NA,NA,FALSE,1455,1459,1137,"Cajasol","Cajasol","CAJ",1455,893,"ViveMenorca","ViveMenorca","MEN",1,69,12000,8,21,38.1,17,42,40.48,11,16,68.75,24,15,39,5,3,13,0,1,5,0,21,21,56,0,0,1,0,0,69,74,0,NA,0,0,0,0,0,0,0
1426103,1,"Liga Nacional","Liga Endesa",-402534000,NA,"https://www.acb.com/Documentos/Cabeceras/logo-competicion-1b.png","https://www.acb.com/Documentos/Cabeceras/logo-competicion-4a.png",73,2008,107,NA,NA,2093,13335,NA,NA,TRUE,1445,1445,289,"iurbentia Bilbao Basket","iurbentia BB","IBB",1443,118,"Regal FC Barcelona","Regal FCB","FCB",1,59,12000,5,18,27,18,44,40,8,11,72,25,11,36,7,6,9,0,1,3,0,18,17,54,0,0,12,0,0,59,66,0,0,0,0,0,0,0,0,0
1426104,1,"Liga Nacional","Liga Endesa",-402534000,NA,"https://www.acb.com/Documentos/Cabeceras/logo-competicion-1b.png","https://www.acb.com/Documentos/Cabeceras/logo-competicion-4a.png",73,2008,107,NA,NA,2093,13335,NA,NA,FALSE,1443,1445,289,"iurbentia Bilbao Basket","iurbentia BB","IBB",1443,118,"Regal FC Barcelona","Regal FCB","FCB",1,66,12000,9,29,31.03,15,32,46.88,9,13,69.23,31,14,45,12,7,10,0,3,1,4,17,18,82,0,0,0,1,0,66,59,0,NA,0,0,0,0,0,0,0
1426157,1,"Liga Nacional","Liga Endesa",-402534000,NA,"https://www.acb.com/Documentos/Cabeceras/logo-competicion-1b.png","https://www.acb.com/Documentos/Cabeceras/logo-competicion-4a.png",73,2008,107,NA,NA,2093,13337,NA,NA,FALSE,1452,1456,912,"CB Murcia","CB Murcia","MUR",1452,1160,"CAI Zaragoza","CAI Zaragoza","CAI",1,82,12000,5,22,22.73,21,49,42.86,25,28,89.29,16,13,29,11,13,10,0,2,8,0,30,25,66,0,0,1,0,0,82,91,0,NA,0,0,0,0,0,0,0
1426156,1,"Liga Nacional","Liga Endesa",-402534000,NA,"https://www.acb.com/Documentos/Cabeceras/logo-competicion-1b.png","https://www.acb.com/Documentos/Cabeceras/logo-competicion-4a.png",73,2008,107,NA,NA,2093,13337,NA,NA,TRUE,1456,1456,912,"CB Murcia","CB Murcia","MUR",1452,1160,"CAI Zaragoza","CAI Zaragoza","CAI",1,91,12000,8,20,40,21,31,67.74,25,37,67.57,33,9,42,22,6,22,0,8,2,2,25,30,116,0,0,0,1,0,91,82,0,NA,0,0,0,0,0,0,0
1426184,1,"Liga Nacional","Liga Endesa",-402534000,NA,"https://www.acb.com/Documentos/Cabeceras/logo-competicion-1b.png","https://www.acb.com/Documentos/Cabeceras/logo-competicion-4a.png",73,2008,107,NA,NA,2093,13338,NA,NA,TRUE,1457,1457,975,"Pamesa Valencia","Pamesa Valencia","PAM",1446,346,"Kalise Gran Canaria","Kalise GC","GCA",1,79,12000,7,17,41.18,23,40,57.5,12,14,85.71,16,10,26,14,9,17,0,1,4,2,20,16,75,0,0,0,1,0,79,77,0,NA,0,0,0,0,0,0,0
1426185,1,"Liga Nacional","Liga Endesa",-402534000,NA,"https://www.acb.com/Documentos/Cabeceras/logo-competicion-1b.png","https://www.acb.com/Documentos/Cabeceras/logo-competicion-4a.png",73,2008,107,NA,NA,2093,13338,NA,NA,FALSE,1446,1457,975,"Pamesa Valencia","Pamesa Valencia","PAM",1446,346,"Kalise Gran Canaria","Kalise GC","GCA",1,77,12000,7,15,46,24,41,58,8,12,66,14,8,22,17,14,17,0,4,1,2,16,20,91,0,0,11,0,0,77,79,0,0,0,0,0,0,0,0,0
1426375,1,"Liga Nacional","Liga Endesa",-402534000,NA,"https://www.acb.com/Documentos/Cabeceras/logo-competicion-1b.png","https://www.acb.com/Documentos/Cabeceras/logo-competicion-4a.png",73,2008,107,NA,NA,2094,13345,NA,NA,FALSE,1449,1454,872,"Ricoh Manresa","Ricoh Manresa","MAN",1449,508,"Bruesa GBC","Bruesa GBC","GBC",1,62,12000,6,30,20,15,33,45,14,25,56,15,18,33,12,16,19,0,2,6,0,24,23,46,0,0,11,0,0,62,80,0,0,0,0,0,0,0,0,0
1426374,1,"Liga Nacional","Liga Endesa",-402534000,NA,"https://www.acb.com/Documentos/Cabeceras/logo-competicion-1b.png","https://www.acb.com/Documentos/Cabeceras/logo-competicion-4a.png",73,2008,107,NA,NA,2094,13345,NA,NA,TRUE,1454,1454,872,"Ricoh Manresa","Ricoh Manresa","MAN",1449,508,"Bruesa GBC","Bruesa GBC","GBC",1,80,12000,3,10,30,23,41,56.1,25,27,92.59,29,9,38,12,12,21,0,6,2,7,23,24,99,0,0,0,1,0,80,62,0,NA,0,0,0,0,0,0,0
1426319,1,"Liga Nacional","Liga Endesa",-402534000,NA,"https://www.acb.com/Documentos/Cabeceras/logo-competicion-1b.png","https://www.acb.com/Documentos/Cabeceras/logo-competicion-4a.png",73,2008,107,NA,NA,2094,13343,NA,NA,TRUE,1447,1447,472,"MMT Estudiantes","MMT Estudiantes","MMT",1459,1137,"Cajasol","Cajasol","CAJ",1,96,12000,13,22,59.09,24,38,63.16,9,10,90,23,9,32,23,6,17,0,7,3,1,17,16,119,0,0,0,1,0,96,74,0,NA,0,0,0,0,0,0,0
1426320,1,"Liga Nacional","Liga Endesa",-402534000,NA,"https://www.acb.com/Documentos/Cabeceras/logo-competicion-1b.png","https://www.acb.com/Documentos/Cabeceras/logo-competicion-4a.png",73,2008,107,NA,NA,2094,13343,NA,NA,FALSE,1459,1447,472,"MMT Estudiantes","MMT Estudiantes","MMT",1459,1137,"Cajasol","Cajasol","CAJ",1,74,12000,11,24,45.83,14,33,42.42,13,14,92.86,13,9,22,18,9,17,0,3,7,2,16,17,70,0,0,1,0,0,74,96,0,NA,0,0,0,0,0,0,0
1426213,1,"Liga Nacional","Liga Endesa",-402534000,NA,"https://www.acb.com/Documentos/Cabeceras/logo-competicion-1b.png","https://www.acb.com/Documentos/Cabeceras/logo-competicion-4a.png",73,2008,107,NA,NA,2094,13339,NA,NA,FALSE,1456,1446,346,"Kalise Gran Canaria","Kalise GC","GCA",1456,912,"CB Murcia","CB Murcia","MUR",1,64,12000,9,19,47.37,14,35,40,9,13,69.23,18,7,25,12,8,17,0,3,2,0,22,18,54,0,0,1,0,0,64,87,0,NA,0,0,0,0,0,0,0
1426212,1,"Liga Nacional","Liga Endesa",-402534000,NA,"https://www.acb.com/Documentos/Cabeceras/logo-competicion-1b.png","https://www.acb.com/Documentos/Cabeceras/logo-competicion-4a.png",73,2008,107,NA,NA,2094,13339,NA,NA,TRUE,1446,1446,346,"Kalise Gran Canaria","Kalise GC","GCA",1456,912,"CB Murcia","CB Murcia","MUR",1,87,12000,10,21,47,23,37,62,11,17,64,24,10,34,17,9,15,0,2,3,4,18,22,104,0,0,0,10,0,87,64,0,0,0,0,0,0,0,0,0
1426239,1,"Liga Nacional","Liga Endesa",-402534000,NA,"https://www.acb.com/Documentos/Cabeceras/logo-competicion-1b.png","https://www.acb.com/Documentos/Cabeceras/logo-competicion-4a.png",73,2008,107,NA,NA,2094,13340,NA,NA,TRUE,1452,1452,1160,"CAI Zaragoza","CAI Zaragoza","CAI",1451,639,"DKV Joventut","DKV Joventut","DKV",1,84,12000,7,24,29.17,16,39,41.03,31,36,86.11,18,16,34,12,15,17,0,1,3,1,24,29,86,0,0,1,0,0,84,87,0,NA,0,0,0,0,0,0,0
1426240,1,"Liga Nacional","Liga Endesa",-402534000,NA,"https://www.acb.com/Documentos/Cabeceras/logo-competicion-1b.png","https://www.acb.com/Documentos/Cabeceras/logo-competicion-4a.png",73,2008,107,NA,NA,2094,13340,NA,NA,FALSE,1451,1452,1160,"CAI Zaragoza","CAI Zaragoza","CAI",1451,639,"DKV Joventut","DKV Joventut","DKV",1,87,12000,5,19,26.32,29,49,59.18,14,20,70,21,17,38,17,12,18,0,3,1,5,29,24,93,0,0,0,1,0,87,84,0,NA,0,0,0,0,0,0,0
1426345,1,"Liga Nacional","Liga Endesa",-402534000,NA,"https://www.acb.com/Documentos/Cabeceras/logo-competicion-1b.png","https://www.acb.com/Documentos/Cabeceras/logo-competicion-4a.png",73,2008,107,NA,NA,2094,13344,NA,NA,TRUE,1455,1455,893,"ViveMenorca","ViveMenorca","MEN",1453,775,"Real Madrid","Real Madrid","RMB",1,65,12000,8,30,26.67,16,34,47.06,9,13,69.23,11,12,23,10,11,13,0,1,2,0,20,19,50,0,0,1,0,0,65,80,0,NA,0,0,0,0,0,0,0
1426346,1,"Liga Nacional","Liga Endesa",-402534000,NA,"https://www.acb.com/Documentos/Cabeceras/logo-competicion-1b.png","https://www.acb.com/Documentos/Cabeceras/logo-competicion-4a.png",73,2008,107,NA,NA,2094,13344,NA,NA,FALSE,1453,1455,893,"ViveMenorca","ViveMenorca","MEN",1453,775,"Real Madrid","Real Madrid","RMB",1,80,12000,5,14,35.71,27,41,65.85,11,14,78.57,27,12,39,13,7,18,0,2,1,3,19,20,97,0,0,0,1,0,80,65,0,NA,0,0,0,0,0,0,0
1426400,1,"Liga Nacional","Liga Endesa",-402534000,NA,"https://www.acb.com/Documentos/Cabeceras/logo-competicion-1b.png","https://www.acb.com/Documentos/Cabeceras/logo-competicion-4a.png",73,2008,107,NA,NA,2094,13346,NA,NA,TRUE,1458,1458,1078,"Unicaja","Unicaja","UNI",1450,11,"CB Granada","CB Granada","GRA",1,90,12000,12,24,50,21,41,51.22,12,21,57.14,25,14,39,18,11,11,0,1,4,4,21,25,107,0,0,0,1,0,90,66,0,NA,0,0,0,0,0,0,0
1426401,1,"Liga Nacional","Liga Endesa",-402534000,NA,"https://www.acb.com/Documentos/Cabeceras/logo-competicion-1b.png","https://www.acb.com/Documentos/Cabeceras/logo-competicion-4a.png",73,2008,107,NA,NA,2094,13346,NA,NA,FALSE,1450,1458,1078,"Unicaja","Unicaja","UNI",1450,11,"CB Granada","CB Granada","GRA",1,66,12000,5,21,23.81,19,37,51.35,13,21,61.9,23,9,32,9,8,16,0,4,1,1,25,21,56,0,0,1,0,0,66,90,0,NA,0,0,0,0,0,0,0
1426265,1,"Liga Nacional","Liga Endesa",-402534000,NA,"https://www.acb.com/Documentos/Cabeceras/logo-competicion-1b.png","https://www.acb.com/Documentos/Cabeceras/logo-competicion-4a.png",73,2008,107,NA,NA,2094,13341,NA,NA,TRUE,1448,1448,1205,"Alta Gestión Fuenlabrada","Alta Gestión F.","AGF",1445,289,"iurbentia Bilbao Basket","iurbentia BB","IBB",1,88,12000,9,24,37.5,20,28,71.43,21,28,75,25,5,30,14,11,12,0,3,0,4,27,25,102,0,0,0,1,0,88,86,0,NA,0,0,0,0,0,0,0
1426266,1,"Liga Nacional","Liga Endesa",-402534000,NA,"https://www.acb.com/Documentos/Cabeceras/logo-competicion-1b.png","https://www.acb.com/Documentos/Cabeceras/logo-competicion-4a.png",73,2008,107,NA,NA,2094,13341,NA,NA,FALSE,1445,1448,1205,"Alta Gestión Fuenlabrada","Alta Gestión F.","AGF",1445,289,"iurbentia Bilbao Basket","iurbentia BB","IBB",1,86,12000,12,30,40,15,34,44.12,20,27,74.07,19,15,34,13,8,14,0,0,3,0,25,27,82,0,0,1,0,0,86,88,0,NA,0,0,0,0,0,0,0
1426293,1,"Liga Nacional","Liga Endesa",-402534000,NA,"https://www.acb.com/Documentos/Cabeceras/logo-competicion-1b.png","https://www.acb.com/Documentos/Cabeceras/logo-competicion-4a.png",73,2008,107,NA,NA,2094,13342,NA,NA,TRUE,1443,1443,118,"Regal FC Barcelona","Regal FCB","FCB",1444,234,"TAU Cerámica","TAU Cerámica","TAU",1,70,12000,10,28,35.71,12,30,40,16,18,88.89,20,16,36,13,9,22,0,2,3,1,17,22,72,0,0,1,0,0,70,74,0,NA,0,0,0,0,0,0,0
1426294,1,"Liga Nacional","Liga Endesa",-402534000,NA,"https://www.acb.com/Documentos/Cabeceras/logo-competicion-1b.png","https://www.acb.com/Documentos/Cabeceras/logo-competicion-4a.png",73,2008,107,NA,NA,2094,13342,NA,NA,FALSE,1444,1443,118,"Regal FC Barcelona","Regal FCB","FCB",1444,234,"TAU Cerámica","TAU Cerámica","TAU",1,74,12000,8,25,32,20,29,68.97,10,12,83.33,20,5,25,14,9,16,0,3,2,0,22,17,74,0,0,0,1,0,74,70,0,NA,0,0,0,0,0,0,0
1426616,1,"Liga Nacional","Liga Endesa",-402534000,NA,"https://www.acb.com/Documentos/Cabeceras/logo-competicion-1b.png","https://www.acb.com/Documentos/Cabeceras/logo-competicion-4a.png",73,2008,107,NA,NA,2095,13354,NA,NA,FALSE,1456,1451,639,"DKV Joventut","DKV Joventut","DKV",1456,912,"CB Murcia","CB Murcia","MUR",1,70,12000,5,16,31.25,20,42,47.62,15,21,71.43,24,16,40,15,8,27,0,6,1,1,18,23,77,0,0,1,0,0,70,86,0,NA,0,0,0,0,0,0,0
1426615,1,"Liga Nacional","Liga Endesa",-402534000,NA,"https://www.acb.com/Documentos/Cabeceras/logo-competicion-1b.png","https://www.acb.com/Documentos/Cabeceras/logo-competicion-4a.png",73,2008,107,NA,NA,2095,13354,NA,NA,TRUE,1451,1451,639,"DKV Joventut","DKV Joventut","DKV",1456,912,"CB Murcia","CB Murcia","MUR",1,86,12000,10,24,41.67,21,39,53.85,14,15,93.33,17,8,25,26,14,15,0,1,6,4,23,18,93,0,0,0,1,0,86,70,0,NA,0,0,0,0,0,0,0
1426565,1,"Liga Nacional","Liga Endesa",-402534000,NA,"https://www.acb.com/Documentos/Cabeceras/logo-competicion-1b.png","https://www.acb.com/Documentos/Cabeceras/logo-competicion-4a.png",73,2008,107,NA,NA,2095,13352,NA,NA,FALSE,1446,1444,234,"TAU Cerámica","TAU Cerámica","TAU",1446,346,"Kalise Gran Canaria","Kalise GC","GCA",1,79,12000,12,26,46.15,18,38,47.37,7,14,50,18,13,31,16,4,19,0,6,1,0,20,20,75,0,0,1,0,0,79,105,0,NA,0,0,0,0,0,0,0
1426564,1,"Liga Nacional","Liga Endesa",-402534000,NA,"https://www.acb.com/Documentos/Cabeceras/logo-competicion-1b.png","https://www.acb.com/Documentos/Cabeceras/logo-competicion-4a.png",73,2008,107,NA,NA,2095,13352,NA,NA,TRUE,1444,1444,234,"TAU Cerámica","TAU Cerámica","TAU",1446,346,"Kalise Gran Canaria","Kalise GC","GCA",1,105,12000,10,18,55.56,29,48,60.42,17,20,85,22,8,30,20,14,9,0,1,6,6,20,20,125,0,0,0,1,0,105,79,0,NA,0,0,0,0,0,0,0
1426427,1,"Liga Nacional","Liga Endesa",-402534000,NA,"https://www.acb.com/Documentos/Cabeceras/logo-competicion-1b.png","https://www.acb.com/Documentos/Cabeceras/logo-competicion-4a.png",73,2008,107,NA,NA,2095,13347,NA,NA,TRUE,1458,1458,1078,"Unicaja","Unicaja","UNI",1455,893,"ViveMenorca","ViveMenorca","MEN",1,78,12000,6,18,33.33,20,32,62.5,20,28,71.43,26,5,31,17,13,18,0,4,2,2,21,27,97,0,0,0,1,0,78,53,0,NA,0,0,0,0,0,0,0
1426428,1,"Liga Nacional","Liga Endesa",-402534000,NA,"https://www.acb.com/Documentos/Cabeceras/logo-competicion-1b.png","https://www.acb.com/Documentos/Cabeceras/logo-competicion-4a.png",73,2008,107,NA,NA,2095,13347,NA,NA,FALSE,1455,1458,1078,"Unicaja","Unicaja","UNI",1455,893,"ViveMenorca","ViveMenorca","MEN",1,53,12000,7,23,30,12,34,35,8,11,72,21,11,32,9,13,25,0,2,4,0,27,21,33,0,0,11,0,0,53,78,0,0,0,0,0,0,0,0,0
1426455,1,"Liga Nacional","Liga Endesa",-402534000,NA,"https://www.acb.com/Documentos/Cabeceras/logo-competicion-1b.png","https://www.acb.com/Documentos/Cabeceras/logo-competicion-4a.png",73,2008,107,NA,NA,2095,13348,NA,NA,FALSE,1447,1450,11,"CB Granada","CB Granada","GRA",1447,472,"MMT Estudiantes","MMT Estudiantes","MMT",1,72,12000,7,23,30.43,21,33,63.64,9,15,60,25,5,30,23,15,16,0,1,3,0,18,18,88,0,0,0,1,0,72,53,0,NA,0,0,0,0,0,0,0
1426454,1,"Liga Nacional","Liga Endesa",-402534000,NA,"https://www.acb.com/Documentos/Cabeceras/logo-competicion-1b.png","https://www.acb.com/Documentos/Cabeceras/logo-competicion-4a.png",73,2008,107,NA,NA,2095,13348,NA,NA,TRUE,1450,1450,11,"CB Granada","CB Granada","GRA",1447,472,"MMT Estudiantes","MMT Estudiantes","MMT",1,53,12000,5,26,19.23,13,28,46.43,12,13,92.31,23,9,32,7,9,24,0,3,1,1,18,18,42,0,0,1,0,0,53,72,0,NA,0,0,0,0,0,0,0
1426483,1,"Liga Nacional","Liga Endesa",-402534000,NA,"https://www.acb.com/Documentos/Cabeceras/logo-competicion-1b.png","https://www.acb.com/Documentos/Cabeceras/logo-competicion-4a.png",73,2008,107,NA,NA,2095,13349,NA,NA,TRUE,1449,1449,508,"Bruesa GBC","Bruesa GBC","GBC",1443,118,"Regal FC Barcelona","Regal FCB","FCB",1,69,12000,7,18,38,15,37,40,18,24,75,24,10,34,12,11,19,0,4,2,0,17,23,76,0,0,11,0,0,69,76,0,0,0,0,0,0,0,0,0
1426484,1,"Liga Nacional","Liga Endesa",-402534000,NA,"https://www.acb.com/Documentos/Cabeceras/logo-competicion-1b.png","https://www.acb.com/Documentos/Cabeceras/logo-competicion-4a.png",73,2008,107,NA,NA,2095,13349,NA,NA,FALSE,1443,1449,508,"Bruesa GBC","Bruesa GBC","GBC",1443,118,"Regal FC Barcelona","Regal FCB","FCB",1,76,12000,7,20,35,22,45,48.89,11,14,78.57,26,13,39,13,15,18,0,2,4,3,23,17,78,0,0,0,1,0,76,69,0,NA,0,0,0,0,0,0,0
1426538,1,"Liga Nacional","Liga Endesa",-402534000,NA,"https://www.acb.com/Documentos/Cabeceras/logo-competicion-1b.png","https://www.acb.com/Documentos/Cabeceras/logo-competicion-4a.png",73,2008,107,NA,NA,2095,13351,NA,NA,FALSE,1452,1459,1137,"Cajasol","Cajasol","CAJ",1452,1160,"CAI Zaragoza","CAI Zaragoza","CAI",1,79,12000,11,27,40.74,17,37,45.95,12,16,75,24,11,35,13,13,13,0,2,2,0,18,21,90,0,0,0,1,0,79,75,0,NA,0,0,0,0,0,0,0
1426537,1,"Liga Nacional","Liga Endesa",-402534000,NA,"https://www.acb.com/Documentos/Cabeceras/logo-competicion-1b.png","https://www.acb.com/Documentos/Cabeceras/logo-competicion-4a.png",73,2008,107,NA,NA,2095,13351,NA,NA,TRUE,1459,1459,1137,"Cajasol","Cajasol","CAJ",1452,1160,"CAI Zaragoza","CAI Zaragoza","CAI",1,75,12000,10,29,34.48,15,33,45.45,15,17,88.24,27,13,40,15,9,18,0,2,2,3,21,18,79,0,0,1,0,0,75,79,0,NA,0,0,0,0,0,0,0
1426589,1,"Liga Nacional","Liga Endesa",-402534000,NA,"https://www.acb.com/Documentos/Cabeceras/logo-competicion-1b.png","https://www.acb.com/Documentos/Cabeceras/logo-competicion-4a.png",73,2008,107,NA,NA,2095,13353,NA,NA,TRUE,1445,1445,289,"iurbentia Bilbao Basket","iurbentia BB","IBB",1457,975,"Pamesa Valencia","Pamesa Valencia","PAM",1,72,12000,6,22,27.27,16,37,43.24,22,28,78.57,20,13,33,9,8,15,0,1,4,0,27,27,61,0,0,1,0,0,72,78,0,NA,0,0,0,0,0,0,0
1426590,1,"Liga Nacional","Liga Endesa",-402534000,NA,"https://www.acb.com/Documentos/Cabeceras/logo-competicion-1b.png","https://www.acb.com/Documentos/Cabeceras/logo-competicion-4a.png",73,2008,107,NA,NA,2095,13353,NA,NA,FALSE,1457,1445,289,"iurbentia Bilbao Basket","iurbentia BB","IBB",1457,975,"Pamesa Valencia","Pamesa Valencia","PAM",1,78,12000,9,18,50,15,30,50,21,31,67.74,26,5,31,14,11,17,0,4,1,3,27,27,86,0,0,0,1,0,78,72,0,NA,0,0,0,0,0,0,0
1426511,1,"Liga Nacional","Liga Endesa",-402534000,NA,"https://www.acb.com/Documentos/Cabeceras/logo-competicion-1b.png","https://www.acb.com/Documentos/Cabeceras/logo-competicion-4a.png",73,2008,107,NA,NA,2095,13350,NA,NA,FALSE,1448,1453,775,"Real Madrid","Real Madrid","RMB",1448,1205,"Alta Gestión Fuenlabrada","Alta Gestión F.","AGF",1,74,12000,10,26,38.46,14,25,56,16,20,80,21,9,30,13,6,17,0,3,1,2,23,18,72,0,0,1,0,0,74,90,0,NA,0,0,0,0,0,0,0
1426510,1,"Liga Nacional","Liga Endesa",-402534000,NA,"https://www.acb.com/Documentos/Cabeceras/logo-competicion-1b.png","https://www.acb.com/Documentos/Cabeceras/logo-competicion-4a.png",73,2008,107,NA,NA,2095,13350,NA,NA,TRUE,1453,1453,775,"Real Madrid","Real Madrid","RMB",1448,1205,"Alta Gestión Fuenlabrada","Alta Gestión F.","AGF",1,90,12000,9,25,36,21,50,42,21,25,84,21,25,46,14,7,9,0,1,3,6,18,23,102,0,0,0,1,0,90,74,0,NA,0,0,0,0,0,0,0
1426833,1,"Liga Nacional","Liga Endesa",-402534000,NA,"https://www.acb.com/Documentos/Cabeceras/logo-competicion-1b.png","https://www.acb.com/Documentos/Cabeceras/logo-competicion-4a.png",73,2008,107,NA,NA,2096,13362,NA,NA,TRUE,1449,1449,508,"Bruesa GBC","Bruesa GBC","GBC",1450,11,"CB Granada","CB Granada","GRA",1,80,12000,5,20,25,24,44,54,17,22,77,21,11,32,9,10,17,0,2,5,1,20,23,74,0,0,11,0,0,80,87,0,0,0,0,0,0,0,0,0
1426834,1,"Liga Nacional","Liga Endesa",-402534000,NA,"https://www.acb.com/Documentos/Cabeceras/logo-competicion-1b.png","https://www.acb.com/Documentos/Cabeceras/logo-competicion-4a.png",73,2008,107,NA,NA,2096,13362,NA,NA,FALSE,1450,1449,508,"Bruesa GBC","Bruesa GBC","GBC",1450,11,"CB Granada","CB Granada","GRA",1,87,12000,8,16,50,25,43,58.14,13,20,65,25,7,32,15,9,15,0,5,2,4,23,20,95,0,0,0,1,0,87,80,0,NA,0,0,0,0,0,0,0
1426643,1,"Liga Nacional","Liga Endesa",-402534000,NA,"https://www.acb.com/Documentos/Cabeceras/logo-competicion-1b.png","https://www.acb.com/Documentos/Cabeceras/logo-competicion-4a.png",73,2008,107,NA,NA,2096,13355,NA,NA,FALSE,1452,1457,975,"Pamesa Valencia","Pamesa Valencia","PAM",1452,1160,"CAI Zaragoza","CAI Zaragoza","CAI",1,72,12000,7,18,38.89,15,30,50,21,27,77.78,19,4,23,12,8,16,0,1,3,0,21,23,67,0,0,1,0,0,72,81,0,NA,0,0,0,0,0,0,0
1426642,1,"Liga Nacional","Liga Endesa",-402534000,NA,"https://www.acb.com/Documentos/Cabeceras/logo-competicion-1b.png","https://www.acb.com/Documentos/Cabeceras/logo-competicion-4a.png",73,2008,107,NA,NA,2096,13355,NA,NA,TRUE,1457,1457,975,"Pamesa Valencia","Pamesa Valencia","PAM",1452,1160,"CAI Zaragoza","CAI Zaragoza","CAI",1,81,12000,8,25,32,21,33,63.64,15,20,75,22,11,33,25,9,15,0,3,1,5,23,21,99,0,0,0,1,0,81,72,0,NA,0,0,0,0,0,0,0
1426670,1,"Liga Nacional","Liga Endesa",-402534000,NA,"https://www.acb.com/Documentos/Cabeceras/logo-competicion-1b.png","https://www.acb.com/Documentos/Cabeceras/logo-competicion-4a.png",73,2008,107,NA,NA,2096,13356,NA,NA,FALSE,1448,1456,912,"CB Murcia","CB Murcia","MUR",1448,1205,"Alta Gestión Fuenlabrada","Alta Gestión F.","AGF",1,78,12000,9,21,42.86,22,37,59.46,7,10,70,27,6,33,10,6,14,0,4,8,3,18,15,76,0,0,0,1,0,78,70,0,NA,0,0,0,0,0,0,0
1426669,1,"Liga Nacional","Liga Endesa",-402534000,NA,"https://www.acb.com/Documentos/Cabeceras/logo-competicion-1b.png","https://www.acb.com/Documentos/Cabeceras/logo-competicion-4a.png",73,2008,107,NA,NA,2096,13356,NA,NA,TRUE,1456,1456,912,"CB Murcia","CB Murcia","MUR",1448,1205,"Alta Gestión Fuenlabrada","Alta Gestión F.","AGF",1,70,12000,11,25,44,14,35,40,9,14,64.29,20,11,31,11,10,9,0,8,4,0,15,18,80,0,0,1,0,0,70,78,0,NA,0,0,0,0,0,0,0
1426724,1,"Liga Nacional","Liga Endesa",-402534000,NA,"https://www.acb.com/Documentos/Cabeceras/logo-competicion-1b.png","https://www.acb.com/Documentos/Cabeceras/logo-competicion-4a.png",73,2008,107,NA,NA,2096,13358,NA,NA,FALSE,1447,1445,289,"iurbentia Bilbao Basket","iurbentia BB","IBB",1447,472,"MMT Estudiantes","MMT Estudiantes","MMT",1,65,12000,7,20,35,16,31,51.61,12,21,57.14,19,19,38,4,5,26,0,1,2,0,17,26,57,0,0,1,0,0,65,99,0,NA,0,0,0,0,0,0,0
1426723,1,"Liga Nacional","Liga Endesa",-402534000,NA,"https://www.acb.com/Documentos/Cabeceras/logo-competicion-1b.png","https://www.acb.com/Documentos/Cabeceras/logo-competicion-4a.png",73,2008,107,NA,NA,2096,13358,NA,NA,TRUE,1445,1445,289,"iurbentia Bilbao Basket","iurbentia BB","IBB",1447,472,"MMT Estudiantes","MMT Estudiantes","MMT",1,99,12000,12,29,41.38,26,33,78.79,11,12,91.67,15,6,21,23,19,8,0,2,1,1,26,17,121,0,0,0,1,0,99,65,0,NA,0,0,0,0,0,0,0
1426751,1,"Liga Nacional","Liga Endesa",-402534000,NA,"https://www.acb.com/Documentos/Cabeceras/logo-competicion-1b.png","https://www.acb.com/Documentos/Cabeceras/logo-competicion-4a.png",73,2008,107,NA,NA,2096,13359,NA,NA,FALSE,1455,1444,234,"TAU Cerámica","TAU Cerámica","TAU",1455,893,"ViveMenorca","ViveMenorca","MEN",1,66,12000,8,27,29,16,45,35,10,14,71,26,15,41,7,7,13,0,4,6,0,26,18,46,0,0,11,0,0,66,78,0,0,0,0,0,0,0,0,0
1426750,1,"Liga Nacional","Liga Endesa",-402534000,NA,"https://www.acb.com/Documentos/Cabeceras/logo-competicion-1b.png","https://www.acb.com/Documentos/Cabeceras/logo-competicion-4a.png",73,2008,107,NA,NA,2096,13359,NA,NA,TRUE,1444,1444,234,"TAU Cerámica","TAU Cerámica","TAU",1455,893,"ViveMenorca","ViveMenorca","MEN",1,78,12000,6,21,28.57,19,35,54.29,22,32,68.75,29,8,37,12,6,13,0,6,4,0,18,26,89,0,0,0,1,0,78,66,0,NA,0,0,0,0,0,0,0
1426805,1,"Liga Nacional","Liga Endesa",-402534000,NA,"https://www.acb.com/Documentos/Cabeceras/logo-competicion-1b.png","https://www.acb.com/Documentos/Cabeceras/logo-competicion-4a.png",73,2008,107,NA,NA,2096,13361,NA,NA,FALSE,1458,1453,775,"Real Madrid","Real Madrid","RMB",1458,1078,"Unicaja","Unicaja","UNI",1,78,12000,7,24,29.17,17,32,53.12,23,27,85.19,15,12,27,16,6,15,0,1,2,1,24,23,74,0,0,1,0,0,78,90,0,NA,0,0,0,0,0,0,0
1426804,1,"Liga Nacional","Liga Endesa",-402534000,NA,"https://www.acb.com/Documentos/Cabeceras/logo-competicion-1b.png","https://www.acb.com/Documentos/Cabeceras/logo-competicion-4a.png",73,2008,107,NA,NA,2096,13361,NA,NA,TRUE,1453,1453,775,"Real Madrid","Real Madrid","RMB",1458,1078,"Unicaja","Unicaja","UNI",1,90,12000,8,22,36.36,20,42,47.62,26,30,86.67,22,17,39,17,7,14,0,2,1,2,23,24,101,0,0,0,1,0,90,78,0,NA,0,0,0,0,0,0,0
1426778,1,"Liga Nacional","Liga Endesa",-402534000,NA,"https://www.acb.com/Documentos/Cabeceras/logo-competicion-1b.png","https://www.acb.com/Documentos/Cabeceras/logo-competicion-4a.png",73,2008,107,NA,NA,2096,13360,NA,NA,FALSE,1454,1459,1137,"Cajasol","Cajasol","CAJ",1454,872,"Ricoh Manresa","Ricoh Manresa","MAN",1,71,12000,7,19,36.84,22,38,57.89,6,15,40,29,8,37,16,6,14,0,5,1,2,17,22,88,0,0,0,1,0,71,64,0,NA,0,0,0,0,0,0,0
1426777,1,"Liga Nacional","Liga Endesa",-402534000,NA,"https://www.acb.com/Documentos/Cabeceras/logo-competicion-1b.png","https://www.acb.com/Documentos/Cabeceras/logo-competicion-4a.png",73,2008,107,NA,NA,2096,13360,NA,NA,TRUE,1459,1459,1137,"Cajasol","Cajasol","CAJ",1454,872,"Ricoh Manresa","Ricoh Manresa","MAN",1,64,12000,6,28,21.43,16,36,44.44,14,17,82.35,22,13,35,12,8,9,0,1,5,2,22,17,56,0,0,1,0,0,64,71,0,NA,0,0,0,0,0,0,0
1426698,1,"Liga Nacional","Liga Endesa",-402534000,NA,"https://www.acb.com/Documentos/Cabeceras/logo-competicion-1b.png","https://www.acb.com/Documentos/Cabeceras/logo-competicion-4a.png",73,2008,107,NA,NA,2096,13357,NA,NA,FALSE,1443,1451,639,"DKV Joventut","DKV Joventut","DKV",1443,118,"Regal FC Barcelona","Regal FCB","FCB",1,68,12000,7,21,33.33,14,33,42.42,19,27,70.37,29,11,40,14,6,13,0,8,3,4,15,24,88,0,0,0,1,0,68,64,0,NA,0,0,0,0,0,0,0
1426697,1,"Liga Nacional","Liga Endesa",-402534000,NA,"https://www.acb.com/Documentos/Cabeceras/logo-competicion-1b.png","https://www.acb.com/Documentos/Cabeceras/logo-competicion-4a.png",73,2008,107,NA,NA,2096,13357,NA,NA,TRUE,1451,1451,639,"DKV Joventut","DKV Joventut","DKV",1443,118,"Regal FC Barcelona","Regal FCB","FCB",1,64,12000,8,23,34.78,17,45,37.78,6,8,75,27,13,40,16,7,10,0,3,8,4,24,15,58,0,0,1,0,0,64,68,0,NA,0,0,0,0,0,0,0
1426941,1,"Liga Nacional","Liga Endesa",-402534000,NA,"https://www.acb.com/Documentos/Cabeceras/logo-competicion-1b.png","https://www.acb.com/Documentos/Cabeceras/logo-competicion-4a.png",73,2008,107,NA,NA,2097,13366,NA,NA,FALSE,1445,1455,893,"ViveMenorca","ViveMenorca","MEN",1445,289,"iurbentia Bilbao Basket","iurbentia BB","IBB",1,68,12000,7,20,35,15,23,65.22,17,24,70.83,28,6,34,8,5,22,0,1,2,0,24,22,62,0,0,0,1,0,68,64,0,NA,0,0,0,0,0,0,0
1426940,1,"Liga Nacional","Liga Endesa",-402534000,NA,"https://www.acb.com/Documentos/Cabeceras/logo-competicion-1b.png","https://www.acb.com/Documentos/Cabeceras/logo-competicion-4a.png",73,2008,107,NA,NA,2097,13366,NA,NA,TRUE,1455,1455,893,"ViveMenorca","ViveMenorca","MEN",1445,289,"iurbentia Bilbao Basket","iurbentia BB","IBB",1,64,12000,5,24,20.83,14,34,41.18,21,25,84,18,11,29,10,9,14,0,2,1,0,22,24,58,0,0,1,0,0,64,68,0,NA,0,0,0,0,0,0,0
1427046,1,"Liga Nacional","Liga Endesa",-402534000,NA,"https://www.acb.com/Documentos/Cabeceras/logo-competicion-1b.png","https://www.acb.com/Documentos/Cabeceras/logo-competicion-4a.png",73,2008,107,NA,NA,2097,13370,NA,NA,TRUE,1452,1452,1160,"CAI Zaragoza","CAI Zaragoza","CAI",1446,346,"Kalise Gran Canaria","Kalise GC","GCA",1,81,12000,11,26,42.31,18,38,47.37,12,15,80,20,10,30,15,7,14,0,1,4,1,18,19,79,0,0,1,0,0,81,94,0,NA,0,0,0,0,0,0,0
1427047,1,"Liga Nacional","Liga Endesa",-402534000,NA,"https://www.acb.com/Documentos/Cabeceras/logo-competicion-1b.png","https://www.acb.com/Documentos/Cabeceras/logo-competicion-4a.png",73,2008,107,NA,NA,2097,13370,NA,NA,FALSE,1446,1452,1160,"CAI Zaragoza","CAI Zaragoza","CAI",1446,346,"Kalise Gran Canaria","Kalise GC","GCA",1,94,12000,15,31,48.39,21,33,63.64,7,14,50,27,9,36,19,13,16,0,4,1,2,19,18,113,0,0,0,1,0,94,81,0,NA,0,0,0,0,0,0,0
1426861,1,"Liga Nacional","Liga Endesa",-402534000,NA,"https://www.acb.com/Documentos/Cabeceras/logo-competicion-1b.png","https://www.acb.com/Documentos/Cabeceras/logo-competicion-4a.png",73,2008,107,NA,NA,2097,13363,NA,NA,TRUE,1450,1450,11,"CB Granada","CB Granada","GRA",1453,775,"Real Madrid","Real Madrid","RMB",1,76,12000,8,20,40,21,38,55.26,10,12,83.33,22,11,33,15,7,14,0,9,0,2,19,17,93,0,0,1,0,0,76,82,0,NA,0,0,0,0,0,0,0
1426862,1,"Liga Nacional","Liga Endesa",-402534000,NA,"https://www.acb.com/Documentos/Cabeceras/logo-competicion-1b.png","https://www.acb.com/Documentos/Cabeceras/logo-competicion-4a.png",73,2008,107,NA,NA,2097,13363,NA,NA,FALSE,1453,1450,11,"CB Granada","CB Granada","GRA",1453,775,"Real Madrid","Real Madrid","RMB",1,82,12000,10,18,55.56,20,49,40.82,12,19,63.16,19,17,36,16,10,9,0,0,9,3,17,19,84,0,0,0,1,0,82,76,0,NA,0,0,0,0,0,0,0
1426993,1,"Liga Nacional","Liga Endesa",-402534000,NA,"https://www.acb.com/Documentos/Cabeceras/logo-competicion-1b.png","https://www.acb.com/Documentos/Cabeceras/logo-competicion-4a.png",73,2008,107,NA,NA,2097,13368,NA,NA,FALSE,1456,1443,118,"Regal FC Barcelona","Regal FCB","FCB",1456,912,"CB Murcia","CB Murcia","MUR",1,57,12000,5,17,29.41,16,34,47.06,10,14,71.43,13,7,20,14,7,19,0,1,4,3,22,18,38,0,0,1,0,0,57,96,0,NA,0,0,0,0,0,0,0
1426992,1,"Liga Nacional","Liga Endesa",-402534000,NA,"https://www.acb.com/Documentos/Cabeceras/logo-competicion-1b.png","https://www.acb.com/Documentos/Cabeceras/logo-competicion-4a.png",73,2008,107,NA,NA,2097,13368,NA,NA,TRUE,1443,1443,118,"Regal FC Barcelona","Regal FCB","FCB",1456,912,"CB Murcia","CB Murcia","MUR",1,96,12000,10,16,62.5,23,34,67.65,20,24,83.33,23,6,29,24,16,13,0,4,1,8,18,22,138,0,0,0,1,0,96,57,0,NA,0,0,0,0,0,0,0
1426916,1,"Liga Nacional","Liga Endesa",-402534000,NA,"https://www.acb.com/Documentos/Cabeceras/logo-competicion-1b.png","https://www.acb.com/Documentos/Cabeceras/logo-competicion-4a.png",73,2008,107,NA,NA,2097,13365,NA,NA,FALSE,1444,1454,872,"Ricoh Manresa","Ricoh Manresa","MAN",1444,234,"TAU Cerámica","TAU Cerámica","TAU",1,99,12000,7,16,43.75,31,47,65.96,16,20,80,32,9,41,23,9,16,0,4,8,5,23,18,118,0,0,0,1,0,99,68,0,NA,0,0,0,0,0,0,0
1426915,1,"Liga Nacional","Liga Endesa",-402534000,NA,"https://www.acb.com/Documentos/Cabeceras/logo-competicion-1b.png","https://www.acb.com/Documentos/Cabeceras/logo-competicion-4a.png",73,2008,107,NA,NA,2097,13365,NA,NA,TRUE,1454,1454,872,"Ricoh Manresa","Ricoh Manresa","MAN",1444,234,"TAU Cerámica","TAU Cerámica","TAU",1,68,12000,3,21,14.29,21,48,43.75,17,23,73.91,14,16,30,14,11,15,0,8,4,7,18,23,66,0,0,1,0,0,68,99,0,NA,0,0,0,0,0,0,0
1426889,1,"Liga Nacional","Liga Endesa",-402534000,NA,"https://www.acb.com/Documentos/Cabeceras/logo-competicion-1b.png","https://www.acb.com/Documentos/Cabeceras/logo-competicion-4a.png",73,2008,107,NA,NA,2097,13364,NA,NA,FALSE,1459,1458,1078,"Unicaja","Unicaja","UNI",1459,1137,"Cajasol","Cajasol","CAJ",1,64,12000,6,20,30,17,41,41.46,12,19,63.16,20,11,31,18,8,16,0,1,6,2,22,14,47,0,0,1,0,0,64,89,0,NA,0,0,0,0,0,0,0
1426888,1,"Liga Nacional","Liga Endesa",-402534000,NA,"https://www.acb.com/Documentos/Cabeceras/logo-competicion-1b.png","https://www.acb.com/Documentos/Cabeceras/logo-competicion-4a.png",73,2008,107,NA,NA,2097,13364,NA,NA,TRUE,1458,1458,1078,"Unicaja","Unicaja","UNI",1459,1137,"Cajasol","Cajasol","CAJ",1,89,12000,10,21,47.62,18,30,60,23,25,92,30,4,34,19,11,16,0,6,1,1,14,22,125,0,0,0,1,0,89,64,0,NA,0,0,0,0,0,0,0
1427020,1,"Liga Nacional","Liga Endesa",-402534000,NA,"https://www.acb.com/Documentos/Cabeceras/logo-competicion-1b.png","https://www.acb.com/Documentos/Cabeceras/logo-competicion-4a.png",73,2008,107,NA,NA,2097,13369,NA,NA,FALSE,1457,1448,1205,"Alta Gestión Fuenlabrada","Alta Gestión F.","AGF",1457,975,"Pamesa Valencia","Pamesa Valencia","PAM",1,64,12000,3,22,13.64,17,38,44.74,21,25,84,18,12,30,6,13,17,0,3,2,2,22,23,54,0,0,1,0,0,64,77,0,NA,0,0,0,0,0,0,0
1427019,1,"Liga Nacional","Liga Endesa",-402534000,NA,"https://www.acb.com/Documentos/Cabeceras/logo-competicion-1b.png","https://www.acb.com/Documentos/Cabeceras/logo-competicion-4a.png",73,2008,107,NA,NA,2097,13369,NA,NA,TRUE,1448,1448,1205,"Alta Gestión Fuenlabrada","Alta Gestión F.","AGF",1457,975,"Pamesa Valencia","Pamesa Valencia","PAM",1,77,12000,9,24,37.5,17,27,62.96,16,19,84.21,28,6,34,15,7,21,0,2,3,5,23,22,82,0,0,0,1,0,77,64,0,NA,0,0,0,0,0,0,0
1426967,1,"Liga Nacional","Liga Endesa",-402534000,NA,"https://www.acb.com/Documentos/Cabeceras/logo-competicion-1b.png","https://www.acb.com/Documentos/Cabeceras/logo-competicion-4a.png",73,2008,107,NA,NA,2097,13367,NA,NA,FALSE,1451,1447,472,"MMT Estudiantes","MMT Estudiantes","MMT",1451,639,"DKV Joventut","DKV Joventut","DKV",1,82,12000,12,32,37.5,16,29,55.17,14,20,70,29,10,39,17,11,14,0,2,1,3,22,19,94,0,0,0,1,0,82,70,0,NA,0,0,0,0,0,0,0
1426966,1,"Liga Nacional","Liga Endesa",-402534000,NA,"https://www.acb.com/Documentos/Cabeceras/logo-competicion-1b.png","https://www.acb.com/Documentos/Cabeceras/logo-competicion-4a.png",73,2008,107,NA,NA,2097,13367,NA,NA,TRUE,1447,1447,472,"MMT Estudiantes","MMT Estudiantes","MMT",1451,639,"DKV Joventut","DKV Joventut","DKV",1,70,12000,7,23,30.43,18,39,46.15,13,19,68.42,22,13,35,14,3,19,0,1,2,0,19,22,62,0,0,1,0,0,70,82,0,NA,0,0,0,0,0,0,0
1427074,1,"Liga Nacional","Liga Endesa",-402534000,NA,"https://www.acb.com/Documentos/Cabeceras/logo-competicion-1b.png","https://www.acb.com/Documentos/Cabeceras/logo-competicion-4a.png",73,2008,107,NA,NA,2098,13371,NA,NA,FALSE,1448,1446,346,"Kalise Gran Canaria","Kalise GC","GCA",1448,1205,"Alta Gestión Fuenlabrada","Alta Gestión F.","AGF",1,85,12000,10,33,30.3,19,38,50,17,22,77.27,21,16,37,13,7,17,0,1,6,2,28,20,65,0,0,1,0,0,85,92,0,NA,0,0,0,0,0,0,0
1427073,1,"Liga Nacional","Liga Endesa",-402534000,NA,"https://www.acb.com/Documentos/Cabeceras/logo-competicion-1b.png","https://www.acb.com/Documentos/Cabeceras/logo-competicion-4a.png",73,2008,107,NA,NA,2098,13371,NA,NA,TRUE,1446,1446,346,"Kalise Gran Canaria","Kalise GC","GCA",1448,1205,"Alta Gestión Fuenlabrada","Alta Gestión F.","AGF",1,92,12000,9,26,34.62,23,36,63.89,19,28,67.86,25,11,36,17,9,18,0,6,1,2,20,28,110,0,0,0,1,0,92,85,0,NA,0,0,0,0,0,0,0
1427101,1,"Liga Nacional","Liga Endesa",-402534000,NA,"https://www.acb.com/Documentos/Cabeceras/logo-competicion-1b.png","https://www.acb.com/Documentos/Cabeceras/logo-competicion-4a.png",73,2008,107,NA,NA,2098,13372,NA,NA,FALSE,1443,1457,975,"Pamesa Valencia","Pamesa Valencia","PAM",1443,118,"Regal FC Barcelona","Regal FCB","FCB",1,80,12000,8,17,47.06,21,42,50,14,15,93.33,31,14,45,21,4,15,0,5,5,6,22,18,100,0,0,0,1,0,80,61,0,NA,0,0,0,0,0,0,0
1427100,1,"Liga Nacional","Liga Endesa",-402534000,NA,"https://www.acb.com/Documentos/Cabeceras/logo-competicion-1b.png","https://www.acb.com/Documentos/Cabeceras/logo-competicion-4a.png",73,2008,107,NA,NA,2098,13372,NA,NA,TRUE,1457,1457,975,"Pamesa Valencia","Pamesa Valencia","PAM",1443,118,"Regal FC Barcelona","Regal FCB","FCB",1,61,12000,5,17,29.41,16,47,34.04,14,20,70,15,13,28,10,11,8,0,5,5,0,18,22,57,0,0,1,0,0,61,80,0,NA,0,0,0,0,0,0,0
1427126,1,"Liga Nacional","Liga Endesa",-402534000,NA,"https://www.acb.com/Documentos/Cabeceras/logo-competicion-1b.png","https://www.acb.com/Documentos/Cabeceras/logo-competicion-4a.png",73,2008,107,NA,NA,2098,13373,NA,NA,TRUE,1456,1456,912,"CB Murcia","CB Murcia","MUR",1447,472,"MMT Estudiantes","MMT Estudiantes","MMT",1,78,12000,11,24,45.83,15,26,57.69,15,18,83.33,13,7,20,15,9,19,0,4,2,4,22,22,78,0,0,1,0,0,78,99,0,NA,0,0,0,0,0,0,0
1427127,1,"Liga Nacional","Liga Endesa",-402534000,NA,"https://www.acb.com/Documentos/Cabeceras/logo-competicion-1b.png","https://www.acb.com/Documentos/Cabeceras/logo-competicion-4a.png",73,2008,107,NA,NA,2098,13373,NA,NA,FALSE,1447,1456,912,"CB Murcia","CB Murcia","MUR",1447,472,"MMT Estudiantes","MMT Estudiantes","MMT",1,99,12000,11,22,50,25,38,65.79,16,21,76.19,18,13,31,14,13,11,0,2,4,1,22,22,115,0,0,0,1,0,99,78,0,NA,0,0,0,0,0,0,0
1427153,1,"Liga Nacional","Liga Endesa",-402534000,NA,"https://www.acb.com/Documentos/Cabeceras/logo-competicion-1b.png","https://www.acb.com/Documentos/Cabeceras/logo-competicion-4a.png",73,2008,107,NA,NA,2098,13374,NA,NA,TRUE,1451,1451,639,"DKV Joventut","DKV Joventut","DKV",1455,893,"ViveMenorca","ViveMenorca","MEN",1,92,12000,15,31,48.39,20,33,60.61,7,10,70,19,9,28,22,11,15,0,4,2,3,27,16,97,0,0,0,1,0,92,74,0,NA,0,0,0,0,0,0,0
1427154,1,"Liga Nacional","Liga Endesa",-402534000,NA,"https://www.acb.com/Documentos/Cabeceras/logo-competicion-1b.png","https://www.acb.com/Documentos/Cabeceras/logo-competicion-4a.png",73,2008,107,NA,NA,2098,13374,NA,NA,FALSE,1455,1451,639,"DKV Joventut","DKV Joventut","DKV",1455,893,"ViveMenorca","ViveMenorca","MEN",1,74,12000,6,23,26,18,36,50,20,28,71,18,17,35,10,11,19,0,2,4,0,16,27,77,0,0,11,0,0,74,92,0,0,0,0,0,0,0,0,0
1427179,1,"Liga Nacional","Liga Endesa",-402534000,NA,"https://www.acb.com/Documentos/Cabeceras/logo-competicion-1b.png","https://www.acb.com/Documentos/Cabeceras/logo-competicion-4a.png",73,2008,107,NA,NA,2098,13375,NA,NA,TRUE,1445,1445,289,"iurbentia Bilbao Basket","iurbentia BB","IBB",1454,872,"Ricoh Manresa","Ricoh Manresa","MAN",1,97,12000,11,24,45.83,23,36,63.89,18,24,75,14,9,23,19,8,10,0,4,4,1,25,20,100,0,0,0,1,0,97,93,0,NA,0,0,0,0,0,0,0
1427180,1,"Liga Nacional","Liga Endesa",-402534000,NA,"https://www.acb.com/Documentos/Cabeceras/logo-competicion-1b.png","https://www.acb.com/Documentos/Cabeceras/logo-competicion-4a.png",73,2008,107,NA,NA,2098,13375,NA,NA,FALSE,1454,1445,289,"iurbentia Bilbao Basket","iurbentia BB","IBB",1454,872,"Ricoh Manresa","Ricoh Manresa","MAN",1,93,12000,7,17,41.18,25,37,67.57,22,26,84.62,20,10,30,13,6,16,0,4,4,0,20,25,105,0,0,1,0,0,93,97,0,NA,0,0,0,0,0,0,0
1427234,1,"Liga Nacional","Liga Endesa",-402534000,NA,"https://www.acb.com/Documentos/Cabeceras/logo-competicion-1b.png","https://www.acb.com/Documentos/Cabeceras/logo-competicion-4a.png",73,2008,107,NA,NA,2098,13377,NA,NA,TRUE,1459,1459,1137,"Cajasol","Cajasol","CAJ",1450,11,"CB Granada","CB Granada","GRA",1,73,12000,10,31,32.26,16,38,42.11,11,16,68.75,16,17,33,15,11,6,0,1,4,0,21,20,74,0,0,0,1,0,73,65,0,NA,0,0,0,0,0,0,0
1427235,1,"Liga Nacional","Liga Endesa",-402534000,NA,"https://www.acb.com/Documentos/Cabeceras/logo-competicion-1b.png","https://www.acb.com/Documentos/Cabeceras/logo-competicion-4a.png",73,2008,107,NA,NA,2098,13377,NA,NA,FALSE,1450,1459,1137,"Cajasol","Cajasol","CAJ",1450,11,"CB Granada","CB Granada","GRA",1,65,12000,10,24,41.67,9,20,45,17,24,70.83,29,7,36,9,5,17,0,4,1,0,20,21,70,0,0,1,0,0,65,73,0,NA,0,0,0,0,0,0,0
1427263,1,"Liga Nacional","Liga Endesa",-402534000,NA,"https://www.acb.com/Documentos/Cabeceras/logo-competicion-1b.png","https://www.acb.com/Documentos/Cabeceras/logo-competicion-4a.png",73,2008,107,NA,NA,2098,13378,NA,NA,TRUE,1453,1453,775,"Real Madrid","Real Madrid","RMB",1449,508,"Bruesa GBC","Bruesa GBC","GBC",1,110,13500,7,17,41.18,31,55,56.36,27,40,67.5,23,14,37,21,14,13,0,3,3,7,26,29,125,0,0,0,1,0,110,100,0,NA,0,0,0,0,0,0,0
1427264,1,"Liga Nacional","Liga Endesa",-402534000,NA,"https://www.acb.com/Documentos/Cabeceras/logo-competicion-1b.png","https://www.acb.com/Documentos/Cabeceras/logo-competicion-4a.png",73,2008,107,NA,NA,2098,13378,NA,NA,FALSE,1449,1453,775,"Real Madrid","Real Madrid","RMB",1449,508,"Bruesa GBC","Bruesa GBC","GBC",1,100,13500,8,23,34,28,45,62,20,21,95,24,8,32,13,5,19,0,3,3,1,29,26,95,0,0,12,0,0,100,110,0,0,0,0,0,0,0,0,0
1427206,1,"Liga Nacional","Liga Endesa",-402534000,NA,"https://www.acb.com/Documentos/Cabeceras/logo-competicion-1b.png","https://www.acb.com/Documentos/Cabeceras/logo-competicion-4a.png",73,2008,107,NA,NA,2098,13376,NA,NA,TRUE,1444,1444,234,"TAU Cerámica","TAU Cerámica","TAU",1458,1078,"Unicaja","Unicaja","UNI",1,100,12000,7,19,36.84,28,43,65.12,23,31,74.19,21,13,34,8,7,7,0,4,5,0,20,26,112,0,0,0,1,0,100,90,0,NA,0,0,0,0,0,0,0
1427207,1,"Liga Nacional","Liga Endesa",-402534000,NA,"https://www.acb.com/Documentos/Cabeceras/logo-competicion-1b.png","https://www.acb.com/Documentos/Cabeceras/logo-competicion-4a.png",73,2008,107,NA,NA,2098,13376,NA,NA,FALSE,1458,1444,234,"TAU Cerámica","TAU Cerámica","TAU",1458,1078,"Unicaja","Unicaja","UNI",1,90,12000,14,27,51.85,18,34,52.94,12,18,66.67,16,10,26,10,5,13,0,5,4,5,26,20,78,0,0,1,0,0,90,100,0,NA,0,0,0,0,0,0,0
1427293,1,"Liga Nacional","Liga Endesa",-402534000,NA,"https://www.acb.com/Documentos/Cabeceras/logo-competicion-1b.png","https://www.acb.com/Documentos/Cabeceras/logo-competicion-4a.png",73,2008,107,NA,NA,2099,13379,NA,NA,FALSE,1459,1449,508,"Bruesa GBC","Bruesa GBC","GBC",1459,1137,"Cajasol","Cajasol","CAJ",1,70,12000,5,10,50,22,48,45.83,11,14,78.57,26,12,38,7,6,12,0,3,6,3,21,17,68,0,0,0,1,0,70,63,0,NA,0,0,0,0,0,0,0
1427292,1,"Liga Nacional","Liga Endesa",-402534000,NA,"https://www.acb.com/Documentos/Cabeceras/logo-competicion-1b.png","https://www.acb.com/Documentos/Cabeceras/logo-competicion-4a.png",73,2008,107,NA,NA,2099,13379,NA,NA,TRUE,1449,1449,508,"Bruesa GBC","Bruesa GBC","GBC",1459,1137,"Cajasol","Cajasol","CAJ",1,63,12000,5,22,22,18,40,45,12,13,92,22,12,34,13,8,11,0,6,3,0,17,21,74,0,0,12,0,0,63,70,0,0,0,0,0,0,0,0,0
1427319,1,"Liga Nacional","Liga Endesa",-402534000,NA,"https://www.acb.com/Documentos/Cabeceras/logo-competicion-1b.png","https://www.acb.com/Documentos/Cabeceras/logo-competicion-4a.png",73,2008,107,NA,NA,2099,13380,NA,NA,TRUE,1450,1450,11,"CB Granada","CB Granada","GRA",1444,234,"TAU Cerámica","TAU Cerámica","TAU",1,86,13500,7,24,29.17,23,45,51.11,19,21,90.48,24,13,37,13,9,18,0,2,1,1,21,21,87,0,0,1,0,0,86,87,0,NA,0,0,0,0,0,0,0
1427320,1,"Liga Nacional","Liga Endesa",-402534000,NA,"https://www.acb.com/Documentos/Cabeceras/logo-competicion-1b.png","https://www.acb.com/Documentos/Cabeceras/logo-competicion-4a.png",73,2008,107,NA,NA,2099,13380,NA,NA,FALSE,1444,1450,11,"CB Granada","CB Granada","GRA",1444,234,"TAU Cerámica","TAU Cerámica","TAU",1,87,13500,4,27,14.81,27,47,57.45,21,21,100,26,14,40,9,10,16,0,1,2,2,21,21,86,0,0,0,1,0,87,86,0,NA,0,0,0,0,0,0,0
1427346,1,"Liga Nacional","Liga Endesa",-402534000,NA,"https://www.acb.com/Documentos/Cabeceras/logo-competicion-1b.png","https://www.acb.com/Documentos/Cabeceras/logo-competicion-4a.png",73,2008,107,NA,NA,2099,13381,NA,NA,FALSE,1445,1458,1078,"Unicaja","Unicaja","UNI",1445,289,"iurbentia Bilbao Basket","iurbentia BB","IBB",1,73,12000,6,22,27.27,19,41,46.34,17,20,85,20,15,35,7,5,14,0,4,5,1,20,18,62,0,0,1,0,0,73,84,0,NA,0,0,0,0,0,0,0
1427345,1,"Liga Nacional","Liga Endesa",-402534000,NA,"https://www.acb.com/Documentos/Cabeceras/logo-competicion-1b.png","https://www.acb.com/Documentos/Cabeceras/logo-competicion-4a.png",73,2008,107,NA,NA,2099,13381,NA,NA,TRUE,1458,1458,1078,"Unicaja","Unicaja","UNI",1445,289,"iurbentia Bilbao Basket","iurbentia BB","IBB",1,84,12000,9,25,36,21,33,63.64,15,19,78.95,23,7,30,21,10,12,0,5,4,6,18,20,104,0,0,0,1,0,84,73,0,NA,0,0,0,0,0,0,0
1427373,1,"Liga Nacional","Liga Endesa",-402534000,NA,"https://www.acb.com/Documentos/Cabeceras/logo-competicion-1b.png","https://www.acb.com/Documentos/Cabeceras/logo-competicion-4a.png",73,2008,107,NA,NA,2099,13382,NA,NA,TRUE,1454,1454,872,"Ricoh Manresa","Ricoh Manresa","MAN",1451,639,"DKV Joventut","DKV Joventut","DKV",1,83,12000,6,21,28.57,20,35,57.14,25,31,80.65,28,14,42,18,5,17,0,2,0,6,25,27,99,0,0,1,0,0,83,84,0,NA,0,0,0,0,0,0,0
1427374,1,"Liga Nacional","Liga Endesa",-402534000,NA,"https://www.acb.com/Documentos/Cabeceras/logo-competicion-1b.png","https://www.acb.com/Documentos/Cabeceras/logo-competicion-4a.png",73,2008,107,NA,NA,2099,13382,NA,NA,FALSE,1451,1454,872,"Ricoh Manresa","Ricoh Manresa","MAN",1451,639,"DKV Joventut","DKV Joventut","DKV",1,84,12000,10,33,30.3,18,36,50,18,25,72,18,16,34,14,11,9,0,0,2,1,27,25,82,0,0,0,1,0,84,83,0,NA,0,0,0,0,0,0,0
1427400,1,"Liga Nacional","Liga Endesa",-402534000,NA,"https://www.acb.com/Documentos/Cabeceras/logo-competicion-1b.png","https://www.acb.com/Documentos/Cabeceras/logo-competicion-4a.png",73,2008,107,NA,NA,2099,13383,NA,NA,TRUE,1455,1455,893,"ViveMenorca","ViveMenorca","MEN",1456,912,"CB Murcia","CB Murcia","MUR",1,84,12000,5,23,21,20,45,44,29,36,80,10,23,33,7,7,12,0,1,4,0,26,33,73,0,0,11,0,0,84,94,0,0,0,0,0,0,0,0,0
1427401,1,"Liga Nacional","Liga Endesa",-402534000,NA,"https://www.acb.com/Documentos/Cabeceras/logo-competicion-1b.png","https://www.acb.com/Documentos/Cabeceras/logo-competicion-4a.png",73,2008,107,NA,NA,2099,13383,NA,NA,FALSE,1456,1455,893,"ViveMenorca","ViveMenorca","MEN",1456,912,"CB Murcia","CB Murcia","MUR",1,94,12000,11,17,64.71,22,29,75.86,17,22,77.27,15,3,18,10,6,14,0,4,1,2,33,26,92,0,0,0,1,0,94,84,0,NA,0,0,0,0,0,0,0
1427427,1,"Liga Nacional","Liga Endesa",-402534000,NA,"https://www.acb.com/Documentos/Cabeceras/logo-competicion-1b.png","https://www.acb.com/Documentos/Cabeceras/logo-competicion-4a.png",73,2008,107,NA,NA,2099,13384,NA,NA,FALSE,1457,1447,472,"MMT Estudiantes","MMT Estudiantes","MMT",1457,975,"Pamesa Valencia","Pamesa Valencia","PAM",1,81,12000,8,25,32,14,24,58.33,29,32,90.62,20,9,29,12,9,22,0,5,0,0,30,30,84,0,0,0,1,0,81,77,0,NA,0,0,0,0,0,0,0
1427426,1,"Liga Nacional","Liga Endesa",-402534000,NA,"https://www.acb.com/Documentos/Cabeceras/logo-competicion-1b.png","https://www.acb.com/Documentos/Cabeceras/logo-competicion-4a.png",73,2008,107,NA,NA,2099,13384,NA,NA,TRUE,1447,1447,472,"MMT Estudiantes","MMT Estudiantes","MMT",1457,975,"Pamesa Valencia","Pamesa Valencia","PAM",1,77,12000,5,20,25,17,36,47.22,28,36,77.78,17,15,32,11,7,20,0,0,5,1,30,30,60,0,0,1,0,0,77,81,0,NA,0,0,0,0,0,0,0
1427480,1,"Liga Nacional","Liga Endesa",-402534000,NA,"https://www.acb.com/Documentos/Cabeceras/logo-competicion-1b.png","https://www.acb.com/Documentos/Cabeceras/logo-competicion-4a.png",73,2008,107,NA,NA,2099,13386,NA,NA,TRUE,1448,1448,1205,"Alta Gestión Fuenlabrada","Alta Gestión F.","AGF",1452,1160,"CAI Zaragoza","CAI Zaragoza","CAI",1,103,12000,18,32,56.25,20,35,57.14,9,16,56.25,28,8,36,19,5,14,0,2,4,5,22,18,107,0,0,0,1,0,103,80,0,NA,0,0,0,0,0,0,0
1427481,1,"Liga Nacional","Liga Endesa",-402534000,NA,"https://www.acb.com/Documentos/Cabeceras/logo-competicion-1b.png","https://www.acb.com/Documentos/Cabeceras/logo-competicion-4a.png",73,2008,107,NA,NA,2099,13386,NA,NA,FALSE,1452,1448,1205,"Alta Gestión Fuenlabrada","Alta Gestión F.","AGF",1452,1160,"CAI Zaragoza","CAI Zaragoza","CAI",1,80,12000,6,21,28.57,19,37,51.35,24,29,82.76,21,5,26,16,8,14,0,4,2,0,18,22,84,0,0,1,0,0,80,103,0,NA,0,0,0,0,0,0,0
1427452,1,"Liga Nacional","Liga Endesa",-402534000,NA,"https://www.acb.com/Documentos/Cabeceras/logo-competicion-1b.png","https://www.acb.com/Documentos/Cabeceras/logo-competicion-4a.png",73,2008,107,NA,NA,2099,13385,NA,NA,TRUE,1443,1443,118,"Regal FC Barcelona","Regal FCB","FCB",1446,346,"Kalise Gran Canaria","Kalise GC","GCA",1,81,12000,9,16,56.25,21,42,50,12,13,92.31,26,7,33,17,12,11,0,3,2,7,25,18,97,0,0,0,1,0,81,67,0,NA,0,0,0,0,0,0,0
1427453,1,"Liga Nacional","Liga Endesa",-402534000,NA,"https://www.acb.com/Documentos/Cabeceras/logo-competicion-1b.png","https://www.acb.com/Documentos/Cabeceras/logo-competicion-4a.png",73,2008,107,NA,NA,2099,13385,NA,NA,FALSE,1446,1443,118,"Regal FC Barcelona","Regal FCB","FCB",1446,346,"Kalise Gran Canaria","Kalise GC","GCA",1,67,12000,6,16,37.5,19,39,48.72,11,19,57.89,21,6,27,11,8,13,0,2,3,0,18,25,68,0,0,1,0,0,67,81,0,NA,0,0,0,0,0,0,0
1427534,1,"Liga Nacional","Liga Endesa",-402534000,NA,"https://www.acb.com/Documentos/Cabeceras/logo-competicion-1b.png","https://www.acb.com/Documentos/Cabeceras/logo-competicion-4a.png",73,2008,107,NA,NA,2100,13388,NA,NA,TRUE,1446,1446,346,"Kalise Gran Canaria","Kalise GC","GCA",1447,472,"MMT Estudiantes","MMT Estudiantes","MMT",1,95,12000,13,37,35.14,19,35,54.29,18,23,78.26,21,16,37,22,8,5,0,5,0,3,17,23,123,0,0,0,1,0,95,87,0,NA,0,0,0,0,0,0,0
1427535,1,"Liga Nacional","Liga Endesa",-402534000,NA,"https://www.acb.com/Documentos/Cabeceras/logo-competicion-1b.png","https://www.acb.com/Documentos/Cabeceras/logo-competicion-4a.png",73,2008,107,NA,NA,2100,13388,NA,NA,FALSE,1447,1446,346,"Kalise Gran Canaria","Kalise GC","GCA",1447,472,"MMT Estudiantes","MMT Estudiantes","MMT",1,87,12000,9,17,52.94,23,43,53.49,14,16,87.5,25,4,29,15,2,11,0,0,5,0,23,17,81,0,0,1,0,0,87,95,0,NA,0,0,0,0,0,0,0
1427560,1,"Liga Nacional","Liga Endesa",-402534000,NA,"https://www.acb.com/Documentos/Cabeceras/logo-competicion-1b.png","https://www.acb.com/Documentos/Cabeceras/logo-competicion-4a.png",73,2008,107,NA,NA,2100,13389,NA,NA,TRUE,1457,1457,975,"Pamesa Valencia","Pamesa Valencia","PAM",1455,893,"ViveMenorca","ViveMenorca","MEN",1,87,12000,10,20,50,17,29,58.62,23,28,82.14,33,6,39,16,7,16,0,5,3,1,25,27,110,0,0,0,1,0,87,56,0,NA,0,0,0,0,0,0,0
1427561,1,"Liga Nacional","Liga Endesa",-402534000,NA,"https://www.acb.com/Documentos/Cabeceras/logo-competicion-1b.png","https://www.acb.com/Documentos/Cabeceras/logo-competicion-4a.png",73,2008,107,NA,NA,2100,13389,NA,NA,FALSE,1455,1457,975,"Pamesa Valencia","Pamesa Valencia","PAM",1455,893,"ViveMenorca","ViveMenorca","MEN",1,56,12000,7,22,31.82,11,40,27.5,13,19,68.42,17,10,27,9,12,11,0,3,5,0,27,25,39,0,0,1,0,0,56,87,0,NA,0,0,0,0,0,0,0
1427588,1,"Liga Nacional","Liga Endesa",-402534000,NA,"https://www.acb.com/Documentos/Cabeceras/logo-competicion-1b.png","https://www.acb.com/Documentos/Cabeceras/logo-competicion-4a.png",73,2008,107,NA,NA,2100,13390,NA,NA,FALSE,1454,1456,912,"CB Murcia","CB Murcia","MUR",1454,872,"Ricoh Manresa","Ricoh Manresa","MAN",1,65,12000,6,13,46.15,18,33,54.55,11,16,68.75,26,5,31,10,9,16,0,5,5,2,18,16,70,0,0,0,1,0,65,56,0,NA,0,0,0,0,0,0,0
1427587,1,"Liga Nacional","Liga Endesa",-402534000,NA,"https://www.acb.com/Documentos/Cabeceras/logo-competicion-1b.png","https://www.acb.com/Documentos/Cabeceras/logo-competicion-4a.png",73,2008,107,NA,NA,2100,13390,NA,NA,TRUE,1456,1456,912,"CB Murcia","CB Murcia","MUR",1454,872,"Ricoh Manresa","Ricoh Manresa","MAN",1,56,12000,6,25,24,13,29,44.83,12,15,80,17,8,25,8,11,13,0,5,5,1,16,18,51,0,0,1,0,0,56,65,0,NA,0,0,0,0,0,0,0
1427642,1,"Liga Nacional","Liga Endesa",-402534000,NA,"https://www.acb.com/Documentos/Cabeceras/logo-competicion-1b.png","https://www.acb.com/Documentos/Cabeceras/logo-competicion-4a.png",73,2008,107,NA,NA,2100,13392,NA,NA,FALSE,1450,1445,289,"iurbentia Bilbao Basket","iurbentia BB","IBB",1450,11,"CB Granada","CB Granada","GRA",1,70,12000,10,27,37.04,12,22,54.55,16,27,59.26,27,8,35,9,7,13,0,4,2,0,20,22,74,0,0,0,1,0,70,69,0,NA,0,0,0,0,0,0,0
1427641,1,"Liga Nacional","Liga Endesa",-402534000,NA,"https://www.acb.com/Documentos/Cabeceras/logo-competicion-1b.png","https://www.acb.com/Documentos/Cabeceras/logo-competicion-4a.png",73,2008,107,NA,NA,2100,13392,NA,NA,TRUE,1445,1445,289,"iurbentia Bilbao Basket","iurbentia BB","IBB",1450,11,"CB Granada","CB Granada","GRA",1,69,12000,5,23,21.74,21,37,56.76,12,14,85.71,23,9,32,16,7,8,0,2,4,0,22,20,76,0,0,1,0,0,69,70,0,NA,0,0,0,0,0,0,0
1427670,1,"Liga Nacional","Liga Endesa",-402534000,NA,"https://www.acb.com/Documentos/Cabeceras/logo-competicion-1b.png","https://www.acb.com/Documentos/Cabeceras/logo-competicion-4a.png",73,2008,107,NA,NA,2100,13393,NA,NA,TRUE,1444,1444,234,"TAU Cerámica","TAU Cerámica","TAU",1449,508,"Bruesa GBC","Bruesa GBC","GBC",1,95,12000,5,16,31.25,30,51,58.82,20,22,90.91,29,7,36,17,10,8,0,1,2,3,18,22,119,0,0,0,1,0,95,69,0,NA,0,0,0,0,0,0,0
1427671,1,"Liga Nacional","Liga Endesa",-402534000,NA,"https://www.acb.com/Documentos/Cabeceras/logo-competicion-1b.png","https://www.acb.com/Documentos/Cabeceras/logo-competicion-4a.png",73,2008,107,NA,NA,2100,13393,NA,NA,FALSE,1449,1444,234,"TAU Cerámica","TAU Cerámica","TAU",1449,508,"Bruesa GBC","Bruesa GBC","GBC",1,69,12000,7,28,25,18,35,51,12,15,80,23,10,33,14,6,16,0,2,1,0,22,18,62,0,0,12,0,0,69,95,0,0,0,0,0,0,0,0,0
1427697,1,"Liga Nacional","Liga Endesa",-402534000,NA,"https://www.acb.com/Documentos/Cabeceras/logo-competicion-1b.png","https://www.acb.com/Documentos/Cabeceras/logo-competicion-4a.png",73,2008,107,NA,NA,2100,13394,NA,NA,TRUE,1459,1459,1137,"Cajasol","Cajasol","CAJ",1453,775,"Real Madrid","Real Madrid","RMB",1,92,15000,7,25,28,21,41,51.22,29,33,87.88,24,10,34,15,8,18,0,4,0,4,29,29,93,0,0,1,0,0,92,95,0,NA,0,0,0,0,0,0,0
1427698,1,"Liga Nacional","Liga Endesa",-402534000,NA,"https://www.acb.com/Documentos/Cabeceras/logo-competicion-1b.png","https://www.acb.com/Documentos/Cabeceras/logo-competicion-4a.png",73,2008,107,NA,NA,2100,13394,NA,NA,FALSE,1453,1459,1137,"Cajasol","Cajasol","CAJ",1453,775,"Real Madrid","Real Madrid","RMB",1,95,15000,13,30,43.33,15,36,41.67,26,38,68.42,27,15,42,19,14,16,0,0,4,2,29,29,100,0,0,0,1,0,95,92,0,NA,0,0,0,0,0,0,0
1427509,1,"Liga Nacional","Liga Endesa",-402534000,NA,"https://www.acb.com/Documentos/Cabeceras/logo-competicion-1b.png","https://www.acb.com/Documentos/Cabeceras/logo-competicion-4a.png",73,2008,107,NA,NA,2100,13387,NA,NA,FALSE,1443,1452,1160,"CAI Zaragoza","CAI Zaragoza","CAI",1443,118,"Regal FC Barcelona","Regal FCB","FCB",1,85,12000,7,22,31.82,24,36,66.67,16,21,76.19,21,5,26,19,9,9,0,4,1,6,20,20,101,0,0,0,1,0,85,78,0,NA,0,0,0,0,0,0,0
1427508,1,"Liga Nacional","Liga Endesa",-402534000,NA,"https://www.acb.com/Documentos/Cabeceras/logo-competicion-1b.png","https://www.acb.com/Documentos/Cabeceras/logo-competicion-4a.png",73,2008,107,NA,NA,2100,13387,NA,NA,TRUE,1452,1452,1160,"CAI Zaragoza","CAI Zaragoza","CAI",1443,118,"Regal FC Barcelona","Regal FCB","FCB",1,78,12000,10,20,50,18,36,50,12,16,75,22,8,30,19,10,17,0,1,4,0,20,20,85,0,0,1,0,0,78,85,0,NA,0,0,0,0,0,0,0
1427614,1,"Liga Nacional","Liga Endesa",-402534000,NA,"https://www.acb.com/Documentos/Cabeceras/logo-competicion-1b.png","https://www.acb.com/Documentos/Cabeceras/logo-competicion-4a.png",73,2008,107,NA,NA,2100,13391,NA,NA,TRUE,1451,1451,639,"DKV Joventut","DKV Joventut","DKV",1458,1078,"Unicaja","Unicaja","UNI",1,70,12000,5,30,16.67,18,34,52.94,19,26,73.08,21,14,35,14,11,12,0,4,0,4,24,25,75,0,0,1,0,0,70,79,0,NA,0,0,0,0,0,0,0
1427615,1,"Liga Nacional","Liga Endesa",-402534000,NA,"https://www.acb.com/Documentos/Cabeceras/logo-competicion-1b.png","https://www.acb.com/Documentos/Cabeceras/logo-competicion-4a.png",73,2008,107,NA,NA,2100,13391,NA,NA,FALSE,1458,1451,639,"DKV Joventut","DKV Joventut","DKV",1458,1078,"Unicaja","Unicaja","UNI",1,79,12000,9,25,36,16,37,43.24,20,25,80,29,14,43,20,11,17,0,0,4,3,25,24,89,0,0,0,1,0,79,70,0,NA,0,0,0,0,0,0,0
1427831,1,"Liga Nacional","Liga Endesa",-402534000,NA,"https://www.acb.com/Documentos/Cabeceras/logo-competicion-1b.png","https://www.acb.com/Documentos/Cabeceras/logo-competicion-4a.png",73,2008,107,NA,NA,2101,13399,NA,NA,TRUE,1454,1454,872,"Ricoh Manresa","Ricoh Manresa","MAN",1457,975,"Pamesa Valencia","Pamesa Valencia","PAM",1,74,12000,3,20,15,17,43,39.53,31,39,79.49,17,17,34,14,15,9,0,2,5,1,22,30,82,0,0,0,1,0,74,73,0,NA,0,0,0,0,0,0,0
1427832,1,"Liga Nacional","Liga Endesa",-402534000,NA,"https://www.acb.com/Documentos/Cabeceras/logo-competicion-1b.png","https://www.acb.com/Documentos/Cabeceras/logo-competicion-4a.png",73,2008,107,NA,NA,2101,13399,NA,NA,FALSE,1457,1454,872,"Ricoh Manresa","Ricoh Manresa","MAN",1457,975,"Pamesa Valencia","Pamesa Valencia","PAM",1,73,12000,7,20,35,19,38,50,14,20,70,27,13,40,11,7,22,0,5,2,1,30,22,66,0,0,1,0,0,73,74,0,NA,0,0,0,0,0,0,0
1427751,1,"Liga Nacional","Liga Endesa",-402534000,NA,"https://www.acb.com/Documentos/Cabeceras/logo-competicion-1b.png","https://www.acb.com/Documentos/Cabeceras/logo-competicion-4a.png",73,2008,107,NA,NA,2101,13396,NA,NA,TRUE,1449,1449,508,"Bruesa GBC","Bruesa GBC","GBC",1445,289,"iurbentia Bilbao Basket","iurbentia BB","IBB",1,87,12000,13,24,54.17,19,29,65.52,10,12,83.33,29,5,34,19,7,17,0,3,3,0,22,18,103,0,0,0,1,0,87,73,0,NA,0,0,0,0,0,0,0
1427752,1,"Liga Nacional","Liga Endesa",-402534000,NA,"https://www.acb.com/Documentos/Cabeceras/logo-competicion-1b.png","https://www.acb.com/Documentos/Cabeceras/logo-competicion-4a.png",73,2008,107,NA,NA,2101,13396,NA,NA,FALSE,1445,1449,508,"Bruesa GBC","Bruesa GBC","GBC",1445,289,"iurbentia Bilbao Basket","iurbentia BB","IBB",1,73,12000,9,26,34.62,15,31,48.39,16,20,80,18,7,25,11,10,10,0,3,3,0,18,22,76,0,0,1,0,0,73,87,0,NA,0,0,0,0,0,0,0
1427777,1,"Liga Nacional","Liga Endesa",-402534000,NA,"https://www.acb.com/Documentos/Cabeceras/logo-competicion-1b.png","https://www.acb.com/Documentos/Cabeceras/logo-competicion-4a.png",73,2008,107,NA,NA,2101,13397,NA,NA,TRUE,1450,1450,11,"CB Granada","CB Granada","GRA",1451,639,"DKV Joventut","DKV Joventut","DKV",1,86,12000,8,22,36.36,21,41,51.22,20,28,71.43,22,8,30,15,9,11,0,4,1,4,17,23,96,0,0,1,0,0,86,92,0,NA,0,0,0,0,0,0,0
1427778,1,"Liga Nacional","Liga Endesa",-402534000,NA,"https://www.acb.com/Documentos/Cabeceras/logo-competicion-1b.png","https://www.acb.com/Documentos/Cabeceras/logo-competicion-4a.png",73,2008,107,NA,NA,2101,13397,NA,NA,FALSE,1451,1450,11,"CB Granada","CB Granada","GRA",1451,639,"DKV Joventut","DKV Joventut","DKV",1,92,12000,14,29,48.28,19,38,50,12,15,80,26,13,39,18,9,15,0,1,4,2,23,17,97,0,0,0,1,0,92,86,0,NA,0,0,0,0,0,0,0
1427857,1,"Liga Nacional","Liga Endesa",-402534000,NA,"https://www.acb.com/Documentos/Cabeceras/logo-competicion-1b.png","https://www.acb.com/Documentos/Cabeceras/logo-competicion-4a.png",73,2008,107,NA,NA,2101,13400,NA,NA,TRUE,1455,1455,893,"ViveMenorca","ViveMenorca","MEN",1446,346,"Kalise Gran Canaria","Kalise GC","GCA",1,64,12000,2,21,9.52,25,48,52.08,8,13,61.54,20,14,34,8,10,13,0,5,3,0,22,21,57,0,0,1,0,0,64,67,0,NA,0,0,0,0,0,0,0
1427858,1,"Liga Nacional","Liga Endesa",-402534000,NA,"https://www.acb.com/Documentos/Cabeceras/logo-competicion-1b.png","https://www.acb.com/Documentos/Cabeceras/logo-competicion-4a.png",73,2008,107,NA,NA,2101,13400,NA,NA,FALSE,1446,1455,893,"ViveMenorca","ViveMenorca","MEN",1446,346,"Kalise Gran Canaria","Kalise GC","GCA",1,67,12000,3,12,25,24,44,54.55,10,19,52.63,27,12,39,10,7,21,0,3,5,2,21,22,63,0,0,0,1,0,67,64,0,NA,0,0,0,0,0,0,0
1427910,1,"Liga Nacional","Liga Endesa",-402534000,NA,"https://www.acb.com/Documentos/Cabeceras/logo-competicion-1b.png","https://www.acb.com/Documentos/Cabeceras/logo-competicion-4a.png",73,2008,107,NA,NA,2101,13402,NA,NA,TRUE,1443,1443,118,"Regal FC Barcelona","Regal FCB","FCB",1448,1205,"Alta Gestión Fuenlabrada","Alta Gestión F.","AGF",1,95,12000,11,25,44,21,36,58.33,20,24,83.33,16,8,24,21,11,8,0,2,2,6,14,20,116,0,0,0,1,0,95,91,0,NA,0,0,0,0,0,0,0
1427911,1,"Liga Nacional","Liga Endesa",-402534000,NA,"https://www.acb.com/Documentos/Cabeceras/logo-competicion-1b.png","https://www.acb.com/Documentos/Cabeceras/logo-competicion-4a.png",73,2008,107,NA,NA,2101,13402,NA,NA,FALSE,1448,1443,118,"Regal FC Barcelona","Regal FCB","FCB",1448,1205,"Alta Gestión Fuenlabrada","Alta Gestión F.","AGF",1,91,12000,16,27,59.26,17,31,54.84,9,9,100,20,7,27,16,6,18,0,2,2,2,20,14,91,0,0,1,0,0,91,95,0,NA,0,0,0,0,0,0,0
1427884,1,"Liga Nacional","Liga Endesa",-402534000,NA,"https://www.acb.com/Documentos/Cabeceras/logo-competicion-1b.png","https://www.acb.com/Documentos/Cabeceras/logo-competicion-4a.png",73,2008,107,NA,NA,2101,13401,NA,NA,TRUE,1447,1447,472,"MMT Estudiantes","MMT Estudiantes","MMT",1452,1160,"CAI Zaragoza","CAI Zaragoza","CAI",1,89,12000,6,15,40,19,36,52.78,33,38,86.84,26,12,38,14,10,20,0,1,4,1,23,28,102,0,0,0,1,0,89,78,0,NA,0,0,0,0,0,0,0
1427885,1,"Liga Nacional","Liga Endesa",-402534000,NA,"https://www.acb.com/Documentos/Cabeceras/logo-competicion-1b.png","https://www.acb.com/Documentos/Cabeceras/logo-competicion-4a.png",73,2008,107,NA,NA,2101,13401,NA,NA,FALSE,1452,1447,472,"MMT Estudiantes","MMT Estudiantes","MMT",1452,1160,"CAI Zaragoza","CAI Zaragoza","CAI",1,78,12000,6,30,20,21,32,65.62,18,24,75,15,11,26,18,10,14,0,4,1,1,28,23,75,0,0,1,0,0,78,89,0,NA,0,0,0,0,0,0,0
1427725,1,"Liga Nacional","Liga Endesa",-402534000,NA,"https://www.acb.com/Documentos/Cabeceras/logo-competicion-1b.png","https://www.acb.com/Documentos/Cabeceras/logo-competicion-4a.png",73,2008,107,NA,NA,2101,13395,NA,NA,FALSE,1444,1453,775,"Real Madrid","Real Madrid","RMB",1444,234,"TAU Cerámica","TAU Cerámica","TAU",1,79,12000,10,32,31.25,16,38,42.11,17,26,65.38,26,11,37,17,7,7,0,3,0,4,28,25,80,0,0,1,0,0,79,81,0,NA,0,0,0,0,0,0,0
1427724,1,"Liga Nacional","Liga Endesa",-402534000,NA,"https://www.acb.com/Documentos/Cabeceras/logo-competicion-1b.png","https://www.acb.com/Documentos/Cabeceras/logo-competicion-4a.png",73,2008,107,NA,NA,2101,13395,NA,NA,TRUE,1453,1453,775,"Real Madrid","Real Madrid","RMB",1444,234,"TAU Cerámica","TAU Cerámica","TAU",1,81,12000,10,25,40,14,37,37.84,23,32,71.88,35,15,50,15,6,14,0,0,3,2,25,28,91,0,0,0,1,0,81,79,0,NA,0,0,0,0,0,0,0
1427804,1,"Liga Nacional","Liga Endesa",-402534000,NA,"https://www.acb.com/Documentos/Cabeceras/logo-competicion-1b.png","https://www.acb.com/Documentos/Cabeceras/logo-competicion-4a.png",73,2008,107,NA,NA,2101,13398,NA,NA,TRUE,1458,1458,1078,"Unicaja","Unicaja","UNI",1456,912,"CB Murcia","CB Murcia","MUR",1,74,12000,5,23,21.74,21,38,55.26,17,21,80.95,19,11,30,12,8,13,0,4,5,3,17,26,80,0,0,1,0,0,74,78,0,NA,0,0,0,0,0,0,0
1427805,1,"Liga Nacional","Liga Endesa",-402534000,NA,"https://www.acb.com/Documentos/Cabeceras/logo-competicion-1b.png","https://www.acb.com/Documentos/Cabeceras/logo-competicion-4a.png",73,2008,107,NA,NA,2101,13398,NA,NA,FALSE,1456,1458,1078,"Unicaja","Unicaja","UNI",1456,912,"CB Murcia","CB Murcia","MUR",1,78,12000,9,22,40.91,20,38,52.63,11,12,91.67,23,9,32,13,9,16,0,5,4,2,26,17,76,0,0,0,1,0,78,74,0,NA,0,0,0,0,0,0,0
1427991,1,"Liga Nacional","Liga Endesa",-402534000,NA,"https://www.acb.com/Documentos/Cabeceras/logo-competicion-1b.png","https://www.acb.com/Documentos/Cabeceras/logo-competicion-4a.png",73,2008,107,NA,NA,2102,13405,NA,NA,TRUE,1446,1446,346,"Kalise Gran Canaria","Kalise GC","GCA",1454,872,"Ricoh Manresa","Ricoh Manresa","MAN",1,89,12000,11,27,40.74,24,42,57.14,8,12,66.67,28,15,43,23,9,15,0,2,5,3,15,16,109,0,0,0,1,0,89,65,0,NA,0,0,0,0,0,0,0
1427992,1,"Liga Nacional","Liga Endesa",-402534000,NA,"https://www.acb.com/Documentos/Cabeceras/logo-competicion-1b.png","https://www.acb.com/Documentos/Cabeceras/logo-competicion-4a.png",73,2008,107,NA,NA,2102,13405,NA,NA,FALSE,1454,1446,346,"Kalise Gran Canaria","Kalise GC","GCA",1454,872,"Ricoh Manresa","Ricoh Manresa","MAN",1,65,12000,7,17,41.18,17,41,41.46,10,11,90.91,21,6,27,15,8,17,0,5,2,5,16,15,65,0,0,1,0,0,65,89,0,NA,0,0,0,0,0,0,0
1427937,1,"Liga Nacional","Liga Endesa",-402534000,NA,"https://www.acb.com/Documentos/Cabeceras/logo-competicion-1b.png","https://www.acb.com/Documentos/Cabeceras/logo-competicion-4a.png",73,2008,107,NA,NA,2102,13403,NA,NA,TRUE,1448,1448,1205,"Alta Gestión Fuenlabrada","Alta Gestión F.","AGF",1447,472,"MMT Estudiantes","MMT Estudiantes","MMT",1,97,13500,13,33,39.39,15,27,55.56,28,37,75.68,31,11,42,10,8,19,0,3,2,2,24,28,102,0,0,0,1,0,97,89,0,NA,0,0,0,0,0,0,0
1427938,1,"Liga Nacional","Liga Endesa",-402534000,NA,"https://www.acb.com/Documentos/Cabeceras/logo-competicion-1b.png","https://www.acb.com/Documentos/Cabeceras/logo-competicion-4a.png",73,2008,107,NA,NA,2102,13403,NA,NA,FALSE,1447,1448,1205,"Alta Gestión Fuenlabrada","Alta Gestión F.","AGF",1447,472,"MMT Estudiantes","MMT Estudiantes","MMT",1,89,13500,8,29,27.59,23,47,48.94,19,24,79.17,23,14,37,16,11,12,0,2,3,0,28,24,86,0,0,1,0,0,89,97,0,NA,0,0,0,0,0,0,0
1428017,1,"Liga Nacional","Liga Endesa",-402534000,NA,"https://www.acb.com/Documentos/Cabeceras/logo-competicion-1b.png","https://www.acb.com/Documentos/Cabeceras/logo-competicion-4a.png",73,2008,107,NA,NA,2102,13406,NA,NA,FALSE,1458,1457,975,"Pamesa Valencia","Pamesa Valencia","PAM",1458,1078,"Unicaja","Unicaja","UNI",1,83,12000,10,30,33.33,13,25,52,27,31,87.1,27,12,39,18,4,14,0,5,1,2,22,27,103,0,0,0,1,0,83,79,0,NA,0,0,0,0,0,0,0
1428016,1,"Liga Nacional","Liga Endesa",-402534000,NA,"https://www.acb.com/Documentos/Cabeceras/logo-competicion-1b.png","https://www.acb.com/Documentos/Cabeceras/logo-competicion-4a.png",73,2008,107,NA,NA,2102,13406,NA,NA,TRUE,1457,1457,975,"Pamesa Valencia","Pamesa Valencia","PAM",1458,1078,"Unicaja","Unicaja","UNI",1,79,12000,8,24,33.33,18,41,43.9,19,23,82.61,17,15,32,12,9,9,0,1,5,1,27,22,71,0,0,1,0,0,79,83,0,NA,0,0,0,0,0,0,0
1428044,1,"Liga Nacional","Liga Endesa",-402534000,NA,"https://www.acb.com/Documentos/Cabeceras/logo-competicion-1b.png","https://www.acb.com/Documentos/Cabeceras/logo-competicion-4a.png",73,2008,107,NA,NA,2102,13407,NA,NA,TRUE,1456,1456,912,"CB Murcia","CB Murcia","MUR",1450,11,"CB Granada","CB Granada","GRA",1,78,12000,6,22,27.27,23,48,47.92,14,14,100,21,16,37,10,7,10,0,3,3,1,21,18,78,0,0,0,1,0,78,75,0,NA,0,0,0,0,0,0,0
1428045,1,"Liga Nacional","Liga Endesa",-402534000,NA,"https://www.acb.com/Documentos/Cabeceras/logo-competicion-1b.png","https://www.acb.com/Documentos/Cabeceras/logo-competicion-4a.png",73,2008,107,NA,NA,2102,13407,NA,NA,FALSE,1450,1456,912,"CB Murcia","CB Murcia","MUR",1450,11,"CB Granada","CB Granada","GRA",1,75,12000,5,17,29.41,22,40,55,16,19,84.21,26,8,34,8,5,13,0,3,3,3,18,21,79,0,0,1,0,0,75,78,0,NA,0,0,0,0,0,0,0
1428070,1,"Liga Nacional","Liga Endesa",-402534000,NA,"https://www.acb.com/Documentos/Cabeceras/logo-competicion-1b.png","https://www.acb.com/Documentos/Cabeceras/logo-competicion-4a.png",73,2008,107,NA,NA,2102,13408,NA,NA,TRUE,1451,1451,639,"DKV Joventut","DKV Joventut","DKV",1449,508,"Bruesa GBC","Bruesa GBC","GBC",1,106,12000,12,19,63.16,31,44,70.45,8,10,80,26,7,33,24,10,16,0,4,1,7,23,16,131,0,0,0,1,0,106,70,0,NA,0,0,0,0,0,0,0
1428071,1,"Liga Nacional","Liga Endesa",-402534000,NA,"https://www.acb.com/Documentos/Cabeceras/logo-competicion-1b.png","https://www.acb.com/Documentos/Cabeceras/logo-competicion-4a.png",73,2008,107,NA,NA,2102,13408,NA,NA,FALSE,1449,1451,639,"DKV Joventut","DKV Joventut","DKV",1449,508,"Bruesa GBC","Bruesa GBC","GBC",1,70,12000,4,21,19.05,20,37,54.05,18,27,66.67,14,12,26,15,13,18,0,1,4,2,16,23,67,0,0,1,0,0,70,106,0,NA,0,0,0,0,0,0,0
1427964,1,"Liga Nacional","Liga Endesa",-402534000,NA,"https://www.acb.com/Documentos/Cabeceras/logo-competicion-1b.png","https://www.acb.com/Documentos/Cabeceras/logo-competicion-4a.png",73,2008,107,NA,NA,2102,13404,NA,NA,TRUE,1452,1452,1160,"CAI Zaragoza","CAI Zaragoza","CAI",1455,893,"ViveMenorca","ViveMenorca","MEN",1,83,12000,2,16,12.5,26,40,65,25,36,69.44,22,13,35,15,9,13,0,4,3,2,27,30,94,0,0,0,1,0,83,70,0,NA,0,0,0,0,0,0,0
1427965,1,"Liga Nacional","Liga Endesa",-402534000,NA,"https://www.acb.com/Documentos/Cabeceras/logo-competicion-1b.png","https://www.acb.com/Documentos/Cabeceras/logo-competicion-4a.png",73,2008,107,NA,NA,2102,13404,NA,NA,FALSE,1455,1452,1160,"CAI Zaragoza","CAI Zaragoza","CAI",1455,893,"ViveMenorca","ViveMenorca","MEN",1,70,12000,6,18,33.33,15,33,45.45,22,29,75.86,16,7,23,12,9,15,0,3,4,0,30,27,58,0,0,1,0,0,70,83,0,NA,0,0,0,0,0,0,0
1428123,1,"Liga Nacional","Liga Endesa",-402534000,NA,"https://www.acb.com/Documentos/Cabeceras/logo-competicion-1b.png","https://www.acb.com/Documentos/Cabeceras/logo-competicion-4a.png",73,2008,107,NA,NA,2102,13410,NA,NA,TRUE,1444,1444,234,"TAU Cerámica","TAU Cerámica","TAU",1459,1137,"Cajasol","Cajasol","CAJ",1,92,12000,7,19,36.84,27,49,55.1,17,24,70.83,26,15,41,22,9,8,0,3,4,1,17,21,118,0,0,0,1,0,92,75,0,NA,0,0,0,0,0,0,0
1428124,1,"Liga Nacional","Liga Endesa",-402534000,NA,"https://www.acb.com/Documentos/Cabeceras/logo-competicion-1b.png","https://www.acb.com/Documentos/Cabeceras/logo-competicion-4a.png",73,2008,107,NA,NA,2102,13410,NA,NA,FALSE,1459,1444,234,"TAU Cerámica","TAU Cerámica","TAU",1459,1137,"Cajasol","Cajasol","CAJ",1,75,12000,10,25,40,16,42,38.1,13,15,86.67,19,14,33,11,7,13,0,4,3,2,21,17,67,0,0,1,0,0,75,92,0,NA,0,0,0,0,0,0,0
1428097,1,"Liga Nacional","Liga Endesa",-402534000,NA,"https://www.acb.com/Documentos/Cabeceras/logo-competicion-1b.png","https://www.acb.com/Documentos/Cabeceras/logo-competicion-4a.png",73,2008,107,NA,NA,2102,13409,NA,NA,TRUE,1445,1445,289,"iurbentia Bilbao Basket","iurbentia BB","IBB",1453,775,"Real Madrid","Real Madrid","RMB",1,88,12000,12,31,38.71,17,34,50,18,23,78.26,20,18,38,17,8,12,0,2,5,3,26,25,94,0,0,0,1,0,88,81,0,NA,0,0,0,0,0,0,0
1428098,1,"Liga Nacional","Liga Endesa",-402534000,NA,"https://www.acb.com/Documentos/Cabeceras/logo-competicion-1b.png","https://www.acb.com/Documentos/Cabeceras/logo-competicion-4a.png",73,2008,107,NA,NA,2102,13409,NA,NA,FALSE,1453,1445,289,"iurbentia Bilbao Basket","iurbentia BB","IBB",1453,775,"Real Madrid","Real Madrid","RMB",1,81,12000,5,17,29.41,19,36,52.78,28,32,87.5,20,11,31,9,7,12,0,5,2,1,25,26,87,0,0,1,0,0,81,88,0,NA,0,0,0,0,0,0,0
1428205,1,"Liga Nacional","Liga Endesa",-402534000,NA,"https://www.acb.com/Documentos/Cabeceras/logo-competicion-1b.png","https://www.acb.com/Documentos/Cabeceras/logo-competicion-4a.png",73,2008,107,NA,NA,2103,13413,NA,NA,FALSE,1456,1449,508,"Bruesa GBC","Bruesa GBC","GBC",1456,912,"CB Murcia","CB Murcia","MUR",1,83,13500,9,21,42.86,20,42,47.62,16,20,80,26,12,38,8,9,16,0,3,1,3,21,24,89,0,0,1,0,0,83,84,0,NA,0,0,0,0,0,0,0
1428204,1,"Liga Nacional","Liga Endesa",-402534000,NA,"https://www.acb.com/Documentos/Cabeceras/logo-competicion-1b.png","https://www.acb.com/Documentos/Cabeceras/logo-competicion-4a.png",73,2008,107,NA,NA,2103,13413,NA,NA,TRUE,1449,1449,508,"Bruesa GBC","Bruesa GBC","GBC",1456,912,"CB Murcia","CB Murcia","MUR",1,84,13500,10,26,38,23,49,46,8,15,53,24,18,42,18,14,13,0,1,3,2,24,21,91,0,0,0,11,0,84,83,0,0,0,0,0,0,0,0,0
1428230,1,"Liga Nacional","Liga Endesa",-402534000,NA,"https://www.acb.com/Documentos/Cabeceras/logo-competicion-1b.png","https://www.acb.com/Documentos/Cabeceras/logo-competicion-4a.png",73,2008,107,NA,NA,2103,13414,NA,NA,TRUE,1450,1450,11,"CB Granada","CB Granada","GRA",1457,975,"Pamesa Valencia","Pamesa Valencia","PAM",1,69,12000,9,23,39.13,16,32,50,10,20,50,23,7,30,16,9,12,0,3,2,3,17,20,76,0,0,1,0,0,69,71,0,NA,0,0,0,0,0,0,0
1428231,1,"Liga Nacional","Liga Endesa",-402534000,NA,"https://www.acb.com/Documentos/Cabeceras/logo-competicion-1b.png","https://www.acb.com/Documentos/Cabeceras/logo-competicion-4a.png",73,2008,107,NA,NA,2103,13414,NA,NA,FALSE,1457,1450,11,"CB Granada","CB Granada","GRA",1457,975,"Pamesa Valencia","Pamesa Valencia","PAM",1,71,12000,6,18,33.33,22,38,57.89,9,13,69.23,25,7,32,6,5,14,0,2,3,3,20,17,64,0,0,0,1,0,71,69,0,NA,0,0,0,0,0,0,0
1428311,1,"Liga Nacional","Liga Endesa",-402534000,NA,"https://www.acb.com/Documentos/Cabeceras/logo-competicion-1b.png","https://www.acb.com/Documentos/Cabeceras/logo-competicion-4a.png",73,2008,107,NA,NA,2103,13417,NA,NA,TRUE,1455,1455,893,"ViveMenorca","ViveMenorca","MEN",1448,1205,"Alta Gestión Fuenlabrada","Alta Gestión F.","AGF",1,78,12000,5,21,23.81,18,39,46.15,27,37,72.97,27,17,44,11,5,10,0,0,4,0,18,28,87,0,0,0,1,0,78,75,0,NA,0,0,0,0,0,0,0
1428312,1,"Liga Nacional","Liga Endesa",-402534000,NA,"https://www.acb.com/Documentos/Cabeceras/logo-competicion-1b.png","https://www.acb.com/Documentos/Cabeceras/logo-competicion-4a.png",73,2008,107,NA,NA,2103,13417,NA,NA,FALSE,1448,1455,893,"ViveMenorca","ViveMenorca","MEN",1448,1205,"Alta Gestión Fuenlabrada","Alta Gestión F.","AGF",1,75,12000,10,26,38.46,17,36,47.22,11,13,84.62,24,7,31,7,5,11,0,4,0,2,28,18,64,0,0,1,0,0,75,78,0,NA,0,0,0,0,0,0,0
1428338,1,"Liga Nacional","Liga Endesa",-402534000,NA,"https://www.acb.com/Documentos/Cabeceras/logo-competicion-1b.png","https://www.acb.com/Documentos/Cabeceras/logo-competicion-4a.png",73,2008,107,NA,NA,2103,13418,NA,NA,TRUE,1447,1447,472,"MMT Estudiantes","MMT Estudiantes","MMT",1443,118,"Regal FC Barcelona","Regal FCB","FCB",1,68,12000,3,15,20,22,48,45.83,15,19,78.95,22,11,33,11,7,13,0,2,4,2,22,21,61,0,0,1,0,0,68,78,0,NA,0,0,0,0,0,0,0
1428339,1,"Liga Nacional","Liga Endesa",-402534000,NA,"https://www.acb.com/Documentos/Cabeceras/logo-competicion-1b.png","https://www.acb.com/Documentos/Cabeceras/logo-competicion-4a.png",73,2008,107,NA,NA,2103,13418,NA,NA,FALSE,1443,1447,472,"MMT Estudiantes","MMT Estudiantes","MMT",1443,118,"Regal FC Barcelona","Regal FCB","FCB",1,78,12000,8,23,34.78,21,34,61.76,12,18,66.67,27,6,33,21,6,14,0,4,2,3,21,22,93,0,0,0,1,0,78,68,0,NA,0,0,0,0,0,0,0
1428285,1,"Liga Nacional","Liga Endesa",-402534000,NA,"https://www.acb.com/Documentos/Cabeceras/logo-competicion-1b.png","https://www.acb.com/Documentos/Cabeceras/logo-competicion-4a.png",73,2008,107,NA,NA,2103,13416,NA,NA,FALSE,1452,1454,872,"Ricoh Manresa","Ricoh Manresa","MAN",1452,1160,"CAI Zaragoza","CAI Zaragoza","CAI",1,71,12000,7,21,33.33,15,33,45.45,20,22,90.91,25,4,29,15,10,20,0,0,5,1,22,24,68,0,0,0,1,0,71,67,0,NA,0,0,0,0,0,0,0
1428284,1,"Liga Nacional","Liga Endesa",-402534000,NA,"https://www.acb.com/Documentos/Cabeceras/logo-competicion-1b.png","https://www.acb.com/Documentos/Cabeceras/logo-competicion-4a.png",73,2008,107,NA,NA,2103,13416,NA,NA,TRUE,1454,1454,872,"Ricoh Manresa","Ricoh Manresa","MAN",1452,1160,"CAI Zaragoza","CAI Zaragoza","CAI",1,67,12000,4,30,13.33,21,42,50,13,15,86.67,27,16,43,11,11,20,0,5,0,4,24,22,66,0,0,1,0,0,67,71,0,NA,0,0,0,0,0,0,0
1428151,1,"Liga Nacional","Liga Endesa",-402534000,NA,"https://www.acb.com/Documentos/Cabeceras/logo-competicion-1b.png","https://www.acb.com/Documentos/Cabeceras/logo-competicion-4a.png",73,2008,107,NA,NA,2103,13411,NA,NA,FALSE,1445,1459,1137,"Cajasol","Cajasol","CAJ",1445,289,"iurbentia Bilbao Basket","iurbentia BB","IBB",1,66,12000,9,25,36,16,29,55.17,7,14,50,13,12,25,16,6,20,0,2,5,0,23,18,49,0,0,1,0,0,66,80,0,NA,0,0,0,0,0,0,0
1428150,1,"Liga Nacional","Liga Endesa",-402534000,NA,"https://www.acb.com/Documentos/Cabeceras/logo-competicion-1b.png","https://www.acb.com/Documentos/Cabeceras/logo-competicion-4a.png",73,2008,107,NA,NA,2103,13411,NA,NA,TRUE,1459,1459,1137,"Cajasol","Cajasol","CAJ",1445,289,"iurbentia Bilbao Basket","iurbentia BB","IBB",1,80,12000,9,18,50,16,33,48.48,21,26,80.77,19,13,32,15,13,14,0,5,2,1,18,23,103,0,0,0,1,0,80,66,0,NA,0,0,0,0,0,0,0
1428256,1,"Liga Nacional","Liga Endesa",-402534000,NA,"https://www.acb.com/Documentos/Cabeceras/logo-competicion-1b.png","https://www.acb.com/Documentos/Cabeceras/logo-competicion-4a.png",73,2008,107,NA,NA,2103,13415,NA,NA,TRUE,1458,1458,1078,"Unicaja","Unicaja","UNI",1446,346,"Kalise Gran Canaria","Kalise GC","GCA",1,91,12000,8,24,33.33,24,35,68.57,19,25,76,27,10,37,15,8,17,0,3,4,4,21,19,98,0,0,0,1,0,91,78,0,NA,0,0,0,0,0,0,0
1428257,1,"Liga Nacional","Liga Endesa",-402534000,NA,"https://www.acb.com/Documentos/Cabeceras/logo-competicion-1b.png","https://www.acb.com/Documentos/Cabeceras/logo-competicion-4a.png",73,2008,107,NA,NA,2103,13415,NA,NA,FALSE,1446,1458,1078,"Unicaja","Unicaja","UNI",1446,346,"Kalise Gran Canaria","Kalise GC","GCA",1,78,12000,7,22,31.82,21,41,51.22,15,19,78.95,19,8,27,10,8,16,0,4,3,0,19,21,71,0,0,1,0,0,78,91,0,NA,0,0,0,0,0,0,0
1428177,1,"Liga Nacional","Liga Endesa",-402534000,NA,"https://www.acb.com/Documentos/Cabeceras/logo-competicion-1b.png","https://www.acb.com/Documentos/Cabeceras/logo-competicion-4a.png",73,2008,107,NA,NA,2103,13412,NA,NA,TRUE,1453,1453,775,"Real Madrid","Real Madrid","RMB",1451,639,"DKV Joventut","DKV Joventut","DKV",1,100,12000,9,24,37.5,29,43,67.44,15,19,78.95,19,10,29,23,12,12,0,4,1,2,20,17,119,0,0,0,1,0,100,88,0,NA,0,0,0,0,0,0,0
1428178,1,"Liga Nacional","Liga Endesa",-402534000,NA,"https://www.acb.com/Documentos/Cabeceras/logo-competicion-1b.png","https://www.acb.com/Documentos/Cabeceras/logo-competicion-4a.png",73,2008,107,NA,NA,2103,13412,NA,NA,FALSE,1451,1453,775,"Real Madrid","Real Madrid","RMB",1451,639,"DKV Joventut","DKV Joventut","DKV",1,88,12000,11,24,45.83,20,35,57.14,15,21,71.43,20,9,29,23,5,17,0,1,4,3,17,20,94,0,0,1,0,0,88,100,0,NA,0,0,0,0,0,0,0
1428528,1,"Liga Nacional","Liga Endesa",-402534000,NA,"https://www.acb.com/Documentos/Cabeceras/logo-competicion-1b.png","https://www.acb.com/Documentos/Cabeceras/logo-competicion-4a.png",73,2008,107,NA,NA,2104,13425,NA,NA,TRUE,1451,1451,639,"DKV Joventut","DKV Joventut","DKV",1459,1137,"Cajasol","Cajasol","CAJ",1,81,12000,14,31,45.16,10,25,40,19,20,95,18,12,30,15,10,19,0,4,3,2,24,24,85,0,0,1,0,0,81,89,0,NA,0,0,0,0,0,0,0
1428529,1,"Liga Nacional","Liga Endesa",-402534000,NA,"https://www.acb.com/Documentos/Cabeceras/logo-competicion-1b.png","https://www.acb.com/Documentos/Cabeceras/logo-competicion-4a.png",73,2008,107,NA,NA,2104,13425,NA,NA,FALSE,1459,1451,639,"DKV Joventut","DKV Joventut","DKV",1459,1137,"Cajasol","Cajasol","CAJ",1,89,12000,9,24,37,21,33,63,20,26,76,18,10,28,12,14,15,0,3,4,1,24,24,94,0,0,0,10,0,89,81,0,0,0,0,0,0,0,0,0
1428366,1,"Liga Nacional","Liga Endesa",-402534000,NA,"https://www.acb.com/Documentos/Cabeceras/logo-competicion-1b.png","https://www.acb.com/Documentos/Cabeceras/logo-competicion-4a.png",73,2008,107,NA,NA,2104,13419,NA,NA,FALSE,1455,1443,118,"Regal FC Barcelona","Regal FCB","FCB",1455,893,"ViveMenorca","ViveMenorca","MEN",1,61,12000,7,12,58.33,15,34,44.12,10,18,55.56,21,3,24,10,7,18,0,1,4,0,17,23,55,0,0,1,0,0,61,86,0,NA,0,0,0,0,0,0,0
1428365,1,"Liga Nacional","Liga Endesa",-402534000,NA,"https://www.acb.com/Documentos/Cabeceras/logo-competicion-1b.png","https://www.acb.com/Documentos/Cabeceras/logo-competicion-4a.png",73,2008,107,NA,NA,2104,13419,NA,NA,TRUE,1443,1443,118,"Regal FC Barcelona","Regal FCB","FCB",1455,893,"ViveMenorca","ViveMenorca","MEN",1,86,12000,8,26,30.77,26,48,54.17,10,14,71.43,23,18,41,24,12,8,0,4,1,7,23,17,108,0,0,0,1,0,86,61,0,NA,0,0,0,0,0,0,0
1428448,1,"Liga Nacional","Liga Endesa",-402534000,NA,"https://www.acb.com/Documentos/Cabeceras/logo-competicion-1b.png","https://www.acb.com/Documentos/Cabeceras/logo-competicion-4a.png",73,2008,107,NA,NA,2104,13422,NA,NA,FALSE,1450,1446,346,"Kalise Gran Canaria","Kalise GC","GCA",1450,11,"CB Granada","CB Granada","GRA",1,75,12000,6,19,31.58,24,43,55.81,9,14,64.29,20,9,29,16,4,15,0,1,3,2,19,15,66,0,0,1,0,0,75,99,0,NA,0,0,0,0,0,0,0
1428447,1,"Liga Nacional","Liga Endesa",-402534000,NA,"https://www.acb.com/Documentos/Cabeceras/logo-competicion-1b.png","https://www.acb.com/Documentos/Cabeceras/logo-competicion-4a.png",73,2008,107,NA,NA,2104,13422,NA,NA,TRUE,1446,1446,346,"Kalise Gran Canaria","Kalise GC","GCA",1450,11,"CB Granada","CB Granada","GRA",1,99,12000,16,28,57.14,20,37,54.05,11,17,64.71,26,9,35,22,11,12,0,3,1,4,15,19,126,0,0,0,1,0,99,75,0,NA,0,0,0,0,0,0,0
1428503,1,"Liga Nacional","Liga Endesa",-402534000,NA,"https://www.acb.com/Documentos/Cabeceras/logo-competicion-1b.png","https://www.acb.com/Documentos/Cabeceras/logo-competicion-4a.png",73,2008,107,NA,NA,2104,13424,NA,NA,FALSE,1453,1456,912,"CB Murcia","CB Murcia","MUR",1453,775,"Real Madrid","Real Madrid","RMB",1,88,12000,11,25,44,17,33,51.52,21,25,84,21,14,35,11,6,13,0,3,4,1,21,22,93,0,0,0,1,0,88,77,0,NA,0,0,0,0,0,0,0
1428502,1,"Liga Nacional","Liga Endesa",-402534000,NA,"https://www.acb.com/Documentos/Cabeceras/logo-competicion-1b.png","https://www.acb.com/Documentos/Cabeceras/logo-competicion-4a.png",73,2008,107,NA,NA,2104,13424,NA,NA,TRUE,1456,1456,912,"CB Murcia","CB Murcia","MUR",1453,775,"Real Madrid","Real Madrid","RMB",1,77,12000,12,26,46.15,14,32,43.75,13,14,92.86,17,11,28,14,6,15,0,4,3,0,22,21,77,0,0,1,0,0,77,88,0,NA,0,0,0,0,0,0,0
1428555,1,"Liga Nacional","Liga Endesa",-402534000,NA,"https://www.acb.com/Documentos/Cabeceras/logo-competicion-1b.png","https://www.acb.com/Documentos/Cabeceras/logo-competicion-4a.png",73,2008,107,NA,NA,2104,13426,NA,NA,FALSE,1444,1445,289,"iurbentia Bilbao Basket","iurbentia BB","IBB",1444,234,"TAU Cerámica","TAU Cerámica","TAU",1,72,12000,6,21,28.57,14,34,41.18,26,34,76.47,21,11,32,7,10,9,0,1,3,3,19,27,75,0,0,1,0,0,72,85,0,NA,0,0,0,0,0,0,0
1428554,1,"Liga Nacional","Liga Endesa",-402534000,NA,"https://www.acb.com/Documentos/Cabeceras/logo-competicion-1b.png","https://www.acb.com/Documentos/Cabeceras/logo-competicion-4a.png",73,2008,107,NA,NA,2104,13426,NA,NA,TRUE,1445,1445,289,"iurbentia Bilbao Basket","iurbentia BB","IBB",1444,234,"TAU Cerámica","TAU Cerámica","TAU",1,85,12000,12,31,38.71,18,28,64.29,13,15,86.67,26,10,36,15,9,13,0,3,1,1,27,19,95,0,0,0,1,0,85,72,0,NA,0,0,0,0,0,0,0
1428475,1,"Liga Nacional","Liga Endesa",-402534000,NA,"https://www.acb.com/Documentos/Cabeceras/logo-competicion-1b.png","https://www.acb.com/Documentos/Cabeceras/logo-competicion-4a.png",73,2008,107,NA,NA,2104,13423,NA,NA,TRUE,1457,1457,975,"Pamesa Valencia","Pamesa Valencia","PAM",1449,508,"Bruesa GBC","Bruesa GBC","GBC",1,75,12000,4,14,28.57,25,40,62.5,13,16,81.25,24,5,29,14,5,12,0,5,2,3,18,19,87,0,0,0,1,0,75,66,0,NA,0,0,0,0,0,0,0
1428476,1,"Liga Nacional","Liga Endesa",-402534000,NA,"https://www.acb.com/Documentos/Cabeceras/logo-competicion-1b.png","https://www.acb.com/Documentos/Cabeceras/logo-competicion-4a.png",73,2008,107,NA,NA,2104,13423,NA,NA,FALSE,1449,1457,975,"Pamesa Valencia","Pamesa Valencia","PAM",1449,508,"Bruesa GBC","Bruesa GBC","GBC",1,66,12000,6,20,30,19,36,52,10,12,83,20,8,28,10,4,15,0,2,5,2,19,18,56,0,0,11,0,0,66,75,0,0,0,0,0,0,0,0,0
1428393,1,"Liga Nacional","Liga Endesa",-402534000,NA,"https://www.acb.com/Documentos/Cabeceras/logo-competicion-1b.png","https://www.acb.com/Documentos/Cabeceras/logo-competicion-4a.png",73,2008,107,NA,NA,2104,13420,NA,NA,FALSE,1454,1448,1205,"Alta Gestión Fuenlabrada","Alta Gestión F.","AGF",1454,872,"Ricoh Manresa","Ricoh Manresa","MAN",1,87,12000,4,20,20,27,49,55.1,21,28,75,27,8,35,15,6,7,0,5,2,2,24,25,95,0,0,0,1,0,87,78,0,NA,0,0,0,0,0,0,0
1428392,1,"Liga Nacional","Liga Endesa",-402534000,NA,"https://www.acb.com/Documentos/Cabeceras/logo-competicion-1b.png","https://www.acb.com/Documentos/Cabeceras/logo-competicion-4a.png",73,2008,107,NA,NA,2104,13420,NA,NA,TRUE,1448,1448,1205,"Alta Gestión Fuenlabrada","Alta Gestión F.","AGF",1454,872,"Ricoh Manresa","Ricoh Manresa","MAN",1,78,12000,7,22,31.82,15,34,44.12,27,34,79.41,30,9,39,12,3,16,0,2,5,1,25,24,71,0,0,1,0,0,78,87,0,NA,0,0,0,0,0,0,0
1428419,1,"Liga Nacional","Liga Endesa",-402534000,NA,"https://www.acb.com/Documentos/Cabeceras/logo-competicion-1b.png","https://www.acb.com/Documentos/Cabeceras/logo-competicion-4a.png",73,2008,107,NA,NA,2104,13421,NA,NA,TRUE,1452,1452,1160,"CAI Zaragoza","CAI Zaragoza","CAI",1458,1078,"Unicaja","Unicaja","UNI",1,64,12000,4,20,20,18,39,46.15,16,18,88.89,20,13,33,10,13,14,0,1,2,1,21,22,67,0,0,1,0,0,64,74,0,NA,0,0,0,0,0,0,0
1428420,1,"Liga Nacional","Liga Endesa",-402534000,NA,"https://www.acb.com/Documentos/Cabeceras/logo-competicion-1b.png","https://www.acb.com/Documentos/Cabeceras/logo-competicion-4a.png",73,2008,107,NA,NA,2104,13421,NA,NA,FALSE,1458,1452,1160,"CAI Zaragoza","CAI Zaragoza","CAI",1458,1078,"Unicaja","Unicaja","UNI",1,74,12000,4,23,17.39,22,32,68.75,18,21,85.71,24,9,33,15,11,16,0,2,1,3,22,21,85,0,0,0,1,0,74,64,0,NA,0,0,0,0,0,0,0
1428608,1,"Liga Nacional","Liga Endesa",-402534000,NA,"https://www.acb.com/Documentos/Cabeceras/logo-competicion-1b.png","https://www.acb.com/Documentos/Cabeceras/logo-competicion-4a.png",73,2008,107,NA,NA,2105,13428,NA,NA,TRUE,1459,1459,1137,"Cajasol","Cajasol","CAJ",1456,912,"CB Murcia","CB Murcia","MUR",1,83,12000,9,24,37,21,38,55,14,15,93,24,8,32,19,5,5,0,2,2,1,16,19,104,0,0,0,10,0,83,81,0,0,0,0,0,0,0,0,0
1428609,1,"Liga Nacional","Liga Endesa",-402534000,NA,"https://www.acb.com/Documentos/Cabeceras/logo-competicion-1b.png","https://www.acb.com/Documentos/Cabeceras/logo-competicion-4a.png",73,2008,107,NA,NA,2105,13428,NA,NA,FALSE,1456,1459,1137,"Cajasol","Cajasol","CAJ",1456,912,"CB Murcia","CB Murcia","MUR",1,81,12000,13,25,52,16,36,44.44,10,13,76.92,21,9,30,16,5,5,0,2,2,0,19,16,89,0,0,1,0,0,81,83,0,NA,0,0,0,0,0,0,0
1428635,1,"Liga Nacional","Liga Endesa",-402534000,NA,"https://www.acb.com/Documentos/Cabeceras/logo-competicion-1b.png","https://www.acb.com/Documentos/Cabeceras/logo-competicion-4a.png",73,2008,107,NA,NA,2105,13429,NA,NA,TRUE,1453,1453,775,"Real Madrid","Real Madrid","RMB",1457,975,"Pamesa Valencia","Pamesa Valencia","PAM",1,80,12000,7,14,50,22,46,47.83,15,19,78.95,29,12,41,11,8,18,0,2,3,3,19,22,89,0,0,0,1,0,80,76,0,NA,0,0,0,0,0,0,0
1428636,1,"Liga Nacional","Liga Endesa",-402534000,NA,"https://www.acb.com/Documentos/Cabeceras/logo-competicion-1b.png","https://www.acb.com/Documentos/Cabeceras/logo-competicion-4a.png",73,2008,107,NA,NA,2105,13429,NA,NA,FALSE,1457,1453,775,"Real Madrid","Real Madrid","RMB",1457,975,"Pamesa Valencia","Pamesa Valencia","PAM",1,76,12000,9,25,36,18,37,48.65,13,15,86.67,17,7,24,18,9,14,0,3,2,0,22,19,74,0,0,1,0,0,76,80,0,NA,0,0,0,0,0,0,0
1428664,1,"Liga Nacional","Liga Endesa",-402534000,NA,"https://www.acb.com/Documentos/Cabeceras/logo-competicion-1b.png","https://www.acb.com/Documentos/Cabeceras/logo-competicion-4a.png",73,2008,107,NA,NA,2105,13430,NA,NA,FALSE,1446,1449,508,"Bruesa GBC","Bruesa GBC","GBC",1446,346,"Kalise Gran Canaria","Kalise GC","GCA",1,73,12000,6,18,33.33,19,35,54.29,17,24,70.83,25,10,35,14,11,19,0,0,2,2,23,23,77,0,0,0,1,0,73,66,0,NA,0,0,0,0,0,0,0
1428663,1,"Liga Nacional","Liga Endesa",-402534000,NA,"https://www.acb.com/Documentos/Cabeceras/logo-competicion-1b.png","https://www.acb.com/Documentos/Cabeceras/logo-competicion-4a.png",73,2008,107,NA,NA,2105,13430,NA,NA,TRUE,1449,1449,508,"Bruesa GBC","Bruesa GBC","GBC",1446,346,"Kalise Gran Canaria","Kalise GC","GCA",1,66,12000,7,27,25,17,31,54,11,14,78,22,7,29,11,11,18,0,2,0,0,23,23,64,0,0,11,0,0,66,73,0,0,0,0,0,0,0,0,0
1428773,1,"Liga Nacional","Liga Endesa",-402534000,NA,"https://www.acb.com/Documentos/Cabeceras/logo-competicion-1b.png","https://www.acb.com/Documentos/Cabeceras/logo-competicion-4a.png",73,2008,107,NA,NA,2105,13434,NA,NA,FALSE,1447,1455,893,"ViveMenorca","ViveMenorca","MEN",1447,472,"MMT Estudiantes","MMT Estudiantes","MMT",1,75,12000,7,18,38.89,19,34,55.88,16,24,66.67,27,6,33,13,9,16,0,0,2,1,25,24,77,0,0,0,1,0,75,70,0,NA,0,0,0,0,0,0,0
1428772,1,"Liga Nacional","Liga Endesa",-402534000,NA,"https://www.acb.com/Documentos/Cabeceras/logo-competicion-1b.png","https://www.acb.com/Documentos/Cabeceras/logo-competicion-4a.png",73,2008,107,NA,NA,2105,13434,NA,NA,TRUE,1455,1455,893,"ViveMenorca","ViveMenorca","MEN",1447,472,"MMT Estudiantes","MMT Estudiantes","MMT",1,70,12000,4,24,16.67,20,35,57.14,18,24,75,24,9,33,14,11,13,0,2,0,2,24,25,77,0,0,1,0,0,70,75,0,NA,0,0,0,0,0,0,0
1428691,1,"Liga Nacional","Liga Endesa",-402534000,NA,"https://www.acb.com/Documentos/Cabeceras/logo-competicion-1b.png","https://www.acb.com/Documentos/Cabeceras/logo-competicion-4a.png",73,2008,107,NA,NA,2105,13431,NA,NA,TRUE,1450,1450,11,"CB Granada","CB Granada","GRA",1452,1160,"CAI Zaragoza","CAI Zaragoza","CAI",1,66,12000,8,29,27.59,16,34,47.06,10,12,83.33,25,12,37,10,10,16,0,3,4,0,24,18,59,0,0,1,0,0,66,67,0,NA,0,0,0,0,0,0,0
1428692,1,"Liga Nacional","Liga Endesa",-402534000,NA,"https://www.acb.com/Documentos/Cabeceras/logo-competicion-1b.png","https://www.acb.com/Documentos/Cabeceras/logo-competicion-4a.png",73,2008,107,NA,NA,2105,13431,NA,NA,FALSE,1452,1450,11,"CB Granada","CB Granada","GRA",1452,1160,"CAI Zaragoza","CAI Zaragoza","CAI",1,67,12000,8,18,44.44,11,35,31.43,21,24,87.5,24,9,33,12,11,17,0,4,3,0,18,24,76,0,0,0,1,0,67,66,0,NA,0,0,0,0,0,0,0
1428746,1,"Liga Nacional","Liga Endesa",-402534000,NA,"https://www.acb.com/Documentos/Cabeceras/logo-competicion-1b.png","https://www.acb.com/Documentos/Cabeceras/logo-competicion-4a.png",73,2008,107,NA,NA,2105,13433,NA,NA,FALSE,1443,1454,872,"Ricoh Manresa","Ricoh Manresa","MAN",1443,118,"Regal FC Barcelona","Regal FCB","FCB",1,117,18000,9,46,19.57,31,50,62,28,37,75.68,31,16,47,22,19,24,0,3,4,5,47,36,104,0,0,1,0,0,117,122,0,NA,0,0,0,0,0,0,0
1428745,1,"Liga Nacional","Liga Endesa",-402534000,NA,"https://www.acb.com/Documentos/Cabeceras/logo-competicion-1b.png","https://www.acb.com/Documentos/Cabeceras/logo-competicion-4a.png",73,2008,107,NA,NA,2105,13433,NA,NA,TRUE,1454,1454,872,"Ricoh Manresa","Ricoh Manresa","MAN",1443,118,"Regal FC Barcelona","Regal FCB","FCB",1,122,18000,5,24,20.83,26,57,45.61,55,68,80.88,36,18,54,10,15,24,0,4,3,1,36,47,126,0,0,0,1,0,122,117,0,NA,0,0,0,0,0,0,0
1428717,1,"Liga Nacional","Liga Endesa",-402534000,NA,"https://www.acb.com/Documentos/Cabeceras/logo-competicion-1b.png","https://www.acb.com/Documentos/Cabeceras/logo-competicion-4a.png",73,2008,107,NA,NA,2105,13432,NA,NA,TRUE,1458,1458,1078,"Unicaja","Unicaja","UNI",1448,1205,"Alta Gestión Fuenlabrada","Alta Gestión F.","AGF",1,91,12000,12,27,44.44,17,41,41.46,21,24,87.5,20,10,30,17,11,10,0,1,3,4,17,24,102,0,0,0,1,0,91,78,0,NA,0,0,0,0,0,0,0
1428718,1,"Liga Nacional","Liga Endesa",-402534000,NA,"https://www.acb.com/Documentos/Cabeceras/logo-competicion-1b.png","https://www.acb.com/Documentos/Cabeceras/logo-competicion-4a.png",73,2008,107,NA,NA,2105,13432,NA,NA,FALSE,1448,1458,1078,"Unicaja","Unicaja","UNI",1448,1205,"Alta Gestión Fuenlabrada","Alta Gestión F.","AGF",1,78,12000,13,23,56.52,16,34,47.06,7,10,70,28,8,36,12,9,23,0,3,1,1,24,17,76,0,0,1,0,0,78,91,0,NA,0,0,0,0,0,0,0
1428581,1,"Liga Nacional","Liga Endesa",-402534000,NA,"https://www.acb.com/Documentos/Cabeceras/logo-competicion-1b.png","https://www.acb.com/Documentos/Cabeceras/logo-competicion-4a.png",73,2008,107,NA,NA,2105,13427,NA,NA,FALSE,1451,1444,234,"TAU Cerámica","TAU Cerámica","TAU",1451,639,"DKV Joventut","DKV Joventut","DKV",1,65,12000,6,24,25,17,40,42.5,13,18,72.22,19,15,34,14,5,17,0,5,7,4,14,21,60,0,0,1,0,0,65,99,0,NA,0,0,0,0,0,0,0
1428580,1,"Liga Nacional","Liga Endesa",-402534000,NA,"https://www.acb.com/Documentos/Cabeceras/logo-competicion-1b.png","https://www.acb.com/Documentos/Cabeceras/logo-competicion-4a.png",73,2008,107,NA,NA,2105,13427,NA,NA,TRUE,1444,1444,234,"TAU Cerámica","TAU Cerámica","TAU",1451,639,"DKV Joventut","DKV Joventut","DKV",1,99,12000,13,29,44.83,23,44,52.27,14,18,77.78,27,17,44,24,13,8,0,7,5,3,21,14,126,0,0,0,1,0,99,65,0,NA,0,0,0,0,0,0,0
1428912,1,"Liga Nacional","Liga Endesa",-402534000,NA,"https://www.acb.com/Documentos/Cabeceras/logo-competicion-1b.png","https://www.acb.com/Documentos/Cabeceras/logo-competicion-4a.png",73,2008,107,NA,NA,2106,13439,NA,NA,TRUE,1446,1446,346,"Kalise Gran Canaria","Kalise GC","GCA",1453,775,"Real Madrid","Real Madrid","RMB",1,72,12000,7,20,35,20,41,48.78,11,18,61.11,21,11,32,12,11,15,0,6,4,4,19,19,73,0,0,0,1,0,72,68,0,NA,0,0,0,0,0,0,0
1428913,1,"Liga Nacional","Liga Endesa",-402534000,NA,"https://www.acb.com/Documentos/Cabeceras/logo-competicion-1b.png","https://www.acb.com/Documentos/Cabeceras/logo-competicion-4a.png",73,2008,107,NA,NA,2106,13439,NA,NA,FALSE,1453,1446,346,"Kalise Gran Canaria","Kalise GC","GCA",1453,775,"Real Madrid","Real Madrid","RMB",1,68,12000,5,22,22.73,22,43,51.16,9,14,64.29,23,17,40,11,9,18,0,4,6,0,19,19,65,0,0,1,0,0,68,72,0,NA,0,0,0,0,0,0,0
1428963,1,"Liga Nacional","Liga Endesa",-402534000,NA,"https://www.acb.com/Documentos/Cabeceras/logo-competicion-1b.png","https://www.acb.com/Documentos/Cabeceras/logo-competicion-4a.png",73,2008,107,NA,NA,2106,13441,NA,NA,TRUE,1456,1456,912,"CB Murcia","CB Murcia","MUR",1444,234,"TAU Cerámica","TAU Cerámica","TAU",1,85,12000,5,17,29.41,27,44,61.36,16,21,76.19,19,9,28,12,6,14,0,2,1,4,24,21,81,0,0,1,0,0,85,94,0,NA,0,0,0,0,0,0,0
1428964,1,"Liga Nacional","Liga Endesa",-402534000,NA,"https://www.acb.com/Documentos/Cabeceras/logo-competicion-1b.png","https://www.acb.com/Documentos/Cabeceras/logo-competicion-4a.png",73,2008,107,NA,NA,2106,13441,NA,NA,FALSE,1444,1456,912,"CB Murcia","CB Murcia","MUR",1444,234,"TAU Cerámica","TAU Cerámica","TAU",1,94,12000,6,24,25,28,35,80,20,27,74.07,22,8,30,16,7,11,0,1,2,2,21,24,106,0,0,0,1,0,94,85,0,NA,0,0,0,0,0,0,0
1428991,1,"Liga Nacional","Liga Endesa",-402534000,NA,"https://www.acb.com/Documentos/Cabeceras/logo-competicion-1b.png","https://www.acb.com/Documentos/Cabeceras/logo-competicion-4a.png",73,2008,107,NA,NA,2106,13442,NA,NA,FALSE,1445,1451,639,"DKV Joventut","DKV Joventut","DKV",1445,289,"iurbentia Bilbao Basket","iurbentia BB","IBB",1,77,12000,6,19,31.58,22,41,53.66,15,17,88.24,20,9,29,12,8,15,0,1,4,0,29,22,67,0,0,1,0,0,77,98,0,NA,0,0,0,0,0,0,0
1428990,1,"Liga Nacional","Liga Endesa",-402534000,NA,"https://www.acb.com/Documentos/Cabeceras/logo-competicion-1b.png","https://www.acb.com/Documentos/Cabeceras/logo-competicion-4a.png",73,2008,107,NA,NA,2106,13442,NA,NA,TRUE,1451,1451,639,"DKV Joventut","DKV Joventut","DKV",1445,289,"iurbentia Bilbao Basket","iurbentia BB","IBB",1,98,12000,14,28,50,17,38,44.74,22,27,81.48,23,13,36,22,9,9,0,4,1,2,22,29,126,0,0,0,1,0,98,77,0,NA,0,0,0,0,0,0,0
1428884,1,"Liga Nacional","Liga Endesa",-402534000,NA,"https://www.acb.com/Documentos/Cabeceras/logo-competicion-1b.png","https://www.acb.com/Documentos/Cabeceras/logo-competicion-4a.png",73,2008,107,NA,NA,2106,13438,NA,NA,TRUE,1452,1452,1160,"CAI Zaragoza","CAI Zaragoza","CAI",1449,508,"Bruesa GBC","Bruesa GBC","GBC",1,79,12000,5,17,29.41,23,44,52.27,18,26,69.23,23,11,34,10,17,21,0,2,3,1,30,25,72,0,0,1,0,0,79,92,0,NA,0,0,0,0,0,0,0
1428885,1,"Liga Nacional","Liga Endesa",-402534000,NA,"https://www.acb.com/Documentos/Cabeceras/logo-competicion-1b.png","https://www.acb.com/Documentos/Cabeceras/logo-competicion-4a.png",73,2008,107,NA,NA,2106,13438,NA,NA,FALSE,1449,1452,1160,"CAI Zaragoza","CAI Zaragoza","CAI",1449,508,"Bruesa GBC","Bruesa GBC","GBC",1,92,12000,11,26,42,14,28,50,31,40,77,22,8,30,14,12,19,0,3,2,2,25,30,97,0,0,0,11,0,92,79,0,0,0,0,0,0,0,0,0
1428939,1,"Liga Nacional","Liga Endesa",-402534000,NA,"https://www.acb.com/Documentos/Cabeceras/logo-competicion-1b.png","https://www.acb.com/Documentos/Cabeceras/logo-competicion-4a.png",73,2008,107,NA,NA,2106,13440,NA,NA,FALSE,1459,1457,975,"Pamesa Valencia","Pamesa Valencia","PAM",1459,1137,"Cajasol","Cajasol","CAJ",1,98,12000,11,18,61.11,21,34,61.76,23,26,88.46,23,5,28,16,6,17,0,3,0,1,24,26,113,0,0,0,1,0,98,89,0,NA,0,0,0,0,0,0,0
1428938,1,"Liga Nacional","Liga Endesa",-402534000,NA,"https://www.acb.com/Documentos/Cabeceras/logo-competicion-1b.png","https://www.acb.com/Documentos/Cabeceras/logo-competicion-4a.png",73,2008,107,NA,NA,2106,13440,NA,NA,TRUE,1457,1457,975,"Pamesa Valencia","Pamesa Valencia","PAM",1459,1137,"Cajasol","Cajasol","CAJ",1,89,12000,14,30,46.67,16,35,45.71,15,20,75,15,9,24,21,11,12,0,0,3,4,26,24,88,0,0,1,0,0,89,98,0,NA,0,0,0,0,0,0,0
1428800,1,"Liga Nacional","Liga Endesa",-402534000,NA,"https://www.acb.com/Documentos/Cabeceras/logo-competicion-1b.png","https://www.acb.com/Documentos/Cabeceras/logo-competicion-4a.png",73,2008,107,NA,NA,2106,13435,NA,NA,TRUE,1447,1447,472,"MMT Estudiantes","MMT Estudiantes","MMT",1454,872,"Ricoh Manresa","Ricoh Manresa","MAN",1,86,12000,12,35,34.29,20,28,71.43,10,12,83.33,27,8,35,14,10,13,0,2,1,0,19,18,99,0,0,0,1,0,86,65,0,NA,0,0,0,0,0,0,0
1428801,1,"Liga Nacional","Liga Endesa",-402534000,NA,"https://www.acb.com/Documentos/Cabeceras/logo-competicion-1b.png","https://www.acb.com/Documentos/Cabeceras/logo-competicion-4a.png",73,2008,107,NA,NA,2106,13435,NA,NA,FALSE,1454,1447,472,"MMT Estudiantes","MMT Estudiantes","MMT",1454,872,"Ricoh Manresa","Ricoh Manresa","MAN",1,65,12000,9,24,37.5,13,34,38.24,12,14,85.71,20,9,29,10,4,16,0,1,2,0,18,19,54,0,0,1,0,0,65,86,0,NA,0,0,0,0,0,0,0
1428855,1,"Liga Nacional","Liga Endesa",-402534000,NA,"https://www.acb.com/Documentos/Cabeceras/logo-competicion-1b.png","https://www.acb.com/Documentos/Cabeceras/logo-competicion-4a.png",73,2008,107,NA,NA,2106,13437,NA,NA,TRUE,1448,1448,1205,"Alta Gestión Fuenlabrada","Alta Gestión F.","AGF",1450,11,"CB Granada","CB Granada","GRA",1,90,12000,13,31,41.94,21,28,75,9,12,75,28,3,31,17,5,13,0,2,3,6,16,16,101,0,0,0,1,0,90,74,0,NA,0,0,0,0,0,0,0
1428856,1,"Liga Nacional","Liga Endesa",-402534000,NA,"https://www.acb.com/Documentos/Cabeceras/logo-competicion-1b.png","https://www.acb.com/Documentos/Cabeceras/logo-competicion-4a.png",73,2008,107,NA,NA,2106,13437,NA,NA,FALSE,1450,1448,1205,"Alta Gestión Fuenlabrada","Alta Gestión F.","AGF",1450,11,"CB Granada","CB Granada","GRA",1,74,12000,7,21,33.33,20,42,47.62,13,15,86.67,23,6,29,9,6,10,0,3,2,4,16,16,71,0,0,1,0,0,74,90,0,NA,0,0,0,0,0,0,0
1428828,1,"Liga Nacional","Liga Endesa",-402534000,NA,"https://www.acb.com/Documentos/Cabeceras/logo-competicion-1b.png","https://www.acb.com/Documentos/Cabeceras/logo-competicion-4a.png",73,2008,107,NA,NA,2106,13436,NA,NA,FALSE,1458,1443,118,"Regal FC Barcelona","Regal FCB","FCB",1458,1078,"Unicaja","Unicaja","UNI",1,94,13500,10,23,43.48,22,47,46.81,20,24,83.33,23,14,37,18,13,15,0,2,6,2,22,22,101,0,0,1,0,0,94,95,0,NA,0,0,0,0,0,0,0
1428827,1,"Liga Nacional","Liga Endesa",-402534000,NA,"https://www.acb.com/Documentos/Cabeceras/logo-competicion-1b.png","https://www.acb.com/Documentos/Cabeceras/logo-competicion-4a.png",73,2008,107,NA,NA,2106,13436,NA,NA,TRUE,1443,1443,118,"Regal FC Barcelona","Regal FCB","FCB",1458,1078,"Unicaja","Unicaja","UNI",1,95,13500,11,21,52.38,20,38,52.63,22,25,88,25,5,30,19,11,16,0,6,2,4,22,22,112,0,0,0,1,0,95,94,0,NA,0,0,0,0,0,0,0
1429042,1,"Liga Nacional","Liga Endesa",-402534000,NA,"https://www.acb.com/Documentos/Cabeceras/logo-competicion-1b.png","https://www.acb.com/Documentos/Cabeceras/logo-competicion-4a.png",73,2008,107,NA,NA,2107,13444,NA,NA,TRUE,1444,1444,234,"TAU Cerámica","TAU Cerámica","TAU",1457,975,"Pamesa Valencia","Pamesa Valencia","PAM",1,90,12000,7,20,35,19,34,55.88,31,35,88.57,21,8,29,13,5,11,0,1,0,5,21,27,101,0,0,0,1,0,90,86,0,NA,0,0,0,0,0,0,0
1429043,1,"Liga Nacional","Liga Endesa",-402534000,NA,"https://www.acb.com/Documentos/Cabeceras/logo-competicion-1b.png","https://www.acb.com/Documentos/Cabeceras/logo-competicion-4a.png",73,2008,107,NA,NA,2107,13444,NA,NA,FALSE,1457,1444,234,"TAU Cerámica","TAU Cerámica","TAU",1457,975,"Pamesa Valencia","Pamesa Valencia","PAM",1,86,12000,9,26,34.62,22,32,68.75,15,18,83.33,20,3,23,13,6,11,0,0,1,3,27,21,80,0,0,1,0,0,86,90,0,NA,0,0,0,0,0,0,0
1429016,1,"Liga Nacional","Liga Endesa",-402534000,NA,"https://www.acb.com/Documentos/Cabeceras/logo-competicion-1b.png","https://www.acb.com/Documentos/Cabeceras/logo-competicion-4a.png",73,2008,107,NA,NA,2107,13443,NA,NA,TRUE,1445,1445,289,"iurbentia Bilbao Basket","iurbentia BB","IBB",1456,912,"CB Murcia","CB Murcia","MUR",1,91,12000,7,17,41.18,20,34,58.82,30,33,90.91,17,11,28,9,5,9,0,4,4,1,24,30,103,0,0,0,1,0,91,84,0,NA,0,0,0,0,0,0,0
1429017,1,"Liga Nacional","Liga Endesa",-402534000,NA,"https://www.acb.com/Documentos/Cabeceras/logo-competicion-1b.png","https://www.acb.com/Documentos/Cabeceras/logo-competicion-4a.png",73,2008,107,NA,NA,2107,13443,NA,NA,FALSE,1456,1445,289,"iurbentia Bilbao Basket","iurbentia BB","IBB",1456,912,"CB Murcia","CB Murcia","MUR",1,84,12000,8,18,44.44,19,28,67.86,22,24,91.67,14,3,17,14,7,11,0,4,4,4,30,24,84,0,0,1,0,0,84,91,0,NA,0,0,0,0,0,0,0
1429206,1,"Liga Nacional","Liga Endesa",-402534000,NA,"https://www.acb.com/Documentos/Cabeceras/logo-competicion-1b.png","https://www.acb.com/Documentos/Cabeceras/logo-competicion-4a.png",73,2008,107,NA,NA,2107,13450,NA,NA,TRUE,1454,1454,872,"Ricoh Manresa","Ricoh Manresa","MAN",1455,893,"ViveMenorca","ViveMenorca","MEN",1,86,12000,7,15,46.67,25,35,71.43,15,19,78.95,20,5,25,19,4,15,0,2,1,3,19,23,102,0,0,0,1,0,86,70,0,NA,0,0,0,0,0,0,0
1429207,1,"Liga Nacional","Liga Endesa",-402534000,NA,"https://www.acb.com/Documentos/Cabeceras/logo-competicion-1b.png","https://www.acb.com/Documentos/Cabeceras/logo-competicion-4a.png",73,2008,107,NA,NA,2107,13450,NA,NA,FALSE,1455,1454,872,"Ricoh Manresa","Ricoh Manresa","MAN",1455,893,"ViveMenorca","ViveMenorca","MEN",1,70,12000,7,21,33.33,21,35,60,7,11,63.64,13,8,21,9,8,14,0,1,2,0,23,19,57,0,0,1,0,0,70,86,0,NA,0,0,0,0,0,0,0
1429098,1,"Liga Nacional","Liga Endesa",-402534000,NA,"https://www.acb.com/Documentos/Cabeceras/logo-competicion-1b.png","https://www.acb.com/Documentos/Cabeceras/logo-competicion-4a.png",73,2008,107,NA,NA,2107,13446,NA,NA,FALSE,1452,1453,775,"Real Madrid","Real Madrid","RMB",1452,1160,"CAI Zaragoza","CAI Zaragoza","CAI",1,66,12000,4,26,15.38,19,40,47.5,16,23,69.57,22,10,32,12,14,19,0,3,1,1,22,24,59,0,0,1,0,0,66,96,0,NA,0,0,0,0,0,0,0
1429097,1,"Liga Nacional","Liga Endesa",-402534000,NA,"https://www.acb.com/Documentos/Cabeceras/logo-competicion-1b.png","https://www.acb.com/Documentos/Cabeceras/logo-competicion-4a.png",73,2008,107,NA,NA,2107,13446,NA,NA,TRUE,1453,1453,775,"Real Madrid","Real Madrid","RMB",1452,1160,"CAI Zaragoza","CAI Zaragoza","CAI",1,96,12000,9,19,47.37,24,48,50,21,27,77.78,34,15,49,19,10,20,0,1,3,4,24,22,110,0,0,0,1,0,96,66,0,NA,0,0,0,0,0,0,0
1429125,1,"Liga Nacional","Liga Endesa",-402534000,NA,"https://www.acb.com/Documentos/Cabeceras/logo-competicion-1b.png","https://www.acb.com/Documentos/Cabeceras/logo-competicion-4a.png",73,2008,107,NA,NA,2107,13447,NA,NA,TRUE,1449,1449,508,"Bruesa GBC","Bruesa GBC","GBC",1448,1205,"Alta Gestión Fuenlabrada","Alta Gestión F.","AGF",1,73,12000,8,22,36,15,41,36,19,24,79,24,16,40,15,3,13,0,0,3,0,26,26,70,0,0,12,0,0,73,78,0,0,0,0,0,0,0,0,0
1429126,1,"Liga Nacional","Liga Endesa",-402534000,NA,"https://www.acb.com/Documentos/Cabeceras/logo-competicion-1b.png","https://www.acb.com/Documentos/Cabeceras/logo-competicion-4a.png",73,2008,107,NA,NA,2107,13447,NA,NA,FALSE,1448,1449,508,"Bruesa GBC","Bruesa GBC","GBC",1448,1205,"Alta Gestión Fuenlabrada","Alta Gestión F.","AGF",1,78,12000,5,18,27.78,23,36,63.89,17,29,58.62,25,5,30,13,5,9,0,3,0,2,26,26,82,0,0,0,1,0,78,73,0,NA,0,0,0,0,0,0,0
1429070,1,"Liga Nacional","Liga Endesa",-402534000,NA,"https://www.acb.com/Documentos/Cabeceras/logo-competicion-1b.png","https://www.acb.com/Documentos/Cabeceras/logo-competicion-4a.png",73,2008,107,NA,NA,2107,13445,NA,NA,FALSE,1446,1459,1137,"Cajasol","Cajasol","CAJ",1446,346,"Kalise Gran Canaria","Kalise GC","GCA",1,81,12000,6,18,33.33,27,49,55.1,9,13,69.23,21,16,37,10,7,14,0,2,5,2,17,16,79,0,0,1,0,0,81,89,0,NA,0,0,0,0,0,0,0
1429069,1,"Liga Nacional","Liga Endesa",-402534000,NA,"https://www.acb.com/Documentos/Cabeceras/logo-competicion-1b.png","https://www.acb.com/Documentos/Cabeceras/logo-competicion-4a.png",73,2008,107,NA,NA,2107,13445,NA,NA,TRUE,1459,1459,1137,"Cajasol","Cajasol","CAJ",1446,346,"Kalise Gran Canaria","Kalise GC","GCA",1,89,12000,9,26,34.62,24,42,57.14,14,19,73.68,20,15,35,13,8,11,0,5,2,2,16,17,98,0,0,0,1,0,89,81,0,NA,0,0,0,0,0,0,0
1429181,1,"Liga Nacional","Liga Endesa",-402534000,NA,"https://www.acb.com/Documentos/Cabeceras/logo-competicion-1b.png","https://www.acb.com/Documentos/Cabeceras/logo-competicion-4a.png",73,2008,107,NA,NA,2107,13449,NA,NA,FALSE,1447,1458,1078,"Unicaja","Unicaja","UNI",1447,472,"MMT Estudiantes","MMT Estudiantes","MMT",1,67,12000,4,15,26.67,19,40,47.5,17,23,73.91,30,8,38,13,6,19,0,2,3,1,20,22,68,0,0,1,0,0,67,94,0,NA,0,0,0,0,0,0,0
1429180,1,"Liga Nacional","Liga Endesa",-402534000,NA,"https://www.acb.com/Documentos/Cabeceras/logo-competicion-1b.png","https://www.acb.com/Documentos/Cabeceras/logo-competicion-4a.png",73,2008,107,NA,NA,2107,13449,NA,NA,TRUE,1458,1458,1078,"Unicaja","Unicaja","UNI",1447,472,"MMT Estudiantes","MMT Estudiantes","MMT",1,94,12000,14,31,45.16,17,27,62.96,18,27,66.67,25,4,29,22,16,11,0,3,2,2,22,20,113,0,0,0,1,0,94,67,0,NA,0,0,0,0,0,0,0
1429153,1,"Liga Nacional","Liga Endesa",-402534000,NA,"https://www.acb.com/Documentos/Cabeceras/logo-competicion-1b.png","https://www.acb.com/Documentos/Cabeceras/logo-competicion-4a.png",73,2008,107,NA,NA,2107,13448,NA,NA,TRUE,1450,1450,11,"CB Granada","CB Granada","GRA",1443,118,"Regal FC Barcelona","Regal FCB","FCB",1,54,12000,5,17,29.41,16,38,42.11,7,13,53.85,22,13,35,11,7,17,0,2,4,1,12,19,55,0,0,1,0,0,54,68,0,NA,0,0,0,0,0,0,0
1429154,1,"Liga Nacional","Liga Endesa",-402534000,NA,"https://www.acb.com/Documentos/Cabeceras/logo-competicion-1b.png","https://www.acb.com/Documentos/Cabeceras/logo-competicion-4a.png",73,2008,107,NA,NA,2107,13448,NA,NA,FALSE,1443,1450,11,"CB Granada","CB Granada","GRA",1443,118,"Regal FC Barcelona","Regal FCB","FCB",1,68,12000,10,23,43.48,18,38,47.37,2,4,50,24,11,35,15,8,13,0,4,2,3,19,12,73,0,0,0,1,0,68,54,0,NA,0,0,0,0,0,0,0
1429316,1,"Liga Nacional","Liga Endesa",-402534000,NA,"https://www.acb.com/Documentos/Cabeceras/logo-competicion-1b.png","https://www.acb.com/Documentos/Cabeceras/logo-competicion-4a.png",73,2008,107,NA,NA,2108,13454,NA,NA,TRUE,1448,1448,1205,"Alta Gestión Fuenlabrada","Alta Gestión F.","AGF",1453,775,"Real Madrid","Real Madrid","RMB",1,84,12000,14,29,48.28,15,33,45.45,12,16,75,22,15,37,14,2,12,0,1,2,0,14,18,91,0,0,1,0,0,84,88,0,NA,0,0,0,0,0,0,0
1429317,1,"Liga Nacional","Liga Endesa",-402534000,NA,"https://www.acb.com/Documentos/Cabeceras/logo-competicion-1b.png","https://www.acb.com/Documentos/Cabeceras/logo-competicion-4a.png",73,2008,107,NA,NA,2108,13454,NA,NA,FALSE,1453,1448,1205,"Alta Gestión Fuenlabrada","Alta Gestión F.","AGF",1453,775,"Real Madrid","Real Madrid","RMB",1,88,12000,11,28,39.29,22,34,64.71,11,15,73.33,20,9,29,20,4,6,0,2,1,3,18,14,99,0,0,0,1,0,88,84,0,NA,0,0,0,0,0,0,0
1429261,1,"Liga Nacional","Liga Endesa",-402534000,NA,"https://www.acb.com/Documentos/Cabeceras/logo-competicion-1b.png","https://www.acb.com/Documentos/Cabeceras/logo-competicion-4a.png",73,2008,107,NA,NA,2108,13452,NA,NA,TRUE,1447,1447,472,"MMT Estudiantes","MMT Estudiantes","MMT",1450,11,"CB Granada","CB Granada","GRA",1,72,12000,7,27,25.93,20,43,46.51,11,18,61.11,34,14,48,8,4,11,0,2,3,0,22,21,69,0,0,1,0,0,72,76,0,NA,0,0,0,0,0,0,0
1429262,1,"Liga Nacional","Liga Endesa",-402534000,NA,"https://www.acb.com/Documentos/Cabeceras/logo-competicion-1b.png","https://www.acb.com/Documentos/Cabeceras/logo-competicion-4a.png",73,2008,107,NA,NA,2108,13452,NA,NA,FALSE,1450,1447,472,"MMT Estudiantes","MMT Estudiantes","MMT",1450,11,"CB Granada","CB Granada","GRA",1,76,12000,12,33,36.36,12,30,40,16,25,64,30,9,39,11,10,7,0,3,2,1,21,22,83,0,0,0,1,0,76,72,0,NA,0,0,0,0,0,0,0
1429289,1,"Liga Nacional","Liga Endesa",-402534000,NA,"https://www.acb.com/Documentos/Cabeceras/logo-competicion-1b.png","https://www.acb.com/Documentos/Cabeceras/logo-competicion-4a.png",73,2008,107,NA,NA,2108,13453,NA,NA,TRUE,1443,1443,118,"Regal FC Barcelona","Regal FCB","FCB",1449,508,"Bruesa GBC","Bruesa GBC","GBC",1,86,12000,9,15,60,21,39,53.85,17,24,70.83,21,10,31,18,15,13,0,2,3,4,20,20,105,0,0,0,1,0,86,64,0,NA,0,0,0,0,0,0,0
1429290,1,"Liga Nacional","Liga Endesa",-402534000,NA,"https://www.acb.com/Documentos/Cabeceras/logo-competicion-1b.png","https://www.acb.com/Documentos/Cabeceras/logo-competicion-4a.png",73,2008,107,NA,NA,2108,13453,NA,NA,FALSE,1449,1443,118,"Regal FC Barcelona","Regal FCB","FCB",1449,508,"Bruesa GBC","Bruesa GBC","GBC",1,64,12000,5,19,26.32,18,35,51.43,13,15,86.67,18,8,26,11,8,17,0,3,2,1,20,20,60,0,0,1,0,0,64,86,0,NA,0,0,0,0,0,0,0
1429371,1,"Liga Nacional","Liga Endesa",-402534000,NA,"https://www.acb.com/Documentos/Cabeceras/logo-competicion-1b.png","https://www.acb.com/Documentos/Cabeceras/logo-competicion-4a.png",73,2008,107,NA,NA,2108,13456,NA,NA,TRUE,1446,1446,346,"Kalise Gran Canaria","Kalise GC","GCA",1444,234,"TAU Cerámica","TAU Cerámica","TAU",1,73,12000,8,23,34.78,17,46,36.96,15,21,71.43,22,17,39,16,7,11,0,4,2,2,16,21,81,0,0,1,0,0,73,89,0,NA,0,0,0,0,0,0,0
1429372,1,"Liga Nacional","Liga Endesa",-402534000,NA,"https://www.acb.com/Documentos/Cabeceras/logo-competicion-1b.png","https://www.acb.com/Documentos/Cabeceras/logo-competicion-4a.png",73,2008,107,NA,NA,2108,13456,NA,NA,FALSE,1444,1446,346,"Kalise Gran Canaria","Kalise GC","GCA",1444,234,"TAU Cerámica","TAU Cerámica","TAU",1,89,12000,9,21,42.86,25,44,56.82,12,14,85.71,28,10,38,19,11,10,0,2,4,1,21,16,107,0,0,0,1,0,89,73,0,NA,0,0,0,0,0,0,0
1429424,1,"Liga Nacional","Liga Endesa",-402534000,NA,"https://www.acb.com/Documentos/Cabeceras/logo-competicion-1b.png","https://www.acb.com/Documentos/Cabeceras/logo-competicion-4a.png",73,2008,107,NA,NA,2108,13458,NA,NA,TRUE,1456,1456,912,"CB Murcia","CB Murcia","MUR",1451,639,"DKV Joventut","DKV Joventut","DKV",1,71,12000,7,18,38.89,14,32,43.75,22,25,88,32,8,40,15,4,16,0,2,5,3,24,23,78,0,0,0,1,0,71,58,0,NA,0,0,0,0,0,0,0
1429425,1,"Liga Nacional","Liga Endesa",-402534000,NA,"https://www.acb.com/Documentos/Cabeceras/logo-competicion-1b.png","https://www.acb.com/Documentos/Cabeceras/logo-competicion-4a.png",73,2008,107,NA,NA,2108,13458,NA,NA,FALSE,1451,1456,912,"CB Murcia","CB Murcia","MUR",1451,639,"DKV Joventut","DKV Joventut","DKV",1,58,12000,6,31,19.35,11,29,37.93,18,28,64.29,19,13,32,10,9,9,0,5,2,0,23,24,51,0,0,1,0,0,58,71,0,NA,0,0,0,0,0,0,0
1429345,1,"Liga Nacional","Liga Endesa",-402534000,NA,"https://www.acb.com/Documentos/Cabeceras/logo-competicion-1b.png","https://www.acb.com/Documentos/Cabeceras/logo-competicion-4a.png",73,2008,107,NA,NA,2108,13455,NA,NA,TRUE,1452,1452,1160,"CAI Zaragoza","CAI Zaragoza","CAI",1459,1137,"Cajasol","Cajasol","CAJ",1,73,12000,8,19,42.11,14,29,48.28,21,28,75,15,4,19,9,8,11,0,1,1,1,20,25,70,0,0,1,0,0,73,80,0,NA,0,0,0,0,0,0,0
1429346,1,"Liga Nacional","Liga Endesa",-402534000,NA,"https://www.acb.com/Documentos/Cabeceras/logo-competicion-1b.png","https://www.acb.com/Documentos/Cabeceras/logo-competicion-4a.png",73,2008,107,NA,NA,2108,13455,NA,NA,FALSE,1459,1452,1160,"CAI Zaragoza","CAI Zaragoza","CAI",1459,1137,"Cajasol","Cajasol","CAJ",1,80,12000,9,21,42,20,38,52,13,14,92,21,13,34,16,5,16,0,1,1,0,25,20,83,0,0,0,10,0,80,73,0,0,0,0,0,0,0,0,0
1429397,1,"Liga Nacional","Liga Endesa",-402534000,NA,"https://www.acb.com/Documentos/Cabeceras/logo-competicion-1b.png","https://www.acb.com/Documentos/Cabeceras/logo-competicion-4a.png",73,2008,107,NA,NA,2108,13457,NA,NA,TRUE,1457,1457,975,"Pamesa Valencia","Pamesa Valencia","PAM",1445,289,"iurbentia Bilbao Basket","iurbentia BB","IBB",1,80,12000,8,18,44.44,24,36,66.67,8,11,72.73,21,5,26,20,8,16,0,2,4,1,21,21,91,0,0,0,1,0,80,67,0,NA,0,0,0,0,0,0,0
1429398,1,"Liga Nacional","Liga Endesa",-402534000,NA,"https://www.acb.com/Documentos/Cabeceras/logo-competicion-1b.png","https://www.acb.com/Documentos/Cabeceras/logo-competicion-4a.png",73,2008,107,NA,NA,2108,13457,NA,NA,FALSE,1445,1457,975,"Pamesa Valencia","Pamesa Valencia","PAM",1445,289,"iurbentia Bilbao Basket","iurbentia BB","IBB",1,67,12000,4,20,20,19,36,52.78,17,19,89.47,17,9,26,15,6,15,0,4,2,0,21,21,66,0,0,1,0,0,67,80,0,NA,0,0,0,0,0,0,0
1429233,1,"Liga Nacional","Liga Endesa",-402534000,NA,"https://www.acb.com/Documentos/Cabeceras/logo-competicion-1b.png","https://www.acb.com/Documentos/Cabeceras/logo-competicion-4a.png",73,2008,107,NA,NA,2108,13451,NA,NA,TRUE,1455,1455,893,"ViveMenorca","ViveMenorca","MEN",1458,1078,"Unicaja","Unicaja","UNI",1,67,12000,4,20,20,18,37,48.65,19,30,63.33,26,15,41,8,7,18,0,2,3,0,21,25,62,0,0,1,0,0,67,78,0,NA,0,0,0,0,0,0,0
1429234,1,"Liga Nacional","Liga Endesa",-402534000,NA,"https://www.acb.com/Documentos/Cabeceras/logo-competicion-1b.png","https://www.acb.com/Documentos/Cabeceras/logo-competicion-4a.png",73,2008,107,NA,NA,2108,13451,NA,NA,FALSE,1458,1455,893,"ViveMenorca","ViveMenorca","MEN",1458,1078,"Unicaja","Unicaja","UNI",1,78,12000,6,22,27.27,21,40,52.5,18,23,78.26,23,7,30,17,11,7,0,3,2,6,25,21,86,0,0,0,1,0,78,67,0,NA,0,0,0,0,0,0,0
1429585,1,"Liga Nacional","Liga Endesa",-402534000,NA,"https://www.acb.com/Documentos/Cabeceras/logo-competicion-1b.png","https://www.acb.com/Documentos/Cabeceras/logo-competicion-4a.png",73,2008,107,NA,NA,2109,13464,NA,NA,TRUE,1449,1449,508,"Bruesa GBC","Bruesa GBC","GBC",1447,472,"MMT Estudiantes","MMT Estudiantes","MMT",1,84,12000,12,25,48,18,34,52,12,14,85,29,7,36,17,9,9,0,6,2,0,23,18,105,0,0,0,12,0,84,60,0,0,0,0,0,0,0,0,0
1429586,1,"Liga Nacional","Liga Endesa",-402534000,NA,"https://www.acb.com/Documentos/Cabeceras/logo-competicion-1b.png","https://www.acb.com/Documentos/Cabeceras/logo-competicion-4a.png",73,2008,107,NA,NA,2109,13464,NA,NA,FALSE,1447,1449,508,"Bruesa GBC","Bruesa GBC","GBC",1447,472,"MMT Estudiantes","MMT Estudiantes","MMT",1,60,12000,2,10,20,20,44,45.45,14,20,70,21,8,29,8,6,12,0,2,6,0,18,23,54,0,0,1,0,0,60,84,0,NA,0,0,0,0,0,0,0
1429450,1,"Liga Nacional","Liga Endesa",-402534000,NA,"https://www.acb.com/Documentos/Cabeceras/logo-competicion-1b.png","https://www.acb.com/Documentos/Cabeceras/logo-competicion-4a.png",73,2008,107,NA,NA,2109,13459,NA,NA,FALSE,1457,1451,639,"DKV Joventut","DKV Joventut","DKV",1457,975,"Pamesa Valencia","Pamesa Valencia","PAM",1,77,12000,9,29,31.03,17,37,45.95,16,25,64,19,17,36,14,12,22,0,1,3,0,27,27,66,0,0,1,0,0,77,86,0,NA,0,0,0,0,0,0,0
1429449,1,"Liga Nacional","Liga Endesa",-402534000,NA,"https://www.acb.com/Documentos/Cabeceras/logo-competicion-1b.png","https://www.acb.com/Documentos/Cabeceras/logo-competicion-4a.png",73,2008,107,NA,NA,2109,13459,NA,NA,TRUE,1451,1451,639,"DKV Joventut","DKV Joventut","DKV",1457,975,"Pamesa Valencia","Pamesa Valencia","PAM",1,86,12000,6,23,26.09,19,34,55.88,30,35,85.71,25,12,37,16,14,20,0,3,1,1,27,27,98,0,0,0,1,0,86,77,0,NA,0,0,0,0,0,0,0
1429475,1,"Liga Nacional","Liga Endesa",-402534000,NA,"https://www.acb.com/Documentos/Cabeceras/logo-competicion-1b.png","https://www.acb.com/Documentos/Cabeceras/logo-competicion-4a.png",73,2008,107,NA,NA,2109,13460,NA,NA,TRUE,1445,1445,289,"iurbentia Bilbao Basket","iurbentia BB","IBB",1446,346,"Kalise Gran Canaria","Kalise GC","GCA",1,76,12000,12,28,42.86,16,28,57.14,8,11,72.73,20,10,30,9,10,18,0,2,4,0,17,14,71,0,0,0,1,0,76,66,0,NA,0,0,0,0,0,0,0
1429476,1,"Liga Nacional","Liga Endesa",-402534000,NA,"https://www.acb.com/Documentos/Cabeceras/logo-competicion-1b.png","https://www.acb.com/Documentos/Cabeceras/logo-competicion-4a.png",73,2008,107,NA,NA,2109,13460,NA,NA,FALSE,1446,1445,289,"iurbentia Bilbao Basket","iurbentia BB","IBB",1446,346,"Kalise Gran Canaria","Kalise GC","GCA",1,66,12000,7,28,25,19,29,65.52,7,10,70,19,12,31,8,9,19,0,4,2,4,14,17,66,0,0,1,0,0,66,76,0,NA,0,0,0,0,0,0,0
1429611,1,"Liga Nacional","Liga Endesa",-402534000,NA,"https://www.acb.com/Documentos/Cabeceras/logo-competicion-1b.png","https://www.acb.com/Documentos/Cabeceras/logo-competicion-4a.png",73,2008,107,NA,NA,2109,13465,NA,NA,TRUE,1450,1450,11,"CB Granada","CB Granada","GRA",1455,893,"ViveMenorca","ViveMenorca","MEN",1,89,12000,8,17,47.06,19,35,54.29,27,34,79.41,24,9,33,14,10,13,0,3,1,2,24,23,102,0,0,0,1,0,89,82,0,NA,0,0,0,0,0,0,0
1429612,1,"Liga Nacional","Liga Endesa",-402534000,NA,"https://www.acb.com/Documentos/Cabeceras/logo-competicion-1b.png","https://www.acb.com/Documentos/Cabeceras/logo-competicion-4a.png",73,2008,107,NA,NA,2109,13465,NA,NA,FALSE,1455,1450,11,"CB Granada","CB Granada","GRA",1455,893,"ViveMenorca","ViveMenorca","MEN",1,82,12000,8,21,38.1,19,39,48.72,20,23,86.96,20,9,29,11,9,15,0,1,3,0,23,24,79,0,0,1,0,0,82,89,0,NA,0,0,0,0,0,0,0
1429502,1,"Liga Nacional","Liga Endesa",-402534000,NA,"https://www.acb.com/Documentos/Cabeceras/logo-competicion-1b.png","https://www.acb.com/Documentos/Cabeceras/logo-competicion-4a.png",73,2008,107,NA,NA,2109,13461,NA,NA,TRUE,1444,1444,234,"TAU Cerámica","TAU Cerámica","TAU",1452,1160,"CAI Zaragoza","CAI Zaragoza","CAI",1,96,12000,10,25,40,27,38,71.05,12,16,75,19,5,24,18,15,7,0,3,1,3,18,18,118,0,0,0,1,0,96,76,0,NA,0,0,0,0,0,0,0
1429503,1,"Liga Nacional","Liga Endesa",-402534000,NA,"https://www.acb.com/Documentos/Cabeceras/logo-competicion-1b.png","https://www.acb.com/Documentos/Cabeceras/logo-competicion-4a.png",73,2008,107,NA,NA,2109,13461,NA,NA,FALSE,1452,1444,234,"TAU Cerámica","TAU Cerámica","TAU",1452,1160,"CAI Zaragoza","CAI Zaragoza","CAI",1,76,12000,11,19,57.89,19,39,48.72,5,7,71.43,21,9,30,20,5,20,0,1,3,3,18,18,79,0,0,1,0,0,76,96,0,NA,0,0,0,0,0,0,0
1429529,1,"Liga Nacional","Liga Endesa",-402534000,NA,"https://www.acb.com/Documentos/Cabeceras/logo-competicion-1b.png","https://www.acb.com/Documentos/Cabeceras/logo-competicion-4a.png",73,2008,107,NA,NA,2109,13462,NA,NA,TRUE,1459,1459,1137,"Cajasol","Cajasol","CAJ",1448,1205,"Alta Gestión Fuenlabrada","Alta Gestión F.","AGF",1,81,12000,11,27,40.74,18,32,56.25,12,17,70.59,22,9,31,12,2,13,0,1,3,0,20,20,76,0,0,1,0,0,81,90,0,NA,0,0,0,0,0,0,0
1429530,1,"Liga Nacional","Liga Endesa",-402534000,NA,"https://www.acb.com/Documentos/Cabeceras/logo-competicion-1b.png","https://www.acb.com/Documentos/Cabeceras/logo-competicion-4a.png",73,2008,107,NA,NA,2109,13462,NA,NA,FALSE,1448,1459,1137,"Cajasol","Cajasol","CAJ",1448,1205,"Alta Gestión Fuenlabrada","Alta Gestión F.","AGF",1,90,12000,9,25,36,26,41,63.41,11,17,64.71,21,9,30,18,10,8,0,3,1,1,20,20,105,0,0,0,1,0,90,81,0,NA,0,0,0,0,0,0,0
1429556,1,"Liga Nacional","Liga Endesa",-402534000,NA,"https://www.acb.com/Documentos/Cabeceras/logo-competicion-1b.png","https://www.acb.com/Documentos/Cabeceras/logo-competicion-4a.png",73,2008,107,NA,NA,2109,13463,NA,NA,TRUE,1453,1453,775,"Real Madrid","Real Madrid","RMB",1443,118,"Regal FC Barcelona","Regal FCB","FCB",1,76,12000,5,19,26.32,21,40,52.5,19,24,79.17,20,12,32,10,12,16,0,3,3,1,24,22,74,0,0,1,0,0,76,79,0,NA,0,0,0,0,0,0,0
1429557,1,"Liga Nacional","Liga Endesa",-402534000,NA,"https://www.acb.com/Documentos/Cabeceras/logo-competicion-1b.png","https://www.acb.com/Documentos/Cabeceras/logo-competicion-4a.png",73,2008,107,NA,NA,2109,13463,NA,NA,FALSE,1443,1453,775,"Real Madrid","Real Madrid","RMB",1443,118,"Regal FC Barcelona","Regal FCB","FCB",1,79,12000,10,23,43.48,17,34,50,15,24,62.5,23,12,35,12,9,18,0,3,3,7,22,24,80,0,0,0,1,0,79,76,0,NA,0,0,0,0,0,0,0
1429638,1,"Liga Nacional","Liga Endesa",-402534000,NA,"https://www.acb.com/Documentos/Cabeceras/logo-competicion-1b.png","https://www.acb.com/Documentos/Cabeceras/logo-competicion-4a.png",73,2008,107,NA,NA,2109,13466,NA,NA,FALSE,1454,1458,1078,"Unicaja","Unicaja","UNI",1454,872,"Ricoh Manresa","Ricoh Manresa","MAN",1,67,12000,7,18,38.89,20,44,45.45,6,12,50,22,14,36,16,4,19,0,1,6,3,17,20,61,0,0,1,0,0,67,88,0,NA,0,0,0,0,0,0,0
1429637,1,"Liga Nacional","Liga Endesa",-402534000,NA,"https://www.acb.com/Documentos/Cabeceras/logo-competicion-1b.png","https://www.acb.com/Documentos/Cabeceras/logo-competicion-4a.png",73,2008,107,NA,NA,2109,13466,NA,NA,TRUE,1458,1458,1078,"Unicaja","Unicaja","UNI",1454,872,"Ricoh Manresa","Ricoh Manresa","MAN",1,88,12000,13,29,44.83,17,33,51.52,15,16,93.75,24,6,30,20,15,11,0,6,1,6,20,17,111,0,0,0,1,0,88,67,0,NA,0,0,0,0,0,0,0
1429665,1,"Liga Nacional","Liga Endesa",-402534000,NA,"https://www.acb.com/Documentos/Cabeceras/logo-competicion-1b.png","https://www.acb.com/Documentos/Cabeceras/logo-competicion-4a.png",73,2008,107,NA,NA,2110,13467,NA,NA,FALSE,1450,1454,872,"Ricoh Manresa","Ricoh Manresa","MAN",1450,11,"CB Granada","CB Granada","GRA",1,90,12000,15,31,48.39,16,29,55.17,13,15,86.67,31,6,37,14,5,14,0,3,2,0,17,19,104,0,0,0,1,0,90,75,0,NA,0,0,0,0,0,0,0
1429664,1,"Liga Nacional","Liga Endesa",-402534000,NA,"https://www.acb.com/Documentos/Cabeceras/logo-competicion-1b.png","https://www.acb.com/Documentos/Cabeceras/logo-competicion-4a.png",73,2008,107,NA,NA,2110,13467,NA,NA,TRUE,1454,1454,872,"Ricoh Manresa","Ricoh Manresa","MAN",1450,11,"CB Granada","CB Granada","GRA",1,75,12000,7,21,33.33,22,46,47.83,10,13,76.92,23,9,32,17,7,9,0,2,3,6,19,17,78,0,0,1,0,0,75,90,0,NA,0,0,0,0,0,0,0
1429747,1,"Liga Nacional","Liga Endesa",-402534000,NA,"https://www.acb.com/Documentos/Cabeceras/logo-competicion-1b.png","https://www.acb.com/Documentos/Cabeceras/logo-competicion-4a.png",73,2008,107,NA,NA,2110,13470,NA,NA,TRUE,1443,1443,118,"Regal FC Barcelona","Regal FCB","FCB",1459,1137,"Cajasol","Cajasol","CAJ",1,93,12000,7,16,43.75,29,46,63.04,14,19,73.68,22,10,32,24,7,9,0,2,1,5,15,20,122,0,0,0,1,0,93,67,0,NA,0,0,0,0,0,0,0
1429748,1,"Liga Nacional","Liga Endesa",-402534000,NA,"https://www.acb.com/Documentos/Cabeceras/logo-competicion-1b.png","https://www.acb.com/Documentos/Cabeceras/logo-competicion-4a.png",73,2008,107,NA,NA,2110,13470,NA,NA,FALSE,1459,1443,118,"Regal FC Barcelona","Regal FCB","FCB",1459,1137,"Cajasol","Cajasol","CAJ",1,67,12000,2,7,28,22,45,48,17,20,85,19,8,27,15,5,16,0,1,2,0,20,15,61,0,0,12,0,0,67,93,0,0,0,0,0,0,0,0,0
1429772,1,"Liga Nacional","Liga Endesa",-402534000,NA,"https://www.acb.com/Documentos/Cabeceras/logo-competicion-1b.png","https://www.acb.com/Documentos/Cabeceras/logo-competicion-4a.png",73,2008,107,NA,NA,2110,13471,NA,NA,TRUE,1448,1448,1205,"Alta Gestión Fuenlabrada","Alta Gestión F.","AGF",1444,234,"TAU Cerámica","TAU Cerámica","TAU",1,103,12000,16,36,44.44,22,36,61.11,11,15,73.33,24,9,33,16,4,7,0,3,2,3,23,17,106,0,0,0,1,0,103,90,0,NA,0,0,0,0,0,0,0
1429773,1,"Liga Nacional","Liga Endesa",-402534000,NA,"https://www.acb.com/Documentos/Cabeceras/logo-competicion-1b.png","https://www.acb.com/Documentos/Cabeceras/logo-competicion-4a.png",73,2008,107,NA,NA,2110,13471,NA,NA,FALSE,1444,1448,1205,"Alta Gestión Fuenlabrada","Alta Gestión F.","AGF",1444,234,"TAU Cerámica","TAU Cerámica","TAU",1,90,12000,7,22,31.82,22,38,57.89,25,29,86.21,27,7,34,16,4,12,0,2,3,2,17,23,102,0,0,1,0,0,90,103,0,NA,0,0,0,0,0,0,0
1429827,1,"Liga Nacional","Liga Endesa",-402534000,NA,"https://www.acb.com/Documentos/Cabeceras/logo-competicion-1b.png","https://www.acb.com/Documentos/Cabeceras/logo-competicion-4a.png",73,2008,107,NA,NA,2110,13473,NA,NA,FALSE,1451,1446,346,"Kalise Gran Canaria","Kalise GC","GCA",1451,639,"DKV Joventut","DKV Joventut","DKV",1,77,12000,12,32,37.5,13,33,39.39,15,17,88.24,31,13,44,19,5,13,0,5,4,1,18,17,90,0,0,0,1,0,77,72,0,NA,0,0,0,0,0,0,0
1429826,1,"Liga Nacional","Liga Endesa",-402534000,NA,"https://www.acb.com/Documentos/Cabeceras/logo-competicion-1b.png","https://www.acb.com/Documentos/Cabeceras/logo-competicion-4a.png",73,2008,107,NA,NA,2110,13473,NA,NA,TRUE,1446,1446,346,"Kalise Gran Canaria","Kalise GC","GCA",1451,639,"DKV Joventut","DKV Joventut","DKV",1,72,12000,6,18,33.33,22,44,50,10,15,66.67,27,6,33,15,10,11,0,4,5,4,17,18,80,0,0,1,0,0,72,77,0,NA,0,0,0,0,0,0,0
1429854,1,"Liga Nacional","Liga Endesa",-402534000,NA,"https://www.acb.com/Documentos/Cabeceras/logo-competicion-1b.png","https://www.acb.com/Documentos/Cabeceras/logo-competicion-4a.png",73,2008,107,NA,NA,2110,13474,NA,NA,FALSE,1456,1457,975,"Pamesa Valencia","Pamesa Valencia","PAM",1456,912,"CB Murcia","CB Murcia","MUR",1,63,12000,4,17,23.53,19,32,59.38,13,18,72.22,23,7,30,12,5,18,0,4,3,4,19,21,64,0,0,1,0,0,63,83,0,NA,0,0,0,0,0,0,0
1429853,1,"Liga Nacional","Liga Endesa",-402534000,NA,"https://www.acb.com/Documentos/Cabeceras/logo-competicion-1b.png","https://www.acb.com/Documentos/Cabeceras/logo-competicion-4a.png",73,2008,107,NA,NA,2110,13474,NA,NA,TRUE,1457,1457,975,"Pamesa Valencia","Pamesa Valencia","PAM",1456,912,"CB Murcia","CB Murcia","MUR",1,83,12000,4,22,18.18,27,47,57.45,17,18,94.44,18,16,34,15,14,8,0,3,4,5,21,19,96,0,0,0,1,0,83,63,0,NA,0,0,0,0,0,0,0
1429799,1,"Liga Nacional","Liga Endesa",-402534000,NA,"https://www.acb.com/Documentos/Cabeceras/logo-competicion-1b.png","https://www.acb.com/Documentos/Cabeceras/logo-competicion-4a.png",73,2008,107,NA,NA,2110,13472,NA,NA,TRUE,1452,1452,1160,"CAI Zaragoza","CAI Zaragoza","CAI",1445,289,"iurbentia Bilbao Basket","iurbentia BB","IBB",1,69,12000,6,16,37.5,17,32,53.12,17,20,85,24,8,32,15,10,18,0,3,2,4,16,25,90,0,0,1,0,0,69,70,0,NA,0,0,0,0,0,0,0
1429800,1,"Liga Nacional","Liga Endesa",-402534000,NA,"https://www.acb.com/Documentos/Cabeceras/logo-competicion-1b.png","https://www.acb.com/Documentos/Cabeceras/logo-competicion-4a.png",73,2008,107,NA,NA,2110,13472,NA,NA,FALSE,1445,1452,1160,"CAI Zaragoza","CAI Zaragoza","CAI",1445,289,"iurbentia Bilbao Basket","iurbentia BB","IBB",1,70,12000,11,28,39.29,12,27,44.44,13,14,92.86,15,8,23,17,11,12,0,2,3,1,25,16,66,0,0,0,1,0,70,69,0,NA,0,0,0,0,0,0,0
1429692,1,"Liga Nacional","Liga Endesa",-402534000,NA,"https://www.acb.com/Documentos/Cabeceras/logo-competicion-1b.png","https://www.acb.com/Documentos/Cabeceras/logo-competicion-4a.png",73,2008,107,NA,NA,2110,13468,NA,NA,TRUE,1455,1455,893,"ViveMenorca","ViveMenorca","MEN",1449,508,"Bruesa GBC","Bruesa GBC","GBC",1,77,12000,8,18,44.44,18,38,47.37,17,26,65.38,28,9,37,8,6,11,0,3,1,1,24,24,80,0,0,0,1,0,77,76,0,NA,0,0,0,0,0,0,0
1429693,1,"Liga Nacional","Liga Endesa",-402534000,NA,"https://www.acb.com/Documentos/Cabeceras/logo-competicion-1b.png","https://www.acb.com/Documentos/Cabeceras/logo-competicion-4a.png",73,2008,107,NA,NA,2110,13468,NA,NA,FALSE,1449,1455,893,"ViveMenorca","ViveMenorca","MEN",1449,508,"Bruesa GBC","Bruesa GBC","GBC",1,76,12000,7,21,33,21,45,46,13,19,68,23,12,35,8,3,8,0,1,3,2,24,24,68,0,0,11,0,0,76,77,0,0,0,0,0,0,0,0,0
1429719,1,"Liga Nacional","Liga Endesa",-402534000,NA,"https://www.acb.com/Documentos/Cabeceras/logo-competicion-1b.png","https://www.acb.com/Documentos/Cabeceras/logo-competicion-4a.png",73,2008,107,NA,NA,2110,13469,NA,NA,TRUE,1447,1447,472,"MMT Estudiantes","MMT Estudiantes","MMT",1453,775,"Real Madrid","Real Madrid","RMB",1,71,12000,6,23,26.09,20,36,55.56,13,18,72.22,23,9,32,15,10,10,0,1,0,0,26,22,77,0,0,0,1,0,71,63,0,NA,0,0,0,0,0,0,0
1429720,1,"Liga Nacional","Liga Endesa",-402534000,NA,"https://www.acb.com/Documentos/Cabeceras/logo-competicion-1b.png","https://www.acb.com/Documentos/Cabeceras/logo-competicion-4a.png",73,2008,107,NA,NA,2110,13469,NA,NA,FALSE,1453,1447,472,"MMT Estudiantes","MMT Estudiantes","MMT",1453,775,"Real Madrid","Real Madrid","RMB",1,63,12000,8,34,23.53,12,32,37.5,15,20,75,23,22,45,8,6,17,0,0,1,0,22,26,57,0,0,1,0,0,63,71,0,NA,0,0,0,0,0,0,0
1429880,1,"Liga Nacional","Liga Endesa",-402534000,NA,"https://www.acb.com/Documentos/Cabeceras/logo-competicion-1b.png","https://www.acb.com/Documentos/Cabeceras/logo-competicion-4a.png",73,2008,107,NA,NA,2111,13475,NA,NA,TRUE,1456,1456,912,"CB Murcia","CB Murcia","MUR",1446,346,"Kalise Gran Canaria","Kalise GC","GCA",1,72,12000,8,17,47.06,20,48,41.67,8,10,80,24,9,33,9,7,8,0,0,5,2,22,18,65,0,0,1,0,0,72,83,0,NA,0,0,0,0,0,0,0
1429881,1,"Liga Nacional","Liga Endesa",-402534000,NA,"https://www.acb.com/Documentos/Cabeceras/logo-competicion-1b.png","https://www.acb.com/Documentos/Cabeceras/logo-competicion-4a.png",73,2008,107,NA,NA,2111,13475,NA,NA,FALSE,1446,1456,912,"CB Murcia","CB Murcia","MUR",1446,346,"Kalise Gran Canaria","Kalise GC","GCA",1,83,12000,10,28,35,19,34,55,15,26,57,29,14,43,13,3,10,0,5,0,5,18,22,97,0,0,0,11,0,83,72,0,0,0,0,0,0,0,0,0
1429908,1,"Liga Nacional","Liga Endesa",-402534000,NA,"https://www.acb.com/Documentos/Cabeceras/logo-competicion-1b.png","https://www.acb.com/Documentos/Cabeceras/logo-competicion-4a.png",73,2008,107,NA,NA,2111,13476,NA,NA,FALSE,1452,1451,639,"DKV Joventut","DKV Joventut","DKV",1452,1160,"CAI Zaragoza","CAI Zaragoza","CAI",1,59,12000,5,20,25,13,28,46.43,18,24,75,24,7,31,11,9,16,0,2,2,2,18,23,63,0,0,1,0,0,59,68,0,NA,0,0,0,0,0,0,0
1429907,1,"Liga Nacional","Liga Endesa",-402534000,NA,"https://www.acb.com/Documentos/Cabeceras/logo-competicion-1b.png","https://www.acb.com/Documentos/Cabeceras/logo-competicion-4a.png",73,2008,107,NA,NA,2111,13476,NA,NA,TRUE,1451,1451,639,"DKV Joventut","DKV Joventut","DKV",1452,1160,"CAI Zaragoza","CAI Zaragoza","CAI",1,68,12000,3,19,15.79,23,40,57.5,13,16,81.25,22,10,32,11,9,11,0,2,2,2,23,18,68,0,0,0,1,0,68,59,0,NA,0,0,0,0,0,0,0
1430016,1,"Liga Nacional","Liga Endesa",-402534000,NA,"https://www.acb.com/Documentos/Cabeceras/logo-competicion-1b.png","https://www.acb.com/Documentos/Cabeceras/logo-competicion-4a.png",73,2008,107,NA,NA,2111,13480,NA,NA,FALSE,1455,1453,775,"Real Madrid","Real Madrid","RMB",1455,893,"ViveMenorca","ViveMenorca","MEN",1,67,12000,8,22,36.36,16,34,47.06,11,18,61.11,20,11,31,13,9,12,0,1,3,0,18,21,70,0,0,1,0,0,67,76,0,NA,0,0,0,0,0,0,0
1430015,1,"Liga Nacional","Liga Endesa",-402534000,NA,"https://www.acb.com/Documentos/Cabeceras/logo-competicion-1b.png","https://www.acb.com/Documentos/Cabeceras/logo-competicion-4a.png",73,2008,107,NA,NA,2111,13480,NA,NA,TRUE,1453,1453,775,"Real Madrid","Real Madrid","RMB",1455,893,"ViveMenorca","ViveMenorca","MEN",1,76,12000,7,20,35,21,34,61.76,13,15,86.67,23,6,29,23,9,14,0,3,1,6,21,18,94,0,0,0,1,0,76,67,0,NA,0,0,0,0,0,0,0
1430071,1,"Liga Nacional","Liga Endesa",-402534000,NA,"https://www.acb.com/Documentos/Cabeceras/logo-competicion-1b.png","https://www.acb.com/Documentos/Cabeceras/logo-competicion-4a.png",73,2008,107,NA,NA,2111,13482,NA,NA,FALSE,1458,1450,11,"CB Granada","CB Granada","GRA",1458,1078,"Unicaja","Unicaja","UNI",1,93,12000,14,31,45.16,23,35,65.71,5,10,50,31,10,41,25,12,14,0,5,2,3,21,16,121,0,0,0,1,0,93,51,0,NA,0,0,0,0,0,0,0
1430070,1,"Liga Nacional","Liga Endesa",-402534000,NA,"https://www.acb.com/Documentos/Cabeceras/logo-competicion-1b.png","https://www.acb.com/Documentos/Cabeceras/logo-competicion-4a.png",73,2008,107,NA,NA,2111,13482,NA,NA,TRUE,1450,1450,11,"CB Granada","CB Granada","GRA",1458,1078,"Unicaja","Unicaja","UNI",1,51,12000,4,21,19.05,14,40,35,11,16,68.75,22,11,33,7,6,20,0,2,5,0,16,21,31,0,0,1,0,0,51,93,0,NA,0,0,0,0,0,0,0
1429933,1,"Liga Nacional","Liga Endesa",-402534000,NA,"https://www.acb.com/Documentos/Cabeceras/logo-competicion-1b.png","https://www.acb.com/Documentos/Cabeceras/logo-competicion-4a.png",73,2008,107,NA,NA,2111,13477,NA,NA,TRUE,1445,1445,289,"iurbentia Bilbao Basket","iurbentia BB","IBB",1448,1205,"Alta Gestión Fuenlabrada","Alta Gestión F.","AGF",1,86,12000,13,21,61.9,20,32,62.5,7,8,87.5,22,5,27,12,9,19,0,2,4,0,20,17,89,0,0,0,1,0,86,60,0,NA,0,0,0,0,0,0,0
1429934,1,"Liga Nacional","Liga Endesa",-402534000,NA,"https://www.acb.com/Documentos/Cabeceras/logo-competicion-1b.png","https://www.acb.com/Documentos/Cabeceras/logo-competicion-4a.png",73,2008,107,NA,NA,2111,13477,NA,NA,FALSE,1448,1445,289,"iurbentia Bilbao Basket","iurbentia BB","IBB",1448,1205,"Alta Gestión Fuenlabrada","Alta Gestión F.","AGF",1,60,12000,7,27,25.93,16,28,57.14,7,10,70,15,12,27,16,10,20,0,4,2,1,17,20,63,0,0,1,0,0,60,86,0,NA,0,0,0,0,0,0,0
1430043,1,"Liga Nacional","Liga Endesa",-402534000,NA,"https://www.acb.com/Documentos/Cabeceras/logo-competicion-1b.png","https://www.acb.com/Documentos/Cabeceras/logo-competicion-4a.png",73,2008,107,NA,NA,2111,13481,NA,NA,TRUE,1449,1449,508,"Bruesa GBC","Bruesa GBC","GBC",1454,872,"Ricoh Manresa","Ricoh Manresa","MAN",1,84,12000,11,25,44,16,29,55,19,24,79,21,13,34,16,10,18,0,1,0,1,22,21,94,0,0,0,13,0,84,69,0,0,0,0,0,0,0,0,0
1430044,1,"Liga Nacional","Liga Endesa",-402534000,NA,"https://www.acb.com/Documentos/Cabeceras/logo-competicion-1b.png","https://www.acb.com/Documentos/Cabeceras/logo-competicion-4a.png",73,2008,107,NA,NA,2111,13481,NA,NA,FALSE,1454,1449,508,"Bruesa GBC","Bruesa GBC","GBC",1454,872,"Ricoh Manresa","Ricoh Manresa","MAN",1,69,12000,4,19,21.05,22,39,56.41,13,17,76.47,13,12,25,13,8,15,0,0,1,1,21,22,64,0,0,1,0,0,69,84,0,NA,0,0,0,0,0,0,0
1429990,1,"Liga Nacional","Liga Endesa",-402534000,NA,"https://www.acb.com/Documentos/Cabeceras/logo-competicion-1b.png","https://www.acb.com/Documentos/Cabeceras/logo-competicion-4a.png",73,2008,107,NA,NA,2111,13479,NA,NA,FALSE,1447,1459,1137,"Cajasol","Cajasol","CAJ",1447,472,"MMT Estudiantes","MMT Estudiantes","MMT",1,93,12000,11,23,47.83,22,39,56.41,16,22,72.73,24,10,34,18,10,11,0,1,4,0,20,21,107,0,0,0,1,0,93,70,0,NA,0,0,0,0,0,0,0
1429989,1,"Liga Nacional","Liga Endesa",-402534000,NA,"https://www.acb.com/Documentos/Cabeceras/logo-competicion-1b.png","https://www.acb.com/Documentos/Cabeceras/logo-competicion-4a.png",73,2008,107,NA,NA,2111,13479,NA,NA,TRUE,1459,1459,1137,"Cajasol","Cajasol","CAJ",1447,472,"MMT Estudiantes","MMT Estudiantes","MMT",1,70,12000,10,27,37,16,31,51,8,14,57,22,8,30,18,8,16,0,4,1,2,21,20,74,0,0,10,0,0,70,93,0,0,0,0,0,0,0,0,0
1429961,1,"Liga Nacional","Liga Endesa",-402534000,NA,"https://www.acb.com/Documentos/Cabeceras/logo-competicion-1b.png","https://www.acb.com/Documentos/Cabeceras/logo-competicion-4a.png",73,2008,107,NA,NA,2111,13478,NA,NA,FALSE,1443,1444,234,"TAU Cerámica","TAU Cerámica","TAU",1443,118,"Regal FC Barcelona","Regal FCB","FCB",1,79,12000,13,32,40.62,16,35,45.71,8,10,80,19,19,38,12,7,16,0,1,3,2,19,15,74,0,0,1,0,0,79,83,0,NA,0,0,0,0,0,0,0
1429960,1,"Liga Nacional","Liga Endesa",-402534000,NA,"https://www.acb.com/Documentos/Cabeceras/logo-competicion-1b.png","https://www.acb.com/Documentos/Cabeceras/logo-competicion-4a.png",73,2008,107,NA,NA,2111,13478,NA,NA,TRUE,1444,1444,234,"TAU Cerámica","TAU Cerámica","TAU",1443,118,"Regal FC Barcelona","Regal FCB","FCB",1,83,12000,9,27,33.33,22,34,64.71,12,14,85.71,18,10,28,18,7,10,0,3,1,2,15,19,100,0,0,0,1,0,83,79,0,NA,0,0,0,0,0,0,0
1430096,1,"Liga Nacional","Liga Endesa",-402534000,NA,"https://www.acb.com/Documentos/Cabeceras/logo-competicion-1b.png","https://www.acb.com/Documentos/Cabeceras/logo-competicion-4a.png",73,2008,107,NA,NA,2112,13483,NA,NA,TRUE,1458,1458,1078,"Unicaja","Unicaja","UNI",1449,508,"Bruesa GBC","Bruesa GBC","GBC",1,79,12000,6,20,30,21,44,47.73,19,22,86.36,28,10,38,13,11,13,0,6,1,2,18,23,98,0,0,0,1,0,79,72,0,NA,0,0,0,0,0,0,0
1430097,1,"Liga Nacional","Liga Endesa",-402534000,NA,"https://www.acb.com/Documentos/Cabeceras/logo-competicion-1b.png","https://www.acb.com/Documentos/Cabeceras/logo-competicion-4a.png",73,2008,107,NA,NA,2112,13483,NA,NA,FALSE,1449,1458,1078,"Unicaja","Unicaja","UNI",1449,508,"Bruesa GBC","Bruesa GBC","GBC",1,72,12000,6,21,28,21,44,47,12,17,70,26,11,37,11,8,14,0,1,6,1,23,18,61,0,0,10,0,0,72,79,0,0,0,0,0,0,0,0,0
1430123,1,"Liga Nacional","Liga Endesa",-402534000,NA,"https://www.acb.com/Documentos/Cabeceras/logo-competicion-1b.png","https://www.acb.com/Documentos/Cabeceras/logo-competicion-4a.png",73,2008,107,NA,NA,2112,13484,NA,NA,TRUE,1454,1454,872,"Ricoh Manresa","Ricoh Manresa","MAN",1453,775,"Real Madrid","Real Madrid","RMB",1,81,12000,10,26,38.46,16,28,57.14,19,23,82.61,20,6,26,18,7,14,0,2,1,3,23,22,86,0,0,1,0,0,81,84,0,NA,0,0,0,0,0,0,0
1430124,1,"Liga Nacional","Liga Endesa",-402534000,NA,"https://www.acb.com/Documentos/Cabeceras/logo-competicion-1b.png","https://www.acb.com/Documentos/Cabeceras/logo-competicion-4a.png",73,2008,107,NA,NA,2112,13484,NA,NA,FALSE,1453,1454,872,"Ricoh Manresa","Ricoh Manresa","MAN",1453,775,"Real Madrid","Real Madrid","RMB",1,84,12000,10,25,40,18,31,58.06,18,25,72,20,8,28,14,10,12,0,1,2,1,22,23,89,0,0,0,1,0,84,81,0,NA,0,0,0,0,0,0,0
1430151,1,"Liga Nacional","Liga Endesa",-402534000,NA,"https://www.acb.com/Documentos/Cabeceras/logo-competicion-1b.png","https://www.acb.com/Documentos/Cabeceras/logo-competicion-4a.png",73,2008,107,NA,NA,2112,13485,NA,NA,TRUE,1455,1455,893,"ViveMenorca","ViveMenorca","MEN",1459,1137,"Cajasol","Cajasol","CAJ",1,81,12000,6,24,25,21,32,65.62,21,30,70,31,10,41,11,9,14,0,3,3,3,21,27,96,0,0,0,1,0,81,69,0,NA,0,0,0,0,0,0,0
1430152,1,"Liga Nacional","Liga Endesa",-402534000,NA,"https://www.acb.com/Documentos/Cabeceras/logo-competicion-1b.png","https://www.acb.com/Documentos/Cabeceras/logo-competicion-4a.png",73,2008,107,NA,NA,2112,13485,NA,NA,FALSE,1459,1455,893,"ViveMenorca","ViveMenorca","MEN",1459,1137,"Cajasol","Cajasol","CAJ",1,69,12000,8,17,47,15,35,42,15,25,60,17,3,20,11,9,11,0,3,3,1,27,21,53,0,0,12,0,0,69,81,0,0,0,0,0,0,0,0,0
1430177,1,"Liga Nacional","Liga Endesa",-402534000,NA,"https://www.acb.com/Documentos/Cabeceras/logo-competicion-1b.png","https://www.acb.com/Documentos/Cabeceras/logo-competicion-4a.png",73,2008,107,NA,NA,2112,13486,NA,NA,TRUE,1447,1447,472,"MMT Estudiantes","MMT Estudiantes","MMT",1444,234,"TAU Cerámica","TAU Cerámica","TAU",1,83,12000,6,22,27.27,26,44,59.09,13,16,81.25,19,9,28,14,7,15,0,1,0,5,18,18,81,0,0,1,0,0,83,105,0,NA,0,0,0,0,0,0,0
1430178,1,"Liga Nacional","Liga Endesa",-402534000,NA,"https://www.acb.com/Documentos/Cabeceras/logo-competicion-1b.png","https://www.acb.com/Documentos/Cabeceras/logo-competicion-4a.png",73,2008,107,NA,NA,2112,13486,NA,NA,FALSE,1444,1447,472,"MMT Estudiantes","MMT Estudiantes","MMT",1444,234,"TAU Cerámica","TAU Cerámica","TAU",1,105,12000,12,27,44.44,30,39,76.92,9,10,90,26,2,28,21,8,12,0,0,1,4,18,18,124,0,0,0,1,0,105,83,0,NA,0,0,0,0,0,0,0
1430205,1,"Liga Nacional","Liga Endesa",-402534000,NA,"https://www.acb.com/Documentos/Cabeceras/logo-competicion-1b.png","https://www.acb.com/Documentos/Cabeceras/logo-competicion-4a.png",73,2008,107,NA,NA,2112,13487,NA,NA,FALSE,1445,1443,118,"Regal FC Barcelona","Regal FCB","FCB",1445,289,"iurbentia Bilbao Basket","iurbentia BB","IBB",1,65,12000,6,22,27.27,19,32,59.38,9,12,75,14,7,21,14,6,16,0,0,2,1,22,17,51,0,0,1,0,0,65,88,0,NA,0,0,0,0,0,0,0
1430204,1,"Liga Nacional","Liga Endesa",-402534000,NA,"https://www.acb.com/Documentos/Cabeceras/logo-competicion-1b.png","https://www.acb.com/Documentos/Cabeceras/logo-competicion-4a.png",73,2008,107,NA,NA,2112,13487,NA,NA,TRUE,1443,1443,118,"Regal FC Barcelona","Regal FCB","FCB",1445,289,"iurbentia Bilbao Basket","iurbentia BB","IBB",1,88,12000,11,21,52.38,17,35,48.57,21,23,91.3,22,13,35,20,12,14,0,2,0,5,17,22,118,0,0,0,1,0,88,65,0,NA,0,0,0,0,0,0,0
1430230,1,"Liga Nacional","Liga Endesa",-402534000,NA,"https://www.acb.com/Documentos/Cabeceras/logo-competicion-1b.png","https://www.acb.com/Documentos/Cabeceras/logo-competicion-4a.png",73,2008,107,NA,NA,2112,13488,NA,NA,TRUE,1448,1448,1205,"Alta Gestión Fuenlabrada","Alta Gestión F.","AGF",1451,639,"DKV Joventut","DKV Joventut","DKV",1,84,12000,11,24,45.83,21,36,58.33,9,10,90,14,6,20,18,8,15,0,3,4,3,20,15,80,0,0,1,0,0,84,101,0,NA,0,0,0,0,0,0,0
1430231,1,"Liga Nacional","Liga Endesa",-402534000,NA,"https://www.acb.com/Documentos/Cabeceras/logo-competicion-1b.png","https://www.acb.com/Documentos/Cabeceras/logo-competicion-4a.png",73,2008,107,NA,NA,2112,13488,NA,NA,FALSE,1451,1448,1205,"Alta Gestión Fuenlabrada","Alta Gestión F.","AGF",1451,639,"DKV Joventut","DKV Joventut","DKV",1,101,12000,15,28,53.57,19,32,59.38,18,20,90,22,11,33,21,12,14,0,4,3,3,15,20,131,0,0,0,1,0,101,84,0,NA,0,0,0,0,0,0,0
1430257,1,"Liga Nacional","Liga Endesa",-402534000,NA,"https://www.acb.com/Documentos/Cabeceras/logo-competicion-1b.png","https://www.acb.com/Documentos/Cabeceras/logo-competicion-4a.png",73,2008,107,NA,NA,2112,13489,NA,NA,TRUE,1452,1452,1160,"CAI Zaragoza","CAI Zaragoza","CAI",1456,912,"CB Murcia","CB Murcia","MUR",1,59,12000,5,23,21.74,15,36,41.67,14,19,73.68,29,8,37,8,4,8,0,3,2,0,20,19,56,0,0,1,0,0,59,60,0,NA,0,0,0,0,0,0,0
1430258,1,"Liga Nacional","Liga Endesa",-402534000,NA,"https://www.acb.com/Documentos/Cabeceras/logo-competicion-1b.png","https://www.acb.com/Documentos/Cabeceras/logo-competicion-4a.png",73,2008,107,NA,NA,2112,13489,NA,NA,FALSE,1456,1452,1160,"CAI Zaragoza","CAI Zaragoza","CAI",1456,912,"CB Murcia","CB Murcia","MUR",1,60,12000,5,16,31.25,14,37,37.84,17,21,80.95,28,6,34,8,4,8,0,2,3,0,19,20,60,0,0,0,1,0,60,59,0,NA,0,0,0,0,0,0,0
1430283,1,"Liga Nacional","Liga Endesa",-402534000,NA,"https://www.acb.com/Documentos/Cabeceras/logo-competicion-1b.png","https://www.acb.com/Documentos/Cabeceras/logo-competicion-4a.png",73,2008,107,NA,NA,2112,13490,NA,NA,TRUE,1446,1446,346,"Kalise Gran Canaria","Kalise GC","GCA",1457,975,"Pamesa Valencia","Pamesa Valencia","PAM",1,74,12000,8,24,33,15,43,34,20,23,86,30,15,45,13,4,13,0,4,5,3,22,23,76,0,0,0,11,0,888,71,0,0,0,0,0,0,0,0,0
1430284,1,"Liga Nacional","Liga Endesa",-402534000,NA,"https://www.acb.com/Documentos/Cabeceras/logo-competicion-1b.png","https://www.acb.com/Documentos/Cabeceras/logo-competicion-4a.png",73,2008,107,NA,NA,2112,13490,NA,NA,FALSE,1457,1446,346,"Kalise Gran Canaria","Kalise GC","GCA",1457,975,"Pamesa Valencia","Pamesa Valencia","PAM",1,71,12000,2,16,12.5,24,49,48.98,17,24,70.83,29,12,41,10,10,12,0,5,4,1,23,22,74,0,0,1,0,0,71,74,0,NA,0,0,0,0,0,0,0
1430310,1,"Liga Nacional","Liga Endesa",-402534000,NA,"https://www.acb.com/Documentos/Cabeceras/logo-competicion-1b.png","https://www.acb.com/Documentos/Cabeceras/logo-competicion-4a.png",73,2008,111,NA,NA,2113,13491,NA,NA,FALSE,1445,1444,234,"TAU Cerámica","TAU Cerámica","TAU",1445,289,"iurbentia Bilbao Basket","iurbentia BB","IBB",1,86,12000,14,30,46.67,17,31,54.84,10,15,66.67,22,8,30,22,6,13,0,3,3,0,24,15,87,0,0,1,0,0,86,90,0,NA,0,0,0,0,0,0,0
1430309,1,"Liga Nacional","Liga Endesa",-402534000,NA,"https://www.acb.com/Documentos/Cabeceras/logo-competicion-1b.png","https://www.acb.com/Documentos/Cabeceras/logo-competicion-4a.png",73,2008,111,NA,NA,2113,13491,NA,NA,TRUE,1444,1444,234,"TAU Cerámica","TAU Cerámica","TAU",1445,289,"iurbentia Bilbao Basket","iurbentia BB","IBB",1,90,12000,7,19,36.84,22,45,48.89,25,30,83.33,23,14,37,19,11,10,0,3,3,3,15,24,116,0,0,0,1,0,90,86,0,NA,0,0,0,0,0,0,0
1430336,1,"Liga Nacional","Liga Endesa",-402534000,NA,"https://www.acb.com/Documentos/Cabeceras/logo-competicion-1b.png","https://www.acb.com/Documentos/Cabeceras/logo-competicion-4a.png",73,2008,111,NA,NA,2113,13492,NA,NA,TRUE,1443,1443,118,"Regal FC Barcelona","Regal FCB","FCB",1457,975,"Pamesa Valencia","Pamesa Valencia","PAM",1,68,12000,7,25,28,14,31,45.16,19,24,79.17,25,12,37,12,6,13,0,2,1,0,20,25,76,0,0,0,1,0,68,66,0,NA,0,0,0,0,0,0,0
1430337,1,"Liga Nacional","Liga Endesa",-402534000,NA,"https://www.acb.com/Documentos/Cabeceras/logo-competicion-1b.png","https://www.acb.com/Documentos/Cabeceras/logo-competicion-4a.png",73,2008,111,NA,NA,2113,13492,NA,NA,FALSE,1457,1443,118,"Regal FC Barcelona","Regal FCB","FCB",1457,975,"Pamesa Valencia","Pamesa Valencia","PAM",1,66,12000,5,14,35.71,19,46,41.3,13,14,92.86,24,10,34,11,7,10,0,1,2,4,25,20,65,0,0,1,0,0,66,68,0,NA,0,0,0,0,0,0,0
1430363,1,"Liga Nacional","Liga Endesa",-402534000,NA,"https://www.acb.com/Documentos/Cabeceras/logo-competicion-1b.png","https://www.acb.com/Documentos/Cabeceras/logo-competicion-4a.png",73,2008,111,NA,NA,2113,13493,NA,NA,TRUE,1458,1458,1078,"Unicaja","Unicaja","UNI",1446,346,"Kalise Gran Canaria","Kalise GC","GCA",1,90,13500,14,33,42.42,17,35,48.57,14,23,60.87,20,6,26,17,12,17,0,5,5,2,29,24,77,0,0,1,0,0,90,96,0,NA,0,0,0,0,0,0,0
1430364,1,"Liga Nacional","Liga Endesa",-402534000,NA,"https://www.acb.com/Documentos/Cabeceras/logo-competicion-1b.png","https://www.acb.com/Documentos/Cabeceras/logo-competicion-4a.png",73,2008,111,NA,NA,2113,13493,NA,NA,FALSE,1446,1458,1078,"Unicaja","Unicaja","UNI",1446,346,"Kalise Gran Canaria","Kalise GC","GCA",1,96,13500,8,23,34,21,35,60,30,40,75,29,13,42,12,11,22,0,5,5,3,24,29,105,0,0,0,11,0,96,90,0,0,0,0,0,0,0,0,0
1430392,1,"Liga Nacional","Liga Endesa",-402534000,NA,"https://www.acb.com/Documentos/Cabeceras/logo-competicion-1b.png","https://www.acb.com/Documentos/Cabeceras/logo-competicion-4a.png",73,2008,111,NA,NA,2113,13494,NA,NA,FALSE,1451,1453,775,"Real Madrid","Real Madrid","RMB",1451,639,"DKV Joventut","DKV Joventut","DKV",1,62,12000,4,23,17.39,18,34,52.94,14,20,70,16,9,25,16,8,10,0,0,3,1,19,22,60,0,0,1,0,0,62,79,0,NA,0,0,0,0,0,0,0
1430391,1,"Liga Nacional","Liga Endesa",-402534000,NA,"https://www.acb.com/Documentos/Cabeceras/logo-competicion-1b.png","https://www.acb.com/Documentos/Cabeceras/logo-competicion-4a.png",73,2008,111,NA,NA,2113,13494,NA,NA,TRUE,1453,1453,775,"Real Madrid","Real Madrid","RMB",1451,639,"DKV Joventut","DKV Joventut","DKV",1,79,12000,8,21,38.1,23,36,63.89,9,14,64.29,28,9,37,22,6,16,0,3,0,7,22,19,97,0,0,0,1,0,79,62,0,NA,0,0,0,0,0,0,0
1430471,1,"Liga Nacional","Liga Endesa",-402534000,NA,"https://www.acb.com/Documentos/Cabeceras/logo-competicion-1b.png","https://www.acb.com/Documentos/Cabeceras/logo-competicion-4a.png",73,2008,111,NA,NA,2114,13497,NA,NA,TRUE,1446,1446,346,"Kalise Gran Canaria","Kalise GC","GCA",1458,1078,"Unicaja","Unicaja","UNI",1,68,12000,8,27,29,14,35,40,16,22,72,24,11,35,11,9,13,0,4,3,2,23,24,66,0,0,10,0,0,68,70,0,0,0,0,0,0,0,0,0
1430472,1,"Liga Nacional","Liga Endesa",-402534000,NA,"https://www.acb.com/Documentos/Cabeceras/logo-competicion-1b.png","https://www.acb.com/Documentos/Cabeceras/logo-competicion-4a.png",73,2008,111,NA,NA,2114,13497,NA,NA,FALSE,1458,1446,346,"Kalise Gran Canaria","Kalise GC","GCA",1458,1078,"Unicaja","Unicaja","UNI",1,70,12000,4,24,16.67,17,36,47.22,24,29,82.76,31,12,43,14,9,15,0,3,4,3,24,23,75,0,0,0,1,0,70,68,0,NA,0,0,0,0,0,0,0
1430444,1,"Liga Nacional","Liga Endesa",-402534000,NA,"https://www.acb.com/Documentos/Cabeceras/logo-competicion-1b.png","https://www.acb.com/Documentos/Cabeceras/logo-competicion-4a.png",73,2008,111,NA,NA,2114,13496,NA,NA,TRUE,1457,1457,975,"Pamesa Valencia","Pamesa Valencia","PAM",1443,118,"Regal FC Barcelona","Regal FCB","FCB",1,55,12000,4,18,22.22,19,49,38.78,5,7,71.43,15,20,35,7,11,12,0,1,4,2,15,15,47,0,0,1,0,0,55,81,0,NA,0,0,0,0,0,0,0
1430445,1,"Liga Nacional","Liga Endesa",-402534000,NA,"https://www.acb.com/Documentos/Cabeceras/logo-competicion-1b.png","https://www.acb.com/Documentos/Cabeceras/logo-competicion-4a.png",73,2008,111,NA,NA,2114,13496,NA,NA,FALSE,1443,1457,975,"Pamesa Valencia","Pamesa Valencia","PAM",1443,118,"Regal FC Barcelona","Regal FCB","FCB",1,81,12000,14,24,58.33,17,28,60.71,5,7,71.43,25,7,32,19,8,13,0,4,1,2,15,15,107,0,0,0,1,0,81,55,0,NA,0,0,0,0,0,0,0
1430416,1,"Liga Nacional","Liga Endesa",-402534000,NA,"https://www.acb.com/Documentos/Cabeceras/logo-competicion-1b.png","https://www.acb.com/Documentos/Cabeceras/logo-competicion-4a.png",73,2008,111,NA,NA,2114,13495,NA,NA,TRUE,1445,1445,289,"iurbentia Bilbao Basket","iurbentia BB","IBB",1444,234,"TAU Cerámica","TAU Cerámica","TAU",1,76,12000,8,26,30.77,19,33,57.58,14,19,73.68,16,8,24,17,9,10,0,2,1,1,21,17,76,0,0,1,0,0,76,97,0,NA,0,0,0,0,0,0,0
1430417,1,"Liga Nacional","Liga Endesa",-402534000,NA,"https://www.acb.com/Documentos/Cabeceras/logo-competicion-1b.png","https://www.acb.com/Documentos/Cabeceras/logo-competicion-4a.png",73,2008,111,NA,NA,2114,13495,NA,NA,FALSE,1444,1445,289,"iurbentia Bilbao Basket","iurbentia BB","IBB",1444,234,"TAU Cerámica","TAU Cerámica","TAU",1,97,12000,12,25,48,23,35,65.71,15,17,88.24,25,10,35,14,4,11,0,1,2,2,17,21,115,0,0,0,1,0,97,76,0,NA,0,0,0,0,0,0,0
1430500,1,"Liga Nacional","Liga Endesa",-402534000,NA,"https://www.acb.com/Documentos/Cabeceras/logo-competicion-1b.png","https://www.acb.com/Documentos/Cabeceras/logo-competicion-4a.png",73,2008,111,NA,NA,2114,13498,NA,NA,FALSE,1453,1451,639,"DKV Joventut","DKV Joventut","DKV",1453,775,"Real Madrid","Real Madrid","RMB",1,77,12000,11,27,40.74,13,29,44.83,18,24,75,23,7,30,16,13,17,0,1,7,2,21,25,79,0,0,1,0,0,77,82,0,NA,0,0,0,0,0,0,0
1430499,1,"Liga Nacional","Liga Endesa",-402534000,NA,"https://www.acb.com/Documentos/Cabeceras/logo-competicion-1b.png","https://www.acb.com/Documentos/Cabeceras/logo-competicion-4a.png",73,2008,111,NA,NA,2114,13498,NA,NA,TRUE,1451,1451,639,"DKV Joventut","DKV Joventut","DKV",1453,775,"Real Madrid","Real Madrid","RMB",1,82,12000,8,24,33.33,21,41,51.22,16,18,88.89,21,14,35,12,12,15,0,7,1,5,25,21,90,0,0,0,1,0,82,77,0,NA,0,0,0,0,0,0,0
1430526,1,"Liga Nacional","Liga Endesa",-402534000,NA,"https://www.acb.com/Documentos/Cabeceras/logo-competicion-1b.png","https://www.acb.com/Documentos/Cabeceras/logo-competicion-4a.png",73,2008,111,NA,NA,2115,13499,NA,NA,TRUE,1458,1458,1078,"Unicaja","Unicaja","UNI",1446,346,"Kalise Gran Canaria","Kalise GC","GCA",1,88,12000,10,27,37.04,20,36,55.56,18,20,90,31,8,39,20,17,13,0,1,0,3,21,18,114,0,0,0,1,0,88,57,0,NA,0,0,0,0,0,0,0
1430527,1,"Liga Nacional","Liga Endesa",-402534000,NA,"https://www.acb.com/Documentos/Cabeceras/logo-competicion-1b.png","https://www.acb.com/Documentos/Cabeceras/logo-competicion-4a.png",73,2008,111,NA,NA,2115,13499,NA,NA,FALSE,1446,1458,1078,"Unicaja","Unicaja","UNI",1446,346,"Kalise Gran Canaria","Kalise GC","GCA",1,57,12000,4,18,22,14,39,35,17,24,70,26,11,37,9,9,20,0,0,1,0,18,21,48,0,0,10,0,0,57,88,0,0,0,0,0,0,0,0,0
1430554,1,"Liga Nacional","Liga Endesa",-402534000,NA,"https://www.acb.com/Documentos/Cabeceras/logo-competicion-1b.png","https://www.acb.com/Documentos/Cabeceras/logo-competicion-4a.png",73,2008,111,NA,NA,2115,13500,NA,NA,TRUE,1453,1453,775,"Real Madrid","Real Madrid","RMB",1451,639,"DKV Joventut","DKV Joventut","DKV",1,78,12000,5,16,31.25,24,44,54.55,15,18,83.33,26,11,37,18,11,11,0,1,4,3,21,21,96,0,0,0,1,0,78,61,0,NA,0,0,0,0,0,0,0
1430555,1,"Liga Nacional","Liga Endesa",-402534000,NA,"https://www.acb.com/Documentos/Cabeceras/logo-competicion-1b.png","https://www.acb.com/Documentos/Cabeceras/logo-competicion-4a.png",73,2008,111,NA,NA,2115,13500,NA,NA,FALSE,1451,1453,775,"Real Madrid","Real Madrid","RMB",1451,639,"DKV Joventut","DKV Joventut","DKV",1,61,12000,9,28,32.14,14,24,58.33,6,9,66.67,19,3,22,13,7,14,0,4,1,2,21,21,60,0,0,1,0,0,61,78,0,NA,0,0,0,0,0,0,0
1430609,1,"Liga Nacional","Liga Endesa",-402534000,NA,"https://www.acb.com/Documentos/Cabeceras/logo-competicion-1b.png","https://www.acb.com/Documentos/Cabeceras/logo-competicion-4a.png",73,2008,111,NA,NA,2116,13502,NA,NA,FALSE,1458,1443,118,"Regal FC Barcelona","Regal FCB","FCB",1458,1078,"Unicaja","Unicaja","UNI",1,62,12000,6,27,22.22,14,32,43.75,16,20,80,28,6,34,11,8,14,0,3,5,3,23,21,54,0,0,1,0,0,62,70,0,NA,0,0,0,0,0,0,0
1430608,1,"Liga Nacional","Liga Endesa",-402534000,NA,"https://www.acb.com/Documentos/Cabeceras/logo-competicion-1b.png","https://www.acb.com/Documentos/Cabeceras/logo-competicion-4a.png",73,2008,111,NA,NA,2116,13502,NA,NA,TRUE,1443,1443,118,"Regal FC Barcelona","Regal FCB","FCB",1458,1078,"Unicaja","Unicaja","UNI",1,70,12000,5,26,19.23,19,35,54.29,17,24,70.83,32,10,42,12,12,13,0,5,3,6,21,23,83,0,0,0,1,0,70,62,0,NA,0,0,0,0,0,0,0
1430581,1,"Liga Nacional","Liga Endesa",-402534000,NA,"https://www.acb.com/Documentos/Cabeceras/logo-competicion-1b.png","https://www.acb.com/Documentos/Cabeceras/logo-competicion-4a.png",73,2008,111,NA,NA,2116,13501,NA,NA,TRUE,1444,1444,234,"TAU Cerámica","TAU Cerámica","TAU",1453,775,"Real Madrid","Real Madrid","RMB",1,91,12000,7,21,33.33,25,42,59.52,20,26,76.92,26,14,40,19,7,12,0,2,2,2,22,25,111,0,0,0,1,0,91,80,0,NA,0,0,0,0,0,0,0
1430582,1,"Liga Nacional","Liga Endesa",-402534000,NA,"https://www.acb.com/Documentos/Cabeceras/logo-competicion-1b.png","https://www.acb.com/Documentos/Cabeceras/logo-competicion-4a.png",73,2008,111,NA,NA,2116,13501,NA,NA,FALSE,1453,1444,234,"TAU Cerámica","TAU Cerámica","TAU",1453,775,"Real Madrid","Real Madrid","RMB",1,80,12000,5,23,21.74,26,51,50.98,13,19,68.42,15,19,34,16,11,7,0,2,2,3,25,22,82,0,0,1,0,0,80,91,0,NA,0,0,0,0,0,0,0
1430661,1,"Liga Nacional","Liga Endesa",-402534000,NA,"https://www.acb.com/Documentos/Cabeceras/logo-competicion-1b.png","https://www.acb.com/Documentos/Cabeceras/logo-competicion-4a.png",73,2008,111,NA,NA,2117,13504,NA,NA,TRUE,1458,1458,1078,"Unicaja","Unicaja","UNI",1443,118,"Regal FC Barcelona","Regal FCB","FCB",1,82,12000,7,16,43.75,22,42,52.38,17,19,89.47,24,9,33,7,8,17,0,2,2,2,20,23,85,0,0,0,1,0,82,75,0,NA,0,0,0,0,0,0,0
1430662,1,"Liga Nacional","Liga Endesa",-402534000,NA,"https://www.acb.com/Documentos/Cabeceras/logo-competicion-1b.png","https://www.acb.com/Documentos/Cabeceras/logo-competicion-4a.png",73,2008,111,NA,NA,2117,13504,NA,NA,FALSE,1443,1458,1078,"Unicaja","Unicaja","UNI",1443,118,"Regal FC Barcelona","Regal FCB","FCB",1,75,12000,10,22,45.45,13,35,37.14,19,22,86.36,20,8,28,13,9,15,0,2,2,1,23,20,70,0,0,1,0,0,75,82,0,NA,0,0,0,0,0,0,0
1430635,1,"Liga Nacional","Liga Endesa",-402534000,NA,"https://www.acb.com/Documentos/Cabeceras/logo-competicion-1b.png","https://www.acb.com/Documentos/Cabeceras/logo-competicion-4a.png",73,2008,111,NA,NA,2117,13503,NA,NA,TRUE,1453,1453,775,"Real Madrid","Real Madrid","RMB",1444,234,"TAU Cerámica","TAU Cerámica","TAU",1,102,12000,9,20,45,33,50,66,9,11,81.82,22,12,34,21,6,8,0,6,2,9,21,16,124,0,0,0,1,0,102,82,0,NA,0,0,0,0,0,0,0
1430636,1,"Liga Nacional","Liga Endesa",-402534000,NA,"https://www.acb.com/Documentos/Cabeceras/logo-competicion-1b.png","https://www.acb.com/Documentos/Cabeceras/logo-competicion-4a.png",73,2008,111,NA,NA,2117,13503,NA,NA,FALSE,1444,1453,775,"Real Madrid","Real Madrid","RMB",1444,234,"TAU Cerámica","TAU Cerámica","TAU",1,82,12000,7,20,35,24,43,55.81,13,18,72.22,17,10,27,10,6,9,0,2,6,1,16,21,80,0,0,1,0,0,82,102,0,NA,0,0,0,0,0,0,0
1430715,1,"Liga Nacional","Liga Endesa",-402534000,NA,"https://www.acb.com/Documentos/Cabeceras/logo-competicion-1b.png","https://www.acb.com/Documentos/Cabeceras/logo-competicion-4a.png",73,2008,111,NA,NA,2118,13506,NA,NA,FALSE,1458,1443,118,"Regal FC Barcelona","Regal FCB","FCB",1458,1078,"Unicaja","Unicaja","UNI",1,78,13500,3,21,14.29,21,38,55.26,27,29,93.1,29,6,35,9,8,13,0,6,6,0,22,25,83,0,0,1,0,0,78,86,0,NA,0,0,0,0,0,0,0
1430714,1,"Liga Nacional","Liga Endesa",-402534000,NA,"https://www.acb.com/Documentos/Cabeceras/logo-competicion-1b.png","https://www.acb.com/Documentos/Cabeceras/logo-competicion-4a.png",73,2008,111,NA,NA,2118,13506,NA,NA,TRUE,1443,1443,118,"Regal FC Barcelona","Regal FCB","FCB",1458,1078,"Unicaja","Unicaja","UNI",1,86,13500,12,23,52.17,16,47,34.04,18,22,81.82,30,11,41,21,8,10,0,6,6,1,25,22,97,0,0,0,1,0,86,78,0,NA,0,0,0,0,0,0,0
1430689,1,"Liga Nacional","Liga Endesa",-402534000,NA,"https://www.acb.com/Documentos/Cabeceras/logo-competicion-1b.png","https://www.acb.com/Documentos/Cabeceras/logo-competicion-4a.png",73,2008,111,NA,NA,2118,13505,NA,NA,FALSE,1453,1444,234,"TAU Cerámica","TAU Cerámica","TAU",1453,775,"Real Madrid","Real Madrid","RMB",1,80,12000,7,22,31.82,19,46,41.3,21,25,84,25,16,41,14,7,13,0,0,4,2,29,23,73,0,0,1,0,0,80,89,0,NA,0,0,0,0,0,0,0
1430688,1,"Liga Nacional","Liga Endesa",-402534000,NA,"https://www.acb.com/Documentos/Cabeceras/logo-competicion-1b.png","https://www.acb.com/Documentos/Cabeceras/logo-competicion-4a.png",73,2008,111,NA,NA,2118,13505,NA,NA,TRUE,1444,1444,234,"TAU Cerámica","TAU Cerámica","TAU",1453,775,"Real Madrid","Real Madrid","RMB",1,89,12000,10,24,41.67,15,30,50,29,35,82.86,24,6,30,13,7,7,0,4,0,2,23,29,107,0,0,0,1,0,89,80,0,NA,0,0,0,0,0,0,0
1430741,1,"Liga Nacional","Liga Endesa",-402534000,NA,"https://www.acb.com/Documentos/Cabeceras/logo-competicion-1b.png","https://www.acb.com/Documentos/Cabeceras/logo-competicion-4a.png",73,2008,111,NA,NA,2119,13507,NA,NA,TRUE,1444,1444,234,"TAU Cerámica","TAU Cerámica","TAU",1443,118,"Regal FC Barcelona","Regal FCB","FCB",1,80,12000,8,19,42.11,21,48,43.75,14,15,93.33,15,18,33,10,6,9,0,0,6,4,13,19,81,0,0,1,0,0,80,82,0,NA,0,0,0,0,0,0,0
1430742,1,"Liga Nacional","Liga Endesa",-402534000,NA,"https://www.acb.com/Documentos/Cabeceras/logo-competicion-1b.png","https://www.acb.com/Documentos/Cabeceras/logo-competicion-4a.png",73,2008,111,NA,NA,2119,13507,NA,NA,FALSE,1443,1444,234,"TAU Cerámica","TAU Cerámica","TAU",1443,118,"Regal FC Barcelona","Regal FCB","FCB",1,82,12000,9,24,37.5,22,32,68.75,11,12,91.67,17,9,26,17,7,13,0,6,0,1,19,13,93,0,0,0,1,0,82,80,0,NA,0,0,0,0,0,0,0
1430768,1,"Liga Nacional","Liga Endesa",-402534000,NA,"https://www.acb.com/Documentos/Cabeceras/logo-competicion-1b.png","https://www.acb.com/Documentos/Cabeceras/logo-competicion-4a.png",73,2008,111,NA,NA,2120,13508,NA,NA,TRUE,1444,1444,234,"TAU Cerámica","TAU Cerámica","TAU",1443,118,"Regal FC Barcelona","Regal FCB","FCB",1,75,12000,8,22,36.36,21,43,48.84,9,13,69.23,27,13,40,8,7,11,0,5,5,2,16,20,83,0,0,0,1,0,75,67,0,NA,0,0,0,0,0,0,0
1430769,1,"Liga Nacional","Liga Endesa",-402534000,NA,"https://www.acb.com/Documentos/Cabeceras/logo-competicion-1b.png","https://www.acb.com/Documentos/Cabeceras/logo-competicion-4a.png",73,2008,111,NA,NA,2120,13508,NA,NA,FALSE,1443,1444,234,"TAU Cerámica","TAU Cerámica","TAU",1443,118,"Regal FC Barcelona","Regal FCB","FCB",1,67,12000,11,26,42.31,14,37,37.84,6,8,75,24,10,34,13,6,13,0,5,5,1,20,16,63,0,0,1,0,0,67,75,0,NA,0,0,0,0,0,0,0
1430795,1,"Liga Nacional","Liga Endesa",-402534000,NA,"https://www.acb.com/Documentos/Cabeceras/logo-competicion-1b.png","https://www.acb.com/Documentos/Cabeceras/logo-competicion-4a.png",73,2008,111,NA,NA,2121,13509,NA,NA,TRUE,1443,1443,118,"Regal FC Barcelona","Regal FCB","FCB",1444,234,"TAU Cerámica","TAU Cerámica","TAU",1,85,12000,11,28,39.29,24,37,64.86,4,8,50,17,13,30,17,13,9,0,2,0,4,12,16,108,0,0,0,1,0,85,67,0,NA,0,0,0,0,0,0,0
1430796,1,"Liga Nacional","Liga Endesa",-402534000,NA,"https://www.acb.com/Documentos/Cabeceras/logo-competicion-1b.png","https://www.acb.com/Documentos/Cabeceras/logo-competicion-4a.png",73,2008,111,NA,NA,2121,13509,NA,NA,FALSE,1444,1443,118,"Regal FC Barcelona","Regal FCB","FCB",1444,234,"TAU Cerámica","TAU Cerámica","TAU",1,67,12000,6,17,35.29,18,33,54.55,13,15,86.67,19,7,26,6,5,15,0,0,2,0,16,12,55,0,0,1,0,0,67,85,0,NA,0,0,0,0,0,0,0
1430823,1,"Liga Nacional","Liga Endesa",-402534000,NA,"https://www.acb.com/Documentos/Cabeceras/logo-competicion-1b.png","https://www.acb.com/Documentos/Cabeceras/logo-competicion-4a.png",73,2008,111,NA,NA,2122,13510,NA,NA,FALSE,1444,1443,118,"Regal FC Barcelona","Regal FCB","FCB",1444,234,"TAU Cerámica","TAU Cerámica","TAU",1,77,12000,12,25,48,14,31,45.16,13,21,61.9,16,13,29,12,1,7,0,0,6,0,21,21,68,0,0,1,0,0,77,90,0,NA,0,0,0,0,0,0,0
1430822,1,"Liga Nacional","Liga Endesa",-402534000,NA,"https://www.acb.com/Documentos/Cabeceras/logo-competicion-1b.png","https://www.acb.com/Documentos/Cabeceras/logo-competicion-4a.png",73,2008,111,NA,NA,2122,13510,NA,NA,TRUE,1443,1443,118,"Regal FC Barcelona","Regal FCB","FCB",1444,234,"TAU Cerámica","TAU Cerámica","TAU",1,90,12000,12,23,52.17,16,25,64,22,27,81.48,20,5,25,20,6,6,0,6,0,7,21,21,116,0,0,0,1,0,90,77,0,NA,0,0,0,0,0,0,0
1777682,2,"Copa de España","Copa del Rey",-1142812800,NA,"https://static.acb.com/img/d/15/9/27868934009.png","https://static.acb.com/img/d/15/9/27868934009.png",73,2008,103,293,351,302,844,NA,NA,FALSE,1468,1467,472,"MMT Estudiantes","MMT Estudiantes","MMT",1468,639,"DKV Joventut","DKV Joventut","DKV",1,75,12000,7,30,23,18,34,52,18,25,72,20,10,30,15,12,12,0,1,2,1,24,22,71,0,0,1,0,0,975,80,0,0,0,0,0,0,0,0,0
1777680,2,"Copa de España","Copa del Rey",-1142812800,NA,"https://static.acb.com/img/d/15/9/27868934009.png","https://static.acb.com/img/d/15/9/27868934009.png",73,2008,103,293,351,302,844,NA,NA,TRUE,1467,1467,472,"MMT Estudiantes","MMT Estudiantes","MMT",1468,639,"DKV Joventut","DKV Joventut","DKV",1,80,12000,6,22,27.272727,19,32,59.375,24,31,77.419355,28,9,37,10,6,16,0,2,1,0,22,24,84,0,0,0,1,0,80,75,0,NA,0,0,0,0,0,0,0
1777675,2,"Copa de España","Copa del Rey",-1142812800,NA,"https://static.acb.com/img/d/15/9/27868934009.png","https://static.acb.com/img/d/15/9/27868934009.png",73,2008,103,293,353,302,843,NA,NA,FALSE,1466,1471,1078,"Unicaja","Unicaja","UNI",1466,346,"Kalise Gran Canaria","Kalise GC","GCA",1,69,12000,9,22,40,15,35,42,12,18,66,20,11,31,12,5,14,0,2,5,2,19,20,62,0,0,1,0,0,69,79,0,0,0,0,0,0,0,0,0
1777677,2,"Copa de España","Copa del Rey",-1142812800,NA,"https://static.acb.com/img/d/15/9/27868934009.png","https://static.acb.com/img/d/15/9/27868934009.png",73,2008,103,293,353,302,843,NA,NA,TRUE,1471,1471,1078,"Unicaja","Unicaja","UNI",1466,346,"Kalise Gran Canaria","Kalise GC","GCA",1,79,12000,6,13,46.153846,21,44,47.727273,19,23,82.608696,23,10,33,6,8,10,0,5,2,2,20,19,84,0,0,0,1,0,79,69,0,NA,0,0,0,0,0,0,0
1777672,2,"Copa de España","Copa del Rey",-1142812800,NA,"https://static.acb.com/img/d/15/9/27868934009.png","https://static.acb.com/img/d/15/9/27868934009.png",73,2008,103,293,354,302,842,NA,NA,TRUE,1465,1465,234,"TAU Cerámica","TAU Cerámica","TAU",1470,975,"Pamesa Valencia","Pamesa Valencia","PAM",1,82,12000,7,21,33.333333,21,43,48.837209,19,25,76,27,14,41,14,12,11,0,2,3,4,14,25,106,0,0,0,1,0,82,66,0,NA,0,0,0,0,0,0,0
1777673,2,"Copa de España","Copa del Rey",-1142812800,NA,"https://static.acb.com/img/d/15/9/27868934009.png","https://static.acb.com/img/d/15/9/27868934009.png",73,2008,103,293,354,302,842,NA,NA,FALSE,1470,1465,234,"TAU Cerámica","TAU Cerámica","TAU",1470,975,"Pamesa Valencia","Pamesa Valencia","PAM",1,66,12000,8,24,33,20,38,52,2,3,66,21,6,27,12,9,15,0,3,2,2,25,14,54,0,0,1,0,0,66,82,0,0,0,0,0,0,0,0,0
1777667,2,"Copa de España","Copa del Rey",-1142812800,NA,"https://static.acb.com/img/d/15/9/27868934009.png","https://static.acb.com/img/d/15/9/27868934009.png",73,2008,103,293,352,302,841,NA,NA,FALSE,1464,1469,775,"Real Madrid","Real Madrid","RMB",1464,118,"Regal FC Barcelona","Regal FCB","FCB",1,83,12000,13,31,41.935484,17,27,62.962963,10,14,71.428571,24,7,31,24,7,15,0,5,0,4,21,20,102,0,0,0,1,0,83,75,0,NA,0,0,0,0,0,0,0
1777669,2,"Copa de España","Copa del Rey",-1142812800,NA,"https://static.acb.com/img/d/15/9/27868934009.png","https://static.acb.com/img/d/15/9/27868934009.png",73,2008,103,293,352,302,841,NA,NA,TRUE,1469,1469,775,"Real Madrid","Real Madrid","RMB",1464,118,"Regal FC Barcelona","Regal FCB","FCB",1,75,12000,6,17,35.294118,22,47,46.808511,13,18,72.222222,22,10,32,15,7,8,0,0,5,3,20,21,76,0,0,1,0,0,75,83,0,NA,0,0,0,0,0,0,0
1777689,2,"Copa de España","Copa del Rey",-1142812800,NA,"https://static.acb.com/img/d/15/9/27868934009.png","https://static.acb.com/img/d/15/9/27868934009.png",73,2008,103,292,301,303,846,NA,NA,FALSE,1471,1467,472,"MMT Estudiantes","MMT Estudiantes","MMT",1471,1078,"Unicaja","Unicaja","UNI",1,78,12000,7,27,25.925926,20,36,55.555556,17,21,80.952381,18,14,32,17,18,15,0,4,1,6,19,24,98,0,0,0,1,0,78,71,0,NA,0,0,0,0,0,0,0
1777687,2,"Copa de España","Copa del Rey",-1142812800,NA,"https://static.acb.com/img/d/15/9/27868934009.png","https://static.acb.com/img/d/15/9/27868934009.png",73,2008,103,292,301,303,846,NA,NA,TRUE,1467,1467,472,"MMT Estudiantes","MMT Estudiantes","MMT",1471,1078,"Unicaja","Unicaja","UNI",1,71,12000,11,26,42.307692,14,31,45.16129,10,14,71.428571,20,13,33,11,7,24,0,1,4,0,24,19,54,0,0,1,0,0,71,78,0,NA,0,0,0,0,0,0,0
1777686,2,"Copa de España","Copa del Rey",-1142812800,NA,"https://static.acb.com/img/d/15/9/27868934009.png","https://static.acb.com/img/d/15/9/27868934009.png",73,2008,103,292,302,303,845,NA,NA,FALSE,1465,1464,118,"Regal FC Barcelona","Regal FCB","FCB",1465,234,"TAU Cerámica","TAU Cerámica","TAU",1,90,12000,9,23,39.130435,24,40,60,15,16,93.75,25,7,32,14,4,8,0,1,4,2,19,19,98,0,0,0,1,0,90,77,0,NA,0,0,0,0,0,0,0
1777684,2,"Copa de España","Copa del Rey",-1142812800,NA,"https://static.acb.com/img/d/15/9/27868934009.png","https://static.acb.com/img/d/15/9/27868934009.png",73,2008,103,292,302,303,845,NA,NA,TRUE,1464,1464,118,"Regal FC Barcelona","Regal FCB","FCB",1465,234,"TAU Cerámica","TAU Cerámica","TAU",1,77,12000,7,24,29.166667,24,42,57.142857,8,15,53.333333,22,8,30,15,3,8,0,4,1,2,19,19,78,0,0,1,0,0,77,90,0,NA,0,0,0,0,0,0,0
1777694,2,"Copa de España","Copa del Rey",-1142812800,NA,"https://static.acb.com/img/d/15/9/27868934009.png","https://static.acb.com/img/d/15/9/27868934009.png",73,2008,103,291,301,304,847,NA,NA,TRUE,1471,1471,1078,"Unicaja","Unicaja","UNI",1465,234,"TAU Cerámica","TAU Cerámica","TAU",1,98,13500,5,23,21.73913,25,49,51.020408,33,37,89.189189,26,17,43,11,9,14,0,8,4,4,25,27,107,0,0,1,0,0,98,100,0,NA,0,0,0,0,0,0,0
1777692,2,"Copa de España","Copa del Rey",-1142812800,NA,"https://static.acb.com/img/d/15/9/27868934009.png","https://static.acb.com/img/d/15/9/27868934009.png",73,2008,103,291,301,304,847,NA,NA,FALSE,1465,1471,1078,"Unicaja","Unicaja","UNI",1465,234,"TAU Cerámica","TAU Cerámica","TAU",1,100,13500,11,29,37.931034,21,41,51.219512,25,28,89.285714,25,10,35,12,7,12,0,4,8,1,27,25,95,0,0,0,1,0,100,98,0,NA,0,0,0,0,0,0,0
1412965,3,"Supercopa","Supercopa Endesa",477108000,NA,"https://static.acb.com/img/14/39/3/27868634006.png","https://static.acb.com/img/1c/1a/3d/27940034120.png",73,2008,103,NA,NA,2233,14369,NA,NA,FALSE,1462,1463,1160,"CAI Zaragoza","CAI Zaragoza","CAI",1462,639,"DKV Joventut","DKV Joventut","DKV",1,81,12000,11,27,40,19,38,50,10,14,71,21,9,30,11,8,18,0,3,2,3,24,19,69,0,0,11,0,0,81,96,0,0,0,0,0,0,0,0,0
1412964,3,"Supercopa","Supercopa Endesa",477108000,NA,"https://static.acb.com/img/14/39/3/27868634006.png","https://static.acb.com/img/1c/1a/3d/27940034120.png",73,2008,103,NA,NA,2233,14369,NA,NA,TRUE,1463,1463,1160,"CAI Zaragoza","CAI Zaragoza","CAI",1462,639,"DKV Joventut","DKV Joventut","DKV",1,96,12000,12,28,42,19,37,51,22,28,78,23,13,36,12,8,12,0,2,3,1,19,24,104,0,0,0,12,0,96,81,0,0,0,0,0,0,0,0,0
1412937,3,"Supercopa","Supercopa Endesa",477108000,NA,"https://static.acb.com/img/14/39/3/27868634006.png","https://static.acb.com/img/1c/1a/3d/27940034120.png",73,2008,103,NA,NA,2233,14368,NA,NA,TRUE,1461,1461,234,"TAU Cerámica","TAU Cerámica","TAU",1460,118,"Regal FC Barcelona","Regal FCB","FCB",1,73,12000,9,17,52,18,39,46,10,13,76,27,6,33,11,6,19,0,3,6,2,17,19,71,0,0,0,11,0,73,70,0,0,0,0,0,0,0,0,0
1412938,3,"Supercopa","Supercopa Endesa",477108000,NA,"https://static.acb.com/img/14/39/3/27868634006.png","https://static.acb.com/img/1c/1a/3d/27940034120.png",73,2008,103,NA,NA,2233,14368,NA,NA,FALSE,1460,1461,234,"TAU Cerámica","TAU Cerámica","TAU",1460,118,"Regal FC Barcelona","Regal FCB","FCB",1,70,12000,7,21,33,20,38,52,9,14,64,23,7,30,16,12,14,0,6,3,3,19,17,78,0,0,12,0,0,70,73,0,0,0,0,0,0,0,0,0
1412992,3,"Supercopa","Supercopa Endesa",477108000,NA,"https://static.acb.com/img/14/39/3/27868634006.png","https://static.acb.com/img/1c/1a/3d/27940034120.png",73,2008,103,NA,NA,2234,14370,NA,NA,FALSE,1461,1463,1160,"CAI Zaragoza","CAI Zaragoza","CAI",1461,234,"TAU Cerámica","TAU Cerámica","TAU",1,86,12000,11,24,45,22,40,55,9,13,69,18,9,27,8,11,14,0,4,3,2,20,16,80,0,0,0,10,0,86,85,0,0,0,0,0,0,0,0,0
1412991,3,"Supercopa","Supercopa Endesa",477108000,NA,"https://static.acb.com/img/14/39/3/27868634006.png","https://static.acb.com/img/1c/1a/3d/27940034120.png",73,2008,103,NA,NA,2234,14370,NA,NA,TRUE,1463,1463,1160,"CAI Zaragoza","CAI Zaragoza","CAI",1461,234,"TAU Cerámica","TAU Cerámica","TAU",1,85,12000,10,21,47,21,39,53,13,17,76,21,8,29,16,11,14,0,3,4,1,16,20,97,0,0,11,0,0,85,86,0,0,0,0,0,0,0,0,0
