"id_competition","competition_name","competition_official_name","competition_url_image","competition_url_image_negative","id_edition","edition_year","id_phase","id_match","id_license","license_id","license_id_person","license_licenseStr","license_licenseStr15","license_licenseAbbrev","license_licenseNick","license_id_type","license_active","id_license_type","id_license_subtype","id_team","team_id_team_denomination","team_team_actual_name","team_team_actual_short_name","team_team_abbrev_name","order","id_playbyplaytype","type_description","type_normalized_description","shirt_number","local","period","minute","second","crono","score_local","score_visitor","posX","posY","wall_clock","statistics_3pt_success","statistics_3pt_tried","statistics_2pt_success","statistics_2pt_tried","statistics_1pt_success","statistics_1pt_tried","statistics_total_rebound","statistics_asis","statistics_steals","statistics_turnovers","statistics_blocks","statistics_personal_fouls","statistics_received_fouls","statistics_points","...1"
3,"Supercopa","Supercopa Endesa","https://static.acb.com/img/14/39/3/27868634006.png","https://static.acb.com/img/1c/1a/3d/27940034120.png",91,2026,103,105681,20211797,20211797,20211797,"Rodions  Kurucs ","Rodions Kurucs","R. Kurucs","Kurucs",202,FALSE,202,NA,4484,3418,"Kosner Baskonia","Kosner Baskonia","BKN",10,599,"Cinco Inicial","Starting Five",NA,FALSE,1,10,0,00:10:00,0,0,NA,NA,NA,0,0,0,0,0,0,0,0,0,0,0,0,0,0,NA
3,"Supercopa","Supercopa Endesa","https://static.acb.com/img/14/39/3/27868634006.png","https://static.acb.com/img/1c/1a/3d/27940034120.png",91,2026,103,105681,20210830,20210830,20210830,"Tadas Sedekerskis","Tadas Sedekerskis","T. Sedekerskis","Sedekerskis",202,FALSE,202,NA,4484,3418,"Kosner Baskonia","Kosner Baskonia","BKN",10,599,"Cinco Inicial","Starting Five",NA,FALSE,1,10,0,00:10:00,0,0,NA,NA,NA,0,0,0,0,0,0,0,0,0,0,0,0,0,0,NA
3,"Supercopa","Supercopa Endesa","https://static.acb.com/img/14/39/3/27868634006.png","https://static.acb.com/img/1c/1a/3d/27940034120.png",91,2026,103,105681,30005346,30005346,21104824,"Devvajne Stevvart Jr","DJ Stewart Jr","DJ Stewart","Stewart",202,FALSE,202,NA,4484,3418,"Kosner Baskonia","Kosner Baskonia","BKN",10,599,"Cinco Inicial","Starting Five",NA,FALSE,1,10,0,00:10:00,0,0,NA,NA,NA,0,0,0,0,0,0,0,0,0,0,0,0,0,0,NA
3,"Supercopa","Supercopa Endesa","https://static.acb.com/img/14/39/3/27868634006.png","https://static.acb.com/img/1c/1a/3d/27940034120.png",91,2026,103,105681,30004878,30004878,21104384,"Kobi Jordan Simmons ","Kobi Simmons","K. Simmons","Simmons",202,FALSE,202,NA,4484,3418,"Kosner Baskonia","Kosner Baskonia","BKN",10,599,"Cinco Inicial","Starting Five",NA,FALSE,1,10,0,00:10:00,0,0,NA,NA,NA,0,0,0,0,0,0,0,0,0,0,0,0,0,0,NA
3,"Supercopa","Supercopa Endesa","https://static.acb.com/img/14/39/3/27868634006.png","https://static.acb.com/img/1c/1a/3d/27940034120.png",91,2026,103,105681,30003966,30003966,21103485,"Christopher  Theoret Duarte","Chris Duarte","C. Duarte","Duarte",202,FALSE,202,NA,4484,3418,"Kosner Baskonia","Kosner Baskonia","BKN",10,599,"Cinco Inicial","Starting Five",NA,FALSE,1,10,0,00:10:00,0,0,NA,NA,NA,0,0,0,0,0,0,0,0,0,0,0,0,0,0,NA
3,"Supercopa","Supercopa Endesa","https://static.acb.com/img/14/39/3/27868634006.png","https://static.acb.com/img/1c/1a/3d/27940034120.png",91,2026,103,105681,30001229,30001229,21101034,"Eli John Ndiaye Faye","Eli Ndiaye","E. Ndiaye","Ndiaye",202,FALSE,202,NA,4482,3417,"Asisa Joventut","Asisa Joventut","JOV",10,599,"Cinco Inicial","Starting Five",NA,TRUE,1,10,0,00:10:00,0,0,NA,NA,NA,0,0,0,0,0,0,0,0,0,0,0,0,0,0,NA
3,"Supercopa","Supercopa Endesa","https://static.acb.com/img/14/39/3/27868634006.png","https://static.acb.com/img/1c/1a/3d/27940034120.png",91,2026,103,105681,20204133,20204133,20204133,"Alejandro  Reyes Abad","Álex Reyes","A. Reyes","Reyes",202,FALSE,202,NA,4482,3417,"Asisa Joventut","Asisa Joventut","JOV",10,599,"Cinco Inicial","Starting Five",NA,TRUE,1,10,0,00:10:00,0,0,NA,NA,NA,0,0,0,0,0,0,0,0,0,0,0,0,0,0,NA
3,"Supercopa","Supercopa Endesa","https://static.acb.com/img/14/39/3/27868634006.png","https://static.acb.com/img/1c/1a/3d/27940034120.png",91,2026,103,105681,20201871,20201871,20201871,"Ricard  Rubio Vives","Ricky Rubio","R. Rubio","Rubio",202,FALSE,202,NA,4482,3417,"Asisa Joventut","Asisa Joventut","JOV",10,599,"Cinco Inicial","Starting Five",NA,TRUE,1,10,0,00:10:00,0,0,NA,NA,NA,0,0,0,0,0,0,0,0,0,0,0,0,0,0,NA
3,"Supercopa","Supercopa Endesa","https://static.acb.com/img/14/39/3/27868634006.png","https://static.acb.com/img/1c/1a/3d/27940034120.png",91,2026,103,105681,30005413,30005413,21104890,"Rejean Amor Ellis","Boogie Ellis","B. Ellis","Ellis",202,FALSE,202,NA,4482,3417,"Asisa Joventut","Asisa Joventut","JOV",10,599,"Cinco Inicial","Starting Five",NA,TRUE,1,10,0,00:10:00,0,0,NA,NA,NA,0,0,0,0,0,0,0,0,0,0,0,0,0,0,NA
3,"Supercopa","Supercopa Endesa","https://static.acb.com/img/14/39/3/27868634006.png","https://static.acb.com/img/1c/1a/3d/27940034120.png",91,2026,103,105681,20210828,20210828,20210828,"Emir  Sulejmanovic ","Emir Sulejmanovic","E. Sulejmanovic","Sulejmanovic",202,FALSE,202,NA,4482,3417,"Asisa Joventut","Asisa Joventut","JOV",10,599,"Cinco Inicial","Starting Five",NA,TRUE,1,10,0,00:10:00,0,0,NA,NA,NA,0,0,0,0,0,0,0,0,0,0,0,0,0,0,NA
3,"Supercopa","Supercopa Endesa","https://static.acb.com/img/14/39/3/27868634006.png","https://static.acb.com/img/1c/1a/3d/27940034120.png",91,2026,103,105681,NA,NA,NA,NA,NA,NA,NA,NA,NA,NA,NA,NA,NA,NA,NA,NA,301,122,"Inicio de partido","Start of the Game",NA,FALSE,1,10,0,00:10:00,0,0,0,0,64757,NA,NA,NA,NA,NA,NA,NA,NA,NA,NA,NA,NA,NA,NA,NA
3,"Supercopa","Supercopa Endesa","https://static.acb.com/img/14/39/3/27868634006.png","https://static.acb.com/img/1c/1a/3d/27940034120.png",91,2026,103,105681,NA,NA,NA,NA,NA,NA,NA,NA,NA,NA,NA,NA,NA,NA,NA,NA,401,121,"Inicio Periodo","Start of the Quarter",NA,FALSE,1,10,0,00:10:00,0,0,0,0,64757,NA,NA,NA,NA,NA,NA,NA,NA,NA,NA,NA,NA,NA,NA,NA
3,"Supercopa","Supercopa Endesa","https://static.acb.com/img/14/39/3/27868634006.png","https://static.acb.com/img/1c/1a/3d/27940034120.png",91,2026,103,105681,20210828,20210828,20210828,"Emir  Sulejmanovic ","Emir Sulejmanovic","E. Sulejmanovic","Sulejmanovic",202,FALSE,202,NA,4482,3417,"Asisa Joventut","Asisa Joventut","JOV",501,178,"Salto ganado","Won jump","19",TRUE,1,10,0,00:10:00,0,0,0,0,64847,0,0,0,0,0,0,0,0,0,0,0,0,0,0,NA
3,"Supercopa","Supercopa Endesa","https://static.acb.com/img/14/39/3/27868634006.png","https://static.acb.com/img/1c/1a/3d/27940034120.png",91,2026,103,105681,20211797,20211797,20211797,"Rodions  Kurucs ","Rodions Kurucs","R. Kurucs","Kurucs",202,FALSE,202,NA,4484,3418,"Kosner Baskonia","Kosner Baskonia","BKN",601,179,"Salto perdido","Lost jump","7",FALSE,1,10,0,00:10:00,0,0,0,0,64847,0,0,0,0,0,0,0,0,0,0,0,0,0,0,NA
3,"Supercopa","Supercopa Endesa","https://static.acb.com/img/14/39/3/27868634006.png","https://static.acb.com/img/1c/1a/3d/27940034120.png",91,2026,103,105681,30004878,30004878,21104384,"Kobi Jordan Simmons ","Kobi Simmons","K. Simmons","Simmons",202,FALSE,202,NA,4484,3418,"Kosner Baskonia","Kosner Baskonia","BKN",1401,159,"Personal no TL","Foul No FT","2",FALSE,1,9,47,00:09:47,0,0,0,0,64993,0,0,0,0,0,0,0,0,0,0,0,1,0,0,NA
3,"Supercopa","Supercopa Endesa","https://static.acb.com/img/14/39/3/27868634006.png","https://static.acb.com/img/1c/1a/3d/27940034120.png",91,2026,103,105681,20201871,20201871,20201871,"Ricard  Rubio Vives","Ricky Rubio","R. Rubio","Rubio",202,FALSE,202,NA,4482,3417,"Asisa Joventut","Asisa Joventut","JOV",1501,110,"Falta recibida","Foul Received","9",TRUE,1,9,47,00:09:47,0,0,0,0,64993,0,0,0,0,0,0,0,0,0,0,0,0,1,0,NA
3,"Supercopa","Supercopa Endesa","https://static.acb.com/img/14/39/3/27868634006.png","https://static.acb.com/img/1c/1a/3d/27940034120.png",91,2026,103,105681,20201871,20201871,20201871,"Ricard  Rubio Vives","Ricky Rubio","R. Rubio","Rubio",202,FALSE,202,NA,4482,3417,"Asisa Joventut","Asisa Joventut","JOV",1701,93,"Canasta de 2","2-Point Shot Made","9",TRUE,1,9,42,00:09:42,2,0,281,-3229,65013,0,0,1,1,0,0,0,0,0,0,0,0,1,2,NA
3,"Supercopa","Supercopa Endesa","https://static.acb.com/img/14/39/3/27868634006.png","https://static.acb.com/img/1c/1a/3d/27940034120.png",91,2026,103,105681,30003966,30003966,21103485,"Christopher  Theoret Duarte","Chris Duarte","C. Duarte","Duarte",202,FALSE,202,NA,4484,3418,"Kosner Baskonia","Kosner Baskonia","BKN",1801,106,"Pérdida","Turnover","5",FALSE,1,9,24,00:09:24,2,0,0,0,65031,0,0,0,0,0,0,0,0,0,1,0,0,0,0,NA
3,"Supercopa","Supercopa Endesa","https://static.acb.com/img/14/39/3/27868634006.png","https://static.acb.com/img/1c/1a/3d/27940034120.png",91,2026,103,105681,20204133,20204133,20204133,"Alejandro  Reyes Abad","Álex Reyes","A. Reyes","Reyes",202,FALSE,202,NA,4482,3417,"Asisa Joventut","Asisa Joventut","JOV",1901,103,"Recuperación","Steal","18",TRUE,1,9,24,00:09:24,2,0,0,0,65031,0,0,0,0,0,0,0,0,1,0,0,0,0,0,NA
3,"Supercopa","Supercopa Endesa","https://static.acb.com/img/14/39/3/27868634006.png","https://static.acb.com/img/1c/1a/3d/27940034120.png",91,2026,103,105681,20204133,20204133,20204133,"Alejandro  Reyes Abad","Álex Reyes","A. Reyes","Reyes",202,FALSE,202,NA,4482,3417,"Asisa Joventut","Asisa Joventut","JOV",2001,100,"Mate","Dunk","18",TRUE,1,9,21,00:09:21,4,0,0,0,65034,0,0,1,1,0,0,0,0,1,0,0,0,0,2,NA
3,"Supercopa","Supercopa Endesa","https://static.acb.com/img/14/39/3/27868634006.png","https://static.acb.com/img/1c/1a/3d/27940034120.png",91,2026,103,105681,20210828,20210828,20210828,"Emir  Sulejmanovic ","Emir Sulejmanovic","E. Sulejmanovic","Sulejmanovic",202,FALSE,202,NA,4482,3417,"Asisa Joventut","Asisa Joventut","JOV",2501,159,"Personal no TL","Foul No FT","19",TRUE,1,9,5,00:09:05,4,0,0,0,65059,0,0,0,0,0,0,0,0,0,0,0,1,0,0,NA
3,"Supercopa","Supercopa Endesa","https://static.acb.com/img/14/39/3/27868634006.png","https://static.acb.com/img/1c/1a/3d/27940034120.png",91,2026,103,105681,20211797,20211797,20211797,"Rodions  Kurucs ","Rodions Kurucs","R. Kurucs","Kurucs",202,FALSE,202,NA,4484,3418,"Kosner Baskonia","Kosner Baskonia","BKN",2601,110,"Falta recibida","Foul Received","7",FALSE,1,9,5,00:09:05,4,0,0,0,65059,0,0,0,0,0,0,0,0,0,0,0,0,1,0,NA
3,"Supercopa","Supercopa Endesa","https://static.acb.com/img/14/39/3/27868634006.png","https://static.acb.com/img/1c/1a/3d/27940034120.png",91,2026,103,105681,30005346,30005346,21104824,"Devvajne Stevvart Jr","DJ Stewart Jr","DJ Stewart","Stewart",202,FALSE,202,NA,4484,3418,"Kosner Baskonia","Kosner Baskonia","BKN",2801,98,"Intento fallado de 3","3-Point Shot Missed","3",FALSE,1,8,57,00:08:57,4,0,4737,5498,65088,0,1,0,0,0,0,0,0,0,0,0,0,0,0,NA
3,"Supercopa","Supercopa Endesa","https://static.acb.com/img/14/39/3/27868634006.png","https://static.acb.com/img/1c/1a/3d/27940034120.png",91,2026,103,105681,20201871,20201871,20201871,"Ricard  Rubio Vives","Ricky Rubio","R. Rubio","Rubio",202,FALSE,202,NA,4482,3417,"Asisa Joventut","Asisa Joventut","JOV",2901,104,"Rebote Defensivo","Defensive Rebound","9",TRUE,1,8,57,00:08:57,4,0,1099,298,65088,0,0,1,1,0,0,1,0,0,0,0,0,1,2,NA
3,"Supercopa","Supercopa Endesa","https://static.acb.com/img/14/39/3/27868634006.png","https://static.acb.com/img/1c/1a/3d/27940034120.png",91,2026,103,105681,20204133,20204133,20204133,"Alejandro  Reyes Abad","Álex Reyes","A. Reyes","Reyes",202,FALSE,202,NA,4482,3417,"Asisa Joventut","Asisa Joventut","JOV",3001,98,"Intento fallado de 3","3-Point Shot Missed","18",TRUE,1,8,45,00:08:45,4,0,3826,-6173,65100,0,1,1,1,0,0,0,0,1,0,0,0,0,2,NA
3,"Supercopa","Supercopa Endesa","https://static.acb.com/img/14/39/3/27868634006.png","https://static.acb.com/img/1c/1a/3d/27940034120.png",91,2026,103,105681,20210830,20210830,20210830,"Tadas Sedekerskis","Tadas Sedekerskis","T. Sedekerskis","Sedekerskis",202,FALSE,202,NA,4484,3418,"Kosner Baskonia","Kosner Baskonia","BKN",3101,104,"Rebote Defensivo","Defensive Rebound","8",FALSE,1,8,45,00:08:45,4,0,1310,2256,65100,0,0,0,0,0,0,1,0,0,0,0,0,0,0,NA
3,"Supercopa","Supercopa Endesa","https://static.acb.com/img/14/39/3/27868634006.png","https://static.acb.com/img/1c/1a/3d/27940034120.png",91,2026,103,105681,30005413,30005413,21104890,"Rejean Amor Ellis","Boogie Ellis","B. Ellis","Ellis",202,FALSE,202,NA,4482,3417,"Asisa Joventut","Asisa Joventut","JOV",3401,159,"Personal no TL","Foul No FT","3",TRUE,1,8,40,00:08:40,4,0,0,0,65111,0,0,0,0,0,0,0,0,0,0,0,1,0,0,NA
3,"Supercopa","Supercopa Endesa","https://static.acb.com/img/14/39/3/27868634006.png","https://static.acb.com/img/1c/1a/3d/27940034120.png",91,2026,103,105681,20210830,20210830,20210830,"Tadas Sedekerskis","Tadas Sedekerskis","T. Sedekerskis","Sedekerskis",202,FALSE,202,NA,4484,3418,"Kosner Baskonia","Kosner Baskonia","BKN",3501,110,"Falta recibida","Foul Received","8",FALSE,1,8,40,00:08:40,4,0,0,0,65111,0,0,0,0,0,0,1,0,0,0,0,0,1,0,NA
3,"Supercopa","Supercopa Endesa","https://static.acb.com/img/14/39/3/27868634006.png","https://static.acb.com/img/1c/1a/3d/27940034120.png",91,2026,103,105681,20210828,20210828,20210828,"Emir  Sulejmanovic ","Emir Sulejmanovic","E. Sulejmanovic","Sulejmanovic",202,FALSE,202,NA,4482,3417,"Asisa Joventut","Asisa Joventut","JOV",3801,161,"Personal 2TL","Foul 2FT","19",TRUE,1,8,31,00:08:31,4,0,0,0,65142,0,0,0,0,0,0,0,0,0,0,0,2,0,0,NA
3,"Supercopa","Supercopa Endesa","https://static.acb.com/img/14/39/3/27868634006.png","https://static.acb.com/img/1c/1a/3d/27940034120.png",91,2026,103,105681,30004878,30004878,21104384,"Kobi Jordan Simmons ","Kobi Simmons","K. Simmons","Simmons",202,FALSE,202,NA,4484,3418,"Kosner Baskonia","Kosner Baskonia","BKN",3901,110,"Falta recibida","Foul Received","2",FALSE,1,8,31,00:08:31,4,0,0,0,65142,0,0,0,0,0,0,0,0,0,0,0,1,1,0,NA
3,"Supercopa","Supercopa Endesa","https://static.acb.com/img/14/39/3/27868634006.png","https://static.acb.com/img/1c/1a/3d/27940034120.png",91,2026,103,105681,20210828,20210828,20210828,"Emir  Sulejmanovic ","Emir Sulejmanovic","E. Sulejmanovic","Sulejmanovic",202,FALSE,202,NA,4482,3417,"Asisa Joventut","Asisa Joventut","JOV",4101,115,"Sale Pista","Substitution - Out","19",TRUE,1,8,31,00:08:31,4,0,0,0,65147,0,0,0,0,0,0,0,0,0,0,0,2,0,0,NA
3,"Supercopa","Supercopa Endesa","https://static.acb.com/img/14/39/3/27868634006.png","https://static.acb.com/img/1c/1a/3d/27940034120.png",91,2026,103,105681,20212423,20212423,20212423,"Simon Fredrik Stefan Birgander ","Simon Birgander","S. Birgander","Birgander",202,FALSE,202,NA,4482,3417,"Asisa Joventut","Asisa Joventut","JOV",4201,112,"Entra Pista","Substitution - In","35",TRUE,1,8,31,00:08:31,4,0,0,0,65147,0,0,0,0,0,0,0,0,0,0,0,0,0,0,NA
3,"Supercopa","Supercopa Endesa","https://static.acb.com/img/14/39/3/27868634006.png","https://static.acb.com/img/1c/1a/3d/27940034120.png",91,2026,103,105681,30004878,30004878,21104384,"Kobi Jordan Simmons ","Kobi Simmons","K. Simmons","Simmons",202,FALSE,202,NA,4484,3418,"Kosner Baskonia","Kosner Baskonia","BKN",4301,92,"Canasta de 1","Free Throw Made","2",FALSE,1,8,31,00:08:31,4,1,0,0,65166,0,0,0,0,1,1,0,0,0,0,0,1,1,1,NA
3,"Supercopa","Supercopa Endesa","https://static.acb.com/img/14/39/3/27868634006.png","https://static.acb.com/img/1c/1a/3d/27940034120.png",91,2026,103,105681,30004878,30004878,21104384,"Kobi Jordan Simmons ","Kobi Simmons","K. Simmons","Simmons",202,FALSE,202,NA,4484,3418,"Kosner Baskonia","Kosner Baskonia","BKN",4401,92,"Canasta de 1","Free Throw Made","2",FALSE,1,8,31,00:08:31,4,2,0,0,65177,0,0,0,0,2,2,0,0,0,0,0,1,1,2,NA
3,"Supercopa","Supercopa Endesa","https://static.acb.com/img/14/39/3/27868634006.png","https://static.acb.com/img/1c/1a/3d/27940034120.png",91,2026,103,105681,30001229,30001229,21101034,"Eli John Ndiaye Faye","Eli Ndiaye","E. Ndiaye","Ndiaye",202,FALSE,202,NA,4482,3417,"Asisa Joventut","Asisa Joventut","JOV",5101,97,"Intento fallado de 2","2-Point Shot Missed","4",TRUE,1,8,18,00:08:18,4,2,623,-2282,65193,0,0,0,1,0,0,0,0,0,0,0,0,0,0,NA
3,"Supercopa","Supercopa Endesa","https://static.acb.com/img/14/39/3/27868634006.png","https://static.acb.com/img/1c/1a/3d/27940034120.png",91,2026,103,105681,20210830,20210830,20210830,"Tadas Sedekerskis","Tadas Sedekerskis","T. Sedekerskis","Sedekerskis",202,FALSE,202,NA,4484,3418,"Kosner Baskonia","Kosner Baskonia","BKN",5201,104,"Rebote Defensivo","Defensive Rebound","8",FALSE,1,8,18,00:08:18,4,2,197,2847,65193,0,0,0,0,0,0,2,0,0,0,0,0,1,0,NA
3,"Supercopa","Supercopa Endesa","https://static.acb.com/img/14/39/3/27868634006.png","https://static.acb.com/img/1c/1a/3d/27940034120.png",91,2026,103,105681,20210830,20210830,20210830,"Tadas Sedekerskis","Tadas Sedekerskis","T. Sedekerskis","Sedekerskis",202,FALSE,202,NA,4484,3418,"Kosner Baskonia","Kosner Baskonia","BKN",5501,93,"Canasta de 2","2-Point Shot Made","8",FALSE,1,8,11,00:08:11,4,4,62,617,65205,0,0,1,1,0,0,2,0,0,0,0,0,1,2,NA
3,"Supercopa","Supercopa Endesa","https://static.acb.com/img/14/39/3/27868634006.png","https://static.acb.com/img/1c/1a/3d/27940034120.png",91,2026,103,105681,30004878,30004878,21104384,"Kobi Jordan Simmons ","Kobi Simmons","K. Simmons","Simmons",202,FALSE,202,NA,4484,3418,"Kosner Baskonia","Kosner Baskonia","BKN",5601,107,"Asistencia tiro de 2","Assist 2-Point Shot","2",FALSE,1,8,11,00:08:11,4,4,0,0,65205,0,0,0,0,2,2,0,1,0,0,0,1,1,2,NA
3,"Supercopa","Supercopa Endesa","https://static.acb.com/img/14/39/3/27868634006.png","https://static.acb.com/img/1c/1a/3d/27940034120.png",91,2026,103,105681,30001229,30001229,21101034,"Eli John Ndiaye Faye","Eli Ndiaye","E. Ndiaye","Ndiaye",202,FALSE,202,NA,4482,3417,"Asisa Joventut","Asisa Joventut","JOV",5701,160,"Personal 1TL","Foul 1FT","4",TRUE,1,8,11,00:08:11,4,4,0,0,65209,0,0,0,1,0,0,0,0,0,0,0,1,0,0,NA
3,"Supercopa","Supercopa Endesa","https://static.acb.com/img/14/39/3/27868634006.png","https://static.acb.com/img/1c/1a/3d/27940034120.png",91,2026,103,105681,20210830,20210830,20210830,"Tadas Sedekerskis","Tadas Sedekerskis","T. Sedekerskis","Sedekerskis",202,FALSE,202,NA,4484,3418,"Kosner Baskonia","Kosner Baskonia","BKN",5801,110,"Falta recibida","Foul Received","8",FALSE,1,8,11,00:08:11,4,4,0,0,65209,0,0,1,1,0,0,2,0,0,0,0,0,2,2,NA
3,"Supercopa","Supercopa Endesa","https://static.acb.com/img/14/39/3/27868634006.png","https://static.acb.com/img/1c/1a/3d/27940034120.png",91,2026,103,105681,20210830,20210830,20210830,"Tadas Sedekerskis","Tadas Sedekerskis","T. Sedekerskis","Sedekerskis",202,FALSE,202,NA,4484,3418,"Kosner Baskonia","Kosner Baskonia","BKN",5901,96,"Intento fallado de 1","Free Throw Missed","8",FALSE,1,8,11,00:08:11,4,4,0,0,65229,0,0,1,1,0,1,2,0,0,0,0,0,2,2,NA
3,"Supercopa","Supercopa Endesa","https://static.acb.com/img/14/39/3/27868634006.png","https://static.acb.com/img/1c/1a/3d/27940034120.png",91,2026,103,105681,20204133,20204133,20204133,"Alejandro  Reyes Abad","Álex Reyes","A. Reyes","Reyes",202,FALSE,202,NA,4482,3417,"Asisa Joventut","Asisa Joventut","JOV",6001,104,"Rebote Defensivo","Defensive Rebound","18",TRUE,1,8,11,00:08:11,4,4,647,193,65229,0,1,1,1,0,0,1,0,1,0,0,0,0,2,NA
3,"Supercopa","Supercopa Endesa","https://static.acb.com/img/14/39/3/27868634006.png","https://static.acb.com/img/1c/1a/3d/27940034120.png",91,2026,103,105681,20201871,20201871,20201871,"Ricard  Rubio Vives","Ricky Rubio","R. Rubio","Rubio",202,FALSE,202,NA,4482,3417,"Asisa Joventut","Asisa Joventut","JOV",6501,97,"Intento fallado de 2","2-Point Shot Missed","9",TRUE,1,8,0,00:08:00,4,4,55,-687,65241,0,0,1,2,0,0,1,0,0,0,0,0,1,2,NA
3,"Supercopa","Supercopa Endesa","https://static.acb.com/img/14/39/3/27868634006.png","https://static.acb.com/img/1c/1a/3d/27940034120.png",91,2026,103,105681,NA,NA,NA,NA,NA,NA,NA,NA,NA,NA,NA,4484,3418,"Kosner Baskonia","Kosner Baskonia","BKN",6601,104,"Rebote Defensivo","Defensive Rebound",NA,FALSE,1,8,0,00:08:00,4,4,0,0,65241,NA,NA,NA,NA,NA,NA,NA,NA,NA,NA,NA,NA,NA,NA,NA
3,"Supercopa","Supercopa Endesa","https://static.acb.com/img/14/39/3/27868634006.png","https://static.acb.com/img/1c/1a/3d/27940034120.png",91,2026,103,105681,20210830,20210830,20210830,"Tadas Sedekerskis","Tadas Sedekerskis","T. Sedekerskis","Sedekerskis",202,FALSE,202,NA,4484,3418,"Kosner Baskonia","Kosner Baskonia","BKN",6801,97,"Intento fallado de 2","2-Point Shot Missed","8",FALSE,1,7,51,00:07:51,4,4,641,112,65255,0,0,1,2,0,1,2,0,0,0,0,0,2,2,NA
3,"Supercopa","Supercopa Endesa","https://static.acb.com/img/14/39/3/27868634006.png","https://static.acb.com/img/1c/1a/3d/27940034120.png",91,2026,103,105681,20212423,20212423,20212423,"Simon Fredrik Stefan Birgander ","Simon Birgander","S. Birgander","Birgander",202,FALSE,202,NA,4482,3417,"Asisa Joventut","Asisa Joventut","JOV",6901,104,"Rebote Defensivo","Defensive Rebound","35",TRUE,1,7,51,00:07:51,4,4,115,248,65255,0,0,0,0,0,0,1,0,0,0,0,0,0,0,NA
3,"Supercopa","Supercopa Endesa","https://static.acb.com/img/14/39/3/27868634006.png","https://static.acb.com/img/1c/1a/3d/27940034120.png",91,2026,103,105681,30005413,30005413,21104890,"Rejean Amor Ellis","Boogie Ellis","B. Ellis","Ellis",202,FALSE,202,NA,4482,3417,"Asisa Joventut","Asisa Joventut","JOV",7001,97,"Intento fallado de 2","2-Point Shot Missed","3",TRUE,1,7,43,00:07:43,4,4,85,318,65262,0,0,0,1,0,0,0,0,0,0,0,1,0,0,NA
3,"Supercopa","Supercopa Endesa","https://static.acb.com/img/14/39/3/27868634006.png","https://static.acb.com/img/1c/1a/3d/27940034120.png",91,2026,103,105681,30005346,30005346,21104824,"Devvajne Stevvart Jr","DJ Stewart Jr","DJ Stewart","Stewart",202,FALSE,202,NA,4484,3418,"Kosner Baskonia","Kosner Baskonia","BKN",7101,104,"Rebote Defensivo","Defensive Rebound","3",FALSE,1,7,43,00:07:43,4,4,298,645,65262,0,1,0,0,0,0,1,0,0,0,0,0,0,0,NA
3,"Supercopa","Supercopa Endesa","https://static.acb.com/img/14/39/3/27868634006.png","https://static.acb.com/img/1c/1a/3d/27940034120.png",91,2026,103,105681,30003966,30003966,21103485,"Christopher  Theoret Duarte","Chris Duarte","C. Duarte","Duarte",202,FALSE,202,NA,4484,3418,"Kosner Baskonia","Kosner Baskonia","BKN",7201,94,"Canasta de 3","3-Point Shot Made","5",FALSE,1,7,39,00:07:39,4,7,4012,5918,65267,1,1,0,0,0,0,0,0,0,1,0,0,0,3,NA
3,"Supercopa","Supercopa Endesa","https://static.acb.com/img/14/39/3/27868634006.png","https://static.acb.com/img/1c/1a/3d/27940034120.png",91,2026,103,105681,30004878,30004878,21104384,"Kobi Jordan Simmons ","Kobi Simmons","K. Simmons","Simmons",202,FALSE,202,NA,4484,3418,"Kosner Baskonia","Kosner Baskonia","BKN",7401,108,"Asistencia tiro de 3","Assist 3-Point Shot","2",FALSE,1,7,39,00:07:39,4,7,0,0,65267,0,0,0,0,2,2,0,2,0,0,0,1,1,2,NA
3,"Supercopa","Supercopa Endesa","https://static.acb.com/img/14/39/3/27868634006.png","https://static.acb.com/img/1c/1a/3d/27940034120.png",91,2026,103,105681,20201871,20201871,20201871,"Ricard  Rubio Vives","Ricky Rubio","R. Rubio","Rubio",202,FALSE,202,NA,4482,3417,"Asisa Joventut","Asisa Joventut","JOV",7501,93,"Canasta de 2","2-Point Shot Made","9",TRUE,1,7,22,00:07:22,6,7,199,4115,65283,0,0,2,3,0,0,1,0,0,0,0,0,1,4,NA
3,"Supercopa","Supercopa Endesa","https://static.acb.com/img/14/39/3/27868634006.png","https://static.acb.com/img/1c/1a/3d/27940034120.png",91,2026,103,105681,30005346,30005346,21104824,"Devvajne Stevvart Jr","DJ Stewart Jr","DJ Stewart","Stewart",202,FALSE,202,NA,4484,3418,"Kosner Baskonia","Kosner Baskonia","BKN",7601,98,"Intento fallado de 3","3-Point Shot Missed","3",FALSE,1,6,55,00:06:55,6,7,3429,-6536,65311,0,2,0,0,0,0,1,0,0,0,0,0,0,0,NA
3,"Supercopa","Supercopa Endesa","https://static.acb.com/img/14/39/3/27868634006.png","https://static.acb.com/img/1c/1a/3d/27940034120.png",91,2026,103,105681,20212423,20212423,20212423,"Simon Fredrik Stefan Birgander ","Simon Birgander","S. Birgander","Birgander",202,FALSE,202,NA,4482,3417,"Asisa Joventut","Asisa Joventut","JOV",7701,104,"Rebote Defensivo","Defensive Rebound","35",TRUE,1,6,55,00:06:55,6,7,227,81,65311,0,0,0,0,0,0,2,0,0,0,0,0,0,0,NA
3,"Supercopa","Supercopa Endesa","https://static.acb.com/img/14/39/3/27868634006.png","https://static.acb.com/img/1c/1a/3d/27940034120.png",91,2026,103,105681,30005346,30005346,21104824,"Devvajne Stevvart Jr","DJ Stewart Jr","DJ Stewart","Stewart",202,FALSE,202,NA,4484,3418,"Kosner Baskonia","Kosner Baskonia","BKN",7901,159,"Personal no TL","Foul No FT","3",FALSE,1,6,48,00:06:48,6,7,0,0,65321,0,2,0,0,0,0,1,0,0,0,0,1,0,0,NA
3,"Supercopa","Supercopa Endesa","https://static.acb.com/img/14/39/3/27868634006.png","https://static.acb.com/img/1c/1a/3d/27940034120.png",91,2026,103,105681,30005413,30005413,21104890,"Rejean Amor Ellis","Boogie Ellis","B. Ellis","Ellis",202,FALSE,202,NA,4482,3417,"Asisa Joventut","Asisa Joventut","JOV",8001,110,"Falta recibida","Foul Received","3",TRUE,1,6,48,00:06:48,6,7,0,0,65321,0,0,0,1,0,0,0,0,0,0,0,1,1,0,NA
3,"Supercopa","Supercopa Endesa","https://static.acb.com/img/14/39/3/27868634006.png","https://static.acb.com/img/1c/1a/3d/27940034120.png",91,2026,103,105681,30005413,30005413,21104890,"Rejean Amor Ellis","Boogie Ellis","B. Ellis","Ellis",202,FALSE,202,NA,4482,3417,"Asisa Joventut","Asisa Joventut","JOV",8201,115,"Sale Pista","Substitution - Out","3",TRUE,1,6,48,00:06:48,6,7,0,0,65326,0,0,0,1,0,0,0,0,0,0,0,1,1,0,NA
3,"Supercopa","Supercopa Endesa","https://static.acb.com/img/14/39/3/27868634006.png","https://static.acb.com/img/1c/1a/3d/27940034120.png",91,2026,103,105681,30001229,30001229,21101034,"Eli John Ndiaye Faye","Eli Ndiaye","E. Ndiaye","Ndiaye",202,FALSE,202,NA,4482,3417,"Asisa Joventut","Asisa Joventut","JOV",8301,115,"Sale Pista","Substitution - Out","4",TRUE,1,6,48,00:06:48,6,7,0,0,65326,0,0,0,1,0,0,0,0,0,0,0,1,0,0,NA
3,"Supercopa","Supercopa Endesa","https://static.acb.com/img/14/39/3/27868634006.png","https://static.acb.com/img/1c/1a/3d/27940034120.png",91,2026,103,105681,20201871,20201871,20201871,"Ricard  Rubio Vives","Ricky Rubio","R. Rubio","Rubio",202,FALSE,202,NA,4482,3417,"Asisa Joventut","Asisa Joventut","JOV",8401,115,"Sale Pista","Substitution - Out","9",TRUE,1,6,48,00:06:48,6,7,0,0,65326,0,0,2,3,0,0,1,0,0,0,0,0,1,4,NA
3,"Supercopa","Supercopa Endesa","https://static.acb.com/img/14/39/3/27868634006.png","https://static.acb.com/img/1c/1a/3d/27940034120.png",91,2026,103,105681,30000927,30000927,21100827,"Kwan Treill Cheatham Jr","Kwan Cheatham","K. Cheatham","Cheatham",202,FALSE,202,NA,4482,3417,"Asisa Joventut","Asisa Joventut","JOV",8501,112,"Entra Pista","Substitution - In","55",TRUE,1,6,48,00:06:48,6,7,0,0,65326,0,0,0,0,0,0,0,0,0,0,0,0,0,0,NA
3,"Supercopa","Supercopa Endesa","https://static.acb.com/img/14/39/3/27868634006.png","https://static.acb.com/img/1c/1a/3d/27940034120.png",91,2026,103,105681,20210498,20210498,20210498,"Ludvig Erik Hakanson ","Ludde Hakanson","L. Hakanson","Hakanson",202,FALSE,202,NA,4482,3417,"Asisa Joventut","Asisa Joventut","JOV",8601,112,"Entra Pista","Substitution - In","12",TRUE,1,6,48,00:06:48,6,7,0,0,65326,0,0,0,0,0,0,0,0,0,0,0,0,0,0,NA
3,"Supercopa","Supercopa Endesa","https://static.acb.com/img/14/39/3/27868634006.png","https://static.acb.com/img/1c/1a/3d/27940034120.png",91,2026,103,105681,20211947,20211947,20211947,"Nicolas  Laprovittola ","Nico Laprovittola","N. Laprovittola","Laprovittola",202,FALSE,202,NA,4482,3417,"Asisa Joventut","Asisa Joventut","JOV",8701,112,"Entra Pista","Substitution - In","10",TRUE,1,6,48,00:06:48,6,7,0,0,65326,0,0,0,0,0,0,0,0,0,0,0,0,0,0,NA
3,"Supercopa","Supercopa Endesa","https://static.acb.com/img/14/39/3/27868634006.png","https://static.acb.com/img/1c/1a/3d/27940034120.png",91,2026,103,105681,30005346,30005346,21104824,"Devvajne Stevvart Jr","DJ Stewart Jr","DJ Stewart","Stewart",202,FALSE,202,NA,4484,3418,"Kosner Baskonia","Kosner Baskonia","BKN",8801,115,"Sale Pista","Substitution - Out","3",FALSE,1,6,48,00:06:48,6,7,0,0,65326,0,2,0,0,0,0,1,0,0,0,0,1,0,0,NA
3,"Supercopa","Supercopa Endesa","https://static.acb.com/img/14/39/3/27868634006.png","https://static.acb.com/img/1c/1a/3d/27940034120.png",91,2026,103,105681,20211797,20211797,20211797,"Rodions  Kurucs ","Rodions Kurucs","R. Kurucs","Kurucs",202,FALSE,202,NA,4484,3418,"Kosner Baskonia","Kosner Baskonia","BKN",8901,115,"Sale Pista","Substitution - Out","7",FALSE,1,6,48,00:06:48,6,7,0,0,65326,0,0,0,0,0,0,0,0,0,0,0,0,1,0,NA
3,"Supercopa","Supercopa Endesa","https://static.acb.com/img/14/39/3/27868634006.png","https://static.acb.com/img/1c/1a/3d/27940034120.png",91,2026,103,105681,20210830,20210830,20210830,"Tadas Sedekerskis","Tadas Sedekerskis","T. Sedekerskis","Sedekerskis",202,FALSE,202,NA,4484,3418,"Kosner Baskonia","Kosner Baskonia","BKN",9001,115,"Sale Pista","Substitution - Out","8",FALSE,1,6,48,00:06:48,6,7,0,0,65326,0,0,1,2,0,1,2,0,0,0,0,0,2,2,NA
3,"Supercopa","Supercopa Endesa","https://static.acb.com/img/14/39/3/27868634006.png","https://static.acb.com/img/1c/1a/3d/27940034120.png",91,2026,103,105681,30005464,30005464,21104932,"Kenneth Bernard Faried Lewis","Kenneth Faried","K. Faried","Faried",202,FALSE,202,NA,4484,3418,"Kosner Baskonia","Kosner Baskonia","BKN",9101,112,"Entra Pista","Substitution - In","35",FALSE,1,6,48,00:06:48,6,7,0,0,65326,0,0,0,0,0,0,0,0,0,0,0,0,0,0,NA
3,"Supercopa","Supercopa Endesa","https://static.acb.com/img/14/39/3/27868634006.png","https://static.acb.com/img/1c/1a/3d/27940034120.png",91,2026,103,105681,30005375,30005375,21104852,"Anthony Randolph Lawson","AJ Lawson","AJ Lawson","Lawson",202,FALSE,202,NA,4484,3418,"Kosner Baskonia","Kosner Baskonia","BKN",9201,112,"Entra Pista","Substitution - In","1",FALSE,1,6,48,00:06:48,6,7,0,0,65326,0,0,0,0,0,0,0,0,0,0,0,0,0,0,NA
3,"Supercopa","Supercopa Endesa","https://static.acb.com/img/14/39/3/27868634006.png","https://static.acb.com/img/1c/1a/3d/27940034120.png",91,2026,103,105681,30003941,30003941,21103465,"Clement  Frisch ","Clement Frisch","C. Frisch","Frisch",202,FALSE,202,NA,4484,3418,"Kosner Baskonia","Kosner Baskonia","BKN",9301,112,"Entra Pista","Substitution - In","25",FALSE,1,6,48,00:06:48,6,7,0,0,65326,0,0,0,0,0,0,0,0,0,0,0,0,0,0,NA
3,"Supercopa","Supercopa Endesa","https://static.acb.com/img/14/39/3/27868634006.png","https://static.acb.com/img/1c/1a/3d/27940034120.png",91,2026,103,105681,20204133,20204133,20204133,"Alejandro  Reyes Abad","Álex Reyes","A. Reyes","Reyes",202,FALSE,202,NA,4482,3417,"Asisa Joventut","Asisa Joventut","JOV",9501,94,"Canasta de 3","3-Point Shot Made","18",TRUE,1,6,42,00:06:42,9,7,6853,2178,65359,1,2,1,1,0,0,1,0,1,0,0,0,0,5,NA
3,"Supercopa","Supercopa Endesa","https://static.acb.com/img/14/39/3/27868634006.png","https://static.acb.com/img/1c/1a/3d/27940034120.png",91,2026,103,105681,20211947,20211947,20211947,"Nicolas  Laprovittola ","Nico Laprovittola","N. Laprovittola","Laprovittola",202,FALSE,202,NA,4482,3417,"Asisa Joventut","Asisa Joventut","JOV",9601,108,"Asistencia tiro de 3","Assist 3-Point Shot","10",TRUE,1,6,42,00:06:42,9,7,0,0,65359,0,0,0,0,0,0,0,1,0,0,0,0,0,0,NA
3,"Supercopa","Supercopa Endesa","https://static.acb.com/img/14/39/3/27868634006.png","https://static.acb.com/img/1c/1a/3d/27940034120.png",91,2026,103,105681,20212423,20212423,20212423,"Simon Fredrik Stefan Birgander ","Simon Birgander","S. Birgander","Birgander",202,FALSE,202,NA,4482,3417,"Asisa Joventut","Asisa Joventut","JOV",9801,161,"Personal 2TL","Foul 2FT","35",TRUE,1,6,28,00:06:28,9,7,0,0,65379,0,0,0,0,0,0,2,0,0,0,0,1,0,0,NA
3,"Supercopa","Supercopa Endesa","https://static.acb.com/img/14/39/3/27868634006.png","https://static.acb.com/img/1c/1a/3d/27940034120.png",91,2026,103,105681,30005464,30005464,21104932,"Kenneth Bernard Faried Lewis","Kenneth Faried","K. Faried","Faried",202,FALSE,202,NA,4484,3418,"Kosner Baskonia","Kosner Baskonia","BKN",9901,110,"Falta recibida","Foul Received","35",FALSE,1,6,28,00:06:28,9,7,0,0,65379,0,0,0,0,0,0,0,0,0,0,0,0,1,0,NA
3,"Supercopa","Supercopa Endesa","https://static.acb.com/img/14/39/3/27868634006.png","https://static.acb.com/img/1c/1a/3d/27940034120.png",91,2026,103,105681,30004878,30004878,21104384,"Kobi Jordan Simmons ","Kobi Simmons","K. Simmons","Simmons",202,FALSE,202,NA,4484,3418,"Kosner Baskonia","Kosner Baskonia","BKN",10101,115,"Sale Pista","Substitution - Out","2",FALSE,1,6,28,00:06:28,9,7,0,0,65388,0,0,0,0,2,2,0,2,0,0,0,1,1,2,NA
3,"Supercopa","Supercopa Endesa","https://static.acb.com/img/14/39/3/27868634006.png","https://static.acb.com/img/1c/1a/3d/27940034120.png",91,2026,103,105681,30003966,30003966,21103485,"Christopher  Theoret Duarte","Chris Duarte","C. Duarte","Duarte",202,FALSE,202,NA,4484,3418,"Kosner Baskonia","Kosner Baskonia","BKN",10201,115,"Sale Pista","Substitution - Out","5",FALSE,1,6,28,00:06:28,9,7,0,0,65388,1,1,0,0,0,0,0,0,0,1,0,0,0,3,NA
3,"Supercopa","Supercopa Endesa","https://static.acb.com/img/14/39/3/27868634006.png","https://static.acb.com/img/1c/1a/3d/27940034120.png",91,2026,103,105681,30001957,30001957,21101631,"Markus Anthony Howard ","Markus Howard","M. Howard","Howard",202,FALSE,202,NA,4484,3418,"Kosner Baskonia","Kosner Baskonia","BKN",10301,112,"Entra Pista","Substitution - In","0",FALSE,1,6,28,00:06:28,9,7,0,0,65388,0,0,0,0,0,0,0,0,0,0,0,0,0,0,NA
3,"Supercopa","Supercopa Endesa","https://static.acb.com/img/14/39/3/27868634006.png","https://static.acb.com/img/1c/1a/3d/27940034120.png",91,2026,103,105681,30005384,30005384,21104861,"Damion Devon Baugh","Damion Baugh","D. Baugh","Baugh",202,FALSE,202,NA,4484,3418,"Kosner Baskonia","Kosner Baskonia","BKN",10401,112,"Entra Pista","Substitution - In","12",FALSE,1,6,28,00:06:28,9,7,0,0,65388,0,0,0,0,0,0,0,0,0,0,0,0,0,0,NA
3,"Supercopa","Supercopa Endesa","https://static.acb.com/img/14/39/3/27868634006.png","https://static.acb.com/img/1c/1a/3d/27940034120.png",91,2026,103,105681,30005464,30005464,21104932,"Kenneth Bernard Faried Lewis","Kenneth Faried","K. Faried","Faried",202,FALSE,202,NA,4484,3418,"Kosner Baskonia","Kosner Baskonia","BKN",10501,92,"Canasta de 1","Free Throw Made","35",FALSE,1,6,28,00:06:28,9,8,0,0,65405,0,0,0,0,1,1,0,0,0,0,0,0,1,1,NA
3,"Supercopa","Supercopa Endesa","https://static.acb.com/img/14/39/3/27868634006.png","https://static.acb.com/img/1c/1a/3d/27940034120.png",91,2026,103,105681,30005464,30005464,21104932,"Kenneth Bernard Faried Lewis","Kenneth Faried","K. Faried","Faried",202,FALSE,202,NA,4484,3418,"Kosner Baskonia","Kosner Baskonia","BKN",10601,96,"Intento fallado de 1","Free Throw Missed","35",FALSE,1,6,28,00:06:28,9,8,0,0,65420,0,0,0,0,1,2,0,0,0,0,0,0,1,1,NA
3,"Supercopa","Supercopa Endesa","https://static.acb.com/img/14/39/3/27868634006.png","https://static.acb.com/img/1c/1a/3d/27940034120.png",91,2026,103,105681,20212423,20212423,20212423,"Simon Fredrik Stefan Birgander ","Simon Birgander","S. Birgander","Birgander",202,FALSE,202,NA,4482,3417,"Asisa Joventut","Asisa Joventut","JOV",10701,104,"Rebote Defensivo","Defensive Rebound","35",TRUE,1,6,28,00:06:28,9,8,125,-607,65420,0,0,0,0,0,0,3,0,0,0,0,1,0,0,NA
3,"Supercopa","Supercopa Endesa","https://static.acb.com/img/14/39/3/27868634006.png","https://static.acb.com/img/1c/1a/3d/27940034120.png",91,2026,103,105681,30005384,30005384,21104861,"Damion Devon Baugh","Damion Baugh","D. Baugh","Baugh",202,FALSE,202,NA,4484,3418,"Kosner Baskonia","Kosner Baskonia","BKN",11101,159,"Personal no TL","Foul No FT","12",FALSE,1,6,16,00:06:16,9,8,0,0,65437,0,0,0,0,0,0,0,0,0,0,0,1,0,0,NA
3,"Supercopa","Supercopa Endesa","https://static.acb.com/img/14/39/3/27868634006.png","https://static.acb.com/img/1c/1a/3d/27940034120.png",91,2026,103,105681,20211947,20211947,20211947,"Nicolas  Laprovittola ","Nico Laprovittola","N. Laprovittola","Laprovittola",202,FALSE,202,NA,4482,3417,"Asisa Joventut","Asisa Joventut","JOV",11201,110,"Falta recibida","Foul Received","10",TRUE,1,6,16,00:06:16,9,8,0,0,65437,0,0,0,0,0,0,0,1,0,0,0,0,1,0,NA
3,"Supercopa","Supercopa Endesa","https://static.acb.com/img/14/39/3/27868634006.png","https://static.acb.com/img/1c/1a/3d/27940034120.png",91,2026,103,105681,20211947,20211947,20211947,"Nicolas  Laprovittola ","Nico Laprovittola","N. Laprovittola","Laprovittola",202,FALSE,202,NA,4482,3417,"Asisa Joventut","Asisa Joventut","JOV",11401,97,"Intento fallado de 2","2-Point Shot Missed","10",TRUE,1,6,5,00:06:05,9,8,4089,2431,65466,0,0,0,1,0,0,0,1,0,0,0,0,1,0,NA
3,"Supercopa","Supercopa Endesa","https://static.acb.com/img/14/39/3/27868634006.png","https://static.acb.com/img/1c/1a/3d/27940034120.png",91,2026,103,105681,30005375,30005375,21104852,"Anthony Randolph Lawson","AJ Lawson","AJ Lawson","Lawson",202,FALSE,202,NA,4484,3418,"Kosner Baskonia","Kosner Baskonia","BKN",11501,104,"Rebote Defensivo","Defensive Rebound","1",FALSE,1,6,5,00:06:05,9,8,909,-302,65466,0,0,0,0,0,0,1,0,0,0,0,0,0,0,NA
3,"Supercopa","Supercopa Endesa","https://static.acb.com/img/14/39/3/27868634006.png","https://static.acb.com/img/1c/1a/3d/27940034120.png",91,2026,103,105681,30005375,30005375,21104852,"Anthony Randolph Lawson","AJ Lawson","AJ Lawson","Lawson",202,FALSE,202,NA,4484,3418,"Kosner Baskonia","Kosner Baskonia","BKN",11601,93,"Canasta de 2","2-Point Shot Made","1",FALSE,1,5,57,00:05:57,9,10,89,520,65474,0,0,1,1,0,0,1,0,0,0,0,0,0,2,NA
3,"Supercopa","Supercopa Endesa","https://static.acb.com/img/14/39/3/27868634006.png","https://static.acb.com/img/1c/1a/3d/27940034120.png",91,2026,103,105681,20210498,20210498,20210498,"Ludvig Erik Hakanson ","Ludde Hakanson","L. Hakanson","Hakanson",202,FALSE,202,NA,4482,3417,"Asisa Joventut","Asisa Joventut","JOV",11801,98,"Intento fallado de 3","3-Point Shot Missed","12",TRUE,1,5,43,00:05:43,9,10,5058,5490,65488,0,1,0,0,0,0,0,0,0,0,0,0,0,0,NA
3,"Supercopa","Supercopa Endesa","https://static.acb.com/img/14/39/3/27868634006.png","https://static.acb.com/img/1c/1a/3d/27940034120.png",91,2026,103,105681,30005464,30005464,21104932,"Kenneth Bernard Faried Lewis","Kenneth Faried","K. Faried","Faried",202,FALSE,202,NA,4484,3418,"Kosner Baskonia","Kosner Baskonia","BKN",11901,104,"Rebote Defensivo","Defensive Rebound","35",FALSE,1,5,43,00:05:43,9,10,439,1356,65488,0,0,0,0,1,2,1,0,0,0,0,0,1,1,NA
3,"Supercopa","Supercopa Endesa","https://static.acb.com/img/14/39/3/27868634006.png","https://static.acb.com/img/1c/1a/3d/27940034120.png",91,2026,103,105681,30005464,30005464,21104932,"Kenneth Bernard Faried Lewis","Kenneth Faried","K. Faried","Faried",202,FALSE,202,NA,4484,3418,"Kosner Baskonia","Kosner Baskonia","BKN",12001,106,"Pérdida","Turnover","35",FALSE,1,5,31,00:05:31,9,10,0,0,65500,0,0,0,0,1,2,1,0,0,1,0,0,1,1,NA
3,"Supercopa","Supercopa Endesa","https://static.acb.com/img/14/39/3/27868634006.png","https://static.acb.com/img/1c/1a/3d/27940034120.png",91,2026,103,105681,20211947,20211947,20211947,"Nicolas  Laprovittola ","Nico Laprovittola","N. Laprovittola","Laprovittola",202,FALSE,202,NA,4482,3417,"Asisa Joventut","Asisa Joventut","JOV",12101,103,"Recuperación","Steal","10",TRUE,1,5,31,00:05:31,9,10,0,0,65500,0,0,0,1,0,0,0,1,1,0,0,0,1,0,NA
3,"Supercopa","Supercopa Endesa","https://static.acb.com/img/14/39/3/27868634006.png","https://static.acb.com/img/1c/1a/3d/27940034120.png",91,2026,103,105681,20211947,20211947,20211947,"Nicolas  Laprovittola ","Nico Laprovittola","N. Laprovittola","Laprovittola",202,FALSE,202,NA,4482,3417,"Asisa Joventut","Asisa Joventut","JOV",12201,94,"Canasta de 3","3-Point Shot Made","10",TRUE,1,5,25,00:05:25,12,10,4234,5889,65506,1,1,0,1,0,0,0,1,1,0,0,0,1,3,NA
3,"Supercopa","Supercopa Endesa","https://static.acb.com/img/14/39/3/27868634006.png","https://static.acb.com/img/1c/1a/3d/27940034120.png",91,2026,103,105681,30003941,30003941,21103465,"Clement  Frisch ","Clement Frisch","C. Frisch","Frisch",202,FALSE,202,NA,4484,3418,"Kosner Baskonia","Kosner Baskonia","BKN",12401,94,"Canasta de 3","3-Point Shot Made","25",FALSE,1,5,8,00:05:08,12,13,3189,6600,65523,1,1,0,0,0,0,0,0,0,0,0,0,0,3,NA
3,"Supercopa","Supercopa Endesa","https://static.acb.com/img/14/39/3/27868634006.png","https://static.acb.com/img/1c/1a/3d/27940034120.png",91,2026,103,105681,30001957,30001957,21101631,"Markus Anthony Howard ","Markus Howard","M. Howard","Howard",202,FALSE,202,NA,4484,3418,"Kosner Baskonia","Kosner Baskonia","BKN",12501,108,"Asistencia tiro de 3","Assist 3-Point Shot","0",FALSE,1,5,8,00:05:08,12,13,0,0,65523,0,0,0,0,0,0,0,1,0,0,0,0,0,0,NA
3,"Supercopa","Supercopa Endesa","https://static.acb.com/img/14/39/3/27868634006.png","https://static.acb.com/img/1c/1a/3d/27940034120.png",91,2026,103,105681,20211947,20211947,20211947,"Nicolas  Laprovittola ","Nico Laprovittola","N. Laprovittola","Laprovittola",202,FALSE,202,NA,4482,3417,"Asisa Joventut","Asisa Joventut","JOV",12601,93,"Canasta de 2","2-Point Shot Made","10",TRUE,1,4,54,00:04:54,14,13,842,12,65537,1,1,1,2,0,0,0,1,1,0,0,0,1,5,NA
3,"Supercopa","Supercopa Endesa","https://static.acb.com/img/14/39/3/27868634006.png","https://static.acb.com/img/1c/1a/3d/27940034120.png",91,2026,103,105681,30005375,30005375,21104852,"Anthony Randolph Lawson","AJ Lawson","AJ Lawson","Lawson",202,FALSE,202,NA,4484,3418,"Kosner Baskonia","Kosner Baskonia","BKN",12801,109,"Falta en Ataque","Offensive Foul","1",FALSE,1,4,44,00:04:44,14,13,0,0,65552,0,0,1,1,0,0,1,0,0,0,0,1,0,2,NA
3,"Supercopa","Supercopa Endesa","https://static.acb.com/img/14/39/3/27868634006.png","https://static.acb.com/img/1c/1a/3d/27940034120.png",91,2026,103,105681,30005375,30005375,21104852,"Anthony Randolph Lawson","AJ Lawson","AJ Lawson","Lawson",202,FALSE,202,NA,4484,3418,"Kosner Baskonia","Kosner Baskonia","BKN",12901,106,"Pérdida","Turnover","1",FALSE,1,4,44,00:04:44,14,13,0,0,65552,0,0,1,1,0,0,1,0,0,1,0,1,0,2,NA
3,"Supercopa","Supercopa Endesa","https://static.acb.com/img/14/39/3/27868634006.png","https://static.acb.com/img/1c/1a/3d/27940034120.png",91,2026,103,105681,20204133,20204133,20204133,"Alejandro  Reyes Abad","Álex Reyes","A. Reyes","Reyes",202,FALSE,202,NA,4482,3417,"Asisa Joventut","Asisa Joventut","JOV",13001,110,"Falta recibida","Foul Received","18",TRUE,1,4,44,00:04:44,14,13,0,0,65552,1,2,1,1,0,0,1,0,1,0,0,0,1,5,NA
3,"Supercopa","Supercopa Endesa","https://static.acb.com/img/14/39/3/27868634006.png","https://static.acb.com/img/1c/1a/3d/27940034120.png",91,2026,103,105681,20204133,20204133,20204133,"Alejandro  Reyes Abad","Álex Reyes","A. Reyes","Reyes",202,FALSE,202,NA,4482,3417,"Asisa Joventut","Asisa Joventut","JOV",13201,115,"Sale Pista","Substitution - Out","18",TRUE,1,4,44,00:04:44,14,13,0,0,65560,1,2,1,1,0,0,1,0,1,0,0,0,1,5,NA
3,"Supercopa","Supercopa Endesa","https://static.acb.com/img/14/39/3/27868634006.png","https://static.acb.com/img/1c/1a/3d/27940034120.png",91,2026,103,105681,30000095,30000095,21100094,"Yannick Story Kraag ","Yannick Kraag","Y. Kraag","Kraag",202,FALSE,202,NA,4482,3417,"Asisa Joventut","Asisa Joventut","JOV",13301,112,"Entra Pista","Substitution - In","1",TRUE,1,4,44,00:04:44,14,13,0,0,65560,0,0,0,0,0,0,0,0,0,0,0,0,0,0,NA
3,"Supercopa","Supercopa Endesa","https://static.acb.com/img/14/39/3/27868634006.png","https://static.acb.com/img/1c/1a/3d/27940034120.png",91,2026,103,105681,30005384,30005384,21104861,"Damion Devon Baugh","Damion Baugh","D. Baugh","Baugh",202,FALSE,202,NA,4484,3418,"Kosner Baskonia","Kosner Baskonia","BKN",13401,115,"Sale Pista","Substitution - Out","12",FALSE,1,4,44,00:04:44,14,13,0,0,65560,0,0,0,0,0,0,0,0,0,0,0,1,0,0,NA
3,"Supercopa","Supercopa Endesa","https://static.acb.com/img/14/39/3/27868634006.png","https://static.acb.com/img/1c/1a/3d/27940034120.png",91,2026,103,105681,30000202,30000202,21100193,"Matteo  Spagnolo ","Matteo Spagnolo","M. Spagnolo","Spagnolo",202,FALSE,202,NA,4484,3418,"Kosner Baskonia","Kosner Baskonia","BKN",13501,112,"Entra Pista","Substitution - In","10",FALSE,1,4,44,00:04:44,14,13,0,0,65560,0,0,0,0,0,0,0,0,0,0,0,0,0,0,NA
3,"Supercopa","Supercopa Endesa","https://static.acb.com/img/14/39/3/27868634006.png","https://static.acb.com/img/1c/1a/3d/27940034120.png",91,2026,103,105681,20211947,20211947,20211947,"Nicolas  Laprovittola ","Nico Laprovittola","N. Laprovittola","Laprovittola",202,FALSE,202,NA,4482,3417,"Asisa Joventut","Asisa Joventut","JOV",13701,97,"Intento fallado de 2","2-Point Shot Missed","10",TRUE,1,4,25,00:04:25,14,13,1031,-63,65589,1,1,1,3,0,0,0,1,1,0,0,0,1,5,NA
3,"Supercopa","Supercopa Endesa","https://static.acb.com/img/14/39/3/27868634006.png","https://static.acb.com/img/1c/1a/3d/27940034120.png",91,2026,103,105681,20212423,20212423,20212423,"Simon Fredrik Stefan Birgander ","Simon Birgander","S. Birgander","Birgander",202,FALSE,202,NA,4482,3417,"Asisa Joventut","Asisa Joventut","JOV",13801,101,"Rebote Ofensivo","Offensive Rebound","35",TRUE,1,4,25,00:04:25,14,13,661,-65,65589,0,0,0,0,0,0,4,0,0,0,0,1,0,0,NA
3,"Supercopa","Supercopa Endesa","https://static.acb.com/img/14/39/3/27868634006.png","https://static.acb.com/img/1c/1a/3d/27940034120.png",91,2026,103,105681,30000095,30000095,21100094,"Yannick Story Kraag ","Yannick Kraag","Y. Kraag","Kraag",202,FALSE,202,NA,4482,3417,"Asisa Joventut","Asisa Joventut","JOV",13901,97,"Intento fallado de 2","2-Point Shot Missed","1",TRUE,1,4,20,00:04:20,14,13,419,1176,65593,0,0,0,1,0,0,0,0,0,0,0,0,0,0,NA
3,"Supercopa","Supercopa Endesa","https://static.acb.com/img/14/39/3/27868634006.png","https://static.acb.com/img/1c/1a/3d/27940034120.png",91,2026,103,105681,30000202,30000202,21100193,"Matteo  Spagnolo ","Matteo Spagnolo","M. Spagnolo","Spagnolo",202,FALSE,202,NA,4484,3418,"Kosner Baskonia","Kosner Baskonia","BKN",14001,104,"Rebote Defensivo","Defensive Rebound","10",FALSE,1,4,20,00:04:20,14,13,295,-1223,65593,0,0,0,0,0,0,1,0,0,0,0,0,0,0,NA
3,"Supercopa","Supercopa Endesa","https://static.acb.com/img/14/39/3/27868634006.png","https://static.acb.com/img/1c/1a/3d/27940034120.png",91,2026,103,105681,30003941,30003941,21103465,"Clement  Frisch ","Clement Frisch","C. Frisch","Frisch",202,FALSE,202,NA,4484,3418,"Kosner Baskonia","Kosner Baskonia","BKN",14101,98,"Intento fallado de 3","3-Point Shot Missed","25",FALSE,1,4,15,00:04:15,14,13,4952,-5500,65599,1,2,0,0,0,0,0,0,0,0,0,0,0,3,NA
3,"Supercopa","Supercopa Endesa","https://static.acb.com/img/14/39/3/27868634006.png","https://static.acb.com/img/1c/1a/3d/27940034120.png",91,2026,103,105681,30000202,30000202,21100193,"Matteo  Spagnolo ","Matteo Spagnolo","M. Spagnolo","Spagnolo",202,FALSE,202,NA,4484,3418,"Kosner Baskonia","Kosner Baskonia","BKN",14201,101,"Rebote Ofensivo","Offensive Rebound","10",FALSE,1,4,15,00:04:15,14,13,4237,-43,65599,0,0,0,0,0,0,2,0,0,0,0,0,0,0,NA
3,"Supercopa","Supercopa Endesa","https://static.acb.com/img/14/39/3/27868634006.png","https://static.acb.com/img/1c/1a/3d/27940034120.png",91,2026,103,105681,30001957,30001957,21101631,"Markus Anthony Howard ","Markus Howard","M. Howard","Howard",202,FALSE,202,NA,4484,3418,"Kosner Baskonia","Kosner Baskonia","BKN",14301,98,"Intento fallado de 3","3-Point Shot Missed","0",FALSE,1,4,2,00:04:02,14,13,49,-7073,65611,0,1,0,0,0,0,0,1,0,0,0,0,0,0,NA
3,"Supercopa","Supercopa Endesa","https://static.acb.com/img/14/39/3/27868634006.png","https://static.acb.com/img/1c/1a/3d/27940034120.png",91,2026,103,105681,30005464,30005464,21104932,"Kenneth Bernard Faried Lewis","Kenneth Faried","K. Faried","Faried",202,FALSE,202,NA,4484,3418,"Kosner Baskonia","Kosner Baskonia","BKN",14401,101,"Rebote Ofensivo","Offensive Rebound","35",FALSE,1,4,2,00:04:02,14,13,386,2027,65611,0,0,0,0,1,2,2,0,0,1,0,0,1,1,NA
3,"Supercopa","Supercopa Endesa","https://static.acb.com/img/14/39/3/27868634006.png","https://static.acb.com/img/1c/1a/3d/27940034120.png",91,2026,103,105681,30005464,30005464,21104932,"Kenneth Bernard Faried Lewis","Kenneth Faried","K. Faried","Faried",202,FALSE,202,NA,4484,3418,"Kosner Baskonia","Kosner Baskonia","BKN",14701,97,"Intento fallado de 2","2-Point Shot Missed","35",FALSE,1,4,0,00:04:00,14,13,0,1690,65619,0,0,0,1,1,2,2,0,0,1,0,0,1,1,NA
3,"Supercopa","Supercopa Endesa","https://static.acb.com/img/14/39/3/27868634006.png","https://static.acb.com/img/1c/1a/3d/27940034120.png",91,2026,103,105681,30005464,30005464,21104932,"Kenneth Bernard Faried Lewis","Kenneth Faried","K. Faried","Faried",202,FALSE,202,NA,4484,3418,"Kosner Baskonia","Kosner Baskonia","BKN",14801,105,"Tapón Recibido","Block Received","35",FALSE,1,4,0,00:04:00,14,13,0,0,65619,0,0,0,1,1,2,2,0,0,1,0,0,1,1,NA
3,"Supercopa","Supercopa Endesa","https://static.acb.com/img/14/39/3/27868634006.png","https://static.acb.com/img/1c/1a/3d/27940034120.png",91,2026,103,105681,30000927,30000927,21100827,"Kwan Treill Cheatham Jr","Kwan Cheatham","K. Cheatham","Cheatham",202,FALSE,202,NA,4482,3417,"Asisa Joventut","Asisa Joventut","JOV",14901,102,"Tapón","Block","55",TRUE,1,4,0,00:04:00,14,13,0,0,65619,0,0,0,0,0,0,0,0,0,0,1,0,0,0,NA
3,"Supercopa","Supercopa Endesa","https://static.acb.com/img/14/39/3/27868634006.png","https://static.acb.com/img/1c/1a/3d/27940034120.png",91,2026,103,105681,NA,NA,NA,NA,NA,NA,NA,NA,NA,NA,NA,4484,3418,"Kosner Baskonia","Kosner Baskonia","BKN",15001,101,"Rebote Ofensivo","Offensive Rebound",NA,FALSE,1,4,0,00:04:00,14,13,0,0,65619,NA,NA,NA,NA,NA,NA,NA,NA,NA,NA,NA,NA,NA,NA,NA
3,"Supercopa","Supercopa Endesa","https://static.acb.com/img/14/39/3/27868634006.png","https://static.acb.com/img/1c/1a/3d/27940034120.png",91,2026,103,105681,30005464,30005464,21104932,"Kenneth Bernard Faried Lewis","Kenneth Faried","K. Faried","Faried",202,FALSE,202,NA,4484,3418,"Kosner Baskonia","Kosner Baskonia","BKN",15201,97,"Intento fallado de 2","2-Point Shot Missed","35",FALSE,1,3,58,00:03:58,14,13,1647,-1638,65637,0,0,0,2,1,2,2,0,0,1,0,0,1,1,NA
3,"Supercopa","Supercopa Endesa","https://static.acb.com/img/14/39/3/27868634006.png","https://static.acb.com/img/1c/1a/3d/27940034120.png",91,2026,103,105681,30000095,30000095,21100094,"Yannick Story Kraag ","Yannick Kraag","Y. Kraag","Kraag",202,FALSE,202,NA,4482,3417,"Asisa Joventut","Asisa Joventut","JOV",15301,104,"Rebote Defensivo","Defensive Rebound","1",TRUE,1,3,58,00:03:58,14,13,98,324,65637,0,0,0,1,0,0,1,0,0,0,0,0,0,0,NA
3,"Supercopa","Supercopa Endesa","https://static.acb.com/img/14/39/3/27868634006.png","https://static.acb.com/img/1c/1a/3d/27940034120.png",91,2026,103,105681,30000202,30000202,21100193,"Matteo  Spagnolo ","Matteo Spagnolo","M. Spagnolo","Spagnolo",202,FALSE,202,NA,4484,3418,"Kosner Baskonia","Kosner Baskonia","BKN",15501,161,"Personal 2TL","Foul 2FT","10",FALSE,1,3,45,00:03:45,14,13,0,0,65653,0,0,0,0,0,0,2,0,0,0,0,1,0,0,NA
3,"Supercopa","Supercopa Endesa","https://static.acb.com/img/14/39/3/27868634006.png","https://static.acb.com/img/1c/1a/3d/27940034120.png",91,2026,103,105681,20211947,20211947,20211947,"Nicolas  Laprovittola ","Nico Laprovittola","N. Laprovittola","Laprovittola",202,FALSE,202,NA,4482,3417,"Asisa Joventut","Asisa Joventut","JOV",15601,110,"Falta recibida","Foul Received","10",TRUE,1,3,45,00:03:45,14,13,0,0,65653,1,1,1,3,0,0,0,1,1,0,0,0,2,5,NA
3,"Supercopa","Supercopa Endesa","https://static.acb.com/img/14/39/3/27868634006.png","https://static.acb.com/img/1c/1a/3d/27940034120.png",91,2026,103,105681,20211947,20211947,20211947,"Nicolas  Laprovittola ","Nico Laprovittola","N. Laprovittola","Laprovittola",202,FALSE,202,NA,4482,3417,"Asisa Joventut","Asisa Joventut","JOV",15701,92,"Canasta de 1","Free Throw Made","10",TRUE,1,3,45,00:03:45,15,13,0,0,65675,1,1,1,3,1,1,0,1,1,0,0,0,2,6,NA
3,"Supercopa","Supercopa Endesa","https://static.acb.com/img/14/39/3/27868634006.png","https://static.acb.com/img/1c/1a/3d/27940034120.png",91,2026,103,105681,20211947,20211947,20211947,"Nicolas  Laprovittola ","Nico Laprovittola","N. Laprovittola","Laprovittola",202,FALSE,202,NA,4482,3417,"Asisa Joventut","Asisa Joventut","JOV",15801,92,"Canasta de 1","Free Throw Made","10",TRUE,1,3,45,00:03:45,16,13,0,0,65687,1,1,1,3,2,2,0,1,1,0,0,0,2,7,NA
3,"Supercopa","Supercopa Endesa","https://static.acb.com/img/14/39/3/27868634006.png","https://static.acb.com/img/1c/1a/3d/27940034120.png",91,2026,103,105681,30003941,30003941,21103465,"Clement  Frisch ","Clement Frisch","C. Frisch","Frisch",202,FALSE,202,NA,4484,3418,"Kosner Baskonia","Kosner Baskonia","BKN",16201,98,"Intento fallado de 3","3-Point Shot Missed","25",FALSE,1,3,24,00:03:24,16,13,2876,6793,65731,1,3,0,0,0,0,0,0,0,0,0,0,0,3,NA
3,"Supercopa","Supercopa Endesa","https://static.acb.com/img/14/39/3/27868634006.png","https://static.acb.com/img/1c/1a/3d/27940034120.png",91,2026,103,105681,NA,NA,NA,NA,NA,NA,NA,NA,NA,NA,NA,4482,3417,"Asisa Joventut","Asisa Joventut","JOV",16301,104,"Rebote Defensivo","Defensive Rebound",NA,TRUE,1,3,24,00:03:24,16,13,0,0,65731,NA,NA,NA,NA,NA,NA,NA,NA,NA,NA,NA,NA,NA,NA,NA
3,"Supercopa","Supercopa Endesa","https://static.acb.com/img/14/39/3/27868634006.png","https://static.acb.com/img/1c/1a/3d/27940034120.png",91,2026,103,105681,20211947,20211947,20211947,"Nicolas  Laprovittola ","Nico Laprovittola","N. Laprovittola","Laprovittola",202,FALSE,202,NA,4482,3417,"Asisa Joventut","Asisa Joventut","JOV",16701,97,"Intento fallado de 2","2-Point Shot Missed","10",TRUE,1,3,3,00:03:03,16,13,1772,-158,65772,1,1,1,4,2,2,0,1,1,0,0,0,2,7,NA
3,"Supercopa","Supercopa Endesa","https://static.acb.com/img/14/39/3/27868634006.png","https://static.acb.com/img/1c/1a/3d/27940034120.png",91,2026,103,105681,30005375,30005375,21104852,"Anthony Randolph Lawson","AJ Lawson","AJ Lawson","Lawson",202,FALSE,202,NA,4484,3418,"Kosner Baskonia","Kosner Baskonia","BKN",16801,104,"Rebote Defensivo","Defensive Rebound","1",FALSE,1,3,3,00:03:03,16,13,434,-512,65772,0,0,1,1,0,0,2,0,0,1,0,1,0,2,NA
3,"Supercopa","Supercopa Endesa","https://static.acb.com/img/14/39/3/27868634006.png","https://static.acb.com/img/1c/1a/3d/27940034120.png",91,2026,103,105681,30005375,30005375,21104852,"Anthony Randolph Lawson","AJ Lawson","AJ Lawson","Lawson",202,FALSE,202,NA,4484,3418,"Kosner Baskonia","Kosner Baskonia","BKN",17001,106,"Pérdida","Turnover","1",FALSE,1,3,1,00:03:01,16,13,0,0,65778,0,0,1,1,0,0,2,0,0,2,0,1,0,2,NA
3,"Supercopa","Supercopa Endesa","https://static.acb.com/img/14/39/3/27868634006.png","https://static.acb.com/img/1c/1a/3d/27940034120.png",91,2026,103,105681,30003941,30003941,21103465,"Clement  Frisch ","Clement Frisch","C. Frisch","Frisch",202,FALSE,202,NA,4484,3418,"Kosner Baskonia","Kosner Baskonia","BKN",17201,115,"Sale Pista","Substitution - Out","25",FALSE,1,3,1,00:03:01,16,13,0,0,65781,1,3,0,0,0,0,0,0,0,0,0,0,0,3,NA
3,"Supercopa","Supercopa Endesa","https://static.acb.com/img/14/39/3/27868634006.png","https://static.acb.com/img/1c/1a/3d/27940034120.png",91,2026,103,105681,20210830,20210830,20210830,"Tadas Sedekerskis","Tadas Sedekerskis","T. Sedekerskis","Sedekerskis",202,FALSE,202,NA,4484,3418,"Kosner Baskonia","Kosner Baskonia","BKN",17301,112,"Entra Pista","Substitution - In","8",FALSE,1,3,1,00:03:01,16,13,0,0,65781,0,0,1,2,0,1,2,0,0,0,0,0,2,2,NA
3,"Supercopa","Supercopa Endesa","https://static.acb.com/img/14/39/3/27868634006.png","https://static.acb.com/img/1c/1a/3d/27940034120.png",91,2026,103,105681,20211947,20211947,20211947,"Nicolas  Laprovittola ","Nico Laprovittola","N. Laprovittola","Laprovittola",202,FALSE,202,NA,4482,3417,"Asisa Joventut","Asisa Joventut","JOV",17501,98,"Intento fallado de 3","3-Point Shot Missed","10",TRUE,1,2,51,00:02:51,16,13,3215,-6544,65806,1,2,1,4,2,2,0,1,1,0,0,0,2,7,NA
3,"Supercopa","Supercopa Endesa","https://static.acb.com/img/14/39/3/27868634006.png","https://static.acb.com/img/1c/1a/3d/27940034120.png",91,2026,103,105681,30000202,30000202,21100193,"Matteo  Spagnolo ","Matteo Spagnolo","M. Spagnolo","Spagnolo",202,FALSE,202,NA,4484,3418,"Kosner Baskonia","Kosner Baskonia","BKN",17601,104,"Rebote Defensivo","Defensive Rebound","10",FALSE,1,2,51,00:02:51,16,13,2487,-1647,65806,0,0,0,0,0,0,3,0,0,0,0,1,0,0,NA
3,"Supercopa","Supercopa Endesa","https://static.acb.com/img/14/39/3/27868634006.png","https://static.acb.com/img/1c/1a/3d/27940034120.png",91,2026,103,105681,30001957,30001957,21101631,"Markus Anthony Howard ","Markus Howard","M. Howard","Howard",202,FALSE,202,NA,4484,3418,"Kosner Baskonia","Kosner Baskonia","BKN",17801,106,"Pérdida","Turnover","0",FALSE,1,2,42,00:02:42,16,13,0,0,65815,0,1,0,0,0,0,0,1,0,1,0,0,0,0,NA
3,"Supercopa","Supercopa Endesa","https://static.acb.com/img/14/39/3/27868634006.png","https://static.acb.com/img/1c/1a/3d/27940034120.png",91,2026,103,105681,20211947,20211947,20211947,"Nicolas  Laprovittola ","Nico Laprovittola","N. Laprovittola","Laprovittola",202,FALSE,202,NA,4482,3417,"Asisa Joventut","Asisa Joventut","JOV",18001,98,"Intento fallado de 3","3-Point Shot Missed","10",TRUE,1,2,25,00:02:25,16,13,2791,-6879,65845,1,3,1,4,2,2,0,1,1,0,0,0,2,7,NA
3,"Supercopa","Supercopa Endesa","https://static.acb.com/img/14/39/3/27868634006.png","https://static.acb.com/img/1c/1a/3d/27940034120.png",91,2026,103,105681,30005464,30005464,21104932,"Kenneth Bernard Faried Lewis","Kenneth Faried","K. Faried","Faried",202,FALSE,202,NA,4484,3418,"Kosner Baskonia","Kosner Baskonia","BKN",18101,104,"Rebote Defensivo","Defensive Rebound","35",FALSE,1,2,25,00:02:25,16,13,4356,-8,65845,0,0,0,2,1,2,3,0,0,1,0,0,1,1,NA
3,"Supercopa","Supercopa Endesa","https://static.acb.com/img/14/39/3/27868634006.png","https://static.acb.com/img/1c/1a/3d/27940034120.png",91,2026,103,105681,30005375,30005375,21104852,"Anthony Randolph Lawson","AJ Lawson","AJ Lawson","Lawson",202,FALSE,202,NA,4484,3418,"Kosner Baskonia","Kosner Baskonia","BKN",18201,93,"Canasta de 2","2-Point Shot Made","1",FALSE,1,2,18,00:02:18,16,15,0,120,65852,0,0,2,2,0,0,2,0,0,2,0,1,0,4,NA
3,"Supercopa","Supercopa Endesa","https://static.acb.com/img/14/39/3/27868634006.png","https://static.acb.com/img/1c/1a/3d/27940034120.png",91,2026,103,105681,30005464,30005464,21104932,"Kenneth Bernard Faried Lewis","Kenneth Faried","K. Faried","Faried",202,FALSE,202,NA,4484,3418,"Kosner Baskonia","Kosner Baskonia","BKN",18401,107,"Asistencia tiro de 2","Assist 2-Point Shot","35",FALSE,1,2,18,00:02:18,16,15,0,0,65852,0,0,0,2,1,2,3,1,0,1,0,0,1,1,NA
3,"Supercopa","Supercopa Endesa","https://static.acb.com/img/14/39/3/27868634006.png","https://static.acb.com/img/1c/1a/3d/27940034120.png",91,2026,103,105681,30000095,30000095,21100094,"Yannick Story Kraag ","Yannick Kraag","Y. Kraag","Kraag",202,FALSE,202,NA,4482,3417,"Asisa Joventut","Asisa Joventut","JOV",18501,97,"Intento fallado de 2","2-Point Shot Missed","1",TRUE,1,2,4,00:02:04,16,15,603,-423,65865,0,0,0,2,0,0,1,0,0,0,0,0,0,0,NA
3,"Supercopa","Supercopa Endesa","https://static.acb.com/img/14/39/3/27868634006.png","https://static.acb.com/img/1c/1a/3d/27940034120.png",91,2026,103,105681,20212423,20212423,20212423,"Simon Fredrik Stefan Birgander ","Simon Birgander","S. Birgander","Birgander",202,FALSE,202,NA,4482,3417,"Asisa Joventut","Asisa Joventut","JOV",18601,101,"Rebote Ofensivo","Offensive Rebound","35",TRUE,1,2,4,00:02:04,16,15,0,-1323,65865,0,0,0,0,0,0,5,0,0,0,0,1,0,0,NA
3,"Supercopa","Supercopa Endesa","https://static.acb.com/img/14/39/3/27868634006.png","https://static.acb.com/img/1c/1a/3d/27940034120.png",91,2026,103,105681,20210498,20210498,20210498,"Ludvig Erik Hakanson ","Ludde Hakanson","L. Hakanson","Hakanson",202,FALSE,202,NA,4482,3417,"Asisa Joventut","Asisa Joventut","JOV",18701,98,"Intento fallado de 3","3-Point Shot Missed","12",TRUE,1,1,58,00:01:58,16,15,7211,139,65872,0,2,0,0,0,0,0,0,0,0,0,0,0,0,NA
3,"Supercopa","Supercopa Endesa","https://static.acb.com/img/14/39/3/27868634006.png","https://static.acb.com/img/1c/1a/3d/27940034120.png",91,2026,103,105681,30000202,30000202,21100193,"Matteo  Spagnolo ","Matteo Spagnolo","M. Spagnolo","Spagnolo",202,FALSE,202,NA,4484,3418,"Kosner Baskonia","Kosner Baskonia","BKN",18801,104,"Rebote Defensivo","Defensive Rebound","10",FALSE,1,1,58,00:01:58,16,15,2892,2587,65872,0,0,0,0,0,0,4,0,0,0,0,1,0,0,NA
3,"Supercopa","Supercopa Endesa","https://static.acb.com/img/14/39/3/27868634006.png","https://static.acb.com/img/1c/1a/3d/27940034120.png",91,2026,103,105681,30005375,30005375,21104852,"Anthony Randolph Lawson","AJ Lawson","AJ Lawson","Lawson",202,FALSE,202,NA,4484,3418,"Kosner Baskonia","Kosner Baskonia","BKN",18901,93,"Canasta de 2","2-Point Shot Made","1",FALSE,1,1,51,00:01:51,16,17,27,-806,65879,0,0,3,3,0,0,2,0,0,2,0,1,0,6,NA
3,"Supercopa","Supercopa Endesa","https://static.acb.com/img/14/39/3/27868634006.png","https://static.acb.com/img/1c/1a/3d/27940034120.png",91,2026,103,105681,30000202,30000202,21100193,"Matteo  Spagnolo ","Matteo Spagnolo","M. Spagnolo","Spagnolo",202,FALSE,202,NA,4484,3418,"Kosner Baskonia","Kosner Baskonia","BKN",19101,107,"Asistencia tiro de 2","Assist 2-Point Shot","10",FALSE,1,1,51,00:01:51,16,17,0,0,65879,0,0,0,0,0,0,4,1,0,0,0,1,0,0,NA
3,"Supercopa","Supercopa Endesa","https://static.acb.com/img/14/39/3/27868634006.png","https://static.acb.com/img/1c/1a/3d/27940034120.png",91,2026,103,105681,20211947,20211947,20211947,"Nicolas  Laprovittola ","Nico Laprovittola","N. Laprovittola","Laprovittola",202,FALSE,202,NA,4482,3417,"Asisa Joventut","Asisa Joventut","JOV",19201,93,"Canasta de 2","2-Point Shot Made","10",TRUE,1,1,41,00:01:41,18,17,217,-905,65889,1,3,2,5,2,2,0,1,1,0,0,0,2,9,NA
3,"Supercopa","Supercopa Endesa","https://static.acb.com/img/14/39/3/27868634006.png","https://static.acb.com/img/1c/1a/3d/27940034120.png",91,2026,103,105681,30005375,30005375,21104852,"Anthony Randolph Lawson","AJ Lawson","AJ Lawson","Lawson",202,FALSE,202,NA,4484,3418,"Kosner Baskonia","Kosner Baskonia","BKN",19401,94,"Canasta de 3","3-Point Shot Made","1",FALSE,1,1,26,00:01:26,18,20,6913,-1791,65904,1,1,3,3,0,0,2,0,0,2,0,1,0,9,NA
3,"Supercopa","Supercopa Endesa","https://static.acb.com/img/14/39/3/27868634006.png","https://static.acb.com/img/1c/1a/3d/27940034120.png",91,2026,103,105681,30000202,30000202,21100193,"Matteo  Spagnolo ","Matteo Spagnolo","M. Spagnolo","Spagnolo",202,FALSE,202,NA,4484,3418,"Kosner Baskonia","Kosner Baskonia","BKN",19501,108,"Asistencia tiro de 3","Assist 3-Point Shot","10",FALSE,1,1,26,00:01:26,18,20,0,0,65904,0,0,0,0,0,0,4,2,0,0,0,1,0,0,NA
3,"Supercopa","Supercopa Endesa","https://static.acb.com/img/14/39/3/27868634006.png","https://static.acb.com/img/1c/1a/3d/27940034120.png",91,2026,103,105681,20210498,20210498,20210498,"Ludvig Erik Hakanson ","Ludde Hakanson","L. Hakanson","Hakanson",202,FALSE,202,NA,4482,3417,"Asisa Joventut","Asisa Joventut","JOV",19601,97,"Intento fallado de 2","2-Point Shot Missed","12",TRUE,1,1,5,00:01:05,18,20,2198,3280,65925,0,2,0,1,0,0,0,0,0,0,0,0,0,0,NA
3,"Supercopa","Supercopa Endesa","https://static.acb.com/img/14/39/3/27868634006.png","https://static.acb.com/img/1c/1a/3d/27940034120.png",91,2026,103,105681,20212423,20212423,20212423,"Simon Fredrik Stefan Birgander ","Simon Birgander","S. Birgander","Birgander",202,FALSE,202,NA,4482,3417,"Asisa Joventut","Asisa Joventut","JOV",19701,101,"Rebote Ofensivo","Offensive Rebound","35",TRUE,1,1,5,00:01:05,18,20,538,-1303,65925,0,0,0,0,0,0,6,0,0,0,0,1,0,0,NA
3,"Supercopa","Supercopa Endesa","https://static.acb.com/img/14/39/3/27868634006.png","https://static.acb.com/img/1c/1a/3d/27940034120.png",91,2026,103,105681,20210498,20210498,20210498,"Ludvig Erik Hakanson ","Ludde Hakanson","L. Hakanson","Hakanson",202,FALSE,202,NA,4482,3417,"Asisa Joventut","Asisa Joventut","JOV",19801,98,"Intento fallado de 3","3-Point Shot Missed","12",TRUE,1,1,0,00:01:00,18,20,5721,4124,65930,0,3,0,1,0,0,0,0,0,0,0,0,0,0,NA
3,"Supercopa","Supercopa Endesa","https://static.acb.com/img/14/39/3/27868634006.png","https://static.acb.com/img/1c/1a/3d/27940034120.png",91,2026,103,105681,30001957,30001957,21101631,"Markus Anthony Howard ","Markus Howard","M. Howard","Howard",202,FALSE,202,NA,4484,3418,"Kosner Baskonia","Kosner Baskonia","BKN",19901,104,"Rebote Defensivo","Defensive Rebound","0",FALSE,1,1,0,00:01:00,18,20,1763,5558,65930,0,1,0,0,0,0,1,1,0,1,0,0,0,0,NA
3,"Supercopa","Supercopa Endesa","https://static.acb.com/img/14/39/3/27868634006.png","https://static.acb.com/img/1c/1a/3d/27940034120.png",91,2026,103,105681,30005464,30005464,21104932,"Kenneth Bernard Faried Lewis","Kenneth Faried","K. Faried","Faried",202,FALSE,202,NA,4484,3418,"Kosner Baskonia","Kosner Baskonia","BKN",20001,97,"Intento fallado de 2","2-Point Shot Missed","35",FALSE,1,0,45,00:00:45,18,20,1346,328,65945,0,0,0,3,1,2,3,1,0,1,0,0,1,1,NA
3,"Supercopa","Supercopa Endesa","https://static.acb.com/img/14/39/3/27868634006.png","https://static.acb.com/img/1c/1a/3d/27940034120.png",91,2026,103,105681,30000095,30000095,21100094,"Yannick Story Kraag ","Yannick Kraag","Y. Kraag","Kraag",202,FALSE,202,NA,4482,3417,"Asisa Joventut","Asisa Joventut","JOV",20101,104,"Rebote Defensivo","Defensive Rebound","1",TRUE,1,0,45,00:00:45,18,20,1958,107,65945,0,0,0,2,0,0,2,0,0,0,0,0,0,0,NA
3,"Supercopa","Supercopa Endesa","https://static.acb.com/img/14/39/3/27868634006.png","https://static.acb.com/img/1c/1a/3d/27940034120.png",91,2026,103,105681,20210498,20210498,20210498,"Ludvig Erik Hakanson ","Ludde Hakanson","L. Hakanson","Hakanson",202,FALSE,202,NA,4482,3417,"Asisa Joventut","Asisa Joventut","JOV",20201,93,"Canasta de 2","2-Point Shot Made","12",TRUE,1,0,39,00:00:39,20,20,0,-415,65951,0,3,1,2,0,0,0,0,0,0,0,0,0,2,NA
3,"Supercopa","Supercopa Endesa","https://static.acb.com/img/14/39/3/27868634006.png","https://static.acb.com/img/1c/1a/3d/27940034120.png",91,2026,103,105681,20211947,20211947,20211947,"Nicolas  Laprovittola ","Nico Laprovittola","N. Laprovittola","Laprovittola",202,FALSE,202,NA,4482,3417,"Asisa Joventut","Asisa Joventut","JOV",20401,107,"Asistencia tiro de 2","Assist 2-Point Shot","10",TRUE,1,0,39,00:00:39,20,20,0,0,65951,1,3,2,5,2,2,0,2,1,0,0,0,2,9,NA
3,"Supercopa","Supercopa Endesa","https://static.acb.com/img/14/39/3/27868634006.png","https://static.acb.com/img/1c/1a/3d/27940034120.png",91,2026,103,105681,30000202,30000202,21100193,"Matteo  Spagnolo ","Matteo Spagnolo","M. Spagnolo","Spagnolo",202,FALSE,202,NA,4484,3418,"Kosner Baskonia","Kosner Baskonia","BKN",20701,93,"Canasta de 2","2-Point Shot Made","10",FALSE,1,0,19,00:00:19,20,22,374,794,65975,0,0,1,1,0,0,4,2,0,0,0,1,0,2,NA
3,"Supercopa","Supercopa Endesa","https://static.acb.com/img/14/39/3/27868634006.png","https://static.acb.com/img/1c/1a/3d/27940034120.png",91,2026,103,105681,20212423,20212423,20212423,"Simon Fredrik Stefan Birgander ","Simon Birgander","S. Birgander","Birgander",202,FALSE,202,NA,4482,3417,"Asisa Joventut","Asisa Joventut","JOV",20801,160,"Personal 1TL","Foul 1FT","35",TRUE,1,0,19,00:00:19,20,22,0,0,65978,0,0,0,0,0,0,6,0,0,0,0,2,0,0,NA
3,"Supercopa","Supercopa Endesa","https://static.acb.com/img/14/39/3/27868634006.png","https://static.acb.com/img/1c/1a/3d/27940034120.png",91,2026,103,105681,30000202,30000202,21100193,"Matteo  Spagnolo ","Matteo Spagnolo","M. Spagnolo","Spagnolo",202,FALSE,202,NA,4484,3418,"Kosner Baskonia","Kosner Baskonia","BKN",20901,110,"Falta recibida","Foul Received","10",FALSE,1,0,19,00:00:19,20,22,0,0,65978,0,0,1,1,0,0,4,2,0,0,0,1,1,2,NA
3,"Supercopa","Supercopa Endesa","https://static.acb.com/img/14/39/3/27868634006.png","https://static.acb.com/img/1c/1a/3d/27940034120.png",91,2026,103,105681,20210498,20210498,20210498,"Ludvig Erik Hakanson ","Ludde Hakanson","L. Hakanson","Hakanson",202,FALSE,202,NA,4482,3417,"Asisa Joventut","Asisa Joventut","JOV",21101,115,"Sale Pista","Substitution - Out","12",TRUE,1,0,19,00:00:19,20,22,0,0,65985,0,3,1,2,0,0,0,0,0,0,0,0,0,2,NA
3,"Supercopa","Supercopa Endesa","https://static.acb.com/img/14/39/3/27868634006.png","https://static.acb.com/img/1c/1a/3d/27940034120.png",91,2026,103,105681,30000095,30000095,21100094,"Yannick Story Kraag ","Yannick Kraag","Y. Kraag","Kraag",202,FALSE,202,NA,4482,3417,"Asisa Joventut","Asisa Joventut","JOV",21201,115,"Sale Pista","Substitution - Out","1",TRUE,1,0,19,00:00:19,20,22,0,0,65985,0,0,0,2,0,0,2,0,0,0,0,0,0,0,NA
3,"Supercopa","Supercopa Endesa","https://static.acb.com/img/14/39/3/27868634006.png","https://static.acb.com/img/1c/1a/3d/27940034120.png",91,2026,103,105681,20212423,20212423,20212423,"Simon Fredrik Stefan Birgander ","Simon Birgander","S. Birgander","Birgander",202,FALSE,202,NA,4482,3417,"Asisa Joventut","Asisa Joventut","JOV",21301,115,"Sale Pista","Substitution - Out","35",TRUE,1,0,19,00:00:19,20,22,0,0,65985,0,0,0,0,0,0,6,0,0,0,0,2,0,0,NA
3,"Supercopa","Supercopa Endesa","https://static.acb.com/img/14/39/3/27868634006.png","https://static.acb.com/img/1c/1a/3d/27940034120.png",91,2026,103,105681,20201871,20201871,20201871,"Ricard  Rubio Vives","Ricky Rubio","R. Rubio","Rubio",202,FALSE,202,NA,4482,3417,"Asisa Joventut","Asisa Joventut","JOV",21401,112,"Entra Pista","Substitution - In","9",TRUE,1,0,19,00:00:19,20,22,0,0,65985,0,0,2,3,0,0,1,0,0,0,0,0,1,4,NA
3,"Supercopa","Supercopa Endesa","https://static.acb.com/img/14/39/3/27868634006.png","https://static.acb.com/img/1c/1a/3d/27940034120.png",91,2026,103,105681,20204133,20204133,20204133,"Alejandro  Reyes Abad","Álex Reyes","A. Reyes","Reyes",202,FALSE,202,NA,4482,3417,"Asisa Joventut","Asisa Joventut","JOV",21501,112,"Entra Pista","Substitution - In","18",TRUE,1,0,19,00:00:19,20,22,0,0,65985,1,2,1,1,0,0,1,0,1,0,0,0,1,5,NA
3,"Supercopa","Supercopa Endesa","https://static.acb.com/img/14/39/3/27868634006.png","https://static.acb.com/img/1c/1a/3d/27940034120.png",91,2026,103,105681,30001229,30001229,21101034,"Eli John Ndiaye Faye","Eli Ndiaye","E. Ndiaye","Ndiaye",202,FALSE,202,NA,4482,3417,"Asisa Joventut","Asisa Joventut","JOV",21601,112,"Entra Pista","Substitution - In","4",TRUE,1,0,19,00:00:19,20,22,0,0,65985,0,0,0,1,0,0,0,0,0,0,0,1,0,0,NA
3,"Supercopa","Supercopa Endesa","https://static.acb.com/img/14/39/3/27868634006.png","https://static.acb.com/img/1c/1a/3d/27940034120.png",91,2026,103,105681,30005464,30005464,21104932,"Kenneth Bernard Faried Lewis","Kenneth Faried","K. Faried","Faried",202,FALSE,202,NA,4484,3418,"Kosner Baskonia","Kosner Baskonia","BKN",21701,115,"Sale Pista","Substitution - Out","35",FALSE,1,0,19,00:00:19,20,22,0,0,65985,0,0,0,3,1,2,3,1,0,1,0,0,1,1,NA
3,"Supercopa","Supercopa Endesa","https://static.acb.com/img/14/39/3/27868634006.png","https://static.acb.com/img/1c/1a/3d/27940034120.png",91,2026,103,105681,30005375,30005375,21104852,"Anthony Randolph Lawson","AJ Lawson","AJ Lawson","Lawson",202,FALSE,202,NA,4484,3418,"Kosner Baskonia","Kosner Baskonia","BKN",21801,115,"Sale Pista","Substitution - Out","1",FALSE,1,0,19,00:00:19,20,22,0,0,65985,1,1,3,3,0,0,2,0,0,2,0,1,0,9,NA
3,"Supercopa","Supercopa Endesa","https://static.acb.com/img/14/39/3/27868634006.png","https://static.acb.com/img/1c/1a/3d/27940034120.png",91,2026,103,105681,30004071,30004071,21103581,"Stefan  Joksimovic ","Stefan Joksimovic","S. Joksimovic","Joksimovic",202,FALSE,202,NA,4484,3418,"Kosner Baskonia","Kosner Baskonia","BKN",21901,112,"Entra Pista","Substitution - In","6",FALSE,1,0,19,00:00:19,20,22,0,0,65985,0,0,0,0,0,0,0,0,0,0,0,0,0,0,NA
3,"Supercopa","Supercopa Endesa","https://static.acb.com/img/14/39/3/27868634006.png","https://static.acb.com/img/1c/1a/3d/27940034120.png",91,2026,103,105681,20211797,20211797,20211797,"Rodions  Kurucs ","Rodions Kurucs","R. Kurucs","Kurucs",202,FALSE,202,NA,4484,3418,"Kosner Baskonia","Kosner Baskonia","BKN",22001,112,"Entra Pista","Substitution - In","7",FALSE,1,0,19,00:00:19,20,22,0,0,65985,0,0,0,0,0,0,0,0,0,0,0,0,1,0,NA
3,"Supercopa","Supercopa Endesa","https://static.acb.com/img/14/39/3/27868634006.png","https://static.acb.com/img/1c/1a/3d/27940034120.png",91,2026,103,105681,30000202,30000202,21100193,"Matteo  Spagnolo ","Matteo Spagnolo","M. Spagnolo","Spagnolo",202,FALSE,202,NA,4484,3418,"Kosner Baskonia","Kosner Baskonia","BKN",22101,92,"Canasta de 1","Free Throw Made","10",FALSE,1,0,19,00:00:19,20,23,0,0,66016,0,0,1,1,1,1,4,2,0,0,0,1,1,3,NA
3,"Supercopa","Supercopa Endesa","https://static.acb.com/img/14/39/3/27868634006.png","https://static.acb.com/img/1c/1a/3d/27940034120.png",91,2026,103,105681,30000202,30000202,21100193,"Matteo  Spagnolo ","Matteo Spagnolo","M. Spagnolo","Spagnolo",202,FALSE,202,NA,4484,3418,"Kosner Baskonia","Kosner Baskonia","BKN",22401,115,"Sale Pista","Substitution - Out","10",FALSE,1,0,19,00:00:19,20,23,0,0,66018,0,0,1,1,1,1,4,2,0,0,0,1,1,3,NA
3,"Supercopa","Supercopa Endesa","https://static.acb.com/img/14/39/3/27868634006.png","https://static.acb.com/img/1c/1a/3d/27940034120.png",91,2026,103,105681,30004878,30004878,21104384,"Kobi Jordan Simmons ","Kobi Simmons","K. Simmons","Simmons",202,FALSE,202,NA,4484,3418,"Kosner Baskonia","Kosner Baskonia","BKN",22501,112,"Entra Pista","Substitution - In","2",FALSE,1,0,19,00:00:19,20,23,0,0,66018,0,0,0,0,2,2,0,2,0,0,0,1,1,2,NA
3,"Supercopa","Supercopa Endesa","https://static.acb.com/img/14/39/3/27868634006.png","https://static.acb.com/img/1c/1a/3d/27940034120.png",91,2026,103,105681,20201871,20201871,20201871,"Ricard  Rubio Vives","Ricky Rubio","R. Rubio","Rubio",202,FALSE,202,NA,4482,3417,"Asisa Joventut","Asisa Joventut","JOV",23201,98,"Intento fallado de 3","3-Point Shot Missed","9",TRUE,1,0,2,00:00:02,20,23,4976,-5428,66041,0,1,2,3,0,0,1,0,0,0,0,0,1,4,NA
3,"Supercopa","Supercopa Endesa","https://static.acb.com/img/14/39/3/27868634006.png","https://static.acb.com/img/1c/1a/3d/27940034120.png",91,2026,103,105681,NA,NA,NA,NA,NA,NA,NA,NA,NA,NA,NA,NA,NA,NA,NA,NA,23301,116,"Final de Periodo","End of the Quarter",NA,FALSE,1,0,0,00:00:00,20,23,0,0,66060,NA,NA,NA,NA,NA,NA,NA,NA,NA,NA,NA,NA,NA,NA,NA
3,"Supercopa","Supercopa Endesa","https://static.acb.com/img/14/39/3/27868634006.png","https://static.acb.com/img/1c/1a/3d/27940034120.png",91,2026,103,105681,NA,NA,NA,NA,NA,NA,NA,NA,NA,NA,NA,NA,NA,NA,NA,NA,23401,121,"Inicio Periodo","Start of the Quarter",NA,FALSE,2,10,0,00:10:00,20,23,0,0,66060,NA,NA,NA,NA,NA,NA,NA,NA,NA,NA,NA,NA,NA,NA,NA
3,"Supercopa","Supercopa Endesa","https://static.acb.com/img/14/39/3/27868634006.png","https://static.acb.com/img/1c/1a/3d/27940034120.png",91,2026,103,105681,30000927,30000927,21100827,"Kwan Treill Cheatham Jr","Kwan Cheatham","K. Cheatham","Cheatham",202,FALSE,202,NA,4482,3417,"Asisa Joventut","Asisa Joventut","JOV",23601,115,"Sale Pista","Substitution - Out","55",TRUE,2,10,0,00:10:00,20,23,0,0,66191,0,0,0,0,0,0,0,0,0,0,1,0,0,0,NA
3,"Supercopa","Supercopa Endesa","https://static.acb.com/img/14/39/3/27868634006.png","https://static.acb.com/img/1c/1a/3d/27940034120.png",91,2026,103,105681,20211947,20211947,20211947,"Nicolas  Laprovittola ","Nico Laprovittola","N. Laprovittola","Laprovittola",202,FALSE,202,NA,4482,3417,"Asisa Joventut","Asisa Joventut","JOV",23701,115,"Sale Pista","Substitution - Out","10",TRUE,2,10,0,00:10:00,20,23,0,0,66191,1,3,2,5,2,2,0,2,1,0,0,0,2,9,NA
3,"Supercopa","Supercopa Endesa","https://static.acb.com/img/14/39/3/27868634006.png","https://static.acb.com/img/1c/1a/3d/27940034120.png",91,2026,103,105681,30005413,30005413,21104890,"Rejean Amor Ellis","Boogie Ellis","B. Ellis","Ellis",202,FALSE,202,NA,4482,3417,"Asisa Joventut","Asisa Joventut","JOV",23801,112,"Entra Pista","Substitution - In","3",TRUE,2,10,0,00:10:00,20,23,0,0,66191,0,0,0,1,0,0,0,0,0,0,0,1,1,0,NA
3,"Supercopa","Supercopa Endesa","https://static.acb.com/img/14/39/3/27868634006.png","https://static.acb.com/img/1c/1a/3d/27940034120.png",91,2026,103,105681,30000095,30000095,21100094,"Yannick Story Kraag ","Yannick Kraag","Y. Kraag","Kraag",202,FALSE,202,NA,4482,3417,"Asisa Joventut","Asisa Joventut","JOV",23901,112,"Entra Pista","Substitution - In","1",TRUE,2,10,0,00:10:00,20,23,0,0,66191,0,0,0,2,0,0,2,0,0,0,0,0,0,0,NA
3,"Supercopa","Supercopa Endesa","https://static.acb.com/img/14/39/3/27868634006.png","https://static.acb.com/img/1c/1a/3d/27940034120.png",91,2026,103,105681,30001957,30001957,21101631,"Markus Anthony Howard ","Markus Howard","M. Howard","Howard",202,FALSE,202,NA,4484,3418,"Kosner Baskonia","Kosner Baskonia","BKN",24001,115,"Sale Pista","Substitution - Out","0",FALSE,2,10,0,00:10:00,20,23,0,0,66191,0,1,0,0,0,0,1,1,0,1,0,0,0,0,NA
3,"Supercopa","Supercopa Endesa","https://static.acb.com/img/14/39/3/27868634006.png","https://static.acb.com/img/1c/1a/3d/27940034120.png",91,2026,103,105681,30005346,30005346,21104824,"Devvajne Stevvart Jr","DJ Stewart Jr","DJ Stewart","Stewart",202,FALSE,202,NA,4484,3418,"Kosner Baskonia","Kosner Baskonia","BKN",24101,112,"Entra Pista","Substitution - In","3",FALSE,2,10,0,00:10:00,20,23,0,0,66191,0,2,0,0,0,0,1,0,0,0,0,1,0,0,NA
3,"Supercopa","Supercopa Endesa","https://static.acb.com/img/14/39/3/27868634006.png","https://static.acb.com/img/1c/1a/3d/27940034120.png",91,2026,103,105681,30004878,30004878,21104384,"Kobi Jordan Simmons ","Kobi Simmons","K. Simmons","Simmons",202,FALSE,202,NA,4484,3418,"Kosner Baskonia","Kosner Baskonia","BKN",24501,98,"Intento fallado de 3","3-Point Shot Missed","2",FALSE,2,9,47,00:09:47,20,23,6008,4030,66240,0,1,0,0,2,2,0,2,0,0,0,1,1,2,NA
3,"Supercopa","Supercopa Endesa","https://static.acb.com/img/14/39/3/27868634006.png","https://static.acb.com/img/1c/1a/3d/27940034120.png",91,2026,103,105681,30005413,30005413,21104890,"Rejean Amor Ellis","Boogie Ellis","B. Ellis","Ellis",202,FALSE,202,NA,4482,3417,"Asisa Joventut","Asisa Joventut","JOV",24601,104,"Rebote Defensivo","Defensive Rebound","3",TRUE,2,9,47,00:09:47,20,23,378,985,66240,0,0,0,1,0,0,1,0,0,0,0,1,1,0,NA
3,"Supercopa","Supercopa Endesa","https://static.acb.com/img/14/39/3/27868634006.png","https://static.acb.com/img/1c/1a/3d/27940034120.png",91,2026,103,105681,20201871,20201871,20201871,"Ricard  Rubio Vives","Ricky Rubio","R. Rubio","Rubio",202,FALSE,202,NA,4482,3417,"Asisa Joventut","Asisa Joventut","JOV",24801,106,"Pérdida","Turnover","9",TRUE,2,9,28,00:09:28,20,23,0,0,66261,0,1,2,3,0,0,1,0,0,1,0,0,1,4,NA
3,"Supercopa","Supercopa Endesa","https://static.acb.com/img/14/39/3/27868634006.png","https://static.acb.com/img/1c/1a/3d/27940034120.png",91,2026,103,105681,20211797,20211797,20211797,"Rodions  Kurucs ","Rodions Kurucs","R. Kurucs","Kurucs",202,FALSE,202,NA,4484,3418,"Kosner Baskonia","Kosner Baskonia","BKN",25101,98,"Intento fallado de 3","3-Point Shot Missed","7",FALSE,2,9,9,00:09:09,20,23,4856,5462,66282,0,1,0,0,0,0,0,0,0,0,0,0,1,0,NA
3,"Supercopa","Supercopa Endesa","https://static.acb.com/img/14/39/3/27868634006.png","https://static.acb.com/img/1c/1a/3d/27940034120.png",91,2026,103,105681,20210830,20210830,20210830,"Tadas Sedekerskis","Tadas Sedekerskis","T. Sedekerskis","Sedekerskis",202,FALSE,202,NA,4484,3418,"Kosner Baskonia","Kosner Baskonia","BKN",25201,101,"Rebote Ofensivo","Offensive Rebound","8",FALSE,2,9,9,00:09:09,20,23,123,-333,66282,0,0,1,2,0,1,3,0,0,0,0,0,2,2,NA
3,"Supercopa","Supercopa Endesa","https://static.acb.com/img/14/39/3/27868634006.png","https://static.acb.com/img/1c/1a/3d/27940034120.png",91,2026,103,105681,20210830,20210830,20210830,"Tadas Sedekerskis","Tadas Sedekerskis","T. Sedekerskis","Sedekerskis",202,FALSE,202,NA,4484,3418,"Kosner Baskonia","Kosner Baskonia","BKN",25301,97,"Intento fallado de 2","2-Point Shot Missed","8",FALSE,2,9,4,00:09:04,20,23,316,-660,66286,0,0,1,3,0,1,3,0,0,0,0,0,2,2,NA
3,"Supercopa","Supercopa Endesa","https://static.acb.com/img/14/39/3/27868634006.png","https://static.acb.com/img/1c/1a/3d/27940034120.png",91,2026,103,105681,20210830,20210830,20210830,"Tadas Sedekerskis","Tadas Sedekerskis","T. Sedekerskis","Sedekerskis",202,FALSE,202,NA,4484,3418,"Kosner Baskonia","Kosner Baskonia","BKN",25401,101,"Rebote Ofensivo","Offensive Rebound","8",FALSE,2,9,4,00:09:04,20,23,0,-453,66286,0,0,1,3,0,1,4,0,0,0,0,0,2,2,NA
3,"Supercopa","Supercopa Endesa","https://static.acb.com/img/14/39/3/27868634006.png","https://static.acb.com/img/1c/1a/3d/27940034120.png",91,2026,103,105681,30004878,30004878,21104384,"Kobi Jordan Simmons ","Kobi Simmons","K. Simmons","Simmons",202,FALSE,202,NA,4484,3418,"Kosner Baskonia","Kosner Baskonia","BKN",25501,94,"Canasta de 3","3-Point Shot Made","2",FALSE,2,9,0,00:09:00,20,26,6042,-4074,66290,1,2,0,0,2,2,0,2,0,0,0,1,1,5,NA
3,"Supercopa","Supercopa Endesa","https://static.acb.com/img/14/39/3/27868634006.png","https://static.acb.com/img/1c/1a/3d/27940034120.png",91,2026,103,105681,20210830,20210830,20210830,"Tadas Sedekerskis","Tadas Sedekerskis","T. Sedekerskis","Sedekerskis",202,FALSE,202,NA,4484,3418,"Kosner Baskonia","Kosner Baskonia","BKN",25601,108,"Asistencia tiro de 3","Assist 3-Point Shot","8",FALSE,2,9,0,00:09:00,20,26,0,0,66290,0,0,1,3,0,1,4,1,0,0,0,0,2,2,NA
3,"Supercopa","Supercopa Endesa","https://static.acb.com/img/14/39/3/27868634006.png","https://static.acb.com/img/1c/1a/3d/27940034120.png",91,2026,103,105681,30005413,30005413,21104890,"Rejean Amor Ellis","Boogie Ellis","B. Ellis","Ellis",202,FALSE,202,NA,4482,3417,"Asisa Joventut","Asisa Joventut","JOV",25901,94,"Canasta de 3","3-Point Shot Made","3",TRUE,2,8,35,00:08:35,23,26,5213,-5289,66333,1,1,0,1,0,0,1,0,0,0,0,1,1,3,NA
3,"Supercopa","Supercopa Endesa","https://static.acb.com/img/14/39/3/27868634006.png","https://static.acb.com/img/1c/1a/3d/27940034120.png",91,2026,103,105681,20204133,20204133,20204133,"Alejandro  Reyes Abad","Álex Reyes","A. Reyes","Reyes",202,FALSE,202,NA,4482,3417,"Asisa Joventut","Asisa Joventut","JOV",26001,108,"Asistencia tiro de 3","Assist 3-Point Shot","18",TRUE,2,8,35,00:08:35,23,26,0,0,66333,1,2,1,1,0,0,1,1,1,0,0,0,1,5,NA
3,"Supercopa","Supercopa Endesa","https://static.acb.com/img/14/39/3/27868634006.png","https://static.acb.com/img/1c/1a/3d/27940034120.png",91,2026,103,105681,20204133,20204133,20204133,"Alejandro  Reyes Abad","Álex Reyes","A. Reyes","Reyes",202,FALSE,202,NA,4482,3417,"Asisa Joventut","Asisa Joventut","JOV",26201,161,"Personal 2TL","Foul 2FT","18",TRUE,2,8,21,00:08:21,23,26,0,0,66354,1,2,1,1,0,0,1,1,1,0,0,1,1,5,NA
3,"Supercopa","Supercopa Endesa","https://static.acb.com/img/14/39/3/27868634006.png","https://static.acb.com/img/1c/1a/3d/27940034120.png",91,2026,103,105681,20211797,20211797,20211797,"Rodions  Kurucs ","Rodions Kurucs","R. Kurucs","Kurucs",202,FALSE,202,NA,4484,3418,"Kosner Baskonia","Kosner Baskonia","BKN",26301,110,"Falta recibida","Foul Received","7",FALSE,2,8,21,00:08:21,23,26,0,0,66354,0,1,0,0,0,0,0,0,0,0,0,0,2,0,NA
3,"Supercopa","Supercopa Endesa","https://static.acb.com/img/14/39/3/27868634006.png","https://static.acb.com/img/1c/1a/3d/27940034120.png",91,2026,103,105681,30004878,30004878,21104384,"Kobi Jordan Simmons ","Kobi Simmons","K. Simmons","Simmons",202,FALSE,202,NA,4484,3418,"Kosner Baskonia","Kosner Baskonia","BKN",26401,119,"Asistencia Falta Recibida","Assist Foul Received","2",FALSE,2,8,21,00:08:21,23,26,0,0,66354,1,2,0,0,2,2,0,3,0,0,0,1,1,5,NA
3,"Supercopa","Supercopa Endesa","https://static.acb.com/img/14/39/3/27868634006.png","https://static.acb.com/img/1c/1a/3d/27940034120.png",91,2026,103,105681,20210830,20210830,20210830,"Tadas Sedekerskis","Tadas Sedekerskis","T. Sedekerskis","Sedekerskis",202,FALSE,202,NA,4484,3418,"Kosner Baskonia","Kosner Baskonia","BKN",26601,115,"Sale Pista","Substitution - Out","8",FALSE,2,8,21,00:08:21,23,26,0,0,66359,0,0,1,3,0,1,4,1,0,0,0,0,2,2,NA
3,"Supercopa","Supercopa Endesa","https://static.acb.com/img/14/39/3/27868634006.png","https://static.acb.com/img/1c/1a/3d/27940034120.png",91,2026,103,105681,30003966,30003966,21103485,"Christopher  Theoret Duarte","Chris Duarte","C. Duarte","Duarte",202,FALSE,202,NA,4484,3418,"Kosner Baskonia","Kosner Baskonia","BKN",26701,112,"Entra Pista","Substitution - In","5",FALSE,2,8,21,00:08:21,23,26,0,0,66359,1,1,0,0,0,0,0,0,0,1,0,0,0,3,NA
3,"Supercopa","Supercopa Endesa","https://static.acb.com/img/14/39/3/27868634006.png","https://static.acb.com/img/1c/1a/3d/27940034120.png",91,2026,103,105681,30000095,30000095,21100094,"Yannick Story Kraag ","Yannick Kraag","Y. Kraag","Kraag",202,FALSE,202,NA,4482,3417,"Asisa Joventut","Asisa Joventut","JOV",26901,115,"Sale Pista","Substitution - Out","1",TRUE,2,8,21,00:08:21,23,26,0,0,66371,0,0,0,2,0,0,2,0,0,0,0,0,0,0,NA
3,"Supercopa","Supercopa Endesa","https://static.acb.com/img/14/39/3/27868634006.png","https://static.acb.com/img/1c/1a/3d/27940034120.png",91,2026,103,105681,20210828,20210828,20210828,"Emir  Sulejmanovic ","Emir Sulejmanovic","E. Sulejmanovic","Sulejmanovic",202,FALSE,202,NA,4482,3417,"Asisa Joventut","Asisa Joventut","JOV",27001,112,"Entra Pista","Substitution - In","19",TRUE,2,8,21,00:08:21,23,26,0,0,66371,0,0,0,0,0,0,0,0,0,0,0,2,0,0,NA
3,"Supercopa","Supercopa Endesa","https://static.acb.com/img/14/39/3/27868634006.png","https://static.acb.com/img/1c/1a/3d/27940034120.png",91,2026,103,105681,20211797,20211797,20211797,"Rodions  Kurucs ","Rodions Kurucs","R. Kurucs","Kurucs",202,FALSE,202,NA,4484,3418,"Kosner Baskonia","Kosner Baskonia","BKN",27101,92,"Canasta de 1","Free Throw Made","7",FALSE,2,8,21,00:08:21,23,27,0,0,66390,0,1,0,0,1,1,0,0,0,0,0,0,2,1,NA
3,"Supercopa","Supercopa Endesa","https://static.acb.com/img/14/39/3/27868634006.png","https://static.acb.com/img/1c/1a/3d/27940034120.png",91,2026,103,105681,20211797,20211797,20211797,"Rodions  Kurucs ","Rodions Kurucs","R. Kurucs","Kurucs",202,FALSE,202,NA,4484,3418,"Kosner Baskonia","Kosner Baskonia","BKN",27201,96,"Intento fallado de 1","Free Throw Missed","7",FALSE,2,8,21,00:08:21,23,27,0,0,66407,0,1,0,0,1,2,0,0,0,0,0,0,2,1,NA
3,"Supercopa","Supercopa Endesa","https://static.acb.com/img/14/39/3/27868634006.png","https://static.acb.com/img/1c/1a/3d/27940034120.png",91,2026,103,105681,30001229,30001229,21101034,"Eli John Ndiaye Faye","Eli Ndiaye","E. Ndiaye","Ndiaye",202,FALSE,202,NA,4482,3417,"Asisa Joventut","Asisa Joventut","JOV",27301,104,"Rebote Defensivo","Defensive Rebound","4",TRUE,2,8,21,00:08:21,23,27,391,-534,66407,0,0,0,1,0,0,1,0,0,0,0,1,0,0,NA
3,"Supercopa","Supercopa Endesa","https://static.acb.com/img/14/39/3/27868634006.png","https://static.acb.com/img/1c/1a/3d/27940034120.png",91,2026,103,105681,20201871,20201871,20201871,"Ricard  Rubio Vives","Ricky Rubio","R. Rubio","Rubio",202,FALSE,202,NA,4482,3417,"Asisa Joventut","Asisa Joventut","JOV",27701,97,"Intento fallado de 2","2-Point Shot Missed","9",TRUE,2,8,10,00:08:10,23,27,409,-822,66418,0,1,2,4,0,0,1,0,0,1,0,0,1,4,NA
3,"Supercopa","Supercopa Endesa","https://static.acb.com/img/14/39/3/27868634006.png","https://static.acb.com/img/1c/1a/3d/27940034120.png",91,2026,103,105681,30004071,30004071,21103581,"Stefan  Joksimovic ","Stefan Joksimovic","S. Joksimovic","Joksimovic",202,FALSE,202,NA,4484,3418,"Kosner Baskonia","Kosner Baskonia","BKN",27801,104,"Rebote Defensivo","Defensive Rebound","6",FALSE,2,8,10,00:08:10,23,27,34,578,66418,0,0,0,0,0,0,1,0,0,0,0,0,0,0,NA
3,"Supercopa","Supercopa Endesa","https://static.acb.com/img/14/39/3/27868634006.png","https://static.acb.com/img/1c/1a/3d/27940034120.png",91,2026,103,105681,30005413,30005413,21104890,"Rejean Amor Ellis","Boogie Ellis","B. Ellis","Ellis",202,FALSE,202,NA,4482,3417,"Asisa Joventut","Asisa Joventut","JOV",28001,161,"Personal 2TL","Foul 2FT","3",TRUE,2,8,2,00:08:02,23,27,0,0,66433,1,1,0,1,0,0,1,0,0,0,0,2,1,3,NA
3,"Supercopa","Supercopa Endesa","https://static.acb.com/img/14/39/3/27868634006.png","https://static.acb.com/img/1c/1a/3d/27940034120.png",91,2026,103,105681,30005346,30005346,21104824,"Devvajne Stevvart Jr","DJ Stewart Jr","DJ Stewart","Stewart",202,FALSE,202,NA,4484,3418,"Kosner Baskonia","Kosner Baskonia","BKN",28101,110,"Falta recibida","Foul Received","3",FALSE,2,8,2,00:08:02,23,27,0,0,66433,0,2,0,0,0,0,1,0,0,0,0,1,1,0,NA
3,"Supercopa","Supercopa Endesa","https://static.acb.com/img/14/39/3/27868634006.png","https://static.acb.com/img/1c/1a/3d/27940034120.png",91,2026,103,105681,30005346,30005346,21104824,"Devvajne Stevvart Jr","DJ Stewart Jr","DJ Stewart","Stewart",202,FALSE,202,NA,4484,3418,"Kosner Baskonia","Kosner Baskonia","BKN",28201,96,"Intento fallado de 1","Free Throw Missed","3",FALSE,2,8,2,00:08:02,23,27,0,0,66449,0,2,0,0,0,1,1,0,0,0,0,1,1,0,NA
3,"Supercopa","Supercopa Endesa","https://static.acb.com/img/14/39/3/27868634006.png","https://static.acb.com/img/1c/1a/3d/27940034120.png",91,2026,103,105681,30005346,30005346,21104824,"Devvajne Stevvart Jr","DJ Stewart Jr","DJ Stewart","Stewart",202,FALSE,202,NA,4484,3418,"Kosner Baskonia","Kosner Baskonia","BKN",28301,92,"Canasta de 1","Free Throw Made","3",FALSE,2,8,2,00:08:02,23,28,0,0,66460,0,2,0,0,1,2,1,0,0,0,0,1,1,1,NA
3,"Supercopa","Supercopa Endesa","https://static.acb.com/img/14/39/3/27868634006.png","https://static.acb.com/img/1c/1a/3d/27940034120.png",91,2026,103,105681,30004071,30004071,21103581,"Stefan  Joksimovic ","Stefan Joksimovic","S. Joksimovic","Joksimovic",202,FALSE,202,NA,4484,3418,"Kosner Baskonia","Kosner Baskonia","BKN",28701,159,"Personal no TL","Foul No FT","6",FALSE,2,8,0,00:08:00,23,28,0,0,66468,0,0,0,0,0,0,1,0,0,0,0,1,0,0,NA
3,"Supercopa","Supercopa Endesa","https://static.acb.com/img/14/39/3/27868634006.png","https://static.acb.com/img/1c/1a/3d/27940034120.png",91,2026,103,105681,20201871,20201871,20201871,"Ricard  Rubio Vives","Ricky Rubio","R. Rubio","Rubio",202,FALSE,202,NA,4482,3417,"Asisa Joventut","Asisa Joventut","JOV",28801,110,"Falta recibida","Foul Received","9",TRUE,2,8,0,00:08:00,23,28,0,0,66468,0,1,2,4,0,0,1,0,0,1,0,0,2,4,NA
3,"Supercopa","Supercopa Endesa","https://static.acb.com/img/14/39/3/27868634006.png","https://static.acb.com/img/1c/1a/3d/27940034120.png",91,2026,103,105681,30005413,30005413,21104890,"Rejean Amor Ellis","Boogie Ellis","B. Ellis","Ellis",202,FALSE,202,NA,4482,3417,"Asisa Joventut","Asisa Joventut","JOV",29001,97,"Intento fallado de 2","2-Point Shot Missed","3",TRUE,2,7,46,00:07:46,23,28,1875,-248,66494,1,1,0,2,0,0,1,0,0,0,0,2,1,3,NA
3,"Supercopa","Supercopa Endesa","https://static.acb.com/img/14/39/3/27868634006.png","https://static.acb.com/img/1c/1a/3d/27940034120.png",91,2026,103,105681,30001229,30001229,21101034,"Eli John Ndiaye Faye","Eli Ndiaye","E. Ndiaye","Ndiaye",202,FALSE,202,NA,4482,3417,"Asisa Joventut","Asisa Joventut","JOV",29101,101,"Rebote Ofensivo","Offensive Rebound","4",TRUE,2,7,46,00:07:46,23,28,0,-4472,66494,0,0,0,1,0,0,2,0,0,0,0,1,0,0,NA
3,"Supercopa","Supercopa Endesa","https://static.acb.com/img/14/39/3/27868634006.png","https://static.acb.com/img/1c/1a/3d/27940034120.png",91,2026,103,105681,30001229,30001229,21101034,"Eli John Ndiaye Faye","Eli Ndiaye","E. Ndiaye","Ndiaye",202,FALSE,202,NA,4482,3417,"Asisa Joventut","Asisa Joventut","JOV",29301,98,"Intento fallado de 3","3-Point Shot Missed","4",TRUE,2,7,38,00:07:38,23,28,1707,-7087,66501,0,1,0,1,0,0,2,0,0,0,0,1,0,0,NA
3,"Supercopa","Supercopa Endesa","https://static.acb.com/img/14/39/3/27868634006.png","https://static.acb.com/img/1c/1a/3d/27940034120.png",91,2026,103,105681,NA,NA,NA,NA,NA,NA,NA,NA,NA,NA,NA,4482,3417,"Asisa Joventut","Asisa Joventut","JOV",29401,101,"Rebote Ofensivo","Offensive Rebound",NA,TRUE,2,7,38,00:07:38,23,28,0,0,66501,NA,NA,NA,NA,NA,NA,NA,NA,NA,NA,NA,NA,NA,NA,NA
3,"Supercopa","Supercopa Endesa","https://static.acb.com/img/14/39/3/27868634006.png","https://static.acb.com/img/1c/1a/3d/27940034120.png",91,2026,103,105681,20204133,20204133,20204133,"Alejandro  Reyes Abad","Álex Reyes","A. Reyes","Reyes",202,FALSE,202,NA,4482,3417,"Asisa Joventut","Asisa Joventut","JOV",29601,115,"Sale Pista","Substitution - Out","18",TRUE,2,7,34,00:07:34,23,28,0,0,66511,1,2,1,1,0,0,1,1,1,0,0,1,1,5,NA
3,"Supercopa","Supercopa Endesa","https://static.acb.com/img/14/39/3/27868634006.png","https://static.acb.com/img/1c/1a/3d/27940034120.png",91,2026,103,105681,30004053,30004053,21103564,"Isaac  Nogués Gonzalez","Isaac Nogués","I. Nogués","Nogués",202,FALSE,202,NA,4482,3417,"Asisa Joventut","Asisa Joventut","JOV",29701,112,"Entra Pista","Substitution - In","32",TRUE,2,7,34,00:07:34,23,28,0,0,66511,0,0,0,0,0,0,0,0,0,0,0,0,0,0,NA
3,"Supercopa","Supercopa Endesa","https://static.acb.com/img/14/39/3/27868634006.png","https://static.acb.com/img/1c/1a/3d/27940034120.png",91,2026,103,105681,30004053,30004053,21103564,"Isaac  Nogués Gonzalez","Isaac Nogués","I. Nogués","Nogués",202,FALSE,202,NA,4482,3417,"Asisa Joventut","Asisa Joventut","JOV",29901,106,"Pérdida","Turnover","32",TRUE,2,7,19,00:07:19,23,28,0,0,66545,0,0,0,0,0,0,0,0,0,1,0,0,0,0,NA
3,"Supercopa","Supercopa Endesa","https://static.acb.com/img/14/39/3/27868634006.png","https://static.acb.com/img/1c/1a/3d/27940034120.png",91,2026,103,105681,20211797,20211797,20211797,"Rodions  Kurucs ","Rodions Kurucs","R. Kurucs","Kurucs",202,FALSE,202,NA,4484,3418,"Kosner Baskonia","Kosner Baskonia","BKN",30001,103,"Recuperación","Steal","7",FALSE,2,7,19,00:07:19,23,28,0,0,66545,0,1,0,0,1,2,0,0,1,0,0,0,2,1,NA
3,"Supercopa","Supercopa Endesa","https://static.acb.com/img/14/39/3/27868634006.png","https://static.acb.com/img/1c/1a/3d/27940034120.png",91,2026,103,105681,30003966,30003966,21103485,"Christopher  Theoret Duarte","Chris Duarte","C. Duarte","Duarte",202,FALSE,202,NA,4484,3418,"Kosner Baskonia","Kosner Baskonia","BKN",30101,98,"Intento fallado de 3","3-Point Shot Missed","5",FALSE,2,7,3,00:07:03,23,28,3565,6310,66562,1,2,0,0,0,0,0,0,0,1,0,0,0,3,NA
3,"Supercopa","Supercopa Endesa","https://static.acb.com/img/14/39/3/27868634006.png","https://static.acb.com/img/1c/1a/3d/27940034120.png",91,2026,103,105681,20210828,20210828,20210828,"Emir  Sulejmanovic ","Emir Sulejmanovic","E. Sulejmanovic","Sulejmanovic",202,FALSE,202,NA,4482,3417,"Asisa Joventut","Asisa Joventut","JOV",30201,104,"Rebote Defensivo","Defensive Rebound","19",TRUE,2,7,3,00:07:03,23,28,0,258,66562,0,0,0,0,0,0,1,0,0,0,0,2,0,0,NA
3,"Supercopa","Supercopa Endesa","https://static.acb.com/img/14/39/3/27868634006.png","https://static.acb.com/img/1c/1a/3d/27940034120.png",91,2026,103,105681,20201871,20201871,20201871,"Ricard  Rubio Vives","Ricky Rubio","R. Rubio","Rubio",202,FALSE,202,NA,4482,3417,"Asisa Joventut","Asisa Joventut","JOV",30301,106,"Pérdida","Turnover","9",TRUE,2,6,54,00:06:54,23,28,0,0,66570,0,1,2,4,0,0,1,0,0,2,0,0,2,4,NA
3,"Supercopa","Supercopa Endesa","https://static.acb.com/img/14/39/3/27868634006.png","https://static.acb.com/img/1c/1a/3d/27940034120.png",91,2026,103,105681,30004878,30004878,21104384,"Kobi Jordan Simmons ","Kobi Simmons","K. Simmons","Simmons",202,FALSE,202,NA,4484,3418,"Kosner Baskonia","Kosner Baskonia","BKN",30401,103,"Recuperación","Steal","2",FALSE,2,6,54,00:06:54,23,28,0,0,66570,1,2,0,0,2,2,0,3,1,0,0,1,1,5,NA
3,"Supercopa","Supercopa Endesa","https://static.acb.com/img/14/39/3/27868634006.png","https://static.acb.com/img/1c/1a/3d/27940034120.png",91,2026,103,105681,20210828,20210828,20210828,"Emir  Sulejmanovic ","Emir Sulejmanovic","E. Sulejmanovic","Sulejmanovic",202,FALSE,202,NA,4482,3417,"Asisa Joventut","Asisa Joventut","JOV",30601,161,"Personal 2TL","Foul 2FT","19",TRUE,2,6,50,00:06:50,23,28,0,0,66583,0,0,0,0,0,0,1,0,0,0,0,3,0,0,NA
3,"Supercopa","Supercopa Endesa","https://static.acb.com/img/14/39/3/27868634006.png","https://static.acb.com/img/1c/1a/3d/27940034120.png",91,2026,103,105681,30004878,30004878,21104384,"Kobi Jordan Simmons ","Kobi Simmons","K. Simmons","Simmons",202,FALSE,202,NA,4484,3418,"Kosner Baskonia","Kosner Baskonia","BKN",30701,110,"Falta recibida","Foul Received","2",FALSE,2,6,50,00:06:50,23,28,0,0,66583,1,2,0,0,2,2,0,3,1,0,0,1,2,5,NA
3,"Supercopa","Supercopa Endesa","https://static.acb.com/img/14/39/3/27868634006.png","https://static.acb.com/img/1c/1a/3d/27940034120.png",91,2026,103,105681,30004071,30004071,21103581,"Stefan  Joksimovic ","Stefan Joksimovic","S. Joksimovic","Joksimovic",202,FALSE,202,NA,4484,3418,"Kosner Baskonia","Kosner Baskonia","BKN",31001,115,"Sale Pista","Substitution - Out","6",FALSE,2,6,50,00:06:50,23,28,0,0,66592,0,0,0,0,0,0,1,0,0,0,0,1,0,0,NA
3,"Supercopa","Supercopa Endesa","https://static.acb.com/img/14/39/3/27868634006.png","https://static.acb.com/img/1c/1a/3d/27940034120.png",91,2026,103,105681,30005375,30005375,21104852,"Anthony Randolph Lawson","AJ Lawson","AJ Lawson","Lawson",202,FALSE,202,NA,4484,3418,"Kosner Baskonia","Kosner Baskonia","BKN",31101,112,"Entra Pista","Substitution - In","1",FALSE,2,6,50,00:06:50,23,28,0,0,66592,1,1,3,3,0,0,2,0,0,2,0,1,0,9,NA
3,"Supercopa","Supercopa Endesa","https://static.acb.com/img/14/39/3/27868634006.png","https://static.acb.com/img/1c/1a/3d/27940034120.png",91,2026,103,105681,20210828,20210828,20210828,"Emir  Sulejmanovic ","Emir Sulejmanovic","E. Sulejmanovic","Sulejmanovic",202,FALSE,202,NA,4482,3417,"Asisa Joventut","Asisa Joventut","JOV",31301,115,"Sale Pista","Substitution - Out","19",TRUE,2,6,50,00:06:50,23,28,0,0,66599,0,0,0,0,0,0,1,0,0,0,0,3,0,0,NA
3,"Supercopa","Supercopa Endesa","https://static.acb.com/img/14/39/3/27868634006.png","https://static.acb.com/img/1c/1a/3d/27940034120.png",91,2026,103,105681,20212423,20212423,20212423,"Simon Fredrik Stefan Birgander ","Simon Birgander","S. Birgander","Birgander",202,FALSE,202,NA,4482,3417,"Asisa Joventut","Asisa Joventut","JOV",31401,112,"Entra Pista","Substitution - In","35",TRUE,2,6,50,00:06:50,23,28,0,0,66599,0,0,0,0,0,0,6,0,0,0,0,2,0,0,NA
3,"Supercopa","Supercopa Endesa","https://static.acb.com/img/14/39/3/27868634006.png","https://static.acb.com/img/1c/1a/3d/27940034120.png",91,2026,103,105681,30005413,30005413,21104890,"Rejean Amor Ellis","Boogie Ellis","B. Ellis","Ellis",202,FALSE,202,NA,4482,3417,"Asisa Joventut","Asisa Joventut","JOV",31601,115,"Sale Pista","Substitution - Out","3",TRUE,2,6,50,00:06:50,23,28,0,0,66611,1,1,0,2,0,0,1,0,0,0,0,2,1,3,NA
3,"Supercopa","Supercopa Endesa","https://static.acb.com/img/14/39/3/27868634006.png","https://static.acb.com/img/1c/1a/3d/27940034120.png",91,2026,103,105681,30001229,30001229,21101034,"Eli John Ndiaye Faye","Eli Ndiaye","E. Ndiaye","Ndiaye",202,FALSE,202,NA,4482,3417,"Asisa Joventut","Asisa Joventut","JOV",31701,115,"Sale Pista","Substitution - Out","4",TRUE,2,6,50,00:06:50,23,28,0,0,66611,0,1,0,1,0,0,2,0,0,0,0,1,0,0,NA
3,"Supercopa","Supercopa Endesa","https://static.acb.com/img/14/39/3/27868634006.png","https://static.acb.com/img/1c/1a/3d/27940034120.png",91,2026,103,105681,30000927,30000927,21100827,"Kwan Treill Cheatham Jr","Kwan Cheatham","K. Cheatham","Cheatham",202,FALSE,202,NA,4482,3417,"Asisa Joventut","Asisa Joventut","JOV",31801,112,"Entra Pista","Substitution - In","55",TRUE,2,6,50,00:06:50,23,28,0,0,66611,0,0,0,0,0,0,0,0,0,0,1,0,0,0,NA
3,"Supercopa","Supercopa Endesa","https://static.acb.com/img/14/39/3/27868634006.png","https://static.acb.com/img/1c/1a/3d/27940034120.png",91,2026,103,105681,20211947,20211947,20211947,"Nicolas  Laprovittola ","Nico Laprovittola","N. Laprovittola","Laprovittola",202,FALSE,202,NA,4482,3417,"Asisa Joventut","Asisa Joventut","JOV",31901,112,"Entra Pista","Substitution - In","10",TRUE,2,6,50,00:06:50,23,28,0,0,66611,1,3,2,5,2,2,0,2,1,0,0,0,2,9,NA
3,"Supercopa","Supercopa Endesa","https://static.acb.com/img/14/39/3/27868634006.png","https://static.acb.com/img/1c/1a/3d/27940034120.png",91,2026,103,105681,30004878,30004878,21104384,"Kobi Jordan Simmons ","Kobi Simmons","K. Simmons","Simmons",202,FALSE,202,NA,4484,3418,"Kosner Baskonia","Kosner Baskonia","BKN",32001,92,"Canasta de 1","Free Throw Made","2",FALSE,2,6,50,00:06:50,23,29,0,0,66645,1,2,0,0,3,3,0,3,1,0,0,1,2,6,NA
3,"Supercopa","Supercopa Endesa","https://static.acb.com/img/14/39/3/27868634006.png","https://static.acb.com/img/1c/1a/3d/27940034120.png",91,2026,103,105681,30004878,30004878,21104384,"Kobi Jordan Simmons ","Kobi Simmons","K. Simmons","Simmons",202,FALSE,202,NA,4484,3418,"Kosner Baskonia","Kosner Baskonia","BKN",32101,92,"Canasta de 1","Free Throw Made","2",FALSE,2,6,50,00:06:50,23,30,0,0,66656,1,2,0,0,4,4,0,3,1,0,0,1,2,7,NA
3,"Supercopa","Supercopa Endesa","https://static.acb.com/img/14/39/3/27868634006.png","https://static.acb.com/img/1c/1a/3d/27940034120.png",91,2026,103,105681,30004878,30004878,21104384,"Kobi Jordan Simmons ","Kobi Simmons","K. Simmons","Simmons",202,FALSE,202,NA,4484,3418,"Kosner Baskonia","Kosner Baskonia","BKN",32401,115,"Sale Pista","Substitution - Out","2",FALSE,2,6,50,00:06:50,23,30,0,0,66657,1,2,0,0,4,4,0,3,1,0,0,1,2,7,NA
3,"Supercopa","Supercopa Endesa","https://static.acb.com/img/14/39/3/27868634006.png","https://static.acb.com/img/1c/1a/3d/27940034120.png",91,2026,103,105681,30005384,30005384,21104861,"Damion Devon Baugh","Damion Baugh","D. Baugh","Baugh",202,FALSE,202,NA,4484,3418,"Kosner Baskonia","Kosner Baskonia","BKN",32501,112,"Entra Pista","Substitution - In","12",FALSE,2,6,50,00:06:50,23,30,0,0,66657,0,0,0,0,0,0,0,0,0,0,0,1,0,0,NA
3,"Supercopa","Supercopa Endesa","https://static.acb.com/img/14/39/3/27868634006.png","https://static.acb.com/img/1c/1a/3d/27940034120.png",91,2026,103,105681,30005375,30005375,21104852,"Anthony Randolph Lawson","AJ Lawson","AJ Lawson","Lawson",202,FALSE,202,NA,4484,3418,"Kosner Baskonia","Kosner Baskonia","BKN",32901,159,"Personal no TL","Foul No FT","1",FALSE,2,6,44,00:06:44,23,30,0,0,66690,1,1,3,3,0,0,2,0,0,2,0,2,0,9,NA
3,"Supercopa","Supercopa Endesa","https://static.acb.com/img/14/39/3/27868634006.png","https://static.acb.com/img/1c/1a/3d/27940034120.png",91,2026,103,105681,20211947,20211947,20211947,"Nicolas  Laprovittola ","Nico Laprovittola","N. Laprovittola","Laprovittola",202,FALSE,202,NA,4482,3417,"Asisa Joventut","Asisa Joventut","JOV",33001,110,"Falta recibida","Foul Received","10",TRUE,2,6,44,00:06:44,23,30,0,0,66690,1,3,2,5,2,2,0,2,1,0,0,0,3,9,NA
3,"Supercopa","Supercopa Endesa","https://static.acb.com/img/14/39/3/27868634006.png","https://static.acb.com/img/1c/1a/3d/27940034120.png",91,2026,103,105681,20212423,20212423,20212423,"Simon Fredrik Stefan Birgander ","Simon Birgander","S. Birgander","Birgander",202,FALSE,202,NA,4482,3417,"Asisa Joventut","Asisa Joventut","JOV",33301,106,"Pérdida","Turnover","35",TRUE,2,6,34,00:06:34,23,30,0,0,66718,0,0,0,0,0,0,6,0,0,1,0,2,0,0,NA
3,"Supercopa","Supercopa Endesa","https://static.acb.com/img/14/39/3/27868634006.png","https://static.acb.com/img/1c/1a/3d/27940034120.png",91,2026,103,105681,20212423,20212423,20212423,"Simon Fredrik Stefan Birgander ","Simon Birgander","S. Birgander","Birgander",202,FALSE,202,NA,4482,3417,"Asisa Joventut","Asisa Joventut","JOV",33701,161,"Personal 2TL","Foul 2FT","35",TRUE,2,6,19,00:06:19,23,30,0,0,66739,0,0,0,0,0,0,6,0,0,1,0,3,0,0,NA
3,"Supercopa","Supercopa Endesa","https://static.acb.com/img/14/39/3/27868634006.png","https://static.acb.com/img/1c/1a/3d/27940034120.png",91,2026,103,105681,30005346,30005346,21104824,"Devvajne Stevvart Jr","DJ Stewart Jr","DJ Stewart","Stewart",202,FALSE,202,NA,4484,3418,"Kosner Baskonia","Kosner Baskonia","BKN",33801,110,"Falta recibida","Foul Received","3",FALSE,2,6,19,00:06:19,23,30,0,0,66739,0,2,0,0,1,2,1,0,0,0,0,1,2,1,NA
3,"Supercopa","Supercopa Endesa","https://static.acb.com/img/14/39/3/27868634006.png","https://static.acb.com/img/1c/1a/3d/27940034120.png",91,2026,103,105681,NA,NA,NA,NA,NA,NA,NA,NA,NA,NA,NA,4482,3417,"Asisa Joventut","Asisa Joventut","JOV",33901,774,"Tec. Coach CAT1 1TL","Technical Foul Coach CAT1 1FT",NA,TRUE,2,6,19,00:06:19,23,30,0,0,66756,NA,NA,NA,NA,NA,NA,NA,NA,NA,NA,NA,NA,NA,NA,NA
3,"Supercopa","Supercopa Endesa","https://static.acb.com/img/14/39/3/27868634006.png","https://static.acb.com/img/1c/1a/3d/27940034120.png",91,2026,103,105681,30005375,30005375,21104852,"Anthony Randolph Lawson","AJ Lawson","AJ Lawson","Lawson",202,FALSE,202,NA,4484,3418,"Kosner Baskonia","Kosner Baskonia","BKN",34101,115,"Sale Pista","Substitution - Out","1",FALSE,2,6,19,00:06:19,23,30,0,0,66760,1,1,3,3,0,0,2,0,0,2,0,2,0,9,NA
3,"Supercopa","Supercopa Endesa","https://static.acb.com/img/14/39/3/27868634006.png","https://static.acb.com/img/1c/1a/3d/27940034120.png",91,2026,103,105681,30003941,30003941,21103465,"Clement  Frisch ","Clement Frisch","C. Frisch","Frisch",202,FALSE,202,NA,4484,3418,"Kosner Baskonia","Kosner Baskonia","BKN",34201,112,"Entra Pista","Substitution - In","25",FALSE,2,6,19,00:06:19,23,30,0,0,66760,1,3,0,0,0,0,0,0,0,0,0,0,0,3,NA
3,"Supercopa","Supercopa Endesa","https://static.acb.com/img/14/39/3/27868634006.png","https://static.acb.com/img/1c/1a/3d/27940034120.png",91,2026,103,105681,30003966,30003966,21103485,"Christopher  Theoret Duarte","Chris Duarte","C. Duarte","Duarte",202,FALSE,202,NA,4484,3418,"Kosner Baskonia","Kosner Baskonia","BKN",34301,92,"Canasta de 1","Free Throw Made","5",FALSE,2,6,19,00:06:19,23,31,0,0,66780,1,2,0,0,1,1,0,0,0,1,0,0,0,4,NA
3,"Supercopa","Supercopa Endesa","https://static.acb.com/img/14/39/3/27868634006.png","https://static.acb.com/img/1c/1a/3d/27940034120.png",91,2026,103,105681,NA,NA,NA,NA,NA,NA,NA,NA,NA,NA,NA,4482,3417,"Asisa Joventut","Asisa Joventut","JOV",34501,106,"Pérdida","Turnover",NA,TRUE,2,6,19,00:06:19,23,31,0,0,66782,NA,NA,NA,NA,NA,NA,NA,NA,NA,NA,NA,NA,NA,NA,NA
3,"Supercopa","Supercopa Endesa","https://static.acb.com/img/14/39/3/27868634006.png","https://static.acb.com/img/1c/1a/3d/27940034120.png",91,2026,103,105681,20212423,20212423,20212423,"Simon Fredrik Stefan Birgander ","Simon Birgander","S. Birgander","Birgander",202,FALSE,202,NA,4482,3417,"Asisa Joventut","Asisa Joventut","JOV",34701,115,"Sale Pista","Substitution - Out","35",TRUE,2,6,19,00:06:19,23,31,0,0,66787,0,0,0,0,0,0,6,0,0,1,0,3,0,0,NA
3,"Supercopa","Supercopa Endesa","https://static.acb.com/img/14/39/3/27868634006.png","https://static.acb.com/img/1c/1a/3d/27940034120.png",91,2026,103,105681,30001229,30001229,21101034,"Eli John Ndiaye Faye","Eli Ndiaye","E. Ndiaye","Ndiaye",202,FALSE,202,NA,4482,3417,"Asisa Joventut","Asisa Joventut","JOV",34801,112,"Entra Pista","Substitution - In","4",TRUE,2,6,19,00:06:19,23,31,0,0,66787,0,1,0,1,0,0,2,0,0,0,0,1,0,0,NA
3,"Supercopa","Supercopa Endesa","https://static.acb.com/img/14/39/3/27868634006.png","https://static.acb.com/img/1c/1a/3d/27940034120.png",91,2026,103,105681,NA,NA,NA,NA,NA,NA,NA,NA,NA,NA,NA,4482,3417,"Asisa Joventut","Asisa Joventut","JOV",34901,113,"Tiempo Muerto","Timeout",NA,TRUE,2,6,19,00:06:19,23,31,0,0,66796,NA,NA,NA,NA,NA,NA,NA,NA,NA,NA,NA,NA,NA,NA,NA
3,"Supercopa","Supercopa Endesa","https://static.acb.com/img/14/39/3/27868634006.png","https://static.acb.com/img/1c/1a/3d/27940034120.png",91,2026,103,105681,30005346,30005346,21104824,"Devvajne Stevvart Jr","DJ Stewart Jr","DJ Stewart","Stewart",202,FALSE,202,NA,4484,3418,"Kosner Baskonia","Kosner Baskonia","BKN",35101,96,"Intento fallado de 1","Free Throw Missed","3",FALSE,2,6,19,00:06:19,23,31,0,0,66910,0,2,0,0,1,3,1,0,0,0,0,1,2,1,NA
3,"Supercopa","Supercopa Endesa","https://static.acb.com/img/14/39/3/27868634006.png","https://static.acb.com/img/1c/1a/3d/27940034120.png",91,2026,103,105681,30005346,30005346,21104824,"Devvajne Stevvart Jr","DJ Stewart Jr","DJ Stewart","Stewart",202,FALSE,202,NA,4484,3418,"Kosner Baskonia","Kosner Baskonia","BKN",35201,96,"Intento fallado de 1","Free Throw Missed","3",FALSE,2,6,19,00:06:19,23,31,0,0,66925,0,2,0,0,1,4,1,0,0,0,0,1,2,1,NA
3,"Supercopa","Supercopa Endesa","https://static.acb.com/img/14/39/3/27868634006.png","https://static.acb.com/img/1c/1a/3d/27940034120.png",91,2026,103,105681,NA,NA,NA,NA,NA,NA,NA,NA,NA,NA,NA,4482,3417,"Asisa Joventut","Asisa Joventut","JOV",35401,104,"Rebote Defensivo","Defensive Rebound",NA,TRUE,2,6,19,00:06:19,23,31,0,0,66925,NA,NA,NA,NA,NA,NA,NA,NA,NA,NA,NA,NA,NA,NA,NA
3,"Supercopa","Supercopa Endesa","https://static.acb.com/img/14/39/3/27868634006.png","https://static.acb.com/img/1c/1a/3d/27940034120.png",91,2026,103,105681,30005346,30005346,21104824,"Devvajne Stevvart Jr","DJ Stewart Jr","DJ Stewart","Stewart",202,FALSE,202,NA,4484,3418,"Kosner Baskonia","Kosner Baskonia","BKN",35901,159,"Personal no TL","Foul No FT","3",FALSE,2,6,9,00:06:09,23,31,0,0,66943,0,2,0,0,1,4,1,0,0,0,0,2,2,1,NA
3,"Supercopa","Supercopa Endesa","https://static.acb.com/img/14/39/3/27868634006.png","https://static.acb.com/img/1c/1a/3d/27940034120.png",91,2026,103,105681,20211947,20211947,20211947,"Nicolas  Laprovittola ","Nico Laprovittola","N. Laprovittola","Laprovittola",202,FALSE,202,NA,4482,3417,"Asisa Joventut","Asisa Joventut","JOV",36001,110,"Falta recibida","Foul Received","10",TRUE,2,6,9,00:06:09,23,31,0,0,66943,1,3,2,5,2,2,0,2,1,0,0,0,4,9,NA
3,"Supercopa","Supercopa Endesa","https://static.acb.com/img/14/39/3/27868634006.png","https://static.acb.com/img/1c/1a/3d/27940034120.png",91,2026,103,105681,30005346,30005346,21104824,"Devvajne Stevvart Jr","DJ Stewart Jr","DJ Stewart","Stewart",202,FALSE,202,NA,4484,3418,"Kosner Baskonia","Kosner Baskonia","BKN",36201,115,"Sale Pista","Substitution - Out","3",FALSE,2,6,9,00:06:09,23,31,0,0,66957,0,2,0,0,1,4,1,0,0,0,0,2,2,1,NA
3,"Supercopa","Supercopa Endesa","https://static.acb.com/img/14/39/3/27868634006.png","https://static.acb.com/img/1c/1a/3d/27940034120.png",91,2026,103,105681,30000202,30000202,21100193,"Matteo  Spagnolo ","Matteo Spagnolo","M. Spagnolo","Spagnolo",202,FALSE,202,NA,4484,3418,"Kosner Baskonia","Kosner Baskonia","BKN",36301,112,"Entra Pista","Substitution - In","10",FALSE,2,6,9,00:06:09,23,31,0,0,66957,0,0,1,1,1,1,4,2,0,0,0,1,1,3,NA
3,"Supercopa","Supercopa Endesa","https://static.acb.com/img/14/39/3/27868634006.png","https://static.acb.com/img/1c/1a/3d/27940034120.png",91,2026,103,105681,20211947,20211947,20211947,"Nicolas  Laprovittola ","Nico Laprovittola","N. Laprovittola","Laprovittola",202,FALSE,202,NA,4482,3417,"Asisa Joventut","Asisa Joventut","JOV",36501,94,"Canasta de 3","3-Point Shot Made","10",TRUE,2,6,3,00:06:03,26,31,4266,5886,66973,2,4,2,5,2,2,0,2,1,0,0,0,4,12,NA
3,"Supercopa","Supercopa Endesa","https://static.acb.com/img/14/39/3/27868634006.png","https://static.acb.com/img/1c/1a/3d/27940034120.png",91,2026,103,105681,30003966,30003966,21103485,"Christopher  Theoret Duarte","Chris Duarte","C. Duarte","Duarte",202,FALSE,202,NA,4484,3418,"Kosner Baskonia","Kosner Baskonia","BKN",36601,98,"Intento fallado de 3","3-Point Shot Missed","5",FALSE,2,5,36,00:05:36,26,31,6823,-4078,67001,1,3,0,0,1,1,0,0,0,1,0,0,0,4,NA
3,"Supercopa","Supercopa Endesa","https://static.acb.com/img/14/39/3/27868634006.png","https://static.acb.com/img/1c/1a/3d/27940034120.png",91,2026,103,105681,20201871,20201871,20201871,"Ricard  Rubio Vives","Ricky Rubio","R. Rubio","Rubio",202,FALSE,202,NA,4482,3417,"Asisa Joventut","Asisa Joventut","JOV",36701,104,"Rebote Defensivo","Defensive Rebound","9",TRUE,2,5,36,00:05:36,26,31,1031,4067,67001,0,1,2,4,0,0,2,0,0,2,0,0,2,4,NA
3,"Supercopa","Supercopa Endesa","https://static.acb.com/img/14/39/3/27868634006.png","https://static.acb.com/img/1c/1a/3d/27940034120.png",91,2026,103,105681,20211947,20211947,20211947,"Nicolas  Laprovittola ","Nico Laprovittola","N. Laprovittola","Laprovittola",202,FALSE,202,NA,4482,3417,"Asisa Joventut","Asisa Joventut","JOV",37001,106,"Pérdida","Turnover","10",TRUE,2,5,31,00:05:31,26,31,0,0,67017,2,4,2,5,2,2,0,2,1,1,0,0,4,12,NA
3,"Supercopa","Supercopa Endesa","https://static.acb.com/img/14/39/3/27868634006.png","https://static.acb.com/img/1c/1a/3d/27940034120.png",91,2026,103,105681,20211797,20211797,20211797,"Rodions  Kurucs ","Rodions Kurucs","R. Kurucs","Kurucs",202,FALSE,202,NA,4484,3418,"Kosner Baskonia","Kosner Baskonia","BKN",37201,115,"Sale Pista","Substitution - Out","7",FALSE,2,5,31,00:05:31,26,31,0,0,67018,0,1,0,0,1,2,0,0,1,0,0,0,2,1,NA
3,"Supercopa","Supercopa Endesa","https://static.acb.com/img/14/39/3/27868634006.png","https://static.acb.com/img/1c/1a/3d/27940034120.png",91,2026,103,105681,30005464,30005464,21104932,"Kenneth Bernard Faried Lewis","Kenneth Faried","K. Faried","Faried",202,FALSE,202,NA,4484,3418,"Kosner Baskonia","Kosner Baskonia","BKN",37301,112,"Entra Pista","Substitution - In","35",FALSE,2,5,31,00:05:31,26,31,0,0,67018,0,0,0,3,1,2,3,1,0,1,0,0,1,1,NA
3,"Supercopa","Supercopa Endesa","https://static.acb.com/img/14/39/3/27868634006.png","https://static.acb.com/img/1c/1a/3d/27940034120.png",91,2026,103,105681,30005384,30005384,21104861,"Damion Devon Baugh","Damion Baugh","D. Baugh","Baugh",202,FALSE,202,NA,4484,3418,"Kosner Baskonia","Kosner Baskonia","BKN",37701,98,"Intento fallado de 3","3-Point Shot Missed","12",FALSE,2,5,12,00:05:12,26,31,0,-6997,67047,0,1,0,0,0,0,0,0,0,0,0,1,0,0,NA
3,"Supercopa","Supercopa Endesa","https://static.acb.com/img/14/39/3/27868634006.png","https://static.acb.com/img/1c/1a/3d/27940034120.png",91,2026,103,105681,30000927,30000927,21100827,"Kwan Treill Cheatham Jr","Kwan Cheatham","K. Cheatham","Cheatham",202,FALSE,202,NA,4482,3417,"Asisa Joventut","Asisa Joventut","JOV",37801,104,"Rebote Defensivo","Defensive Rebound","55",TRUE,2,5,12,00:05:12,26,31,0,4180,67047,0,0,0,0,0,0,1,0,0,0,1,0,0,0,NA
3,"Supercopa","Supercopa Endesa","https://static.acb.com/img/14/39/3/27868634006.png","https://static.acb.com/img/1c/1a/3d/27940034120.png",91,2026,103,105681,20201871,20201871,20201871,"Ricard  Rubio Vives","Ricky Rubio","R. Rubio","Rubio",202,FALSE,202,NA,4482,3417,"Asisa Joventut","Asisa Joventut","JOV",37901,98,"Intento fallado de 3","3-Point Shot Missed","9",TRUE,2,5,3,00:05:03,26,31,0,-7176,67056,0,2,2,4,0,0,2,0,0,2,0,0,2,4,NA
3,"Supercopa","Supercopa Endesa","https://static.acb.com/img/14/39/3/27868634006.png","https://static.acb.com/img/1c/1a/3d/27940034120.png",91,2026,103,105681,30003966,30003966,21103485,"Christopher  Theoret Duarte","Chris Duarte","C. Duarte","Duarte",202,FALSE,202,NA,4484,3418,"Kosner Baskonia","Kosner Baskonia","BKN",38001,104,"Rebote Defensivo","Defensive Rebound","5",FALSE,2,5,3,00:05:03,26,31,3454,154,67056,1,3,0,0,1,1,1,0,0,1,0,0,0,4,NA
3,"Supercopa","Supercopa Endesa","https://static.acb.com/img/14/39/3/27868634006.png","https://static.acb.com/img/1c/1a/3d/27940034120.png",91,2026,103,105681,30003941,30003941,21103465,"Clement  Frisch ","Clement Frisch","C. Frisch","Frisch",202,FALSE,202,NA,4484,3418,"Kosner Baskonia","Kosner Baskonia","BKN",38101,97,"Intento fallado de 2","2-Point Shot Missed","25",FALSE,2,4,57,00:04:57,26,31,1349,543,67063,1,3,0,1,0,0,0,0,0,0,0,0,0,3,NA
3,"Supercopa","Supercopa Endesa","https://static.acb.com/img/14/39/3/27868634006.png","https://static.acb.com/img/1c/1a/3d/27940034120.png",91,2026,103,105681,30001229,30001229,21101034,"Eli John Ndiaye Faye","Eli Ndiaye","E. Ndiaye","Ndiaye",202,FALSE,202,NA,4482,3417,"Asisa Joventut","Asisa Joventut","JOV",38201,104,"Rebote Defensivo","Defensive Rebound","4",TRUE,2,4,57,00:04:57,26,31,3137,-186,67063,0,1,0,1,0,0,3,0,0,0,0,1,0,0,NA
3,"Supercopa","Supercopa Endesa","https://static.acb.com/img/14/39/3/27868634006.png","https://static.acb.com/img/1c/1a/3d/27940034120.png",91,2026,103,105681,20211947,20211947,20211947,"Nicolas  Laprovittola ","Nico Laprovittola","N. Laprovittola","Laprovittola",202,FALSE,202,NA,4482,3417,"Asisa Joventut","Asisa Joventut","JOV",38301,98,"Intento fallado de 3","3-Point Shot Missed","10",TRUE,2,4,41,00:04:41,26,31,5093,5200,67079,2,5,2,5,2,2,0,2,1,1,0,0,4,12,NA
3,"Supercopa","Supercopa Endesa","https://static.acb.com/img/14/39/3/27868634006.png","https://static.acb.com/img/1c/1a/3d/27940034120.png",91,2026,103,105681,30003966,30003966,21103485,"Christopher  Theoret Duarte","Chris Duarte","C. Duarte","Duarte",202,FALSE,202,NA,4484,3418,"Kosner Baskonia","Kosner Baskonia","BKN",38401,104,"Rebote Defensivo","Defensive Rebound","5",FALSE,2,4,41,00:04:41,26,31,153,-1606,67079,1,3,0,0,1,1,2,0,0,1,0,0,0,4,NA
3,"Supercopa","Supercopa Endesa","https://static.acb.com/img/14/39/3/27868634006.png","https://static.acb.com/img/1c/1a/3d/27940034120.png",91,2026,103,105681,30003941,30003941,21103465,"Clement  Frisch ","Clement Frisch","C. Frisch","Frisch",202,FALSE,202,NA,4484,3418,"Kosner Baskonia","Kosner Baskonia","BKN",38501,98,"Intento fallado de 3","3-Point Shot Missed","25",FALSE,2,4,25,00:04:25,26,31,4492,5827,67094,1,4,0,1,0,0,0,0,0,0,0,0,0,3,NA
3,"Supercopa","Supercopa Endesa","https://static.acb.com/img/14/39/3/27868634006.png","https://static.acb.com/img/1c/1a/3d/27940034120.png",91,2026,103,105681,30000927,30000927,21100827,"Kwan Treill Cheatham Jr","Kwan Cheatham","K. Cheatham","Cheatham",202,FALSE,202,NA,4482,3417,"Asisa Joventut","Asisa Joventut","JOV",38601,104,"Rebote Defensivo","Defensive Rebound","55",TRUE,2,4,25,00:04:25,26,31,4349,642,67094,0,0,0,0,0,0,2,0,0,0,1,0,0,0,NA
3,"Supercopa","Supercopa Endesa","https://static.acb.com/img/14/39/3/27868634006.png","https://static.acb.com/img/1c/1a/3d/27940034120.png",91,2026,103,105681,20201871,20201871,20201871,"Ricard  Rubio Vives","Ricky Rubio","R. Rubio","Rubio",202,FALSE,202,NA,4482,3417,"Asisa Joventut","Asisa Joventut","JOV",38701,98,"Intento fallado de 3","3-Point Shot Missed","9",TRUE,2,4,7,00:04:07,26,31,3204,-6439,67112,0,3,2,4,0,0,2,0,0,2,0,0,2,4,NA
3,"Supercopa","Supercopa Endesa","https://static.acb.com/img/14/39/3/27868634006.png","https://static.acb.com/img/1c/1a/3d/27940034120.png",91,2026,103,105681,30003941,30003941,21103465,"Clement  Frisch ","Clement Frisch","C. Frisch","Frisch",202,FALSE,202,NA,4484,3418,"Kosner Baskonia","Kosner Baskonia","BKN",38801,104,"Rebote Defensivo","Defensive Rebound","25",FALSE,2,4,7,00:04:07,26,31,0,-1405,67112,1,4,0,1,0,0,1,0,0,0,0,0,0,3,NA
3,"Supercopa","Supercopa Endesa","https://static.acb.com/img/14/39/3/27868634006.png","https://static.acb.com/img/1c/1a/3d/27940034120.png",91,2026,103,105681,30003966,30003966,21103485,"Christopher  Theoret Duarte","Chris Duarte","C. Duarte","Duarte",202,FALSE,202,NA,4484,3418,"Kosner Baskonia","Kosner Baskonia","BKN",38901,98,"Intento fallado de 3","3-Point Shot Missed","5",FALSE,2,3,57,00:03:57,26,31,4680,-5657,67122,1,4,0,0,1,1,2,0,0,1,0,0,0,4,NA
3,"Supercopa","Supercopa Endesa","https://static.acb.com/img/14/39/3/27868634006.png","https://static.acb.com/img/1c/1a/3d/27940034120.png",91,2026,103,105681,20201871,20201871,20201871,"Ricard  Rubio Vives","Ricky Rubio","R. Rubio","Rubio",202,FALSE,202,NA,4482,3417,"Asisa Joventut","Asisa Joventut","JOV",39001,104,"Rebote Defensivo","Defensive Rebound","9",TRUE,2,3,57,00:03:57,26,31,89,3664,67122,0,3,2,4,0,0,3,0,0,2,0,0,2,4,NA
3,"Supercopa","Supercopa Endesa","https://static.acb.com/img/14/39/3/27868634006.png","https://static.acb.com/img/1c/1a/3d/27940034120.png",91,2026,103,105681,30001229,30001229,21101034,"Eli John Ndiaye Faye","Eli Ndiaye","E. Ndiaye","Ndiaye",202,FALSE,202,NA,4482,3417,"Asisa Joventut","Asisa Joventut","JOV",39101,100,"Mate","Dunk","4",TRUE,2,3,51,00:03:51,28,31,0,0,67128,0,1,1,2,0,0,3,0,0,0,0,1,0,2,NA
3,"Supercopa","Supercopa Endesa","https://static.acb.com/img/14/39/3/27868634006.png","https://static.acb.com/img/1c/1a/3d/27940034120.png",91,2026,103,105681,20201871,20201871,20201871,"Ricard  Rubio Vives","Ricky Rubio","R. Rubio","Rubio",202,FALSE,202,NA,4482,3417,"Asisa Joventut","Asisa Joventut","JOV",39301,107,"Asistencia tiro de 2","Assist 2-Point Shot","9",TRUE,2,3,51,00:03:51,28,31,0,0,67128,0,3,2,4,0,0,3,1,0,2,0,0,2,4,NA
3,"Supercopa","Supercopa Endesa","https://static.acb.com/img/14/39/3/27868634006.png","https://static.acb.com/img/1c/1a/3d/27940034120.png",91,2026,103,105681,30003966,30003966,21103485,"Christopher  Theoret Duarte","Chris Duarte","C. Duarte","Duarte",202,FALSE,202,NA,4484,3418,"Kosner Baskonia","Kosner Baskonia","BKN",39401,97,"Intento fallado de 2","2-Point Shot Missed","5",FALSE,2,3,31,00:03:31,28,31,84,4243,67148,1,4,0,1,1,1,2,0,0,1,0,0,0,4,NA
3,"Supercopa","Supercopa Endesa","https://static.acb.com/img/14/39/3/27868634006.png","https://static.acb.com/img/1c/1a/3d/27940034120.png",91,2026,103,105681,20201871,20201871,20201871,"Ricard  Rubio Vives","Ricky Rubio","R. Rubio","Rubio",202,FALSE,202,NA,4482,3417,"Asisa Joventut","Asisa Joventut","JOV",39501,104,"Rebote Defensivo","Defensive Rebound","9",TRUE,2,3,31,00:03:31,28,31,2037,1986,67148,0,3,2,4,0,0,4,1,0,2,0,0,2,4,NA
3,"Supercopa","Supercopa Endesa","https://static.acb.com/img/14/39/3/27868634006.png","https://static.acb.com/img/1c/1a/3d/27940034120.png",91,2026,103,105681,20211947,20211947,20211947,"Nicolas  Laprovittola ","Nico Laprovittola","N. Laprovittola","Laprovittola",202,FALSE,202,NA,4482,3417,"Asisa Joventut","Asisa Joventut","JOV",39701,97,"Intento fallado de 2","2-Point Shot Missed","10",TRUE,2,3,21,00:03:21,28,31,389,327,67923,2,5,2,6,2,2,0,2,1,1,0,0,4,12,NA
3,"Supercopa","Supercopa Endesa","https://static.acb.com/img/14/39/3/27868634006.png","https://static.acb.com/img/1c/1a/3d/27940034120.png",91,2026,103,105681,30000202,30000202,21100193,"Matteo  Spagnolo ","Matteo Spagnolo","M. Spagnolo","Spagnolo",202,FALSE,202,NA,4484,3418,"Kosner Baskonia","Kosner Baskonia","BKN",39702,104,"Rebote Defensivo","Defensive Rebound","10",FALSE,2,3,21,00:03:21,28,31,515,260,67923,0,0,1,1,1,1,5,2,0,0,0,1,1,3,NA
3,"Supercopa","Supercopa Endesa","https://static.acb.com/img/14/39/3/27868634006.png","https://static.acb.com/img/1c/1a/3d/27940034120.png",91,2026,103,105681,30004053,30004053,21103564,"Isaac  Nogués Gonzalez","Isaac Nogués","I. Nogués","Nogués",202,FALSE,202,NA,4482,3417,"Asisa Joventut","Asisa Joventut","JOV",39801,161,"Personal 2TL","Foul 2FT","32",TRUE,2,3,20,00:03:20,28,31,0,0,67169,0,0,0,0,0,0,0,0,0,1,0,1,0,0,NA
3,"Supercopa","Supercopa Endesa","https://static.acb.com/img/14/39/3/27868634006.png","https://static.acb.com/img/1c/1a/3d/27940034120.png",91,2026,103,105681,30000202,30000202,21100193,"Matteo  Spagnolo ","Matteo Spagnolo","M. Spagnolo","Spagnolo",202,FALSE,202,NA,4484,3418,"Kosner Baskonia","Kosner Baskonia","BKN",39901,110,"Falta recibida","Foul Received","10",FALSE,2,3,20,00:03:20,28,31,0,0,67169,0,0,1,1,1,1,5,2,0,0,0,1,2,3,NA
3,"Supercopa","Supercopa Endesa","https://static.acb.com/img/14/39/3/27868634006.png","https://static.acb.com/img/1c/1a/3d/27940034120.png",91,2026,103,105681,30000927,30000927,21100827,"Kwan Treill Cheatham Jr","Kwan Cheatham","K. Cheatham","Cheatham",202,FALSE,202,NA,4482,3417,"Asisa Joventut","Asisa Joventut","JOV",40101,115,"Sale Pista","Substitution - Out","55",TRUE,2,3,20,00:03:20,28,31,0,0,67176,0,0,0,0,0,0,2,0,0,0,1,0,0,0,NA
3,"Supercopa","Supercopa Endesa","https://static.acb.com/img/14/39/3/27868634006.png","https://static.acb.com/img/1c/1a/3d/27940034120.png",91,2026,103,105681,20201871,20201871,20201871,"Ricard  Rubio Vives","Ricky Rubio","R. Rubio","Rubio",202,FALSE,202,NA,4482,3417,"Asisa Joventut","Asisa Joventut","JOV",40201,115,"Sale Pista","Substitution - Out","9",TRUE,2,3,20,00:03:20,28,31,0,0,67176,0,3,2,4,0,0,4,1,0,2,0,0,2,4,NA
3,"Supercopa","Supercopa Endesa","https://static.acb.com/img/14/39/3/27868634006.png","https://static.acb.com/img/1c/1a/3d/27940034120.png",91,2026,103,105681,30004053,30004053,21103564,"Isaac  Nogués Gonzalez","Isaac Nogués","I. Nogués","Nogués",202,FALSE,202,NA,4482,3417,"Asisa Joventut","Asisa Joventut","JOV",40301,115,"Sale Pista","Substitution - Out","32",TRUE,2,3,20,00:03:20,28,31,0,0,67176,0,0,0,0,0,0,0,0,0,1,0,1,0,0,NA
3,"Supercopa","Supercopa Endesa","https://static.acb.com/img/14/39/3/27868634006.png","https://static.acb.com/img/1c/1a/3d/27940034120.png",91,2026,103,105681,20210498,20210498,20210498,"Ludvig Erik Hakanson ","Ludde Hakanson","L. Hakanson","Hakanson",202,FALSE,202,NA,4482,3417,"Asisa Joventut","Asisa Joventut","JOV",40401,112,"Entra Pista","Substitution - In","12",TRUE,2,3,20,00:03:20,28,31,0,0,67176,0,3,1,2,0,0,0,0,0,0,0,0,0,2,NA
3,"Supercopa","Supercopa Endesa","https://static.acb.com/img/14/39/3/27868634006.png","https://static.acb.com/img/1c/1a/3d/27940034120.png",91,2026,103,105681,20204133,20204133,20204133,"Alejandro  Reyes Abad","Álex Reyes","A. Reyes","Reyes",202,FALSE,202,NA,4482,3417,"Asisa Joventut","Asisa Joventut","JOV",40501,112,"Entra Pista","Substitution - In","18",TRUE,2,3,20,00:03:20,28,31,0,0,67176,1,2,1,1,0,0,1,1,1,0,0,1,1,5,NA
3,"Supercopa","Supercopa Endesa","https://static.acb.com/img/14/39/3/27868634006.png","https://static.acb.com/img/1c/1a/3d/27940034120.png",91,2026,103,105681,30000095,30000095,21100094,"Yannick Story Kraag ","Yannick Kraag","Y. Kraag","Kraag",202,FALSE,202,NA,4482,3417,"Asisa Joventut","Asisa Joventut","JOV",40601,112,"Entra Pista","Substitution - In","1",TRUE,2,3,20,00:03:20,28,31,0,0,67176,0,0,0,2,0,0,2,0,0,0,0,0,0,0,NA
3,"Supercopa","Supercopa Endesa","https://static.acb.com/img/14/39/3/27868634006.png","https://static.acb.com/img/1c/1a/3d/27940034120.png",91,2026,103,105681,30003941,30003941,21103465,"Clement  Frisch ","Clement Frisch","C. Frisch","Frisch",202,FALSE,202,NA,4484,3418,"Kosner Baskonia","Kosner Baskonia","BKN",40701,115,"Sale Pista","Substitution - Out","25",FALSE,2,3,20,00:03:20,28,31,0,0,67176,1,4,0,1,0,0,1,0,0,0,0,0,0,3,NA
3,"Supercopa","Supercopa Endesa","https://static.acb.com/img/14/39/3/27868634006.png","https://static.acb.com/img/1c/1a/3d/27940034120.png",91,2026,103,105681,30005384,30005384,21104861,"Damion Devon Baugh","Damion Baugh","D. Baugh","Baugh",202,FALSE,202,NA,4484,3418,"Kosner Baskonia","Kosner Baskonia","BKN",40801,115,"Sale Pista","Substitution - Out","12",FALSE,2,3,20,00:03:20,28,31,0,0,67176,0,1,0,0,0,0,0,0,0,0,0,1,0,0,NA
3,"Supercopa","Supercopa Endesa","https://static.acb.com/img/14/39/3/27868634006.png","https://static.acb.com/img/1c/1a/3d/27940034120.png",91,2026,103,105681,30001957,30001957,21101631,"Markus Anthony Howard ","Markus Howard","M. Howard","Howard",202,FALSE,202,NA,4484,3418,"Kosner Baskonia","Kosner Baskonia","BKN",40901,112,"Entra Pista","Substitution - In","0",FALSE,2,3,20,00:03:20,28,31,0,0,67176,0,1,0,0,0,0,1,1,0,1,0,0,0,0,NA
3,"Supercopa","Supercopa Endesa","https://static.acb.com/img/14/39/3/27868634006.png","https://static.acb.com/img/1c/1a/3d/27940034120.png",91,2026,103,105681,20210830,20210830,20210830,"Tadas Sedekerskis","Tadas Sedekerskis","T. Sedekerskis","Sedekerskis",202,FALSE,202,NA,4484,3418,"Kosner Baskonia","Kosner Baskonia","BKN",41001,112,"Entra Pista","Substitution - In","8",FALSE,2,3,20,00:03:20,28,31,0,0,67176,0,0,1,3,0,1,4,1,0,0,0,0,2,2,NA
3,"Supercopa","Supercopa Endesa","https://static.acb.com/img/14/39/3/27868634006.png","https://static.acb.com/img/1c/1a/3d/27940034120.png",91,2026,103,105681,30000202,30000202,21100193,"Matteo  Spagnolo ","Matteo Spagnolo","M. Spagnolo","Spagnolo",202,FALSE,202,NA,4484,3418,"Kosner Baskonia","Kosner Baskonia","BKN",41101,92,"Canasta de 1","Free Throw Made","10",FALSE,2,3,20,00:03:20,28,32,0,0,67205,0,0,1,1,2,2,5,2,0,0,0,1,2,4,NA
3,"Supercopa","Supercopa Endesa","https://static.acb.com/img/14/39/3/27868634006.png","https://static.acb.com/img/1c/1a/3d/27940034120.png",91,2026,103,105681,30000202,30000202,21100193,"Matteo  Spagnolo ","Matteo Spagnolo","M. Spagnolo","Spagnolo",202,FALSE,202,NA,4484,3418,"Kosner Baskonia","Kosner Baskonia","BKN",41201,92,"Canasta de 1","Free Throw Made","10",FALSE,2,3,20,00:03:20,28,33,0,0,67220,0,0,1,1,3,3,5,2,0,0,0,1,2,5,NA
3,"Supercopa","Supercopa Endesa","https://static.acb.com/img/14/39/3/27868634006.png","https://static.acb.com/img/1c/1a/3d/27940034120.png",91,2026,103,105681,30000095,30000095,21100094,"Yannick Story Kraag ","Yannick Kraag","Y. Kraag","Kraag",202,FALSE,202,NA,4482,3417,"Asisa Joventut","Asisa Joventut","JOV",41901,93,"Canasta de 2","2-Point Shot Made","1",TRUE,2,3,11,00:03:11,30,33,0,-639,67232,0,0,1,3,0,0,2,0,0,0,0,0,0,2,NA
3,"Supercopa","Supercopa Endesa","https://static.acb.com/img/14/39/3/27868634006.png","https://static.acb.com/img/1c/1a/3d/27940034120.png",91,2026,103,105681,20211947,20211947,20211947,"Nicolas  Laprovittola ","Nico Laprovittola","N. Laprovittola","Laprovittola",202,FALSE,202,NA,4482,3417,"Asisa Joventut","Asisa Joventut","JOV",42001,107,"Asistencia tiro de 2","Assist 2-Point Shot","10",TRUE,2,3,11,00:03:11,30,33,0,0,67232,2,5,2,6,2,2,0,3,1,1,0,0,4,12,NA
3,"Supercopa","Supercopa Endesa","https://static.acb.com/img/14/39/3/27868634006.png","https://static.acb.com/img/1c/1a/3d/27940034120.png",91,2026,103,105681,30003966,30003966,21103485,"Christopher  Theoret Duarte","Chris Duarte","C. Duarte","Duarte",202,FALSE,202,NA,4484,3418,"Kosner Baskonia","Kosner Baskonia","BKN",42101,93,"Canasta de 2","2-Point Shot Made","5",FALSE,2,2,49,00:02:49,30,35,4428,1441,67254,1,4,1,2,1,1,2,0,0,1,0,0,0,6,NA
3,"Supercopa","Supercopa Endesa","https://static.acb.com/img/14/39/3/27868634006.png","https://static.acb.com/img/1c/1a/3d/27940034120.png",91,2026,103,105681,30003966,30003966,21103485,"Christopher  Theoret Duarte","Chris Duarte","C. Duarte","Duarte",202,FALSE,202,NA,4484,3418,"Kosner Baskonia","Kosner Baskonia","BKN",42401,159,"Personal no TL","Foul No FT","5",FALSE,2,2,28,00:02:28,30,35,0,0,67280,1,4,1,2,1,1,2,0,0,1,0,1,0,6,NA
3,"Supercopa","Supercopa Endesa","https://static.acb.com/img/14/39/3/27868634006.png","https://static.acb.com/img/1c/1a/3d/27940034120.png",91,2026,103,105681,20211947,20211947,20211947,"Nicolas  Laprovittola ","Nico Laprovittola","N. Laprovittola","Laprovittola",202,FALSE,202,NA,4482,3417,"Asisa Joventut","Asisa Joventut","JOV",42501,110,"Falta recibida","Foul Received","10",TRUE,2,2,28,00:02:28,30,35,0,0,67280,2,5,2,6,2,2,0,3,1,1,0,0,5,12,NA
3,"Supercopa","Supercopa Endesa","https://static.acb.com/img/14/39/3/27868634006.png","https://static.acb.com/img/1c/1a/3d/27940034120.png",91,2026,103,105681,20204133,20204133,20204133,"Alejandro  Reyes Abad","Álex Reyes","A. Reyes","Reyes",202,FALSE,202,NA,4482,3417,"Asisa Joventut","Asisa Joventut","JOV",42701,93,"Canasta de 2","2-Point Shot Made","18",TRUE,2,2,26,00:02:26,32,35,173,366,67303,1,2,2,2,0,0,1,1,1,0,0,1,1,7,NA
3,"Supercopa","Supercopa Endesa","https://static.acb.com/img/14/39/3/27868634006.png","https://static.acb.com/img/1c/1a/3d/27940034120.png",91,2026,103,105681,20211947,20211947,20211947,"Nicolas  Laprovittola ","Nico Laprovittola","N. Laprovittola","Laprovittola",202,FALSE,202,NA,4482,3417,"Asisa Joventut","Asisa Joventut","JOV",42801,107,"Asistencia tiro de 2","Assist 2-Point Shot","10",TRUE,2,2,26,00:02:26,32,35,0,0,67303,2,5,2,6,2,2,0,4,1,1,0,0,5,12,NA
3,"Supercopa","Supercopa Endesa","https://static.acb.com/img/14/39/3/27868634006.png","https://static.acb.com/img/1c/1a/3d/27940034120.png",91,2026,103,105681,30000202,30000202,21100193,"Matteo  Spagnolo ","Matteo Spagnolo","M. Spagnolo","Spagnolo",202,FALSE,202,NA,4484,3418,"Kosner Baskonia","Kosner Baskonia","BKN",42901,94,"Canasta de 3","3-Point Shot Made","10",FALSE,2,2,10,00:02:10,32,38,5746,4708,67318,1,1,1,1,3,3,5,2,0,0,0,1,2,8,NA
3,"Supercopa","Supercopa Endesa","https://static.acb.com/img/14/39/3/27868634006.png","https://static.acb.com/img/1c/1a/3d/27940034120.png",91,2026,103,105681,30001229,30001229,21101034,"Eli John Ndiaye Faye","Eli Ndiaye","E. Ndiaye","Ndiaye",202,FALSE,202,NA,4482,3417,"Asisa Joventut","Asisa Joventut","JOV",43001,94,"Canasta de 3","3-Point Shot Made","4",TRUE,2,1,59,00:01:59,35,38,4795,-5306,67329,1,2,1,2,0,0,3,0,0,0,0,1,0,5,NA
3,"Supercopa","Supercopa Endesa","https://static.acb.com/img/14/39/3/27868634006.png","https://static.acb.com/img/1c/1a/3d/27940034120.png",91,2026,103,105681,20211947,20211947,20211947,"Nicolas  Laprovittola ","Nico Laprovittola","N. Laprovittola","Laprovittola",202,FALSE,202,NA,4482,3417,"Asisa Joventut","Asisa Joventut","JOV",43101,108,"Asistencia tiro de 3","Assist 3-Point Shot","10",TRUE,2,1,59,00:01:59,35,38,0,0,67329,2,5,2,6,2,2,0,5,1,1,0,0,5,12,NA
3,"Supercopa","Supercopa Endesa","https://static.acb.com/img/14/39/3/27868634006.png","https://static.acb.com/img/1c/1a/3d/27940034120.png",91,2026,103,105681,30003966,30003966,21103485,"Christopher  Theoret Duarte","Chris Duarte","C. Duarte","Duarte",202,FALSE,202,NA,4484,3418,"Kosner Baskonia","Kosner Baskonia","BKN",43801,115,"Sale Pista","Substitution - Out","5",FALSE,2,1,39,00:01:39,35,38,0,0,67360,1,4,1,2,1,1,2,0,0,1,0,1,0,6,NA
3,"Supercopa","Supercopa Endesa","https://static.acb.com/img/14/39/3/27868634006.png","https://static.acb.com/img/1c/1a/3d/27940034120.png",91,2026,103,105681,30004878,30004878,21104384,"Kobi Jordan Simmons ","Kobi Simmons","K. Simmons","Simmons",202,FALSE,202,NA,4484,3418,"Kosner Baskonia","Kosner Baskonia","BKN",43901,112,"Entra Pista","Substitution - In","2",FALSE,2,1,39,00:01:39,35,38,0,0,67360,1,2,0,0,4,4,0,3,1,0,0,1,2,7,NA
3,"Supercopa","Supercopa Endesa","https://static.acb.com/img/14/39/3/27868634006.png","https://static.acb.com/img/1c/1a/3d/27940034120.png",91,2026,103,105681,30001229,30001229,21101034,"Eli John Ndiaye Faye","Eli Ndiaye","E. Ndiaye","Ndiaye",202,FALSE,202,NA,4482,3417,"Asisa Joventut","Asisa Joventut","JOV",44301,161,"Personal 2TL","Foul 2FT","4",TRUE,2,1,38,00:01:38,35,38,0,0,67397,1,2,1,2,0,0,3,0,0,0,0,2,0,5,NA
3,"Supercopa","Supercopa Endesa","https://static.acb.com/img/14/39/3/27868634006.png","https://static.acb.com/img/1c/1a/3d/27940034120.png",91,2026,103,105681,30005464,30005464,21104932,"Kenneth Bernard Faried Lewis","Kenneth Faried","K. Faried","Faried",202,FALSE,202,NA,4484,3418,"Kosner Baskonia","Kosner Baskonia","BKN",44401,110,"Falta recibida","Foul Received","35",FALSE,2,1,38,00:01:38,35,38,0,0,67397,0,0,0,3,1,2,3,1,0,1,0,0,2,1,NA
3,"Supercopa","Supercopa Endesa","https://static.acb.com/img/14/39/3/27868634006.png","https://static.acb.com/img/1c/1a/3d/27940034120.png",91,2026,103,105681,30004878,30004878,21104384,"Kobi Jordan Simmons ","Kobi Simmons","K. Simmons","Simmons",202,FALSE,202,NA,4484,3418,"Kosner Baskonia","Kosner Baskonia","BKN",44501,119,"Asistencia Falta Recibida","Assist Foul Received","2",FALSE,2,1,38,00:01:38,35,38,0,0,67397,1,2,0,0,4,4,0,4,1,0,0,1,2,7,NA
3,"Supercopa","Supercopa Endesa","https://static.acb.com/img/14/39/3/27868634006.png","https://static.acb.com/img/1c/1a/3d/27940034120.png",91,2026,103,105681,30005464,30005464,21104932,"Kenneth Bernard Faried Lewis","Kenneth Faried","K. Faried","Faried",202,FALSE,202,NA,4484,3418,"Kosner Baskonia","Kosner Baskonia","BKN",44601,96,"Intento fallado de 1","Free Throw Missed","35",FALSE,2,1,38,00:01:38,35,38,0,0,67433,0,0,0,3,1,3,3,1,0,1,0,0,2,1,NA
3,"Supercopa","Supercopa Endesa","https://static.acb.com/img/14/39/3/27868634006.png","https://static.acb.com/img/1c/1a/3d/27940034120.png",91,2026,103,105681,30005464,30005464,21104932,"Kenneth Bernard Faried Lewis","Kenneth Faried","K. Faried","Faried",202,FALSE,202,NA,4484,3418,"Kosner Baskonia","Kosner Baskonia","BKN",44701,92,"Canasta de 1","Free Throw Made","35",FALSE,2,1,38,00:01:38,35,39,0,0,67450,0,0,0,3,2,4,3,1,0,1,0,0,2,2,NA
3,"Supercopa","Supercopa Endesa","https://static.acb.com/img/14/39/3/27868634006.png","https://static.acb.com/img/1c/1a/3d/27940034120.png",91,2026,103,105681,NA,NA,NA,NA,NA,NA,NA,NA,NA,NA,NA,4482,3417,"Asisa Joventut","Asisa Joventut","JOV",44901,113,"Tiempo Muerto","Timeout",NA,TRUE,2,1,38,00:01:38,35,39,0,0,67453,NA,NA,NA,NA,NA,NA,NA,NA,NA,NA,NA,NA,NA,NA,NA
3,"Supercopa","Supercopa Endesa","https://static.acb.com/img/14/39/3/27868634006.png","https://static.acb.com/img/1c/1a/3d/27940034120.png",91,2026,103,105681,20210498,20210498,20210498,"Ludvig Erik Hakanson ","Ludde Hakanson","L. Hakanson","Hakanson",202,FALSE,202,NA,4482,3417,"Asisa Joventut","Asisa Joventut","JOV",45101,115,"Sale Pista","Substitution - Out","12",TRUE,2,1,38,00:01:38,35,39,0,0,67521,0,3,1,2,0,0,0,0,0,0,0,0,0,2,NA
3,"Supercopa","Supercopa Endesa","https://static.acb.com/img/14/39/3/27868634006.png","https://static.acb.com/img/1c/1a/3d/27940034120.png",91,2026,103,105681,20201871,20201871,20201871,"Ricard  Rubio Vives","Ricky Rubio","R. Rubio","Rubio",202,FALSE,202,NA,4482,3417,"Asisa Joventut","Asisa Joventut","JOV",45201,112,"Entra Pista","Substitution - In","9",TRUE,2,1,38,00:01:38,35,39,0,0,67521,0,3,2,4,0,0,4,1,0,2,0,0,2,4,NA
3,"Supercopa","Supercopa Endesa","https://static.acb.com/img/14/39/3/27868634006.png","https://static.acb.com/img/1c/1a/3d/27940034120.png",91,2026,103,105681,30005464,30005464,21104932,"Kenneth Bernard Faried Lewis","Kenneth Faried","K. Faried","Faried",202,FALSE,202,NA,4484,3418,"Kosner Baskonia","Kosner Baskonia","BKN",45301,115,"Sale Pista","Substitution - Out","35",FALSE,2,1,38,00:01:38,35,39,0,0,67521,0,0,0,3,2,4,3,1,0,1,0,0,2,2,NA
3,"Supercopa","Supercopa Endesa","https://static.acb.com/img/14/39/3/27868634006.png","https://static.acb.com/img/1c/1a/3d/27940034120.png",91,2026,103,105681,20211797,20211797,20211797,"Rodions  Kurucs ","Rodions Kurucs","R. Kurucs","Kurucs",202,FALSE,202,NA,4484,3418,"Kosner Baskonia","Kosner Baskonia","BKN",45401,112,"Entra Pista","Substitution - In","7",FALSE,2,1,38,00:01:38,35,39,0,0,67521,0,1,0,0,1,2,0,0,1,0,0,0,2,1,NA
3,"Supercopa","Supercopa Endesa","https://static.acb.com/img/14/39/3/27868634006.png","https://static.acb.com/img/1c/1a/3d/27940034120.png",91,2026,103,105681,30000095,30000095,21100094,"Yannick Story Kraag ","Yannick Kraag","Y. Kraag","Kraag",202,FALSE,202,NA,4482,3417,"Asisa Joventut","Asisa Joventut","JOV",45801,98,"Intento fallado de 3","3-Point Shot Missed","1",TRUE,2,1,25,00:01:25,35,39,5446,4918,67582,0,1,1,3,0,0,2,0,0,0,0,0,0,2,NA
3,"Supercopa","Supercopa Endesa","https://static.acb.com/img/14/39/3/27868634006.png","https://static.acb.com/img/1c/1a/3d/27940034120.png",91,2026,103,105681,30004878,30004878,21104384,"Kobi Jordan Simmons ","Kobi Simmons","K. Simmons","Simmons",202,FALSE,202,NA,4484,3418,"Kosner Baskonia","Kosner Baskonia","BKN",45901,104,"Rebote Defensivo","Defensive Rebound","2",FALSE,2,1,25,00:01:25,35,39,210,3040,67582,1,2,0,0,4,4,1,4,1,0,0,1,2,7,NA
3,"Supercopa","Supercopa Endesa","https://static.acb.com/img/14/39/3/27868634006.png","https://static.acb.com/img/1c/1a/3d/27940034120.png",91,2026,103,105681,30001957,30001957,21101631,"Markus Anthony Howard ","Markus Howard","M. Howard","Howard",202,FALSE,202,NA,4484,3418,"Kosner Baskonia","Kosner Baskonia","BKN",46001,97,"Intento fallado de 2","2-Point Shot Missed","0",FALSE,2,1,6,00:01:06,35,39,1404,301,67601,0,1,0,1,0,0,1,1,0,1,0,0,0,0,NA
3,"Supercopa","Supercopa Endesa","https://static.acb.com/img/14/39/3/27868634006.png","https://static.acb.com/img/1c/1a/3d/27940034120.png",91,2026,103,105681,20201871,20201871,20201871,"Ricard  Rubio Vives","Ricky Rubio","R. Rubio","Rubio",202,FALSE,202,NA,4482,3417,"Asisa Joventut","Asisa Joventut","JOV",46101,104,"Rebote Defensivo","Defensive Rebound","9",TRUE,2,1,6,00:01:06,35,39,235,-1961,67601,0,3,2,4,0,0,5,1,0,2,0,0,2,4,NA
3,"Supercopa","Supercopa Endesa","https://static.acb.com/img/14/39/3/27868634006.png","https://static.acb.com/img/1c/1a/3d/27940034120.png",91,2026,103,105681,20204133,20204133,20204133,"Alejandro  Reyes Abad","Álex Reyes","A. Reyes","Reyes",202,FALSE,202,NA,4482,3417,"Asisa Joventut","Asisa Joventut","JOV",46201,98,"Intento fallado de 3","3-Point Shot Missed","18",TRUE,2,0,58,00:00:58,35,39,3104,-6401,67608,1,3,2,2,0,0,1,1,1,0,0,1,1,7,NA
3,"Supercopa","Supercopa Endesa","https://static.acb.com/img/14/39/3/27868634006.png","https://static.acb.com/img/1c/1a/3d/27940034120.png",91,2026,103,105681,30000202,30000202,21100193,"Matteo  Spagnolo ","Matteo Spagnolo","M. Spagnolo","Spagnolo",202,FALSE,202,NA,4484,3418,"Kosner Baskonia","Kosner Baskonia","BKN",46301,104,"Rebote Defensivo","Defensive Rebound","10",FALSE,2,0,58,00:00:58,35,39,4841,3179,67608,1,1,1,1,3,3,6,2,0,0,0,1,2,8,NA
3,"Supercopa","Supercopa Endesa","https://static.acb.com/img/14/39/3/27868634006.png","https://static.acb.com/img/1c/1a/3d/27940034120.png",91,2026,103,105681,30000202,30000202,21100193,"Matteo  Spagnolo ","Matteo Spagnolo","M. Spagnolo","Spagnolo",202,FALSE,202,NA,4484,3418,"Kosner Baskonia","Kosner Baskonia","BKN",46401,106,"Pérdida","Turnover","10",FALSE,2,0,54,00:00:54,35,39,0,0,67613,1,1,1,1,3,3,6,2,0,1,0,1,2,8,NA
3,"Supercopa","Supercopa Endesa","https://static.acb.com/img/14/39/3/27868634006.png","https://static.acb.com/img/1c/1a/3d/27940034120.png",91,2026,103,105681,30000095,30000095,21100094,"Yannick Story Kraag ","Yannick Kraag","Y. Kraag","Kraag",202,FALSE,202,NA,4482,3417,"Asisa Joventut","Asisa Joventut","JOV",46501,103,"Recuperación","Steal","1",TRUE,2,0,54,00:00:54,35,39,0,0,67613,0,1,1,3,0,0,2,0,1,0,0,0,0,2,NA
3,"Supercopa","Supercopa Endesa","https://static.acb.com/img/14/39/3/27868634006.png","https://static.acb.com/img/1c/1a/3d/27940034120.png",91,2026,103,105681,30001229,30001229,21101034,"Eli John Ndiaye Faye","Eli Ndiaye","E. Ndiaye","Ndiaye",202,FALSE,202,NA,4482,3417,"Asisa Joventut","Asisa Joventut","JOV",46901,115,"Sale Pista","Substitution - Out","4",TRUE,2,0,49,00:00:49,35,39,0,0,67647,1,2,1,2,0,0,3,0,0,0,0,2,0,5,NA
3,"Supercopa","Supercopa Endesa","https://static.acb.com/img/14/39/3/27868634006.png","https://static.acb.com/img/1c/1a/3d/27940034120.png",91,2026,103,105681,30000927,30000927,21100827,"Kwan Treill Cheatham Jr","Kwan Cheatham","K. Cheatham","Cheatham",202,FALSE,202,NA,4482,3417,"Asisa Joventut","Asisa Joventut","JOV",47001,112,"Entra Pista","Substitution - In","55",TRUE,2,0,49,00:00:49,35,39,0,0,67647,0,0,0,0,0,0,2,0,0,0,1,0,0,0,NA
3,"Supercopa","Supercopa Endesa","https://static.acb.com/img/14/39/3/27868634006.png","https://static.acb.com/img/1c/1a/3d/27940034120.png",91,2026,103,105681,20201871,20201871,20201871,"Ricard  Rubio Vives","Ricky Rubio","R. Rubio","Rubio",202,FALSE,202,NA,4482,3417,"Asisa Joventut","Asisa Joventut","JOV",47301,93,"Canasta de 2","2-Point Shot Made","9",TRUE,2,0,42,00:00:42,37,39,181,-579,67677,0,3,3,5,0,0,5,1,0,2,0,0,2,6,NA
3,"Supercopa","Supercopa Endesa","https://static.acb.com/img/14/39/3/27868634006.png","https://static.acb.com/img/1c/1a/3d/27940034120.png",91,2026,103,105681,30001957,30001957,21101631,"Markus Anthony Howard ","Markus Howard","M. Howard","Howard",202,FALSE,202,NA,4484,3418,"Kosner Baskonia","Kosner Baskonia","BKN",47401,160,"Personal 1TL","Foul 1FT","0",FALSE,2,0,42,00:00:42,37,39,0,0,67682,0,1,0,1,0,0,1,1,0,1,0,1,0,0,NA
3,"Supercopa","Supercopa Endesa","https://static.acb.com/img/14/39/3/27868634006.png","https://static.acb.com/img/1c/1a/3d/27940034120.png",91,2026,103,105681,20201871,20201871,20201871,"Ricard  Rubio Vives","Ricky Rubio","R. Rubio","Rubio",202,FALSE,202,NA,4482,3417,"Asisa Joventut","Asisa Joventut","JOV",47501,110,"Falta recibida","Foul Received","9",TRUE,2,0,42,00:00:42,37,39,0,0,67682,0,3,3,5,0,0,5,1,0,2,0,0,3,6,NA
3,"Supercopa","Supercopa Endesa","https://static.acb.com/img/14/39/3/27868634006.png","https://static.acb.com/img/1c/1a/3d/27940034120.png",91,2026,103,105681,20201871,20201871,20201871,"Ricard  Rubio Vives","Ricky Rubio","R. Rubio","Rubio",202,FALSE,202,NA,4482,3417,"Asisa Joventut","Asisa Joventut","JOV",47601,92,"Canasta de 1","Free Throw Made","9",TRUE,2,0,42,00:00:42,38,39,0,0,67702,0,3,3,5,1,1,5,1,0,2,0,0,3,7,NA
3,"Supercopa","Supercopa Endesa","https://static.acb.com/img/14/39/3/27868634006.png","https://static.acb.com/img/1c/1a/3d/27940034120.png",91,2026,103,105681,20201871,20201871,20201871,"Ricard  Rubio Vives","Ricky Rubio","R. Rubio","Rubio",202,FALSE,202,NA,4482,3417,"Asisa Joventut","Asisa Joventut","JOV",48101,115,"Sale Pista","Substitution - Out","9",TRUE,2,0,42,00:00:42,38,39,0,0,67722,0,3,3,5,1,1,5,1,0,2,0,0,3,7,NA
3,"Supercopa","Supercopa Endesa","https://static.acb.com/img/14/39/3/27868634006.png","https://static.acb.com/img/1c/1a/3d/27940034120.png",91,2026,103,105681,30004053,30004053,21103564,"Isaac  Nogués Gonzalez","Isaac Nogués","I. Nogués","Nogués",202,FALSE,202,NA,4482,3417,"Asisa Joventut","Asisa Joventut","JOV",48201,112,"Entra Pista","Substitution - In","32",TRUE,2,0,42,00:00:42,38,39,0,0,67722,0,0,0,0,0,0,0,0,0,1,0,1,0,0,NA
3,"Supercopa","Supercopa Endesa","https://static.acb.com/img/14/39/3/27868634006.png","https://static.acb.com/img/1c/1a/3d/27940034120.png",91,2026,103,105681,20211797,20211797,20211797,"Rodions  Kurucs ","Rodions Kurucs","R. Kurucs","Kurucs",202,FALSE,202,NA,4484,3418,"Kosner Baskonia","Kosner Baskonia","BKN",48401,93,"Canasta de 2","2-Point Shot Made","7",FALSE,2,0,36,00:00:36,38,41,271,585,67753,0,1,1,1,1,2,0,0,1,0,0,0,2,3,NA
3,"Supercopa","Supercopa Endesa","https://static.acb.com/img/14/39/3/27868634006.png","https://static.acb.com/img/1c/1a/3d/27940034120.png",91,2026,103,105681,30004878,30004878,21104384,"Kobi Jordan Simmons ","Kobi Simmons","K. Simmons","Simmons",202,FALSE,202,NA,4484,3418,"Kosner Baskonia","Kosner Baskonia","BKN",48501,107,"Asistencia tiro de 2","Assist 2-Point Shot","2",FALSE,2,0,36,00:00:36,38,41,0,0,67753,1,2,0,0,4,4,1,5,1,0,0,1,2,7,NA
3,"Supercopa","Supercopa Endesa","https://static.acb.com/img/14/39/3/27868634006.png","https://static.acb.com/img/1c/1a/3d/27940034120.png",91,2026,103,105681,30004053,30004053,21103564,"Isaac  Nogués Gonzalez","Isaac Nogués","I. Nogués","Nogués",202,FALSE,202,NA,4482,3417,"Asisa Joventut","Asisa Joventut","JOV",49001,115,"Sale Pista","Substitution - Out","32",TRUE,2,0,31,00:00:31,38,41,0,0,67764,0,0,0,0,0,0,0,0,0,1,0,1,0,0,NA
3,"Supercopa","Supercopa Endesa","https://static.acb.com/img/14/39/3/27868634006.png","https://static.acb.com/img/1c/1a/3d/27940034120.png",91,2026,103,105681,20201871,20201871,20201871,"Ricard  Rubio Vives","Ricky Rubio","R. Rubio","Rubio",202,FALSE,202,NA,4482,3417,"Asisa Joventut","Asisa Joventut","JOV",49101,112,"Entra Pista","Substitution - In","9",TRUE,2,0,31,00:00:31,38,41,0,0,67764,0,3,3,5,1,1,5,1,0,2,0,0,3,7,NA
3,"Supercopa","Supercopa Endesa","https://static.acb.com/img/14/39/3/27868634006.png","https://static.acb.com/img/1c/1a/3d/27940034120.png",91,2026,103,105681,30000927,30000927,21100827,"Kwan Treill Cheatham Jr","Kwan Cheatham","K. Cheatham","Cheatham",202,FALSE,202,NA,4482,3417,"Asisa Joventut","Asisa Joventut","JOV",49301,98,"Intento fallado de 3","3-Point Shot Missed","55",TRUE,2,0,21,00:00:21,38,41,3724,-6395,67785,0,1,0,0,0,0,2,0,0,0,1,0,0,0,NA
3,"Supercopa","Supercopa Endesa","https://static.acb.com/img/14/39/3/27868634006.png","https://static.acb.com/img/1c/1a/3d/27940034120.png",91,2026,103,105681,20210830,20210830,20210830,"Tadas Sedekerskis","Tadas Sedekerskis","T. Sedekerskis","Sedekerskis",202,FALSE,202,NA,4484,3418,"Kosner Baskonia","Kosner Baskonia","BKN",49401,104,"Rebote Defensivo","Defensive Rebound","8",FALSE,2,0,21,00:00:21,38,41,0,67,67785,0,0,1,3,0,1,5,1,0,0,0,0,2,2,NA
3,"Supercopa","Supercopa Endesa","https://static.acb.com/img/14/39/3/27868634006.png","https://static.acb.com/img/1c/1a/3d/27940034120.png",91,2026,103,105681,30004878,30004878,21104384,"Kobi Jordan Simmons ","Kobi Simmons","K. Simmons","Simmons",202,FALSE,202,NA,4484,3418,"Kosner Baskonia","Kosner Baskonia","BKN",49501,98,"Intento fallado de 3","3-Point Shot Missed","2",FALSE,2,0,2,00:00:02,38,41,7242,-260,67804,1,3,0,0,4,4,1,5,1,0,0,1,2,7,NA
3,"Supercopa","Supercopa Endesa","https://static.acb.com/img/14/39/3/27868634006.png","https://static.acb.com/img/1c/1a/3d/27940034120.png",91,2026,103,105681,30000202,30000202,21100193,"Matteo  Spagnolo ","Matteo Spagnolo","M. Spagnolo","Spagnolo",202,FALSE,202,NA,4484,3418,"Kosner Baskonia","Kosner Baskonia","BKN",49601,101,"Rebote Ofensivo","Offensive Rebound","10",FALSE,2,0,2,00:00:02,38,41,8176,3264,67804,1,1,1,1,3,3,7,2,0,1,0,1,2,8,NA
3,"Supercopa","Supercopa Endesa","https://static.acb.com/img/14/39/3/27868634006.png","https://static.acb.com/img/1c/1a/3d/27940034120.png",91,2026,103,105681,NA,NA,NA,NA,NA,NA,NA,NA,NA,NA,NA,NA,NA,NA,NA,NA,49901,116,"Final de Periodo","End of the Quarter",NA,FALSE,2,0,0,00:00:00,38,41,0,0,67814,NA,NA,NA,NA,NA,NA,NA,NA,NA,NA,NA,NA,NA,NA,NA
3,"Supercopa","Supercopa Endesa","https://static.acb.com/img/14/39/3/27868634006.png","https://static.acb.com/img/1c/1a/3d/27940034120.png",91,2026,103,105681,NA,NA,NA,NA,NA,NA,NA,NA,NA,NA,NA,NA,NA,NA,NA,NA,50001,121,"Inicio Periodo","Start of the Quarter",NA,FALSE,3,10,0,00:10:00,38,41,0,0,67814,NA,NA,NA,NA,NA,NA,NA,NA,NA,NA,NA,NA,NA,NA,NA
3,"Supercopa","Supercopa Endesa","https://static.acb.com/img/14/39/3/27868634006.png","https://static.acb.com/img/1c/1a/3d/27940034120.png",91,2026,103,105681,30000927,30000927,21100827,"Kwan Treill Cheatham Jr","Kwan Cheatham","K. Cheatham","Cheatham",202,FALSE,202,NA,4482,3417,"Asisa Joventut","Asisa Joventut","JOV",50201,115,"Sale Pista","Substitution - Out","55",TRUE,3,10,0,00:10:00,38,41,0,0,68842,0,1,0,0,0,0,2,0,0,0,1,0,0,0,NA
3,"Supercopa","Supercopa Endesa","https://static.acb.com/img/14/39/3/27868634006.png","https://static.acb.com/img/1c/1a/3d/27940034120.png",91,2026,103,105681,30000095,30000095,21100094,"Yannick Story Kraag ","Yannick Kraag","Y. Kraag","Kraag",202,FALSE,202,NA,4482,3417,"Asisa Joventut","Asisa Joventut","JOV",50301,115,"Sale Pista","Substitution - Out","1",TRUE,3,10,0,00:10:00,38,41,0,0,68842,0,1,1,3,0,0,2,0,1,0,0,0,0,2,NA
3,"Supercopa","Supercopa Endesa","https://static.acb.com/img/14/39/3/27868634006.png","https://static.acb.com/img/1c/1a/3d/27940034120.png",91,2026,103,105681,20211947,20211947,20211947,"Nicolas  Laprovittola ","Nico Laprovittola","N. Laprovittola","Laprovittola",202,FALSE,202,NA,4482,3417,"Asisa Joventut","Asisa Joventut","JOV",50401,115,"Sale Pista","Substitution - Out","10",TRUE,3,10,0,00:10:00,38,41,0,0,68842,2,5,2,6,2,2,0,5,1,1,0,0,5,12,NA
3,"Supercopa","Supercopa Endesa","https://static.acb.com/img/14/39/3/27868634006.png","https://static.acb.com/img/1c/1a/3d/27940034120.png",91,2026,103,105681,20210828,20210828,20210828,"Emir  Sulejmanovic ","Emir Sulejmanovic","E. Sulejmanovic","Sulejmanovic",202,FALSE,202,NA,4482,3417,"Asisa Joventut","Asisa Joventut","JOV",50501,112,"Entra Pista","Substitution - In","19",TRUE,3,10,0,00:10:00,38,41,0,0,68842,0,0,0,0,0,0,1,0,0,0,0,3,0,0,NA
3,"Supercopa","Supercopa Endesa","https://static.acb.com/img/14/39/3/27868634006.png","https://static.acb.com/img/1c/1a/3d/27940034120.png",91,2026,103,105681,30005413,30005413,21104890,"Rejean Amor Ellis","Boogie Ellis","B. Ellis","Ellis",202,FALSE,202,NA,4482,3417,"Asisa Joventut","Asisa Joventut","JOV",50601,112,"Entra Pista","Substitution - In","3",TRUE,3,10,0,00:10:00,38,41,0,0,68842,1,1,0,2,0,0,1,0,0,0,0,2,1,3,NA
3,"Supercopa","Supercopa Endesa","https://static.acb.com/img/14/39/3/27868634006.png","https://static.acb.com/img/1c/1a/3d/27940034120.png",91,2026,103,105681,30001229,30001229,21101034,"Eli John Ndiaye Faye","Eli Ndiaye","E. Ndiaye","Ndiaye",202,FALSE,202,NA,4482,3417,"Asisa Joventut","Asisa Joventut","JOV",50701,112,"Entra Pista","Substitution - In","4",TRUE,3,10,0,00:10:00,38,41,0,0,68842,1,2,1,2,0,0,3,0,0,0,0,2,0,5,NA
3,"Supercopa","Supercopa Endesa","https://static.acb.com/img/14/39/3/27868634006.png","https://static.acb.com/img/1c/1a/3d/27940034120.png",91,2026,103,105681,30000202,30000202,21100193,"Matteo  Spagnolo ","Matteo Spagnolo","M. Spagnolo","Spagnolo",202,FALSE,202,NA,4484,3418,"Kosner Baskonia","Kosner Baskonia","BKN",50801,115,"Sale Pista","Substitution - Out","10",FALSE,3,10,0,00:10:00,38,41,0,0,68842,1,1,1,1,3,3,7,2,0,1,0,1,2,8,NA
3,"Supercopa","Supercopa Endesa","https://static.acb.com/img/14/39/3/27868634006.png","https://static.acb.com/img/1c/1a/3d/27940034120.png",91,2026,103,105681,30001957,30001957,21101631,"Markus Anthony Howard ","Markus Howard","M. Howard","Howard",202,FALSE,202,NA,4484,3418,"Kosner Baskonia","Kosner Baskonia","BKN",50901,115,"Sale Pista","Substitution - Out","0",FALSE,3,10,0,00:10:00,38,41,0,0,68842,0,1,0,1,0,0,1,1,0,1,0,1,0,0,NA
3,"Supercopa","Supercopa Endesa","https://static.acb.com/img/14/39/3/27868634006.png","https://static.acb.com/img/1c/1a/3d/27940034120.png",91,2026,103,105681,20210830,20210830,20210830,"Tadas Sedekerskis","Tadas Sedekerskis","T. Sedekerskis","Sedekerskis",202,FALSE,202,NA,4484,3418,"Kosner Baskonia","Kosner Baskonia","BKN",51001,115,"Sale Pista","Substitution - Out","8",FALSE,3,10,0,00:10:00,38,41,0,0,68842,0,0,1,3,0,1,5,1,0,0,0,0,2,2,NA
3,"Supercopa","Supercopa Endesa","https://static.acb.com/img/14/39/3/27868634006.png","https://static.acb.com/img/1c/1a/3d/27940034120.png",91,2026,103,105681,30003966,30003966,21103485,"Christopher  Theoret Duarte","Chris Duarte","C. Duarte","Duarte",202,FALSE,202,NA,4484,3418,"Kosner Baskonia","Kosner Baskonia","BKN",51101,112,"Entra Pista","Substitution - In","5",FALSE,3,10,0,00:10:00,38,41,0,0,68842,1,4,1,2,1,1,2,0,0,1,0,1,0,6,NA
3,"Supercopa","Supercopa Endesa","https://static.acb.com/img/14/39/3/27868634006.png","https://static.acb.com/img/1c/1a/3d/27940034120.png",91,2026,103,105681,30005375,30005375,21104852,"Anthony Randolph Lawson","AJ Lawson","AJ Lawson","Lawson",202,FALSE,202,NA,4484,3418,"Kosner Baskonia","Kosner Baskonia","BKN",51201,112,"Entra Pista","Substitution - In","1",FALSE,3,10,0,00:10:00,38,41,0,0,68842,1,1,3,3,0,0,2,0,0,2,0,2,0,9,NA
3,"Supercopa","Supercopa Endesa","https://static.acb.com/img/14/39/3/27868634006.png","https://static.acb.com/img/1c/1a/3d/27940034120.png",91,2026,103,105681,30003941,30003941,21103465,"Clement  Frisch ","Clement Frisch","C. Frisch","Frisch",202,FALSE,202,NA,4484,3418,"Kosner Baskonia","Kosner Baskonia","BKN",51301,112,"Entra Pista","Substitution - In","25",FALSE,3,10,0,00:10:00,38,41,0,0,68842,1,4,0,1,0,0,1,0,0,0,0,0,0,3,NA
3,"Supercopa","Supercopa Endesa","https://static.acb.com/img/14/39/3/27868634006.png","https://static.acb.com/img/1c/1a/3d/27940034120.png",91,2026,103,105681,30005413,30005413,21104890,"Rejean Amor Ellis","Boogie Ellis","B. Ellis","Ellis",202,FALSE,202,NA,4482,3417,"Asisa Joventut","Asisa Joventut","JOV",51601,93,"Canasta de 2","2-Point Shot Made","3",TRUE,3,9,50,00:09:50,40,41,398,-729,68923,1,1,1,3,0,0,1,0,0,0,0,2,1,5,NA
3,"Supercopa","Supercopa Endesa","https://static.acb.com/img/14/39/3/27868634006.png","https://static.acb.com/img/1c/1a/3d/27940034120.png",91,2026,103,105681,30003941,30003941,21103465,"Clement  Frisch ","Clement Frisch","C. Frisch","Frisch",202,FALSE,202,NA,4484,3418,"Kosner Baskonia","Kosner Baskonia","BKN",51801,97,"Intento fallado de 2","2-Point Shot Missed","25",FALSE,3,9,27,00:09:27,40,41,574,490,68946,1,4,0,2,0,0,1,0,0,0,0,0,0,3,NA
3,"Supercopa","Supercopa Endesa","https://static.acb.com/img/14/39/3/27868634006.png","https://static.acb.com/img/1c/1a/3d/27940034120.png",91,2026,103,105681,30003941,30003941,21103465,"Clement  Frisch ","Clement Frisch","C. Frisch","Frisch",202,FALSE,202,NA,4484,3418,"Kosner Baskonia","Kosner Baskonia","BKN",51901,105,"Tapón Recibido","Block Received","25",FALSE,3,9,27,00:09:27,40,41,0,0,68946,1,4,0,2,0,0,1,0,0,0,0,0,0,3,NA
3,"Supercopa","Supercopa Endesa","https://static.acb.com/img/14/39/3/27868634006.png","https://static.acb.com/img/1c/1a/3d/27940034120.png",91,2026,103,105681,30001229,30001229,21101034,"Eli John Ndiaye Faye","Eli Ndiaye","E. Ndiaye","Ndiaye",202,FALSE,202,NA,4482,3417,"Asisa Joventut","Asisa Joventut","JOV",52001,102,"Tapón","Block","4",TRUE,3,9,27,00:09:27,40,41,0,0,68946,1,2,1,2,0,0,3,0,0,0,1,2,0,5,NA
3,"Supercopa","Supercopa Endesa","https://static.acb.com/img/14/39/3/27868634006.png","https://static.acb.com/img/1c/1a/3d/27940034120.png",91,2026,103,105681,NA,NA,NA,NA,NA,NA,NA,NA,NA,NA,NA,4482,3417,"Asisa Joventut","Asisa Joventut","JOV",52101,104,"Rebote Defensivo","Defensive Rebound",NA,TRUE,3,9,27,00:09:27,40,41,0,0,68946,NA,NA,NA,NA,NA,NA,NA,NA,NA,NA,NA,NA,NA,NA,NA
3,"Supercopa","Supercopa Endesa","https://static.acb.com/img/14/39/3/27868634006.png","https://static.acb.com/img/1c/1a/3d/27940034120.png",91,2026,103,105681,30004878,30004878,21104384,"Kobi Jordan Simmons ","Kobi Simmons","K. Simmons","Simmons",202,FALSE,202,NA,4484,3418,"Kosner Baskonia","Kosner Baskonia","BKN",52601,159,"Personal no TL","Foul No FT","2",FALSE,3,9,22,00:09:22,40,41,0,0,68961,1,3,0,0,4,4,1,5,1,0,0,2,2,7,NA
3,"Supercopa","Supercopa Endesa","https://static.acb.com/img/14/39/3/27868634006.png","https://static.acb.com/img/1c/1a/3d/27940034120.png",91,2026,103,105681,30005413,30005413,21104890,"Rejean Amor Ellis","Boogie Ellis","B. Ellis","Ellis",202,FALSE,202,NA,4482,3417,"Asisa Joventut","Asisa Joventut","JOV",52701,110,"Falta recibida","Foul Received","3",TRUE,3,9,22,00:09:22,40,41,0,0,68961,1,1,1,3,0,0,1,0,0,0,0,2,2,5,NA
3,"Supercopa","Supercopa Endesa","https://static.acb.com/img/14/39/3/27868634006.png","https://static.acb.com/img/1c/1a/3d/27940034120.png",91,2026,103,105681,NA,NA,NA,NA,NA,NA,NA,NA,NA,NA,NA,4482,3417,"Asisa Joventut","Asisa Joventut","JOV",52801,416,"IR - Challenge entrenador local",NA,NA,TRUE,3,9,22,00:09:22,40,41,0,0,68967,NA,NA,NA,NA,NA,NA,NA,NA,NA,NA,NA,NA,NA,NA,NA
3,"Supercopa","Supercopa Endesa","https://static.acb.com/img/14/39/3/27868634006.png","https://static.acb.com/img/1c/1a/3d/27940034120.png",91,2026,103,105681,NA,NA,NA,NA,NA,NA,NA,NA,NA,NA,NA,4482,3417,"Asisa Joventut","Asisa Joventut","JOV",53001,749,"IR - Challenge perdido","IR - Challenge lost",NA,TRUE,3,9,22,00:09:22,40,41,0,0,68999,NA,NA,NA,NA,NA,NA,NA,NA,NA,NA,NA,NA,NA,NA,NA
3,"Supercopa","Supercopa Endesa","https://static.acb.com/img/14/39/3/27868634006.png","https://static.acb.com/img/1c/1a/3d/27940034120.png",91,2026,103,105681,20210828,20210828,20210828,"Emir  Sulejmanovic ","Emir Sulejmanovic","E. Sulejmanovic","Sulejmanovic",202,FALSE,202,NA,4482,3417,"Asisa Joventut","Asisa Joventut","JOV",53301,98,"Intento fallado de 3","3-Point Shot Missed","19",TRUE,3,9,13,00:09:13,40,41,4368,6167,69025,0,1,0,0,0,0,1,0,0,0,0,3,0,0,NA
3,"Supercopa","Supercopa Endesa","https://static.acb.com/img/14/39/3/27868634006.png","https://static.acb.com/img/1c/1a/3d/27940034120.png",91,2026,103,105681,30005375,30005375,21104852,"Anthony Randolph Lawson","AJ Lawson","AJ Lawson","Lawson",202,FALSE,202,NA,4484,3418,"Kosner Baskonia","Kosner Baskonia","BKN",53401,104,"Rebote Defensivo","Defensive Rebound","1",FALSE,3,9,13,00:09:13,40,41,0,-2018,69025,1,1,3,3,0,0,3,0,0,2,0,2,0,9,NA
3,"Supercopa","Supercopa Endesa","https://static.acb.com/img/14/39/3/27868634006.png","https://static.acb.com/img/1c/1a/3d/27940034120.png",91,2026,103,105681,30005375,30005375,21104852,"Anthony Randolph Lawson","AJ Lawson","AJ Lawson","Lawson",202,FALSE,202,NA,4484,3418,"Kosner Baskonia","Kosner Baskonia","BKN",53701,93,"Canasta de 2","2-Point Shot Made","1",FALSE,3,8,49,00:08:49,40,43,296,-836,69062,1,1,4,4,0,0,3,0,0,2,0,2,0,11,NA
3,"Supercopa","Supercopa Endesa","https://static.acb.com/img/14/39/3/27868634006.png","https://static.acb.com/img/1c/1a/3d/27940034120.png",91,2026,103,105681,30005413,30005413,21104890,"Rejean Amor Ellis","Boogie Ellis","B. Ellis","Ellis",202,FALSE,202,NA,4482,3417,"Asisa Joventut","Asisa Joventut","JOV",53801,98,"Intento fallado de 3","3-Point Shot Missed","3",TRUE,3,8,38,00:08:38,40,43,5565,-4401,69073,1,2,1,3,0,0,1,0,0,0,0,2,2,5,NA
3,"Supercopa","Supercopa Endesa","https://static.acb.com/img/14/39/3/27868634006.png","https://static.acb.com/img/1c/1a/3d/27940034120.png",91,2026,103,105681,20211797,20211797,20211797,"Rodions  Kurucs ","Rodions Kurucs","R. Kurucs","Kurucs",202,FALSE,202,NA,4484,3418,"Kosner Baskonia","Kosner Baskonia","BKN",53901,104,"Rebote Defensivo","Defensive Rebound","7",FALSE,3,8,38,00:08:38,40,43,3627,-3971,69073,0,1,1,1,1,2,1,0,1,0,0,0,2,3,NA
3,"Supercopa","Supercopa Endesa","https://static.acb.com/img/14/39/3/27868634006.png","https://static.acb.com/img/1c/1a/3d/27940034120.png",91,2026,103,105681,20211797,20211797,20211797,"Rodions  Kurucs ","Rodions Kurucs","R. Kurucs","Kurucs",202,FALSE,202,NA,4484,3418,"Kosner Baskonia","Kosner Baskonia","BKN",54201,109,"Falta en Ataque","Offensive Foul","7",FALSE,3,8,31,00:08:31,40,43,0,0,69095,0,1,1,1,1,2,1,0,1,0,0,1,2,3,NA
3,"Supercopa","Supercopa Endesa","https://static.acb.com/img/14/39/3/27868634006.png","https://static.acb.com/img/1c/1a/3d/27940034120.png",91,2026,103,105681,20211797,20211797,20211797,"Rodions  Kurucs ","Rodions Kurucs","R. Kurucs","Kurucs",202,FALSE,202,NA,4484,3418,"Kosner Baskonia","Kosner Baskonia","BKN",54301,106,"Pérdida","Turnover","7",FALSE,3,8,31,00:08:31,40,43,0,0,69095,0,1,1,1,1,2,1,0,1,1,0,1,2,3,NA
3,"Supercopa","Supercopa Endesa","https://static.acb.com/img/14/39/3/27868634006.png","https://static.acb.com/img/1c/1a/3d/27940034120.png",91,2026,103,105681,30005413,30005413,21104890,"Rejean Amor Ellis","Boogie Ellis","B. Ellis","Ellis",202,FALSE,202,NA,4482,3417,"Asisa Joventut","Asisa Joventut","JOV",54401,110,"Falta recibida","Foul Received","3",TRUE,3,8,31,00:08:31,40,43,0,0,69095,1,2,1,3,0,0,1,0,0,0,0,2,3,5,NA
3,"Supercopa","Supercopa Endesa","https://static.acb.com/img/14/39/3/27868634006.png","https://static.acb.com/img/1c/1a/3d/27940034120.png",91,2026,103,105681,30005413,30005413,21104890,"Rejean Amor Ellis","Boogie Ellis","B. Ellis","Ellis",202,FALSE,202,NA,4482,3417,"Asisa Joventut","Asisa Joventut","JOV",54701,106,"Pérdida","Turnover","3",TRUE,3,8,17,00:08:17,40,43,0,0,69117,1,2,1,3,0,0,1,0,0,1,0,2,3,5,NA
3,"Supercopa","Supercopa Endesa","https://static.acb.com/img/14/39/3/27868634006.png","https://static.acb.com/img/1c/1a/3d/27940034120.png",91,2026,103,105681,30004878,30004878,21104384,"Kobi Jordan Simmons ","Kobi Simmons","K. Simmons","Simmons",202,FALSE,202,NA,4484,3418,"Kosner Baskonia","Kosner Baskonia","BKN",54801,103,"Recuperación","Steal","2",FALSE,3,8,17,00:08:17,40,43,0,0,69117,1,3,0,0,4,4,1,5,2,0,0,2,2,7,NA
3,"Supercopa","Supercopa Endesa","https://static.acb.com/img/14/39/3/27868634006.png","https://static.acb.com/img/1c/1a/3d/27940034120.png",91,2026,103,105681,20201871,20201871,20201871,"Ricard  Rubio Vives","Ricky Rubio","R. Rubio","Rubio",202,FALSE,202,NA,4482,3417,"Asisa Joventut","Asisa Joventut","JOV",55101,161,"Personal 2TL","Foul 2FT","9",TRUE,3,8,16,00:08:16,40,43,0,0,69133,0,3,3,5,1,1,5,1,0,2,0,1,3,7,NA
3,"Supercopa","Supercopa Endesa","https://static.acb.com/img/14/39/3/27868634006.png","https://static.acb.com/img/1c/1a/3d/27940034120.png",91,2026,103,105681,30004878,30004878,21104384,"Kobi Jordan Simmons ","Kobi Simmons","K. Simmons","Simmons",202,FALSE,202,NA,4484,3418,"Kosner Baskonia","Kosner Baskonia","BKN",55201,110,"Falta recibida","Foul Received","2",FALSE,3,8,16,00:08:16,40,43,0,0,69133,1,3,0,0,4,4,1,5,2,0,0,2,3,7,NA
3,"Supercopa","Supercopa Endesa","https://static.acb.com/img/14/39/3/27868634006.png","https://static.acb.com/img/1c/1a/3d/27940034120.png",91,2026,103,105681,30004878,30004878,21104384,"Kobi Jordan Simmons ","Kobi Simmons","K. Simmons","Simmons",202,FALSE,202,NA,4484,3418,"Kosner Baskonia","Kosner Baskonia","BKN",55401,92,"Canasta de 1","Free Throw Made","2",FALSE,3,8,16,00:08:16,40,44,0,0,69152,1,3,0,0,5,5,1,5,2,0,0,2,3,8,NA
3,"Supercopa","Supercopa Endesa","https://static.acb.com/img/14/39/3/27868634006.png","https://static.acb.com/img/1c/1a/3d/27940034120.png",91,2026,103,105681,30004878,30004878,21104384,"Kobi Jordan Simmons ","Kobi Simmons","K. Simmons","Simmons",202,FALSE,202,NA,4484,3418,"Kosner Baskonia","Kosner Baskonia","BKN",55501,96,"Intento fallado de 1","Free Throw Missed","2",FALSE,3,8,16,00:08:16,40,44,0,0,69165,1,3,0,0,5,6,1,5,2,0,0,2,3,8,NA
3,"Supercopa","Supercopa Endesa","https://static.acb.com/img/14/39/3/27868634006.png","https://static.acb.com/img/1c/1a/3d/27940034120.png",91,2026,103,105681,20204133,20204133,20204133,"Alejandro  Reyes Abad","Álex Reyes","A. Reyes","Reyes",202,FALSE,202,NA,4482,3417,"Asisa Joventut","Asisa Joventut","JOV",55601,104,"Rebote Defensivo","Defensive Rebound","18",TRUE,3,8,16,00:08:16,40,44,51,-2215,69165,1,3,2,2,0,0,2,1,1,0,0,1,1,7,NA
3,"Supercopa","Supercopa Endesa","https://static.acb.com/img/14/39/3/27868634006.png","https://static.acb.com/img/1c/1a/3d/27940034120.png",91,2026,103,105681,30001229,30001229,21101034,"Eli John Ndiaye Faye","Eli Ndiaye","E. Ndiaye","Ndiaye",202,FALSE,202,NA,4482,3417,"Asisa Joventut","Asisa Joventut","JOV",55901,93,"Canasta de 2","2-Point Shot Made","4",TRUE,3,7,52,00:07:52,42,44,369,-4034,69189,1,2,2,3,0,0,3,0,0,0,1,2,0,7,NA
3,"Supercopa","Supercopa Endesa","https://static.acb.com/img/14/39/3/27868634006.png","https://static.acb.com/img/1c/1a/3d/27940034120.png",91,2026,103,105681,20201871,20201871,20201871,"Ricard  Rubio Vives","Ricky Rubio","R. Rubio","Rubio",202,FALSE,202,NA,4482,3417,"Asisa Joventut","Asisa Joventut","JOV",56201,159,"Personal no TL","Foul No FT","9",TRUE,3,7,41,00:07:41,42,44,0,0,69205,0,3,3,5,1,1,5,1,0,2,0,2,3,7,NA
3,"Supercopa","Supercopa Endesa","https://static.acb.com/img/14/39/3/27868634006.png","https://static.acb.com/img/1c/1a/3d/27940034120.png",91,2026,103,105681,30004878,30004878,21104384,"Kobi Jordan Simmons ","Kobi Simmons","K. Simmons","Simmons",202,FALSE,202,NA,4484,3418,"Kosner Baskonia","Kosner Baskonia","BKN",56301,110,"Falta recibida","Foul Received","2",FALSE,3,7,41,00:07:41,42,44,0,0,69205,1,3,0,0,5,6,1,5,2,0,0,2,4,8,NA
3,"Supercopa","Supercopa Endesa","https://static.acb.com/img/14/39/3/27868634006.png","https://static.acb.com/img/1c/1a/3d/27940034120.png",91,2026,103,105681,30004878,30004878,21104384,"Kobi Jordan Simmons ","Kobi Simmons","K. Simmons","Simmons",202,FALSE,202,NA,4484,3418,"Kosner Baskonia","Kosner Baskonia","BKN",56601,100,"Mate","Dunk","2",FALSE,3,7,36,00:07:36,42,46,0,0,69233,1,3,1,1,5,6,1,5,2,0,0,2,4,10,NA
3,"Supercopa","Supercopa Endesa","https://static.acb.com/img/14/39/3/27868634006.png","https://static.acb.com/img/1c/1a/3d/27940034120.png",91,2026,103,105681,20210828,20210828,20210828,"Emir  Sulejmanovic ","Emir Sulejmanovic","E. Sulejmanovic","Sulejmanovic",202,FALSE,202,NA,4482,3417,"Asisa Joventut","Asisa Joventut","JOV",56901,93,"Canasta de 2","2-Point Shot Made","19",TRUE,3,7,20,00:07:20,44,46,294,671,69252,0,1,1,1,0,0,1,0,0,0,0,3,0,2,NA
3,"Supercopa","Supercopa Endesa","https://static.acb.com/img/14/39/3/27868634006.png","https://static.acb.com/img/1c/1a/3d/27940034120.png",91,2026,103,105681,20201871,20201871,20201871,"Ricard  Rubio Vives","Ricky Rubio","R. Rubio","Rubio",202,FALSE,202,NA,4482,3417,"Asisa Joventut","Asisa Joventut","JOV",57001,107,"Asistencia tiro de 2","Assist 2-Point Shot","9",TRUE,3,7,20,00:07:20,44,46,0,0,69252,0,3,3,5,1,1,5,2,0,2,0,2,3,7,NA
3,"Supercopa","Supercopa Endesa","https://static.acb.com/img/14/39/3/27868634006.png","https://static.acb.com/img/1c/1a/3d/27940034120.png",91,2026,103,105681,30005375,30005375,21104852,"Anthony Randolph Lawson","AJ Lawson","AJ Lawson","Lawson",202,FALSE,202,NA,4484,3418,"Kosner Baskonia","Kosner Baskonia","BKN",57101,160,"Personal 1TL","Foul 1FT","1",FALSE,3,7,20,00:07:20,44,46,0,0,69257,1,1,4,4,0,0,3,0,0,2,0,3,0,11,NA
3,"Supercopa","Supercopa Endesa","https://static.acb.com/img/14/39/3/27868634006.png","https://static.acb.com/img/1c/1a/3d/27940034120.png",91,2026,103,105681,20210828,20210828,20210828,"Emir  Sulejmanovic ","Emir Sulejmanovic","E. Sulejmanovic","Sulejmanovic",202,FALSE,202,NA,4482,3417,"Asisa Joventut","Asisa Joventut","JOV",57201,110,"Falta recibida","Foul Received","19",TRUE,3,7,20,00:07:20,44,46,0,0,69257,0,1,1,1,0,0,1,0,0,0,0,3,1,2,NA
3,"Supercopa","Supercopa Endesa","https://static.acb.com/img/14/39/3/27868634006.png","https://static.acb.com/img/1c/1a/3d/27940034120.png",91,2026,103,105681,30001229,30001229,21101034,"Eli John Ndiaye Faye","Eli Ndiaye","E. Ndiaye","Ndiaye",202,FALSE,202,NA,4482,3417,"Asisa Joventut","Asisa Joventut","JOV",57401,115,"Sale Pista","Substitution - Out","4",TRUE,3,7,20,00:07:20,44,46,0,0,69265,1,2,2,3,0,0,3,0,0,0,1,2,0,7,NA
3,"Supercopa","Supercopa Endesa","https://static.acb.com/img/14/39/3/27868634006.png","https://static.acb.com/img/1c/1a/3d/27940034120.png",91,2026,103,105681,30000927,30000927,21100827,"Kwan Treill Cheatham Jr","Kwan Cheatham","K. Cheatham","Cheatham",202,FALSE,202,NA,4482,3417,"Asisa Joventut","Asisa Joventut","JOV",57501,112,"Entra Pista","Substitution - In","55",TRUE,3,7,20,00:07:20,44,46,0,0,69265,0,1,0,0,0,0,2,0,0,0,1,0,0,0,NA
3,"Supercopa","Supercopa Endesa","https://static.acb.com/img/14/39/3/27868634006.png","https://static.acb.com/img/1c/1a/3d/27940034120.png",91,2026,103,105681,30003941,30003941,21103465,"Clement  Frisch ","Clement Frisch","C. Frisch","Frisch",202,FALSE,202,NA,4484,3418,"Kosner Baskonia","Kosner Baskonia","BKN",57601,115,"Sale Pista","Substitution - Out","25",FALSE,3,7,20,00:07:20,44,46,0,0,69265,1,4,0,2,0,0,1,0,0,0,0,0,0,3,NA
3,"Supercopa","Supercopa Endesa","https://static.acb.com/img/14/39/3/27868634006.png","https://static.acb.com/img/1c/1a/3d/27940034120.png",91,2026,103,105681,20210830,20210830,20210830,"Tadas Sedekerskis","Tadas Sedekerskis","T. Sedekerskis","Sedekerskis",202,FALSE,202,NA,4484,3418,"Kosner Baskonia","Kosner Baskonia","BKN",57701,112,"Entra Pista","Substitution - In","8",FALSE,3,7,20,00:07:20,44,46,0,0,69265,0,0,1,3,0,1,5,1,0,0,0,0,2,2,NA
3,"Supercopa","Supercopa Endesa","https://static.acb.com/img/14/39/3/27868634006.png","https://static.acb.com/img/1c/1a/3d/27940034120.png",91,2026,103,105681,20210828,20210828,20210828,"Emir  Sulejmanovic ","Emir Sulejmanovic","E. Sulejmanovic","Sulejmanovic",202,FALSE,202,NA,4482,3417,"Asisa Joventut","Asisa Joventut","JOV",57801,96,"Intento fallado de 1","Free Throw Missed","19",TRUE,3,7,20,00:07:20,44,46,0,0,69290,0,1,1,1,0,1,1,0,0,0,0,3,1,2,NA
3,"Supercopa","Supercopa Endesa","https://static.acb.com/img/14/39/3/27868634006.png","https://static.acb.com/img/1c/1a/3d/27940034120.png",91,2026,103,105681,20210828,20210828,20210828,"Emir  Sulejmanovic ","Emir Sulejmanovic","E. Sulejmanovic","Sulejmanovic",202,FALSE,202,NA,4482,3417,"Asisa Joventut","Asisa Joventut","JOV",57901,101,"Rebote Ofensivo","Offensive Rebound","19",TRUE,3,7,20,00:07:20,44,46,6123,-204,69290,0,1,1,1,0,1,2,0,0,0,0,3,1,2,NA
3,"Supercopa","Supercopa Endesa","https://static.acb.com/img/14/39/3/27868634006.png","https://static.acb.com/img/1c/1a/3d/27940034120.png",91,2026,103,105681,20210828,20210828,20210828,"Emir  Sulejmanovic ","Emir Sulejmanovic","E. Sulejmanovic","Sulejmanovic",202,FALSE,202,NA,4482,3417,"Asisa Joventut","Asisa Joventut","JOV",58101,93,"Canasta de 2","2-Point Shot Made","19",TRUE,3,7,20,00:07:20,46,46,292,382,69295,0,1,2,2,0,1,2,0,0,0,0,3,1,4,NA
3,"Supercopa","Supercopa Endesa","https://static.acb.com/img/14/39/3/27868634006.png","https://static.acb.com/img/1c/1a/3d/27940034120.png",91,2026,103,105681,30004878,30004878,21104384,"Kobi Jordan Simmons ","Kobi Simmons","K. Simmons","Simmons",202,FALSE,202,NA,4484,3418,"Kosner Baskonia","Kosner Baskonia","BKN",59001,98,"Intento fallado de 3","3-Point Shot Missed","2",FALSE,3,7,0,00:07:00,46,46,0,-6767,69309,1,4,1,1,5,6,1,5,2,0,0,2,4,10,NA
3,"Supercopa","Supercopa Endesa","https://static.acb.com/img/14/39/3/27868634006.png","https://static.acb.com/img/1c/1a/3d/27940034120.png",91,2026,103,105681,20204133,20204133,20204133,"Alejandro  Reyes Abad","Álex Reyes","A. Reyes","Reyes",202,FALSE,202,NA,4482,3417,"Asisa Joventut","Asisa Joventut","JOV",59101,104,"Rebote Defensivo","Defensive Rebound","18",TRUE,3,7,0,00:07:00,46,46,5983,-402,69309,1,3,2,2,0,0,3,1,1,0,0,1,1,7,NA
3,"Supercopa","Supercopa Endesa","https://static.acb.com/img/14/39/3/27868634006.png","https://static.acb.com/img/1c/1a/3d/27940034120.png",91,2026,103,105681,30005413,30005413,21104890,"Rejean Amor Ellis","Boogie Ellis","B. Ellis","Ellis",202,FALSE,202,NA,4482,3417,"Asisa Joventut","Asisa Joventut","JOV",59201,94,"Canasta de 3","3-Point Shot Made","3",TRUE,3,6,48,00:06:48,49,46,4922,5381,69321,2,3,1,3,0,0,1,0,0,1,0,2,3,8,NA
3,"Supercopa","Supercopa Endesa","https://static.acb.com/img/14/39/3/27868634006.png","https://static.acb.com/img/1c/1a/3d/27940034120.png",91,2026,103,105681,20201871,20201871,20201871,"Ricard  Rubio Vives","Ricky Rubio","R. Rubio","Rubio",202,FALSE,202,NA,4482,3417,"Asisa Joventut","Asisa Joventut","JOV",59301,108,"Asistencia tiro de 3","Assist 3-Point Shot","9",TRUE,3,6,48,00:06:48,49,46,0,0,69321,0,3,3,5,1,1,5,3,0,2,0,2,3,7,NA
3,"Supercopa","Supercopa Endesa","https://static.acb.com/img/14/39/3/27868634006.png","https://static.acb.com/img/1c/1a/3d/27940034120.png",91,2026,103,105681,20201871,20201871,20201871,"Ricard  Rubio Vives","Ricky Rubio","R. Rubio","Rubio",202,FALSE,202,NA,4482,3417,"Asisa Joventut","Asisa Joventut","JOV",59501,159,"Personal no TL","Foul No FT","9",TRUE,3,6,40,00:06:40,49,46,0,0,69335,0,3,3,5,1,1,5,3,0,2,0,3,3,7,NA
3,"Supercopa","Supercopa Endesa","https://static.acb.com/img/14/39/3/27868634006.png","https://static.acb.com/img/1c/1a/3d/27940034120.png",91,2026,103,105681,30003966,30003966,21103485,"Christopher  Theoret Duarte","Chris Duarte","C. Duarte","Duarte",202,FALSE,202,NA,4484,3418,"Kosner Baskonia","Kosner Baskonia","BKN",59601,110,"Falta recibida","Foul Received","5",FALSE,3,6,40,00:06:40,49,46,0,0,69335,1,4,1,2,1,1,2,0,0,1,0,1,1,6,NA
3,"Supercopa","Supercopa Endesa","https://static.acb.com/img/14/39/3/27868634006.png","https://static.acb.com/img/1c/1a/3d/27940034120.png",91,2026,103,105681,20201871,20201871,20201871,"Ricard  Rubio Vives","Ricky Rubio","R. Rubio","Rubio",202,FALSE,202,NA,4482,3417,"Asisa Joventut","Asisa Joventut","JOV",59801,115,"Sale Pista","Substitution - Out","9",TRUE,3,6,40,00:06:40,49,46,0,0,69344,0,3,3,5,1,1,5,3,0,2,0,3,3,7,NA
3,"Supercopa","Supercopa Endesa","https://static.acb.com/img/14/39/3/27868634006.png","https://static.acb.com/img/1c/1a/3d/27940034120.png",91,2026,103,105681,20210828,20210828,20210828,"Emir  Sulejmanovic ","Emir Sulejmanovic","E. Sulejmanovic","Sulejmanovic",202,FALSE,202,NA,4482,3417,"Asisa Joventut","Asisa Joventut","JOV",59901,115,"Sale Pista","Substitution - Out","19",TRUE,3,6,40,00:06:40,49,46,0,0,69344,0,1,2,2,0,1,2,0,0,0,0,3,1,4,NA
3,"Supercopa","Supercopa Endesa","https://static.acb.com/img/14/39/3/27868634006.png","https://static.acb.com/img/1c/1a/3d/27940034120.png",91,2026,103,105681,20212423,20212423,20212423,"Simon Fredrik Stefan Birgander ","Simon Birgander","S. Birgander","Birgander",202,FALSE,202,NA,4482,3417,"Asisa Joventut","Asisa Joventut","JOV",60001,112,"Entra Pista","Substitution - In","35",TRUE,3,6,40,00:06:40,49,46,0,0,69344,0,0,0,0,0,0,6,0,0,1,0,3,0,0,NA
3,"Supercopa","Supercopa Endesa","https://static.acb.com/img/14/39/3/27868634006.png","https://static.acb.com/img/1c/1a/3d/27940034120.png",91,2026,103,105681,20211947,20211947,20211947,"Nicolas  Laprovittola ","Nico Laprovittola","N. Laprovittola","Laprovittola",202,FALSE,202,NA,4482,3417,"Asisa Joventut","Asisa Joventut","JOV",60101,112,"Entra Pista","Substitution - In","10",TRUE,3,6,40,00:06:40,49,46,0,0,69344,2,5,2,6,2,2,0,5,1,1,0,0,5,12,NA
3,"Supercopa","Supercopa Endesa","https://static.acb.com/img/14/39/3/27868634006.png","https://static.acb.com/img/1c/1a/3d/27940034120.png",91,2026,103,105681,30005375,30005375,21104852,"Anthony Randolph Lawson","AJ Lawson","AJ Lawson","Lawson",202,FALSE,202,NA,4484,3418,"Kosner Baskonia","Kosner Baskonia","BKN",60201,115,"Sale Pista","Substitution - Out","1",FALSE,3,6,40,00:06:40,49,46,0,0,69344,1,1,4,4,0,0,3,0,0,2,0,3,0,11,NA
3,"Supercopa","Supercopa Endesa","https://static.acb.com/img/14/39/3/27868634006.png","https://static.acb.com/img/1c/1a/3d/27940034120.png",91,2026,103,105681,30005346,30005346,21104824,"Devvajne Stevvart Jr","DJ Stewart Jr","DJ Stewart","Stewart",202,FALSE,202,NA,4484,3418,"Kosner Baskonia","Kosner Baskonia","BKN",60301,112,"Entra Pista","Substitution - In","3",FALSE,3,6,40,00:06:40,49,46,0,0,69344,0,2,0,0,1,4,1,0,0,0,0,2,2,1,NA
3,"Supercopa","Supercopa Endesa","https://static.acb.com/img/14/39/3/27868634006.png","https://static.acb.com/img/1c/1a/3d/27940034120.png",91,2026,103,105681,20210830,20210830,20210830,"Tadas Sedekerskis","Tadas Sedekerskis","T. Sedekerskis","Sedekerskis",202,FALSE,202,NA,4484,3418,"Kosner Baskonia","Kosner Baskonia","BKN",60501,93,"Canasta de 2","2-Point Shot Made","8",FALSE,3,6,37,00:06:37,49,48,83,-680,69372,0,0,2,4,0,1,5,1,0,0,0,0,2,4,NA
3,"Supercopa","Supercopa Endesa","https://static.acb.com/img/14/39/3/27868634006.png","https://static.acb.com/img/1c/1a/3d/27940034120.png",91,2026,103,105681,30004878,30004878,21104384,"Kobi Jordan Simmons ","Kobi Simmons","K. Simmons","Simmons",202,FALSE,202,NA,4484,3418,"Kosner Baskonia","Kosner Baskonia","BKN",60601,107,"Asistencia tiro de 2","Assist 2-Point Shot","2",FALSE,3,6,37,00:06:37,49,48,0,0,69372,1,4,1,1,5,6,1,6,2,0,0,2,4,10,NA
3,"Supercopa","Supercopa Endesa","https://static.acb.com/img/14/39/3/27868634006.png","https://static.acb.com/img/1c/1a/3d/27940034120.png",91,2026,103,105681,30005413,30005413,21104890,"Rejean Amor Ellis","Boogie Ellis","B. Ellis","Ellis",202,FALSE,202,NA,4482,3417,"Asisa Joventut","Asisa Joventut","JOV",61201,97,"Intento fallado de 2","2-Point Shot Missed","3",TRUE,3,6,17,00:06:17,49,48,324,1452,69390,2,3,1,4,0,0,1,0,0,1,0,2,3,8,NA
3,"Supercopa","Supercopa Endesa","https://static.acb.com/img/14/39/3/27868634006.png","https://static.acb.com/img/1c/1a/3d/27940034120.png",91,2026,103,105681,30005413,30005413,21104890,"Rejean Amor Ellis","Boogie Ellis","B. Ellis","Ellis",202,FALSE,202,NA,4482,3417,"Asisa Joventut","Asisa Joventut","JOV",61301,105,"Tapón Recibido","Block Received","3",TRUE,3,6,17,00:06:17,49,48,0,0,69390,2,3,1,4,0,0,1,0,0,1,0,2,3,8,NA
3,"Supercopa","Supercopa Endesa","https://static.acb.com/img/14/39/3/27868634006.png","https://static.acb.com/img/1c/1a/3d/27940034120.png",91,2026,103,105681,30003966,30003966,21103485,"Christopher  Theoret Duarte","Chris Duarte","C. Duarte","Duarte",202,FALSE,202,NA,4484,3418,"Kosner Baskonia","Kosner Baskonia","BKN",61401,102,"Tapón","Block","5",FALSE,3,6,17,00:06:17,49,48,0,0,69390,1,4,1,2,1,1,2,0,0,1,1,1,1,6,NA
3,"Supercopa","Supercopa Endesa","https://static.acb.com/img/14/39/3/27868634006.png","https://static.acb.com/img/1c/1a/3d/27940034120.png",91,2026,103,105681,NA,NA,NA,NA,NA,NA,NA,NA,NA,NA,NA,4482,3417,"Asisa Joventut","Asisa Joventut","JOV",61501,101,"Rebote Ofensivo","Offensive Rebound",NA,TRUE,3,6,17,00:06:17,49,48,0,0,69390,NA,NA,NA,NA,NA,NA,NA,NA,NA,NA,NA,NA,NA,NA,NA
3,"Supercopa","Supercopa Endesa","https://static.acb.com/img/14/39/3/27868634006.png","https://static.acb.com/img/1c/1a/3d/27940034120.png",91,2026,103,105681,30005413,30005413,21104890,"Rejean Amor Ellis","Boogie Ellis","B. Ellis","Ellis",202,FALSE,202,NA,4482,3417,"Asisa Joventut","Asisa Joventut","JOV",62001,115,"Sale Pista","Substitution - Out","3",TRUE,3,6,18,00:06:18,49,48,0,0,69405,2,3,1,4,0,0,1,0,0,1,0,2,3,8,NA
3,"Supercopa","Supercopa Endesa","https://static.acb.com/img/14/39/3/27868634006.png","https://static.acb.com/img/1c/1a/3d/27940034120.png",91,2026,103,105681,20210498,20210498,20210498,"Ludvig Erik Hakanson ","Ludde Hakanson","L. Hakanson","Hakanson",202,FALSE,202,NA,4482,3417,"Asisa Joventut","Asisa Joventut","JOV",62101,112,"Entra Pista","Substitution - In","12",TRUE,3,6,18,00:06:18,49,48,0,0,69405,0,3,1,2,0,0,0,0,0,0,0,0,0,2,NA
3,"Supercopa","Supercopa Endesa","https://static.acb.com/img/14/39/3/27868634006.png","https://static.acb.com/img/1c/1a/3d/27940034120.png",91,2026,103,105681,30003966,30003966,21103485,"Christopher  Theoret Duarte","Chris Duarte","C. Duarte","Duarte",202,FALSE,202,NA,4484,3418,"Kosner Baskonia","Kosner Baskonia","BKN",62201,115,"Sale Pista","Substitution - Out","5",FALSE,3,6,18,00:06:18,49,48,0,0,69405,1,4,1,2,1,1,2,0,0,1,1,1,1,6,NA
3,"Supercopa","Supercopa Endesa","https://static.acb.com/img/14/39/3/27868634006.png","https://static.acb.com/img/1c/1a/3d/27940034120.png",91,2026,103,105681,20211797,20211797,20211797,"Rodions  Kurucs ","Rodions Kurucs","R. Kurucs","Kurucs",202,FALSE,202,NA,4484,3418,"Kosner Baskonia","Kosner Baskonia","BKN",62301,115,"Sale Pista","Substitution - Out","7",FALSE,3,6,18,00:06:18,49,48,0,0,69405,0,1,1,1,1,2,1,0,1,1,0,1,2,3,NA
3,"Supercopa","Supercopa Endesa","https://static.acb.com/img/14/39/3/27868634006.png","https://static.acb.com/img/1c/1a/3d/27940034120.png",91,2026,103,105681,30004878,30004878,21104384,"Kobi Jordan Simmons ","Kobi Simmons","K. Simmons","Simmons",202,FALSE,202,NA,4484,3418,"Kosner Baskonia","Kosner Baskonia","BKN",62401,115,"Sale Pista","Substitution - Out","2",FALSE,3,6,18,00:06:18,49,48,0,0,69405,1,4,1,1,5,6,1,6,2,0,0,2,4,10,NA
3,"Supercopa","Supercopa Endesa","https://static.acb.com/img/14/39/3/27868634006.png","https://static.acb.com/img/1c/1a/3d/27940034120.png",91,2026,103,105681,30001957,30001957,21101631,"Markus Anthony Howard ","Markus Howard","M. Howard","Howard",202,FALSE,202,NA,4484,3418,"Kosner Baskonia","Kosner Baskonia","BKN",62501,112,"Entra Pista","Substitution - In","0",FALSE,3,6,18,00:06:18,49,48,0,0,69405,0,1,0,1,0,0,1,1,0,1,0,1,0,0,NA
3,"Supercopa","Supercopa Endesa","https://static.acb.com/img/14/39/3/27868634006.png","https://static.acb.com/img/1c/1a/3d/27940034120.png",91,2026,103,105681,30005464,30005464,21104932,"Kenneth Bernard Faried Lewis","Kenneth Faried","K. Faried","Faried",202,FALSE,202,NA,4484,3418,"Kosner Baskonia","Kosner Baskonia","BKN",62601,112,"Entra Pista","Substitution - In","35",FALSE,3,6,18,00:06:18,49,48,0,0,69405,0,0,0,3,2,4,3,1,0,1,0,0,2,2,NA
3,"Supercopa","Supercopa Endesa","https://static.acb.com/img/14/39/3/27868634006.png","https://static.acb.com/img/1c/1a/3d/27940034120.png",91,2026,103,105681,30000202,30000202,21100193,"Matteo  Spagnolo ","Matteo Spagnolo","M. Spagnolo","Spagnolo",202,FALSE,202,NA,4484,3418,"Kosner Baskonia","Kosner Baskonia","BKN",62701,112,"Entra Pista","Substitution - In","10",FALSE,3,6,18,00:06:18,49,48,0,0,69405,1,1,1,1,3,3,7,2,0,1,0,1,2,8,NA
3,"Supercopa","Supercopa Endesa","https://static.acb.com/img/14/39/3/27868634006.png","https://static.acb.com/img/1c/1a/3d/27940034120.png",91,2026,103,105681,20211947,20211947,20211947,"Nicolas  Laprovittola ","Nico Laprovittola","N. Laprovittola","Laprovittola",202,FALSE,202,NA,4482,3417,"Asisa Joventut","Asisa Joventut","JOV",63201,98,"Intento fallado de 3","3-Point Shot Missed","10",TRUE,3,6,11,00:06:11,49,48,6295,-3839,69429,2,6,2,6,2,2,0,5,1,1,0,0,5,12,NA
3,"Supercopa","Supercopa Endesa","https://static.acb.com/img/14/39/3/27868634006.png","https://static.acb.com/img/1c/1a/3d/27940034120.png",91,2026,103,105681,NA,NA,NA,NA,NA,NA,NA,NA,NA,NA,NA,4484,3418,"Kosner Baskonia","Kosner Baskonia","BKN",63301,104,"Rebote Defensivo","Defensive Rebound",NA,FALSE,3,6,11,00:06:11,49,48,0,0,69429,NA,NA,NA,NA,NA,NA,NA,NA,NA,NA,NA,NA,NA,NA,NA
3,"Supercopa","Supercopa Endesa","https://static.acb.com/img/14/39/3/27868634006.png","https://static.acb.com/img/1c/1a/3d/27940034120.png",91,2026,103,105681,30001957,30001957,21101631,"Markus Anthony Howard ","Markus Howard","M. Howard","Howard",202,FALSE,202,NA,4484,3418,"Kosner Baskonia","Kosner Baskonia","BKN",63601,98,"Intento fallado de 3","3-Point Shot Missed","0",FALSE,3,5,58,00:05:58,49,48,3449,-6846,69443,0,2,0,1,0,0,1,1,0,1,0,1,0,0,NA
3,"Supercopa","Supercopa Endesa","https://static.acb.com/img/14/39/3/27868634006.png","https://static.acb.com/img/1c/1a/3d/27940034120.png",91,2026,103,105681,20204133,20204133,20204133,"Alejandro  Reyes Abad","Álex Reyes","A. Reyes","Reyes",202,FALSE,202,NA,4482,3417,"Asisa Joventut","Asisa Joventut","JOV",63701,104,"Rebote Defensivo","Defensive Rebound","18",TRUE,3,5,58,00:05:58,49,48,291,2191,69443,1,3,2,2,0,0,4,1,1,0,0,1,1,7,NA
3,"Supercopa","Supercopa Endesa","https://static.acb.com/img/14/39/3/27868634006.png","https://static.acb.com/img/1c/1a/3d/27940034120.png",91,2026,103,105681,20211947,20211947,20211947,"Nicolas  Laprovittola ","Nico Laprovittola","N. Laprovittola","Laprovittola",202,FALSE,202,NA,4482,3417,"Asisa Joventut","Asisa Joventut","JOV",63801,106,"Pérdida","Turnover","10",TRUE,3,5,49,00:05:49,49,48,0,0,69452,2,6,2,6,2,2,0,5,1,2,0,0,5,12,NA
3,"Supercopa","Supercopa Endesa","https://static.acb.com/img/14/39/3/27868634006.png","https://static.acb.com/img/1c/1a/3d/27940034120.png",91,2026,103,105681,30005346,30005346,21104824,"Devvajne Stevvart Jr","DJ Stewart Jr","DJ Stewart","Stewart",202,FALSE,202,NA,4484,3418,"Kosner Baskonia","Kosner Baskonia","BKN",63901,103,"Recuperación","Steal","3",FALSE,3,5,49,00:05:49,49,48,0,0,69452,0,2,0,0,1,4,1,0,1,0,0,2,2,1,NA
3,"Supercopa","Supercopa Endesa","https://static.acb.com/img/14/39/3/27868634006.png","https://static.acb.com/img/1c/1a/3d/27940034120.png",91,2026,103,105681,20210830,20210830,20210830,"Tadas Sedekerskis","Tadas Sedekerskis","T. Sedekerskis","Sedekerskis",202,FALSE,202,NA,4484,3418,"Kosner Baskonia","Kosner Baskonia","BKN",64001,93,"Canasta de 2","2-Point Shot Made","8",FALSE,3,5,46,00:05:46,49,50,352,-914,69456,0,0,3,5,0,1,5,1,0,0,0,0,2,6,NA
3,"Supercopa","Supercopa Endesa","https://static.acb.com/img/14/39/3/27868634006.png","https://static.acb.com/img/1c/1a/3d/27940034120.png",91,2026,103,105681,30005346,30005346,21104824,"Devvajne Stevvart Jr","DJ Stewart Jr","DJ Stewart","Stewart",202,FALSE,202,NA,4484,3418,"Kosner Baskonia","Kosner Baskonia","BKN",64201,107,"Asistencia tiro de 2","Assist 2-Point Shot","3",FALSE,3,5,46,00:05:46,49,50,0,0,69456,0,2,0,0,1,4,1,1,1,0,0,2,2,1,NA
3,"Supercopa","Supercopa Endesa","https://static.acb.com/img/14/39/3/27868634006.png","https://static.acb.com/img/1c/1a/3d/27940034120.png",91,2026,103,105681,20204133,20204133,20204133,"Alejandro  Reyes Abad","Álex Reyes","A. Reyes","Reyes",202,FALSE,202,NA,4482,3417,"Asisa Joventut","Asisa Joventut","JOV",64301,94,"Canasta de 3","3-Point Shot Made","18",TRUE,3,5,29,00:05:29,52,50,4678,-5610,69473,2,4,2,2,0,0,4,1,1,0,0,1,1,10,NA
3,"Supercopa","Supercopa Endesa","https://static.acb.com/img/14/39/3/27868634006.png","https://static.acb.com/img/1c/1a/3d/27940034120.png",91,2026,103,105681,30000927,30000927,21100827,"Kwan Treill Cheatham Jr","Kwan Cheatham","K. Cheatham","Cheatham",202,FALSE,202,NA,4482,3417,"Asisa Joventut","Asisa Joventut","JOV",64401,108,"Asistencia tiro de 3","Assist 3-Point Shot","55",TRUE,3,5,29,00:05:29,52,50,0,0,69473,0,1,0,0,0,0,2,1,0,0,1,0,0,0,NA
3,"Supercopa","Supercopa Endesa","https://static.acb.com/img/14/39/3/27868634006.png","https://static.acb.com/img/1c/1a/3d/27940034120.png",91,2026,103,105681,20204133,20204133,20204133,"Alejandro  Reyes Abad","Álex Reyes","A. Reyes","Reyes",202,FALSE,202,NA,4482,3417,"Asisa Joventut","Asisa Joventut","JOV",64601,159,"Personal no TL","Foul No FT","18",TRUE,3,5,14,00:05:14,52,50,0,0,69492,2,4,2,2,0,0,4,1,1,0,0,2,1,10,NA
3,"Supercopa","Supercopa Endesa","https://static.acb.com/img/14/39/3/27868634006.png","https://static.acb.com/img/1c/1a/3d/27940034120.png",91,2026,103,105681,30000202,30000202,21100193,"Matteo  Spagnolo ","Matteo Spagnolo","M. Spagnolo","Spagnolo",202,FALSE,202,NA,4484,3418,"Kosner Baskonia","Kosner Baskonia","BKN",64701,110,"Falta recibida","Foul Received","10",FALSE,3,5,14,00:05:14,52,50,0,0,69492,1,1,1,1,3,3,7,2,0,1,0,1,3,8,NA
3,"Supercopa","Supercopa Endesa","https://static.acb.com/img/14/39/3/27868634006.png","https://static.acb.com/img/1c/1a/3d/27940034120.png",91,2026,103,105681,20204133,20204133,20204133,"Alejandro  Reyes Abad","Álex Reyes","A. Reyes","Reyes",202,FALSE,202,NA,4482,3417,"Asisa Joventut","Asisa Joventut","JOV",64901,115,"Sale Pista","Substitution - Out","18",TRUE,3,5,14,00:05:14,52,50,0,0,69499,2,4,2,2,0,0,4,1,1,0,0,2,1,10,NA
3,"Supercopa","Supercopa Endesa","https://static.acb.com/img/14/39/3/27868634006.png","https://static.acb.com/img/1c/1a/3d/27940034120.png",91,2026,103,105681,30000095,30000095,21100094,"Yannick Story Kraag ","Yannick Kraag","Y. Kraag","Kraag",202,FALSE,202,NA,4482,3417,"Asisa Joventut","Asisa Joventut","JOV",65001,112,"Entra Pista","Substitution - In","1",TRUE,3,5,14,00:05:14,52,50,0,0,69499,0,1,1,3,0,0,2,0,1,0,0,0,0,2,NA
3,"Supercopa","Supercopa Endesa","https://static.acb.com/img/14/39/3/27868634006.png","https://static.acb.com/img/1c/1a/3d/27940034120.png",91,2026,103,105681,20210830,20210830,20210830,"Tadas Sedekerskis","Tadas Sedekerskis","T. Sedekerskis","Sedekerskis",202,FALSE,202,NA,4484,3418,"Kosner Baskonia","Kosner Baskonia","BKN",65101,115,"Sale Pista","Substitution - Out","8",FALSE,3,5,14,00:05:14,52,50,0,0,69499,0,0,3,5,0,1,5,1,0,0,0,0,2,6,NA
3,"Supercopa","Supercopa Endesa","https://static.acb.com/img/14/39/3/27868634006.png","https://static.acb.com/img/1c/1a/3d/27940034120.png",91,2026,103,105681,30005384,30005384,21104861,"Damion Devon Baugh","Damion Baugh","D. Baugh","Baugh",202,FALSE,202,NA,4484,3418,"Kosner Baskonia","Kosner Baskonia","BKN",65201,112,"Entra Pista","Substitution - In","12",FALSE,3,5,14,00:05:14,52,50,0,0,69499,0,1,0,0,0,0,0,0,0,0,0,1,0,0,NA
3,"Supercopa","Supercopa Endesa","https://static.acb.com/img/14/39/3/27868634006.png","https://static.acb.com/img/1c/1a/3d/27940034120.png",91,2026,103,105681,30005384,30005384,21104861,"Damion Devon Baugh","Damion Baugh","D. Baugh","Baugh",202,FALSE,202,NA,4484,3418,"Kosner Baskonia","Kosner Baskonia","BKN",65501,97,"Intento fallado de 2","2-Point Shot Missed","12",FALSE,3,5,9,00:05:09,52,50,631,2129,69524,0,1,0,1,0,0,0,0,0,0,0,1,0,0,NA
3,"Supercopa","Supercopa Endesa","https://static.acb.com/img/14/39/3/27868634006.png","https://static.acb.com/img/1c/1a/3d/27940034120.png",91,2026,103,105681,20212423,20212423,20212423,"Simon Fredrik Stefan Birgander ","Simon Birgander","S. Birgander","Birgander",202,FALSE,202,NA,4482,3417,"Asisa Joventut","Asisa Joventut","JOV",65601,104,"Rebote Defensivo","Defensive Rebound","35",TRUE,3,5,9,00:05:09,52,50,491,416,69524,0,0,0,0,0,0,7,0,0,1,0,3,0,0,NA
3,"Supercopa","Supercopa Endesa","https://static.acb.com/img/14/39/3/27868634006.png","https://static.acb.com/img/1c/1a/3d/27940034120.png",91,2026,103,105681,20211947,20211947,20211947,"Nicolas  Laprovittola ","Nico Laprovittola","N. Laprovittola","Laprovittola",202,FALSE,202,NA,4482,3417,"Asisa Joventut","Asisa Joventut","JOV",66201,109,"Falta en Ataque","Offensive Foul","10",TRUE,3,5,3,00:05:03,52,50,0,0,69610,2,6,2,6,2,2,0,5,1,2,0,1,5,12,NA
3,"Supercopa","Supercopa Endesa","https://static.acb.com/img/14/39/3/27868634006.png","https://static.acb.com/img/1c/1a/3d/27940034120.png",91,2026,103,105681,20211947,20211947,20211947,"Nicolas  Laprovittola ","Nico Laprovittola","N. Laprovittola","Laprovittola",202,FALSE,202,NA,4482,3417,"Asisa Joventut","Asisa Joventut","JOV",66202,106,"Pérdida","Turnover","10",TRUE,3,5,3,00:05:03,52,50,0,0,69610,2,6,2,6,2,2,0,5,1,3,0,1,5,12,NA
3,"Supercopa","Supercopa Endesa","https://static.acb.com/img/14/39/3/27868634006.png","https://static.acb.com/img/1c/1a/3d/27940034120.png",91,2026,103,105681,30000202,30000202,21100193,"Matteo  Spagnolo ","Matteo Spagnolo","M. Spagnolo","Spagnolo",202,FALSE,202,NA,4484,3418,"Kosner Baskonia","Kosner Baskonia","BKN",66203,110,"Falta recibida","Foul Received","10",FALSE,3,5,3,00:05:03,52,50,0,0,69610,1,1,1,1,3,3,7,2,0,1,0,1,4,8,NA
3,"Supercopa","Supercopa Endesa","https://static.acb.com/img/14/39/3/27868634006.png","https://static.acb.com/img/1c/1a/3d/27940034120.png",91,2026,103,105681,30005384,30005384,21104861,"Damion Devon Baugh","Damion Baugh","D. Baugh","Baugh",202,FALSE,202,NA,4484,3418,"Kosner Baskonia","Kosner Baskonia","BKN",66601,98,"Intento fallado de 3","3-Point Shot Missed","12",FALSE,3,4,42,00:04:42,52,50,0,-7124,69569,0,2,0,1,0,0,0,0,0,0,0,1,0,0,NA
3,"Supercopa","Supercopa Endesa","https://static.acb.com/img/14/39/3/27868634006.png","https://static.acb.com/img/1c/1a/3d/27940034120.png",91,2026,103,105681,30000202,30000202,21100193,"Matteo  Spagnolo ","Matteo Spagnolo","M. Spagnolo","Spagnolo",202,FALSE,202,NA,4484,3418,"Kosner Baskonia","Kosner Baskonia","BKN",66701,101,"Rebote Ofensivo","Offensive Rebound","10",FALSE,3,4,42,00:04:42,52,50,1069,-1473,69569,1,1,1,1,3,3,8,2,0,1,0,1,4,8,NA
3,"Supercopa","Supercopa Endesa","https://static.acb.com/img/14/39/3/27868634006.png","https://static.acb.com/img/1c/1a/3d/27940034120.png",91,2026,103,105681,20210498,20210498,20210498,"Ludvig Erik Hakanson ","Ludde Hakanson","L. Hakanson","Hakanson",202,FALSE,202,NA,4482,3417,"Asisa Joventut","Asisa Joventut","JOV",66901,161,"Personal 2TL","Foul 2FT","12",TRUE,3,4,31,00:04:31,52,50,0,0,69584,0,3,1,2,0,0,0,0,0,0,0,1,0,2,NA
3,"Supercopa","Supercopa Endesa","https://static.acb.com/img/14/39/3/27868634006.png","https://static.acb.com/img/1c/1a/3d/27940034120.png",91,2026,103,105681,30001957,30001957,21101631,"Markus Anthony Howard ","Markus Howard","M. Howard","Howard",202,FALSE,202,NA,4484,3418,"Kosner Baskonia","Kosner Baskonia","BKN",67001,110,"Falta recibida","Foul Received","0",FALSE,3,4,31,00:04:31,52,50,0,0,69584,0,2,0,1,0,0,1,1,0,1,0,1,1,0,NA
3,"Supercopa","Supercopa Endesa","https://static.acb.com/img/14/39/3/27868634006.png","https://static.acb.com/img/1c/1a/3d/27940034120.png",91,2026,103,105681,30001957,30001957,21101631,"Markus Anthony Howard ","Markus Howard","M. Howard","Howard",202,FALSE,202,NA,4484,3418,"Kosner Baskonia","Kosner Baskonia","BKN",67101,96,"Intento fallado de 1","Free Throw Missed","0",FALSE,3,4,31,00:04:31,52,50,0,0,69629,0,2,0,1,0,1,1,1,0,1,0,1,1,0,NA
3,"Supercopa","Supercopa Endesa","https://static.acb.com/img/14/39/3/27868634006.png","https://static.acb.com/img/1c/1a/3d/27940034120.png",91,2026,103,105681,30001957,30001957,21101631,"Markus Anthony Howard ","Markus Howard","M. Howard","Howard",202,FALSE,202,NA,4484,3418,"Kosner Baskonia","Kosner Baskonia","BKN",67201,96,"Intento fallado de 1","Free Throw Missed","0",FALSE,3,4,31,00:04:31,52,50,0,0,69630,0,2,0,1,0,2,1,1,0,1,0,1,1,0,NA
3,"Supercopa","Supercopa Endesa","https://static.acb.com/img/14/39/3/27868634006.png","https://static.acb.com/img/1c/1a/3d/27940034120.png",91,2026,103,105681,20212423,20212423,20212423,"Simon Fredrik Stefan Birgander ","Simon Birgander","S. Birgander","Birgander",202,FALSE,202,NA,4482,3417,"Asisa Joventut","Asisa Joventut","JOV",67301,104,"Rebote Defensivo","Defensive Rebound","35",TRUE,3,4,31,00:04:31,52,50,176,-685,69630,0,0,0,0,0,0,8,0,0,1,0,3,0,0,NA
3,"Supercopa","Supercopa Endesa","https://static.acb.com/img/14/39/3/27868634006.png","https://static.acb.com/img/1c/1a/3d/27940034120.png",91,2026,103,105681,20211947,20211947,20211947,"Nicolas  Laprovittola ","Nico Laprovittola","N. Laprovittola","Laprovittola",202,FALSE,202,NA,4482,3417,"Asisa Joventut","Asisa Joventut","JOV",67701,93,"Canasta de 2","2-Point Shot Made","10",TRUE,3,4,12,00:04:12,54,50,496,42,69649,2,6,3,7,2,2,0,5,1,3,0,1,5,14,NA
3,"Supercopa","Supercopa Endesa","https://static.acb.com/img/14/39/3/27868634006.png","https://static.acb.com/img/1c/1a/3d/27940034120.png",91,2026,103,105681,30000202,30000202,21100193,"Matteo  Spagnolo ","Matteo Spagnolo","M. Spagnolo","Spagnolo",202,FALSE,202,NA,4484,3418,"Kosner Baskonia","Kosner Baskonia","BKN",67801,93,"Canasta de 2","2-Point Shot Made","10",FALSE,3,4,0,00:04:00,54,52,266,-1637,69661,1,1,2,2,3,3,8,2,0,1,0,1,4,10,NA
3,"Supercopa","Supercopa Endesa","https://static.acb.com/img/14/39/3/27868634006.png","https://static.acb.com/img/1c/1a/3d/27940034120.png",91,2026,103,105681,30005384,30005384,21104861,"Damion Devon Baugh","Damion Baugh","D. Baugh","Baugh",202,FALSE,202,NA,4484,3418,"Kosner Baskonia","Kosner Baskonia","BKN",68101,115,"Sale Pista","Substitution - Out","12",FALSE,3,3,47,00:03:47,54,52,0,0,69676,0,2,0,1,0,0,0,0,0,0,0,1,0,0,NA
3,"Supercopa","Supercopa Endesa","https://static.acb.com/img/14/39/3/27868634006.png","https://static.acb.com/img/1c/1a/3d/27940034120.png",91,2026,103,105681,30004071,30004071,21103581,"Stefan  Joksimovic ","Stefan Joksimovic","S. Joksimovic","Joksimovic",202,FALSE,202,NA,4484,3418,"Kosner Baskonia","Kosner Baskonia","BKN",68201,112,"Entra Pista","Substitution - In","6",FALSE,3,3,47,00:03:47,54,52,0,0,69676,0,0,0,0,0,0,1,0,0,0,0,1,0,0,NA
3,"Supercopa","Supercopa Endesa","https://static.acb.com/img/14/39/3/27868634006.png","https://static.acb.com/img/1c/1a/3d/27940034120.png",91,2026,103,105681,30000927,30000927,21100827,"Kwan Treill Cheatham Jr","Kwan Cheatham","K. Cheatham","Cheatham",202,FALSE,202,NA,4482,3417,"Asisa Joventut","Asisa Joventut","JOV",68501,98,"Intento fallado de 3","3-Point Shot Missed","55",TRUE,3,3,38,00:03:38,54,52,0,-6728,69703,0,2,0,0,0,0,2,1,0,0,1,0,0,0,NA
3,"Supercopa","Supercopa Endesa","https://static.acb.com/img/14/39/3/27868634006.png","https://static.acb.com/img/1c/1a/3d/27940034120.png",91,2026,103,105681,NA,NA,NA,NA,NA,NA,NA,NA,NA,NA,NA,4482,3417,"Asisa Joventut","Asisa Joventut","JOV",68601,101,"Rebote Ofensivo","Offensive Rebound",NA,TRUE,3,3,38,00:03:38,54,52,0,0,69703,NA,NA,NA,NA,NA,NA,NA,NA,NA,NA,NA,NA,NA,NA,NA
3,"Supercopa","Supercopa Endesa","https://static.acb.com/img/14/39/3/27868634006.png","https://static.acb.com/img/1c/1a/3d/27940034120.png",91,2026,103,105681,20211947,20211947,20211947,"Nicolas  Laprovittola ","Nico Laprovittola","N. Laprovittola","Laprovittola",202,FALSE,202,NA,4482,3417,"Asisa Joventut","Asisa Joventut","JOV",68801,98,"Intento fallado de 3","3-Point Shot Missed","10",TRUE,3,3,32,00:03:32,54,52,162,6943,69733,2,7,3,7,2,2,0,5,1,3,0,1,5,14,NA
3,"Supercopa","Supercopa Endesa","https://static.acb.com/img/14/39/3/27868634006.png","https://static.acb.com/img/1c/1a/3d/27940034120.png",91,2026,103,105681,30005346,30005346,21104824,"Devvajne Stevvart Jr","DJ Stewart Jr","DJ Stewart","Stewart",202,FALSE,202,NA,4484,3418,"Kosner Baskonia","Kosner Baskonia","BKN",68901,104,"Rebote Defensivo","Defensive Rebound","3",FALSE,3,3,32,00:03:32,54,52,1012,-2845,69733,0,2,0,0,1,4,2,1,1,0,0,2,2,1,NA
3,"Supercopa","Supercopa Endesa","https://static.acb.com/img/14/39/3/27868634006.png","https://static.acb.com/img/1c/1a/3d/27940034120.png",91,2026,103,105681,30000202,30000202,21100193,"Matteo  Spagnolo ","Matteo Spagnolo","M. Spagnolo","Spagnolo",202,FALSE,202,NA,4484,3418,"Kosner Baskonia","Kosner Baskonia","BKN",69001,97,"Intento fallado de 2","2-Point Shot Missed","10",FALSE,3,3,21,00:03:21,54,52,482,738,69744,1,1,2,3,3,3,8,2,0,1,0,1,4,10,NA
3,"Supercopa","Supercopa Endesa","https://static.acb.com/img/14/39/3/27868634006.png","https://static.acb.com/img/1c/1a/3d/27940034120.png",91,2026,103,105681,30000202,30000202,21100193,"Matteo  Spagnolo ","Matteo Spagnolo","M. Spagnolo","Spagnolo",202,FALSE,202,NA,4484,3418,"Kosner Baskonia","Kosner Baskonia","BKN",69101,105,"Tapón Recibido","Block Received","10",FALSE,3,3,21,00:03:21,54,52,0,0,69744,1,1,2,3,3,3,8,2,0,1,0,1,4,10,NA
3,"Supercopa","Supercopa Endesa","https://static.acb.com/img/14/39/3/27868634006.png","https://static.acb.com/img/1c/1a/3d/27940034120.png",91,2026,103,105681,20212423,20212423,20212423,"Simon Fredrik Stefan Birgander ","Simon Birgander","S. Birgander","Birgander",202,FALSE,202,NA,4482,3417,"Asisa Joventut","Asisa Joventut","JOV",69201,102,"Tapón","Block","35",TRUE,3,3,21,00:03:21,54,52,0,0,69744,0,0,0,0,0,0,8,0,0,1,1,3,0,0,NA
3,"Supercopa","Supercopa Endesa","https://static.acb.com/img/14/39/3/27868634006.png","https://static.acb.com/img/1c/1a/3d/27940034120.png",91,2026,103,105681,30000927,30000927,21100827,"Kwan Treill Cheatham Jr","Kwan Cheatham","K. Cheatham","Cheatham",202,FALSE,202,NA,4482,3417,"Asisa Joventut","Asisa Joventut","JOV",69301,104,"Rebote Defensivo","Defensive Rebound","55",TRUE,3,3,21,00:03:21,54,52,851,62,69744,0,2,0,0,0,0,3,1,0,0,1,0,0,0,NA
3,"Supercopa","Supercopa Endesa","https://static.acb.com/img/14/39/3/27868634006.png","https://static.acb.com/img/1c/1a/3d/27940034120.png",91,2026,103,105681,30000927,30000927,21100827,"Kwan Treill Cheatham Jr","Kwan Cheatham","K. Cheatham","Cheatham",202,FALSE,202,NA,4482,3417,"Asisa Joventut","Asisa Joventut","JOV",69401,93,"Canasta de 2","2-Point Shot Made","55",TRUE,3,3,7,00:03:07,56,52,377,-4642,69758,0,2,1,1,0,0,3,1,0,0,1,0,0,2,NA
3,"Supercopa","Supercopa Endesa","https://static.acb.com/img/14/39/3/27868634006.png","https://static.acb.com/img/1c/1a/3d/27940034120.png",91,2026,103,105681,NA,NA,NA,NA,NA,NA,NA,NA,NA,NA,NA,4484,3418,"Kosner Baskonia","Kosner Baskonia","BKN",69701,106,"Pérdida","Turnover",NA,FALSE,3,2,39,00:02:39,56,52,0,0,69789,NA,NA,NA,NA,NA,NA,NA,NA,NA,NA,NA,NA,NA,NA,NA
3,"Supercopa","Supercopa Endesa","https://static.acb.com/img/14/39/3/27868634006.png","https://static.acb.com/img/1c/1a/3d/27940034120.png",91,2026,103,105681,NA,NA,NA,NA,NA,NA,NA,NA,NA,NA,NA,4482,3417,"Asisa Joventut","Asisa Joventut","JOV",69801,103,"Recuperación","Steal",NA,TRUE,3,2,39,00:02:39,56,52,0,0,69789,NA,NA,NA,NA,NA,NA,NA,NA,NA,NA,NA,NA,NA,NA,NA
3,"Supercopa","Supercopa Endesa","https://static.acb.com/img/14/39/3/27868634006.png","https://static.acb.com/img/1c/1a/3d/27940034120.png",91,2026,103,105681,20212423,20212423,20212423,"Simon Fredrik Stefan Birgander ","Simon Birgander","S. Birgander","Birgander",202,FALSE,202,NA,4482,3417,"Asisa Joventut","Asisa Joventut","JOV",70001,115,"Sale Pista","Substitution - Out","35",TRUE,3,2,39,00:02:39,56,52,0,0,69794,0,0,0,0,0,0,8,0,0,1,1,3,0,0,NA
3,"Supercopa","Supercopa Endesa","https://static.acb.com/img/14/39/3/27868634006.png","https://static.acb.com/img/1c/1a/3d/27940034120.png",91,2026,103,105681,20210828,20210828,20210828,"Emir  Sulejmanovic ","Emir Sulejmanovic","E. Sulejmanovic","Sulejmanovic",202,FALSE,202,NA,4482,3417,"Asisa Joventut","Asisa Joventut","JOV",70101,112,"Entra Pista","Substitution - In","19",TRUE,3,2,39,00:02:39,56,52,0,0,69794,0,1,2,2,0,1,2,0,0,0,0,3,1,4,NA
3,"Supercopa","Supercopa Endesa","https://static.acb.com/img/14/39/3/27868634006.png","https://static.acb.com/img/1c/1a/3d/27940034120.png",91,2026,103,105681,30005464,30005464,21104932,"Kenneth Bernard Faried Lewis","Kenneth Faried","K. Faried","Faried",202,FALSE,202,NA,4484,3418,"Kosner Baskonia","Kosner Baskonia","BKN",70201,115,"Sale Pista","Substitution - Out","35",FALSE,3,2,39,00:02:39,56,52,0,0,69794,0,0,0,3,2,4,3,1,0,1,0,0,2,2,NA
3,"Supercopa","Supercopa Endesa","https://static.acb.com/img/14/39/3/27868634006.png","https://static.acb.com/img/1c/1a/3d/27940034120.png",91,2026,103,105681,20211797,20211797,20211797,"Rodions  Kurucs ","Rodions Kurucs","R. Kurucs","Kurucs",202,FALSE,202,NA,4484,3418,"Kosner Baskonia","Kosner Baskonia","BKN",70301,112,"Entra Pista","Substitution - In","7",FALSE,3,2,39,00:02:39,56,52,0,0,69794,0,1,1,1,1,2,1,0,1,1,0,1,2,3,NA
3,"Supercopa","Supercopa Endesa","https://static.acb.com/img/14/39/3/27868634006.png","https://static.acb.com/img/1c/1a/3d/27940034120.png",91,2026,103,105681,20210828,20210828,20210828,"Emir  Sulejmanovic ","Emir Sulejmanovic","E. Sulejmanovic","Sulejmanovic",202,FALSE,202,NA,4482,3417,"Asisa Joventut","Asisa Joventut","JOV",70601,97,"Intento fallado de 2","2-Point Shot Missed","19",TRUE,3,2,18,00:02:18,56,52,537,-593,69837,0,1,2,3,0,1,2,0,0,0,0,3,1,4,NA
3,"Supercopa","Supercopa Endesa","https://static.acb.com/img/14/39/3/27868634006.png","https://static.acb.com/img/1c/1a/3d/27940034120.png",91,2026,103,105681,30000095,30000095,21100094,"Yannick Story Kraag ","Yannick Kraag","Y. Kraag","Kraag",202,FALSE,202,NA,4482,3417,"Asisa Joventut","Asisa Joventut","JOV",70701,101,"Rebote Ofensivo","Offensive Rebound","1",TRUE,3,2,18,00:02:18,56,52,1315,230,69837,0,1,1,3,0,0,3,0,1,0,0,0,0,2,NA
3,"Supercopa","Supercopa Endesa","https://static.acb.com/img/14/39/3/27868634006.png","https://static.acb.com/img/1c/1a/3d/27940034120.png",91,2026,103,105681,30000095,30000095,21100094,"Yannick Story Kraag ","Yannick Kraag","Y. Kraag","Kraag",202,FALSE,202,NA,4482,3417,"Asisa Joventut","Asisa Joventut","JOV",70901,93,"Canasta de 2","2-Point Shot Made","1",TRUE,3,2,16,00:02:16,58,52,791,81,69841,0,1,2,4,0,0,3,0,1,0,0,0,0,4,NA
3,"Supercopa","Supercopa Endesa","https://static.acb.com/img/14/39/3/27868634006.png","https://static.acb.com/img/1c/1a/3d/27940034120.png",91,2026,103,105681,NA,NA,NA,NA,NA,NA,NA,NA,NA,NA,NA,4484,3418,"Kosner Baskonia","Kosner Baskonia","BKN",71301,113,"Tiempo Muerto","Timeout",NA,FALSE,3,2,16,00:02:16,58,52,0,0,69846,NA,NA,NA,NA,NA,NA,NA,NA,NA,NA,NA,NA,NA,NA,NA
3,"Supercopa","Supercopa Endesa","https://static.acb.com/img/14/39/3/27868634006.png","https://static.acb.com/img/1c/1a/3d/27940034120.png",91,2026,103,105681,30001957,30001957,21101631,"Markus Anthony Howard ","Markus Howard","M. Howard","Howard",202,FALSE,202,NA,4484,3418,"Kosner Baskonia","Kosner Baskonia","BKN",71501,115,"Sale Pista","Substitution - Out","0",FALSE,3,2,16,00:02:16,58,52,0,0,69922,0,2,0,1,0,2,1,1,0,1,0,1,1,0,NA
3,"Supercopa","Supercopa Endesa","https://static.acb.com/img/14/39/3/27868634006.png","https://static.acb.com/img/1c/1a/3d/27940034120.png",91,2026,103,105681,30004878,30004878,21104384,"Kobi Jordan Simmons ","Kobi Simmons","K. Simmons","Simmons",202,FALSE,202,NA,4484,3418,"Kosner Baskonia","Kosner Baskonia","BKN",71601,112,"Entra Pista","Substitution - In","2",FALSE,3,2,16,00:02:16,58,52,0,0,69922,1,4,1,1,5,6,1,6,2,0,0,2,4,10,NA
3,"Supercopa","Supercopa Endesa","https://static.acb.com/img/14/39/3/27868634006.png","https://static.acb.com/img/1c/1a/3d/27940034120.png",91,2026,103,105681,30005346,30005346,21104824,"Devvajne Stevvart Jr","DJ Stewart Jr","DJ Stewart","Stewart",202,FALSE,202,NA,4484,3418,"Kosner Baskonia","Kosner Baskonia","BKN",72001,93,"Canasta de 2","2-Point Shot Made","3",FALSE,3,2,1,00:02:01,58,54,955,88,69976,0,2,1,1,1,4,2,1,1,0,0,2,2,3,NA
3,"Supercopa","Supercopa Endesa","https://static.acb.com/img/14/39/3/27868634006.png","https://static.acb.com/img/1c/1a/3d/27940034120.png",91,2026,103,105681,20210828,20210828,20210828,"Emir  Sulejmanovic ","Emir Sulejmanovic","E. Sulejmanovic","Sulejmanovic",202,FALSE,202,NA,4482,3417,"Asisa Joventut","Asisa Joventut","JOV",72101,100,"Mate","Dunk","19",TRUE,3,1,43,00:01:43,60,54,0,0,69994,0,1,3,4,0,1,2,0,0,0,0,3,1,6,NA
3,"Supercopa","Supercopa Endesa","https://static.acb.com/img/14/39/3/27868634006.png","https://static.acb.com/img/1c/1a/3d/27940034120.png",91,2026,103,105681,20211947,20211947,20211947,"Nicolas  Laprovittola ","Nico Laprovittola","N. Laprovittola","Laprovittola",202,FALSE,202,NA,4482,3417,"Asisa Joventut","Asisa Joventut","JOV",72201,107,"Asistencia tiro de 2","Assist 2-Point Shot","10",TRUE,3,1,43,00:01:43,60,54,0,0,69994,2,7,3,7,2,2,0,6,1,3,0,1,5,14,NA
3,"Supercopa","Supercopa Endesa","https://static.acb.com/img/14/39/3/27868634006.png","https://static.acb.com/img/1c/1a/3d/27940034120.png",91,2026,103,105681,30005346,30005346,21104824,"Devvajne Stevvart Jr","DJ Stewart Jr","DJ Stewart","Stewart",202,FALSE,202,NA,4484,3418,"Kosner Baskonia","Kosner Baskonia","BKN",72401,97,"Intento fallado de 2","2-Point Shot Missed","3",FALSE,3,1,33,00:01:33,60,54,190,637,70004,0,2,1,2,1,4,2,1,1,0,0,2,2,3,NA
3,"Supercopa","Supercopa Endesa","https://static.acb.com/img/14/39/3/27868634006.png","https://static.acb.com/img/1c/1a/3d/27940034120.png",91,2026,103,105681,20210828,20210828,20210828,"Emir  Sulejmanovic ","Emir Sulejmanovic","E. Sulejmanovic","Sulejmanovic",202,FALSE,202,NA,4482,3417,"Asisa Joventut","Asisa Joventut","JOV",72501,104,"Rebote Defensivo","Defensive Rebound","19",TRUE,3,1,33,00:01:33,60,54,605,-268,70004,0,1,3,4,0,1,3,0,0,0,0,3,1,6,NA
3,"Supercopa","Supercopa Endesa","https://static.acb.com/img/14/39/3/27868634006.png","https://static.acb.com/img/1c/1a/3d/27940034120.png",91,2026,103,105681,20211797,20211797,20211797,"Rodions  Kurucs ","Rodions Kurucs","R. Kurucs","Kurucs",202,FALSE,202,NA,4484,3418,"Kosner Baskonia","Kosner Baskonia","BKN",72601,159,"Personal no TL","Foul No FT","7",FALSE,3,1,31,00:01:31,60,54,0,0,70012,0,1,1,1,1,2,1,0,1,1,0,2,2,3,NA
3,"Supercopa","Supercopa Endesa","https://static.acb.com/img/14/39/3/27868634006.png","https://static.acb.com/img/1c/1a/3d/27940034120.png",91,2026,103,105681,20210828,20210828,20210828,"Emir  Sulejmanovic ","Emir Sulejmanovic","E. Sulejmanovic","Sulejmanovic",202,FALSE,202,NA,4482,3417,"Asisa Joventut","Asisa Joventut","JOV",72701,110,"Falta recibida","Foul Received","19",TRUE,3,1,31,00:01:31,60,54,0,0,70012,0,1,3,4,0,1,3,0,0,0,0,3,2,6,NA
3,"Supercopa","Supercopa Endesa","https://static.acb.com/img/14/39/3/27868634006.png","https://static.acb.com/img/1c/1a/3d/27940034120.png",91,2026,103,105681,30000927,30000927,21100827,"Kwan Treill Cheatham Jr","Kwan Cheatham","K. Cheatham","Cheatham",202,FALSE,202,NA,4482,3417,"Asisa Joventut","Asisa Joventut","JOV",72901,94,"Canasta de 3","3-Point Shot Made","55",TRUE,3,1,19,00:01:19,63,54,5364,5143,70044,1,3,1,1,0,0,3,1,0,0,1,0,0,5,NA
3,"Supercopa","Supercopa Endesa","https://static.acb.com/img/14/39/3/27868634006.png","https://static.acb.com/img/1c/1a/3d/27940034120.png",91,2026,103,105681,20210828,20210828,20210828,"Emir  Sulejmanovic ","Emir Sulejmanovic","E. Sulejmanovic","Sulejmanovic",202,FALSE,202,NA,4482,3417,"Asisa Joventut","Asisa Joventut","JOV",73001,108,"Asistencia tiro de 3","Assist 3-Point Shot","19",TRUE,3,1,19,00:01:19,63,54,0,0,70044,0,1,3,4,0,1,3,1,0,0,0,3,2,6,NA
3,"Supercopa","Supercopa Endesa","https://static.acb.com/img/14/39/3/27868634006.png","https://static.acb.com/img/1c/1a/3d/27940034120.png",91,2026,103,105681,30000095,30000095,21100094,"Yannick Story Kraag ","Yannick Kraag","Y. Kraag","Kraag",202,FALSE,202,NA,4482,3417,"Asisa Joventut","Asisa Joventut","JOV",73301,161,"Personal 2TL","Foul 2FT","1",TRUE,3,1,1,00:01:01,63,54,0,0,70073,0,1,2,4,0,0,3,0,1,0,0,1,0,4,NA
3,"Supercopa","Supercopa Endesa","https://static.acb.com/img/14/39/3/27868634006.png","https://static.acb.com/img/1c/1a/3d/27940034120.png",91,2026,103,105681,20211797,20211797,20211797,"Rodions  Kurucs ","Rodions Kurucs","R. Kurucs","Kurucs",202,FALSE,202,NA,4484,3418,"Kosner Baskonia","Kosner Baskonia","BKN",73401,110,"Falta recibida","Foul Received","7",FALSE,3,1,1,00:01:01,63,54,0,0,70073,0,1,1,1,1,2,1,0,1,1,0,2,3,3,NA
3,"Supercopa","Supercopa Endesa","https://static.acb.com/img/14/39/3/27868634006.png","https://static.acb.com/img/1c/1a/3d/27940034120.png",91,2026,103,105681,20211797,20211797,20211797,"Rodions  Kurucs ","Rodions Kurucs","R. Kurucs","Kurucs",202,FALSE,202,NA,4484,3418,"Kosner Baskonia","Kosner Baskonia","BKN",73501,92,"Canasta de 1","Free Throw Made","7",FALSE,3,1,1,00:01:01,63,55,0,0,70096,0,1,1,1,2,3,1,0,1,1,0,2,3,4,NA
3,"Supercopa","Supercopa Endesa","https://static.acb.com/img/14/39/3/27868634006.png","https://static.acb.com/img/1c/1a/3d/27940034120.png",91,2026,103,105681,20211797,20211797,20211797,"Rodions  Kurucs ","Rodions Kurucs","R. Kurucs","Kurucs",202,FALSE,202,NA,4484,3418,"Kosner Baskonia","Kosner Baskonia","BKN",73601,96,"Intento fallado de 1","Free Throw Missed","7",FALSE,3,1,1,00:01:01,63,55,0,0,70112,0,1,1,1,2,4,1,0,1,1,0,2,3,4,NA
3,"Supercopa","Supercopa Endesa","https://static.acb.com/img/14/39/3/27868634006.png","https://static.acb.com/img/1c/1a/3d/27940034120.png",91,2026,103,105681,20210828,20210828,20210828,"Emir  Sulejmanovic ","Emir Sulejmanovic","E. Sulejmanovic","Sulejmanovic",202,FALSE,202,NA,4482,3417,"Asisa Joventut","Asisa Joventut","JOV",73701,104,"Rebote Defensivo","Defensive Rebound","19",TRUE,3,1,1,00:01:01,63,55,859,537,70112,0,1,3,4,0,1,4,1,0,0,0,3,2,6,NA
3,"Supercopa","Supercopa Endesa","https://static.acb.com/img/14/39/3/27868634006.png","https://static.acb.com/img/1c/1a/3d/27940034120.png",91,2026,103,105681,30000095,30000095,21100094,"Yannick Story Kraag ","Yannick Kraag","Y. Kraag","Kraag",202,FALSE,202,NA,4482,3417,"Asisa Joventut","Asisa Joventut","JOV",74301,98,"Intento fallado de 3","3-Point Shot Missed","1",TRUE,3,0,51,00:00:51,63,55,0,-6932,70122,0,2,2,4,0,0,3,0,1,0,0,1,0,4,NA
3,"Supercopa","Supercopa Endesa","https://static.acb.com/img/14/39/3/27868634006.png","https://static.acb.com/img/1c/1a/3d/27940034120.png",91,2026,103,105681,20211797,20211797,20211797,"Rodions  Kurucs ","Rodions Kurucs","R. Kurucs","Kurucs",202,FALSE,202,NA,4484,3418,"Kosner Baskonia","Kosner Baskonia","BKN",74401,104,"Rebote Defensivo","Defensive Rebound","7",FALSE,3,0,51,00:00:51,63,55,2855,28,70122,0,1,1,1,2,4,2,0,1,1,0,2,3,4,NA
3,"Supercopa","Supercopa Endesa","https://static.acb.com/img/14/39/3/27868634006.png","https://static.acb.com/img/1c/1a/3d/27940034120.png",91,2026,103,105681,30000202,30000202,21100193,"Matteo  Spagnolo ","Matteo Spagnolo","M. Spagnolo","Spagnolo",202,FALSE,202,NA,4484,3418,"Kosner Baskonia","Kosner Baskonia","BKN",74601,97,"Intento fallado de 2","2-Point Shot Missed","10",FALSE,3,0,31,00:00:31,63,55,521,468,70142,1,1,2,4,3,3,8,2,0,1,0,1,4,10,NA
3,"Supercopa","Supercopa Endesa","https://static.acb.com/img/14/39/3/27868634006.png","https://static.acb.com/img/1c/1a/3d/27940034120.png",91,2026,103,105681,30000202,30000202,21100193,"Matteo  Spagnolo ","Matteo Spagnolo","M. Spagnolo","Spagnolo",202,FALSE,202,NA,4484,3418,"Kosner Baskonia","Kosner Baskonia","BKN",74701,105,"Tapón Recibido","Block Received","10",FALSE,3,0,31,00:00:31,63,55,0,0,70142,1,1,2,4,3,3,8,2,0,1,0,1,4,10,NA
3,"Supercopa","Supercopa Endesa","https://static.acb.com/img/14/39/3/27868634006.png","https://static.acb.com/img/1c/1a/3d/27940034120.png",91,2026,103,105681,30000095,30000095,21100094,"Yannick Story Kraag ","Yannick Kraag","Y. Kraag","Kraag",202,FALSE,202,NA,4482,3417,"Asisa Joventut","Asisa Joventut","JOV",74801,102,"Tapón","Block","1",TRUE,3,0,31,00:00:31,63,55,0,0,70142,0,2,2,4,0,0,3,0,1,0,1,1,0,4,NA
3,"Supercopa","Supercopa Endesa","https://static.acb.com/img/14/39/3/27868634006.png","https://static.acb.com/img/1c/1a/3d/27940034120.png",91,2026,103,105681,20210828,20210828,20210828,"Emir  Sulejmanovic ","Emir Sulejmanovic","E. Sulejmanovic","Sulejmanovic",202,FALSE,202,NA,4482,3417,"Asisa Joventut","Asisa Joventut","JOV",74901,104,"Rebote Defensivo","Defensive Rebound","19",TRUE,3,0,31,00:00:31,63,55,1012,283,70142,0,1,3,4,0,1,5,1,0,0,0,3,2,6,NA
3,"Supercopa","Supercopa Endesa","https://static.acb.com/img/14/39/3/27868634006.png","https://static.acb.com/img/1c/1a/3d/27940034120.png",91,2026,103,105681,20211797,20211797,20211797,"Rodions  Kurucs ","Rodions Kurucs","R. Kurucs","Kurucs",202,FALSE,202,NA,4484,3418,"Kosner Baskonia","Kosner Baskonia","BKN",75001,161,"Personal 2TL","Foul 2FT","7",FALSE,3,0,28,00:00:28,63,55,0,0,70149,0,1,1,1,2,4,2,0,1,1,0,3,3,4,NA
3,"Supercopa","Supercopa Endesa","https://static.acb.com/img/14/39/3/27868634006.png","https://static.acb.com/img/1c/1a/3d/27940034120.png",91,2026,103,105681,20211947,20211947,20211947,"Nicolas  Laprovittola ","Nico Laprovittola","N. Laprovittola","Laprovittola",202,FALSE,202,NA,4482,3417,"Asisa Joventut","Asisa Joventut","JOV",75101,110,"Falta recibida","Foul Received","10",TRUE,3,0,28,00:00:28,63,55,0,0,70149,2,7,3,7,2,2,0,6,1,3,0,1,6,14,NA
3,"Supercopa","Supercopa Endesa","https://static.acb.com/img/14/39/3/27868634006.png","https://static.acb.com/img/1c/1a/3d/27940034120.png",91,2026,103,105681,20210828,20210828,20210828,"Emir  Sulejmanovic ","Emir Sulejmanovic","E. Sulejmanovic","Sulejmanovic",202,FALSE,202,NA,4482,3417,"Asisa Joventut","Asisa Joventut","JOV",75301,115,"Sale Pista","Substitution - Out","19",TRUE,3,0,28,00:00:28,63,55,0,0,70161,0,1,3,4,0,1,5,1,0,0,0,3,2,6,NA
3,"Supercopa","Supercopa Endesa","https://static.acb.com/img/14/39/3/27868634006.png","https://static.acb.com/img/1c/1a/3d/27940034120.png",91,2026,103,105681,30000927,30000927,21100827,"Kwan Treill Cheatham Jr","Kwan Cheatham","K. Cheatham","Cheatham",202,FALSE,202,NA,4482,3417,"Asisa Joventut","Asisa Joventut","JOV",75401,115,"Sale Pista","Substitution - Out","55",TRUE,3,0,28,00:00:28,63,55,0,0,70161,1,3,1,1,0,0,3,1,0,0,1,0,0,5,NA
3,"Supercopa","Supercopa Endesa","https://static.acb.com/img/14/39/3/27868634006.png","https://static.acb.com/img/1c/1a/3d/27940034120.png",91,2026,103,105681,30004053,30004053,21103564,"Isaac  Nogués Gonzalez","Isaac Nogués","I. Nogués","Nogués",202,FALSE,202,NA,4482,3417,"Asisa Joventut","Asisa Joventut","JOV",75501,112,"Entra Pista","Substitution - In","32",TRUE,3,0,28,00:00:28,63,55,0,0,70161,0,0,0,0,0,0,0,0,0,1,0,1,0,0,NA
3,"Supercopa","Supercopa Endesa","https://static.acb.com/img/14/39/3/27868634006.png","https://static.acb.com/img/1c/1a/3d/27940034120.png",91,2026,103,105681,30001229,30001229,21101034,"Eli John Ndiaye Faye","Eli Ndiaye","E. Ndiaye","Ndiaye",202,FALSE,202,NA,4482,3417,"Asisa Joventut","Asisa Joventut","JOV",75601,112,"Entra Pista","Substitution - In","4",TRUE,3,0,28,00:00:28,63,55,0,0,70161,1,2,2,3,0,0,3,0,0,0,1,2,0,7,NA
3,"Supercopa","Supercopa Endesa","https://static.acb.com/img/14/39/3/27868634006.png","https://static.acb.com/img/1c/1a/3d/27940034120.png",91,2026,103,105681,30004071,30004071,21103581,"Stefan  Joksimovic ","Stefan Joksimovic","S. Joksimovic","Joksimovic",202,FALSE,202,NA,4484,3418,"Kosner Baskonia","Kosner Baskonia","BKN",75701,115,"Sale Pista","Substitution - Out","6",FALSE,3,0,28,00:00:28,63,55,0,0,70161,0,0,0,0,0,0,1,0,0,0,0,1,0,0,NA
3,"Supercopa","Supercopa Endesa","https://static.acb.com/img/14/39/3/27868634006.png","https://static.acb.com/img/1c/1a/3d/27940034120.png",91,2026,103,105681,30003966,30003966,21103485,"Christopher  Theoret Duarte","Chris Duarte","C. Duarte","Duarte",202,FALSE,202,NA,4484,3418,"Kosner Baskonia","Kosner Baskonia","BKN",75801,112,"Entra Pista","Substitution - In","5",FALSE,3,0,28,00:00:28,63,55,0,0,70161,1,4,1,2,1,1,2,0,0,1,1,1,1,6,NA
3,"Supercopa","Supercopa Endesa","https://static.acb.com/img/14/39/3/27868634006.png","https://static.acb.com/img/1c/1a/3d/27940034120.png",91,2026,103,105681,20211947,20211947,20211947,"Nicolas  Laprovittola ","Nico Laprovittola","N. Laprovittola","Laprovittola",202,FALSE,202,NA,4482,3417,"Asisa Joventut","Asisa Joventut","JOV",75901,92,"Canasta de 1","Free Throw Made","10",TRUE,3,0,28,00:00:28,64,55,0,0,70196,2,7,3,7,3,3,0,6,1,3,0,1,6,15,NA
3,"Supercopa","Supercopa Endesa","https://static.acb.com/img/14/39/3/27868634006.png","https://static.acb.com/img/1c/1a/3d/27940034120.png",91,2026,103,105681,20211947,20211947,20211947,"Nicolas  Laprovittola ","Nico Laprovittola","N. Laprovittola","Laprovittola",202,FALSE,202,NA,4482,3417,"Asisa Joventut","Asisa Joventut","JOV",76001,92,"Canasta de 1","Free Throw Made","10",TRUE,3,0,28,00:00:28,65,55,0,0,70210,2,7,3,7,4,4,0,6,1,3,0,1,6,16,NA
3,"Supercopa","Supercopa Endesa","https://static.acb.com/img/14/39/3/27868634006.png","https://static.acb.com/img/1c/1a/3d/27940034120.png",91,2026,103,105681,20210498,20210498,20210498,"Ludvig Erik Hakanson ","Ludde Hakanson","L. Hakanson","Hakanson",202,FALSE,202,NA,4482,3417,"Asisa Joventut","Asisa Joventut","JOV",76301,115,"Sale Pista","Substitution - Out","12",TRUE,3,0,28,00:00:28,65,55,0,0,70212,0,3,1,2,0,0,0,0,0,0,0,1,0,2,NA
3,"Supercopa","Supercopa Endesa","https://static.acb.com/img/14/39/3/27868634006.png","https://static.acb.com/img/1c/1a/3d/27940034120.png",91,2026,103,105681,30005413,30005413,21104890,"Rejean Amor Ellis","Boogie Ellis","B. Ellis","Ellis",202,FALSE,202,NA,4482,3417,"Asisa Joventut","Asisa Joventut","JOV",76401,112,"Entra Pista","Substitution - In","3",TRUE,3,0,28,00:00:28,65,55,0,0,70212,2,3,1,4,0,0,1,0,0,1,0,2,3,8,NA
3,"Supercopa","Supercopa Endesa","https://static.acb.com/img/14/39/3/27868634006.png","https://static.acb.com/img/1c/1a/3d/27940034120.png",91,2026,103,105681,30003966,30003966,21103485,"Christopher  Theoret Duarte","Chris Duarte","C. Duarte","Duarte",202,FALSE,202,NA,4484,3418,"Kosner Baskonia","Kosner Baskonia","BKN",76701,93,"Canasta de 2","2-Point Shot Made","5",FALSE,3,0,12,00:00:12,65,57,327,-589,70239,1,4,2,3,1,1,2,0,0,1,1,1,1,8,NA
3,"Supercopa","Supercopa Endesa","https://static.acb.com/img/14/39/3/27868634006.png","https://static.acb.com/img/1c/1a/3d/27940034120.png",91,2026,103,105681,20211947,20211947,20211947,"Nicolas  Laprovittola ","Nico Laprovittola","N. Laprovittola","Laprovittola",202,FALSE,202,NA,4482,3417,"Asisa Joventut","Asisa Joventut","JOV",77101,94,"Canasta de 3","3-Point Shot Made","10",TRUE,3,0,4,00:00:04,68,57,6563,4209,70247,3,8,3,7,4,4,0,6,1,3,0,1,6,19,NA
3,"Supercopa","Supercopa Endesa","https://static.acb.com/img/14/39/3/27868634006.png","https://static.acb.com/img/1c/1a/3d/27940034120.png",91,2026,103,105681,NA,NA,NA,NA,NA,NA,NA,NA,NA,NA,NA,NA,NA,NA,NA,NA,77301,116,"Final de Periodo","End of the Quarter",NA,FALSE,3,0,0,00:00:00,68,57,0,0,70258,NA,NA,NA,NA,NA,NA,NA,NA,NA,NA,NA,NA,NA,NA,NA
3,"Supercopa","Supercopa Endesa","https://static.acb.com/img/14/39/3/27868634006.png","https://static.acb.com/img/1c/1a/3d/27940034120.png",91,2026,103,105681,NA,NA,NA,NA,NA,NA,NA,NA,NA,NA,NA,NA,NA,NA,NA,NA,77401,121,"Inicio Periodo","Start of the Quarter",NA,FALSE,4,10,0,00:10:00,68,57,0,0,70258,NA,NA,NA,NA,NA,NA,NA,NA,NA,NA,NA,NA,NA,NA,NA
3,"Supercopa","Supercopa Endesa","https://static.acb.com/img/14/39/3/27868634006.png","https://static.acb.com/img/1c/1a/3d/27940034120.png",91,2026,103,105681,30004053,30004053,21103564,"Isaac  Nogués Gonzalez","Isaac Nogués","I. Nogués","Nogués",202,FALSE,202,NA,4482,3417,"Asisa Joventut","Asisa Joventut","JOV",77601,115,"Sale Pista","Substitution - Out","32",TRUE,4,10,0,00:10:00,68,57,0,0,70296,0,0,0,0,0,0,0,0,0,1,0,1,0,0,NA
3,"Supercopa","Supercopa Endesa","https://static.acb.com/img/14/39/3/27868634006.png","https://static.acb.com/img/1c/1a/3d/27940034120.png",91,2026,103,105681,30000095,30000095,21100094,"Yannick Story Kraag ","Yannick Kraag","Y. Kraag","Kraag",202,FALSE,202,NA,4482,3417,"Asisa Joventut","Asisa Joventut","JOV",77701,115,"Sale Pista","Substitution - Out","1",TRUE,4,10,0,00:10:00,68,57,0,0,70296,0,2,2,4,0,0,3,0,1,0,1,1,0,4,NA
3,"Supercopa","Supercopa Endesa","https://static.acb.com/img/14/39/3/27868634006.png","https://static.acb.com/img/1c/1a/3d/27940034120.png",91,2026,103,105681,20211947,20211947,20211947,"Nicolas  Laprovittola ","Nico Laprovittola","N. Laprovittola","Laprovittola",202,FALSE,202,NA,4482,3417,"Asisa Joventut","Asisa Joventut","JOV",77801,115,"Sale Pista","Substitution - Out","10",TRUE,4,10,0,00:10:00,68,57,0,0,70296,3,8,3,7,4,4,0,6,1,3,0,1,6,19,NA
3,"Supercopa","Supercopa Endesa","https://static.acb.com/img/14/39/3/27868634006.png","https://static.acb.com/img/1c/1a/3d/27940034120.png",91,2026,103,105681,20201871,20201871,20201871,"Ricard  Rubio Vives","Ricky Rubio","R. Rubio","Rubio",202,FALSE,202,NA,4482,3417,"Asisa Joventut","Asisa Joventut","JOV",77901,112,"Entra Pista","Substitution - In","9",TRUE,4,10,0,00:10:00,68,57,0,0,70296,0,3,3,5,1,1,5,3,0,2,0,3,3,7,NA
3,"Supercopa","Supercopa Endesa","https://static.acb.com/img/14/39/3/27868634006.png","https://static.acb.com/img/1c/1a/3d/27940034120.png",91,2026,103,105681,20212423,20212423,20212423,"Simon Fredrik Stefan Birgander ","Simon Birgander","S. Birgander","Birgander",202,FALSE,202,NA,4482,3417,"Asisa Joventut","Asisa Joventut","JOV",78001,112,"Entra Pista","Substitution - In","35",TRUE,4,10,0,00:10:00,68,57,0,0,70296,0,0,0,0,0,0,8,0,0,1,1,3,0,0,NA
3,"Supercopa","Supercopa Endesa","https://static.acb.com/img/14/39/3/27868634006.png","https://static.acb.com/img/1c/1a/3d/27940034120.png",91,2026,103,105681,20204133,20204133,20204133,"Alejandro  Reyes Abad","Álex Reyes","A. Reyes","Reyes",202,FALSE,202,NA,4482,3417,"Asisa Joventut","Asisa Joventut","JOV",78101,112,"Entra Pista","Substitution - In","18",TRUE,4,10,0,00:10:00,68,57,0,0,70296,2,4,2,2,0,0,4,1,1,0,0,2,1,10,NA
3,"Supercopa","Supercopa Endesa","https://static.acb.com/img/14/39/3/27868634006.png","https://static.acb.com/img/1c/1a/3d/27940034120.png",91,2026,103,105681,30005346,30005346,21104824,"Devvajne Stevvart Jr","DJ Stewart Jr","DJ Stewart","Stewart",202,FALSE,202,NA,4484,3418,"Kosner Baskonia","Kosner Baskonia","BKN",78201,115,"Sale Pista","Substitution - Out","3",FALSE,4,10,0,00:10:00,68,57,0,0,70296,0,2,1,2,1,4,2,1,1,0,0,2,2,3,NA
3,"Supercopa","Supercopa Endesa","https://static.acb.com/img/14/39/3/27868634006.png","https://static.acb.com/img/1c/1a/3d/27940034120.png",91,2026,103,105681,30000202,30000202,21100193,"Matteo  Spagnolo ","Matteo Spagnolo","M. Spagnolo","Spagnolo",202,FALSE,202,NA,4484,3418,"Kosner Baskonia","Kosner Baskonia","BKN",78301,115,"Sale Pista","Substitution - Out","10",FALSE,4,10,0,00:10:00,68,57,0,0,70296,1,1,2,4,3,3,8,2,0,1,0,1,4,10,NA
3,"Supercopa","Supercopa Endesa","https://static.acb.com/img/14/39/3/27868634006.png","https://static.acb.com/img/1c/1a/3d/27940034120.png",91,2026,103,105681,20210830,20210830,20210830,"Tadas Sedekerskis","Tadas Sedekerskis","T. Sedekerskis","Sedekerskis",202,FALSE,202,NA,4484,3418,"Kosner Baskonia","Kosner Baskonia","BKN",78401,112,"Entra Pista","Substitution - In","8",FALSE,4,10,0,00:10:00,68,57,0,0,70296,0,0,3,5,0,1,5,1,0,0,0,0,2,6,NA
3,"Supercopa","Supercopa Endesa","https://static.acb.com/img/14/39/3/27868634006.png","https://static.acb.com/img/1c/1a/3d/27940034120.png",91,2026,103,105681,30005375,30005375,21104852,"Anthony Randolph Lawson","AJ Lawson","AJ Lawson","Lawson",202,FALSE,202,NA,4484,3418,"Kosner Baskonia","Kosner Baskonia","BKN",78501,112,"Entra Pista","Substitution - In","1",FALSE,4,10,0,00:10:00,68,57,0,0,70296,1,1,4,4,0,0,3,0,0,2,0,3,0,11,NA
3,"Supercopa","Supercopa Endesa","https://static.acb.com/img/14/39/3/27868634006.png","https://static.acb.com/img/1c/1a/3d/27940034120.png",91,2026,103,105681,20201871,20201871,20201871,"Ricard  Rubio Vives","Ricky Rubio","R. Rubio","Rubio",202,FALSE,202,NA,4482,3417,"Asisa Joventut","Asisa Joventut","JOV",78801,93,"Canasta de 2","2-Point Shot Made","9",TRUE,4,9,42,00:09:42,70,57,249,-342,70445,0,3,4,6,1,1,5,3,0,2,0,3,3,9,NA
3,"Supercopa","Supercopa Endesa","https://static.acb.com/img/14/39/3/27868634006.png","https://static.acb.com/img/1c/1a/3d/27940034120.png",91,2026,103,105681,20211797,20211797,20211797,"Rodions  Kurucs ","Rodions Kurucs","R. Kurucs","Kurucs",202,FALSE,202,NA,4484,3418,"Kosner Baskonia","Kosner Baskonia","BKN",79401,97,"Intento fallado de 2","2-Point Shot Missed","7",FALSE,4,9,20,00:09:20,70,57,376,-839,70495,0,1,1,2,2,4,2,0,1,1,0,3,3,4,NA
3,"Supercopa","Supercopa Endesa","https://static.acb.com/img/14/39/3/27868634006.png","https://static.acb.com/img/1c/1a/3d/27940034120.png",91,2026,103,105681,20212423,20212423,20212423,"Simon Fredrik Stefan Birgander ","Simon Birgander","S. Birgander","Birgander",202,FALSE,202,NA,4482,3417,"Asisa Joventut","Asisa Joventut","JOV",79501,104,"Rebote Defensivo","Defensive Rebound","35",TRUE,4,9,20,00:09:20,70,57,913,-580,70495,0,0,0,0,0,0,9,0,0,1,1,3,0,0,NA
3,"Supercopa","Supercopa Endesa","https://static.acb.com/img/14/39/3/27868634006.png","https://static.acb.com/img/1c/1a/3d/27940034120.png",91,2026,103,105681,20201871,20201871,20201871,"Ricard  Rubio Vives","Ricky Rubio","R. Rubio","Rubio",202,FALSE,202,NA,4482,3417,"Asisa Joventut","Asisa Joventut","JOV",79801,106,"Pérdida","Turnover","9",TRUE,4,9,8,00:09:08,70,57,0,0,70508,0,3,4,6,1,1,5,3,0,3,0,3,3,9,NA
3,"Supercopa","Supercopa Endesa","https://static.acb.com/img/14/39/3/27868634006.png","https://static.acb.com/img/1c/1a/3d/27940034120.png",91,2026,103,105681,30005375,30005375,21104852,"Anthony Randolph Lawson","AJ Lawson","AJ Lawson","Lawson",202,FALSE,202,NA,4484,3418,"Kosner Baskonia","Kosner Baskonia","BKN",79901,103,"Recuperación","Steal","1",FALSE,4,9,8,00:09:08,70,57,0,0,70508,1,1,4,4,0,0,3,0,1,2,0,3,0,11,NA
3,"Supercopa","Supercopa Endesa","https://static.acb.com/img/14/39/3/27868634006.png","https://static.acb.com/img/1c/1a/3d/27940034120.png",91,2026,103,105681,30004878,30004878,21104384,"Kobi Jordan Simmons ","Kobi Simmons","K. Simmons","Simmons",202,FALSE,202,NA,4484,3418,"Kosner Baskonia","Kosner Baskonia","BKN",80001,93,"Canasta de 2","2-Point Shot Made","2",FALSE,4,9,4,00:09:04,70,59,311,-897,70512,1,4,2,2,5,6,1,6,2,0,0,2,4,12,NA
3,"Supercopa","Supercopa Endesa","https://static.acb.com/img/14/39/3/27868634006.png","https://static.acb.com/img/1c/1a/3d/27940034120.png",91,2026,103,105681,20210830,20210830,20210830,"Tadas Sedekerskis","Tadas Sedekerskis","T. Sedekerskis","Sedekerskis",202,FALSE,202,NA,4484,3418,"Kosner Baskonia","Kosner Baskonia","BKN",80201,107,"Asistencia tiro de 2","Assist 2-Point Shot","8",FALSE,4,9,4,00:09:04,70,59,0,0,70512,0,0,3,5,0,1,5,2,0,0,0,0,2,6,NA
3,"Supercopa","Supercopa Endesa","https://static.acb.com/img/14/39/3/27868634006.png","https://static.acb.com/img/1c/1a/3d/27940034120.png",91,2026,103,105681,20211797,20211797,20211797,"Rodions  Kurucs ","Rodions Kurucs","R. Kurucs","Kurucs",202,FALSE,202,NA,4484,3418,"Kosner Baskonia","Kosner Baskonia","BKN",80501,161,"Personal 2TL","Foul 2FT","7",FALSE,4,8,53,00:08:53,70,59,0,0,70528,0,1,1,2,2,4,2,0,1,1,0,4,3,4,NA
3,"Supercopa","Supercopa Endesa","https://static.acb.com/img/14/39/3/27868634006.png","https://static.acb.com/img/1c/1a/3d/27940034120.png",91,2026,103,105681,20201871,20201871,20201871,"Ricard  Rubio Vives","Ricky Rubio","R. Rubio","Rubio",202,FALSE,202,NA,4482,3417,"Asisa Joventut","Asisa Joventut","JOV",80601,110,"Falta recibida","Foul Received","9",TRUE,4,8,53,00:08:53,70,59,0,0,70528,0,3,4,6,1,1,5,3,0,3,0,3,4,9,NA
3,"Supercopa","Supercopa Endesa","https://static.acb.com/img/14/39/3/27868634006.png","https://static.acb.com/img/1c/1a/3d/27940034120.png",91,2026,103,105681,20211797,20211797,20211797,"Rodions  Kurucs ","Rodions Kurucs","R. Kurucs","Kurucs",202,FALSE,202,NA,4484,3418,"Kosner Baskonia","Kosner Baskonia","BKN",80801,115,"Sale Pista","Substitution - Out","7",FALSE,4,8,53,00:08:53,70,59,0,0,70539,0,1,1,2,2,4,2,0,1,1,0,4,3,4,NA
3,"Supercopa","Supercopa Endesa","https://static.acb.com/img/14/39/3/27868634006.png","https://static.acb.com/img/1c/1a/3d/27940034120.png",91,2026,103,105681,30005464,30005464,21104932,"Kenneth Bernard Faried Lewis","Kenneth Faried","K. Faried","Faried",202,FALSE,202,NA,4484,3418,"Kosner Baskonia","Kosner Baskonia","BKN",80901,112,"Entra Pista","Substitution - In","35",FALSE,4,8,53,00:08:53,70,59,0,0,70539,0,0,0,3,2,4,3,1,0,1,0,0,2,2,NA
3,"Supercopa","Supercopa Endesa","https://static.acb.com/img/14/39/3/27868634006.png","https://static.acb.com/img/1c/1a/3d/27940034120.png",91,2026,103,105681,20201871,20201871,20201871,"Ricard  Rubio Vives","Ricky Rubio","R. Rubio","Rubio",202,FALSE,202,NA,4482,3417,"Asisa Joventut","Asisa Joventut","JOV",81001,92,"Canasta de 1","Free Throw Made","9",TRUE,4,8,53,00:08:53,71,59,0,0,70565,0,3,4,6,2,2,5,3,0,3,0,3,4,10,NA
3,"Supercopa","Supercopa Endesa","https://static.acb.com/img/14/39/3/27868634006.png","https://static.acb.com/img/1c/1a/3d/27940034120.png",91,2026,103,105681,20201871,20201871,20201871,"Ricard  Rubio Vives","Ricky Rubio","R. Rubio","Rubio",202,FALSE,202,NA,4482,3417,"Asisa Joventut","Asisa Joventut","JOV",81101,92,"Canasta de 1","Free Throw Made","9",TRUE,4,8,53,00:08:53,72,59,0,0,70576,0,3,4,6,3,3,5,3,0,3,0,3,4,11,NA
3,"Supercopa","Supercopa Endesa","https://static.acb.com/img/14/39/3/27868634006.png","https://static.acb.com/img/1c/1a/3d/27940034120.png",91,2026,103,105681,30005375,30005375,21104852,"Anthony Randolph Lawson","AJ Lawson","AJ Lawson","Lawson",202,FALSE,202,NA,4484,3418,"Kosner Baskonia","Kosner Baskonia","BKN",81401,100,"Mate","Dunk","1",FALSE,4,8,40,00:08:40,72,61,0,0,70592,1,1,5,5,0,0,3,0,1,2,0,3,0,13,NA
3,"Supercopa","Supercopa Endesa","https://static.acb.com/img/14/39/3/27868634006.png","https://static.acb.com/img/1c/1a/3d/27940034120.png",91,2026,103,105681,20210830,20210830,20210830,"Tadas Sedekerskis","Tadas Sedekerskis","T. Sedekerskis","Sedekerskis",202,FALSE,202,NA,4484,3418,"Kosner Baskonia","Kosner Baskonia","BKN",81501,107,"Asistencia tiro de 2","Assist 2-Point Shot","8",FALSE,4,8,40,00:08:40,72,61,0,0,70592,0,0,3,5,0,1,5,3,0,0,0,0,2,6,NA
3,"Supercopa","Supercopa Endesa","https://static.acb.com/img/14/39/3/27868634006.png","https://static.acb.com/img/1c/1a/3d/27940034120.png",91,2026,103,105681,20201871,20201871,20201871,"Ricard  Rubio Vives","Ricky Rubio","R. Rubio","Rubio",202,FALSE,202,NA,4482,3417,"Asisa Joventut","Asisa Joventut","JOV",81701,106,"Pérdida","Turnover","9",TRUE,4,8,20,00:08:20,72,61,0,0,70612,0,3,4,6,3,3,5,3,0,4,0,3,4,11,NA
3,"Supercopa","Supercopa Endesa","https://static.acb.com/img/14/39/3/27868634006.png","https://static.acb.com/img/1c/1a/3d/27940034120.png",91,2026,103,105681,20204133,20204133,20204133,"Alejandro  Reyes Abad","Álex Reyes","A. Reyes","Reyes",202,FALSE,202,NA,4482,3417,"Asisa Joventut","Asisa Joventut","JOV",82001,159,"Personal no TL","Foul No FT","18",TRUE,4,8,17,00:08:17,72,61,0,0,70620,2,4,2,2,0,0,4,1,1,0,0,3,1,10,NA
3,"Supercopa","Supercopa Endesa","https://static.acb.com/img/14/39/3/27868634006.png","https://static.acb.com/img/1c/1a/3d/27940034120.png",91,2026,103,105681,30005375,30005375,21104852,"Anthony Randolph Lawson","AJ Lawson","AJ Lawson","Lawson",202,FALSE,202,NA,4484,3418,"Kosner Baskonia","Kosner Baskonia","BKN",82101,110,"Falta recibida","Foul Received","1",FALSE,4,8,17,00:08:17,72,61,0,0,70620,1,1,5,5,0,0,3,0,1,2,0,3,1,13,NA
3,"Supercopa","Supercopa Endesa","https://static.acb.com/img/14/39/3/27868634006.png","https://static.acb.com/img/1c/1a/3d/27940034120.png",91,2026,103,105681,30003966,30003966,21103485,"Christopher  Theoret Duarte","Chris Duarte","C. Duarte","Duarte",202,FALSE,202,NA,4484,3418,"Kosner Baskonia","Kosner Baskonia","BKN",82501,98,"Intento fallado de 3","3-Point Shot Missed","5",FALSE,4,8,10,00:08:10,72,61,5155,5450,70643,1,5,2,3,1,1,2,0,0,1,1,1,1,8,NA
3,"Supercopa","Supercopa Endesa","https://static.acb.com/img/14/39/3/27868634006.png","https://static.acb.com/img/1c/1a/3d/27940034120.png",91,2026,103,105681,20204133,20204133,20204133,"Alejandro  Reyes Abad","Álex Reyes","A. Reyes","Reyes",202,FALSE,202,NA,4482,3417,"Asisa Joventut","Asisa Joventut","JOV",82601,104,"Rebote Defensivo","Defensive Rebound","18",TRUE,4,8,10,00:08:10,72,61,0,1707,70643,2,4,2,2,0,0,5,1,1,0,0,3,1,10,NA
3,"Supercopa","Supercopa Endesa","https://static.acb.com/img/14/39/3/27868634006.png","https://static.acb.com/img/1c/1a/3d/27940034120.png",91,2026,103,105681,20210830,20210830,20210830,"Tadas Sedekerskis","Tadas Sedekerskis","T. Sedekerskis","Sedekerskis",202,FALSE,202,NA,4484,3418,"Kosner Baskonia","Kosner Baskonia","BKN",82701,159,"Personal no TL","Foul No FT","8",FALSE,4,8,8,00:08:08,72,61,0,0,70650,0,0,3,5,0,1,5,3,0,0,0,1,2,6,NA
3,"Supercopa","Supercopa Endesa","https://static.acb.com/img/14/39/3/27868634006.png","https://static.acb.com/img/1c/1a/3d/27940034120.png",91,2026,103,105681,20204133,20204133,20204133,"Alejandro  Reyes Abad","Álex Reyes","A. Reyes","Reyes",202,FALSE,202,NA,4482,3417,"Asisa Joventut","Asisa Joventut","JOV",82801,110,"Falta recibida","Foul Received","18",TRUE,4,8,8,00:08:08,72,61,0,0,70650,2,4,2,2,0,0,5,1,1,0,0,3,2,10,NA
3,"Supercopa","Supercopa Endesa","https://static.acb.com/img/14/39/3/27868634006.png","https://static.acb.com/img/1c/1a/3d/27940034120.png",91,2026,103,105681,30005413,30005413,21104890,"Rejean Amor Ellis","Boogie Ellis","B. Ellis","Ellis",202,FALSE,202,NA,4482,3417,"Asisa Joventut","Asisa Joventut","JOV",83001,97,"Intento fallado de 2","2-Point Shot Missed","3",TRUE,4,7,55,00:07:55,72,61,742,-412,70684,2,3,1,5,0,0,1,0,0,1,0,2,3,8,NA
3,"Supercopa","Supercopa Endesa","https://static.acb.com/img/14/39/3/27868634006.png","https://static.acb.com/img/1c/1a/3d/27940034120.png",91,2026,103,105681,30005413,30005413,21104890,"Rejean Amor Ellis","Boogie Ellis","B. Ellis","Ellis",202,FALSE,202,NA,4482,3417,"Asisa Joventut","Asisa Joventut","JOV",83101,105,"Tapón Recibido","Block Received","3",TRUE,4,7,55,00:07:55,72,61,0,0,70684,2,3,1,5,0,0,1,0,0,1,0,2,3,8,NA
3,"Supercopa","Supercopa Endesa","https://static.acb.com/img/14/39/3/27868634006.png","https://static.acb.com/img/1c/1a/3d/27940034120.png",91,2026,103,105681,30005375,30005375,21104852,"Anthony Randolph Lawson","AJ Lawson","AJ Lawson","Lawson",202,FALSE,202,NA,4484,3418,"Kosner Baskonia","Kosner Baskonia","BKN",83201,102,"Tapón","Block","1",FALSE,4,7,55,00:07:55,72,61,0,0,70684,1,1,5,5,0,0,3,0,1,2,1,3,1,13,NA
3,"Supercopa","Supercopa Endesa","https://static.acb.com/img/14/39/3/27868634006.png","https://static.acb.com/img/1c/1a/3d/27940034120.png",91,2026,103,105681,30005464,30005464,21104932,"Kenneth Bernard Faried Lewis","Kenneth Faried","K. Faried","Faried",202,FALSE,202,NA,4484,3418,"Kosner Baskonia","Kosner Baskonia","BKN",83301,104,"Rebote Defensivo","Defensive Rebound","35",FALSE,4,7,55,00:07:55,72,61,2899,-1911,70684,0,0,0,3,2,4,4,1,0,1,0,0,2,2,NA
3,"Supercopa","Supercopa Endesa","https://static.acb.com/img/14/39/3/27868634006.png","https://static.acb.com/img/1c/1a/3d/27940034120.png",91,2026,103,105681,30004878,30004878,21104384,"Kobi Jordan Simmons ","Kobi Simmons","K. Simmons","Simmons",202,FALSE,202,NA,4484,3418,"Kosner Baskonia","Kosner Baskonia","BKN",83401,98,"Intento fallado de 3","3-Point Shot Missed","2",FALSE,4,7,49,00:07:49,72,61,6618,3414,70691,1,5,2,2,5,6,1,6,2,0,0,2,4,12,NA
3,"Supercopa","Supercopa Endesa","https://static.acb.com/img/14/39/3/27868634006.png","https://static.acb.com/img/1c/1a/3d/27940034120.png",91,2026,103,105681,20212423,20212423,20212423,"Simon Fredrik Stefan Birgander ","Simon Birgander","S. Birgander","Birgander",202,FALSE,202,NA,4482,3417,"Asisa Joventut","Asisa Joventut","JOV",83501,104,"Rebote Defensivo","Defensive Rebound","35",TRUE,4,7,49,00:07:49,72,61,398,-494,70691,0,0,0,0,0,0,10,0,0,1,1,3,0,0,NA
3,"Supercopa","Supercopa Endesa","https://static.acb.com/img/14/39/3/27868634006.png","https://static.acb.com/img/1c/1a/3d/27940034120.png",91,2026,103,105681,30005413,30005413,21104890,"Rejean Amor Ellis","Boogie Ellis","B. Ellis","Ellis",202,FALSE,202,NA,4482,3417,"Asisa Joventut","Asisa Joventut","JOV",83601,93,"Canasta de 2","2-Point Shot Made","3",TRUE,4,7,45,00:07:45,74,61,532,-300,70695,2,3,2,6,0,0,1,0,0,1,0,2,3,10,NA
3,"Supercopa","Supercopa Endesa","https://static.acb.com/img/14/39/3/27868634006.png","https://static.acb.com/img/1c/1a/3d/27940034120.png",91,2026,103,105681,20212423,20212423,20212423,"Simon Fredrik Stefan Birgander ","Simon Birgander","S. Birgander","Birgander",202,FALSE,202,NA,4482,3417,"Asisa Joventut","Asisa Joventut","JOV",83801,107,"Asistencia tiro de 2","Assist 2-Point Shot","35",TRUE,4,7,45,00:07:45,74,61,0,0,70695,0,0,0,0,0,0,10,1,0,1,1,3,0,0,NA
3,"Supercopa","Supercopa Endesa","https://static.acb.com/img/14/39/3/27868634006.png","https://static.acb.com/img/1c/1a/3d/27940034120.png",91,2026,103,105681,30005375,30005375,21104852,"Anthony Randolph Lawson","AJ Lawson","AJ Lawson","Lawson",202,FALSE,202,NA,4484,3418,"Kosner Baskonia","Kosner Baskonia","BKN",83901,94,"Canasta de 3","3-Point Shot Made","1",FALSE,4,7,29,00:07:29,74,64,0,-7093,70711,2,2,5,5,0,0,3,0,1,2,1,3,1,16,NA
3,"Supercopa","Supercopa Endesa","https://static.acb.com/img/14/39/3/27868634006.png","https://static.acb.com/img/1c/1a/3d/27940034120.png",91,2026,103,105681,20210830,20210830,20210830,"Tadas Sedekerskis","Tadas Sedekerskis","T. Sedekerskis","Sedekerskis",202,FALSE,202,NA,4484,3418,"Kosner Baskonia","Kosner Baskonia","BKN",84001,108,"Asistencia tiro de 3","Assist 3-Point Shot","8",FALSE,4,7,29,00:07:29,74,64,0,0,70711,0,0,3,5,0,1,5,4,0,0,0,1,2,6,NA
3,"Supercopa","Supercopa Endesa","https://static.acb.com/img/14/39/3/27868634006.png","https://static.acb.com/img/1c/1a/3d/27940034120.png",91,2026,103,105681,30005413,30005413,21104890,"Rejean Amor Ellis","Boogie Ellis","B. Ellis","Ellis",202,FALSE,202,NA,4482,3417,"Asisa Joventut","Asisa Joventut","JOV",84201,97,"Intento fallado de 2","2-Point Shot Missed","3",TRUE,4,7,14,00:07:14,74,64,3950,-2975,70726,2,3,2,7,0,0,1,0,0,1,0,2,3,10,NA
3,"Supercopa","Supercopa Endesa","https://static.acb.com/img/14/39/3/27868634006.png","https://static.acb.com/img/1c/1a/3d/27940034120.png",91,2026,103,105681,30001229,30001229,21101034,"Eli John Ndiaye Faye","Eli Ndiaye","E. Ndiaye","Ndiaye",202,FALSE,202,NA,4482,3417,"Asisa Joventut","Asisa Joventut","JOV",84301,101,"Rebote Ofensivo","Offensive Rebound","4",TRUE,4,7,14,00:07:14,74,64,0,4068,70726,1,2,2,3,0,0,4,0,0,0,1,2,0,7,NA
3,"Supercopa","Supercopa Endesa","https://static.acb.com/img/14/39/3/27868634006.png","https://static.acb.com/img/1c/1a/3d/27940034120.png",91,2026,103,105681,30003966,30003966,21103485,"Christopher  Theoret Duarte","Chris Duarte","C. Duarte","Duarte",202,FALSE,202,NA,4484,3418,"Kosner Baskonia","Kosner Baskonia","BKN",84401,159,"Personal no TL","Foul No FT","5",FALSE,4,7,9,00:07:09,74,64,0,0,70735,1,5,2,3,1,1,2,0,0,1,1,2,1,8,NA
3,"Supercopa","Supercopa Endesa","https://static.acb.com/img/14/39/3/27868634006.png","https://static.acb.com/img/1c/1a/3d/27940034120.png",91,2026,103,105681,20212423,20212423,20212423,"Simon Fredrik Stefan Birgander ","Simon Birgander","S. Birgander","Birgander",202,FALSE,202,NA,4482,3417,"Asisa Joventut","Asisa Joventut","JOV",84501,110,"Falta recibida","Foul Received","35",TRUE,4,7,9,00:07:09,74,64,0,0,70735,0,0,0,0,0,0,10,1,0,1,1,3,1,0,NA
3,"Supercopa","Supercopa Endesa","https://static.acb.com/img/14/39/3/27868634006.png","https://static.acb.com/img/1c/1a/3d/27940034120.png",91,2026,103,105681,20201871,20201871,20201871,"Ricard  Rubio Vives","Ricky Rubio","R. Rubio","Rubio",202,FALSE,202,NA,4482,3417,"Asisa Joventut","Asisa Joventut","JOV",84701,115,"Sale Pista","Substitution - Out","9",TRUE,4,7,9,00:07:09,74,64,0,0,70742,0,3,4,6,3,3,5,3,0,4,0,3,4,11,NA
3,"Supercopa","Supercopa Endesa","https://static.acb.com/img/14/39/3/27868634006.png","https://static.acb.com/img/1c/1a/3d/27940034120.png",91,2026,103,105681,30005413,30005413,21104890,"Rejean Amor Ellis","Boogie Ellis","B. Ellis","Ellis",202,FALSE,202,NA,4482,3417,"Asisa Joventut","Asisa Joventut","JOV",84801,115,"Sale Pista","Substitution - Out","3",TRUE,4,7,9,00:07:09,74,64,0,0,70742,2,3,2,7,0,0,1,0,0,1,0,2,3,10,NA
3,"Supercopa","Supercopa Endesa","https://static.acb.com/img/14/39/3/27868634006.png","https://static.acb.com/img/1c/1a/3d/27940034120.png",91,2026,103,105681,20210498,20210498,20210498,"Ludvig Erik Hakanson ","Ludde Hakanson","L. Hakanson","Hakanson",202,FALSE,202,NA,4482,3417,"Asisa Joventut","Asisa Joventut","JOV",84901,112,"Entra Pista","Substitution - In","12",TRUE,4,7,9,00:07:09,74,64,0,0,70742,0,3,1,2,0,0,0,0,0,0,0,1,0,2,NA
3,"Supercopa","Supercopa Endesa","https://static.acb.com/img/14/39/3/27868634006.png","https://static.acb.com/img/1c/1a/3d/27940034120.png",91,2026,103,105681,20211947,20211947,20211947,"Nicolas  Laprovittola ","Nico Laprovittola","N. Laprovittola","Laprovittola",202,FALSE,202,NA,4482,3417,"Asisa Joventut","Asisa Joventut","JOV",85001,112,"Entra Pista","Substitution - In","10",TRUE,4,7,9,00:07:09,74,64,0,0,70742,3,8,3,7,4,4,0,6,1,3,0,1,6,19,NA
3,"Supercopa","Supercopa Endesa","https://static.acb.com/img/14/39/3/27868634006.png","https://static.acb.com/img/1c/1a/3d/27940034120.png",91,2026,103,105681,20212423,20212423,20212423,"Simon Fredrik Stefan Birgander ","Simon Birgander","S. Birgander","Birgander",202,FALSE,202,NA,4482,3417,"Asisa Joventut","Asisa Joventut","JOV",85201,115,"Sale Pista","Substitution - Out","35",TRUE,4,7,9,00:07:09,74,64,0,0,70753,0,0,0,0,0,0,10,1,0,1,1,3,1,0,NA
3,"Supercopa","Supercopa Endesa","https://static.acb.com/img/14/39/3/27868634006.png","https://static.acb.com/img/1c/1a/3d/27940034120.png",91,2026,103,105681,20210828,20210828,20210828,"Emir  Sulejmanovic ","Emir Sulejmanovic","E. Sulejmanovic","Sulejmanovic",202,FALSE,202,NA,4482,3417,"Asisa Joventut","Asisa Joventut","JOV",85301,112,"Entra Pista","Substitution - In","19",TRUE,4,7,9,00:07:09,74,64,0,0,70753,0,1,3,4,0,1,5,1,0,0,0,3,2,6,NA
3,"Supercopa","Supercopa Endesa","https://static.acb.com/img/14/39/3/27868634006.png","https://static.acb.com/img/1c/1a/3d/27940034120.png",91,2026,103,105681,20211947,20211947,20211947,"Nicolas  Laprovittola ","Nico Laprovittola","N. Laprovittola","Laprovittola",202,FALSE,202,NA,4482,3417,"Asisa Joventut","Asisa Joventut","JOV",85501,94,"Canasta de 3","3-Point Shot Made","10",TRUE,4,6,58,00:06:58,77,64,7605,-641,70778,4,9,3,7,4,4,0,6,1,3,0,1,6,22,NA
3,"Supercopa","Supercopa Endesa","https://static.acb.com/img/14/39/3/27868634006.png","https://static.acb.com/img/1c/1a/3d/27940034120.png",91,2026,103,105681,30005375,30005375,21104852,"Anthony Randolph Lawson","AJ Lawson","AJ Lawson","Lawson",202,FALSE,202,NA,4484,3418,"Kosner Baskonia","Kosner Baskonia","BKN",86301,98,"Intento fallado de 3","3-Point Shot Missed","1",FALSE,4,6,42,00:06:42,77,64,5700,4839,70795,2,3,5,5,0,0,3,0,1,2,1,3,1,16,NA
3,"Supercopa","Supercopa Endesa","https://static.acb.com/img/14/39/3/27868634006.png","https://static.acb.com/img/1c/1a/3d/27940034120.png",91,2026,103,105681,NA,NA,NA,NA,NA,NA,NA,NA,NA,NA,NA,4484,3418,"Kosner Baskonia","Kosner Baskonia","BKN",86401,101,"Rebote Ofensivo","Offensive Rebound",NA,FALSE,4,6,42,00:06:42,77,64,0,0,70795,NA,NA,NA,NA,NA,NA,NA,NA,NA,NA,NA,NA,NA,NA,NA
3,"Supercopa","Supercopa Endesa","https://static.acb.com/img/14/39/3/27868634006.png","https://static.acb.com/img/1c/1a/3d/27940034120.png",91,2026,103,105681,30003966,30003966,21103485,"Christopher  Theoret Duarte","Chris Duarte","C. Duarte","Duarte",202,FALSE,202,NA,4484,3418,"Kosner Baskonia","Kosner Baskonia","BKN",86701,93,"Canasta de 2","2-Point Shot Made","5",FALSE,4,6,32,00:06:32,77,66,3048,211,70835,1,5,3,4,1,1,2,0,0,1,1,2,1,10,NA
3,"Supercopa","Supercopa Endesa","https://static.acb.com/img/14/39/3/27868634006.png","https://static.acb.com/img/1c/1a/3d/27940034120.png",91,2026,103,105681,20210828,20210828,20210828,"Emir  Sulejmanovic ","Emir Sulejmanovic","E. Sulejmanovic","Sulejmanovic",202,FALSE,202,NA,4482,3417,"Asisa Joventut","Asisa Joventut","JOV",86801,98,"Intento fallado de 3","3-Point Shot Missed","19",TRUE,4,6,14,00:06:14,77,66,6012,4539,70853,0,2,3,4,0,1,5,1,0,0,0,3,2,6,NA
3,"Supercopa","Supercopa Endesa","https://static.acb.com/img/14/39/3/27868634006.png","https://static.acb.com/img/1c/1a/3d/27940034120.png",91,2026,103,105681,30004878,30004878,21104384,"Kobi Jordan Simmons ","Kobi Simmons","K. Simmons","Simmons",202,FALSE,202,NA,4484,3418,"Kosner Baskonia","Kosner Baskonia","BKN",86901,104,"Rebote Defensivo","Defensive Rebound","2",FALSE,4,6,14,00:06:14,77,66,4559,2616,70853,1,5,2,2,5,6,2,6,2,0,0,2,4,12,NA
3,"Supercopa","Supercopa Endesa","https://static.acb.com/img/14/39/3/27868634006.png","https://static.acb.com/img/1c/1a/3d/27940034120.png",91,2026,103,105681,30004878,30004878,21104384,"Kobi Jordan Simmons ","Kobi Simmons","K. Simmons","Simmons",202,FALSE,202,NA,4484,3418,"Kosner Baskonia","Kosner Baskonia","BKN",87001,93,"Canasta de 2","2-Point Shot Made","2",FALSE,4,6,3,00:06:03,77,68,2091,-116,70864,1,5,3,3,5,6,2,6,2,0,0,2,4,14,NA
3,"Supercopa","Supercopa Endesa","https://static.acb.com/img/14/39/3/27868634006.png","https://static.acb.com/img/1c/1a/3d/27940034120.png",91,2026,103,105681,NA,NA,NA,NA,NA,NA,NA,NA,NA,NA,NA,4482,3417,"Asisa Joventut","Asisa Joventut","JOV",87401,113,"Tiempo Muerto","Timeout",NA,TRUE,4,6,3,00:06:03,77,68,0,0,70869,NA,NA,NA,NA,NA,NA,NA,NA,NA,NA,NA,NA,NA,NA,NA
3,"Supercopa","Supercopa Endesa","https://static.acb.com/img/14/39/3/27868634006.png","https://static.acb.com/img/1c/1a/3d/27940034120.png",91,2026,103,105681,30001229,30001229,21101034,"Eli John Ndiaye Faye","Eli Ndiaye","E. Ndiaye","Ndiaye",202,FALSE,202,NA,4482,3417,"Asisa Joventut","Asisa Joventut","JOV",87601,115,"Sale Pista","Substitution - Out","4",TRUE,4,6,3,00:06:03,77,68,0,0,70957,1,2,2,3,0,0,4,0,0,0,1,2,0,7,NA
3,"Supercopa","Supercopa Endesa","https://static.acb.com/img/14/39/3/27868634006.png","https://static.acb.com/img/1c/1a/3d/27940034120.png",91,2026,103,105681,30000927,30000927,21100827,"Kwan Treill Cheatham Jr","Kwan Cheatham","K. Cheatham","Cheatham",202,FALSE,202,NA,4482,3417,"Asisa Joventut","Asisa Joventut","JOV",87701,112,"Entra Pista","Substitution - In","55",TRUE,4,6,3,00:06:03,77,68,0,0,70957,1,3,1,1,0,0,3,1,0,0,1,0,0,5,NA
3,"Supercopa","Supercopa Endesa","https://static.acb.com/img/14/39/3/27868634006.png","https://static.acb.com/img/1c/1a/3d/27940034120.png",91,2026,103,105681,20210830,20210830,20210830,"Tadas Sedekerskis","Tadas Sedekerskis","T. Sedekerskis","Sedekerskis",202,FALSE,202,NA,4484,3418,"Kosner Baskonia","Kosner Baskonia","BKN",87801,115,"Sale Pista","Substitution - Out","8",FALSE,4,6,3,00:06:03,77,68,0,0,70957,0,0,3,5,0,1,5,4,0,0,0,1,2,6,NA
3,"Supercopa","Supercopa Endesa","https://static.acb.com/img/14/39/3/27868634006.png","https://static.acb.com/img/1c/1a/3d/27940034120.png",91,2026,103,105681,30005346,30005346,21104824,"Devvajne Stevvart Jr","DJ Stewart Jr","DJ Stewart","Stewart",202,FALSE,202,NA,4484,3418,"Kosner Baskonia","Kosner Baskonia","BKN",87901,112,"Entra Pista","Substitution - In","3",FALSE,4,6,3,00:06:03,77,68,0,0,70957,0,2,1,2,1,4,2,1,1,0,0,2,2,3,NA
3,"Supercopa","Supercopa Endesa","https://static.acb.com/img/14/39/3/27868634006.png","https://static.acb.com/img/1c/1a/3d/27940034120.png",91,2026,103,105681,30004878,30004878,21104384,"Kobi Jordan Simmons ","Kobi Simmons","K. Simmons","Simmons",202,FALSE,202,NA,4484,3418,"Kosner Baskonia","Kosner Baskonia","BKN",88201,161,"Personal 2TL","Foul 2FT","2",FALSE,4,5,43,00:05:43,77,68,0,0,71011,1,5,3,3,5,6,2,6,2,0,0,3,4,14,NA
3,"Supercopa","Supercopa Endesa","https://static.acb.com/img/14/39/3/27868634006.png","https://static.acb.com/img/1c/1a/3d/27940034120.png",91,2026,103,105681,20211947,20211947,20211947,"Nicolas  Laprovittola ","Nico Laprovittola","N. Laprovittola","Laprovittola",202,FALSE,202,NA,4482,3417,"Asisa Joventut","Asisa Joventut","JOV",88301,110,"Falta recibida","Foul Received","10",TRUE,4,5,43,00:05:43,77,68,0,0,71011,4,9,3,7,4,4,0,6,1,3,0,1,7,22,NA
3,"Supercopa","Supercopa Endesa","https://static.acb.com/img/14/39/3/27868634006.png","https://static.acb.com/img/1c/1a/3d/27940034120.png",91,2026,103,105681,20211947,20211947,20211947,"Nicolas  Laprovittola ","Nico Laprovittola","N. Laprovittola","Laprovittola",202,FALSE,202,NA,4482,3417,"Asisa Joventut","Asisa Joventut","JOV",88401,92,"Canasta de 1","Free Throw Made","10",TRUE,4,5,43,00:05:43,78,68,0,0,71030,4,9,3,7,5,5,0,6,1,3,0,1,7,23,NA
3,"Supercopa","Supercopa Endesa","https://static.acb.com/img/14/39/3/27868634006.png","https://static.acb.com/img/1c/1a/3d/27940034120.png",91,2026,103,105681,20211947,20211947,20211947,"Nicolas  Laprovittola ","Nico Laprovittola","N. Laprovittola","Laprovittola",202,FALSE,202,NA,4482,3417,"Asisa Joventut","Asisa Joventut","JOV",88501,96,"Intento fallado de 1","Free Throw Missed","10",TRUE,4,5,43,00:05:43,78,68,0,0,71044,4,9,3,7,5,6,0,6,1,3,0,1,7,23,NA
3,"Supercopa","Supercopa Endesa","https://static.acb.com/img/14/39/3/27868634006.png","https://static.acb.com/img/1c/1a/3d/27940034120.png",91,2026,103,105681,30005346,30005346,21104824,"Devvajne Stevvart Jr","DJ Stewart Jr","DJ Stewart","Stewart",202,FALSE,202,NA,4484,3418,"Kosner Baskonia","Kosner Baskonia","BKN",88601,104,"Rebote Defensivo","Defensive Rebound","3",FALSE,4,5,43,00:05:43,78,68,0,360,71044,0,2,1,2,1,4,3,1,1,0,0,2,2,3,NA
3,"Supercopa","Supercopa Endesa","https://static.acb.com/img/14/39/3/27868634006.png","https://static.acb.com/img/1c/1a/3d/27940034120.png",91,2026,103,105681,20211947,20211947,20211947,"Nicolas  Laprovittola ","Nico Laprovittola","N. Laprovittola","Laprovittola",202,FALSE,202,NA,4482,3417,"Asisa Joventut","Asisa Joventut","JOV",89101,159,"Personal no TL","Foul No FT","10",TRUE,4,5,28,00:05:28,78,68,0,0,71066,4,9,3,7,5,6,0,6,1,3,0,2,7,23,NA
3,"Supercopa","Supercopa Endesa","https://static.acb.com/img/14/39/3/27868634006.png","https://static.acb.com/img/1c/1a/3d/27940034120.png",91,2026,103,105681,30004878,30004878,21104384,"Kobi Jordan Simmons ","Kobi Simmons","K. Simmons","Simmons",202,FALSE,202,NA,4484,3418,"Kosner Baskonia","Kosner Baskonia","BKN",89201,110,"Falta recibida","Foul Received","2",FALSE,4,5,28,00:05:28,78,68,0,0,71066,1,5,3,3,5,6,2,6,2,0,0,3,5,14,NA
3,"Supercopa","Supercopa Endesa","https://static.acb.com/img/14/39/3/27868634006.png","https://static.acb.com/img/1c/1a/3d/27940034120.png",91,2026,103,105681,20204133,20204133,20204133,"Alejandro  Reyes Abad","Álex Reyes","A. Reyes","Reyes",202,FALSE,202,NA,4482,3417,"Asisa Joventut","Asisa Joventut","JOV",89401,115,"Sale Pista","Substitution - Out","18",TRUE,4,5,28,00:05:28,78,68,0,0,71071,2,4,2,2,0,0,5,1,1,0,0,3,2,10,NA
3,"Supercopa","Supercopa Endesa","https://static.acb.com/img/14/39/3/27868634006.png","https://static.acb.com/img/1c/1a/3d/27940034120.png",91,2026,103,105681,30000095,30000095,21100094,"Yannick Story Kraag ","Yannick Kraag","Y. Kraag","Kraag",202,FALSE,202,NA,4482,3417,"Asisa Joventut","Asisa Joventut","JOV",89501,112,"Entra Pista","Substitution - In","1",TRUE,4,5,28,00:05:28,78,68,0,0,71071,0,2,2,4,0,0,3,0,1,0,1,1,0,4,NA
3,"Supercopa","Supercopa Endesa","https://static.acb.com/img/14/39/3/27868634006.png","https://static.acb.com/img/1c/1a/3d/27940034120.png",91,2026,103,105681,30004878,30004878,21104384,"Kobi Jordan Simmons ","Kobi Simmons","K. Simmons","Simmons",202,FALSE,202,NA,4484,3418,"Kosner Baskonia","Kosner Baskonia","BKN",89701,94,"Canasta de 3","3-Point Shot Made","2",FALSE,4,5,17,00:05:17,78,71,0,-7218,71091,2,6,3,3,5,6,2,6,2,0,0,3,5,17,NA
3,"Supercopa","Supercopa Endesa","https://static.acb.com/img/14/39/3/27868634006.png","https://static.acb.com/img/1c/1a/3d/27940034120.png",91,2026,103,105681,30005346,30005346,21104824,"Devvajne Stevvart Jr","DJ Stewart Jr","DJ Stewart","Stewart",202,FALSE,202,NA,4484,3418,"Kosner Baskonia","Kosner Baskonia","BKN",89801,108,"Asistencia tiro de 3","Assist 3-Point Shot","3",FALSE,4,5,17,00:05:17,78,71,0,0,71091,0,2,1,2,1,4,3,2,1,0,0,2,2,3,NA
3,"Supercopa","Supercopa Endesa","https://static.acb.com/img/14/39/3/27868634006.png","https://static.acb.com/img/1c/1a/3d/27940034120.png",91,2026,103,105681,20210828,20210828,20210828,"Emir  Sulejmanovic ","Emir Sulejmanovic","E. Sulejmanovic","Sulejmanovic",202,FALSE,202,NA,4482,3417,"Asisa Joventut","Asisa Joventut","JOV",90101,100,"Mate","Dunk","19",TRUE,4,4,58,00:04:58,80,71,0,0,71113,0,2,4,5,0,1,5,1,0,0,0,3,2,8,NA
3,"Supercopa","Supercopa Endesa","https://static.acb.com/img/14/39/3/27868634006.png","https://static.acb.com/img/1c/1a/3d/27940034120.png",91,2026,103,105681,20210498,20210498,20210498,"Ludvig Erik Hakanson ","Ludde Hakanson","L. Hakanson","Hakanson",202,FALSE,202,NA,4482,3417,"Asisa Joventut","Asisa Joventut","JOV",90201,107,"Asistencia tiro de 2","Assist 2-Point Shot","12",TRUE,4,4,58,00:04:58,80,71,0,0,71113,0,3,1,2,0,0,0,1,0,0,0,1,0,2,NA
3,"Supercopa","Supercopa Endesa","https://static.acb.com/img/14/39/3/27868634006.png","https://static.acb.com/img/1c/1a/3d/27940034120.png",91,2026,103,105681,30005375,30005375,21104852,"Anthony Randolph Lawson","AJ Lawson","AJ Lawson","Lawson",202,FALSE,202,NA,4484,3418,"Kosner Baskonia","Kosner Baskonia","BKN",90301,160,"Personal 1TL","Foul 1FT","1",FALSE,4,4,58,00:04:58,80,71,0,0,71118,2,3,5,5,0,0,3,0,1,2,1,4,1,16,NA
3,"Supercopa","Supercopa Endesa","https://static.acb.com/img/14/39/3/27868634006.png","https://static.acb.com/img/1c/1a/3d/27940034120.png",91,2026,103,105681,20210828,20210828,20210828,"Emir  Sulejmanovic ","Emir Sulejmanovic","E. Sulejmanovic","Sulejmanovic",202,FALSE,202,NA,4482,3417,"Asisa Joventut","Asisa Joventut","JOV",90401,110,"Falta recibida","Foul Received","19",TRUE,4,4,58,00:04:58,80,71,0,0,71118,0,2,4,5,0,1,5,1,0,0,0,3,3,8,NA
3,"Supercopa","Supercopa Endesa","https://static.acb.com/img/14/39/3/27868634006.png","https://static.acb.com/img/1c/1a/3d/27940034120.png",91,2026,103,105681,20210498,20210498,20210498,"Ludvig Erik Hakanson ","Ludde Hakanson","L. Hakanson","Hakanson",202,FALSE,202,NA,4482,3417,"Asisa Joventut","Asisa Joventut","JOV",90601,115,"Sale Pista","Substitution - Out","12",TRUE,4,4,58,00:04:58,80,71,0,0,71133,0,3,1,2,0,0,0,1,0,0,0,1,0,2,NA
3,"Supercopa","Supercopa Endesa","https://static.acb.com/img/14/39/3/27868634006.png","https://static.acb.com/img/1c/1a/3d/27940034120.png",91,2026,103,105681,30004053,30004053,21103564,"Isaac  Nogués Gonzalez","Isaac Nogués","I. Nogués","Nogués",202,FALSE,202,NA,4482,3417,"Asisa Joventut","Asisa Joventut","JOV",90701,112,"Entra Pista","Substitution - In","32",TRUE,4,4,58,00:04:58,80,71,0,0,71133,0,0,0,0,0,0,0,0,0,1,0,1,0,0,NA
3,"Supercopa","Supercopa Endesa","https://static.acb.com/img/14/39/3/27868634006.png","https://static.acb.com/img/1c/1a/3d/27940034120.png",91,2026,103,105681,30004878,30004878,21104384,"Kobi Jordan Simmons ","Kobi Simmons","K. Simmons","Simmons",202,FALSE,202,NA,4484,3418,"Kosner Baskonia","Kosner Baskonia","BKN",90801,115,"Sale Pista","Substitution - Out","2",FALSE,4,4,58,00:04:58,80,71,0,0,71133,2,6,3,3,5,6,2,6,2,0,0,3,5,17,NA
3,"Supercopa","Supercopa Endesa","https://static.acb.com/img/14/39/3/27868634006.png","https://static.acb.com/img/1c/1a/3d/27940034120.png",91,2026,103,105681,30003966,30003966,21103485,"Christopher  Theoret Duarte","Chris Duarte","C. Duarte","Duarte",202,FALSE,202,NA,4484,3418,"Kosner Baskonia","Kosner Baskonia","BKN",90901,115,"Sale Pista","Substitution - Out","5",FALSE,4,4,58,00:04:58,80,71,0,0,71133,1,5,3,4,1,1,2,0,0,1,1,2,1,10,NA
3,"Supercopa","Supercopa Endesa","https://static.acb.com/img/14/39/3/27868634006.png","https://static.acb.com/img/1c/1a/3d/27940034120.png",91,2026,103,105681,30001957,30001957,21101631,"Markus Anthony Howard ","Markus Howard","M. Howard","Howard",202,FALSE,202,NA,4484,3418,"Kosner Baskonia","Kosner Baskonia","BKN",91001,112,"Entra Pista","Substitution - In","0",FALSE,4,4,58,00:04:58,80,71,0,0,71133,0,2,0,1,0,2,1,1,0,1,0,1,1,0,NA
3,"Supercopa","Supercopa Endesa","https://static.acb.com/img/14/39/3/27868634006.png","https://static.acb.com/img/1c/1a/3d/27940034120.png",91,2026,103,105681,30000202,30000202,21100193,"Matteo  Spagnolo ","Matteo Spagnolo","M. Spagnolo","Spagnolo",202,FALSE,202,NA,4484,3418,"Kosner Baskonia","Kosner Baskonia","BKN",91101,112,"Entra Pista","Substitution - In","10",FALSE,4,4,58,00:04:58,80,71,0,0,71133,1,1,2,4,3,3,8,2,0,1,0,1,4,10,NA
3,"Supercopa","Supercopa Endesa","https://static.acb.com/img/14/39/3/27868634006.png","https://static.acb.com/img/1c/1a/3d/27940034120.png",91,2026,103,105681,20210828,20210828,20210828,"Emir  Sulejmanovic ","Emir Sulejmanovic","E. Sulejmanovic","Sulejmanovic",202,FALSE,202,NA,4482,3417,"Asisa Joventut","Asisa Joventut","JOV",91201,96,"Intento fallado de 1","Free Throw Missed","19",TRUE,4,4,58,00:04:58,80,71,0,0,71160,0,2,4,5,0,2,5,1,0,0,0,3,3,8,NA
3,"Supercopa","Supercopa Endesa","https://static.acb.com/img/14/39/3/27868634006.png","https://static.acb.com/img/1c/1a/3d/27940034120.png",91,2026,103,105681,20210828,20210828,20210828,"Emir  Sulejmanovic ","Emir Sulejmanovic","E. Sulejmanovic","Sulejmanovic",202,FALSE,202,NA,4482,3417,"Asisa Joventut","Asisa Joventut","JOV",91301,101,"Rebote Ofensivo","Offensive Rebound","19",TRUE,4,4,58,00:04:58,80,71,2457,512,71160,0,2,4,5,0,2,6,1,0,0,0,3,3,8,NA
3,"Supercopa","Supercopa Endesa","https://static.acb.com/img/14/39/3/27868634006.png","https://static.acb.com/img/1c/1a/3d/27940034120.png",91,2026,103,105681,20211947,20211947,20211947,"Nicolas  Laprovittola ","Nico Laprovittola","N. Laprovittola","Laprovittola",202,FALSE,202,NA,4482,3417,"Asisa Joventut","Asisa Joventut","JOV",91701,94,"Canasta de 3","3-Point Shot Made","10",TRUE,4,4,47,00:04:47,83,71,6054,-4174,71169,5,10,3,7,5,6,0,6,1,3,0,2,7,26,NA
3,"Supercopa","Supercopa Endesa","https://static.acb.com/img/14/39/3/27868634006.png","https://static.acb.com/img/1c/1a/3d/27940034120.png",91,2026,103,105681,NA,NA,NA,NA,NA,NA,NA,NA,NA,NA,NA,4484,3418,"Kosner Baskonia","Kosner Baskonia","BKN",91901,113,"Tiempo Muerto","Timeout",NA,FALSE,4,4,45,00:04:45,83,71,0,0,71173,NA,NA,NA,NA,NA,NA,NA,NA,NA,NA,NA,NA,NA,NA,NA
3,"Supercopa","Supercopa Endesa","https://static.acb.com/img/14/39/3/27868634006.png","https://static.acb.com/img/1c/1a/3d/27940034120.png",91,2026,103,105681,30005375,30005375,21104852,"Anthony Randolph Lawson","AJ Lawson","AJ Lawson","Lawson",202,FALSE,202,NA,4484,3418,"Kosner Baskonia","Kosner Baskonia","BKN",92701,98,"Intento fallado de 3","3-Point Shot Missed","1",FALSE,4,4,35,00:04:35,83,71,0,7021,71304,2,4,5,5,0,0,3,0,1,2,1,4,1,16,NA
3,"Supercopa","Supercopa Endesa","https://static.acb.com/img/14/39/3/27868634006.png","https://static.acb.com/img/1c/1a/3d/27940034120.png",91,2026,103,105681,NA,NA,NA,NA,NA,NA,NA,NA,NA,NA,NA,4482,3417,"Asisa Joventut","Asisa Joventut","JOV",92801,104,"Rebote Defensivo","Defensive Rebound",NA,TRUE,4,4,35,00:04:35,83,71,0,0,71304,NA,NA,NA,NA,NA,NA,NA,NA,NA,NA,NA,NA,NA,NA,NA
3,"Supercopa","Supercopa Endesa","https://static.acb.com/img/14/39/3/27868634006.png","https://static.acb.com/img/1c/1a/3d/27940034120.png",91,2026,103,105681,30000927,30000927,21100827,"Kwan Treill Cheatham Jr","Kwan Cheatham","K. Cheatham","Cheatham",202,FALSE,202,NA,4482,3417,"Asisa Joventut","Asisa Joventut","JOV",93001,98,"Intento fallado de 3","3-Point Shot Missed","55",TRUE,4,4,18,00:04:18,83,71,7452,-924,71328,1,4,1,1,0,0,3,1,0,0,1,0,0,5,NA
3,"Supercopa","Supercopa Endesa","https://static.acb.com/img/14/39/3/27868634006.png","https://static.acb.com/img/1c/1a/3d/27940034120.png",91,2026,103,105681,30005464,30005464,21104932,"Kenneth Bernard Faried Lewis","Kenneth Faried","K. Faried","Faried",202,FALSE,202,NA,4484,3418,"Kosner Baskonia","Kosner Baskonia","BKN",93101,104,"Rebote Defensivo","Defensive Rebound","35",FALSE,4,4,18,00:04:18,83,71,175,103,71328,0,0,0,3,2,4,5,1,0,1,0,0,2,2,NA
3,"Supercopa","Supercopa Endesa","https://static.acb.com/img/14/39/3/27868634006.png","https://static.acb.com/img/1c/1a/3d/27940034120.png",91,2026,103,105681,30005346,30005346,21104824,"Devvajne Stevvart Jr","DJ Stewart Jr","DJ Stewart","Stewart",202,FALSE,202,NA,4484,3418,"Kosner Baskonia","Kosner Baskonia","BKN",93301,106,"Pérdida","Turnover","3",FALSE,4,4,8,00:04:08,83,71,0,0,71338,0,2,1,2,1,4,3,2,1,1,0,2,2,3,NA
3,"Supercopa","Supercopa Endesa","https://static.acb.com/img/14/39/3/27868634006.png","https://static.acb.com/img/1c/1a/3d/27940034120.png",91,2026,103,105681,20210828,20210828,20210828,"Emir  Sulejmanovic ","Emir Sulejmanovic","E. Sulejmanovic","Sulejmanovic",202,FALSE,202,NA,4482,3417,"Asisa Joventut","Asisa Joventut","JOV",93601,93,"Canasta de 2","2-Point Shot Made","19",TRUE,4,4,4,00:04:04,85,71,810,-123,71342,0,2,5,6,0,2,6,1,0,0,0,3,3,10,NA
3,"Supercopa","Supercopa Endesa","https://static.acb.com/img/14/39/3/27868634006.png","https://static.acb.com/img/1c/1a/3d/27940034120.png",91,2026,103,105681,30004053,30004053,21103564,"Isaac  Nogués Gonzalez","Isaac Nogués","I. Nogués","Nogués",202,FALSE,202,NA,4482,3417,"Asisa Joventut","Asisa Joventut","JOV",93801,107,"Asistencia tiro de 2","Assist 2-Point Shot","32",TRUE,4,4,4,00:04:04,85,71,0,0,71342,0,0,0,0,0,0,0,1,0,1,0,1,0,0,NA
3,"Supercopa","Supercopa Endesa","https://static.acb.com/img/14/39/3/27868634006.png","https://static.acb.com/img/1c/1a/3d/27940034120.png",91,2026,103,105681,20211947,20211947,20211947,"Nicolas  Laprovittola ","Nico Laprovittola","N. Laprovittola","Laprovittola",202,FALSE,202,NA,4482,3417,"Asisa Joventut","Asisa Joventut","JOV",94201,159,"Personal no TL","Foul No FT","10",TRUE,4,4,2,00:04:02,85,71,0,0,71349,5,10,3,7,5,6,0,6,1,3,0,3,7,26,NA
3,"Supercopa","Supercopa Endesa","https://static.acb.com/img/14/39/3/27868634006.png","https://static.acb.com/img/1c/1a/3d/27940034120.png",91,2026,103,105681,30001957,30001957,21101631,"Markus Anthony Howard ","Markus Howard","M. Howard","Howard",202,FALSE,202,NA,4484,3418,"Kosner Baskonia","Kosner Baskonia","BKN",94301,110,"Falta recibida","Foul Received","0",FALSE,4,4,2,00:04:02,85,71,0,0,71349,0,2,0,1,0,2,1,1,0,1,0,1,2,0,NA
3,"Supercopa","Supercopa Endesa","https://static.acb.com/img/14/39/3/27868634006.png","https://static.acb.com/img/1c/1a/3d/27940034120.png",91,2026,103,105681,20211947,20211947,20211947,"Nicolas  Laprovittola ","Nico Laprovittola","N. Laprovittola","Laprovittola",202,FALSE,202,NA,4482,3417,"Asisa Joventut","Asisa Joventut","JOV",94501,115,"Sale Pista","Substitution - Out","10",TRUE,4,4,2,00:04:02,85,71,0,0,71357,5,10,3,7,5,6,0,6,1,3,0,3,7,26,NA
3,"Supercopa","Supercopa Endesa","https://static.acb.com/img/14/39/3/27868634006.png","https://static.acb.com/img/1c/1a/3d/27940034120.png",91,2026,103,105681,20201871,20201871,20201871,"Ricard  Rubio Vives","Ricky Rubio","R. Rubio","Rubio",202,FALSE,202,NA,4482,3417,"Asisa Joventut","Asisa Joventut","JOV",94601,112,"Entra Pista","Substitution - In","9",TRUE,4,4,2,00:04:02,85,71,0,0,71357,0,3,4,6,3,3,5,3,0,4,0,3,4,11,NA
3,"Supercopa","Supercopa Endesa","https://static.acb.com/img/14/39/3/27868634006.png","https://static.acb.com/img/1c/1a/3d/27940034120.png",91,2026,103,105681,30005464,30005464,21104932,"Kenneth Bernard Faried Lewis","Kenneth Faried","K. Faried","Faried",202,FALSE,202,NA,4484,3418,"Kosner Baskonia","Kosner Baskonia","BKN",94701,115,"Sale Pista","Substitution - Out","35",FALSE,4,4,2,00:04:02,85,71,0,0,71357,0,0,0,3,2,4,5,1,0,1,0,0,2,2,NA
3,"Supercopa","Supercopa Endesa","https://static.acb.com/img/14/39/3/27868634006.png","https://static.acb.com/img/1c/1a/3d/27940034120.png",91,2026,103,105681,20211797,20211797,20211797,"Rodions  Kurucs ","Rodions Kurucs","R. Kurucs","Kurucs",202,FALSE,202,NA,4484,3418,"Kosner Baskonia","Kosner Baskonia","BKN",94801,112,"Entra Pista","Substitution - In","7",FALSE,4,4,2,00:04:02,85,71,0,0,71357,0,1,1,2,2,4,2,0,1,1,0,4,3,4,NA
3,"Supercopa","Supercopa Endesa","https://static.acb.com/img/14/39/3/27868634006.png","https://static.acb.com/img/1c/1a/3d/27940034120.png",91,2026,103,105681,30005346,30005346,21104824,"Devvajne Stevvart Jr","DJ Stewart Jr","DJ Stewart","Stewart",202,FALSE,202,NA,4484,3418,"Kosner Baskonia","Kosner Baskonia","BKN",95001,94,"Canasta de 3","3-Point Shot Made","3",FALSE,4,3,55,00:03:55,85,74,0,-6876,71382,1,3,1,2,1,4,3,2,1,1,0,2,2,6,NA
3,"Supercopa","Supercopa Endesa","https://static.acb.com/img/14/39/3/27868634006.png","https://static.acb.com/img/1c/1a/3d/27940034120.png",91,2026,103,105681,30000202,30000202,21100193,"Matteo  Spagnolo ","Matteo Spagnolo","M. Spagnolo","Spagnolo",202,FALSE,202,NA,4484,3418,"Kosner Baskonia","Kosner Baskonia","BKN",95101,108,"Asistencia tiro de 3","Assist 3-Point Shot","10",FALSE,4,3,55,00:03:55,85,74,0,0,71382,1,1,2,4,3,3,8,3,0,1,0,1,4,10,NA
3,"Supercopa","Supercopa Endesa","https://static.acb.com/img/14/39/3/27868634006.png","https://static.acb.com/img/1c/1a/3d/27940034120.png",91,2026,103,105681,20210828,20210828,20210828,"Emir  Sulejmanovic ","Emir Sulejmanovic","E. Sulejmanovic","Sulejmanovic",202,FALSE,202,NA,4482,3417,"Asisa Joventut","Asisa Joventut","JOV",95201,98,"Intento fallado de 3","3-Point Shot Missed","19",TRUE,4,3,38,00:03:38,85,74,6694,-2654,71399,0,3,5,6,0,2,6,1,0,0,0,3,3,10,NA
3,"Supercopa","Supercopa Endesa","https://static.acb.com/img/14/39/3/27868634006.png","https://static.acb.com/img/1c/1a/3d/27940034120.png",91,2026,103,105681,30005346,30005346,21104824,"Devvajne Stevvart Jr","DJ Stewart Jr","DJ Stewart","Stewart",202,FALSE,202,NA,4484,3418,"Kosner Baskonia","Kosner Baskonia","BKN",95301,104,"Rebote Defensivo","Defensive Rebound","3",FALSE,4,3,38,00:03:38,85,74,7505,1972,71399,1,3,1,2,1,4,4,2,1,1,0,2,2,6,NA
3,"Supercopa","Supercopa Endesa","https://static.acb.com/img/14/39/3/27868634006.png","https://static.acb.com/img/1c/1a/3d/27940034120.png",91,2026,103,105681,30005346,30005346,21104824,"Devvajne Stevvart Jr","DJ Stewart Jr","DJ Stewart","Stewart",202,FALSE,202,NA,4484,3418,"Kosner Baskonia","Kosner Baskonia","BKN",95601,93,"Canasta de 2","2-Point Shot Made","3",FALSE,4,3,33,00:03:33,85,76,654,636,71408,1,3,2,3,1,4,4,2,1,1,0,2,2,8,NA
3,"Supercopa","Supercopa Endesa","https://static.acb.com/img/14/39/3/27868634006.png","https://static.acb.com/img/1c/1a/3d/27940034120.png",91,2026,103,105681,20210828,20210828,20210828,"Emir  Sulejmanovic ","Emir Sulejmanovic","E. Sulejmanovic","Sulejmanovic",202,FALSE,202,NA,4482,3417,"Asisa Joventut","Asisa Joventut","JOV",95801,160,"Personal 1TL","Foul 1FT","19",TRUE,4,3,33,00:03:33,85,76,0,0,71415,0,3,5,6,0,2,6,1,0,0,0,4,3,10,NA
3,"Supercopa","Supercopa Endesa","https://static.acb.com/img/14/39/3/27868634006.png","https://static.acb.com/img/1c/1a/3d/27940034120.png",91,2026,103,105681,30005346,30005346,21104824,"Devvajne Stevvart Jr","DJ Stewart Jr","DJ Stewart","Stewart",202,FALSE,202,NA,4484,3418,"Kosner Baskonia","Kosner Baskonia","BKN",95901,110,"Falta recibida","Foul Received","3",FALSE,4,3,33,00:03:33,85,76,0,0,71415,1,3,2,3,1,4,4,2,1,1,0,2,3,8,NA
3,"Supercopa","Supercopa Endesa","https://static.acb.com/img/14/39/3/27868634006.png","https://static.acb.com/img/1c/1a/3d/27940034120.png",91,2026,103,105681,30004053,30004053,21103564,"Isaac  Nogués Gonzalez","Isaac Nogués","I. Nogués","Nogués",202,FALSE,202,NA,4482,3417,"Asisa Joventut","Asisa Joventut","JOV",96101,115,"Sale Pista","Substitution - Out","32",TRUE,4,3,33,00:03:33,85,76,0,0,71423,0,0,0,0,0,0,0,1,0,1,0,1,0,0,NA
3,"Supercopa","Supercopa Endesa","https://static.acb.com/img/14/39/3/27868634006.png","https://static.acb.com/img/1c/1a/3d/27940034120.png",91,2026,103,105681,30000095,30000095,21100094,"Yannick Story Kraag ","Yannick Kraag","Y. Kraag","Kraag",202,FALSE,202,NA,4482,3417,"Asisa Joventut","Asisa Joventut","JOV",96201,115,"Sale Pista","Substitution - Out","1",TRUE,4,3,33,00:03:33,85,76,0,0,71423,0,2,2,4,0,0,3,0,1,0,1,1,0,4,NA
3,"Supercopa","Supercopa Endesa","https://static.acb.com/img/14/39/3/27868634006.png","https://static.acb.com/img/1c/1a/3d/27940034120.png",91,2026,103,105681,20204133,20204133,20204133,"Alejandro  Reyes Abad","Álex Reyes","A. Reyes","Reyes",202,FALSE,202,NA,4482,3417,"Asisa Joventut","Asisa Joventut","JOV",96301,112,"Entra Pista","Substitution - In","18",TRUE,4,3,33,00:03:33,85,76,0,0,71423,2,4,2,2,0,0,5,1,1,0,0,3,2,10,NA
3,"Supercopa","Supercopa Endesa","https://static.acb.com/img/14/39/3/27868634006.png","https://static.acb.com/img/1c/1a/3d/27940034120.png",91,2026,103,105681,20211947,20211947,20211947,"Nicolas  Laprovittola ","Nico Laprovittola","N. Laprovittola","Laprovittola",202,FALSE,202,NA,4482,3417,"Asisa Joventut","Asisa Joventut","JOV",96401,112,"Entra Pista","Substitution - In","10",TRUE,4,3,33,00:03:33,85,76,0,0,71423,5,10,3,7,5,6,0,6,1,3,0,3,7,26,NA
3,"Supercopa","Supercopa Endesa","https://static.acb.com/img/14/39/3/27868634006.png","https://static.acb.com/img/1c/1a/3d/27940034120.png",91,2026,103,105681,30005375,30005375,21104852,"Anthony Randolph Lawson","AJ Lawson","AJ Lawson","Lawson",202,FALSE,202,NA,4484,3418,"Kosner Baskonia","Kosner Baskonia","BKN",96501,115,"Sale Pista","Substitution - Out","1",FALSE,4,3,33,00:03:33,85,76,0,0,71423,2,4,5,5,0,0,3,0,1,2,1,4,1,16,NA
3,"Supercopa","Supercopa Endesa","https://static.acb.com/img/14/39/3/27868634006.png","https://static.acb.com/img/1c/1a/3d/27940034120.png",91,2026,103,105681,30004878,30004878,21104384,"Kobi Jordan Simmons ","Kobi Simmons","K. Simmons","Simmons",202,FALSE,202,NA,4484,3418,"Kosner Baskonia","Kosner Baskonia","BKN",96601,112,"Entra Pista","Substitution - In","2",FALSE,4,3,33,00:03:33,85,76,0,0,71423,2,6,3,3,5,6,2,6,2,0,0,3,5,17,NA
3,"Supercopa","Supercopa Endesa","https://static.acb.com/img/14/39/3/27868634006.png","https://static.acb.com/img/1c/1a/3d/27940034120.png",91,2026,103,105681,30005346,30005346,21104824,"Devvajne Stevvart Jr","DJ Stewart Jr","DJ Stewart","Stewart",202,FALSE,202,NA,4484,3418,"Kosner Baskonia","Kosner Baskonia","BKN",96701,96,"Intento fallado de 1","Free Throw Missed","3",FALSE,4,3,33,00:03:33,85,76,0,0,71457,1,3,2,3,1,5,4,2,1,1,0,2,3,8,NA
3,"Supercopa","Supercopa Endesa","https://static.acb.com/img/14/39/3/27868634006.png","https://static.acb.com/img/1c/1a/3d/27940034120.png",91,2026,103,105681,20211797,20211797,20211797,"Rodions  Kurucs ","Rodions Kurucs","R. Kurucs","Kurucs",202,FALSE,202,NA,4484,3418,"Kosner Baskonia","Kosner Baskonia","BKN",96801,101,"Rebote Ofensivo","Offensive Rebound","7",FALSE,4,3,33,00:03:33,85,76,196,-461,71457,0,1,1,2,2,4,3,0,1,1,0,4,3,4,NA
3,"Supercopa","Supercopa Endesa","https://static.acb.com/img/14/39/3/27868634006.png","https://static.acb.com/img/1c/1a/3d/27940034120.png",91,2026,103,105681,30005346,30005346,21104824,"Devvajne Stevvart Jr","DJ Stewart Jr","DJ Stewart","Stewart",202,FALSE,202,NA,4484,3418,"Kosner Baskonia","Kosner Baskonia","BKN",97201,94,"Canasta de 3","3-Point Shot Made","3",FALSE,4,3,28,00:03:28,85,79,4840,5816,71464,2,4,2,3,1,5,4,2,1,1,0,2,3,11,NA
3,"Supercopa","Supercopa Endesa","https://static.acb.com/img/14/39/3/27868634006.png","https://static.acb.com/img/1c/1a/3d/27940034120.png",91,2026,103,105681,30000202,30000202,21100193,"Matteo  Spagnolo ","Matteo Spagnolo","M. Spagnolo","Spagnolo",202,FALSE,202,NA,4484,3418,"Kosner Baskonia","Kosner Baskonia","BKN",97301,108,"Asistencia tiro de 3","Assist 3-Point Shot","10",FALSE,4,3,28,00:03:28,85,79,0,0,71464,1,1,2,4,3,3,8,4,0,1,0,1,4,10,NA
3,"Supercopa","Supercopa Endesa","https://static.acb.com/img/14/39/3/27868634006.png","https://static.acb.com/img/1c/1a/3d/27940034120.png",91,2026,103,105681,20210828,20210828,20210828,"Emir  Sulejmanovic ","Emir Sulejmanovic","E. Sulejmanovic","Sulejmanovic",202,FALSE,202,NA,4482,3417,"Asisa Joventut","Asisa Joventut","JOV",97901,93,"Canasta de 2","2-Point Shot Made","19",TRUE,4,3,7,00:03:07,87,79,1282,121,71481,0,3,6,7,0,2,6,1,0,0,0,4,3,12,NA
3,"Supercopa","Supercopa Endesa","https://static.acb.com/img/14/39/3/27868634006.png","https://static.acb.com/img/1c/1a/3d/27940034120.png",91,2026,103,105681,20211947,20211947,20211947,"Nicolas  Laprovittola ","Nico Laprovittola","N. Laprovittola","Laprovittola",202,FALSE,202,NA,4482,3417,"Asisa Joventut","Asisa Joventut","JOV",98001,107,"Asistencia tiro de 2","Assist 2-Point Shot","10",TRUE,4,3,7,00:03:07,87,79,0,0,71481,5,10,3,7,5,6,0,7,1,3,0,3,7,26,NA
3,"Supercopa","Supercopa Endesa","https://static.acb.com/img/14/39/3/27868634006.png","https://static.acb.com/img/1c/1a/3d/27940034120.png",91,2026,103,105681,20210828,20210828,20210828,"Emir  Sulejmanovic ","Emir Sulejmanovic","E. Sulejmanovic","Sulejmanovic",202,FALSE,202,NA,4482,3417,"Asisa Joventut","Asisa Joventut","JOV",98201,161,"Personal 2TL","Foul 2FT","19",TRUE,4,3,2,00:03:02,87,79,0,0,71495,0,3,6,7,0,2,6,1,0,0,0,5,3,12,NA
3,"Supercopa","Supercopa Endesa","https://static.acb.com/img/14/39/3/27868634006.png","https://static.acb.com/img/1c/1a/3d/27940034120.png",91,2026,103,105681,20211797,20211797,20211797,"Rodions  Kurucs ","Rodions Kurucs","R. Kurucs","Kurucs",202,FALSE,202,NA,4484,3418,"Kosner Baskonia","Kosner Baskonia","BKN",98301,110,"Falta recibida","Foul Received","7",FALSE,4,3,2,00:03:02,87,79,0,0,71495,0,1,1,2,2,4,3,0,1,1,0,4,4,4,NA
3,"Supercopa","Supercopa Endesa","https://static.acb.com/img/14/39/3/27868634006.png","https://static.acb.com/img/1c/1a/3d/27940034120.png",91,2026,103,105681,20210828,20210828,20210828,"Emir  Sulejmanovic ","Emir Sulejmanovic","E. Sulejmanovic","Sulejmanovic",202,FALSE,202,NA,4482,3417,"Asisa Joventut","Asisa Joventut","JOV",98501,115,"Sale Pista","Substitution - Out","19",TRUE,4,3,2,00:03:02,87,79,0,0,71507,0,3,6,7,0,2,6,1,0,0,0,5,3,12,NA
3,"Supercopa","Supercopa Endesa","https://static.acb.com/img/14/39/3/27868634006.png","https://static.acb.com/img/1c/1a/3d/27940034120.png",91,2026,103,105681,20212423,20212423,20212423,"Simon Fredrik Stefan Birgander ","Simon Birgander","S. Birgander","Birgander",202,FALSE,202,NA,4482,3417,"Asisa Joventut","Asisa Joventut","JOV",98601,112,"Entra Pista","Substitution - In","35",TRUE,4,3,2,00:03:02,87,79,0,0,71507,0,0,0,0,0,0,10,1,0,1,1,3,1,0,NA
3,"Supercopa","Supercopa Endesa","https://static.acb.com/img/14/39/3/27868634006.png","https://static.acb.com/img/1c/1a/3d/27940034120.png",91,2026,103,105681,20211797,20211797,20211797,"Rodions  Kurucs ","Rodions Kurucs","R. Kurucs","Kurucs",202,FALSE,202,NA,4484,3418,"Kosner Baskonia","Kosner Baskonia","BKN",98701,92,"Canasta de 1","Free Throw Made","7",FALSE,4,3,2,00:03:02,87,80,0,0,71520,0,1,1,2,3,5,3,0,1,1,0,4,4,5,NA
3,"Supercopa","Supercopa Endesa","https://static.acb.com/img/14/39/3/27868634006.png","https://static.acb.com/img/1c/1a/3d/27940034120.png",91,2026,103,105681,20211797,20211797,20211797,"Rodions  Kurucs ","Rodions Kurucs","R. Kurucs","Kurucs",202,FALSE,202,NA,4484,3418,"Kosner Baskonia","Kosner Baskonia","BKN",98801,96,"Intento fallado de 1","Free Throw Missed","7",FALSE,4,3,2,00:03:02,87,80,0,0,71534,0,1,1,2,3,6,3,0,1,1,0,4,4,5,NA
3,"Supercopa","Supercopa Endesa","https://static.acb.com/img/14/39/3/27868634006.png","https://static.acb.com/img/1c/1a/3d/27940034120.png",91,2026,103,105681,20211797,20211797,20211797,"Rodions  Kurucs ","Rodions Kurucs","R. Kurucs","Kurucs",202,FALSE,202,NA,4484,3418,"Kosner Baskonia","Kosner Baskonia","BKN",99101,101,"Rebote Ofensivo","Offensive Rebound","7",FALSE,4,3,2,00:03:02,87,80,1340,-217,71534,0,1,1,2,3,6,4,0,1,1,0,4,4,5,NA
3,"Supercopa","Supercopa Endesa","https://static.acb.com/img/14/39/3/27868634006.png","https://static.acb.com/img/1c/1a/3d/27940034120.png",91,2026,103,105681,20211797,20211797,20211797,"Rodions  Kurucs ","Rodions Kurucs","R. Kurucs","Kurucs",202,FALSE,202,NA,4484,3418,"Kosner Baskonia","Kosner Baskonia","BKN",99201,93,"Canasta de 2","2-Point Shot Made","7",FALSE,4,3,1,00:03:01,87,82,667,-144,71537,0,1,2,3,3,6,4,0,1,1,0,4,4,7,NA
3,"Supercopa","Supercopa Endesa","https://static.acb.com/img/14/39/3/27868634006.png","https://static.acb.com/img/1c/1a/3d/27940034120.png",91,2026,103,105681,20212423,20212423,20212423,"Simon Fredrik Stefan Birgander ","Simon Birgander","S. Birgander","Birgander",202,FALSE,202,NA,4482,3417,"Asisa Joventut","Asisa Joventut","JOV",99301,160,"Personal 1TL","Foul 1FT","35",TRUE,4,3,1,00:03:01,87,82,0,0,71544,0,0,0,0,0,0,10,1,0,1,1,4,1,0,NA
3,"Supercopa","Supercopa Endesa","https://static.acb.com/img/14/39/3/27868634006.png","https://static.acb.com/img/1c/1a/3d/27940034120.png",91,2026,103,105681,20211797,20211797,20211797,"Rodions  Kurucs ","Rodions Kurucs","R. Kurucs","Kurucs",202,FALSE,202,NA,4484,3418,"Kosner Baskonia","Kosner Baskonia","BKN",99401,110,"Falta recibida","Foul Received","7",FALSE,4,3,1,00:03:01,87,82,0,0,71544,0,1,2,3,3,6,4,0,1,1,0,4,5,7,NA
3,"Supercopa","Supercopa Endesa","https://static.acb.com/img/14/39/3/27868634006.png","https://static.acb.com/img/1c/1a/3d/27940034120.png",91,2026,103,105681,20211797,20211797,20211797,"Rodions  Kurucs ","Rodions Kurucs","R. Kurucs","Kurucs",202,FALSE,202,NA,4484,3418,"Kosner Baskonia","Kosner Baskonia","BKN",99501,96,"Intento fallado de 1","Free Throw Missed","7",FALSE,4,3,1,00:03:01,87,82,0,0,71568,0,1,2,3,3,7,4,0,1,1,0,4,5,7,NA
3,"Supercopa","Supercopa Endesa","https://static.acb.com/img/14/39/3/27868634006.png","https://static.acb.com/img/1c/1a/3d/27940034120.png",91,2026,103,105681,20212423,20212423,20212423,"Simon Fredrik Stefan Birgander ","Simon Birgander","S. Birgander","Birgander",202,FALSE,202,NA,4482,3417,"Asisa Joventut","Asisa Joventut","JOV",99601,104,"Rebote Defensivo","Defensive Rebound","35",TRUE,4,3,1,00:03:01,87,82,1269,-604,71568,0,0,0,0,0,0,11,1,0,1,1,4,1,0,NA
3,"Supercopa","Supercopa Endesa","https://static.acb.com/img/14/39/3/27868634006.png","https://static.acb.com/img/1c/1a/3d/27940034120.png",91,2026,103,105681,20211797,20211797,20211797,"Rodions  Kurucs ","Rodions Kurucs","R. Kurucs","Kurucs",202,FALSE,202,NA,4484,3418,"Kosner Baskonia","Kosner Baskonia","BKN",100101,161,"Personal 2TL","Foul 2FT","7",FALSE,4,2,58,00:02:58,87,82,0,0,71583,0,1,2,3,3,7,4,0,1,1,0,5,5,7,NA
3,"Supercopa","Supercopa Endesa","https://static.acb.com/img/14/39/3/27868634006.png","https://static.acb.com/img/1c/1a/3d/27940034120.png",91,2026,103,105681,20201871,20201871,20201871,"Ricard  Rubio Vives","Ricky Rubio","R. Rubio","Rubio",202,FALSE,202,NA,4482,3417,"Asisa Joventut","Asisa Joventut","JOV",100201,110,"Falta recibida","Foul Received","9",TRUE,4,2,58,00:02:58,87,82,0,0,71583,0,3,4,6,3,3,5,3,0,4,0,3,5,11,NA
3,"Supercopa","Supercopa Endesa","https://static.acb.com/img/14/39/3/27868634006.png","https://static.acb.com/img/1c/1a/3d/27940034120.png",91,2026,103,105681,20211797,20211797,20211797,"Rodions  Kurucs ","Rodions Kurucs","R. Kurucs","Kurucs",202,FALSE,202,NA,4484,3418,"Kosner Baskonia","Kosner Baskonia","BKN",100401,115,"Sale Pista","Substitution - Out","7",FALSE,4,2,58,00:02:58,87,82,0,0,71601,0,1,2,3,3,7,4,0,1,1,0,5,5,7,NA
3,"Supercopa","Supercopa Endesa","https://static.acb.com/img/14/39/3/27868634006.png","https://static.acb.com/img/1c/1a/3d/27940034120.png",91,2026,103,105681,30005464,30005464,21104932,"Kenneth Bernard Faried Lewis","Kenneth Faried","K. Faried","Faried",202,FALSE,202,NA,4484,3418,"Kosner Baskonia","Kosner Baskonia","BKN",100501,112,"Entra Pista","Substitution - In","35",FALSE,4,2,58,00:02:58,87,82,0,0,71601,0,0,0,3,2,4,5,1,0,1,0,0,2,2,NA
3,"Supercopa","Supercopa Endesa","https://static.acb.com/img/14/39/3/27868634006.png","https://static.acb.com/img/1c/1a/3d/27940034120.png",91,2026,103,105681,NA,NA,NA,NA,NA,NA,NA,NA,NA,NA,NA,NA,NA,NA,NA,NA,100601,410,"IR - Revisión por enfrentamiento",NA,NA,FALSE,4,2,58,00:02:58,87,82,0,0,71607,NA,NA,NA,NA,NA,NA,NA,NA,NA,NA,NA,NA,NA,NA,NA
3,"Supercopa","Supercopa Endesa","https://static.acb.com/img/14/39/3/27868634006.png","https://static.acb.com/img/1c/1a/3d/27940034120.png",91,2026,103,105681,20201871,20201871,20201871,"Ricard  Rubio Vives","Ricky Rubio","R. Rubio","Rubio",202,FALSE,202,NA,4482,3417,"Asisa Joventut","Asisa Joventut","JOV",100801,92,"Canasta de 1","Free Throw Made","9",TRUE,4,2,58,00:02:58,88,82,0,0,71674,0,3,4,6,4,4,5,3,0,4,0,3,5,12,NA
3,"Supercopa","Supercopa Endesa","https://static.acb.com/img/14/39/3/27868634006.png","https://static.acb.com/img/1c/1a/3d/27940034120.png",91,2026,103,105681,20201871,20201871,20201871,"Ricard  Rubio Vives","Ricky Rubio","R. Rubio","Rubio",202,FALSE,202,NA,4482,3417,"Asisa Joventut","Asisa Joventut","JOV",100901,96,"Intento fallado de 1","Free Throw Missed","9",TRUE,4,2,58,00:02:58,88,82,0,0,71687,0,3,4,6,4,5,5,3,0,4,0,3,5,12,NA
3,"Supercopa","Supercopa Endesa","https://static.acb.com/img/14/39/3/27868634006.png","https://static.acb.com/img/1c/1a/3d/27940034120.png",91,2026,103,105681,30000927,30000927,21100827,"Kwan Treill Cheatham Jr","Kwan Cheatham","K. Cheatham","Cheatham",202,FALSE,202,NA,4482,3417,"Asisa Joventut","Asisa Joventut","JOV",101001,101,"Rebote Ofensivo","Offensive Rebound","55",TRUE,4,2,58,00:02:58,88,82,1566,-1200,71687,1,4,1,1,0,0,4,1,0,0,1,0,0,5,NA
3,"Supercopa","Supercopa Endesa","https://static.acb.com/img/14/39/3/27868634006.png","https://static.acb.com/img/1c/1a/3d/27940034120.png",91,2026,103,105681,20212423,20212423,20212423,"Simon Fredrik Stefan Birgander ","Simon Birgander","S. Birgander","Birgander",202,FALSE,202,NA,4482,3417,"Asisa Joventut","Asisa Joventut","JOV",101401,100,"Mate","Dunk","35",TRUE,4,2,47,00:02:47,90,82,0,0,71699,0,0,1,1,0,0,11,1,0,1,1,4,1,2,NA
3,"Supercopa","Supercopa Endesa","https://static.acb.com/img/14/39/3/27868634006.png","https://static.acb.com/img/1c/1a/3d/27940034120.png",91,2026,103,105681,20211947,20211947,20211947,"Nicolas  Laprovittola ","Nico Laprovittola","N. Laprovittola","Laprovittola",202,FALSE,202,NA,4482,3417,"Asisa Joventut","Asisa Joventut","JOV",101501,107,"Asistencia tiro de 2","Assist 2-Point Shot","10",TRUE,4,2,47,00:02:47,90,82,0,0,71699,5,10,3,7,5,6,0,8,1,3,0,3,7,26,NA
3,"Supercopa","Supercopa Endesa","https://static.acb.com/img/14/39/3/27868634006.png","https://static.acb.com/img/1c/1a/3d/27940034120.png",91,2026,103,105681,30005464,30005464,21104932,"Kenneth Bernard Faried Lewis","Kenneth Faried","K. Faried","Faried",202,FALSE,202,NA,4484,3418,"Kosner Baskonia","Kosner Baskonia","BKN",102001,106,"Pérdida","Turnover","35",FALSE,4,2,29,00:02:29,90,82,0,0,71717,0,0,0,3,2,4,5,1,0,2,0,0,2,2,NA
3,"Supercopa","Supercopa Endesa","https://static.acb.com/img/14/39/3/27868634006.png","https://static.acb.com/img/1c/1a/3d/27940034120.png",91,2026,103,105681,20212423,20212423,20212423,"Simon Fredrik Stefan Birgander ","Simon Birgander","S. Birgander","Birgander",202,FALSE,202,NA,4482,3417,"Asisa Joventut","Asisa Joventut","JOV",102101,103,"Recuperación","Steal","35",TRUE,4,2,29,00:02:29,90,82,0,0,71717,0,0,1,1,0,0,11,1,1,1,1,4,1,2,NA
3,"Supercopa","Supercopa Endesa","https://static.acb.com/img/14/39/3/27868634006.png","https://static.acb.com/img/1c/1a/3d/27940034120.png",91,2026,103,105681,20204133,20204133,20204133,"Alejandro  Reyes Abad","Álex Reyes","A. Reyes","Reyes",202,FALSE,202,NA,4482,3417,"Asisa Joventut","Asisa Joventut","JOV",102201,98,"Intento fallado de 3","3-Point Shot Missed","18",TRUE,4,2,16,00:02:16,90,82,4273,6177,71729,2,5,2,2,0,0,5,1,1,0,0,3,2,10,NA
3,"Supercopa","Supercopa Endesa","https://static.acb.com/img/14/39/3/27868634006.png","https://static.acb.com/img/1c/1a/3d/27940034120.png",91,2026,103,105681,30001957,30001957,21101631,"Markus Anthony Howard ","Markus Howard","M. Howard","Howard",202,FALSE,202,NA,4484,3418,"Kosner Baskonia","Kosner Baskonia","BKN",102301,104,"Rebote Defensivo","Defensive Rebound","0",FALSE,4,2,16,00:02:16,90,82,0,-3091,71729,0,2,0,1,0,2,2,1,0,1,0,1,2,0,NA
3,"Supercopa","Supercopa Endesa","https://static.acb.com/img/14/39/3/27868634006.png","https://static.acb.com/img/1c/1a/3d/27940034120.png",91,2026,103,105681,30005464,30005464,21104932,"Kenneth Bernard Faried Lewis","Kenneth Faried","K. Faried","Faried",202,FALSE,202,NA,4484,3418,"Kosner Baskonia","Kosner Baskonia","BKN",102401,97,"Intento fallado de 2","2-Point Shot Missed","35",FALSE,4,2,5,00:02:05,90,82,639,-883,71741,0,0,0,4,2,4,5,1,0,2,0,0,2,2,NA
3,"Supercopa","Supercopa Endesa","https://static.acb.com/img/14/39/3/27868634006.png","https://static.acb.com/img/1c/1a/3d/27940034120.png",91,2026,103,105681,20201871,20201871,20201871,"Ricard  Rubio Vives","Ricky Rubio","R. Rubio","Rubio",202,FALSE,202,NA,4482,3417,"Asisa Joventut","Asisa Joventut","JOV",102501,104,"Rebote Defensivo","Defensive Rebound","9",TRUE,4,2,5,00:02:05,90,82,2118,525,71741,0,3,4,6,4,5,6,3,0,4,0,3,5,12,NA
3,"Supercopa","Supercopa Endesa","https://static.acb.com/img/14/39/3/27868634006.png","https://static.acb.com/img/1c/1a/3d/27940034120.png",91,2026,103,105681,30001957,30001957,21101631,"Markus Anthony Howard ","Markus Howard","M. Howard","Howard",202,FALSE,202,NA,4484,3418,"Kosner Baskonia","Kosner Baskonia","BKN",102701,162,"Personal 3TL","Foul 3FT","0",FALSE,4,1,42,00:01:42,90,82,0,0,71768,0,2,0,1,0,2,2,1,0,1,0,2,2,0,NA
3,"Supercopa","Supercopa Endesa","https://static.acb.com/img/14/39/3/27868634006.png","https://static.acb.com/img/1c/1a/3d/27940034120.png",91,2026,103,105681,20211947,20211947,20211947,"Nicolas  Laprovittola ","Nico Laprovittola","N. Laprovittola","Laprovittola",202,FALSE,202,NA,4482,3417,"Asisa Joventut","Asisa Joventut","JOV",102801,110,"Falta recibida","Foul Received","10",TRUE,4,1,42,00:01:42,90,82,0,0,71768,5,10,3,7,5,6,0,8,1,3,0,3,8,26,NA
3,"Supercopa","Supercopa Endesa","https://static.acb.com/img/14/39/3/27868634006.png","https://static.acb.com/img/1c/1a/3d/27940034120.png",91,2026,103,105681,30000927,30000927,21100827,"Kwan Treill Cheatham Jr","Kwan Cheatham","K. Cheatham","Cheatham",202,FALSE,202,NA,4482,3417,"Asisa Joventut","Asisa Joventut","JOV",103001,115,"Sale Pista","Substitution - Out","55",TRUE,4,1,42,00:01:42,90,82,0,0,71772,1,4,1,1,0,0,4,1,0,0,1,0,0,5,NA
3,"Supercopa","Supercopa Endesa","https://static.acb.com/img/14/39/3/27868634006.png","https://static.acb.com/img/1c/1a/3d/27940034120.png",91,2026,103,105681,30001229,30001229,21101034,"Eli John Ndiaye Faye","Eli Ndiaye","E. Ndiaye","Ndiaye",202,FALSE,202,NA,4482,3417,"Asisa Joventut","Asisa Joventut","JOV",103101,112,"Entra Pista","Substitution - In","4",TRUE,4,1,42,00:01:42,90,82,0,0,71772,1,2,2,3,0,0,4,0,0,0,1,2,0,7,NA
3,"Supercopa","Supercopa Endesa","https://static.acb.com/img/14/39/3/27868634006.png","https://static.acb.com/img/1c/1a/3d/27940034120.png",91,2026,103,105681,30001957,30001957,21101631,"Markus Anthony Howard ","Markus Howard","M. Howard","Howard",202,FALSE,202,NA,4484,3418,"Kosner Baskonia","Kosner Baskonia","BKN",103201,115,"Sale Pista","Substitution - Out","0",FALSE,4,1,42,00:01:42,90,82,0,0,71772,0,2,0,1,0,2,2,1,0,1,0,2,2,0,NA
3,"Supercopa","Supercopa Endesa","https://static.acb.com/img/14/39/3/27868634006.png","https://static.acb.com/img/1c/1a/3d/27940034120.png",91,2026,103,105681,30000202,30000202,21100193,"Matteo  Spagnolo ","Matteo Spagnolo","M. Spagnolo","Spagnolo",202,FALSE,202,NA,4484,3418,"Kosner Baskonia","Kosner Baskonia","BKN",103301,115,"Sale Pista","Substitution - Out","10",FALSE,4,1,42,00:01:42,90,82,0,0,71772,1,1,2,4,3,3,8,4,0,1,0,1,4,10,NA
3,"Supercopa","Supercopa Endesa","https://static.acb.com/img/14/39/3/27868634006.png","https://static.acb.com/img/1c/1a/3d/27940034120.png",91,2026,103,105681,30003966,30003966,21103485,"Christopher  Theoret Duarte","Chris Duarte","C. Duarte","Duarte",202,FALSE,202,NA,4484,3418,"Kosner Baskonia","Kosner Baskonia","BKN",103401,112,"Entra Pista","Substitution - In","5",FALSE,4,1,42,00:01:42,90,82,0,0,71772,1,5,3,4,1,1,2,0,0,1,1,2,1,10,NA
3,"Supercopa","Supercopa Endesa","https://static.acb.com/img/14/39/3/27868634006.png","https://static.acb.com/img/1c/1a/3d/27940034120.png",91,2026,103,105681,30005375,30005375,21104852,"Anthony Randolph Lawson","AJ Lawson","AJ Lawson","Lawson",202,FALSE,202,NA,4484,3418,"Kosner Baskonia","Kosner Baskonia","BKN",103501,112,"Entra Pista","Substitution - In","1",FALSE,4,1,42,00:01:42,90,82,0,0,71772,2,4,5,5,0,0,3,0,1,2,1,4,1,16,NA
3,"Supercopa","Supercopa Endesa","https://static.acb.com/img/14/39/3/27868634006.png","https://static.acb.com/img/1c/1a/3d/27940034120.png",91,2026,103,105681,20211947,20211947,20211947,"Nicolas  Laprovittola ","Nico Laprovittola","N. Laprovittola","Laprovittola",202,FALSE,202,NA,4482,3417,"Asisa Joventut","Asisa Joventut","JOV",103601,96,"Intento fallado de 1","Free Throw Missed","10",TRUE,4,1,42,00:01:42,90,82,0,0,71802,5,10,3,7,5,7,0,8,1,3,0,3,8,26,NA
3,"Supercopa","Supercopa Endesa","https://static.acb.com/img/14/39/3/27868634006.png","https://static.acb.com/img/1c/1a/3d/27940034120.png",91,2026,103,105681,20211947,20211947,20211947,"Nicolas  Laprovittola ","Nico Laprovittola","N. Laprovittola","Laprovittola",202,FALSE,202,NA,4482,3417,"Asisa Joventut","Asisa Joventut","JOV",103701,92,"Canasta de 1","Free Throw Made","10",TRUE,4,1,42,00:01:42,91,82,0,0,71817,5,10,3,7,6,8,0,8,1,3,0,3,8,27,NA
3,"Supercopa","Supercopa Endesa","https://static.acb.com/img/14/39/3/27868634006.png","https://static.acb.com/img/1c/1a/3d/27940034120.png",91,2026,103,105681,20211947,20211947,20211947,"Nicolas  Laprovittola ","Nico Laprovittola","N. Laprovittola","Laprovittola",202,FALSE,202,NA,4482,3417,"Asisa Joventut","Asisa Joventut","JOV",103801,96,"Intento fallado de 1","Free Throw Missed","10",TRUE,4,1,42,00:01:42,91,82,0,0,71832,5,10,3,7,6,9,0,8,1,3,0,3,8,27,NA
3,"Supercopa","Supercopa Endesa","https://static.acb.com/img/14/39/3/27868634006.png","https://static.acb.com/img/1c/1a/3d/27940034120.png",91,2026,103,105681,30005464,30005464,21104932,"Kenneth Bernard Faried Lewis","Kenneth Faried","K. Faried","Faried",202,FALSE,202,NA,4484,3418,"Kosner Baskonia","Kosner Baskonia","BKN",103901,104,"Rebote Defensivo","Defensive Rebound","35",FALSE,4,1,42,00:01:42,91,82,0,-68,71832,0,0,0,4,2,4,6,1,0,2,0,0,2,2,NA
3,"Supercopa","Supercopa Endesa","https://static.acb.com/img/14/39/3/27868634006.png","https://static.acb.com/img/1c/1a/3d/27940034120.png",91,2026,103,105681,30001229,30001229,21101034,"Eli John Ndiaye Faye","Eli Ndiaye","E. Ndiaye","Ndiaye",202,FALSE,202,NA,4482,3417,"Asisa Joventut","Asisa Joventut","JOV",104301,161,"Personal 2TL","Foul 2FT","4",TRUE,4,1,32,00:01:32,91,82,0,0,71848,1,2,2,3,0,0,4,0,0,0,1,3,0,7,NA
3,"Supercopa","Supercopa Endesa","https://static.acb.com/img/14/39/3/27868634006.png","https://static.acb.com/img/1c/1a/3d/27940034120.png",91,2026,103,105681,30004878,30004878,21104384,"Kobi Jordan Simmons ","Kobi Simmons","K. Simmons","Simmons",202,FALSE,202,NA,4484,3418,"Kosner Baskonia","Kosner Baskonia","BKN",104401,110,"Falta recibida","Foul Received","2",FALSE,4,1,32,00:01:32,91,82,0,0,71848,2,6,3,3,5,6,2,6,2,0,0,3,6,17,NA
3,"Supercopa","Supercopa Endesa","https://static.acb.com/img/14/39/3/27868634006.png","https://static.acb.com/img/1c/1a/3d/27940034120.png",91,2026,103,105681,30004878,30004878,21104384,"Kobi Jordan Simmons ","Kobi Simmons","K. Simmons","Simmons",202,FALSE,202,NA,4484,3418,"Kosner Baskonia","Kosner Baskonia","BKN",104501,92,"Canasta de 1","Free Throw Made","2",FALSE,4,1,32,00:01:32,91,83,0,0,71873,2,6,3,3,6,7,2,6,2,0,0,3,6,18,NA
3,"Supercopa","Supercopa Endesa","https://static.acb.com/img/14/39/3/27868634006.png","https://static.acb.com/img/1c/1a/3d/27940034120.png",91,2026,103,105681,30004878,30004878,21104384,"Kobi Jordan Simmons ","Kobi Simmons","K. Simmons","Simmons",202,FALSE,202,NA,4484,3418,"Kosner Baskonia","Kosner Baskonia","BKN",104601,92,"Canasta de 1","Free Throw Made","2",FALSE,4,1,32,00:01:32,91,84,0,0,71888,2,6,3,3,7,8,2,6,2,0,0,3,6,19,NA
3,"Supercopa","Supercopa Endesa","https://static.acb.com/img/14/39/3/27868634006.png","https://static.acb.com/img/1c/1a/3d/27940034120.png",91,2026,103,105681,30005375,30005375,21104852,"Anthony Randolph Lawson","AJ Lawson","AJ Lawson","Lawson",202,FALSE,202,NA,4484,3418,"Kosner Baskonia","Kosner Baskonia","BKN",105001,161,"Personal 2TL","Foul 2FT","1",FALSE,4,1,24,00:01:24,91,84,0,0,71903,2,4,5,5,0,0,3,0,1,2,1,5,1,16,NA
3,"Supercopa","Supercopa Endesa","https://static.acb.com/img/14/39/3/27868634006.png","https://static.acb.com/img/1c/1a/3d/27940034120.png",91,2026,103,105681,20201871,20201871,20201871,"Ricard  Rubio Vives","Ricky Rubio","R. Rubio","Rubio",202,FALSE,202,NA,4482,3417,"Asisa Joventut","Asisa Joventut","JOV",105101,110,"Falta recibida","Foul Received","9",TRUE,4,1,24,00:01:24,91,84,0,0,71903,0,3,4,6,4,5,6,3,0,4,0,3,6,12,NA
3,"Supercopa","Supercopa Endesa","https://static.acb.com/img/14/39/3/27868634006.png","https://static.acb.com/img/1c/1a/3d/27940034120.png",91,2026,103,105681,30005375,30005375,21104852,"Anthony Randolph Lawson","AJ Lawson","AJ Lawson","Lawson",202,FALSE,202,NA,4484,3418,"Kosner Baskonia","Kosner Baskonia","BKN",105301,115,"Sale Pista","Substitution - Out","1",FALSE,4,1,24,00:01:24,91,84,0,0,71909,2,4,5,5,0,0,3,0,1,2,1,5,1,16,NA
3,"Supercopa","Supercopa Endesa","https://static.acb.com/img/14/39/3/27868634006.png","https://static.acb.com/img/1c/1a/3d/27940034120.png",91,2026,103,105681,30000202,30000202,21100193,"Matteo  Spagnolo ","Matteo Spagnolo","M. Spagnolo","Spagnolo",202,FALSE,202,NA,4484,3418,"Kosner Baskonia","Kosner Baskonia","BKN",105401,112,"Entra Pista","Substitution - In","10",FALSE,4,1,24,00:01:24,91,84,0,0,71909,1,1,2,4,3,3,8,4,0,1,0,1,4,10,NA
3,"Supercopa","Supercopa Endesa","https://static.acb.com/img/14/39/3/27868634006.png","https://static.acb.com/img/1c/1a/3d/27940034120.png",91,2026,103,105681,20201871,20201871,20201871,"Ricard  Rubio Vives","Ricky Rubio","R. Rubio","Rubio",202,FALSE,202,NA,4482,3417,"Asisa Joventut","Asisa Joventut","JOV",105501,96,"Intento fallado de 1","Free Throw Missed","9",TRUE,4,1,24,00:01:24,91,84,0,0,71941,0,3,4,6,4,6,6,3,0,4,0,3,6,12,NA
3,"Supercopa","Supercopa Endesa","https://static.acb.com/img/14/39/3/27868634006.png","https://static.acb.com/img/1c/1a/3d/27940034120.png",91,2026,103,105681,20201871,20201871,20201871,"Ricard  Rubio Vives","Ricky Rubio","R. Rubio","Rubio",202,FALSE,202,NA,4482,3417,"Asisa Joventut","Asisa Joventut","JOV",105601,92,"Canasta de 1","Free Throw Made","9",TRUE,4,1,24,00:01:24,92,84,0,0,71949,0,3,4,6,5,7,6,3,0,4,0,3,6,13,NA
3,"Supercopa","Supercopa Endesa","https://static.acb.com/img/14/39/3/27868634006.png","https://static.acb.com/img/1c/1a/3d/27940034120.png",91,2026,103,105681,30001229,30001229,21101034,"Eli John Ndiaye Faye","Eli Ndiaye","E. Ndiaye","Ndiaye",202,FALSE,202,NA,4482,3417,"Asisa Joventut","Asisa Joventut","JOV",105901,115,"Sale Pista","Substitution - Out","4",TRUE,4,1,24,00:01:24,92,84,0,0,71953,1,2,2,3,0,0,4,0,0,0,1,3,0,7,NA
3,"Supercopa","Supercopa Endesa","https://static.acb.com/img/14/39/3/27868634006.png","https://static.acb.com/img/1c/1a/3d/27940034120.png",91,2026,103,105681,30004053,30004053,21103564,"Isaac  Nogués Gonzalez","Isaac Nogués","I. Nogués","Nogués",202,FALSE,202,NA,4482,3417,"Asisa Joventut","Asisa Joventut","JOV",106001,112,"Entra Pista","Substitution - In","32",TRUE,4,1,24,00:01:24,92,84,0,0,71953,0,0,0,0,0,0,0,1,0,1,0,1,0,0,NA
3,"Supercopa","Supercopa Endesa","https://static.acb.com/img/14/39/3/27868634006.png","https://static.acb.com/img/1c/1a/3d/27940034120.png",91,2026,103,105681,30000202,30000202,21100193,"Matteo  Spagnolo ","Matteo Spagnolo","M. Spagnolo","Spagnolo",202,FALSE,202,NA,4484,3418,"Kosner Baskonia","Kosner Baskonia","BKN",106401,97,"Intento fallado de 2","2-Point Shot Missed","10",FALSE,4,1,10,00:01:10,92,84,3687,3935,71979,1,1,2,5,3,3,8,4,0,1,0,1,4,10,NA
3,"Supercopa","Supercopa Endesa","https://static.acb.com/img/14/39/3/27868634006.png","https://static.acb.com/img/1c/1a/3d/27940034120.png",91,2026,103,105681,30003966,30003966,21103485,"Christopher  Theoret Duarte","Chris Duarte","C. Duarte","Duarte",202,FALSE,202,NA,4484,3418,"Kosner Baskonia","Kosner Baskonia","BKN",106501,101,"Rebote Ofensivo","Offensive Rebound","5",FALSE,4,1,10,00:01:10,92,84,549,-3280,71979,1,5,3,4,1,1,3,0,0,1,1,2,1,10,NA
3,"Supercopa","Supercopa Endesa","https://static.acb.com/img/14/39/3/27868634006.png","https://static.acb.com/img/1c/1a/3d/27940034120.png",91,2026,103,105681,30005346,30005346,21104824,"Devvajne Stevvart Jr","DJ Stewart Jr","DJ Stewart","Stewart",202,FALSE,202,NA,4484,3418,"Kosner Baskonia","Kosner Baskonia","BKN",106601,97,"Intento fallado de 2","2-Point Shot Missed","3",FALSE,4,0,54,00:00:54,92,84,362,-3059,71995,2,4,2,4,1,5,4,2,1,1,0,2,3,11,NA
3,"Supercopa","Supercopa Endesa","https://static.acb.com/img/14/39/3/27868634006.png","https://static.acb.com/img/1c/1a/3d/27940034120.png",91,2026,103,105681,20212423,20212423,20212423,"Simon Fredrik Stefan Birgander ","Simon Birgander","S. Birgander","Birgander",202,FALSE,202,NA,4482,3417,"Asisa Joventut","Asisa Joventut","JOV",106701,104,"Rebote Defensivo","Defensive Rebound","35",TRUE,4,0,54,00:00:54,92,84,287,-837,71995,0,0,1,1,0,0,12,1,1,1,1,4,1,2,NA
3,"Supercopa","Supercopa Endesa","https://static.acb.com/img/14/39/3/27868634006.png","https://static.acb.com/img/1c/1a/3d/27940034120.png",91,2026,103,105681,20212423,20212423,20212423,"Simon Fredrik Stefan Birgander ","Simon Birgander","S. Birgander","Birgander",202,FALSE,202,NA,4482,3417,"Asisa Joventut","Asisa Joventut","JOV",106901,93,"Canasta de 2","2-Point Shot Made","35",TRUE,4,0,31,00:00:31,94,84,259,-585,72018,0,0,2,2,0,0,12,1,1,1,1,4,1,4,NA
3,"Supercopa","Supercopa Endesa","https://static.acb.com/img/14/39/3/27868634006.png","https://static.acb.com/img/1c/1a/3d/27940034120.png",91,2026,103,105681,20211947,20211947,20211947,"Nicolas  Laprovittola ","Nico Laprovittola","N. Laprovittola","Laprovittola",202,FALSE,202,NA,4482,3417,"Asisa Joventut","Asisa Joventut","JOV",107001,107,"Asistencia tiro de 2","Assist 2-Point Shot","10",TRUE,4,0,31,00:00:31,94,84,0,0,72018,5,10,3,7,6,9,0,9,1,3,0,3,8,27,NA
3,"Supercopa","Supercopa Endesa","https://static.acb.com/img/14/39/3/27868634006.png","https://static.acb.com/img/1c/1a/3d/27940034120.png",91,2026,103,105681,30003966,30003966,21103485,"Christopher  Theoret Duarte","Chris Duarte","C. Duarte","Duarte",202,FALSE,202,NA,4484,3418,"Kosner Baskonia","Kosner Baskonia","BKN",107201,97,"Intento fallado de 2","2-Point Shot Missed","5",FALSE,4,0,25,00:00:25,94,84,964,4363,72027,1,5,3,5,1,1,3,0,0,1,1,2,1,10,NA
3,"Supercopa","Supercopa Endesa","https://static.acb.com/img/14/39/3/27868634006.png","https://static.acb.com/img/1c/1a/3d/27940034120.png",91,2026,103,105681,30004053,30004053,21103564,"Isaac  Nogués Gonzalez","Isaac Nogués","I. Nogués","Nogués",202,FALSE,202,NA,4482,3417,"Asisa Joventut","Asisa Joventut","JOV",107301,104,"Rebote Defensivo","Defensive Rebound","32",TRUE,4,0,25,00:00:25,94,84,49,419,72027,0,0,0,0,0,0,1,1,0,1,0,1,0,0,NA
3,"Supercopa","Supercopa Endesa","https://static.acb.com/img/14/39/3/27868634006.png","https://static.acb.com/img/1c/1a/3d/27940034120.png",91,2026,103,105681,20212423,20212423,20212423,"Simon Fredrik Stefan Birgander ","Simon Birgander","S. Birgander","Birgander",202,FALSE,202,NA,4482,3417,"Asisa Joventut","Asisa Joventut","JOV",107501,100,"Mate","Dunk","35",TRUE,4,0,12,00:00:12,96,84,0,0,72040,0,0,3,3,0,0,12,1,1,1,1,4,1,6,NA
3,"Supercopa","Supercopa Endesa","https://static.acb.com/img/14/39/3/27868634006.png","https://static.acb.com/img/1c/1a/3d/27940034120.png",91,2026,103,105681,20211947,20211947,20211947,"Nicolas  Laprovittola ","Nico Laprovittola","N. Laprovittola","Laprovittola",202,FALSE,202,NA,4482,3417,"Asisa Joventut","Asisa Joventut","JOV",107701,107,"Asistencia tiro de 2","Assist 2-Point Shot","10",TRUE,4,0,12,00:00:12,96,84,0,0,72040,5,10,3,7,6,9,0,10,1,3,0,3,8,27,NA
3,"Supercopa","Supercopa Endesa","https://static.acb.com/img/14/39/3/27868634006.png","https://static.acb.com/img/1c/1a/3d/27940034120.png",91,2026,103,105681,30004878,30004878,21104384,"Kobi Jordan Simmons ","Kobi Simmons","K. Simmons","Simmons",202,FALSE,202,NA,4484,3418,"Kosner Baskonia","Kosner Baskonia","BKN",108101,98,"Intento fallado de 3","3-Point Shot Missed","2",FALSE,4,0,5,00:00:05,96,84,4334,-5908,72049,2,7,3,3,7,8,2,6,2,0,0,3,6,19,NA
3,"Supercopa","Supercopa Endesa","https://static.acb.com/img/14/39/3/27868634006.png","https://static.acb.com/img/1c/1a/3d/27940034120.png",91,2026,103,105681,30005464,30005464,21104932,"Kenneth Bernard Faried Lewis","Kenneth Faried","K. Faried","Faried",202,FALSE,202,NA,4484,3418,"Kosner Baskonia","Kosner Baskonia","BKN",108201,101,"Rebote Ofensivo","Offensive Rebound","35",FALSE,4,0,5,00:00:05,96,84,2518,-3102,72049,0,0,0,4,2,4,7,1,0,2,0,0,2,2,NA
3,"Supercopa","Supercopa Endesa","https://static.acb.com/img/14/39/3/27868634006.png","https://static.acb.com/img/1c/1a/3d/27940034120.png",91,2026,103,105681,30004878,30004878,21104384,"Kobi Jordan Simmons ","Kobi Simmons","K. Simmons","Simmons",202,FALSE,202,NA,4484,3418,"Kosner Baskonia","Kosner Baskonia","BKN",108301,98,"Intento fallado de 3","3-Point Shot Missed","2",FALSE,4,0,2,00:00:02,96,84,4131,-6405,72053,2,8,3,3,7,8,2,6,2,0,0,3,6,19,NA
3,"Supercopa","Supercopa Endesa","https://static.acb.com/img/14/39/3/27868634006.png","https://static.acb.com/img/1c/1a/3d/27940034120.png",91,2026,103,105681,30004053,30004053,21103564,"Isaac  Nogués Gonzalez","Isaac Nogués","I. Nogués","Nogués",202,FALSE,202,NA,4482,3417,"Asisa Joventut","Asisa Joventut","JOV",108401,104,"Rebote Defensivo","Defensive Rebound","32",TRUE,4,0,2,00:00:02,96,84,2597,2177,72053,0,0,0,0,0,0,2,1,0,1,0,1,0,0,NA
3,"Supercopa","Supercopa Endesa","https://static.acb.com/img/14/39/3/27868634006.png","https://static.acb.com/img/1c/1a/3d/27940034120.png",91,2026,103,105681,NA,NA,NA,NA,NA,NA,NA,NA,NA,NA,NA,NA,NA,NA,NA,NA,108601,116,"Final de Periodo","End of the Quarter",NA,FALSE,4,0,0,00:00:00,96,84,0,0,72061,NA,NA,NA,NA,NA,NA,NA,NA,NA,NA,NA,NA,NA,NA,NA
3,"Supercopa","Supercopa Endesa","https://static.acb.com/img/14/39/3/27868634006.png","https://static.acb.com/img/1c/1a/3d/27940034120.png",91,2026,103,105681,NA,NA,NA,NA,NA,NA,NA,NA,NA,NA,NA,NA,NA,NA,NA,NA,108701,123,"Final Partido","End of the Game",NA,FALSE,4,0,0,00:00:00,96,84,0,0,72061,NA,NA,NA,NA,NA,NA,NA,NA,NA,NA,NA,NA,NA,NA,NA
